Date,Open,High,Low,Close,Volume,Dividends,Stock Splits,Capital Gains
2012-06-22 00:00:00+08:00,23.92,23.92,23.92,23.92,0,0.0,0.0,0.0
2012-07-02 00:00:00+08:00,23.88,23.88,23.88,23.88,0,0.0,0.0,0.0
2012-07-03 00:00:00+08:00,24.01,24.01,24.01,24.01,0,0.0,0.0,0.0
2012-07-04 00:00:00+08:00,24.12,24.12,24.12,24.12,0,0.0,0.0,0.0
2012-07-05 00:00:00+08:00,24.05,24.05,24.05,24.05,0,0.0,0.0,0.0
2012-07-06 00:00:00+08:00,24.02,24.02,24.02,24.02,0,0.0,0.0,0.0
2012-07-09 00:00:00+08:00,23.83,23.83,23.83,23.83,0,0.0,0.0,0.0
2012-07-10 00:00:00+08:00,23.62,23.62,23.62,23.62,0,0.0,0.0,0.0
2012-07-12 00:00:00+08:00,23.14,23.14,23.14,23.14,0,0.0,0.0,0.0
2012-07-13 00:00:00+08:00,23.09,23.09,23.09,23.09,0,0.0,0.0,0.0
2012-07-17 00:00:00+08:00,23.16,23.35,23.03,23.23,2075000,0.0,0.0,0.0
2012-07-18 00:00:00+08:00,23.23,23.26,22.96,22.96,1783000,0.0,0.0,0.0
2012-07-19 00:00:00+08:00,23.04,23.52,23.04,23.47,1729000,0.0,0.0,0.0
2012-07-20 00:00:00+08:00,23.47,23.47,23.36,23.47,1478000,0.0,0.0,0.0
2012-07-23 00:00:00+08:00,23.15,23.15,22.89,23.01,1520000,0.0,0.0,0.0
2012-07-24 00:00:00+08:00,23.01,23.01,22.87,22.94,1534000,0.0,0.0,0.0
2012-07-25 00:00:00+08:00,22.66,23.03,22.65,22.83,1865000,0.0,0.0,0.0
2012-07-26 00:00:00+08:00,22.88,22.98,22.8,22.87,1520000,0.0,0.0,0.0
2012-07-27 00:00:00+08:00,23.17,23.43,23.12,23.43,1557000,0.0,0.0,0.0
2012-07-30 00:00:00+08:00,23.52,23.64,23.51,23.55,1549000,0.0,0.0,0.0
2012-07-31 00:00:00+08:00,23.63,23.88,23.51,23.87,1563000,0.0,0.0,0.0
2012-08-01 00:00:00+08:00,23.76,23.99,23.76,23.99,1552000,0.0,0.0,0.0
2012-08-02 00:00:00+08:00,23.99,23.99,23.99,23.99,0,0.0,0.0,0.0
2012-08-03 00:00:00+08:00,23.84,23.84,23.67,23.77,1224000,0.0,0.0,0.0
2012-08-06 00:00:00+08:00,23.92,24.29,23.92,24.07,2060000,0.0,0.0,0.0
2012-08-07 00:00:00+08:00,24.12,24.15,24.05,24.1,1121000,0.0,0.0,0.0
2012-08-08 00:00:00+08:00,24.3,24.34,24.18,24.26,1383000,0.0,0.0,0.0
2012-08-09 00:00:00+08:00,24.45,24.72,24.45,24.72,1538000,0.0,0.0,0.0
2012-08-10 00:00:00+08:00,24.72,24.79,24.67,24.73,1444000,0.0,0.0,0.0
2012-08-13 00:00:00+08:00,24.72,24.86,24.72,24.77,1568000,0.0,0.0,0.0
2012-08-14 00:00:00+08:00,24.77,25.03,24.77,24.92,1338000,0.0,0.0,0.0
2012-08-15 00:00:00+08:00,24.92,24.93,24.77,24.81,1234000,0.0,0.0,0.0
2012-08-16 00:00:00+08:00,24.85,25.01,24.77,24.89,1205000,0.0,0.0,0.0
2012-08-17 00:00:00+08:00,24.89,24.9,24.76,24.77,1450000,0.0,0.0,0.0
2012-08-20 00:00:00+08:00,24.77,24.79,24.59,24.73,1413000,0.0,0.0,0.0
2012-08-21 00:00:00+08:00,24.76,25.13,24.76,24.98,1456000,0.0,0.0,0.0
2012-08-22 00:00:00+08:00,24.85,24.98,24.78,24.94,1300000,0.0,0.0,0.0
2012-08-23 00:00:00+08:00,25.0,25.02,24.85,24.97,1234000,0.0,0.0,0.0
2012-08-24 00:00:00+08:00,24.88,24.88,24.78,24.88,1305000,0.0,0.0,0.0
2012-08-27 00:00:00+08:00,25.08,25.08,24.79,24.86,1303000,0.0,0.0,0.0
2012-08-28 00:00:00+08:00,24.8,24.8,24.49,24.58,1317000,0.0,0.0,0.0
2012-08-29 00:00:00+08:00,24.56,24.69,24.54,24.69,1305000,0.0,0.0,0.0
2012-08-30 00:00:00+08:00,24.5,24.64,24.5,24.62,1328000,0.0,0.0,0.0
2012-08-31 00:00:00+08:00,24.62,24.73,24.51,24.61,1333000,0.0,0.0,0.0
2012-09-03 00:00:00+08:00,24.61,24.91,24.61,24.85,1337000,0.0,0.0,0.0
2012-09-04 00:00:00+08:00,24.92,24.92,24.79,24.84,1338000,0.0,0.0,0.0
2012-09-05 00:00:00+08:00,24.84,24.84,24.42,24.48,1307000,0.0,0.0,0.0
2012-09-06 00:00:00+08:00,24.48,24.51,24.31,24.36,863000,0.0,0.0,0.0
2012-09-07 00:00:00+08:00,24.72,24.8,24.65,24.78,901000,0.0,0.0,0.0
2012-09-10 00:00:00+08:00,24.78,24.89,24.77,24.89,914000,0.0,0.0,0.0
2012-09-11 00:00:00+08:00,24.88,24.99,24.87,24.89,849000,0.0,0.0,0.0
2012-09-12 00:00:00+08:00,25.07,25.31,25.07,25.3,868000,0.0,0.0,0.0
2012-09-13 00:00:00+08:00,25.3,25.39,25.25,25.37,926000,0.0,0.0,0.0
2012-09-14 00:00:00+08:00,25.68,25.99,25.68,25.97,844000,0.0,0.0,0.0
2012-09-17 00:00:00+08:00,26.07,26.07,25.87,25.99,922000,0.0,0.0,0.0
2012-09-18 00:00:00+08:00,25.83,25.99,25.83,25.97,813000,0.0,0.0,0.0
2012-09-19 00:00:00+08:00,26.03,26.07,25.91,26.04,839000,0.0,0.0,0.0
2012-09-20 00:00:00+08:00,26.04,26.04,25.8,25.9,817000,0.0,0.0,0.0
2012-09-21 00:00:00+08:00,25.95,26.01,25.91,25.99,834000,0.0,0.0,0.0
2012-09-24 00:00:00+08:00,25.91,26.03,25.7,25.95,837000,0.0,0.0,0.0
2012-09-25 00:00:00+08:00,26.05,26.05,25.88,25.91,805000,0.0,0.0,0.0
2012-09-26 00:00:00+08:00,25.76,25.79,25.58,25.72,812000,0.0,0.0,0.0
2012-09-27 00:00:00+08:00,25.6,25.76,25.6,25.75,767000,0.0,0.0,0.0
2012-09-28 00:00:00+08:00,25.78,25.82,25.66,25.76,858000,0.0,0.0,0.0
2012-10-01 00:00:00+08:00,25.67,25.76,25.63,25.7,768000,0.0,0.0,0.0
2012-10-02 00:00:00+08:00,25.75,25.95,25.72,25.92,770000,0.0,0.0,0.0
2012-10-03 00:00:00+08:00,25.88,25.91,25.73,25.77,723000,0.0,0.0,0.0
2012-10-04 00:00:00+08:00,25.68,25.76,25.55,25.75,723000,0.0,0.0,0.0
2012-10-05 00:00:00+08:00,25.78,25.88,25.72,25.77,680000,0.0,0.0,0.0
2012-10-08 00:00:00+08:00,25.69,25.69,25.52,25.61,778000,0.0,0.0,0.0
2012-10-09 00:00:00+08:00,25.61,25.61,25.46,25.46,752000,0.0,0.0,0.0
2012-10-11 00:00:00+08:00,25.07,25.07,24.82,24.82,80000,0.0,0.0,0.0
2012-10-12 00:00:00+08:00,24.88,24.89,24.63,24.81,96000,0.0,0.0,0.0
2012-10-15 00:00:00+08:00,24.73,24.85,24.72,24.85,774000,0.0,0.0,0.0
2012-10-16 00:00:00+08:00,24.94,24.97,24.88,24.93,504000,0.0,0.0,0.0
2012-10-17 00:00:00+08:00,25.14,25.14,24.93,24.93,518000,0.0,0.0,0.0
2012-10-18 00:00:00+08:00,25.04,25.07,24.93,25.06,536000,0.0,0.0,0.0
2012-10-19 00:00:00+08:00,25.0,25.0,24.73,24.83,532000,0.0,0.0,0.0
2012-10-22 00:00:00+08:00,24.48,24.7,24.44,24.67,518000,0.0,0.0,0.0
2012-10-23 00:00:00+08:00,24.65,24.67,24.48,24.56,604000,0.0,0.0,0.0
2012-10-24 00:00:00+08:00,24.67,24.67,24.36,24.54,345000,0.0,0.0,0.0
2012-10-25 00:00:00+08:00,24.58,24.58,24.4,24.42,328000,0.0,0.0,0.0
2012-10-26 00:00:00+08:00,24.42,24.51,24.06,24.06,320000,0.0,0.0,0.0
2012-10-29 00:00:00+08:00,24.1,24.24,24.08,24.09,252000,0.0,0.0,0.0
2012-10-30 00:00:00+08:00,23.92,24.4,23.92,24.37,160000,0.0,0.0,0.0
2012-10-31 00:00:00+08:00,24.51,24.51,24.16,24.26,527000,0.0,0.0,0.0
2012-11-01 00:00:00+08:00,23.04,23.12,22.57,22.92,274000,0.0,0.0,0.0
2012-11-02 00:00:00+08:00,22.96,24.08,22.92,23.0,325000,0.0,0.0,0.0
2012-11-05 00:00:00+08:00,23.04,23.04,22.81,22.9,207000,0.0,0.0,0.0
2012-11-06 00:00:00+08:00,22.9,23.12,22.89,23.12,128000,0.0,0.0,0.0
2012-11-07 00:00:00+08:00,23.08,23.31,22.97,23.23,252000,0.0,0.0,0.0
2012-11-08 00:00:00+08:00,22.97,22.97,22.9,22.92,261000,0.0,0.0,0.0
2012-11-09 00:00:00+08:00,22.81,23.31,22.81,23.26,257000,0.0,0.0,0.0
2012-11-12 00:00:00+08:00,23.2,23.2,23.06,23.12,183000,0.0,0.0,0.0
2012-11-13 00:00:00+08:00,23.04,23.04,22.63,22.69,156000,0.0,0.0,0.0
2012-11-14 00:00:00+08:00,22.65,22.77,22.61,22.73,76000,0.0,0.0,0.0
2012-11-15 00:00:00+08:00,22.65,22.75,22.42,22.65,156000,0.0,0.0,0.0
2012-11-16 00:00:00+08:00,22.75,22.8,22.56,22.57,70000,0.0,0.0,0.0
2012-11-19 00:00:00+08:00,22.85,22.88,22.72,22.78,22000,0.0,0.0,0.0
2012-11-20 00:00:00+08:00,22.88,22.88,22.82,22.83,20000,0.0,0.0,0.0
2012-11-21 00:00:00+08:00,22.88,22.92,22.58,22.66,176000,0.0,0.0,0.0
2012-11-22 00:00:00+08:00,22.88,22.88,22.79,22.79,225000,0.0,0.0,0.0
2012-11-23 00:00:00+08:00,23.03,23.56,23.01,23.55,431000,0.0,0.0,0.0
2012-11-26 00:00:00+08:00,23.77,23.82,23.72,23.82,47000,0.0,0.0,0.0
2012-11-27 00:00:00+08:00,23.82,23.9,23.76,23.86,166000,0.0,0.0,0.0
2012-11-28 00:00:00+08:00,23.86,23.9,23.77,23.88,107000,0.0,0.0,0.0
2012-11-29 00:00:00+08:00,24.04,24.17,24.02,24.16,252000,0.0,0.0,0.0
2012-11-30 00:00:00+08:00,24.2,24.42,24.2,24.4,185000,0.0,0.0,0.0
2012-12-03 00:00:00+08:00,24.47,24.49,24.31,24.36,222000,0.0,0.0,0.0
2012-12-04 00:00:00+08:00,24.3,24.36,24.24,24.36,263000,0.0,0.0,0.0
2012-12-05 00:00:00+08:00,24.29,24.55,24.27,24.49,368000,0.0,0.0,0.0
2012-12-06 00:00:00+08:00,24.49,24.49,24.42,24.45,111000,0.0,0.0,0.0
2012-12-07 00:00:00+08:00,24.45,24.48,24.44,24.46,65000,0.0,0.0,0.0
2012-12-10 00:00:00+08:00,24.48,24.48,24.32,24.34,26000,0.0,0.0,0.0
2012-12-11 00:00:00+08:00,24.36,24.36,24.18,24.3,26000,0.0,0.0,0.0
2012-12-12 00:00:00+08:00,24.63,24.76,24.61,24.69,131000,0.0,0.0,0.0
2012-12-13 00:00:00+08:00,24.81,24.93,24.77,24.93,234000,0.0,0.0,0.0
2012-12-14 00:00:00+08:00,24.78,24.8,24.68,24.72,128000,0.0,0.0,0.0
2012-12-17 00:00:00+08:00,24.56,24.56,24.35,24.38,176000,0.0,0.0,0.0
2012-12-18 00:00:00+08:00,24.41,24.41,24.34,24.37,86000,0.0,0.0,0.0
2012-12-19 00:00:00+08:00,24.54,24.54,24.4,24.4,80000,0.0,0.0,0.0
2012-12-20 00:00:00+08:00,24.23,24.3,24.14,24.14,199000,0.0,0.0,0.0
2012-12-21 00:00:00+08:00,24.1,24.1,23.86,23.94,57000,0.0,0.0,0.0
2012-12-24 00:00:00+08:00,23.96,24.04,23.96,24.0,27000,0.0,0.0,0.0
2012-12-25 00:00:00+08:00,24.04,24.4,24.01,24.32,42000,0.0,0.0,0.0
2012-12-26 00:00:00+08:00,24.38,24.4,24.29,24.32,71000,0.0,0.0,0.0
2012-12-27 00:00:00+08:00,24.18,24.28,24.16,24.27,41000,0.0,0.0,0.0
2012-12-28 00:00:00+08:00,24.46,24.47,24.4,24.46,36000,0.0,0.0,0.0
2013-01-02 00:00:00+08:00,24.54,24.85,24.54,24.73,79000,0.0,0.0,0.0
2013-01-03 00:00:00+08:00,24.95,24.96,24.89,24.94,61000,0.0,0.0,0.0
2013-01-04 00:00:00+08:00,24.92,24.92,24.74,24.74,48000,0.0,0.0,0.0
2013-01-07 00:00:00+08:00,24.6,24.68,24.54,24.68,17000,0.0,0.0,0.0
2013-01-08 00:00:00+08:00,24.52,24.54,24.4,24.5,15000,0.0,0.0,0.0
2013-01-09 00:00:00+08:00,24.56,24.68,24.56,24.61,15000,0.0,0.0,0.0
2013-01-10 00:00:00+08:00,24.65,24.89,24.65,24.86,84000,0.0,0.0,0.0
2013-01-11 00:00:00+08:00,24.93,24.93,24.73,24.82,29000,0.0,0.0,0.0
2013-01-14 00:00:00+08:00,24.5,24.73,24.48,24.73,23000,0.0,0.0,0.0
2013-01-15 00:00:00+08:00,24.72,24.72,24.52,24.56,34000,0.0,0.0,0.0
2013-01-16 00:00:00+08:00,24.56,24.56,24.39,24.41,107000,0.0,0.0,0.0
2013-01-17 00:00:00+08:00,24.56,24.64,24.14,24.16,32000,0.0,0.0,0.0
2013-01-18 00:00:00+08:00,24.5,24.51,24.5,24.5,4000,0.0,0.0,0.0
2013-01-21 00:00:00+08:00,24.5,24.61,24.5,24.61,11000,0.0,0.0,0.0
2013-01-22 00:00:00+08:00,24.48,24.67,24.48,24.65,19000,0.0,0.0,0.0
2013-01-23 00:00:00+08:00,24.71,24.72,24.58,24.58,8000,0.0,0.0,0.0
2013-01-24 00:00:00+08:00,24.42,24.48,24.28,24.34,44000,0.0,0.0,0.0
2013-01-25 00:00:00+08:00,24.35,24.35,24.22,24.22,8000,0.0,0.0,0.0
2013-01-28 00:00:00+08:00,24.46,24.55,24.46,24.49,14000,0.0,0.0,0.0
2013-01-29 00:00:00+08:00,24.6,24.89,24.6,24.89,82000,0.0,0.0,0.0
2013-01-30 00:00:00+08:00,24.87,24.96,24.85,24.88,101000,0.0,0.0,0.0
2013-01-31 00:00:00+08:00,24.85,24.88,24.76,24.88,49000,0.0,0.0,0.0
2013-02-01 00:00:00+08:00,24.93,25.02,24.92,24.97,32000,0.0,0.0,0.0
2013-02-04 00:00:00+08:00,25.05,25.26,25.05,25.2,178000,0.0,0.0,0.0
2013-02-05 00:00:00+08:00,25.1,25.1,25.04,25.09,28000,0.0,0.0,0.0
2013-02-06 00:00:00+08:00,25.15,25.24,25.15,25.18,117000,0.0,0.0,0.0
2013-02-18 00:00:00+08:00,25.35,25.43,25.27,25.43,83000,0.0,0.0,0.0
2013-02-19 00:00:00+08:00,25.42,25.42,25.36,25.39,44000,0.0,0.0,0.0
2013-02-20 00:00:00+08:00,25.51,25.62,25.51,25.62,90000,0.0,0.0,0.0
2013-02-21 00:00:00+08:00,25.56,25.56,25.4,25.4,23000,0.0,0.0,0.0
2013-02-22 00:00:00+08:00,25.4,25.44,25.18,25.32,26000,0.0,0.0,0.0
2013-02-25 00:00:00+08:00,25.42,25.51,25.28,25.31,326000,0.0,0.0,0.0
2013-02-26 00:00:00+08:00,25.09,25.14,25.04,25.04,150000,0.0,0.0,0.0
2013-02-27 00:00:00+08:00,25.05,25.09,25.03,25.05,19000,0.0,0.0,0.0
2013-03-01 00:00:00+08:00,25.2,25.21,25.17,25.21,32000,0.0,0.0,0.0
2013-03-04 00:00:00+08:00,25.21,25.21,24.85,24.89,34000,0.0,0.0,0.0
2013-03-05 00:00:00+08:00,25.0,25.13,25.0,25.1,22000,0.0,0.0,0.0
2013-03-06 00:00:00+08:00,25.35,25.35,25.13,25.21,29000,0.0,0.0,0.0
2013-03-07 00:00:00+08:00,25.2,25.22,25.16,25.2,38000,0.0,0.0,0.0
2013-03-08 00:00:00+08:00,25.32,25.46,25.32,25.37,31000,0.0,0.0,0.0
2013-03-11 00:00:00+08:00,25.34,25.49,25.34,25.48,67000,0.0,0.0,0.0
2013-03-12 00:00:00+08:00,25.4,25.48,25.34,25.34,28000,0.0,0.0,0.0
2013-03-13 00:00:00+08:00,25.41,25.45,25.2,25.33,38000,0.0,0.0,0.0
2013-03-14 00:00:00+08:00,25.26,25.26,25.14,25.25,11000,0.0,0.0,0.0
2013-03-15 00:00:00+08:00,25.17,25.21,25.11,25.11,70000,0.0,0.0,0.0
2013-03-18 00:00:00+08:00,24.86,24.86,24.62,24.65,72000,0.0,0.0,0.0
2013-03-19 00:00:00+08:00,24.73,24.8,24.73,24.8,33000,0.0,0.0,0.0
2013-03-20 00:00:00+08:00,24.62,24.72,24.59,24.59,34000,0.0,0.0,0.0
2013-03-21 00:00:00+08:00,24.67,24.68,24.62,24.66,117000,0.0,0.0,0.0
2013-03-22 00:00:00+08:00,24.61,24.64,24.56,24.56,45000,0.0,0.0,0.0
2013-03-25 00:00:00+08:00,24.76,24.82,24.69,24.72,20000,0.0,0.0,0.0
2013-03-26 00:00:00+08:00,24.72,24.77,24.72,24.73,142000,0.0,0.0,0.0
2013-03-27 00:00:00+08:00,24.71,24.88,24.69,24.85,36000,0.0,0.0,0.0
2013-03-28 00:00:00+08:00,24.84,24.85,24.7,24.7,41000,0.0,0.0,0.0
2013-03-29 00:00:00+08:00,24.86,24.98,24.86,24.98,69000,0.0,0.0,0.0
2013-04-01 00:00:00+08:00,25.01,25.05,24.93,24.93,48000,0.0,0.0,0.0
2013-04-02 00:00:00+08:00,24.96,25.0,24.88,24.9,89000,0.0,0.0,0.0
2013-04-03 00:00:00+08:00,25.05,25.11,24.98,25.04,39000,0.0,0.0,0.0
2013-04-08 00:00:00+08:00,24.8,24.8,24.4,24.41,177000,0.0,0.0,0.0
2013-04-09 00:00:00+08:00,24.41,24.47,24.38,24.38,44000,0.0,0.0,0.0
2013-04-10 00:00:00+08:00,24.46,24.46,24.38,24.38,33000,0.0,0.0,0.0
2013-04-11 00:00:00+08:00,24.5,24.73,24.5,24.73,74000,0.0,0.0,0.0
2013-04-12 00:00:00+08:00,24.73,24.73,24.64,24.64,3000,0.0,0.0,0.0
2013-04-15 00:00:00+08:00,24.6,24.6,24.43,24.44,10000,0.0,0.0,0.0
2013-04-16 00:00:00+08:00,24.29,24.49,24.28,24.49,27000,0.0,0.0,0.0
2013-04-17 00:00:00+08:00,24.45,24.49,24.45,24.49,6000,0.0,0.0,0.0
2013-04-18 00:00:00+08:00,24.3,24.51,24.3,24.43,24000,0.0,0.0,0.0
2013-04-19 00:00:00+08:00,24.65,25.16,24.65,25.15,123000,0.0,0.0,0.0
2013-04-22 00:00:00+08:00,25.25,25.29,25.25,25.25,59000,0.0,0.0,0.0
2013-04-23 00:00:00+08:00,25.2,25.2,25.04,25.04,20000,0.0,0.0,0.0
2013-04-24 00:00:00+08:00,25.24,25.35,25.17,25.32,42000,0.0,0.0,0.0
2013-04-25 00:00:00+08:00,25.24,25.35,25.24,25.35,28000,0.0,0.0,0.0
2013-04-26 00:00:00+08:00,25.43,25.56,25.4,25.41,70000,0.0,0.0,0.0
2013-04-29 00:00:00+08:00,25.41,25.45,25.4,25.44,57000,0.0,0.0,0.0
2013-04-30 00:00:00+08:00,25.64,25.71,25.64,25.67,89000,0.0,0.0,0.0
2013-05-02 00:00:00+08:00,25.68,25.76,25.68,25.75,90000,0.0,0.0,0.0
2013-05-03 00:00:00+08:00,25.83,25.91,25.83,25.83,26000,0.0,0.0,0.0
2013-05-06 00:00:00+08:00,26.01,26.01,25.91,25.91,155000,0.0,0.0,0.0
2013-05-07 00:00:00+08:00,25.92,25.97,25.91,25.93,198000,0.0,0.0,0.0
2013-05-08 00:00:00+08:00,26.01,26.27,26.01,26.25,93000,0.0,0.0,0.0
2013-05-09 00:00:00+08:00,26.23,26.47,26.23,26.42,47000,0.0,0.0,0.0
2013-05-10 00:00:00+08:00,26.42,26.42,26.24,26.24,16000,0.0,0.0,0.0
2013-05-13 00:00:00+08:00,26.24,26.27,26.15,26.15,19000,0.0,0.0,0.0
2013-05-14 00:00:00+08:00,26.27,26.34,26.14,26.14,31000,0.0,0.0,0.0
2013-05-15 00:00:00+08:00,26.3,26.3,26.15,26.24,37000,0.0,0.0,0.0
2013-05-16 00:00:00+08:00,26.49,26.51,26.39,26.47,86000,0.0,0.0,0.0
2013-05-17 00:00:00+08:00,26.46,26.46,26.28,26.29,12000,0.0,0.0,0.0
2013-05-20 00:00:00+08:00,26.69,26.69,26.69,26.69,0,0.0,0.0,0.0
2013-05-21 00:00:00+08:00,26.29,26.33,26.19,26.19,29000,0.0,0.0,0.0
2013-05-22 00:00:00+08:00,26.33,26.35,26.19,26.2,38000,0.0,0.0,0.0
2013-05-23 00:00:00+08:00,26.23,26.23,25.66,25.74,51000,0.0,0.0,0.0
2013-05-24 00:00:00+08:00,25.77,25.77,25.4,25.4,83000,0.0,0.0,0.0
2013-05-27 00:00:00+08:00,27.17,27.17,25.52,25.52,12000,0.0,0.0,0.0
2013-05-28 00:00:00+08:00,25.6,25.6,25.6,25.6,1000,0.0,0.0,0.0
2013-05-29 00:00:00+08:00,25.67,26.11,25.67,26.11,17000,0.0,0.0,0.0
2013-05-30 00:00:00+08:00,26.09,26.09,25.89,25.89,4000,0.0,0.0,0.0
2013-05-31 00:00:00+08:00,25.91,25.91,25.91,25.91,1000,0.0,0.0,0.0
2013-06-03 00:00:00+08:00,25.63,25.7,25.63,25.7,6000,0.0,0.0,0.0
2013-06-04 00:00:00+08:00,25.64,25.64,25.64,25.64,4000,0.0,0.0,0.0
2013-06-05 00:00:00+08:00,25.68,25.68,25.68,25.68,1000,0.0,0.0,0.0
2013-06-06 00:00:00+08:00,25.36,25.4,25.28,25.36,12000,0.0,0.0,0.0
2013-06-07 00:00:00+08:00,25.47,25.48,25.36,25.48,9000,0.0,0.0,0.0
2013-06-10 00:00:00+08:00,25.6,25.64,25.6,25.64,3000,0.0,0.0,0.0
2013-06-11 00:00:00+08:00,25.64,25.76,25.52,25.52,10000,0.0,0.0,0.0
2013-06-13 00:00:00+08:00,24.72,25.16,24.72,25.01,21000,0.0,0.0,0.0
2013-06-14 00:00:00+08:00,25.05,25.05,24.96,24.96,7000,0.0,0.0,0.0
2013-06-17 00:00:00+08:00,24.98,24.98,24.98,24.98,4000,0.0,0.0,0.0
2013-06-18 00:00:00+08:00,25.02,25.19,25.0,25.19,11000,0.0,0.0,0.0
2013-06-19 00:00:00+08:00,25.18,25.18,25.18,25.18,2000,0.0,0.0,0.0
2013-06-20 00:00:00+08:00,24.92,24.99,24.8,24.84,45000,0.0,0.0,0.0
2013-06-21 00:00:00+08:00,24.32,24.44,24.32,24.4,23000,0.0,0.0,0.0
2013-06-24 00:00:00+08:00,24.34,24.4,24.3,24.38,25000,0.0,0.0,0.0
2013-06-25 00:00:00+08:00,24.34,24.46,24.26,24.34,18000,0.0,0.0,0.0
2013-06-26 00:00:00+08:00,25.95,25.95,24.48,24.48,2000,0.0,0.0,0.0
2013-06-27 00:00:00+08:00,24.64,24.64,24.64,24.64,1000,0.0,0.0,0.0
2013-06-28 00:00:00+08:00,24.88,24.95,24.85,24.95,39000,0.0,0.0,0.0
2013-07-01 00:00:00+08:00,25.17,25.32,25.17,25.32,13000,0.0,0.0,0.0
2013-07-02 00:00:00+08:00,25.32,25.32,25.28,25.28,3000,0.0,0.0,0.0
2013-07-03 00:00:00+08:00,25.18,25.18,25.0,25.0,17000,0.0,0.0,0.0
2013-07-04 00:00:00+08:00,25.02,25.02,24.96,24.96,15000,0.0,0.0,0.0
2013-07-05 00:00:00+08:00,25.22,25.32,25.22,25.32,26000,0.0,0.0,0.0
2013-07-08 00:00:00+08:00,25.05,25.05,24.89,24.92,9000,0.0,0.0,0.0
2013-07-09 00:00:00+08:00,25.2,25.2,25.2,25.2,5000,0.0,0.0,0.0
2013-07-10 00:00:00+08:00,25.34,25.36,25.22,25.36,22000,0.0,0.0,0.0
2013-07-11 00:00:00+08:00,25.75,25.87,25.72,25.85,34000,0.0,0.0,0.0
2013-07-12 00:00:00+08:00,25.91,25.97,25.89,25.89,16000,0.0,0.0,0.0
2013-07-15 00:00:00+08:00,25.89,26.22,25.89,26.06,9000,0.0,0.0,0.0
2013-07-16 00:00:00+08:00,25.99,26.03,25.99,26.03,21000,0.0,0.0,0.0
2013-07-17 00:00:00+08:00,26.11,26.2,25.97,26.12,9000,0.0,0.0,0.0
2013-07-18 00:00:00+08:00,25.92,25.92,25.92,25.92,7000,0.0,0.0,0.0
2013-07-19 00:00:00+08:00,25.61,25.61,25.28,25.45,37000,0.0,0.0,0.0
2013-07-22 00:00:00+08:00,26.31,26.31,25.45,25.52,18000,0.0,0.0,0.0
2013-07-23 00:00:00+08:00,25.78,25.8,25.78,25.8,2000,0.0,0.0,0.0
2013-07-24 00:00:00+08:00,25.91,25.94,25.91,25.94,8000,0.0,0.0,0.0
2013-07-25 00:00:00+08:00,25.85,25.85,25.85,25.85,3000,0.0,0.0,0.0
2013-07-26 00:00:00+08:00,25.87,25.93,25.87,25.93,5000,0.0,0.0,0.0
2013-07-29 00:00:00+08:00,25.82,25.82,25.65,25.65,4000,0.0,0.0,0.0
2013-07-31 00:00:00+08:00,25.81,25.81,25.81,25.81,2000,0.0,0.0,0.0
2013-08-01 00:00:00+08:00,25.67,25.8,25.67,25.76,3000,0.0,0.0,0.0
2013-08-02 00:00:00+08:00,25.76,26.05,25.76,25.87,5000,0.0,0.0,0.0
2013-08-05 00:00:00+08:00,25.88,25.88,25.87,25.87,3000,0.0,0.0,0.0
2013-08-06 00:00:00+08:00,25.61,25.61,25.52,25.52,3000,0.0,0.0,0.0
2013-08-07 00:00:00+08:00,25.4,25.4,25.32,25.32,16000,0.0,0.0,0.0
2013-08-08 00:00:00+08:00,25.64,25.64,25.2,25.24,9000,0.0,0.0,0.0
2013-08-09 00:00:00+08:00,25.11,25.12,25.05,25.11,22000,0.0,0.0,0.0
2013-08-12 00:00:00+08:00,25.13,25.27,25.09,25.27,14000,0.0,0.0,0.0
2013-08-13 00:00:00+08:00,25.36,25.36,25.36,25.36,2000,0.0,0.0,0.0
2013-08-14 00:00:00+08:00,25.36,25.36,25.3,25.3,5000,0.0,0.0,0.0
2013-08-15 00:00:00+08:00,25.13,25.13,25.13,25.13,1000,0.0,0.0,0.0
2013-08-16 00:00:00+08:00,25.12,25.12,25.12,25.12,1000,0.0,0.0,0.0
2013-08-19 00:00:00+08:00,25.27,25.27,25.27,25.27,1000,0.0,0.0,0.0
2013-08-20 00:00:00+08:00,25.24,25.27,25.1,25.1,17000,0.0,0.0,0.0
2013-08-22 00:00:00+08:00,25.1,25.1,24.77,24.77,12000,0.0,0.0,0.0
2013-08-23 00:00:00+08:00,24.83,25.12,24.83,25.0,10000,0.0,0.0,0.0
2013-08-26 00:00:00+08:00,25.02,25.02,25.02,25.02,16000,0.0,0.0,0.0
2013-08-27 00:00:00+08:00,25.01,25.01,24.96,24.96,10000,0.0,0.0,0.0
2013-08-28 00:00:00+08:00,24.86,24.87,24.79,24.83,5000,0.0,0.0,0.0
2013-08-29 00:00:00+08:00,25.05,25.13,25.04,25.13,9000,0.0,0.0,0.0
2013-08-30 00:00:00+08:00,25.29,25.36,25.29,25.36,2000,0.0,0.0,0.0
2013-09-02 00:00:00+08:00,25.39,25.57,25.39,25.57,5000,0.0,0.0,0.0
2013-09-03 00:00:00+08:00,25.76,25.76,25.68,25.72,8000,0.0,0.0,0.0
2013-09-04 00:00:00+08:00,25.74,25.74,25.6,25.6,16000,0.0,0.0,0.0
2013-09-05 00:00:00+08:00,25.65,25.76,25.65,25.76,4000,0.0,0.0,0.0
2013-09-06 00:00:00+08:00,25.83,25.83,25.8,25.8,9000,0.0,0.0,0.0
2013-09-09 00:00:00+08:00,25.83,25.9,25.8,25.87,10000,0.0,0.0,0.0
2013-09-10 00:00:00+08:00,26.12,26.12,25.91,25.91,21000,0.0,0.0,0.0
2013-09-11 00:00:00+08:00,25.86,25.99,25.86,25.99,11000,0.0,0.0,0.0
2013-09-12 00:00:00+08:00,26.04,26.04,25.95,25.95,22000,0.0,0.0,0.0
2013-09-13 00:00:00+08:00,26.05,26.05,26.05,26.05,0,0.0,0.0,0.0
2013-09-16 00:00:00+08:00,26.0,26.09,26.0,26.09,17000,0.0,0.0,0.0
2013-09-17 00:00:00+08:00,25.52,25.52,25.52,25.52,1000,0.0,0.0,0.0
2013-09-18 00:00:00+08:00,25.66,26.06,25.66,25.97,7000,0.0,0.0,0.0
2013-09-23 00:00:00+08:00,26.06,26.06,26.06,26.06,40000,0.0,0.0,0.0
2013-09-24 00:00:00+08:00,26.09,26.09,26.09,26.09,1000,0.0,0.0,0.0
2013-09-25 00:00:00+08:00,26.11,26.13,26.11,26.12,6000,0.0,0.0,0.0
2013-09-26 00:00:00+08:00,26.06,26.06,25.92,25.92,14000,0.0,0.0,0.0
2013-09-27 00:00:00+08:00,26.01,26.07,25.95,26.07,10000,0.0,0.0,0.0
2013-09-30 00:00:00+08:00,25.8,25.91,25.8,25.91,20000,0.0,0.0,0.0
2013-10-01 00:00:00+08:00,25.91,25.91,25.91,25.91,3000,0.0,0.0,0.0
2013-10-03 00:00:00+08:00,26.23,26.23,25.92,26.23,9000,0.0,0.0,0.0
2013-10-04 00:00:00+08:00,26.37,26.38,26.32,26.32,34000,0.0,0.0,0.0
2013-10-07 00:00:00+08:00,26.23,26.23,26.19,26.23,28000,0.0,0.0,0.0
2013-10-08 00:00:00+08:00,26.31,26.31,26.3,26.31,27000,0.0,0.0,0.0
2013-10-09 00:00:00+08:00,26.27,26.34,26.27,26.3,8000,0.0,0.0,0.0
2013-10-11 00:00:00+08:00,26.39,26.39,26.2,26.2,102000,0.0,0.0,0.0
2013-10-14 00:00:00+08:00,26.19,26.19,25.8,25.8,67000,0.0,0.0,0.0
2013-10-15 00:00:00+08:00,25.99,26.08,25.6,26.08,101000,0.0,0.0,0.0
2013-10-16 00:00:00+08:00,26.1,26.1,26.1,26.1,4000,0.0,0.0,0.0
2013-10-17 00:00:00+08:00,26.24,26.24,26.24,26.24,13000,0.0,0.0,0.0
2013-10-18 00:00:00+08:00,26.31,26.31,26.31,26.31,4000,0.0,0.0,0.0
2013-10-21 00:00:00+08:00,26.47,26.47,26.39,26.39,2000,0.0,0.0,0.0
2013-10-22 00:00:00+08:00,26.34,26.34,26.26,26.31,10000,0.0,0.0,0.0
2013-10-23 00:00:00+08:00,26.31,26.43,26.29,26.31,6000,0.0,0.0,0.0
2013-10-24 00:00:00+08:00,26.33,26.35,26.27,26.32,93000,0.0,0.0,0.0
2013-10-25 00:00:00+08:00,26.14,26.14,26.06,26.06,8000,0.0,0.0,0.0
2013-10-28 00:00:00+08:00,26.28,26.43,26.22,26.22,51000,0.0,0.0,0.0
2013-10-29 00:00:00+08:00,26.22,26.31,26.22,26.27,16000,0.0,0.0,0.0
2013-10-30 00:00:00+08:00,26.33,26.33,26.25,26.28,13000,0.0,0.0,0.0
2013-10-31 00:00:00+08:00,25.86,26.15,25.86,26.08,16000,0.0,0.0,0.0
2013-11-01 00:00:00+08:00,25.91,26.13,25.91,26.09,19000,0.0,0.0,0.0
2013-11-04 00:00:00+08:00,25.89,25.89,25.89,25.89,1000,0.0,0.0,0.0
2013-11-05 00:00:00+08:00,25.8,25.8,25.76,25.76,3000,0.0,0.0,0.0
2013-11-06 00:00:00+08:00,26.19,26.19,26.19,26.19,2000,0.63,0.0,0.0
2013-11-07 00:00:00+08:00,26.18,26.18,26.1,26.1,2000,0.0,0.0,0.0
2013-11-08 00:00:00+08:00,26.06,26.06,25.94,25.94,15000,0.0,0.0,0.0
2013-11-11 00:00:00+08:00,25.86,25.86,25.78,25.78,10000,0.0,0.0,0.0
2013-11-12 00:00:00+08:00,25.9,25.9,25.7,25.7,4000,0.0,0.0,0.0
2013-11-13 00:00:00+08:00,25.66,25.66,25.6,25.62,4000,0.0,0.0,0.0
2013-11-14 00:00:00+08:00,25.65,25.66,25.62,25.62,8000,0.0,0.0,0.0
2013-11-15 00:00:00+08:00,25.94,25.94,25.75,25.75,2000,0.0,0.0,0.0
2013-11-18 00:00:00+08:00,25.93,25.93,25.84,25.84,8000,0.0,0.0,0.0
2013-11-19 00:00:00+08:00,26.02,26.21,25.95,26.21,13000,0.0,0.0,0.0
2013-11-20 00:00:00+08:00,26.1,26.1,26.1,26.1,5000,0.0,0.0,0.0
2013-11-21 00:00:00+08:00,25.77,25.77,25.62,25.62,5000,0.0,0.0,0.0
2013-11-22 00:00:00+08:00,25.63,25.64,25.63,25.64,2000,0.0,0.0,0.0
2013-11-25 00:00:00+08:00,25.92,25.92,25.92,25.92,1000,0.0,0.0,0.0
2013-11-26 00:00:00+08:00,25.92,26.1,25.92,26.01,12000,0.0,0.0,0.0
2013-11-27 00:00:00+08:00,26.14,26.23,26.14,26.16,8000,0.0,0.0,0.0
2013-11-28 00:00:00+08:00,26.27,26.27,26.26,26.27,3000,0.0,0.0,0.0
2013-11-29 00:00:00+08:00,26.25,26.35,26.24,26.24,34000,0.0,0.0,0.0
2013-12-02 00:00:00+08:00,26.27,26.34,26.19,26.19,9000,0.0,0.0,0.0
2013-12-03 00:00:00+08:00,26.19,26.19,26.19,26.19,4000,0.0,0.0,0.0
2013-12-04 00:00:00+08:00,26.1,26.24,26.1,26.24,11000,0.0,0.0,0.0
2013-12-05 00:00:00+08:00,26.15,26.15,26.11,26.11,2000,0.0,0.0,0.0
2013-12-06 00:00:00+08:00,26.15,26.19,26.15,26.19,6000,0.0,0.0,0.0
2013-12-09 00:00:00+08:00,26.39,26.39,26.35,26.35,8000,0.0,0.0,0.0
2013-12-10 00:00:00+08:00,26.35,26.44,26.35,26.44,3000,0.0,0.0,0.0
2013-12-11 00:00:00+08:00,26.47,26.51,26.47,26.47,3000,0.0,0.0,0.0
2013-12-12 00:00:00+08:00,26.29,26.29,26.16,26.16,4000,0.0,0.0,0.0
2013-12-13 00:00:00+08:00,26.72,26.72,26.72,26.72,0,0.0,0.0,0.0
2013-12-16 00:00:00+08:00,26.14,26.14,26.02,26.07,58000,0.0,0.0,0.0
2013-12-17 00:00:00+08:00,26.27,26.29,26.27,26.29,7000,0.0,0.0,0.0
2013-12-18 00:00:00+08:00,26.11,26.11,26.11,26.11,2000,0.0,0.0,0.0
2013-12-19 00:00:00+08:00,26.11,26.26,26.11,26.26,5000,0.0,0.0,0.0
2013-12-20 00:00:00+08:00,26.26,26.35,26.26,26.35,18000,0.0,0.0,0.0
2013-12-23 00:00:00+08:00,26.43,26.44,26.43,26.44,3000,0.0,0.0,0.0
2013-12-24 00:00:00+08:00,26.46,26.48,26.43,26.44,9000,0.0,0.0,0.0
2013-12-25 00:00:00+08:00,26.47,26.51,26.43,26.43,3000,0.0,0.0,0.0
2013-12-26 00:00:00+08:00,26.51,26.51,26.43,26.43,2000,0.0,0.0,0.0
2013-12-27 00:00:00+08:00,26.51,26.61,26.51,26.6,15000,0.0,0.0,0.0
2013-12-30 00:00:00+08:00,26.72,26.87,26.72,26.87,43000,0.0,0.0,0.0
2013-12-31 00:00:00+08:00,26.84,26.84,26.84,26.84,1000,0.0,0.0,0.0
2014-01-02 00:00:00+08:00,26.75,26.75,26.75,26.75,28000,0.0,0.0,0.0
2014-01-03 00:00:00+08:00,26.59,26.59,26.59,26.59,1000,0.0,0.0,0.0
2014-01-06 00:00:00+08:00,26.32,26.32,26.32,26.32,1000,0.0,0.0,0.0
2014-01-07 00:00:00+08:00,26.38,26.38,26.38,26.38,3000,0.0,0.0,0.0
2014-01-08 00:00:00+08:00,26.43,26.45,26.43,26.45,2000,0.0,0.0,0.0
2014-01-09 00:00:00+08:00,26.41,26.52,26.41,26.47,4000,0.0,0.0,0.0
2014-01-10 00:00:00+08:00,26.49,26.51,26.49,26.5,4000,0.0,0.0,0.0
2014-01-13 00:00:00+08:00,26.67,26.7,26.54,26.54,46000,0.0,0.0,0.0
2014-01-14 00:00:00+08:00,26.46,26.49,26.23,26.25,98000,0.0,0.0,0.0
2014-01-15 00:00:00+08:00,26.64,26.82,26.64,26.75,9000,0.0,0.0,0.0
2014-01-16 00:00:00+08:00,26.97,27.0,26.93,26.93,14000,0.0,0.0,0.0
2014-01-17 00:00:00+08:00,26.93,26.93,26.93,26.93,1000,0.0,0.0,0.0
2014-01-20 00:00:00+08:00,26.91,26.96,26.91,26.96,4000,0.0,0.0,0.0
2014-01-21 00:00:00+08:00,26.97,26.97,26.84,26.84,3000,0.0,0.0,0.0
2014-01-22 00:00:00+08:00,26.93,26.93,26.8,26.85,3000,0.0,0.0,0.0
2014-01-23 00:00:00+08:00,26.9,26.93,26.84,26.84,5000,0.0,0.0,0.0
2014-01-24 00:00:00+08:00,26.81,26.81,26.81,26.81,3000,0.0,0.0,0.0
2014-01-27 00:00:00+08:00,26.43,26.43,26.43,26.43,2000,0.0,0.0,0.0
2014-02-05 00:00:00+08:00,25.58,25.78,25.58,25.67,71000,0.0,0.0,0.0
2014-02-06 00:00:00+08:00,25.82,25.82,25.82,25.82,1000,0.0,0.0,0.0
2014-02-07 00:00:00+08:00,26.02,26.09,26.02,26.09,6000,0.0,0.0,0.0
2014-02-10 00:00:00+08:00,26.18,26.19,26.18,26.19,3000,0.0,0.0,0.0
2014-02-11 00:00:00+08:00,26.19,26.19,26.19,26.19,8000,0.0,0.0,0.0
2014-02-12 00:00:00+08:00,26.43,26.44,26.4,26.41,5000,0.0,0.0,0.0
2014-02-13 00:00:00+08:00,26.42,26.42,26.42,26.42,30000,0.0,0.0,0.0
2014-02-14 00:00:00+08:00,26.57,26.75,26.57,26.75,15000,0.0,0.0,0.0
2014-02-17 00:00:00+08:00,26.75,26.75,26.75,26.75,1000,0.0,0.0,0.0
2014-02-18 00:00:00+08:00,27.18,27.18,27.18,27.18,0,0.0,0.0,0.0
2014-02-19 00:00:00+08:00,27.23,27.23,27.23,27.23,0,0.0,0.0,0.0
2014-02-20 00:00:00+08:00,26.67,26.67,26.67,26.67,2000,0.0,0.0,0.0
2014-02-21 00:00:00+08:00,26.91,27.14,26.91,27.06,68000,0.0,0.0,0.0
2014-02-24 00:00:00+08:00,27.06,27.06,27.0,27.0,7000,0.0,0.0,0.0
2014-02-25 00:00:00+08:00,26.97,26.97,26.97,26.97,1000,0.0,0.0,0.0
2014-02-26 00:00:00+08:00,26.94,27.14,26.94,27.14,6000,0.0,0.0,0.0
2014-02-27 00:00:00+08:00,27.12,27.14,27.12,27.14,2000,0.0,0.0,0.0
2014-03-03 00:00:00+08:00,27.1,27.1,27.1,27.1,0,0.0,0.0,0.0
2014-03-04 00:00:00+08:00,26.27,26.84,26.27,26.84,4000,0.0,0.0,0.0
2014-03-05 00:00:00+08:00,27.08,27.12,27.08,27.08,11000,0.0,0.0,0.0
2014-03-06 00:00:00+08:00,27.26,27.41,27.26,27.41,11000,0.0,0.0,0.0
2014-03-07 00:00:00+08:00,27.62,27.73,27.18,27.54,147000,0.0,0.0,0.0
2014-03-10 00:00:00+08:00,27.53,27.53,27.01,27.29,89000,0.0,0.0,0.0
2014-03-11 00:00:00+08:00,27.41,27.43,27.41,27.43,5000,0.0,0.0,0.0
2014-03-12 00:00:00+08:00,27.41,27.41,27.24,27.24,2000,0.0,0.0,0.0
2014-03-13 00:00:00+08:00,27.58,27.65,27.58,27.65,16000,0.0,0.0,0.0
2014-03-14 00:00:00+08:00,27.67,27.67,27.67,27.67,0,0.0,0.0,0.0
2014-03-17 00:00:00+08:00,27.54,27.54,27.33,27.33,8000,0.0,0.0,0.0
2014-03-18 00:00:00+08:00,27.74,27.74,27.74,27.74,0,0.0,0.0,0.0
2014-03-19 00:00:00+08:00,27.48,27.48,27.45,27.45,6000,0.0,0.0,0.0
2014-03-20 00:00:00+08:00,27.39,27.39,27.39,27.39,1000,0.0,0.0,0.0
2014-03-21 00:00:00+08:00,26.85,26.85,26.85,26.85,1000,0.0,0.0,0.0
2014-03-24 00:00:00+08:00,27.07,27.07,27.07,27.07,45000,0.0,0.0,0.0
2014-03-25 00:00:00+08:00,27.36,27.37,27.32,27.37,61000,0.0,0.0,0.0
2014-03-26 00:00:00+08:00,27.54,27.58,27.54,27.58,3000,0.0,0.0,0.0
2014-03-27 00:00:00+08:00,27.64,27.7,27.64,27.7,92000,0.0,0.0,0.0
2014-03-28 00:00:00+08:00,27.69,27.72,27.69,27.69,17000,0.0,0.0,0.0
2014-03-31 00:00:00+08:00,27.77,27.93,27.73,27.93,322000,0.0,0.0,0.0
2014-04-01 00:00:00+08:00,27.93,27.97,27.93,27.97,46000,0.0,0.0,0.0
2014-04-02 00:00:00+08:00,28.17,28.22,28.06,28.06,14000,0.0,0.0,0.0
2014-04-03 00:00:00+08:00,28.06,28.06,28.01,28.02,3000,0.0,0.0,0.0
2014-04-07 00:00:00+08:00,27.86,27.91,27.86,27.91,45000,0.0,0.0,0.0
2014-04-08 00:00:00+08:00,28.06,28.08,28.06,28.08,10000,0.0,0.0,0.0
2014-04-09 00:00:00+08:00,28.22,28.22,28.22,28.22,1000,0.0,0.0,0.0
2014-04-10 00:00:00+08:00,28.34,28.34,28.21,28.21,58000,0.0,0.0,0.0
2014-04-11 00:00:00+08:00,28.06,28.18,28.06,28.18,6000,0.0,0.0,0.0
2014-04-14 00:00:00+08:00,28.19,28.19,28.14,28.19,8000,0.0,0.0,0.0
2014-04-15 00:00:00+08:00,28.32,28.33,28.28,28.28,70000,0.0,0.0,0.0
2014-04-16 00:00:00+08:00,28.22,28.29,28.22,28.29,3000,0.0,0.0,0.0
2014-04-17 00:00:00+08:00,28.23,28.26,28.23,28.26,90000,0.0,0.0,0.0
2014-04-18 00:00:00+08:00,28.33,28.39,28.33,28.39,6000,0.0,0.0,0.0
2014-04-21 00:00:00+08:00,28.35,28.41,28.35,28.41,7000,0.0,0.0,0.0
2014-04-22 00:00:00+08:00,28.47,28.48,28.45,28.47,40000,0.0,0.0,0.0
2014-04-23 00:00:00+08:00,28.48,28.5,28.46,28.48,9000,0.0,0.0,0.0
2014-04-24 00:00:00+08:00,28.4,28.4,28.4,28.4,2000,0.0,0.0,0.0
2014-04-25 00:00:00+08:00,28.34,28.34,27.89,28.02,82000,0.0,0.0,0.0
2014-04-28 00:00:00+08:00,28.3,28.3,27.81,27.81,2000,0.0,0.0,0.0
2014-04-29 00:00:00+08:00,28.67,28.67,28.67,28.67,0,0.0,0.0,0.0
2014-04-30 00:00:00+08:00,28.27,28.27,28.27,28.27,2000,0.0,0.0,0.0
2014-05-02 00:00:00+08:00,28.27,28.27,28.22,28.22,2000,0.0,0.0,0.0
2014-05-05 00:00:00+08:00,28.6,28.6,28.6,28.6,0,0.0,0.0,0.0
2014-05-06 00:00:00+08:00,28.22,28.38,28.22,28.31,52000,0.0,0.0,0.0
2014-05-07 00:00:00+08:00,28.28,28.28,28.26,28.26,2000,0.0,0.0,0.0
2014-05-08 00:00:00+08:00,28.22,28.36,28.22,28.36,55000,0.0,0.0,0.0
2014-05-09 00:00:00+08:00,28.28,28.28,28.28,28.28,50000,0.0,0.0,0.0
2014-05-12 00:00:00+08:00,28.03,28.03,28.03,28.03,20000,0.0,0.0,0.0
2014-05-13 00:00:00+08:00,28.58,28.58,28.58,28.58,0,0.0,0.0,0.0
2014-05-14 00:00:00+08:00,28.28,28.28,28.28,28.28,26000,0.0,0.0,0.0
2014-05-15 00:00:00+08:00,28.32,28.32,28.3,28.3,2000,0.0,0.0,0.0
2014-05-16 00:00:00+08:00,28.38,28.43,28.38,28.43,7000,0.0,0.0,0.0
2014-05-19 00:00:00+08:00,28.49,28.49,28.49,28.49,5000,0.0,0.0,0.0
2014-05-20 00:00:00+08:00,28.5,28.53,28.5,28.53,26000,0.0,0.0,0.0
2014-05-21 00:00:00+08:00,28.44,28.44,28.43,28.43,5000,0.0,0.0,0.0
2014-05-22 00:00:00+08:00,28.48,28.71,28.48,28.71,133000,0.0,0.0,0.0
2014-05-23 00:00:00+08:00,28.79,28.83,28.75,28.8,8000,0.0,0.0,0.0
2014-05-26 00:00:00+08:00,28.93,28.93,28.93,28.93,1000,0.0,0.0,0.0
2014-05-27 00:00:00+08:00,28.94,28.97,28.93,28.97,11000,0.0,0.0,0.0
2014-05-28 00:00:00+08:00,29.28,29.28,29.28,29.28,2000,0.0,0.0,0.0
2014-05-29 00:00:00+08:00,29.18,29.18,29.18,29.18,41000,0.0,0.0,0.0
2014-05-30 00:00:00+08:00,29.15,29.15,29.11,29.11,142000,0.0,0.0,0.0
2014-06-03 00:00:00+08:00,29.58,29.58,29.58,29.58,0,0.0,0.0,0.0
2014-06-04 00:00:00+08:00,29.14,29.23,29.14,29.23,3000,0.0,0.0,0.0
2014-06-05 00:00:00+08:00,29.63,29.63,29.63,29.63,0,0.0,0.0,0.0
2014-06-06 00:00:00+08:00,29.2,29.27,29.2,29.21,33000,0.0,0.0,0.0
2014-06-09 00:00:00+08:00,29.28,29.36,29.28,29.36,35000,0.0,0.0,0.0
2014-06-10 00:00:00+08:00,29.37,29.44,29.28,29.44,38000,0.0,0.0,0.0
2014-06-11 00:00:00+08:00,29.99,29.99,29.99,29.99,0,0.0,0.0,0.0
2014-06-12 00:00:00+08:00,29.82,29.82,29.82,29.82,0,0.0,0.0,0.0
2014-06-13 00:00:00+08:00,29.3,29.39,29.3,29.37,35000,0.0,0.0,0.0
2014-06-16 00:00:00+08:00,29.36,29.36,29.36,29.36,1000,0.0,0.0,0.0
2014-06-17 00:00:00+08:00,29.36,29.66,29.36,29.66,9000,0.0,0.0,0.0
2014-06-18 00:00:00+08:00,29.76,29.84,29.76,29.84,42000,0.0,0.0,0.0
2014-06-19 00:00:00+08:00,29.82,29.99,29.82,29.99,3000,0.0,0.0,0.0
2014-06-20 00:00:00+08:00,30.03,30.06,29.95,29.95,52000,0.0,0.0,0.0
2014-06-23 00:00:00+08:00,29.92,29.92,29.92,29.92,2000,0.0,0.0,0.0
2014-06-24 00:00:00+08:00,30.15,30.15,30.15,30.15,0,0.0,0.0,0.0
2014-06-25 00:00:00+08:00,29.93,29.93,29.93,29.93,20000,0.0,0.0,0.0
2014-06-26 00:00:00+08:00,30.01,30.1,30.01,30.1,5000,0.0,0.0,0.0
2014-06-27 00:00:00+08:00,30.15,30.15,30.15,30.15,1000,0.0,0.0,0.0
2014-06-30 00:00:00+08:00,30.41,30.45,30.41,30.45,2000,0.0,0.0,0.0
2014-07-01 00:00:00+08:00,30.45,30.77,30.45,30.77,47000,0.0,0.0,0.0
2014-07-02 00:00:00+08:00,30.94,31.27,30.94,31.06,215000,0.0,0.0,0.0
2014-07-03 00:00:00+08:00,31.05,31.31,31.05,31.31,183000,0.0,0.0,0.0
2014-07-04 00:00:00+08:00,31.31,31.31,31.23,31.27,4000,0.0,0.0,0.0
2014-07-07 00:00:00+08:00,31.27,31.28,31.11,31.11,4000,0.0,0.0,0.0
2014-07-08 00:00:00+08:00,31.18,31.35,31.18,31.31,6000,0.0,0.0,0.0
2014-07-09 00:00:00+08:00,31.54,31.54,31.54,31.54,0,0.0,0.0,0.0
2014-07-10 00:00:00+08:00,31.39,31.5,31.39,31.5,50000,0.0,0.0,0.0
2014-07-11 00:00:00+08:00,31.72,31.72,31.72,31.72,1000,0.0,0.0,0.0
2014-07-14 00:00:00+08:00,31.91,31.91,31.91,31.91,0,0.0,0.0,0.0
2014-07-15 00:00:00+08:00,31.85,31.85,31.83,31.83,41000,0.0,0.0,0.0
2014-07-16 00:00:00+08:00,31.85,31.85,31.61,31.61,14000,0.0,0.0,0.0
2014-07-17 00:00:00+08:00,31.55,31.55,31.28,31.28,2000,0.0,0.0,0.0
2014-07-18 00:00:00+08:00,30.94,31.15,30.94,31.15,5000,0.0,0.0,0.0
2014-07-21 00:00:00+08:00,31.31,31.54,31.31,31.54,2000,0.0,0.0,0.0
2014-07-22 00:00:00+08:00,31.76,31.76,31.76,31.76,0,0.0,0.0,0.0
2014-07-24 00:00:00+08:00,31.85,31.85,31.85,31.85,0,0.0,0.0,0.0
2014-07-25 00:00:00+08:00,31.53,31.53,31.53,31.53,3000,0.0,0.0,0.0
2014-07-28 00:00:00+08:00,30.83,30.83,30.83,30.83,1000,0.0,0.0,0.0
2014-07-29 00:00:00+08:00,31.4,31.4,31.4,31.4,0,0.0,0.0,0.0
2014-07-30 00:00:00+08:00,31.57,31.57,31.57,31.57,0,0.0,0.0,0.0
2014-07-31 00:00:00+08:00,30.72,30.72,30.72,30.72,1000,0.0,0.0,0.0
2014-08-01 00:00:00+08:00,30.72,30.72,30.57,30.57,3000,0.0,0.0,0.0
2014-08-04 00:00:00+08:00,31.11,31.11,31.11,31.11,0,0.0,0.0,0.0
2014-08-05 00:00:00+08:00,30.46,30.46,30.14,30.16,268000,0.0,0.0,0.0
2014-08-06 00:00:00+08:00,30.58,30.58,30.58,30.58,0,0.0,0.0,0.0
2014-08-07 00:00:00+08:00,30.64,30.64,30.64,30.64,0,0.0,0.0,0.0
2014-08-08 00:00:00+08:00,30.5,30.5,30.5,30.5,0,0.0,0.0,0.0
2014-08-11 00:00:00+08:00,30.45,30.53,30.45,30.53,2000,0.0,0.0,0.0
2014-08-12 00:00:00+08:00,30.5,30.54,30.5,30.5,10000,0.0,0.0,0.0
2014-08-13 00:00:00+08:00,30.62,30.62,30.62,30.62,2000,0.0,0.0,0.0
2014-08-14 00:00:00+08:00,31.3,31.3,31.3,31.3,0,0.0,0.0,0.0
2014-08-15 00:00:00+08:00,30.78,30.78,30.78,30.78,2000,0.0,0.0,0.0
2014-08-18 00:00:00+08:00,31.08,31.08,31.08,31.08,0,0.0,0.0,0.0
2014-08-19 00:00:00+08:00,31.15,31.19,31.15,31.19,7000,0.0,0.0,0.0
2014-08-20 00:00:00+08:00,31.72,31.72,31.72,31.72,0,0.0,0.0,0.0
2014-08-21 00:00:00+08:00,31.31,31.31,31.31,31.31,1000,0.0,0.0,0.0
2014-08-22 00:00:00+08:00,31.71,31.71,31.71,31.71,2000,0.0,0.0,0.0
2014-08-25 00:00:00+08:00,31.99,31.99,31.99,31.99,0,0.0,0.0,0.0
2014-08-26 00:00:00+08:00,31.8,31.8,31.8,31.8,5000,0.0,0.0,0.0
2014-08-27 00:00:00+08:00,31.89,32.15,31.89,32.02,27000,0.0,0.0,0.0
2014-08-28 00:00:00+08:00,32.03,32.03,32.03,32.03,1000,0.0,0.0,0.0
2014-08-29 00:00:00+08:00,31.94,31.94,31.89,31.89,22000,0.0,0.0,0.0
2014-09-01 00:00:00+08:00,32.08,32.25,32.08,32.25,8000,0.0,0.0,0.0
2014-09-02 00:00:00+08:00,31.96,32.2,31.9,31.9,203000,0.0,0.0,0.0
2014-09-03 00:00:00+08:00,32.1,32.1,32.1,32.1,50000,0.0,0.0,0.0
2014-09-04 00:00:00+08:00,32.26,32.26,32.26,32.26,0,0.0,0.0,0.0
2014-09-05 00:00:00+08:00,32.07,32.07,31.73,31.73,23000,0.0,0.0,0.0
2014-09-09 00:00:00+08:00,31.87,31.87,31.87,31.87,38000,0.0,0.0,0.0
2014-09-10 00:00:00+08:00,31.72,31.72,31.51,31.51,116000,0.0,0.0,0.0
2014-09-11 00:00:00+08:00,31.82,31.82,31.82,31.82,0,0.0,0.0,0.0
2014-09-12 00:00:00+08:00,31.35,31.35,31.35,31.35,1000,0.0,0.0,0.0
2014-09-15 00:00:00+08:00,31.12,31.12,31.12,31.12,2000,0.0,0.0,0.0
2014-09-16 00:00:00+08:00,31.16,31.16,31.16,31.16,0,0.0,0.0,0.0
2014-09-17 00:00:00+08:00,31.17,31.17,31.17,31.17,1000,0.0,0.0,0.0
2014-09-18 00:00:00+08:00,31.6,31.6,31.6,31.6,0,0.0,0.0,0.0
2014-09-19 00:00:00+08:00,31.28,31.28,31.28,31.28,4000,0.0,0.0,0.0
2014-09-22 00:00:00+08:00,30.85,30.85,30.62,30.62,3000,0.0,0.0,0.0
2014-09-23 00:00:00+08:00,30.62,30.62,30.62,30.62,1000,0.0,0.0,0.0
2014-09-24 00:00:00+08:00,30.63,30.63,30.63,30.63,1000,0.0,0.0,0.0
2014-09-25 00:00:00+08:00,30.79,30.79,30.54,30.54,3000,0.0,0.0,0.0
2014-09-26 00:00:00+08:00,30.15,30.24,30.1,30.24,6000,0.0,0.0,0.0
2014-09-29 00:00:00+08:00,30.11,30.11,30.11,30.11,1000,0.0,0.0,0.0
2014-09-30 00:00:00+08:00,29.93,30.15,29.93,30.15,57000,0.0,0.0,0.0
2014-10-01 00:00:00+08:00,30.54,30.54,30.54,30.54,0,0.0,0.0,0.0
2014-10-02 00:00:00+08:00,30.45,30.45,30.45,30.45,0,0.0,0.0,0.0
2014-10-03 00:00:00+08:00,30.31,30.61,30.31,30.61,3000,0.0,0.0,0.0
2014-10-06 00:00:00+08:00,30.76,30.76,30.76,30.76,1000,0.0,0.0,0.0
2014-10-07 00:00:00+08:00,30.6,30.6,30.53,30.53,2000,0.0,0.0,0.0
2014-10-08 00:00:00+08:00,30.43,30.43,30.43,30.43,1000,0.0,0.0,0.0
2014-10-09 00:00:00+08:00,30.43,30.5,30.43,30.5,51000,0.0,0.0,0.0
2014-10-13 00:00:00+08:00,30.35,30.35,29.68,29.68,12000,0.0,0.0,0.0
2014-10-14 00:00:00+08:00,30.08,30.08,30.08,30.08,0,0.0,0.0,0.0
2014-10-15 00:00:00+08:00,29.85,29.85,29.71,29.71,2000,0.0,0.0,0.0
2014-10-16 00:00:00+08:00,29.45,29.54,29.25,29.54,5000,0.0,0.0,0.0
2014-10-17 00:00:00+08:00,29.71,29.71,29.39,29.39,4000,0.0,0.0,0.0
2014-10-20 00:00:00+08:00,29.56,29.59,29.44,29.59,4000,0.0,0.0,0.0
2014-10-21 00:00:00+08:00,29.68,29.68,29.68,29.68,1000,0.0,0.0,0.0
2014-10-22 00:00:00+08:00,29.83,30.09,29.83,30.09,12000,0.0,0.0,0.0
2014-10-23 00:00:00+08:00,30.28,30.28,30.28,30.28,0,0.0,0.0,0.0
2014-10-24 00:00:00+08:00,29.93,30.05,29.84,29.84,13000,0.0,0.0,0.0
2014-10-27 00:00:00+08:00,29.99,30.01,29.99,30.01,4000,0.0,0.0,0.0
2014-10-28 00:00:00+08:00,30.15,30.5,30.11,30.42,53000,0.0,0.0,0.0
2014-10-29 00:00:00+08:00,31.51,31.59,31.47,31.59,6000,1.21,0.0,0.0
2014-10-30 00:00:00+08:00,30.65,30.65,30.53,30.53,8000,0.0,0.0,0.0
2014-10-31 00:00:00+08:00,30.53,30.69,30.53,30.69,3000,0.0,0.0,0.0
2014-11-03 00:00:00+08:00,30.93,31.08,30.93,31.08,2000,0.0,0.0,0.0
2014-11-04 00:00:00+08:00,31.11,31.11,31.08,31.08,2000,0.0,0.0,0.0
2014-11-05 00:00:00+08:00,30.93,30.93,30.82,30.82,4000,0.0,0.0,0.0
2014-11-06 00:00:00+08:00,30.87,30.87,30.87,30.87,3000,0.0,0.0,0.0
2014-11-07 00:00:00+08:00,30.72,30.72,30.68,30.68,3000,0.0,0.0,0.0
2014-11-10 00:00:00+08:00,30.9,31.35,30.9,31.35,36000,0.0,0.0,0.0
2014-11-11 00:00:00+08:00,31.5,31.5,31.5,31.5,0,0.0,0.0,0.0
2014-11-12 00:00:00+08:00,31.2,31.2,30.89,30.89,3000,0.0,0.0,0.0
2014-11-13 00:00:00+08:00,31.35,31.35,31.35,31.35,0,0.0,0.0,0.0
2014-11-14 00:00:00+08:00,31.05,31.05,31.05,31.05,1000,0.0,0.0,0.0
2014-11-17 00:00:00+08:00,30.89,30.89,30.89,30.89,1000,0.0,0.0,0.0
2014-11-18 00:00:00+08:00,30.73,30.73,30.73,30.73,1000,0.0,0.0,0.0
2014-11-19 00:00:00+08:00,30.91,31.21,30.91,31.21,32000,0.0,0.0,0.0
2014-11-20 00:00:00+08:00,31.37,31.47,31.37,31.47,3000,0.0,0.0,0.0
2014-11-21 00:00:00+08:00,31.52,31.63,31.47,31.47,4000,0.0,0.0,0.0
2014-11-24 00:00:00+08:00,31.83,31.83,31.83,31.83,1000,0.0,0.0,0.0
2014-11-25 00:00:00+08:00,31.94,31.94,31.71,31.81,14000,0.0,0.0,0.0
2014-11-26 00:00:00+08:00,31.66,31.66,31.66,31.66,1000,0.0,0.0,0.0
2014-11-27 00:00:00+08:00,31.92,32.02,31.92,32.02,3000,0.0,0.0,0.0
2014-11-28 00:00:00+08:00,31.94,31.94,31.94,31.94,1000,0.0,0.0,0.0
2014-12-01 00:00:00+08:00,31.79,31.79,31.79,31.79,1000,0.0,0.0,0.0
2014-12-02 00:00:00+08:00,31.63,31.63,31.33,31.33,8000,0.0,0.0,0.0
2014-12-03 00:00:00+08:00,31.47,31.63,31.47,31.63,9000,0.0,0.0,0.0
2014-12-04 00:00:00+08:00,32.09,32.09,32.09,32.09,0,0.0,0.0,0.0
2014-12-05 00:00:00+08:00,31.89,31.89,31.89,31.89,0,0.0,0.0,0.0
2014-12-08 00:00:00+08:00,31.76,31.76,31.64,31.64,4000,0.0,0.0,0.0
2014-12-09 00:00:00+08:00,31.49,31.49,31.49,31.49,1000,0.0,0.0,0.0
2014-12-10 00:00:00+08:00,31.34,31.49,31.03,31.03,11000,0.0,0.0,0.0
2014-12-12 00:00:00+08:00,31.04,31.04,30.99,30.99,7000,0.0,0.0,0.0
2014-12-15 00:00:00+08:00,30.84,30.84,30.51,30.55,7000,0.0,0.0,0.0
2014-12-16 00:00:00+08:00,30.7,30.7,30.55,30.55,2000,0.0,0.0,0.0
2014-12-17 00:00:00+08:00,30.38,30.38,30.0,30.0,4000,0.0,0.0,0.0
2014-12-18 00:00:00+08:00,30.15,30.29,30.15,30.29,5000,0.0,0.0,0.0
2014-12-19 00:00:00+08:00,30.5,30.8,30.5,30.8,3000,0.0,0.0,0.0
2014-12-22 00:00:00+08:00,30.95,31.16,30.95,31.16,6000,0.0,0.0,0.0
2014-12-23 00:00:00+08:00,31.12,31.12,31.12,31.12,1000,0.0,0.0,0.0
2014-12-24 00:00:00+08:00,31.23,31.36,31.23,31.36,11000,0.0,0.0,0.0
2014-12-25 00:00:00+08:00,31.56,31.56,31.56,31.56,0,0.0,0.0,0.0
2014-12-26 00:00:00+08:00,31.77,31.77,31.77,31.77,0,0.0,0.0,0.0
2014-12-29 00:00:00+08:00,31.67,31.85,31.67,31.85,6000,0.0,0.0,0.0
2014-12-30 00:00:00+08:00,31.95,31.95,31.95,31.95,0,0.0,0.0,0.0
2014-12-31 00:00:00+08:00,31.67,31.67,31.67,31.67,1000,0.0,0.0,0.0
2015-01-05 00:00:00+08:00,31.5,31.55,31.4,31.55,3000,0.0,0.0,0.0
2015-01-06 00:00:00+08:00,31.4,31.4,30.73,30.73,7000,0.0,0.0,0.0
2015-01-07 00:00:00+08:00,30.88,30.88,30.88,30.88,1000,0.0,0.0,0.0
2015-01-08 00:00:00+08:00,31.14,31.47,31.14,31.47,7000,0.0,0.0,0.0
2015-01-09 00:00:00+08:00,31.47,31.47,31.47,31.47,2000,0.0,0.0,0.0
2015-01-12 00:00:00+08:00,31.32,31.32,31.32,31.32,1000,0.0,0.0,0.0
2015-01-13 00:00:00+08:00,31.17,31.32,31.17,31.32,2000,0.0,0.0,0.0
2015-01-16 00:00:00+08:00,31.36,31.36,31.21,31.21,2000,0.0,0.0,0.0
2015-01-19 00:00:00+08:00,31.5,31.5,31.43,31.44,6000,0.0,0.0,0.0
2015-01-20 00:00:00+08:00,31.59,31.6,31.59,31.6,2000,0.0,0.0,0.0
2015-01-21 00:00:00+08:00,31.82,31.84,31.82,31.84,4000,0.0,0.0,0.0
2015-01-22 00:00:00+08:00,31.94,32.1,31.94,32.05,10000,0.0,0.0,0.0
2015-01-23 00:00:00+08:00,32.43,32.53,32.43,32.52,9000,0.0,0.0,0.0
2015-01-26 00:00:00+08:00,32.92,32.92,32.92,32.92,0,0.0,0.0,0.0
2015-01-27 00:00:00+08:00,32.81,32.81,32.69,32.69,3000,0.0,0.0,0.0
2015-01-28 00:00:00+08:00,32.69,32.78,32.69,32.77,6000,0.0,0.0,0.0
2015-01-29 00:00:00+08:00,32.61,32.61,32.61,32.61,1000,0.0,0.0,0.0
2015-01-30 00:00:00+08:00,32.45,32.45,32.45,32.45,1000,0.0,0.0,0.0
2015-02-02 00:00:00+08:00,32.29,32.29,32.29,32.29,1000,0.0,0.0,0.0
2015-02-03 00:00:00+08:00,32.46,32.46,32.46,32.46,1000,0.0,0.0,0.0
2015-02-04 00:00:00+08:00,32.8,32.8,32.8,32.8,1000,0.0,0.0,0.0
2015-02-05 00:00:00+08:00,32.88,32.88,32.88,32.88,1000,0.0,0.0,0.0
2015-02-06 00:00:00+08:00,32.61,32.61,32.61,32.61,10000,0.0,0.0,0.0
2015-02-09 00:00:00+08:00,32.68,32.68,32.68,32.68,0,0.0,0.0,0.0
2015-02-11 00:00:00+08:00,32.61,32.77,32.61,32.77,2000,0.0,0.0,0.0
2015-02-12 00:00:00+08:00,32.78,32.78,32.78,32.78,1000,0.0,0.0,0.0
2015-02-13 00:00:00+08:00,32.96,33.0,32.96,33.0,9000,0.0,0.0,0.0
2015-02-24 00:00:00+08:00,33.22,33.49,33.22,33.49,6000,0.0,0.0,0.0
2015-02-25 00:00:00+08:00,33.54,33.62,33.54,33.62,14000,0.0,0.0,0.0
2015-02-26 00:00:00+08:00,33.46,33.46,33.46,33.46,1000,0.0,0.0,0.0
2015-03-02 00:00:00+08:00,33.27,33.27,33.25,33.25,2000,0.0,0.0,0.0
2015-03-03 00:00:00+08:00,33.09,33.09,33.09,33.09,1000,0.0,0.0,0.0
2015-03-05 00:00:00+08:00,33.23,33.23,33.23,33.23,4000,0.0,0.0,0.0
2015-03-06 00:00:00+08:00,33.1,33.19,33.03,33.19,13000,0.0,0.0,0.0
2015-03-09 00:00:00+08:00,33.08,33.08,32.92,32.92,39000,0.0,0.0,0.0
2015-03-10 00:00:00+08:00,32.91,32.91,32.74,32.74,8000,0.0,0.0,0.0
2015-03-11 00:00:00+08:00,32.69,32.87,32.69,32.87,3000,0.0,0.0,0.0
2015-03-12 00:00:00+08:00,33.03,33.03,33.03,33.03,1000,0.0,0.0,0.0
2015-03-13 00:00:00+08:00,33.1,33.1,33.1,33.1,0,0.0,0.0,0.0
2015-03-16 00:00:00+08:00,33.01,33.01,32.77,32.77,3000,0.0,0.0,0.0
2015-03-17 00:00:00+08:00,32.95,32.95,32.95,32.95,1000,0.0,0.0,0.0
2015-03-18 00:00:00+08:00,33.12,33.12,33.12,33.12,1000,0.0,0.0,0.0
2015-03-19 00:00:00+08:00,33.49,33.67,33.49,33.62,4000,0.0,0.0,0.0
2015-03-20 00:00:00+08:00,33.83,33.83,33.83,33.83,0,0.0,0.0,0.0
2015-03-23 00:00:00+08:00,33.74,33.74,33.74,33.74,1000,0.0,0.0,0.0
2015-03-24 00:00:00+08:00,33.58,33.58,33.58,33.58,1000,0.0,0.0,0.0
2015-03-25 00:00:00+08:00,33.52,33.52,33.52,33.52,0,0.0,0.0,0.0
2015-03-26 00:00:00+08:00,33.0,33.0,33.0,33.0,1000,0.0,0.0,0.0
2015-03-27 00:00:00+08:00,33.0,33.0,32.74,32.74,4000,0.0,0.0,0.0
2015-03-30 00:00:00+08:00,32.81,32.81,32.81,32.81,0,0.0,0.0,0.0
2015-03-31 00:00:00+08:00,33.05,33.05,33.05,33.05,0,0.0,0.0,0.0
2015-04-01 00:00:00+08:00,32.59,32.61,32.43,32.61,4000,0.0,0.0,0.0
2015-04-02 00:00:00+08:00,32.77,33.05,32.77,33.05,31000,0.0,0.0,0.0
2015-04-07 00:00:00+08:00,33.24,33.24,33.24,33.24,0,0.0,0.0,0.0
2015-04-09 00:00:00+08:00,32.94,32.94,32.86,32.86,31000,0.0,0.0,0.0
2015-04-10 00:00:00+08:00,33.02,33.02,33.02,33.02,1000,0.0,0.0,0.0
2015-04-13 00:00:00+08:00,33.04,33.04,33.04,33.04,2000,0.0,0.0,0.0
2015-04-14 00:00:00+08:00,33.16,33.16,33.16,33.16,0,0.0,0.0,0.0
2015-04-15 00:00:00+08:00,32.98,32.98,32.66,32.66,43000,0.0,0.0,0.0
2015-04-16 00:00:00+08:00,32.95,33.1,32.95,33.05,12000,0.0,0.0,0.0
2015-04-17 00:00:00+08:00,33.02,33.02,32.97,32.97,2000,0.0,0.0,0.0
2015-04-21 00:00:00+08:00,32.78,32.79,32.78,32.79,6000,0.0,0.0,0.0
2015-04-22 00:00:00+08:00,32.95,33.12,32.95,33.12,2000,0.0,0.0,0.0
2015-04-23 00:00:00+08:00,33.28,33.89,33.28,33.89,11000,0.0,0.0,0.0
2015-04-24 00:00:00+08:00,34.61,34.63,34.46,34.46,7000,0.0,0.0,0.0
2015-04-27 00:00:00+08:00,34.76,34.89,34.72,34.72,3000,0.0,0.0,0.0
2015-04-28 00:00:00+08:00,34.72,34.72,34.72,34.72,2000,0.0,0.0,0.0
2015-04-29 00:00:00+08:00,34.55,34.55,34.21,34.21,3000,0.0,0.0,0.0
2015-04-30 00:00:00+08:00,34.05,34.05,34.0,34.0,4000,0.0,0.0,0.0
2015-05-04 00:00:00+08:00,34.08,34.08,34.08,34.08,0,0.0,0.0,0.0
2015-05-05 00:00:00+08:00,33.89,33.89,33.72,33.72,72000,0.0,0.0,0.0
2015-05-06 00:00:00+08:00,33.95,33.95,33.95,33.95,0,0.0,0.0,0.0
2015-05-07 00:00:00+08:00,33.55,33.55,33.45,33.45,2000,0.0,0.0,0.0
2015-05-08 00:00:00+08:00,33.33,33.33,33.33,33.33,1000,0.0,0.0,0.0
2015-05-11 00:00:00+08:00,33.54,33.54,33.38,33.38,55000,0.0,0.0,0.0
2015-05-12 00:00:00+08:00,33.31,33.31,33.31,33.31,10000,0.0,0.0,0.0
2015-05-13 00:00:00+08:00,33.52,33.52,33.52,33.52,1000,0.0,0.0,0.0
2015-05-14 00:00:00+08:00,33.45,33.45,33.36,33.36,42000,0.0,0.0,0.0
2015-05-15 00:00:00+08:00,33.2,33.2,33.2,33.2,38000,0.0,0.0,0.0
2015-05-18 00:00:00+08:00,33.63,33.63,33.63,33.63,0,0.0,0.0,0.0
2015-05-19 00:00:00+08:00,33.45,33.73,33.45,33.7,12000,0.0,0.0,0.0
2015-05-20 00:00:00+08:00,33.89,33.89,33.89,33.89,0,0.0,0.0,0.0
2015-05-21 00:00:00+08:00,33.21,33.21,33.21,33.21,2000,0.0,0.0,0.0
2015-05-22 00:00:00+08:00,33.39,33.64,33.39,33.64,22000,0.0,0.0,0.0
2015-05-25 00:00:00+08:00,33.47,33.63,33.47,33.47,54000,0.0,0.0,0.0
2015-05-26 00:00:00+08:00,33.7,33.7,33.54,33.54,2000,0.0,0.0,0.0
2015-05-27 00:00:00+08:00,33.7,33.7,33.7,33.7,1000,0.0,0.0,0.0
2015-05-28 00:00:00+08:00,33.87,33.98,33.87,33.98,2000,0.0,0.0,0.0
2015-05-29 00:00:00+08:00,33.81,33.85,33.73,33.75,50000,0.0,0.0,0.0
2015-06-01 00:00:00+08:00,33.58,33.58,33.42,33.42,109000,0.0,0.0,0.0
2015-06-02 00:00:00+08:00,33.56,33.56,33.56,33.56,0,0.0,0.0,0.0
2015-06-03 00:00:00+08:00,33.32,33.32,33.32,33.32,1000,0.0,0.0,0.0
2015-06-04 00:00:00+08:00,33.18,33.18,32.68,32.68,43000,0.0,0.0,0.0
2015-06-05 00:00:00+08:00,32.41,32.58,32.41,32.58,2000,0.0,0.0,0.0
2015-06-08 00:00:00+08:00,32.42,32.74,32.42,32.74,34000,0.0,0.0,0.0
2015-06-09 00:00:00+08:00,32.57,32.57,32.41,32.41,32000,0.0,0.0,0.0
2015-06-10 00:00:00+08:00,32.57,32.67,32.57,32.67,2000,0.0,0.0,0.0
2015-06-11 00:00:00+08:00,32.78,32.78,32.74,32.74,31000,0.0,0.0,0.0
2015-06-12 00:00:00+08:00,32.87,32.87,32.87,32.87,0,0.0,0.0,0.0
2015-06-16 00:00:00+08:00,32.47,32.47,32.28,32.28,140000,0.0,0.0,0.0
2015-06-17 00:00:00+08:00,32.44,32.44,32.44,32.44,1000,0.0,0.0,0.0
2015-06-18 00:00:00+08:00,32.52,32.52,32.52,32.52,0,0.0,0.0,0.0
2015-06-22 00:00:00+08:00,33.0,33.0,33.0,33.0,0,0.0,0.0,0.0
2015-06-23 00:00:00+08:00,32.95,33.13,32.95,33.13,3000,0.0,0.0,0.0
2015-06-24 00:00:00+08:00,33.02,33.02,32.88,32.88,17000,0.0,0.0,0.0
2015-06-25 00:00:00+08:00,33.04,33.27,32.79,33.16,211000,0.0,0.0,0.0
2015-06-26 00:00:00+08:00,33.28,33.28,33.28,33.28,1000,0.0,0.0,0.0
2015-06-29 00:00:00+08:00,33.12,33.22,31.91,32.58,85000,0.0,0.0,0.0
2015-06-30 00:00:00+08:00,32.43,32.63,32.43,32.63,15000,0.0,0.0,0.0
2015-07-01 00:00:00+08:00,33.77,33.77,32.82,33.21,24000,0.0,0.0,0.0
2015-07-02 00:00:00+08:00,33.21,33.21,33.21,33.21,4000,0.0,0.0,0.0
2015-07-03 00:00:00+08:00,32.78,36.14,32.78,33.24,91000,0.0,0.0,0.0
2015-07-06 00:00:00+08:00,33.08,33.08,33.07,33.07,4000,0.0,0.0,0.0
2015-07-07 00:00:00+08:00,33.07,33.07,33.07,33.07,3000,0.0,0.0,0.0
2015-07-08 00:00:00+08:00,32.9,32.9,32.05,32.19,55000,0.0,0.0,0.0
2015-07-09 00:00:00+08:00,32.17,33.54,30.88,31.82,107000,0.0,0.0,0.0
2015-07-13 00:00:00+08:00,33.2,34.03,32.02,32.37,31000,0.0,0.0,0.0
2015-07-14 00:00:00+08:00,35.53,35.53,32.5,32.5,21000,0.0,0.0,0.0
2015-07-16 00:00:00+08:00,34.69,34.69,32.59,32.59,22000,0.0,0.0,0.0
2015-07-17 00:00:00+08:00,32.59,34.84,32.59,32.74,27000,0.0,0.0,0.0
2015-07-20 00:00:00+08:00,32.9,35.28,32.45,32.45,26000,0.0,0.0,0.0
2015-07-21 00:00:00+08:00,34.37,34.37,32.44,32.44,26000,0.0,0.0,0.0
2015-07-22 00:00:00+08:00,35.28,35.28,32.38,32.43,33000,0.0,0.0,0.0
2015-07-23 00:00:00+08:00,32.28,32.28,31.81,31.81,9000,0.0,0.0,0.0
2015-07-24 00:00:00+08:00,33.61,33.61,31.66,31.66,7000,0.0,0.0,0.0
2015-07-27 00:00:00+08:00,31.51,32.43,31.05,31.05,36000,0.0,0.0,0.0
2015-07-28 00:00:00+08:00,31.19,32.18,31.11,31.11,36000,0.0,0.0,0.0
2015-07-29 00:00:00+08:00,31.13,31.13,31.1,31.1,13000,0.0,0.0,0.0
2015-07-30 00:00:00+08:00,33.47,33.47,31.33,31.52,33000,0.0,0.0,0.0
2015-07-31 00:00:00+08:00,31.73,31.73,31.73,31.73,1000,0.0,0.0,0.0
2015-08-03 00:00:00+08:00,31.37,32.4,30.98,31.03,23000,0.0,0.0,0.0
2015-08-04 00:00:00+08:00,30.89,31.94,30.68,30.97,22000,0.0,0.0,0.0
2015-08-05 00:00:00+08:00,31.12,31.16,31.12,31.16,2000,0.0,0.0,0.0
2015-08-06 00:00:00+08:00,30.31,31.06,30.31,30.85,8000,0.0,0.0,0.0
2015-08-07 00:00:00+08:00,30.9,30.9,30.9,30.9,0,0.0,0.0,0.0
2015-08-10 00:00:00+08:00,30.79,31.1,30.45,30.6,6000,0.0,0.0,0.0
2015-08-11 00:00:00+08:00,33.24,33.24,30.68,30.68,22000,0.0,0.0,0.0
2015-08-12 00:00:00+08:00,30.52,31.1,30.05,30.05,24000,0.0,0.0,0.0
2015-08-13 00:00:00+08:00,32.6,32.6,30.11,30.3,30000,0.0,0.0,0.0
2015-08-14 00:00:00+08:00,30.15,30.19,30.15,30.19,2000,0.0,0.0,0.0
2015-08-17 00:00:00+08:00,30.04,30.04,29.75,29.89,4000,0.0,0.0,0.0
2015-08-18 00:00:00+08:00,31.56,31.56,29.75,29.77,14000,0.0,0.0,0.0
2015-08-19 00:00:00+08:00,31.06,31.06,29.31,29.31,144000,0.0,0.0,0.0
2015-08-20 00:00:00+08:00,29.05,29.2,29.05,29.2,4000,0.0,0.0,0.0
2015-08-21 00:00:00+08:00,29.05,29.05,28.28,28.5,53000,0.0,0.0,0.0
2015-08-24 00:00:00+08:00,30.51,30.51,25.72,27.52,39000,0.0,0.0,0.0
2015-08-25 00:00:00+08:00,27.65,28.11,27.65,28.11,6000,0.0,0.0,0.0
2015-08-26 00:00:00+08:00,28.12,28.48,28.12,28.48,10000,0.0,0.0,0.0
2015-08-27 00:00:00+08:00,28.62,28.72,28.62,28.66,3000,0.0,0.0,0.0
2015-08-28 00:00:00+08:00,29.42,29.54,29.42,29.54,2000,0.0,0.0,0.0
2015-08-31 00:00:00+08:00,29.4,29.4,29.12,29.36,57000,0.0,0.0,0.0
2015-09-01 00:00:00+08:00,29.5,29.64,29.33,29.42,55000,0.0,0.0,0.0
2015-09-02 00:00:00+08:00,29.17,29.54,29.03,29.54,35000,0.0,0.0,0.0
2015-09-03 00:00:00+08:00,29.65,29.65,29.37,29.58,83000,0.0,0.0,0.0
2015-09-04 00:00:00+08:00,29.58,29.58,29.29,29.29,23000,0.0,0.0,0.0
2015-09-07 00:00:00+08:00,29.15,29.24,28.75,29.23,20000,0.0,0.0,0.0
2015-09-08 00:00:00+08:00,29.37,30.38,29.23,29.23,11000,0.0,0.0,0.0
2015-09-09 00:00:00+08:00,29.37,30.32,29.0,30.32,56000,0.0,0.0,0.0
2015-09-10 00:00:00+08:00,30.34,30.83,30.0,30.21,48000,0.0,0.0,0.0
2015-09-11 00:00:00+08:00,31.43,31.43,30.2,30.34,20000,0.0,0.0,0.0
2015-09-14 00:00:00+08:00,30.47,30.47,30.32,30.32,18000,0.0,0.0,0.0
2015-09-15 00:00:00+08:00,30.41,30.41,30.0,30.09,23000,0.0,0.0,0.0
2015-09-16 00:00:00+08:00,30.34,30.42,30.34,30.42,17000,0.0,0.0,0.0
2015-09-17 00:00:00+08:00,30.34,30.91,30.34,30.76,12000,0.0,0.0,0.0
2015-09-18 00:00:00+08:00,30.93,30.93,30.93,30.93,0,0.0,0.0,0.0
2015-09-21 00:00:00+08:00,30.63,30.63,30.24,30.24,18000,0.0,0.0,0.0
2015-09-22 00:00:00+08:00,30.32,30.41,30.32,30.36,13000,0.0,0.0,0.0
2015-09-23 00:00:00+08:00,30.21,30.21,29.77,29.77,15000,0.0,0.0,0.0
2015-09-24 00:00:00+08:00,29.92,29.92,29.52,29.52,22000,0.0,0.0,0.0
2015-09-25 00:00:00+08:00,29.52,29.52,29.37,29.5,17000,0.0,0.0,0.0
2015-09-30 00:00:00+08:00,29.42,29.58,29.42,29.58,23000,0.0,0.0,0.0
2015-10-01 00:00:00+08:00,29.67,30.1,29.67,30.08,9000,0.0,0.0,0.0
2015-10-02 00:00:00+08:00,30.22,30.22,30.22,30.22,1000,0.0,0.0,0.0
2015-10-05 00:00:00+08:00,30.26,30.26,30.26,30.26,10000,0.0,0.0,0.0
2015-10-06 00:00:00+08:00,30.47,30.62,30.47,30.62,2000,0.0,0.0,0.0
2015-10-07 00:00:00+08:00,30.22,30.72,30.22,30.72,26000,0.0,0.0,0.0
2015-10-08 00:00:00+08:00,30.87,30.99,30.84,30.84,8000,0.0,0.0,0.0
2015-10-12 00:00:00+08:00,31.0,31.35,31.0,31.35,11000,0.0,0.0,0.0
2015-10-13 00:00:00+08:00,31.21,31.21,30.68,31.1,22000,0.0,0.0,0.0
2015-10-14 00:00:00+08:00,32.09,32.09,31.01,31.07,28000,0.0,0.0,0.0
2015-10-15 00:00:00+08:00,31.22,31.37,31.22,31.37,2000,0.0,0.0,0.0
2015-10-16 00:00:00+08:00,31.39,31.39,31.39,31.39,5000,0.0,0.0,0.0
2015-10-19 00:00:00+08:00,31.41,31.41,31.35,31.35,16000,0.0,0.0,0.0
2015-10-20 00:00:00+08:00,31.33,31.35,31.16,31.16,16000,0.0,0.0,0.0
2015-10-21 00:00:00+08:00,31.38,31.4,30.68,31.1,27000,0.0,0.0,0.0
2015-10-22 00:00:00+08:00,31.18,31.18,31.18,31.18,15000,0.0,0.0,0.0
2015-10-23 00:00:00+08:00,31.33,31.48,31.33,31.48,3000,0.0,0.0,0.0
2015-10-26 00:00:00+08:00,31.59,31.67,31.59,31.67,16000,0.0,0.0,0.0
2015-10-27 00:00:00+08:00,31.55,31.55,31.4,31.4,2000,0.0,0.0,0.0
2015-10-28 00:00:00+08:00,31.53,31.53,31.38,31.38,2000,0.0,0.0,0.0
2015-10-29 00:00:00+08:00,31.22,31.22,31.06,31.15,6000,0.84,0.0,0.0
2015-10-30 00:00:00+08:00,30.97,31.07,30.91,31.07,6000,0.0,0.0,0.0
2015-11-02 00:00:00+08:00,30.91,30.98,30.91,30.98,16000,0.0,0.0,0.0
2015-11-03 00:00:00+08:00,31.16,31.36,31.14,31.29,7000,0.0,0.0,0.0
2015-11-04 00:00:00+08:00,31.49,31.86,31.49,31.86,10000,0.0,0.0,0.0
2015-11-05 00:00:00+08:00,31.99,31.99,31.99,31.99,2000,0.0,0.0,0.0
2015-11-06 00:00:00+08:00,31.79,31.79,31.54,31.54,22000,0.0,0.0,0.0
2015-11-09 00:00:00+08:00,31.39,31.39,31.39,31.39,3000,0.0,0.0,0.0
2015-11-10 00:00:00+08:00,31.23,31.23,31.13,31.13,2000,0.0,0.0,0.0
2015-11-11 00:00:00+08:00,31.04,31.04,30.57,30.57,8000,0.0,0.0,0.0
2015-11-12 00:00:00+08:00,30.59,30.59,30.59,30.59,0,0.0,0.0,0.0
2015-11-13 00:00:00+08:00,30.47,30.57,30.4,30.4,10000,0.0,0.0,0.0
2015-11-16 00:00:00+08:00,30.25,30.25,29.89,30.04,8000,0.0,0.0,0.0
2015-11-17 00:00:00+08:00,30.23,30.7,30.23,30.7,16000,0.0,0.0,0.0
2015-11-18 00:00:00+08:00,30.54,30.54,30.28,30.28,3000,0.0,0.0,0.0
2015-11-19 00:00:00+08:00,30.42,30.42,30.42,30.42,3000,0.0,0.0,0.0
2015-11-20 00:00:00+08:00,30.54,30.54,30.54,30.54,1000,0.0,0.0,0.0
2015-11-23 00:00:00+08:00,30.58,30.58,30.58,30.58,4000,0.0,0.0,0.0
2015-11-24 00:00:00+08:00,30.43,30.43,30.43,30.43,0,0.0,0.0,0.0
2015-11-25 00:00:00+08:00,30.44,30.44,30.35,30.35,2000,0.0,0.0,0.0
2015-11-26 00:00:00+08:00,30.5,30.65,30.5,30.65,2000,0.0,0.0,0.0
2015-11-27 00:00:00+08:00,30.49,30.49,30.49,30.49,1000,0.0,0.0,0.0
2015-11-30 00:00:00+08:00,30.11,30.11,29.81,29.81,3000,0.0,0.0,0.0
2015-12-01 00:00:00+08:00,30.15,30.44,30.15,30.44,3000,0.0,0.0,0.0
2015-12-02 00:00:00+08:00,30.59,30.59,30.59,30.59,1000,0.0,0.0,0.0
2015-12-03 00:00:00+08:00,30.63,30.63,30.63,30.63,0,0.0,0.0,0.0
2015-12-04 00:00:00+08:00,30.43,30.43,30.3,30.3,2000,0.0,0.0,0.0
2015-12-07 00:00:00+08:00,30.47,30.69,30.47,30.63,11000,0.0,0.0,0.0
2015-12-08 00:00:00+08:00,30.51,30.51,30.25,30.33,6000,0.0,0.0,0.0
2015-12-09 00:00:00+08:00,30.17,30.17,29.92,29.92,5000,0.0,0.0,0.0
2015-12-10 00:00:00+08:00,29.77,29.77,29.62,29.63,3000,0.0,0.0,0.0
2015-12-11 00:00:00+08:00,29.78,29.78,29.5,29.5,4000,0.0,0.0,0.0
2015-12-14 00:00:00+08:00,29.36,29.36,29.21,29.35,3000,0.0,0.0,0.0
2015-12-15 00:00:00+08:00,29.25,29.28,29.25,29.28,2000,0.0,0.0,0.0
2015-12-16 00:00:00+08:00,29.43,29.43,29.43,29.43,1000,0.0,0.0,0.0
2015-12-17 00:00:00+08:00,29.59,29.68,29.59,29.68,4000,0.0,0.0,0.0
2015-12-18 00:00:00+08:00,29.53,29.68,29.49,29.68,10000,0.0,0.0,0.0
2015-12-21 00:00:00+08:00,29.76,29.76,29.76,29.76,0,0.0,0.0,0.0
2015-12-22 00:00:00+08:00,29.87,29.87,29.87,29.87,0,0.0,0.0,0.0
2015-12-23 00:00:00+08:00,29.88,29.88,29.88,29.88,1000,0.0,0.0,0.0
2015-12-24 00:00:00+08:00,29.8,29.8,29.8,29.8,1000,0.0,0.0,0.0
2015-12-25 00:00:00+08:00,29.68,30.14,29.68,30.08,7000,0.0,0.0,0.0
2015-12-28 00:00:00+08:00,29.62,30.61,29.62,30.61,4000,0.0,0.0,0.0
2015-12-29 00:00:00+08:00,29.86,29.86,29.86,29.86,0,0.0,0.0,0.0
2015-12-30 00:00:00+08:00,30.18,30.18,30.18,30.18,1000,0.0,0.0,0.0
2015-12-31 00:00:00+08:00,29.86,29.86,29.82,29.82,3000,0.0,0.0,0.0
2016-01-04 00:00:00+08:00,29.14,29.14,29.14,29.14,0,0.0,0.0,0.0
2016-01-05 00:00:00+08:00,29.24,29.24,29.0,29.0,4000,0.0,0.0,0.0
2016-01-06 00:00:00+08:00,28.72,28.72,28.45,28.45,3000,0.0,0.0,0.0
2016-01-07 00:00:00+08:00,27.9,27.9,27.9,27.9,1000,0.0,0.0,0.0
2016-01-08 00:00:00+08:00,28.19,28.19,28.07,28.13,19000,0.0,0.0,0.0
2016-01-11 00:00:00+08:00,27.95,27.95,27.65,27.75,14000,0.0,0.0,0.0
2016-01-12 00:00:00+08:00,27.75,27.75,27.55,27.59,85000,0.0,0.0,0.0
2016-01-13 00:00:00+08:00,28.1,28.1,27.86,27.86,29000,0.0,0.0,0.0
2016-01-14 00:00:00+08:00,27.65,27.65,27.52,27.52,6000,0.0,0.0,0.0
2016-01-15 00:00:00+08:00,28.16,28.16,27.6,27.6,30000,0.0,0.0,0.0
2016-01-18 00:00:00+08:00,27.61,27.7,27.61,27.7,16000,0.0,0.0,0.0
2016-01-19 00:00:00+08:00,27.66,27.66,27.66,27.66,5000,0.0,0.0,0.0
2016-01-20 00:00:00+08:00,26.99,26.99,26.99,26.99,2000,0.0,0.0,0.0
2016-01-21 00:00:00+08:00,26.86,27.18,26.86,27.17,8000,0.0,0.0,0.0
2016-01-22 00:00:00+08:00,27.81,27.81,27.81,27.81,0,0.0,0.0,0.0
2016-01-25 00:00:00+08:00,28.03,28.05,28.03,28.05,6000,0.0,0.0,0.0
2016-01-26 00:00:00+08:00,27.76,27.76,27.76,27.76,1000,0.0,0.0,0.0
2016-01-27 00:00:00+08:00,28.14,28.14,28.14,28.14,0,0.0,0.0,0.0
2016-01-28 00:00:00+08:00,28.29,28.29,28.29,28.29,10000,0.0,0.0,0.0
2016-01-29 00:00:00+08:00,28.29,28.7,28.29,28.59,6000,0.0,0.0,0.0
2016-01-30 00:00:00+08:00,29.27,29.27,29.27,29.27,0,0.0,0.0,0.0
2016-02-01 00:00:00+08:00,28.96,29.13,28.96,29.13,2000,0.0,0.0,0.0
2016-02-02 00:00:00+08:00,29.13,29.13,29.13,29.13,1000,0.0,0.0,0.0
2016-02-03 00:00:00+08:00,28.87,28.87,28.75,28.82,32000,0.0,0.0,0.0
2016-02-15 00:00:00+08:00,28.48,28.72,28.48,28.72,9000,0.0,0.0,0.0
2016-02-16 00:00:00+08:00,29.06,29.2,29.06,29.2,2000,0.0,0.0,0.0
2016-02-17 00:00:00+08:00,29.45,29.45,29.45,29.45,1000,0.0,0.0,0.0
2016-02-18 00:00:00+08:00,29.98,29.98,29.98,29.98,0,0.0,0.0,0.0
2016-02-19 00:00:00+08:00,29.74,29.74,29.74,29.74,3000,0.0,0.0,0.0
2016-02-22 00:00:00+08:00,30.11,30.11,29.8,29.8,7000,0.0,0.0,0.0
2016-02-23 00:00:00+08:00,29.92,29.92,29.92,29.92,0,0.0,0.0,0.0
2016-02-24 00:00:00+08:00,29.7,29.7,29.7,29.7,0,0.0,0.0,0.0
2016-02-25 00:00:00+08:00,29.92,29.92,29.92,29.92,1000,0.0,0.0,0.0
2016-02-26 00:00:00+08:00,29.94,29.94,29.94,29.94,1000,0.0,0.0,0.0
2016-03-01 00:00:00+08:00,29.94,29.94,29.94,29.94,8000,0.0,0.0,0.0
2016-03-02 00:00:00+08:00,30.24,30.56,30.24,30.55,10000,0.0,0.0,0.0
2016-03-03 00:00:00+08:00,30.61,30.78,30.61,30.78,4000,0.0,0.0,0.0
2016-03-04 00:00:00+08:00,30.91,30.91,30.91,30.91,1000,0.0,0.0,0.0
2016-03-07 00:00:00+08:00,30.96,30.96,30.96,30.96,1000,0.0,0.0,0.0
2016-03-08 00:00:00+08:00,31.14,31.14,31.14,31.14,0,0.0,0.0,0.0
2016-03-09 00:00:00+08:00,31.03,31.03,31.03,31.03,0,0.0,0.0,0.0
2016-03-10 00:00:00+08:00,31.15,31.15,31.15,31.15,0,0.0,0.0,0.0
2016-03-11 00:00:00+08:00,30.96,31.04,30.96,31.04,2000,0.0,0.0,0.0
2016-03-14 00:00:00+08:00,31.23,31.44,31.23,31.44,3000,0.0,0.0,0.0
2016-03-15 00:00:00+08:00,31.21,31.21,31.21,31.21,1000,0.0,0.0,0.0
2016-03-16 00:00:00+08:00,31.04,31.04,31.04,31.04,1000,0.0,0.0,0.0
2016-03-17 00:00:00+08:00,31.33,31.39,31.28,31.28,3000,0.0,0.0,0.0
2016-03-18 00:00:00+08:00,31.9,31.9,31.9,31.9,0,0.0,0.0,0.0
2016-03-21 00:00:00+08:00,31.39,31.66,31.39,31.66,4000,0.0,0.0,0.0
2016-03-22 00:00:00+08:00,31.43,31.43,31.39,31.39,2000,0.0,0.0,0.0
2016-03-23 00:00:00+08:00,31.74,31.74,31.74,31.74,0,0.0,0.0,0.0
2016-03-24 00:00:00+08:00,31.66,31.66,31.66,31.66,0,0.0,0.0,0.0
2016-03-25 00:00:00+08:00,31.15,31.15,31.15,31.15,1000,0.0,0.0,0.0
2016-03-28 00:00:00+08:00,31.15,31.47,31.15,31.27,4000,0.0,0.0,0.0
2016-03-29 00:00:00+08:00,31.27,31.27,31.02,31.02,3000,0.0,0.0,0.0
2016-03-31 00:00:00+08:00,31.26,31.68,31.26,31.34,4000,0.0,0.0,0.0
2016-04-01 00:00:00+08:00,31.03,31.15,31.03,31.15,3000,0.0,0.0,0.0
2016-04-06 00:00:00+08:00,30.74,30.74,30.47,30.71,5000,0.0,0.0,0.0
2016-04-07 00:00:00+08:00,30.53,30.53,30.53,30.53,1000,0.0,0.0,0.0
2016-04-08 00:00:00+08:00,30.92,30.92,30.92,30.92,0,0.0,0.0,0.0
2016-04-11 00:00:00+08:00,30.47,30.56,30.47,30.56,3000,0.0,0.0,0.0
2016-04-12 00:00:00+08:00,30.97,30.97,30.97,30.97,0,0.0,0.0,0.0
2016-04-13 00:00:00+08:00,30.87,31.43,30.87,31.42,12000,0.0,0.0,0.0
2016-04-14 00:00:00+08:00,31.53,31.53,31.53,31.53,0,0.0,0.0,0.0
2016-04-15 00:00:00+08:00,31.62,31.62,31.62,31.62,0,0.0,0.0,0.0
2016-04-18 00:00:00+08:00,31.46,31.46,31.46,31.46,0,0.0,0.0,0.0
2016-04-19 00:00:00+08:00,31.33,31.33,31.33,31.33,1000,0.0,0.0,0.0
2016-04-20 00:00:00+08:00,31.13,31.13,31.03,31.03,7000,0.0,0.0,0.0
2016-04-21 00:00:00+08:00,30.65,30.96,30.65,30.96,4000,0.0,0.0,0.0
2016-04-22 00:00:00+08:00,30.78,30.78,30.78,30.78,1000,0.0,0.0,0.0
2016-04-25 00:00:00+08:00,31.07,31.07,31.07,31.07,1000,0.0,0.0,0.0
2016-04-26 00:00:00+08:00,31.08,31.14,31.08,31.14,6000,0.0,0.0,0.0
2016-04-28 00:00:00+08:00,30.87,30.87,30.65,30.65,3000,0.0,0.0,0.0
2016-04-29 00:00:00+08:00,30.29,30.29,30.28,30.28,2000,0.0,0.0,0.0
2016-05-03 00:00:00+08:00,29.67,29.67,29.67,29.67,2000,0.0,0.0,0.0
2016-05-04 00:00:00+08:00,29.65,29.65,29.53,29.53,3000,0.0,0.0,0.0
2016-05-05 00:00:00+08:00,29.49,29.49,29.38,29.45,3000,0.0,0.0,0.0
2016-05-06 00:00:00+08:00,29.45,29.45,29.28,29.28,4000,0.0,0.0,0.0
2016-05-09 00:00:00+08:00,29.1,29.1,29.1,29.1,8000,0.0,0.0,0.0
2016-05-10 00:00:00+08:00,29.42,29.42,29.42,29.42,0,0.0,0.0,0.0
2016-05-11 00:00:00+08:00,29.48,29.48,29.12,29.12,3000,0.0,0.0,0.0
2016-05-12 00:00:00+08:00,29.33,29.33,29.33,29.33,3000,0.0,0.0,0.0
2016-05-13 00:00:00+08:00,28.81,29.15,28.41,29.01,23000,0.0,0.0,0.0
2016-05-16 00:00:00+08:00,29.19,29.19,29.19,29.19,0,0.0,0.0,0.0
2016-05-17 00:00:00+08:00,29.41,29.41,29.41,29.41,1000,0.0,0.0,0.0
2016-05-18 00:00:00+08:00,29.14,29.17,29.14,29.17,4000,0.0,0.0,0.0
2016-05-19 00:00:00+08:00,29.15,29.17,29.15,29.17,2000,0.0,0.0,0.0
2016-05-20 00:00:00+08:00,29.48,29.48,29.24,29.24,17000,0.0,0.0,0.0
2016-05-23 00:00:00+08:00,29.46,30.1,29.46,30.1,24000,0.0,0.0,0.0
2016-05-24 00:00:00+08:00,30.11,30.11,30.11,30.11,0,0.0,0.0,0.0
2016-05-25 00:00:00+08:00,30.54,30.54,30.53,30.53,3000,0.0,0.0,0.0
2016-05-26 00:00:00+08:00,30.44,30.44,30.44,30.44,1000,0.0,0.0,0.0
2016-05-27 00:00:00+08:00,30.8,30.8,30.8,30.8,0,0.0,0.0,0.0
2016-05-30 00:00:00+08:00,30.57,30.87,30.57,30.87,3000,0.0,0.0,0.0
2016-05-31 00:00:00+08:00,31.1,31.1,31.1,31.1,0,0.0,0.0,0.0
2016-06-02 00:00:00+08:00,31.04,31.13,31.04,31.13,5000,0.0,0.0,0.0
2016-06-03 00:00:00+08:00,30.92,31.08,30.92,31.06,4000,0.0,0.0,0.0
2016-06-04 00:00:00+08:00,31.41,31.41,31.41,31.41,0,0.0,0.0,0.0
2016-06-07 00:00:00+08:00,31.39,31.56,31.39,31.56,5000,0.0,0.0,0.0
2016-06-08 00:00:00+08:00,31.8,31.8,31.8,31.8,1000,0.0,0.0,0.0
2016-06-13 00:00:00+08:00,31.38,31.38,31.17,31.17,4000,0.0,0.0,0.0
2016-06-14 00:00:00+08:00,31.47,31.47,31.47,31.47,0,0.0,0.0,0.0
2016-06-15 00:00:00+08:00,31.2,31.25,31.2,31.25,2000,0.0,0.0,0.0
2016-06-17 00:00:00+08:00,31.43,31.43,31.43,31.43,0,0.0,0.0,0.0
2016-06-20 00:00:00+08:00,31.64,31.64,31.64,31.64,0,0.0,0.0,0.0
2016-06-21 00:00:00+08:00,31.87,31.87,31.87,31.87,0,0.0,0.0,0.0
2016-06-22 00:00:00+08:00,31.97,31.97,31.97,31.97,0,0.0,0.0,0.0
2016-06-23 00:00:00+08:00,31.75,31.75,31.75,31.75,0,0.0,0.0,0.0
2016-06-24 00:00:00+08:00,30.74,30.74,30.74,30.74,0,0.0,0.0,0.0
2016-06-27 00:00:00+08:00,31.23,31.23,31.23,31.23,0,0.0,0.0,0.0
2016-06-28 00:00:00+08:00,31.45,31.45,31.45,31.45,0,0.0,0.0,0.0
2016-06-29 00:00:00+08:00,31.8,31.8,31.8,31.8,0,0.0,0.0,0.0
2016-07-01 00:00:00+08:00,32.25,32.25,32.25,32.25,0,0.0,0.0,0.0
2016-07-04 00:00:00+08:00,32.38,32.38,32.38,32.38,0,0.0,0.0,0.0
2016-07-05 00:00:00+08:00,32.44,32.44,32.44,32.44,0,0.0,0.0,0.0
2016-07-06 00:00:00+08:00,31.79,31.79,31.79,31.79,0,0.0,0.0,0.0
2016-07-11 00:00:00+08:00,32.61,32.61,32.61,32.61,0,0.0,0.0,0.0
2016-07-13 00:00:00+08:00,32.76,32.76,32.76,32.76,0,0.0,0.0,0.0
2016-07-14 00:00:00+08:00,32.96,32.96,32.96,32.96,0,0.0,0.0,0.0
2016-07-15 00:00:00+08:00,33.36,33.36,33.36,33.36,0,0.0,0.0,0.0
2016-07-18 00:00:00+08:00,33.6,33.6,33.6,33.6,2000,0.0,0.0,0.0
2016-07-19 00:00:00+08:00,34.1,34.1,34.1,34.1,0,0.0,0.0,0.0
2016-07-20 00:00:00+08:00,33.66,33.66,33.48,33.48,2000,0.0,0.0,0.0
2016-07-21 00:00:00+08:00,33.74,33.93,33.74,33.93,13000,0.0,0.0,0.0
2016-07-22 00:00:00+08:00,33.76,33.76,33.76,33.76,1000,0.0,0.0,0.0
2016-07-25 00:00:00+08:00,33.79,33.92,33.36,33.36,6000,0.0,0.0,0.0
2016-07-26 00:00:00+08:00,33.36,33.76,33.36,33.76,11000,0.0,0.0,0.0
2016-07-27 00:00:00+08:00,33.76,34.05,33.76,34.01,6000,0.0,0.0,0.0
2016-07-28 00:00:00+08:00,33.84,33.97,33.84,33.97,13000,0.0,0.0,0.0
2016-07-29 00:00:00+08:00,33.79,33.79,33.71,33.71,2000,0.0,0.0,0.0
2016-08-01 00:00:00+08:00,34.18,34.22,34.18,34.22,2000,0.0,0.0,0.0
2016-08-02 00:00:00+08:00,34.3,34.3,34.07,34.09,3000,0.04,0.0,0.0
2016-08-03 00:00:00+08:00,34.17,34.17,34.17,34.17,0,0.0,0.0,0.0
2016-08-05 00:00:00+08:00,33.93,34.09,33.93,34.07,4000,0.0,0.0,0.0
2016-08-08 00:00:00+08:00,34.18,34.25,34.18,34.25,4000,0.0,0.0,0.0
2016-08-09 00:00:00+08:00,34.42,34.43,34.42,34.43,6000,0.0,0.0,0.0
2016-08-10 00:00:00+08:00,34.69,34.69,34.56,34.56,2000,0.0,0.0,0.0
2016-08-11 00:00:00+08:00,34.9,34.9,34.9,34.9,0,0.0,0.0,0.0
2016-08-12 00:00:00+08:00,34.35,34.35,34.35,34.35,2000,0.0,0.0,0.0
2016-08-15 00:00:00+08:00,34.43,34.44,34.43,34.44,2000,0.0,0.0,0.0
2016-08-16 00:00:00+08:00,34.5,34.5,34.5,34.5,1000,0.0,0.0,0.0
2016-08-17 00:00:00+08:00,34.79,34.79,34.79,34.79,0,0.0,0.0,0.0
2016-08-18 00:00:00+08:00,34.28,34.29,34.28,34.29,2000,0.0,0.0,0.0
2016-08-19 00:00:00+08:00,34.43,34.43,34.43,34.43,2000,0.0,0.0,0.0
2016-08-22 00:00:00+08:00,33.92,33.92,33.92,33.92,1000,0.0,0.0,0.0
2016-08-23 00:00:00+08:00,33.98,33.98,33.92,33.93,32000,0.0,0.0,0.0
2016-08-24 00:00:00+08:00,33.98,33.98,33.76,33.76,14000,0.0,0.0,0.0
2016-08-25 00:00:00+08:00,34.26,34.27,34.22,34.27,4000,0.0,0.0,0.0
2016-08-26 00:00:00+08:00,34.48,34.48,34.48,34.48,1000,0.0,0.0,0.0
2016-08-29 00:00:00+08:00,34.19,34.21,34.05,34.06,16000,0.0,0.0,0.0
2016-08-30 00:00:00+08:00,34.4,34.4,34.4,34.4,2000,0.0,0.0,0.0
2016-08-31 00:00:00+08:00,34.61,34.61,34.61,34.61,0,0.0,0.0,0.0
2016-09-01 00:00:00+08:00,34.11,34.11,34.11,34.11,1000,0.0,0.0,0.0
2016-09-02 00:00:00+08:00,34.46,34.46,34.46,34.46,0,0.0,0.0,0.0
2016-09-05 00:00:00+08:00,34.43,34.43,34.43,34.43,1000,0.0,0.0,0.0
2016-09-06 00:00:00+08:00,34.43,34.43,34.42,34.43,11000,0.0,0.0,0.0
2016-09-07 00:00:00+08:00,35.01,35.09,35.01,35.09,7000,0.0,0.0,0.0
2016-09-08 00:00:00+08:00,35.6,35.6,35.6,35.6,0,0.0,0.0,0.0
2016-09-09 00:00:00+08:00,35.08,35.08,35.08,35.08,0,0.0,0.0,0.0
2016-09-10 00:00:00+08:00,34.68,34.68,34.68,34.68,0,0.0,0.0,0.0
2016-09-12 00:00:00+08:00,33.87,33.87,33.87,33.87,1000,0.0,0.0,0.0
2016-09-13 00:00:00+08:00,34.24,34.24,34.24,34.24,0,0.0,0.0,0.0
2016-09-14 00:00:00+08:00,34.03,34.03,34.03,34.03,0,0.0,0.0,0.0
2016-09-19 00:00:00+08:00,34.16,34.67,34.16,34.65,4000,0.0,0.0,0.0
2016-09-20 00:00:00+08:00,34.65,34.86,34.65,34.86,2000,0.0,0.0,0.0
2016-09-21 00:00:00+08:00,34.68,34.68,34.68,34.68,2000,0.0,0.0,0.0
2016-09-22 00:00:00+08:00,35.56,35.56,35.56,35.56,0,0.0,0.0,0.0
2016-09-23 00:00:00+08:00,35.8,35.8,35.8,35.8,0,0.0,0.0,0.0
2016-09-26 00:00:00+08:00,35.32,35.32,35.32,35.32,0,0.0,0.0,0.0
2016-09-29 00:00:00+08:00,35.19,35.19,34.89,34.89,6000,0.0,0.0,0.0
2016-09-30 00:00:00+08:00,35.23,35.23,35.23,35.23,0,0.0,0.0,0.0
2016-10-03 00:00:00+08:00,35.57,35.57,35.57,35.57,0,0.0,0.0,0.0
2016-10-05 00:00:00+08:00,35.24,35.24,35.24,35.24,1000,0.0,0.0,0.0
2016-10-06 00:00:00+08:00,35.78,35.78,35.78,35.78,0,0.0,0.0,0.0
2016-10-07 00:00:00+08:00,34.96,34.96,34.96,34.96,3000,0.0,0.0,0.0
2016-10-11 00:00:00+08:00,35.02,35.02,35.02,35.02,3000,0.0,0.0,0.0
2016-10-13 00:00:00+08:00,35.3,35.3,35.23,35.23,2000,0.0,0.0,0.0
2016-10-17 00:00:00+08:00,34.82,34.82,34.78,34.78,2000,0.0,0.0,0.0
2016-10-18 00:00:00+08:00,35.77,35.77,35.77,35.77,0,0.0,0.0,0.0
2016-10-19 00:00:00+08:00,35.29,35.38,35.29,35.35,3000,0.0,0.0,0.0
2016-10-20 00:00:00+08:00,36.21,36.21,36.21,36.21,0,0.0,0.0,0.0
2016-10-21 00:00:00+08:00,35.47,35.47,35.47,35.47,1000,0.0,0.0,0.0
2016-10-24 00:00:00+08:00,35.46,35.46,35.46,35.46,1000,0.0,0.0,0.0
2016-10-25 00:00:00+08:00,35.74,36.0,35.74,36.0,2000,0.0,0.0,0.0
2016-10-26 00:00:00+08:00,35.6,35.63,35.6,35.63,3000,0.0,0.0,0.0
2016-10-27 00:00:00+08:00,35.38,35.63,35.38,35.63,2000,0.0,0.0,0.0
2016-10-28 00:00:00+08:00,35.54,35.59,35.53,35.53,4000,0.0,0.0,0.0
2016-10-31 00:00:00+08:00,36.09,36.09,36.09,36.09,0,0.0,0.0,0.0
2016-11-01 00:00:00+08:00,36.06,36.06,36.06,36.06,0,0.0,0.0,0.0
2016-11-02 00:00:00+08:00,35.58,35.58,35.58,35.58,0,0.0,0.0,0.0
2016-11-03 00:00:00+08:00,34.83,34.83,34.83,34.83,2000,0.0,0.0,0.0
2016-11-04 00:00:00+08:00,35.31,35.31,35.31,35.31,0,0.0,0.0,0.0
2016-11-07 00:00:00+08:00,34.86,34.93,34.86,34.92,8000,0.0,0.0,0.0
2016-11-08 00:00:00+08:00,35.12,35.13,35.11,35.11,3000,0.0,0.0,0.0
2016-11-09 00:00:00+08:00,35.2,35.29,34.61,34.61,20000,0.0,0.0,0.0
2016-11-10 00:00:00+08:00,35.03,35.06,35.03,35.06,3000,0.0,0.0,0.0
2016-11-11 00:00:00+08:00,34.99,34.99,34.48,34.52,4000,0.0,0.0,0.0
2016-11-14 00:00:00+08:00,34.73,34.73,34.73,34.73,0,0.0,0.0,0.0
2016-11-16 00:00:00+08:00,34.78,34.78,34.78,34.78,0,0.0,0.0,0.0
2016-11-17 00:00:00+08:00,34.98,34.98,34.98,34.98,0,0.0,0.0,0.0
2016-11-18 00:00:00+08:00,34.18,34.3,34.18,34.3,5000,0.0,0.0,0.0
2016-11-21 00:00:00+08:00,35.06,35.06,35.06,35.06,0,0.0,0.0,0.0
2016-11-22 00:00:00+08:00,35.45,35.45,35.45,35.45,0,0.0,0.0,0.0
2016-11-23 00:00:00+08:00,35.66,35.66,35.66,35.66,0,0.0,0.0,0.0
2016-11-24 00:00:00+08:00,35.46,35.46,35.46,35.46,0,0.0,0.0,0.0
2016-11-25 00:00:00+08:00,35.44,35.44,35.44,35.44,0,0.0,0.0,0.0
2016-11-30 00:00:00+08:00,35.05,35.05,35.05,35.05,1000,0.0,0.0,0.0
2016-12-02 00:00:00+08:00,35.41,35.41,35.41,35.41,0,0.0,0.0,0.0
2016-12-05 00:00:00+08:00,35.33,35.33,35.33,35.33,0,0.0,0.0,0.0
2016-12-06 00:00:00+08:00,34.67,34.97,34.67,34.97,3000,0.0,0.0,0.0
2016-12-07 00:00:00+08:00,35.76,35.76,35.76,35.76,0,0.0,0.0,0.0
2016-12-08 00:00:00+08:00,34.97,35.47,34.97,35.37,4000,0.0,0.0,0.0
2016-12-09 00:00:00+08:00,35.47,35.91,35.47,35.9,14000,0.0,0.0,0.0
2016-12-12 00:00:00+08:00,35.81,35.81,35.65,35.65,11000,0.0,0.0,0.0
2016-12-13 00:00:00+08:00,35.83,35.9,35.61,35.61,15000,0.0,0.0,0.0
2016-12-14 00:00:00+08:00,35.78,35.83,35.78,35.83,3000,0.0,0.0,0.0
2016-12-15 00:00:00+08:00,36.25,36.25,36.25,36.25,0,0.0,0.0,0.0
2016-12-16 00:00:00+08:00,36.04,36.04,36.04,36.04,0,0.0,0.0,0.0
2016-12-19 00:00:00+08:00,35.12,35.12,35.12,35.12,1000,0.0,0.0,0.0
2016-12-20 00:00:00+08:00,35.72,35.72,35.72,35.72,0,0.0,0.0,0.0
2016-12-21 00:00:00+08:00,35.51,35.51,35.51,35.51,0,0.0,0.0,0.0
2016-12-22 00:00:00+08:00,35.16,35.16,35.16,35.16,0,0.0,0.0,0.0
2016-12-23 00:00:00+08:00,34.54,34.54,34.54,34.54,2000,0.0,0.0,0.0
2016-12-26 00:00:00+08:00,35.18,35.18,35.18,35.18,0,0.0,0.0,0.0
2016-12-27 00:00:00+08:00,34.56,34.78,34.56,34.78,3000,0.0,0.0,0.0
2016-12-28 00:00:00+08:00,34.91,34.91,34.91,34.91,2000,0.0,0.0,0.0
2016-12-29 00:00:00+08:00,35.3,35.3,35.3,35.3,0,0.0,0.0,0.0
2016-12-30 00:00:00+08:00,34.95,34.95,34.95,34.95,1000,0.0,0.0,0.0
2017-01-03 00:00:00+08:00,35.04,35.04,35.04,35.04,2000,0.0,0.0,0.0
2017-01-05 00:00:00+08:00,35.16,35.23,35.16,35.23,4000,0.0,0.0,0.0
2017-01-06 00:00:00+08:00,35.29,35.29,35.29,35.29,1000,0.0,0.0,0.0
2017-01-09 00:00:00+08:00,35.34,35.45,35.34,35.38,3000,0.0,0.0,0.0
2017-01-10 00:00:00+08:00,35.52,35.59,35.52,35.59,3000,0.0,0.0,0.0
2017-01-11 00:00:00+08:00,35.31,35.34,35.31,35.34,2000,0.0,0.0,0.0
2017-01-12 00:00:00+08:00,35.47,35.59,35.47,35.59,2000,0.0,0.0,0.0
2017-01-13 00:00:00+08:00,36.17,36.17,36.17,36.17,0,0.0,0.0,0.0
2017-01-16 00:00:00+08:00,35.29,35.29,35.29,35.29,4000,0.0,0.0,0.0
2017-01-17 00:00:00+08:00,36.05,36.05,36.05,36.05,0,0.0,0.0,0.0
2017-01-18 00:00:00+08:00,35.91,35.91,35.91,35.91,0,0.0,0.0,0.0
2017-01-19 00:00:00+08:00,35.81,35.81,35.81,35.81,0,0.0,0.0,0.0
2017-01-20 00:00:00+08:00,35.34,35.34,35.34,35.34,21000,0.0,0.0,0.0
2017-01-23 00:00:00+08:00,35.47,35.51,35.47,35.51,2000,0.0,0.0,0.0
2017-01-24 00:00:00+08:00,35.6,35.81,35.6,35.81,6000,0.0,0.0,0.0
2017-02-02 00:00:00+08:00,35.73,35.73,35.73,35.73,4000,0.0,0.0,0.0
2017-02-03 00:00:00+08:00,35.77,35.77,35.73,35.73,2000,0.0,0.0,0.0
2017-02-06 00:00:00+08:00,35.73,36.13,35.73,36.07,43000,0.0,0.0,0.0
2017-02-07 00:00:00+08:00,36.07,36.17,36.04,36.16,57000,0.0,0.0,0.0
2017-02-08 00:00:00+08:00,36.07,36.17,36.02,36.17,45000,0.0,0.0,0.0
2017-02-09 00:00:00+08:00,36.08,36.38,36.08,36.22,63000,0.0,0.0,0.0
2017-02-10 00:00:00+08:00,36.48,36.63,36.48,36.59,35000,0.0,0.0,0.0
2017-02-13 00:00:00+08:00,36.68,36.8,36.68,36.8,44000,0.0,0.0,0.0
2017-02-14 00:00:00+08:00,36.84,36.93,36.84,36.88,37000,0.0,0.0,0.0
2017-02-15 00:00:00+08:00,36.88,37.17,36.83,37.17,37000,0.0,0.0,0.0
2017-02-16 00:00:00+08:00,37.17,37.17,37.13,37.14,33000,0.0,0.0,0.0
2017-02-17 00:00:00+08:00,37.16,37.17,37.16,37.17,32000,0.0,0.0,0.0
2017-02-18 00:00:00+08:00,37.39,37.39,37.39,37.39,0,0.0,0.0,0.0
2017-02-20 00:00:00+08:00,37.11,37.16,37.11,37.12,33000,0.0,0.0,0.0
2017-02-21 00:00:00+08:00,37.12,37.12,37.07,37.07,27000,0.0,0.0,0.0
2017-02-22 00:00:00+08:00,37.27,37.27,37.17,37.17,22000,0.0,0.0,0.0
2017-02-23 00:00:00+08:00,37.19,37.19,37.14,37.14,2000,0.0,0.0,0.0
2017-02-24 00:00:00+08:00,37.07,37.1,37.06,37.1,7000,0.0,0.0,0.0
2017-03-01 00:00:00+08:00,37.05,37.05,36.76,36.89,69000,0.0,0.0,0.0
2017-03-02 00:00:00+08:00,36.89,37.14,36.76,36.84,7000,0.0,0.0,0.0
2017-03-03 00:00:00+08:00,36.7,36.74,36.67,36.74,5000,0.0,0.0,0.0
2017-03-06 00:00:00+08:00,36.76,36.76,36.74,36.74,19000,0.0,0.0,0.0
2017-03-07 00:00:00+08:00,36.74,36.83,36.71,36.83,61000,0.0,0.0,0.0
2017-03-08 00:00:00+08:00,36.97,36.97,36.93,36.93,7000,0.0,0.0,0.0
2017-03-09 00:00:00+08:00,36.72,36.78,36.72,36.78,11000,0.0,0.0,0.0
2017-03-10 00:00:00+08:00,36.5,36.63,36.5,36.63,8000,0.0,0.0,0.0
2017-03-13 00:00:00+08:00,36.86,36.88,36.8,36.88,3000,0.0,0.0,0.0
2017-03-14 00:00:00+08:00,37.02,37.14,37.02,37.11,5000,0.0,0.0,0.0
2017-03-15 00:00:00+08:00,37.11,37.11,37.11,37.11,12000,0.0,0.0,0.0
2017-03-16 00:00:00+08:00,37.51,37.53,37.51,37.53,23000,0.0,0.0,0.0
2017-03-17 00:00:00+08:00,37.6,37.7,37.6,37.7,5000,0.0,0.0,0.0
2017-03-20 00:00:00+08:00,37.71,37.71,37.71,37.71,1000,0.0,0.0,0.0
2017-03-21 00:00:00+08:00,37.95,38.07,37.95,38.07,6000,0.0,0.0,0.0
2017-03-22 00:00:00+08:00,37.7,37.7,37.7,37.7,1000,0.0,0.0,0.0
2017-03-23 00:00:00+08:00,37.76,37.76,37.74,37.74,4000,0.0,0.0,0.0
2017-03-24 00:00:00+08:00,37.74,37.82,37.74,37.82,3000,0.0,0.0,0.0
2017-03-27 00:00:00+08:00,37.82,37.82,37.82,37.82,19000,0.0,0.0,0.0
2017-03-28 00:00:00+08:00,37.98,37.98,37.98,37.98,0,0.0,0.0,0.0
2017-03-29 00:00:00+08:00,37.82,37.82,37.64,37.64,5000,0.0,0.0,0.0
2017-03-30 00:00:00+08:00,37.64,37.64,37.64,37.64,1000,0.0,0.0,0.0
2017-04-05 00:00:00+08:00,37.83,37.92,37.83,37.92,4000,0.0,0.0,0.0
2017-04-06 00:00:00+08:00,37.84,37.84,37.84,37.84,15000,0.0,0.0,0.0
2017-04-07 00:00:00+08:00,37.84,37.84,37.58,37.63,3000,0.0,0.0,0.0
2017-04-10 00:00:00+08:00,37.86,37.86,37.86,37.86,0,0.0,0.0,0.0
2017-04-11 00:00:00+08:00,37.69,37.76,37.69,37.76,11000,0.0,0.0,0.0
2017-04-12 00:00:00+08:00,37.81,37.81,37.81,37.81,0,0.0,0.0,0.0
2017-04-13 00:00:00+08:00,37.71,37.73,37.71,37.72,12000,0.0,0.0,0.0
2017-04-14 00:00:00+08:00,37.57,37.57,37.57,37.57,0,0.0,0.0,0.0
2017-04-17 00:00:00+08:00,37.42,37.42,37.34,37.34,32000,0.0,0.0,0.0
2017-04-18 00:00:00+08:00,37.42,37.42,37.35,37.35,4000,0.0,0.0,0.0
2017-04-19 00:00:00+08:00,37.02,37.03,37.02,37.02,13000,0.0,0.0,0.0
2017-04-20 00:00:00+08:00,36.92,37.05,36.92,37.05,11000,0.0,0.0,0.0
2017-04-21 00:00:00+08:00,37.19,37.25,37.19,37.25,11000,0.0,0.0,0.0
2017-04-24 00:00:00+08:00,37.44,37.44,37.27,37.27,8000,0.0,0.0,0.0
2017-04-25 00:00:00+08:00,37.53,37.66,37.52,37.66,26000,0.0,0.0,0.0
2017-04-26 00:00:00+08:00,37.79,37.79,37.79,37.79,16000,0.0,0.0,0.0
2017-04-27 00:00:00+08:00,37.76,37.76,37.64,37.7,3000,0.0,0.0,0.0
2017-04-28 00:00:00+08:00,38.09,38.09,38.09,38.09,0,0.0,0.0,0.0
2017-05-02 00:00:00+08:00,38.42,38.42,38.42,38.42,0,0.0,0.0,0.0
2017-05-03 00:00:00+08:00,38.26,38.26,38.26,38.26,2000,0.0,0.0,0.0
2017-05-04 00:00:00+08:00,38.36,38.36,38.36,38.36,1000,0.0,0.0,0.0
2017-05-05 00:00:00+08:00,38.2,38.2,38.2,38.2,1000,0.0,0.0,0.0
2017-05-08 00:00:00+08:00,38.24,38.28,38.24,38.28,20000,0.0,0.0,0.0
2017-05-09 00:00:00+08:00,38.71,38.71,38.71,38.71,0,0.0,0.0,0.0
2017-05-10 00:00:00+08:00,38.57,38.57,38.57,38.57,1000,0.0,0.0,0.0
2017-05-11 00:00:00+08:00,38.57,38.74,38.57,38.67,7000,0.0,0.0,0.0
2017-05-12 00:00:00+08:00,38.85,38.85,38.85,38.85,0,0.0,0.0,0.0
2017-05-15 00:00:00+08:00,38.55,38.55,38.52,38.52,15000,0.0,0.0,0.0
2017-05-16 00:00:00+08:00,38.61,38.61,38.61,38.61,21000,0.0,0.0,0.0
2017-05-17 00:00:00+08:00,38.55,38.55,38.55,38.55,1000,0.0,0.0,0.0
2017-05-18 00:00:00+08:00,38.41,38.41,38.41,38.41,1000,0.0,0.0,0.0
2017-05-19 00:00:00+08:00,38.62,38.62,38.62,38.62,0,0.0,0.0,0.0
2017-05-22 00:00:00+08:00,38.81,38.81,38.81,38.81,0,0.0,0.0,0.0
2017-05-23 00:00:00+08:00,38.38,38.67,38.38,38.67,6000,0.0,0.0,0.0
2017-05-24 00:00:00+08:00,38.67,38.67,38.67,38.67,1000,0.0,0.0,0.0
2017-05-25 00:00:00+08:00,38.89,38.91,38.89,38.91,3000,0.0,0.0,0.0
2017-05-26 00:00:00+08:00,38.88,38.88,38.88,38.88,17000,0.0,0.0,0.0
2017-05-31 00:00:00+08:00,38.88,38.88,38.88,38.88,0,0.0,0.0,0.0
2017-06-01 00:00:00+08:00,38.82,38.82,38.82,38.82,1000,0.0,0.0,0.0
2017-06-02 00:00:00+08:00,39.0,39.0,39.0,39.0,3000,0.0,0.0,0.0
2017-06-03 00:00:00+08:00,39.41,39.41,39.41,39.41,0,0.0,0.0,0.0
2017-06-05 00:00:00+08:00,39.0,39.42,39.0,39.42,2000,0.0,0.0,0.0
2017-06-06 00:00:00+08:00,38.92,39.34,38.9,39.34,23000,0.0,0.0,0.0
2017-06-07 00:00:00+08:00,39.35,39.35,39.27,39.34,3000,0.0,0.0,0.0
2017-06-08 00:00:00+08:00,39.48,39.48,39.48,39.48,2000,0.0,0.0,0.0
2017-06-09 00:00:00+08:00,39.67,39.67,39.67,39.67,0,0.0,0.0,0.0
2017-06-12 00:00:00+08:00,39.18,39.18,39.18,39.18,0,0.0,0.0,0.0
2017-06-13 00:00:00+08:00,39.27,39.27,39.27,39.27,0,0.0,0.0,0.0
2017-06-14 00:00:00+08:00,38.96,38.96,38.92,38.92,3000,0.0,0.0,0.0
2017-06-15 00:00:00+08:00,39.23,39.23,39.23,39.23,0,0.0,0.0,0.0
2017-06-16 00:00:00+08:00,39.25,39.28,39.25,39.26,24000,0.0,0.0,0.0
2017-06-19 00:00:00+08:00,39.33,39.67,39.33,39.67,7000,0.0,0.0,0.0
2017-06-20 00:00:00+08:00,39.77,40.3,39.77,40.18,13000,0.0,0.0,0.0
2017-06-21 00:00:00+08:00,40.03,40.03,39.99,39.99,2000,0.0,0.0,0.0
2017-06-22 00:00:00+08:00,40.67,40.67,40.67,40.67,0,0.0,0.0,0.0
2017-06-23 00:00:00+08:00,40.46,40.46,40.36,40.36,6000,0.0,0.0,0.0
2017-06-26 00:00:00+08:00,40.63,40.95,40.63,40.92,42000,0.0,0.0,0.0
2017-06-27 00:00:00+08:00,40.98,40.98,40.92,40.92,3000,0.0,0.0,0.0
2017-06-28 00:00:00+08:00,40.6,40.79,40.6,40.72,8000,0.0,0.0,0.0
2017-06-29 00:00:00+08:00,41.04,41.04,40.93,40.93,4000,0.0,0.0,0.0
2017-06-30 00:00:00+08:00,40.93,40.93,40.65,40.78,4000,0.0,0.0,0.0
2017-07-03 00:00:00+08:00,40.67,40.7,40.58,40.58,9000,0.0,0.0,0.0
2017-07-04 00:00:00+08:00,40.75,40.75,40.73,40.73,4000,0.0,0.0,0.0
2017-07-05 00:00:00+08:00,40.55,40.55,40.55,40.55,1000,0.0,0.0,0.0
2017-07-06 00:00:00+08:00,40.79,40.79,40.69,40.69,25000,0.0,0.0,0.0
2017-07-07 00:00:00+08:00,40.59,40.59,40.59,40.59,1000,0.0,0.0,0.0
2017-07-10 00:00:00+08:00,40.84,40.84,40.84,40.84,0,0.0,0.0,0.0
2017-07-11 00:00:00+08:00,41.6,41.6,41.6,41.6,0,0.0,0.0,0.0
2017-07-12 00:00:00+08:00,41.19,41.19,41.19,41.19,1000,0.0,0.0,0.0
2017-07-13 00:00:00+08:00,41.49,41.7,41.49,41.7,4000,0.0,0.0,0.0
2017-07-14 00:00:00+08:00,41.54,41.57,41.54,41.57,3000,0.0,0.0,0.0
2017-07-17 00:00:00+08:00,41.89,41.89,41.74,41.78,33000,0.0,0.0,0.0
2017-07-18 00:00:00+08:00,41.63,41.76,41.63,41.72,6000,0.0,0.0,0.0
2017-07-19 00:00:00+08:00,41.92,42.14,41.92,42.13,5000,0.0,0.0,0.0
2017-07-20 00:00:00+08:00,42.15,42.25,42.04,42.04,8000,0.0,0.0,0.0
2017-07-21 00:00:00+08:00,42.22,42.22,41.88,41.88,9000,0.0,0.0,0.0
2017-07-24 00:00:00+08:00,41.75,41.91,41.71,41.91,7000,0.0,0.0,0.0
2017-07-25 00:00:00+08:00,42.09,42.09,42.09,42.09,0,0.0,0.0,0.0
2017-07-26 00:00:00+08:00,42.08,42.08,41.84,41.84,28000,0.0,0.0,0.0
2017-07-27 00:00:00+08:00,42.28,42.28,42.2,42.21,5000,1.0,0.0,0.0
2017-07-28 00:00:00+08:00,42.03,42.08,41.91,41.91,9000,0.0,0.0,0.0
2017-07-31 00:00:00+08:00,41.77,41.88,41.72,41.77,11000,0.0,0.0,0.0
2017-08-01 00:00:00+08:00,42.0,42.0,42.0,42.0,0,0.0,0.0,0.0
2017-08-02 00:00:00+08:00,42.36,42.41,42.36,42.36,10000,0.0,0.0,0.0
2017-08-03 00:00:00+08:00,42.36,42.36,42.15,42.15,15000,0.0,0.0,0.0
2017-08-04 00:00:00+08:00,42.32,42.32,42.28,42.28,2000,0.0,0.0,0.0
2017-08-07 00:00:00+08:00,42.28,46.49,42.28,46.49,32000,0.0,0.0,0.0
2017-08-08 00:00:00+08:00,45.7,45.7,42.79,42.8,32000,0.0,0.0,0.0
2017-08-09 00:00:00+08:00,42.8,42.8,42.7,42.7,5000,0.0,0.0,0.0
2017-08-10 00:00:00+08:00,42.19,42.22,41.95,42.22,6000,0.0,0.0,0.0
2017-08-11 00:00:00+08:00,42.1,42.1,41.99,41.99,6000,0.0,0.0,0.0
2017-08-14 00:00:00+08:00,41.93,41.93,41.85,41.85,92000,0.0,0.0,0.0
2017-08-15 00:00:00+08:00,41.85,41.85,41.85,41.85,6000,0.0,0.0,0.0
2017-08-16 00:00:00+08:00,41.95,41.95,41.84,41.84,40000,0.0,0.0,0.0
2017-08-17 00:00:00+08:00,42.1,42.1,41.9,41.9,7000,0.0,0.0,0.0
2017-08-18 00:00:00+08:00,41.83,41.84,41.75,41.84,3000,0.0,0.0,0.0
2017-08-21 00:00:00+08:00,41.84,41.84,41.84,41.84,0,0.0,0.0,0.0
2017-08-22 00:00:00+08:00,41.95,41.95,41.95,41.95,3168,0.0,0.0,0.0
2017-08-23 00:00:00+08:00,42.1,42.15,42.1,42.15,7209,0.0,0.0,0.0
2017-08-24 00:00:00+08:00,42.19,42.36,42.19,42.36,12650,0.0,0.0,0.0
2017-08-25 00:00:00+08:00,42.67,42.67,42.63,42.63,3261,0.0,0.0,0.0
2017-08-28 00:00:00+08:00,42.63,42.91,42.63,42.8,53402,0.0,0.0,0.0
2017-08-29 00:00:00+08:00,42.76,42.82,42.76,42.82,7000,0.0,0.0,0.0
2017-08-30 00:00:00+08:00,42.82,42.82,42.82,42.82,3061,0.0,0.0,0.0
2017-08-31 00:00:00+08:00,42.82,42.82,42.82,42.82,0,0.0,0.0,0.0
2017-09-01 00:00:00+08:00,43.51,43.51,43.51,43.51,1943,0.0,0.0,0.0
2017-09-04 00:00:00+08:00,43.51,43.51,43.51,43.51,0,0.0,0.0,0.0
2017-09-05 00:00:00+08:00,42.91,42.91,42.78,42.78,4050,0.0,0.0,0.0
2017-09-06 00:00:00+08:00,42.78,42.98,42.78,42.78,40056,0.0,0.0,0.0
2017-09-07 00:00:00+08:00,42.86,42.86,42.86,42.86,3080,0.0,0.0,0.0
2017-09-08 00:00:00+08:00,42.89,42.9,42.89,42.9,2628,0.0,0.0,0.0
2017-09-11 00:00:00+08:00,43.23,43.23,42.89,42.89,6323,0.0,0.0,0.0
2017-09-12 00:00:00+08:00,42.97,42.97,42.97,42.97,2824,0.0,0.0,0.0
2017-09-13 00:00:00+08:00,42.86,42.86,42.86,42.86,16093,0.0,0.0,0.0
2017-09-14 00:00:00+08:00,42.1,42.74,42.1,42.74,36728,0.0,0.0,0.0
2017-09-15 00:00:00+08:00,42.59,42.61,42.57,42.57,20000,0.0,0.0,0.0
2017-09-18 00:00:00+08:00,42.98,42.98,42.96,42.96,38082,0.0,0.0,0.0
2017-09-19 00:00:00+08:00,42.72,42.79,42.72,42.79,2100,0.0,0.0,0.0
2017-09-20 00:00:00+08:00,42.62,42.62,42.57,42.57,2817,0.0,0.0,0.0
2017-09-21 00:00:00+08:00,42.2,42.8,42.2,42.8,12000,0.0,0.0,0.0
2017-09-22 00:00:00+08:00,42.45,42.45,42.21,42.21,8166,0.0,0.0,0.0
2017-09-25 00:00:00+08:00,42.19,42.19,41.73,41.73,52261,0.0,0.0,0.0
2017-09-26 00:00:00+08:00,41.66,41.66,41.53,41.53,34355,0.0,0.0,0.0
2017-09-27 00:00:00+08:00,41.68,41.68,41.68,41.68,1170,0.0,0.0,0.0
2017-09-28 00:00:00+08:00,41.68,41.68,41.55,41.55,3123,0.0,0.0,0.0
2017-09-29 00:00:00+08:00,41.38,41.7,41.38,41.7,3692,0.0,0.0,0.0
2017-10-02 00:00:00+08:00,41.92,41.99,41.92,41.99,5260,0.0,0.0,0.0
2017-10-03 00:00:00+08:00,41.99,41.99,41.99,41.99,0,0.0,0.0,0.0
2017-10-05 00:00:00+08:00,42.12,42.27,42.12,42.27,4020,0.0,0.0,0.0
2017-10-06 00:00:00+08:00,42.21,42.51,42.21,42.5,40000,0.0,0.0,0.0
2017-10-11 00:00:00+08:00,42.86,42.87,42.86,42.87,2754,0.0,0.0,0.0
2017-10-12 00:00:00+08:00,43.29,43.33,43.29,43.33,24020,0.0,0.0,0.0
2017-10-13 00:00:00+08:00,43.27,43.27,43.27,43.27,3100,0.0,0.0,0.0
2017-10-16 00:00:00+08:00,43.61,43.66,43.61,43.64,41332,0.0,0.0,0.0
2017-10-17 00:00:00+08:00,43.67,43.67,43.51,43.51,5000,0.0,0.0,0.0
2017-10-19 00:00:00+08:00,43.77,43.77,43.71,43.71,3301,0.0,0.0,0.0
2017-10-20 00:00:00+08:00,43.71,43.71,43.71,43.71,3119,0.0,0.0,0.0
2017-10-23 00:00:00+08:00,43.85,43.85,43.71,43.71,14460,0.0,0.0,0.0
2017-10-24 00:00:00+08:00,43.44,43.51,43.4,43.4,3578,0.0,0.0,0.0
2017-10-25 00:00:00+08:00,43.4,43.4,43.4,43.4,0,0.0,0.0,0.0
2017-10-26 00:00:00+08:00,43.66,43.66,43.64,43.65,35000,0.0,0.0,0.0
2017-10-27 00:00:00+08:00,43.46,43.46,43.46,43.46,1500,0.0,0.0,0.0
2017-10-30 00:00:00+08:00,44.08,44.08,44.08,44.08,2649,0.0,0.0,0.0
2017-10-31 00:00:00+08:00,43.99,44.03,43.95,44.03,4010,0.0,0.0,0.0
2017-11-01 00:00:00+08:00,43.95,43.95,43.95,43.95,1000,0.0,0.0,0.0
2017-11-02 00:00:00+08:00,43.95,43.95,43.95,43.95,0,0.0,0.0,0.0
2017-11-03 00:00:00+08:00,43.89,43.89,43.86,43.86,3218,0.0,0.0,0.0
2017-11-06 00:00:00+08:00,43.95,43.95,43.66,43.66,48130,0.0,0.0,0.0
2017-11-07 00:00:00+08:00,43.86,43.86,43.86,43.86,2290,0.0,0.0,0.0
2017-11-08 00:00:00+08:00,43.92,43.92,43.92,43.92,1150,0.0,0.0,0.0
2017-11-09 00:00:00+08:00,43.92,43.92,43.78,43.78,2110,0.0,0.0,0.0
2017-11-10 00:00:00+08:00,43.65,43.65,43.65,43.65,2222,0.0,0.0,0.0
2017-11-13 00:00:00+08:00,43.42,43.42,43.42,43.42,4685,0.0,0.0,0.0
2017-11-14 00:00:00+08:00,43.42,43.42,43.42,43.42,0,0.0,0.0,0.0
2017-11-15 00:00:00+08:00,43.24,43.24,43.2,43.2,3030,0.0,0.0,0.0
2017-11-16 00:00:00+08:00,43.08,43.09,43.08,43.09,46615,0.0,0.0,0.0
2017-11-17 00:00:00+08:00,43.62,43.62,43.42,43.42,3100,0.0,0.0,0.0
2017-11-20 00:00:00+08:00,43.42,43.42,43.42,43.42,1020,0.0,0.0,0.0
2017-11-21 00:00:00+08:00,43.34,43.81,43.34,43.81,13182,0.0,0.0,0.0
2017-11-22 00:00:00+08:00,43.99,44.17,43.99,44.03,6498,0.0,0.0,0.0
2017-11-23 00:00:00+08:00,43.95,43.95,43.95,43.95,5602,0.0,0.0,0.0
2017-11-24 00:00:00+08:00,43.95,43.95,43.95,43.95,1513,0.0,0.0,0.0
2017-11-27 00:00:00+08:00,43.95,43.95,43.74,43.74,39149,0.0,0.0,0.0
2017-11-28 00:00:00+08:00,43.43,43.43,43.31,43.31,2360,0.0,0.0,0.0
2017-11-29 00:00:00+08:00,43.43,43.43,43.18,43.18,13100,0.0,0.0,0.0
2017-11-30 00:00:00+08:00,44.3,44.3,43.02,43.02,61260,1.65,0.0,0.0
2017-12-01 00:00:00+08:00,43.02,43.02,42.24,42.56,46430,0.0,0.0,0.0
2017-12-04 00:00:00+08:00,42.56,42.94,42.38,42.94,7770,0.0,0.0,0.0
2017-12-05 00:00:00+08:00,42.64,42.7,42.57,42.57,4069,0.0,0.0,0.0
2017-12-06 00:00:00+08:00,42.11,42.34,41.57,41.57,95315,0.0,0.0,0.0
2017-12-07 00:00:00+08:00,41.67,41.67,41.26,41.26,4495,0.0,0.0,0.0
2017-12-08 00:00:00+08:00,41.26,41.7,41.26,41.59,12024,0.0,0.0,0.0
2017-12-11 00:00:00+08:00,41.59,41.59,41.59,41.59,0,0.0,0.0,0.0
2017-12-12 00:00:00+08:00,41.84,41.84,41.74,41.74,4149,0.0,0.0,0.0
2017-12-13 00:00:00+08:00,41.74,41.74,41.74,41.74,0,0.0,0.0,0.0
2017-12-14 00:00:00+08:00,42.06,42.22,42.06,42.22,3000,0.0,0.0,0.0
2017-12-15 00:00:00+08:00,41.85,41.85,41.85,41.85,1341,0.0,0.0,0.0
2017-12-18 00:00:00+08:00,41.91,41.91,41.85,41.85,50000,0.0,0.0,0.0
2017-12-19 00:00:00+08:00,41.84,41.84,41.54,41.54,9826,0.0,0.0,0.0
2017-12-20 00:00:00+08:00,41.54,41.54,41.54,41.54,0,0.0,0.0,0.0
2017-12-21 00:00:00+08:00,41.84,41.84,41.82,41.82,2299,0.0,0.0,0.0
2017-12-22 00:00:00+08:00,41.82,41.83,41.67,41.83,5818,0.0,0.0,0.0
2017-12-25 00:00:00+08:00,41.83,41.83,41.83,41.83,0,0.0,0.0,0.0
2017-12-26 00:00:00+08:00,41.84,41.84,41.56,41.56,40469,0.0,0.0,0.0
2017-12-27 00:00:00+08:00,41.55,41.55,41.55,41.55,1360,0.0,0.0,0.0
2017-12-28 00:00:00+08:00,41.55,41.55,41.55,41.55,0,0.0,0.0,0.0
2017-12-29 00:00:00+08:00,42.44,42.44,42.44,42.44,1200,0.0,0.0,0.0
2018-01-02 00:00:00+08:00,42.47,42.5,42.47,42.5,4380,0.0,0.0,0.0
2018-01-03 00:00:00+08:00,42.56,43.0,42.56,42.95,12347,0.0,0.0,0.0
2018-01-04 00:00:00+08:00,42.95,42.95,42.84,42.95,7521,0.0,0.0,0.0
2018-01-05 00:00:00+08:00,42.81,42.81,42.76,42.76,3882,0.0,0.0,0.0
2018-01-08 00:00:00+08:00,43.34,43.34,43.29,43.34,55841,0.0,0.0,0.0
2018-01-09 00:00:00+08:00,43.34,43.34,43.09,43.09,4625,0.0,0.0,0.0
2018-01-10 00:00:00+08:00,43.24,43.24,43.24,43.24,1472,0.0,0.0,0.0
2018-01-11 00:00:00+08:00,42.65,42.65,42.65,42.65,1120,0.0,0.0,0.0
2018-01-12 00:00:00+08:00,43.26,43.26,43.26,43.26,1121,0.0,0.0,0.0
2018-01-15 00:00:00+08:00,43.57,43.57,43.28,43.32,15462,0.0,0.0,0.0
2018-01-16 00:00:00+08:00,43.5,43.61,43.48,43.56,58395,0.0,0.0,0.0
2018-01-17 00:00:00+08:00,43.56,43.56,43.56,43.56,7988,0.0,0.0,0.0
2018-01-18 00:00:00+08:00,43.88,44.14,43.88,44.14,7341,0.0,0.0,0.0
2018-01-19 00:00:00+08:00,44.19,45.11,44.19,45.11,42210,0.0,0.0,0.0
2018-01-22 00:00:00+08:00,45.25,45.25,45.11,45.11,13112,0.0,0.0,0.0
2018-01-23 00:00:00+08:00,45.29,45.36,45.26,45.36,8101,0.0,0.0,0.0
2018-01-24 00:00:00+08:00,45.34,45.34,44.64,44.66,8379,0.0,0.0,0.0
2018-01-25 00:00:00+08:00,44.66,45.27,44.66,45.05,9147,0.0,0.0,0.0
2018-01-26 00:00:00+08:00,44.88,44.88,44.53,44.85,47576,0.0,0.0,0.0
2018-01-29 00:00:00+08:00,44.98,44.98,44.63,44.63,12260,0.0,0.0,0.0
2018-01-30 00:00:00+08:00,44.56,44.56,44.56,44.56,1695,0.0,0.0,0.0
2018-01-31 00:00:00+08:00,44.34,44.64,44.34,44.64,6095,0.0,0.0,0.0
2018-02-01 00:00:00+08:00,44.64,44.64,44.64,44.64,3007,0.0,0.0,0.0
2018-02-02 00:00:00+08:00,44.45,44.64,44.45,44.64,4930,0.0,0.0,0.0
2018-02-05 00:00:00+08:00,44.02,44.16,44.02,44.16,3234,0.0,0.0,0.0
2018-02-06 00:00:00+08:00,42.49,43.6,42.25,42.25,78523,0.0,0.0,0.0
2018-02-07 00:00:00+08:00,42.25,43.17,42.25,42.8,7600,0.0,0.0,0.0
2018-02-08 00:00:00+08:00,42.65,42.65,42.54,42.54,2711,0.0,0.0,0.0
2018-02-09 00:00:00+08:00,42.29,42.29,42.01,42.29,9576,0.0,0.0,0.0
2018-02-12 00:00:00+08:00,42.29,42.74,42.29,42.67,15662,0.0,0.0,0.0
2018-02-21 00:00:00+08:00,43.42,43.75,43.4,43.48,58579,0.0,0.0,0.0
2018-02-22 00:00:00+08:00,43.44,43.44,43.04,43.04,3326,0.0,0.0,0.0
2018-02-23 00:00:00+08:00,43.62,43.62,43.62,43.62,1639,0.0,0.0,0.0
2018-02-26 00:00:00+08:00,43.59,44.37,43.59,44.04,71959,0.0,0.0,0.0
2018-02-27 00:00:00+08:00,44.05,44.05,43.79,43.79,13638,0.0,0.0,0.0
2018-03-01 00:00:00+08:00,43.4,43.43,43.29,43.29,8605,0.0,0.0,0.0
2018-03-02 00:00:00+08:00,43.29,43.29,43.29,43.29,0,0.0,0.0,0.0
2018-03-05 00:00:00+08:00,43.26,43.26,43.02,43.02,3276,0.0,0.0,0.0
2018-03-06 00:00:00+08:00,43.42,43.42,43.36,43.36,74622,0.0,0.0,0.0
2018-03-07 00:00:00+08:00,43.35,43.35,43.17,43.17,2310,0.0,0.0,0.0
2018-03-08 00:00:00+08:00,43.17,43.17,43.17,43.17,0,0.0,0.0,0.0
2018-03-12 00:00:00+08:00,44.15,44.58,44.15,44.58,4903,0.0,0.0,0.0
2018-03-13 00:00:00+08:00,44.46,44.7,44.46,44.7,7229,0.0,0.0,0.0
2018-03-14 00:00:00+08:00,44.65,44.68,44.46,44.68,4018,0.0,0.0,0.0
2018-03-15 00:00:00+08:00,44.68,44.68,44.68,44.68,0,0.0,0.0,0.0
2018-03-16 00:00:00+08:00,44.18,44.62,43.91,44.62,77470,0.0,0.0,0.0
2018-03-19 00:00:00+08:00,44.43,44.64,44.43,44.5,4527,0.0,0.0,0.0
2018-03-20 00:00:00+08:00,44.22,44.37,44.22,44.37,6099,0.0,0.0,0.0
2018-03-21 00:00:00+08:00,44.54,44.54,44.25,44.25,2201,0.0,0.0,0.0
2018-03-22 00:00:00+08:00,44.25,44.25,44.25,44.25,0,0.0,0.0,0.0
2018-03-23 00:00:00+08:00,43.45,43.45,43.38,43.38,6418,0.0,0.0,0.0
2018-03-26 00:00:00+08:00,43.32,43.44,43.28,43.36,44605,0.0,0.0,0.0
2018-03-27 00:00:00+08:00,43.76,43.99,43.76,43.81,6158,0.0,0.0,0.0
2018-03-28 00:00:00+08:00,43.54,43.54,43.54,43.54,1397,0.0,0.0,0.0
2018-03-29 00:00:00+08:00,43.54,43.54,43.44,43.44,5150,0.0,0.0,0.0
2018-03-30 00:00:00+08:00,43.78,43.78,43.78,43.78,1010,0.0,0.0,0.0
2018-04-02 00:00:00+08:00,43.7,43.7,43.64,43.64,6526,0.0,0.0,0.0
2018-04-03 00:00:00+08:00,43.47,43.47,43.47,43.47,1308,0.0,0.0,0.0
2018-04-09 00:00:00+08:00,43.47,43.69,43.46,43.69,65170,0.0,0.0,0.0
2018-04-10 00:00:00+08:00,43.69,43.74,43.69,43.74,2191,0.0,0.0,0.0
2018-04-11 00:00:00+08:00,43.85,43.85,43.85,43.85,4419,0.0,0.0,0.0
2018-04-12 00:00:00+08:00,43.85,43.85,43.85,43.85,0,0.0,0.0,0.0
2018-04-13 00:00:00+08:00,43.92,43.92,43.92,43.92,1230,0.0,0.0,0.0
2018-04-16 00:00:00+08:00,43.85,43.9,43.71,43.9,58300,0.0,0.0,0.0
2018-04-17 00:00:00+08:00,43.56,43.56,42.94,43.19,17888,0.0,0.0,0.0
2018-04-18 00:00:00+08:00,43.22,43.22,43.22,43.22,2066,0.0,0.0,0.0
2018-04-19 00:00:00+08:00,43.28,43.75,43.28,43.75,5210,0.0,0.0,0.0
2018-04-20 00:00:00+08:00,42.9,42.92,42.9,42.9,10220,0.0,0.0,0.0
2018-04-23 00:00:00+08:00,42.62,42.66,42.34,42.47,16883,0.0,0.0,0.0
2018-04-24 00:00:00+08:00,42.47,42.47,42.14,42.29,14187,0.0,0.0,0.0
2018-04-25 00:00:00+08:00,42.04,42.16,41.93,42.16,7888,0.0,0.0,0.0
2018-04-26 00:00:00+08:00,42.16,42.16,41.92,41.92,59751,0.0,0.0,0.0
2018-04-27 00:00:00+08:00,41.97,41.97,41.74,41.84,6380,0.0,0.0,0.0
2018-04-30 00:00:00+08:00,42.64,42.65,42.64,42.65,2060,0.0,0.0,0.0
2018-05-02 00:00:00+08:00,42.29,42.29,42.27,42.27,3562,0.0,0.0,0.0
2018-05-03 00:00:00+08:00,41.82,41.82,41.82,41.82,1165,0.0,0.0,0.0
2018-05-04 00:00:00+08:00,41.74,41.95,41.74,41.74,4746,0.0,0.0,0.0
2018-05-07 00:00:00+08:00,42.17,42.36,42.1,42.36,70081,0.0,0.0,0.0
2018-05-08 00:00:00+08:00,40.93,42.37,40.93,42.37,9103,0.0,0.0,0.0
2018-05-09 00:00:00+08:00,42.58,42.74,42.58,42.74,3529,0.0,0.0,0.0
2018-05-10 00:00:00+08:00,42.74,42.95,42.74,42.95,6422,0.0,0.0,0.0
2018-05-11 00:00:00+08:00,42.99,43.49,42.99,43.49,6250,0.0,0.0,0.0
2018-05-14 00:00:00+08:00,43.59,43.78,43.59,43.78,4252,0.0,0.0,0.0
2018-05-15 00:00:00+08:00,43.84,43.84,43.64,43.65,11936,0.0,0.0,0.0
2018-05-16 00:00:00+08:00,43.48,43.52,43.44,43.52,108406,0.0,0.0,0.0
2018-05-17 00:00:00+08:00,43.41,43.41,43.16,43.16,14061,0.0,0.0,0.0
2018-05-18 00:00:00+08:00,43.11,43.15,43.11,43.15,2980,0.0,0.0,0.0
2018-05-21 00:00:00+08:00,43.32,43.45,43.32,43.45,5829,0.0,0.0,0.0
2018-05-22 00:00:00+08:00,43.64,43.82,43.64,43.72,7166,0.0,0.0,0.0
2018-05-23 00:00:00+08:00,43.72,43.72,43.44,43.44,52587,0.0,0.0,0.0
2018-05-24 00:00:00+08:00,43.44,43.5,43.44,43.5,3000,0.0,0.0,0.0
2018-05-25 00:00:00+08:00,43.44,43.53,43.44,43.53,5121,0.0,0.0,0.0
2018-05-28 00:00:00+08:00,43.86,43.91,43.81,43.9,52016,0.0,0.0,0.0
2018-05-29 00:00:00+08:00,43.71,43.71,43.47,43.47,24100,0.0,0.0,0.0
2018-05-30 00:00:00+08:00,42.89,43.25,42.89,42.89,71204,0.0,0.0,0.0
2018-05-31 00:00:00+08:00,43.05,43.16,42.84,42.84,42358,0.0,0.0,0.0
2018-06-01 00:00:00+08:00,42.88,42.93,42.88,42.93,52722,0.0,0.0,0.0
2018-06-04 00:00:00+08:00,43.33,43.9,43.33,43.58,44439,0.0,0.0,0.0
2018-06-05 00:00:00+08:00,43.74,43.74,43.74,43.74,40208,0.0,0.0,0.0
2018-06-06 00:00:00+08:00,43.79,44.3,43.79,44.15,102093,0.0,0.0,0.0
2018-06-07 00:00:00+08:00,44.32,44.32,44.23,44.25,46039,0.0,0.0,0.0
2018-06-08 00:00:00+08:00,44.08,44.09,44.06,44.06,45220,0.0,0.0,0.0
2018-06-11 00:00:00+08:00,44.06,44.11,44.06,44.06,48500,0.0,0.0,0.0
2018-06-12 00:00:00+08:00,44.06,44.06,43.99,43.99,43782,0.0,0.0,0.0
2018-06-13 00:00:00+08:00,44.16,44.16,44.07,44.07,41500,0.0,0.0,0.0
2018-06-14 00:00:00+08:00,44.0,44.0,43.72,43.72,43041,0.0,0.0,0.0
2018-06-15 00:00:00+08:00,43.59,43.59,43.43,43.43,43343,0.0,0.0,0.0
2018-06-19 00:00:00+08:00,43.43,43.6,43.34,43.34,67331,0.0,0.0,0.0
2018-06-20 00:00:00+08:00,43.26,43.34,43.26,43.34,48673,0.0,0.0,0.0
2018-06-21 00:00:00+08:00,43.49,43.49,43.42,43.43,46878,0.0,0.0,0.0
2018-06-22 00:00:00+08:00,43.29,43.54,43.29,43.45,44613,0.0,0.0,0.0
2018-06-25 00:00:00+08:00,43.45,43.64,43.45,43.55,45466,0.0,0.0,0.0
2018-06-26 00:00:00+08:00,43.38,43.57,42.93,43.05,69040,0.0,0.0,0.0
2018-06-27 00:00:00+08:00,43.11,43.11,43.05,43.05,42000,0.0,0.0,0.0
2018-06-28 00:00:00+08:00,42.74,42.84,42.58,42.84,38679,0.0,0.0,0.0
2018-06-29 00:00:00+08:00,43.01,43.24,43.01,43.24,39000,0.0,0.0,0.0
2018-07-02 00:00:00+08:00,43.42,43.42,43.24,43.24,39653,0.0,0.0,0.0
2018-07-03 00:00:00+08:00,43.42,43.42,43.1,43.1,41326,0.0,0.0,0.0
2018-07-04 00:00:00+08:00,43.13,43.13,43.13,43.13,40520,0.0,0.0,0.0
2018-07-05 00:00:00+08:00,43.1,43.14,43.08,43.09,43200,0.0,0.0,0.0
2018-07-06 00:00:00+08:00,45.28,45.28,42.83,43.21,114052,0.0,0.0,0.0
2018-07-09 00:00:00+08:00,43.21,43.21,43.21,43.21,0,0.0,0.0,0.0
2018-07-10 00:00:00+08:00,43.64,43.64,43.57,43.57,42913,0.0,0.0,0.0
2018-07-11 00:00:00+08:00,43.4,43.4,43.4,43.4,41138,0.0,0.0,0.0
2018-07-12 00:00:00+08:00,43.37,43.73,43.37,43.65,42042,0.0,0.0,0.0
2018-07-13 00:00:00+08:00,43.76,43.9,43.76,43.85,51442,0.0,0.0,0.0
2018-07-16 00:00:00+08:00,43.94,44.17,43.94,44.11,99022,0.0,0.0,0.0
2018-07-17 00:00:00+08:00,43.93,44.01,43.65,43.65,69382,0.0,0.0,0.0
2018-07-18 00:00:00+08:00,43.65,43.83,43.65,43.81,47016,0.0,0.0,0.0
2018-07-19 00:00:00+08:00,43.73,43.74,43.73,43.74,48036,0.0,0.0,0.0
2018-07-20 00:00:00+08:00,44.4,44.46,44.35,44.38,44875,0.0,0.0,0.0
2018-07-23 00:00:00+08:00,44.37,44.78,44.37,44.64,54225,0.0,0.0,0.0
2018-07-24 00:00:00+08:00,44.54,44.62,44.54,44.62,43835,0.0,0.0,0.0
2018-07-25 00:00:00+08:00,44.63,44.68,44.63,44.64,43087,0.0,0.0,0.0
2018-07-26 00:00:00+08:00,45.16,45.25,45.07,45.25,79075,0.65,0.0,0.0
2018-07-27 00:00:00+08:00,45.21,45.27,45.21,45.22,42954,0.0,0.0,0.0
2018-07-30 00:00:00+08:00,45.26,45.34,45.22,45.29,49539,0.0,0.0,0.0
2018-07-31 00:00:00+08:00,45.15,45.3,45.15,45.3,41753,0.0,0.0,0.0
2018-08-01 00:00:00+08:00,45.37,45.44,45.37,45.41,43060,0.0,0.0,0.0
2018-08-02 00:00:00+08:00,45.47,45.62,44.89,44.89,56533,0.0,0.0,0.0
2018-08-03 00:00:00+08:00,44.89,45.29,44.89,45.27,46477,0.0,0.0,0.0
2018-08-06 00:00:00+08:00,45.18,45.66,45.18,45.66,109370,0.0,0.0,0.0
2018-08-07 00:00:00+08:00,45.62,45.62,45.55,45.56,44900,0.0,0.0,0.0
2018-08-08 00:00:00+08:00,45.64,45.84,45.64,45.77,47853,0.0,0.0,0.0
2018-08-09 00:00:00+08:00,45.59,45.69,45.58,45.59,48868,0.0,0.0,0.0
2018-08-10 00:00:00+08:00,45.47,45.47,45.47,45.47,40929,0.0,0.0,0.0
2018-08-13 00:00:00+08:00,45.22,45.22,44.65,44.65,42619,0.0,0.0,0.0
2018-08-14 00:00:00+08:00,44.76,44.77,44.71,44.71,43528,0.0,0.0,0.0
2018-08-15 00:00:00+08:00,44.8,44.8,44.38,44.4,75607,0.0,0.0,0.0
2018-08-16 00:00:00+08:00,44.26,44.74,44.2,44.64,107300,0.0,0.0,0.0
2018-08-17 00:00:00+08:00,44.75,44.92,44.75,44.77,44082,0.0,0.0,0.0
2018-08-20 00:00:00+08:00,44.77,44.77,44.77,44.77,0,0.0,0.0,0.0
2018-08-21 00:00:00+08:00,44.95,45.02,44.95,45.02,41698,0.0,0.0,0.0
2018-08-22 00:00:00+08:00,45.02,45.14,45.02,45.14,42770,0.0,0.0,0.0
2018-08-23 00:00:00+08:00,45.07,45.3,45.07,45.3,46401,0.0,0.0,0.0
2018-08-24 00:00:00+08:00,45.29,45.29,45.29,45.29,41100,0.0,0.0,0.0
2018-08-27 00:00:00+08:00,45.36,45.69,45.36,45.69,96300,0.0,0.0,0.0
2018-08-28 00:00:00+08:00,45.83,45.99,45.83,45.97,52819,0.0,0.0,0.0
2018-08-29 00:00:00+08:00,46.22,46.5,46.22,46.5,45687,0.0,0.0,0.0
2018-08-30 00:00:00+08:00,46.96,47.0,46.73,46.73,50719,0.0,0.0,0.0
2018-08-31 00:00:00+08:00,46.41,46.41,46.27,46.27,48358,0.0,0.0,0.0
2018-09-03 00:00:00+08:00,46.45,46.45,46.07,46.07,48040,0.0,0.0,0.0
2018-09-04 00:00:00+08:00,46.18,46.18,46.18,46.18,41353,0.0,0.0,0.0
2018-09-05 00:00:00+08:00,46.36,46.54,46.36,46.45,43580,0.0,0.0,0.0
2018-09-06 00:00:00+08:00,46.22,46.31,46.08,46.31,111719,0.0,0.0,0.0
2018-09-07 00:00:00+08:00,46.08,46.08,45.9,45.9,77377,0.0,0.0,0.0
2018-09-10 00:00:00+08:00,46.13,46.31,45.72,45.72,62770,0.0,0.0,0.0
2018-09-11 00:00:00+08:00,45.64,45.72,45.6,45.71,47565,0.0,0.0,0.0
2018-09-12 00:00:00+08:00,45.71,45.71,45.62,45.67,44499,0.0,0.0,0.0
2018-09-13 00:00:00+08:00,45.67,45.67,45.53,45.53,42551,0.0,0.0,0.0
2018-09-14 00:00:00+08:00,45.97,46.31,45.97,46.27,54228,0.0,0.0,0.0
2018-09-17 00:00:00+08:00,46.18,46.36,46.04,46.06,81438,0.0,0.0,0.0
2018-09-18 00:00:00+08:00,45.97,45.97,45.71,45.71,46950,0.0,0.0,0.0
2018-09-19 00:00:00+08:00,45.87,45.94,45.79,45.9,40600,0.0,0.0,0.0
2018-09-20 00:00:00+08:00,46.08,46.08,45.9,46.04,44218,0.0,0.0,0.0
2018-09-21 00:00:00+08:00,46.07,46.36,46.07,46.36,50790,0.0,0.0,0.0
2018-09-25 00:00:00+08:00,46.54,46.59,46.54,46.59,43857,0.0,0.0,0.0
2018-09-26 00:00:00+08:00,46.68,46.82,46.59,46.82,109793,0.0,0.0,0.0
2018-09-27 00:00:00+08:00,46.82,47.05,46.82,46.87,41890,0.0,0.0,0.0
2018-09-28 00:00:00+08:00,46.87,47.19,46.73,46.73,52676,0.0,0.0,0.0
2018-10-01 00:00:00+08:00,46.73,47.14,46.64,47.05,53802,0.0,0.0,0.0
2018-10-02 00:00:00+08:00,46.82,46.82,46.18,46.45,47643,0.0,0.0,0.0
2018-10-03 00:00:00+08:00,46.45,46.45,46.36,46.41,55996,0.0,0.0,0.0
2018-10-04 00:00:00+08:00,46.31,46.31,45.89,45.95,69261,0.0,0.0,0.0
2018-10-05 00:00:00+08:00,45.59,45.59,45.21,45.25,57629,0.0,0.0,0.0
2018-10-08 00:00:00+08:00,45.0,45.16,44.26,44.99,198641,0.0,0.0,0.0
2018-10-09 00:00:00+08:00,44.76,44.76,44.2,44.53,122168,0.0,0.0,0.0
2018-10-11 00:00:00+08:00,42.78,42.78,41.66,41.66,170796,0.0,0.0,0.0
2018-10-12 00:00:00+08:00,41.83,42.57,41.75,42.55,73281,0.0,0.0,0.0
2018-10-15 00:00:00+08:00,42.55,42.55,42.16,42.25,69590,0.0,0.0,0.0
2018-10-16 00:00:00+08:00,42.12,42.49,42.12,42.48,93113,0.0,0.0,0.0
2018-10-17 00:00:00+08:00,42.93,43.1,42.81,42.81,57751,0.0,0.0,0.0
2018-10-18 00:00:00+08:00,42.68,42.68,42.57,42.58,53133,0.0,0.0,0.0
2018-10-19 00:00:00+08:00,42.03,42.39,41.91,42.38,53264,0.0,0.0,0.0
2018-10-22 00:00:00+08:00,42.18,42.54,42.02,42.54,41121,0.0,0.0,0.0
2018-10-23 00:00:00+08:00,42.23,42.26,41.94,41.97,62529,0.0,0.0,0.0
2018-10-24 00:00:00+08:00,41.84,41.84,41.45,41.66,42405,0.0,0.0,0.0
2018-10-25 00:00:00+08:00,40.7,40.85,40.56,40.85,47270,0.0,0.0,0.0
2018-10-26 00:00:00+08:00,40.91,40.91,40.26,40.65,85073,0.0,0.0,0.0
2018-10-29 00:00:00+08:00,40.77,40.79,40.65,40.65,42623,0.0,0.0,0.0
2018-10-30 00:00:00+08:00,40.77,41.01,40.76,40.97,43492,0.0,0.0,0.0
2018-10-31 00:00:00+08:00,40.97,40.97,40.97,40.97,0,0.0,0.0,0.0
2018-11-01 00:00:00+08:00,41.75,42.07,41.72,42.07,47170,0.0,0.0,0.0
2018-11-02 00:00:00+08:00,42.07,42.3,41.94,42.3,45876,0.0,0.0,0.0
2018-11-05 00:00:00+08:00,41.96,41.96,41.83,41.87,46832,0.0,0.0,0.0
2018-11-06 00:00:00+08:00,41.96,41.96,41.74,41.77,102658,0.0,0.0,0.0
2018-11-07 00:00:00+08:00,41.94,41.97,41.94,41.97,43532,0.0,0.0,0.0
2018-11-08 00:00:00+08:00,42.31,42.31,42.26,42.26,47064,0.0,0.0,0.0
2018-11-09 00:00:00+08:00,42.26,42.26,42.26,42.26,0,0.0,0.0,0.0
2018-11-12 00:00:00+08:00,41.5,41.77,41.5,41.71,41660,0.0,0.0,0.0
2018-11-13 00:00:00+08:00,41.71,41.71,41.71,41.71,0,0.0,0.0,0.0
2018-11-14 00:00:00+08:00,41.37,41.37,41.14,41.14,44527,0.0,0.0,0.0
2018-11-15 00:00:00+08:00,41.24,41.38,41.24,41.32,40989,0.0,0.0,0.0
2018-11-16 00:00:00+08:00,41.47,41.47,41.27,41.27,85482,0.0,0.0,0.0
2018-11-19 00:00:00+08:00,41.27,41.27,41.27,41.27,0,0.0,0.0,0.0
2018-11-20 00:00:00+08:00,40.89,40.96,40.81,40.84,45864,0.0,0.0,0.0
2018-11-21 00:00:00+08:00,40.36,40.92,40.29,40.92,52143,0.0,0.0,0.0
2018-11-22 00:00:00+08:00,40.94,41.05,40.94,40.94,66758,0.0,0.0,0.0
2018-11-23 00:00:00+08:00,40.94,40.94,40.44,40.52,69134,0.0,0.0,0.0
2018-11-26 00:00:00+08:00,40.52,40.52,40.52,40.52,0,0.0,0.0,0.0
2018-11-27 00:00:00+08:00,40.65,40.65,40.44,40.63,383342,0.0,0.0,0.0
2018-11-28 00:00:00+08:00,40.63,41.12,40.63,41.12,90636,0.0,0.0,0.0
2018-11-29 00:00:00+08:00,41.6,41.77,41.4,41.4,54666,2.0,0.0,0.0
2018-11-30 00:00:00+08:00,41.4,41.4,41.4,41.4,0,0.0,0.0,0.0
2018-12-03 00:00:00+08:00,41.91,42.16,41.91,42.16,77497,0.0,0.0,0.0
2018-12-04 00:00:00+08:00,42.16,42.16,42.16,42.16,0,0.0,0.0,0.0
2018-12-05 00:00:00+08:00,41.24,41.33,41.17,41.17,60010,0.0,0.0,0.0
2018-12-06 00:00:00+08:00,40.69,40.72,40.33,40.43,205671,0.0,0.0,0.0
2018-12-07 00:00:00+08:00,40.43,40.43,40.43,40.43,0,0.0,0.0,0.0
2018-12-10 00:00:00+08:00,40.3,40.3,40.0,40.01,69615,0.0,0.0,0.0
2018-12-11 00:00:00+08:00,40.01,40.01,40.01,40.01,0,0.0,0.0,0.0
2018-12-12 00:00:00+08:00,40.44,40.62,40.44,40.62,69072,0.0,0.0,0.0
2018-12-13 00:00:00+08:00,40.66,40.93,40.62,40.77,51942,0.0,0.0,0.0
2018-12-14 00:00:00+08:00,40.64,40.64,40.33,40.53,45082,0.0,0.0,0.0
2018-12-17 00:00:00+08:00,40.53,40.56,40.53,40.56,131667,0.0,0.0,0.0
2018-12-18 00:00:00+08:00,40.22,40.33,40.18,40.26,48585,0.0,0.0,0.0
2018-12-19 00:00:00+08:00,40.26,40.26,40.26,40.26,0,0.0,0.0,0.0
2018-12-20 00:00:00+08:00,40.24,40.24,39.97,39.97,54144,0.0,0.0,0.0
2018-12-21 00:00:00+08:00,39.97,40.24,39.95,40.24,46438,0.0,0.0,0.0
2018-12-24 00:00:00+08:00,40.01,40.01,39.98,40.01,52610,0.0,0.0,0.0
2018-12-25 00:00:00+08:00,39.39,39.59,39.34,39.45,59770,0.0,0.0,0.0
2018-12-26 00:00:00+08:00,39.56,39.66,39.53,39.53,85705,0.0,0.0,0.0
2018-12-27 00:00:00+08:00,39.56,40.3,39.56,40.16,50071,0.0,0.0,0.0
2018-12-28 00:00:00+08:00,39.95,40.21,39.95,40.12,48181,0.0,0.0,0.0
2019-01-02 00:00:00+08:00,40.65,40.65,39.73,39.73,58933,0.0,0.0,0.0
2019-01-03 00:00:00+08:00,39.37,39.39,39.32,39.35,46301,0.0,0.0,0.0
2019-01-04 00:00:00+08:00,38.9,38.9,38.57,38.62,79625,0.0,0.0,0.0
2019-01-07 00:00:00+08:00,39.08,39.63,39.08,39.63,156258,0.0,0.0,0.0
2019-01-08 00:00:00+08:00,39.54,39.54,39.47,39.47,42328,0.0,0.0,0.0
2019-01-09 00:00:00+08:00,39.93,40.26,39.92,40.26,40572,0.0,0.0,0.0
2019-01-10 00:00:00+08:00,40.16,40.16,40.0,40.0,41339,0.0,0.0,0.0
2019-01-11 00:00:00+08:00,40.43,40.46,40.43,40.43,45297,0.0,0.0,0.0
2019-01-14 00:00:00+08:00,40.43,40.43,40.13,40.13,44521,0.0,0.0,0.0
2019-01-15 00:00:00+08:00,40.13,40.57,40.13,40.57,52887,0.0,0.0,0.0
2019-01-16 00:00:00+08:00,40.53,40.67,40.52,40.67,116716,0.0,0.0,0.0
2019-01-17 00:00:00+08:00,40.63,40.71,40.6,40.63,48588,0.0,0.0,0.0
2019-01-18 00:00:00+08:00,41.0,41.0,40.62,40.72,49936,0.0,0.0,0.0
2019-01-21 00:00:00+08:00,41.4,41.4,41.01,41.14,55321,0.0,0.0,0.0
2019-01-22 00:00:00+08:00,41.03,41.03,40.96,40.96,44303,0.0,0.0,0.0
2019-01-23 00:00:00+08:00,40.94,40.94,40.83,40.86,43298,0.0,0.0,0.0
2019-01-24 00:00:00+08:00,40.91,41.04,40.91,41.02,51668,0.0,0.0,0.0
2019-01-25 00:00:00+08:00,41.06,41.34,41.06,41.16,46025,0.0,0.0,0.0
2019-01-28 00:00:00+08:00,41.38,41.62,41.38,41.62,117971,0.0,0.0,0.0
2019-01-29 00:00:00+08:00,41.68,41.68,41.08,41.08,47440,0.0,0.0,0.0
2019-01-30 00:00:00+08:00,41.08,41.12,40.91,41.12,49992,0.0,0.0,0.0
2019-02-11 00:00:00+08:00,41.86,41.86,41.47,41.62,150154,0.0,0.0,0.0
2019-02-12 00:00:00+08:00,41.59,41.64,41.49,41.64,51765,0.0,0.0,0.0
2019-02-13 00:00:00+08:00,41.68,41.68,41.62,41.64,52421,0.0,0.0,0.0
2019-02-14 00:00:00+08:00,41.64,41.73,41.54,41.54,51301,0.0,0.0,0.0
2019-02-15 00:00:00+08:00,41.54,41.54,41.44,41.45,51227,0.0,0.0,0.0
2019-02-18 00:00:00+08:00,41.49,41.84,41.49,41.82,128316,0.0,0.0,0.0
2019-02-19 00:00:00+08:00,41.79,41.79,41.76,41.76,43875,0.0,0.0,0.0
2019-02-20 00:00:00+08:00,41.8,42.12,41.8,42.12,63237,0.0,0.0,0.0
2019-02-21 00:00:00+08:00,42.19,42.38,42.19,42.38,81336,0.0,0.0,0.0
2019-02-22 00:00:00+08:00,42.31,42.38,42.27,42.32,45493,0.0,0.0,0.0
2019-02-25 00:00:00+08:00,42.7,42.74,42.64,42.64,56337,0.0,0.0,0.0
2019-02-26 00:00:00+08:00,42.71,42.95,42.67,42.95,127982,0.0,0.0,0.0
2019-02-27 00:00:00+08:00,42.84,42.84,42.65,42.75,48804,0.0,0.0,0.0
2019-03-04 00:00:00+08:00,42.75,42.79,42.48,42.6,81009,0.0,0.0,0.0
2019-03-05 00:00:00+08:00,42.46,42.46,42.34,42.41,57450,0.0,0.0,0.0
2019-03-06 00:00:00+08:00,42.43,42.58,42.43,42.56,140289,0.0,0.0,0.0
2019-03-07 00:00:00+08:00,42.53,42.53,42.46,42.5,63740,0.0,0.0,0.0
2019-03-08 00:00:00+08:00,42.24,42.24,41.97,42.12,75359,0.0,0.0,0.0
2019-03-11 00:00:00+08:00,42.07,42.1,41.95,42.1,75853,0.0,0.0,0.0
2019-03-12 00:00:00+08:00,42.3,42.72,42.3,42.64,59480,0.0,0.0,0.0
2019-03-13 00:00:00+08:00,42.61,42.75,42.55,42.65,57537,0.0,0.0,0.0
2019-03-14 00:00:00+08:00,42.79,42.84,42.63,42.63,54609,0.0,0.0,0.0
2019-03-15 00:00:00+08:00,42.63,42.9,42.61,42.9,50109,0.0,0.0,0.0
2019-03-18 00:00:00+08:00,43.04,43.26,43.04,43.22,134033,0.0,0.0,0.0
2019-03-19 00:00:00+08:00,43.22,43.27,43.13,43.27,62845,0.0,0.0,0.0
2019-03-20 00:00:00+08:00,43.32,43.4,43.28,43.36,60931,0.0,0.0,0.0
2019-03-21 00:00:00+08:00,43.43,43.57,43.43,43.57,102677,0.0,0.0,0.0
2019-03-22 00:00:00+08:00,44.02,44.04,43.74,43.89,87931,0.0,0.0,0.0
2019-03-25 00:00:00+08:00,43.81,43.81,43.2,43.24,78826,0.0,0.0,0.0
2019-03-26 00:00:00+08:00,43.36,43.69,43.36,43.69,122092,0.0,0.0,0.0
2019-03-27 00:00:00+08:00,43.69,43.83,43.6,43.6,61707,0.0,0.0,0.0
2019-03-28 00:00:00+08:00,43.54,43.54,43.33,43.54,50975,0.0,0.0,0.0
2019-03-29 00:00:00+08:00,43.58,43.86,43.54,43.86,55606,0.0,0.0,0.0
2019-04-01 00:00:00+08:00,44.4,44.45,44.13,44.13,71636,0.0,0.0,0.0
2019-04-02 00:00:00+08:00,44.4,44.4,44.27,44.27,70059,0.0,0.0,0.0
2019-04-03 00:00:00+08:00,44.32,44.38,44.12,44.29,78423,0.0,0.0,0.0
2019-04-08 00:00:00+08:00,44.49,44.8,44.49,44.8,201469,0.0,0.0,0.0
2019-04-09 00:00:00+08:00,44.8,45.01,44.72,45.01,94273,0.0,0.0,0.0
2019-04-10 00:00:00+08:00,44.97,44.97,44.82,44.97,63025,0.0,0.0,0.0
2019-04-11 00:00:00+08:00,44.97,45.01,44.77,44.86,86484,0.0,0.0,0.0
2019-04-12 00:00:00+08:00,44.72,44.78,44.72,44.78,55506,0.0,0.0,0.0
2019-04-15 00:00:00+08:00,44.98,45.1,44.98,45.06,81948,0.0,0.0,0.0
2019-04-16 00:00:00+08:00,45.18,45.37,45.18,45.37,189375,0.0,0.0,0.0
2019-04-17 00:00:00+08:00,45.52,45.8,45.52,45.76,78105,0.0,0.0,0.0
2019-04-18 00:00:00+08:00,45.9,46.13,45.7,45.7,72794,0.0,0.0,0.0
2019-04-19 00:00:00+08:00,46.04,46.04,45.62,45.67,81131,0.0,0.0,0.0
2019-04-22 00:00:00+08:00,45.83,45.93,45.74,45.77,89981,0.0,0.0,0.0
2019-04-23 00:00:00+08:00,45.77,45.87,45.67,45.87,56654,0.0,0.0,0.0
2019-04-24 00:00:00+08:00,46.09,46.09,45.93,45.93,56974,0.0,0.0,0.0
2019-04-25 00:00:00+08:00,45.88,46.03,45.88,45.98,57944,0.0,0.0,0.0
2019-04-26 00:00:00+08:00,46.03,46.03,45.54,45.68,175719,0.0,0.0,0.0
2019-04-29 00:00:00+08:00,45.88,45.88,45.68,45.68,51652,0.0,0.0,0.0
2019-04-30 00:00:00+08:00,45.68,45.68,45.66,45.67,52236,0.0,0.0,0.0
2019-05-02 00:00:00+08:00,45.67,45.98,45.67,45.9,90171,0.0,0.0,0.0
2019-05-03 00:00:00+08:00,45.9,46.32,45.9,46.22,73141,0.0,0.0,0.0
2019-05-06 00:00:00+08:00,46.12,46.12,45.45,45.64,249558,0.0,0.0,0.0
2019-05-07 00:00:00+08:00,45.52,45.95,45.52,45.95,80412,0.0,0.0,0.0
2019-05-08 00:00:00+08:00,45.66,45.74,45.48,45.74,75912,0.0,0.0,0.0
2019-05-09 00:00:00+08:00,45.55,45.55,44.97,45.01,106352,0.0,0.0,0.0
2019-05-10 00:00:00+08:00,45.01,45.17,44.77,44.98,104543,0.0,0.0,0.0
2019-05-13 00:00:00+08:00,44.7,44.72,44.26,44.27,254976,0.0,0.0,0.0
2019-05-14 00:00:00+08:00,44.19,44.19,43.42,43.96,127421,0.0,0.0,0.0
2019-05-15 00:00:00+08:00,44.03,44.19,43.95,43.95,186896,0.0,0.0,0.0
2019-05-16 00:00:00+08:00,43.85,43.94,43.69,43.77,326820,0.0,0.0,0.0
2019-05-17 00:00:00+08:00,43.84,43.84,43.11,43.11,358847,0.0,0.0,0.0
2019-05-20 00:00:00+08:00,43.24,43.42,43.08,43.11,208227,0.0,0.0,0.0
2019-05-21 00:00:00+08:00,42.99,43.19,42.87,43.13,301143,0.0,0.0,0.0
2019-05-22 00:00:00+08:00,43.13,43.41,43.11,43.12,244417,0.0,0.0,0.0
2019-05-23 00:00:00+08:00,42.84,42.84,42.23,42.29,497688,0.0,0.0,0.0
2019-05-24 00:00:00+08:00,42.39,42.58,42.34,42.44,157915,0.0,0.0,0.0
2019-05-27 00:00:00+08:00,42.54,42.55,42.26,42.41,310025,0.0,0.0,0.0
2019-05-28 00:00:00+08:00,42.5,42.5,42.26,42.34,133603,0.0,0.0,0.0
2019-05-29 00:00:00+08:00,42.31,42.31,41.9,42.17,135266,0.0,0.0,0.0
2019-05-30 00:00:00+08:00,42.17,42.55,42.17,42.55,92435,0.0,0.0,0.0
2019-05-31 00:00:00+08:00,42.55,43.21,42.55,43.15,97041,0.0,0.0,0.0
2019-06-03 00:00:00+08:00,43.07,43.27,42.71,43.27,86712,0.0,0.0,0.0
2019-06-04 00:00:00+08:00,43.33,43.33,42.96,42.99,141546,0.0,0.0,0.0
2019-06-05 00:00:00+08:00,43.39,43.39,43.0,43.03,109953,0.0,0.0,0.0
2019-06-06 00:00:00+08:00,42.99,42.99,42.66,42.71,305375,0.0,0.0,0.0
2019-06-10 00:00:00+08:00,43.4,43.56,43.16,43.56,143152,0.0,0.0,0.0
2019-06-11 00:00:00+08:00,43.73,43.93,43.57,43.84,165739,0.0,0.0,0.0
2019-06-12 00:00:00+08:00,43.84,43.9,43.73,43.86,89070,0.0,0.0,0.0
2019-06-13 00:00:00+08:00,43.8,43.85,43.52,43.56,107808,0.0,0.0,0.0
2019-06-14 00:00:00+08:00,43.47,43.56,43.34,43.36,111646,0.0,0.0,0.0
2019-06-17 00:00:00+08:00,43.19,43.44,43.04,43.33,249774,0.0,0.0,0.0
2019-06-18 00:00:00+08:00,43.33,43.5,43.28,43.39,97086,0.0,0.0,0.0
2019-06-19 00:00:00+08:00,44.01,44.43,43.98,44.41,172697,0.0,0.0,0.0
2019-06-20 00:00:00+08:00,44.41,44.46,44.34,44.39,111696,0.0,0.0,0.0
2019-06-21 00:00:00+08:00,44.63,44.66,44.39,44.39,196274,0.0,0.0,0.0
2019-06-24 00:00:00+08:00,44.39,44.73,44.39,44.72,129090,0.0,0.0,0.0
2019-06-25 00:00:00+08:00,44.68,44.7,44.35,44.39,97292,0.0,0.0,0.0
2019-06-26 00:00:00+08:00,44.3,44.34,44.21,44.29,501559,0.0,0.0,0.0
2019-06-27 00:00:00+08:00,44.46,44.89,44.46,44.89,173357,0.0,0.0,0.0
2019-06-28 00:00:00+08:00,44.87,44.89,44.6,44.62,265685,0.0,0.0,0.0
2019-07-01 00:00:00+08:00,45.2,45.54,45.2,45.53,293200,0.0,0.0,0.0
2019-07-02 00:00:00+08:00,45.52,45.52,45.35,45.38,141359,0.0,0.0,0.0
2019-07-03 00:00:00+08:00,45.13,45.16,44.84,44.85,431492,0.0,0.0,0.0
2019-07-04 00:00:00+08:00,44.94,45.1,44.94,45.06,128020,0.0,0.0,0.0
2019-07-05 00:00:00+08:00,45.22,45.23,45.01,45.08,229572,0.0,0.0,0.0
2019-07-08 00:00:00+08:00,44.98,45.16,44.9,45.06,530815,0.0,0.0,0.0
2019-07-09 00:00:00+08:00,45.05,45.05,44.85,44.92,287975,0.0,0.0,0.0
2019-07-10 00:00:00+08:00,45.2,45.3,45.04,45.3,230663,0.0,0.0,0.0
2019-07-11 00:00:00+08:00,45.53,45.74,45.45,45.74,236138,0.0,0.0,0.0
2019-07-12 00:00:00+08:00,45.74,45.8,45.66,45.68,341483,0.0,0.0,0.0
2019-07-15 00:00:00+08:00,45.77,45.84,45.35,45.84,227618,0.0,0.0,0.0
2019-07-16 00:00:00+08:00,45.84,46.13,45.83,46.1,356017,0.0,0.0,0.0
2019-07-17 00:00:00+08:00,45.98,45.98,45.71,45.75,428983,0.0,0.0,0.0
2019-07-18 00:00:00+08:00,45.74,45.8,45.71,45.71,306746,0.66,0.0,0.0
2019-07-19 00:00:00+08:00,45.99,46.3,45.99,46.09,121297,0.0,0.0,0.0
2019-07-22 00:00:00+08:00,46.23,46.35,46.23,46.35,151832,0.0,0.0,0.0
2019-07-23 00:00:00+08:00,46.35,46.58,46.35,46.38,143138,0.0,0.0,0.0
2019-07-24 00:00:00+08:00,46.35,46.63,46.35,46.37,77246,0.0,0.0,0.0
2019-07-25 00:00:00+08:00,46.42,46.45,46.38,46.45,111538,0.0,0.0,0.0
2019-07-26 00:00:00+08:00,46.35,46.42,46.31,46.36,225717,0.0,0.0,0.0
2019-07-29 00:00:00+08:00,46.29,46.34,46.17,46.34,106140,0.0,0.0,0.0
2019-07-30 00:00:00+08:00,46.35,46.38,46.24,46.24,93634,0.0,0.0,0.0
2019-07-31 00:00:00+08:00,46.24,46.24,45.85,46.13,137320,0.0,0.0,0.0
2019-08-01 00:00:00+08:00,45.89,45.94,45.72,45.8,256628,0.0,0.0,0.0
2019-08-02 00:00:00+08:00,45.18,45.18,44.88,45.11,695145,0.0,0.0,0.0
2019-08-05 00:00:00+08:00,45.01,45.01,44.62,44.76,549979,0.0,0.0,0.0
2019-08-06 00:00:00+08:00,44.52,44.93,43.55,44.53,702595,0.0,0.0,0.0
2019-08-07 00:00:00+08:00,44.67,44.67,44.33,44.38,335614,0.0,0.0,0.0
2019-08-08 00:00:00+08:00,44.38,44.79,44.38,44.75,142767,0.0,0.0,0.0
2019-08-12 00:00:00+08:00,44.99,44.99,44.62,44.75,180084,0.0,0.0,0.0
2019-08-13 00:00:00+08:00,44.75,44.75,44.23,44.31,282624,0.0,0.0,0.0
2019-08-14 00:00:00+08:00,44.63,44.89,44.57,44.57,140082,0.0,0.0,0.0
2019-08-15 00:00:00+08:00,43.79,44.15,43.79,44.12,399926,0.0,0.0,0.0
2019-08-16 00:00:00+08:00,44.13,44.68,44.02,44.59,392672,0.0,0.0,0.0
2019-08-19 00:00:00+08:00,44.82,44.87,44.62,44.87,101751,0.0,0.0,0.0
2019-08-20 00:00:00+08:00,44.92,44.92,44.84,44.92,199064,0.0,0.0,0.0
2019-08-21 00:00:00+08:00,44.92,44.98,44.9,44.93,110512,0.0,0.0,0.0
2019-08-22 00:00:00+08:00,45.11,45.21,44.91,44.91,129133,0.0,0.0,0.0
2019-08-23 00:00:00+08:00,44.96,44.98,44.89,44.92,96555,0.0,0.0,0.0
2019-08-26 00:00:00+08:00,44.82,44.82,44.24,44.38,858114,0.0,0.0,0.0
2019-08-27 00:00:00+08:00,44.55,44.57,44.34,44.39,357486,0.0,0.0,0.0
2019-08-28 00:00:00+08:00,44.39,44.69,44.39,44.64,612584,0.0,0.0,0.0
2019-08-29 00:00:00+08:00,44.64,44.76,44.51,44.76,622676,0.0,0.0,0.0
2019-08-30 00:00:00+08:00,45.04,45.32,45.04,45.29,743419,0.0,0.0,0.0
2019-09-02 00:00:00+08:00,45.29,45.45,45.29,45.43,656900,0.0,0.0,0.0
2019-09-03 00:00:00+08:00,45.43,45.45,45.12,45.12,783311,0.0,0.0,0.0
2019-09-04 00:00:00+08:00,45.12,45.49,45.12,45.49,665731,0.0,0.0,0.0
2019-09-05 00:00:00+08:00,45.69,45.96,45.69,45.88,749827,0.0,0.0,0.0
2019-09-06 00:00:00+08:00,45.89,46.17,45.89,46.11,843571,0.0,0.0,0.0
2019-09-10 00:00:00+08:00,46.24,46.29,45.99,46.01,668481,0.0,0.0,0.0
2019-09-11 00:00:00+08:00,46.04,46.28,46.01,46.11,610063,0.0,0.0,0.0
2019-09-12 00:00:00+08:00,46.35,46.46,46.23,46.34,633921,0.0,0.0,0.0
2019-09-16 00:00:00+08:00,46.35,46.54,46.35,46.49,808438,0.0,0.0,0.0
2019-09-17 00:00:00+08:00,46.51,46.61,46.44,46.5,611194,0.0,0.0,0.0
2019-09-18 00:00:00+08:00,46.55,46.92,46.55,46.87,805711,0.0,0.0,0.0
2019-09-19 00:00:00+08:00,46.92,46.93,46.58,46.62,637902,0.0,0.0,0.0
2019-09-20 00:00:00+08:00,46.66,46.71,46.64,46.7,756348,0.0,0.0,0.0
2019-09-23 00:00:00+08:00,46.68,46.78,46.61,46.68,807904,0.0,0.0,0.0
2019-09-24 00:00:00+08:00,46.69,46.78,46.48,46.66,643777,0.0,0.0,0.0
2019-09-25 00:00:00+08:00,46.62,46.62,46.3,46.42,687076,0.0,0.0,0.0
2019-09-26 00:00:00+08:00,46.56,46.79,46.56,46.61,682252,0.0,0.0,0.0
2019-09-27 00:00:00+08:00,46.68,46.95,46.67,46.74,680169,0.0,0.0,0.0
2019-10-01 00:00:00+08:00,46.78,47.38,46.78,47.38,737787,0.0,0.0,0.0
2019-10-02 00:00:00+08:00,47.36,47.36,47.26,47.26,564889,0.0,0.0,0.0
2019-10-03 00:00:00+08:00,46.6,47.03,46.59,46.97,274033,0.0,0.0,0.0
2019-10-04 00:00:00+08:00,46.97,47.16,46.86,47.07,692825,0.0,0.0,0.0
2019-10-07 00:00:00+08:00,47.21,47.39,47.21,47.38,692201,0.0,0.0,0.0
2019-10-08 00:00:00+08:00,47.41,47.76,47.41,47.76,618401,0.0,0.0,0.0
2019-10-09 00:00:00+08:00,47.74,47.74,47.43,47.43,517600,0.0,0.0,0.0
2019-10-14 00:00:00+08:00,47.85,48.21,47.85,48.17,651129,0.0,0.0,0.0
2019-10-15 00:00:00+08:00,48.17,48.43,48.17,48.4,660088,0.0,0.0,0.0
2019-10-16 00:00:00+08:00,48.44,48.93,48.44,48.68,1261116,0.0,0.0,0.0
2019-10-17 00:00:00+08:00,48.68,48.68,48.46,48.61,1361727,0.0,0.0,0.0
2019-10-18 00:00:00+08:00,48.62,48.83,48.56,48.58,524008,0.0,0.0,0.0
2019-10-21 00:00:00+08:00,48.57,48.64,48.45,48.6,545515,0.0,0.0,0.0
2019-10-22 00:00:00+08:00,48.63,48.98,48.63,48.98,495496,0.0,0.0,0.0
2019-10-23 00:00:00+08:00,48.98,49.03,48.84,48.88,1070073,0.0,0.0,0.0
2019-10-24 00:00:00+08:00,48.93,49.22,48.93,49.22,458044,0.0,0.0,0.0
2019-10-25 00:00:00+08:00,49.27,49.32,49.12,49.27,842118,0.0,0.0,0.0
2019-10-28 00:00:00+08:00,49.47,49.52,49.32,49.52,884098,0.0,0.0,0.0
2019-10-29 00:00:00+08:00,49.52,49.76,49.52,49.66,503545,0.0,0.0,0.0
2019-10-30 00:00:00+08:00,49.71,49.91,49.61,49.91,970311,0.0,0.0,0.0
2019-10-31 00:00:00+08:00,49.96,50.4,49.96,50.05,995154,0.0,0.0,0.0
2019-11-01 00:00:00+08:00,50.05,50.2,49.91,50.2,625657,0.0,0.0,0.0
2019-11-04 00:00:00+08:00,50.49,51.37,50.49,51.33,945553,0.0,0.0,0.0
2019-11-05 00:00:00+08:00,51.47,51.62,51.42,51.57,1071564,0.0,0.0,0.0
2019-11-06 00:00:00+08:00,51.57,51.82,51.42,51.77,1142985,0.0,0.0,0.0
2019-11-07 00:00:00+08:00,51.77,51.77,51.28,51.52,1062313,0.0,0.0,0.0
2019-11-08 00:00:00+08:00,51.67,51.67,51.33,51.33,886632,0.0,0.0,0.0
2019-11-11 00:00:00+08:00,51.28,51.28,50.54,50.54,1071612,0.0,0.0,0.0
2019-11-12 00:00:00+08:00,50.64,51.03,50.64,51.03,772834,0.0,0.0,0.0
2019-11-13 00:00:00+08:00,50.84,50.84,50.59,50.79,777380,0.0,0.0,0.0
2019-11-14 00:00:00+08:00,50.89,50.89,50.59,50.74,686686,0.0,0.0,0.0
2019-11-15 00:00:00+08:00,51.08,51.28,50.98,51.13,749364,0.0,0.0,0.0
2019-11-18 00:00:00+08:00,51.18,51.52,51.18,51.52,1029260,0.0,0.0,0.0
2019-11-19 00:00:00+08:00,51.52,51.96,51.37,51.96,1031703,0.0,0.0,0.0
2019-11-20 00:00:00+08:00,52.5,52.5,51.7,51.75,1350155,1.14,0.0,0.0
2019-11-21 00:00:00+08:00,51.5,51.55,51.05,51.55,1267058,0.0,0.0,0.0
2019-11-22 00:00:00+08:00,51.5,51.5,51.3,51.35,829961,0.0,0.0,0.0
2019-11-25 00:00:00+08:00,51.55,51.55,51.35,51.35,758822,0.0,0.0,0.0
2019-11-26 00:00:00+08:00,51.65,51.7,51.45,51.45,962802,0.0,0.0,0.0
2019-11-27 00:00:00+08:00,51.5,51.65,51.35,51.6,711557,0.0,0.0,0.0
2019-11-28 00:00:00+08:00,51.65,51.65,51.5,51.55,637662,0.0,0.0,0.0
2019-11-29 00:00:00+08:00,51.55,51.55,50.85,50.85,982297,0.0,0.0,0.0
2019-12-02 00:00:00+08:00,51.05,51.1,50.85,50.95,342372,0.0,0.0,0.0
2019-12-03 00:00:00+08:00,50.85,51.1,50.8,50.95,898662,0.0,0.0,0.0
2019-12-04 00:00:00+08:00,50.85,50.95,50.75,50.9,724964,0.0,0.0,0.0
2019-12-05 00:00:00+08:00,51.0,51.55,51.0,51.5,560592,0.0,0.0,0.0
2019-12-06 00:00:00+08:00,51.7,51.85,51.5,51.5,1136329,0.0,0.0,0.0
2019-12-09 00:00:00+08:00,51.65,51.9,51.65,51.9,630668,0.0,0.0,0.0
2019-12-10 00:00:00+08:00,51.85,51.85,51.55,51.6,346020,0.0,0.0,0.0
2019-12-11 00:00:00+08:00,51.6,51.9,51.55,51.9,901076,0.0,0.0,0.0
2019-12-12 00:00:00+08:00,52.15,53.1,52.15,53.0,1321433,0.0,0.0,0.0
2019-12-13 00:00:00+08:00,53.6,54.0,53.4,53.6,815398,0.0,0.0,0.0
2019-12-16 00:00:00+08:00,53.6,53.7,53.45,53.55,8109,0.0,0.0,0.0
2019-12-17 00:00:00+08:00,53.55,54.25,53.55,54.25,750492,0.0,0.0,0.0
2019-12-18 00:00:00+08:00,54.2,54.3,54.05,54.3,703226,0.0,0.0,0.0
2019-12-19 00:00:00+08:00,54.3,54.4,53.95,54.0,844870,0.0,0.0,0.0
2019-12-20 00:00:00+08:00,54.0,54.0,53.45,53.7,519672,0.0,0.0,0.0
2019-12-23 00:00:00+08:00,53.6,53.8,53.55,53.7,359740,0.0,0.0,0.0
2019-12-24 00:00:00+08:00,53.75,53.9,53.65,53.65,843260,0.0,0.0,0.0
2019-12-25 00:00:00+08:00,53.65,53.75,53.55,53.75,395936,0.0,0.0,0.0
2019-12-26 00:00:00+08:00,53.75,53.8,53.65,53.75,914659,0.0,0.0,0.0
2019-12-27 00:00:00+08:00,53.9,54.2,53.9,54.1,438876,0.0,0.0,0.0
2019-12-30 00:00:00+08:00,54.1,54.2,53.95,53.95,1051862,0.0,0.0,0.0
2019-12-31 00:00:00+08:00,53.75,53.75,53.6,53.6,785063,0.0,0.0,0.0
2020-01-02 00:00:00+08:00,53.75,54.15,53.7,54.1,651303,0.0,0.0,0.0
2020-01-03 00:00:00+08:00,54.45,54.6,53.85,54.05,751165,0.0,0.0,0.0
2020-01-06 00:00:00+08:00,53.8,53.8,53.55,53.65,934168,0.0,0.0,0.0
2020-01-07 00:00:00+08:00,53.5,53.6,52.9,53.25,883763,0.0,0.0,0.0
2020-01-08 00:00:00+08:00,52.85,53.25,52.7,53.0,1029705,0.0,0.0,0.0
2020-01-09 00:00:00+08:00,53.45,53.75,53.35,53.75,468834,0.0,0.0,0.0
2020-01-10 00:00:00+08:00,53.8,53.95,53.6,53.85,1058259,0.0,0.0,0.0
2020-01-13 00:00:00+08:00,54.15,54.3,53.95,54.2,791505,0.0,0.0,0.0
2020-01-14 00:00:00+08:00,54.5,54.7,54.5,54.6,546115,0.0,0.0,0.0
2020-01-15 00:00:00+08:00,54.6,54.6,54.0,54.15,1028888,0.0,0.0,0.0
2020-01-16 00:00:00+08:00,53.85,54.0,53.65,53.9,724975,0.0,0.0,0.0
2020-01-17 00:00:00+08:00,54.05,54.05,53.8,53.9,456980,0.0,0.0,0.0
2020-01-20 00:00:00+08:00,54.05,54.25,54.0,54.05,725025,0.0,0.0,0.0
2020-01-30 00:00:00+08:00,52.55,52.55,51.9,52.0,1781175,0.0,0.0,0.0
2020-01-31 00:00:00+08:00,52.0,52.0,51.3,51.5,2139662,0.0,0.0,0.0
2020-02-03 00:00:00+08:00,50.85,51.1,50.2,50.9,1051862,0.0,0.0,0.0
2020-02-04 00:00:00+08:00,53.6,53.6,51.85,51.85,787316,0.0,0.0,0.0
2020-02-05 00:00:00+08:00,52.1,52.2,51.6,52.0,821675,0.0,0.0,0.0
2020-02-06 00:00:00+08:00,52.35,52.9,52.35,52.9,910667,0.0,0.0,0.0
2020-02-07 00:00:00+08:00,52.5,52.5,52.05,52.2,887071,0.0,0.0,0.0
2020-02-10 00:00:00+08:00,51.55,52.2,51.35,51.95,590764,0.0,0.0,0.0
2020-02-11 00:00:00+08:00,52.25,52.6,52.25,52.45,613345,0.0,0.0,0.0
2020-02-12 00:00:00+08:00,52.6,53.1,52.6,53.05,667615,0.0,0.0,0.0
2020-02-13 00:00:00+08:00,53.2,53.4,53.0,53.1,772231,0.0,0.0,0.0
2020-02-14 00:00:00+08:00,53.05,53.25,52.95,53.15,626241,0.0,0.0,0.0
2020-02-17 00:00:00+08:00,52.95,52.95,52.6,52.8,815343,0.0,0.0,0.0
2020-02-18 00:00:00+08:00,52.5,52.5,52.15,52.15,1256363,0.0,0.0,0.0
2020-02-19 00:00:00+08:00,52.3,52.75,52.1,52.6,636465,0.0,0.0,0.0
2020-02-20 00:00:00+08:00,52.75,52.8,52.35,52.5,715251,0.0,0.0,0.0
2020-02-21 00:00:00+08:00,52.5,52.55,52.1,52.3,723749,0.0,0.0,0.0
2020-02-24 00:00:00+08:00,51.65,51.8,51.5,51.7,1062801,0.0,0.0,0.0
2020-02-25 00:00:00+08:00,51.45,51.75,51.2,51.7,549384,0.0,0.0,0.0
2020-02-26 00:00:00+08:00,51.3,51.4,51.0,51.25,1945063,0.0,0.0,0.0
2020-02-27 00:00:00+08:00,51.2,51.3,50.65,50.75,1321475,0.0,0.0,0.0
2020-03-02 00:00:00+08:00,50.0,50.55,49.98,50.15,1291062,0.0,0.0,0.0
2020-03-03 00:00:00+08:00,50.85,51.0,50.6,50.8,1145813,0.0,0.0,0.0
2020-03-04 00:00:00+08:00,50.8,50.95,50.5,50.9,838133,0.0,0.0,0.0
2020-03-05 00:00:00+08:00,50.95,51.5,50.95,51.45,723439,0.0,0.0,0.0
2020-03-06 00:00:00+08:00,51.4,51.4,50.55,50.6,1296320,0.0,0.0,0.0
2020-03-09 00:00:00+08:00,49.65,49.83,49.25,49.55,1890283,0.0,0.0,0.0
2020-03-10 00:00:00+08:00,48.88,49.25,48.5,49.24,1950293,0.0,0.0,0.0
2020-03-11 00:00:00+08:00,49.28,49.48,48.6,48.65,1630222,0.0,0.0,0.0
2020-03-12 00:00:00+08:00,48.45,48.45,46.65,47.0,2376511,0.0,0.0,0.0
2020-03-13 00:00:00+08:00,44.16,46.17,43.0,45.88,2824164,0.0,0.0,0.0
2020-03-16 00:00:00+08:00,45.9,45.9,44.03,44.1,1615399,0.0,0.0,0.0
2020-03-17 00:00:00+08:00,43.0,43.8,42.76,43.03,992522,0.0,0.0,0.0
2020-03-18 00:00:00+08:00,43.8,43.8,41.55,41.55,1366482,0.0,0.0,0.0
2020-03-19 00:00:00+08:00,41.2,41.2,38.6,39.61,1354039,0.0,0.0,0.0
2020-03-20 00:00:00+08:00,41.2,42.4,40.65,42.0,1630221,0.0,0.0,0.0
2020-03-23 00:00:00+08:00,41.05,41.4,39.99,40.8,822646,0.0,0.0,0.0
2020-03-24 00:00:00+08:00,42.03,43.05,42.03,42.57,960580,0.0,0.0,0.0
2020-03-25 00:00:00+08:00,43.99,44.3,43.59,43.8,1566002,0.0,0.0,0.0
2020-03-26 00:00:00+08:00,44.1,44.39,43.5,44.21,1440903,0.0,0.0,0.0
2020-03-27 00:00:00+08:00,44.93,45.2,43.85,43.9,1605231,0.0,0.0,0.0
2020-03-30 00:00:00+08:00,42.6,43.47,42.5,43.36,780257,0.0,0.0,0.0
2020-03-31 00:00:00+08:00,44.0,44.1,43.36,43.54,1065666,0.0,0.0,0.0
2020-04-01 00:00:00+08:00,43.81,43.9,43.46,43.54,1108250,0.0,0.0,0.0
2020-04-06 00:00:00+08:00,44.25,44.25,43.4,43.95,1988691,0.0,0.0,0.0
2020-04-07 00:00:00+08:00,44.7,45.08,44.61,44.82,1173722,0.0,0.0,0.0
2020-04-08 00:00:00+08:00,44.9,45.5,44.88,45.5,855867,0.0,0.0,0.0
2020-04-09 00:00:00+08:00,45.78,45.81,45.11,45.4,941963,0.0,0.0,0.0
2020-04-10 00:00:00+08:00,45.2,45.38,45.15,45.34,506616,0.0,0.0,0.0
2020-04-13 00:00:00+08:00,45.39,45.45,45.01,45.16,839911,0.0,0.0,0.0
2020-04-14 00:00:00+08:00,45.28,46.27,45.22,46.27,932619,0.0,0.0,0.0
2020-04-15 00:00:00+08:00,46.31,46.62,46.31,46.5,863048,0.0,0.0,0.0
2020-04-16 00:00:00+08:00,46.08,46.5,45.9,46.35,1061902,0.0,0.0,0.0
2020-04-17 00:00:00+08:00,47.51,48.0,47.45,47.63,772772,0.0,0.0,0.0
2020-04-20 00:00:00+08:00,47.89,47.89,47.4,47.54,666075,0.0,0.0,0.0
2020-04-21 00:00:00+08:00,47.28,47.28,46.0,46.25,1439973,0.0,0.0,0.0
2020-04-22 00:00:00+08:00,45.97,46.17,45.5,46.17,758461,0.0,0.0,0.0
2020-04-23 00:00:00+08:00,46.34,46.9,46.08,46.45,984708,0.0,0.0,0.0
2020-04-24 00:00:00+08:00,46.5,46.72,46.16,46.39,1360110,0.0,0.0,0.0
2020-04-27 00:00:00+08:00,46.85,47.31,46.78,47.31,1073523,0.0,0.0,0.0
2020-04-28 00:00:00+08:00,47.45,47.51,46.97,47.23,869510,0.0,0.0,0.0
2020-04-29 00:00:00+08:00,47.34,47.99,47.34,47.9,969356,0.0,0.0,0.0
2020-04-30 00:00:00+08:00,48.41,48.95,48.32,48.93,1461250,0.0,0.0,0.0
2020-05-04 00:00:00+08:00,47.9,47.9,47.25,47.7,2021636,0.0,0.0,0.0
2020-05-05 00:00:00+08:00,47.9,47.97,47.65,47.78,1180558,0.0,0.0,0.0
2020-05-06 00:00:00+08:00,47.89,47.91,47.48,47.74,2296341,0.0,0.0,0.0
2020-05-07 00:00:00+08:00,47.76,48.22,47.71,48.04,1317378,0.0,0.0,0.0
2020-05-08 00:00:00+08:00,48.2,48.51,48.11,48.29,1069669,0.0,0.0,0.0
2020-05-11 00:00:00+08:00,48.79,48.92,48.52,48.72,1533795,0.0,0.0,0.0
2020-05-12 00:00:00+08:00,48.5,48.5,47.96,48.1,1613629,0.0,0.0,0.0
2020-05-13 00:00:00+08:00,47.8,48.31,47.8,48.25,897462,0.0,0.0,0.0
2020-05-14 00:00:00+08:00,47.99,48.05,47.67,47.7,1068511,0.0,0.0,0.0
2020-05-15 00:00:00+08:00,48.03,48.19,47.6,47.91,772084,0.0,0.0,0.0
2020-05-18 00:00:00+08:00,47.64,47.71,47.42,47.5,1638158,0.0,0.0,0.0
2020-05-19 00:00:00+08:00,48.13,48.14,47.8,47.95,585700,0.0,0.0,0.0
2020-05-20 00:00:00+08:00,48.03,48.14,47.84,47.95,716166,0.0,0.0,0.0
2020-05-21 00:00:00+08:00,48.08,48.4,48.08,48.37,865606,0.0,0.0,0.0
2020-05-22 00:00:00+08:00,48.0,48.0,47.5,47.56,1683336,0.0,0.0,0.0
2020-05-25 00:00:00+08:00,47.56,47.7,47.15,47.68,802439,0.0,0.0,0.0
2020-05-26 00:00:00+08:00,47.86,48.46,47.86,48.38,1518720,0.0,0.0,0.0
2020-05-27 00:00:00+08:00,48.39,48.57,48.15,48.28,830077,0.0,0.0,0.0
2020-05-28 00:00:00+08:00,48.4,48.53,47.89,48.0,947979,0.0,0.0,0.0
2020-05-29 00:00:00+08:00,47.72,48.23,47.52,48.23,913418,0.0,0.0,0.0
2020-06-01 00:00:00+08:00,48.25,48.66,48.25,48.56,911578,0.0,0.0,0.0
2020-06-02 00:00:00+08:00,48.63,48.91,48.63,48.9,720015,0.0,0.0,0.0
2020-06-03 00:00:00+08:00,49.16,49.72,49.16,49.71,1311772,0.0,0.0,0.0
2020-06-04 00:00:00+08:00,49.98,50.05,49.72,49.97,2049342,0.0,0.0,0.0
2020-06-05 00:00:00+08:00,50.0,50.4,50.0,50.35,1395865,0.0,0.0,0.0
2020-06-08 00:00:00+08:00,50.6,51.25,50.6,51.0,2143018,0.0,0.0,0.0
2020-06-09 00:00:00+08:00,51.2,51.2,50.75,51.2,819019,0.0,0.0,0.0
2020-06-10 00:00:00+08:00,51.15,51.75,51.15,51.65,812374,0.0,0.0,0.0
2020-06-11 00:00:00+08:00,51.75,51.95,50.8,50.85,1343600,0.0,0.0,0.0
2020-06-12 00:00:00+08:00,49.76,50.5,49.74,50.35,1295665,0.0,0.0,0.0
2020-06-15 00:00:00+08:00,50.35,50.45,49.69,49.76,949566,0.0,0.0,0.0
2020-06-16 00:00:00+08:00,50.35,51.0,50.35,50.9,1400081,0.0,0.0,0.0
2020-06-17 00:00:00+08:00,51.0,51.0,50.55,50.8,793331,0.0,0.0,0.0
2020-06-18 00:00:00+08:00,50.8,50.9,50.5,50.85,496760,0.0,0.0,0.0
2020-06-19 00:00:00+08:00,50.85,50.95,50.7,50.8,431500,0.0,0.0,0.0
2020-06-22 00:00:00+08:00,50.85,51.25,50.85,51.0,715539,0.0,0.0,0.0
2020-06-23 00:00:00+08:00,51.4,51.4,50.85,51.2,857061,0.0,0.0,0.0
2020-06-24 00:00:00+08:00,51.4,51.65,51.35,51.4,590504,0.0,0.0,0.0
2020-06-29 00:00:00+08:00,51.2,51.25,50.75,51.0,1186703,0.0,0.0,0.0
2020-06-30 00:00:00+08:00,51.05,51.35,51.05,51.35,734567,0.0,0.0,0.0
2020-07-01 00:00:00+08:00,51.4,51.8,51.4,51.75,595103,0.0,0.0,0.0
2020-07-02 00:00:00+08:00,51.75,52.2,51.75,52.2,579282,0.0,0.0,0.0
2020-07-03 00:00:00+08:00,52.55,52.85,52.5,52.8,552569,0.0,0.0,0.0
2020-07-06 00:00:00+08:00,52.9,53.85,52.9,53.75,1889538,0.0,0.0,0.0
2020-07-07 00:00:00+08:00,54.1,54.45,53.75,53.9,1159430,0.0,0.0,0.0
2020-07-08 00:00:00+08:00,53.9,54.35,53.85,54.35,917584,0.0,0.0,0.0
2020-07-09 00:00:00+08:00,54.5,54.75,54.35,54.4,1032211,0.0,0.0,0.0
2020-07-10 00:00:00+08:00,54.65,54.7,53.85,54.05,1084795,0.0,0.0,0.0
2020-07-13 00:00:00+08:00,54.5,54.8,54.3,54.8,1946813,0.0,0.0,0.0
2020-07-14 00:00:00+08:00,54.8,55.2,54.65,55.2,994861,0.0,0.0,0.0
2020-07-15 00:00:00+08:00,55.4,55.85,55.1,55.4,1408368,0.0,0.0,0.0
2020-07-16 00:00:00+08:00,55.35,55.4,54.7,54.95,1229664,0.0,0.0,0.0
2020-07-17 00:00:00+08:00,55.25,55.75,55.1,55.4,774629,0.0,0.0,0.0
2020-07-20 00:00:00+08:00,55.5,55.55,55.0,55.5,995534,0.0,0.0,0.0
2020-07-21 00:00:00+08:00,55.45,56.5,55.45,56.3,1490962,0.0,0.0,0.0
2020-07-22 00:00:00+08:00,56.3,56.75,56.25,56.45,970664,0.0,0.0,0.0
2020-07-23 00:00:00+08:00,56.45,56.45,56.0,56.4,834926,0.0,0.0,0.0
2020-07-24 00:00:00+08:00,56.6,57.0,55.85,56.2,2178705,0.0,0.0,0.0
2020-07-27 00:00:00+08:00,58.2,59.0,58.1,58.95,2527023,0.0,0.0,0.0
2020-07-28 00:00:00+08:00,61.3,63.2,58.85,59.1,2955784,0.0,0.0,0.0
2020-07-29 00:00:00+08:00,58.85,59.25,58.2,58.55,1068295,0.0,0.0,0.0
2020-07-30 00:00:00+08:00,59.45,59.8,59.0,59.5,823241,0.0,0.0,0.0
2020-07-31 00:00:00+08:00,59.3,59.6,59.1,59.3,753661,0.0,0.0,0.0
2020-08-03 00:00:00+08:00,59.1,59.2,58.35,58.4,981810,0.0,0.0,0.0
2020-08-04 00:00:00+08:00,58.6,59.15,58.6,59.1,342096,0.0,0.0,0.0
2020-08-05 00:00:00+08:00,59.5,59.8,59.3,59.6,876842,0.0,0.0,0.0
2020-08-06 00:00:00+08:00,60.2,60.5,60.0,60.25,1302866,0.0,0.0,0.0
2020-08-07 00:00:00+08:00,60.25,60.25,59.65,59.85,817324,0.0,0.0,0.0
2020-08-10 00:00:00+08:00,59.75,60.5,59.7,60.35,638399,0.0,0.0,0.0
2020-08-11 00:00:00+08:00,60.3,60.4,59.95,59.95,676559,0.0,0.0,0.0
2020-08-12 00:00:00+08:00,59.75,59.75,59.0,59.1,825689,0.0,0.0,0.0
2020-08-13 00:00:00+08:00,59.65,59.95,59.5,59.75,812691,0.0,0.0,0.0
2020-08-14 00:00:00+08:00,59.55,59.8,59.2,59.7,740128,0.0,0.0,0.0
2020-08-17 00:00:00+08:00,59.7,60.45,59.65,60.35,1084075,0.0,0.0,0.0
2020-08-18 00:00:00+08:00,60.4,60.5,59.95,60.05,591672,0.0,0.0,0.0
2020-08-19 00:00:00+08:00,60.05,60.4,59.55,59.6,614723,0.0,0.0,0.0
2020-08-20 00:00:00+08:00,59.45,59.45,56.7,57.8,2635089,0.0,0.0,0.0
2020-08-21 00:00:00+08:00,58.25,58.95,58.25,58.85,1289734,0.0,0.0,0.0
2020-08-24 00:00:00+08:00,59.0,59.25,58.7,59.05,609418,0.0,0.0,0.0
2020-08-25 00:00:00+08:00,59.2,59.65,59.05,59.3,676740,0.0,0.0,0.0
2020-08-26 00:00:00+08:00,59.4,59.8,59.35,59.7,687606,0.0,0.0,0.0
2020-08-27 00:00:00+08:00,60.1,60.55,59.7,59.7,1147402,0.0,0.0,0.0
2020-08-28 00:00:00+08:00,59.4,59.6,58.9,59.25,955604,0.0,0.0,0.0
2020-08-31 00:00:00+08:00,59.4,59.6,58.55,58.55,985740,0.0,0.0,0.0
2020-09-01 00:00:00+08:00,58.55,59.0,58.3,58.95,713218,0.0,0.0,0.0
2020-09-02 00:00:00+08:00,59.5,59.5,58.5,58.9,554508,0.0,0.0,0.0
2020-09-03 00:00:00+08:00,59.25,59.5,58.9,59.05,681249,0.0,0.0,0.0
2020-09-04 00:00:00+08:00,58.4,58.7,58.25,58.5,1178326,0.0,0.0,0.0
2020-09-07 00:00:00+08:00,58.5,58.9,58.35,58.5,1210403,0.0,0.0,0.0
2020-09-08 00:00:00+08:00,58.5,59.0,58.5,58.9,545548,0.0,0.0,0.0
2020-09-09 00:00:00+08:00,58.2,58.6,57.85,58.6,917756,0.0,0.0,0.0
2020-09-10 00:00:00+08:00,58.95,59.0,58.7,59.0,632974,0.0,0.0,0.0
2020-09-11 00:00:00+08:00,59.0,59.05,58.75,59.0,743054,0.0,0.0,0.0
2020-09-14 00:00:00+08:00,59.05,59.6,59.05,59.55,1097919,0.0,0.0,0.0
2020-09-15 00:00:00+08:00,59.55,59.95,59.5,59.9,390780,0.0,0.0,0.0
2020-09-16 00:00:00+08:00,60.8,61.0,60.6,60.7,2292427,0.0,0.0,0.0
2020-09-17 00:00:00+08:00,60.5,60.55,59.9,60.0,1178103,0.0,0.0,0.0
2020-09-18 00:00:00+08:00,60.0,60.1,59.5,60.0,785194,0.0,0.0,0.0
2020-09-21 00:00:00+08:00,60.0,60.3,59.35,59.5,1015440,0.0,0.0,0.0
2020-09-22 00:00:00+08:00,59.5,59.5,58.75,58.9,1259695,0.0,0.0,0.0
2020-09-23 00:00:00+08:00,58.9,59.0,58.45,58.75,973152,0.0,0.0,0.0
2020-09-24 00:00:00+08:00,57.95,58.1,57.4,57.45,2099291,0.0,0.0,0.0
2020-09-25 00:00:00+08:00,57.65,58.1,57.2,57.45,1244901,0.0,0.0,0.0
2020-09-28 00:00:00+08:00,57.65,58.4,57.65,58.3,1870596,0.0,0.0,0.0
2020-09-29 00:00:00+08:00,58.5,58.95,58.3,58.5,1174588,0.0,0.0,0.0
2020-09-30 00:00:00+08:00,58.6,58.95,58.6,58.75,1136590,0.0,0.0,0.0
2020-10-05 00:00:00+08:00,59.05,59.2,58.6,58.9,1843174,0.0,0.0,0.0
2020-10-06 00:00:00+08:00,59.5,59.65,59.2,59.55,2176205,0.0,0.0,0.0
2020-10-07 00:00:00+08:00,59.4,59.9,59.05,59.9,1691549,0.0,0.0,0.0
2020-10-08 00:00:00+08:00,60.2,60.6,60.1,60.55,2462298,0.0,0.0,0.0
2020-10-12 00:00:00+08:00,61.0,61.4,60.9,61.1,2221936,0.0,0.0,0.0
2020-10-13 00:00:00+08:00,61.35,61.45,60.5,60.95,1744254,0.0,0.0,0.0
2020-10-14 00:00:00+08:00,60.95,61.15,60.75,60.75,1468935,0.0,0.0,0.0
2020-10-15 00:00:00+08:00,60.75,60.75,60.05,60.4,1522732,0.0,0.0,0.0
2020-10-16 00:00:00+08:00,60.2,60.7,60.0,60.1,1948889,0.0,0.0,0.0
2020-10-19 00:00:00+08:00,59.8,60.7,59.8,60.6,1738168,0.0,0.0,0.0
2020-10-20 00:00:00+08:00,60.6,60.7,60.5,60.5,1631812,0.0,0.0,0.0
2020-10-21 00:00:00+08:00,60.65,60.8,60.35,60.4,1079896,0.0,0.0,0.0
2020-10-22 00:00:00+08:00,60.3,60.55,60.25,60.55,1442615,0.0,0.0,0.0
2020-10-23 00:00:00+08:00,60.8,60.9,60.5,60.6,1449264,0.0,0.0,0.0
2020-10-26 00:00:00+08:00,60.65,60.9,60.5,60.65,1493135,0.0,0.0,0.0
2020-10-27 00:00:00+08:00,60.35,60.35,60.15,60.3,1474329,0.0,0.0,0.0
2020-10-28 00:00:00+08:00,60.25,60.25,59.85,59.95,1632707,0.0,0.0,0.0
2020-10-29 00:00:00+08:00,59.3,59.4,58.7,59.25,1837196,0.0,0.0,0.0
2020-10-30 00:00:00+08:00,59.2,59.2,58.75,58.8,2335940,0.0,0.0,0.0
2020-11-02 00:00:00+08:00,58.9,59.05,58.45,59.0,1891086,0.0,0.0,0.0
2020-11-03 00:00:00+08:00,59.3,59.95,59.3,59.85,1829521,0.0,0.0,0.0
2020-11-04 00:00:00+08:00,60.0,60.75,59.85,60.7,1327390,0.0,0.0,0.0
2020-11-05 00:00:00+08:00,60.7,60.8,60.45,60.75,1748951,0.0,0.0,0.0
2020-11-06 00:00:00+08:00,60.9,61.25,60.85,61.0,1889960,0.0,0.0,0.0
2020-11-09 00:00:00+08:00,61.6,62.0,61.5,61.75,1841948,0.0,0.0,0.0
2020-11-10 00:00:00+08:00,61.75,61.75,61.15,61.5,1810948,0.0,0.0,0.0
2020-11-11 00:00:00+08:00,61.4,62.15,61.4,62.15,2022867,0.0,0.0,0.0
2020-11-12 00:00:00+08:00,62.45,62.55,62.15,62.35,1213085,0.0,0.0,0.0
2020-11-13 00:00:00+08:00,62.3,62.5,62.1,62.5,1998182,0.0,0.0,0.0
2020-11-16 00:00:00+08:00,63.15,64.65,63.15,64.5,2738191,0.0,0.0,0.0
2020-11-17 00:00:00+08:00,64.65,65.2,63.7,63.7,2639657,0.0,0.0,0.0
2020-11-18 00:00:00+08:00,63.7,64.5,63.7,64.5,1818118,0.0,0.0,0.0
2020-11-19 00:00:00+08:00,64.45,64.45,64.05,64.2,1850558,0.0,0.0,0.0
2020-11-20 00:00:00+08:00,64.0,64.15,63.9,64.0,2004851,0.0,0.0,0.0
2020-11-23 00:00:00+08:00,64.3,65.15,64.3,64.8,1801024,0.0,0.0,0.0
2020-11-24 00:00:00+08:00,64.9,64.95,64.5,64.55,2185933,0.0,0.0,0.0
2020-11-25 00:00:00+08:00,64.9,64.9,63.95,63.95,2111594,0.0,0.0,0.0
2020-11-26 00:00:00+08:00,64.0,64.7,64.0,64.45,2311888,0.0,0.0,0.0
2020-11-27 00:00:00+08:00,64.45,64.6,64.2,64.45,1763126,0.0,0.0,0.0
2020-11-30 00:00:00+08:00,64.65,64.8,63.65,63.65,2297847,0.0,0.0,0.0
2020-12-01 00:00:00+08:00,63.9,64.25,63.7,64.15,1093606,0.0,0.0,0.0
2020-12-02 00:00:00+08:00,64.55,64.85,64.4,64.8,1326043,0.0,0.0,0.0
2020-12-03 00:00:00+08:00,64.95,65.15,64.55,64.8,2237022,0.0,0.0,0.0
2020-12-04 00:00:00+08:00,64.85,65.7,64.85,65.7,1535072,0.0,0.0,0.0
2020-12-07 00:00:00+08:00,66.55,66.65,65.95,66.45,2755912,0.0,0.0,0.0
2020-12-08 00:00:00+08:00,66.5,67.45,66.25,67.3,1904326,0.0,0.0,0.0
2020-12-09 00:00:00+08:00,67.35,67.6,67.25,67.3,1538293,0.0,0.0,0.0
2020-12-10 00:00:00+08:00,67.0,67.05,66.3,66.65,2718095,0.0,0.0,0.0
2020-12-11 00:00:00+08:00,66.7,66.85,65.95,66.7,1873333,0.0,0.0,0.0
2020-12-14 00:00:00+08:00,66.7,66.75,66.35,66.5,1797304,0.0,0.0,0.0
2020-12-15 00:00:00+08:00,66.35,66.5,65.65,65.75,2002594,0.0,0.0,0.0
2020-12-16 00:00:00+08:00,66.05,66.8,66.05,66.65,2313932,0.0,0.0,0.0
2020-12-17 00:00:00+08:00,66.65,66.75,66.2,66.55,1628160,0.0,0.0,0.0
2020-12-18 00:00:00+08:00,66.4,66.6,66.25,66.35,1654736,0.0,0.0,0.0
2020-12-21 00:00:00+08:00,66.35,67.05,66.0,67.05,1828645,0.0,0.0,0.0
2020-12-22 00:00:00+08:00,66.7,67.0,66.2,66.2,2011916,0.0,0.0,0.0
2020-12-23 00:00:00+08:00,66.15,66.4,66.0,66.4,768096,0.0,0.0,0.0
2020-12-24 00:00:00+08:00,66.45,66.8,66.45,66.65,1520890,0.0,0.0,0.0
2020-12-25 00:00:00+08:00,66.85,67.15,66.7,66.8,1126834,0.0,0.0,0.0
2020-12-28 00:00:00+08:00,66.8,67.5,66.8,67.45,2220679,0.0,0.0,0.0
2020-12-29 00:00:00+08:00,67.5,67.6,67.2,67.4,1605978,0.0,0.0,0.0
2020-12-30 00:00:00+08:00,67.45,68.3,67.4,68.3,1110551,0.0,0.0,0.0
2020-12-31 00:00:00+08:00,68.5,68.8,68.4,68.75,1314561,0.0,0.0,0.0
2021-01-04 00:00:00+08:00,68.75,70.3,68.75,70.0,1034794,0.0,0.0,0.0
2021-01-05 00:00:00+08:00,70.0,70.25,69.7,70.25,1943317,0.0,0.0,0.0
2021-01-06 00:00:00+08:00,70.75,71.65,70.1,70.8,2741899,0.0,0.0,0.0
2021-01-07 00:00:00+08:00,71.25,72.65,71.25,72.4,1632982,0.0,0.0,0.0
2021-01-08 00:00:00+08:00,73.75,74.15,73.1,74.1,1816213,0.0,0.0,0.0
2021-01-11 00:00:00+08:00,74.0,74.35,73.5,74.35,2637910,0.0,0.0,0.0
2021-01-12 00:00:00+08:00,74.35,74.95,74.05,74.45,2211531,0.0,0.0,0.0
2021-01-13 00:00:00+08:00,75.0,76.05,74.85,76.0,2130897,0.0,0.0,0.0
2021-01-14 00:00:00+08:00,76.0,76.0,75.05,75.3,2327883,0.0,0.0,0.0
2021-01-15 00:00:00+08:00,77.0,77.7,75.55,75.55,2661907,0.0,0.0,0.0
2021-01-18 00:00:00+08:00,75.5,75.9,74.15,75.65,2731046,0.0,0.0,0.0
2021-01-19 00:00:00+08:00,76.25,77.65,76.2,77.5,2159333,0.0,0.0,0.0
2021-01-20 00:00:00+08:00,77.75,78.65,77.6,77.85,2744566,0.0,0.0,0.0
2021-01-21 00:00:00+08:00,77.85,80.6,77.85,80.2,2749854,0.0,0.0,0.0
2021-01-22 00:00:00+08:00,79.0,80.0,78.9,79.2,2530331,0.0,0.0,0.0
2021-01-25 00:00:00+08:00,79.05,79.05,77.3,78.3,2904901,0.0,0.0,0.0
2021-01-26 00:00:00+08:00,78.2,78.6,76.05,76.55,3990137,0.0,0.0,0.0
2021-01-27 00:00:00+08:00,76.75,77.35,76.2,76.5,2400852,0.0,0.0,0.0
2021-01-28 00:00:00+08:00,75.3,75.65,74.6,74.9,3043928,0.0,0.0,0.0
2021-01-29 00:00:00+08:00,75.9,76.0,73.55,73.55,2404804,0.0,0.0,0.0
2021-02-01 00:00:00+08:00,73.6,75.25,73.25,75.2,2482464,0.0,0.0,0.0
2021-02-02 00:00:00+08:00,76.3,77.7,76.3,77.35,2279181,0.0,0.0,0.0
2021-02-03 00:00:00+08:00,77.95,78.0,77.2,77.4,1944768,0.0,0.0,0.0
2021-02-04 00:00:00+08:00,76.7,77.3,76.2,76.85,1796820,0.0,0.0,0.0
2021-02-05 00:00:00+08:00,77.8,78.2,77.3,77.6,2047257,0.0,0.0,0.0
2021-02-17 00:00:00+08:00,80.2,81.1,79.85,80.8,4420471,0.0,0.0,0.0
2021-02-18 00:00:00+08:00,80.9,81.35,80.3,80.7,2164908,0.0,0.0,0.0
2021-02-19 00:00:00+08:00,80.35,80.35,79.3,79.95,2376910,0.0,0.0,0.0
2021-02-22 00:00:00+08:00,80.55,80.85,79.8,79.9,2513442,0.0,0.0,0.0
2021-02-23 00:00:00+08:00,79.6,79.7,78.6,79.6,2159912,0.0,0.0,0.0
2021-02-24 00:00:00+08:00,78.95,79.4,78.3,78.3,2400157,0.0,0.0,0.0
2021-02-25 00:00:00+08:00,79.2,79.3,78.55,79.1,1746852,0.0,0.0,0.0
2021-02-26 00:00:00+08:00,77.8,78.1,77.05,77.45,5251221,0.0,0.0,0.0
2021-03-02 00:00:00+08:00,78.15,78.15,76.75,76.75,2876578,0.0,0.0,0.0
2021-03-03 00:00:00+08:00,76.75,78.0,76.3,78.0,1575818,0.0,0.0,0.0
2021-03-04 00:00:00+08:00,77.2,77.2,75.9,76.4,4165390,0.0,0.0,0.0
2021-03-05 00:00:00+08:00,75.3,76.2,74.4,75.7,2675045,0.0,0.0,0.0
2021-03-08 00:00:00+08:00,76.5,76.9,75.6,75.65,3115303,0.0,0.0,0.0
2021-03-09 00:00:00+08:00,75.05,75.65,74.65,75.5,2204339,0.0,0.0,0.0
2021-03-10 00:00:00+08:00,75.85,76.25,75.55,75.75,1454868,0.0,0.0,0.0
2021-03-11 00:00:00+08:00,75.9,77.4,75.9,77.3,1555905,0.0,0.0,0.0
2021-03-12 00:00:00+08:00,77.9,77.95,77.25,77.6,1446367,0.0,0.0,0.0
2021-03-15 00:00:00+08:00,77.6,77.65,77.25,77.5,1224210,0.0,0.0,0.0
2021-03-16 00:00:00+08:00,77.7,78.0,77.45,77.9,2096413,0.0,0.0,0.0
2021-03-17 00:00:00+08:00,77.9,78.0,77.0,77.2,1596705,0.0,0.0,0.0
2021-03-18 00:00:00+08:00,77.45,78.15,77.45,77.45,2124821,0.0,0.0,0.0
2021-03-19 00:00:00+08:00,76.8,76.8,76.15,76.35,3084075,0.0,0.0,0.0
2021-03-22 00:00:00+08:00,76.35,76.85,75.7,76.75,1681517,0.0,0.0,0.0
2021-03-23 00:00:00+08:00,76.9,77.35,76.65,76.7,1090033,0.0,0.0,0.0
2021-03-24 00:00:00+08:00,75.7,76.1,75.4,75.6,1910240,0.0,0.0,0.0
2021-03-25 00:00:00+08:00,75.6,76.2,75.15,75.85,2389144,0.0,0.0,0.0
2021-03-26 00:00:00+08:00,76.05,77.3,76.05,77.2,2470241,0.0,0.0,0.0
2021-03-29 00:00:00+08:00,78.0,78.0,77.55,77.7,1605653,0.0,0.0,0.0
2021-03-30 00:00:00+08:00,77.85,78.0,77.6,77.95,1543622,0.0,0.0,0.0
2021-03-31 00:00:00+08:00,77.95,77.95,77.35,77.35,1947879,0.0,0.0,0.0
2021-04-01 00:00:00+08:00,77.65,78.0,77.65,77.9,1412957,0.0,0.0,0.0
2021-04-07 00:00:00+08:00,79.0,79.1,78.75,79.1,1097415,0.0,0.0,0.0
2021-04-08 00:00:00+08:00,79.0,79.45,78.5,79.4,1427824,0.0,0.0,0.0
2021-04-09 00:00:00+08:00,79.5,79.6,79.1,79.15,1066746,0.0,0.0,0.0
2021-04-12 00:00:00+08:00,79.5,79.5,78.55,78.8,1151637,0.0,0.0,0.0
2021-04-13 00:00:00+08:00,78.8,79.6,78.7,78.8,1235041,0.0,0.0,0.0
2021-04-14 00:00:00+08:00,78.8,79.2,78.2,79.2,1773344,0.0,0.0,0.0
2021-04-15 00:00:00+08:00,79.2,80.0,79.1,80.0,1524008,0.0,0.0,0.0
2021-04-16 00:00:00+08:00,79.95,80.0,79.5,80.0,2360392,0.0,0.0,0.0
2021-04-19 00:00:00+08:00,80.0,80.05,79.7,80.0,1045512,0.0,0.0,0.0
2021-04-20 00:00:00+08:00,80.0,80.15,79.65,80.15,889517,0.0,0.0,0.0
2021-04-21 00:00:00+08:00,80.0,80.0,79.25,79.3,1148594,0.0,0.0,0.0
2021-04-22 00:00:00+08:00,79.5,79.95,79.0,79.05,1195212,0.0,0.0,0.0
2021-04-23 00:00:00+08:00,79.05,79.8,78.85,79.8,996610,0.0,0.0,0.0
2021-04-26 00:00:00+08:00,80.25,81.15,80.25,81.0,2650559,0.0,0.0,0.0
2021-04-27 00:00:00+08:00,81.0,81.1,80.65,80.9,940785,0.0,0.0,0.0
2021-04-28 00:00:00+08:00,80.85,80.85,80.35,80.55,1296596,0.0,0.0,0.0
2021-04-29 00:00:00+08:00,81.05,81.35,80.65,80.75,1307902,0.0,0.0,0.0
2021-05-03 00:00:00+08:00,80.65,80.65,79.3,79.35,2314565,0.0,0.0,0.0
2021-05-04 00:00:00+08:00,79.35,79.4,77.65,78.8,2767746,0.0,0.0,0.0
2021-05-05 00:00:00+08:00,78.6,78.85,78.05,78.05,1941863,0.0,0.0,0.0
2021-05-06 00:00:00+08:00,78.2,79.2,78.05,78.8,3749737,0.0,0.0,0.0
2021-05-07 00:00:00+08:00,79.3,80.1,79.15,80.1,1619471,0.0,0.0,0.0
2021-05-10 00:00:00+08:00,80.1,80.1,79.3,79.45,1244973,0.0,0.0,0.0
2021-05-11 00:00:00+08:00,77.95,78.05,77.0,77.1,4387966,0.0,0.0,0.0
2021-05-12 00:00:00+08:00,76.4,76.4,73.3,75.8,6575857,0.0,0.0,0.0
2021-05-13 00:00:00+08:00,73.6,74.75,71.9,73.1,5854309,0.0,0.0,0.0
2021-05-14 00:00:00+08:00,73.5,74.85,73.5,74.1,2669708,0.0,0.0,0.0
2021-05-17 00:00:00+08:00,72.0,73.9,71.5,72.55,5622825,0.0,0.0,0.0
2021-05-18 00:00:00+08:00,73.4,76.05,73.35,75.95,2602208,0.0,0.0,0.0
2021-05-19 00:00:00+08:00,76.0,76.25,75.15,75.4,1694437,0.0,0.0,0.0
2021-05-20 00:00:00+08:00,75.4,75.7,74.65,75.2,1535006,0.0,0.0,0.0
2021-05-21 00:00:00+08:00,76.05,76.8,75.35,76.05,1322719,0.0,0.0,0.0
2021-05-24 00:00:00+08:00,75.9,76.25,75.4,76.05,1142308,0.0,0.0,0.0
2021-05-25 00:00:00+08:00,76.5,77.6,76.5,77.5,1578868,0.0,0.0,0.0
2021-05-26 00:00:00+08:00,77.55,77.9,77.1,77.55,1936001,0.0,0.0,0.0
2021-05-27 00:00:00+08:00,76.8,77.0,76.2,77.0,1222122,0.0,0.0,0.0
2021-05-28 00:00:00+08:00,77.6,78.15,77.3,78.05,1612578,0.0,0.0,0.0
2021-05-31 00:00:00+08:00,78.15,79.1,78.15,78.9,1515873,0.0,0.0,0.0
2021-06-01 00:00:00+08:00,78.9,79.35,78.8,79.1,974726,0.0,0.0,0.0
2021-06-02 00:00:00+08:00,79.1,79.2,78.55,78.85,870621,0.0,0.0,0.0
2021-06-03 00:00:00+08:00,79.1,79.45,79.0,79.1,1126565,0.0,0.0,0.0
2021-06-04 00:00:00+08:00,78.5,78.65,78.3,78.6,870106,0.0,0.0,0.0
2021-06-07 00:00:00+08:00,78.7,79.0,77.25,78.75,2413800,0.0,0.0,0.0
2021-06-08 00:00:00+08:00,78.9,78.95,78.3,78.35,1817580,0.0,0.0,0.0
2021-06-09 00:00:00+08:00,78.1,78.2,77.45,77.75,1778160,0.0,0.0,0.0
2021-06-10 00:00:00+08:00,77.95,79.2,77.95,79.1,2165962,0.0,0.0,0.0
2021-06-11 00:00:00+08:00,79.4,79.85,79.3,79.4,2058815,0.0,0.0,0.0
2021-06-15 00:00:00+08:00,79.6,79.95,79.6,79.8,1137005,0.0,0.0,0.0
2021-06-16 00:00:00+08:00,79.8,79.85,79.6,79.7,2097229,0.0,0.0,0.0
2021-06-17 00:00:00+08:00,79.45,79.6,78.9,79.6,1053359,0.0,0.0,0.0
2021-06-18 00:00:00+08:00,79.8,79.8,79.2,79.2,1177978,0.0,0.0,0.0
2021-06-21 00:00:00+08:00,78.9,78.9,77.45,77.5,3320918,0.0,0.0,0.0
2021-06-22 00:00:00+08:00,78.15,78.15,77.35,77.35,1386026,0.0,0.0,0.0
2021-06-23 00:00:00+08:00,77.95,79.0,77.6,78.8,2775307,0.0,0.0,0.0
2021-06-24 00:00:00+08:00,78.8,78.95,78.55,78.65,1058099,0.0,0.0,0.0
2021-06-25 00:00:00+08:00,79.25,79.5,78.75,78.9,2145584,0.0,0.0,0.0
2021-06-28 00:00:00+08:00,78.9,79.3,78.65,79.2,2105008,0.0,0.0,0.0
2021-06-29 00:00:00+08:00,79.4,79.55,79.1,79.3,1269634,0.0,0.0,0.0
2021-06-30 00:00:00+08:00,79.5,80.05,79.5,79.9,1438979,0.0,0.0,0.0
2021-07-01 00:00:00+08:00,79.8,80.05,79.45,79.6,1368597,0.0,0.0,0.0
2021-07-02 00:00:00+08:00,79.75,79.85,79.4,79.5,815980,0.0,0.0,0.0
2021-07-05 00:00:00+08:00,79.9,80.45,79.9,80.3,1548029,0.0,0.0,0.0
2021-07-06 00:00:00+08:00,80.35,80.7,80.35,80.4,2267583,0.0,0.0,0.0
2021-07-07 00:00:00+08:00,80.3,80.3,79.7,80.0,759302,0.0,0.0,0.0
2021-07-08 00:00:00+08:00,80.45,80.45,79.5,79.85,844275,0.0,0.0,0.0
2021-07-09 00:00:00+08:00,79.6,79.6,78.55,78.95,4102778,0.0,0.0,0.0
2021-07-12 00:00:00+08:00,80.1,80.5,79.5,79.85,2756621,0.0,0.0,0.0
2021-07-13 00:00:00+08:00,80.3,80.9,80.15,80.35,2552967,0.0,0.0,0.0
2021-07-14 00:00:00+08:00,80.65,81.0,80.25,80.65,1433305,0.0,0.0,0.0
2021-07-15 00:00:00+08:00,80.65,81.25,80.65,81.25,1575877,0.0,0.0,0.0
2021-07-16 00:00:00+08:00,79.9,80.3,79.65,80.15,2598065,0.0,0.0,0.0
2021-07-19 00:00:00+08:00,79.7,79.7,79.0,79.5,1751460,0.0,0.0,0.0
2021-07-20 00:00:00+08:00,79.25,79.25,78.5,78.75,2133268,0.0,0.0,0.0
2021-07-21 00:00:00+08:00,79.05,79.3,78.3,78.65,2081338,0.0,0.0,0.0
2021-07-22 00:00:00+08:00,79.0,79.65,78.95,79.15,794994,0.0,0.0,0.0
2021-07-23 00:00:00+08:00,79.4,79.55,78.9,79.05,1267003,0.0,0.0,0.0
2021-07-26 00:00:00+08:00,79.3,79.4,78.4,78.5,3015863,0.0,0.0,0.0
2021-07-27 00:00:00+08:00,78.75,78.8,78.3,78.35,2274043,0.0,0.0,0.0
2021-07-28 00:00:00+08:00,78.1,78.6,77.05,78.6,3857094,0.0,0.0,0.0
2021-07-29 00:00:00+08:00,78.5,78.7,77.9,78.7,1236688,0.0,0.0,0.0
2021-07-30 00:00:00+08:00,78.7,78.7,78.25,78.3,838155,0.0,0.0,0.0
2021-08-02 00:00:00+08:00,78.55,79.5,78.3,79.5,2148960,0.0,0.0,0.0
2021-08-03 00:00:00+08:00,79.45,79.6,79.2,79.6,1747135,0.0,0.0,0.0
2021-08-04 00:00:00+08:00,79.7,80.15,79.6,80.0,1662312,0.0,0.0,0.0
2021-08-05 00:00:00+08:00,80.05,80.1,79.9,79.95,841913,0.0,0.0,0.0
2021-08-06 00:00:00+08:00,79.95,80.0,79.3,79.8,1959717,0.0,0.0,0.0
2021-08-09 00:00:00+08:00,79.65,79.65,78.75,79.65,1490549,0.0,0.0,0.0
2021-08-10 00:00:00+08:00,79.65,79.85,79.0,79.1,975989,0.0,0.0,0.0
2021-08-11 00:00:00+08:00,79.1,79.2,78.55,79.0,1993405,0.0,0.0,0.0
2021-08-12 00:00:00+08:00,79.0,79.0,78.6,78.75,1326506,0.0,0.0,0.0
2021-08-13 00:00:00+08:00,78.85,78.85,77.95,78.1,2227756,0.0,0.0,0.0
2021-08-16 00:00:00+08:00,78.05,78.1,77.55,77.8,3524129,0.0,0.0,0.0
2021-08-17 00:00:00+08:00,77.8,77.8,77.2,77.2,1855485,0.0,0.0,0.0
2021-08-18 00:00:00+08:00,76.45,77.7,76.1,77.7,2701959,0.0,0.0,0.0
2021-08-19 00:00:00+08:00,77.35,77.35,75.9,75.95,5234158,0.0,0.0,0.0
2021-08-20 00:00:00+08:00,75.9,76.2,74.8,75.2,3881106,0.0,0.0,0.0
2021-08-23 00:00:00+08:00,76.0,77.35,76.0,77.05,1916148,0.0,0.0,0.0
2021-08-24 00:00:00+08:00,77.75,77.75,77.3,77.4,1185574,0.0,0.0,0.0
2021-08-25 00:00:00+08:00,77.65,78.35,77.65,78.35,1907653,0.0,0.0,0.0
2021-08-26 00:00:00+08:00,79.2,79.4,78.4,78.75,2418792,0.0,0.0,0.0
2021-08-27 00:00:00+08:00,78.75,79.6,78.6,79.5,1960221,0.0,0.0,0.0
2021-08-30 00:00:00+08:00,79.8,80.15,79.65,80.15,3549273,0.0,0.0,0.0
2021-08-31 00:00:00+08:00,80.2,80.8,79.35,80.8,2066349,0.0,0.0,0.0
2021-09-01 00:00:00+08:00,80.8,81.0,80.5,80.9,1619938,0.0,0.0,0.0
2021-09-02 00:00:00+08:00,80.9,81.1,80.2,80.2,1581941,0.0,0.0,0.0
2021-09-03 00:00:00+08:00,80.5,81.35,80.5,81.2,2504279,0.0,0.0,0.0
2021-09-06 00:00:00+08:00,81.2,82.35,81.2,81.6,3440200,0.0,0.0,0.0
2021-09-07 00:00:00+08:00,81.8,81.8,81.0,81.25,1379624,0.0,0.0,0.0
2021-09-08 00:00:00+08:00,81.35,81.35,80.15,80.65,2231921,0.0,0.0,0.0
2021-09-09 00:00:00+08:00,80.2,80.8,79.85,80.6,1901827,0.0,0.0,0.0
2021-09-10 00:00:00+08:00,80.6,81.45,80.6,81.4,900299,0.0,0.0,0.0
2021-09-13 00:00:00+08:00,81.35,81.35,80.85,81.05,1102250,0.0,0.0,0.0
2021-09-14 00:00:00+08:00,81.15,81.45,81.0,81.2,848232,0.0,0.0,0.0
2021-09-15 00:00:00+08:00,81.05,81.1,80.5,80.6,1164446,0.0,0.0,0.0
2021-09-16 00:00:00+08:00,80.6,81.0,80.15,80.5,2619368,0.0,0.0,0.0
2021-09-17 00:00:00+08:00,80.4,81.05,80.05,80.55,1260508,0.0,0.0,0.0
2021-09-22 00:00:00+08:00,78.7,78.9,78.15,78.8,5022797,0.0,0.0,0.0
2021-09-23 00:00:00+08:00,79.1,79.65,79.1,79.4,1538916,0.0,0.0,0.0
2021-09-24 00:00:00+08:00,79.85,80.2,79.8,80.2,1409573,0.0,0.0,0.0
2021-09-27 00:00:00+08:00,80.25,80.7,80.05,80.4,2140618,0.0,0.0,0.0
2021-09-28 00:00:00+08:00,80.05,80.05,79.5,79.9,939828,0.0,0.0,0.0
2021-09-29 00:00:00+08:00,78.65,78.75,78.25,78.6,3204273,0.0,0.0,0.0
2021-09-30 00:00:00+08:00,78.6,78.85,77.85,78.55,2269238,0.0,0.0,0.0
2021-10-01 00:00:00+08:00,78.25,78.25,77.0,77.45,4682999,0.0,0.0,0.0
2021-10-04 00:00:00+08:00,77.8,77.8,76.5,76.7,4439657,0.0,0.0,0.0
2021-10-05 00:00:00+08:00,75.8,76.6,75.45,76.4,4732197,0.0,0.0,0.0
2021-10-06 00:00:00+08:00,76.85,77.0,76.0,76.35,4025338,0.0,0.0,0.0
2021-10-07 00:00:00+08:00,77.0,77.95,76.95,77.75,1309243,0.0,0.0,0.0
2021-10-08 00:00:00+08:00,77.9,77.95,77.1,77.25,1203004,0.0,0.0,0.0
2021-10-12 00:00:00+08:00,76.2,76.6,75.75,76.5,2028021,0.0,0.0,0.0
2021-10-13 00:00:00+08:00,76.65,76.75,76.0,76.15,1501761,0.0,0.0,0.0
2021-10-14 00:00:00+08:00,76.75,76.9,76.1,76.3,750221,0.0,0.0,0.0
2021-10-15 00:00:00+08:00,77.35,78.4,77.2,78.35,2092430,0.0,0.0,0.0
2021-10-18 00:00:00+08:00,78.7,78.75,78.0,78.05,1849762,0.0,0.0,0.0
2021-10-19 00:00:00+08:00,78.35,78.85,78.1,78.65,952383,0.0,0.0,0.0
2021-10-20 00:00:00+08:00,78.7,78.95,78.55,78.55,1073000,0.0,0.0,0.0
2021-10-21 00:00:00+08:00,78.65,79.2,78.25,78.35,1850080,0.0,0.0,0.0
2021-10-22 00:00:00+08:00,78.35,78.55,78.0,78.45,973313,0.0,0.0,0.0
2021-10-25 00:00:00+08:00,78.2,78.45,77.7,78.3,1595520,0.0,0.0,0.0
2021-10-26 00:00:00+08:00,78.4,79.2,78.4,79.0,2376903,0.0,0.0,0.0
2021-10-27 00:00:00+08:00,78.95,79.0,78.55,79.0,762865,0.0,0.0,0.0
2021-10-28 00:00:00+08:00,78.95,79.0,78.5,78.8,1281578,0.0,0.0,0.0
2021-10-29 00:00:00+08:00,78.7,78.7,77.9,78.15,1219326,0.0,0.0,0.0
2021-11-01 00:00:00+08:00,78.4,78.7,78.3,78.45,844198,0.0,0.0,0.0
2021-11-02 00:00:00+08:00,78.6,79.2,78.3,78.4,1163863,0.0,0.0,0.0
2021-11-03 00:00:00+08:00,78.6,78.9,78.55,78.65,853699,0.0,0.0,0.0
2021-11-04 00:00:00+08:00,79.05,79.15,78.25,78.4,1203375,0.0,0.0,0.0
2021-11-05 00:00:00+08:00,78.75,79.4,78.75,79.4,1792761,0.0,0.0,0.0
2021-11-08 00:00:00+08:00,79.4,80.1,79.4,80.05,2373564,0.0,0.0,0.0
2021-11-09 00:00:00+08:00,80.6,81.15,80.6,80.75,2702723,0.0,0.0,0.0
2021-11-10 00:00:00+08:00,80.75,80.75,80.3,80.5,1819869,0.0,0.0,0.0
2021-11-11 00:00:00+08:00,80.0,80.2,79.7,79.85,1739322,0.0,0.0,0.0
2021-11-12 00:00:00+08:00,80.3,80.75,80.1,80.2,1587372,0.0,0.0,0.0
2021-11-15 00:00:00+08:00,80.6,81.05,80.6,80.9,1497599,0.0,0.0,0.0
2021-11-16 00:00:00+08:00,79.55,79.65,79.3,79.55,2714308,0.0,0.0,0.0
2021-11-17 00:00:00+08:00,79.75,79.85,79.5,79.7,1439054,0.0,0.0,0.0
2021-11-18 00:00:00+08:00,80.0,80.2,79.8,80.2,867006,0.0,0.0,0.0
2021-11-19 00:00:00+08:00,80.8,80.95,80.4,80.45,1703315,0.0,0.0,0.0
2021-11-22 00:00:00+08:00,80.45,80.5,80.2,80.3,829436,0.0,0.0,0.0
2021-11-23 00:00:00+08:00,79.95,79.95,79.45,79.65,1856196,0.0,0.0,0.0
2021-11-24 00:00:00+08:00,79.65,79.65,79.0,79.25,1215391,0.0,0.0,0.0
2021-11-25 00:00:00+08:00,79.25,79.35,78.9,79.25,876021,0.0,0.0,0.0
2021-11-26 00:00:00+08:00,78.75,78.9,78.0,78.1,6029927,0.0,0.0,0.0
2021-11-29 00:00:00+08:00,77.9,78.4,77.6,77.8,3641683,0.0,0.0,0.0
2021-11-30 00:00:00+08:00,78.45,78.75,77.75,77.9,3859651,0.0,0.0,0.0
2021-12-01 00:00:00+08:00,78.0,79.15,77.95,79.0,1752387,0.0,0.0,0.0
2021-12-02 00:00:00+08:00,79.0,80.0,78.85,79.9,2071876,0.0,0.0,0.0
2021-12-03 00:00:00+08:00,80.0,80.1,79.45,79.85,1301500,0.0,0.0,0.0
2021-12-06 00:00:00+08:00,79.45,80.1,79.0,79.75,2250859,0.0,0.0,0.0
2021-12-07 00:00:00+08:00,79.75,79.95,79.2,79.95,1500158,0.0,0.0,0.0
2021-12-08 00:00:00+08:00,80.6,80.85,80.15,80.2,2150128,0.0,0.0,0.0
2021-12-09 00:00:00+08:00,80.3,80.3,79.8,80.25,1628135,0.0,0.0,0.0
2021-12-10 00:00:00+08:00,79.9,80.05,79.65,80.0,1071718,0.0,0.0,0.0
2021-12-13 00:00:00+08:00,80.0,80.3,79.7,79.7,1289867,0.0,0.0,0.0
2021-12-14 00:00:00+08:00,79.3,79.3,78.85,79.0,2193214,0.0,0.0,0.0
2021-12-15 00:00:00+08:00,78.8,79.25,78.75,79.0,1736057,0.0,0.0,0.0
2021-12-16 00:00:00+08:00,79.8,80.05,79.6,79.95,2304454,0.0,0.0,0.0
2021-12-17 00:00:00+08:00,79.75,80.05,79.5,79.95,1313076,0.0,0.0,0.0
2021-12-20 00:00:00+08:00,79.85,79.95,79.15,79.25,1760367,0.0,0.0,0.0
2021-12-21 00:00:00+08:00,79.25,80.0,79.25,79.85,1491314,0.0,0.0,0.0
2021-12-22 00:00:00+08:00,79.85,80.0,79.85,79.95,1167500,0.0,0.0,0.0
2021-12-23 00:00:00+08:00,80.3,80.65,80.3,80.4,1868041,0.0,0.0,0.0
2021-12-24 00:00:00+08:00,80.5,80.85,80.4,80.45,2384082,0.0,0.0,0.0
2021-12-27 00:00:00+08:00,80.5,81.2,80.5,81.05,2579489,0.0,0.0,0.0
2021-12-28 00:00:00+08:00,81.2,81.75,81.2,81.7,2550774,0.0,0.0,0.0
2021-12-29 00:00:00+08:00,81.8,82.15,81.75,82.0,2213453,0.0,0.0,0.0
2021-12-30 00:00:00+08:00,82.0,82.05,81.7,81.85,1645356,0.0,0.0,0.0
2022-01-03 00:00:00+08:00,82.15,82.85,82.15,82.35,2093833,0.0,0.0,0.0
2022-01-04 00:00:00+08:00,83.0,84.1,83.0,84.1,2950756,0.0,0.0,0.0
2022-01-05 00:00:00+08:00,84.45,84.75,84.1,84.5,15319606,0.0,0.0,0.0
2022-01-06 00:00:00+08:00,84.1,84.1,83.05,83.45,4551463,0.0,0.0,0.0
2022-01-07 00:00:00+08:00,83.65,83.95,82.5,82.7,3765252,0.0,0.0,0.0
2022-01-10 00:00:00+08:00,82.15,83.1,81.85,82.9,2041497,0.0,0.0,0.0
2022-01-11 00:00:00+08:00,83.05,83.45,82.55,83.3,4138632,0.0,0.0,0.0
2022-01-12 00:00:00+08:00,84.0,84.2,83.65,84.2,2104664,0.0,0.0,0.0
2022-01-13 00:00:00+08:00,84.35,84.75,84.2,84.6,2225677,0.0,0.0,0.0
2022-01-14 00:00:00+08:00,85.0,85.05,83.9,84.6,4410378,0.0,0.0,0.0
2022-01-17 00:00:00+08:00,84.95,85.7,84.95,85.45,3436807,0.0,0.0,0.0
2022-01-18 00:00:00+08:00,85.45,85.45,84.4,84.45,3377008,0.0,0.0,0.0
2022-01-19 00:00:00+08:00,83.7,84.1,83.3,83.45,3415565,0.0,0.0,0.0
2022-01-20 00:00:00+08:00,83.45,83.9,82.95,83.75,1886897,0.0,0.0,0.0
2022-01-21 00:00:00+08:00,82.6,82.65,81.85,82.0,4862117,0.0,0.0,0.0
2022-01-24 00:00:00+08:00,81.8,82.9,81.55,82.9,2680815,0.0,0.0,0.0
2022-01-25 00:00:00+08:00,82.55,82.55,81.35,81.65,4865673,0.0,0.0,0.0
2022-01-26 00:00:00+08:00,81.55,81.8,81.3,81.4,8960906,0.0,0.0,0.0
2022-02-07 00:00:00+08:00,82.05,82.15,81.3,81.95,5595862,0.0,0.0,0.0
2022-02-08 00:00:00+08:00,82.5,82.6,82.2,82.2,2642122,0.0,0.0,0.0
2022-02-09 00:00:00+08:00,82.5,82.6,82.15,82.55,1839177,0.0,0.0,0.0
2022-02-10 00:00:00+08:00,82.7,83.6,82.7,83.6,1454739,0.0,0.0,0.0
2022-02-11 00:00:00+08:00,83.5,83.55,82.95,83.45,1229566,0.0,0.0,0.0
2022-02-14 00:00:00+08:00,82.85,82.85,82.0,82.3,2997069,0.0,0.0,0.0
2022-02-15 00:00:00+08:00,82.15,82.5,81.9,82.0,2229892,0.0,0.0,0.0
2022-02-16 00:00:00+08:00,82.9,83.3,82.9,83.3,2632770,0.0,0.0,0.0
2022-02-17 00:00:00+08:00,83.35,83.5,82.9,83.25,1596022,0.0,0.0,0.0
2022-02-18 00:00:00+08:00,82.65,83.05,82.4,82.95,1102201,0.0,0.0,0.0
2022-02-21 00:00:00+08:00,82.45,82.9,82.3,82.8,1237169,0.0,0.0,0.0
2022-02-22 00:00:00+08:00,82.25,82.25,81.35,81.75,5716973,0.0,0.0,0.0
2022-02-23 00:00:00+08:00,81.75,82.05,81.6,81.85,1784673,0.0,0.0,0.0
2022-02-24 00:00:00+08:00,81.15,81.15,79.9,79.9,10060846,0.0,0.0,0.0
2022-02-25 00:00:00+08:00,79.95,80.2,79.5,79.85,6105172,0.0,0.0,0.0
2022-03-01 00:00:00+08:00,80.2,81.15,80.05,80.8,4317516,0.0,0.0,0.0
2022-03-02 00:00:00+08:00,80.7,80.7,80.15,80.45,2079058,0.0,0.0,0.0
2022-03-03 00:00:00+08:00,80.8,80.95,80.5,80.55,1596148,0.0,0.0,0.0
2022-03-04 00:00:00+08:00,80.0,80.0,79.5,79.7,5320416,0.0,0.0,0.0
2022-03-07 00:00:00+08:00,79.0,79.0,77.7,78.45,13284933,0.0,0.0,0.0
2022-03-08 00:00:00+08:00,76.6,76.8,75.85,75.9,14740259,0.0,0.0,0.0
2022-03-09 00:00:00+08:00,76.15,76.75,76.15,76.3,5163842,0.0,0.0,0.0
2022-03-10 00:00:00+08:00,77.95,78.6,77.9,78.5,3687947,0.0,0.0,0.0
2022-03-11 00:00:00+08:00,78.3,78.3,77.35,77.55,3026901,0.0,0.0,0.0
2022-03-14 00:00:00+08:00,77.85,78.0,77.1,77.3,3859396,0.0,0.0,0.0
2022-03-15 00:00:00+08:00,76.75,76.75,75.7,75.85,7232312,0.0,0.0,0.0
2022-03-16 00:00:00+08:00,76.6,76.65,75.65,76.1,6275801,0.0,0.0,0.0
2022-03-17 00:00:00+08:00,77.95,78.65,77.75,78.6,3456415,0.0,0.0,0.0
2022-03-18 00:00:00+08:00,78.6,78.6,78.0,78.3,1652556,0.0,0.0,0.0
2022-03-21 00:00:00+08:00,78.7,79.2,78.7,78.8,2592543,0.0,0.0,0.0
2022-03-22 00:00:00+08:00,78.8,78.85,78.5,78.7,2284373,0.0,0.0,0.0
2022-03-23 00:00:00+08:00,79.2,79.7,79.2,79.55,2472632,0.0,0.0,0.0
2022-03-24 00:00:00+08:00,79.3,79.55,79.0,79.45,1097391,0.0,0.0,0.0
2022-03-25 00:00:00+08:00,79.45,79.7,79.4,79.65,1381870,0.0,0.0,0.0
2022-03-28 00:00:00+08:00,78.95,78.95,78.15,78.75,4515881,0.0,0.0,0.0
2022-03-29 00:00:00+08:00,78.7,79.1,78.65,78.85,1117692,0.0,0.0,0.0
2022-03-30 00:00:00+08:00,79.85,79.9,79.55,79.75,1935365,0.0,0.0,0.0
2022-03-31 00:00:00+08:00,79.8,79.9,79.55,79.6,1083473,0.0,0.0,0.0
2022-04-01 00:00:00+08:00,78.7,78.95,78.5,78.95,1457603,0.0,0.0,0.0
2022-04-06 00:00:00+08:00,78.15,78.65,77.8,78.55,3995293,0.0,0.0,0.0
2022-04-07 00:00:00+08:00,77.75,78.0,77.25,77.3,4444195,0.0,0.0,0.0
2022-04-08 00:00:00+08:00,77.35,77.5,77.1,77.35,2390580,0.0,0.0,0.0
2022-04-11 00:00:00+08:00,77.3,77.35,76.25,76.35,4491163,0.0,0.0,0.0
2022-04-12 00:00:00+08:00,76.05,76.65,75.7,76.3,3956666,0.0,0.0,0.0
2022-04-13 00:00:00+08:00,76.7,77.8,76.7,77.7,2093500,0.0,0.0,0.0
2022-04-14 00:00:00+08:00,77.95,77.95,77.45,77.5,1352356,0.0,0.0,0.0
2022-04-15 00:00:00+08:00,76.55,76.65,76.15,76.15,3892112,0.0,0.0,0.0
2022-04-18 00:00:00+08:00,75.7,76.2,75.5,75.65,5593854,0.0,0.0,0.0
2022-04-19 00:00:00+08:00,76.0,76.6,76.0,76.0,1545301,0.0,0.0,0.0
2022-04-20 00:00:00+08:00,76.4,76.45,75.9,76.35,1858925,0.0,0.0,0.0
2022-04-21 00:00:00+08:00,76.65,76.95,76.35,76.35,1382269,0.0,0.0,0.0
2022-04-22 00:00:00+08:00,75.5,75.95,75.4,75.95,2898893,0.0,0.0,0.0
2022-04-25 00:00:00+08:00,74.7,74.8,74.2,74.45,7214535,0.0,0.0,0.0
2022-04-26 00:00:00+08:00,74.55,74.8,74.2,74.4,4498522,0.0,0.0,0.0
2022-04-27 00:00:00+08:00,73.1,73.2,72.7,72.8,7343083,0.0,0.0,0.0
2022-04-28 00:00:00+08:00,73.2,73.4,72.55,73.25,3175299,0.0,0.0,0.0
2022-04-29 00:00:00+08:00,74.5,74.6,73.9,74.25,5668334,0.0,0.0,0.0
2022-05-03 00:00:00+08:00,74.3,74.3,73.4,73.5,3105284,0.0,0.0,0.0
2022-05-04 00:00:00+08:00,73.6,74.0,73.55,73.65,2239802,0.0,0.0,0.0
2022-05-05 00:00:00+08:00,74.7,74.95,74.2,74.4,1696513,0.0,0.0,0.0
2022-05-06 00:00:00+08:00,72.85,73.15,72.6,73.0,5288697,0.0,0.0,0.0
2022-05-09 00:00:00+08:00,72.1,72.15,71.7,71.7,4062824,0.0,0.0,0.0
2022-05-10 00:00:00+08:00,70.7,71.55,70.1,71.5,5133457,0.0,0.0,0.0
2022-05-11 00:00:00+08:00,71.45,71.8,71.1,71.5,1975288,0.0,0.0,0.0
2022-05-12 00:00:00+08:00,71.0,71.0,69.8,69.8,5309459,0.0,0.0,0.0
2022-05-13 00:00:00+08:00,70.05,70.55,70.0,70.5,1961825,0.0,0.0,0.0
2022-05-16 00:00:00+08:00,71.3,71.5,70.6,70.8,3365046,0.0,0.0,0.0
2022-05-17 00:00:00+08:00,71.0,71.7,71.0,71.55,1461539,0.0,0.0,0.0
2022-05-18 00:00:00+08:00,72.3,72.65,72.0,72.35,2191831,0.0,0.0,0.0
2022-05-19 00:00:00+08:00,71.2,71.25,70.7,71.1,2660150,0.0,0.0,0.0
2022-05-20 00:00:00+08:00,71.25,72.0,71.25,71.85,976751,0.0,0.0,0.0
2022-05-23 00:00:00+08:00,72.05,72.4,71.65,72.0,1341683,0.0,0.0,0.0
2022-05-24 00:00:00+08:00,72.0,72.05,71.1,71.1,1188139,0.0,0.0,0.0
2022-05-25 00:00:00+08:00,71.45,71.85,71.15,71.6,1008173,0.0,0.0,0.0
2022-05-26 00:00:00+08:00,71.95,72.0,70.75,70.75,3005872,0.0,0.0,0.0
2022-05-27 00:00:00+08:00,71.45,72.3,71.45,72.3,1244962,0.0,0.0,0.0
2022-05-30 00:00:00+08:00,73.1,74.0,73.1,73.95,1701364,0.0,0.0,0.0
2022-05-31 00:00:00+08:00,73.9,74.5,73.4,74.5,1901332,0.0,0.0,0.0
2022-06-01 00:00:00+08:00,74.4,75.0,74.3,74.4,2793278,0.0,0.0,0.0
2022-06-02 00:00:00+08:00,73.8,73.95,73.5,73.7,1561810,0.0,0.0,0.0
2022-06-06 00:00:00+08:00,73.7,74.45,73.4,74.2,2852729,0.0,0.0,0.0
2022-06-07 00:00:00+08:00,73.55,73.65,73.1,73.35,1966573,0.0,0.0,0.0
2022-06-08 00:00:00+08:00,74.0,74.55,74.0,74.2,1386963,0.0,0.0,0.0
2022-06-09 00:00:00+08:00,73.85,74.1,73.7,73.95,702958,0.0,0.0,0.0
2022-06-10 00:00:00+08:00,73.0,73.45,72.8,73.35,1337370,0.0,0.0,0.0
2022-06-13 00:00:00+08:00,71.6,71.65,71.3,71.35,3531769,0.0,0.0,0.0
2022-06-14 00:00:00+08:00,70.75,71.3,70.4,71.25,2948502,0.0,0.0,0.0
2022-06-15 00:00:00+08:00,71.05,71.25,70.8,70.8,2372968,0.0,0.0,0.0
2022-06-16 00:00:00+08:00,71.6,72.05,70.55,70.6,3865806,0.0,0.0,0.0
2022-06-17 00:00:00+08:00,69.85,70.0,69.5,69.8,4926310,0.0,0.0,0.0
2022-06-20 00:00:00+08:00,69.8,69.85,69.0,69.0,5090993,0.0,0.0,0.0
2022-06-21 00:00:00+08:00,69.55,70.25,69.35,70.25,1793635,0.0,0.0,0.0
2022-06-22 00:00:00+08:00,70.0,70.0,68.8,68.8,3436344,0.0,0.0,0.0
2022-06-23 00:00:00+08:00,68.8,69.2,67.6,67.8,5166733,0.0,0.0,0.0
2022-06-24 00:00:00+08:00,68.35,68.7,67.9,68.0,1675871,0.0,0.0,0.0
2022-06-27 00:00:00+08:00,69.0,70.0,69.0,69.5,3156555,0.0,0.0,0.0
2022-06-28 00:00:00+08:00,69.45,69.45,68.7,69.0,1402489,0.0,0.0,0.0
2022-06-29 00:00:00+08:00,68.25,68.9,68.25,68.3,2101057,0.0,0.0,0.0
2022-06-30 00:00:00+08:00,67.8,67.8,66.6,66.75,5206626,0.0,0.0,0.0
2022-07-01 00:00:00+08:00,66.65,66.65,64.45,64.45,8955710,0.0,0.0,0.0
2022-07-04 00:00:00+08:00,64.45,64.75,63.5,63.65,6096636,0.0,0.0,0.0
2022-07-05 00:00:00+08:00,64.9,65.05,63.0,64.15,5744913,0.0,0.0,0.0
2022-07-06 00:00:00+08:00,64.15,64.25,62.95,63.1,4941441,0.0,0.0,0.0
2022-07-07 00:00:00+08:00,63.4,65.05,62.9,64.85,2348584,0.0,0.0,0.0
2022-07-08 00:00:00+08:00,65.9,65.95,65.1,65.55,2783636,0.0,0.0,0.0
2022-07-11 00:00:00+08:00,65.65,65.85,64.85,65.05,1826091,0.0,0.0,0.0
2022-07-12 00:00:00+08:00,64.7,64.7,63.25,63.5,2654584,0.0,0.0,0.0
2022-07-13 00:00:00+08:00,65.65,65.75,65.15,65.6,4409508,0.0,0.0,0.0
2022-07-14 00:00:00+08:00,65.3,66.15,64.7,65.8,3845825,0.0,0.0,0.0
2022-07-15 00:00:00+08:00,66.2,66.9,65.85,66.8,3997318,0.0,0.0,0.0
2022-07-18 00:00:00+08:00,66.2,66.2,65.55,65.75,5331895,0.0,0.0,0.0
2022-07-19 00:00:00+08:00,65.55,65.9,65.25,65.8,2559332,0.0,0.0,0.0
2022-07-20 00:00:00+08:00,66.95,66.95,65.95,66.0,2317543,0.0,0.0,0.0
2022-07-21 00:00:00+08:00,66.2,66.95,66.05,66.95,1601690,0.0,0.0,0.0
2022-07-22 00:00:00+08:00,67.2,67.4,66.85,67.25,2022151,0.0,0.0,0.0
2022-07-25 00:00:00+08:00,66.95,67.4,66.7,67.2,1896969,0.0,0.0,0.0
2022-07-26 00:00:00+08:00,67.1,67.15,66.4,66.55,3525656,0.0,0.0,0.0
2022-07-27 00:00:00+08:00,66.55,67.1,66.15,67.1,1464070,0.0,0.0,0.0
2022-07-28 00:00:00+08:00,68.0,68.0,67.3,67.3,2188270,0.0,0.0,0.0
2022-07-29 00:00:00+08:00,68.05,68.2,67.65,67.9,2126976,0.0,0.0,0.0
2022-08-01 00:00:00+08:00,67.9,67.9,67.35,67.7,2182787,0.0,0.0,0.0
2022-08-02 00:00:00+08:00,66.95,67.0,66.2,66.6,4565308,0.0,0.0,0.0
2022-08-03 00:00:00+08:00,66.6,66.95,66.45,66.9,2109711,0.0,0.0,0.0
2022-08-04 00:00:00+08:00,67.0,67.2,66.3,67.1,2375534,0.0,0.0,0.0
2022-08-05 00:00:00+08:00,67.9,68.75,67.85,68.75,2298218,0.0,0.0,0.0
2022-08-08 00:00:00+08:00,68.5,68.65,68.1,68.6,3388605,0.0,0.0,0.0
2022-08-09 00:00:00+08:00,68.1,68.75,67.85,68.45,2760711,0.0,0.0,0.0
2022-08-10 00:00:00+08:00,67.85,68.0,67.7,67.8,1943364,0.0,0.0,0.0
2022-08-11 00:00:00+08:00,69.0,69.3,68.75,69.05,2604130,0.0,0.0,0.0
2022-08-12 00:00:00+08:00,69.2,69.65,69.2,69.55,2061529,0.0,0.0,0.0
2022-08-15 00:00:00+08:00,69.9,70.25,69.75,70.2,2651737,0.0,0.0,0.0
2022-08-16 00:00:00+08:00,70.25,70.4,70.1,70.25,3073014,0.0,0.0,0.0
2022-08-17 00:00:00+08:00,70.25,70.4,70.1,70.4,1590385,0.0,0.0,0.0
2022-08-18 00:00:00+08:00,70.0,70.0,69.6,69.8,2329713,0.0,0.0,0.0
2022-08-19 00:00:00+08:00,69.95,70.3,69.6,69.95,1581701,0.0,0.0,0.0
2022-08-22 00:00:00+08:00,69.4,69.4,69.0,69.15,1747000,0.0,0.0,0.0
2022-08-23 00:00:00+08:00,68.35,68.5,68.05,68.1,3436726,0.0,0.0,0.0
2022-08-24 00:00:00+08:00,68.2,68.5,67.75,67.9,2354301,0.0,0.0,0.0
2022-08-25 00:00:00+08:00,68.4,68.65,68.2,68.5,1427595,0.0,0.0,0.0
2022-08-26 00:00:00+08:00,69.0,69.2,68.8,68.85,3364686,0.0,0.0,0.0
2022-08-29 00:00:00+08:00,66.95,67.45,66.8,67.25,6601313,0.0,0.0,0.0
2022-08-30 00:00:00+08:00,67.2,67.5,66.95,67.25,4365980,0.0,0.0,0.0
2022-08-31 00:00:00+08:00,66.9,67.75,66.65,67.7,2458381,0.0,0.0,0.0
2022-09-01 00:00:00+08:00,66.55,66.6,66.15,66.3,6606157,0.0,0.0,0.0
2022-09-02 00:00:00+08:00,66.35,66.35,65.7,65.7,4756536,0.0,0.0,0.0
2022-09-05 00:00:00+08:00,65.75,66.05,65.45,65.7,3006118,0.0,0.0,0.0
2022-09-06 00:00:00+08:00,66.1,66.4,65.75,66.1,3410389,0.0,0.0,0.0
2022-09-07 00:00:00+08:00,65.25,65.25,64.65,64.65,5625893,0.0,0.0,0.0
2022-09-08 00:00:00+08:00,65.1,65.1,64.7,65.0,2632712,0.0,0.0,0.0
2022-09-12 00:00:00+08:00,66.05,66.55,66.05,66.35,2241353,0.0,0.0,0.0
2022-09-13 00:00:00+08:00,66.7,66.9,66.55,66.7,2066321,0.0,0.0,0.0
2022-09-14 00:00:00+08:00,65.2,65.6,65.0,65.4,3084709,0.0,0.0,0.0
2022-09-15 00:00:00+08:00,65.4,65.8,65.2,65.5,2003463,0.0,0.0,0.0
2022-09-16 00:00:00+08:00,64.95,65.0,64.75,64.85,4574789,0.0,0.0,0.0
2022-09-19 00:00:00+08:00,65.1,65.1,64.4,64.45,3340524,0.0,0.0,0.0
2022-09-20 00:00:00+08:00,64.8,65.15,64.6,65.0,1773809,0.0,0.0,0.0
2022-09-21 00:00:00+08:00,64.8,64.85,64.45,64.5,2519575,0.0,0.0,0.0
2022-09-22 00:00:00+08:00,63.7,63.75,63.1,63.7,5438634,0.0,0.0,0.0
2022-09-23 00:00:00+08:00,63.5,63.55,63.0,63.0,5778289,0.0,0.0,0.0
2022-09-26 00:00:00+08:00,62.35,62.35,61.65,61.8,9682397,0.0,0.0,0.0
2022-09-27 00:00:00+08:00,62.0,62.1,61.5,61.7,3776226,0.0,0.0,0.0
2022-09-28 00:00:00+08:00,61.85,61.85,60.4,60.4,6782566,0.0,0.0,0.0
2022-09-29 00:00:00+08:00,60.9,61.15,60.0,60.2,4353543,0.0,0.0,0.0
2022-09-30 00:00:00+08:00,59.5,59.7,59.2,59.35,4855088,0.0,0.0,0.0
2022-10-03 00:00:00+08:00,58.9,59.5,58.6,58.7,4911630,0.0,0.0,0.0
2022-10-04 00:00:00+08:00,60.0,60.2,59.8,60.05,3128140,0.0,0.0,0.0
2022-10-05 00:00:00+08:00,61.15,62.0,61.15,61.55,3625832,0.0,0.0,0.0
2022-10-06 00:00:00+08:00,61.95,62.15,61.75,62.0,4168200,0.0,0.0,0.0
2022-10-07 00:00:00+08:00,61.7,61.7,60.95,60.95,3153396,0.0,0.0,0.0
2022-10-11 00:00:00+08:00,58.8,58.8,57.85,57.9,11291914,0.0,0.0,0.0
2022-10-12 00:00:00+08:00,57.8,57.85,57.2,57.55,5043305,0.0,0.0,0.0
2022-10-13 00:00:00+08:00,57.75,57.75,56.85,56.85,5052210,0.0,0.0,0.0
2022-10-14 00:00:00+08:00,58.3,58.8,58.15,58.45,4116931,0.0,0.0,0.0
2022-10-17 00:00:00+08:00,57.45,57.55,56.95,57.3,5674351,0.0,0.0,0.0
2022-10-18 00:00:00+08:00,58.35,58.35,57.45,58.0,3016565,0.0,0.0,0.0
2022-10-19 00:00:00+08:00,58.0,58.1,57.25,57.25,4069023,0.0,0.0,0.0
2022-10-20 00:00:00+08:00,56.55,57.1,55.95,57.1,4074260,0.0,0.0,0.0
2022-10-21 00:00:00+08:00,57.1,57.35,56.7,56.75,2096496,0.0,0.0,0.0
2022-10-24 00:00:00+08:00,57.85,57.85,56.75,56.75,3479509,0.0,0.0,0.0
2022-10-25 00:00:00+08:00,56.65,56.65,55.5,55.5,5716914,0.0,0.0,0.0
2022-10-26 00:00:00+08:00,55.75,56.35,55.55,56.15,4293717,0.0,0.0,0.0
2022-10-27 00:00:00+08:00,56.65,57.1,56.65,56.9,2040749,0.0,0.0,0.0
2022-10-28 00:00:00+08:00,56.65,56.65,55.9,56.2,3592282,0.0,0.0,0.0
2022-10-31 00:00:00+08:00,56.85,57.2,56.35,56.95,2641038,0.0,0.0,0.0
2022-11-01 00:00:00+08:00,56.9,57.55,56.85,57.25,2741394,0.0,0.0,0.0
2022-11-02 00:00:00+08:00,57.3,57.55,57.15,57.5,1590855,0.0,0.0,0.0
2022-11-03 00:00:00+08:00,56.7,56.9,56.55,56.8,3148598,0.0,0.0,0.0
2022-11-04 00:00:00+08:00,56.5,56.9,56.1,56.9,1826728,0.0,0.0,0.0
2022-11-07 00:00:00+08:00,57.5,58.05,57.25,57.85,4479888,0.0,0.0,0.0
2022-11-08 00:00:00+08:00,58.3,58.65,58.25,58.5,2569714,0.0,0.0,0.0
2022-11-09 00:00:00+08:00,59.1,60.05,59.0,60.0,3860810,0.0,0.0,0.0
2022-11-10 00:00:00+08:00,59.6,59.75,59.3,59.45,2583650,0.0,0.0,0.0
2022-11-11 00:00:00+08:00,62.4,62.55,61.9,62.55,6319743,0.0,0.0,0.0
2022-11-14 00:00:00+08:00,62.95,63.5,62.85,63.25,4189900,0.0,0.0,0.0
2022-11-15 00:00:00+08:00,64.0,65.95,64.0,65.8,7730872,0.0,0.0,0.0
2022-11-16 00:00:00+08:00,65.45,65.55,64.35,64.7,7194865,0.0,0.0,0.0
2022-11-17 00:00:00+08:00,64.3,64.75,63.8,64.7,2848556,0.0,0.0,0.0
2022-11-18 00:00:00+08:00,65.05,65.5,64.5,64.55,2887785,0.0,0.0,0.0
2022-11-21 00:00:00+08:00,64.6,64.85,64.2,64.25,1815643,0.0,0.0,0.0
2022-11-22 00:00:00+08:00,64.2,64.9,63.85,64.85,1593647,0.0,0.0,0.0
2022-11-23 00:00:00+08:00,65.2,65.5,65.05,65.3,2186885,0.0,0.0,0.0
2022-11-24 00:00:00+08:00,65.45,65.9,65.45,65.9,2899003,0.0,0.0,0.0
2022-11-25 00:00:00+08:00,65.9,66.05,65.7,65.8,2873428,0.0,0.0,0.0
2022-11-28 00:00:00+08:00,65.1,65.1,64.4,64.7,4380548,0.0,0.0,0.0
2022-11-29 00:00:00+08:00,64.25,65.2,63.95,65.1,2638986,0.0,0.0,0.0
2022-11-30 00:00:00+08:00,65.0,65.75,64.95,65.75,1936507,0.0,0.0,0.0
2022-12-01 00:00:00+08:00,67.0,67.45,66.6,66.75,3719577,0.0,0.0,0.0
2022-12-02 00:00:00+08:00,66.5,66.6,66.05,66.3,1901465,0.0,0.0,0.0
2022-12-05 00:00:00+08:00,66.35,66.9,66.25,66.25,2281720,0.0,0.0,0.0
2022-12-06 00:00:00+08:00,66.05,66.05,65.2,65.2,4349147,0.0,0.0,0.0
2022-12-07 00:00:00+08:00,64.95,65.55,64.6,64.75,2225022,0.0,0.0,0.0
2022-12-08 00:00:00+08:00,64.7,64.7,63.65,64.0,2810546,0.0,0.0,0.0
2022-12-09 00:00:00+08:00,64.5,65.2,64.45,64.95,1635958,0.0,0.0,0.0
2022-12-12 00:00:00+08:00,64.8,64.8,64.1,64.5,1884592,0.0,0.0,0.0
2022-12-13 00:00:00+08:00,64.7,64.8,64.0,64.15,2405518,0.0,0.0,0.0
2022-12-14 00:00:00+08:00,64.3,65.1,64.3,65.0,1432491,0.0,0.0,0.0
2022-12-15 00:00:00+08:00,64.8,65.05,64.5,65.05,1498351,0.0,0.0,0.0
2022-12-16 00:00:00+08:00,63.95,64.2,63.5,63.9,4855441,0.0,0.0,0.0
2022-12-19 00:00:00+08:00,63.65,63.9,63.4,63.6,1958528,0.0,0.0,0.0
2022-12-20 00:00:00+08:00,63.6,63.7,62.5,62.5,3704530,0.0,0.0,0.0
2022-12-21 00:00:00+08:00,62.9,63.05,62.55,62.65,1507145,0.0,0.0,0.0
2022-12-22 00:00:00+08:00,63.0,63.75,63.0,63.7,1190653,0.0,0.0,0.0
2022-12-23 00:00:00+08:00,62.85,62.95,62.6,62.8,2496498,0.0,0.0,0.0
2022-12-26 00:00:00+08:00,62.95,63.05,62.75,62.95,2658250,0.0,0.0,0.0
2022-12-27 00:00:00+08:00,63.0,63.5,63.0,63.1,1564635,0.0,0.0,0.0
2022-12-28 00:00:00+08:00,62.6,62.6,61.9,62.1,3624562,0.0,0.0,0.0
2022-12-29 00:00:00+08:00,61.9,61.9,61.4,61.85,3066527,0.0,0.0,0.0
2022-12-30 00:00:00+08:00,62.4,62.6,62.1,62.1,1967851,0.0,0.0,0.0
2023-01-03 00:00:00+08:00,61.8,62.7,61.35,62.6,3198969,0.0,0.0,0.0
2023-01-04 00:00:00+08:00,62.4,62.7,62.25,62.35,3077969,0.0,0.0,0.0
2023-01-05 00:00:00+08:00,62.7,63.15,62.6,62.8,1844396,0.0,0.0,0.0
2023-01-06 00:00:00+08:00,62.8,63.45,62.75,63.2,3349418,0.0,0.0,0.0
2023-01-09 00:00:00+08:00,64.2,65.3,64.2,65.25,4405321,0.0,0.0,0.0
2023-01-10 00:00:00+08:00,65.6,65.8,65.4,65.75,4071674,0.0,0.0,0.0
2023-01-11 00:00:00+08:00,65.9,66.0,65.45,65.6,1796403,0.0,0.0,0.0
2023-01-12 00:00:00+08:00,65.9,65.9,65.4,65.55,1630625,0.0,0.0,0.0
2023-01-13 00:00:00+08:00,66.5,67.05,66.15,66.3,5188177,0.0,0.0,0.0
2023-01-16 00:00:00+08:00,66.6,67.05,66.6,66.85,5037758,0.0,0.0,0.0
2023-01-17 00:00:00+08:00,66.8,66.85,66.55,66.75,2518932,0.0,0.0,0.0
2023-01-30 00:00:00+08:00,69.3,70.0,69.3,69.75,8206249,0.0,0.0,0.0
2023-01-31 00:00:00+08:00,69.7,69.7,68.55,68.6,4484242,0.0,0.0,0.0
2023-02-01 00:00:00+08:00,68.8,69.1,68.55,68.95,2099151,0.0,0.0,0.0
2023-02-02 00:00:00+08:00,69.6,69.95,69.4,69.95,3986037,0.0,0.0,0.0
2023-02-03 00:00:00+08:00,69.9,70.0,69.45,69.95,4188102,0.0,0.0,0.0
2023-02-06 00:00:00+08:00,69.45,69.5,68.9,69.0,5650391,0.0,0.0,0.0
2023-02-07 00:00:00+08:00,68.9,69.0,68.55,68.85,2437842,0.0,0.0,0.0
2023-02-08 00:00:00+08:00,69.5,69.95,69.4,69.85,2560171,0.0,0.0,0.0
2023-02-09 00:00:00+08:00,69.7,69.9,69.55,69.9,1744345,0.0,0.0,0.0
2023-02-10 00:00:00+08:00,69.8,70.0,69.75,70.0,2378440,0.0,0.0,0.0
2023-02-13 00:00:00+08:00,69.95,69.95,69.3,69.85,2737238,0.0,0.0,0.0
2023-02-14 00:00:00+08:00,70.05,70.4,70.05,70.25,2323569,0.0,0.0,0.0
2023-02-15 00:00:00+08:00,69.5,69.5,68.8,68.85,4999173,0.0,0.0,0.0
2023-02-16 00:00:00+08:00,69.1,69.8,69.1,69.6,3373054,0.0,0.0,0.0
2023-02-17 00:00:00+08:00,69.0,69.0,68.55,68.7,3180518,0.0,0.0,0.0
2023-02-20 00:00:00+08:00,68.7,69.05,68.4,68.85,2156470,0.0,0.0,0.0
2023-02-21 00:00:00+08:00,68.85,68.85,68.55,68.75,1699425,0.0,0.0,0.0
2023-02-22 00:00:00+08:00,68.0,68.25,67.75,68.05,3510829,0.0,0.0,0.0
2023-02-23 00:00:00+08:00,68.15,69.3,68.15,69.05,1747720,0.0,0.0,0.0
2023-02-24 00:00:00+08:00,69.5,69.5,68.7,68.7,2533115,0.0,0.0,0.0
2023-03-01 00:00:00+08:00,68.05,69.15,67.75,69.05,5498577,0.0,0.0,0.0
2023-03-02 00:00:00+08:00,69.05,69.05,68.45,68.85,2539479,0.0,0.0,0.0
2023-03-03 00:00:00+08:00,69.05,69.45,68.95,69.0,2322302,0.0,0.0,0.0
2023-03-06 00:00:00+08:00,69.6,69.95,69.35,69.75,4802142,0.0,0.0,0.0
2023-03-07 00:00:00+08:00,69.75,70.2,69.6,70.1,4420727,0.0,0.0,0.0
2023-03-08 00:00:00+08:00,69.8,69.8,69.35,69.65,3537009,0.0,0.0,0.0
2023-03-09 00:00:00+08:00,69.7,69.85,69.5,69.55,1902810,0.0,0.0,0.0
2023-03-10 00:00:00+08:00,68.9,68.9,68.4,68.55,4750610,0.0,0.0,0.0
2023-03-13 00:00:00+08:00,68.4,68.75,67.85,68.75,5815246,0.0,0.0,0.0
2023-03-14 00:00:00+08:00,68.1,68.25,67.85,68.0,3669599,0.0,0.0,0.0
2023-03-15 00:00:00+08:00,68.5,68.7,68.0,68.0,2154663,0.0,0.0,0.0
2023-03-16 00:00:00+08:00,67.95,68.0,67.5,67.65,6338810,0.0,0.0,0.0
2023-03-17 00:00:00+08:00,68.05,68.6,68.05,68.55,1975527,0.0,0.0,0.0
2023-03-20 00:00:00+08:00,68.65,68.7,68.15,68.2,2873293,0.0,0.0,0.0
2023-03-21 00:00:00+08:00,68.55,68.75,68.4,68.5,1649573,0.0,0.0,0.0
2023-03-22 00:00:00+08:00,69.05,69.85,69.05,69.8,3506762,0.0,0.0,0.0
2023-03-23 00:00:00+08:00,69.7,70.55,69.65,70.25,4134444,0.0,0.0,0.0
2023-03-24 00:00:00+08:00,70.4,70.65,70.25,70.65,3657593,0.0,0.0,0.0
2023-03-27 00:00:00+08:00,70.5,70.5,70.0,70.2,3699054,0.0,0.0,0.0
2023-03-28 00:00:00+08:00,70.0,70.05,69.45,69.6,2660269,0.0,0.0,0.0
2023-03-29 00:00:00+08:00,69.8,70.0,69.45,69.8,1688459,0.0,0.0,0.0
2023-03-30 00:00:00+08:00,70.25,70.35,69.8,70.05,2967616,0.0,0.0,0.0
2023-03-31 00:00:00+08:00,70.3,70.9,70.25,70.25,3205251,0.0,0.0,0.0
2023-04-06 00:00:00+08:00,70.25,70.25,69.6,70.05,6049716,0.0,0.0,0.0
2023-04-07 00:00:00+08:00,70.1,70.3,69.95,69.95,1922216,0.0,0.0,0.0
2023-04-10 00:00:00+08:00,70.05,70.3,69.95,70.05,2234127,0.0,0.0,0.0
2023-04-11 00:00:00+08:00,69.9,70.15,69.75,69.95,2047488,0.0,0.0,0.0
2023-04-12 00:00:00+08:00,69.95,69.95,69.55,69.8,1704400,0.0,0.0,0.0
2023-04-13 00:00:00+08:00,69.6,69.6,69.2,69.2,3936038,0.0,0.0,0.0
2023-04-14 00:00:00+08:00,69.5,70.0,69.35,69.85,2271684,0.0,0.0,0.0
2023-04-17 00:00:00+08:00,69.85,69.85,69.4,69.75,4615563,0.0,0.0,0.0
2023-04-18 00:00:00+08:00,69.75,69.75,69.35,69.5,2444381,0.0,0.0,0.0
2023-04-19 00:00:00+08:00,69.5,69.6,68.9,69.0,4173167,0.0,0.0,0.0
2023-04-20 00:00:00+08:00,68.8,69.1,68.65,68.9,3657218,0.0,0.0,0.0
2023-04-21 00:00:00+08:00,69.05,69.3,68.65,68.7,3057385,0.0,0.0,0.0
2023-04-24 00:00:00+08:00,68.45,68.6,68.2,68.45,3710475,0.0,0.0,0.0
2023-04-25 00:00:00+08:00,68.45,68.45,67.55,67.6,8959381,0.0,0.0,0.0
2023-04-26 00:00:00+08:00,67.6,67.6,66.95,67.05,9250197,0.0,0.0,0.0
2023-04-27 00:00:00+08:00,67.1,67.45,66.9,67.2,4685809,0.0,0.0,0.0
2023-04-28 00:00:00+08:00,67.6,68.05,67.6,67.95,2912071,0.0,0.0,0.0
2023-05-02 00:00:00+08:00,68.0,68.25,67.75,68.05,3173697,0.0,0.0,0.0
2023-05-03 00:00:00+08:00,67.85,67.95,67.6,67.85,3290371,0.0,0.0,0.0
2023-05-04 00:00:00+08:00,67.75,68.05,67.55,67.95,1697321,0.0,0.0,0.0
2023-05-05 00:00:00+08:00,68.05,68.3,67.95,68.2,1543803,0.0,0.0,0.0
2023-05-08 00:00:00+08:00,68.5,68.8,68.4,68.6,4785443,0.0,0.0,0.0
2023-05-09 00:00:00+08:00,68.7,68.8,68.45,68.8,2197106,0.0,0.0,0.0
2023-05-10 00:00:00+08:00,68.7,68.75,68.1,68.3,2192799,0.0,0.0,0.0
2023-05-11 00:00:00+08:00,68.4,68.5,68.0,68.0,1846274,0.0,0.0,0.0
2023-05-12 00:00:00+08:00,67.8,67.95,67.6,67.8,2478843,0.0,0.0,0.0
2023-05-15 00:00:00+08:00,67.7,67.85,67.6,67.8,4199118,0.0,0.0,0.0
2023-05-16 00:00:00+08:00,68.2,68.8,68.2,68.6,3109929,0.0,0.0,0.0
2023-05-17 00:00:00+08:00,68.7,69.85,68.7,69.65,4590222,0.0,0.0,0.0
2023-05-18 00:00:00+08:00,70.15,70.6,70.15,70.55,5738394,0.0,0.0,0.0
2023-05-19 00:00:00+08:00,70.7,70.95,70.45,70.7,7681090,0.0,0.0,0.0
2023-05-22 00:00:00+08:00,70.7,70.8,70.5,70.65,2825722,0.0,0.0,0.0
2023-05-23 00:00:00+08:00,70.65,70.85,70.35,70.65,3173033,0.0,0.0,0.0
2023-05-24 00:00:00+08:00,70.55,70.55,70.0,70.3,2961628,0.0,0.0,0.0
2023-05-25 00:00:00+08:00,70.85,71.25,70.75,71.05,2761133,0.0,0.0,0.0
2023-05-26 00:00:00+08:00,71.65,72.75,71.65,72.7,9728246,0.0,0.0,0.0
2023-05-29 00:00:00+08:00,73.1,73.8,72.95,73.05,7128083,0.0,0.0,0.0
2023-05-30 00:00:00+08:00,73.0,73.25,72.95,73.2,5002568,0.0,0.0,0.0
2023-05-31 00:00:00+08:00,73.15,73.15,72.3,72.8,4006900,0.0,0.0,0.0
2023-06-01 00:00:00+08:00,72.3,72.45,72.05,72.2,3287661,0.0,0.0,0.0
2023-06-02 00:00:00+08:00,72.7,73.25,72.65,73.1,2922355,0.0,0.0,0.0
2023-06-05 00:00:00+08:00,73.1,73.15,72.8,72.9,4029170,0.0,0.0,0.0
2023-06-06 00:00:00+08:00,72.9,73.45,72.85,73.15,4858887,0.0,0.0,0.0
2023-06-07 00:00:00+08:00,73.4,74.0,73.4,73.95,2676849,0.0,0.0,0.0
2023-06-08 00:00:00+08:00,73.9,74.0,73.0,73.25,2661184,0.0,0.0,0.0
2023-06-09 00:00:00+08:00,73.4,73.95,73.4,73.9,1772744,0.0,0.0,0.0
2023-06-12 00:00:00+08:00,74.1,74.65,74.1,74.45,2794118,0.0,0.0,0.0
2023-06-13 00:00:00+08:00,75.3,76.1,75.25,76.0,6615160,0.0,0.0,0.0
2023-06-14 00:00:00+08:00,75.9,75.9,75.55,75.85,2160835,0.0,0.0,0.0
2023-06-15 00:00:00+08:00,75.85,76.3,75.85,76.15,4315819,0.0,0.0,0.0
2023-06-16 00:00:00+08:00,76.1,76.15,75.75,75.9,3912032,0.0,0.0,0.0
2023-06-19 00:00:00+08:00,75.75,75.95,75.5,75.85,2898132,0.0,0.0,0.0
2023-06-20 00:00:00+08:00,75.8,75.85,75.35,75.4,2906795,0.0,0.0,0.0
2023-06-21 00:00:00+08:00,75.3,75.65,75.2,75.45,5508775,0.0,0.0,0.0
2023-06-26 00:00:00+08:00,75.15,75.25,74.85,75.0,4877736,0.0,0.0,0.0
2023-06-27 00:00:00+08:00,74.75,75.0,74.5,74.75,3328776,0.0,0.0,0.0
2023-06-28 00:00:00+08:00,75.0,75.2,74.55,74.65,3610215,0.0,0.0,0.0
2023-06-29 00:00:00+08:00,75.0,75.5,74.55,74.65,2876587,0.0,0.0,0.0
2023-06-30 00:00:00+08:00,74.55,74.75,74.15,74.75,3706517,0.0,0.0,0.0
2023-07-03 00:00:00+08:00,75.1,75.7,75.1,75.6,2970341,0.0,0.0,0.0
2023-07-04 00:00:00+08:00,75.6,75.9,75.55,75.9,2692832,0.0,0.0,0.0
2023-07-05 00:00:00+08:00,75.95,76.0,75.45,75.6,2951727,0.0,0.0,0.0
2023-07-06 00:00:00+08:00,74.9,74.95,74.05,74.25,7452827,0.0,0.0,0.0
2023-07-07 00:00:00+08:00,73.95,74.35,73.65,74.0,3824056,0.0,0.0,0.0
2023-07-10 00:00:00+08:00,74.0,74.55,73.7,73.8,3620772,0.0,0.0,0.0
2023-07-11 00:00:00+08:00,74.2,74.85,74.2,74.85,1975222,0.0,0.0,0.0
2023-07-12 00:00:00+08:00,74.85,74.95,74.6,74.95,2905320,0.0,0.0,0.0
2023-07-13 00:00:00+08:00,75.7,76.3,75.65,75.75,3915764,0.0,0.0,0.0
2023-07-14 00:00:00+08:00,76.0,76.45,76.0,76.3,3140738,0.0,0.0,0.0
2023-07-17 00:00:00+08:00,76.3,76.6,76.25,76.45,5006378,0.0,0.0,0.0
2023-07-18 00:00:00+08:00,75.65,75.65,74.95,75.0,6246779,0.0,0.0,0.0
2023-07-19 00:00:00+08:00,75.1,75.4,74.6,74.7,3382111,0.0,0.0,0.0
2023-07-20 00:00:00+08:00,74.7,74.95,74.6,74.7,1614901,0.0,0.0,0.0
2023-07-21 00:00:00+08:00,73.6,73.7,73.1,73.6,5595959,0.0,0.0,0.0
2023-07-24 00:00:00+08:00,73.55,73.9,73.3,73.7,3725945,0.0,0.0,0.0
2023-07-25 00:00:00+08:00,73.75,74.7,73.75,74.5,3893158,0.0,0.0,0.0
2023-07-26 00:00:00+08:00,74.7,74.75,74.25,74.4,5078377,0.0,0.0,0.0
2023-07-27 00:00:00+08:00,74.7,74.95,74.6,74.75,2476002,0.0,0.0,0.0
2023-07-28 00:00:00+08:00,74.75,75.0,74.55,74.8,2749568,0.0,0.0,0.0
2023-07-31 00:00:00+08:00,75.3,75.5,74.15,74.5,2800980,0.0,0.0,0.0
2023-08-01 00:00:00+08:00,74.5,74.9,74.45,74.85,2319335,0.0,0.0,0.0
2023-08-02 00:00:00+08:00,74.8,74.85,73.75,74.0,7204713,0.0,0.0,0.0
2023-08-04 00:00:00+08:00,73.65,73.75,73.35,73.6,5542871,0.0,0.0,0.0
2023-08-07 00:00:00+08:00,73.7,74.35,73.7,74.1,4962708,0.0,0.0,0.0
2023-08-08 00:00:00+08:00,74.1,74.1,73.15,73.4,5397653,0.0,0.0,0.0
2023-08-09 00:00:00+08:00,73.4,73.8,73.1,73.5,2697665,0.0,0.0,0.0
2023-08-10 00:00:00+08:00,73.35,73.35,72.9,73.1,5255684,0.0,0.0,0.0
2023-08-11 00:00:00+08:00,73.3,73.6,72.9,72.95,3833019,0.0,0.0,0.0
2023-08-14 00:00:00+08:00,72.6,72.65,71.75,72.05,10539582,0.0,0.0,0.0
2023-08-15 00:00:00+08:00,72.35,72.5,71.95,72.1,3484892,0.0,0.0,0.0
2023-08-16 00:00:00+08:00,71.8,71.9,71.4,71.8,8488278,0.0,0.0,0.0
2023-08-17 00:00:00+08:00,71.35,72.1,71.0,71.9,4267754,0.0,0.0,0.0
2023-08-18 00:00:00+08:00,71.8,72.15,71.4,71.55,3525907,0.0,0.0,0.0
2023-08-21 00:00:00+08:00,71.75,72.0,71.15,71.3,3340312,0.0,0.0,0.0
2023-08-22 00:00:00+08:00,71.8,71.85,71.45,71.65,1649178,0.0,0.0,0.0
2023-08-23 00:00:00+08:00,71.7,72.3,71.7,72.2,2604803,0.0,0.0,0.0
2023-08-24 00:00:00+08:00,73.05,73.5,73.0,73.4,3940602,0.0,0.0,0.0
2023-08-25 00:00:00+08:00,72.65,72.65,72.05,72.15,2769907,0.0,0.0,0.0
2023-08-28 00:00:00+08:00,72.15,72.8,72.15,72.4,3486527,0.0,0.0,0.0
2023-08-29 00:00:00+08:00,72.5,72.75,72.15,72.75,2329438,0.0,0.0,0.0
2023-08-30 00:00:00+08:00,73.2,73.5,73.05,73.1,1388643,0.0,0.0,0.0
2023-08-31 00:00:00+08:00,73.1,73.1,72.5,72.6,1977302,0.0,0.0,0.0
2023-09-01 00:00:00+08:00,72.55,72.95,72.4,72.7,2230793,0.0,0.0,0.0
2023-09-04 00:00:00+08:00,72.65,73.25,72.5,73.2,2543759,0.0,0.0,0.0
2023-09-05 00:00:00+08:00,73.1,73.15,72.85,73.1,1511067,0.0,0.0,0.0
2023-09-06 00:00:00+08:00,73.1,73.35,72.8,72.85,4127223,0.0,0.0,0.0
2023-09-07 00:00:00+08:00,72.55,72.55,72.1,72.2,2384671,0.0,0.0,0.0
2023-09-08 00:00:00+08:00,71.95,72.0,71.65,71.9,2928644,0.0,0.0,0.0
2023-09-11 00:00:00+08:00,71.9,72.0,71.4,71.65,3960167,0.0,0.0,0.0
2023-09-12 00:00:00+08:00,71.75,72.2,71.45,72.2,1694811,0.0,0.0,0.0
2023-09-13 00:00:00+08:00,72.25,72.5,72.05,72.25,1859118,0.0,0.0,0.0
2023-09-14 00:00:00+08:00,72.5,73.25,72.5,73.25,1696620,0.0,0.0,0.0
2023-09-15 00:00:00+08:00,73.25,73.55,73.2,73.5,2835965,0.0,0.0,0.0
2023-09-18 00:00:00+08:00,73.2,73.25,72.75,72.8,4935142,0.0,0.0,0.0
2023-09-19 00:00:00+08:00,72.8,72.85,72.5,72.5,1899186,0.0,0.0,0.0
2023-09-20 00:00:00+08:00,72.35,72.4,72.0,72.05,2732510,0.0,0.0,0.0
2023-09-21 00:00:00+08:00,71.55,71.55,71.0,71.1,7139877,0.0,0.0,0.0
2023-09-22 00:00:00+08:00,70.85,71.0,70.5,70.9,4141276,0.0,0.0,0.0
2023-09-25 00:00:00+08:00,70.95,71.55,70.95,71.45,2181051,0.0,0.0,0.0
2023-09-26 00:00:00+08:00,71.2,71.2,70.55,70.6,5707942,0.0,0.0,0.0
2023-09-27 00:00:00+08:00,70.5,70.7,70.25,70.6,2674012,0.0,0.0,0.0
2023-09-28 00:00:00+08:00,71.15,71.15,70.55,70.85,2561556,0.0,0.0,0.0
2023-10-02 00:00:00+08:00,71.45,71.9,71.45,71.8,2251966,0.0,0.0,0.0
2023-10-03 00:00:00+08:00,71.8,71.8,71.35,71.45,2383073,0.0,0.0,0.0
2023-10-04 00:00:00+08:00,70.65,70.7,70.2,70.55,3853349,0.0,0.0,0.0
2023-10-05 00:00:00+08:00,70.9,71.45,70.85,71.4,2017394,0.0,0.0,0.0
2023-10-06 00:00:00+08:00,71.75,71.9,71.65,71.75,3514294,0.0,0.0,0.0
2023-10-11 00:00:00+08:00,72.7,73.0,72.55,72.85,3353580,0.0,0.0,0.0
2023-10-12 00:00:00+08:00,73.0,73.45,72.9,73.45,3247692,0.0,0.0,0.0
2023-10-13 00:00:00+08:00,73.25,73.5,73.05,73.3,2335602,0.0,0.0,0.0
2023-10-16 00:00:00+08:00,73.05,73.05,72.7,72.9,3905422,0.0,0.0,0.0
2023-10-17 00:00:00+08:00,73.2,73.35,72.9,72.9,1933450,0.0,0.0,0.0
2023-10-18 00:00:00+08:00,72.75,72.75,72.0,72.1,3552529,0.0,0.0,0.0
2023-10-19 00:00:00+08:00,71.6,72.4,71.6,72.25,2030342,0.0,0.0,0.0
2023-10-20 00:00:00+08:00,72.1,72.5,71.7,72.35,3689607,0.0,0.0,0.0
2023-10-23 00:00:00+08:00,72.15,72.15,71.5,71.55,3164831,0.0,0.0,0.0
2023-10-24 00:00:00+08:00,71.5,71.6,70.95,71.6,3364799,0.0,0.0,0.0
2023-10-25 00:00:00+08:00,71.7,72.25,71.7,71.7,3637231,0.0,0.0,0.0
2023-10-26 00:00:00+08:00,70.55,70.8,70.35,70.55,7870642,0.0,0.0,0.0
2023-10-27 00:00:00+08:00,70.6,70.95,70.6,70.65,2673523,0.0,0.0,0.0
2023-10-30 00:00:00+08:00,70.65,71.0,70.35,70.55,4911640,0.0,0.0,0.0
2023-10-31 00:00:00+08:00,70.7,70.75,70.0,70.1,5322500,0.0,0.0,0.0
2023-11-01 00:00:00+08:00,70.45,70.6,70.1,70.3,2621039,0.0,0.0,0.0
2023-11-02 00:00:00+08:00,71.15,72.0,71.05,72.0,3014068,0.0,0.0,0.0
2023-11-03 00:00:00+08:00,72.3,72.45,72.1,72.4,2882386,0.0,0.0,0.0
2023-11-06 00:00:00+08:00,73.0,73.4,72.9,73.05,5152446,0.0,0.0,0.0
2023-11-07 00:00:00+08:00,73.0,73.1,72.8,73.0,1991575,0.0,0.0,0.0
2023-11-08 00:00:00+08:00,72.95,73.5,72.95,73.35,4009535,0.0,0.0,0.0
2023-11-09 00:00:00+08:00,73.25,73.55,73.15,73.45,3505534,0.0,0.0,0.0
2023-11-10 00:00:00+08:00,73.2,73.25,73.0,73.15,3119690,0.0,0.0,0.0
2023-11-13 00:00:00+08:00,74.65,74.9,74.1,74.25,5978812,0.0,0.0,0.0
2023-11-14 00:00:00+08:00,74.5,74.7,74.35,74.5,3799971,0.0,0.0,0.0
2023-11-15 00:00:00+08:00,75.3,75.5,74.9,75.3,5766805,0.0,0.0,0.0
2023-11-16 00:00:00+08:00,74.75,74.9,74.35,74.6,4257414,0.0,0.0,0.0
2023-11-17 00:00:00+08:00,74.6,75.0,74.55,74.75,3738079,0.0,0.0,0.0
2023-11-20 00:00:00+08:00,74.75,74.85,74.45,74.65,3436194,0.0,0.0,0.0
2023-11-21 00:00:00+08:00,75.05,75.6,75.05,75.55,5219057,0.0,0.0,0.0
2023-11-22 00:00:00+08:00,75.15,75.15,74.75,75.0,2113003,0.0,0.0,0.0
2023-11-23 00:00:00+08:00,75.0,75.05,74.6,74.9,1664954,0.0,0.0,0.0
2023-11-24 00:00:00+08:00,75.0,75.05,74.8,74.85,1631349,0.0,0.0,0.0
2023-11-27 00:00:00+08:00,74.85,75.15,74.2,74.2,5327343,0.0,0.0,0.0
2023-11-28 00:00:00+08:00,74.25,75.15,74.25,74.85,2190716,0.0,0.0,0.0
2023-11-29 00:00:00+08:00,75.0,75.35,74.75,74.8,2314721,0.0,0.0,0.0
2023-11-30 00:00:00+08:00,74.9,74.95,74.5,74.95,1791284,0.0,0.0,0.0
2023-12-01 00:00:00+08:00,74.8,75.05,74.65,75.05,2428659,0.0,0.0,0.0
2023-12-04 00:00:00+08:00,75.25,75.35,74.65,74.9,2217799,0.0,0.0,0.0
2023-12-05 00:00:00+08:00,74.55,74.55,74.05,74.4,3435279,0.0,0.0,0.0
2023-12-06 00:00:00+08:00,74.4,74.95,74.4,74.6,4349619,0.0,0.0,0.0
2023-12-07 00:00:00+08:00,74.45,74.55,74.2,74.2,1590832,0.0,0.0,0.0
2023-12-08 00:00:00+08:00,74.9,75.05,74.6,74.65,2236745,0.0,0.0,0.0
2023-12-11 00:00:00+08:00,74.7,74.9,74.55,74.8,1779546,0.0,0.0,0.0
2023-12-12 00:00:00+08:00,75.2,75.3,74.85,74.95,2055906,0.0,0.0,0.0
2023-12-13 00:00:00+08:00,75.05,75.15,74.95,75.05,2277424,0.0,0.0,0.0
2023-12-14 00:00:00+08:00,75.7,76.0,75.55,75.8,7179105,0.0,0.0,0.0
2023-12-15 00:00:00+08:00,76.15,76.3,75.95,76.05,7678259,0.0,0.0,0.0
2023-12-18 00:00:00+08:00,76.05,76.15,75.6,76.1,4971625,0.0,0.0,0.0
2023-12-19 00:00:00+08:00,76.1,76.25,75.7,75.95,3003006,0.0,0.0,0.0
2023-12-20 00:00:00+08:00,76.1,76.25,76.0,76.1,2462108,0.0,0.0,0.0
2023-12-21 00:00:00+08:00,75.4,75.6,75.25,75.5,1854310,0.0,0.0,0.0
2023-12-22 00:00:00+08:00,75.7,75.85,75.55,75.65,3291072,0.0,0.0,0.0
2023-12-25 00:00:00+08:00,75.8,76.15,75.8,76.0,2948382,0.0,0.0,0.0
2023-12-26 00:00:00+08:00,76.1,76.4,76.05,76.4,4852451,0.0,0.0,0.0
2023-12-27 00:00:00+08:00,76.65,77.15,76.6,77.1,6587778,0.0,0.0,0.0
2023-12-28 00:00:00+08:00,77.1,77.25,76.9,77.2,4817329,0.0,0.0,0.0
2023-12-29 00:00:00+08:00,77.15,77.35,77.0,77.15,2377629,0.0,0.0,0.0
2024-01-02 00:00:00+08:00,77.15,77.35,76.7,76.9,2839850,0.0,0.0,0.0
2024-01-03 00:00:00+08:00,76.25,76.25,75.4,75.6,6382057,0.0,0.0,0.0
2024-01-04 00:00:00+08:00,75.6,75.8,75.45,75.55,2976905,0.0,0.0,0.0
2024-01-05 00:00:00+08:00,75.55,75.8,75.25,75.35,2577533,0.0,0.0,0.0
2024-01-08 00:00:00+08:00,75.6,76.2,75.6,75.9,4169890,0.0,0.0,0.0
2024-01-09 00:00:00+08:00,76.25,76.4,75.8,75.85,2222119,0.0,0.0,0.0
2024-01-10 00:00:00+08:00,75.55,75.7,75.3,75.55,2856528,0.0,0.0,0.0
2024-01-11 00:00:00+08:00,75.75,76.0,75.55,75.9,2105103,0.0,0.0,0.0
2024-01-12 00:00:00+08:00,75.65,75.95,75.3,75.7,3444011,0.0,0.0,0.0
2024-01-15 00:00:00+08:00,75.7,75.7,75.7,75.7,0,0.0,0.0,0.0
2024-01-16 00:00:00+08:00,75.45,75.65,74.85,75.2,7100004,0.0,0.0,0.0
2024-01-17 00:00:00+08:00,75.2,75.2,74.55,74.7,5515147,0.0,0.0,0.0
2024-01-18 00:00:00+08:00,74.8,75.15,74.75,75.0,2923499,0.0,0.0,0.0
2024-01-19 00:00:00+08:00,76.45,77.55,76.45,77.5,9726878,0.0,0.0,0.0
2024-01-22 00:00:00+08:00,77.95,78.25,77.65,77.9,5353117,0.0,0.0,0.0
2024-01-23 00:00:00+08:00,78.05,78.25,77.8,78.15,4540837,0.0,0.0,0.0
2024-01-24 00:00:00+08:00,78.25,78.4,78.1,78.2,2946520,0.0,0.0,0.0
2024-01-25 00:00:00+08:00,78.6,79.15,78.6,79.1,6660832,0.0,0.0,0.0
2024-01-26 00:00:00+08:00,79.05,79.3,78.9,79.1,8314139,0.0,0.0,0.0
2024-01-29 00:00:00+08:00,79.1,79.6,79.1,79.6,3133609,0.0,0.0,0.0
2024-01-30 00:00:00+08:00,79.55,79.65,79.35,79.45,3527389,0.0,0.0,0.0
2024-01-31 00:00:00+08:00,79.0,79.0,78.35,78.45,4006477,0.0,0.0,0.0
2024-02-01 00:00:00+08:00,78.4,78.5,77.95,78.45,3786058,0.0,0.0,0.0
2024-02-02 00:00:00+08:00,78.85,79.0,78.65,78.95,2872494,0.0,0.0,0.0
2024-02-05 00:00:00+08:00,78.95,79.55,78.85,79.55,3459361,0.0,0.0,0.0
2024-02-15 00:00:00+08:00,82.8,83.9,82.45,82.95,12212344,0.0,0.0,0.0
2024-02-16 00:00:00+08:00,82.95,83.05,82.45,82.5,4879908,0.0,0.0,0.0
2024-02-19 00:00:00+08:00,82.45,82.45,82.05,82.4,3684396,0.0,0.0,0.0
2024-02-20 00:00:00+08:00,82.3,82.95,82.2,82.7,3327542,0.0,0.0,0.0
2024-02-21 00:00:00+08:00,82.6,82.65,82.35,82.4,1969242,0.0,0.0,0.0
2024-02-22 00:00:00+08:00,83.0,83.4,82.8,83.35,4522135,0.0,0.0,0.0
2024-02-23 00:00:00+08:00,83.8,84.1,83.7,83.9,4931105,0.0,0.0,0.0
2024-02-26 00:00:00+08:00,83.9,84.2,83.55,84.15,4093376,0.0,0.0,0.0
2024-02-27 00:00:00+08:00,84.15,84.25,83.3,83.85,3633423,0.0,0.0,0.0
2024-02-29 00:00:00+08:00,83.65,84.1,83.45,83.95,3438425,0.0,0.0,0.0
2024-03-01 00:00:00+08:00,84.0,84.2,83.65,83.7,3894477,0.0,0.0,0.0
2024-03-04 00:00:00+08:00,84.85,85.95,84.85,85.85,5869637,0.0,0.0,0.0
2024-03-05 00:00:00+08:00,86.2,86.8,86.05,86.65,4919564,0.0,0.0,0.0
2024-03-06 00:00:00+08:00,85.9,87.2,85.65,87.15,7467152,0.0,0.0,0.0
2024-03-07 00:00:00+08:00,88.1,89.3,88.05,88.95,6475910,0.0,0.0,0.0
2024-03-08 00:00:00+08:00,91.0,91.2,89.3,90.1,10068413,0.0,0.0,0.0
2024-03-11 00:00:00+08:00,89.7,90.0,89.15,89.3,5694562,0.0,0.0,0.0
2024-03-12 00:00:00+08:00,89.15,90.2,88.95,90.2,3679272,0.0,0.0,0.0
2024-03-13 00:00:00+08:00,90.7,91.3,90.55,90.8,4955842,0.0,0.0,0.0
2024-03-14 00:00:00+08:00,90.8,90.95,90.05,90.55,3268995,0.0,0.0,0.0
2024-03-15 00:00:00+08:00,90.0,90.35,89.75,89.8,3283850,0.0,0.0,0.0
2024-03-18 00:00:00+08:00,89.7,90.3,89.55,90.3,5576798,0.0,0.0,0.0
2024-03-19 00:00:00+08:00,89.85,90.4,89.5,90.3,3838089,0.0,0.0,0.0
2024-03-20 00:00:00+08:00,90.3,90.7,89.6,89.9,3989576,0.0,0.0,0.0
2024-03-21 00:00:00+08:00,90.85,92.05,90.85,92.0,5031863,0.0,0.0,0.0
2024-03-22 00:00:00+08:00,92.0,92.4,91.5,92.05,4367837,0.0,0.0,0.0
2024-03-25 00:00:00+08:00,92.25,92.45,91.75,92.1,3787938,0.0,0.0,0.0
2024-03-26 00:00:00+08:00,92.2,93.05,91.4,92.2,6704546,0.0,0.0,0.0
2024-03-27 00:00:00+08:00,92.25,92.35,91.8,92.25,4414936,0.0,0.0,0.0
2024-03-28 00:00:00+08:00,92.1,92.15,91.15,91.8,3028411,0.0,0.0,0.0
2024-03-29 00:00:00+08:00,91.8,92.35,91.8,92.15,1933000,0.0,0.0,0.0
2024-04-01 00:00:00+08:00,92.5,92.75,91.85,91.85,3178274,0.0,0.0,0.0
2024-04-02 00:00:00+08:00,92.5,93.3,92.5,93.2,3347939,0.0,0.0,0.0
2024-04-03 00:00:00+08:00,92.8,92.95,92.15,92.8,3824520,0.0,0.0,0.0
2024-04-08 00:00:00+08:00,92.8,93.5,92.7,93.1,5197996,0.0,0.0,0.0
2024-04-09 00:00:00+08:00,93.3,95.45,93.3,95.45,4059945,0.0,0.0,0.0
2024-04-10 00:00:00+08:00,95.45,95.5,95.0,95.35,2959208,0.0,0.0,0.0
2024-04-11 00:00:00+08:00,94.8,95.0,94.4,94.95,4120034,0.0,0.0,0.0
2024-04-12 00:00:00+08:00,94.95,95.2,94.65,94.8,2875910,0.0,0.0,0.0
2024-04-15 00:00:00+08:00,94.15,94.3,93.4,93.8,6489935,0.0,0.0,0.0
2024-04-16 00:00:00+08:00,92.65,92.75,90.75,91.3,13516395,0.0,0.0,0.0
2024-04-17 00:00:00+08:00,91.35,92.6,91.35,92.35,3160215,0.0,0.0,0.0
2024-04-18 00:00:00+08:00,91.95,93.05,91.25,93.05,3632207,0.0,0.0,0.0
2024-04-19 00:00:00+08:00,90.55,90.55,88.0,88.5,23274016,0.0,0.0,0.0
2024-04-22 00:00:00+08:00,88.1,88.9,87.7,88.0,7886956,0.0,0.0,0.0
2024-04-23 00:00:00+08:00,89.2,89.25,88.55,88.75,3992377,0.0,0.0,0.0
2024-04-24 00:00:00+08:00,90.0,91.6,90.0,91.4,4315196,0.0,0.0,0.0
2024-04-25 00:00:00+08:00,90.45,90.5,89.75,89.95,4120009,0.0,0.0,0.0
2024-04-26 00:00:00+08:00,91.1,91.85,91.0,91.35,4592394,0.0,0.0,0.0
2024-04-29 00:00:00+08:00,91.9,93.05,91.9,92.75,4081007,0.0,0.0,0.0
2024-04-30 00:00:00+08:00,92.9,93.3,92.7,92.7,2593321,0.0,0.0,0.0
2024-05-02 00:00:00+08:00,92.2,92.2,91.3,91.5,3619537,0.0,0.0,0.0
2024-05-03 00:00:00+08:00,93.0,93.0,91.6,92.0,2331077,0.0,0.0,0.0
2024-05-06 00:00:00+08:00,93.0,93.8,93.0,93.3,4983080,0.0,0.0,0.0
2024-05-07 00:00:00+08:00,93.7,93.95,93.3,93.75,2818237,0.0,0.0,0.0
2024-05-08 00:00:00+08:00,93.7,94.15,93.45,94.1,2383876,0.0,0.0,0.0
2024-05-09 00:00:00+08:00,94.1,94.45,93.9,94.0,2445694,0.0,0.0,0.0
2024-05-10 00:00:00+08:00,94.45,94.95,94.05,94.75,2787913,0.0,0.0,0.0
2024-05-13 00:00:00+08:00,95.65,96.0,95.35,95.4,4509173,0.0,0.0,0.0
2024-05-14 00:00:00+08:00,95.3,96.15,95.2,96.15,2690743,0.0,0.0,0.0
2024-05-15 00:00:00+08:00,96.65,98.2,96.65,97.5,4232415,0.0,0.0,0.0
2024-05-16 00:00:00+08:00,98.7,99.3,97.85,98.1,7812350,0.0,0.0,0.0
2024-05-17 00:00:00+08:00,98.1,98.2,97.65,97.8,3381637,0.0,0.0,0.0
2024-05-20 00:00:00+08:00,97.9,98.0,96.75,97.65,5298248,0.0,0.0,0.0
2024-05-21 00:00:00+08:00,97.6,97.75,97.05,97.6,2494702,0.0,0.0,0.0
2024-05-22 00:00:00+08:00,97.75,99.55,97.75,99.5,3972285,0.0,0.0,0.0
2024-05-23 00:00:00+08:00,99.9,100.3,99.55,100.2,5244033,0.0,0.0,0.0
2024-05-24 00:00:00+08:00,99.5,100.05,99.0,99.9,3466220,0.0,0.0,0.0
2024-05-27 00:00:00+08:00,100.5,101.55,100.5,101.1,5851429,0.0,0.0,0.0
2024-05-28 00:00:00+08:00,101.1,101.45,100.9,101.15,4204315,0.0,0.0,0.0
2024-05-29 00:00:00+08:00,100.95,100.95,99.9,100.05,5485832,0.0,0.0,0.0
2024-05-30 00:00:00+08:00,98.65,99.0,98.3,98.3,8385195,0.0,0.0,0.0
2024-05-31 00:00:00+08:00,98.5,99.0,97.5,97.5,7892789,0.0,0.0,0.0
2024-06-03 00:00:00+08:00,99.0,99.5,98.1,99.15,7152802,0.0,0.0,0.0
2024-06-04 00:00:00+08:00,98.95,98.95,97.6,97.8,6423501,0.0,0.0,0.0
2024-06-05 00:00:00+08:00,97.9,99.0,97.3,98.75,4539336,0.0,0.0,0.0
2024-06-06 00:00:00+08:00,101.45,102.25,101.1,101.8,9709787,0.0,0.0,0.0
2024-06-07 00:00:00+08:00,101.5,101.5,100.85,101.05,3280232,0.0,0.0,0.0
2024-06-11 00:00:00+08:00,101.4,102.0,101.15,101.3,5780287,0.0,0.0,0.0
2024-06-12 00:00:00+08:00,101.3,103.25,101.3,103.15,6083668,0.0,0.0,0.0
2024-06-13 00:00:00+08:00,104.75,105.65,103.9,104.55,7841447,0.0,0.0,0.0
2024-06-14 00:00:00+08:00,104.5,105.25,103.9,105.25,5827803,0.0,0.0,0.0
2024-06-17 00:00:00+08:00,105.2,105.65,104.75,105.2,5835511,0.0,0.0,0.0
2024-06-18 00:00:00+08:00,106.4,107.25,106.4,106.95,5302669,0.0,0.0,0.0
2024-06-19 00:00:00+08:00,107.5,110.6,107.5,110.25,12362822,0.0,0.0,0.0
2024-06-20 00:00:00+08:00,110.25,110.95,110.0,110.85,7049615,0.0,0.0,0.0
2024-06-21 00:00:00+08:00,109.9,110.6,109.45,110.0,12920208,0.0,0.0,0.0
2024-06-24 00:00:00+08:00,108.9,109.0,107.55,107.6,9365865,0.0,0.0,0.0
2024-06-25 00:00:00+08:00,106.9,107.6,105.85,107.45,8143243,0.0,0.0,0.0
2024-06-26 00:00:00+08:00,108.25,108.95,107.9,108.45,9175322,0.0,0.0,0.0
2024-06-27 00:00:00+08:00,107.5,108.4,107.4,108.25,5173515,0.0,0.0,0.0
2024-06-28 00:00:00+08:00,108.25,109.65,108.15,109.2,5587062,0.0,0.0,0.0
2024-07-01 00:00:00+08:00,109.25,110.2,109.2,109.4,6888546,0.0,0.0,0.0
2024-07-02 00:00:00+08:00,109.05,109.5,108.2,108.6,5963331,0.0,0.0,0.0
2024-07-03 00:00:00+08:00,110.0,110.0,109.2,109.85,5678415,0.0,0.0,0.0
2024-07-04 00:00:00+08:00,111.6,112.75,111.6,112.65,8582513,0.0,0.0,0.0
2024-07-05 00:00:00+08:00,112.7,112.95,112.3,112.4,7106343,0.0,0.0,0.0
2024-07-08 00:00:00+08:00,112.5,116.2,112.5,115.6,14045771,0.0,0.0,0.0
2024-07-09 00:00:00+08:00,115.6,117.15,114.5,115.75,16996375,0.0,0.0,0.0
2024-07-10 00:00:00+08:00,115.35,116.3,114.35,116.25,10714018,0.0,0.0,0.0
2024-07-11 00:00:00+08:00,118.05,119.35,117.5,118.9,14894726,0.0,0.0,0.0
2024-07-12 00:00:00+08:00,116.65,116.75,115.35,115.6,20722548,0.0,0.0,0.0
2024-07-15 00:00:00+08:00,117.0,117.0,115.3,115.4,12671696,0.0,0.0,0.0
2024-07-16 00:00:00+08:00,115.05,116.6,114.7,115.2,17003147,0.0,0.0,0.0
2024-07-17 00:00:00+08:00,114.95,115.0,113.4,113.7,11703957,0.0,0.0,0.0
2024-07-18 00:00:00+08:00,111.1,111.75,110.15,111.4,15892598,0.0,0.0,0.0
2024-07-19 00:00:00+08:00,110.45,110.65,109.0,109.0,12300768,0.0,0.0,0.0
2024-07-22 00:00:00+08:00,108.75,108.75,105.4,105.6,19837798,0.0,0.0,0.0
2024-07-23 00:00:00+08:00,107.8,108.65,107.35,108.65,9831441,0.0,0.0,0.0
2024-07-24 00:00:00+08:00,108.65,108.65,108.65,108.65,0,0.0,0.0,0.0
2024-07-26 00:00:00+08:00,103.85,105.05,103.6,104.8,21571505,0.0,0.0,0.0
2024-07-29 00:00:00+08:00,106.0,106.7,105.2,105.65,8044747,0.0,0.0,0.0
2024-07-30 00:00:00+08:00,104.7,106.0,103.9,105.75,10312144,0.0,0.0,0.0
2024-07-31 00:00:00+08:00,104.9,105.95,104.5,105.65,6378222,0.0,0.0,0.0
2024-08-01 00:00:00+08:00,108.1,108.3,106.75,107.55,6836760,0.0,0.0,0.0
2024-08-02 00:00:00+08:00,104.5,104.7,102.4,102.4,20967751,0.0,0.0,0.0
2024-08-05 00:00:00+08:00,97.35,97.35,93.55,93.7,57039079,0.0,0.0,0.0
2024-08-06 00:00:00+08:00,97.4,99.6,94.35,97.55,46322555,0.0,0.0,0.0
2024-08-07 00:00:00+08:00,98.95,101.75,98.85,101.45,15915170,0.0,0.0,0.0
2024-08-08 00:00:00+08:00,99.85,100.85,98.9,99.95,13430798,0.0,0.0,0.0
