Date,Open,High,Low,Close,Volume,Dividends,Stock Splits
2000-01-04 00:00:00+08:00,36.02,36.02,35.41,36.02,200662336736,0.0,0.0
2000-01-05 00:00:00+08:00,36.02,36.83,35.61,36.83,402466805912,0.0,0.0
2000-01-06 00:00:00+08:00,36.63,36.83,36.02,36.02,197545715802,0.0,0.0
2000-01-07 00:00:00+08:00,34.81,35.41,34.4,35.01,235270344752,0.0,0.0
2000-01-10 00:00:00+08:00,36.02,36.42,35.41,36.22,276171685539,0.0,0.0
2000-01-11 00:00:00+08:00,36.63,37.03,35.41,35.61,277769544650,0.0,0.0
2000-01-12 00:00:00+08:00,35.82,36.63,35.61,36.63,216246806621,0.0,0.0
2000-01-13 00:00:00+08:00,36.63,36.63,36.02,36.02,147490954216,0.0,0.0
2000-01-14 00:00:00+08:00,36.42,37.44,36.22,36.83,288318964353,0.0,0.0
2000-01-17 00:00:00+08:00,38.45,38.45,37.84,37.84,155256940719,0.0,0.0
2000-01-18 00:00:00+08:00,37.84,37.84,37.03,37.23,131648031590,0.0,0.0
2000-01-19 00:00:00+08:00,37.23,37.84,37.03,37.23,134848688061,0.0,0.0
2000-01-20 00:00:00+08:00,37.23,37.23,36.63,36.83,125758120596,0.0,0.0
2000-01-21 00:00:00+08:00,36.83,37.64,36.83,37.64,113397441219,0.0,0.0
2000-01-24 00:00:00+08:00,38.04,38.65,37.84,38.04,175113122879,0.0,0.0
2000-01-25 00:00:00+08:00,39.05,39.05,38.45,39.05,223692148326,0.0,0.0
2000-01-26 00:00:00+08:00,40.27,41.69,40.27,41.69,357880999032,0.0,0.0
2000-01-27 00:00:00+08:00,42.09,42.7,41.28,42.09,287927232252,0.0,0.0
2000-01-28 00:00:00+08:00,40.67,41.28,40.67,41.28,197904810671,0.0,0.0
2000-01-31 00:00:00+08:00,40.07,41.28,39.86,41.08,168059342623,0.0,0.0
2000-02-01 00:00:00+08:00,41.48,41.48,40.67,40.88,153081850577,0.0,0.0
2000-02-02 00:00:00+08:00,40.88,40.88,40.88,40.88,0,0.0,0.0
2000-02-09 00:00:00+08:00,43.3,43.3,41.89,42.7,252580321587,0.0,0.0
2000-02-10 00:00:00+08:00,42.29,43.51,41.89,43.3,177540543615,0.0,0.0
2000-02-11 00:00:00+08:00,43.91,44.92,43.51,44.32,215027859365,0.0,0.0
2000-02-14 00:00:00+08:00,44.11,44.11,43.3,43.3,140301270822,0.0,0.0
2000-02-15 00:00:00+08:00,43.3,43.91,42.9,43.51,105105248690,0.0,0.0
2000-02-16 00:00:00+08:00,43.51,43.71,43.1,43.1,79352313450,0.0,0.0
2000-02-17 00:00:00+08:00,42.7,43.1,42.49,42.7,116400258474,0.0,0.0
2000-02-18 00:00:00+08:00,42.9,43.3,41.89,42.09,121805090619,0.0,0.0
2000-02-21 00:00:00+08:00,41.08,41.08,39.46,39.46,153903007581,0.0,0.0
2000-02-22 00:00:00+08:00,38.85,40.07,38.45,39.46,168143612807,0.0,0.0
2000-02-23 00:00:00+08:00,39.46,39.46,39.05,39.26,73892584628,0.0,0.0
2000-02-24 00:00:00+08:00,39.46,39.86,39.26,39.46,83371097848,0.0,0.0
2000-02-25 00:00:00+08:00,39.46,40.47,39.46,40.27,165796729239,0.0,0.0
2000-02-28 00:00:00+08:00,40.27,40.27,40.27,40.27,0,0.0,0.0
2000-02-29 00:00:00+08:00,40.47,41.08,40.47,40.67,98749286567,0.0,0.0
2000-03-01 00:00:00+08:00,41.48,41.69,41.28,41.69,90504908649,0.0,0.0
2000-03-02 00:00:00+08:00,41.89,42.09,41.08,41.08,68745687934,0.0,0.0
2000-03-03 00:00:00+08:00,40.88,41.28,40.88,41.08,58129351241,0.0,0.0
2000-03-06 00:00:00+08:00,41.28,41.48,40.27,40.47,72312707991,0.0,0.0
2000-03-07 00:00:00+08:00,40.07,40.67,39.86,40.27,83737461434,0.0,0.0
2000-03-08 00:00:00+08:00,40.07,40.27,39.66,40.07,64819045052,0.0,0.0
2000-03-09 00:00:00+08:00,40.07,40.47,40.07,40.47,71897783191,0.0,0.0
2000-03-10 00:00:00+08:00,40.67,40.88,39.26,39.46,99978344966,0.0,0.0
2000-03-13 00:00:00+08:00,38.45,38.45,36.83,36.83,232179364310,0.0,0.0
2000-03-14 00:00:00+08:00,36.83,37.84,36.42,37.64,145477589021,0.0,0.0
2000-03-15 00:00:00+08:00,37.44,38.04,36.83,37.03,154204016711,0.0,0.0
2000-03-16 00:00:00+08:00,36.22,37.64,34.81,37.23,233438180185,0.0,0.0
2000-03-17 00:00:00+08:00,37.44,38.45,37.03,38.45,267728113852,0.0,0.0
2000-03-20 00:00:00+08:00,37.23,37.23,37.23,37.23,21190095663,0.0,0.0
2000-03-21 00:00:00+08:00,36.02,39.66,36.02,39.46,447638099122,0.0,0.0
2000-03-22 00:00:00+08:00,38.85,40.07,38.25,38.85,247260900862,0.0,0.0
2000-03-23 00:00:00+08:00,39.26,41.08,39.05,40.67,280164605464,0.0,0.0
2000-03-24 00:00:00+08:00,40.67,40.67,39.66,40.07,189561198505,0.0,0.0
2000-03-27 00:00:00+08:00,40.47,42.7,40.47,42.7,257812048419,0.0,0.0
2000-03-28 00:00:00+08:00,42.9,43.3,41.89,42.29,181779906634,0.0,0.0
2000-03-29 00:00:00+08:00,42.09,42.09,41.28,41.28,105678469394,0.0,0.0
2000-03-30 00:00:00+08:00,41.28,42.9,41.28,42.09,227815979813,0.0,0.0
2000-03-31 00:00:00+08:00,41.89,42.49,41.48,41.48,127027740887,0.0,0.0
2000-04-03 00:00:00+08:00,41.48,41.48,41.48,41.48,0,0.0,0.0
2000-04-05 00:00:00+08:00,40.67,42.49,40.67,42.09,182695562287,0.0,0.0
2000-04-06 00:00:00+08:00,42.09,42.7,40.88,40.88,145596416273,0.0,0.0
2000-04-07 00:00:00+08:00,41.28,41.48,40.47,40.47,110518474790,0.0,0.0
2000-04-10 00:00:00+08:00,40.67,43.1,40.47,42.49,201610650952,0.0,0.0
2000-04-11 00:00:00+08:00,42.09,42.09,41.48,41.48,117967570843,0.0,0.0
2000-04-12 00:00:00+08:00,40.88,41.28,40.47,40.47,128216408046,0.0,0.0
2000-04-13 00:00:00+08:00,38.45,39.26,38.45,38.85,248891269216,0.0,0.0
2000-04-14 00:00:00+08:00,37.44,38.45,37.44,37.64,239165097006,0.0,0.0
2000-04-17 00:00:00+08:00,35.61,36.42,35.41,36.22,208060407784,0.0,0.0
2000-04-18 00:00:00+08:00,38.25,38.25,37.44,38.25,217523114345,0.0,0.0
2000-04-19 00:00:00+08:00,39.26,39.26,36.83,37.03,145654459349,0.0,0.0
2000-04-20 00:00:00+08:00,37.03,37.64,36.42,37.64,95074579646,0.0,0.0
2000-04-21 00:00:00+08:00,37.84,38.25,37.44,37.64,70356985905,0.0,0.0
2000-04-24 00:00:00+08:00,37.64,37.84,36.42,36.42,80690194617,0.0,0.0
2000-04-25 00:00:00+08:00,36.42,38.04,36.42,37.84,129573988875,0.0,0.0
2000-04-26 00:00:00+08:00,38.65,38.85,37.03,37.44,221065619149,0.0,0.0
2000-04-27 00:00:00+08:00,38.25,38.45,37.44,38.04,105813977898,0.0,0.0
2000-04-28 00:00:00+08:00,38.65,40.27,38.25,39.86,237572314797,0.0,0.0
2000-05-01 00:00:00+08:00,39.86,39.86,39.86,39.86,0,0.0,0.0
2000-05-02 00:00:00+08:00,39.66,39.66,38.85,39.05,84578099452,0.0,0.0
2000-05-03 00:00:00+08:00,38.65,39.05,38.04,38.04,75426358510,0.0,0.0
2000-05-04 00:00:00+08:00,38.04,38.85,37.44,37.84,111779167839,0.0,0.0
2000-05-05 00:00:00+08:00,37.44,39.26,37.23,38.85,110709562579,0.0,0.0
2000-05-08 00:00:00+08:00,38.45,39.26,38.45,39.05,82047327484,0.0,0.0
2000-05-09 00:00:00+08:00,39.05,39.05,39.05,39.05,0,0.0,0.0
2000-05-10 00:00:00+08:00,39.26,39.26,38.04,38.04,93664437942,0.0,0.0
2000-05-11 00:00:00+08:00,36.83,37.23,35.82,36.22,165385745438,0.0,0.0
2000-05-12 00:00:00+08:00,36.83,37.44,36.22,37.44,213521853794,0.0,0.0
2000-05-15 00:00:00+08:00,38.08,38.08,36.39,36.52,134465742550,0.0,1.28
2000-05-16 00:00:00+08:00,37.43,38.85,36.78,38.72,105315890488,0.0,0.0
2000-05-17 00:00:00+08:00,40.41,41.18,40.15,41.18,165332157320,0.0,0.0
2000-05-18 00:00:00+08:00,40.92,42.22,40.41,42.22,124512470273,0.0,0.0
2000-05-19 00:00:00+08:00,41.44,41.96,41.18,41.96,83311748884,0.0,0.0
2000-05-22 00:00:00+08:00,41.44,41.7,40.92,40.92,106654860230,0.0,0.0
2000-05-23 00:00:00+08:00,40.92,40.92,39.37,39.63,78500882016,0.0,0.0
2000-05-24 00:00:00+08:00,38.08,38.85,38.08,38.46,85726893995,0.0,0.0
2000-05-25 00:00:00+08:00,38.59,38.85,37.3,37.69,96828793828,0.0,0.0
2000-05-26 00:00:00+08:00,37.3,37.82,37.04,37.69,70008419144,0.0,0.0
2000-05-29 00:00:00+08:00,37.69,38.33,37.56,37.69,52122944798,0.0,0.0
2000-05-30 00:00:00+08:00,37.69,37.69,37.69,37.69,0,0.0,0.0
2000-05-31 00:00:00+08:00,40.67,40.92,39.89,40.67,158989878703,0.0,0.0
2000-06-01 00:00:00+08:00,40.41,40.41,39.37,39.63,55122098697,0.0,0.0
2000-06-02 00:00:00+08:00,40.67,41.18,40.15,40.15,101225329179,0.0,0.0
2000-06-05 00:00:00+08:00,40.67,41.18,40.15,40.92,59798968599,0.0,0.0
2000-06-06 00:00:00+08:00,40.92,40.92,40.92,40.92,0,0.0,0.0
2000-06-07 00:00:00+08:00,40.41,41.7,40.15,41.7,81345149055,0.0,0.0
2000-06-08 00:00:00+08:00,41.7,41.96,40.67,40.67,70697027392,0.0,0.0
2000-06-09 00:00:00+08:00,40.92,41.18,40.41,40.92,45171655346,0.0,0.0
2000-06-12 00:00:00+08:00,41.44,41.44,40.67,40.67,67123280572,0.0,0.0
2000-06-13 00:00:00+08:00,40.41,40.41,40.15,40.15,48311780619,0.0,0.0
2000-06-14 00:00:00+08:00,40.92,40.92,39.89,39.89,64295991259,0.0,0.0
2000-06-15 00:00:00+08:00,39.89,39.89,38.85,38.85,69274685557,0.0,0.0
2000-06-16 00:00:00+08:00,38.85,39.11,38.59,38.85,75573138725,0.0,0.0
2000-06-19 00:00:00+08:00,38.72,38.85,37.95,38.33,57780102371,0.0,0.0
2000-06-20 00:00:00+08:00,39.11,39.11,38.33,38.46,45751547817,0.0,0.0
2000-06-21 00:00:00+08:00,38.46,38.59,38.08,38.08,37673562283,0.0,0.0
2000-06-22 00:00:00+08:00,37.82,38.72,37.82,38.59,64192016747,0.0,0.0
2000-06-23 00:00:00+08:00,38.33,38.46,37.82,37.82,49329023488,0.0,0.0
2000-06-26 00:00:00+08:00,37.43,37.56,36.39,36.65,95197240574,0.0,0.0
2000-06-27 00:00:00+08:00,36.78,37.04,36.65,36.65,54066359094,0.0,0.0
2000-06-28 00:00:00+08:00,36.91,37.43,36.78,37.3,64997227603,0.0,0.0
2000-06-29 00:00:00+08:00,37.82,37.82,36.78,36.91,77624156393,0.0,0.0
2000-06-30 00:00:00+08:00,37.04,37.82,36.65,37.82,78027855479,0.0,0.0
2000-07-03 00:00:00+08:00,37.04,37.82,36.39,37.17,104447180852,0.0,0.0
2000-07-04 00:00:00+08:00,37.17,37.3,36.26,36.52,73680107655,0.0,0.0
2000-07-05 00:00:00+08:00,36.91,38.85,36.26,38.59,119441525468,0.0,0.0
2000-07-06 00:00:00+08:00,37.56,38.2,37.17,37.56,101119813131,0.0,0.0
2000-07-07 00:00:00+08:00,37.56,37.82,36.78,36.78,56914463307,0.0,0.0
2000-07-10 00:00:00+08:00,36.91,37.43,36.26,37.17,65217525581,0.0,0.0
2000-07-11 00:00:00+08:00,37.04,37.69,36.78,37.3,52507541337,0.0,0.0
2000-07-12 00:00:00+08:00,37.3,37.43,36.91,37.17,40919616069,0.0,0.0
2000-07-13 00:00:00+08:00,37.3,38.08,37.3,37.56,69994503658,0.0,0.0
2000-07-14 00:00:00+08:00,37.56,38.08,37.56,37.82,62976544862,0.0,0.0
2000-07-17 00:00:00+08:00,37.82,38.08,37.04,37.17,50712314469,0.0,0.0
2000-07-18 00:00:00+08:00,37.17,37.17,36.78,36.78,32287023418,0.0,0.0
2000-07-20 00:00:00+08:00,36.52,36.52,34.97,34.97,115203218360,0.0,0.0
2000-07-21 00:00:00+08:00,34.97,35.1,33.15,33.67,162136495092,0.0,0.0
2000-07-24 00:00:00+08:00,33.28,33.41,32.64,32.77,110822798308,0.0,0.0
2000-07-25 00:00:00+08:00,32.12,33.15,32.12,32.51,93606483860,0.0,0.0
2000-07-26 00:00:00+08:00,32.89,33.8,32.89,33.67,123597006270,0.0,0.0
2000-07-27 00:00:00+08:00,33.28,33.41,32.38,33.41,75383138177,0.0,0.0
2000-07-28 00:00:00+08:00,32.38,33.54,32.38,33.02,112145144460,0.0,0.0
2000-07-31 00:00:00+08:00,33.02,33.15,32.64,32.89,44307028697,0.0,0.0
2000-08-01 00:00:00+08:00,33.28,33.54,32.64,32.64,54874186395,0.0,0.0
2000-08-02 00:00:00+08:00,32.77,33.02,32.38,32.38,39456927657,0.0,0.0
2000-08-03 00:00:00+08:00,32.38,32.38,31.34,31.6,50216489866,0.0,0.0
2000-08-04 00:00:00+08:00,31.73,33.28,31.73,32.51,80865639734,0.0,0.0
2000-08-07 00:00:00+08:00,32.64,32.64,31.6,31.86,88230506600,0.0,0.0
2000-08-08 00:00:00+08:00,31.86,32.64,31.6,32.51,87806300921,0.0,0.0
2000-08-09 00:00:00+08:00,32.77,33.67,32.77,33.67,97692062259,0.0,0.0
2000-08-10 00:00:00+08:00,34.06,34.45,33.67,34.45,102063658059,0.0,0.0
2000-08-11 00:00:00+08:00,34.19,34.45,33.93,33.93,55832817569,0.0,0.0
2000-08-14 00:00:00+08:00,33.93,34.06,33.41,33.67,42591720049,0.0,0.0
2000-08-15 00:00:00+08:00,34.19,34.19,33.54,33.8,53931312217,0.0,0.0
2000-08-16 00:00:00+08:00,33.8,34.97,33.8,34.97,77309224777,0.0,0.0
2000-08-17 00:00:00+08:00,35.49,36.0,35.23,35.74,93825423620,0.0,0.0
2000-08-18 00:00:00+08:00,36.0,36.39,35.87,36.13,86628725821,0.0,0.0
2000-08-21 00:00:00+08:00,35.87,36.0,35.61,35.74,50032384651,0.0,0.0
2000-08-22 00:00:00+08:00,35.74,35.74,35.1,35.49,47266781772,0.0,0.0
2000-08-23 00:00:00+08:00,35.49,35.49,35.49,35.49,0,0.0,0.0
2000-08-24 00:00:00+08:00,35.74,36.39,35.74,36.13,86961297607,0.0,0.0
2000-08-25 00:00:00+08:00,36.26,36.39,36.0,36.39,67969846253,0.0,0.0
2000-08-28 00:00:00+08:00,36.13,36.13,35.49,35.74,41797979053,0.0,0.0
2000-08-29 00:00:00+08:00,35.74,35.74,34.71,35.49,70881336756,0.0,0.0
2000-08-30 00:00:00+08:00,35.23,35.74,34.97,34.97,55343475749,0.0,0.0
2000-08-31 00:00:00+08:00,34.45,34.97,34.45,34.84,59711834325,0.0,0.0
2000-09-01 00:00:00+08:00,34.97,34.97,33.54,33.67,78236371122,0.0,0.0
2000-09-04 00:00:00+08:00,34.45,34.58,34.06,34.58,37302006304,0.0,0.0
2000-09-05 00:00:00+08:00,34.58,34.84,34.19,34.71,44200016942,0.0,0.0
2000-09-06 00:00:00+08:00,34.19,34.32,33.67,33.93,57121754055,0.0,0.0
2000-09-07 00:00:00+08:00,32.77,33.15,32.38,32.51,67406794020,0.0,0.0
2000-09-08 00:00:00+08:00,32.51,32.77,32.12,32.25,53151311722,0.0,0.0
2000-09-11 00:00:00+08:00,31.99,32.38,31.99,32.12,59550218869,0.0,0.0
2000-09-12 00:00:00+08:00,32.12,32.12,32.12,32.12,0,0.0,0.0
2000-09-13 00:00:00+08:00,31.6,32.38,30.69,32.12,118942384480,0.0,0.0
2000-09-14 00:00:00+08:00,31.47,31.86,30.95,31.08,58547691419,0.0,0.0
2000-09-15 00:00:00+08:00,31.6,32.12,31.08,31.73,82176445198,0.0,0.0
2000-09-18 00:00:00+08:00,31.08,31.6,30.69,31.34,97868072327,0.0,0.0
2000-09-19 00:00:00+08:00,30.56,30.95,29.27,29.27,133186917707,0.0,0.0
2000-09-20 00:00:00+08:00,29.92,30.18,29.27,29.79,120368246850,0.0,0.0
2000-09-21 00:00:00+08:00,29.27,29.92,28.88,29.66,68452388650,0.0,0.0
2000-09-22 00:00:00+08:00,27.59,27.97,27.59,27.59,132834122636,0.0,0.0
2000-09-25 00:00:00+08:00,27.97,28.1,27.07,27.59,88873752030,0.0,0.0
2000-09-26 00:00:00+08:00,27.59,29.4,27.46,29.4,199394350975,0.0,0.0
2000-09-27 00:00:00+08:00,29.14,30.05,28.75,28.75,137224758488,0.0,0.0
2000-09-28 00:00:00+08:00,28.75,29.14,27.59,27.59,107525519700,0.0,0.0
2000-09-29 00:00:00+08:00,27.59,27.71,26.94,26.94,76034057956,0.0,0.0
2000-10-02 00:00:00+08:00,25.9,26.42,25.51,25.51,138001375937,0.0,0.0
2000-10-03 00:00:00+08:00,25.12,27.2,24.99,26.68,194590275197,0.0,0.0
2000-10-04 00:00:00+08:00,25.77,25.77,25.77,25.77,84448144144,0.0,0.0
2000-10-05 00:00:00+08:00,25.38,27.33,25.38,26.68,164805785309,0.0,0.0
2000-10-06 00:00:00+08:00,26.68,28.49,26.68,28.49,180029493800,0.0,0.0
2000-10-09 00:00:00+08:00,28.23,28.62,27.84,27.84,102031335801,0.0,0.0
2000-10-10 00:00:00+08:00,27.84,27.84,27.84,27.84,0,0.0,0.0
2000-10-11 00:00:00+08:00,26.94,26.94,26.94,26.94,29010663869,0.0,0.0
2000-10-12 00:00:00+08:00,25.25,26.16,25.12,25.12,183667251856,0.0,0.0
2000-10-13 00:00:00+08:00,23.44,25.38,23.44,24.99,191179714534,0.0,0.0
2000-10-16 00:00:00+08:00,24.99,24.99,24.99,24.99,0,0.0,0.0
2000-10-17 00:00:00+08:00,23.31,24.61,23.31,24.35,152970339373,0.0,0.0
2000-10-18 00:00:00+08:00,24.09,24.35,22.66,22.66,197565539457,0.0,0.0
2000-10-19 00:00:00+08:00,21.5,22.4,21.11,21.11,199457078987,0.0,0.0
2000-10-20 00:00:00+08:00,22.53,22.53,22.53,22.53,53403302845,0.0,0.0
2000-10-23 00:00:00+08:00,25.77,25.77,25.12,25.77,393125049096,0.0,0.0
2000-10-24 00:00:00+08:00,25.77,27.46,25.38,27.46,281450989671,0.0,0.0
2000-10-25 00:00:00+08:00,27.07,28.23,27.07,27.84,211862326584,0.0,0.0
2000-10-26 00:00:00+08:00,26.94,27.84,26.94,27.33,162335511542,0.0,0.0
2000-10-27 00:00:00+08:00,27.33,27.33,27.33,27.33,0,0.0,0.0
2000-10-30 00:00:00+08:00,25.51,25.51,25.51,25.51,43094344075,0.0,0.0
2000-10-31 00:00:00+08:00,24.74,25.64,24.74,25.38,237316567164,0.0,0.0
2000-11-01 00:00:00+08:00,26.16,26.16,24.99,25.12,178478658699,0.0,0.0
2000-11-02 00:00:00+08:00,25.25,26.81,25.12,26.81,190518503961,0.0,0.0
2000-11-03 00:00:00+08:00,27.97,28.49,27.46,28.36,246387764272,0.0,0.0
2000-11-06 00:00:00+08:00,27.33,28.62,27.07,28.23,242870995952,0.0,0.0
2000-11-07 00:00:00+08:00,29.53,30.18,29.01,30.18,252449083392,0.0,0.0
2000-11-08 00:00:00+08:00,30.82,31.73,30.18,30.3,235556099847,0.0,0.0
2000-11-09 00:00:00+08:00,29.79,29.79,28.88,29.79,166633646908,0.0,0.0
2000-11-10 00:00:00+08:00,29.01,29.79,28.75,29.53,174306612636,0.0,0.0
2000-11-13 00:00:00+08:00,27.59,28.1,27.59,27.59,146585514365,0.0,0.0
2000-11-14 00:00:00+08:00,27.46,28.23,27.33,27.59,104741997508,0.0,0.0
2000-11-15 00:00:00+08:00,28.49,28.62,26.68,27.71,138232731310,0.0,0.0
2000-11-16 00:00:00+08:00,25.9,27.33,25.9,25.9,145488774074,0.0,0.0
2000-11-17 00:00:00+08:00,24.09,25.9,24.09,25.51,149759745078,0.0,0.0
2000-11-20 00:00:00+08:00,22.79,23.83,22.79,22.79,121477336093,0.0,0.0
2000-11-21 00:00:00+08:00,22.53,24.35,22.53,24.35,141268915401,0.0,0.0
2000-11-22 00:00:00+08:00,24.48,25.12,23.57,23.57,176943588927,0.0,0.0
2000-11-23 00:00:00+08:00,22.92,23.31,22.79,23.05,93637447900,0.0,0.0
2000-11-24 00:00:00+08:00,23.57,24.61,23.44,24.61,159707601148,0.0,0.0
2000-11-27 00:00:00+08:00,25.38,25.38,24.48,24.48,107690655691,0.0,0.0
2000-11-28 00:00:00+08:00,24.22,24.35,23.96,23.96,63623002519,0.0,0.0
2000-11-29 00:00:00+08:00,23.44,23.7,23.31,23.44,73151677484,0.0,0.0
2000-11-30 00:00:00+08:00,23.44,23.83,22.92,23.18,121708583142,0.0,0.0
2000-12-01 00:00:00+08:00,22.53,23.7,22.53,23.7,104125416483,0.0,0.0
2000-12-04 00:00:00+08:00,23.18,23.18,22.79,22.79,46402605085,0.0,0.0
2000-12-05 00:00:00+08:00,22.53,23.18,22.53,22.92,89459185698,0.0,0.0
2000-12-06 00:00:00+08:00,24.35,24.35,22.92,23.05,116992933196,0.0,0.0
2000-12-07 00:00:00+08:00,23.05,23.57,22.92,23.57,95605339286,0.0,0.0
2000-12-08 00:00:00+08:00,23.57,23.7,23.18,23.31,78859568253,0.0,0.0
2000-12-11 00:00:00+08:00,23.57,23.7,23.18,23.31,73807371858,0.0,0.0
2000-12-12 00:00:00+08:00,23.57,24.09,23.57,23.96,143221466422,0.0,0.0
2000-12-13 00:00:00+08:00,23.96,24.09,23.7,23.83,38686726331,0.0,0.0
2000-12-14 00:00:00+08:00,23.57,23.7,23.18,23.44,48019688732,0.0,0.0
2000-12-15 00:00:00+08:00,22.92,23.05,22.79,22.79,48902934635,0.0,0.0
2000-12-18 00:00:00+08:00,22.53,22.66,21.89,21.89,56883986726,0.0,0.0
2000-12-19 00:00:00+08:00,21.5,21.76,21.24,21.76,94536729942,0.0,0.0
2000-12-20 00:00:00+08:00,21.24,21.5,21.11,21.11,93251563970,0.0,0.0
2000-12-21 00:00:00+08:00,20.46,20.59,20.46,20.46,72586742077,0.0,0.0
2000-12-22 00:00:00+08:00,20.33,20.98,19.81,20.2,110292068333,0.0,0.0
2000-12-25 00:00:00+08:00,20.2,20.2,20.2,20.2,0,0.0,0.0
2000-12-26 00:00:00+08:00,20.59,20.72,19.56,19.69,51800030525,0.0,0.0
2000-12-27 00:00:00+08:00,19.69,19.69,19.3,19.43,70824474913,0.0,0.0
2000-12-28 00:00:00+08:00,19.94,20.72,19.56,20.72,123757400996,0.0,0.0
2000-12-29 00:00:00+08:00,21.11,21.11,20.46,20.59,126381270066,0.0,0.0
2001-01-01 00:00:00+08:00,20.59,20.59,20.59,20.59,0,0.0,0.0
2001-01-02 00:00:00+08:00,20.2,21.63,20.07,21.63,109761621667,0.0,0.0
2001-01-03 00:00:00+08:00,20.85,21.37,20.59,20.85,110639113891,0.0,0.0
2001-01-04 00:00:00+08:00,22.15,22.28,21.63,22.02,234113138928,0.0,0.0
2001-01-05 00:00:00+08:00,22.02,23.44,22.02,23.44,200624646603,0.0,0.0
2001-01-08 00:00:00+08:00,23.18,24.22,22.79,23.18,193371911891,0.0,0.0
2001-01-09 00:00:00+08:00,23.44,24.09,23.44,24.09,156022413782,0.0,0.0
2001-01-10 00:00:00+08:00,24.35,24.61,23.96,24.35,115662646051,0.0,0.0
2001-01-11 00:00:00+08:00,24.61,24.74,23.83,23.96,126919807712,0.0,0.0
2001-01-12 00:00:00+08:00,24.09,24.35,23.96,24.35,94983533704,0.0,0.0
2001-01-15 00:00:00+08:00,24.35,24.48,23.96,24.48,89597298981,0.0,0.0
2001-01-16 00:00:00+08:00,24.35,26.16,24.35,26.16,261560243776,0.0,0.0
2001-01-17 00:00:00+08:00,26.16,26.68,25.77,26.16,224263841163,0.0,0.0
2001-01-18 00:00:00+08:00,26.68,26.81,26.16,26.42,233121389730,0.0,0.0
2001-01-19 00:00:00+08:00,26.42,26.42,26.42,26.42,0,0.0,0.0
2001-01-29 00:00:00+08:00,25.9,26.29,25.12,25.12,162287082317,0.0,0.0
2001-01-30 00:00:00+08:00,25.12,25.64,24.87,25.64,104442681234,0.0,0.0
2001-01-31 00:00:00+08:00,26.03,27.33,25.77,27.33,225187996096,0.0,0.0
2001-02-01 00:00:00+08:00,26.94,27.33,26.16,26.29,114697036302,0.0,0.0
2001-02-02 00:00:00+08:00,26.42,27.07,26.03,26.03,159626108062,0.0,0.0
2001-02-05 00:00:00+08:00,25.64,25.9,25.38,25.51,131682770311,0.0,0.0
2001-02-06 00:00:00+08:00,25.38,26.03,25.25,25.38,118522811741,0.0,0.0
2001-02-07 00:00:00+08:00,23.7,24.35,23.7,23.7,236950264906,0.0,0.0
2001-02-08 00:00:00+08:00,23.31,23.7,22.92,23.44,94213749009,0.0,0.0
2001-02-09 00:00:00+08:00,23.7,24.09,23.18,23.7,128952451939,0.0,0.0
2001-02-12 00:00:00+08:00,23.57,23.96,23.31,23.83,65390573400,0.0,0.0
2001-02-13 00:00:00+08:00,24.22,25.38,24.09,25.38,99125740632,0.0,0.0
2001-02-14 00:00:00+08:00,25.38,25.64,24.09,24.35,79813354005,0.0,0.0
2001-02-15 00:00:00+08:00,24.99,26.03,24.87,26.03,174380139732,0.0,0.0
2001-02-16 00:00:00+08:00,26.03,26.16,25.25,25.38,142289462156,0.0,0.0
2001-02-19 00:00:00+08:00,24.35,25.12,24.35,24.87,42987928103,0.0,0.0
2001-02-20 00:00:00+08:00,24.99,25.38,24.87,24.87,42253082111,0.0,0.0
2001-02-21 00:00:00+08:00,24.35,25.38,24.35,25.25,62630686703,0.0,0.0
2001-02-22 00:00:00+08:00,24.99,24.99,24.09,24.22,87930948679,0.0,0.0
2001-02-23 00:00:00+08:00,23.57,24.09,23.31,23.57,95466076101,0.0,0.0
2001-02-26 00:00:00+08:00,23.31,23.57,23.05,23.05,88333264549,0.0,0.0
2001-02-27 00:00:00+08:00,23.31,23.57,23.31,23.31,76196927473,0.0,0.0
2001-02-28 00:00:00+08:00,23.31,23.31,23.31,23.31,0,0.0,0.0
2001-03-01 00:00:00+08:00,22.53,22.53,21.76,21.76,179983114401,0.0,0.0
2001-03-02 00:00:00+08:00,21.89,22.02,21.5,21.63,98608467848,0.0,0.0
2001-03-05 00:00:00+08:00,21.63,22.02,21.63,21.89,85291005973,0.0,0.0
2001-03-06 00:00:00+08:00,22.79,23.31,22.4,22.92,118538885378,0.0,0.0
2001-03-07 00:00:00+08:00,23.7,24.09,23.7,23.83,143096743670,0.0,0.0
2001-03-08 00:00:00+08:00,23.83,23.83,23.31,23.44,54103039316,0.0,0.0
2001-03-09 00:00:00+08:00,22.66,22.79,22.66,22.79,55776539010,0.0,0.0
2001-03-12 00:00:00+08:00,22.02,22.28,22.02,22.15,60270770241,0.0,0.0
2001-03-13 00:00:00+08:00,21.76,22.53,21.76,22.53,103342974528,0.0,0.0
2001-03-14 00:00:00+08:00,22.53,22.53,22.53,22.53,0,0.0,0.0
2001-03-15 00:00:00+08:00,22.4,22.92,22.15,22.79,69605303342,0.0,0.0
2001-03-16 00:00:00+08:00,22.66,23.05,22.66,22.92,67691249055,0.0,0.0
2001-03-19 00:00:00+08:00,22.79,22.92,22.4,22.53,32191037811,0.0,0.0
2001-03-20 00:00:00+08:00,22.53,22.79,22.15,22.28,47933600202,0.0,0.0
2001-03-21 00:00:00+08:00,22.02,22.15,21.89,22.02,51471745876,0.0,0.0
2001-03-22 00:00:00+08:00,22.02,22.53,22.02,22.4,67485420683,0.0,0.0
2001-03-23 00:00:00+08:00,22.66,23.44,22.66,23.44,227713615167,0.0,0.0
2001-03-26 00:00:00+08:00,23.57,23.57,23.18,23.31,86627400933,0.0,0.0
2001-03-27 00:00:00+08:00,23.44,23.7,23.18,23.18,107902171080,0.0,0.0
2001-03-28 00:00:00+08:00,23.18,23.31,22.92,23.05,63876351860,0.0,0.0
2001-03-29 00:00:00+08:00,23.05,23.05,22.79,22.79,47865014354,0.0,0.0
2001-03-30 00:00:00+08:00,23.05,23.05,22.53,22.92,52554195712,0.0,0.0
2001-04-02 00:00:00+08:00,22.79,22.79,22.02,22.02,52770689846,0.0,0.0
2001-04-03 00:00:00+08:00,21.5,21.5,20.98,21.11,137153456204,0.0,0.0
2001-04-04 00:00:00+08:00,20.46,20.85,20.46,20.59,105939504251,0.0,0.0
2001-04-06 00:00:00+08:00,22.02,22.02,21.24,21.37,83165377968,0.0,0.0
2001-04-09 00:00:00+08:00,20.98,20.98,20.46,20.72,50202053590,0.0,0.0
2001-04-10 00:00:00+08:00,20.72,20.85,20.33,20.46,64384767062,0.0,0.0
2001-04-11 00:00:00+08:00,20.98,21.5,20.72,21.5,63600441933,0.0,0.0
2001-04-12 00:00:00+08:00,22.02,22.53,21.89,22.28,172602523870,0.0,0.0
2001-04-13 00:00:00+08:00,22.66,22.66,22.02,22.02,59615425837,0.0,0.0
2001-04-16 00:00:00+08:00,21.89,22.02,21.37,21.76,26751186803,0.0,0.0
2001-04-17 00:00:00+08:00,21.5,21.76,21.37,21.63,35215179174,0.0,0.0
2001-04-18 00:00:00+08:00,22.02,22.02,21.76,22.02,72644312193,0.0,0.0
2001-04-19 00:00:00+08:00,23.44,23.44,23.31,23.44,290954416778,0.0,0.0
2001-04-20 00:00:00+08:00,23.57,23.7,23.18,23.44,135618069792,0.0,0.0
2001-04-23 00:00:00+08:00,23.44,23.44,23.05,23.31,47925092591,0.0,0.0
2001-04-24 00:00:00+08:00,22.92,23.05,22.79,22.79,53528517222,0.0,0.0
2001-04-25 00:00:00+08:00,22.79,23.05,22.28,22.4,41989129503,0.0,0.0
2001-04-27 00:00:00+08:00,23.05,23.05,22.53,22.53,44470839800,0.0,0.0
2001-04-30 00:00:00+08:00,23.05,23.7,22.92,23.57,182494001389,0.0,0.0
2001-05-01 00:00:00+08:00,23.57,23.57,23.57,23.57,0,0.0,0.0
2001-05-02 00:00:00+08:00,25.12,25.12,24.61,24.87,347857956012,0.0,0.0
2001-05-03 00:00:00+08:00,24.74,24.99,24.61,24.99,134483249398,0.0,0.0
2001-05-04 00:00:00+08:00,24.87,24.87,24.09,24.09,80099413071,0.0,0.0
2001-05-07 00:00:00+08:00,24.22,25.12,24.09,24.61,114545190851,0.0,0.0
2001-05-08 00:00:00+08:00,24.48,24.74,24.22,24.48,99755803847,0.0,0.0
2001-05-09 00:00:00+08:00,24.61,24.87,24.48,24.61,61278672235,0.0,0.0
2001-05-10 00:00:00+08:00,24.35,24.35,23.83,23.96,64391741470,0.0,0.0
2001-05-11 00:00:00+08:00,23.96,24.35,23.83,24.35,63826143619,0.0,0.0
2001-05-14 00:00:00+08:00,23.83,24.09,23.83,23.96,40124516855,0.0,0.0
2001-05-15 00:00:00+08:00,23.31,23.44,23.05,23.18,85139960454,0.0,0.0
2001-05-16 00:00:00+08:00,22.79,22.92,22.66,22.79,59935477852,0.0,0.0
2001-05-17 00:00:00+08:00,22.92,23.31,22.66,23.05,47654757191,0.0,0.0
2001-05-18 00:00:00+08:00,23.31,23.7,23.05,23.44,95308472805,0.0,0.0
2001-05-21 00:00:00+08:00,23.31,23.31,22.66,22.92,53491624518,0.0,0.0
2001-05-22 00:00:00+08:00,23.18,23.57,23.18,23.31,62981494442,0.0,0.0
2001-05-23 00:00:00+08:00,23.44,24.48,23.44,24.48,77986608978,0.0,0.0
2001-05-24 00:00:00+08:00,24.35,24.48,24.09,24.35,56666480178,0.0,0.0
2001-05-25 00:00:00+08:00,24.35,24.61,24.22,24.48,57861378809,0.0,0.0
2001-05-28 00:00:00+08:00,24.22,24.35,24.09,24.09,27492071866,0.0,0.0
2001-05-29 00:00:00+08:00,24.09,24.35,24.09,24.09,50391879153,0.0,0.0
2001-05-30 00:00:00+08:00,23.96,24.09,23.31,23.31,49790259358,0.0,0.0
2001-05-31 00:00:00+08:00,23.05,23.31,23.05,23.18,54368179322,0.0,0.0
2001-06-01 00:00:00+08:00,23.44,23.57,22.92,23.05,40753226018,0.0,0.0
2001-06-04 00:00:00+08:00,23.05,23.57,22.92,23.31,38533131028,0.0,0.0
2001-06-05 00:00:00+08:00,23.31,23.57,23.18,23.57,28913070066,0.0,0.0
2001-06-06 00:00:00+08:00,23.96,24.35,23.96,24.22,72897807355,0.0,0.0
2001-06-07 00:00:00+08:00,23.96,24.22,23.83,24.09,62141449041,0.0,0.0
2001-06-08 00:00:00+08:00,24.87,25.25,24.87,25.12,163135010383,0.0,0.0
2001-06-11 00:00:00+08:00,25.12,25.64,24.99,25.64,71574202976,0.0,0.0
2001-06-12 00:00:00+08:00,25.38,25.51,24.99,25.12,61879767074,0.0,0.0
2001-06-13 00:00:00+08:00,24.99,25.12,24.35,24.35,58310724022,0.0,0.0
2001-06-14 00:00:00+08:00,24.35,24.35,23.57,23.96,54805425562,0.0,0.0
2001-06-15 00:00:00+08:00,23.83,24.22,23.7,24.22,33606221920,0.0,0.0
2001-06-18 00:00:00+08:00,24.09,24.22,23.44,23.83,132926523131,0.0,0.0
2001-06-19 00:00:00+08:00,23.7,23.83,23.31,23.44,89109248718,0.0,0.0
2001-06-20 00:00:00+08:00,23.31,23.44,23.18,23.31,41634972048,0.0,0.0
2001-06-21 00:00:00+08:00,23.05,23.05,22.28,22.28,101354893188,0.0,0.0
2001-06-22 00:00:00+08:00,22.28,22.53,21.76,22.02,119957081731,0.0,0.0
2001-06-25 00:00:00+08:00,22.02,22.02,22.02,22.02,0,0.0,0.0
2001-06-26 00:00:00+08:00,22.3,22.85,22.12,22.12,96070796227,0.0,1.4
2001-06-27 00:00:00+08:00,22.66,23.21,22.48,23.03,57765016150,0.0,0.0
2001-06-28 00:00:00+08:00,23.03,23.03,22.12,22.3,47031141048,0.0,0.0
2001-06-29 00:00:00+08:00,22.85,23.21,22.66,23.21,53805625856,0.0,0.0
2001-07-02 00:00:00+08:00,23.39,24.3,23.39,24.3,62442405056,0.0,0.0
2001-07-03 00:00:00+08:00,24.3,24.66,23.93,24.11,30191453577,0.0,0.0
2001-07-04 00:00:00+08:00,23.93,23.93,23.57,23.75,26744552544,0.0,0.0
2001-07-05 00:00:00+08:00,23.57,23.93,23.57,23.75,16044664142,0.0,0.0
2001-07-06 00:00:00+08:00,23.21,23.39,22.85,22.85,40584223689,0.0,0.0
2001-07-09 00:00:00+08:00,22.48,22.48,22.12,22.12,62249903530,0.0,0.0
2001-07-10 00:00:00+08:00,22.3,22.66,22.3,22.3,48435884971,0.0,0.0
2001-07-11 00:00:00+08:00,22.48,22.66,22.3,22.3,34178454624,0.0,0.0
2001-07-12 00:00:00+08:00,22.66,23.03,22.48,23.03,45144006501,0.0,0.0
2001-07-13 00:00:00+08:00,23.57,23.75,22.85,22.85,83440695087,0.0,0.0
2001-07-16 00:00:00+08:00,23.21,23.21,22.48,22.85,52098044529,0.0,0.0
2001-07-17 00:00:00+08:00,22.48,22.85,22.3,22.66,39253753226,0.0,0.0
2001-07-18 00:00:00+08:00,22.66,22.66,22.12,22.48,40148263650,0.0,0.0
2001-07-19 00:00:00+08:00,22.12,22.48,21.58,22.12,52451240755,0.0,0.0
2001-07-20 00:00:00+08:00,22.48,22.48,21.94,21.94,48338503352,0.0,0.0
2001-07-23 00:00:00+08:00,21.76,21.94,20.85,21.03,62147840760,0.0,0.0
2001-07-24 00:00:00+08:00,20.67,20.85,20.31,20.85,52030990693,0.0,0.0
2001-07-25 00:00:00+08:00,21.03,21.58,20.85,21.39,43066286931,0.0,0.0
2001-07-26 00:00:00+08:00,21.76,22.12,21.39,21.94,51942754131,0.0,0.0
2001-07-27 00:00:00+08:00,23.03,23.39,22.85,23.03,156155062051,0.0,0.0
2001-07-30 00:00:00+08:00,23.03,23.03,23.03,23.03,0,0.0,0.0
2001-07-31 00:00:00+08:00,23.39,23.93,23.21,23.93,103162152962,0.0,0.0
2001-08-01 00:00:00+08:00,24.84,24.84,24.3,24.84,137701829919,0.0,0.0
2001-08-02 00:00:00+08:00,25.38,25.75,25.38,25.57,99316282800,0.0,0.0
2001-08-03 00:00:00+08:00,25.57,25.57,25.02,25.02,69056552276,0.0,0.0
2001-08-06 00:00:00+08:00,24.66,24.84,24.48,24.66,46619357529,0.0,0.0
2001-08-07 00:00:00+08:00,24.11,24.3,23.75,23.93,45691471961,0.0,0.0
2001-08-08 00:00:00+08:00,23.93,24.48,23.93,24.48,33965064989,0.0,0.0
2001-08-09 00:00:00+08:00,23.57,23.93,23.57,23.57,29149178904,0.0,0.0
2001-08-10 00:00:00+08:00,24.11,24.84,23.75,24.84,51262912996,0.0,0.0
2001-08-13 00:00:00+08:00,24.66,24.66,24.3,24.66,22755986154,0.0,0.0
2001-08-14 00:00:00+08:00,24.66,25.02,24.66,25.02,30352773225,0.0,0.0
2001-08-15 00:00:00+08:00,25.02,25.2,24.84,24.84,37550138824,0.0,0.0
2001-08-16 00:00:00+08:00,24.66,24.84,24.48,24.66,22472824164,0.0,0.0
2001-08-17 00:00:00+08:00,24.66,24.84,24.3,24.48,24091688315,0.0,0.0
2001-08-20 00:00:00+08:00,23.75,23.93,23.57,23.93,54058062773,0.0,0.0
2001-08-21 00:00:00+08:00,23.57,24.11,23.57,24.11,28486645824,0.0,0.0
2001-08-22 00:00:00+08:00,23.21,23.39,22.48,22.48,131335001004,0.0,0.0
2001-08-23 00:00:00+08:00,21.76,22.66,21.76,22.48,109761355021,0.0,0.0
2001-08-24 00:00:00+08:00,22.12,22.12,21.76,21.94,92537405507,0.0,0.0
2001-08-27 00:00:00+08:00,21.94,23.39,21.94,23.03,172843967671,0.0,0.0
2001-08-28 00:00:00+08:00,23.21,23.21,22.48,22.85,97109196229,0.0,0.0
2001-08-29 00:00:00+08:00,22.85,23.39,22.66,23.39,99128757042,0.0,0.0
2001-08-30 00:00:00+08:00,23.03,23.21,22.85,22.85,50885587864,0.0,0.0
2001-08-31 00:00:00+08:00,22.66,23.39,22.48,23.21,49968004993,0.0,0.0
2001-09-03 00:00:00+08:00,23.21,23.39,23.03,23.21,39017023309,0.0,0.0
2001-09-04 00:00:00+08:00,23.21,23.93,23.03,23.93,52138689890,0.0,0.0
2001-09-05 00:00:00+08:00,23.75,23.75,23.39,23.75,45011258834,0.0,0.0
2001-09-06 00:00:00+08:00,23.21,23.39,22.85,23.21,32151543245,0.0,0.0
2001-09-07 00:00:00+08:00,23.03,23.03,22.66,22.85,41915298266,0.0,0.0
2001-09-10 00:00:00+08:00,22.66,23.39,22.66,23.21,28395811269,0.0,0.0
2001-09-11 00:00:00+08:00,23.21,23.21,22.85,22.85,29208435782,0.0,0.0
2001-09-12 00:00:00+08:00,22.85,22.85,22.85,22.85,0,0.0,0.0
2001-09-13 00:00:00+08:00,21.39,21.39,21.39,21.39,38823893860,0.0,0.0
2001-09-14 00:00:00+08:00,21.03,21.39,19.94,20.13,98405401741,0.0,0.0
2001-09-17 00:00:00+08:00,20.13,20.13,20.13,20.13,0,0.0,0.0
2001-09-20 00:00:00+08:00,19.04,19.04,19.04,19.04,4882070946,0.0,0.0
2001-09-21 00:00:00+08:00,18.49,18.49,18.49,18.49,2609586650,0.0,0.0
2001-09-24 00:00:00+08:00,18.49,18.49,18.49,18.49,0,0.0,0.0
2001-09-25 00:00:00+08:00,17.84,17.88,17.12,17.19,181477080515,0.0,0.0
2001-09-26 00:00:00+08:00,17.04,17.66,15.99,17.59,137796559978,0.0,0.0
2001-09-27 00:00:00+08:00,17.41,17.41,16.68,16.86,52486362776,0.0,0.0
2001-09-28 00:00:00+08:00,16.86,16.86,16.86,16.86,0,0.0,0.0
2001-10-02 00:00:00+08:00,16.9,16.9,15.88,16.32,67122484210,0.0,0.0
2001-10-03 00:00:00+08:00,16.14,16.39,15.81,15.99,50025077532,0.0,0.0
2001-10-04 00:00:00+08:00,17.08,17.08,16.03,16.06,107361475283,0.0,0.0
2001-10-05 00:00:00+08:00,16.21,17.19,16.14,16.97,90599194936,0.0,0.0
2001-10-08 00:00:00+08:00,16.5,16.9,16.5,16.68,36931798424,0.0,0.0
2001-10-09 00:00:00+08:00,17.26,17.84,17.15,17.84,85981949737,0.0,0.0
2001-10-10 00:00:00+08:00,17.84,17.84,17.84,17.84,0,0.0,0.0
2001-10-11 00:00:00+08:00,18.68,19.04,18.49,19.04,70577691087,0.0,0.0
2001-10-12 00:00:00+08:00,20.31,20.31,19.58,19.94,146532259358,0.0,0.0
2001-10-15 00:00:00+08:00,19.4,19.94,19.22,19.4,45872414944,0.0,0.0
2001-10-16 00:00:00+08:00,19.58,20.13,19.22,20.13,42133562488,0.0,0.0
2001-10-17 00:00:00+08:00,21.03,21.39,20.67,21.03,129414568686,0.0,0.0
2001-10-18 00:00:00+08:00,20.67,21.58,20.67,21.58,85720721898,0.0,0.0
2001-10-19 00:00:00+08:00,21.21,21.39,20.67,21.21,87127763246,0.0,0.0
2001-10-22 00:00:00+08:00,21.21,21.39,20.67,21.03,53561188259,0.0,0.0
2001-10-23 00:00:00+08:00,21.58,21.58,20.85,20.85,59501452172,0.0,0.0
2001-10-24 00:00:00+08:00,21.03,22.3,21.03,22.3,133139455065,0.0,0.0
2001-10-25 00:00:00+08:00,22.85,22.85,22.3,22.66,100118530217,0.0,0.0
2001-10-26 00:00:00+08:00,22.85,23.21,22.85,22.85,63375879436,0.0,0.0
2001-10-29 00:00:00+08:00,24.11,24.3,23.39,24.3,159762803606,0.0,0.0
2001-10-30 00:00:00+08:00,22.66,23.39,22.66,22.66,103426940023,0.0,0.0
2001-10-31 00:00:00+08:00,21.76,22.66,21.76,22.12,87162486490,0.0,0.0
2001-11-01 00:00:00+08:00,22.66,22.66,21.94,22.12,67706863206,0.0,0.0
2001-11-02 00:00:00+08:00,22.85,23.21,22.48,22.66,107589015503,0.0,0.0
2001-11-05 00:00:00+08:00,22.85,23.57,22.66,23.57,72908380267,0.0,0.0
2001-11-06 00:00:00+08:00,24.3,24.48,23.75,23.75,114083762138,0.0,0.0
2001-11-07 00:00:00+08:00,24.11,24.48,23.93,24.3,62689312681,0.0,0.0
2001-11-08 00:00:00+08:00,24.66,25.2,24.3,24.48,97915110002,0.0,0.0
2001-11-09 00:00:00+08:00,24.48,24.48,24.48,24.48,0,0.0,0.0
2001-11-12 00:00:00+08:00,24.66,25.02,24.3,24.66,60076010572,0.0,0.0
2001-11-13 00:00:00+08:00,24.3,24.66,24.3,24.48,32001930937,0.0,0.0
2001-11-14 00:00:00+08:00,25.38,26.11,25.38,26.11,167287343831,0.0,0.0
2001-11-15 00:00:00+08:00,26.11,27.02,25.93,27.02,127912553253,0.0,0.0
2001-11-16 00:00:00+08:00,27.02,28.47,26.65,28.1,154915643388,0.0,0.0
2001-11-19 00:00:00+08:00,28.1,28.83,27.74,28.83,99340227197,0.0,0.0
2001-11-20 00:00:00+08:00,28.28,28.47,26.83,27.02,108705218429,0.0,0.0
2001-11-21 00:00:00+08:00,26.11,27.38,26.11,27.38,113891195141,0.0,0.0
2001-11-22 00:00:00+08:00,27.2,27.2,26.29,26.47,78148114323,0.0,0.0
2001-11-23 00:00:00+08:00,26.47,27.02,26.11,26.65,67781672336,0.0,0.0
2001-11-26 00:00:00+08:00,26.65,27.02,26.47,26.83,106122556577,0.0,0.0
2001-11-27 00:00:00+08:00,28.65,28.65,26.83,27.38,208435722041,0.0,0.0
2001-11-28 00:00:00+08:00,27.56,28.28,26.83,26.83,82210650629,0.0,0.0
2001-11-29 00:00:00+08:00,26.29,26.47,26.11,26.47,78561674477,0.0,0.0
2001-11-30 00:00:00+08:00,27.2,27.2,26.47,26.47,121174113006,0.0,0.0
2001-12-03 00:00:00+08:00,27.38,28.1,27.2,28.1,95400454286,0.0,0.0
2001-12-04 00:00:00+08:00,27.74,28.65,27.38,28.47,87963745896,0.0,0.0
2001-12-05 00:00:00+08:00,29.74,30.28,29.55,30.28,205624746225,0.0,0.0
2001-12-06 00:00:00+08:00,32.27,32.27,31.55,32.27,194245604436,0.0,0.0
2001-12-07 00:00:00+08:00,31.91,32.27,31.19,32.09,118018166457,0.0,0.0
2001-12-10 00:00:00+08:00,31.37,31.55,30.46,30.46,107978018216,0.0,0.0
2001-12-11 00:00:00+08:00,29.74,31.19,29.55,31.0,95422642880,0.0,0.0
2001-12-12 00:00:00+08:00,31.19,32.64,31.0,32.09,118173177116,0.0,0.0
2001-12-13 00:00:00+08:00,32.27,32.45,30.46,30.46,105076597693,0.0,0.0
2001-12-14 00:00:00+08:00,29.92,30.46,29.74,30.28,73413581455,0.0,0.0
2001-12-17 00:00:00+08:00,29.92,30.1,29.19,29.37,62690628046,0.0,0.0
2001-12-18 00:00:00+08:00,30.46,30.46,29.74,29.92,90387456947,0.0,0.0
2001-12-19 00:00:00+08:00,30.46,31.37,30.28,31.0,95314211603,0.0,0.0
2001-12-20 00:00:00+08:00,30.1,31.19,30.1,31.0,82619407618,0.0,0.0
2001-12-21 00:00:00+08:00,29.74,29.92,29.01,29.01,184451732922,0.0,0.0
2001-12-24 00:00:00+08:00,28.47,29.74,28.47,29.37,69557938312,0.0,0.0
2001-12-25 00:00:00+08:00,29.37,30.46,29.19,30.28,56300051145,0.0,0.0
2001-12-26 00:00:00+08:00,30.28,30.64,29.74,29.92,50672647595,0.0,0.0
2001-12-27 00:00:00+08:00,30.28,30.82,29.74,29.74,74257765791,0.0,0.0
2001-12-28 00:00:00+08:00,30.28,31.0,29.92,30.82,90661600356,0.0,0.0
2001-12-31 00:00:00+08:00,31.37,32.27,31.37,31.73,142278227393,0.0,0.0
2002-01-01 00:00:00+08:00,31.73,31.73,31.73,31.73,0,0.0,0.0
2002-01-02 00:00:00+08:00,31.73,31.91,30.64,31.19,63219970044,0.0,0.0
2002-01-03 00:00:00+08:00,31.19,31.19,31.19,31.19,0,0.0,0.0
2002-01-04 00:00:00+08:00,32.09,32.45,31.91,32.27,161224084400,0.0,0.0
2002-01-07 00:00:00+08:00,32.64,33.72,32.27,33.54,143660633926,0.0,0.0
2002-01-08 00:00:00+08:00,33.36,33.36,32.64,32.82,66545271274,0.0,0.0
2002-01-09 00:00:00+08:00,33.54,33.72,32.64,33.18,72284564141,0.0,0.0
2002-01-10 00:00:00+08:00,33.18,33.36,32.64,32.82,51368481421,0.0,0.0
2002-01-11 00:00:00+08:00,32.64,32.82,31.73,31.73,69855335701,0.0,0.0
2002-01-14 00:00:00+08:00,31.37,31.91,31.19,31.91,47642526681,0.0,0.0
2002-01-15 00:00:00+08:00,31.91,32.09,31.55,31.73,36711147501,0.0,0.0
2002-01-16 00:00:00+08:00,31.73,31.91,30.82,30.82,63000476760,0.0,0.0
2002-01-17 00:00:00+08:00,30.1,30.82,29.92,30.64,74009989192,0.0,0.0
2002-01-18 00:00:00+08:00,30.82,31.37,30.64,30.82,64443521005,0.0,0.0
2002-01-21 00:00:00+08:00,31.19,32.82,31.0,32.82,106826877778,0.0,0.0
2002-01-22 00:00:00+08:00,33.0,33.72,32.09,32.64,128790074046,0.0,0.0
2002-01-23 00:00:00+08:00,31.91,33.36,31.73,32.09,120107453497,0.0,0.0
2002-01-24 00:00:00+08:00,32.64,33.0,31.73,32.82,91067250466,0.0,0.0
2002-01-25 00:00:00+08:00,33.18,33.54,32.64,33.36,131361617793,0.0,0.0
2002-01-28 00:00:00+08:00,33.36,33.54,33.0,33.36,88306395399,0.0,0.0
2002-01-29 00:00:00+08:00,33.0,33.0,32.27,32.27,58836080048,0.0,0.0
2002-01-30 00:00:00+08:00,31.55,31.91,31.37,31.55,73377524990,0.0,0.0
2002-01-31 00:00:00+08:00,31.55,31.55,31.55,31.55,0,0.0,0.0
2002-02-01 00:00:00+08:00,31.55,31.55,30.82,31.0,103873616415,0.0,0.0
2002-02-04 00:00:00+08:00,30.82,31.55,30.64,31.19,48429656333,0.0,0.0
2002-02-05 00:00:00+08:00,30.64,31.19,30.64,31.0,43280411623,0.0,0.0
2002-02-06 00:00:00+08:00,31.19,31.73,31.19,31.37,70636501574,0.0,0.0
2002-02-07 00:00:00+08:00,31.37,31.37,31.37,31.37,0,0.0,0.0
2002-02-18 00:00:00+08:00,32.09,32.27,31.55,31.73,79417673286,0.0,0.0
2002-02-19 00:00:00+08:00,31.73,31.91,30.82,31.0,49938769378,0.0,0.0
2002-02-20 00:00:00+08:00,30.46,30.46,29.74,29.74,64741959973,0.0,0.0
2002-02-21 00:00:00+08:00,30.1,30.28,29.37,29.92,53616987097,0.0,0.0
2002-02-22 00:00:00+08:00,29.01,29.74,29.01,29.55,45345656060,0.0,0.0
2002-02-25 00:00:00+08:00,29.74,30.1,29.37,29.37,33289509205,0.0,0.0
2002-02-26 00:00:00+08:00,29.74,29.92,29.01,29.01,63760930103,0.0,0.0
2002-02-27 00:00:00+08:00,29.19,29.92,29.19,29.74,74203270414,0.0,0.0
2002-02-28 00:00:00+08:00,29.74,29.74,29.74,29.74,0,0.0,0.0
2002-03-01 00:00:00+08:00,29.37,29.92,29.37,29.37,75910280361,0.0,0.0
2002-03-04 00:00:00+08:00,31.37,31.37,30.46,31.37,97211205432,0.0,0.0
2002-03-05 00:00:00+08:00,33.36,33.36,32.27,33.0,179088949780,0.0,0.0
2002-03-06 00:00:00+08:00,33.18,34.27,33.0,34.27,179561088297,0.0,0.0
2002-03-07 00:00:00+08:00,34.45,34.45,33.72,33.91,120272975169,0.0,0.0
2002-03-08 00:00:00+08:00,33.91,34.27,33.0,33.18,84486290907,0.0,0.0
2002-03-11 00:00:00+08:00,33.91,35.36,33.91,35.36,141985430804,0.0,0.0
2002-03-12 00:00:00+08:00,34.63,34.99,33.91,34.45,81775919652,0.0,0.0
2002-03-13 00:00:00+08:00,34.45,34.81,33.91,34.09,55129555206,0.0,0.0
2002-03-14 00:00:00+08:00,33.36,33.72,33.18,33.72,61840313278,0.0,0.0
2002-03-15 00:00:00+08:00,33.0,33.36,32.64,32.82,93412069400,0.0,0.0
2002-03-18 00:00:00+08:00,33.18,33.18,32.27,33.18,39047773677,0.0,0.0
2002-03-19 00:00:00+08:00,33.36,33.36,32.64,33.18,46678081714,0.0,0.0
2002-03-20 00:00:00+08:00,33.36,34.81,33.18,34.81,89969926892,0.0,0.0
2002-03-21 00:00:00+08:00,33.54,34.45,33.54,34.09,59678431206,0.0,0.0
2002-03-22 00:00:00+08:00,34.63,34.81,34.27,34.45,57703426137,0.0,0.0
2002-03-25 00:00:00+08:00,34.45,34.99,33.91,34.81,50071097438,0.0,0.0
2002-03-26 00:00:00+08:00,34.45,34.63,34.09,34.27,34394957091,0.0,0.0
2002-03-27 00:00:00+08:00,34.63,34.63,33.54,33.54,49892148333,0.0,0.0
2002-03-28 00:00:00+08:00,33.91,34.45,33.72,34.45,66767145308,0.0,0.0
2002-03-29 00:00:00+08:00,35.17,35.36,34.81,34.99,84362914469,0.0,0.0
2002-04-01 00:00:00+08:00,34.81,35.17,34.63,34.63,29433916653,0.0,0.0
2002-04-02 00:00:00+08:00,34.99,35.36,34.81,34.81,52946121391,0.0,0.0
2002-04-03 00:00:00+08:00,34.45,34.63,34.27,34.45,50674695041,0.0,0.0
2002-04-04 00:00:00+08:00,34.09,34.45,33.36,33.54,67791165578,0.0,0.0
2002-04-05 00:00:00+08:00,33.54,33.54,33.54,33.54,0,0.0,0.0
2002-04-08 00:00:00+08:00,33.36,33.54,33.0,33.18,61887291435,0.0,0.0
2002-04-09 00:00:00+08:00,33.36,33.36,32.82,33.18,39162192542,0.0,0.0
2002-04-10 00:00:00+08:00,32.82,33.0,32.64,32.82,76946484121,0.0,0.0
2002-04-11 00:00:00+08:00,32.64,33.0,32.64,32.64,65494044979,0.0,0.0
2002-04-12 00:00:00+08:00,32.45,33.36,32.09,33.36,69123195432,0.0,0.0
2002-04-15 00:00:00+08:00,33.36,33.54,33.0,33.18,45049916269,0.0,0.0
2002-04-16 00:00:00+08:00,33.36,33.72,33.18,33.54,33122690024,0.0,0.0
2002-04-17 00:00:00+08:00,34.63,35.17,34.63,34.81,119691131673,0.0,0.0
2002-04-18 00:00:00+08:00,35.17,35.17,34.45,34.63,43245786585,0.0,0.0
2002-04-19 00:00:00+08:00,34.45,34.45,34.09,34.27,33966082760,0.0,0.0
2002-04-22 00:00:00+08:00,33.91,34.27,33.72,33.72,33068661869,0.0,0.0
2002-04-23 00:00:00+08:00,33.36,34.09,33.36,34.09,29257137007,0.0,0.0
2002-04-24 00:00:00+08:00,34.09,34.63,34.09,34.45,39788585830,0.0,0.0
2002-04-25 00:00:00+08:00,33.72,33.91,33.36,33.36,54026886847,0.0,0.0
2002-04-26 00:00:00+08:00,33.0,33.36,33.0,33.36,51807319192,0.0,0.0
2002-04-29 00:00:00+08:00,32.64,32.64,31.91,32.27,139939925764,0.0,0.0
2002-04-30 00:00:00+08:00,31.91,32.09,31.55,31.73,75670931619,0.0,0.0
2002-05-02 00:00:00+08:00,31.73,31.91,30.82,30.82,75300367818,0.0,0.0
2002-05-03 00:00:00+08:00,30.1,30.82,30.1,30.82,58913763934,0.0,0.0
2002-05-06 00:00:00+08:00,29.74,29.74,29.01,29.37,86268098080,0.0,0.0
2002-05-07 00:00:00+08:00,29.01,29.92,29.01,29.74,61861001999,0.0,0.0
2002-05-08 00:00:00+08:00,29.92,30.46,29.92,30.1,79020605781,0.0,0.0
2002-05-09 00:00:00+08:00,31.73,31.73,30.82,30.82,76347552789,0.0,0.0
2002-05-10 00:00:00+08:00,30.46,31.55,30.28,31.37,43498655013,0.0,0.0
2002-05-13 00:00:00+08:00,30.82,31.19,30.82,30.82,27724948539,0.0,0.0
2002-05-14 00:00:00+08:00,31.19,31.55,31.19,31.55,36539659073,0.0,0.0
2002-05-15 00:00:00+08:00,32.27,32.82,32.09,32.64,79152731477,0.0,0.0
2002-05-16 00:00:00+08:00,32.27,32.27,31.91,32.09,27776030515,0.0,0.0
2002-05-17 00:00:00+08:00,32.27,32.45,31.91,32.45,40331926640,0.0,0.0
2002-05-20 00:00:00+08:00,32.09,32.27,31.55,31.55,44740805587,0.0,0.0
2002-05-21 00:00:00+08:00,31.37,31.73,31.19,31.37,36348737770,0.0,0.0
2002-05-22 00:00:00+08:00,31.37,32.27,31.37,31.91,53130516462,0.0,0.0
2002-05-23 00:00:00+08:00,31.55,31.73,31.37,31.55,44650024598,0.0,0.0
2002-05-24 00:00:00+08:00,31.37,31.91,31.37,31.73,44515744323,0.0,0.0
2002-05-27 00:00:00+08:00,31.55,31.55,31.19,31.37,19161398245,0.0,0.0
2002-05-28 00:00:00+08:00,31.55,31.73,30.82,31.19,49149752981,0.0,0.0
2002-05-29 00:00:00+08:00,30.82,31.0,30.46,31.0,45141530520,0.0,0.0
2002-05-30 00:00:00+08:00,30.46,31.37,30.46,31.37,74988001460,0.0,0.0
2002-05-31 00:00:00+08:00,31.0,31.19,30.46,31.0,65398588791,0.0,0.0
2002-06-03 00:00:00+08:00,30.46,30.82,29.92,30.82,42716879074,0.0,0.0
2002-06-04 00:00:00+08:00,29.55,29.92,29.37,29.55,90498292782,0.0,0.0
2002-06-05 00:00:00+08:00,29.55,29.92,29.55,29.74,64899535890,0.0,0.0
2002-06-06 00:00:00+08:00,29.55,29.55,29.01,29.19,85301430088,0.0,0.0
2002-06-07 00:00:00+08:00,27.2,27.74,27.2,27.2,220255362174,0.0,0.0
2002-06-10 00:00:00+08:00,27.2,27.56,26.83,27.2,96887346002,0.0,0.0
2002-06-11 00:00:00+08:00,27.56,27.56,26.65,26.83,69473808544,0.0,0.0
2002-06-12 00:00:00+08:00,26.65,26.83,25.93,26.11,69348253720,0.0,0.0
2002-06-13 00:00:00+08:00,27.02,27.56,26.65,27.38,106950879163,0.0,0.0
2002-06-14 00:00:00+08:00,27.2,27.38,27.02,27.38,34995182956,0.0,0.0
2002-06-17 00:00:00+08:00,27.38,27.56,26.83,26.83,101340164674,0.0,0.0
2002-06-18 00:00:00+08:00,27.56,27.56,27.2,27.38,91342244994,0.0,0.0
2002-06-19 00:00:00+08:00,27.72,28.12,27.32,27.32,88099701354,0.0,1.1
2002-06-20 00:00:00+08:00,26.73,27.32,26.33,27.32,58709305089,0.0,0.0
2002-06-21 00:00:00+08:00,26.92,28.12,26.73,27.52,76163646854,0.0,0.0
2002-06-24 00:00:00+08:00,27.32,27.52,26.92,27.32,50425943958,0.0,0.0
2002-06-25 00:00:00+08:00,27.72,28.32,27.32,27.72,77223383791,0.0,0.0
2002-06-26 00:00:00+08:00,27.32,27.52,26.53,26.53,66817691886,0.0,0.0
2002-06-27 00:00:00+08:00,26.73,27.12,26.33,26.53,52370730270,0.0,0.0
2002-06-28 00:00:00+08:00,26.92,27.32,26.73,27.12,53725561220,0.0,0.0
2002-07-01 00:00:00+08:00,27.12,27.12,26.33,26.73,31670484218,0.0,0.0
2002-07-02 00:00:00+08:00,25.53,26.53,25.53,26.33,34987654104,0.0,0.0
2002-07-03 00:00:00+08:00,25.53,25.53,24.53,25.33,103732963846,0.0,0.0
2002-07-04 00:00:00+08:00,25.53,25.93,25.33,25.73,57177497811,0.0,0.0
2002-07-05 00:00:00+08:00,25.73,26.73,25.33,26.73,64912258296,0.0,0.0
2002-07-08 00:00:00+08:00,27.72,28.52,27.52,28.32,128201266856,0.0,0.0
2002-07-09 00:00:00+08:00,28.12,28.52,27.72,28.52,43663517110,0.0,0.0
2002-07-10 00:00:00+08:00,28.12,28.12,27.52,27.92,55840300646,0.0,0.0
2002-07-11 00:00:00+08:00,27.32,27.32,26.73,26.92,42029900287,0.0,0.0
2002-07-12 00:00:00+08:00,27.52,28.32,27.52,28.32,77343844351,0.0,0.0
2002-07-15 00:00:00+08:00,28.32,28.32,27.72,27.72,30993639582,0.0,0.0
2002-07-16 00:00:00+08:00,28.12,28.32,27.32,27.52,40165515704,0.0,0.0
2002-07-17 00:00:00+08:00,27.12,27.32,26.53,26.73,56765584704,0.0,0.0
2002-07-18 00:00:00+08:00,26.53,26.53,25.53,25.73,127583656914,0.0,0.0
2002-07-19 00:00:00+08:00,24.73,24.73,24.33,24.53,161639111963,0.0,0.0
2002-07-22 00:00:00+08:00,23.73,24.13,23.53,24.13,79529952182,0.0,0.0
2002-07-23 00:00:00+08:00,23.73,24.73,23.73,24.73,97899616728,0.0,0.0
2002-07-24 00:00:00+08:00,23.73,23.93,23.33,23.33,99113193428,0.0,0.0
2002-07-25 00:00:00+08:00,24.13,24.33,23.14,23.14,106641634836,0.0,0.0
2002-07-26 00:00:00+08:00,21.54,21.54,21.54,21.54,52826795476,0.0,0.0
2002-07-29 00:00:00+08:00,20.14,20.54,20.14,20.14,268685257937,0.0,0.0
2002-07-30 00:00:00+08:00,20.74,20.94,20.34,20.74,179507412116,0.0,0.0
2002-07-31 00:00:00+08:00,20.54,20.54,19.94,20.14,72425544064,0.0,0.0
2002-08-01 00:00:00+08:00,19.94,20.34,19.94,19.94,63482390422,0.0,0.0
2002-08-02 00:00:00+08:00,19.55,19.9,19.35,19.9,96478698311,0.0,0.0
2002-08-05 00:00:00+08:00,18.75,19.03,18.55,18.55,104370150049,0.0,0.0
2002-08-06 00:00:00+08:00,17.43,18.87,17.43,18.39,111234870709,0.0,0.0
2002-08-07 00:00:00+08:00,19.62,19.67,19.31,19.67,98428338108,0.0,0.0
2002-08-08 00:00:00+08:00,19.74,19.74,19.31,19.59,77595895479,0.0,0.0
2002-08-09 00:00:00+08:00,19.94,20.34,19.94,20.34,64740914607,0.0,0.0
2002-08-12 00:00:00+08:00,20.34,20.34,19.94,20.14,52770712571,0.0,0.0
2002-08-13 00:00:00+08:00,19.94,20.14,19.86,19.94,25020477487,0.0,0.0
2002-08-14 00:00:00+08:00,19.94,20.34,19.94,20.34,51260440263,0.0,0.0
2002-08-15 00:00:00+08:00,20.94,21.54,20.94,21.14,105961573482,0.0,0.0
2002-08-16 00:00:00+08:00,21.54,21.54,21.14,21.34,53287622182,0.0,0.0
2002-08-19 00:00:00+08:00,21.34,21.74,21.14,21.34,46580983350,0.0,0.0
2002-08-20 00:00:00+08:00,21.54,22.14,21.54,21.74,85566285325,0.0,0.0
2002-08-21 00:00:00+08:00,21.34,21.34,20.94,21.14,54778096387,0.0,0.0
2002-08-22 00:00:00+08:00,21.34,21.54,21.14,21.14,76792100033,0.0,0.0
2002-08-23 00:00:00+08:00,21.14,21.14,21.14,21.14,0,0.0,0.0
2002-08-26 00:00:00+08:00,21.14,21.14,20.74,20.94,49183911880,0.0,0.0
2002-08-27 00:00:00+08:00,20.94,21.14,20.34,20.34,46771935765,0.0,0.0
2002-08-28 00:00:00+08:00,19.94,20.14,19.94,19.94,66760743254,0.0,0.0
2002-08-29 00:00:00+08:00,19.74,20.34,19.7,19.94,46533076159,0.0,0.0
2002-08-30 00:00:00+08:00,20.14,20.14,19.82,19.9,44359594421,0.0,0.0
2002-09-02 00:00:00+08:00,19.86,19.86,19.43,19.43,32902936481,0.0,0.0
2002-09-03 00:00:00+08:00,19.43,19.62,19.35,19.43,31752749966,0.0,0.0
2002-09-04 00:00:00+08:00,19.15,19.43,18.95,19.11,57145958279,0.0,0.0
2002-09-05 00:00:00+08:00,19.35,19.35,18.95,18.95,31957792095,0.0,0.0
2002-09-06 00:00:00+08:00,18.95,18.95,18.95,18.95,0,0.0,0.0
2002-09-09 00:00:00+08:00,19.07,19.43,18.99,19.35,48750177031,0.0,0.0
2002-09-10 00:00:00+08:00,19.35,20.14,19.27,20.14,49558517546,0.0,0.0
2002-09-11 00:00:00+08:00,20.34,20.34,19.94,20.14,40989717968,0.0,0.0
2002-09-12 00:00:00+08:00,20.14,20.14,19.74,19.9,32294468079,0.0,0.0
2002-09-13 00:00:00+08:00,19.39,19.51,19.15,19.19,38608734895,0.0,0.0
2002-09-16 00:00:00+08:00,18.99,19.07,18.67,18.83,49178944769,0.0,0.0
2002-09-17 00:00:00+08:00,18.71,19.55,18.71,19.55,61144158051,0.0,0.0
2002-09-18 00:00:00+08:00,18.55,18.71,18.19,18.19,112968608908,0.0,0.0
2002-09-19 00:00:00+08:00,18.35,18.39,17.95,18.19,73465780491,0.0,0.0
2002-09-20 00:00:00+08:00,17.75,17.79,17.15,17.35,126676288003,0.0,0.0
2002-09-23 00:00:00+08:00,17.15,17.43,16.75,16.79,75797395458,0.0,0.0
2002-09-24 00:00:00+08:00,16.55,17.11,16.55,16.87,105920386500,0.0,0.0
2002-09-25 00:00:00+08:00,16.95,17.07,16.35,16.75,78987027462,0.0,0.0
2002-09-26 00:00:00+08:00,17.39,17.43,16.99,16.99,82077349709,0.0,0.0
2002-09-27 00:00:00+08:00,16.99,17.11,16.75,16.75,61569057069,0.0,0.0
2002-09-30 00:00:00+08:00,16.39,16.39,15.96,16.39,69557291722,0.0,0.0
2002-10-01 00:00:00+08:00,16.11,16.51,15.96,16.0,77405814202,0.0,0.0
2002-10-02 00:00:00+08:00,16.39,16.55,15.96,15.96,86896919194,0.0,0.0
2002-10-03 00:00:00+08:00,15.68,15.68,15.04,15.04,98992186377,0.0,0.0
2002-10-04 00:00:00+08:00,14.68,15.4,14.68,15.16,89524174664,0.0,0.0
2002-10-07 00:00:00+08:00,14.96,14.96,14.36,14.36,78537828557,0.0,0.0
2002-10-08 00:00:00+08:00,13.96,14.28,13.92,14.2,143018927543,0.0,0.0
2002-10-09 00:00:00+08:00,14.2,15.0,14.08,14.36,176815140516,0.0,0.0
2002-10-10 00:00:00+08:00,14.36,14.36,14.36,14.36,0,0.0,0.0
2002-10-11 00:00:00+08:00,14.76,14.84,14.16,14.24,142303923266,0.0,0.0
2002-10-14 00:00:00+08:00,14.72,15.16,14.6,15.16,143797064993,0.0,0.0
2002-10-15 00:00:00+08:00,15.76,16.19,15.64,16.19,107764602339,0.0,0.0
2002-10-16 00:00:00+08:00,17.31,17.31,16.91,17.31,202784225298,0.0,0.0
2002-10-17 00:00:00+08:00,17.11,17.51,16.99,17.35,114359757123,0.0,0.0
2002-10-18 00:00:00+08:00,18.11,18.55,17.79,18.55,193637858376,0.0,0.0
2002-10-21 00:00:00+08:00,18.43,18.43,17.95,18.15,94279112187,0.0,0.0
2002-10-22 00:00:00+08:00,18.19,18.35,16.99,17.35,136840209293,0.0,0.0
2002-10-23 00:00:00+08:00,16.95,18.15,16.63,17.95,207266918600,0.0,0.0
2002-10-24 00:00:00+08:00,18.27,18.27,17.79,17.95,124002532148,0.0,0.0
2002-10-25 00:00:00+08:00,17.95,18.51,17.79,18.35,125819877973,0.0,0.0
2002-10-28 00:00:00+08:00,18.91,18.99,18.55,18.59,131088738347,0.0,0.0
2002-10-29 00:00:00+08:00,18.59,18.71,18.35,18.67,59101295644,0.0,0.0
2002-10-30 00:00:00+08:00,18.27,18.47,17.79,18.15,74077746973,0.0,0.0
2002-10-31 00:00:00+08:00,18.51,18.71,18.39,18.55,72249828452,0.0,0.0
2002-11-01 00:00:00+08:00,18.51,18.55,17.95,17.95,56491857925,0.0,0.0
2002-11-04 00:00:00+08:00,18.55,18.95,18.51,18.75,88400985319,0.0,0.0
2002-11-05 00:00:00+08:00,19.35,19.43,19.03,19.03,124262282839,0.0,0.0
2002-11-06 00:00:00+08:00,19.03,20.34,18.83,20.34,204144045002,0.0,0.0
2002-11-07 00:00:00+08:00,20.74,20.94,20.14,20.54,152395751105,0.0,0.0
2002-11-08 00:00:00+08:00,19.94,20.34,19.94,20.34,107783107263,0.0,0.0
2002-11-11 00:00:00+08:00,19.94,19.94,18.99,19.03,91990724072,0.0,0.0
2002-11-12 00:00:00+08:00,18.15,18.71,18.15,18.67,95338546119,0.0,0.0
2002-11-13 00:00:00+08:00,18.67,18.75,18.15,18.67,72543369566,0.0,0.0
2002-11-14 00:00:00+08:00,18.67,18.95,18.51,18.51,57321657659,0.0,0.0
2002-11-15 00:00:00+08:00,19.67,19.67,19.03,19.31,105183977112,0.0,0.0
2002-11-18 00:00:00+08:00,19.31,19.55,18.99,19.23,42476953811,0.0,0.0
2002-11-19 00:00:00+08:00,19.15,19.27,18.99,18.99,45870578249,0.0,0.0
2002-11-20 00:00:00+08:00,18.59,18.79,18.31,18.39,55682754488,0.0,0.0
2002-11-21 00:00:00+08:00,18.79,18.95,18.51,18.71,85523015187,0.0,0.0
2002-11-22 00:00:00+08:00,19.78,19.94,19.62,19.94,183661410360,0.0,0.0
2002-11-25 00:00:00+08:00,20.14,20.74,19.74,20.74,147887832670,0.0,0.0
2002-11-26 00:00:00+08:00,20.54,20.74,20.14,20.14,102202628304,0.0,0.0
2002-11-27 00:00:00+08:00,19.74,19.94,19.59,19.94,50155420371,0.0,0.0
2002-11-28 00:00:00+08:00,20.54,20.54,19.94,20.14,88820138071,0.0,0.0
2002-11-29 00:00:00+08:00,20.14,20.34,19.94,20.14,42270212692,0.0,0.0
2002-12-02 00:00:00+08:00,20.14,20.14,20.14,20.14,0,0.0,0.0
2002-12-03 00:00:00+08:00,20.74,21.54,20.54,21.34,126338005013,0.0,0.0
2002-12-04 00:00:00+08:00,20.94,21.14,20.74,20.74,73386864025,0.0,0.0
2002-12-05 00:00:00+08:00,20.54,20.94,20.34,20.94,48143978458,0.0,0.0
2002-12-06 00:00:00+08:00,20.54,20.94,20.54,20.54,51058844811,0.0,0.0
2002-12-09 00:00:00+08:00,20.94,21.14,20.54,20.74,50093028478,0.0,0.0
2002-12-10 00:00:00+08:00,20.14,20.14,19.86,19.94,93248680123,0.0,0.0
2002-12-11 00:00:00+08:00,19.94,20.14,19.86,19.94,86301396122,0.0,0.0
2002-12-12 00:00:00+08:00,19.94,20.14,19.35,19.55,63603402883,0.0,0.0
2002-12-13 00:00:00+08:00,19.43,19.7,19.23,19.43,61258493589,0.0,0.0
2002-12-16 00:00:00+08:00,19.07,19.27,18.87,19.11,60298937548,0.0,0.0
2002-12-17 00:00:00+08:00,19.35,19.55,19.07,19.07,43846304633,0.0,0.0
2002-12-18 00:00:00+08:00,19.07,19.27,18.99,19.15,44765306756,0.0,0.0
2002-12-19 00:00:00+08:00,18.03,18.75,17.95,18.31,109025956371,0.0,0.0
2002-12-20 00:00:00+08:00,18.31,18.67,17.75,18.35,93595912570,0.0,0.0
2002-12-23 00:00:00+08:00,18.35,18.35,17.51,17.75,57534935020,0.0,0.0
2002-12-24 00:00:00+08:00,17.67,18.03,17.59,17.87,34911984116,0.0,0.0
2002-12-25 00:00:00+08:00,17.83,17.91,17.55,17.83,15449960942,0.0,0.0
2002-12-26 00:00:00+08:00,17.95,18.35,17.71,18.35,23857678406,0.0,0.0
2002-12-27 00:00:00+08:00,18.39,18.39,17.99,18.15,27456574932,0.0,0.0
2002-12-30 00:00:00+08:00,17.95,17.95,17.19,17.23,47293731325,0.0,0.0
2002-12-31 00:00:00+08:00,16.95,17.23,16.95,16.99,28136119555,0.0,0.0
2003-01-01 00:00:00+08:00,16.99,16.99,16.99,16.99,0,0.0,0.0
2003-01-02 00:00:00+08:00,17.15,17.31,16.91,16.95,29925258898,0.0,0.0
2003-01-03 00:00:00+08:00,17.55,17.95,17.39,17.87,52579684405,0.0,0.0
2003-01-06 00:00:00+08:00,17.87,18.23,17.71,17.87,49129154621,0.0,0.0
2003-01-07 00:00:00+08:00,18.23,18.71,18.11,18.11,61698515784,0.0,0.0
2003-01-08 00:00:00+08:00,18.15,18.91,18.11,18.55,67404817402,0.0,0.0
2003-01-09 00:00:00+08:00,18.35,18.51,18.15,18.35,48948028212,0.0,0.0
2003-01-10 00:00:00+08:00,18.83,18.87,18.71,18.83,57046935294,0.0,0.0
2003-01-13 00:00:00+08:00,19.15,20.14,19.15,20.14,137273311079,0.0,0.0
2003-01-14 00:00:00+08:00,20.34,20.34,19.94,20.14,96393056226,0.0,0.0
2003-01-15 00:00:00+08:00,20.14,20.34,19.78,20.14,86943424989,0.0,0.0
2003-01-16 00:00:00+08:00,20.14,20.14,19.39,19.39,59139106289,0.0,0.0
2003-01-17 00:00:00+08:00,19.15,19.62,18.95,19.47,78192755017,0.0,0.0
2003-01-20 00:00:00+08:00,18.99,19.15,18.75,19.11,63110711997,0.0,0.0
2003-01-21 00:00:00+08:00,19.11,19.35,18.95,18.99,55275862600,0.0,0.0
2003-01-22 00:00:00+08:00,18.99,19.15,18.71,19.07,39410885459,0.0,0.0
2003-01-23 00:00:00+08:00,19.47,20.34,19.47,20.14,99996484294,0.0,0.0
2003-01-24 00:00:00+08:00,20.34,20.54,19.59,19.7,76299782491,0.0,0.0
2003-01-27 00:00:00+08:00,19.43,19.51,19.19,19.51,51491860024,0.0,0.0
2003-01-28 00:00:00+08:00,18.43,19.31,18.35,19.03,74556364377,0.0,0.0
2003-01-29 00:00:00+08:00,19.03,19.03,19.03,19.03,0,0.0,0.0
2003-02-06 00:00:00+08:00,17.75,17.95,17.71,17.71,78312317385,0.0,0.0
2003-02-07 00:00:00+08:00,16.47,17.03,16.47,16.75,156444098138,0.0,0.0
2003-02-10 00:00:00+08:00,16.47,16.47,16.15,16.23,86410429080,0.0,0.0
2003-02-11 00:00:00+08:00,16.47,16.75,16.43,16.55,58846760960,0.0,0.0
2003-02-12 00:00:00+08:00,16.31,16.43,16.0,16.11,72050164654,0.0,0.0
2003-02-13 00:00:00+08:00,16.11,16.39,16.04,16.04,58453282436,0.0,0.0
2003-02-14 00:00:00+08:00,16.39,16.47,16.19,16.35,71910988150,0.0,0.0
2003-02-17 00:00:00+08:00,17.47,17.47,17.07,17.47,77185984366,0.0,0.0
2003-02-18 00:00:00+08:00,17.47,17.47,17.07,17.11,42627000606,0.0,0.0
2003-02-19 00:00:00+08:00,17.51,17.51,17.15,17.15,69164819607,0.0,0.0
2003-02-20 00:00:00+08:00,17.15,17.63,17.07,17.59,71036376200,0.0,0.0
2003-02-21 00:00:00+08:00,17.95,18.31,17.83,17.91,93056499457,0.0,0.0
2003-02-24 00:00:00+08:00,18.03,18.15,17.75,18.07,48756659165,0.0,0.0
2003-02-25 00:00:00+08:00,17.95,17.95,17.15,17.15,63858229750,0.0,0.0
2003-02-26 00:00:00+08:00,17.23,17.43,17.03,17.07,48616795490,0.0,0.0
2003-02-27 00:00:00+08:00,16.79,17.07,16.55,16.75,45889288783,0.0,0.0
2003-02-28 00:00:00+08:00,16.75,16.75,16.75,16.75,0,0.0,0.0
2003-03-03 00:00:00+08:00,17.11,17.67,16.99,17.55,48204979777,0.0,0.0
2003-03-04 00:00:00+08:00,17.23,17.31,17.07,17.31,32170168559,0.0,0.0
2003-03-05 00:00:00+08:00,16.75,16.87,16.55,16.59,60949861764,0.0,0.0
2003-03-06 00:00:00+08:00,16.59,16.71,16.47,16.51,38581028912,0.0,0.0
2003-03-07 00:00:00+08:00,16.43,16.99,16.35,16.59,48518302763,0.0,0.0
2003-03-10 00:00:00+08:00,16.87,17.11,16.75,16.99,53968365297,0.0,0.0
2003-03-11 00:00:00+08:00,16.75,17.27,16.75,16.95,46218481635,0.0,0.0
2003-03-12 00:00:00+08:00,16.99,17.15,16.95,17.15,32006602890,0.0,0.0
2003-03-13 00:00:00+08:00,17.15,17.71,17.07,17.59,68480959873,0.0,0.0
2003-03-14 00:00:00+08:00,18.67,18.67,18.07,18.15,150857310190,0.0,0.0
2003-03-17 00:00:00+08:00,17.95,18.03,17.55,17.55,60341060598,0.0,0.0
2003-03-18 00:00:00+08:00,18.51,18.75,18.35,18.75,141363072348,0.0,0.0
2003-03-19 00:00:00+08:00,18.91,19.23,18.75,19.11,125366615560,0.0,0.0
2003-03-20 00:00:00+08:00,19.55,19.82,19.15,19.39,143544153548,0.0,0.0
2003-03-21 00:00:00+08:00,19.47,19.47,19.11,19.35,55634506417,0.0,0.0
2003-03-24 00:00:00+08:00,19.51,19.55,19.27,19.35,56761429212,0.0,0.0
2003-03-25 00:00:00+08:00,18.75,18.87,18.47,18.59,65069090229,0.0,0.0
2003-03-26 00:00:00+08:00,18.83,18.99,18.75,18.75,66753806613,0.0,0.0
2003-03-27 00:00:00+08:00,17.95,18.19,17.55,17.91,152417480863,0.0,0.0
2003-03-28 00:00:00+08:00,17.83,17.95,17.35,17.71,83406035690,0.0,0.0
2003-03-31 00:00:00+08:00,17.35,17.47,16.79,16.87,77543735402,0.0,0.0
2003-04-01 00:00:00+08:00,16.55,16.83,16.51,16.83,85137907165,0.0,0.0
2003-04-02 00:00:00+08:00,16.95,17.23,16.75,17.07,45530807291,0.0,0.0
2003-04-03 00:00:00+08:00,17.75,17.87,17.43,17.51,83089644783,0.0,0.0
2003-04-04 00:00:00+08:00,17.51,18.11,17.39,18.03,75165160133,0.0,0.0
2003-04-07 00:00:00+08:00,18.07,18.55,17.91,18.43,79856120398,0.0,0.0
2003-04-08 00:00:00+08:00,18.35,18.55,18.19,18.23,63372226608,0.0,0.0
2003-04-09 00:00:00+08:00,17.99,18.07,17.79,17.87,48875783259,0.0,0.0
2003-04-10 00:00:00+08:00,17.83,18.07,17.67,17.75,49287317610,0.0,0.0
2003-04-11 00:00:00+08:00,17.79,17.91,17.71,17.87,24538294367,0.0,0.0
2003-04-14 00:00:00+08:00,17.87,18.07,17.39,17.39,38926002352,0.0,0.0
2003-04-15 00:00:00+08:00,17.71,17.83,17.51,17.83,40375606106,0.0,0.0
2003-04-16 00:00:00+08:00,18.23,18.75,18.23,18.71,129519607395,0.0,0.0
2003-04-17 00:00:00+08:00,18.71,18.75,18.27,18.27,83916290022,0.0,0.0
2003-04-18 00:00:00+08:00,18.83,19.11,18.79,18.95,109353158050,0.0,0.0
2003-04-21 00:00:00+08:00,18.95,19.27,18.75,19.27,55647984710,0.0,0.0
2003-04-22 00:00:00+08:00,19.11,19.11,18.67,18.75,80199879114,0.0,0.0
2003-04-23 00:00:00+08:00,19.11,19.31,18.99,19.27,126460202439,0.0,0.0
2003-04-24 00:00:00+08:00,19.15,19.15,18.67,18.87,98290763199,0.0,0.0
2003-04-25 00:00:00+08:00,18.35,18.71,18.03,18.15,84724571018,0.0,0.0
2003-04-28 00:00:00+08:00,17.59,17.67,17.15,17.55,98643352334,0.0,0.0
2003-04-29 00:00:00+08:00,17.91,18.15,17.71,17.99,118886537594,0.0,0.0
2003-04-30 00:00:00+08:00,19.23,19.23,18.91,19.07,239182284642,0.0,0.0
2003-05-01 00:00:00+08:00,19.07,19.07,19.07,19.07,0,0.0,0.0
2003-05-02 00:00:00+08:00,19.03,19.31,19.03,19.27,83687050811,0.0,0.0
2003-05-05 00:00:00+08:00,19.35,19.55,19.27,19.35,91162699080,0.0,0.0
2003-05-06 00:00:00+08:00,19.35,19.51,18.99,19.07,70984042978,0.0,0.0
2003-05-07 00:00:00+08:00,19.15,19.19,18.87,19.03,61006929433,0.0,0.0
2003-05-08 00:00:00+08:00,18.95,18.95,18.63,18.63,42516871961,0.0,0.0
2003-05-09 00:00:00+08:00,18.67,19.07,18.67,18.95,47392932866,0.0,0.0
2003-05-12 00:00:00+08:00,19.23,19.39,19.15,19.27,77305595431,0.0,0.0
2003-05-13 00:00:00+08:00,19.62,19.86,19.55,19.62,78423898828,0.0,0.0
2003-05-14 00:00:00+08:00,19.55,19.62,19.47,19.62,61289822100,0.0,0.0
2003-05-15 00:00:00+08:00,19.62,19.74,19.47,19.74,49432034770,0.0,0.0
2003-05-16 00:00:00+08:00,19.86,19.94,19.47,19.47,67041985629,0.0,0.0
2003-05-19 00:00:00+08:00,19.47,19.59,19.23,19.51,49004700893,0.0,0.0
2003-05-20 00:00:00+08:00,19.07,19.27,18.99,19.15,45992883891,0.0,0.0
2003-05-21 00:00:00+08:00,19.15,19.19,18.99,19.15,72198636907,0.0,0.0
2003-05-22 00:00:00+08:00,19.03,19.31,18.91,19.15,69367556736,0.0,0.0
2003-05-23 00:00:00+08:00,19.31,19.67,19.23,19.59,77408027218,0.0,0.0
2003-05-26 00:00:00+08:00,19.74,19.9,19.74,19.86,52531668998,0.0,0.0
2003-05-27 00:00:00+08:00,19.86,19.9,19.67,19.67,46901118529,0.0,0.0
2003-05-28 00:00:00+08:00,20.14,20.54,20.14,20.14,111594385664,0.0,0.0
2003-05-29 00:00:00+08:00,20.34,20.74,20.34,20.74,140509421824,0.0,0.0
2003-05-30 00:00:00+08:00,20.74,21.94,20.74,21.34,150196284018,0.0,0.0
2003-06-02 00:00:00+08:00,21.94,22.74,21.74,22.54,142074007706,0.0,0.0
2003-06-03 00:00:00+08:00,22.34,22.54,22.14,22.34,77388158773,0.0,0.0
2003-06-04 00:00:00+08:00,22.34,22.34,22.34,22.34,0,0.0,0.0
2003-06-05 00:00:00+08:00,22.54,23.33,22.54,22.94,135359642257,0.0,0.0
2003-06-06 00:00:00+08:00,23.14,23.33,22.94,23.33,86426629004,0.0,0.0
2003-06-09 00:00:00+08:00,23.14,23.93,22.94,23.53,111310611036,0.0,0.0
2003-06-10 00:00:00+08:00,23.14,23.33,22.74,22.94,53176084025,0.0,0.0
2003-06-11 00:00:00+08:00,23.14,23.14,22.54,22.54,60828892589,0.0,0.0
2003-06-12 00:00:00+08:00,22.54,23.93,22.34,23.33,136477069104,0.0,0.0
2003-06-13 00:00:00+08:00,22.94,22.94,22.54,22.74,66954963790,0.0,0.0
2003-06-16 00:00:00+08:00,22.34,22.74,22.34,22.34,51793235972,0.0,0.0
2003-06-17 00:00:00+08:00,22.74,23.33,22.54,23.14,100960450135,0.0,0.0
2003-06-18 00:00:00+08:00,23.53,23.73,23.33,23.53,84217703845,0.0,0.0
2003-06-19 00:00:00+08:00,23.73,23.73,23.33,23.53,64311302785,0.0,0.0
2003-06-20 00:00:00+08:00,23.53,23.73,23.14,23.33,47996945477,0.0,0.0
2003-06-23 00:00:00+08:00,23.14,23.53,22.94,22.94,39969704393,0.0,0.0
2003-06-24 00:00:00+08:00,22.54,22.74,22.34,22.74,55692212560,0.0,0.0
2003-06-25 00:00:00+08:00,22.54,23.14,22.34,22.74,53202099134,0.0,0.0
2003-06-26 00:00:00+08:00,22.74,23.14,22.54,22.74,32158938451,0.0,0.0
2003-06-27 00:00:00+08:00,22.94,23.14,22.54,22.74,46451329847,0.0,0.0
2003-06-30 00:00:00+08:00,22.54,22.94,22.54,22.74,28406805466,0.0,0.0
2003-07-01 00:00:00+08:00,22.74,23.33,22.74,23.33,60523815656,0.0,0.0
2003-07-02 00:00:00+08:00,23.53,23.93,23.33,23.93,57313162709,0.0,0.0
2003-07-03 00:00:00+08:00,24.33,25.13,24.33,24.33,85603235654,0.0,0.0
2003-07-04 00:00:00+08:00,24.53,24.73,24.33,24.73,76343664050,0.0,0.0
2003-07-07 00:00:00+08:00,23.53,24.33,23.33,24.33,93530385024,0.0,1.08
2003-07-08 00:00:00+08:00,24.73,24.93,24.33,24.73,99411800454,0.0,0.0
2003-07-09 00:00:00+08:00,23.93,24.33,23.73,24.13,70019638063,0.0,0.0
2003-07-10 00:00:00+08:00,24.13,24.13,22.94,22.94,60270951107,0.0,0.0
2003-07-11 00:00:00+08:00,22.54,22.94,22.34,22.94,56009057175,0.0,0.0
2003-07-14 00:00:00+08:00,23.14,23.93,23.14,23.73,66079095337,0.0,0.0
2003-07-15 00:00:00+08:00,23.93,24.13,23.33,23.73,43450568707,0.0,0.0
2003-07-16 00:00:00+08:00,23.73,23.93,23.33,23.73,37579022970,0.0,0.0
2003-07-17 00:00:00+08:00,23.53,23.73,23.14,23.14,56681934796,0.0,0.0
2003-07-18 00:00:00+08:00,22.74,23.33,22.74,23.14,49861129963,0.0,0.0
2003-07-21 00:00:00+08:00,23.14,23.53,22.74,22.74,33956792885,0.0,0.0
2003-07-22 00:00:00+08:00,22.34,22.94,22.34,22.54,55617671227,0.0,0.0
2003-07-23 00:00:00+08:00,22.74,23.33,22.74,22.94,63373451654,0.0,0.0
2003-07-24 00:00:00+08:00,23.14,23.33,22.94,23.33,79735509542,0.0,0.0
2003-07-25 00:00:00+08:00,22.94,23.14,22.74,22.74,58440488710,0.0,0.0
2003-07-28 00:00:00+08:00,23.14,23.33,22.94,23.14,39421419179,0.0,0.0
2003-07-29 00:00:00+08:00,23.14,23.14,22.74,22.74,27504470801,0.0,0.0
2003-07-30 00:00:00+08:00,22.74,22.94,22.34,22.74,53640030158,0.0,0.0
2003-07-31 00:00:00+08:00,22.34,23.53,22.34,23.53,114120709746,0.0,0.0
2003-08-01 00:00:00+08:00,23.73,24.13,23.53,23.93,93000327378,0.0,0.0
2003-08-04 00:00:00+08:00,23.93,24.13,23.53,23.93,51672965192,0.0,0.0
2003-08-05 00:00:00+08:00,23.93,24.13,23.33,23.33,58083135669,0.0,0.0
2003-08-06 00:00:00+08:00,23.14,23.53,23.14,23.33,32957914783,0.0,0.0
2003-08-07 00:00:00+08:00,23.33,23.93,23.14,23.93,52379980930,0.0,0.0
2003-08-08 00:00:00+08:00,23.73,23.73,23.14,23.14,45816399346,0.0,0.0
2003-08-11 00:00:00+08:00,22.74,22.94,22.34,22.74,50757723974,0.0,0.0
2003-08-12 00:00:00+08:00,22.74,23.14,22.74,22.74,28211681929,0.0,0.0
2003-08-13 00:00:00+08:00,23.14,23.73,23.14,23.53,58787871858,0.0,0.0
2003-08-14 00:00:00+08:00,23.73,24.13,23.53,23.73,75356431788,0.0,0.0
2003-08-15 00:00:00+08:00,23.93,24.33,23.93,24.33,69231520500,0.0,0.0
2003-08-18 00:00:00+08:00,24.33,24.53,23.93,24.53,64299970375,0.0,0.0
2003-08-19 00:00:00+08:00,25.13,25.33,24.73,24.93,108214104053,0.0,0.0
2003-08-20 00:00:00+08:00,25.13,25.33,24.93,25.13,46342243584,0.0,0.0
2003-08-21 00:00:00+08:00,25.13,25.53,24.93,25.53,59475468849,0.0,0.0
2003-08-22 00:00:00+08:00,25.53,25.73,25.33,25.53,48475414989,0.0,0.0
2003-08-25 00:00:00+08:00,25.53,25.73,25.33,25.73,55161731471,0.0,0.0
2003-08-26 00:00:00+08:00,25.53,25.53,24.93,25.13,46839490762,0.0,0.0
2003-08-27 00:00:00+08:00,25.13,25.93,25.13,25.53,69312341766,0.0,0.0
2003-08-28 00:00:00+08:00,25.93,26.53,25.73,26.13,110860504524,0.0,0.0
2003-08-29 00:00:00+08:00,26.13,26.92,25.93,26.73,80557554802,0.0,0.0
2003-09-01 00:00:00+08:00,26.92,27.12,26.53,26.92,42394075642,0.0,0.0
2003-09-02 00:00:00+08:00,26.73,26.92,26.33,26.73,37245231943,0.0,0.0
2003-09-03 00:00:00+08:00,26.92,26.92,26.53,26.53,33790180436,0.0,0.0
2003-09-04 00:00:00+08:00,26.53,26.73,26.33,26.33,35047594406,0.0,0.0
2003-09-05 00:00:00+08:00,26.92,27.52,26.92,27.12,47028517936,0.0,0.0
2003-09-08 00:00:00+08:00,27.32,28.32,27.12,28.32,73586720610,0.0,0.0
2003-09-09 00:00:00+08:00,28.92,28.92,28.12,28.12,75344037056,0.0,0.0
2003-09-10 00:00:00+08:00,27.92,28.12,27.52,27.72,60459657641,0.0,0.0
2003-09-11 00:00:00+08:00,27.72,27.72,27.72,27.72,0,0.0,0.0
2003-09-12 00:00:00+08:00,27.32,27.52,27.12,27.12,52673822244,0.0,0.0
2003-09-15 00:00:00+08:00,27.12,27.12,26.53,26.73,44112319124,0.0,0.0
2003-09-16 00:00:00+08:00,26.33,27.32,26.33,27.32,62011519134,0.0,0.0
2003-09-17 00:00:00+08:00,27.72,28.72,27.72,28.52,106909841604,0.0,0.0
2003-09-18 00:00:00+08:00,28.32,28.52,27.92,28.12,50232185345,0.0,0.0
2003-09-19 00:00:00+08:00,28.12,28.32,27.52,27.52,40103307278,0.0,0.0
2003-09-22 00:00:00+08:00,27.32,27.32,26.92,26.92,44099438423,0.0,0.0
2003-09-23 00:00:00+08:00,26.73,27.12,26.53,27.12,40647723574,0.0,0.0
2003-09-24 00:00:00+08:00,27.12,27.12,26.73,27.12,39425352026,0.0,0.0
2003-09-25 00:00:00+08:00,26.53,26.73,26.33,26.53,45384682924,0.0,0.0
2003-09-26 00:00:00+08:00,26.53,26.73,26.13,26.33,49326898990,0.0,0.0
2003-09-29 00:00:00+08:00,26.33,26.92,26.13,26.53,44230610155,0.0,0.0
2003-09-30 00:00:00+08:00,26.53,26.92,26.53,26.53,25407273678,0.0,0.0
2003-10-01 00:00:00+08:00,26.53,26.73,26.33,26.53,24671014590,0.0,0.0
2003-10-02 00:00:00+08:00,26.92,27.32,26.73,27.32,39922120749,0.0,0.0
2003-10-03 00:00:00+08:00,27.52,27.92,27.12,27.92,52698696877,0.0,0.0
2003-10-06 00:00:00+08:00,28.52,28.52,27.92,28.32,63513105311,0.0,0.0
2003-10-07 00:00:00+08:00,28.32,28.32,27.52,27.92,56382722765,0.0,0.0
2003-10-08 00:00:00+08:00,27.92,28.12,27.52,27.72,42244647482,0.0,0.0
2003-10-09 00:00:00+08:00,27.32,27.72,27.12,27.52,46467769050,0.0,0.0
2003-10-10 00:00:00+08:00,27.52,27.52,27.52,27.52,0,0.0,0.0
2003-10-13 00:00:00+08:00,27.72,28.12,27.72,27.92,56550702943,0.0,0.0
2003-10-14 00:00:00+08:00,28.12,28.32,27.32,27.32,57016066502,0.0,0.0
2003-10-15 00:00:00+08:00,27.32,27.72,27.12,27.12,53098224070,0.0,0.0
2003-10-16 00:00:00+08:00,27.12,27.72,26.92,27.72,43381505903,0.0,0.0
2003-10-17 00:00:00+08:00,27.92,27.92,27.12,27.12,28499052832,0.0,0.0
2003-10-20 00:00:00+08:00,26.92,27.32,26.73,27.12,53462906736,0.0,0.0
2003-10-21 00:00:00+08:00,27.32,27.32,26.33,26.73,124954937727,0.0,0.0
2003-10-22 00:00:00+08:00,26.13,26.53,26.13,26.33,47089780175,0.0,0.0
2003-10-23 00:00:00+08:00,26.13,26.13,25.73,25.73,59432923957,0.0,0.0
2003-10-24 00:00:00+08:00,25.73,25.93,25.73,25.73,50638370824,0.0,0.0
2003-10-27 00:00:00+08:00,25.93,26.33,25.93,26.13,27947760315,0.0,0.0
2003-10-28 00:00:00+08:00,26.33,27.12,26.13,27.12,68341319245,0.0,0.0
2003-10-29 00:00:00+08:00,28.32,28.32,27.52,27.72,86353845379,0.0,0.0
2003-10-30 00:00:00+08:00,27.72,27.72,27.32,27.72,46748108423,0.0,0.0
2003-10-31 00:00:00+08:00,27.72,27.72,26.73,26.73,35997276847,0.0,0.0
2003-11-03 00:00:00+08:00,26.73,27.12,26.73,26.73,32278812241,0.0,0.0
2003-11-04 00:00:00+08:00,27.12,27.52,27.12,27.32,39473986569,0.0,0.0
2003-11-05 00:00:00+08:00,27.32,27.72,27.32,27.72,49296353040,0.0,0.0
2003-11-06 00:00:00+08:00,27.92,27.92,26.92,27.52,62787532546,0.0,0.0
2003-11-07 00:00:00+08:00,27.72,27.72,27.12,27.52,37384807945,0.0,0.0
2003-11-10 00:00:00+08:00,27.52,27.52,26.92,27.12,36922991463,0.0,0.0
2003-11-11 00:00:00+08:00,26.33,26.53,25.93,26.33,105287284048,0.0,0.0
2003-11-12 00:00:00+08:00,26.33,26.73,26.13,26.53,74206026336,0.0,0.0
2003-11-13 00:00:00+08:00,26.92,27.12,26.73,26.92,34684860629,0.0,0.0
2003-11-14 00:00:00+08:00,26.92,27.12,26.73,26.92,30487816093,0.0,0.0
2003-11-17 00:00:00+08:00,26.73,26.73,26.13,26.53,33994685995,0.0,0.0
2003-11-18 00:00:00+08:00,26.13,26.73,26.13,26.73,44979795035,0.0,0.0
2003-11-19 00:00:00+08:00,26.33,26.53,26.13,26.33,34973078221,0.0,0.0
2003-11-20 00:00:00+08:00,26.13,26.33,25.73,26.13,56741012676,0.0,0.0
2003-11-21 00:00:00+08:00,25.93,25.93,25.53,25.93,65098363442,0.0,0.0
2003-11-24 00:00:00+08:00,25.93,26.13,25.53,25.53,33096361030,0.0,0.0
2003-11-25 00:00:00+08:00,26.13,26.33,25.93,26.13,31656347712,0.0,0.0
2003-11-26 00:00:00+08:00,26.13,26.33,25.73,25.93,30805913305,0.0,0.0
2003-11-27 00:00:00+08:00,25.73,25.93,25.13,25.13,53578953289,0.0,0.0
2003-11-28 00:00:00+08:00,25.33,25.73,25.33,25.33,33359333249,0.0,0.0
2003-12-01 00:00:00+08:00,25.13,25.73,24.93,25.53,27982847827,0.0,0.0
2003-12-02 00:00:00+08:00,25.93,26.33,25.73,26.33,45087494933,0.0,0.0
2003-12-03 00:00:00+08:00,26.53,26.53,26.33,26.53,38394367360,0.0,0.0
2003-12-04 00:00:00+08:00,26.33,26.73,26.33,26.73,38222902730,0.0,0.0
2003-12-05 00:00:00+08:00,26.53,26.53,25.93,25.93,38966839637,0.0,0.0
2003-12-08 00:00:00+08:00,25.73,25.73,25.33,25.33,37655906378,0.0,0.0
2003-12-09 00:00:00+08:00,25.53,25.73,25.33,25.73,38300392348,0.0,0.0
2003-12-10 00:00:00+08:00,24.93,24.93,24.33,24.73,137454348315,0.0,0.0
2003-12-11 00:00:00+08:00,24.53,24.93,24.53,24.93,84341179424,0.0,0.0
2003-12-12 00:00:00+08:00,25.33,25.33,24.53,24.73,58444822358,0.0,0.0
2003-12-15 00:00:00+08:00,24.93,25.13,24.73,25.13,44587677627,0.0,0.0
2003-12-16 00:00:00+08:00,24.73,24.73,24.33,24.33,62468891749,0.0,0.0
2003-12-17 00:00:00+08:00,24.33,24.33,23.53,23.73,105078026508,0.0,0.0
2003-12-18 00:00:00+08:00,23.53,24.13,23.33,23.93,53048845543,0.0,0.0
2003-12-19 00:00:00+08:00,24.53,24.53,23.93,23.93,38567770859,0.0,0.0
2003-12-22 00:00:00+08:00,24.13,24.73,23.93,24.53,48458250740,0.0,0.0
2003-12-23 00:00:00+08:00,24.53,24.93,24.53,24.73,35672806918,0.0,0.0
2003-12-24 00:00:00+08:00,24.73,24.73,24.33,24.53,25285535769,0.0,0.0
2003-12-25 00:00:00+08:00,24.53,24.73,24.33,24.73,7210784224,0.0,0.0
2003-12-26 00:00:00+08:00,24.73,24.93,24.53,24.73,14701175109,0.0,0.0
2003-12-29 00:00:00+08:00,24.73,24.93,24.53,24.73,21356611224,0.0,0.0
2003-12-30 00:00:00+08:00,24.93,25.33,24.73,25.13,92688485147,0.0,0.0
2003-12-31 00:00:00+08:00,25.13,25.33,24.93,25.33,19860295564,0.0,0.0
2004-01-01 00:00:00+08:00,25.33,25.33,25.33,25.33,0,0.0,0.0
2004-01-02 00:00:00+08:00,25.33,26.13,25.33,26.13,75096573281,0.0,0.0
2004-01-05 00:00:00+08:00,26.13,26.33,25.93,26.33,40274020409,0.0,0.0
2004-01-06 00:00:00+08:00,26.33,26.53,25.93,26.33,42246846871,0.0,0.0
2004-01-07 00:00:00+08:00,26.33,26.53,25.93,26.13,57748718393,0.0,0.0
2004-01-08 00:00:00+08:00,26.33,26.53,26.13,26.13,35635863203,0.0,0.0
2004-01-09 00:00:00+08:00,26.73,26.92,26.53,26.92,72428198964,0.0,0.0
2004-01-12 00:00:00+08:00,26.92,27.12,26.53,26.92,32366304318,0.0,0.0
2004-01-13 00:00:00+08:00,27.12,27.12,26.73,26.92,31056560933,0.0,0.0
2004-01-14 00:00:00+08:00,26.73,27.12,26.53,26.73,39630308484,0.0,0.0
2004-01-15 00:00:00+08:00,26.92,26.92,26.33,26.73,43363600175,0.0,0.0
2004-01-16 00:00:00+08:00,26.73,26.92,26.53,26.53,32418385738,0.0,0.0
2004-01-19 00:00:00+08:00,26.53,26.53,26.53,26.53,0,0.0,0.0
2004-01-27 00:00:00+08:00,27.12,27.32,26.92,27.32,81458086671,0.0,0.0
2004-01-28 00:00:00+08:00,26.92,27.12,26.73,26.92,41273422056,0.0,0.0
2004-01-29 00:00:00+08:00,26.53,27.12,26.53,26.53,86873011292,0.0,0.0
2004-01-30 00:00:00+08:00,26.53,26.73,26.13,26.33,52905669859,0.0,0.0
2004-02-02 00:00:00+08:00,26.33,26.53,25.93,25.93,31620533751,0.0,0.0
2004-02-03 00:00:00+08:00,25.53,25.73,25.13,25.33,78128703415,0.0,0.0
2004-02-04 00:00:00+08:00,25.33,25.33,24.93,24.93,44442032014,0.0,0.0
2004-02-05 00:00:00+08:00,24.93,25.33,24.73,24.93,48073147328,0.0,0.0
2004-02-06 00:00:00+08:00,25.13,25.53,25.13,25.13,34788161750,0.0,0.0
2004-02-09 00:00:00+08:00,25.53,26.13,25.53,25.93,46450068732,0.0,0.0
2004-02-10 00:00:00+08:00,25.93,26.13,25.53,25.53,36529491296,0.0,0.0
2004-02-11 00:00:00+08:00,25.73,25.73,25.33,25.53,25306778155,0.0,0.0
2004-02-12 00:00:00+08:00,25.53,25.93,25.53,25.73,66227356167,0.0,0.0
2004-02-13 00:00:00+08:00,25.73,25.73,25.33,25.53,38525854722,0.0,0.0
2004-02-16 00:00:00+08:00,25.53,25.53,24.93,24.93,59737436564,0.0,0.0
2004-02-17 00:00:00+08:00,24.93,25.33,24.93,24.93,42890781741,0.0,0.0
2004-02-18 00:00:00+08:00,25.33,25.53,25.13,25.13,67158874865,0.0,0.0
2004-02-19 00:00:00+08:00,25.33,25.53,25.13,25.33,59513264264,0.0,0.0
2004-02-20 00:00:00+08:00,25.33,25.53,25.13,25.33,71642481189,0.0,0.0
2004-02-23 00:00:00+08:00,25.13,25.33,24.73,24.93,65118193009,0.0,0.0
2004-02-24 00:00:00+08:00,24.73,24.93,24.53,24.53,57056792765,0.0,0.0
2004-02-25 00:00:00+08:00,24.73,24.93,24.53,24.53,55758417063,0.0,0.0
2004-02-26 00:00:00+08:00,24.93,25.33,24.73,25.33,59569366206,0.0,0.0
2004-02-27 00:00:00+08:00,25.33,25.33,24.93,25.33,50344409270,0.0,0.0
2004-03-01 00:00:00+08:00,25.33,25.73,25.13,25.73,70684384459,0.0,0.0
2004-03-02 00:00:00+08:00,26.13,26.73,25.93,26.73,135451351653,0.0,0.0
2004-03-03 00:00:00+08:00,26.73,26.92,26.13,26.33,78815548906,0.0,0.0
2004-03-04 00:00:00+08:00,26.33,26.92,26.13,26.73,102016096914,0.0,0.0
2004-03-05 00:00:00+08:00,27.12,27.32,26.73,26.73,116491650582,0.0,0.0
2004-03-08 00:00:00+08:00,26.33,26.92,26.33,26.33,55670361361,0.0,0.0
2004-03-09 00:00:00+08:00,25.93,26.33,25.73,26.13,49940613560,0.0,0.0
2004-03-10 00:00:00+08:00,25.93,25.93,25.13,25.13,119262980330,0.0,0.0
2004-03-11 00:00:00+08:00,24.73,25.53,24.73,25.33,67802288695,0.0,0.0
2004-03-12 00:00:00+08:00,24.93,25.13,24.73,24.73,113946512162,0.0,0.0
2004-03-15 00:00:00+08:00,25.13,25.33,24.33,24.33,60407658886,0.0,0.0
2004-03-16 00:00:00+08:00,24.53,24.53,23.93,24.13,84634725148,0.0,0.0
2004-03-17 00:00:00+08:00,24.33,24.53,23.93,24.13,89454311868,0.0,0.0
2004-03-18 00:00:00+08:00,23.93,24.93,23.93,24.73,152536452257,0.0,0.0
2004-03-19 00:00:00+08:00,24.73,25.13,24.53,25.13,50284855440,0.0,0.0
2004-03-22 00:00:00+08:00,23.53,23.53,23.53,23.53,14709469158,0.0,0.0
2004-03-23 00:00:00+08:00,21.94,22.74,21.94,21.94,338383911337,0.0,0.0
2004-03-24 00:00:00+08:00,23.33,23.33,22.74,23.14,191804415239,0.0,0.0
2004-03-25 00:00:00+08:00,23.53,23.53,22.94,23.14,99468714016,0.0,0.0
2004-03-26 00:00:00+08:00,23.53,23.73,23.14,23.33,64095071532,0.0,0.0
2004-03-29 00:00:00+08:00,23.93,24.53,23.73,24.53,63163056845,0.0,0.0
2004-03-30 00:00:00+08:00,24.33,24.53,23.93,23.93,58881388456,0.0,0.0
2004-03-31 00:00:00+08:00,24.13,24.33,23.73,23.93,45705002070,0.0,0.0
2004-04-01 00:00:00+08:00,23.73,23.93,23.53,23.73,51577118946,0.0,0.0
2004-04-02 00:00:00+08:00,23.73,23.93,23.33,23.73,46253291094,0.0,0.0
2004-04-05 00:00:00+08:00,24.33,24.73,23.93,24.73,81636893451,0.0,0.0
2004-04-06 00:00:00+08:00,24.93,24.93,24.33,24.73,64074695876,0.0,0.0
2004-04-07 00:00:00+08:00,24.53,24.73,24.33,24.53,21580094650,0.0,0.0
2004-04-08 00:00:00+08:00,24.33,24.53,24.13,24.33,38234543457,0.0,0.0
2004-04-09 00:00:00+08:00,24.13,24.33,23.93,23.93,25151074974,0.0,0.0
2004-04-12 00:00:00+08:00,24.13,24.73,24.13,24.33,41585915587,0.0,0.0
2004-04-13 00:00:00+08:00,24.53,24.73,23.93,24.13,40807655192,0.0,0.0
2004-04-14 00:00:00+08:00,24.13,25.33,23.93,25.13,86126732211,0.0,0.0
2004-04-15 00:00:00+08:00,25.13,25.13,24.33,24.33,57452402141,0.0,0.0
2004-04-16 00:00:00+08:00,24.13,24.53,23.93,24.33,82229731365,0.0,0.0
2004-04-19 00:00:00+08:00,24.13,24.33,23.73,23.73,68277567038,0.0,0.0
2004-04-20 00:00:00+08:00,23.93,24.53,23.93,24.33,51785354447,0.0,0.0
2004-04-21 00:00:00+08:00,24.33,24.53,24.33,24.53,57984263385,0.0,0.0
2004-04-22 00:00:00+08:00,24.93,25.53,24.33,24.73,168975343453,0.0,0.0
2004-04-23 00:00:00+08:00,25.13,25.53,24.93,25.53,123657919733,0.0,0.0
2004-04-26 00:00:00+08:00,25.53,25.73,25.33,25.33,75043367117,0.0,0.0
2004-04-27 00:00:00+08:00,25.33,25.33,24.73,25.33,61855492809,0.0,0.0
2004-04-28 00:00:00+08:00,25.13,25.33,24.73,24.73,42400077618,0.0,0.0
2004-04-29 00:00:00+08:00,23.93,24.33,23.73,24.13,116496329919,0.0,0.0
2004-04-30 00:00:00+08:00,23.93,23.93,22.54,22.94,117918718068,0.0,0.0
2004-05-03 00:00:00+08:00,22.94,23.33,22.74,23.14,45051533177,0.0,0.0
2004-05-04 00:00:00+08:00,23.53,23.73,23.33,23.53,40181643586,0.0,0.0
2004-05-05 00:00:00+08:00,23.53,23.53,21.94,21.94,100411635466,0.0,0.0
2004-05-06 00:00:00+08:00,22.34,22.74,22.14,22.14,107086995086,0.0,0.0
2004-05-07 00:00:00+08:00,21.94,22.74,21.94,22.74,79685895545,0.0,0.0
2004-05-10 00:00:00+08:00,22.34,22.34,21.54,21.94,73920681977,0.0,0.0
2004-05-11 00:00:00+08:00,22.14,22.94,21.34,22.94,67254610891,0.0,0.0
2004-05-12 00:00:00+08:00,23.14,23.33,22.74,22.94,66123068077,0.0,0.0
2004-05-13 00:00:00+08:00,22.74,22.74,21.94,22.74,66581452711,0.0,0.0
2004-05-14 00:00:00+08:00,22.54,22.74,21.74,21.94,78750063240,0.0,0.0
2004-05-17 00:00:00+08:00,21.34,21.34,20.54,20.54,86322031900,0.0,0.0
2004-05-18 00:00:00+08:00,20.74,21.14,20.54,20.74,57083896847,0.0,0.0
2004-05-19 00:00:00+08:00,21.54,22.14,21.34,22.14,81206930528,0.0,0.0
2004-05-20 00:00:00+08:00,21.54,21.94,21.14,21.94,90653143947,0.0,0.0
2004-05-21 00:00:00+08:00,21.74,22.34,21.54,21.94,73720612771,0.0,0.0
2004-05-24 00:00:00+08:00,21.94,21.94,21.34,21.54,38600894452,0.0,0.0
2004-05-25 00:00:00+08:00,21.54,22.14,21.34,21.74,39175308103,0.0,0.0
2004-05-26 00:00:00+08:00,22.54,22.74,22.34,22.34,61119564380,0.0,0.0
2004-05-27 00:00:00+08:00,22.74,22.74,22.34,22.74,48113713271,0.0,0.0
2004-05-28 00:00:00+08:00,22.94,23.14,22.74,23.14,69947358842,0.0,0.0
2004-05-31 00:00:00+08:00,22.94,22.94,22.34,22.34,33106919598,0.0,0.0
2004-06-01 00:00:00+08:00,22.34,22.74,22.14,22.54,30231917989,0.0,0.0
2004-06-02 00:00:00+08:00,22.34,22.54,21.74,22.14,50458326574,0.0,0.0
2004-06-03 00:00:00+08:00,22.14,22.34,21.14,21.14,70389020107,0.0,0.0
2004-06-04 00:00:00+08:00,21.14,21.54,20.94,21.14,58741995319,0.0,0.0
2004-06-07 00:00:00+08:00,21.74,21.94,21.54,21.94,43261676803,0.0,0.0
2004-06-08 00:00:00+08:00,22.14,22.54,21.94,22.54,52369399817,0.0,0.0
2004-06-09 00:00:00+08:00,22.14,22.34,21.94,21.94,38013850599,0.0,0.0
2004-06-10 00:00:00+08:00,21.54,21.74,21.14,21.14,61053061685,0.0,0.0
2004-06-11 00:00:00+08:00,20.74,20.74,19.94,20.14,107893814967,0.0,0.0
2004-06-14 00:00:00+08:00,20.3,20.94,19.93,19.98,113316447664,0.53,1.14
2004-06-15 00:00:00+08:00,19.98,19.98,19.61,19.84,98036108718,0.0,0.0
2004-06-16 00:00:00+08:00,20.71,20.71,19.84,20.07,84062262225,0.0,0.0
2004-06-17 00:00:00+08:00,19.98,20.76,19.98,20.44,103497931522,0.0,0.0
2004-06-18 00:00:00+08:00,20.11,20.11,19.51,19.75,70348210608,0.0,0.0
2004-06-21 00:00:00+08:00,20.44,20.44,19.93,20.07,50995565009,0.0,0.0
2004-06-22 00:00:00+08:00,20.07,20.07,20.07,20.07,0,0.0,0.0
2004-06-23 00:00:00+08:00,20.11,21.22,20.11,21.08,109654288439,0.0,0.0
2004-06-24 00:00:00+08:00,21.36,21.36,21.08,21.13,46748331561,0.0,0.0
2004-06-25 00:00:00+08:00,21.13,21.36,21.04,21.31,35313966816,0.0,0.0
2004-06-28 00:00:00+08:00,21.27,21.36,20.76,21.18,34155088882,0.0,0.0
2004-06-29 00:00:00+08:00,20.99,21.27,20.9,21.27,31987220079,0.0,0.0
2004-06-30 00:00:00+08:00,21.68,22.33,21.68,22.33,84527539216,0.0,0.0
2004-07-01 00:00:00+08:00,22.38,22.51,22.19,22.33,40285560726,0.0,0.0
2004-07-02 00:00:00+08:00,21.36,21.59,21.22,21.31,70731377312,0.0,0.0
2004-07-05 00:00:00+08:00,20.76,20.99,20.58,20.67,36094475644,0.0,0.0
2004-07-06 00:00:00+08:00,20.67,21.22,20.67,21.22,25355314700,0.0,0.0
2004-07-07 00:00:00+08:00,20.53,20.76,20.44,20.62,51088649390,0.0,0.0
2004-07-08 00:00:00+08:00,20.76,21.13,20.71,20.76,43033971834,0.0,0.0
2004-07-09 00:00:00+08:00,20.9,21.27,20.71,21.22,41715881710,0.0,0.0
2004-07-12 00:00:00+08:00,21.22,21.22,20.53,20.67,50840377531,0.0,0.0
2004-07-13 00:00:00+08:00,20.39,20.53,20.3,20.39,48811729097,0.0,0.0
2004-07-14 00:00:00+08:00,20.53,20.67,20.35,20.39,43236498540,0.0,0.0
2004-07-15 00:00:00+08:00,19.93,20.02,19.51,19.84,93174519231,0.0,0.0
2004-07-16 00:00:00+08:00,19.38,19.93,19.38,19.61,62835198344,0.0,0.0
2004-07-19 00:00:00+08:00,19.51,19.61,19.28,19.47,49032212214,0.0,0.0
2004-07-20 00:00:00+08:00,19.24,19.42,19.15,19.15,66092901386,0.0,0.0
2004-07-21 00:00:00+08:00,19.51,20.25,19.42,20.02,77488231029,0.0,0.0
2004-07-22 00:00:00+08:00,19.38,20.07,19.38,19.98,87100386778,0.0,0.0
2004-07-23 00:00:00+08:00,19.84,20.11,19.7,19.75,39942737760,0.0,0.0
2004-07-26 00:00:00+08:00,19.15,19.24,18.87,18.87,75751311690,0.0,0.0
2004-07-27 00:00:00+08:00,18.87,19.51,18.78,19.24,70110776710,0.0,0.0
2004-07-28 00:00:00+08:00,19.38,19.61,19.19,19.24,66424442861,0.0,0.0
2004-07-29 00:00:00+08:00,19.24,19.33,18.91,18.91,57120501501,0.0,0.0
2004-07-30 00:00:00+08:00,19.7,19.98,19.51,19.79,113113363251,0.0,0.0
2004-08-02 00:00:00+08:00,19.79,19.84,19.56,19.75,52584771024,0.0,0.0
2004-08-03 00:00:00+08:00,19.84,20.35,19.79,20.3,71687761475,0.0,0.0
2004-08-04 00:00:00+08:00,20.11,20.3,19.98,20.21,50814051124,0.0,0.0
2004-08-05 00:00:00+08:00,20.3,20.9,19.98,20.76,74169013338,0.0,0.0
2004-08-06 00:00:00+08:00,20.53,20.76,20.21,20.3,58624417859,0.0,0.0
2004-08-09 00:00:00+08:00,19.84,20.21,19.79,19.98,61371221716,0.0,0.0
2004-08-10 00:00:00+08:00,19.98,20.11,19.88,19.98,21795900924,0.0,0.0
2004-08-11 00:00:00+08:00,20.21,20.48,20.21,20.21,60926838978,0.0,0.0
2004-08-12 00:00:00+08:00,20.02,20.21,19.88,20.21,32492619043,0.0,0.0
2004-08-13 00:00:00+08:00,19.93,20.35,19.93,20.21,36585159046,0.0,0.0
2004-08-16 00:00:00+08:00,20.16,20.16,20.02,20.02,25559606746,0.0,0.0
2004-08-17 00:00:00+08:00,20.11,20.25,20.11,20.21,18408142353,0.0,0.0
2004-08-18 00:00:00+08:00,20.21,20.85,20.11,20.67,77122155631,0.0,0.0
2004-08-19 00:00:00+08:00,21.04,21.64,21.04,21.59,100609360288,0.0,0.0
2004-08-20 00:00:00+08:00,21.45,21.59,21.36,21.41,51903182740,0.0,0.0
2004-08-23 00:00:00+08:00,21.41,21.82,21.41,21.68,44596241037,0.0,0.0
2004-08-24 00:00:00+08:00,21.68,21.68,21.68,21.68,0,0.0,0.0
2004-08-26 00:00:00+08:00,22.05,22.51,22.05,22.42,137066512391,0.0,0.0
2004-08-27 00:00:00+08:00,22.38,22.38,22.14,22.14,46286067066,0.0,0.0
2004-08-30 00:00:00+08:00,22.14,22.28,22.05,22.19,53305372453,0.0,0.0
2004-08-31 00:00:00+08:00,22.05,22.19,21.59,21.68,58552333124,0.0,0.0
2004-09-01 00:00:00+08:00,21.68,21.91,21.64,21.73,54005075237,0.0,0.0
2004-09-02 00:00:00+08:00,21.45,21.64,20.94,21.18,63918998808,0.0,0.0
2004-09-03 00:00:00+08:00,20.85,20.9,20.3,20.48,126728011270,0.0,0.0
2004-09-06 00:00:00+08:00,20.21,20.39,19.98,20.3,68694328141,0.0,0.0
2004-09-07 00:00:00+08:00,20.3,20.48,20.21,20.48,34033030082,0.0,0.0
2004-09-08 00:00:00+08:00,20.44,20.44,20.21,20.25,35283890157,0.0,0.0
2004-09-09 00:00:00+08:00,20.25,20.35,20.07,20.16,42881853941,0.0,0.0
2004-09-10 00:00:00+08:00,20.71,20.71,20.44,20.58,52491370462,0.0,0.0
2004-09-13 00:00:00+08:00,21.18,21.22,20.9,21.18,82727058838,0.0,0.0
2004-09-14 00:00:00+08:00,21.22,21.27,20.94,20.99,57759550350,0.0,0.0
2004-09-15 00:00:00+08:00,20.94,21.04,20.85,20.94,28846800196,0.0,0.0
2004-09-16 00:00:00+08:00,20.53,20.94,20.48,20.94,38571955299,0.0,0.0
2004-09-17 00:00:00+08:00,20.76,20.85,20.53,20.67,35446947013,0.0,0.0
2004-09-20 00:00:00+08:00,20.81,20.94,20.67,20.85,28751638685,0.0,0.0
2004-09-21 00:00:00+08:00,21.22,21.22,20.94,21.22,50264858982,0.0,0.0
2004-09-22 00:00:00+08:00,21.22,21.22,20.9,21.13,33621707955,0.0,0.0
2004-09-23 00:00:00+08:00,20.67,20.81,20.67,20.71,41734597832,0.0,0.0
2004-09-24 00:00:00+08:00,20.76,20.76,20.16,20.16,77032114486,0.0,0.0
2004-09-27 00:00:00+08:00,20.02,20.02,19.65,19.84,75683974052,0.0,0.0
2004-09-28 00:00:00+08:00,19.84,19.84,19.84,19.84,0,0.0,0.0
2004-09-29 00:00:00+08:00,19.61,20.07,19.61,19.7,40361650413,0.0,0.0
2004-09-30 00:00:00+08:00,19.88,20.16,19.88,19.98,44969847676,0.0,0.0
2004-10-01 00:00:00+08:00,20.25,20.53,20.11,20.53,44043250339,0.0,0.0
2004-10-04 00:00:00+08:00,20.76,20.99,20.71,20.99,86714251491,0.0,0.0
2004-10-05 00:00:00+08:00,20.99,20.99,20.81,20.9,47380051173,0.0,0.0
2004-10-06 00:00:00+08:00,20.9,20.99,20.53,20.76,51228958824,0.0,0.0
2004-10-07 00:00:00+08:00,20.9,20.9,20.35,20.76,47753789553,0.0,0.0
2004-10-08 00:00:00+08:00,20.16,20.35,19.79,19.98,98761848079,0.0,0.0
2004-10-11 00:00:00+08:00,19.75,19.93,19.65,19.75,38940151740,0.0,0.0
2004-10-12 00:00:00+08:00,19.75,19.93,19.65,19.65,55164258373,0.0,0.0
2004-10-13 00:00:00+08:00,19.75,19.79,19.61,19.65,31834946292,0.0,0.0
2004-10-14 00:00:00+08:00,19.61,19.88,19.51,19.7,47798054806,0.0,0.0
2004-10-15 00:00:00+08:00,19.61,19.7,19.47,19.61,42023999488,0.0,0.0
2004-10-18 00:00:00+08:00,19.7,19.75,19.47,19.47,25372937365,0.0,0.0
2004-10-19 00:00:00+08:00,19.7,19.93,19.65,19.84,36069093386,0.0,0.0
2004-10-20 00:00:00+08:00,19.84,19.98,19.75,19.75,45963440121,0.0,0.0
2004-10-21 00:00:00+08:00,19.61,20.07,19.61,19.93,43541046115,0.0,0.0
2004-10-22 00:00:00+08:00,20.3,20.3,19.93,19.93,47643991526,0.0,0.0
2004-10-25 00:00:00+08:00,19.93,19.93,19.93,19.93,0,0.0,0.0
2004-10-26 00:00:00+08:00,19.7,19.7,19.47,19.47,36858358653,0.0,0.0
2004-10-27 00:00:00+08:00,19.38,19.47,19.05,19.33,42310081250,0.0,0.0
2004-10-28 00:00:00+08:00,19.88,20.16,19.75,19.84,102666842616,0.0,0.0
2004-10-29 00:00:00+08:00,20.07,20.3,19.98,20.21,72732544402,0.0,0.0
2004-11-01 00:00:00+08:00,20.35,20.48,20.07,20.25,63414805282,0.0,0.0
2004-11-02 00:00:00+08:00,20.48,20.85,20.39,20.76,91234260777,0.0,0.0
2004-11-03 00:00:00+08:00,20.99,21.68,20.99,21.64,171405475533,0.0,0.0
2004-11-04 00:00:00+08:00,21.73,22.1,21.41,21.91,172666648797,0.0,0.0
2004-11-05 00:00:00+08:00,22.14,22.38,21.82,22.01,126636819579,0.0,0.0
2004-11-08 00:00:00+08:00,22.14,22.14,21.87,22.1,54924396034,0.0,0.0
2004-11-09 00:00:00+08:00,22.01,22.1,21.91,22.05,63245113030,0.0,0.0
2004-11-10 00:00:00+08:00,22.05,22.14,21.96,22.14,81425704318,0.0,0.0
2004-11-11 00:00:00+08:00,21.78,21.91,21.31,21.36,60703295059,0.0,0.0
2004-11-12 00:00:00+08:00,21.45,22.01,21.45,21.68,39705844004,0.0,0.0
2004-11-15 00:00:00+08:00,22.1,22.24,21.91,21.91,55523470022,0.0,0.0
2004-11-16 00:00:00+08:00,22.05,22.38,22.01,22.33,82531782324,0.0,0.0
2004-11-17 00:00:00+08:00,22.28,22.93,22.19,22.93,145949055570,0.0,0.0
2004-11-18 00:00:00+08:00,23.07,23.53,22.98,23.3,135703081123,0.0,0.0
2004-11-19 00:00:00+08:00,23.3,23.53,23.02,23.3,94392384566,0.0,0.0
2004-11-22 00:00:00+08:00,22.61,22.79,22.24,22.24,73892522380,0.0,0.0
2004-11-23 00:00:00+08:00,22.33,22.47,21.91,22.33,58128638244,0.0,0.0
2004-11-24 00:00:00+08:00,22.33,22.74,22.19,22.56,46604307007,0.0,0.0
2004-11-25 00:00:00+08:00,22.65,22.7,22.28,22.28,44418372009,0.0,0.0
2004-11-26 00:00:00+08:00,22.38,22.79,21.45,21.78,42229991004,0.0,0.0
2004-11-29 00:00:00+08:00,21.68,22.01,21.54,21.64,44086215739,0.0,0.0
2004-11-30 00:00:00+08:00,21.87,21.87,21.36,21.82,92781796853,0.0,0.0
2004-12-01 00:00:00+08:00,21.36,21.54,21.31,21.41,47480741449,0.0,0.0
2004-12-02 00:00:00+08:00,21.82,22.14,21.68,22.14,64620027794,0.0,0.0
2004-12-03 00:00:00+08:00,22.42,22.61,22.28,22.56,72926775765,0.0,0.0
2004-12-06 00:00:00+08:00,22.33,22.61,22.19,22.56,57341256884,0.0,0.0
2004-12-07 00:00:00+08:00,22.51,22.74,22.33,22.7,68897214941,0.0,0.0
2004-12-08 00:00:00+08:00,22.61,22.61,22.33,22.51,47607520997,0.0,0.0
2004-12-09 00:00:00+08:00,22.19,22.38,21.91,22.24,63210425407,0.0,0.0
2004-12-10 00:00:00+08:00,22.01,22.24,21.68,22.24,80976385652,0.0,0.0
2004-12-13 00:00:00+08:00,21.78,22.47,21.59,21.96,66565011387,0.0,0.0
2004-12-14 00:00:00+08:00,22.14,22.24,22.01,22.19,37938654785,0.0,0.0
2004-12-15 00:00:00+08:00,22.33,23.07,22.28,22.98,86281567427,0.0,0.0
2004-12-16 00:00:00+08:00,22.98,23.07,22.79,23.07,58561691185,0.0,0.0
2004-12-17 00:00:00+08:00,23.02,23.3,22.98,22.98,42662323757,0.0,0.0
2004-12-20 00:00:00+08:00,22.61,23.07,22.61,23.07,60753721438,0.0,0.0
2004-12-21 00:00:00+08:00,22.93,23.02,22.74,22.74,56773111485,0.0,0.0
2004-12-22 00:00:00+08:00,22.88,23.3,22.84,22.98,96826666077,0.0,0.0
2004-12-23 00:00:00+08:00,22.84,23.07,22.79,23.07,41782753860,0.0,0.0
2004-12-24 00:00:00+08:00,23.07,23.3,22.98,23.07,26070216099,0.0,0.0
2004-12-27 00:00:00+08:00,23.07,23.07,22.88,23.02,8412253410,0.0,0.0
2004-12-28 00:00:00+08:00,23.02,23.3,23.02,23.07,31476852253,0.0,0.0
2004-12-29 00:00:00+08:00,23.3,23.53,23.07,23.3,48221824340,0.0,0.0
2004-12-30 00:00:00+08:00,23.3,23.53,23.3,23.3,50723966064,0.0,0.0
2004-12-31 00:00:00+08:00,23.3,23.76,23.3,23.3,45287534302,0.0,0.0
2005-01-03 00:00:00+08:00,23.53,23.76,23.3,23.53,31140095998,0.0,0.0
2005-01-04 00:00:00+08:00,23.07,23.3,22.88,22.88,33197547587,0.0,0.0
2005-01-05 00:00:00+08:00,22.51,22.51,22.38,22.38,45343603622,0.0,0.0
2005-01-06 00:00:00+08:00,22.19,22.33,22.1,22.14,52027134231,0.0,0.0
2005-01-07 00:00:00+08:00,22.05,22.1,21.91,22.05,52145038772,0.0,0.0
2005-01-10 00:00:00+08:00,22.05,22.51,22.05,22.38,42064905324,0.0,0.0
2005-01-11 00:00:00+08:00,22.28,22.42,22.14,22.24,39142041694,0.0,0.0
2005-01-12 00:00:00+08:00,22.05,22.19,21.68,21.68,49071295621,0.0,0.0
2005-01-13 00:00:00+08:00,21.82,22.05,21.45,21.59,42903907522,0.0,0.0
2005-01-14 00:00:00+08:00,21.45,21.73,21.31,21.68,58380111429,0.0,0.0
2005-01-17 00:00:00+08:00,22.05,22.56,21.96,22.56,49625182164,0.0,0.0
2005-01-18 00:00:00+08:00,22.56,22.7,22.42,22.65,50467394471,0.0,0.0
2005-01-19 00:00:00+08:00,22.65,22.74,22.01,22.01,37326191436,0.0,0.0
2005-01-20 00:00:00+08:00,21.87,22.38,21.87,22.14,47151667938,0.0,0.0
2005-01-21 00:00:00+08:00,22.01,22.14,21.91,21.91,34275911505,0.0,0.0
2005-01-24 00:00:00+08:00,21.91,21.96,21.64,21.68,28352792508,0.0,0.0
2005-01-25 00:00:00+08:00,21.54,22.01,21.54,21.96,44250071829,0.0,0.0
2005-01-26 00:00:00+08:00,22.14,22.79,22.1,22.7,84585365094,0.0,0.0
2005-01-27 00:00:00+08:00,22.7,22.84,22.56,22.79,52258477265,0.0,0.0
2005-01-28 00:00:00+08:00,22.88,23.53,22.88,23.07,96812921013,0.0,0.0
2005-01-31 00:00:00+08:00,23.3,24.22,23.3,23.99,152370837131,0.0,0.0
2005-02-01 00:00:00+08:00,24.22,24.45,23.99,24.22,126248497378,0.0,0.0
2005-02-02 00:00:00+08:00,24.45,24.91,24.45,24.68,127649264280,0.0,0.0
2005-02-03 00:00:00+08:00,24.68,24.91,24.22,24.68,106363439154,0.0,0.0
2005-02-04 00:00:00+08:00,24.68,24.68,24.68,24.68,0,0.0,0.0
2005-02-14 00:00:00+08:00,25.14,25.6,24.91,25.14,166804805119,0.0,0.0
2005-02-15 00:00:00+08:00,25.14,25.6,25.14,25.37,72234208996,0.0,0.0
2005-02-16 00:00:00+08:00,25.37,25.37,24.68,25.14,45692838023,0.0,0.0
2005-02-17 00:00:00+08:00,25.14,25.14,24.45,24.68,51282538224,0.0,0.0
2005-02-18 00:00:00+08:00,24.68,25.14,24.45,24.91,72099015536,0.0,0.0
2005-02-21 00:00:00+08:00,24.91,25.14,24.68,25.14,33289870061,0.0,0.0
2005-02-22 00:00:00+08:00,24.91,25.14,24.68,24.91,30276297793,0.0,0.0
2005-02-23 00:00:00+08:00,24.68,24.91,24.22,24.68,63483267116,0.0,0.0
2005-02-24 00:00:00+08:00,24.45,24.68,24.22,24.45,45716173892,0.0,0.0
2005-02-25 00:00:00+08:00,24.91,25.37,24.91,25.37,100432106055,0.0,0.0
2005-02-28 00:00:00+08:00,25.37,25.37,25.37,25.37,0,0.0,0.0
2005-03-01 00:00:00+08:00,25.14,25.33,24.91,25.05,45611671886,0.0,0.0
2005-03-02 00:00:00+08:00,25.05,25.24,24.91,24.96,54573620253,0.0,0.0
2005-03-03 00:00:00+08:00,24.91,24.91,24.54,24.68,76743661371,0.0,0.0
2005-03-04 00:00:00+08:00,24.45,24.5,24.04,24.22,79686501453,0.0,0.0
2005-03-07 00:00:00+08:00,24.22,24.5,24.13,24.36,41530428744,0.0,0.0
2005-03-08 00:00:00+08:00,24.68,25.0,24.36,24.77,39390950305,0.0,0.0
2005-03-09 00:00:00+08:00,24.31,24.64,24.31,24.45,31971749198,0.0,0.0
2005-03-10 00:00:00+08:00,24.36,24.36,23.85,23.99,52766961183,0.0,0.0
2005-03-11 00:00:00+08:00,24.04,24.4,24.04,24.22,32535323155,0.0,0.0
2005-03-14 00:00:00+08:00,23.94,23.99,23.67,23.76,38227024463,0.0,0.0
2005-03-15 00:00:00+08:00,23.71,23.76,23.53,23.57,36182466008,0.0,0.0
2005-03-16 00:00:00+08:00,23.53,23.99,23.53,23.99,51111133328,0.0,0.0
2005-03-17 00:00:00+08:00,23.53,23.76,23.39,23.48,62232356540,0.0,0.0
2005-03-18 00:00:00+08:00,23.53,23.71,23.39,23.48,35101998612,0.0,0.0
2005-03-21 00:00:00+08:00,23.44,23.44,23.21,23.34,52954513236,0.0,0.0
2005-03-22 00:00:00+08:00,23.21,23.44,23.02,23.3,44011491777,0.0,0.0
2005-03-23 00:00:00+08:00,23.02,23.3,22.98,23.21,48383695519,0.0,0.0
2005-03-24 00:00:00+08:00,23.16,23.71,23.11,23.34,44706895386,0.0,0.0
2005-03-25 00:00:00+08:00,23.48,23.76,23.48,23.76,29554956414,0.0,0.0
2005-03-28 00:00:00+08:00,23.81,23.85,23.62,23.76,21578933118,0.0,0.0
2005-03-29 00:00:00+08:00,23.76,23.76,23.44,23.57,25286949476,0.0,0.0
2005-03-30 00:00:00+08:00,23.3,23.53,23.3,23.34,57722223499,0.0,0.0
2005-03-31 00:00:00+08:00,23.62,23.81,23.44,23.76,32289271146,0.0,0.0
2005-04-01 00:00:00+08:00,23.76,24.31,23.57,24.27,44872512425,0.0,0.0
2005-04-04 00:00:00+08:00,24.04,24.36,24.04,24.08,28863799283,0.0,0.0
2005-04-05 00:00:00+08:00,24.08,24.08,24.08,24.08,0,0.0,0.0
2005-04-06 00:00:00+08:00,23.9,24.13,23.76,23.76,32716072938,0.0,0.0
2005-04-07 00:00:00+08:00,23.76,24.04,23.71,23.71,50403640211,0.0,0.0
2005-04-08 00:00:00+08:00,23.99,24.13,23.81,24.13,38373156886,0.0,0.0
2005-04-11 00:00:00+08:00,24.22,24.22,23.94,23.94,30677941288,0.0,0.0
2005-04-12 00:00:00+08:00,23.76,24.17,23.76,24.13,19729611654,0.0,0.0
2005-04-13 00:00:00+08:00,24.13,24.27,23.99,24.22,21487076131,0.0,0.0
2005-04-14 00:00:00+08:00,23.85,23.85,23.62,23.67,49927797525,0.0,0.0
2005-04-15 00:00:00+08:00,23.44,23.94,23.3,23.67,52396006947,0.0,0.0
2005-04-18 00:00:00+08:00,23.3,23.3,23.07,23.21,82500076458,0.0,0.0
2005-04-19 00:00:00+08:00,23.11,23.3,23.02,23.11,53314278200,0.0,0.0
2005-04-20 00:00:00+08:00,23.53,23.53,23.02,23.11,36464252987,0.0,0.0
2005-04-21 00:00:00+08:00,22.7,23.16,22.65,22.88,69457763228,0.0,0.0
2005-04-22 00:00:00+08:00,23.11,23.21,22.88,22.88,47564687339,0.0,0.0
2005-04-25 00:00:00+08:00,22.88,23.02,22.77,22.98,26072543538,0.0,0.0
2005-04-26 00:00:00+08:00,23.07,23.9,23.04,23.81,61575799203,0.0,0.0
2005-04-27 00:00:00+08:00,24.04,24.08,23.67,24.08,65262914721,0.0,0.0
2005-04-28 00:00:00+08:00,23.99,24.45,23.76,24.45,50355185568,0.0,0.0
2005-04-29 00:00:00+08:00,24.08,24.08,23.85,23.94,34023149445,0.0,0.0
2005-05-02 00:00:00+08:00,23.94,23.94,23.94,23.94,0,0.0,0.0
2005-05-03 00:00:00+08:00,24.08,24.5,24.08,24.13,48265716324,0.0,0.0
2005-05-04 00:00:00+08:00,24.13,24.45,24.13,24.22,31220693450,0.0,0.0
2005-05-05 00:00:00+08:00,24.5,25.1,24.5,24.87,69078812263,0.0,0.0
2005-05-06 00:00:00+08:00,24.87,25.24,24.77,25.19,58038276527,0.0,0.0
2005-05-09 00:00:00+08:00,25.19,25.24,24.87,25.24,51938652030,0.0,0.0
2005-05-10 00:00:00+08:00,25.24,25.37,25.0,25.24,41962019351,0.0,0.0
2005-05-11 00:00:00+08:00,24.68,24.82,24.36,24.73,53146597206,0.0,0.0
2005-05-12 00:00:00+08:00,24.82,25.14,24.77,25.14,56783075558,0.0,0.0
2005-05-13 00:00:00+08:00,25.05,25.47,25.0,25.28,64807210969,0.0,0.0
2005-05-16 00:00:00+08:00,25.37,25.42,25.14,25.28,36327799197,0.0,0.0
2005-05-17 00:00:00+08:00,25.28,25.37,25.0,25.05,34232561857,0.0,0.0
2005-05-18 00:00:00+08:00,25.05,25.37,24.96,25.33,42082145938,0.0,0.0
2005-05-19 00:00:00+08:00,25.6,26.07,25.6,26.02,111472123607,0.0,0.0
2005-05-20 00:00:00+08:00,25.84,26.16,25.84,26.07,49192818671,0.0,0.0
2005-05-23 00:00:00+08:00,25.97,25.97,25.33,25.47,26781931543,0.0,0.0
2005-05-24 00:00:00+08:00,25.47,26.16,25.42,26.02,58410723837,0.0,0.0
2005-05-25 00:00:00+08:00,26.02,26.25,25.65,25.74,57040854785,0.0,0.0
2005-05-26 00:00:00+08:00,25.74,25.88,25.51,25.84,45060152305,0.0,0.0
2005-05-27 00:00:00+08:00,25.88,26.25,25.88,26.2,44665914896,0.0,0.0
2005-05-30 00:00:00+08:00,26.07,26.16,25.93,26.16,28950202158,0.0,0.0
2005-05-31 00:00:00+08:00,26.11,26.34,25.93,26.25,78869368398,0.0,0.0
2005-06-01 00:00:00+08:00,25.97,26.16,25.74,25.79,57861588784,0.0,0.0
2005-06-02 00:00:00+08:00,26.02,26.3,26.02,26.25,67194816351,0.0,0.0
2005-06-03 00:00:00+08:00,26.34,26.67,26.25,26.62,65016333549,0.0,0.0
2005-06-06 00:00:00+08:00,26.53,26.8,26.43,26.8,59845128818,0.0,0.0
2005-06-07 00:00:00+08:00,26.76,26.76,26.39,26.53,75422326007,0.0,0.0
2005-06-08 00:00:00+08:00,26.62,26.99,26.62,26.85,84948744176,0.0,0.0
2005-06-09 00:00:00+08:00,26.99,26.99,26.43,26.76,56691036329,0.0,0.0
2005-06-10 00:00:00+08:00,26.9,26.99,26.67,26.8,105148682926,0.0,0.0
2005-06-13 00:00:00+08:00,27.17,27.57,26.92,27.42,69491925975,1.9,1.05
2005-06-14 00:00:00+08:00,27.52,27.67,27.37,27.42,44913267908,0.0,0.0
2005-06-15 00:00:00+08:00,27.42,27.67,27.37,27.67,45102875760,0.0,0.0
2005-06-16 00:00:00+08:00,27.87,28.18,27.67,28.13,49491777256,0.0,0.0
2005-06-17 00:00:00+08:00,28.18,28.93,28.13,28.58,53602356374,0.0,0.0
2005-06-20 00:00:00+08:00,28.58,28.68,28.28,28.63,43774458123,0.0,0.0
2005-06-21 00:00:00+08:00,28.63,28.63,28.08,28.08,29415958543,0.0,0.0
2005-06-22 00:00:00+08:00,28.18,28.78,28.18,28.63,41546281468,0.0,0.0
2005-06-23 00:00:00+08:00,28.83,28.93,28.68,28.78,49408583340,0.0,0.0
2005-06-24 00:00:00+08:00,28.68,28.73,28.38,28.48,37381755119,0.0,0.0
2005-06-27 00:00:00+08:00,28.28,28.43,27.98,28.43,33091091201,0.0,0.0
2005-06-28 00:00:00+08:00,28.33,28.43,28.08,28.38,32658503329,0.0,0.0
2005-06-29 00:00:00+08:00,28.63,28.63,27.57,27.62,119284584828,0.0,0.0
2005-06-30 00:00:00+08:00,27.92,28.03,27.57,27.72,42307439722,0.0,0.0
2005-07-01 00:00:00+08:00,27.72,28.03,27.42,28.03,20424031174,0.0,0.0
2005-07-04 00:00:00+08:00,27.87,28.13,27.67,27.72,19522557421,0.0,0.0
2005-07-05 00:00:00+08:00,27.72,27.72,27.37,27.37,20550143649,0.0,0.0
2005-07-06 00:00:00+08:00,27.47,27.57,27.27,27.47,53365764787,0.0,0.0
2005-07-07 00:00:00+08:00,27.47,27.57,26.92,27.47,60616153071,0.0,0.0
2005-07-08 00:00:00+08:00,27.27,27.32,27.02,27.07,72912106836,0.0,0.0
2005-07-11 00:00:00+08:00,27.42,28.58,27.42,28.58,108679945147,0.0,0.0
2005-07-12 00:00:00+08:00,28.68,29.08,28.68,28.73,76117239035,0.0,0.0
2005-07-13 00:00:00+08:00,28.68,28.83,28.48,28.58,47584695158,0.0,0.0
2005-07-14 00:00:00+08:00,28.68,28.73,28.28,28.68,30317490848,0.0,0.0
2005-07-15 00:00:00+08:00,28.73,28.78,28.43,28.48,27211882278,0.0,0.0
2005-07-18 00:00:00+08:00,28.48,28.48,28.48,28.48,0,0.0,0.0
2005-07-19 00:00:00+08:00,28.38,28.48,28.18,28.28,31257029623,0.0,0.0
2005-07-20 00:00:00+08:00,28.33,28.83,28.28,28.38,65479613711,0.0,0.0
2005-07-21 00:00:00+08:00,28.03,28.88,28.03,28.38,63424102491,0.0,0.0
2005-07-22 00:00:00+08:00,28.38,28.63,27.98,28.63,43749540098,0.0,0.0
2005-07-25 00:00:00+08:00,28.43,28.43,28.18,28.23,24601317660,0.0,0.0
2005-07-26 00:00:00+08:00,28.18,28.68,27.98,27.98,66825500732,0.0,0.0
2005-07-27 00:00:00+08:00,27.17,27.52,26.67,26.72,122266751309,0.0,0.0
2005-07-28 00:00:00+08:00,26.77,27.12,26.57,27.12,76499842386,0.0,0.0
2005-07-29 00:00:00+08:00,27.17,27.42,26.77,26.77,41934635454,0.0,0.0
2005-08-01 00:00:00+08:00,26.77,27.12,26.72,26.82,18557408454,0.0,0.0
2005-08-02 00:00:00+08:00,27.12,27.62,26.97,27.62,45061843410,0.0,0.0
2005-08-03 00:00:00+08:00,27.92,28.23,27.72,28.13,59730275041,0.0,0.0
2005-08-04 00:00:00+08:00,28.13,28.13,27.52,27.52,36365791448,0.0,0.0
2005-08-08 00:00:00+08:00,26.97,27.12,26.82,26.87,70687652410,0.0,0.0
2005-08-09 00:00:00+08:00,26.77,26.97,26.57,26.67,60719869436,0.0,0.0
2005-08-10 00:00:00+08:00,26.87,27.07,26.47,26.57,49252872868,0.0,0.0
2005-08-11 00:00:00+08:00,26.67,26.97,26.62,26.97,33853893091,0.0,0.0
2005-08-12 00:00:00+08:00,27.02,27.32,26.92,26.97,38507261071,0.0,0.0
2005-08-15 00:00:00+08:00,26.82,26.87,26.16,26.67,51535837393,0.0,0.0
2005-08-16 00:00:00+08:00,26.87,26.87,26.47,26.67,31214533475,0.0,0.0
2005-08-17 00:00:00+08:00,26.42,26.67,26.32,26.52,40079514004,0.0,0.0
2005-08-18 00:00:00+08:00,26.52,26.67,26.16,26.16,38514103281,0.0,0.0
2005-08-19 00:00:00+08:00,26.06,26.06,25.71,25.96,42894422739,0.0,0.0
2005-08-22 00:00:00+08:00,26.11,26.26,26.01,26.16,21801291569,0.0,0.0
2005-08-23 00:00:00+08:00,26.16,26.37,26.11,26.16,28805441837,0.0,0.0
2005-08-24 00:00:00+08:00,26.06,26.06,25.81,25.91,27495679260,0.0,0.0
2005-08-25 00:00:00+08:00,25.76,26.21,25.71,26.06,23316013057,0.0,0.0
2005-08-26 00:00:00+08:00,26.06,26.77,26.01,26.57,37548418982,0.0,0.0
2005-08-29 00:00:00+08:00,26.32,26.42,25.71,25.81,38574733797,0.0,0.0
2005-08-30 00:00:00+08:00,26.11,26.11,25.71,25.71,47672464489,0.0,0.0
2005-08-31 00:00:00+08:00,25.71,27.17,25.71,27.17,60381322224,0.0,0.0
2005-09-01 00:00:00+08:00,27.17,27.17,27.17,27.17,0,0.0,0.0
2005-09-02 00:00:00+08:00,26.67,26.77,26.32,26.47,60075576635,0.0,0.0
2005-09-05 00:00:00+08:00,26.37,26.47,26.21,26.21,24361010117,0.0,0.0
2005-09-06 00:00:00+08:00,26.42,26.52,26.21,26.26,19749540219,0.0,0.0
2005-09-07 00:00:00+08:00,26.21,26.32,26.11,26.16,16220889832,0.0,0.0
2005-09-08 00:00:00+08:00,26.16,26.37,26.06,26.11,22802431148,0.0,0.0
2005-09-09 00:00:00+08:00,26.21,26.37,25.91,25.96,28265634941,0.0,0.0
2005-09-12 00:00:00+08:00,26.42,26.67,26.32,26.52,48137107447,0.0,0.0
2005-09-13 00:00:00+08:00,26.52,26.97,26.52,26.92,80149601150,0.0,0.0
2005-09-14 00:00:00+08:00,26.92,27.12,26.87,27.12,47095472940,0.0,0.0
2005-09-15 00:00:00+08:00,27.07,27.17,26.82,27.12,35857932990,0.0,0.0
2005-09-16 00:00:00+08:00,27.12,27.22,26.47,26.47,48407006712,0.0,0.0
2005-09-19 00:00:00+08:00,26.47,26.92,26.32,26.77,38608752463,0.0,0.0
2005-09-20 00:00:00+08:00,26.57,27.17,26.42,26.97,48550504926,0.0,0.0
2005-09-21 00:00:00+08:00,26.97,26.97,26.72,26.97,17546722820,0.0,0.0
2005-09-22 00:00:00+08:00,26.57,26.62,26.11,26.21,66175382015,0.0,0.0
2005-09-23 00:00:00+08:00,25.96,26.16,25.61,25.86,38302580282,0.0,0.0
2005-09-26 00:00:00+08:00,25.91,26.11,25.41,25.66,41551404761,0.0,0.0
2005-09-27 00:00:00+08:00,25.71,26.01,25.61,25.91,40158053043,0.0,0.0
2005-09-28 00:00:00+08:00,25.81,26.01,25.46,25.76,36602111187,0.0,0.0
2005-09-29 00:00:00+08:00,26.67,27.19,26.56,27.14,50183179,0.0,0.0
2005-09-30 00:00:00+08:00,27.34,27.76,27.29,27.76,52606810,0.0,0.0
2005-10-03 00:00:00+08:00,27.81,27.81,27.45,27.5,37066503,0.0,0.0
2005-10-04 00:00:00+08:00,27.6,28.12,27.6,28.12,61584074,0.0,0.0
2005-10-05 00:00:00+08:00,28.12,28.54,28.12,28.23,65270754,0.0,0.0
2005-10-06 00:00:00+08:00,28.02,28.07,27.86,27.97,31700637,0.0,0.0
2005-10-07 00:00:00+08:00,27.81,28.23,27.81,28.07,39124185,0.0,0.0
2005-10-10 00:00:00+08:00,28.07,28.07,28.07,28.07,0,0.0,0.0
2005-10-11 00:00:00+08:00,27.97,27.97,27.45,27.55,34435849,0.0,0.0
2005-10-12 00:00:00+08:00,27.29,27.29,26.93,26.98,49680260,0.0,0.0
2005-10-13 00:00:00+08:00,26.82,26.87,26.67,26.77,36270824,0.0,0.0
2005-10-14 00:00:00+08:00,26.93,27.03,26.56,26.61,40166618,0.0,0.0
2005-10-17 00:00:00+08:00,26.61,26.67,26.09,26.09,37037227,0.0,0.0
2005-10-18 00:00:00+08:00,26.3,26.77,26.25,26.3,35050644,0.0,0.0
2005-10-19 00:00:00+08:00,26.09,26.09,25.81,25.81,58063640,0.0,0.0
2005-10-20 00:00:00+08:00,25.83,26.3,25.52,26.2,53103456,0.0,0.0
2005-10-21 00:00:00+08:00,25.36,25.91,25.36,25.62,32710658,0.0,0.0
2005-10-24 00:00:00+08:00,25.99,26.41,25.94,26.2,43110943,0.0,0.0
2005-10-25 00:00:00+08:00,26.82,26.87,26.46,26.46,37500414,0.0,0.0
2005-10-26 00:00:00+08:00,26.46,26.82,26.25,26.46,28925694,0.0,0.0
2005-10-27 00:00:00+08:00,26.04,26.35,25.78,25.83,34633461,0.0,0.0
2005-10-28 00:00:00+08:00,26.09,26.93,26.09,26.25,64097625,0.0,0.0
2005-10-31 00:00:00+08:00,26.93,27.34,26.67,27.08,63756769,0.0,0.0
2005-11-01 00:00:00+08:00,27.34,27.34,26.98,26.98,27323881,0.0,0.0
2005-11-02 00:00:00+08:00,27.24,27.5,27.14,27.45,38550167,0.0,0.0
2005-11-03 00:00:00+08:00,27.76,27.92,27.71,27.86,50505214,0.0,0.0
2005-11-04 00:00:00+08:00,28.12,28.33,28.07,28.23,61786915,0.0,0.0
2005-11-07 00:00:00+08:00,28.23,28.33,28.02,28.33,42838049,0.0,0.0
2005-11-08 00:00:00+08:00,28.33,28.39,28.07,28.39,42921695,0.0,0.0
2005-11-09 00:00:00+08:00,28.33,28.85,28.28,28.8,74806353,0.0,0.0
2005-11-10 00:00:00+08:00,29.01,29.17,28.85,29.11,69350569,0.0,0.0
2005-11-11 00:00:00+08:00,29.17,29.69,29.17,29.69,96114025,0.0,0.0
2005-11-14 00:00:00+08:00,29.48,29.79,29.37,29.69,62320156,0.0,0.0
2005-11-15 00:00:00+08:00,29.17,29.69,29.17,29.69,56931288,0.0,0.0
2005-11-16 00:00:00+08:00,29.69,29.79,28.91,29.58,36987039,0.0,0.0
2005-11-17 00:00:00+08:00,29.58,29.58,28.96,29.22,27130451,0.0,0.0
2005-11-18 00:00:00+08:00,29.69,29.9,29.64,29.74,52759463,0.0,0.0
2005-11-21 00:00:00+08:00,29.95,30.36,29.95,30.16,67668246,0.0,0.0
2005-11-22 00:00:00+08:00,30.16,30.21,29.84,30.21,35614206,0.0,0.0
2005-11-23 00:00:00+08:00,30.73,31.35,30.62,31.09,99635505,0.0,0.0
2005-11-24 00:00:00+08:00,31.09,31.25,30.94,31.09,61217079,0.0,0.0
2005-11-25 00:00:00+08:00,31.09,31.09,30.73,30.78,23042272,0.0,0.0
2005-11-28 00:00:00+08:00,31.04,31.2,30.89,30.99,29944080,0.0,0.0
2005-11-29 00:00:00+08:00,30.31,30.89,30.1,30.1,38924481,0.0,0.0
2005-11-30 00:00:00+08:00,30.42,31.15,30.42,30.99,52173944,0.0,0.0
2005-12-01 00:00:00+08:00,30.99,31.25,30.89,30.89,57002387,0.0,0.0
2005-12-02 00:00:00+08:00,31.35,31.67,31.3,31.56,72773765,0.0,0.0
2005-12-05 00:00:00+08:00,31.77,32.29,31.41,32.29,46885451,0.0,0.0
2005-12-06 00:00:00+08:00,31.46,32.66,31.46,32.55,59293230,0.0,0.0
2005-12-07 00:00:00+08:00,32.55,33.07,32.24,32.55,43699599,0.0,0.0
2005-12-08 00:00:00+08:00,32.55,32.55,31.77,32.14,38101617,0.0,0.0
2005-12-09 00:00:00+08:00,31.82,31.87,31.41,31.67,41409801,0.0,0.0
2005-12-12 00:00:00+08:00,31.67,31.98,31.3,31.87,32498407,0.0,0.0
2005-12-13 00:00:00+08:00,31.87,32.29,31.56,32.29,45184308,0.0,0.0
2005-12-14 00:00:00+08:00,32.08,32.08,31.61,31.82,47646626,0.0,0.0
2005-12-15 00:00:00+08:00,31.77,31.77,31.46,31.72,32392805,0.0,0.0
2005-12-16 00:00:00+08:00,31.77,32.45,31.77,32.29,43199817,0.0,0.0
2005-12-19 00:00:00+08:00,32.4,32.55,32.19,32.55,36789427,0.0,0.0
2005-12-20 00:00:00+08:00,32.29,32.45,32.14,32.45,26550159,0.0,0.0
2005-12-21 00:00:00+08:00,32.5,32.81,32.34,32.81,33167572,0.0,0.0
2005-12-22 00:00:00+08:00,31.95,31.95,31.25,31.35,21024968367,0.0,0.0
2005-12-23 00:00:00+08:00,32.71,33.28,32.5,33.28,35697852,0.0,0.0
2005-12-26 00:00:00+08:00,32.2,32.2,31.5,32.1,12674941534,0.0,0.0
2005-12-27 00:00:00+08:00,33.23,33.49,32.92,33.23,21372497,0.0,0.0
2005-12-28 00:00:00+08:00,32.6,33.07,32.6,33.07,20573681,0.0,0.0
2005-12-29 00:00:00+08:00,33.07,33.07,32.6,32.81,55692287,0.0,0.0
2005-12-30 00:00:00+08:00,32.76,32.81,32.45,32.55,29157811,0.0,0.0
2006-01-02 00:00:00+08:00,32.19,32.19,31.25,31.77,30366490,0.0,0.0
2006-01-03 00:00:00+08:00,31.77,32.76,31.51,32.76,71325650,0.0,0.0
2006-01-04 00:00:00+08:00,32.86,33.02,32.29,33.02,55262558,0.0,0.0
2006-01-05 00:00:00+08:00,33.02,33.33,32.6,33.33,44492141,0.0,0.0
2006-01-06 00:00:00+08:00,33.75,34.11,33.7,34.11,68933386,0.0,0.0
2006-01-09 00:00:00+08:00,34.43,35.62,34.43,35.47,78626866,0.0,0.0
2006-01-10 00:00:00+08:00,35.42,35.42,34.48,34.74,46107547,0.0,0.0
2006-01-11 00:00:00+08:00,34.37,34.37,33.39,34.27,69942361,0.0,0.0
2006-01-12 00:00:00+08:00,34.64,34.64,33.91,34.11,48264558,0.0,0.0
2006-01-13 00:00:00+08:00,33.75,33.85,33.23,33.59,38442473,0.0,0.0
2006-01-16 00:00:00+08:00,33.23,33.49,33.07,33.28,37459637,0.0,0.0
2006-01-17 00:00:00+08:00,33.39,34.01,33.39,33.65,39285202,0.0,0.0
2006-01-18 00:00:00+08:00,32.29,32.66,31.98,32.08,82601078,0.0,0.0
2006-01-19 00:00:00+08:00,32.19,32.86,31.93,32.29,54131251,0.0,0.0
2006-01-20 00:00:00+08:00,32.81,32.81,32.34,32.55,36743422,0.0,0.0
2006-01-23 00:00:00+08:00,32.08,32.4,31.98,32.19,28493874,0.0,0.0
2006-01-24 00:00:00+08:00,32.19,32.6,32.14,32.24,40324499,0.0,0.0
2006-01-25 00:00:00+08:00,32.81,33.07,32.45,33.07,41525859,0.0,0.0
2006-02-03 00:00:00+08:00,33.33,33.59,32.45,33.02,82349095,0.0,0.0
2006-02-06 00:00:00+08:00,32.81,34.64,32.08,34.64,54588165,0.0,0.0
2006-02-07 00:00:00+08:00,33.33,34.01,33.33,33.85,41847894,0.0,0.0
2006-02-08 00:00:00+08:00,33.85,33.85,32.81,32.86,36292781,0.0,0.0
2006-02-09 00:00:00+08:00,33.33,33.44,32.6,32.81,38461293,0.0,0.0
2006-02-10 00:00:00+08:00,32.81,32.86,32.29,32.6,39062496,0.0,0.0
2006-02-13 00:00:00+08:00,32.34,32.66,32.29,32.5,27026939,0.0,0.0
2006-02-14 00:00:00+08:00,32.29,32.45,32.08,32.45,48076355,0.0,0.0
2006-02-15 00:00:00+08:00,32.55,32.55,31.82,31.93,38611855,0.0,0.0
2006-02-16 00:00:00+08:00,32.24,32.76,32.08,32.5,44765035,0.0,0.0
2006-02-17 00:00:00+08:00,32.55,32.76,32.08,32.14,33274220,0.0,0.0
2006-02-20 00:00:00+08:00,32.03,32.66,31.98,32.66,23522189,0.0,0.0
2006-02-21 00:00:00+08:00,32.76,32.92,32.29,32.34,32982506,0.0,0.0
2006-02-22 00:00:00+08:00,32.5,32.66,31.93,32.24,37527599,0.0,0.0
2006-02-23 00:00:00+08:00,32.14,32.19,31.51,31.67,43459118,0.0,0.0
2006-02-24 00:00:00+08:00,31.67,31.93,31.41,31.77,46726524,0.0,0.0
2006-02-27 00:00:00+08:00,31.77,31.77,31.41,31.72,45298276,0.0,0.0
2006-03-01 00:00:00+08:00,31.41,31.67,31.2,31.46,57964311,0.0,0.0
2006-03-02 00:00:00+08:00,32.03,32.71,32.03,32.66,80870659,0.0,0.0
2006-03-03 00:00:00+08:00,32.6,32.6,31.98,32.19,44579969,0.0,0.0
2006-03-06 00:00:00+08:00,32.14,32.14,31.61,31.72,28457279,0.0,0.0
2006-03-07 00:00:00+08:00,31.72,31.72,31.3,31.3,37496232,0.0,0.0
2006-03-08 00:00:00+08:00,31.2,31.25,30.68,30.73,62459217,0.0,0.0
2006-03-09 00:00:00+08:00,30.73,31.2,30.73,31.15,28139426,0.0,0.0
2006-03-10 00:00:00+08:00,31.15,32.4,31.15,31.98,65318851,0.0,0.0
2006-03-13 00:00:00+08:00,31.98,32.14,31.67,31.98,18581870,0.0,0.0
2006-03-14 00:00:00+08:00,31.77,31.77,31.15,31.25,34625097,0.0,0.0
2006-03-15 00:00:00+08:00,32.03,32.29,31.72,31.82,32314387,0.0,0.0
2006-03-16 00:00:00+08:00,32.03,32.29,31.51,31.51,37898776,0.0,0.0
2006-03-17 00:00:00+08:00,31.41,31.72,31.25,31.61,42512877,0.0,0.0
2006-03-20 00:00:00+08:00,31.61,31.61,31.3,31.35,35351768,0.0,0.0
2006-03-21 00:00:00+08:00,31.25,31.67,31.2,31.51,39790213,0.0,0.0
2006-03-22 00:00:00+08:00,31.25,31.3,30.99,31.04,46207921,0.0,0.0
2006-03-23 00:00:00+08:00,31.15,31.41,30.83,31.04,39473405,0.0,0.0
2006-03-24 00:00:00+08:00,31.04,31.35,30.99,31.15,22809110,0.0,0.0
2006-03-27 00:00:00+08:00,31.56,31.61,31.35,31.41,25907134,0.0,0.0
2006-03-28 00:00:00+08:00,31.67,32.03,31.41,31.98,41086719,0.0,0.0
2006-03-29 00:00:00+08:00,31.77,32.24,31.61,32.24,46391942,0.0,0.0
2006-03-30 00:00:00+08:00,32.55,32.81,32.34,32.76,91007461,0.0,0.0
2006-03-31 00:00:00+08:00,32.81,33.75,32.81,33.44,91399549,0.0,0.0
2006-04-03 00:00:00+08:00,33.44,33.85,33.23,33.75,37725212,0.0,0.0
2006-04-04 00:00:00+08:00,33.7,33.75,33.39,33.59,26653671,0.0,0.0
2006-04-06 00:00:00+08:00,33.85,34.32,33.8,34.32,65636704,0.0,0.0
2006-04-07 00:00:00+08:00,34.37,35.31,34.17,35.1,68181621,0.0,0.0
2006-04-10 00:00:00+08:00,34.79,35.1,34.58,34.9,47331909,0.0,0.0
2006-04-11 00:00:00+08:00,34.69,34.79,34.22,34.43,33915155,0.0,0.0
2006-04-12 00:00:00+08:00,33.91,35.05,33.91,34.79,55796844,0.0,0.0
2006-04-13 00:00:00+08:00,34.9,35.05,34.53,35.0,39164962,0.0,0.0
2006-04-14 00:00:00+08:00,34.9,35.42,34.69,35.42,38892068,0.0,0.0
2006-04-17 00:00:00+08:00,35.42,35.47,35.1,35.31,35193887,0.0,0.0
2006-04-18 00:00:00+08:00,35.31,35.47,34.84,35.36,29590677,0.0,0.0
2006-04-19 00:00:00+08:00,35.89,36.41,35.89,36.15,57104852,0.0,0.0
2006-04-20 00:00:00+08:00,36.04,36.46,36.04,36.41,38494751,0.0,0.0
2006-04-21 00:00:00+08:00,36.15,36.46,36.04,36.09,39472359,0.0,0.0
2006-04-24 00:00:00+08:00,35.62,36.09,35.47,35.52,41773659,0.0,0.0
2006-04-25 00:00:00+08:00,35.47,35.47,34.79,34.9,36433933,0.0,0.0
2006-04-26 00:00:00+08:00,34.79,36.04,34.69,35.94,37492050,0.0,0.0
2006-04-27 00:00:00+08:00,35.78,35.89,35.0,35.0,50857571,0.0,0.0
2006-04-28 00:00:00+08:00,35.36,35.89,34.9,35.47,46648106,0.0,0.0
2006-05-02 00:00:00+08:00,34.69,35.1,34.64,35.0,52414425,0.0,0.0
2006-05-03 00:00:00+08:00,35.1,35.47,34.9,34.9,41723472,0.0,0.0
2006-05-04 00:00:00+08:00,35.42,35.42,35.1,35.16,25590326,0.0,0.0
2006-05-05 00:00:00+08:00,35.47,36.2,35.42,35.68,55011621,0.0,0.0
2006-05-08 00:00:00+08:00,36.25,36.41,35.89,36.15,41549907,0.0,0.0
2006-05-09 00:00:00+08:00,35.99,35.99,35.26,35.42,42165748,0.0,0.0
2006-05-10 00:00:00+08:00,35.16,35.16,33.91,34.64,75295680,0.0,0.0
2006-05-11 00:00:00+08:00,33.96,34.69,33.96,34.69,42994885,0.0,0.0
2006-05-12 00:00:00+08:00,33.85,34.06,33.75,33.8,57094397,0.0,0.0
2006-05-15 00:00:00+08:00,33.12,33.28,32.86,32.92,61700133,0.0,0.0
2006-05-16 00:00:00+08:00,32.97,33.23,32.45,32.5,58757899,0.0,0.0
2006-05-17 00:00:00+08:00,32.81,33.33,32.71,33.18,33387142,0.0,0.0
2006-05-18 00:00:00+08:00,31.4,31.55,31.2,31.45,58946971613,0.0,0.0
2006-05-19 00:00:00+08:00,31.45,31.75,31.2,31.45,45212447317,0.0,0.0
2006-05-22 00:00:00+08:00,32.66,32.71,31.61,31.67,66874659,0.0,0.0
2006-05-23 00:00:00+08:00,31.3,32.14,31.15,31.82,60425583,0.0,0.0
2006-05-24 00:00:00+08:00,31.82,32.14,31.35,31.77,58294711,0.0,0.0
2006-05-25 00:00:00+08:00,31.51,31.72,31.15,31.15,53210104,0.0,0.0
2006-05-26 00:00:00+08:00,31.25,31.56,30.89,30.99,62662057,0.0,0.0
2006-05-29 00:00:00+08:00,30.19,30.79,30.09,30.29,35559318188,0.0,0.0
2006-05-30 00:00:00+08:00,31.25,31.87,31.15,31.35,34352203,0.0,0.0
2006-06-01 00:00:00+08:00,32.03,32.34,31.56,31.98,47066334,0.0,0.0
2006-06-02 00:00:00+08:00,32.34,32.55,32.14,32.55,46201648,0.0,0.0
2006-06-05 00:00:00+08:00,32.66,32.76,31.25,31.46,55459125,0.0,0.0
2006-06-06 00:00:00+08:00,31.41,31.87,31.25,31.67,54823419,0.0,0.0
2006-06-07 00:00:00+08:00,31.51,31.67,31.3,31.3,33273175,0.0,0.0
2006-06-08 00:00:00+08:00,31.04,31.09,29.11,29.11,80875887,0.0,0.0
2006-06-09 00:00:00+08:00,30.21,30.68,29.64,30.47,71531628,0.0,0.0
2006-06-12 00:00:00+08:00,30.21,30.52,29.69,29.95,55858533,0.0,0.0
2006-06-13 00:00:00+08:00,29.69,29.79,29.22,29.27,54639398,0.0,0.0
2006-06-14 00:00:00+08:00,29.27,30.62,29.27,30.26,58904278,0.0,0.0
2006-06-15 00:00:00+08:00,30.57,30.62,29.53,29.58,45438382,0.0,0.0
2006-06-16 00:00:00+08:00,30.99,31.04,30.68,30.94,57760425,0.0,0.0
2006-06-19 00:00:00+08:00,31.04,31.09,30.73,30.94,67351439,0.0,0.0
2006-06-20 00:00:00+08:00,30.88,31.21,30.37,30.65,91355412,2.43,1.03
2006-06-21 00:00:00+08:00,30.65,31.1,30.6,30.99,34227699,0.0,0.0
2006-06-22 00:00:00+08:00,31.72,32.39,31.49,32.33,42459279,0.0,0.0
2006-06-23 00:00:00+08:00,31.94,31.94,31.33,31.72,29058725,0.0,0.0
2006-06-26 00:00:00+08:00,31.38,32.22,31.38,31.94,24011566,0.0,0.0
2006-06-27 00:00:00+08:00,32.17,32.5,31.83,32.17,37100479,0.0,0.0
2006-06-28 00:00:00+08:00,31.38,31.77,31.27,31.44,57331751,0.0,0.0
2006-06-29 00:00:00+08:00,31.44,31.83,31.44,31.77,51614615,0.0,0.0
2006-06-30 00:00:00+08:00,32.73,32.78,32.39,32.73,71963641,0.0,0.0
2006-07-03 00:00:00+08:00,32.78,32.95,32.61,32.78,30083993,0.0,0.0
2006-07-04 00:00:00+08:00,33.06,33.23,32.84,32.95,30927555,0.0,0.0
2006-07-05 00:00:00+08:00,32.89,32.95,32.28,32.33,23413662,0.0,0.0
2006-07-06 00:00:00+08:00,32.17,32.22,31.83,32.0,39664663,0.0,0.0
2006-07-07 00:00:00+08:00,32.0,32.05,31.49,31.89,39109394,0.0,0.0
2006-07-10 00:00:00+08:00,31.38,32.05,31.21,31.89,41145718,0.0,0.0
2006-07-11 00:00:00+08:00,31.61,31.89,31.49,31.61,26654930,0.0,0.0
2006-07-12 00:00:00+08:00,32.39,32.5,31.77,32.0,52523144,0.0,0.0
2006-07-13 00:00:00+08:00,31.72,31.83,31.55,31.55,19841467,0.0,0.0
2006-07-14 00:00:00+08:00,30.93,31.1,30.82,30.88,52402345,0.0,0.0
2006-07-17 00:00:00+08:00,30.65,30.77,29.92,30.15,56417131,0.0,0.0
2006-07-18 00:00:00+08:00,30.26,30.43,30.21,30.32,29474923,0.0,0.0
2006-07-19 00:00:00+08:00,30.37,30.65,30.15,30.15,32017790,0.0,0.0
2006-07-20 00:00:00+08:00,31.1,31.55,30.93,31.49,48255594,0.0,0.0
2006-07-21 00:00:00+08:00,31.38,31.38,30.65,30.77,43132301,0.0,0.0
2006-07-24 00:00:00+08:00,29.64,29.7,29.31,29.64,74943008,0.0,0.0
2006-07-25 00:00:00+08:00,30.43,30.54,29.98,30.15,43911911,0.0,0.0
2006-07-26 00:00:00+08:00,30.39,30.39,29.94,30.05,39066183301,0.0,0.0
2006-07-27 00:00:00+08:00,30.05,30.28,29.94,30.22,52802041866,0.0,0.0
2006-07-28 00:00:00+08:00,30.32,30.54,30.21,30.49,41668503,0.0,0.0
2006-07-31 00:00:00+08:00,30.99,31.1,30.37,30.71,39760084,0.0,0.0
2006-08-01 00:00:00+08:00,30.77,30.99,30.71,30.88,21196648,0.0,0.0
2006-08-02 00:00:00+08:00,30.77,30.93,30.54,30.77,22049346,0.0,0.0
2006-08-03 00:00:00+08:00,30.93,31.05,30.6,30.77,32050274,0.0,0.0
2006-08-04 00:00:00+08:00,30.88,31.05,30.6,30.77,35807220,0.0,0.0
2006-08-07 00:00:00+08:00,30.99,30.99,30.49,30.6,21937683,0.0,0.0
2006-08-08 00:00:00+08:00,30.71,31.1,30.6,31.1,21339779,0.0,0.0
2006-08-09 00:00:00+08:00,30.88,31.33,30.82,31.27,51550663,0.0,0.0
2006-08-10 00:00:00+08:00,31.27,31.94,31.27,31.83,60819692,0.0,0.0
2006-08-11 00:00:00+08:00,32.22,32.28,31.94,32.17,46873006,0.0,0.0
2006-08-14 00:00:00+08:00,32.17,32.45,32.11,32.28,25133270,0.0,0.0
2006-08-15 00:00:00+08:00,32.39,32.45,32.11,32.28,20543928,0.0,0.0
2006-08-16 00:00:00+08:00,32.95,33.18,32.78,33.06,58560042,0.0,0.0
2006-08-17 00:00:00+08:00,33.62,33.68,33.23,33.46,62238825,0.0,0.0
2006-08-18 00:00:00+08:00,33.74,33.79,33.29,33.4,57626135,0.0,0.0
2006-08-21 00:00:00+08:00,33.23,33.34,32.28,32.45,41619,0.0,0.0
2006-08-22 00:00:00+08:00,32.5,32.95,32.5,32.95,20302,0.0,0.0
2006-08-23 00:00:00+08:00,32.95,33.01,32.05,32.56,32399474,0.0,0.0
2006-08-24 00:00:00+08:00,32.05,32.28,31.77,31.89,36856851,0.0,0.0
2006-08-25 00:00:00+08:00,31.94,32.28,31.77,31.94,24699815,0.0,0.0
2006-08-28 00:00:00+08:00,31.94,31.94,31.33,31.49,26852877,0.0,0.0
2006-08-29 00:00:00+08:00,31.77,31.83,31.55,31.66,26054996,0.0,0.0
2006-08-30 00:00:00+08:00,32.17,32.39,31.94,32.11,26826484,0.0,0.0
2006-08-31 00:00:00+08:00,32.61,32.89,32.5,32.56,40281854,0.0,0.0
2006-09-01 00:00:00+08:00,32.67,33.01,32.67,32.95,29076998,0.0,0.0
2006-09-04 00:00:00+08:00,33.12,33.29,33.01,33.23,26855923,0.0,0.0
2006-09-05 00:00:00+08:00,33.29,33.29,32.78,32.84,15028800,0.0,0.0
2006-09-06 00:00:00+08:00,32.78,32.89,32.05,32.39,25035819,0.0,0.0
2006-09-07 00:00:00+08:00,31.83,32.11,31.83,32.0,23380164,0.0,0.0
2006-09-08 00:00:00+08:00,31.56,31.95,31.56,31.62,30968925561,0.0,0.0
2006-09-11 00:00:00+08:00,31.89,32.5,31.49,31.55,36606117,0.0,0.0
2006-09-12 00:00:00+08:00,31.66,32.0,31.49,31.77,28685163,0.0,0.0
2006-09-13 00:00:00+08:00,32.39,32.73,32.28,32.73,45216335,0.0,0.0
2006-09-14 00:00:00+08:00,33.06,33.06,32.28,32.73,40731551,0.0,0.0
2006-09-15 00:00:00+08:00,32.62,32.9,32.45,32.9,42647055608,0.0,0.0
2006-09-18 00:00:00+08:00,33.34,33.68,33.29,33.57,61945456,0.0,0.0
2006-09-19 00:00:00+08:00,33.9,34.13,33.79,33.9,51626796,0.0,0.0
2006-09-20 00:00:00+08:00,33.62,33.68,33.34,33.57,34033812,0.0,0.0
2006-09-21 00:00:00+08:00,33.9,34.02,33.62,33.9,34170852,0.0,0.0
2006-09-22 00:00:00+08:00,33.57,33.74,33.34,33.46,28759266,0.0,0.0
2006-09-25 00:00:00+08:00,33.46,33.62,33.18,33.46,16036811,0.0,0.0
2006-09-26 00:00:00+08:00,33.74,34.02,33.74,33.9,26138235,0.0,0.0
2006-09-27 00:00:00+08:00,34.13,34.18,33.85,34.13,35342297,0.0,0.0
2006-09-28 00:00:00+08:00,34.13,34.24,34.02,34.13,74300439,0.0,0.0
2006-09-29 00:00:00+08:00,33.96,34.02,33.18,33.46,46391840,0.0,0.0
2006-10-02 00:00:00+08:00,33.51,33.9,33.34,33.74,44685429,0.0,0.0
2006-10-03 00:00:00+08:00,33.62,33.79,33.4,33.62,31465567,0.0,0.0
2006-10-04 00:00:00+08:00,33.62,33.62,32.78,32.78,46779615,0.0,0.0
2006-10-05 00:00:00+08:00,33.4,34.07,33.4,34.02,45036660,0.0,0.0
2006-10-09 00:00:00+08:00,34.02,34.02,34.02,34.02,0,0.0,0.0
2006-10-11 00:00:00+08:00,34.02,34.13,33.85,33.96,38087172,0.0,0.0
2006-10-12 00:00:00+08:00,34.18,34.24,33.96,34.18,31482824,0.0,0.0
2006-10-13 00:00:00+08:00,34.63,35.53,34.63,35.42,78219804,0.0,0.0
2006-10-16 00:00:00+08:00,35.86,36.54,35.47,36.43,80407380,0.0,0.0
2006-10-17 00:00:00+08:00,35.86,35.98,35.19,35.25,38272938,0.0,0.0
2006-10-18 00:00:00+08:00,34.8,34.97,34.46,34.74,36902531,0.0,0.0
2006-10-19 00:00:00+08:00,34.35,34.63,34.07,34.18,38504385,0.0,0.0
2006-10-20 00:00:00+08:00,34.3,34.69,34.3,34.63,19804923,0.0,0.0
2006-10-23 00:00:00+08:00,34.18,34.46,34.13,34.3,12936645,0.0,0.0
2006-10-24 00:00:00+08:00,34.58,35.42,34.58,35.3,52962690,0.0,0.0
2006-10-25 00:00:00+08:00,35.25,35.25,34.74,34.91,39131727,0.0,0.0
2006-10-26 00:00:00+08:00,34.85,35.18,34.29,34.29,33418405823,0.0,0.0
2006-10-27 00:00:00+08:00,34.97,35.25,34.86,35.02,38132852,0.0,0.0
2006-10-30 00:00:00+08:00,34.46,34.58,34.02,34.02,60226864,0.0,0.0
2006-10-31 00:00:00+08:00,34.18,34.41,34.13,34.18,27665986,0.0,0.0
2006-11-01 00:00:00+08:00,34.41,34.46,33.68,33.74,54269145,0.0,0.0
2006-11-02 00:00:00+08:00,33.62,34.3,33.57,34.07,38329785,0.0,0.0
2006-11-03 00:00:00+08:00,33.74,34.46,33.74,34.24,59433042,0.0,0.0
2006-11-06 00:00:00+08:00,33.79,34.07,33.79,33.9,36353353,0.0,0.0
2006-11-07 00:00:00+08:00,34.18,34.35,33.9,33.96,40351897,0.0,0.0
2006-11-08 00:00:00+08:00,34.07,34.18,33.85,33.85,28891231,0.0,0.0
2006-11-09 00:00:00+08:00,34.18,34.35,33.9,33.9,42639970,0.0,0.0
2006-11-10 00:00:00+08:00,33.9,34.24,33.79,34.07,32187315,0.0,0.0
2006-11-13 00:00:00+08:00,33.9,33.96,33.57,33.62,27048795,0.0,0.0
2006-11-14 00:00:00+08:00,33.74,34.07,33.74,34.07,24290723,0.0,0.0
2006-11-15 00:00:00+08:00,34.52,34.86,34.35,34.63,52333317,0.0,0.0
2006-11-16 00:00:00+08:00,35.02,35.14,34.74,34.86,36581754,0.0,0.0
2006-11-17 00:00:00+08:00,35.02,35.19,34.74,34.97,30150991,0.0,0.0
2006-11-20 00:00:00+08:00,34.91,34.91,34.52,34.86,34728151,0.0,0.0
2006-11-21 00:00:00+08:00,33.62,35.3,33.62,35.3,44474285,0.0,0.0
2006-11-22 00:00:00+08:00,35.3,35.36,35.08,35.3,36937045,0.0,0.0
2006-11-23 00:00:00+08:00,35.47,35.7,35.36,35.58,44517935,0.0,0.0
2006-11-24 00:00:00+08:00,35.47,35.7,35.3,35.53,24710981,0.0,0.0
2006-11-27 00:00:00+08:00,35.92,36.26,35.81,36.2,43691630,0.0,0.0
2006-11-28 00:00:00+08:00,35.86,35.98,35.64,35.86,34585020,0.0,0.0
2006-11-29 00:00:00+08:00,36.09,36.26,35.53,36.15,64572577,0.0,0.0
2006-11-30 00:00:00+08:00,36.37,36.71,36.09,36.71,73244718,0.0,0.0
2006-12-01 00:00:00+08:00,36.65,37.27,36.2,37.27,70899799,0.0,0.0
2006-12-04 00:00:00+08:00,37.1,37.38,36.87,37.15,51629842,0.0,0.0
2006-12-05 00:00:00+08:00,37.77,37.83,37.27,37.49,47807928,0.0,0.0
2006-12-06 00:00:00+08:00,37.77,38.11,37.71,38.05,48948919,0.0,0.0
2006-12-07 00:00:00+08:00,37.88,37.94,37.32,37.55,35983850,0.0,0.0
2006-12-08 00:00:00+08:00,37.55,37.55,36.43,37.04,38821101,0.0,0.0
2006-12-11 00:00:00+08:00,36.65,37.32,36.54,37.27,35027611,0.0,0.0
2006-12-12 00:00:00+08:00,37.27,37.27,35.81,35.98,42079625,0.0,0.0
2006-12-13 00:00:00+08:00,36.15,36.43,35.53,36.37,39262677,0.0,0.0
2006-12-14 00:00:00+08:00,36.54,36.59,35.92,35.92,23654245,0.0,0.0
2006-12-15 00:00:00+08:00,36.43,36.71,36.15,36.37,34750484,0.0,0.0
2006-12-18 00:00:00+08:00,36.59,37.55,36.59,37.32,33957678,0.0,0.0
2006-12-19 00:00:00+08:00,36.93,36.93,36.43,36.48,36219358,0.0,0.0
2006-12-20 00:00:00+08:00,36.76,36.76,36.2,36.31,33437938,0.0,0.0
2006-12-21 00:00:00+08:00,36.31,36.82,36.31,36.37,34600247,0.0,0.0
2006-12-22 00:00:00+08:00,36.71,36.76,36.48,36.76,9512657,0.0,0.0
2006-12-25 00:00:00+08:00,36.65,36.71,36.37,36.48,4135584,0.0,0.0
2006-12-26 00:00:00+08:00,36.43,37.04,36.43,36.99,19243564,0.0,0.0
2006-12-27 00:00:00+08:00,36.99,37.32,36.99,37.21,23128415,0.0,0.0
2006-12-28 00:00:00+08:00,37.27,37.43,37.04,37.04,20507384,0.0,0.0
2006-12-29 00:00:00+08:00,37.1,37.83,36.71,37.83,30997598,0.0,0.0
2007-01-02 00:00:00+08:00,37.99,38.11,37.71,37.94,26292533,0.0,0.0
2007-01-03 00:00:00+08:00,37.99,38.5,37.83,38.11,42463339,0.0,0.0
2007-01-04 00:00:00+08:00,37.94,38.16,37.88,37.94,22444226,0.0,0.0
2007-01-05 00:00:00+08:00,37.83,37.94,37.27,37.49,30905222,0.0,0.0
2007-01-08 00:00:00+08:00,37.04,37.27,36.82,36.87,24350615,0.0,0.0
2007-01-09 00:00:00+08:00,36.93,37.27,36.93,36.99,26319941,0.0,0.0
2007-01-10 00:00:00+08:00,36.65,36.65,35.86,35.98,74638473,0.0,0.0
2007-01-11 00:00:00+08:00,36.26,37.38,36.26,36.87,69732415,0.0,0.0
2007-01-12 00:00:00+08:00,37.83,38.95,37.55,38.72,134447109,0.0,0.0
2007-01-15 00:00:00+08:00,38.89,39.12,38.55,38.78,70399346,0.0,0.0
2007-01-16 00:00:00+08:00,38.78,39.51,38.72,39.4,76456547,0.0,0.0
2007-01-17 00:00:00+08:00,39.17,39.79,38.78,39.73,49354965,0.0,0.0
2007-01-18 00:00:00+08:00,39.59,39.98,39.53,39.7,55236218231,0.0,0.0
2007-01-19 00:00:00+08:00,38.95,39.73,38.95,39.12,47456698,0.0,0.0
2007-01-22 00:00:00+08:00,39.23,39.34,38.61,38.67,55429423,0.0,0.0
2007-01-23 00:00:00+08:00,38.55,38.67,38.22,38.55,39219027,0.0,0.0
2007-01-24 00:00:00+08:00,39.79,39.9,39.23,39.51,80198266,0.0,0.0
2007-01-25 00:00:00+08:00,39.73,39.9,39.56,39.79,39276889,0.0,0.0
2007-01-26 00:00:00+08:00,37.55,38.33,37.55,38.11,123692965,0.0,0.0
2007-01-29 00:00:00+08:00,38.27,38.55,38.11,38.44,46715662,0.0,0.0
2007-01-30 00:00:00+08:00,37.92,38.08,37.86,37.92,40901509938,0.0,0.0
2007-01-31 00:00:00+08:00,38.11,38.22,36.93,37.77,84426227,0.0,0.0
2007-02-01 00:00:00+08:00,37.99,37.99,37.38,37.55,34083552,0.0,0.0
2007-02-02 00:00:00+08:00,37.99,38.11,37.77,37.99,52608414,0.0,0.0
2007-02-05 00:00:00+08:00,37.99,38.22,37.71,37.99,26738169,0.0,0.0
2007-02-06 00:00:00+08:00,38.11,38.61,37.99,38.61,36294476,0.0,0.0
2007-02-07 00:00:00+08:00,38.78,38.89,38.39,38.55,31078807,0.0,0.0
2007-02-08 00:00:00+08:00,38.84,38.84,38.11,38.33,42722194,0.0,0.0
2007-02-09 00:00:00+08:00,38.33,38.55,37.83,38.11,60761830,0.0,0.0
2007-02-12 00:00:00+08:00,37.55,38.05,37.27,37.55,52307939,0.0,0.0
2007-02-13 00:00:00+08:00,37.27,37.6,36.87,36.87,59982220,0.0,0.0
2007-02-14 00:00:00+08:00,37.55,37.71,37.21,37.71,36108710,0.0,0.0
2007-02-26 00:00:00+08:00,38.72,38.78,38.5,38.61,92771500,0.0,0.0
2007-02-27 00:00:00+08:00,38.67,39.28,38.61,38.84,77431059,0.0,0.0
2007-03-01 00:00:00+08:00,37.38,38.11,37.38,37.38,93824176,0.0,0.0
2007-03-02 00:00:00+08:00,37.14,37.36,36.97,37.25,32609394488,0.0,0.0
2007-03-05 00:00:00+08:00,36.24,36.47,35.3,35.3,76199105583,0.0,0.0
2007-03-06 00:00:00+08:00,35.47,36.76,35.47,36.48,68872611,0.0,0.0
2007-03-07 00:00:00+08:00,37.04,37.04,36.54,36.71,52956599,0.0,0.0
2007-03-08 00:00:00+08:00,36.99,36.99,36.43,36.93,42735391,0.0,0.0
2007-03-09 00:00:00+08:00,37.32,37.38,36.93,37.27,38752073,0.0,0.0
2007-03-12 00:00:00+08:00,37.32,37.66,37.21,37.66,36451819,0.0,0.0
2007-03-13 00:00:00+08:00,38.11,38.72,37.99,38.72,88232914,0.0,0.0
2007-03-14 00:00:00+08:00,37.83,38.22,37.77,38.05,49611790,0.0,0.0
2007-03-15 00:00:00+08:00,38.44,38.84,38.39,38.67,39083001,0.0,0.0
2007-03-16 00:00:00+08:00,38.67,38.78,38.39,38.67,32378157,0.0,0.0
2007-03-19 00:00:00+08:00,38.67,38.72,38.44,38.67,24381068,0.0,0.0
2007-03-20 00:00:00+08:00,38.67,38.95,38.67,38.78,27396980,0.0,0.0
2007-03-21 00:00:00+08:00,39.06,39.23,38.89,39.06,36829443,0.0,0.0
2007-03-22 00:00:00+08:00,39.56,39.68,39.28,39.34,64008173,0.0,0.0
2007-03-23 00:00:00+08:00,39.28,39.34,39.06,39.23,52240942,0.0,0.0
2007-03-26 00:00:00+08:00,39.23,39.34,39.17,39.23,17781796,0.0,0.0
2007-03-27 00:00:00+08:00,39.23,39.62,38.78,38.78,47981513,0.0,0.0
2007-03-28 00:00:00+08:00,38.33,38.67,38.11,38.27,37260867,0.0,0.0
2007-03-29 00:00:00+08:00,37.83,38.72,37.83,38.5,58493045,0.0,0.0
2007-03-30 00:00:00+08:00,38.11,38.39,37.94,38.05,40987360,0.0,0.0
2007-04-02 00:00:00+08:00,37.99,38.44,37.83,38.22,25540332,0.0,0.0
2007-04-03 00:00:00+08:00,38.16,38.27,37.94,38.11,27851752,0.0,0.0
2007-04-04 00:00:00+08:00,38.11,39.0,38.11,38.84,57533759,0.0,0.0
2007-04-09 00:00:00+08:00,38.95,39.12,38.5,38.67,43425670,0.0,0.0
2007-04-10 00:00:00+08:00,38.78,38.78,38.22,38.39,38949006,0.0,0.0
2007-04-11 00:00:00+08:00,38.44,38.89,38.44,38.84,30941767,0.0,0.0
2007-04-12 00:00:00+08:00,38.39,38.84,38.27,38.39,29913454,0.0,0.0
2007-04-13 00:00:00+08:00,38.84,38.89,38.16,38.27,15635840,0.0,0.0
2007-04-16 00:00:00+08:00,38.5,38.72,37.83,37.83,26257004,0.0,0.0
2007-04-17 00:00:00+08:00,38.5,38.67,37.99,38.11,29041468,0.0,0.0
2007-04-18 00:00:00+08:00,37.88,38.5,37.88,38.44,47689159,0.0,0.0
2007-04-19 00:00:00+08:00,38.39,38.39,37.66,37.77,71378934,0.0,0.0
2007-04-20 00:00:00+08:00,37.77,38.05,37.71,37.83,36506635,0.0,0.0
2007-04-23 00:00:00+08:00,38.11,38.78,38.05,38.44,50902003,0.0,0.0
2007-04-24 00:00:00+08:00,38.55,39.23,38.44,39.12,62405304,0.0,0.0
2007-04-25 00:00:00+08:00,38.89,39.06,38.5,38.84,26780804,0.0,0.0
2007-04-26 00:00:00+08:00,39.45,39.51,39.06,39.17,54886335,0.0,0.0
2007-04-27 00:00:00+08:00,39.17,39.23,38.5,38.67,37065965,0.0,0.0
2007-04-30 00:00:00+08:00,38.5,38.5,38.05,38.5,41678654,0.0,0.0
2007-05-02 00:00:00+08:00,38.5,38.5,38.11,38.11,49526520,0.0,0.0
2007-05-03 00:00:00+08:00,38.11,38.44,38.11,38.33,63168671,0.0,0.0
2007-05-04 00:00:00+08:00,38.39,38.78,38.33,38.72,43466274,0.0,0.0
2007-05-07 00:00:00+08:00,38.95,39.0,38.33,38.39,40177297,0.0,0.0
2007-05-08 00:00:00+08:00,38.39,38.39,37.99,38.11,29353109,0.0,0.0
2007-05-09 00:00:00+08:00,38.05,38.39,37.94,38.11,33224764,0.0,0.0
2007-05-10 00:00:00+08:00,38.39,38.5,38.27,38.39,38463780,0.0,0.0
2007-05-11 00:00:00+08:00,37.83,38.11,37.83,37.83,48734729,0.0,0.0
2007-05-14 00:00:00+08:00,37.83,37.94,37.43,37.66,59656368,0.0,0.0
2007-05-15 00:00:00+08:00,37.49,37.66,37.15,37.27,52371892,0.0,0.0
2007-05-16 00:00:00+08:00,37.55,37.55,37.21,37.32,41476646,0.0,0.0
2007-05-17 00:00:00+08:00,37.66,38.16,37.6,37.94,50899973,0.0,0.0
2007-05-18 00:00:00+08:00,38.55,38.61,38.22,38.39,83547136,0.0,0.0
2007-05-21 00:00:00+08:00,38.55,38.89,38.39,38.78,69019803,0.0,0.0
2007-05-22 00:00:00+08:00,38.67,38.72,38.33,38.33,27513718,0.0,0.0
2007-05-23 00:00:00+08:00,38.61,38.78,38.55,38.61,61157725,0.0,0.0
2007-05-24 00:00:00+08:00,38.39,38.61,38.22,38.39,44111889,0.0,0.0
2007-05-25 00:00:00+08:00,37.88,37.99,37.49,37.77,68090971,0.0,0.0
2007-05-28 00:00:00+08:00,38.05,38.05,37.83,37.88,30897102,0.0,0.0
2007-05-29 00:00:00+08:00,38.05,38.44,37.99,38.44,50855308,0.0,0.0
2007-05-30 00:00:00+08:00,38.05,38.39,37.83,38.11,48759092,0.0,0.0
2007-05-31 00:00:00+08:00,38.39,38.5,38.22,38.22,48873800,0.0,0.0
2007-06-01 00:00:00+08:00,38.55,38.67,38.44,38.55,65352187,0.0,0.0
2007-06-04 00:00:00+08:00,38.67,38.95,38.67,38.72,65067954,0.0,0.0
2007-06-05 00:00:00+08:00,38.72,38.84,38.5,38.67,46546138,0.0,0.0
2007-06-06 00:00:00+08:00,38.67,38.89,38.44,38.61,90103773,0.0,0.0
2007-06-07 00:00:00+08:00,38.5,38.67,38.39,38.67,90202240,0.0,0.0
2007-06-08 00:00:00+08:00,38.88,38.88,38.47,38.52,143994171,2.98,1.0
2007-06-11 00:00:00+08:00,38.88,38.88,38.58,38.64,52761870,0.0,0.0
2007-06-12 00:00:00+08:00,38.58,38.64,38.17,38.17,58542485,0.0,0.0
2007-06-13 00:00:00+08:00,38.17,38.17,37.64,37.76,53593156,0.0,0.0
2007-06-14 00:00:00+08:00,38.11,38.35,38.05,38.29,63326163,0.0,0.0
2007-06-15 00:00:00+08:00,38.7,38.76,38.47,38.7,76806520,0.0,0.0
2007-06-20 00:00:00+08:00,39.17,40.35,39.17,40.23,156874548,0.0,0.0
2007-06-21 00:00:00+08:00,40.41,40.88,39.88,40.76,144017402,0.0,0.0
2007-06-22 00:00:00+08:00,41.06,41.06,40.23,40.64,61035331,0.0,0.0
2007-06-25 00:00:00+08:00,40.64,41.47,40.59,41.47,98997697,0.0,0.0
2007-06-26 00:00:00+08:00,41.18,41.23,40.64,40.7,43949034,0.0,0.0
2007-06-27 00:00:00+08:00,40.64,41.12,40.41,40.94,45260101,0.0,0.0
2007-06-28 00:00:00+08:00,41.35,41.59,41.0,41.47,76420675,0.0,0.0
2007-06-29 00:00:00+08:00,41.82,41.82,41.18,41.76,65587704,0.0,0.0
2007-07-02 00:00:00+08:00,41.76,41.82,41.18,41.82,34884691,0.0,0.0
2007-07-03 00:00:00+08:00,41.88,42.35,41.88,41.94,45479286,0.0,0.0
2007-07-04 00:00:00+08:00,42.29,42.41,42.06,42.35,45053037,0.0,0.0
2007-07-05 00:00:00+08:00,42.06,42.18,41.71,42.06,49550867,0.0,0.0
2007-07-06 00:00:00+08:00,41.76,41.82,41.29,41.53,41337000,0.0,0.0
2007-07-09 00:00:00+08:00,41.53,42.41,41.41,42.41,54256770,0.0,0.0
2007-07-10 00:00:00+08:00,42.41,42.77,42.06,42.41,83992138,0.0,0.0
2007-07-11 00:00:00+08:00,42.29,42.77,42.06,42.65,62059539,0.0,0.0
2007-07-12 00:00:00+08:00,42.71,42.94,41.94,42.24,66911902,0.0,0.0
2007-07-13 00:00:00+08:00,42.82,43.06,42.41,43.0,87624340,0.0,0.0
2007-07-16 00:00:00+08:00,43.0,43.0,42.18,42.71,47211551,0.0,0.0
2007-07-17 00:00:00+08:00,42.88,42.88,42.0,42.82,30858563,0.0,0.0
2007-07-18 00:00:00+08:00,42.29,42.53,41.82,41.82,42577363103,0.0,0.0
2007-07-19 00:00:00+08:00,41.18,41.41,40.88,41.23,66622013,0.0,0.0
2007-07-20 00:00:00+08:00,41.23,41.23,40.53,40.88,70424916,0.0,0.0
2007-07-23 00:00:00+08:00,40.47,40.59,40.23,40.47,55621371,0.0,0.0
2007-07-24 00:00:00+08:00,40.64,42.0,40.64,42.0,79181188726,0.0,0.0
2007-07-25 00:00:00+08:00,41.18,41.23,40.82,41.0,43271279,0.0,0.0
2007-07-26 00:00:00+08:00,41.23,41.23,40.11,40.17,74248020,0.0,0.0
2007-07-27 00:00:00+08:00,38.29,38.52,37.7,37.7,259580202,0.0,0.0
2007-07-30 00:00:00+08:00,37.29,38.47,37.17,38.29,124382706,0.0,0.0
2007-07-31 00:00:00+08:00,38.29,38.41,38.05,38.29,108052949,0.0,0.0
2007-08-01 00:00:00+08:00,37.7,37.99,36.11,36.11,184354436,0.0,0.0
2007-08-02 00:00:00+08:00,36.52,37.58,36.34,37.58,96617978,0.0,0.0
2007-08-03 00:00:00+08:00,37.94,37.99,37.05,37.64,43447030,0.0,0.0
2007-08-06 00:00:00+08:00,36.82,37.35,36.76,36.87,51372018,0.0,0.0
2007-08-07 00:00:00+08:00,36.99,37.05,36.05,36.11,68951228,0.0,0.0
2007-08-08 00:00:00+08:00,36.17,36.99,35.81,36.99,79317547,0.0,0.0
2007-08-09 00:00:00+08:00,37.76,37.88,37.23,37.58,50910417,0.0,0.0
2007-08-10 00:00:00+08:00,35.99,36.7,35.99,36.23,79525621,0.0,0.0
2007-08-13 00:00:00+08:00,36.82,36.87,36.29,36.52,60228287,0.0,0.0
2007-08-14 00:00:00+08:00,36.64,36.93,36.23,36.46,42393530,0.0,0.0
2007-08-15 00:00:00+08:00,36.23,36.23,35.76,35.93,70863285,0.0,0.0
2007-08-16 00:00:00+08:00,35.34,35.4,34.52,34.81,116610239,0.0,0.0
2007-08-17 00:00:00+08:00,34.81,35.52,34.52,34.75,77250950,0.0,0.0
2007-08-20 00:00:00+08:00,36.52,36.7,35.81,36.64,62321146,0.0,0.0
2007-08-21 00:00:00+08:00,36.23,36.52,35.64,36.46,50454877,0.0,0.0
2007-08-22 00:00:00+08:00,36.23,36.23,35.76,35.87,36245251,0.0,0.0
2007-08-23 00:00:00+08:00,36.82,37.11,36.7,36.99,81387175,0.0,0.0
2007-08-24 00:00:00+08:00,37.11,37.11,36.23,36.29,55273907,0.0,0.0
2007-08-27 00:00:00+08:00,36.76,36.87,36.17,36.29,39349188,0.0,0.0
2007-08-28 00:00:00+08:00,35.81,36.23,35.7,36.17,37855298,0.0,0.0
2007-08-29 00:00:00+08:00,35.11,35.52,35.11,35.46,51182125,0.0,0.0
2007-08-30 00:00:00+08:00,35.81,35.93,35.58,35.64,32552446,0.0,0.0
2007-08-31 00:00:00+08:00,35.7,36.93,35.7,36.93,57537468,0.0,0.0
2007-09-03 00:00:00+08:00,36.93,36.93,36.4,36.87,29107106,0.0,0.0
2007-09-04 00:00:00+08:00,36.4,36.82,36.17,36.29,18916538,0.0,0.0
2007-09-05 00:00:00+08:00,36.87,36.93,36.34,36.4,30499989,0.0,0.0
2007-09-06 00:00:00+08:00,36.4,36.87,35.99,36.64,39366359,0.0,0.0
2007-09-07 00:00:00+08:00,36.99,36.99,36.23,36.52,26939502,0.0,0.0
2007-09-10 00:00:00+08:00,36.11,36.11,35.52,36.05,33192828655,0.0,0.0
2007-09-11 00:00:00+08:00,36.23,36.23,35.81,36.11,19271072,0.0,0.0
2007-09-12 00:00:00+08:00,35.93,36.4,35.93,36.23,31121180,0.0,0.0
2007-09-13 00:00:00+08:00,36.23,36.23,35.58,35.7,31171684,0.0,0.0
2007-09-14 00:00:00+08:00,36.17,36.4,35.87,36.4,46905501,0.0,0.0
2007-09-17 00:00:00+08:00,36.52,36.52,35.64,35.81,29274777,0.0,0.0
2007-09-18 00:00:00+08:00,35.81,35.81,35.81,35.81,0,0.0,0.0
2007-09-19 00:00:00+08:00,36.7,36.76,35.81,36.17,87697065,0.0,0.0
2007-09-20 00:00:00+08:00,36.34,36.58,35.87,35.93,67565415811,0.0,0.0
2007-09-21 00:00:00+08:00,36.23,36.4,35.93,36.23,30268684,0.0,0.0
2007-09-26 00:00:00+08:00,35.93,36.4,35.93,36.23,87819283,0.0,0.0
2007-09-27 00:00:00+08:00,36.64,37.46,36.34,37.46,75288389,0.0,0.0
2007-09-28 00:00:00+08:00,37.46,37.64,37.17,37.46,66759382,0.0,0.0
2007-10-01 00:00:00+08:00,37.41,37.82,37.41,37.64,59374780,0.0,0.0
2007-10-02 00:00:00+08:00,38.23,38.47,37.99,38.23,110099346,0.0,0.0
2007-10-03 00:00:00+08:00,38.47,38.47,38.11,38.29,78886249,0.0,0.0
2007-10-04 00:00:00+08:00,37.82,38.29,37.64,37.82,40264309,0.0,0.0
2007-10-05 00:00:00+08:00,37.82,38.29,37.7,38.05,27759677,0.0,0.0
2007-10-08 00:00:00+08:00,38.58,38.64,37.99,38.29,64394814,0.0,0.0
2007-10-09 00:00:00+08:00,38.47,38.47,37.7,38.17,42308685,0.0,0.0
2007-10-11 00:00:00+08:00,38.29,38.29,37.11,37.29,81860897,0.0,0.0
2007-10-12 00:00:00+08:00,36.87,36.87,36.05,36.11,79288255,0.0,0.0
2007-10-15 00:00:00+08:00,36.11,37.05,36.05,37.05,90365662,0.0,0.0
2007-10-16 00:00:00+08:00,36.4,36.99,36.4,36.76,80164994188,0.0,0.0
2007-10-17 00:00:00+08:00,36.93,36.93,36.29,36.52,47351950,0.0,0.0
2007-10-18 00:00:00+08:00,36.7,37.05,36.4,37.05,32670623,0.0,0.0
2007-10-19 00:00:00+08:00,37.05,37.05,36.46,36.52,26892029,0.0,0.0
2007-10-22 00:00:00+08:00,35.34,35.7,35.11,35.7,80311453,0.0,0.0
2007-10-23 00:00:00+08:00,35.7,36.34,35.7,36.23,35098825,0.0,0.0
2007-10-24 00:00:00+08:00,36.29,36.58,35.7,35.81,33074650,0.0,0.0
2007-10-25 00:00:00+08:00,35.64,36.11,35.58,35.99,46308551,0.0,0.0
2007-10-26 00:00:00+08:00,35.93,36.4,35.93,36.29,72908671,0.0,0.0
2007-10-29 00:00:00+08:00,36.52,37.7,36.52,37.64,83796185,0.0,0.0
2007-10-30 00:00:00+08:00,37.94,37.94,36.93,37.11,38215892,0.0,0.0
2007-10-31 00:00:00+08:00,37.7,37.82,37.11,37.58,48506457,0.0,0.0
2007-11-01 00:00:00+08:00,37.94,37.94,37.35,37.82,54973917971,0.0,0.0
2007-11-02 00:00:00+08:00,37.11,37.46,36.23,36.29,60329294,0.0,0.0
2007-11-05 00:00:00+08:00,36.52,36.82,35.64,36.82,64364512822,0.0,0.0
2007-11-06 00:00:00+08:00,36.82,37.11,36.52,36.87,32956472,0.0,0.0
2007-11-07 00:00:00+08:00,37.58,37.58,37.05,37.11,71047117,0.0,0.0
2007-11-08 00:00:00+08:00,36.23,36.7,36.17,36.46,58650562,0.0,0.0
2007-11-09 00:00:00+08:00,36.29,37.29,36.23,36.7,69057285,0.0,0.0
2007-11-12 00:00:00+08:00,36.29,36.58,36.17,36.29,77819618,0.0,0.0
2007-11-13 00:00:00+08:00,36.23,36.34,35.93,36.34,53703253,0.0,0.0
2007-11-14 00:00:00+08:00,36.99,37.23,36.17,36.23,76601477,0.0,0.0
2007-11-15 00:00:00+08:00,35.93,36.29,35.87,35.87,49587229,0.0,0.0
2007-11-16 00:00:00+08:00,35.76,35.76,35.34,35.64,49988226,0.0,0.0
2007-11-19 00:00:00+08:00,35.64,36.52,35.58,35.64,71248120,0.0,0.0
2007-11-20 00:00:00+08:00,35.34,35.81,35.23,35.64,64323100,0.0,0.0
2007-11-21 00:00:00+08:00,35.64,35.7,34.52,34.52,83413370,0.0,0.0
2007-11-22 00:00:00+08:00,34.17,35.4,33.81,35.28,55509253,0.0,0.0
2007-11-23 00:00:00+08:00,35.34,35.46,34.93,35.11,54809277,0.0,0.0
2007-11-26 00:00:00+08:00,35.4,35.99,35.34,35.99,146777924701,0.0,0.0
2007-11-27 00:00:00+08:00,35.05,35.4,34.64,34.81,83528517,0.0,0.0
2007-11-28 00:00:00+08:00,34.46,34.93,34.46,34.46,54263840,0.0,0.0
2007-11-29 00:00:00+08:00,34.75,35.34,34.64,35.34,59114183,0.0,0.0
2007-11-30 00:00:00+08:00,34.93,35.7,34.93,35.7,47288316,0.0,0.0
2007-12-03 00:00:00+08:00,35.76,35.81,35.11,35.23,40504705,0.0,0.0
2007-12-04 00:00:00+08:00,35.23,35.81,34.7,35.52,41376393,0.0,0.0
2007-12-05 00:00:00+08:00,35.46,35.99,35.28,35.87,113492161,0.0,0.0
2007-12-06 00:00:00+08:00,36.23,36.46,35.93,36.46,93817062,0.0,0.0
2007-12-07 00:00:00+08:00,36.82,37.41,36.76,36.87,165686374,0.0,0.0
2007-12-10 00:00:00+08:00,37.11,37.11,35.99,35.99,75090416,0.0,0.0
2007-12-11 00:00:00+08:00,36.11,36.93,36.05,36.93,77784265,0.0,0.0
2007-12-12 00:00:00+08:00,36.52,36.7,35.87,36.11,118280890,0.0,0.0
2007-12-13 00:00:00+08:00,35.93,36.29,35.76,35.76,139614519,0.0,0.0
2007-12-14 00:00:00+08:00,35.64,35.64,34.75,35.23,153675665,0.0,0.0
2007-12-17 00:00:00+08:00,34.81,35.11,34.7,35.05,67113915,0.0,0.0
2007-12-18 00:00:00+08:00,34.75,35.11,34.52,34.64,82978031368,0.0,0.0
2007-12-19 00:00:00+08:00,35.34,35.34,34.64,34.87,87625350,0.0,0.0
2007-12-20 00:00:00+08:00,34.87,34.87,34.64,34.75,56875874,0.0,0.0
2007-12-21 00:00:00+08:00,34.87,35.11,34.75,34.75,77640836,0.0,0.0
2007-12-24 00:00:00+08:00,35.05,35.23,34.7,34.87,36075560,0.0,0.0
2007-12-25 00:00:00+08:00,35.05,35.17,34.81,35.11,25618334,0.0,0.0
2007-12-26 00:00:00+08:00,35.05,35.17,34.58,35.05,24080002286,0.0,0.0
2007-12-27 00:00:00+08:00,35.34,36.34,35.11,36.34,127516944,0.0,0.0
2007-12-28 00:00:00+08:00,36.23,36.82,35.64,35.64,74708611,0.0,0.0
2007-12-31 00:00:00+08:00,35.05,35.17,34.58,35.05,24080002,0.0,0.0
2008-01-02 00:00:00+08:00,36.52,36.52,35.46,35.64,39300705,0.0,0.0
2008-01-03 00:00:00+08:00,35.28,35.34,34.99,34.99,35123067,0.0,0.0
2008-01-04 00:00:00+08:00,34.93,35.58,34.46,35.34,48851900,0.0,0.0
2008-01-07 00:00:00+08:00,33.58,34.17,32.87,32.87,104088436,0.0,0.0
2008-01-08 00:00:00+08:00,32.87,33.34,32.69,32.99,47704464,0.0,0.0
2008-01-09 00:00:00+08:00,32.4,33.58,32.1,33.58,45426762,0.0,0.0
2008-01-10 00:00:00+08:00,33.58,33.81,32.57,32.81,61813083,0.0,0.0
2008-01-11 00:00:00+08:00,33.05,33.05,32.22,32.4,72260208,0.0,0.0
2008-01-14 00:00:00+08:00,33.28,33.46,32.22,32.34,77963047,0.0,0.0
2008-01-15 00:00:00+08:00,32.63,34.11,32.52,33.87,98374485,0.0,0.0
2008-01-16 00:00:00+08:00,32.75,33.1,32.34,32.63,79288255,0.0,0.0
2008-01-17 00:00:00+08:00,32.75,33.22,32.1,32.22,51692209,0.0,0.0
2008-01-18 00:00:00+08:00,31.81,32.34,31.4,32.16,66086677,0.0,0.0
2008-01-21 00:00:00+08:00,32.16,32.22,31.4,31.4,43136940,0.0,0.0
2008-01-22 00:00:00+08:00,29.22,30.1,29.22,29.22,88136444,0.0,0.0
2008-01-23 00:00:00+08:00,30.04,30.28,29.69,30.04,78966044,0.0,0.0
2008-01-24 00:00:00+08:00,32.1,32.1,31.28,31.63,72080416,0.0,0.0
2008-01-25 00:00:00+08:00,32.4,32.99,32.4,32.69,50756887,0.0,0.0
2008-01-28 00:00:00+08:00,32.63,32.63,31.81,31.93,39967349,0.0,0.0
2008-01-29 00:00:00+08:00,32.93,33.58,32.75,33.58,58653592,0.0,0.0
2008-01-30 00:00:00+08:00,33.87,34.34,33.58,34.05,111730604,0.0,0.0
2008-01-31 00:00:00+08:00,33.87,35.28,33.75,35.28,172864922,0.0,0.0
2008-02-01 00:00:00+08:00,35.93,36.64,35.58,36.17,135886361,0.0,0.0
2008-02-12 00:00:00+08:00,35.17,35.52,35.17,35.34,104072274,0.0,0.0
2008-02-13 00:00:00+08:00,35.93,35.93,35.28,35.28,52671974,0.0,0.0
2008-02-14 00:00:00+08:00,35.46,36.52,35.46,36.52,73558144,0.0,0.0
2008-02-15 00:00:00+08:00,35.93,36.34,35.87,36.23,30468677,0.0,0.0
2008-02-18 00:00:00+08:00,36.23,36.4,35.17,35.34,52548746,0.0,0.0
2008-02-19 00:00:00+08:00,35.81,36.23,35.34,36.23,20237706,0.0,0.0
2008-02-20 00:00:00+08:00,36.17,36.17,35.17,35.99,41368312,0.0,0.0
2008-02-21 00:00:00+08:00,36.23,36.58,35.99,36.46,40795604,0.0,0.0
2008-02-22 00:00:00+08:00,35.87,35.93,35.4,35.87,37511876,0.0,0.0
2008-02-25 00:00:00+08:00,35.93,36.23,35.7,36.05,40391577,0.0,0.0
2008-02-26 00:00:00+08:00,36.4,36.82,36.23,36.76,59821230,0.0,0.0
2008-02-27 00:00:00+08:00,36.99,37.46,36.93,37.46,94417042,0.0,0.0
2008-02-29 00:00:00+08:00,36.87,37.41,36.29,36.29,64072603,0.0,0.0
2008-03-03 00:00:00+08:00,35.4,35.76,35.34,35.76,47462048,0.0,0.0
2008-03-04 00:00:00+08:00,35.4,37.11,35.4,37.05,74207617,0.0,0.0
2008-03-05 00:00:00+08:00,37.41,37.41,36.82,37.29,70510771,0.0,0.0
2008-03-06 00:00:00+08:00,37.41,38.23,37.41,38.23,64834194,0.0,0.0
2008-03-07 00:00:00+08:00,37.46,37.99,37.29,37.7,53416394,0.0,0.0
2008-03-10 00:00:00+08:00,37.05,37.05,35.93,36.05,60318183,0.0,0.0
2008-03-11 00:00:00+08:00,35.7,36.76,35.7,36.76,43667225,0.0,0.0
2008-03-12 00:00:00+08:00,37.7,37.82,37.17,37.58,47048930,0.0,0.0
2008-03-13 00:00:00+08:00,36.93,37.41,36.23,36.52,42630896,0.0,0.0
2008-03-14 00:00:00+08:00,36.82,36.87,35.7,35.99,45962098,0.0,0.0
2008-03-17 00:00:00+08:00,35.34,35.52,35.05,35.28,91075740,0.0,0.0
2008-03-18 00:00:00+08:00,35.28,35.7,35.05,35.28,47983242,0.0,0.0
2008-03-19 00:00:00+08:00,36.23,36.58,35.81,36.58,43634903,0.0,0.0
2008-03-20 00:00:00+08:00,36.34,37.05,35.93,36.87,54806246,0.0,0.0
2008-03-21 00:00:00+08:00,37.46,38.23,37.46,38.17,102541013,0.0,0.0
2008-03-24 00:00:00+08:00,40.82,40.82,39.64,39.7,131630948,0.0,0.0
2008-03-25 00:00:00+08:00,39.7,39.7,39.11,39.58,88833390,0.0,0.0
2008-03-26 00:00:00+08:00,38.76,39.47,38.58,39.47,54853719,0.0,0.0
2008-03-27 00:00:00+08:00,38.29,38.35,37.46,37.58,55009270,0.0,0.0
2008-03-28 00:00:00+08:00,36.64,37.29,36.52,36.7,110883158,0.0,0.0
2008-03-31 00:00:00+08:00,36.34,37.17,35.99,37.17,74797497,0.0,0.0
2008-04-01 00:00:00+08:00,36.82,37.41,36.4,36.4,49433699,0.0,0.0
2008-04-02 00:00:00+08:00,37.41,38.29,37.17,37.7,64325120,0.0,0.0
2008-04-03 00:00:00+08:00,37.7,38.23,37.64,37.94,28688938,0.0,0.0
2008-04-07 00:00:00+08:00,37.88,38.35,37.82,38.29,46050984238,0.0,0.0
2008-04-08 00:00:00+08:00,38.05,38.29,37.46,37.94,42646047,0.0,0.0
2008-04-09 00:00:00+08:00,37.11,37.99,36.99,37.17,43211685,0.0,0.0
2008-04-10 00:00:00+08:00,37.23,38.47,37.17,37.99,47965061,0.0,0.0
2008-04-11 00:00:00+08:00,37.88,38.05,37.41,37.76,37326023,0.0,0.0
2008-04-14 00:00:00+08:00,37.29,37.46,37.11,37.11,36523020,0.0,0.0
2008-04-15 00:00:00+08:00,37.11,37.58,36.99,37.11,38509822,0.0,0.0
2008-04-16 00:00:00+08:00,37.7,38.41,37.52,38.41,46918631,0.0,0.0
2008-04-17 00:00:00+08:00,39.53,39.76,39.23,39.53,102502630,0.0,0.0
2008-04-18 00:00:00+08:00,39.35,39.35,38.88,39.35,34048355,0.0,0.0
2008-04-21 00:00:00+08:00,39.35,39.76,39.35,39.7,39365349375,0.0,0.0
2008-04-22 00:00:00+08:00,39.64,39.64,39.23,39.64,38568406,0.0,0.0
2008-04-23 00:00:00+08:00,38.88,38.88,38.05,38.05,71430943,0.0,0.0
2008-04-24 00:00:00+08:00,37.94,37.99,37.41,37.64,64370573,0.0,0.0
2008-04-25 00:00:00+08:00,37.7,38.23,37.7,38.11,48321615,0.0,0.0
2008-04-28 00:00:00+08:00,37.7,39.17,37.41,39.17,76233812,0.0,0.0
2008-04-29 00:00:00+08:00,39.17,39.47,38.11,38.11,54811297,0.0,0.0
2008-04-30 00:00:00+08:00,38.41,39.58,38.41,39.29,79222601,0.0,0.0
2008-05-02 00:00:00+08:00,40.06,40.17,39.82,40.06,92729220214,0.0,0.0
2008-05-05 00:00:00+08:00,40.06,40.11,39.05,39.58,44992433,0.0,0.0
2008-05-06 00:00:00+08:00,39.7,40.06,39.35,40.06,33356459,0.0,0.0
2008-05-07 00:00:00+08:00,40.47,40.64,40.11,40.17,53091152,0.0,0.0
2008-05-08 00:00:00+08:00,40.06,40.06,38.88,39.76,47647900,0.0,0.0
2008-05-09 00:00:00+08:00,39.76,39.88,38.94,39.05,43383396,0.0,0.0
2008-05-12 00:00:00+08:00,39.35,39.94,38.94,39.82,28053606,0.0,0.0
2008-05-13 00:00:00+08:00,40.23,40.59,39.82,40.59,64676623,0.0,0.0
2008-05-14 00:00:00+08:00,40.64,40.76,40.11,40.41,67232093,0.0,0.0
2008-05-15 00:00:00+08:00,40.53,40.59,40.0,40.41,84659793,0.0,0.0
2008-05-16 00:00:00+08:00,40.41,40.82,40.41,40.76,97350277,0.0,0.0
2008-05-19 00:00:00+08:00,40.76,41.12,40.76,40.88,82585115,0.0,0.0
2008-05-20 00:00:00+08:00,40.76,40.94,39.7,40.17,76617638,0.0,0.0
2008-05-21 00:00:00+08:00,39.94,40.0,39.47,39.64,43023812,0.0,0.0
2008-05-22 00:00:00+08:00,39.0,39.41,38.82,39.41,44796480,0.0,0.0
2008-05-23 00:00:00+08:00,38.88,39.23,38.58,38.58,60767663,0.0,0.0
2008-05-26 00:00:00+08:00,38.17,38.76,37.99,38.58,49128659,0.0,0.0
2008-05-27 00:00:00+08:00,39.17,39.17,38.41,38.76,32916070,0.0,0.0
2008-05-28 00:00:00+08:00,39.35,39.76,39.23,39.47,109790265,0.0,0.0
2008-05-29 00:00:00+08:00,40.06,40.11,39.53,39.53,103415731,0.0,0.0
2008-05-30 00:00:00+08:00,40.0,40.06,38.64,38.64,180901017,0.0,0.0
2008-06-02 00:00:00+08:00,39.17,39.82,39.05,39.82,52833585,0.0,0.0
2008-06-03 00:00:00+08:00,39.7,39.82,38.94,38.94,62414073,0.0,0.0
2008-06-04 00:00:00+08:00,39.0,39.64,39.0,39.53,34817016,0.0,0.0
2008-06-05 00:00:00+08:00,39.7,39.94,39.17,39.94,81693225,0.0,0.0
2008-06-06 00:00:00+08:00,40.47,40.59,40.29,40.29,84141628,0.0,0.0
2008-06-09 00:00:00+08:00,39.47,39.47,38.35,38.47,107090355,0.0,0.0
2008-06-10 00:00:00+08:00,38.29,38.41,37.64,37.64,89169743,0.0,0.0
2008-06-11 00:00:00+08:00,37.99,38.82,37.82,38.82,46983276,0.0,0.0
2008-06-12 00:00:00+08:00,37.99,38.52,37.7,38.17,74684369,0.0,0.0
2008-06-13 00:00:00+08:00,38.41,38.52,38.17,38.17,52043712,0.0,0.0
2008-06-16 00:00:00+08:00,38.76,38.88,38.47,38.82,35600828,0.0,0.0
2008-06-17 00:00:00+08:00,38.29,38.52,38.17,38.41,44224782,0.0,0.0
2008-06-18 00:00:00+08:00,38.23,38.82,38.05,38.58,34896812,0.0,0.0
2008-06-19 00:00:00+08:00,37.88,38.29,37.41,37.88,65880623,0.0,0.0
2008-06-20 00:00:00+08:00,37.99,38.23,37.23,37.52,67444207746,0.0,0.0
2008-06-23 00:00:00+08:00,37.23,38.05,36.87,37.76,49626622,0.0,0.0
2008-06-24 00:00:00+08:00,38.29,38.35,37.82,37.82,60810086,0.0,0.0
2008-06-25 00:00:00+08:00,37.99,39.17,37.88,39.0,92978706,0.0,0.0
2008-06-26 00:00:00+08:00,39.29,39.29,38.05,38.29,53469927,0.0,0.0
2008-06-27 00:00:00+08:00,37.17,38.29,36.93,37.7,177331439,0.0,0.0
2008-06-30 00:00:00+08:00,37.64,38.35,37.41,38.29,88412192,0.0,0.0
2008-07-01 00:00:00+08:00,37.7,38.35,37.7,37.82,32120137,0.0,0.0
2008-07-02 00:00:00+08:00,37.7,37.82,36.4,36.4,80100349,0.0,0.0
2008-07-03 00:00:00+08:00,35.05,35.58,33.87,34.64,117381930,0.0,0.0
2008-07-04 00:00:00+08:00,34.93,35.28,34.4,34.75,56226401,0.0,0.0
2008-07-07 00:00:00+08:00,35.17,35.64,34.64,35.4,41049131,0.0,0.0
2008-07-08 00:00:00+08:00,35.28,35.28,34.34,34.7,65377610,0.0,0.0
2008-07-09 00:00:00+08:00,35.05,35.76,34.81,35.05,54682008,0.0,0.0
2008-07-10 00:00:00+08:00,34.7,35.52,34.58,35.05,42522819,0.0,0.0
2008-07-11 00:00:00+08:00,35.64,37.11,35.23,36.76,60408079,0.0,0.0
2008-07-14 00:00:00+08:00,35.99,36.46,35.4,35.7,40530966,0.0,0.0
2008-07-15 00:00:00+08:00,34.93,35.05,33.93,33.93,63559489,0.0,0.0
2008-07-16 00:00:00+08:00,34.13,34.13,33.25,33.63,86539545,3.01,1.0
2008-07-17 00:00:00+08:00,34.94,35.94,34.94,35.94,68844510,0.0,0.0
2008-07-18 00:00:00+08:00,36.88,37.13,35.63,36.25,68904810,0.0,0.0
2008-07-21 00:00:00+08:00,37.13,37.75,37.13,37.38,55555395,0.0,0.0
2008-07-22 00:00:00+08:00,37.06,37.06,35.75,36.19,64985310,0.0,0.0
2008-07-23 00:00:00+08:00,36.56,36.56,35.69,36.0,72415275,0.0,0.0
2008-07-24 00:00:00+08:00,36.38,36.81,36.31,36.81,40385925,0.0,0.0
2008-07-25 00:00:00+08:00,36.38,36.38,35.75,36.13,35268465,0.0,0.0
2008-07-28 00:00:00+08:00,36.13,36.13,36.13,36.13,0,0.0,0.0
2008-07-29 00:00:00+08:00,35.0,35.0,33.94,34.38,73118775,0.0,0.0
2008-07-30 00:00:00+08:00,35.5,35.63,35.0,35.63,50989680,0.0,0.0
2008-07-31 00:00:00+08:00,35.63,35.69,34.81,35.13,50981640,0.0,0.0
2008-08-01 00:00:00+08:00,34.38,35.38,34.38,35.0,37225200,0.0,0.0
2008-08-04 00:00:00+08:00,34.75,35.0,34.44,34.81,23351175,0.0,0.0
2008-08-05 00:00:00+08:00,35.13,35.13,34.38,34.63,60352260,0.0,0.0
2008-08-06 00:00:00+08:00,35.88,36.88,35.75,36.75,82447185,0.0,0.0
2008-08-07 00:00:00+08:00,36.94,37.38,36.63,37.19,45290224,0.0,0.0
2008-08-08 00:00:00+08:00,37.19,37.88,37.19,37.81,77002095,0.0,0.0
2008-08-11 00:00:00+08:00,38.44,38.63,37.81,37.88,48411855,0.0,0.0
2008-08-12 00:00:00+08:00,38.25,38.56,38.06,38.25,63225555,0.0,0.0
2008-08-13 00:00:00+08:00,38.63,38.88,38.19,38.25,56098095,0.0,0.0
2008-08-14 00:00:00+08:00,38.13,38.19,37.5,37.81,41157765,0.0,0.0
2008-08-15 00:00:00+08:00,38.06,38.38,37.5,37.88,50530395,0.0,0.0
2008-08-18 00:00:00+08:00,38.0,38.19,37.5,37.56,49773630,0.0,0.0
2008-08-19 00:00:00+08:00,37.0,37.75,36.81,37.5,50736420,0.0,0.0
2008-08-20 00:00:00+08:00,37.0,37.94,37.0,37.5,37273440,0.0,0.0
2008-08-21 00:00:00+08:00,37.06,37.25,36.94,37.13,46564665,0.0,0.0
2008-08-22 00:00:00+08:00,37.44,37.75,37.13,37.63,52435875,0.0,0.0
2008-08-25 00:00:00+08:00,37.5,38.13,37.13,37.81,52525320,0.0,0.0
2008-08-26 00:00:00+08:00,37.5,37.63,37.13,37.5,52961490,0.0,0.0
2008-08-27 00:00:00+08:00,37.44,38.19,37.19,37.75,65996340,0.0,0.0
2008-08-28 00:00:00+08:00,37.44,37.81,37.31,37.56,80459295,0.0,0.0
2008-08-29 00:00:00+08:00,37.44,37.5,36.81,36.81,78159855,0.0,0.0
2008-09-01 00:00:00+08:00,36.0,36.0,35.0,35.38,119573895,0.0,0.0
2008-09-02 00:00:00+08:00,35.0,35.0,33.81,33.94,116539800,0.0,0.0
2008-09-03 00:00:00+08:00,34.06,34.69,33.88,34.38,78947775,0.0,0.0
2008-09-04 00:00:00+08:00,33.25,34.19,33.13,33.38,71765040,0.0,0.0
2008-09-05 00:00:00+08:00,32.63,33.44,32.38,33.13,81669315,0.0,0.0
2008-09-08 00:00:00+08:00,34.69,35.44,34.63,35.44,64699890,0.0,0.0
2008-09-09 00:00:00+08:00,34.38,34.81,33.88,33.94,50564565,0.0,0.0
2008-09-10 00:00:00+08:00,33.5,34.06,33.25,33.56,66204375,0.0,0.0
2008-09-11 00:00:00+08:00,33.5,33.5,32.31,32.69,72654465000,0.0,0.0
2008-09-12 00:00:00+08:00,33.0,33.19,32.56,32.94,37015155,0.0,0.0
2008-09-15 00:00:00+08:00,33.0,33.19,31.88,32.31,41212035,0.0,0.0
2008-09-16 00:00:00+08:00,31.69,32.69,31.69,31.88,60774360,0.0,0.0
2008-09-17 00:00:00+08:00,33.75,34.06,33.0,33.06,85298370,0.0,0.0
2008-09-18 00:00:00+08:00,32.19,33.5,32.19,32.5,123948660,0.0,0.0
2008-09-19 00:00:00+08:00,34.13,34.75,33.75,34.75,130290210,0.0,0.0
2008-09-22 00:00:00+08:00,35.69,35.69,34.75,34.88,60327135,0.0,0.0
2008-09-23 00:00:00+08:00,34.19,34.94,34.19,34.38,56568435,0.0,0.0
2008-09-24 00:00:00+08:00,33.75,33.88,33.31,33.31,39469365,0.0,0.0
2008-09-25 00:00:00+08:00,33.0,33.94,33.0,33.13,39524640000,0.0,0.0
2008-09-26 00:00:00+08:00,33.19,33.38,32.5,33.38,71671575,0.0,0.0
2008-09-29 00:00:00+08:00,33.38,33.38,33.38,33.38,0,0.0,0.0
2008-09-30 00:00:00+08:00,31.25,32.81,31.13,32.81,78348795,0.0,0.0
2008-10-01 00:00:00+08:00,33.75,33.75,32.81,32.81,43628055,0.0,0.0
2008-10-02 00:00:00+08:00,30.63,33.19,30.53,32.13,43619010,0.0,0.0
2008-10-03 00:00:00+08:00,34.31,34.31,31.38,32.13,56136285,0.0,0.0
2008-10-06 00:00:00+08:00,34.31,34.31,30.63,30.63,59422635,0.0,0.0
2008-10-07 00:00:00+08:00,32.75,32.75,29.97,31.06,48947520,0.0,0.0
2008-10-08 00:00:00+08:00,31.06,31.06,28.91,28.91,86231010,0.0,0.0
2008-10-09 00:00:00+08:00,30.91,30.91,26.91,28.81,64536075,0.0,0.0
2008-10-13 00:00:00+08:00,27.81,29.44,27.81,29.16,93667005,0.0,0.0
2008-10-14 00:00:00+08:00,31.19,31.19,30.78,31.19,90937425,0.0,0.0
2008-10-15 00:00:00+08:00,33.31,33.31,30.13,30.13,68217390,0.0,0.0
2008-10-16 00:00:00+08:00,32.19,32.19,29.09,29.09,16615665,0.0,0.0
2008-10-17 00:00:00+08:00,31.13,31.13,28.09,28.09,52474065,0.0,0.0
2008-10-20 00:00:00+08:00,27.13,27.81,27.13,27.63,74536830,0.0,0.0
2008-10-21 00:00:00+08:00,29.53,29.53,26.72,27.56,72999180,0.0,0.0
2008-10-22 00:00:00+08:00,29.47,29.47,26.63,26.63,48494265,0.0,0.0
2008-10-23 00:00:00+08:00,25.72,25.72,25.72,25.72,27365145,0.0,0.0
2008-10-24 00:00:00+08:00,27.5,27.5,24.84,24.84,60111060,0.0,0.0
2008-10-27 00:00:00+08:00,26.56,26.56,23.13,23.94,64823505,0.0,0.0
2008-10-28 00:00:00+08:00,25.59,25.59,22.81,24.81,84327540,0.0,0.0
2008-10-29 00:00:00+08:00,26.53,26.53,26.06,26.25,102281865,0.0,0.0
2008-10-30 00:00:00+08:00,24.44,28.06,24.44,28.06,73326810,0.0,0.0
2008-10-31 00:00:00+08:00,26.13,30.0,26.13,30.0,108091770,0.0,0.0
2008-11-03 00:00:00+08:00,32.06,32.06,28.75,29.38,59412585,0.0,0.0
2008-11-04 00:00:00+08:00,31.38,31.38,29.19,30.0,58564365,0.0,0.0
2008-11-05 00:00:00+08:00,32.06,32.06,29.53,30.0,74490600,0.0,0.0
2008-11-06 00:00:00+08:00,32.06,32.06,27.91,27.91,39522630,0.0,0.0
2008-11-07 00:00:00+08:00,25.97,27.91,25.97,27.19,98908080,0.0,0.0
2008-11-10 00:00:00+08:00,28.75,28.75,26.19,27.0,63185355,0.0,0.0
2008-11-11 00:00:00+08:00,27.0,27.5,26.25,26.94,38927670,0.0,0.0
2008-11-12 00:00:00+08:00,28.81,28.81,26.66,27.13,58458840,0.0,0.0
2008-11-13 00:00:00+08:00,29.0,29.0,25.31,25.31,57074955,0.0,0.0
2008-11-14 00:00:00+08:00,23.56,26.25,23.56,26.06,45642075,0.0,0.0
2008-11-17 00:00:00+08:00,24.25,27.88,24.25,25.5,43537605,0.0,0.0
2008-11-18 00:00:00+08:00,27.28,27.28,23.94,24.06,69764085000,0.0,0.0
2008-11-19 00:00:00+08:00,24.06,24.63,23.75,23.75,50393715000,0.0,0.0
2008-11-20 00:00:00+08:00,22.09,23.38,22.09,23.0,43302435000,0.0,0.0
2008-11-21 00:00:00+08:00,21.41,24.56,21.41,24.06,56183520000,0.0,0.0
2008-11-24 00:00:00+08:00,22.41,24.06,22.41,23.31,50246985,0.0,0.0
2008-11-25 00:00:00+08:00,21.69,24.94,21.69,24.94,82679340,0.0,0.0
2008-11-26 00:00:00+08:00,23.22,25.19,23.22,24.38,57932220,0.0,0.0
2008-11-27 00:00:00+08:00,26.06,26.06,25.34,25.56,62983350000,0.0,0.0
2008-11-28 00:00:00+08:00,25.56,25.72,25.25,25.5,50929380,0.0,0.0
2008-12-01 00:00:00+08:00,27.28,27.28,24.88,25.5,62615520,0.0,0.0
2008-12-02 00:00:00+08:00,27.28,27.28,23.72,23.72,83978805,0.0,0.0
2008-12-03 00:00:00+08:00,25.38,25.38,22.81,23.22,73562985,0.0,0.0
2008-12-04 00:00:00+08:00,24.84,24.84,23.13,23.16,59691975000,0.0,0.0
2008-12-05 00:00:00+08:00,21.56,23.66,21.56,23.25,40846215,0.0,0.0
2008-12-08 00:00:00+08:00,21.63,24.88,21.63,24.88,101543190,0.0,0.0
2008-12-09 00:00:00+08:00,23.16,25.5,23.16,25.5,79399020000,0.0,0.0
2008-12-10 00:00:00+08:00,23.72,27.28,23.72,27.28,113429325000,0.0,0.0
2008-12-11 00:00:00+08:00,29.19,29.19,27.19,28.06,82269300000,0.0,0.0
2008-12-12 00:00:00+08:00,30.0,30.0,26.13,26.13,68770140000,0.0,0.0
2008-12-15 00:00:00+08:00,27.94,27.94,27.13,27.16,68397285,0.0,0.0
2008-12-16 00:00:00+08:00,29.03,29.03,26.5,27.81,58276935,0.0,0.0
2008-12-17 00:00:00+08:00,25.88,28.81,25.88,28.75,87302340,0.0,0.0
2008-12-18 00:00:00+08:00,26.75,28.75,26.75,28.13,49571625,0.0,0.0
2008-12-19 00:00:00+08:00,29.38,29.38,28.09,28.09,39498510000,0.0,0.0
2008-12-22 00:00:00+08:00,30.03,30.03,27.5,27.88,51111285,0.0,0.0
2008-12-23 00:00:00+08:00,25.94,27.78,25.94,27.41,38107590,0.0,0.0
2008-12-24 00:00:00+08:00,29.31,29.31,26.88,27.13,30835410000,0.0,0.0
2008-12-25 00:00:00+08:00,25.25,27.13,25.25,26.94,6107385000,0.0,0.0
2008-12-26 00:00:00+08:00,28.81,28.81,26.75,27.13,7415895000,0.0,0.0
2008-12-29 00:00:00+08:00,27.13,27.25,26.63,27.09,17648805000,0.0,0.0
2008-12-30 00:00:00+08:00,25.22,28.44,25.22,28.25,30441450000,0.0,0.0
2008-12-31 00:00:00+08:00,26.28,28.44,26.28,27.75,20743200000,0.0,0.0
2009-01-02 00:00:00+08:00,27.75,27.75,27.75,27.75,0,0.0,0.0
2009-01-05 00:00:00+08:00,27.75,29.44,27.75,28.91,41163795000,0.0,0.0
2009-01-06 00:00:00+08:00,28.91,28.91,28.13,28.5,34246380,0.0,0.0
2009-01-07 00:00:00+08:00,26.88,29.03,26.88,27.84,70769085,0.0,0.0
2009-01-08 00:00:00+08:00,25.91,27.19,25.91,25.97,88934460,0.0,0.0
2009-01-09 00:00:00+08:00,24.16,26.5,24.16,25.63,68485725,0.0,0.0
2009-01-12 00:00:00+08:00,27.41,27.41,25.31,26.03,49417860,0.0,0.0
2009-01-13 00:00:00+08:00,27.84,27.84,26.06,27.38,72003225,0.0,0.0
2009-01-14 00:00:00+08:00,29.28,29.28,26.88,26.88,45100380,0.0,0.0
2009-01-15 00:00:00+08:00,25.0,25.81,25.0,25.63,73444395,0.0,0.0
2009-01-16 00:00:00+08:00,23.84,26.25,23.84,26.06,32827320,0.0,0.0
2009-01-19 00:00:00+08:00,25.91,25.91,25.56,25.63,36530745000,0.0,0.0
2009-01-20 00:00:00+08:00,27.41,27.41,24.75,24.75,81333645,0.0,0.0
2009-01-21 00:00:00+08:00,26.47,26.47,24.19,25.13,65519970,0.0,0.0
2009-02-02 00:00:00+08:00,26.88,26.88,25.34,26.13,112945920,0.0,0.0
2009-02-03 00:00:00+08:00,27.94,27.94,26.44,26.78,88523415,0.0,0.0
2009-02-04 00:00:00+08:00,24.94,26.91,24.94,26.81,83271285,0.0,0.0
2009-02-05 00:00:00+08:00,24.94,27.06,24.94,26.5,69793230,0.0,0.0
2009-02-06 00:00:00+08:00,28.34,28.34,27.44,27.94,100351260,0.0,0.0
2009-02-09 00:00:00+08:00,26.0,29.13,26.0,28.44,104560200,0.0,0.0
2009-02-10 00:00:00+08:00,30.41,30.41,28.0,28.03,44570745,0.0,0.0
2009-02-11 00:00:00+08:00,29.97,29.97,27.5,28.78,80546730,0.0,0.0
2009-02-12 00:00:00+08:00,26.78,29.03,26.78,28.34,68792250,0.0,0.0
2009-02-13 00:00:00+08:00,26.38,28.91,26.38,28.72,49684185,0.0,0.0
2009-02-16 00:00:00+08:00,30.72,30.72,28.59,28.66,51524340,0.0,0.0
2009-02-17 00:00:00+08:00,30.66,30.66,26.91,27.38,69379170,0.0,0.0
2009-02-18 00:00:00+08:00,25.63,28.31,25.63,27.88,57631725,0.0,0.0
2009-02-19 00:00:00+08:00,29.81,29.81,27.5,28.38,57849810,0.0,0.0
2009-02-20 00:00:00+08:00,30.34,30.34,27.41,27.44,71748960,0.0,0.0
2009-02-23 00:00:00+08:00,29.34,29.34,27.19,28.13,48933450,0.0,0.0
2009-02-24 00:00:00+08:00,26.16,27.75,26.16,27.5,59968350,0.0,0.0
2009-02-25 00:00:00+08:00,29.41,29.41,27.69,27.94,53483085,0.0,0.0
2009-02-26 00:00:00+08:00,26.0,28.28,26.0,28.13,51748455,0.0,0.0
2009-02-27 00:00:00+08:00,26.16,28.41,26.16,28.09,59610570,0.0,0.0
2009-03-02 00:00:00+08:00,30.03,30.03,27.59,27.97,101285910,0.0,0.0
2009-03-03 00:00:00+08:00,26.03,28.03,26.03,27.88,58369395,0.0,0.0
2009-03-04 00:00:00+08:00,25.94,28.75,25.94,28.75,84194880,0.0,0.0
2009-03-05 00:00:00+08:00,30.75,30.75,28.75,29.13,78208095,0.0,0.0
2009-03-06 00:00:00+08:00,27.09,30.47,27.09,30.31,101923080,0.0,0.0
2009-03-09 00:00:00+08:00,32.38,32.38,29.38,30.16,69829410,0.0,0.0
2009-03-10 00:00:00+08:00,30.16,30.16,29.06,29.47,76816170,0.0,0.0
2009-03-11 00:00:00+08:00,31.5,31.5,30.0,30.44,84086340,0.0,0.0
2009-03-12 00:00:00+08:00,32.56,32.56,29.97,30.16,51724335,0.0,0.0
2009-03-13 00:00:00+08:00,28.06,31.25,28.06,30.94,114907680,0.0,0.0
2009-03-16 00:00:00+08:00,33.06,33.06,31.16,31.25,74268495,0.0,0.0
2009-03-17 00:00:00+08:00,33.44,33.44,31.03,31.25,58131210,0.0,0.0
2009-03-18 00:00:00+08:00,29.06,31.56,29.06,31.5,80529645,0.0,0.0
2009-03-19 00:00:00+08:00,33.13,33.13,30.69,30.75,50981640,0.0,0.0
2009-03-20 00:00:00+08:00,32.88,32.88,29.81,29.81,62498940,0.0,0.0
2009-03-23 00:00:00+08:00,29.81,31.5,29.81,31.44,59197515,0.0,0.0
2009-03-24 00:00:00+08:00,29.25,32.75,29.25,32.75,62127090,0.0,0.0
2009-03-25 00:00:00+08:00,30.47,33.13,30.47,32.63,74241360,0.0,0.0
2009-03-26 00:00:00+08:00,34.88,34.88,31.94,32.31,61318065,0.0,0.0
2009-03-27 00:00:00+08:00,32.31,32.88,32.25,32.44,53753430,0.0,0.0
2009-03-30 00:00:00+08:00,32.44,32.5,31.75,32.5,46200855,0.0,0.0
2009-03-31 00:00:00+08:00,30.25,33.0,30.25,32.13,69573135,0.0,0.0
2009-04-02 00:00:00+08:00,29.5,32.81,29.5,32.75,84861195,0.0,0.0
2009-04-03 00:00:00+08:00,30.47,33.63,30.47,32.88,69842475,0.0,0.0
2009-04-06 00:00:00+08:00,35.13,35.13,32.25,32.75,77220180,0.0,0.0
2009-04-07 00:00:00+08:00,35.0,35.0,31.88,32.56,75857400,0.0,0.0
2009-04-08 00:00:00+08:00,30.31,32.19,30.31,31.38,112552965,0.0,0.0
2009-04-09 00:00:00+08:00,31.25,32.75,31.25,32.75,85832025,0.0,0.0
2009-04-10 00:00:00+08:00,30.47,33.13,30.47,33.13,43027065,0.0,0.0
2009-04-13 00:00:00+08:00,30.81,33.44,30.81,32.94,57354345,0.0,0.0
2009-04-14 00:00:00+08:00,35.19,35.19,32.06,32.81,72156990,0.0,0.0
2009-04-15 00:00:00+08:00,30.53,32.81,30.53,32.5,89649015,0.0,0.0
2009-04-16 00:00:00+08:00,34.75,34.75,31.94,32.06,93780570,0.0,0.0
2009-04-17 00:00:00+08:00,29.84,32.75,29.84,31.5,153010245,0.0,0.0
2009-04-20 00:00:00+08:00,29.31,32.44,29.31,32.44,78258345,0.0,0.0
2009-04-21 00:00:00+08:00,30.19,32.25,30.19,32.25,64313970,0.0,0.0
2009-04-22 00:00:00+08:00,34.5,34.5,31.56,31.69,67226460,0.0,0.0
2009-04-23 00:00:00+08:00,29.5,32.13,29.5,32.06,62227590,0.0,0.0
2009-04-24 00:00:00+08:00,29.84,32.38,29.84,31.56,82606980,0.0,0.0
2009-04-27 00:00:00+08:00,31.25,31.88,31.25,31.56,63072795,0.0,0.0
2009-04-28 00:00:00+08:00,29.38,32.19,29.38,31.88,55329270,0.0,0.0
2009-04-29 00:00:00+08:00,29.66,32.38,29.66,32.25,58527180,0.0,0.0
2009-04-30 00:00:00+08:00,30.0,34.5,30.0,34.5,155433300,0.0,0.0
2009-05-04 00:00:00+08:00,32.13,36.88,32.13,36.88,177780480,0.0,0.0
2009-05-05 00:00:00+08:00,34.31,38.06,34.31,36.25,131490180,0.0,0.0
2009-05-06 00:00:00+08:00,36.25,36.25,35.38,35.94,176802615,0.0,0.0
2009-05-07 00:00:00+08:00,33.44,35.94,33.44,35.31,141852735,0.0,0.0
2009-05-08 00:00:00+08:00,35.31,35.63,34.63,35.19,96870945,0.0,0.0
2009-05-11 00:00:00+08:00,32.75,35.63,32.75,35.13,77070435,0.0,0.0
2009-05-12 00:00:00+08:00,32.69,35.0,32.69,34.63,83635095,0.0,0.0
2009-05-13 00:00:00+08:00,34.63,35.5,34.56,35.25,94040865,0.0,0.0
2009-05-14 00:00:00+08:00,32.81,34.63,32.81,34.06,82343670,0.0,0.0
2009-05-15 00:00:00+08:00,31.69,34.88,31.69,34.25,64244625,0.0,0.0
2009-05-18 00:00:00+08:00,34.25,35.0,33.88,35.0,62795415,0.0,0.0
2009-05-19 00:00:00+08:00,35.0,35.63,35.0,35.63,91570575,0.0,0.0
2009-05-20 00:00:00+08:00,35.63,35.63,34.81,35.13,64667730,0.0,0.0
2009-05-21 00:00:00+08:00,32.69,35.5,32.69,35.38,64073775,0.0,0.0
2009-05-22 00:00:00+08:00,35.38,35.44,34.94,35.13,57527205,0.0,0.0
2009-05-25 00:00:00+08:00,32.69,35.56,32.69,34.81,50797725,0.0,0.0
2009-05-26 00:00:00+08:00,37.19,37.19,34.75,35.38,62398440,0.0,0.0
2009-05-27 00:00:00+08:00,35.38,37.75,35.38,37.75,183899925,0.0,0.0
2009-06-01 00:00:00+08:00,37.75,37.88,36.56,36.88,102013530,0.0,0.0
2009-06-02 00:00:00+08:00,36.88,37.5,36.88,37.44,80862300,0.0,0.0
2009-06-03 00:00:00+08:00,40.0,40.0,36.75,37.38,73274550,0.0,0.0
2009-06-04 00:00:00+08:00,39.94,39.94,35.63,36.19,81700470,0.0,0.0
2009-06-05 00:00:00+08:00,38.69,38.69,35.63,35.88,42436125,0.0,0.0
2009-06-08 00:00:00+08:00,33.56,36.31,33.56,35.38,55954380,0.0,0.0
2009-06-09 00:00:00+08:00,37.81,37.81,35.0,35.06,75314700,0.0,0.0
2009-06-10 00:00:00+08:00,37.5,37.5,35.81,36.38,55321230,0.0,0.0
2009-06-11 00:00:00+08:00,36.25,36.44,35.31,36.44,54057945,0.0,0.0
2009-06-12 00:00:00+08:00,36.13,36.13,35.0,35.0,87307365,0.0,0.0
2009-06-15 00:00:00+08:00,34.13,34.38,32.88,33.31,98056845,0.0,0.0
2009-06-16 00:00:00+08:00,33.25,33.94,32.81,33.5,78092520,0.0,0.0
2009-06-17 00:00:00+08:00,33.06,33.06,32.38,32.5,83768760,0.0,0.0
2009-06-18 00:00:00+08:00,33.31,33.31,32.5,32.94,62847675,0.0,0.0
2009-06-19 00:00:00+08:00,32.63,32.81,32.31,32.69,66898830,0.0,0.0
2009-06-22 00:00:00+08:00,31.88,33.19,31.88,33.13,48037995,0.0,0.0
2009-06-23 00:00:00+08:00,32.38,32.38,32.06,32.06,59505045,0.0,0.0
2009-06-24 00:00:00+08:00,32.25,34.25,32.19,33.06,122965770,0.0,0.0
2009-06-25 00:00:00+08:00,33.44,33.69,33.19,33.56,56556375,0.0,0.0
2009-06-26 00:00:00+08:00,33.63,34.06,33.44,34.0,68721900,0.0,0.0
2009-06-29 00:00:00+08:00,34.06,34.06,33.19,33.38,64387335,0.0,0.0
2009-06-30 00:00:00+08:00,34.13,34.19,33.63,34.19,45144600,0.0,0.0
2009-07-01 00:00:00+08:00,33.94,34.69,33.5,34.38,46831995,0.0,0.0
2009-07-02 00:00:00+08:00,34.31,34.56,34.06,34.44,34404165,0.0,0.0
2009-07-03 00:00:00+08:00,33.81,34.38,33.81,34.38,27359115,0.0,0.0
2009-07-06 00:00:00+08:00,34.44,34.56,33.88,34.0,33242385,0.0,0.0
2009-07-07 00:00:00+08:00,34.0,34.75,33.94,34.63,37127715,0.0,0.0
2009-07-08 00:00:00+08:00,34.19,34.19,33.81,34.0,58099050,0.0,0.0
2009-07-09 00:00:00+08:00,34.0,35.06,33.94,34.56,60531150,0.0,0.0
2009-07-10 00:00:00+08:00,35.0,35.13,34.63,35.06,52935360,0.0,0.0
2009-07-13 00:00:00+08:00,35.75,35.81,34.0,34.38,67172190,0.0,0.0
2009-07-14 00:00:00+08:00,34.69,35.13,34.56,34.88,88881195,0.0,0.0
2009-07-15 00:00:00+08:00,35.45,36.51,35.25,35.58,73533000,2.98,1.0
2009-07-16 00:00:00+08:00,36.51,36.64,35.85,35.91,49572000,0.0,0.0
2009-07-17 00:00:00+08:00,36.44,36.51,35.78,35.85,54577000,0.0,0.0
2009-07-20 00:00:00+08:00,36.44,36.64,36.18,36.38,69655000,0.0,0.0
2009-07-21 00:00:00+08:00,36.51,36.84,36.25,36.84,67895000,0.0,0.0
2009-07-22 00:00:00+08:00,36.64,36.91,36.31,36.71,55795000,0.0,0.0
2009-07-23 00:00:00+08:00,36.84,37.64,36.78,37.51,69194000,0.0,0.0
2009-07-24 00:00:00+08:00,37.84,38.04,37.71,37.97,81642000,0.0,0.0
2009-07-27 00:00:00+08:00,37.97,38.44,37.77,38.24,49935000,0.0,0.0
2009-07-28 00:00:00+08:00,38.24,38.44,37.9,38.44,48101000,0.0,0.0
2009-07-29 00:00:00+08:00,38.5,38.5,37.11,37.51,56781000,0.0,0.0
2009-07-30 00:00:00+08:00,37.24,37.44,36.64,37.17,62361000,0.0,0.0
2009-07-31 00:00:00+08:00,38.7,39.3,38.57,39.1,196178000,0.0,0.0
2009-08-03 00:00:00+08:00,38.9,38.9,37.9,38.7,69991000,0.0,0.0
2009-08-04 00:00:00+08:00,38.9,39.03,37.64,38.24,62034000,0.0,0.0
2009-08-05 00:00:00+08:00,38.44,38.5,37.57,37.77,53365000,0.0,0.0
2009-08-06 00:00:00+08:00,38.17,38.17,37.51,37.71,53205000,0.0,0.0
2009-08-07 00:00:00+08:00,37.71,37.71,37.71,37.71,0,0.0,0.0
2009-08-10 00:00:00+08:00,38.04,38.7,37.84,38.37,69103000,0.0,0.0
2009-08-11 00:00:00+08:00,38.04,38.24,37.51,37.9,64378000,0.0,0.0
2009-08-12 00:00:00+08:00,37.9,38.17,37.51,38.17,42908000,0.0,0.0
2009-08-13 00:00:00+08:00,38.5,38.9,38.17,38.9,79925000,0.0,0.0
2009-08-14 00:00:00+08:00,39.3,39.43,38.83,39.1,51220000,0.0,0.0
2009-08-17 00:00:00+08:00,39.17,39.3,38.1,38.37,48628000,0.0,0.0
2009-08-18 00:00:00+08:00,37.9,38.37,37.57,38.24,32027000,0.0,0.0
2009-08-19 00:00:00+08:00,38.17,38.44,38.04,38.1,21153000,0.0,0.0
2009-08-20 00:00:00+08:00,38.1,38.37,37.51,38.3,25658000,0.0,0.0
2009-08-21 00:00:00+08:00,38.5,38.57,37.51,37.71,42051000,0.0,0.0
2009-08-24 00:00:00+08:00,38.37,39.17,38.24,38.77,59282000,0.0,0.0
2009-08-25 00:00:00+08:00,38.9,39.17,38.7,38.97,35268000,0.0,0.0
2009-08-26 00:00:00+08:00,38.97,39.17,38.5,39.17,50183000,0.0,0.0
2009-08-27 00:00:00+08:00,38.83,39.1,38.44,39.03,30410000,0.0,0.0
2009-08-28 00:00:00+08:00,39.17,39.5,38.7,39.5,49629000,0.0,0.0
2009-08-31 00:00:00+08:00,39.56,39.7,38.83,39.3,45013000,0.0,0.0
2009-09-01 00:00:00+08:00,39.43,40.49,38.97,40.49,84266000,0.0,0.0
2009-09-02 00:00:00+08:00,40.1,40.36,39.56,39.56,61298000,0.0,0.0
2009-09-03 00:00:00+08:00,39.96,39.96,39.37,39.7,42433000,0.0,0.0
2009-09-04 00:00:00+08:00,39.96,39.96,39.5,39.83,44401000,0.0,0.0
2009-09-07 00:00:00+08:00,39.9,41.16,39.63,41.16,74764000,0.0,0.0
2009-09-08 00:00:00+08:00,41.16,41.89,40.76,41.62,70265000,0.0,0.0
2009-09-09 00:00:00+08:00,41.69,41.82,41.16,41.16,50654000,0.0,0.0
2009-09-10 00:00:00+08:00,42.95,43.15,41.16,42.15,96349000,0.0,0.0
2009-09-11 00:00:00+08:00,41.69,41.69,41.09,41.42,47431000,0.0,0.0
2009-09-14 00:00:00+08:00,41.42,41.49,40.36,40.83,44672000,0.0,0.0
2009-09-15 00:00:00+08:00,40.49,41.62,40.49,41.49,36111000,0.0,0.0
2009-09-16 00:00:00+08:00,41.56,42.09,41.49,41.62,35054000,0.0,0.0
2009-09-17 00:00:00+08:00,41.82,41.82,41.16,41.49,38573000,0.0,0.0
2009-09-18 00:00:00+08:00,41.16,41.62,41.02,41.62,46352000,0.0,0.0
2009-09-21 00:00:00+08:00,41.49,41.56,40.83,41.36,33473000,0.0,0.0
2009-09-22 00:00:00+08:00,41.16,41.69,41.16,41.49,24321000,0.0,0.0
2009-09-23 00:00:00+08:00,41.62,41.75,40.76,41.36,34755000,0.0,0.0
2009-09-24 00:00:00+08:00,41.16,41.16,40.16,40.36,54162000,0.0,0.0
2009-09-25 00:00:00+08:00,40.49,40.69,40.1,40.56,45106000,0.0,0.0
2009-09-28 00:00:00+08:00,40.76,40.76,40.16,40.29,27489000,0.0,0.0
2009-09-29 00:00:00+08:00,41.16,42.29,41.16,42.29,82548000,0.0,0.0
2009-09-30 00:00:00+08:00,42.29,43.15,42.29,42.82,102127000,0.0,0.0
2009-10-01 00:00:00+08:00,43.15,43.28,42.35,43.15,54800000,0.0,0.0
2009-10-02 00:00:00+08:00,41.82,42.02,41.49,41.62,77795000,0.0,0.0
2009-10-05 00:00:00+08:00,41.16,41.29,40.83,41.16,60826000,0.0,0.0
2009-10-06 00:00:00+08:00,41.16,41.82,40.89,41.42,81906000,0.0,0.0
2009-10-07 00:00:00+08:00,41.82,41.82,40.96,41.22,62388000,0.0,0.0
2009-10-08 00:00:00+08:00,40.63,41.02,40.43,40.43,82064000,0.0,0.0
2009-10-09 00:00:00+08:00,40.36,40.69,40.29,40.56,67762000,0.0,0.0
2009-10-12 00:00:00+08:00,41.02,41.02,40.23,40.63,36486000,0.0,0.0
2009-10-13 00:00:00+08:00,40.23,41.02,40.03,41.02,51266000,0.0,0.0
2009-10-14 00:00:00+08:00,41.49,42.15,41.36,42.15,85334000,0.0,0.0
2009-10-15 00:00:00+08:00,42.49,42.49,41.82,42.35,62541000,0.0,0.0
2009-10-16 00:00:00+08:00,41.49,41.82,41.02,41.09,75045000,0.0,0.0
2009-10-19 00:00:00+08:00,40.96,41.09,40.49,40.76,103211000,0.0,0.0
2009-10-20 00:00:00+08:00,41.02,41.36,41.02,41.16,67524000,0.0,0.0
2009-10-21 00:00:00+08:00,40.96,41.29,40.69,40.89,48816000,0.0,0.0
2009-10-22 00:00:00+08:00,41.29,41.29,40.49,41.02,72693000,0.0,0.0
2009-10-23 00:00:00+08:00,41.16,41.22,40.83,40.83,36966000,0.0,0.0
2009-10-26 00:00:00+08:00,41.02,41.36,40.83,40.83,36720000,0.0,0.0
2009-10-27 00:00:00+08:00,40.83,41.09,40.56,40.69,49427000,0.0,0.0
2009-10-28 00:00:00+08:00,40.69,40.83,40.16,40.16,62705000,0.0,0.0
2009-10-29 00:00:00+08:00,39.83,40.23,39.17,40.03,103965000,0.0,0.0
2009-10-30 00:00:00+08:00,40.76,40.76,39.83,39.83,65520000,0.0,0.0
2009-11-02 00:00:00+08:00,39.5,39.96,39.3,39.7,38079000,0.0,0.0
2009-11-03 00:00:00+08:00,39.63,39.63,39.23,39.3,52726000,0.0,0.0
2009-11-04 00:00:00+08:00,39.3,39.63,39.17,39.56,64073000,0.0,0.0
2009-11-05 00:00:00+08:00,39.76,39.83,39.43,39.63,43726000,0.0,0.0
2009-11-06 00:00:00+08:00,40.03,40.03,39.63,39.83,44520000,0.0,0.0
2009-11-09 00:00:00+08:00,40.16,40.16,39.7,39.83,34813000,0.0,0.0
2009-11-10 00:00:00+08:00,40.1,40.16,39.83,40.16,40584000,0.0,0.0
2009-11-11 00:00:00+08:00,40.49,41.49,40.43,41.29,94778000,0.0,0.0
2009-11-12 00:00:00+08:00,41.49,41.69,41.09,41.29,102770000,0.0,0.0
2009-11-13 00:00:00+08:00,41.02,41.29,40.83,41.02,43120000,0.0,0.0
2009-11-16 00:00:00+08:00,41.42,41.62,41.29,41.42,59633000,0.0,0.0
2009-11-17 00:00:00+08:00,41.82,41.95,41.22,41.56,57822000,0.0,0.0
2009-11-18 00:00:00+08:00,41.82,41.95,41.62,41.75,54524000,0.0,0.0
2009-11-19 00:00:00+08:00,41.75,41.95,41.62,41.75,40088000,0.0,0.0
2009-11-20 00:00:00+08:00,41.69,41.69,40.76,40.96,50419000,0.0,0.0
2009-11-23 00:00:00+08:00,40.76,41.22,40.76,41.16,25386000,0.0,0.0
2009-11-24 00:00:00+08:00,41.29,41.49,41.02,41.42,25992000,0.0,0.0
2009-11-25 00:00:00+08:00,41.29,41.82,41.29,41.62,46553000,0.0,0.0
2009-11-26 00:00:00+08:00,41.69,41.82,41.02,41.16,31172000,0.0,0.0
2009-11-27 00:00:00+08:00,40.56,40.69,39.83,39.83,93737000,0.0,0.0
2009-11-30 00:00:00+08:00,40.49,40.69,40.29,40.56,32695000,0.0,0.0
2009-12-01 00:00:00+08:00,40.83,40.89,40.1,40.29,53946000,0.0,0.0
2009-12-02 00:00:00+08:00,40.76,40.83,40.16,40.36,38474000,0.0,0.0
2009-12-03 00:00:00+08:00,40.89,41.02,40.49,40.83,54543000,0.0,0.0
2009-12-04 00:00:00+08:00,40.83,41.09,40.69,40.83,26379000,0.0,0.0
2009-12-07 00:00:00+08:00,41.16,41.69,41.16,41.49,46543000,0.0,0.0
2009-12-08 00:00:00+08:00,41.75,41.75,41.09,41.42,39388000,0.0,0.0
2009-12-09 00:00:00+08:00,41.29,41.42,41.09,41.42,37770000,0.0,0.0
2009-12-10 00:00:00+08:00,41.69,41.69,40.49,40.69,62875000,0.0,0.0
2009-12-11 00:00:00+08:00,41.09,41.56,40.76,41.56,40997000,0.0,0.0
2009-12-14 00:00:00+08:00,41.22,41.69,41.16,41.62,38704000,0.0,0.0
2009-12-15 00:00:00+08:00,41.49,41.62,41.29,41.62,27949000,0.0,0.0
2009-12-16 00:00:00+08:00,41.49,41.49,40.83,41.02,49488000,0.0,0.0
2009-12-17 00:00:00+08:00,41.22,41.42,40.83,41.29,33109000,0.0,0.0
2009-12-18 00:00:00+08:00,40.83,41.09,40.69,41.09,32071000,0.0,0.0
2009-12-21 00:00:00+08:00,41.42,41.69,41.29,41.29,52334000,0.0,0.0
2009-12-22 00:00:00+08:00,41.56,41.75,41.49,41.75,43944000,0.0,0.0
2009-12-23 00:00:00+08:00,41.82,42.15,41.69,42.09,65488000,0.0,0.0
2009-12-24 00:00:00+08:00,42.09,42.29,42.02,42.22,56297000,0.0,0.0
2009-12-25 00:00:00+08:00,42.42,42.42,41.89,42.09,20204000,0.0,0.0
2009-12-28 00:00:00+08:00,42.09,42.49,42.09,42.29,39136000,0.0,0.0
2009-12-29 00:00:00+08:00,42.29,42.29,41.75,42.02,28498000,0.0,0.0
2009-12-30 00:00:00+08:00,42.02,42.49,42.02,42.42,59566000,0.0,0.0
2009-12-31 00:00:00+08:00,42.75,42.82,42.42,42.82,51979000,0.0,0.0
2010-01-04 00:00:00+08:00,43.15,43.15,42.49,43.08,39407000,0.0,0.0
2010-01-05 00:00:00+08:00,43.15,43.22,42.42,42.82,37138000,0.0,0.0
2010-01-06 00:00:00+08:00,42.82,43.08,42.29,43.08,49261000,0.0,0.0
2010-01-07 00:00:00+08:00,43.08,43.15,42.62,42.62,42134000,0.0,0.0
2010-01-08 00:00:00+08:00,42.15,42.68,42.15,42.49,46076000,0.0,0.0
2010-01-11 00:00:00+08:00,42.49,43.08,42.15,42.82,36799000,0.0,0.0
2010-01-12 00:00:00+08:00,42.75,42.75,42.02,42.22,49853000,0.0,0.0
2010-01-13 00:00:00+08:00,41.82,41.89,41.56,41.69,47976000,0.0,0.0
2010-01-14 00:00:00+08:00,42.22,42.22,41.82,41.95,36149000,0.0,0.0
2010-01-15 00:00:00+08:00,41.75,42.15,41.69,42.15,47852000,0.0,0.0
2010-01-18 00:00:00+08:00,41.69,41.89,41.69,41.75,30136000,0.0,0.0
2010-01-19 00:00:00+08:00,41.82,41.95,41.16,41.49,47202000,0.0,0.0
2010-01-20 00:00:00+08:00,41.75,41.95,41.29,41.82,52281000,0.0,0.0
2010-01-21 00:00:00+08:00,41.82,41.82,41.22,41.56,24738000,0.0,0.0
2010-01-22 00:00:00+08:00,40.83,40.96,40.49,40.56,63918000,0.0,0.0
2010-01-25 00:00:00+08:00,39.9,40.36,39.9,40.1,62151000,0.0,0.0
2010-01-26 00:00:00+08:00,40.23,40.63,39.83,39.9,79112000,0.0,0.0
2010-01-27 00:00:00+08:00,39.9,40.1,39.5,39.56,52639000,0.0,0.0
2010-01-28 00:00:00+08:00,40.16,40.83,39.7,39.83,43988000,0.0,0.0
2010-01-29 00:00:00+08:00,39.9,40.83,39.43,40.83,91560000,0.0,0.0
2010-02-01 00:00:00+08:00,40.29,40.29,39.5,39.7,75480000,0.0,0.0
2010-02-02 00:00:00+08:00,39.96,40.1,39.17,39.17,65510000,0.0,0.0
2010-02-03 00:00:00+08:00,39.96,40.03,39.03,39.7,42426000,0.0,0.0
2010-02-04 00:00:00+08:00,39.83,39.83,39.17,39.23,42564000,0.0,0.0
2010-02-05 00:00:00+08:00,38.24,38.44,37.97,37.97,62227000,0.0,0.0
2010-02-08 00:00:00+08:00,38.5,38.63,37.84,38.1,45247000,0.0,0.0
2010-02-09 00:00:00+08:00,38.77,39.3,38.3,38.9,45754000,0.0,0.0
2010-02-10 00:00:00+08:00,39.17,39.3,38.63,38.77,53679000,0.0,0.0
2010-02-22 00:00:00+08:00,40.16,40.16,39.17,39.17,47519000,0.0,0.0
2010-02-23 00:00:00+08:00,39.56,39.76,39.23,39.7,50343000,0.0,0.0
2010-02-24 00:00:00+08:00,39.3,39.3,38.77,38.83,54884000,0.0,0.0
2010-02-25 00:00:00+08:00,38.83,39.1,38.44,38.63,55655000,0.0,0.0
2010-02-26 00:00:00+08:00,38.63,39.1,38.5,39.03,30877000,0.0,0.0
2010-03-01 00:00:00+08:00,39.5,39.76,38.63,39.56,60146000,0.0,0.0
2010-03-02 00:00:00+08:00,40.16,40.16,39.5,39.76,53495000,0.0,0.0
2010-03-03 00:00:00+08:00,39.56,39.9,39.56,39.83,32150000,0.0,0.0
2010-03-04 00:00:00+08:00,39.7,39.7,38.77,39.3,53405000,0.0,0.0
2010-03-05 00:00:00+08:00,39.7,40.1,39.56,40.1,59062000,0.0,0.0
2010-03-08 00:00:00+08:00,40.43,40.63,40.23,40.63,43993000,0.0,0.0
2010-03-09 00:00:00+08:00,40.63,40.76,40.36,40.69,29829000,0.0,0.0
2010-03-10 00:00:00+08:00,40.69,40.76,40.36,40.76,30540000,0.0,0.0
2010-03-11 00:00:00+08:00,40.89,41.02,40.63,40.76,25340000,0.0,0.0
2010-03-12 00:00:00+08:00,40.76,40.83,40.23,40.36,67894000,0.0,0.0
2010-03-15 00:00:00+08:00,40.69,40.69,39.7,39.7,37911000,0.0,0.0
2010-03-16 00:00:00+08:00,39.9,39.96,39.63,39.63,29394000,0.0,0.0
2010-03-17 00:00:00+08:00,40.16,40.43,39.76,40.16,68876000,0.0,0.0
2010-03-18 00:00:00+08:00,39.9,40.23,39.83,40.1,70048000,0.0,0.0
2010-03-19 00:00:00+08:00,39.83,40.03,39.63,39.83,45829000,0.0,0.0
2010-03-22 00:00:00+08:00,39.56,39.56,39.03,39.17,47044000,0.0,0.0
2010-03-23 00:00:00+08:00,39.5,39.9,39.5,39.56,48107000,0.0,0.0
2010-03-24 00:00:00+08:00,39.9,40.36,39.9,40.23,46973000,0.0,0.0
2010-03-25 00:00:00+08:00,40.43,40.83,39.96,40.83,62713000,0.0,0.0
2010-03-26 00:00:00+08:00,40.69,41.16,40.03,41.16,77332000,0.0,0.0
2010-03-29 00:00:00+08:00,41.16,41.36,40.96,41.29,37464000,0.0,0.0
2010-03-30 00:00:00+08:00,41.42,41.42,40.96,41.29,29950000,0.0,0.0
2010-03-31 00:00:00+08:00,41.29,41.29,40.83,40.83,39228000,0.0,0.0
2010-04-01 00:00:00+08:00,40.83,41.49,40.83,41.22,54656000,0.0,0.0
2010-04-02 00:00:00+08:00,41.49,41.49,41.22,41.42,17299000,0.0,0.0
2010-04-06 00:00:00+08:00,41.69,42.15,41.69,42.09,52915000,0.0,0.0
2010-04-07 00:00:00+08:00,42.15,42.15,41.89,42.15,48336000,0.0,0.0
2010-04-08 00:00:00+08:00,41.69,41.82,41.22,41.36,48530000,0.0,0.0
2010-04-09 00:00:00+08:00,41.09,41.82,41.09,41.62,31569000,0.0,0.0
2010-04-12 00:00:00+08:00,42.02,42.09,41.69,41.89,34914000,0.0,0.0
2010-04-13 00:00:00+08:00,41.82,41.89,41.22,41.75,42708000,0.0,0.0
2010-04-14 00:00:00+08:00,41.89,42.35,41.75,42.35,55548000,0.0,0.0
2010-04-15 00:00:00+08:00,42.82,43.08,42.49,42.75,70894000,0.0,0.0
2010-04-16 00:00:00+08:00,42.22,42.29,41.75,41.82,49654000,0.0,0.0
2010-04-19 00:00:00+08:00,41.49,41.95,41.42,41.56,66249000,0.0,0.0
2010-04-20 00:00:00+08:00,41.75,41.82,41.42,41.69,37426000,0.0,0.0
2010-04-21 00:00:00+08:00,41.75,41.89,41.36,41.42,44895000,0.0,0.0
2010-04-22 00:00:00+08:00,41.02,41.02,40.36,40.89,90506000,0.0,0.0
2010-04-23 00:00:00+08:00,41.09,41.42,40.89,40.96,48869000,0.0,0.0
2010-04-26 00:00:00+08:00,41.42,42.22,41.42,42.15,67358000,0.0,0.0
2010-04-27 00:00:00+08:00,42.15,42.29,41.89,42.29,25300000,0.0,0.0
2010-04-28 00:00:00+08:00,41.22,41.56,41.16,41.22,72599000,0.0,0.0
2010-04-29 00:00:00+08:00,41.29,41.29,40.89,40.89,40178000,0.0,0.0
2010-04-30 00:00:00+08:00,41.02,41.62,41.02,41.02,43339000,0.0,0.0
2010-05-03 00:00:00+08:00,41.56,41.56,40.76,40.89,22418000,0.0,0.0
2010-05-04 00:00:00+08:00,41.09,41.16,40.36,40.49,38039000,0.0,0.0
2010-05-05 00:00:00+08:00,39.76,39.96,39.7,39.7,93944000,0.0,0.0
2010-05-06 00:00:00+08:00,39.7,39.76,39.3,39.5,48824000,0.0,0.0
2010-05-07 00:00:00+08:00,38.9,39.9,38.83,39.43,61514000,0.0,0.0
2010-05-10 00:00:00+08:00,39.43,39.83,39.17,39.7,56272000,0.0,0.0
2010-05-11 00:00:00+08:00,40.1,40.23,39.76,39.9,67770000,0.0,0.0
2010-05-12 00:00:00+08:00,40.49,40.49,39.83,39.9,27694000,0.0,0.0
2010-05-13 00:00:00+08:00,40.23,40.83,40.16,40.63,39828000,0.0,0.0
2010-05-14 00:00:00+08:00,40.29,40.83,40.16,40.63,31551000,0.0,0.0
2010-05-17 00:00:00+08:00,40.16,40.16,39.23,39.3,73173000,0.0,0.0
2010-05-18 00:00:00+08:00,39.56,39.83,39.43,39.5,30445000,0.0,0.0
2010-05-19 00:00:00+08:00,39.17,39.56,38.9,39.37,48408000,0.0,0.0
2010-05-20 00:00:00+08:00,39.5,39.63,39.1,39.1,31637000,0.0,0.0
2010-05-21 00:00:00+08:00,38.7,39.23,38.44,39.03,45655000,0.0,0.0
2010-05-24 00:00:00+08:00,39.56,39.56,38.97,39.17,19294000,0.0,0.0
2010-05-25 00:00:00+08:00,39.03,39.1,38.57,38.77,48371000,0.0,0.0
2010-05-26 00:00:00+08:00,39.1,39.17,38.83,39.1,42766000,0.0,0.0
2010-05-27 00:00:00+08:00,38.83,39.37,38.3,38.97,55467000,0.0,0.0
2010-05-28 00:00:00+08:00,39.1,39.43,38.7,38.97,61106000,0.0,0.0
2010-05-31 00:00:00+08:00,39.23,39.96,39.03,39.96,25365000,0.0,0.0
2010-06-01 00:00:00+08:00,39.76,39.83,39.3,39.7,27295000,0.0,0.0
2010-06-02 00:00:00+08:00,39.7,40.1,39.37,39.7,35241000,0.0,0.0
2010-06-03 00:00:00+08:00,40.36,40.49,40.16,40.36,46916000,0.0,0.0
2010-06-04 00:00:00+08:00,40.16,40.49,39.96,40.49,41837000,0.0,0.0
2010-06-07 00:00:00+08:00,39.63,39.63,38.97,39.3,69197000,0.0,0.0
2010-06-08 00:00:00+08:00,39.1,39.3,38.77,38.83,40396000,0.0,0.0
2010-06-09 00:00:00+08:00,38.77,39.17,38.7,38.9,45955000,0.0,0.0
2010-06-10 00:00:00+08:00,39.7,39.7,39.03,39.43,28784000,0.0,0.0
2010-06-11 00:00:00+08:00,39.96,40.16,39.83,40.16,41097000,0.0,0.0
2010-06-14 00:00:00+08:00,40.43,40.76,40.43,40.56,44867000,0.0,0.0
2010-06-15 00:00:00+08:00,40.69,41.09,40.29,40.76,37382000,0.0,0.0
2010-06-17 00:00:00+08:00,41.16,41.36,40.96,41.22,55896000,0.0,0.0
2010-06-18 00:00:00+08:00,41.42,41.62,41.02,41.62,46267000,0.0,0.0
2010-06-21 00:00:00+08:00,41.89,42.29,41.89,42.02,68207000,0.0,0.0
2010-06-22 00:00:00+08:00,42.02,42.02,41.56,41.56,30437000,0.0,0.0
2010-06-23 00:00:00+08:00,41.16,41.49,41.16,41.22,37155000,0.0,0.0
2010-06-24 00:00:00+08:00,41.22,41.29,40.96,41.16,35311000,0.0,0.0
2010-06-25 00:00:00+08:00,40.83,41.09,40.69,40.76,30548000,0.0,0.0
2010-06-28 00:00:00+08:00,40.63,40.96,40.56,40.96,20466000,0.0,0.0
2010-06-29 00:00:00+08:00,41.16,41.56,40.49,40.49,47903000,0.0,0.0
2010-06-30 00:00:00+08:00,40.03,40.49,40.03,40.23,58283000,0.0,0.0
2010-07-01 00:00:00+08:00,40.23,40.23,39.83,39.96,15325000,0.0,0.0
2010-07-02 00:00:00+08:00,39.83,40.29,39.83,40.03,66885000,0.0,0.0
2010-07-05 00:00:00+08:00,40.03,41.02,40.03,40.76,86939000,0.0,0.0
2010-07-06 00:00:00+08:00,41.11,41.81,41.04,41.81,69631000,3.0,0.0
2010-07-07 00:00:00+08:00,41.74,41.81,41.32,41.53,59093000,0.0,0.0
2010-07-08 00:00:00+08:00,41.95,42.15,41.67,42.15,50323000,0.0,0.0
2010-07-09 00:00:00+08:00,42.15,42.22,41.81,42.15,37986000,0.0,0.0
2010-07-12 00:00:00+08:00,42.29,42.29,41.74,41.74,44157000,0.0,0.0
2010-07-13 00:00:00+08:00,41.81,42.02,41.53,41.6,37431000,0.0,0.0
2010-07-14 00:00:00+08:00,42.15,42.36,42.02,42.15,59702000,0.0,0.0
2010-07-15 00:00:00+08:00,42.15,42.22,41.95,42.08,32938000,0.0,0.0
2010-07-16 00:00:00+08:00,42.22,42.22,41.74,41.81,29874000,0.0,0.0
2010-07-19 00:00:00+08:00,41.53,42.78,41.46,42.64,56238000,0.0,0.0
2010-07-20 00:00:00+08:00,42.78,43.13,42.57,42.92,53905000,0.0,0.0
2010-07-21 00:00:00+08:00,43.2,43.2,42.92,43.13,41172000,0.0,0.0
2010-07-22 00:00:00+08:00,43.2,43.48,42.78,43.27,45274000,0.0,0.0
2010-07-23 00:00:00+08:00,43.69,43.97,43.55,43.83,65925000,0.0,0.0
2010-07-26 00:00:00+08:00,43.97,44.04,43.48,43.69,26958000,0.0,0.0
2010-07-27 00:00:00+08:00,43.97,43.97,43.48,43.62,20942000,0.0,0.0
2010-07-28 00:00:00+08:00,43.48,43.97,43.41,43.97,26119000,0.0,0.0
2010-07-29 00:00:00+08:00,43.97,43.97,43.69,43.97,38043000,0.0,0.0
2010-07-30 00:00:00+08:00,43.55,43.55,42.85,43.55,43549000,0.0,0.0
2010-08-02 00:00:00+08:00,43.69,43.83,43.34,43.48,48015000,0.0,0.0
2010-08-03 00:00:00+08:00,43.69,43.69,43.06,43.27,32913000,0.0,0.0
2010-08-04 00:00:00+08:00,43.27,43.41,42.99,43.27,20350000,0.0,0.0
2010-08-05 00:00:00+08:00,43.27,43.27,43.13,43.2,21813000,0.0,0.0
2010-08-06 00:00:00+08:00,42.99,43.06,42.29,42.5,62419000,0.0,0.0
2010-08-09 00:00:00+08:00,42.22,42.5,42.15,42.36,56912000,0.0,0.0
2010-08-10 00:00:00+08:00,42.5,42.85,42.43,42.57,62187000,0.0,0.0
2010-08-11 00:00:00+08:00,42.43,42.71,42.36,42.57,28506000,0.0,0.0
2010-08-12 00:00:00+08:00,42.02,42.29,41.95,42.02,65513000,0.0,0.0
2010-08-13 00:00:00+08:00,42.02,42.29,41.81,41.95,64069000,0.0,0.0
2010-08-16 00:00:00+08:00,41.88,42.08,41.6,42.08,39691000,0.0,0.0
2010-08-17 00:00:00+08:00,42.22,42.22,41.74,41.74,37445000,0.0,0.0
2010-08-18 00:00:00+08:00,41.88,42.08,41.53,41.6,42369000,0.0,0.0
2010-08-19 00:00:00+08:00,41.53,42.15,41.53,41.95,45753000,0.0,0.0
2010-08-20 00:00:00+08:00,41.74,42.02,41.67,41.81,30073000,0.0,0.0
2010-08-23 00:00:00+08:00,41.81,42.5,41.6,41.95,27530000,0.0,0.0
2010-08-24 00:00:00+08:00,41.88,41.95,41.6,41.6,30548000,0.0,0.0
2010-08-25 00:00:00+08:00,41.46,41.46,40.9,40.97,70486000,0.0,0.0
2010-08-26 00:00:00+08:00,40.9,41.25,40.83,41.04,33540000,0.0,0.0
2010-08-27 00:00:00+08:00,40.97,41.11,40.83,41.04,43374000,0.0,0.0
2010-08-30 00:00:00+08:00,41.32,41.6,41.11,41.46,27583000,0.0,0.0
2010-08-31 00:00:00+08:00,41.18,41.18,40.76,41.11,77308000,0.0,0.0
2010-09-01 00:00:00+08:00,41.39,41.39,40.97,41.25,33670000,0.0,0.0
2010-09-02 00:00:00+08:00,41.88,41.95,41.46,41.53,25353000,0.0,0.0
2010-09-03 00:00:00+08:00,41.39,41.81,41.39,41.74,38247000,0.0,0.0
2010-09-06 00:00:00+08:00,42.15,42.22,41.95,42.22,25773000,0.0,0.0
2010-09-07 00:00:00+08:00,42.22,42.29,41.95,42.02,20235000,0.0,0.0
2010-09-08 00:00:00+08:00,41.6,41.81,41.11,41.39,66266000,0.0,0.0
2010-09-09 00:00:00+08:00,41.67,41.67,41.32,41.53,21194000,0.0,0.0
2010-09-10 00:00:00+08:00,41.53,41.67,41.25,41.39,32620000,0.0,0.0
2010-09-13 00:00:00+08:00,41.6,42.5,41.46,42.5,86590000,0.0,0.0
2010-09-14 00:00:00+08:00,42.71,42.71,42.36,42.57,33482000,0.0,0.0
2010-09-15 00:00:00+08:00,42.71,42.71,42.22,42.71,39289000,0.0,0.0
2010-09-16 00:00:00+08:00,42.43,42.57,42.22,42.22,27832000,0.0,0.0
2010-09-17 00:00:00+08:00,42.57,42.85,42.29,42.71,49333000,0.0,0.0
2010-09-20 00:00:00+08:00,42.92,43.27,42.78,43.27,65877000,0.0,0.0
2010-09-21 00:00:00+08:00,43.48,43.48,42.99,43.13,32205000,0.0,0.0
2010-09-23 00:00:00+08:00,42.5,42.5,41.81,41.88,106168000,0.0,0.0
2010-09-24 00:00:00+08:00,41.67,42.02,41.6,41.95,58578000,0.0,0.0
2010-09-27 00:00:00+08:00,42.43,42.43,42.15,42.36,57033000,0.0,0.0
2010-09-28 00:00:00+08:00,42.36,42.71,42.29,42.57,48335000,0.0,0.0
2010-09-29 00:00:00+08:00,42.92,43.2,42.57,42.92,79436000,0.0,0.0
2010-09-30 00:00:00+08:00,43.06,43.27,42.99,43.27,56151000,0.0,0.0
2010-10-01 00:00:00+08:00,43.41,43.48,43.06,43.27,38944000,0.0,0.0
2010-10-04 00:00:00+08:00,43.27,43.34,42.99,43.2,25742000,0.0,0.0
2010-10-05 00:00:00+08:00,43.06,43.06,42.5,42.64,28432000,0.0,0.0
2010-10-06 00:00:00+08:00,43.2,43.27,42.92,43.13,34117000,0.0,0.0
2010-10-07 00:00:00+08:00,42.85,43.06,42.57,42.78,37414000,0.0,0.0
2010-10-08 00:00:00+08:00,42.57,43.13,42.57,43.13,54186000,0.0,0.0
2010-10-11 00:00:00+08:00,43.27,43.27,42.64,42.92,24273000,0.0,0.0
2010-10-12 00:00:00+08:00,42.92,42.92,42.15,42.57,27854000,0.0,0.0
2010-10-13 00:00:00+08:00,42.78,42.78,42.15,42.57,28950000,0.0,0.0
2010-10-14 00:00:00+08:00,42.85,43.27,42.78,43.13,45889000,0.0,0.0
2010-10-15 00:00:00+08:00,42.78,43.2,42.71,43.2,29898000,0.0,0.0
2010-10-18 00:00:00+08:00,42.85,43.13,42.15,42.22,32498000,0.0,0.0
2010-10-19 00:00:00+08:00,42.29,42.36,41.95,42.36,34442000,0.0,0.0
2010-10-20 00:00:00+08:00,42.22,42.64,42.15,42.57,34445000,0.0,0.0
2010-10-21 00:00:00+08:00,42.78,42.85,42.43,42.57,37243000,0.0,0.0
2010-10-22 00:00:00+08:00,43.06,43.13,42.85,43.13,42883000,0.0,0.0
2010-10-25 00:00:00+08:00,43.27,43.41,43.13,43.27,38467000,0.0,0.0
2010-10-26 00:00:00+08:00,43.41,43.48,43.27,43.48,37835000,0.0,0.0
2010-10-27 00:00:00+08:00,43.48,43.55,43.2,43.27,26552000,0.0,0.0
2010-10-28 00:00:00+08:00,43.55,43.97,43.34,43.76,61848000,0.0,0.0
2010-10-29 00:00:00+08:00,43.97,44.04,43.62,43.83,67800000,0.0,0.0
2010-11-01 00:00:00+08:00,44.25,44.32,43.97,44.32,76051000,0.0,0.0
2010-11-02 00:00:00+08:00,43.97,44.25,43.97,44.18,24276000,0.0,0.0
2010-11-03 00:00:00+08:00,44.32,44.67,44.18,44.6,44405000,0.0,0.0
2010-11-04 00:00:00+08:00,44.6,44.74,44.39,44.6,32641000,0.0,0.0
2010-11-05 00:00:00+08:00,45.02,45.09,44.53,44.81,43711000,0.0,0.0
2010-11-08 00:00:00+08:00,44.81,44.81,44.04,44.18,23591000,0.0,0.0
2010-11-09 00:00:00+08:00,44.18,44.67,44.04,44.67,25317000,0.0,0.0
2010-11-10 00:00:00+08:00,44.67,44.88,44.46,44.81,37637000,0.0,0.0
2010-11-11 00:00:00+08:00,44.6,44.81,44.46,44.46,31688000,0.0,0.0
2010-11-12 00:00:00+08:00,44.39,44.67,43.97,43.97,29650000,0.0,0.0
2010-11-15 00:00:00+08:00,44.53,44.67,44.11,44.6,27583000,0.0,0.0
2010-11-16 00:00:00+08:00,44.88,45.16,44.74,45.02,55027000,0.0,0.0
2010-11-17 00:00:00+08:00,44.81,45.02,44.39,44.53,51345000,0.0,0.0
2010-11-18 00:00:00+08:00,44.46,44.6,43.97,44.18,39053000,0.0,0.0
2010-11-19 00:00:00+08:00,44.39,44.67,43.97,44.46,23769000,0.0,0.0
2010-11-22 00:00:00+08:00,44.39,44.88,44.11,44.53,25384000,0.0,0.0
2010-11-23 00:00:00+08:00,44.46,44.53,44.18,44.25,30876000,0.0,0.0
2010-11-24 00:00:00+08:00,43.97,44.67,43.97,44.11,26848000,0.0,0.0
2010-11-25 00:00:00+08:00,44.53,45.02,44.32,44.95,34656000,0.0,0.0
2010-11-26 00:00:00+08:00,44.6,45.02,44.6,44.95,30955000,0.0,0.0
2010-11-29 00:00:00+08:00,45.09,45.16,44.53,44.88,33430000,0.0,0.0
2010-11-30 00:00:00+08:00,44.53,44.95,44.25,44.25,66488000,0.0,0.0
2010-12-01 00:00:00+08:00,44.53,45.09,44.53,45.09,58038000,0.0,0.0
2010-12-02 00:00:00+08:00,45.37,46.34,45.3,46.2,87811000,0.0,0.0
2010-12-03 00:00:00+08:00,46.62,48.85,46.55,47.67,124694000,0.0,0.0
2010-12-06 00:00:00+08:00,48.09,48.51,47.74,47.81,58644000,0.0,0.0
2010-12-07 00:00:00+08:00,47.81,47.88,47.18,47.46,58928000,0.0,0.0
2010-12-08 00:00:00+08:00,47.88,47.95,47.32,47.46,46509000,0.0,0.0
2010-12-09 00:00:00+08:00,48.16,48.92,48.02,48.85,91264000,0.0,0.0
2010-12-10 00:00:00+08:00,48.58,48.79,48.37,48.65,32731000,0.0,0.0
2010-12-13 00:00:00+08:00,48.85,49.13,48.16,48.44,36075000,0.0,0.0
2010-12-14 00:00:00+08:00,48.79,48.79,47.95,48.16,45977000,0.0,0.0
2010-12-15 00:00:00+08:00,47.88,48.92,47.81,48.85,56590000,0.0,0.0
2010-12-16 00:00:00+08:00,48.85,49.97,48.72,49.69,61923000,0.0,0.0
2010-12-17 00:00:00+08:00,50.25,52.34,49.97,50.88,108365000,0.0,0.0
2010-12-20 00:00:00+08:00,50.95,50.95,49.48,49.69,91134000,0.0,0.0
2010-12-21 00:00:00+08:00,49.9,49.97,49.41,49.76,35454000,0.0,0.0
2010-12-22 00:00:00+08:00,49.62,49.97,49.34,49.69,26216000,0.0,0.0
2010-12-23 00:00:00+08:00,50.11,50.11,49.34,49.55,35499000,0.0,0.0
2010-12-24 00:00:00+08:00,49.55,49.55,49.2,49.41,21468000,0.0,0.0
2010-12-27 00:00:00+08:00,49.41,49.41,48.85,49.34,29035000,0.0,0.0
2010-12-28 00:00:00+08:00,49.48,49.55,49.27,49.48,35961000,0.0,0.0
2010-12-29 00:00:00+08:00,49.41,49.41,48.99,49.27,40312000,0.0,0.0
2010-12-30 00:00:00+08:00,49.27,49.41,48.92,49.27,53976000,0.0,0.0
2010-12-31 00:00:00+08:00,49.2,50.46,49.06,49.55,143558000,0.0,0.0
2011-01-03 00:00:00+08:00,49.9,49.97,49.41,49.62,35149000,0.0,0.0
2011-01-04 00:00:00+08:00,49.55,49.97,49.41,49.69,35448000,0.0,0.0
2011-01-05 00:00:00+08:00,49.48,49.62,48.58,48.72,51755000,0.0,0.0
2011-01-06 00:00:00+08:00,48.72,49.55,48.65,49.55,46666000,0.0,0.0
2011-01-07 00:00:00+08:00,50.18,50.95,50.18,50.6,169755000,0.0,0.0
2011-01-10 00:00:00+08:00,50.95,51.79,50.67,51.79,66767000,0.0,0.0
2011-01-11 00:00:00+08:00,51.72,52.27,51.51,52.0,81911000,0.0,0.0
2011-01-12 00:00:00+08:00,52.14,52.34,52.14,52.27,53397000,0.0,0.0
2011-01-13 00:00:00+08:00,52.41,52.55,51.79,52.07,92995000,0.0,0.0
2011-01-14 00:00:00+08:00,51.93,52.2,51.72,52.2,28681000,0.0,0.0
2011-01-17 00:00:00+08:00,52.62,52.97,52.55,52.9,67207000,0.0,0.0
2011-01-18 00:00:00+08:00,52.69,54.02,52.48,53.6,56518000,0.0,0.0
2011-01-19 00:00:00+08:00,53.67,54.65,53.46,54.44,86839000,0.0,0.0
2011-01-20 00:00:00+08:00,53.74,53.74,53.11,53.32,43578000,0.0,0.0
2011-01-21 00:00:00+08:00,51.65,52.48,51.65,52.07,81340000,0.0,0.0
2011-01-24 00:00:00+08:00,52.48,52.62,52.07,52.55,40750000,0.0,0.0
2011-01-25 00:00:00+08:00,52.97,52.97,52.27,52.34,43750000,0.0,0.0
2011-01-26 00:00:00+08:00,52.07,52.48,51.86,52.07,66493000,0.0,0.0
2011-01-27 00:00:00+08:00,52.27,52.62,52.2,52.48,69734000,0.0,0.0
2011-01-28 00:00:00+08:00,52.48,53.67,52.27,53.25,97365000,0.0,0.0
2011-02-08 00:00:00+08:00,53.74,53.74,52.2,52.69,105232000,0.0,0.0
2011-02-09 00:00:00+08:00,52.69,52.76,51.51,51.51,79084000,0.0,0.0
2011-02-10 00:00:00+08:00,51.02,51.23,50.25,50.25,83493000,0.0,0.0
2011-02-11 00:00:00+08:00,50.39,50.53,49.48,49.83,111841000,0.0,0.0
2011-02-14 00:00:00+08:00,50.25,50.88,49.9,50.6,64830000,0.0,0.0
2011-02-15 00:00:00+08:00,50.53,51.02,49.83,50.6,56427000,0.0,0.0
2011-02-16 00:00:00+08:00,50.53,50.74,50.18,50.32,53849000,0.0,0.0
2011-02-17 00:00:00+08:00,50.53,50.88,49.97,50.6,49280000,0.0,0.0
2011-02-18 00:00:00+08:00,51.02,51.58,50.95,50.95,73532000,0.0,0.0
2011-02-21 00:00:00+08:00,51.02,51.23,50.46,51.23,37954000,0.0,0.0
2011-02-22 00:00:00+08:00,50.39,50.6,49.69,50.6,82528000,0.0,0.0
2011-02-23 00:00:00+08:00,49.9,50.18,49.2,49.55,78154000,0.0,0.0
2011-02-24 00:00:00+08:00,49.55,49.83,49.2,49.2,62708000,0.0,0.0
2011-02-25 00:00:00+08:00,49.27,49.62,48.79,49.2,78655000,0.0,0.0
2011-03-01 00:00:00+08:00,48.85,50.11,48.85,49.83,77441000,0.0,0.0
2011-03-02 00:00:00+08:00,49.41,49.55,49.13,49.13,52968000,0.0,0.0
2011-03-03 00:00:00+08:00,48.92,49.97,48.92,49.41,59349000,0.0,0.0
2011-03-04 00:00:00+08:00,49.9,50.25,49.76,50.11,55215000,0.0,0.0
2011-03-07 00:00:00+08:00,49.97,50.04,49.48,49.48,30090000,0.0,0.0
2011-03-08 00:00:00+08:00,49.2,50.11,49.2,49.9,49251000,0.0,0.0
2011-03-09 00:00:00+08:00,50.39,50.39,49.62,49.83,42715000,0.0,0.0
2011-03-10 00:00:00+08:00,50.32,50.32,48.92,49.2,61899000,0.0,0.0
2011-03-11 00:00:00+08:00,48.85,49.27,48.51,48.85,52528000,0.0,0.0
2011-03-14 00:00:00+08:00,49.06,49.2,48.23,49.06,47199000,0.0,0.0
2011-03-15 00:00:00+08:00,48.85,48.92,46.2,47.46,114456000,0.0,0.0
2011-03-16 00:00:00+08:00,48.02,48.23,47.53,47.81,60944000,0.0,0.0
2011-03-17 00:00:00+08:00,46.62,47.11,45.85,47.04,104629000,0.0,0.0
2011-03-18 00:00:00+08:00,47.32,47.74,46.9,47.67,55649000,0.0,0.0
2011-03-21 00:00:00+08:00,47.67,48.23,47.46,48.16,34725000,0.0,0.0
2011-03-22 00:00:00+08:00,48.51,48.51,47.74,47.88,31467000,0.0,0.0
2011-03-23 00:00:00+08:00,48.23,48.23,47.53,47.95,31189000,0.0,0.0
2011-03-24 00:00:00+08:00,48.23,48.92,48.16,48.44,44701000,0.0,0.0
2011-03-25 00:00:00+08:00,49.13,49.69,48.85,49.69,51518000,0.0,0.0
2011-03-28 00:00:00+08:00,49.27,49.55,49.06,49.55,28535000,0.0,0.0
2011-03-29 00:00:00+08:00,49.27,49.69,49.13,49.41,34785000,0.0,0.0
2011-03-30 00:00:00+08:00,49.06,49.41,48.85,49.06,60127000,0.0,0.0
2011-03-31 00:00:00+08:00,49.55,49.55,48.85,49.27,41950000,0.0,0.0
2011-04-01 00:00:00+08:00,49.34,49.41,48.92,49.34,26616000,0.0,0.0
2011-04-06 00:00:00+08:00,49.9,50.88,49.9,50.88,114050000,0.0,0.0
2011-04-07 00:00:00+08:00,50.95,50.95,50.46,50.81,45048000,0.0,0.0
2011-04-08 00:00:00+08:00,50.88,50.95,50.53,50.88,64884000,0.0,0.0
2011-04-11 00:00:00+08:00,50.95,50.95,49.48,49.62,42409000,0.0,0.0
2011-04-12 00:00:00+08:00,49.2,49.34,48.92,48.92,45901000,0.0,0.0
2011-04-13 00:00:00+08:00,48.92,49.41,48.85,49.34,27328000,0.0,0.0
2011-04-14 00:00:00+08:00,49.06,49.2,48.58,48.72,46816000,0.0,0.0
2011-04-15 00:00:00+08:00,48.85,48.85,48.23,48.3,51993000,0.0,0.0
2011-04-18 00:00:00+08:00,48.72,48.72,48.02,48.16,27120000,0.0,0.0
2011-04-19 00:00:00+08:00,47.81,47.81,47.46,47.53,42649000,0.0,0.0
2011-04-20 00:00:00+08:00,48.16,48.72,47.81,48.72,48039000,0.0,0.0
2011-04-21 00:00:00+08:00,49.34,49.76,49.06,49.34,50849000,0.0,0.0
2011-04-22 00:00:00+08:00,49.48,49.55,49.06,49.48,25299000,0.0,0.0
2011-04-25 00:00:00+08:00,49.55,49.62,48.92,49.06,22040000,0.0,0.0
2011-04-26 00:00:00+08:00,48.65,49.06,48.23,49.06,31838000,0.0,0.0
2011-04-27 00:00:00+08:00,49.9,50.74,49.9,50.46,58612000,0.0,0.0
2011-04-28 00:00:00+08:00,51.23,51.44,50.88,50.95,83054000,0.0,0.0
2011-04-29 00:00:00+08:00,51.44,51.58,50.88,51.09,92890000,0.0,0.0
2011-05-03 00:00:00+08:00,51.58,52.2,51.37,52.07,81495000,0.0,0.0
2011-05-04 00:00:00+08:00,51.93,51.93,50.95,51.51,46461000,0.0,0.0
2011-05-05 00:00:00+08:00,51.65,52.2,51.37,52.2,45326000,0.0,0.0
2011-05-06 00:00:00+08:00,52.34,52.76,51.93,52.34,53441000,0.0,0.0
2011-05-09 00:00:00+08:00,52.76,53.11,52.48,52.69,59843000,0.0,0.0
2011-05-10 00:00:00+08:00,52.76,52.76,51.93,51.93,43183000,0.0,0.0
2011-05-11 00:00:00+08:00,52.55,52.55,52.07,52.34,43103000,0.0,0.0
2011-05-12 00:00:00+08:00,51.79,53.04,51.72,52.83,58360000,0.0,0.0
2011-05-13 00:00:00+08:00,53.04,53.11,52.69,52.97,37218000,0.0,0.0
2011-05-16 00:00:00+08:00,52.97,52.97,52.14,52.27,25843000,0.0,0.0
2011-05-17 00:00:00+08:00,52.07,53.04,52.07,52.76,41026000,0.0,0.0
2011-05-18 00:00:00+08:00,52.55,52.9,52.27,52.55,27879000,0.0,0.0
2011-05-19 00:00:00+08:00,52.27,53.25,52.27,52.48,52635000,0.0,0.0
2011-05-20 00:00:00+08:00,53.04,53.04,52.27,52.69,32925000,0.0,0.0
2011-05-23 00:00:00+08:00,52.14,52.69,52.0,52.41,38984000,0.0,0.0
2011-05-24 00:00:00+08:00,52.27,52.41,51.79,52.2,34727000,0.0,0.0
2011-05-25 00:00:00+08:00,51.79,52.27,51.16,52.0,59534000,0.0,0.0
2011-05-26 00:00:00+08:00,52.34,52.34,51.65,51.79,33168000,0.0,0.0
2011-05-27 00:00:00+08:00,51.51,52.0,51.51,51.65,46500000,0.0,0.0
2011-05-30 00:00:00+08:00,51.65,52.55,51.65,52.41,33671000,0.0,0.0
2011-05-31 00:00:00+08:00,52.69,53.67,52.62,53.53,62660000,0.0,0.0
2011-06-01 00:00:00+08:00,53.25,53.95,53.25,53.74,44950000,0.0,0.0
2011-06-02 00:00:00+08:00,53.25,54.02,53.25,53.32,61778000,0.0,0.0
2011-06-03 00:00:00+08:00,53.74,53.88,53.11,53.88,35389000,0.0,0.0
2011-06-07 00:00:00+08:00,53.88,54.58,53.46,54.09,40816000,0.0,0.0
2011-06-08 00:00:00+08:00,53.81,54.44,53.81,54.09,58158000,0.0,0.0
2011-06-09 00:00:00+08:00,54.44,54.44,53.6,53.67,33565000,0.0,0.0
2011-06-10 00:00:00+08:00,53.74,54.09,52.41,52.55,55263000,0.0,0.0
2011-06-13 00:00:00+08:00,52.0,52.34,51.58,52.14,68652000,0.0,0.0
2011-06-14 00:00:00+08:00,52.0,53.32,52.0,53.18,52699000,0.0,0.0
2011-06-15 00:00:00+08:00,53.74,54.02,53.11,53.74,85237000,0.0,0.0
2011-06-16 00:00:00+08:00,53.04,53.18,52.62,52.69,62276000,0.0,0.0
2011-06-17 00:00:00+08:00,52.34,52.41,51.72,51.79,79539000,0.0,0.0
2011-06-20 00:00:00+08:00,52.07,52.62,51.72,52.27,31713000,0.0,0.0
2011-06-21 00:00:00+08:00,52.62,53.18,52.55,52.97,40800000,0.0,0.0
2011-06-22 00:00:00+08:00,53.25,53.25,52.07,52.34,45315000,0.0,0.0
2011-06-23 00:00:00+08:00,52.14,52.27,51.51,51.79,53121000,0.0,0.0
2011-06-24 00:00:00+08:00,51.37,51.37,50.18,50.88,68685000,0.0,0.0
2011-06-27 00:00:00+08:00,50.25,50.32,49.97,50.25,64884000,0.0,0.0
2011-06-28 00:00:00+08:00,50.32,50.67,50.11,50.6,95586000,0.0,0.0
2011-06-29 00:00:00+08:00,51.62,52.49,51.25,51.98,93038000,3.0,0.0
2011-06-30 00:00:00+08:00,51.98,52.57,51.91,52.57,48764000,0.0,0.0
2011-07-01 00:00:00+08:00,52.57,53.15,52.42,53.0,40514000,0.0,0.0
2011-07-04 00:00:00+08:00,53.8,53.8,53.22,53.51,39959000,0.0,0.0
2011-07-05 00:00:00+08:00,53.29,53.37,52.71,53.29,34203000,0.0,0.0
2011-07-06 00:00:00+08:00,53.29,53.44,52.78,53.0,42991000,0.0,0.0
2011-07-07 00:00:00+08:00,52.49,52.64,52.06,52.13,47655000,0.0,0.0
2011-07-08 00:00:00+08:00,52.49,53.0,52.42,52.78,52356000,0.0,0.0
2011-07-11 00:00:00+08:00,52.86,52.86,51.11,51.91,47105000,0.0,0.0
2011-07-12 00:00:00+08:00,51.4,51.55,51.04,51.18,39821000,0.0,0.0
2011-07-13 00:00:00+08:00,51.33,52.78,51.04,52.57,69016000,0.0,0.0
2011-07-14 00:00:00+08:00,51.33,51.98,51.04,51.47,54343000,0.0,0.0
2011-07-15 00:00:00+08:00,50.96,51.11,50.6,50.89,88064000,0.0,0.0
2011-07-18 00:00:00+08:00,50.74,51.11,50.53,50.74,34351000,0.0,0.0
2011-07-19 00:00:00+08:00,50.67,50.82,49.87,49.87,57401000,0.0,0.0
2011-07-20 00:00:00+08:00,50.74,52.2,50.53,52.13,55120000,0.0,0.0
2011-07-21 00:00:00+08:00,51.98,52.13,51.4,52.13,32798000,0.0,0.0
2011-07-22 00:00:00+08:00,52.71,52.71,52.2,52.42,37196000,0.0,0.0
2011-07-25 00:00:00+08:00,52.71,52.78,51.98,52.42,32490000,0.0,0.0
2011-07-26 00:00:00+08:00,52.64,53.66,52.64,53.66,52821000,0.0,0.0
2011-07-27 00:00:00+08:00,53.66,53.8,53.15,53.44,35569000,0.0,0.0
2011-07-28 00:00:00+08:00,53.0,53.44,52.64,53.15,33682000,0.0,0.0
2011-07-29 00:00:00+08:00,52.27,52.71,51.91,52.42,60614000,0.0,0.0
2011-08-01 00:00:00+08:00,52.42,53.0,52.42,52.86,41072000,0.0,0.0
2011-08-02 00:00:00+08:00,52.42,52.49,51.84,51.98,33350000,0.0,0.0
2011-08-03 00:00:00+08:00,51.04,51.33,50.82,51.04,45976000,0.0,0.0
2011-08-04 00:00:00+08:00,50.67,51.47,50.67,50.96,43900000,0.0,0.0
2011-08-05 00:00:00+08:00,48.05,49.51,48.05,48.49,89615000,0.0,0.0
2011-08-08 00:00:00+08:00,48.05,49.07,46.6,47.47,97375000,0.0,0.0
2011-08-09 00:00:00+08:00,45.5,47.4,45.28,46.09,115504000,0.0,0.0
2011-08-10 00:00:00+08:00,47.4,48.78,47.32,47.91,109734000,0.0,0.0
2011-08-11 00:00:00+08:00,47.03,48.63,46.6,48.34,54267000,0.0,0.0
2011-08-12 00:00:00+08:00,48.92,49.22,47.4,47.4,61038000,0.0,0.0
2011-08-15 00:00:00+08:00,48.71,48.71,47.98,48.63,39616000,0.0,0.0
2011-08-16 00:00:00+08:00,48.63,48.63,48.05,48.05,38915000,0.0,0.0
2011-08-17 00:00:00+08:00,48.05,48.2,47.54,47.91,35809000,0.0,0.0
2011-08-18 00:00:00+08:00,47.91,47.91,46.09,46.89,73212000,0.0,0.0
2011-08-19 00:00:00+08:00,45.94,46.52,45.87,46.52,43186000,0.0,0.0
2011-08-22 00:00:00+08:00,46.3,47.69,45.87,47.32,46280000,0.0,0.0
2011-08-23 00:00:00+08:00,47.32,48.85,47.32,48.63,46451000,0.0,0.0
2011-08-24 00:00:00+08:00,49.29,49.29,48.34,49.14,48112000,0.0,0.0
2011-08-25 00:00:00+08:00,49.07,49.22,48.34,48.78,30837000,0.0,0.0
2011-08-26 00:00:00+08:00,48.85,49.73,48.78,49.43,40454000,0.0,0.0
2011-08-29 00:00:00+08:00,49.94,50.89,49.58,50.53,38554000,0.0,0.0
2011-08-30 00:00:00+08:00,51.18,51.18,49.94,50.24,33717000,0.0,0.0
2011-08-31 00:00:00+08:00,50.31,50.53,49.36,50.53,47445000,0.0,0.0
2011-09-01 00:00:00+08:00,50.53,50.82,49.94,49.94,47910000,0.0,0.0
2011-09-02 00:00:00+08:00,50.6,50.6,48.85,49.14,42191000,0.0,0.0
2011-09-05 00:00:00+08:00,48.12,48.85,47.98,48.49,49750000,0.0,0.0
2011-09-06 00:00:00+08:00,48.42,48.92,48.12,48.12,38972000,0.0,0.0
2011-09-07 00:00:00+08:00,48.78,49.94,48.63,49.94,40017000,0.0,0.0
2011-09-08 00:00:00+08:00,50.67,50.67,49.8,50.02,42602000,0.0,0.0
2011-09-09 00:00:00+08:00,50.6,51.04,50.16,50.45,38210000,0.0,0.0
2011-09-13 00:00:00+08:00,50.67,50.96,49.8,49.8,34863000,0.0,0.0
2011-09-14 00:00:00+08:00,50.6,50.67,48.71,48.92,60617000,0.0,0.0
2011-09-15 00:00:00+08:00,50.24,50.82,49.87,50.31,42178000,0.0,0.0
2011-09-16 00:00:00+08:00,51.25,52.42,51.18,51.76,76993000,0.0,0.0
2011-09-19 00:00:00+08:00,51.98,52.2,51.47,51.84,28682000,0.0,0.0
2011-09-20 00:00:00+08:00,51.69,52.2,50.74,51.33,46860000,0.0,0.0
2011-09-21 00:00:00+08:00,51.69,52.49,51.62,52.42,52306000,0.0,0.0
2011-09-22 00:00:00+08:00,51.11,51.33,50.24,50.24,64836000,0.0,0.0
2011-09-23 00:00:00+08:00,49.65,50.16,49.07,49.14,85391000,0.0,0.0
2011-09-26 00:00:00+08:00,49.07,49.07,48.92,48.92,26574000,0.0,0.0
2011-09-27 00:00:00+08:00,50.16,51.11,50.02,50.89,56625000,0.0,0.0
2011-09-28 00:00:00+08:00,51.55,51.62,50.82,51.18,42230000,0.0,0.0
2011-09-29 00:00:00+08:00,50.67,51.62,50.45,51.18,39894000,0.0,0.0
2011-09-30 00:00:00+08:00,51.18,51.55,50.24,50.96,60198000,0.0,0.0
2011-10-03 00:00:00+08:00,50.96,50.96,49.58,49.94,33871000,0.0,0.0
2011-10-04 00:00:00+08:00,50.96,50.96,49.65,50.31,35690000,0.0,0.0
2011-10-05 00:00:00+08:00,50.16,50.74,50.02,50.31,30824000,0.0,0.0
2011-10-06 00:00:00+08:00,50.74,50.89,50.02,50.24,57224000,0.0,0.0
2011-10-07 00:00:00+08:00,50.31,50.31,50.31,50.31,13073000,0.0,0.0
2011-10-11 00:00:00+08:00,50.96,51.25,50.67,50.96,55155000,0.0,0.0
2011-10-12 00:00:00+08:00,51.33,51.33,50.67,51.25,41221000,0.0,0.0
2011-10-13 00:00:00+08:00,50.82,51.25,50.09,51.25,58272000,0.0,0.0
2011-10-14 00:00:00+08:00,51.55,51.55,50.89,51.18,35631000,0.0,0.0
2011-10-17 00:00:00+08:00,51.55,51.76,51.33,51.76,38911000,0.0,0.0
2011-10-18 00:00:00+08:00,51.04,51.47,50.96,51.47,25527000,0.0,0.0
2011-10-19 00:00:00+08:00,51.69,51.76,51.11,51.76,31141000,0.0,0.0
2011-10-20 00:00:00+08:00,51.33,51.47,50.67,50.74,25687000,0.0,0.0
2011-10-21 00:00:00+08:00,51.47,51.47,50.67,51.18,17897000,0.0,0.0
2011-10-24 00:00:00+08:00,51.84,52.35,51.84,52.2,50063000,0.0,0.0
2011-10-25 00:00:00+08:00,52.27,52.42,51.69,52.06,40816000,0.0,0.0
2011-10-26 00:00:00+08:00,51.98,52.42,51.76,52.35,25653000,0.0,0.0
2011-10-27 00:00:00+08:00,52.42,52.57,51.98,52.35,38771000,0.0,0.0
2011-10-28 00:00:00+08:00,53.51,53.88,52.49,53.22,90679000,0.0,0.0
2011-10-31 00:00:00+08:00,53.51,53.73,53.22,53.58,46670000,0.0,0.0
2011-11-01 00:00:00+08:00,53.51,53.88,53.15,53.73,37063000,0.0,0.0
2011-11-02 00:00:00+08:00,53.22,53.8,52.71,53.8,34533000,0.0,0.0
2011-11-03 00:00:00+08:00,54.02,54.02,52.64,53.51,36408000,0.0,0.0
2011-11-04 00:00:00+08:00,54.24,54.53,53.8,54.31,56744000,0.0,0.0
2011-11-07 00:00:00+08:00,54.6,54.75,54.09,54.6,28458000,0.0,0.0
2011-11-08 00:00:00+08:00,54.6,54.6,53.88,54.24,21447000,0.0,0.0
2011-11-09 00:00:00+08:00,54.53,54.53,53.95,53.95,17538000,0.0,0.0
2011-11-10 00:00:00+08:00,52.78,53.44,52.78,52.86,45120000,0.0,0.0
2011-11-11 00:00:00+08:00,53.51,53.58,52.86,53.44,27464000,0.0,0.0
2011-11-14 00:00:00+08:00,54.53,55.33,54.31,55.26,63557000,0.0,0.0
2011-11-15 00:00:00+08:00,54.97,55.33,54.6,55.33,35895000,0.0,0.0
2011-11-16 00:00:00+08:00,55.33,55.33,54.53,54.89,38931000,0.0,0.0
2011-11-17 00:00:00+08:00,54.75,55.33,54.46,55.11,34876000,0.0,0.0
2011-11-18 00:00:00+08:00,54.6,54.75,53.66,54.02,52324000,0.0,0.0
2011-11-21 00:00:00+08:00,53.29,53.8,53.15,53.37,21320000,0.0,0.0
2011-11-22 00:00:00+08:00,54.75,54.75,53.73,53.88,42423000,0.0,0.0
2011-11-23 00:00:00+08:00,53.88,54.24,53.22,53.44,42823000,0.0,0.0
2011-11-24 00:00:00+08:00,53.07,53.29,52.86,53.0,46889000,0.0,0.0
2011-11-25 00:00:00+08:00,53.15,53.37,51.91,52.13,36741000,0.0,0.0
2011-11-28 00:00:00+08:00,52.13,54.17,52.13,53.58,34892000,0.0,0.0
2011-11-29 00:00:00+08:00,53.73,54.02,53.07,53.58,42495000,0.0,0.0
2011-11-30 00:00:00+08:00,53.88,54.31,53.15,54.31,51206000,0.0,0.0
2011-12-01 00:00:00+08:00,54.97,55.77,54.97,55.77,78257000,0.0,0.0
2011-12-02 00:00:00+08:00,55.77,55.91,54.89,55.33,35285000,0.0,0.0
2011-12-05 00:00:00+08:00,55.33,55.55,54.89,55.55,28821000,0.0,0.0
2011-12-06 00:00:00+08:00,55.55,55.55,54.82,54.89,40835000,0.0,0.0
2011-12-07 00:00:00+08:00,55.7,55.7,54.89,55.62,40811000,0.0,0.0
2011-12-08 00:00:00+08:00,55.84,55.84,54.82,55.55,31661000,0.0,0.0
2011-12-09 00:00:00+08:00,55.33,55.33,53.51,53.95,41947000,0.0,0.0
2011-12-12 00:00:00+08:00,54.68,54.75,53.95,54.6,28286000,0.0,0.0
2011-12-13 00:00:00+08:00,53.66,54.75,53.66,54.75,29883000,0.0,0.0
2011-12-14 00:00:00+08:00,54.68,54.68,53.8,54.24,27551000,0.0,0.0
2011-12-15 00:00:00+08:00,53.95,53.95,52.78,52.78,35609000,0.0,0.0
2011-12-16 00:00:00+08:00,53.0,53.44,52.78,52.93,20783000,0.0,0.0
2011-12-19 00:00:00+08:00,53.51,53.51,52.42,52.78,24429000,0.0,0.0
2011-12-20 00:00:00+08:00,53.07,53.07,52.42,53.0,26756000,0.0,0.0
2011-12-21 00:00:00+08:00,54.53,55.33,53.95,55.33,52799000,0.0,0.0
2011-12-22 00:00:00+08:00,54.82,54.97,54.17,54.6,25805000,0.0,0.0
2011-12-23 00:00:00+08:00,55.19,55.19,54.31,54.89,28697000,0.0,0.0
2011-12-26 00:00:00+08:00,54.89,54.97,54.39,54.6,11293000,0.0,0.0
2011-12-27 00:00:00+08:00,54.46,54.97,54.39,54.97,14575000,0.0,0.0
2011-12-28 00:00:00+08:00,54.82,55.11,54.53,55.11,19957000,0.0,0.0
2011-12-29 00:00:00+08:00,54.89,55.26,54.75,55.19,24738000,0.0,0.0
2011-12-30 00:00:00+08:00,55.11,55.26,54.53,55.19,32240000,0.0,0.0
2012-01-02 00:00:00+08:00,54.6,54.89,50.82,50.82,26261000,0.0,0.0
2012-01-03 00:00:00+08:00,54.97,55.26,51.33,51.33,56936000,0.0,0.0
2012-01-04 00:00:00+08:00,55.4,55.4,51.33,51.33,56684000,0.0,0.0
2012-01-05 00:00:00+08:00,55.33,55.33,54.82,55.33,56718000,0.0,0.0
2012-01-06 00:00:00+08:00,55.26,55.26,54.53,55.04,29866000,0.0,0.0
2012-01-09 00:00:00+08:00,54.75,55.04,54.31,55.04,27627000,0.0,0.0
2012-01-10 00:00:00+08:00,55.33,55.7,55.19,55.7,56436000,0.0,0.0
2012-01-11 00:00:00+08:00,55.91,56.06,55.4,55.7,41075000,0.0,0.0
2012-01-12 00:00:00+08:00,55.84,56.13,55.7,56.06,55391000,0.0,0.0
2012-01-13 00:00:00+08:00,56.21,56.79,56.06,56.42,57301000,0.0,0.0
2012-01-16 00:00:00+08:00,55.4,55.99,54.31,54.82,37659000,0.0,0.0
2012-01-17 00:00:00+08:00,55.26,55.26,54.53,55.04,43605000,0.0,0.0
2012-01-18 00:00:00+08:00,55.26,55.84,55.04,55.84,56756000,0.0,0.0
2012-01-30 00:00:00+08:00,56.79,57.88,56.21,57.3,134364000,0.0,0.0
2012-01-31 00:00:00+08:00,56.86,57.15,55.55,57.15,84114000,0.0,0.0
2012-02-01 00:00:00+08:00,56.42,56.57,55.84,56.06,46150000,0.0,0.0
2012-02-02 00:00:00+08:00,56.42,56.42,55.4,55.91,53946000,0.0,0.0
2012-02-03 00:00:00+08:00,55.55,55.62,55.04,55.48,47741000,0.0,0.0
2012-02-06 00:00:00+08:00,56.28,56.42,55.77,56.35,47544000,0.0,0.0
2012-02-07 00:00:00+08:00,56.42,56.42,55.91,56.35,29943000,0.0,0.0
2012-02-08 00:00:00+08:00,56.42,56.42,55.99,56.42,34702000,0.0,0.0
2012-02-09 00:00:00+08:00,56.06,56.79,55.7,56.79,54953000,0.0,0.0
2012-02-10 00:00:00+08:00,56.79,56.79,55.84,55.99,42117000,0.0,0.0
2012-02-13 00:00:00+08:00,55.62,56.13,55.48,55.77,36380000,0.0,0.0
2012-02-14 00:00:00+08:00,56.13,56.35,55.48,56.28,41995000,0.0,0.0
2012-02-15 00:00:00+08:00,56.5,57.15,56.5,57.15,70978000,0.0,0.0
2012-02-16 00:00:00+08:00,57.15,57.44,56.79,57.15,57944000,0.0,0.0
2012-02-17 00:00:00+08:00,57.88,59.04,57.81,58.24,63929000,0.0,0.0
2012-02-20 00:00:00+08:00,58.68,58.83,58.03,58.24,31043000,0.0,0.0
2012-02-21 00:00:00+08:00,58.24,58.24,57.73,58.24,27443000,0.0,0.0
2012-02-22 00:00:00+08:00,58.17,58.24,57.52,58.03,41090000,0.0,0.0
2012-02-23 00:00:00+08:00,57.52,57.81,56.57,56.86,59936000,0.0,0.0
2012-02-24 00:00:00+08:00,56.42,57.59,56.21,57.59,39386000,0.0,0.0
2012-02-29 00:00:00+08:00,58.39,59.04,57.81,59.04,77948000,0.0,0.0
2012-03-01 00:00:00+08:00,58.97,58.97,58.32,58.32,21169000,0.0,0.0
2012-03-02 00:00:00+08:00,58.24,58.32,57.66,58.24,23782000,0.0,0.0
2012-03-05 00:00:00+08:00,57.3,57.95,57.15,57.44,22782000,0.0,0.0
2012-03-06 00:00:00+08:00,57.95,57.95,57.01,57.88,27703000,0.0,0.0
2012-03-07 00:00:00+08:00,57.52,57.73,57.3,57.59,30305000,0.0,0.0
2012-03-08 00:00:00+08:00,58.1,58.39,57.66,58.03,36169000,0.0,0.0
2012-03-09 00:00:00+08:00,57.88,58.24,57.37,58.24,22702000,0.0,0.0
2012-03-12 00:00:00+08:00,58.39,58.61,57.95,58.24,28913000,0.0,0.0
2012-03-13 00:00:00+08:00,58.68,59.19,58.32,59.19,47221000,0.0,0.0
2012-03-14 00:00:00+08:00,59.99,60.57,59.7,60.57,60618000,0.0,0.0
2012-03-15 00:00:00+08:00,60.57,60.57,60.06,60.57,30072000,0.0,0.0
2012-03-16 00:00:00+08:00,60.57,61.01,59.04,59.04,29079000,0.0,0.0
2012-03-19 00:00:00+08:00,60.94,61.3,59.99,60.94,37321000,0.0,0.0
2012-03-20 00:00:00+08:00,61.16,61.23,60.28,60.57,29232000,0.0,0.0
2012-03-21 00:00:00+08:00,61.74,62.03,61.01,61.81,61534000,0.0,0.0
2012-03-22 00:00:00+08:00,61.88,62.39,61.37,62.03,37740000,0.0,0.0
2012-03-23 00:00:00+08:00,61.88,62.18,61.45,62.18,29341000,0.0,0.0
2012-03-26 00:00:00+08:00,61.96,61.96,60.06,60.86,58830000,0.0,0.0
2012-03-27 00:00:00+08:00,61.88,62.47,61.37,62.47,34236000,0.0,0.0
2012-03-28 00:00:00+08:00,62.98,62.98,61.59,62.25,28246000,0.0,0.0
2012-03-29 00:00:00+08:00,61.52,61.52,60.72,61.23,49391000,0.0,0.0
2012-03-30 00:00:00+08:00,60.94,61.81,60.36,61.81,43730000,0.0,0.0
2012-04-02 00:00:00+08:00,61.74,62.03,61.16,61.96,23624000,0.0,0.0
2012-04-03 00:00:00+08:00,61.88,61.88,61.01,61.88,31241000,0.0,0.0
2012-04-05 00:00:00+08:00,60.65,61.16,60.5,60.5,42645000,0.0,0.0
2012-04-06 00:00:00+08:00,61.16,61.16,60.5,61.01,34072000,0.0,0.0
2012-04-09 00:00:00+08:00,59.7,60.86,59.7,60.43,23209000,0.0,0.0
2012-04-10 00:00:00+08:00,60.5,60.79,59.55,59.7,33332000,0.0,0.0
2012-04-11 00:00:00+08:00,59.7,60.79,59.48,59.99,40711000,0.0,0.0
2012-04-12 00:00:00+08:00,60.06,60.21,59.34,60.14,36673000,0.0,0.0
2012-04-13 00:00:00+08:00,60.72,61.88,60.21,61.81,44685000,0.0,0.0
2012-04-16 00:00:00+08:00,61.59,61.88,61.01,61.81,19461000,0.0,0.0
2012-04-17 00:00:00+08:00,61.81,61.81,60.72,61.01,29423000,0.0,0.0
2012-04-18 00:00:00+08:00,61.88,61.88,61.45,61.88,32325000,0.0,0.0
2012-04-19 00:00:00+08:00,61.52,62.47,61.37,62.47,31398000,0.0,0.0
2012-04-20 00:00:00+08:00,61.88,62.39,61.23,61.37,27633000,0.0,0.0
2012-04-23 00:00:00+08:00,61.3,61.59,60.72,61.37,20301000,0.0,0.0
2012-04-24 00:00:00+08:00,61.01,61.59,60.86,61.59,24868000,0.0,0.0
2012-04-25 00:00:00+08:00,61.81,61.81,61.08,61.3,31076000,0.0,0.0
2012-04-26 00:00:00+08:00,61.3,61.3,60.79,61.16,21008000,0.0,0.0
2012-04-27 00:00:00+08:00,63.34,65.38,62.61,62.61,116673000,0.0,0.0
2012-04-30 00:00:00+08:00,62.83,63.63,62.39,63.19,47549000,0.0,0.0
2012-05-02 00:00:00+08:00,63.34,64.72,63.19,64.36,47424000,0.0,0.0
2012-05-03 00:00:00+08:00,64.36,64.8,64.0,64.72,27641000,0.0,0.0
2012-05-04 00:00:00+08:00,63.12,64.07,63.12,63.78,37633000,0.0,0.0
2012-05-07 00:00:00+08:00,62.98,62.98,61.88,62.32,46464000,0.0,0.0
2012-05-08 00:00:00+08:00,62.61,62.61,61.45,61.45,45605000,0.0,0.0
2012-05-09 00:00:00+08:00,61.08,62.03,60.79,61.59,40753000,0.0,0.0
2012-05-10 00:00:00+08:00,61.88,62.39,61.37,62.1,28381000,0.0,0.0
2012-05-11 00:00:00+08:00,62.39,62.39,61.52,62.25,33565000,0.0,0.0
2012-05-14 00:00:00+08:00,61.74,62.25,61.74,62.18,13924000,0.0,0.0
2012-05-15 00:00:00+08:00,62.18,62.39,61.23,62.25,30654000,0.0,0.0
2012-05-16 00:00:00+08:00,61.3,61.52,60.72,60.72,64877000,0.0,0.0
2012-05-17 00:00:00+08:00,61.74,61.96,61.23,61.96,33612000,0.0,0.0
2012-05-18 00:00:00+08:00,61.08,61.08,59.55,59.55,57538000,0.0,0.0
2012-05-21 00:00:00+08:00,58.97,60.28,58.97,60.06,32372000,0.0,0.0
2012-05-22 00:00:00+08:00,60.21,60.36,59.85,59.85,33935000,0.0,0.0
2012-05-23 00:00:00+08:00,58.97,59.12,57.52,57.59,62853000,0.0,0.0
2012-05-24 00:00:00+08:00,57.44,58.68,56.86,58.68,40831000,0.0,0.0
2012-05-25 00:00:00+08:00,58.1,58.61,57.66,58.24,28205000,0.0,0.0
2012-05-28 00:00:00+08:00,58.24,59.48,58.1,59.41,28830000,0.0,0.0
2012-05-29 00:00:00+08:00,60.06,60.57,59.7,59.92,40599000,0.0,0.0
2012-05-30 00:00:00+08:00,59.41,59.7,58.46,59.48,75216000,0.0,0.0
2012-05-31 00:00:00+08:00,58.61,61.96,58.03,61.96,81199000,0.0,0.0
2012-06-01 00:00:00+08:00,59.48,59.48,58.17,58.17,66832000,0.0,0.0
2012-06-04 00:00:00+08:00,55.7,56.13,55.4,55.7,65908000,0.0,0.0
2012-06-05 00:00:00+08:00,56.42,56.93,56.21,56.93,37461000,0.0,0.0
2012-06-06 00:00:00+08:00,56.93,57.22,56.42,56.64,33650000,0.0,0.0
2012-06-07 00:00:00+08:00,57.81,58.1,57.22,58.1,47636000,0.0,0.0
2012-06-08 00:00:00+08:00,56.06,57.3,56.06,56.71,34628000,0.0,0.0
2012-06-11 00:00:00+08:00,58.17,58.61,57.95,58.54,36966000,0.0,0.0
2012-06-12 00:00:00+08:00,57.15,58.1,57.15,57.81,38319000,0.0,0.0
2012-06-13 00:00:00+08:00,58.83,58.83,57.88,58.24,32241000,0.0,0.0
2012-06-14 00:00:00+08:00,58.24,58.39,57.59,57.66,30382000,0.0,0.0
2012-06-15 00:00:00+08:00,57.66,57.88,56.86,56.86,83325000,0.0,0.0
2012-06-18 00:00:00+08:00,58.24,58.97,58.24,58.83,33626000,0.0,0.0
2012-06-19 00:00:00+08:00,58.9,58.9,58.24,58.61,28864000,0.0,0.0
2012-06-20 00:00:00+08:00,59.19,59.41,58.61,59.41,28945000,0.0,0.0
2012-06-21 00:00:00+08:00,58.61,58.97,58.46,58.68,27004000,0.0,0.0
2012-06-22 00:00:00+08:00,58.24,58.97,58.17,58.32,30162000,0.0,0.0
2012-06-25 00:00:00+08:00,58.83,58.83,57.59,57.95,39476000,0.0,0.0
2012-06-26 00:00:00+08:00,57.52,57.59,57.01,57.3,36877000,0.0,0.0
2012-06-27 00:00:00+08:00,57.01,57.88,56.93,57.73,31889000,0.0,0.0
2012-06-28 00:00:00+08:00,58.24,58.46,57.88,58.17,33067000,0.0,0.0
2012-06-29 00:00:00+08:00,57.95,59.19,57.73,59.19,47813000,0.0,0.0
2012-07-02 00:00:00+08:00,59.34,60.94,59.34,60.65,61179000,0.0,0.0
2012-07-03 00:00:00+08:00,60.86,61.81,60.72,61.3,59905000,0.0,0.0
2012-07-04 00:00:00+08:00,61.98,61.98,61.3,61.3,38922000,3.0,0.0
2012-07-05 00:00:00+08:00,61.91,61.91,60.92,61.15,26863000,0.0,0.0
2012-07-06 00:00:00+08:00,61.15,61.15,60.47,61.07,38090000,0.0,0.0
2012-07-09 00:00:00+08:00,60.32,60.62,60.09,60.4,45026000,0.0,0.0
2012-07-10 00:00:00+08:00,59.94,60.32,59.34,59.72,33429000,0.0,0.0
2012-07-11 00:00:00+08:00,58.96,59.11,58.43,58.96,58592000,0.0,0.0
2012-07-12 00:00:00+08:00,58.51,58.51,57.15,57.15,68200000,0.0,0.0
2012-07-13 00:00:00+08:00,56.55,57.38,56.24,57.22,51423000,0.0,0.0
2012-07-16 00:00:00+08:00,57.6,57.6,57.0,57.0,35444000,0.0,0.0
2012-07-17 00:00:00+08:00,56.24,56.77,56.24,56.47,51636000,0.0,0.0
2012-07-18 00:00:00+08:00,56.62,56.85,56.47,56.47,37193000,0.0,0.0
2012-07-19 00:00:00+08:00,57.98,58.89,57.98,58.51,61961000,0.0,0.0
2012-07-20 00:00:00+08:00,57.68,58.13,57.53,57.9,48352000,0.0,0.0
2012-07-23 00:00:00+08:00,56.7,56.7,55.71,56.09,57404000,0.0,0.0
2012-07-24 00:00:00+08:00,56.09,56.47,56.02,56.47,39904000,0.0,0.0
2012-07-25 00:00:00+08:00,56.62,56.77,56.17,56.32,52097000,0.0,0.0
2012-07-26 00:00:00+08:00,57.15,57.9,56.77,57.6,46806000,0.0,0.0
2012-07-27 00:00:00+08:00,58.81,59.94,58.28,59.87,72384000,0.0,0.0
2012-07-30 00:00:00+08:00,60.4,60.7,59.49,59.64,37840000,0.0,0.0
2012-07-31 00:00:00+08:00,59.26,61.15,59.26,61.15,67536000,0.0,0.0
2012-08-01 00:00:00+08:00,60.47,60.77,59.94,60.4,35881000,0.0,0.0
2012-08-02 00:00:00+08:00,60.4,60.4,60.4,60.4,0,0.0,0.0
2012-08-03 00:00:00+08:00,60.02,60.47,59.79,60.24,46567000,0.0,0.0
2012-08-06 00:00:00+08:00,61.07,61.53,60.92,61.07,58403000,0.0,0.0
2012-08-07 00:00:00+08:00,61.38,61.45,60.92,61.45,40024000,0.0,0.0
2012-08-08 00:00:00+08:00,61.83,61.83,60.47,60.77,39881000,0.0,0.0
2012-08-09 00:00:00+08:00,61.38,62.13,61.38,62.13,54211000,0.0,0.0
2012-08-10 00:00:00+08:00,62.13,62.21,61.3,61.91,29859000,0.0,0.0
2012-08-13 00:00:00+08:00,63.26,63.26,62.28,62.43,30234000,0.0,0.0
2012-08-14 00:00:00+08:00,62.66,63.26,62.51,62.81,33268000,0.0,0.0
2012-08-15 00:00:00+08:00,63.19,63.19,62.28,62.66,27260000,0.0,0.0
2012-08-16 00:00:00+08:00,62.66,62.96,62.28,62.58,27999000,0.0,0.0
2012-08-17 00:00:00+08:00,62.66,62.81,61.91,61.91,27049000,0.0,0.0
2012-08-20 00:00:00+08:00,62.43,62.43,61.83,62.21,20997000,0.0,0.0
2012-08-21 00:00:00+08:00,62.43,63.34,62.43,63.11,36814000,0.0,0.0
2012-08-22 00:00:00+08:00,62.74,62.96,61.83,62.21,33548000,0.0,0.0
2012-08-23 00:00:00+08:00,62.21,62.51,62.06,62.43,22336000,0.0,0.0
2012-08-24 00:00:00+08:00,62.13,62.13,61.68,61.91,25460000,0.0,0.0
2012-08-27 00:00:00+08:00,62.58,63.04,62.21,62.66,25691000,0.0,0.0
2012-08-28 00:00:00+08:00,62.13,62.96,61.91,62.21,31760000,0.0,0.0
2012-08-29 00:00:00+08:00,62.36,62.66,61.98,62.43,18411000,0.0,0.0
2012-08-30 00:00:00+08:00,62.13,62.81,62.13,62.43,45455000,0.0,0.0
2012-08-31 00:00:00+08:00,62.21,62.89,62.21,62.89,13487000,0.0,0.0
2012-09-03 00:00:00+08:00,63.04,63.34,62.51,63.34,20728000,0.0,0.0
2012-09-04 00:00:00+08:00,63.42,63.42,63.04,63.42,21632000,0.0,0.0
2012-09-05 00:00:00+08:00,62.66,62.89,61.83,61.91,43274000,0.0,0.0
2012-09-06 00:00:00+08:00,62.51,62.51,61.15,61.23,25755000,0.0,0.0
2012-09-07 00:00:00+08:00,62.66,63.34,62.51,63.26,44441000,0.0,0.0
2012-09-10 00:00:00+08:00,62.89,63.11,62.81,63.04,16875000,0.0,0.0
2012-09-11 00:00:00+08:00,63.57,63.94,63.42,63.72,31566000,0.0,0.0
2012-09-12 00:00:00+08:00,63.79,64.09,63.79,63.79,37428000,0.0,0.0
2012-09-13 00:00:00+08:00,63.79,64.17,63.79,64.17,29565000,0.0,0.0
2012-09-14 00:00:00+08:00,64.62,65.3,64.55,65.3,51715000,0.0,0.0
2012-09-17 00:00:00+08:00,65.6,65.68,64.77,65.3,24786000,0.0,0.0
2012-09-18 00:00:00+08:00,65.3,65.3,64.47,64.7,35483000,0.0,0.0
2012-09-19 00:00:00+08:00,64.85,65.23,64.25,64.92,41915000,0.0,0.0
2012-09-20 00:00:00+08:00,64.92,64.92,64.25,64.4,24807000,0.0,0.0
2012-09-21 00:00:00+08:00,64.92,65.3,64.4,64.7,50990000,0.0,0.0
2012-09-24 00:00:00+08:00,64.7,65.23,64.25,65.0,30299000,0.0,0.0
2012-09-25 00:00:00+08:00,64.77,65.08,64.7,64.85,35885000,0.0,0.0
2012-09-26 00:00:00+08:00,64.47,65.23,64.17,65.23,36796000,0.0,0.0
2012-09-27 00:00:00+08:00,65.53,66.28,65.08,66.13,53924000,0.0,0.0
2012-09-28 00:00:00+08:00,66.89,67.79,66.81,67.79,58535000,0.0,0.0
2012-10-01 00:00:00+08:00,67.34,67.34,66.66,67.11,38119000,0.0,0.0
2012-10-02 00:00:00+08:00,67.34,67.79,67.11,67.64,23575000,0.0,0.0
2012-10-03 00:00:00+08:00,67.64,67.87,67.42,67.79,26330000,0.0,0.0
2012-10-04 00:00:00+08:00,67.87,68.4,67.57,68.4,36462000,0.0,0.0
2012-10-05 00:00:00+08:00,68.7,68.93,68.25,68.7,35197000,0.0,0.0
2012-10-08 00:00:00+08:00,68.7,68.7,67.19,67.27,38011000,0.0,0.0
2012-10-09 00:00:00+08:00,65.83,66.81,65.76,65.76,60022000,0.0,0.0
2012-10-11 00:00:00+08:00,64.25,64.7,64.02,64.55,74170000,0.0,0.0
2012-10-12 00:00:00+08:00,64.62,65.15,64.4,65.15,23657000,0.0,0.0
2012-10-15 00:00:00+08:00,65.0,65.23,64.47,65.23,19093000,0.0,0.0
2012-10-16 00:00:00+08:00,65.45,66.06,65.45,66.06,29187000,0.0,0.0
2012-10-17 00:00:00+08:00,66.28,66.43,65.3,65.98,34739000,0.0,0.0
2012-10-18 00:00:00+08:00,65.68,66.59,65.68,66.51,20400000,0.0,0.0
2012-10-19 00:00:00+08:00,65.08,65.91,65.08,65.45,27597000,0.0,0.0
2012-10-22 00:00:00+08:00,65.15,65.15,64.62,64.92,20015000,0.0,0.0
2012-10-23 00:00:00+08:00,64.85,65.15,64.62,64.7,16134000,0.0,0.0
2012-10-24 00:00:00+08:00,64.25,65.23,64.25,64.47,28246000,0.0,0.0
2012-10-25 00:00:00+08:00,64.47,64.62,63.79,64.02,36358000,0.0,0.0
2012-10-26 00:00:00+08:00,65.3,66.66,65.15,65.91,65197000,0.0,0.0
2012-10-29 00:00:00+08:00,66.66,67.27,66.13,66.51,36010000,0.0,0.0
2012-10-30 00:00:00+08:00,67.04,67.19,66.21,66.43,30286000,0.0,0.0
2012-10-31 00:00:00+08:00,66.43,67.04,66.36,66.96,25911000,0.0,0.0
2012-11-01 00:00:00+08:00,66.89,67.34,66.21,67.34,35973000,0.0,0.0
2012-11-02 00:00:00+08:00,67.94,68.02,67.57,67.87,38858000,0.0,0.0
2012-11-05 00:00:00+08:00,67.87,68.17,67.04,68.17,31435000,0.0,0.0
2012-11-06 00:00:00+08:00,68.4,68.4,67.72,68.25,26333000,0.0,0.0
2012-11-07 00:00:00+08:00,68.32,68.7,67.94,68.7,22025000,0.0,0.0
2012-11-08 00:00:00+08:00,68.55,68.62,67.87,68.32,39566000,0.0,0.0
2012-11-09 00:00:00+08:00,68.17,68.62,67.57,68.55,36639000,0.0,0.0
2012-11-12 00:00:00+08:00,68.7,69.3,68.4,68.93,29882000,0.0,0.0
2012-11-13 00:00:00+08:00,68.7,68.7,67.42,68.17,37000000,0.0,0.0
2012-11-14 00:00:00+08:00,67.94,68.62,67.57,68.32,30190000,0.0,0.0
2012-11-15 00:00:00+08:00,67.87,68.4,67.19,68.1,25043000,0.0,0.0
2012-11-16 00:00:00+08:00,67.34,68.17,67.34,68.1,32472000,0.0,0.0
2012-11-19 00:00:00+08:00,67.72,68.32,67.72,67.94,23037000,0.0,0.0
2012-11-20 00:00:00+08:00,67.94,68.25,67.79,68.25,21424000,0.0,0.0
2012-11-21 00:00:00+08:00,68.17,68.62,67.34,68.32,30032000,0.0,0.0
2012-11-22 00:00:00+08:00,68.17,68.93,68.17,68.93,20745000,0.0,0.0
2012-11-23 00:00:00+08:00,69.15,72.1,69.08,72.1,63873000,0.0,0.0
2012-11-26 00:00:00+08:00,72.1,72.17,71.64,71.95,34282000,0.0,0.0
2012-11-27 00:00:00+08:00,71.42,72.7,71.19,72.7,48731000,0.0,0.0
2012-11-28 00:00:00+08:00,72.32,72.55,71.95,72.4,54692000,0.0,0.0
2012-11-29 00:00:00+08:00,72.47,73.46,72.1,72.85,48637000,0.0,0.0
2012-11-30 00:00:00+08:00,72.47,74.59,72.4,74.51,74919000,0.0,0.0
2012-12-03 00:00:00+08:00,74.21,74.44,73.08,73.91,41656000,0.0,0.0
2012-12-04 00:00:00+08:00,73.15,73.38,71.95,72.93,41419000,0.0,0.0
2012-12-05 00:00:00+08:00,71.42,73.3,71.42,73.15,60447000,0.0,0.0
2012-12-06 00:00:00+08:00,72.93,73.15,72.55,72.93,33074000,0.0,0.0
2012-12-07 00:00:00+08:00,73.3,74.36,73.3,74.06,37005000,0.0,0.0
2012-12-10 00:00:00+08:00,73.91,73.98,72.85,72.85,28995000,0.0,0.0
2012-12-11 00:00:00+08:00,73.46,74.21,73.0,74.21,40565000,0.0,0.0
2012-12-12 00:00:00+08:00,74.21,74.36,73.38,74.29,32453000,0.0,0.0
2012-12-13 00:00:00+08:00,74.21,75.04,73.91,74.89,39860000,0.0,0.0
2012-12-14 00:00:00+08:00,74.14,74.44,73.61,74.29,32975000,0.0,0.0
2012-12-17 00:00:00+08:00,72.78,73.76,72.63,73.23,46575000,0.0,0.0
2012-12-18 00:00:00+08:00,71.72,73.0,71.72,73.0,35265000,0.0,0.0
2012-12-19 00:00:00+08:00,73.0,73.46,72.63,73.46,27857000,0.0,0.0
2012-12-20 00:00:00+08:00,72.55,73.15,71.79,72.47,35458000,0.0,0.0
2012-12-21 00:00:00+08:00,71.79,72.85,71.42,71.57,34230000,0.0,0.0
2012-12-24 00:00:00+08:00,72.47,72.78,71.79,71.87,16019000,0.0,0.0
2012-12-25 00:00:00+08:00,72.47,73.46,72.17,72.85,15925000,0.0,0.0
2012-12-26 00:00:00+08:00,72.85,73.46,72.47,72.47,11988000,0.0,0.0
2012-12-27 00:00:00+08:00,72.63,73.0,72.1,72.17,24172000,0.0,0.0
2012-12-28 00:00:00+08:00,73.08,73.23,72.4,73.23,25594000,0.0,0.0
2013-01-02 00:00:00+08:00,73.68,75.42,73.3,75.19,40527000,0.0,0.0
2013-01-03 00:00:00+08:00,75.87,77.0,75.49,76.25,44107000,0.0,0.0
2013-01-04 00:00:00+08:00,75.87,76.63,75.49,76.63,39278000,0.0,0.0
2013-01-07 00:00:00+08:00,76.25,76.25,74.81,75.87,40288000,0.0,0.0
2013-01-08 00:00:00+08:00,75.19,75.49,74.66,75.27,31090000,0.0,0.0
2013-01-09 00:00:00+08:00,75.87,75.87,74.89,75.49,26137000,0.0,0.0
2013-01-10 00:00:00+08:00,75.42,76.25,75.12,76.25,35738000,0.0,0.0
2013-01-11 00:00:00+08:00,76.63,76.63,75.87,76.25,22418000,0.0,0.0
2013-01-14 00:00:00+08:00,76.25,77.0,75.49,77.0,23448000,0.0,0.0
2013-01-15 00:00:00+08:00,77.0,77.0,75.34,75.87,35617000,0.0,0.0
2013-01-16 00:00:00+08:00,75.87,75.87,74.89,74.89,34626000,0.0,0.0
2013-01-17 00:00:00+08:00,75.87,76.25,74.36,74.97,33698000,0.0,0.0
2013-01-18 00:00:00+08:00,76.63,76.63,75.87,76.63,49737000,0.0,0.0
2013-01-21 00:00:00+08:00,76.25,76.25,75.49,75.87,17257000,0.0,0.0
2013-01-22 00:00:00+08:00,76.25,76.25,75.42,76.25,21797000,0.0,0.0
2013-01-23 00:00:00+08:00,76.63,76.63,75.49,76.25,23184000,0.0,0.0
2013-01-24 00:00:00+08:00,75.49,75.87,74.89,75.42,39614000,0.0,0.0
2013-01-25 00:00:00+08:00,75.42,75.42,73.98,74.74,47836000,0.0,0.0
2013-01-28 00:00:00+08:00,74.51,75.12,74.44,74.97,29117000,0.0,0.0
2013-01-29 00:00:00+08:00,75.49,76.63,75.27,76.25,35346000,0.0,0.0
2013-01-30 00:00:00+08:00,77.0,77.0,75.87,76.63,27884000,0.0,0.0
2013-01-31 00:00:00+08:00,75.87,76.63,75.49,76.63,39667000,0.0,0.0
2013-02-01 00:00:00+08:00,76.63,76.63,75.87,76.63,22085000,0.0,0.0
2013-02-04 00:00:00+08:00,77.0,77.76,77.0,77.76,33911000,0.0,0.0
2013-02-05 00:00:00+08:00,77.76,77.76,76.63,77.76,17175000,0.0,0.0
2013-02-06 00:00:00+08:00,78.14,79.27,77.76,79.27,30600000,0.0,0.0
2013-02-18 00:00:00+08:00,80.78,81.91,80.4,80.78,63701000,0.0,0.0
2013-02-19 00:00:00+08:00,81.91,81.91,80.4,80.78,21802000,0.0,0.0
2013-02-20 00:00:00+08:00,81.91,82.67,81.53,82.29,40532000,0.0,0.0
2013-02-21 00:00:00+08:00,81.91,81.91,80.78,80.78,30260000,0.0,0.0
2013-02-22 00:00:00+08:00,80.02,80.4,79.27,79.65,39344000,0.0,0.0
2013-02-25 00:00:00+08:00,80.4,80.78,79.27,79.27,35913000,0.0,0.0
2013-02-26 00:00:00+08:00,78.14,79.27,77.38,78.14,38440000,0.0,0.0
2013-02-27 00:00:00+08:00,77.0,78.89,76.25,78.89,80851000,0.0,0.0
2013-03-01 00:00:00+08:00,77.76,79.27,77.38,79.27,31408000,0.0,0.0
2013-03-04 00:00:00+08:00,78.89,78.89,76.63,77.0,50033000,0.0,0.0
2013-03-05 00:00:00+08:00,78.14,78.51,77.38,78.51,53913000,0.0,0.0
2013-03-06 00:00:00+08:00,78.51,78.89,77.76,78.51,35977000,0.0,0.0
2013-03-07 00:00:00+08:00,78.14,78.51,77.76,77.76,20518000,0.0,0.0
2013-03-08 00:00:00+08:00,77.76,78.89,77.0,78.14,44571000,0.0,0.0
2013-03-11 00:00:00+08:00,77.0,78.51,77.0,77.0,35709000,0.0,0.0
2013-03-12 00:00:00+08:00,77.0,77.76,76.63,77.38,29992000,0.0,0.0
2013-03-13 00:00:00+08:00,77.38,79.27,77.0,78.89,57399000,0.0,0.0
2013-03-14 00:00:00+08:00,78.51,78.89,77.76,78.51,32329000,0.0,0.0
2013-03-15 00:00:00+08:00,79.27,79.27,77.76,77.76,34424000,0.0,0.0
2013-03-18 00:00:00+08:00,77.0,77.0,75.87,75.87,43902000,0.0,0.0
2013-03-19 00:00:00+08:00,76.25,76.63,75.19,75.49,47215000,0.0,0.0
2013-03-20 00:00:00+08:00,75.12,75.12,74.59,74.59,61605000,0.0,0.0
2013-03-21 00:00:00+08:00,74.59,75.87,74.51,74.51,56415000,0.0,0.0
2013-03-22 00:00:00+08:00,74.44,74.81,73.98,73.98,44822000,0.0,0.0
2013-03-25 00:00:00+08:00,75.42,75.87,74.89,75.12,24203000,0.0,0.0
2013-03-26 00:00:00+08:00,74.89,75.04,74.59,74.74,27183000,0.0,0.0
2013-03-27 00:00:00+08:00,74.74,75.87,74.59,75.87,25674000,0.0,0.0
2013-03-28 00:00:00+08:00,75.49,75.87,74.97,75.49,27872000,0.0,0.0
2013-03-29 00:00:00+08:00,75.49,76.25,75.34,75.87,18943000,0.0,0.0
2013-04-01 00:00:00+08:00,76.25,77.0,75.87,76.25,15964000,0.0,0.0
2013-04-02 00:00:00+08:00,75.87,76.25,75.34,75.87,22291000,0.0,0.0
2013-04-03 00:00:00+08:00,76.63,76.63,75.49,75.87,26312000,0.0,0.0
2013-04-08 00:00:00+08:00,74.74,75.12,74.36,74.36,53948000,0.0,0.0
2013-04-09 00:00:00+08:00,73.98,74.36,73.61,73.61,40543000,0.0,0.0
2013-04-10 00:00:00+08:00,74.59,74.59,73.76,74.21,34877000,0.0,0.0
2013-04-11 00:00:00+08:00,74.74,76.63,74.59,76.63,54072000,0.0,0.0
2013-04-12 00:00:00+08:00,76.63,76.63,75.49,75.87,18954000,0.0,0.0
2013-04-15 00:00:00+08:00,75.87,76.25,74.81,75.04,23233000,0.0,0.0
2013-04-16 00:00:00+08:00,74.14,76.25,74.14,75.87,33395000,0.0,0.0
2013-04-17 00:00:00+08:00,76.63,76.63,75.27,75.49,35304000,0.0,0.0
2013-04-18 00:00:00+08:00,75.49,76.25,75.04,75.42,32242000,0.0,0.0
2013-04-19 00:00:00+08:00,79.65,80.4,79.65,80.4,66723000,0.0,0.0
2013-04-22 00:00:00+08:00,81.91,82.67,81.16,81.91,72170000,0.0,0.0
2013-04-23 00:00:00+08:00,80.4,81.16,79.65,80.02,45835000,0.0,0.0
2013-04-24 00:00:00+08:00,80.4,80.78,78.89,80.02,35383000,0.0,0.0
2013-04-25 00:00:00+08:00,80.02,80.78,79.65,80.78,26145000,0.0,0.0
2013-04-26 00:00:00+08:00,80.78,82.29,80.78,81.91,36420000,0.0,0.0
2013-04-29 00:00:00+08:00,81.91,81.91,81.16,81.53,21008000,0.0,0.0
2013-04-30 00:00:00+08:00,81.91,82.67,81.91,82.67,34314000,0.0,0.0
2013-05-02 00:00:00+08:00,83.04,83.8,82.29,83.42,37313000,0.0,0.0
2013-05-03 00:00:00+08:00,84.18,84.93,83.04,83.04,36502000,0.0,0.0
2013-05-06 00:00:00+08:00,84.18,84.18,83.42,84.18,19268000,0.0,0.0
2013-05-07 00:00:00+08:00,84.55,85.31,83.8,84.93,19273000,0.0,0.0
2013-05-08 00:00:00+08:00,84.93,86.82,84.93,86.44,40914000,0.0,0.0
2013-05-09 00:00:00+08:00,87.57,87.57,86.44,86.82,27151000,0.0,0.0
2013-05-10 00:00:00+08:00,86.82,86.82,85.69,86.44,27413000,0.0,0.0
2013-05-13 00:00:00+08:00,86.82,87.2,86.06,86.44,18197000,0.0,0.0
2013-05-14 00:00:00+08:00,87.2,87.95,86.82,87.2,27714000,0.0,0.0
2013-05-15 00:00:00+08:00,86.82,87.57,85.69,86.82,25970000,0.0,0.0
2013-05-16 00:00:00+08:00,86.82,87.57,85.31,85.69,44164000,0.0,0.0
2013-05-17 00:00:00+08:00,84.55,85.69,84.18,85.69,19214000,0.0,0.0
2013-05-20 00:00:00+08:00,84.93,86.06,84.93,86.06,14472000,0.0,0.0
2013-05-21 00:00:00+08:00,85.31,85.69,84.55,84.93,17184000,0.0,0.0
2013-05-22 00:00:00+08:00,84.93,85.69,83.8,84.55,31200000,0.0,0.0
2013-05-23 00:00:00+08:00,83.42,84.18,81.53,81.53,46370000,0.0,0.0
2013-05-24 00:00:00+08:00,82.67,83.42,81.91,82.67,26614000,0.0,0.0
2013-05-27 00:00:00+08:00,82.67,84.55,82.67,84.55,19085000,0.0,0.0
2013-05-28 00:00:00+08:00,84.55,84.93,82.67,82.67,21209000,0.0,0.0
2013-05-29 00:00:00+08:00,83.42,84.55,83.42,83.8,16736000,0.0,0.0
2013-05-30 00:00:00+08:00,83.8,84.18,82.67,83.04,36088000,0.0,0.0
2013-05-31 00:00:00+08:00,84.18,84.18,82.29,82.67,37162000,0.0,0.0
2013-06-03 00:00:00+08:00,81.53,81.91,80.4,81.16,35739000,0.0,0.0
2013-06-04 00:00:00+08:00,82.29,83.04,81.16,82.29,27446000,0.0,0.0
2013-06-05 00:00:00+08:00,82.67,83.42,81.91,82.67,23334000,0.0,0.0
2013-06-06 00:00:00+08:00,81.91,82.67,80.78,81.16,31641000,0.0,0.0
2013-06-07 00:00:00+08:00,81.53,82.67,81.53,81.91,32987000,0.0,0.0
2013-06-10 00:00:00+08:00,83.04,83.04,81.53,81.91,21045000,0.0,0.0
2013-06-11 00:00:00+08:00,83.04,83.04,81.53,81.53,34785000,0.0,0.0
2013-06-13 00:00:00+08:00,80.02,80.78,78.51,78.89,60275000,0.0,0.0
2013-06-14 00:00:00+08:00,79.27,80.02,78.89,80.02,41147000,0.0,0.0
2013-06-17 00:00:00+08:00,79.65,80.02,79.27,80.02,22921000,0.0,0.0
2013-06-18 00:00:00+08:00,79.27,80.4,78.89,80.4,29969000,0.0,0.0
2013-06-19 00:00:00+08:00,80.02,80.4,79.27,79.65,21991000,0.0,0.0
2013-06-20 00:00:00+08:00,79.27,79.65,78.14,78.51,29951000,0.0,0.0
2013-06-21 00:00:00+08:00,77.0,78.14,76.63,78.14,38787000,0.0,0.0
2013-06-24 00:00:00+08:00,77.38,77.38,75.49,76.25,53521000,0.0,0.0
2013-06-25 00:00:00+08:00,76.25,77.76,76.25,76.25,32319000,0.0,0.0
2013-06-26 00:00:00+08:00,77.76,78.51,76.63,76.63,54819000,0.0,0.0
2013-06-27 00:00:00+08:00,77.76,79.27,77.76,78.89,45541000,0.0,0.0
2013-06-28 00:00:00+08:00,80.02,83.8,79.27,83.8,74198000,0.0,0.0
2013-07-01 00:00:00+08:00,82.29,82.67,81.53,81.53,51539000,0.0,0.0
2013-07-02 00:00:00+08:00,82.29,83.04,81.91,83.04,44320000,0.0,0.0
2013-07-03 00:00:00+08:00,83.04,83.04,81.88,83.04,44593000,3.0,0.0
2013-07-04 00:00:00+08:00,82.66,83.04,82.27,83.04,24252000,0.0,0.0
2013-07-05 00:00:00+08:00,83.43,84.98,83.04,84.6,28230000,0.0,0.0
2013-07-08 00:00:00+08:00,83.04,83.82,81.1,81.49,32729000,0.0,0.0
2013-07-09 00:00:00+08:00,81.1,82.66,80.33,82.27,34261000,0.0,0.0
2013-07-10 00:00:00+08:00,81.1,83.04,81.1,82.27,22045000,0.0,0.0
2013-07-11 00:00:00+08:00,83.43,84.98,83.43,84.98,55975000,0.0,0.0
2013-07-12 00:00:00+08:00,84.98,85.37,84.21,85.37,31046000,0.0,0.0
2013-07-15 00:00:00+08:00,84.21,84.98,83.82,84.98,33099000,0.0,0.0
2013-07-16 00:00:00+08:00,84.21,84.6,83.04,83.82,35863000,0.0,0.0
2013-07-17 00:00:00+08:00,83.82,84.6,83.04,84.6,36386000,0.0,0.0
2013-07-18 00:00:00+08:00,83.43,83.82,81.88,81.88,43963000,0.0,0.0
2013-07-19 00:00:00+08:00,77.14,77.38,76.21,76.21,117410000,0.0,0.0
2013-07-22 00:00:00+08:00,76.06,76.37,75.2,75.28,86924000,0.0,0.0
2013-07-23 00:00:00+08:00,76.45,78.77,76.45,77.61,85529000,0.0,0.0
2013-07-24 00:00:00+08:00,78.0,79.94,77.61,79.16,58261000,0.0,0.0
2013-07-25 00:00:00+08:00,79.16,80.33,78.39,79.55,36398000,0.0,0.0
2013-07-26 00:00:00+08:00,79.94,79.94,78.39,79.55,31781000,0.0,0.0
2013-07-29 00:00:00+08:00,77.61,78.77,77.61,77.61,38265000,0.0,0.0
2013-07-30 00:00:00+08:00,78.0,79.55,78.0,79.16,33818000,0.0,0.0
2013-07-31 00:00:00+08:00,78.77,79.94,78.39,79.55,36945000,0.0,0.0
2013-08-01 00:00:00+08:00,79.16,79.16,77.61,78.0,27849000,0.0,0.0
2013-08-02 00:00:00+08:00,79.55,79.94,77.61,78.0,27947000,0.0,0.0
2013-08-05 00:00:00+08:00,77.61,78.77,77.53,78.0,23349000,0.0,0.0
2013-08-06 00:00:00+08:00,78.0,78.0,76.52,76.68,42742000,0.0,0.0
2013-08-07 00:00:00+08:00,76.45,76.45,75.28,75.28,45468000,0.0,0.0
2013-08-08 00:00:00+08:00,74.51,75.36,73.96,74.82,55550000,0.0,0.0
2013-08-09 00:00:00+08:00,77.61,77.61,74.82,74.82,47046000,0.0,0.0
2013-08-12 00:00:00+08:00,74.82,75.05,74.2,74.51,33389000,0.0,0.0
2013-08-13 00:00:00+08:00,74.51,75.59,74.51,75.44,34361000,0.0,0.0
2013-08-14 00:00:00+08:00,74.51,75.51,74.35,75.13,41618000,0.0,0.0
2013-08-15 00:00:00+08:00,74.82,74.82,73.96,74.51,42647000,0.0,0.0
2013-08-16 00:00:00+08:00,74.04,75.67,73.89,74.89,37509000,0.0,0.0
2013-08-19 00:00:00+08:00,74.12,74.58,73.96,74.12,49081000,0.0,0.0
2013-08-20 00:00:00+08:00,73.89,74.04,73.26,73.26,41635000,0.0,0.0
2013-08-22 00:00:00+08:00,72.18,73.65,72.1,73.34,60185000,0.0,0.0
2013-08-23 00:00:00+08:00,74.27,75.51,74.12,75.28,44276000,0.0,0.0
2013-08-26 00:00:00+08:00,75.75,75.75,74.58,75.13,18663000,0.0,0.0
2013-08-27 00:00:00+08:00,74.51,75.13,74.2,74.2,22435000,0.0,0.0
2013-08-28 00:00:00+08:00,74.2,75.51,73.81,75.13,34586000,0.0,0.0
2013-08-29 00:00:00+08:00,75.2,76.76,75.2,76.6,36841000,0.0,0.0
2013-08-30 00:00:00+08:00,77.3,78.0,76.68,78.0,37275000,0.0,0.0
2013-09-02 00:00:00+08:00,77.61,79.16,77.3,79.16,30751000,0.0,0.0
2013-09-03 00:00:00+08:00,79.94,79.94,78.77,79.16,31074000,0.0,0.0
2013-09-04 00:00:00+08:00,78.0,78.77,77.61,78.0,25183000,0.0,0.0
2013-09-05 00:00:00+08:00,78.0,78.77,77.61,78.77,30002000,0.0,0.0
2013-09-06 00:00:00+08:00,79.16,79.16,78.39,79.16,24631000,0.0,0.0
2013-09-09 00:00:00+08:00,79.55,79.94,78.39,79.94,32515000,0.0,0.0
2013-09-10 00:00:00+08:00,79.94,81.1,79.55,81.1,37304000,0.0,0.0
2013-09-11 00:00:00+08:00,79.94,81.1,79.55,81.1,40290000,0.0,0.0
2013-09-12 00:00:00+08:00,79.94,81.1,79.94,80.33,32814000,0.0,0.0
2013-09-13 00:00:00+08:00,79.55,79.94,79.16,79.55,22273000,0.0,0.0
2013-09-16 00:00:00+08:00,80.71,81.88,80.71,81.88,40590000,0.0,0.0
2013-09-17 00:00:00+08:00,81.88,81.88,81.1,81.88,25402000,0.0,0.0
2013-09-18 00:00:00+08:00,81.49,81.88,79.94,79.94,28113000,0.0,0.0
2013-09-23 00:00:00+08:00,79.94,82.27,79.55,81.88,51403000,0.0,0.0
2013-09-24 00:00:00+08:00,81.49,81.88,80.71,81.49,28633000,0.0,0.0
2013-09-25 00:00:00+08:00,81.1,81.1,79.94,79.94,31708000,0.0,0.0
2013-09-26 00:00:00+08:00,80.33,80.33,78.77,78.77,23012000,0.0,0.0
2013-09-27 00:00:00+08:00,80.33,80.33,79.16,79.94,26146000,0.0,0.0
2013-09-30 00:00:00+08:00,78.0,79.16,77.61,78.0,45308000,0.0,0.0
2013-10-01 00:00:00+08:00,78.0,79.55,78.0,78.77,22557000,0.0,0.0
2013-10-02 00:00:00+08:00,80.33,80.33,79.16,79.94,14186000,0.0,0.0
2013-10-03 00:00:00+08:00,80.33,82.27,79.94,81.49,50622000,0.0,0.0
2013-10-04 00:00:00+08:00,81.1,81.49,80.33,80.71,19872000,0.0,0.0
2013-10-07 00:00:00+08:00,80.33,80.71,79.16,79.94,20847000,0.0,0.0
2013-10-08 00:00:00+08:00,80.33,81.88,79.94,81.49,21082000,0.0,0.0
2013-10-09 00:00:00+08:00,80.71,81.88,79.94,81.49,22183000,0.0,0.0
2013-10-11 00:00:00+08:00,81.49,83.43,81.49,82.66,56367000,0.0,0.0
2013-10-14 00:00:00+08:00,82.66,82.66,81.49,81.49,18568000,0.0,0.0
2013-10-15 00:00:00+08:00,82.66,83.04,82.27,83.04,21383000,0.0,0.0
2013-10-16 00:00:00+08:00,83.82,83.82,82.27,82.27,18482000,0.0,0.0
2013-10-17 00:00:00+08:00,83.43,83.82,83.04,83.04,28095000,0.0,0.0
2013-10-18 00:00:00+08:00,84.21,85.37,84.21,85.37,58487000,0.0,0.0
2013-10-21 00:00:00+08:00,86.15,86.54,84.98,85.37,40443000,0.0,0.0
2013-10-22 00:00:00+08:00,85.37,86.54,84.98,86.54,38261000,0.0,0.0
2013-10-23 00:00:00+08:00,86.15,86.54,85.37,86.15,21861000,0.0,0.0
2013-10-24 00:00:00+08:00,84.6,85.37,84.21,85.37,21193000,0.0,0.0
2013-10-25 00:00:00+08:00,84.21,84.6,82.66,83.04,36027000,0.0,0.0
2013-10-28 00:00:00+08:00,83.82,84.98,83.43,84.98,21177000,0.0,0.0
2013-10-29 00:00:00+08:00,84.21,84.98,83.82,84.98,21491000,0.0,0.0
2013-10-30 00:00:00+08:00,84.6,85.37,84.6,85.37,16582000,0.0,0.0
2013-10-31 00:00:00+08:00,84.21,84.98,83.82,84.98,22472000,0.0,0.0
2013-11-01 00:00:00+08:00,85.76,85.76,84.21,84.98,10837000,0.0,0.0
2013-11-04 00:00:00+08:00,83.82,84.6,83.82,84.6,9601000,0.0,0.0
2013-11-05 00:00:00+08:00,84.21,84.6,82.66,82.66,20304000,0.0,0.0
2013-11-06 00:00:00+08:00,82.66,83.43,82.66,83.04,16437000,0.0,0.0
2013-11-07 00:00:00+08:00,83.04,83.43,82.27,83.04,15925000,0.0,0.0
2013-11-08 00:00:00+08:00,81.49,82.66,81.49,82.27,30518000,0.0,0.0
2013-11-11 00:00:00+08:00,81.49,82.27,81.1,81.1,21451000,0.0,0.0
2013-11-12 00:00:00+08:00,82.27,82.27,81.1,81.49,31600000,0.0,0.0
2013-11-13 00:00:00+08:00,81.49,81.49,79.94,79.94,26650000,0.0,0.0
2013-11-14 00:00:00+08:00,80.71,81.1,80.33,80.33,29904000,0.0,0.0
2013-11-15 00:00:00+08:00,80.33,81.1,80.33,80.71,19182000,0.0,0.0
2013-11-18 00:00:00+08:00,81.1,81.49,80.71,80.71,25261000,0.0,0.0
2013-11-19 00:00:00+08:00,81.1,81.88,80.71,81.49,34470000,0.0,0.0
2013-11-20 00:00:00+08:00,80.71,80.71,79.55,79.94,45380000,0.0,0.0
2013-11-21 00:00:00+08:00,79.16,79.94,78.0,78.39,56509000,0.0,0.0
2013-11-22 00:00:00+08:00,77.61,78.77,77.61,77.61,56921000,0.0,0.0
2013-11-25 00:00:00+08:00,78.39,79.55,78.39,78.39,30887000,0.0,0.0
2013-11-26 00:00:00+08:00,79.16,81.49,78.77,80.33,44922000,0.0,0.0
2013-11-27 00:00:00+08:00,81.49,81.88,81.1,81.49,21779000,0.0,0.0
2013-11-28 00:00:00+08:00,81.49,81.88,81.1,81.49,22729000,0.0,0.0
2013-11-29 00:00:00+08:00,81.1,81.49,80.71,81.49,34425000,0.0,0.0
2013-12-02 00:00:00+08:00,81.49,81.88,80.71,81.1,18860000,0.0,0.0
2013-12-03 00:00:00+08:00,80.71,81.49,80.33,80.71,21820000,0.0,0.0
2013-12-04 00:00:00+08:00,80.33,81.88,80.33,81.49,23415000,0.0,0.0
2013-12-05 00:00:00+08:00,81.49,81.49,80.33,80.71,25185000,0.0,0.0
2013-12-06 00:00:00+08:00,79.94,81.1,79.94,79.94,25116000,0.0,0.0
2013-12-09 00:00:00+08:00,80.71,81.49,80.71,81.49,23911000,0.0,0.0
2013-12-10 00:00:00+08:00,81.1,81.49,80.71,80.71,22217000,0.0,0.0
2013-12-11 00:00:00+08:00,80.33,81.49,80.33,81.49,24563000,0.0,0.0
2013-12-12 00:00:00+08:00,81.1,81.1,79.94,79.94,18272000,0.0,0.0
2013-12-13 00:00:00+08:00,79.55,80.33,79.55,79.55,28244000,0.0,0.0
2013-12-16 00:00:00+08:00,79.55,79.94,79.16,79.16,18669000,0.0,0.0
2013-12-17 00:00:00+08:00,79.94,81.1,79.94,80.33,26199000,0.0,0.0
2013-12-18 00:00:00+08:00,79.55,79.94,78.39,78.39,55359000,0.0,0.0
2013-12-19 00:00:00+08:00,79.16,79.94,78.77,79.55,27684000,0.0,0.0
2013-12-20 00:00:00+08:00,78.77,80.33,78.77,79.16,37568000,0.0,0.0
2013-12-23 00:00:00+08:00,79.94,81.1,79.94,80.71,28261000,0.0,0.0
2013-12-24 00:00:00+08:00,80.71,80.71,79.94,79.94,13997000,0.0,0.0
2013-12-25 00:00:00+08:00,79.55,80.33,79.55,79.94,9762000,0.0,0.0
2013-12-26 00:00:00+08:00,79.94,80.71,79.94,80.71,6738000,0.0,0.0
2013-12-27 00:00:00+08:00,80.33,81.1,79.94,81.1,24086000,0.0,0.0
2013-12-30 00:00:00+08:00,80.71,82.27,80.71,82.27,44182000,0.0,0.0
2013-12-31 00:00:00+08:00,81.88,82.27,81.49,81.88,24400000,0.0,0.0
2014-01-02 00:00:00+08:00,81.49,81.88,80.33,81.1,15071000,0.0,0.0
2014-01-03 00:00:00+08:00,79.94,79.94,79.16,79.55,38599000,0.0,0.0
2014-01-06 00:00:00+08:00,79.16,79.94,79.16,79.55,23706000,0.0,0.0
2014-01-07 00:00:00+08:00,79.55,79.94,79.16,79.16,15836000,0.0,0.0
2014-01-08 00:00:00+08:00,79.94,81.1,79.55,80.71,30218000,0.0,0.0
2014-01-09 00:00:00+08:00,79.55,79.94,78.0,78.39,63998000,0.0,0.0
2014-01-10 00:00:00+08:00,79.16,79.55,78.77,79.16,33266000,0.0,0.0
2014-01-13 00:00:00+08:00,79.94,80.33,79.55,79.94,19545000,0.0,0.0
2014-01-14 00:00:00+08:00,79.55,80.33,79.16,80.33,21639000,0.0,0.0
2014-01-15 00:00:00+08:00,80.71,82.27,80.71,81.49,54299000,0.0,0.0
2014-01-16 00:00:00+08:00,82.27,83.43,82.27,83.04,49437000,0.0,0.0
2014-01-17 00:00:00+08:00,83.82,84.21,83.04,83.43,53446000,0.0,0.0
2014-01-20 00:00:00+08:00,83.04,84.21,83.04,83.43,24245000,0.0,0.0
2014-01-21 00:00:00+08:00,84.21,84.21,82.27,82.66,24568000,0.0,0.0
2014-01-22 00:00:00+08:00,82.27,83.43,82.27,83.43,28698000,0.0,0.0
2014-01-23 00:00:00+08:00,84.21,84.21,83.43,83.43,27910000,0.0,0.0
2014-01-24 00:00:00+08:00,83.04,84.21,83.04,83.82,33999000,0.0,0.0
2014-01-27 00:00:00+08:00,82.27,82.66,80.71,81.49,64827000,0.0,0.0
2014-02-05 00:00:00+08:00,79.16,79.16,78.0,78.0,145517000,0.0,0.0
2014-02-06 00:00:00+08:00,78.39,79.94,78.39,79.16,71895000,0.0,0.0
2014-02-07 00:00:00+08:00,80.33,81.1,79.94,80.71,54104000,0.0,0.0
2014-02-10 00:00:00+08:00,80.71,81.1,79.94,79.94,26221000,0.0,0.0
2014-02-11 00:00:00+08:00,81.1,81.49,80.71,81.1,21030000,0.0,0.0
2014-02-12 00:00:00+08:00,81.49,81.88,81.1,81.49,22692000,0.0,0.0
2014-02-13 00:00:00+08:00,81.49,82.27,81.49,81.49,19561000,0.0,0.0
2014-02-14 00:00:00+08:00,82.66,83.43,82.66,83.43,42658000,0.0,0.0
2014-02-17 00:00:00+08:00,83.82,84.21,83.43,84.21,33403000,0.0,0.0
2014-02-18 00:00:00+08:00,84.21,84.21,83.43,83.82,22196000,0.0,0.0
2014-02-19 00:00:00+08:00,83.82,83.82,83.04,83.82,26867000,0.0,0.0
2014-02-20 00:00:00+08:00,82.66,83.04,82.27,82.66,28429000,0.0,0.0
2014-02-21 00:00:00+08:00,83.04,83.43,83.04,83.43,31448000,0.0,0.0
2014-02-24 00:00:00+08:00,83.43,83.82,82.27,83.04,32033000,0.0,0.0
2014-02-25 00:00:00+08:00,83.43,83.82,82.66,83.82,31499000,0.0,0.0
2014-02-26 00:00:00+08:00,83.43,83.82,83.04,83.43,34908000,0.0,0.0
2014-02-27 00:00:00+08:00,83.43,83.82,83.43,83.82,48583000,0.0,0.0
2014-03-03 00:00:00+08:00,83.82,83.82,82.66,83.82,51435000,0.0,0.0
2014-03-04 00:00:00+08:00,83.82,83.82,83.43,83.43,47911000,0.0,0.0
2014-03-05 00:00:00+08:00,84.21,85.37,84.21,85.37,54846000,0.0,0.0
2014-03-06 00:00:00+08:00,85.37,88.09,85.37,87.7,69737000,0.0,0.0
2014-03-07 00:00:00+08:00,88.48,89.25,88.09,88.86,65651000,0.0,0.0
2014-03-10 00:00:00+08:00,88.86,88.86,87.31,87.7,37846000,0.0,0.0
2014-03-11 00:00:00+08:00,88.09,88.86,88.09,88.48,28415000,0.0,0.0
2014-03-12 00:00:00+08:00,87.31,87.7,86.92,87.7,18376000,0.0,0.0
2014-03-13 00:00:00+08:00,90.42,91.19,89.64,90.42,56987000,0.0,0.0
2014-03-14 00:00:00+08:00,89.25,89.64,88.48,89.25,44655000,0.0,0.0
2014-03-17 00:00:00+08:00,88.86,89.25,87.7,88.48,33845000,0.0,0.0
2014-03-18 00:00:00+08:00,88.86,89.25,88.09,88.86,37464000,0.0,0.0
2014-03-19 00:00:00+08:00,88.86,89.25,88.09,88.86,32171000,0.0,0.0
2014-03-20 00:00:00+08:00,87.7,88.09,86.92,86.92,45292000,0.0,0.0
2014-03-21 00:00:00+08:00,88.48,88.48,86.92,87.31,60088000,0.0,0.0
2014-03-24 00:00:00+08:00,86.54,87.31,86.54,87.31,28463000,0.0,0.0
2014-03-25 00:00:00+08:00,86.54,88.09,86.54,88.09,38029000,0.0,0.0
2014-03-26 00:00:00+08:00,89.64,90.03,88.86,89.64,43314000,0.0,0.0
2014-03-27 00:00:00+08:00,88.86,90.03,88.48,90.03,30745000,0.0,0.0
2014-03-28 00:00:00+08:00,90.03,91.19,89.64,91.19,43654000,0.0,0.0
2014-03-31 00:00:00+08:00,91.58,91.97,90.42,91.97,46921000,0.0,0.0
2014-04-01 00:00:00+08:00,92.36,92.74,91.97,92.74,40015000,0.0,0.0
2014-04-02 00:00:00+08:00,93.52,93.91,92.36,93.13,43151000,0.0,0.0
2014-04-03 00:00:00+08:00,91.97,92.36,91.19,91.97,36937000,0.0,0.0
2014-04-07 00:00:00+08:00,91.19,91.58,90.42,91.19,45015000,0.0,0.0
2014-04-08 00:00:00+08:00,90.8,92.74,90.8,92.36,39873000,0.0,0.0
2014-04-09 00:00:00+08:00,92.74,93.13,92.36,92.36,28578000,0.0,0.0
2014-04-10 00:00:00+08:00,92.36,92.74,91.97,92.74,25612000,0.0,0.0
2014-04-11 00:00:00+08:00,91.97,93.13,91.58,93.13,34449000,0.0,0.0
2014-04-14 00:00:00+08:00,93.13,93.91,93.13,93.52,30297000,0.0,0.0
2014-04-15 00:00:00+08:00,94.3,95.07,93.91,95.07,28525000,0.0,0.0
2014-04-16 00:00:00+08:00,94.3,95.07,93.91,93.91,49971000,0.0,0.0
2014-04-17 00:00:00+08:00,93.52,94.3,92.36,93.13,35783000,0.0,0.0
2014-04-18 00:00:00+08:00,95.07,95.46,93.91,95.46,32741000,0.0,0.0
2014-04-21 00:00:00+08:00,94.68,94.68,93.91,94.3,21736000,0.0,0.0
2014-04-22 00:00:00+08:00,93.91,95.07,93.52,94.3,22674000,0.0,0.0
2014-04-23 00:00:00+08:00,95.46,95.46,93.52,93.91,31054000,0.0,0.0
2014-04-24 00:00:00+08:00,93.91,93.91,93.13,93.91,24389000,0.0,0.0
2014-04-25 00:00:00+08:00,93.91,93.91,91.58,91.97,49361000,0.0,0.0
2014-04-28 00:00:00+08:00,91.97,93.13,91.19,92.36,28017000,0.0,0.0
2014-04-29 00:00:00+08:00,93.52,93.91,92.36,93.52,21769000,0.0,0.0
2014-04-30 00:00:00+08:00,93.13,93.52,90.8,91.97,43654000,0.0,0.0
2014-05-02 00:00:00+08:00,92.36,92.74,90.8,91.58,42629000,0.0,0.0
2014-05-05 00:00:00+08:00,91.19,91.58,90.03,90.8,28604000,0.0,0.0
2014-05-06 00:00:00+08:00,90.8,92.36,90.42,91.58,27491000,0.0,0.0
2014-05-07 00:00:00+08:00,91.58,92.36,91.19,91.97,33234000,0.0,0.0
2014-05-08 00:00:00+08:00,92.74,93.13,92.36,92.74,27052000,0.0,0.0
2014-05-09 00:00:00+08:00,93.13,93.13,92.36,93.13,22485000,0.0,0.0
2014-05-12 00:00:00+08:00,92.74,93.13,91.19,91.97,35472000,0.0,0.0
2014-05-13 00:00:00+08:00,93.13,93.91,92.74,93.52,24007000,0.0,0.0
2014-05-14 00:00:00+08:00,93.91,94.68,93.52,94.68,32763000,0.0,0.0
2014-05-15 00:00:00+08:00,93.91,94.68,93.52,94.68,16779000,0.0,0.0
2014-05-16 00:00:00+08:00,94.68,95.46,93.91,94.68,28390000,0.0,0.0
2014-05-19 00:00:00+08:00,94.68,95.07,93.91,93.91,18373000,0.0,0.0
2014-05-20 00:00:00+08:00,94.68,94.68,93.91,93.91,25192000,0.0,0.0
2014-05-21 00:00:00+08:00,94.68,94.68,93.52,93.52,24178000,0.0,0.0
2014-05-22 00:00:00+08:00,94.3,94.68,93.91,94.68,26290000,0.0,0.0
2014-05-23 00:00:00+08:00,93.91,95.07,93.91,94.68,31726000,0.0,0.0
2014-05-26 00:00:00+08:00,95.46,95.85,94.68,95.46,19792000,0.0,0.0
2014-05-27 00:00:00+08:00,95.07,96.24,95.07,95.85,18012000,0.0,0.0
2014-05-28 00:00:00+08:00,96.24,96.24,95.07,96.24,36670000,0.0,0.0
2014-05-29 00:00:00+08:00,95.85,96.24,94.3,94.68,43028000,0.0,0.0
2014-05-30 00:00:00+08:00,94.68,95.07,92.74,92.74,69042000,0.0,0.0
2014-06-03 00:00:00+08:00,93.13,95.07,93.13,95.07,37556000,0.0,0.0
2014-06-04 00:00:00+08:00,95.85,96.24,95.46,95.85,33407000,0.0,0.0
2014-06-05 00:00:00+08:00,95.46,95.85,94.3,95.46,19524000,0.0,0.0
2014-06-06 00:00:00+08:00,95.85,95.85,94.68,95.07,19230000,0.0,0.0
2014-06-09 00:00:00+08:00,95.07,95.85,95.07,95.46,19684000,0.0,0.0
2014-06-10 00:00:00+08:00,95.46,96.63,95.07,96.63,25050000,0.0,0.0
2014-06-11 00:00:00+08:00,96.24,97.01,95.85,97.01,27770000,0.0,0.0
2014-06-12 00:00:00+08:00,96.24,96.24,95.46,95.85,22138000,0.0,0.0
2014-06-13 00:00:00+08:00,95.46,95.85,95.07,95.46,17160000,0.0,0.0
2014-06-16 00:00:00+08:00,95.07,96.24,95.07,96.24,13550000,0.0,0.0
2014-06-17 00:00:00+08:00,96.24,97.01,95.46,97.01,19795000,0.0,0.0
2014-06-18 00:00:00+08:00,97.01,98.18,96.24,97.4,37238000,0.0,0.0
2014-06-19 00:00:00+08:00,96.63,97.79,96.63,97.79,17873000,0.0,0.0
2014-06-20 00:00:00+08:00,98.18,98.57,96.24,96.63,30094000,0.0,0.0
2014-06-23 00:00:00+08:00,97.01,97.4,95.46,95.46,25096000,0.0,0.0
2014-06-24 00:00:00+08:00,95.46,95.85,94.68,95.46,33225000,0.0,0.0
2014-06-25 00:00:00+08:00,95.46,96.63,95.46,95.85,30757000,0.0,0.0
2014-06-26 00:00:00+08:00,96.63,97.01,95.85,96.63,30279000,0.0,0.0
2014-06-27 00:00:00+08:00,97.01,98.18,96.24,97.4,44396000,0.0,0.0
2014-06-30 00:00:00+08:00,97.79,98.57,97.01,98.18,33280000,0.0,0.0
2014-07-01 00:00:00+08:00,98.18,99.73,97.79,99.34,32922000,0.0,0.0
2014-07-02 00:00:00+08:00,100.51,102.83,100.12,102.83,51457000,0.0,0.0
2014-07-03 00:00:00+08:00,102.06,104.77,101.28,104.39,40176000,0.0,0.0
2014-07-04 00:00:00+08:00,103.61,105.55,102.45,104.77,44006000,0.0,0.0
2014-07-07 00:00:00+08:00,104.39,105.55,102.83,105.55,32123000,0.0,0.0
2014-07-08 00:00:00+08:00,105.16,105.55,104.0,104.39,36117000,0.0,0.0
2014-07-09 00:00:00+08:00,103.61,104.77,103.61,104.0,39145000,0.0,0.0
2014-07-10 00:00:00+08:00,104.39,105.55,104.39,104.39,47098000,0.0,0.0
2014-07-11 00:00:00+08:00,105.55,107.1,105.16,105.94,43144000,0.0,0.0
2014-07-14 00:00:00+08:00,106.73,106.73,105.14,105.14,46321000,3.0,0.0
2014-07-15 00:00:00+08:00,105.54,106.33,105.14,105.54,36989000,0.0,0.0
2014-07-16 00:00:00+08:00,105.54,105.94,103.16,103.56,39065000,0.0,0.0
2014-07-17 00:00:00+08:00,99.19,99.59,97.61,98.8,136198000,0.0,0.0
2014-07-18 00:00:00+08:00,96.42,98.4,96.42,98.0,95711000,0.0,0.0
2014-07-21 00:00:00+08:00,98.4,98.8,97.21,98.0,56612000,0.0,0.0
2014-07-22 00:00:00+08:00,98.0,99.19,97.21,98.8,53220000,0.0,0.0
2014-07-23 00:00:00+08:00,98.8,98.8,98.8,98.8,0,0.0,0.0
2014-07-24 00:00:00+08:00,98.8,99.19,98.4,99.19,65602000,0.0,0.0
2014-07-25 00:00:00+08:00,98.8,99.19,97.21,97.61,31299000,0.0,0.0
2014-07-28 00:00:00+08:00,96.81,97.21,96.02,96.42,43425000,0.0,0.0
2014-07-29 00:00:00+08:00,97.21,98.4,96.81,98.4,37994000,0.0,0.0
2014-07-30 00:00:00+08:00,98.0,99.19,97.61,98.8,32381000,0.0,0.0
2014-07-31 00:00:00+08:00,98.4,98.4,96.02,96.02,44748000,0.0,0.0
2014-08-01 00:00:00+08:00,95.23,96.02,94.83,95.23,52455000,0.0,0.0
2014-08-04 00:00:00+08:00,95.23,98.0,95.23,98.0,39633000,0.0,0.0
2014-08-05 00:00:00+08:00,97.21,97.21,94.83,94.83,61184000,0.0,0.0
2014-08-06 00:00:00+08:00,94.43,96.42,94.43,95.62,34561000,0.0,0.0
2014-08-07 00:00:00+08:00,95.62,96.42,94.83,96.42,29493000,0.0,0.0
2014-08-08 00:00:00+08:00,95.62,96.02,94.83,95.62,35075000,0.0,0.0
2014-08-11 00:00:00+08:00,95.23,96.02,94.83,95.62,42890000,0.0,0.0
2014-08-12 00:00:00+08:00,96.02,96.81,95.62,96.42,32237000,0.0,0.0
2014-08-13 00:00:00+08:00,96.02,98.0,95.62,97.21,39756000,0.0,0.0
2014-08-14 00:00:00+08:00,98.0,98.4,97.61,98.4,32907000,0.0,0.0
2014-08-15 00:00:00+08:00,98.8,99.19,97.61,98.4,19151000,0.0,0.0
2014-08-18 00:00:00+08:00,98.4,98.4,97.21,97.61,14578000,0.0,0.0
2014-08-19 00:00:00+08:00,98.4,99.19,98.0,98.4,31575000,0.0,0.0
2014-08-20 00:00:00+08:00,99.19,99.59,98.8,99.59,28876000,0.0,0.0
2014-08-21 00:00:00+08:00,99.99,99.99,98.4,98.8,22562000,0.0,0.0
2014-08-22 00:00:00+08:00,98.8,99.99,98.0,99.59,42715000,0.0,0.0
2014-08-25 00:00:00+08:00,99.59,99.99,99.19,99.19,20077000,0.0,0.0
2014-08-26 00:00:00+08:00,99.19,99.59,98.4,98.8,28801000,0.0,0.0
2014-08-27 00:00:00+08:00,99.59,99.99,98.8,99.59,36779000,0.0,0.0
2014-08-28 00:00:00+08:00,99.99,99.99,98.8,99.19,21587000,0.0,0.0
2014-08-29 00:00:00+08:00,98.8,99.19,98.4,98.4,28324000,0.0,0.0
2014-09-01 00:00:00+08:00,99.19,101.97,99.19,101.97,36304000,0.0,0.0
2014-09-02 00:00:00+08:00,101.57,101.57,99.59,99.99,19182000,0.0,0.0
2014-09-03 00:00:00+08:00,100.78,101.57,99.59,101.57,24561000,0.0,0.0
2014-09-04 00:00:00+08:00,101.57,101.57,99.99,101.18,21641000,0.0,0.0
2014-09-05 00:00:00+08:00,101.97,101.97,99.59,100.78,20096000,0.0,0.0
2014-09-09 00:00:00+08:00,101.18,101.18,100.38,100.78,22090000,0.0,0.0
2014-09-10 00:00:00+08:00,99.99,99.99,98.4,99.19,29294000,0.0,0.0
2014-09-11 00:00:00+08:00,99.99,99.99,99.19,99.19,22827000,0.0,0.0
2014-09-12 00:00:00+08:00,98.8,99.19,97.61,97.61,19798000,0.0,0.0
2014-09-15 00:00:00+08:00,97.21,98.0,96.81,98.0,19518000,0.0,0.0
2014-09-16 00:00:00+08:00,97.61,97.61,96.81,97.21,19187000,0.0,0.0
2014-09-17 00:00:00+08:00,98.0,99.19,97.61,98.8,23504000,0.0,0.0
2014-09-18 00:00:00+08:00,98.8,99.19,98.0,99.19,14726000,0.0,0.0
2014-09-19 00:00:00+08:00,99.59,99.99,99.19,99.19,30603000,0.0,0.0
2014-09-22 00:00:00+08:00,98.4,98.4,96.81,96.81,39365000,0.0,0.0
2014-09-23 00:00:00+08:00,97.61,98.0,96.81,97.21,15286000,0.0,0.0
2014-09-24 00:00:00+08:00,96.81,98.4,96.81,97.61,27613000,0.0,0.0
2014-09-25 00:00:00+08:00,97.61,98.4,96.42,96.81,23213000,0.0,0.0
2014-09-26 00:00:00+08:00,96.02,96.42,95.62,96.02,23545000,0.0,0.0
2014-09-29 00:00:00+08:00,96.81,96.81,95.23,95.62,54783000,0.0,0.0
2014-09-30 00:00:00+08:00,95.23,96.02,94.43,95.23,44070000,0.0,0.0
2014-10-01 00:00:00+08:00,95.23,96.81,95.23,96.42,42211000,0.0,0.0
2014-10-02 00:00:00+08:00,96.02,97.21,95.62,96.02,30761000,0.0,0.0
2014-10-03 00:00:00+08:00,97.21,99.19,96.81,98.8,52003000,0.0,0.0
2014-10-06 00:00:00+08:00,99.19,99.99,98.4,99.99,37186000,0.0,0.0
2014-10-07 00:00:00+08:00,99.19,99.59,98.0,99.19,39986000,0.0,0.0
2014-10-08 00:00:00+08:00,98.0,99.19,97.21,97.21,29221000,0.0,0.0
2014-10-09 00:00:00+08:00,98.4,99.19,98.0,99.19,35347000,0.0,0.0
2014-10-13 00:00:00+08:00,94.43,96.42,93.64,95.62,69183000,0.0,0.0
2014-10-14 00:00:00+08:00,95.23,96.42,94.83,96.02,31862000,0.0,0.0
2014-10-15 00:00:00+08:00,96.42,97.61,96.02,96.42,43922000,0.0,0.0
2014-10-16 00:00:00+08:00,96.42,98.4,95.23,96.42,45527000,0.0,0.0
2014-10-17 00:00:00+08:00,99.19,99.59,98.0,98.0,91597000,0.0,0.0
2014-10-20 00:00:00+08:00,99.19,99.99,98.8,99.99,38276000,0.0,0.0
2014-10-21 00:00:00+08:00,99.99,99.99,98.8,99.19,25582000,0.0,0.0
2014-10-22 00:00:00+08:00,101.18,102.37,101.18,102.37,64167000,0.0,0.0
2014-10-23 00:00:00+08:00,101.57,101.97,101.18,101.18,26374000,0.0,0.0
2014-10-24 00:00:00+08:00,100.78,101.18,99.19,99.59,42082000,0.0,0.0
2014-10-27 00:00:00+08:00,100.38,101.57,100.38,101.57,25119000,0.0,0.0
2014-10-28 00:00:00+08:00,102.37,102.76,101.18,101.57,34984000,0.0,0.0
2014-10-29 00:00:00+08:00,102.37,102.76,101.57,102.37,34583000,0.0,0.0
2014-10-30 00:00:00+08:00,101.97,102.37,100.78,101.97,35688000,0.0,0.0
2014-10-31 00:00:00+08:00,101.57,103.56,101.18,103.56,41983000,0.0,0.0
2014-11-03 00:00:00+08:00,104.75,105.14,103.56,103.95,44912000,0.0,0.0
2014-11-04 00:00:00+08:00,104.75,104.75,103.95,104.75,32171000,0.0,0.0
2014-11-05 00:00:00+08:00,104.35,104.75,103.95,104.75,22440000,0.0,0.0
2014-11-06 00:00:00+08:00,105.14,105.14,104.35,104.75,28374000,0.0,0.0
2014-11-07 00:00:00+08:00,104.35,104.35,103.56,103.95,16709000,0.0,0.0
2014-11-10 00:00:00+08:00,105.14,106.73,104.75,106.73,42569000,0.0,0.0
2014-11-11 00:00:00+08:00,107.13,107.13,105.54,106.33,20451000,0.0,0.0
2014-11-12 00:00:00+08:00,106.73,106.73,104.35,104.75,27373000,0.0,0.0
2014-11-13 00:00:00+08:00,105.94,106.73,105.14,106.33,24882000,0.0,0.0
2014-11-14 00:00:00+08:00,106.33,107.13,105.94,107.13,23655000,0.0,0.0
2014-11-17 00:00:00+08:00,107.13,107.53,105.14,105.54,23562000,0.0,0.0
2014-11-18 00:00:00+08:00,106.33,106.73,103.95,104.35,42688000,0.0,0.0
2014-11-19 00:00:00+08:00,105.54,108.32,105.14,107.92,70920000,0.0,0.0
2014-11-20 00:00:00+08:00,109.11,110.3,108.72,110.3,44092000,0.0,0.0
2014-11-21 00:00:00+08:00,110.7,110.7,109.11,109.91,30388000,0.0,0.0
2014-11-24 00:00:00+08:00,111.1,111.49,109.51,109.91,33292000,0.0,0.0
2014-11-25 00:00:00+08:00,109.91,111.1,109.91,110.3,42648000,0.0,0.0
2014-11-26 00:00:00+08:00,109.91,110.3,109.51,110.3,23137000,0.0,0.0
2014-11-27 00:00:00+08:00,111.1,112.68,111.1,111.1,26123000,0.0,0.0
2014-11-28 00:00:00+08:00,110.3,112.29,110.3,112.29,35681000,0.0,0.0
2014-12-01 00:00:00+08:00,110.3,112.68,109.91,111.1,41250000,0.0,0.0
2014-12-02 00:00:00+08:00,110.7,110.7,109.11,109.11,45913000,0.0,0.0
2014-12-03 00:00:00+08:00,109.11,110.3,108.32,109.51,38940000,0.0,0.0
2014-12-04 00:00:00+08:00,110.3,111.1,109.91,110.3,28226000,0.0,0.0
2014-12-05 00:00:00+08:00,109.91,110.7,108.72,109.11,27050000,0.0,0.0
2014-12-08 00:00:00+08:00,109.51,109.91,108.72,109.51,19595000,0.0,0.0
2014-12-09 00:00:00+08:00,109.51,110.3,109.11,109.51,31770000,0.0,0.0
2014-12-10 00:00:00+08:00,109.51,110.3,107.92,107.92,39726000,0.0,0.0
2014-12-11 00:00:00+08:00,107.13,107.92,106.73,106.73,32283000,0.0,0.0
2014-12-12 00:00:00+08:00,107.13,107.92,106.73,107.13,31433000,0.0,0.0
2014-12-15 00:00:00+08:00,106.73,108.32,106.73,107.92,44381000,0.0,0.0
2014-12-16 00:00:00+08:00,106.73,107.53,105.54,105.54,41199000,0.0,0.0
2014-12-17 00:00:00+08:00,105.54,105.54,103.16,103.56,70497000,0.0,0.0
2014-12-18 00:00:00+08:00,104.75,105.54,103.95,104.35,50410000,0.0,0.0
2014-12-19 00:00:00+08:00,106.73,109.51,106.33,109.51,44362000,0.0,0.0
2014-12-22 00:00:00+08:00,109.11,111.1,108.72,109.91,34577000,0.0,0.0
2014-12-23 00:00:00+08:00,110.3,111.1,108.72,109.11,19122000,0.0,0.0
2014-12-24 00:00:00+08:00,107.92,109.51,107.92,109.51,16679000,0.0,0.0
2014-12-25 00:00:00+08:00,108.72,109.51,108.72,109.11,7358000,0.0,0.0
2014-12-26 00:00:00+08:00,109.51,110.3,108.72,110.3,13112000,0.0,0.0
2014-12-29 00:00:00+08:00,109.51,111.89,109.51,111.89,34993000,0.0,0.0
2014-12-30 00:00:00+08:00,111.89,112.29,110.3,111.1,21789000,0.0,0.0
2014-12-31 00:00:00+08:00,110.3,111.89,110.3,111.89,18306000,0.0,0.0
2015-01-05 00:00:00+08:00,111.49,111.49,109.11,110.7,32046000,0.0,0.0
2015-01-06 00:00:00+08:00,109.11,109.11,105.54,105.94,66778000,0.0,0.0
2015-01-07 00:00:00+08:00,105.94,107.13,105.94,106.33,43703000,0.0,0.0
2015-01-08 00:00:00+08:00,108.32,109.51,107.92,109.51,42491000,0.0,0.0
2015-01-09 00:00:00+08:00,107.13,107.53,105.54,106.33,61558000,0.0,0.0
2015-01-12 00:00:00+08:00,105.14,105.94,104.75,104.75,30338000,0.0,0.0
2015-01-13 00:00:00+08:00,103.95,105.54,103.56,105.14,37818000,0.0,0.0
2015-01-14 00:00:00+08:00,105.14,105.54,103.16,103.16,48740000,0.0,0.0
2015-01-15 00:00:00+08:00,104.35,105.54,104.35,104.35,40607000,0.0,0.0
2015-01-16 00:00:00+08:00,111.1,111.1,107.92,108.72,124042000,0.0,0.0
2015-01-19 00:00:00+08:00,109.91,110.7,109.11,110.3,49986000,0.0,0.0
2015-01-20 00:00:00+08:00,110.3,110.3,109.11,109.51,32739000,0.0,0.0
2015-01-21 00:00:00+08:00,110.7,111.89,110.7,111.89,70464000,0.0,0.0
2015-01-22 00:00:00+08:00,112.29,112.68,110.7,111.1,43846000,0.0,0.0
2015-01-23 00:00:00+08:00,113.08,115.06,113.08,115.06,82089000,0.0,0.0
2015-01-26 00:00:00+08:00,115.46,115.46,113.87,115.06,46716000,0.0,0.0
2015-01-27 00:00:00+08:00,115.46,116.65,114.67,116.65,52805000,0.0,0.0
2015-01-28 00:00:00+08:00,116.25,116.65,115.46,116.25,45898000,0.0,0.0
2015-01-29 00:00:00+08:00,114.27,115.06,113.48,113.87,34459000,0.0,0.0
2015-01-30 00:00:00+08:00,115.06,115.46,111.89,111.89,43666000,0.0,0.0
2015-02-02 00:00:00+08:00,111.49,113.48,111.49,113.08,29181000,0.0,0.0
2015-02-03 00:00:00+08:00,113.48,114.67,112.68,114.67,27160000,0.0,0.0
2015-02-04 00:00:00+08:00,114.67,116.25,114.27,115.86,40416000,0.0,0.0
2015-02-05 00:00:00+08:00,115.46,115.86,113.87,115.46,23363000,0.0,0.0
2015-02-06 00:00:00+08:00,115.46,115.46,113.48,113.48,27301000,0.0,0.0
2015-02-09 00:00:00+08:00,113.48,113.87,112.29,112.68,26315000,0.0,0.0
2015-02-10 00:00:00+08:00,112.68,113.48,112.29,113.08,33294000,0.0,0.0
2015-02-11 00:00:00+08:00,115.86,118.24,115.86,117.44,71259000,0.0,0.0
2015-02-12 00:00:00+08:00,118.63,118.63,117.05,117.84,33577000,0.0,0.0
2015-02-13 00:00:00+08:00,117.84,119.03,117.44,117.84,37815000,0.0,0.0
2015-02-24 00:00:00+08:00,118.24,120.62,117.84,119.83,72531000,0.0,0.0
2015-02-25 00:00:00+08:00,121.02,122.6,121.02,122.6,48183000,0.0,0.0
2015-02-26 00:00:00+08:00,121.81,122.21,119.43,119.43,55574000,0.0,0.0
2015-03-02 00:00:00+08:00,120.22,121.41,117.84,118.24,41388000,0.0,0.0
2015-03-03 00:00:00+08:00,119.03,119.83,117.84,119.43,29134000,0.0,0.0
2015-03-04 00:00:00+08:00,119.03,120.22,118.24,119.43,32627000,0.0,0.0
2015-03-05 00:00:00+08:00,119.03,119.83,117.84,119.03,28872000,0.0,0.0
2015-03-06 00:00:00+08:00,118.24,118.63,117.84,118.24,31316000,0.0,0.0
2015-03-09 00:00:00+08:00,117.05,117.05,115.06,115.46,67163000,0.0,0.0
2015-03-10 00:00:00+08:00,115.06,115.06,114.27,114.27,46809000,0.0,0.0
2015-03-11 00:00:00+08:00,113.87,117.44,113.48,115.86,51795000,0.0,0.0
2015-03-12 00:00:00+08:00,116.65,117.84,116.25,117.44,32183000,0.0,0.0
2015-03-13 00:00:00+08:00,117.44,118.63,116.65,118.24,45451000,0.0,0.0
2015-03-16 00:00:00+08:00,118.24,118.63,115.86,115.86,36912000,0.0,0.0
2015-03-17 00:00:00+08:00,117.84,119.03,117.84,118.24,55718000,0.0,0.0
2015-03-18 00:00:00+08:00,119.83,122.21,119.03,121.81,70808000,0.0,0.0
2015-03-19 00:00:00+08:00,121.02,123.0,121.02,122.21,43070000,0.0,0.0
2015-03-20 00:00:00+08:00,120.22,122.21,120.22,122.21,37536000,0.0,0.0
2015-03-23 00:00:00+08:00,122.21,122.21,121.02,121.81,26285000,0.0,0.0
2015-03-24 00:00:00+08:00,121.81,121.81,120.22,120.22,36086000,0.0,0.0
2015-03-25 00:00:00+08:00,120.62,121.02,119.43,119.83,44424000,0.0,0.0
2015-03-26 00:00:00+08:00,115.46,116.65,114.67,115.46,157081000,0.0,0.0
2015-03-27 00:00:00+08:00,114.27,115.46,113.08,113.08,106610000,0.0,0.0
2015-03-30 00:00:00+08:00,113.08,114.27,112.68,113.08,59832000,0.0,0.0
2015-03-31 00:00:00+08:00,114.27,115.46,113.48,115.46,56539000,0.0,0.0
2015-04-01 00:00:00+08:00,115.06,115.06,113.87,114.27,38697000,0.0,0.0
2015-04-02 00:00:00+08:00,115.06,117.44,114.67,116.65,49213000,0.0,0.0
2015-04-07 00:00:00+08:00,116.25,117.05,115.06,115.86,33362000,0.0,0.0
2015-04-08 00:00:00+08:00,115.46,115.86,113.48,113.48,47500000,0.0,0.0
2015-04-09 00:00:00+08:00,114.27,115.46,113.48,113.48,46493000,0.0,0.0
2015-04-10 00:00:00+08:00,115.86,116.65,115.06,116.65,33819000,0.0,0.0
2015-04-13 00:00:00+08:00,116.25,117.05,115.86,116.65,23821000,0.0,0.0
2015-04-14 00:00:00+08:00,115.06,115.46,113.87,114.27,41528000,0.0,0.0
2015-04-15 00:00:00+08:00,113.87,114.67,112.29,113.48,71481000,0.0,0.0
2015-04-16 00:00:00+08:00,115.06,116.65,114.67,116.65,54354000,0.0,0.0
2015-04-17 00:00:00+08:00,113.48,114.27,113.08,113.08,76708000,0.0,0.0
2015-04-20 00:00:00+08:00,112.68,114.27,112.29,113.48,34341000,0.0,0.0
2015-04-21 00:00:00+08:00,112.68,113.87,112.29,113.08,36209000,0.0,0.0
2015-04-22 00:00:00+08:00,113.87,115.06,113.48,113.87,40606000,0.0,0.0
2015-04-23 00:00:00+08:00,115.46,116.65,115.06,116.65,46931000,0.0,0.0
2015-04-24 00:00:00+08:00,118.24,121.02,117.84,121.02,122689000,0.0,0.0
2015-04-27 00:00:00+08:00,121.41,121.41,119.03,120.22,57529000,0.0,0.0
2015-04-28 00:00:00+08:00,121.81,121.81,119.43,120.22,43177000,0.0,0.0
2015-04-29 00:00:00+08:00,119.03,119.83,117.44,117.84,37363000,0.0,0.0
2015-04-30 00:00:00+08:00,116.65,117.84,116.25,116.65,48913000,0.0,0.0
2015-05-04 00:00:00+08:00,117.84,117.84,115.86,117.05,30811000,0.0,0.0
2015-05-05 00:00:00+08:00,117.05,117.44,115.86,116.65,27559000,0.0,0.0
2015-05-06 00:00:00+08:00,115.46,117.44,115.46,117.05,18784000,0.0,0.0
2015-05-07 00:00:00+08:00,115.86,117.05,115.86,116.25,21826000,0.0,0.0
2015-05-08 00:00:00+08:00,115.86,117.05,115.86,116.25,19987000,0.0,0.0
2015-05-11 00:00:00+08:00,118.24,118.24,116.65,117.84,20326000,0.0,0.0
2015-05-12 00:00:00+08:00,116.65,117.84,116.65,117.05,20509000,0.0,0.0
2015-05-13 00:00:00+08:00,117.05,118.24,116.65,117.44,18844000,0.0,0.0
2015-05-14 00:00:00+08:00,117.44,117.84,115.86,115.86,38700000,0.0,0.0
2015-05-15 00:00:00+08:00,116.65,116.65,115.06,116.25,24295000,0.0,0.0
2015-05-18 00:00:00+08:00,116.65,116.65,115.06,116.25,22879000,0.0,0.0
2015-05-19 00:00:00+08:00,115.46,117.05,115.06,116.25,26257000,0.0,0.0
2015-05-20 00:00:00+08:00,116.25,116.65,115.86,116.25,26920000,0.0,0.0
2015-05-21 00:00:00+08:00,115.86,116.25,114.67,115.46,40819000,0.0,0.0
2015-05-22 00:00:00+08:00,115.86,116.65,115.06,115.46,22074000,0.0,0.0
2015-05-25 00:00:00+08:00,116.25,117.05,115.46,117.05,16253000,0.0,0.0
2015-05-26 00:00:00+08:00,117.84,117.84,116.25,116.25,15545000,0.0,0.0
2015-05-27 00:00:00+08:00,115.46,116.65,115.06,115.06,23825000,0.0,0.0
2015-05-28 00:00:00+08:00,116.65,117.05,115.86,116.65,35891000,0.0,0.0
2015-05-29 00:00:00+08:00,116.65,117.05,115.46,115.86,56616000,0.0,0.0
2015-06-01 00:00:00+08:00,115.46,115.86,114.27,115.06,31570000,0.0,0.0
2015-06-02 00:00:00+08:00,114.67,114.67,113.87,114.27,33317000,0.0,0.0
2015-06-03 00:00:00+08:00,113.87,114.67,113.48,113.48,29870000,0.0,0.0
2015-06-04 00:00:00+08:00,112.68,113.08,111.1,111.89,58172000,0.0,0.0
2015-06-05 00:00:00+08:00,110.7,111.49,110.3,111.1,42648000,0.0,0.0
2015-06-08 00:00:00+08:00,110.7,111.1,109.91,109.91,45469000,0.0,0.0
2015-06-09 00:00:00+08:00,109.91,111.1,109.51,110.3,31575000,0.0,0.0
2015-06-10 00:00:00+08:00,111.89,112.29,110.7,110.7,37077000,0.0,0.0
2015-06-11 00:00:00+08:00,111.89,114.27,111.89,113.87,44613000,0.0,0.0
2015-06-12 00:00:00+08:00,114.27,114.67,113.08,114.67,31448000,0.0,0.0
2015-06-15 00:00:00+08:00,114.67,114.67,113.08,113.48,23608000,0.0,0.0
2015-06-16 00:00:00+08:00,113.48,113.48,111.89,112.68,27272000,0.0,0.0
2015-06-17 00:00:00+08:00,113.48,113.87,112.68,113.08,31326000,0.0,0.0
2015-06-18 00:00:00+08:00,112.68,113.48,112.68,112.68,28591000,0.0,0.0
2015-06-22 00:00:00+08:00,112.68,113.87,112.68,112.68,28278000,0.0,0.0
2015-06-23 00:00:00+08:00,113.48,115.06,113.08,114.67,37230000,0.0,0.0
2015-06-24 00:00:00+08:00,114.67,115.06,113.87,115.06,18555000,0.0,0.0
2015-06-25 00:00:00+08:00,115.06,116.65,115.06,116.25,43496000,0.0,0.0
2015-06-26 00:00:00+08:00,116.65,117.05,115.46,115.86,33561000,0.0,0.0
2015-06-29 00:00:00+08:00,115.04,115.45,113.4,113.4,53014000,4.5,0.0
2015-06-30 00:00:00+08:00,113.81,115.04,113.4,115.04,45261000,0.0,0.0
2015-07-01 00:00:00+08:00,114.63,116.68,113.81,115.45,32546000,0.0,0.0
2015-07-02 00:00:00+08:00,115.04,116.27,115.04,115.86,23908000,0.0,0.0
2015-07-03 00:00:00+08:00,115.86,116.68,114.63,116.68,16093000,0.0,0.0
2015-07-06 00:00:00+08:00,115.45,115.86,115.04,115.04,20617000,0.0,0.0
2015-07-07 00:00:00+08:00,115.45,116.27,115.04,115.04,26349000,0.0,0.0
2015-07-08 00:00:00+08:00,115.04,115.45,112.99,112.99,51986000,0.0,0.0
2015-07-09 00:00:00+08:00,109.72,112.99,109.72,111.76,53233000,0.0,0.0
2015-07-10 00:00:00+08:00,111.76,111.76,111.76,111.76,0,0.0,0.0
2015-07-13 00:00:00+08:00,112.17,114.22,112.17,113.4,34518000,0.0,0.0
2015-07-14 00:00:00+08:00,114.22,115.04,112.99,113.4,27536000,0.0,0.0
2015-07-15 00:00:00+08:00,113.81,114.22,112.99,113.4,23295000,0.0,0.0
2015-07-16 00:00:00+08:00,114.63,114.63,110.94,111.76,36999000,0.0,0.0
2015-07-17 00:00:00+08:00,112.99,114.63,112.99,114.63,55781000,0.0,0.0
2015-07-20 00:00:00+08:00,115.86,116.27,113.4,113.81,27655000,0.0,0.0
2015-07-21 00:00:00+08:00,115.45,115.86,114.22,115.04,19431000,0.0,0.0
2015-07-22 00:00:00+08:00,113.81,114.22,112.99,113.81,24620000,0.0,0.0
2015-07-23 00:00:00+08:00,112.17,112.58,111.35,111.35,36389000,0.0,0.0
2015-07-24 00:00:00+08:00,112.99,112.99,111.35,112.17,38194000,0.0,0.0
2015-07-27 00:00:00+08:00,110.54,110.94,109.72,109.72,43371000,0.0,0.0
2015-07-28 00:00:00+08:00,110.54,111.76,109.72,109.72,34219000,0.0,0.0
2015-07-29 00:00:00+08:00,110.54,111.35,110.13,110.94,29871000,0.0,0.0
2015-07-30 00:00:00+08:00,111.35,113.81,111.35,113.4,36097000,0.0,0.0
2015-07-31 00:00:00+08:00,115.04,115.04,112.58,114.22,39992000,0.0,0.0
2015-08-03 00:00:00+08:00,113.4,113.4,110.13,110.13,33631000,0.0,0.0
2015-08-04 00:00:00+08:00,110.54,111.76,110.13,111.76,26546000,0.0,0.0
2015-08-05 00:00:00+08:00,110.94,110.94,109.72,109.72,28491000,0.0,0.0
2015-08-06 00:00:00+08:00,111.35,111.35,108.08,109.72,38414000,0.0,0.0
2015-08-07 00:00:00+08:00,108.9,109.31,107.67,108.9,30554000,0.0,0.0
2015-08-10 00:00:00+08:00,107.26,107.26,102.76,105.62,63646000,0.0,0.0
2015-08-11 00:00:00+08:00,109.31,109.31,106.85,106.85,64344000,0.0,0.0
2015-08-12 00:00:00+08:00,106.03,106.44,104.39,105.21,41642000,0.0,0.0
2015-08-13 00:00:00+08:00,105.62,106.44,104.39,104.8,35943000,0.0,0.0
2015-08-14 00:00:00+08:00,104.8,105.21,102.35,103.17,39413000,0.0,0.0
2015-08-17 00:00:00+08:00,102.76,102.76,100.71,101.53,37847000,0.0,0.0
2015-08-18 00:00:00+08:00,102.35,103.58,102.35,103.17,40722000,0.0,0.0
2015-08-19 00:00:00+08:00,104.39,104.39,101.53,102.35,41301000,0.0,0.0
2015-08-20 00:00:00+08:00,101.94,103.17,101.12,103.17,38012000,0.0,0.0
2015-08-21 00:00:00+08:00,100.71,101.94,99.07,99.07,59694000,0.0,0.0
2015-08-24 00:00:00+08:00,98.25,99.07,92.11,94.16,116158000,0.0,0.0
2015-08-25 00:00:00+08:00,96.62,101.53,96.21,101.12,94960000,0.0,0.0
2015-08-26 00:00:00+08:00,99.07,101.94,97.84,100.3,64879000,0.0,0.0
2015-08-27 00:00:00+08:00,102.35,102.35,99.89,101.53,53388000,0.0,0.0
2015-08-28 00:00:00+08:00,103.99,103.99,101.94,102.35,41466000,0.0,0.0
2015-08-31 00:00:00+08:00,103.17,105.62,101.12,105.62,56941000,0.0,0.0
2015-09-01 00:00:00+08:00,104.39,104.39,101.53,101.53,42340000,0.0,0.0
2015-09-02 00:00:00+08:00,100.71,103.99,100.71,102.76,36973000,0.0,0.0
2015-09-03 00:00:00+08:00,104.39,104.39,102.35,103.99,24004000,0.0,0.0
2015-09-04 00:00:00+08:00,103.58,103.99,101.12,102.35,22006000,0.0,0.0
2015-09-07 00:00:00+08:00,101.94,103.17,99.89,100.3,25891000,0.0,0.0
2015-09-08 00:00:00+08:00,100.3,101.12,99.89,100.71,15090000,0.0,0.0
2015-09-09 00:00:00+08:00,103.58,105.62,103.58,105.62,53588000,0.0,0.0
2015-09-10 00:00:00+08:00,103.99,104.8,102.35,102.35,32912000,0.0,0.0
2015-09-11 00:00:00+08:00,102.76,104.39,101.53,104.39,20525000,0.0,0.0
2015-09-14 00:00:00+08:00,104.8,105.62,103.17,104.39,25508000,0.0,0.0
2015-09-15 00:00:00+08:00,104.39,104.8,102.76,103.17,21658000,0.0,0.0
2015-09-16 00:00:00+08:00,104.8,106.44,104.39,106.03,39923000,0.0,0.0
2015-09-17 00:00:00+08:00,106.85,107.67,106.44,107.26,49472000,0.0,0.0
2015-09-18 00:00:00+08:00,106.03,107.67,105.62,107.67,31937000,0.0,0.0
2015-09-21 00:00:00+08:00,106.44,106.44,105.21,106.03,29930000,0.0,0.0
2015-09-22 00:00:00+08:00,106.44,106.44,105.21,105.62,17636000,0.0,0.0
2015-09-23 00:00:00+08:00,103.99,104.39,101.94,101.94,32905000,0.0,0.0
2015-09-24 00:00:00+08:00,103.99,104.8,102.76,103.99,43432000,0.0,0.0
2015-09-25 00:00:00+08:00,103.99,104.39,102.35,103.99,24630000,0.0,0.0
2015-09-29 00:00:00+08:00,103.99,103.99,103.99,103.99,0,0.0,0.0
2015-09-30 00:00:00+08:00,104.8,107.26,103.99,106.44,67112000,0.0,0.0
2015-10-01 00:00:00+08:00,107.26,109.72,106.03,109.31,49600000,0.0,0.0
2015-10-02 00:00:00+08:00,108.49,108.49,107.67,108.08,25216000,0.0,0.0
2015-10-05 00:00:00+08:00,108.9,109.31,107.67,108.49,30276000,0.0,0.0
2015-10-06 00:00:00+08:00,110.54,110.94,108.49,108.9,48613000,0.0,0.0
2015-10-07 00:00:00+08:00,109.31,110.54,108.9,110.54,31784000,0.0,0.0
2015-10-08 00:00:00+08:00,112.17,112.17,110.54,111.35,31144000,0.0,0.0
2015-10-12 00:00:00+08:00,112.17,113.81,111.76,113.4,46971000,0.0,0.0
2015-10-13 00:00:00+08:00,113.4,113.4,111.35,112.58,36108000,0.0,0.0
2015-10-14 00:00:00+08:00,111.76,112.58,111.35,111.76,18007000,0.0,0.0
2015-10-15 00:00:00+08:00,113.81,115.45,113.81,114.63,57142000,0.0,0.0
2015-10-16 00:00:00+08:00,112.17,112.58,111.35,112.58,36196000,0.0,0.0
2015-10-19 00:00:00+08:00,113.4,113.81,112.17,112.99,26150000,0.0,0.0
2015-10-20 00:00:00+08:00,113.81,113.81,112.58,113.81,27462000,0.0,0.0
2015-10-21 00:00:00+08:00,114.22,114.63,112.58,113.4,17976000,0.0,0.0
2015-10-22 00:00:00+08:00,112.99,113.4,112.17,112.58,15149000,0.0,0.0
2015-10-23 00:00:00+08:00,114.63,115.04,113.81,114.63,35644000,0.0,0.0
2015-10-26 00:00:00+08:00,115.04,115.04,113.81,114.63,24382000,0.0,0.0
2015-10-27 00:00:00+08:00,113.4,114.63,112.58,113.81,26012000,0.0,0.0
2015-10-28 00:00:00+08:00,112.17,113.81,112.17,112.99,22522000,0.0,0.0
2015-10-29 00:00:00+08:00,113.81,114.22,111.76,111.76,20428000,0.0,0.0
2015-10-30 00:00:00+08:00,112.17,112.58,111.35,111.76,27844000,0.0,0.0
2015-11-02 00:00:00+08:00,113.4,113.4,110.94,112.58,21663000,0.0,0.0
2015-11-03 00:00:00+08:00,113.4,114.63,112.99,114.22,33082000,0.0,0.0
2015-11-04 00:00:00+08:00,115.86,118.31,115.45,118.31,75144000,0.0,0.0
2015-11-05 00:00:00+08:00,117.9,118.31,116.68,116.68,35773000,0.0,0.0
2015-11-06 00:00:00+08:00,117.9,117.9,113.81,114.63,45683000,0.0,0.0
2015-11-09 00:00:00+08:00,115.45,117.09,115.04,116.27,24833000,0.0,0.0
2015-11-10 00:00:00+08:00,115.86,115.86,113.81,114.22,23307000,0.0,0.0
2015-11-11 00:00:00+08:00,115.04,115.04,111.76,112.58,29412000,0.0,0.0
2015-11-12 00:00:00+08:00,113.4,113.81,112.99,113.4,16474000,0.0,0.0
2015-11-13 00:00:00+08:00,112.58,113.81,111.35,111.35,21639000,0.0,0.0
2015-11-16 00:00:00+08:00,109.72,110.94,109.72,110.54,32110000,0.0,0.0
2015-11-17 00:00:00+08:00,112.99,114.63,112.58,113.4,28188000,0.0,0.0
2015-11-18 00:00:00+08:00,114.22,114.63,111.76,112.17,29074000,0.0,0.0
2015-11-19 00:00:00+08:00,113.4,115.04,112.99,115.04,27426000,0.0,0.0
2015-11-20 00:00:00+08:00,115.04,115.45,114.63,115.45,20271000,0.0,0.0
2015-11-23 00:00:00+08:00,115.45,115.86,114.63,115.45,17170000,0.0,0.0
2015-11-24 00:00:00+08:00,114.63,115.86,114.22,114.22,21843000,0.0,0.0
2015-11-25 00:00:00+08:00,114.22,115.45,113.4,115.45,27099000,0.0,0.0
2015-11-26 00:00:00+08:00,115.45,116.68,114.63,116.68,31976000,0.0,0.0
2015-11-27 00:00:00+08:00,117.09,117.09,113.81,113.81,23135000,0.0,0.0
2015-11-30 00:00:00+08:00,111.76,113.81,111.35,113.81,108490000,0.0,0.0
2015-12-01 00:00:00+08:00,115.04,116.68,113.4,116.68,46117000,0.0,0.0
2015-12-02 00:00:00+08:00,117.9,117.9,116.27,116.68,31609000,0.0,0.0
2015-12-03 00:00:00+08:00,115.86,117.09,115.86,116.68,18825000,0.0,0.0
2015-12-04 00:00:00+08:00,115.45,116.68,115.04,115.04,30869000,0.0,0.0
2015-12-07 00:00:00+08:00,116.27,118.31,116.27,117.49,40284000,0.0,0.0
2015-12-08 00:00:00+08:00,117.49,117.9,115.45,116.68,32173000,0.0,0.0
2015-12-09 00:00:00+08:00,116.27,116.27,115.04,115.04,26751000,0.0,0.0
2015-12-10 00:00:00+08:00,115.04,115.86,113.81,115.45,41414000,0.0,0.0
2015-12-11 00:00:00+08:00,115.45,116.27,113.81,114.22,29914000,0.0,0.0
2015-12-14 00:00:00+08:00,112.58,114.22,112.58,113.81,32656000,0.0,0.0
2015-12-15 00:00:00+08:00,114.22,115.04,112.99,112.99,23558000,0.0,0.0
2015-12-16 00:00:00+08:00,116.27,117.9,115.45,117.49,56401000,0.0,0.0
2015-12-17 00:00:00+08:00,118.31,118.72,117.09,118.72,34462000,0.0,0.0
2015-12-18 00:00:00+08:00,117.09,118.72,116.27,116.27,36298000,0.0,0.0
2015-12-21 00:00:00+08:00,115.86,116.68,115.04,115.86,26847000,0.0,0.0
2015-12-22 00:00:00+08:00,115.45,116.27,115.04,116.27,17085000,0.0,0.0
2015-12-23 00:00:00+08:00,115.45,117.09,115.04,115.86,18064000,0.0,0.0
2015-12-24 00:00:00+08:00,117.09,117.49,116.27,116.27,13471000,0.0,0.0
2015-12-25 00:00:00+08:00,116.27,117.49,116.27,117.09,6126000,0.0,0.0
2015-12-28 00:00:00+08:00,117.49,117.9,117.09,117.49,10797000,0.0,0.0
2015-12-29 00:00:00+08:00,117.49,117.9,115.86,116.27,12801000,0.0,0.0
2015-12-30 00:00:00+08:00,116.68,117.9,116.27,116.68,14578000,0.0,0.0
2015-12-31 00:00:00+08:00,116.27,117.9,115.45,117.09,18336000,0.0,0.0
2016-01-04 00:00:00+08:00,116.68,117.49,113.81,114.22,39169000,0.0,0.0
2016-01-05 00:00:00+08:00,113.81,114.63,112.17,112.99,46381000,0.0,0.0
2016-01-06 00:00:00+08:00,112.99,112.99,110.54,110.94,53617000,0.0,0.0
2016-01-07 00:00:00+08:00,110.13,110.54,106.85,108.9,62539000,0.0,0.0
2016-01-08 00:00:00+08:00,108.08,110.54,108.08,109.72,50123000,0.0,0.0
2016-01-11 00:00:00+08:00,108.9,110.13,106.85,108.9,48345000,0.0,0.0
2016-01-12 00:00:00+08:00,108.9,109.72,107.67,108.9,34688000,0.0,0.0
2016-01-13 00:00:00+08:00,109.31,110.94,108.9,109.31,37717000,0.0,0.0
2016-01-14 00:00:00+08:00,106.85,108.08,106.85,107.67,39253000,0.0,0.0
2016-01-15 00:00:00+08:00,112.58,112.99,110.94,112.17,79464000,0.0,0.0
2016-01-18 00:00:00+08:00,110.54,112.99,110.13,112.17,36757000,0.0,0.0
2016-01-19 00:00:00+08:00,112.58,112.99,111.35,112.99,23737000,0.0,0.0
2016-01-20 00:00:00+08:00,112.58,112.58,109.31,110.13,43839000,0.0,0.0
2016-01-21 00:00:00+08:00,109.72,111.76,109.72,110.54,31933000,0.0,0.0
2016-01-22 00:00:00+08:00,111.76,113.4,111.35,113.4,33889000,0.0,0.0
2016-01-25 00:00:00+08:00,114.63,114.63,113.81,114.22,27184000,0.0,0.0
2016-01-26 00:00:00+08:00,112.58,113.81,112.17,112.58,24049000,0.0,0.0
2016-01-27 00:00:00+08:00,113.81,114.22,113.4,114.22,24029000,0.0,0.0
2016-01-28 00:00:00+08:00,112.99,115.04,112.99,114.63,37867000,0.0,0.0
2016-01-29 00:00:00+08:00,113.4,117.09,112.99,117.09,55616000,0.0,0.0
2016-02-01 00:00:00+08:00,117.9,117.9,115.86,117.9,40943000,0.0,0.0
2016-02-02 00:00:00+08:00,117.9,118.31,115.86,116.68,25380000,0.0,0.0
2016-02-03 00:00:00+08:00,118.72,119.54,118.31,119.54,70465000,0.0,0.0
2016-02-15 00:00:00+08:00,116.27,119.95,116.27,118.72,72875000,0.0,0.0
2016-02-16 00:00:00+08:00,119.54,121.18,119.13,120.77,55006000,0.0,0.0
2016-02-17 00:00:00+08:00,122.0,122.0,120.36,121.18,38453000,0.0,0.0
2016-02-18 00:00:00+08:00,122.82,123.64,122.41,123.64,61657000,0.0,0.0
2016-02-19 00:00:00+08:00,122.0,123.64,122.0,123.64,35668000,0.0,0.0
2016-02-22 00:00:00+08:00,122.41,124.86,122.41,123.64,27003000,0.0,0.0
2016-02-23 00:00:00+08:00,123.23,123.64,122.0,122.41,22302000,0.0,0.0
2016-02-24 00:00:00+08:00,122.41,123.23,120.36,121.18,22026000,0.0,0.0
2016-02-25 00:00:00+08:00,122.0,123.64,121.59,123.23,25202000,0.0,0.0
2016-02-26 00:00:00+08:00,123.64,124.05,121.18,122.0,37655000,0.0,0.0
2016-03-01 00:00:00+08:00,121.59,124.45,121.59,124.45,38629000,0.0,0.0
2016-03-02 00:00:00+08:00,126.09,126.5,125.27,125.27,36010000,0.0,0.0
2016-03-03 00:00:00+08:00,126.09,126.5,125.27,126.09,28822000,0.0,0.0
2016-03-04 00:00:00+08:00,125.27,125.68,124.05,124.86,32794000,0.0,0.0
2016-03-07 00:00:00+08:00,124.86,125.68,123.64,124.45,23906000,0.0,0.0
2016-03-08 00:00:00+08:00,123.64,124.45,122.41,124.45,35683000,0.0,0.0
2016-03-09 00:00:00+08:00,124.45,125.27,123.23,125.27,24004000,0.0,0.0
2016-03-10 00:00:00+08:00,125.27,126.5,124.05,126.5,28302000,0.0,0.0
2016-03-11 00:00:00+08:00,126.5,126.91,125.27,126.91,29566000,0.0,0.0
2016-03-14 00:00:00+08:00,128.14,128.96,127.32,127.73,32751000,0.0,0.0
2016-03-15 00:00:00+08:00,126.91,128.14,125.27,126.5,28689000,0.0,0.0
2016-03-16 00:00:00+08:00,127.32,127.73,126.09,127.73,30962000,0.0,0.0
2016-03-17 00:00:00+08:00,130.6,131.0,128.96,129.78,48193000,0.0,0.0
2016-03-18 00:00:00+08:00,129.78,130.6,129.78,130.6,55975000,0.0,0.0
2016-03-21 00:00:00+08:00,131.0,131.0,129.37,131.0,26100000,0.0,0.0
2016-03-22 00:00:00+08:00,130.6,130.6,128.55,129.78,25809000,0.0,0.0
2016-03-23 00:00:00+08:00,129.78,130.6,129.37,130.6,27478000,0.0,0.0
2016-03-24 00:00:00+08:00,129.37,130.19,128.55,129.78,24853000,0.0,0.0
2016-03-25 00:00:00+08:00,129.78,130.19,128.55,129.37,10175000,0.0,0.0
2016-03-28 00:00:00+08:00,129.37,130.19,128.55,130.19,15268000,0.0,0.0
2016-03-29 00:00:00+08:00,129.78,130.6,129.37,130.19,18977000,0.0,0.0
2016-03-30 00:00:00+08:00,129.78,132.64,129.78,132.23,43616000,0.0,0.0
2016-03-31 00:00:00+08:00,132.64,133.46,130.19,132.64,49433000,0.0,0.0
2016-04-01 00:00:00+08:00,131.82,131.82,128.96,129.78,31564000,0.0,0.0
2016-04-06 00:00:00+08:00,127.32,127.73,125.68,125.68,58134000,0.0,0.0
2016-04-07 00:00:00+08:00,126.91,126.91,124.86,126.5,35238000,0.0,0.0
2016-04-08 00:00:00+08:00,126.09,129.37,126.09,128.96,41032000,0.0,0.0
2016-04-11 00:00:00+08:00,127.73,130.19,127.32,129.78,21758000,0.0,0.0
2016-04-12 00:00:00+08:00,128.96,130.6,128.96,129.78,14859000,0.0,0.0
2016-04-13 00:00:00+08:00,131.0,132.64,130.6,132.23,39611000,0.0,0.0
2016-04-14 00:00:00+08:00,132.64,133.05,131.0,132.23,31338000,0.0,0.0
2016-04-15 00:00:00+08:00,128.55,131.0,127.73,130.6,48779000,0.0,0.0
2016-04-18 00:00:00+08:00,129.37,129.78,128.96,129.37,20279000,0.0,0.0
2016-04-19 00:00:00+08:00,131.0,131.82,128.55,128.96,26577000,0.0,0.0
2016-04-20 00:00:00+08:00,128.96,129.37,126.09,126.09,40996000,0.0,0.0
2016-04-21 00:00:00+08:00,127.73,128.55,126.09,128.55,29723000,0.0,0.0
2016-04-22 00:00:00+08:00,127.32,129.37,126.91,128.14,28990000,0.0,0.0
2016-04-25 00:00:00+08:00,128.14,128.96,127.73,128.96,14306000,0.0,0.0
2016-04-26 00:00:00+08:00,128.14,129.78,128.14,129.37,18119000,0.0,0.0
2016-04-27 00:00:00+08:00,127.73,128.96,127.32,128.14,28845000,0.0,0.0
2016-04-28 00:00:00+08:00,128.96,129.37,125.27,125.27,48915000,0.0,0.0
2016-04-29 00:00:00+08:00,123.64,123.64,122.0,122.82,66445000,0.0,0.0
2016-05-03 00:00:00+08:00,121.18,121.59,119.95,120.77,68550000,0.0,0.0
2016-05-04 00:00:00+08:00,120.36,122.0,119.95,120.36,52973000,0.0,0.0
2016-05-05 00:00:00+08:00,120.77,121.59,119.54,120.77,38269000,0.0,0.0
2016-05-06 00:00:00+08:00,121.59,121.59,120.36,121.18,36510000,0.0,0.0
2016-05-09 00:00:00+08:00,121.59,122.0,119.95,120.77,38478000,0.0,0.0
2016-05-10 00:00:00+08:00,120.36,121.18,119.95,120.36,29785000,0.0,0.0
2016-05-11 00:00:00+08:00,121.59,122.0,119.95,120.36,40057000,0.0,0.0
2016-05-12 00:00:00+08:00,120.36,121.18,119.54,119.54,23749000,0.0,0.0
2016-05-13 00:00:00+08:00,118.72,119.13,117.09,117.9,60038000,0.0,0.0
2016-05-16 00:00:00+08:00,117.09,119.13,117.09,118.31,31133000,0.0,0.0
2016-05-17 00:00:00+08:00,119.13,120.36,118.72,120.36,30277000,0.0,0.0
2016-05-18 00:00:00+08:00,119.54,120.36,118.72,120.36,31057000,0.0,0.0
2016-05-19 00:00:00+08:00,121.18,121.59,119.13,120.36,35132000,0.0,0.0
2016-05-20 00:00:00+08:00,120.77,122.41,120.36,121.59,36306000,0.0,0.0
2016-05-23 00:00:00+08:00,123.23,126.5,122.41,126.09,50127000,0.0,0.0
2016-05-24 00:00:00+08:00,124.86,125.68,123.64,123.64,24470000,0.0,0.0
2016-05-25 00:00:00+08:00,125.68,126.91,124.86,126.5,30719000,0.0,0.0
2016-05-26 00:00:00+08:00,126.5,126.91,125.68,126.91,17196000,0.0,0.0
2016-05-27 00:00:00+08:00,127.73,128.14,126.5,128.14,22992000,0.0,0.0
2016-05-30 00:00:00+08:00,128.55,129.37,126.91,128.55,36339000,0.0,0.0
2016-05-31 00:00:00+08:00,128.14,128.96,126.91,128.14,69656000,0.0,0.0
2016-06-01 00:00:00+08:00,127.73,130.19,127.73,130.19,26926000,0.0,0.0
2016-06-02 00:00:00+08:00,130.19,131.0,129.37,130.19,21977000,0.0,0.0
2016-06-03 00:00:00+08:00,130.19,131.41,130.19,131.41,31853000,0.0,0.0
2016-06-06 00:00:00+08:00,131.82,132.64,131.0,131.82,28757000,0.0,0.0
2016-06-07 00:00:00+08:00,132.23,133.87,131.82,132.64,47046000,0.0,0.0
2016-06-08 00:00:00+08:00,134.28,135.92,133.87,135.51,45214000,0.0,0.0
2016-06-13 00:00:00+08:00,131.82,133.05,131.82,132.64,48750000,0.0,0.0
2016-06-14 00:00:00+08:00,131.82,133.46,131.82,132.64,27509000,0.0,0.0
2016-06-15 00:00:00+08:00,132.64,133.46,131.82,133.46,29270000,0.0,0.0
2016-06-16 00:00:00+08:00,132.23,133.05,130.6,131.41,24408000,0.0,0.0
2016-06-17 00:00:00+08:00,133.05,134.69,132.64,133.46,30633000,0.0,0.0
2016-06-20 00:00:00+08:00,134.69,135.1,133.46,133.46,24911000,0.0,0.0
2016-06-21 00:00:00+08:00,134.28,135.51,133.87,135.51,27970000,0.0,0.0
2016-06-22 00:00:00+08:00,134.69,135.92,133.87,135.92,30359000,0.0,0.0
2016-06-23 00:00:00+08:00,135.51,135.92,134.28,134.28,22494000,0.0,0.0
2016-06-24 00:00:00+08:00,134.28,134.28,126.5,130.19,86547000,0.0,0.0
2016-06-27 00:00:00+08:00,131.46,132.74,131.04,132.31,42874000,6.0,0.0
2016-06-28 00:00:00+08:00,132.31,134.02,131.89,133.59,1327000,0.0,0.0
2016-06-29 00:00:00+08:00,134.87,136.14,134.44,135.29,31514000,0.0,0.0
2016-06-30 00:00:00+08:00,136.99,138.69,135.72,138.27,42398000,0.0,0.0
2016-07-01 00:00:00+08:00,139.97,141.25,139.12,141.25,36212000,0.0,0.0
2016-07-04 00:00:00+08:00,140.82,141.67,139.97,141.25,25724000,0.0,0.0
2016-07-05 00:00:00+08:00,140.4,140.82,139.55,139.55,16346000,0.0,0.0
2016-07-06 00:00:00+08:00,138.69,138.69,136.57,137.42,34803000,0.0,0.0
2016-07-07 00:00:00+08:00,139.12,140.4,138.69,139.97,23769000,0.0,0.0
2016-07-08 00:00:00+08:00,139.97,139.97,139.97,139.97,0,0.0,0.0
2016-07-11 00:00:00+08:00,144.65,145.08,143.37,144.65,50643000,0.0,0.0
2016-07-12 00:00:00+08:00,145.5,145.93,144.23,145.5,41961000,0.0,0.0
2016-07-13 00:00:00+08:00,144.23,144.65,142.1,143.37,50653000,0.0,0.0
2016-07-14 00:00:00+08:00,142.1,144.65,142.1,143.8,34790000,0.0,0.0
2016-07-15 00:00:00+08:00,142.95,144.23,141.67,144.23,41546000,0.0,0.0
2016-07-18 00:00:00+08:00,142.95,144.65,142.95,144.23,24749000,0.0,0.0
2016-07-19 00:00:00+08:00,145.08,145.08,143.8,145.08,42456000,0.0,0.0
2016-07-20 00:00:00+08:00,144.65,145.08,143.8,144.65,38053000,0.0,0.0
2016-07-21 00:00:00+08:00,145.5,146.35,144.65,146.35,33130000,0.0,0.0
2016-07-22 00:00:00+08:00,146.35,146.35,145.08,145.5,28504000,0.0,0.0
2016-07-25 00:00:00+08:00,146.35,147.2,143.8,145.93,27145000,0.0,0.0
2016-07-26 00:00:00+08:00,146.35,147.2,145.93,147.2,32685000,0.0,0.0
2016-07-27 00:00:00+08:00,148.91,149.76,148.48,148.91,34117000,0.0,0.0
2016-07-28 00:00:00+08:00,148.91,150.18,147.2,150.18,31071000,0.0,0.0
2016-07-29 00:00:00+08:00,150.61,150.61,146.78,146.78,29795000,0.0,0.0
2016-08-01 00:00:00+08:00,148.91,150.61,148.48,150.61,34188000,0.0,0.0
2016-08-02 00:00:00+08:00,151.03,151.03,149.33,149.76,15250000,0.0,0.0
2016-08-03 00:00:00+08:00,146.78,148.05,146.35,146.78,21627000,0.0,0.0
2016-08-04 00:00:00+08:00,147.2,148.48,146.78,148.48,13612000,0.0,0.0
2016-08-05 00:00:00+08:00,148.91,151.03,148.05,150.61,25759000,0.0,0.0
2016-08-08 00:00:00+08:00,151.46,151.46,150.18,151.46,16200000,0.0,0.0
2016-08-09 00:00:00+08:00,151.88,152.73,150.61,151.88,16413000,0.0,0.0
2016-08-10 00:00:00+08:00,152.31,152.73,151.46,152.73,19279000,0.0,0.0
2016-08-11 00:00:00+08:00,151.03,151.46,149.33,150.18,28180000,0.0,0.0
2016-08-12 00:00:00+08:00,151.88,151.88,150.61,151.03,22947000,0.0,0.0
2016-08-15 00:00:00+08:00,151.88,152.31,151.03,152.31,12020000,0.0,0.0
2016-08-16 00:00:00+08:00,151.46,152.31,148.91,149.33,34260000,0.0,0.0
2016-08-17 00:00:00+08:00,150.61,151.03,149.76,150.61,21487000,0.0,0.0
2016-08-18 00:00:00+08:00,149.76,150.18,148.91,149.76,27253000,0.0,0.0
2016-08-19 00:00:00+08:00,150.61,151.03,148.05,148.48,23470000,0.0,0.0
2016-08-22 00:00:00+08:00,147.2,148.05,145.93,146.78,21337000,0.0,0.0
2016-08-23 00:00:00+08:00,148.05,148.91,147.63,148.91,20888000,0.0,0.0
2016-08-24 00:00:00+08:00,148.91,149.33,147.63,147.63,12092000,0.0,0.0
2016-08-25 00:00:00+08:00,148.91,150.61,148.48,150.18,23892000,0.0,0.0
2016-08-26 00:00:00+08:00,148.91,150.61,148.91,150.61,15076000,0.0,0.0
2016-08-29 00:00:00+08:00,148.91,150.61,148.05,149.76,16975000,0.0,0.0
2016-08-30 00:00:00+08:00,149.76,150.18,148.05,148.05,19471000,0.0,0.0
2016-08-31 00:00:00+08:00,150.18,150.61,148.48,150.18,38524000,0.0,0.0
2016-09-01 00:00:00+08:00,149.76,149.76,147.2,148.05,22692000,0.0,0.0
2016-09-02 00:00:00+08:00,150.18,150.18,148.05,148.05,16999000,0.0,0.0
2016-09-05 00:00:00+08:00,150.18,151.03,150.18,150.61,22381000,0.0,0.0
2016-09-06 00:00:00+08:00,150.61,152.31,150.18,151.46,26024000,0.0,0.0
2016-09-07 00:00:00+08:00,153.59,157.41,153.16,157.41,49761000,0.0,0.0
2016-09-08 00:00:00+08:00,155.29,156.99,155.29,155.71,30204000,0.0,0.0
2016-09-09 00:00:00+08:00,154.01,154.01,152.73,153.59,29793000,0.0,0.0
2016-09-12 00:00:00+08:00,151.03,151.03,148.05,149.33,43036000,0.0,0.0
2016-09-13 00:00:00+08:00,150.18,150.18,147.63,149.33,36834000,0.0,0.0
2016-09-14 00:00:00+08:00,148.05,149.76,147.63,148.05,52877000,0.0,0.0
2016-09-19 00:00:00+08:00,152.73,155.71,151.88,155.71,57055000,0.0,0.0
2016-09-20 00:00:00+08:00,154.86,156.14,154.44,156.14,23641000,0.0,0.0
2016-09-21 00:00:00+08:00,154.01,156.56,153.59,156.56,25008000,0.0,0.0
2016-09-22 00:00:00+08:00,157.41,157.84,156.14,157.41,20980000,0.0,0.0
2016-09-23 00:00:00+08:00,157.41,159.54,156.99,159.12,23213000,0.0,0.0
2016-09-26 00:00:00+08:00,156.14,157.41,155.71,156.14,24225000,0.0,0.0
2016-09-27 00:00:00+08:00,156.14,156.14,156.14,156.14,0,0.0,0.0
2016-09-29 00:00:00+08:00,157.84,159.54,157.84,159.12,54272000,0.0,0.0
2016-09-30 00:00:00+08:00,157.84,158.69,155.29,156.56,42592000,0.0,0.0
2016-10-03 00:00:00+08:00,158.27,158.69,156.99,158.27,17742000,0.0,0.0
2016-10-04 00:00:00+08:00,157.41,159.12,157.41,159.12,16859000,0.0,0.0
2016-10-05 00:00:00+08:00,158.27,158.27,156.99,158.27,19148000,0.0,0.0
2016-10-06 00:00:00+08:00,157.41,159.54,157.41,159.54,15524000,0.0,0.0
2016-10-07 00:00:00+08:00,159.97,159.97,158.27,159.97,15380000,0.0,0.0
2016-10-11 00:00:00+08:00,162.52,162.52,158.27,159.54,30294000,0.0,0.0
2016-10-12 00:00:00+08:00,158.69,161.67,158.27,161.24,22604000,0.0,0.0
2016-10-13 00:00:00+08:00,162.09,162.52,159.12,160.39,37642000,0.0,0.0
2016-10-14 00:00:00+08:00,159.12,160.82,158.69,159.97,33248000,0.0,0.0
2016-10-17 00:00:00+08:00,158.69,159.54,157.41,158.69,37340000,0.0,0.0
2016-10-18 00:00:00+08:00,158.69,159.12,157.84,159.12,38150000,0.0,0.0
2016-10-19 00:00:00+08:00,159.54,161.24,159.54,161.24,33272000,0.0,0.0
2016-10-20 00:00:00+08:00,161.24,162.09,160.82,162.09,13226000,0.0,0.0
2016-10-21 00:00:00+08:00,162.52,163.37,160.39,160.39,21936000,0.0,0.0
2016-10-24 00:00:00+08:00,162.52,162.52,161.24,162.52,13459000,0.0,0.0
2016-10-25 00:00:00+08:00,163.37,164.22,162.52,164.22,18878000,0.0,0.0
2016-10-26 00:00:00+08:00,162.09,163.8,162.09,162.95,21043000,0.0,0.0
2016-10-27 00:00:00+08:00,162.95,162.95,160.39,160.39,26231000,0.0,0.0
2016-10-28 00:00:00+08:00,161.24,161.67,160.39,161.24,24348000,0.0,0.0
2016-10-31 00:00:00+08:00,160.82,162.09,158.69,160.39,25330000,0.0,0.0
2016-11-01 00:00:00+08:00,160.39,161.24,159.54,161.24,14290000,0.0,0.0
2016-11-02 00:00:00+08:00,159.54,159.97,158.27,158.27,16488000,0.0,0.0
2016-11-03 00:00:00+08:00,157.84,158.69,156.99,156.99,25038000,0.0,0.0
2016-11-04 00:00:00+08:00,156.99,158.27,156.56,156.99,14860000,0.0,0.0
2016-11-07 00:00:00+08:00,158.69,160.82,158.27,160.82,21332000,0.0,0.0
2016-11-08 00:00:00+08:00,161.67,161.67,159.97,160.39,15437000,0.0,0.0
2016-11-09 00:00:00+08:00,161.67,162.09,154.86,154.86,55541000,0.0,0.0
2016-11-10 00:00:00+08:00,159.12,159.97,157.84,157.84,38234000,0.0,0.0
2016-11-11 00:00:00+08:00,154.44,155.71,154.01,154.44,67603000,0.0,0.0
2016-11-14 00:00:00+08:00,154.01,154.86,153.16,153.59,47989000,0.0,0.0
2016-11-15 00:00:00+08:00,152.73,154.86,152.31,153.16,33505000,0.0,0.0
2016-11-16 00:00:00+08:00,153.59,155.71,153.16,153.16,34833000,0.0,0.0
2016-11-17 00:00:00+08:00,154.86,155.29,153.59,154.44,22434000,0.0,0.0
2016-11-18 00:00:00+08:00,154.44,154.44,153.16,154.01,22474000,0.0,0.0
2016-11-21 00:00:00+08:00,153.59,154.44,153.16,154.01,15600000,0.0,0.0
2016-11-22 00:00:00+08:00,154.86,157.41,154.44,156.56,27599000,0.0,0.0
2016-11-23 00:00:00+08:00,156.99,158.69,156.56,157.84,22128000,0.0,0.0
2016-11-24 00:00:00+08:00,156.56,157.41,155.71,155.71,14980000,0.0,0.0
2016-11-25 00:00:00+08:00,155.29,156.14,154.86,154.86,10116000,0.0,0.0
2016-11-28 00:00:00+08:00,154.44,156.56,154.44,156.56,19096000,0.0,0.0
2016-11-29 00:00:00+08:00,156.14,157.41,154.86,154.86,24408000,0.0,0.0
2016-11-30 00:00:00+08:00,154.44,155.71,154.44,155.71,39671000,0.0,0.0
2016-12-01 00:00:00+08:00,154.86,155.71,154.44,155.71,13908000,0.0,0.0
2016-12-02 00:00:00+08:00,152.31,152.73,151.46,151.46,53836000,0.0,0.0
2016-12-05 00:00:00+08:00,151.46,153.16,151.46,152.31,29191000,0.0,0.0
2016-12-06 00:00:00+08:00,154.01,155.71,153.59,154.86,27309000,0.0,0.0
2016-12-07 00:00:00+08:00,155.71,156.14,154.44,154.44,14110000,0.0,0.0
2016-12-08 00:00:00+08:00,156.56,157.84,155.71,157.84,27257000,0.0,0.0
2016-12-09 00:00:00+08:00,158.27,158.27,156.99,158.27,24867000,0.0,0.0
2016-12-12 00:00:00+08:00,158.27,159.12,156.56,157.41,18796000,0.0,0.0
2016-12-13 00:00:00+08:00,158.69,158.69,156.99,158.27,23591000,0.0,0.0
2016-12-14 00:00:00+08:00,158.69,159.54,157.84,159.54,16571000,0.0,0.0
2016-12-15 00:00:00+08:00,157.41,159.54,156.99,159.12,22803000,0.0,0.0
2016-12-16 00:00:00+08:00,157.84,159.12,157.41,157.41,35985000,0.0,0.0
2016-12-19 00:00:00+08:00,156.56,156.99,155.29,155.29,20535000,0.0,0.0
2016-12-20 00:00:00+08:00,154.01,155.29,153.16,155.29,24139000,0.0,0.0
2016-12-21 00:00:00+08:00,154.01,154.86,153.16,153.16,29690000,0.0,0.0
2016-12-22 00:00:00+08:00,153.16,153.59,152.31,152.31,26269000,0.0,0.0
2016-12-23 00:00:00+08:00,152.31,153.16,151.88,151.88,22961000,0.0,0.0
2016-12-26 00:00:00+08:00,152.31,153.16,152.31,152.73,5675000,0.0,0.0
2016-12-27 00:00:00+08:00,153.16,153.59,152.73,153.16,8252000,0.0,0.0
2016-12-28 00:00:00+08:00,154.01,154.86,153.59,154.86,21226000,0.0,0.0
2016-12-29 00:00:00+08:00,153.16,154.44,153.16,153.16,30200000,0.0,0.0
2016-12-30 00:00:00+08:00,154.01,155.29,153.16,154.44,36610000,0.0,0.0
2017-01-03 00:00:00+08:00,154.44,156.14,154.01,155.71,22630000,0.0,0.0
2017-01-04 00:00:00+08:00,155.71,156.56,154.44,155.71,24369000,0.0,0.0
2017-01-05 00:00:00+08:00,154.86,156.14,154.44,156.14,20979000,0.0,0.0
2017-01-06 00:00:00+08:00,156.56,156.99,156.14,156.56,22443000,0.0,0.0
2017-01-09 00:00:00+08:00,156.56,157.41,155.71,156.56,18569000,0.0,0.0
2017-01-10 00:00:00+08:00,156.99,157.84,156.14,156.56,20198000,0.0,0.0
2017-01-11 00:00:00+08:00,157.41,157.41,154.44,154.86,29107000,0.0,0.0
2017-01-12 00:00:00+08:00,155.29,157.84,155.29,156.99,41130000,0.0,0.0
2017-01-13 00:00:00+08:00,153.59,155.29,153.59,154.44,52352000,0.0,0.0
2017-01-16 00:00:00+08:00,153.16,153.59,152.31,152.73,30756000,0.0,0.0
2017-01-17 00:00:00+08:00,153.59,154.01,152.73,154.01,13159000,0.0,0.0
2017-01-18 00:00:00+08:00,153.59,154.01,152.73,154.01,23693000,0.0,0.0
2017-01-19 00:00:00+08:00,152.73,154.01,152.73,153.59,24627000,0.0,0.0
2017-01-20 00:00:00+08:00,154.01,154.44,153.59,154.01,23429000,0.0,0.0
2017-01-23 00:00:00+08:00,155.29,157.41,155.29,157.41,36992000,0.0,0.0
2017-01-24 00:00:00+08:00,157.41,158.69,156.99,157.84,55022000,0.0,0.0
2017-02-02 00:00:00+08:00,159.97,160.39,156.56,156.99,94089000,0.0,0.0
2017-02-03 00:00:00+08:00,158.27,158.27,156.14,156.99,29518000,0.0,0.0
2017-02-06 00:00:00+08:00,156.99,157.84,156.56,156.99,24779000,0.0,0.0
2017-02-07 00:00:00+08:00,156.14,157.41,155.71,156.99,23616000,0.0,0.0
2017-02-08 00:00:00+08:00,156.14,156.99,155.71,156.14,29168000,0.0,0.0
2017-02-09 00:00:00+08:00,156.56,157.84,156.14,156.56,18967000,0.0,0.0
2017-02-10 00:00:00+08:00,156.99,157.84,156.56,157.84,34747000,0.0,0.0
2017-02-13 00:00:00+08:00,158.69,159.97,158.69,159.54,25124000,0.0,0.0
2017-02-14 00:00:00+08:00,160.82,161.67,159.54,159.54,45696000,0.0,0.0
2017-02-15 00:00:00+08:00,159.12,161.24,158.69,160.82,39347000,0.0,0.0
2017-02-16 00:00:00+08:00,161.67,162.09,159.97,160.82,27018000,0.0,0.0
2017-02-17 00:00:00+08:00,161.67,162.09,160.82,161.24,20389000,0.0,0.0
2017-02-20 00:00:00+08:00,161.67,162.09,161.24,161.67,13254000,0.0,0.0
2017-02-21 00:00:00+08:00,161.67,161.67,160.39,161.67,31159000,0.0,0.0
2017-02-22 00:00:00+08:00,162.09,162.52,160.39,160.39,25677000,0.0,0.0
2017-02-23 00:00:00+08:00,159.97,161.24,159.12,160.39,35725000,0.0,0.0
2017-02-24 00:00:00+08:00,159.54,162.09,159.54,160.82,22766000,0.0,0.0
2017-03-01 00:00:00+08:00,160.39,160.39,158.27,158.27,46186000,0.0,0.0
2017-03-02 00:00:00+08:00,159.97,160.39,157.41,158.27,39980000,0.0,0.0
2017-03-03 00:00:00+08:00,156.99,157.41,156.56,156.56,28197000,0.0,0.0
2017-03-06 00:00:00+08:00,156.56,156.99,156.14,156.14,12531000,0.0,0.0
2017-03-07 00:00:00+08:00,156.56,157.84,156.56,157.84,18812000,0.0,0.0
2017-03-08 00:00:00+08:00,158.27,159.97,157.84,159.12,31791000,0.0,0.0
2017-03-09 00:00:00+08:00,157.84,158.27,156.56,156.99,28489000,0.0,0.0
2017-03-10 00:00:00+08:00,156.56,156.99,155.71,156.14,20053000,0.0,0.0
2017-03-13 00:00:00+08:00,157.41,158.69,157.41,158.69,10487000,0.0,0.0
2017-03-14 00:00:00+08:00,159.97,159.97,158.27,158.27,22245000,0.0,0.0
2017-03-15 00:00:00+08:00,157.84,159.12,157.84,158.69,14131000,0.0,0.0
2017-03-16 00:00:00+08:00,159.97,161.67,159.97,161.67,31507000,0.0,0.0
2017-03-17 00:00:00+08:00,161.24,162.95,160.82,162.95,33764000,0.0,0.0
2017-03-20 00:00:00+08:00,162.95,162.95,161.24,162.95,16215000,0.0,0.0
2017-03-21 00:00:00+08:00,163.37,165.92,162.95,165.92,32246000,0.0,0.0
2017-03-22 00:00:00+08:00,163.8,164.65,162.95,164.65,27396000,0.0,0.0
2017-03-23 00:00:00+08:00,163.37,164.65,163.37,164.65,18472000,0.0,0.0
2017-03-24 00:00:00+08:00,163.37,164.22,163.37,163.8,17541000,0.0,0.0
2017-03-27 00:00:00+08:00,165.5,165.5,163.37,164.22,29251000,0.0,0.0
2017-03-28 00:00:00+08:00,165.92,165.92,163.8,165.5,38259000,0.0,0.0
2017-03-29 00:00:00+08:00,165.5,165.5,162.52,162.95,33374000,0.0,0.0
2017-03-30 00:00:00+08:00,163.8,164.22,162.09,162.95,28302000,0.0,0.0
2017-03-31 00:00:00+08:00,162.52,163.37,160.82,160.82,33635000,0.0,0.0
2017-04-05 00:00:00+08:00,161.24,164.22,161.24,164.22,43748000,0.0,0.0
2017-04-06 00:00:00+08:00,164.22,164.22,162.52,162.95,16173000,0.0,0.0
2017-04-07 00:00:00+08:00,163.37,163.37,160.39,162.52,18911000,0.0,0.0
2017-04-10 00:00:00+08:00,162.52,162.95,161.24,161.67,17024000,0.0,0.0
2017-04-11 00:00:00+08:00,161.67,162.52,160.82,162.52,8441000,0.0,0.0
2017-04-12 00:00:00+08:00,162.09,162.95,161.67,162.52,17283000,0.0,0.0
2017-04-13 00:00:00+08:00,161.24,163.37,161.24,162.95,14771000,0.0,0.0
2017-04-14 00:00:00+08:00,161.24,161.24,159.97,160.82,30701000,0.0,0.0
2017-04-17 00:00:00+08:00,160.82,160.82,159.54,159.54,17096000,0.0,0.0
2017-04-18 00:00:00+08:00,159.97,161.24,159.54,159.97,25063000,0.0,0.0
2017-04-19 00:00:00+08:00,159.54,159.54,158.69,158.69,30477000,0.0,0.0
2017-04-20 00:00:00+08:00,158.69,159.97,158.69,159.12,21488000,0.0,0.0
2017-04-21 00:00:00+08:00,159.54,161.67,159.54,161.67,17373000,0.0,0.0
2017-04-24 00:00:00+08:00,162.52,162.95,160.39,161.67,19317000,0.0,0.0
2017-04-25 00:00:00+08:00,162.09,163.37,161.24,163.37,31932000,0.0,0.0
2017-04-26 00:00:00+08:00,163.37,163.37,162.09,162.52,29909000,0.0,0.0
2017-04-27 00:00:00+08:00,163.37,164.22,162.09,164.22,27940000,0.0,0.0
2017-04-28 00:00:00+08:00,164.65,165.5,164.22,165.5,34852000,0.0,0.0
2017-05-02 00:00:00+08:00,168.9,169.33,166.35,167.2,44119000,0.0,0.0
2017-05-03 00:00:00+08:00,168.48,168.9,167.63,168.48,25723000,0.0,0.0
2017-05-04 00:00:00+08:00,168.9,169.33,167.63,168.48,22088000,0.0,0.0
2017-05-05 00:00:00+08:00,167.63,168.9,167.63,168.05,17036000,0.0,0.0
2017-05-08 00:00:00+08:00,169.33,172.31,169.33,172.31,36538000,0.0,0.0
2017-05-09 00:00:00+08:00,174.86,176.13,173.16,173.16,48077000,0.0,0.0
2017-05-10 00:00:00+08:00,173.58,175.28,173.58,174.86,28312000,0.0,0.0
2017-05-11 00:00:00+08:00,174.01,177.41,173.58,176.56,43718000,0.0,0.0
2017-05-12 00:00:00+08:00,174.43,176.13,174.43,175.28,25009000,0.0,0.0
2017-05-15 00:00:00+08:00,173.58,175.28,173.58,175.28,25666000,0.0,0.0
2017-05-16 00:00:00+08:00,174.43,174.43,173.16,174.01,33224000,0.0,0.0
2017-05-17 00:00:00+08:00,172.73,173.58,172.73,173.58,21567000,0.0,0.0
2017-05-18 00:00:00+08:00,172.31,173.58,171.45,173.16,22461000,0.0,0.0
2017-05-19 00:00:00+08:00,173.16,174.01,172.31,172.73,16492000,0.0,0.0
2017-05-22 00:00:00+08:00,173.16,174.43,172.73,174.43,13726000,0.0,0.0
2017-05-23 00:00:00+08:00,174.43,176.13,174.01,174.43,19991000,0.0,0.0
2017-05-24 00:00:00+08:00,174.43,175.28,174.43,174.86,13380000,0.0,0.0
2017-05-25 00:00:00+08:00,175.28,176.13,174.86,176.13,22328000,0.0,0.0
2017-05-26 00:00:00+08:00,174.43,176.13,174.43,176.13,32514000,0.0,0.0
2017-05-31 00:00:00+08:00,175.71,176.13,172.73,172.73,67475000,0.0,0.0
2017-06-01 00:00:00+08:00,174.43,176.13,174.01,176.13,27589000,0.0,0.0
2017-06-02 00:00:00+08:00,177.41,177.84,176.56,177.84,22573000,0.0,0.0
2017-06-05 00:00:00+08:00,178.26,180.39,177.84,180.39,21457000,0.0,0.0
2017-06-06 00:00:00+08:00,179.11,179.96,179.11,179.11,14912000,0.0,0.0
2017-06-07 00:00:00+08:00,180.39,180.81,178.69,179.96,29514000,0.0,0.0
2017-06-08 00:00:00+08:00,180.39,181.24,179.96,181.24,18437000,0.0,0.0
2017-06-09 00:00:00+08:00,182.52,182.94,180.39,180.39,31774000,0.0,0.0
2017-06-12 00:00:00+08:00,176.13,178.69,176.13,176.56,58256000,0.0,0.0
2017-06-13 00:00:00+08:00,176.13,177.41,175.71,176.99,43566000,0.0,0.0
2017-06-14 00:00:00+08:00,177.41,178.26,175.28,176.13,36293000,0.0,0.0
2017-06-15 00:00:00+08:00,176.56,176.99,176.13,176.99,17748000,0.0,0.0
2017-06-16 00:00:00+08:00,176.56,180.39,176.13,179.96,32816000,0.0,0.0
2017-06-19 00:00:00+08:00,179.54,181.24,179.11,181.24,15632000,0.0,0.0
2017-06-20 00:00:00+08:00,182.94,185.49,182.52,184.22,28630000,0.0,0.0
2017-06-21 00:00:00+08:00,183.79,184.64,182.52,183.37,44789000,0.0,0.0
2017-06-22 00:00:00+08:00,184.64,185.49,184.22,185.49,24139000,0.0,0.0
2017-06-23 00:00:00+08:00,185.49,185.92,184.64,184.64,39621000,0.0,0.0
2017-06-26 00:00:00+08:00,186.4,189.04,186.4,189.04,58686000,7.0,0.0
2017-06-27 00:00:00+08:00,188.16,188.16,185.52,185.96,43269000,0.0,0.0
2017-06-28 00:00:00+08:00,184.2,184.64,182.88,183.32,48568000,0.0,0.0
2017-06-29 00:00:00+08:00,185.08,185.08,183.32,184.64,26019000,0.0,0.0
2017-06-30 00:00:00+08:00,181.57,183.32,181.57,183.32,30867000,0.0,0.0
2017-07-03 00:00:00+08:00,182.44,183.76,182.01,183.76,19027000,0.0,0.0
2017-07-04 00:00:00+08:00,182.88,183.32,182.01,182.01,21132000,0.0,0.0
2017-07-05 00:00:00+08:00,182.01,183.32,181.57,183.32,23276000,0.0,0.0
2017-07-06 00:00:00+08:00,182.88,183.32,182.01,182.44,15242000,0.0,0.0
2017-07-07 00:00:00+08:00,182.01,182.44,180.69,181.13,20655000,0.0,0.0
2017-07-10 00:00:00+08:00,181.57,182.01,181.13,181.13,13292000,0.0,0.0
2017-07-11 00:00:00+08:00,182.88,186.4,182.44,186.4,33265000,0.0,0.0
2017-07-12 00:00:00+08:00,185.52,186.84,185.08,185.08,26426000,0.0,0.0
2017-07-13 00:00:00+08:00,186.4,189.92,185.96,188.6,50090000,0.0,0.0
2017-07-14 00:00:00+08:00,187.28,188.6,186.4,187.28,22335000,0.0,0.0
2017-07-17 00:00:00+08:00,189.04,189.48,185.96,187.28,21372000,0.0,0.0
2017-07-18 00:00:00+08:00,187.28,188.16,186.4,188.16,18613000,0.0,0.0
2017-07-19 00:00:00+08:00,186.84,189.04,186.84,188.6,20637000,0.0,0.0
2017-07-20 00:00:00+08:00,189.04,189.48,188.16,189.48,20770000,0.0,0.0
2017-07-21 00:00:00+08:00,188.16,189.04,187.72,188.16,15032000,0.0,0.0
2017-07-24 00:00:00+08:00,187.72,188.6,187.28,188.6,19972000,0.0,0.0
2017-07-25 00:00:00+08:00,188.16,188.6,187.72,188.16,13344000,0.0,0.0
2017-07-26 00:00:00+08:00,189.04,189.04,186.84,187.28,14684000,0.0,0.0
2017-07-27 00:00:00+08:00,187.72,189.92,187.72,189.48,23013000,0.0,0.0
2017-07-28 00:00:00+08:00,187.28,188.16,186.84,187.28,19724000,0.0,0.0
2017-07-31 00:00:00+08:00,185.96,188.6,185.96,188.6,19993000,0.0,0.0
2017-08-01 00:00:00+08:00,186.84,188.16,186.4,186.4,19704000,0.0,0.0
2017-08-02 00:00:00+08:00,188.16,189.92,188.16,189.92,27320000,0.0,0.0
2017-08-03 00:00:00+08:00,187.28,188.16,186.84,187.72,25694000,0.0,0.0
2017-08-04 00:00:00+08:00,187.72,188.16,186.84,187.28,21831000,0.0,0.0
2017-08-07 00:00:00+08:00,187.72,190.36,187.72,189.92,21564000,0.0,0.0
2017-08-08 00:00:00+08:00,191.24,192.56,189.92,191.24,25122000,0.0,0.0
2017-08-09 00:00:00+08:00,189.04,189.48,187.72,188.6,28050000,0.0,0.0
2017-08-10 00:00:00+08:00,189.48,189.48,186.84,188.16,26273000,0.0,0.0
2017-08-11 00:00:00+08:00,185.52,187.72,185.08,186.84,41417000,0.0,0.0
2017-08-14 00:00:00+08:00,187.72,188.16,184.64,185.52,29299000,0.0,0.0
2017-08-15 00:00:00+08:00,187.28,188.6,187.28,188.16,13512000,0.0,0.0
2017-08-16 00:00:00+08:00,188.6,188.6,185.52,187.28,25176000,0.0,0.0
2017-08-17 00:00:00+08:00,187.72,188.16,187.28,188.16,8334000,0.0,0.0
2017-08-18 00:00:00+08:00,186.4,187.28,185.52,186.84,13711000,0.0,0.0
2017-08-21 00:00:00+08:00,186.84,187.28,185.96,185.96,11882499,0.0,0.0
2017-08-22 00:00:00+08:00,187.72,188.6,187.28,188.6,14211415,0.0,0.0
2017-08-23 00:00:00+08:00,189.48,189.92,188.16,189.48,11589917,0.0,0.0
2017-08-24 00:00:00+08:00,189.92,190.8,189.48,190.8,15224842,0.0,0.0
2017-08-25 00:00:00+08:00,191.24,191.24,189.92,191.24,10125387,0.0,0.0
2017-08-28 00:00:00+08:00,189.04,190.36,189.04,189.92,15236159,0.0,0.0
2017-08-29 00:00:00+08:00,189.92,189.92,189.04,189.92,16160161,0.0,0.0
2017-08-30 00:00:00+08:00,189.92,191.68,189.92,191.24,19674310,0.0,0.0
2017-08-31 00:00:00+08:00,191.24,191.68,189.48,190.36,26434202,0.0,0.0
2017-09-01 00:00:00+08:00,189.04,191.24,189.04,190.36,17805405,0.0,0.0
2017-09-04 00:00:00+08:00,190.36,191.68,189.48,191.24,15023185,0.0,0.0
2017-09-05 00:00:00+08:00,191.68,191.68,190.36,191.68,17357347,0.0,0.0
2017-09-06 00:00:00+08:00,190.36,191.68,189.92,190.8,16012662,0.0,0.0
2017-09-07 00:00:00+08:00,191.68,192.12,189.92,190.8,19135540,0.0,0.0
2017-09-08 00:00:00+08:00,190.8,191.68,190.36,191.68,25512045,0.0,0.0
2017-09-11 00:00:00+08:00,192.56,193.0,190.36,190.8,19026886,0.0,0.0
2017-09-12 00:00:00+08:00,192.56,193.0,191.24,192.56,21588321,0.0,0.0
2017-09-13 00:00:00+08:00,191.24,192.56,191.24,191.68,17555541,0.0,0.0
2017-09-14 00:00:00+08:00,192.12,192.56,191.24,192.12,18315567,0.0,0.0
2017-09-15 00:00:00+08:00,192.12,192.56,190.8,192.12,44551103,0.0,0.0
2017-09-18 00:00:00+08:00,192.56,193.44,191.68,193.0,17654705,0.0,0.0
2017-09-19 00:00:00+08:00,194.75,194.75,193.44,194.75,23410233,0.0,0.0
2017-09-20 00:00:00+08:00,194.31,195.19,193.44,194.75,20320237,0.0,0.0
2017-09-21 00:00:00+08:00,194.31,196.07,193.44,194.31,18645565,0.0,0.0
2017-09-22 00:00:00+08:00,194.75,195.19,192.12,192.12,21557370,0.0,0.0
2017-09-25 00:00:00+08:00,191.24,192.12,190.8,190.8,16876286,0.0,0.0
2017-09-26 00:00:00+08:00,191.24,191.68,188.16,188.16,23070901,0.0,0.0
2017-09-27 00:00:00+08:00,191.24,191.24,189.04,189.04,22590510,0.0,0.0
2017-09-28 00:00:00+08:00,189.04,189.92,187.72,188.16,31616062,0.0,0.0
2017-09-29 00:00:00+08:00,189.92,191.24,189.48,190.36,21380708,0.0,0.0
2017-10-02 00:00:00+08:00,193.0,193.88,192.12,193.88,27983551,0.0,0.0
2017-10-03 00:00:00+08:00,192.56,196.07,192.56,195.63,36679938,0.0,0.0
2017-10-05 00:00:00+08:00,195.19,198.27,195.19,197.39,23349939,0.0,0.0
2017-10-06 00:00:00+08:00,197.83,198.27,196.51,197.39,15642516,0.0,0.0
2017-10-11 00:00:00+08:00,199.15,205.31,199.15,204.87,63667562,0.0,0.0
2017-10-12 00:00:00+08:00,206.62,208.82,206.18,208.82,42390186,0.0,0.0
2017-10-13 00:00:00+08:00,208.82,208.82,206.18,208.82,23145071,0.0,0.0
2017-10-16 00:00:00+08:00,208.82,209.26,207.5,209.26,19964072,0.0,0.0
2017-10-17 00:00:00+08:00,209.26,209.26,206.62,207.06,17652304,0.0,0.0
2017-10-18 00:00:00+08:00,210.58,210.58,208.38,208.82,28886850,0.0,0.0
2017-10-19 00:00:00+08:00,210.58,212.34,210.14,210.14,23481776,0.0,0.0
2017-10-20 00:00:00+08:00,209.26,210.58,208.82,208.82,24722035,0.0,0.0
2017-10-23 00:00:00+08:00,210.14,211.02,209.7,210.14,15772559,0.0,0.0
2017-10-24 00:00:00+08:00,211.02,211.02,209.26,209.26,14975093,0.0,0.0
2017-10-25 00:00:00+08:00,209.7,210.14,208.82,209.26,16880187,0.0,0.0
2017-10-26 00:00:00+08:00,208.38,209.26,207.5,207.5,12959717,0.0,0.0
2017-10-27 00:00:00+08:00,208.82,211.02,208.82,210.14,17773541,0.0,0.0
2017-10-30 00:00:00+08:00,212.78,215.42,212.34,213.66,27784990,0.0,0.0
2017-10-31 00:00:00+08:00,214.1,215.42,212.34,213.66,22582013,0.0,0.0
2017-11-01 00:00:00+08:00,214.1,215.42,212.34,213.22,20389054,0.0,0.0
2017-11-02 00:00:00+08:00,212.78,213.22,211.46,211.9,15810342,0.0,0.0
2017-11-03 00:00:00+08:00,211.46,211.9,209.7,210.14,16528682,0.0,0.0
2017-11-06 00:00:00+08:00,214.1,214.54,210.14,210.58,21029415,0.0,0.0
2017-11-07 00:00:00+08:00,212.78,214.54,212.34,214.54,20200261,0.0,0.0
2017-11-08 00:00:00+08:00,213.66,214.1,212.78,213.22,14129103,0.0,0.0
2017-11-09 00:00:00+08:00,211.46,213.66,211.02,211.9,20313949,0.0,0.0
2017-11-10 00:00:00+08:00,211.02,212.78,210.58,211.46,14121296,0.0,0.0
2017-11-13 00:00:00+08:00,211.02,212.34,210.58,210.58,12087858,0.0,0.0
2017-11-14 00:00:00+08:00,211.9,211.9,210.14,211.02,16880176,0.0,0.0
2017-11-15 00:00:00+08:00,210.14,210.58,207.5,208.82,28720308,0.0,0.0
2017-11-16 00:00:00+08:00,209.26,211.02,208.82,209.26,16487172,0.0,0.0
2017-11-17 00:00:00+08:00,211.46,213.22,211.46,212.34,18676825,0.0,0.0
2017-11-20 00:00:00+08:00,211.9,212.34,209.26,209.7,16265271,0.0,0.0
2017-11-21 00:00:00+08:00,211.02,213.66,210.58,213.66,20513024,0.0,0.0
2017-11-22 00:00:00+08:00,214.98,214.98,212.78,212.78,26626431,0.0,0.0
2017-11-23 00:00:00+08:00,212.78,214.1,212.34,213.22,9346763,0.0,0.0
2017-11-24 00:00:00+08:00,212.78,214.98,212.34,214.54,11154453,0.0,0.0
2017-11-27 00:00:00+08:00,211.02,211.02,208.38,208.38,32247324,0.0,0.0
2017-11-28 00:00:00+08:00,206.18,206.62,204.87,205.75,44803178,0.0,0.0
2017-11-29 00:00:00+08:00,206.62,207.5,206.18,206.18,25762797,0.0,0.0
2017-11-30 00:00:00+08:00,199.15,202.67,198.71,198.71,109231770,0.0,0.0
2017-12-01 00:00:00+08:00,200.91,205.31,200.03,203.11,37446265,0.0,0.0
2017-12-04 00:00:00+08:00,204.43,206.18,203.11,205.75,21635032,0.0,0.0
2017-12-05 00:00:00+08:00,203.11,203.11,200.91,201.79,29664765,0.0,0.0
2017-12-06 00:00:00+08:00,200.47,201.79,199.15,199.59,32371690,0.0,0.0
2017-12-07 00:00:00+08:00,199.15,199.15,195.63,199.15,41343903,0.0,0.0
2017-12-08 00:00:00+08:00,203.11,203.11,197.39,199.59,37959260,0.0,0.0
2017-12-11 00:00:00+08:00,200.91,201.35,199.59,200.03,20649609,0.0,0.0
2017-12-12 00:00:00+08:00,201.79,201.79,197.83,200.03,21796584,0.0,0.0
2017-12-13 00:00:00+08:00,200.03,200.47,199.15,199.59,17920331,0.0,0.0
2017-12-14 00:00:00+08:00,200.47,202.67,200.03,202.67,17193313,0.0,0.0
2017-12-15 00:00:00+08:00,200.91,202.23,199.15,202.23,42625779,0.0,0.0
2017-12-18 00:00:00+08:00,199.59,200.47,199.15,199.59,14564664,0.0,0.0
2017-12-19 00:00:00+08:00,199.15,200.91,196.95,197.83,25714129,0.0,0.0
2017-12-20 00:00:00+08:00,197.83,198.27,196.51,197.39,26289333,0.0,0.0
2017-12-21 00:00:00+08:00,199.15,199.59,197.39,197.83,18558164,0.0,0.0
2017-12-22 00:00:00+08:00,197.83,200.03,196.95,200.03,19036483,0.0,0.0
2017-12-25 00:00:00+08:00,200.47,201.79,199.15,200.91,4579675,0.0,0.0
2017-12-26 00:00:00+08:00,201.35,201.35,197.83,198.71,13755843,0.0,0.0
2017-12-27 00:00:00+08:00,197.83,198.71,197.83,197.83,12515245,0.0,0.0
2017-12-28 00:00:00+08:00,199.15,200.47,197.83,198.71,24304371,0.0,0.0
2017-12-29 00:00:00+08:00,200.03,202.23,199.15,201.79,25007443,0.0,0.0
2018-01-02 00:00:00+08:00,203.55,204.43,203.11,204.43,18055269,0.0,0.0
2018-01-03 00:00:00+08:00,207.5,209.26,207.06,208.38,29308091,0.0,0.0
2018-01-04 00:00:00+08:00,211.02,211.02,207.94,210.58,29096613,0.0,0.0
2018-01-05 00:00:00+08:00,211.02,211.02,209.26,211.02,22438255,0.0,0.0
2018-01-08 00:00:00+08:00,212.78,213.22,211.46,212.78,20233692,0.0,0.0
2018-01-09 00:00:00+08:00,212.78,212.78,210.58,212.78,19043123,0.0,0.0
2018-01-10 00:00:00+08:00,212.34,212.78,207.5,207.94,23631220,0.0,0.0
2018-01-11 00:00:00+08:00,206.62,207.5,204.43,206.62,30446338,0.0,0.0
2018-01-12 00:00:00+08:00,206.18,209.26,205.31,208.38,21513291,0.0,0.0
2018-01-15 00:00:00+08:00,211.02,211.02,209.26,211.02,27476533,0.0,0.0
2018-01-16 00:00:00+08:00,211.02,211.46,209.26,211.46,21691632,0.0,0.0
2018-01-17 00:00:00+08:00,211.46,213.66,210.14,212.78,38046119,0.0,0.0
2018-01-18 00:00:00+08:00,215.42,219.81,215.42,218.49,49896952,0.0,0.0
2018-01-19 00:00:00+08:00,222.89,224.65,221.13,224.65,50549292,0.0,0.0
2018-01-22 00:00:00+08:00,226.41,230.36,225.97,229.92,43400509,0.0,0.0
2018-01-23 00:00:00+08:00,230.8,233.88,230.8,233.88,33527444,0.0,0.0
2018-01-24 00:00:00+08:00,231.24,231.24,225.53,226.85,41874813,0.0,0.0
2018-01-25 00:00:00+08:00,226.85,232.12,225.53,226.85,44643756,0.0,0.0
2018-01-26 00:00:00+08:00,225.53,226.41,222.89,224.21,39555523,0.0,0.0
2018-01-29 00:00:00+08:00,227.73,229.92,224.21,227.29,30071234,0.0,0.0
2018-01-30 00:00:00+08:00,225.09,226.41,222.01,222.45,36860591,0.0,0.0
2018-01-31 00:00:00+08:00,222.45,226.41,221.57,224.21,44136808,0.0,0.0
2018-02-01 00:00:00+08:00,226.41,229.48,225.97,228.17,30559457,0.0,0.0
2018-02-02 00:00:00+08:00,227.73,228.61,224.21,228.17,25707560,0.0,0.0
2018-02-05 00:00:00+08:00,220.69,223.77,220.25,222.45,45594379,0.0,0.0
2018-02-06 00:00:00+08:00,213.22,214.1,205.75,210.14,102409048,0.0,0.0
2018-02-07 00:00:00+08:00,215.42,215.86,210.58,211.02,80063178,0.0,0.0
2018-02-08 00:00:00+08:00,210.58,212.78,209.26,209.7,30989550,0.0,0.0
2018-02-09 00:00:00+08:00,202.23,204.87,200.91,204.43,65735265,0.0,0.0
2018-02-12 00:00:00+08:00,207.06,208.82,206.62,207.94,35635236,0.0,0.0
2018-02-21 00:00:00+08:00,214.98,214.98,212.78,213.22,71504174,0.0,0.0
2018-02-22 00:00:00+08:00,214.54,214.54,210.14,210.58,39239993,0.0,0.0
2018-02-23 00:00:00+08:00,211.9,215.42,211.9,215.42,26985776,0.0,0.0
2018-02-26 00:00:00+08:00,217.18,217.61,215.42,216.74,35901810,0.0,0.0
2018-02-27 00:00:00+08:00,220.25,220.25,216.3,216.3,40818119,0.0,0.0
2018-03-01 00:00:00+08:00,214.54,215.42,212.78,213.66,39719984,0.0,0.0
2018-03-02 00:00:00+08:00,211.02,211.9,209.7,211.02,35139170,0.0,0.0
2018-03-05 00:00:00+08:00,213.22,213.66,211.46,212.34,27337846,0.0,0.0
2018-03-06 00:00:00+08:00,215.86,219.81,215.86,219.81,34890780,0.0,0.0
2018-03-07 00:00:00+08:00,218.05,218.49,216.3,217.18,30391219,0.0,0.0
2018-03-08 00:00:00+08:00,219.37,221.13,218.93,219.37,20645694,0.0,0.0
2018-03-09 00:00:00+08:00,219.81,220.69,218.49,220.25,19831063,0.0,0.0
2018-03-12 00:00:00+08:00,221.57,224.21,221.13,223.33,24492615,0.0,0.0
2018-03-13 00:00:00+08:00,224.65,227.73,224.21,227.73,33756883,0.0,0.0
2018-03-14 00:00:00+08:00,225.53,226.41,224.65,225.97,23772838,0.0,0.0
2018-03-15 00:00:00+08:00,226.85,226.85,224.21,224.21,19396493,0.0,0.0
2018-03-16 00:00:00+08:00,222.45,225.09,219.37,224.21,62929326,0.0,0.0
2018-03-19 00:00:00+08:00,222.01,224.65,220.69,224.21,21440766,0.0,0.0
2018-03-20 00:00:00+08:00,222.45,223.33,221.13,222.45,21840151,0.0,0.0
2018-03-21 00:00:00+08:00,224.21,224.21,220.69,222.01,28976737,0.0,0.0
2018-03-22 00:00:00+08:00,223.77,223.77,219.37,221.13,27000668,0.0,0.0
2018-03-23 00:00:00+08:00,215.42,217.18,214.54,215.42,52498390,0.0,0.0
2018-03-26 00:00:00+08:00,212.34,214.98,212.34,214.1,36987945,0.0,0.0
2018-03-27 00:00:00+08:00,218.05,220.69,217.18,220.69,31008260,0.0,0.0
2018-03-28 00:00:00+08:00,217.61,218.05,214.54,215.42,29637411,0.0,0.0
2018-03-29 00:00:00+08:00,213.66,217.18,213.22,214.54,36165345,0.0,0.0
2018-03-30 00:00:00+08:00,217.61,219.37,216.3,216.3,16996346,0.0,0.0
2018-04-02 00:00:00+08:00,218.49,218.93,215.42,216.74,17696003,0.0,0.0
2018-04-03 00:00:00+08:00,213.66,214.98,212.78,214.54,35813944,0.0,0.0
2018-04-09 00:00:00+08:00,218.05,218.05,214.1,215.42,34694824,0.0,0.0
2018-04-10 00:00:00+08:00,214.98,218.93,214.1,215.86,25156994,0.0,0.0
2018-04-11 00:00:00+08:00,216.74,218.49,216.74,218.05,21607935,0.0,0.0
2018-04-12 00:00:00+08:00,218.49,218.49,214.54,215.42,20409657,0.0,0.0
2018-04-13 00:00:00+08:00,216.3,216.3,214.54,214.98,19742548,0.0,0.0
2018-04-16 00:00:00+08:00,213.66,214.54,212.78,214.1,18350139,0.0,0.0
2018-04-17 00:00:00+08:00,213.66,214.1,208.82,209.26,42756389,0.0,0.0
2018-04-18 00:00:00+08:00,210.58,212.34,207.94,209.26,42500048,0.0,0.0
2018-04-19 00:00:00+08:00,212.78,214.98,211.9,214.98,31901989,0.0,0.0
2018-04-20 00:00:00+08:00,200.47,203.55,200.47,201.35,128452087,0.0,0.0
2018-04-23 00:00:00+08:00,199.15,200.03,197.83,199.15,71009975,0.0,0.0
2018-04-24 00:00:00+08:00,197.83,200.03,197.83,199.59,40967892,0.0,0.0
2018-04-25 00:00:00+08:00,198.27,198.71,196.95,197.83,46771110,0.0,0.0
2018-04-26 00:00:00+08:00,197.83,198.27,194.31,195.19,48023557,0.0,0.0
2018-04-27 00:00:00+08:00,197.83,198.27,194.31,196.51,34174459,0.0,0.0
2018-04-30 00:00:00+08:00,197.39,200.47,195.63,199.59,28500789,0.0,0.0
2018-05-02 00:00:00+08:00,199.59,200.03,195.63,196.07,38167942,0.0,0.0
2018-05-03 00:00:00+08:00,194.31,195.63,193.44,193.88,31690731,0.0,0.0
2018-05-04 00:00:00+08:00,194.31,196.95,193.88,196.07,27208722,0.0,0.0
2018-05-07 00:00:00+08:00,197.83,198.27,194.75,196.51,23268759,0.0,0.0
2018-05-08 00:00:00+08:00,196.95,200.91,196.51,200.47,40324763,0.0,0.0
2018-05-09 00:00:00+08:00,200.91,203.99,200.91,201.79,33778934,0.0,0.0
2018-05-10 00:00:00+08:00,203.11,203.55,201.35,201.79,27530377,0.0,0.0
2018-05-11 00:00:00+08:00,203.99,205.75,202.67,204.87,30693910,0.0,0.0
2018-05-14 00:00:00+08:00,206.18,206.18,204.43,204.87,19921437,0.0,0.0
2018-05-15 00:00:00+08:00,205.31,205.75,201.79,202.67,23771769,0.0,0.0
2018-05-16 00:00:00+08:00,201.79,202.67,200.91,202.67,14409556,0.0,0.0
2018-05-17 00:00:00+08:00,203.11,203.55,199.15,199.15,26852737,0.0,0.0
2018-05-18 00:00:00+08:00,198.27,200.03,196.51,196.51,27664541,0.0,0.0
2018-05-21 00:00:00+08:00,197.83,202.23,197.83,201.35,16127815,0.0,0.0
2018-05-22 00:00:00+08:00,202.23,205.31,201.35,201.35,22355097,0.0,0.0
2018-05-23 00:00:00+08:00,203.55,203.55,200.91,200.91,23062899,0.0,0.0
2018-05-24 00:00:00+08:00,201.79,202.23,200.91,201.35,12996610,0.0,0.0
2018-05-25 00:00:00+08:00,200.91,201.79,200.47,200.91,15971294,0.0,0.0
2018-05-28 00:00:00+08:00,201.79,202.23,199.15,199.59,16373270,0.0,0.0
2018-05-29 00:00:00+08:00,199.15,199.15,196.51,197.83,23764776,0.0,0.0
2018-05-30 00:00:00+08:00,196.95,196.95,193.88,194.31,49163788,0.0,0.0
2018-05-31 00:00:00+08:00,194.75,196.95,193.88,196.95,96069458,0.0,0.0
2018-06-01 00:00:00+08:00,197.39,199.15,196.95,196.95,27617994,0.0,0.0
2018-06-04 00:00:00+08:00,200.03,201.35,199.59,201.35,25959480,0.0,0.0
2018-06-05 00:00:00+08:00,202.23,202.23,199.15,201.35,26534884,0.0,0.0
2018-06-06 00:00:00+08:00,201.35,202.23,199.59,202.23,24767441,0.0,0.0
2018-06-07 00:00:00+08:00,203.11,203.55,200.47,202.23,24958266,0.0,0.0
2018-06-08 00:00:00+08:00,201.35,201.35,198.71,199.59,23548851,0.0,0.0
2018-06-11 00:00:00+08:00,199.15,199.59,197.83,198.71,21696933,0.0,0.0
2018-06-12 00:00:00+08:00,197.83,201.35,196.95,201.35,29501260,0.0,0.0
2018-06-13 00:00:00+08:00,201.35,203.99,200.47,203.99,28944970,0.0,0.0
2018-06-14 00:00:00+08:00,202.23,202.23,199.15,199.15,33408041,0.0,0.0
2018-06-15 00:00:00+08:00,197.83,203.11,196.95,203.11,48059679,0.0,0.0
2018-06-19 00:00:00+08:00,198.27,198.71,196.95,197.83,56889624,0.0,0.0
2018-06-20 00:00:00+08:00,197.39,200.03,196.51,198.71,40708701,0.0,0.0
2018-06-21 00:00:00+08:00,200.03,200.47,198.71,199.15,31242557,0.0,0.0
2018-06-22 00:00:00+08:00,197.39,200.03,196.95,200.03,43581409,0.0,0.0
2018-06-25 00:00:00+08:00,200.49,200.94,198.66,198.66,45025211,8.0,0.0
2018-06-26 00:00:00+08:00,196.38,196.84,193.65,195.47,38446346,0.0,0.0
2018-06-27 00:00:00+08:00,196.84,196.84,193.65,194.11,39888414,0.0,0.0
2018-06-28 00:00:00+08:00,192.28,195.47,191.37,193.2,37940780,0.0,0.0
2018-06-29 00:00:00+08:00,193.2,197.75,193.2,197.3,34313680,0.0,0.0
2018-07-02 00:00:00+08:00,199.12,199.57,195.02,195.02,32449442,0.0,0.0
2018-07-03 00:00:00+08:00,196.38,198.66,194.56,195.47,28323220,0.0,0.0
2018-07-04 00:00:00+08:00,197.75,198.21,196.38,196.84,15212295,0.0,0.0
2018-07-05 00:00:00+08:00,195.02,195.93,194.11,195.47,18225416,0.0,0.0
2018-07-06 00:00:00+08:00,198.21,198.21,195.93,197.75,29033762,0.0,0.0
2018-07-09 00:00:00+08:00,200.03,203.22,199.12,201.85,38734793,0.0,0.0
2018-07-10 00:00:00+08:00,203.22,204.13,202.31,202.31,20118957,0.0,0.0
2018-07-11 00:00:00+08:00,200.49,200.49,198.66,200.49,19854690,0.0,0.0
2018-07-12 00:00:00+08:00,198.66,202.31,198.66,200.94,23666051,0.0,0.0
2018-07-13 00:00:00+08:00,202.76,204.59,202.76,204.59,29716311,0.0,0.0
2018-07-16 00:00:00+08:00,204.59,205.04,203.68,203.68,15819254,0.0,0.0
2018-07-17 00:00:00+08:00,202.76,203.68,201.4,201.85,21548436,0.0,0.0
2018-07-18 00:00:00+08:00,203.22,204.13,202.31,203.22,39898658,0.0,0.0
2018-07-19 00:00:00+08:00,205.5,206.86,204.59,204.59,39661216,0.0,0.0
2018-07-20 00:00:00+08:00,214.16,216.43,212.33,216.43,97969023,0.0,0.0
2018-07-23 00:00:00+08:00,217.8,223.27,217.34,219.62,52256877,0.0,0.0
2018-07-24 00:00:00+08:00,218.71,220.08,217.34,219.62,27239267,0.0,0.0
2018-07-25 00:00:00+08:00,217.8,219.62,217.8,219.17,20962512,0.0,0.0
2018-07-26 00:00:00+08:00,219.62,220.99,218.26,219.62,30606388,0.0,0.0
2018-07-27 00:00:00+08:00,220.53,222.81,219.62,222.81,27129646,0.0,0.0
2018-07-30 00:00:00+08:00,222.81,223.72,222.36,223.72,22788730,0.0,0.0
2018-07-31 00:00:00+08:00,221.9,224.18,220.53,224.18,27059442,0.0,0.0
2018-08-01 00:00:00+08:00,225.09,226.0,224.63,226.0,29136161,0.0,0.0
2018-08-02 00:00:00+08:00,226.91,227.37,221.9,222.81,22402110,0.0,0.0
2018-08-03 00:00:00+08:00,224.18,226.0,223.27,225.09,24719097,0.0,0.0
2018-08-06 00:00:00+08:00,223.27,225.09,222.36,223.72,22364568,0.0,0.0
2018-08-07 00:00:00+08:00,223.27,223.72,220.08,220.08,23992418,0.0,0.0
2018-08-08 00:00:00+08:00,223.27,225.55,222.81,225.55,24382432,0.0,0.0
2018-08-09 00:00:00+08:00,225.09,226.0,224.18,225.09,15128655,0.0,0.0
2018-08-10 00:00:00+08:00,224.63,225.09,222.81,223.27,15890492,0.0,0.0
2018-08-13 00:00:00+08:00,220.08,221.45,217.8,219.17,17881194,0.0,0.0
2018-08-14 00:00:00+08:00,223.27,223.27,220.99,221.9,17358913,0.0,0.0
2018-08-15 00:00:00+08:00,222.81,222.81,218.26,220.08,18473321,0.0,0.0
2018-08-16 00:00:00+08:00,216.89,220.08,216.89,217.8,19155966,0.0,0.0
2018-08-17 00:00:00+08:00,218.26,219.62,217.8,218.26,18324474,0.0,0.0
2018-08-20 00:00:00+08:00,218.26,218.71,216.89,218.26,16933437,0.0,0.0
2018-08-21 00:00:00+08:00,217.8,219.62,217.34,219.62,12014127,0.0,0.0
2018-08-22 00:00:00+08:00,220.08,220.99,219.17,220.53,12614240,0.0,0.0
2018-08-23 00:00:00+08:00,221.45,222.81,221.45,222.81,14839240,0.0,0.0
2018-08-24 00:00:00+08:00,223.72,224.18,221.45,221.9,14355943,0.0,0.0
2018-08-27 00:00:00+08:00,224.18,224.63,222.81,223.27,15152299,0.0,0.0
2018-08-28 00:00:00+08:00,226.46,227.82,226.0,227.37,36792531,0.0,0.0
2018-08-29 00:00:00+08:00,231.01,236.03,231.01,236.03,56993182,0.0,0.0
2018-08-30 00:00:00+08:00,241.04,244.23,239.22,240.13,48957808,0.0,0.0
2018-08-31 00:00:00+08:00,234.66,236.03,231.47,233.29,69069506,0.0,0.0
2018-09-03 00:00:00+08:00,236.03,236.94,233.75,234.2,26720905,0.0,0.0
2018-09-04 00:00:00+08:00,235.57,236.48,232.84,234.66,34304615,0.0,0.0
2018-09-05 00:00:00+08:00,236.94,241.04,236.03,240.58,44864459,0.0,0.0
2018-09-06 00:00:00+08:00,244.23,244.23,237.85,237.85,35698488,0.0,0.0
2018-09-07 00:00:00+08:00,239.67,240.58,237.39,240.58,38663728,0.0,0.0
2018-09-10 00:00:00+08:00,242.86,242.86,239.22,241.04,41659795,0.0,0.0
2018-09-11 00:00:00+08:00,239.67,240.13,235.11,236.94,34350276,0.0,0.0
2018-09-12 00:00:00+08:00,237.85,238.76,235.11,237.39,37885965,0.0,0.0
2018-09-13 00:00:00+08:00,236.94,236.94,231.01,232.38,37576180,0.0,0.0
2018-09-14 00:00:00+08:00,234.2,238.3,234.2,237.85,37903219,0.0,0.0
2018-09-17 00:00:00+08:00,239.22,239.22,234.2,235.11,24765758,0.0,0.0
2018-09-18 00:00:00+08:00,233.75,234.2,231.47,231.93,33960152,0.0,0.0
2018-09-19 00:00:00+08:00,235.11,236.94,234.2,235.11,59227711,0.0,0.0
2018-09-20 00:00:00+08:00,238.3,238.3,234.66,236.94,29649071,0.0,0.0
2018-09-21 00:00:00+08:00,238.3,238.3,235.11,238.3,35012974,0.0,0.0
2018-09-25 00:00:00+08:00,238.3,240.58,237.39,240.13,24397062,0.0,0.0
2018-09-26 00:00:00+08:00,239.67,240.13,237.85,240.13,24859115,0.0,0.0
2018-09-27 00:00:00+08:00,240.58,242.41,238.76,241.49,38495371,0.0,0.0
2018-09-28 00:00:00+08:00,242.41,242.41,236.94,239.22,39626486,0.0,0.0
2018-10-01 00:00:00+08:00,238.76,240.58,237.85,239.67,22254380,0.0,0.0
2018-10-02 00:00:00+08:00,238.76,239.67,234.2,234.66,38391491,0.0,0.0
2018-10-03 00:00:00+08:00,234.66,236.94,234.2,236.94,25228536,0.0,0.0
2018-10-04 00:00:00+08:00,234.2,234.66,231.47,231.47,36408727,0.0,0.0
2018-10-05 00:00:00+08:00,227.82,230.56,226.46,227.82,40204660,0.0,0.0
2018-10-08 00:00:00+08:00,223.72,224.63,219.62,221.9,50876958,0.0,0.0
2018-10-09 00:00:00+08:00,221.9,223.27,220.53,222.36,28905345,0.0,0.0
2018-10-11 00:00:00+08:00,212.79,212.79,206.86,207.32,94589657,0.0,0.0
2018-10-12 00:00:00+08:00,210.51,215.98,208.69,215.98,47175769,0.0,0.0
2018-10-15 00:00:00+08:00,213.24,213.24,210.05,210.05,42168280,0.0,0.0
2018-10-16 00:00:00+08:00,209.14,215.98,208.69,215.98,37818077,0.0,0.0
2018-10-17 00:00:00+08:00,220.08,221.45,216.89,217.34,42494858,0.0,0.0
2018-10-18 00:00:00+08:00,216.89,217.8,214.61,215.52,25676430,0.0,0.0
2018-10-19 00:00:00+08:00,210.51,215.52,209.6,215.07,28358460,0.0,0.0
2018-10-22 00:00:00+08:00,211.88,216.89,210.97,215.98,29275777,0.0,0.0
2018-10-23 00:00:00+08:00,211.42,213.24,209.6,209.6,32827745,0.0,0.0
2018-10-24 00:00:00+08:00,209.6,210.51,206.86,209.14,44321950,0.0,0.0
2018-10-25 00:00:00+08:00,200.94,202.31,200.03,200.03,75524118,0.0,0.0
2018-10-26 00:00:00+08:00,203.22,204.13,197.75,201.4,38439644,0.0,0.0
2018-10-29 00:00:00+08:00,203.22,204.13,201.4,202.76,18463792,0.0,0.0
2018-10-30 00:00:00+08:00,201.4,205.04,200.94,203.22,28877931,0.0,0.0
2018-10-31 00:00:00+08:00,207.78,213.24,207.78,213.24,57283201,0.0,0.0
2018-11-01 00:00:00+08:00,215.07,215.98,212.33,214.61,41974797,0.0,0.0
2018-11-02 00:00:00+08:00,215.52,215.52,212.79,215.52,30722361,0.0,0.0
2018-11-05 00:00:00+08:00,212.33,214.61,211.42,214.16,25452065,0.0,0.0
2018-11-06 00:00:00+08:00,213.24,214.61,211.88,213.7,30468176,0.0,0.0
2018-11-07 00:00:00+08:00,212.33,215.07,211.88,213.24,34424652,0.0,0.0
2018-11-08 00:00:00+08:00,216.43,216.43,215.07,215.52,24739146,0.0,0.0
2018-11-09 00:00:00+08:00,213.7,213.7,210.51,210.51,23219081,0.0,0.0
2018-11-12 00:00:00+08:00,209.6,213.7,209.6,210.97,23228445,0.0,0.0
2018-11-13 00:00:00+08:00,204.59,207.78,204.59,207.32,36104127,0.0,0.0
2018-11-14 00:00:00+08:00,209.6,210.51,208.23,208.23,20028279,0.0,0.0
2018-11-15 00:00:00+08:00,209.14,211.42,208.23,210.51,22072228,0.0,0.0
2018-11-16 00:00:00+08:00,208.69,208.69,205.04,205.95,46738909,0.0,0.0
2018-11-19 00:00:00+08:00,205.04,205.04,201.4,202.31,48944754,0.0,0.0
2018-11-20 00:00:00+08:00,199.57,200.94,198.66,198.66,41569756,0.0,0.0
2018-11-21 00:00:00+08:00,195.47,200.49,195.02,199.57,35206343,0.0,0.0
2018-11-22 00:00:00+08:00,201.85,202.31,199.57,199.57,21929610,0.0,0.0
2018-11-23 00:00:00+08:00,200.94,200.94,197.75,199.12,14883334,0.0,0.0
2018-11-26 00:00:00+08:00,199.57,204.13,199.12,203.22,30599804,0.0,0.0
2018-11-27 00:00:00+08:00,200.49,204.59,199.57,204.13,26584349,0.0,0.0
2018-11-28 00:00:00+08:00,202.76,206.86,202.31,206.41,24429026,0.0,0.0
2018-11-29 00:00:00+08:00,210.97,210.97,208.69,208.69,44383207,0.0,0.0
2018-11-30 00:00:00+08:00,209.14,210.51,205.5,205.5,55827957,0.0,0.0
2018-12-03 00:00:00+08:00,210.51,214.16,210.51,214.16,45333986,0.0,0.0
2018-12-04 00:00:00+08:00,212.33,213.7,210.51,213.24,39746162,0.0,0.0
2018-12-05 00:00:00+08:00,206.41,207.32,205.04,205.95,42835576,0.0,0.0
2018-12-06 00:00:00+08:00,200.49,202.31,200.03,200.49,40149112,0.0,0.0
2018-12-07 00:00:00+08:00,202.76,203.68,200.94,201.4,25063568,0.0,0.0
2018-12-10 00:00:00+08:00,200.03,200.49,199.12,199.57,19433461,0.0,0.0
2018-12-11 00:00:00+08:00,200.49,203.22,199.57,202.76,27375220,0.0,0.0
2018-12-12 00:00:00+08:00,203.68,206.86,202.76,206.41,26433846,0.0,0.0
2018-12-13 00:00:00+08:00,206.86,207.32,205.04,205.95,32087141,0.0,0.0
2018-12-14 00:00:00+08:00,203.22,203.68,200.94,202.76,38646159,0.0,0.0
2018-12-17 00:00:00+08:00,201.4,205.04,200.49,203.68,18938952,0.0,0.0
2018-12-18 00:00:00+08:00,201.4,203.22,200.94,202.76,30203541,0.0,0.0
2018-12-19 00:00:00+08:00,202.31,205.5,202.31,205.5,23390082,0.0,0.0
2018-12-20 00:00:00+08:00,201.4,202.76,201.4,201.4,35027116,0.0,0.0
2018-12-21 00:00:00+08:00,199.57,204.13,199.57,203.68,43507532,0.0,0.0
2018-12-24 00:00:00+08:00,201.85,201.85,200.03,200.49,22976100,0.0,0.0
2018-12-25 00:00:00+08:00,196.38,198.66,195.93,198.21,19402777,0.0,0.0
2018-12-26 00:00:00+08:00,199.12,200.03,196.84,197.3,16463259,0.0,0.0
2018-12-27 00:00:00+08:00,202.31,204.13,200.94,203.22,21491484,0.0,0.0
2018-12-28 00:00:00+08:00,203.68,205.5,202.76,205.5,29456773,0.0,0.0
2019-01-02 00:00:00+08:00,206.41,206.41,199.57,200.03,32900482,0.0,0.0
2019-01-03 00:00:00+08:00,195.02,198.66,195.02,196.38,34087620,0.0,0.0
2019-01-04 00:00:00+08:00,192.74,192.74,188.18,189.55,65943521,0.0,0.0
2019-01-07 00:00:00+08:00,193.2,195.02,192.28,194.11,35442176,0.0,0.0
2019-01-08 00:00:00+08:00,193.2,193.65,191.37,192.28,22694481,0.0,0.0
2019-01-09 00:00:00+08:00,193.2,197.3,192.28,196.38,46295446,0.0,0.0
2019-01-10 00:00:00+08:00,196.84,197.3,195.47,196.84,20754593,0.0,0.0
2019-01-11 00:00:00+08:00,199.57,200.94,198.66,200.94,28102288,0.0,0.0
2019-01-14 00:00:00+08:00,199.12,200.49,197.75,199.12,17612296,0.0,0.0
2019-01-15 00:00:00+08:00,197.3,201.4,196.38,201.4,38882923,0.0,0.0
2019-01-16 00:00:00+08:00,199.12,200.49,198.21,198.21,28978282,0.0,0.0
2019-01-17 00:00:00+08:00,198.66,201.4,198.66,200.94,21163986,0.0,0.0
2019-01-18 00:00:00+08:00,199.57,200.49,198.21,199.12,49627569,0.0,0.0
2019-01-21 00:00:00+08:00,200.49,203.22,200.49,201.4,29384866,0.0,0.0
2019-01-22 00:00:00+08:00,200.49,203.22,199.57,203.22,28926483,0.0,0.0
2019-01-23 00:00:00+08:00,201.85,202.31,200.49,200.94,16671213,0.0,0.0
2019-01-24 00:00:00+08:00,202.76,202.76,200.94,202.76,26417924,0.0,0.0
2019-01-25 00:00:00+08:00,206.41,206.86,205.04,205.95,46692764,0.0,0.0
2019-01-28 00:00:00+08:00,209.14,209.14,207.78,208.69,26026257,0.0,0.0
2019-01-29 00:00:00+08:00,202.76,205.04,202.31,202.76,41122520,0.0,0.0
2019-01-30 00:00:00+08:00,200.94,201.85,200.49,201.4,44755945,0.0,0.0
2019-02-11 00:00:00+08:00,207.78,208.69,206.41,207.78,78307106,0.0,0.0
2019-02-12 00:00:00+08:00,209.6,209.6,208.69,209.6,29406670,0.0,0.0
2019-02-13 00:00:00+08:00,211.42,211.42,208.23,208.69,28634925,0.0,0.0
2019-02-14 00:00:00+08:00,209.14,209.6,205.95,206.86,23647751,0.0,0.0
2019-02-15 00:00:00+08:00,208.69,208.69,206.41,206.86,22369799,0.0,0.0
2019-02-18 00:00:00+08:00,208.69,210.05,208.23,209.6,16978916,0.0,0.0
2019-02-19 00:00:00+08:00,209.6,210.05,208.69,208.69,16577023,0.0,0.0
2019-02-20 00:00:00+08:00,210.97,213.7,210.51,213.7,30479710,0.0,0.0
2019-02-21 00:00:00+08:00,214.61,215.52,213.7,215.52,33764489,0.0,0.0
2019-02-22 00:00:00+08:00,214.61,215.52,213.24,215.52,22032163,0.0,0.0
2019-02-25 00:00:00+08:00,216.43,217.8,215.07,216.89,24105138,0.0,0.0
2019-02-26 00:00:00+08:00,217.8,218.71,215.52,218.26,24522789,0.0,0.0
2019-02-27 00:00:00+08:00,217.34,218.26,215.98,217.8,35240889,0.0,0.0
2019-03-04 00:00:00+08:00,218.26,218.26,213.7,214.61,39655513,0.0,0.0
2019-03-05 00:00:00+08:00,213.24,213.7,211.88,212.33,22641407,0.0,0.0
2019-03-06 00:00:00+08:00,214.15,214.61,212.79,213.24,20433226,0.0,0.0
2019-03-07 00:00:00+08:00,214.15,214.15,212.33,213.24,17126192,0.0,0.0
2019-03-08 00:00:00+08:00,210.51,210.97,208.69,209.6,22190659,0.0,0.0
2019-03-11 00:00:00+08:00,207.78,210.05,207.32,210.05,23200793,0.0,0.0
2019-03-12 00:00:00+08:00,212.33,215.98,211.88,214.61,23588085,0.0,0.0
2019-03-13 00:00:00+08:00,213.24,215.98,213.24,215.98,20500195,0.0,0.0
2019-03-14 00:00:00+08:00,217.8,217.8,213.24,213.7,17175356,0.0,0.0
2019-03-15 00:00:00+08:00,215.98,218.26,214.61,217.8,33649729,0.0,0.0
2019-03-18 00:00:00+08:00,218.26,219.62,217.8,219.62,26856532,0.0,0.0
2019-03-19 00:00:00+08:00,217.8,219.17,216.89,219.17,14479009,0.0,0.0
2019-03-20 00:00:00+08:00,220.53,220.53,218.26,220.53,22975971,0.0,0.0
2019-03-21 00:00:00+08:00,220.99,223.72,219.62,223.72,26179502,0.0,0.0
2019-03-22 00:00:00+08:00,226.0,226.46,222.81,226.46,22931467,0.0,0.0
2019-03-25 00:00:00+08:00,219.17,221.9,219.17,220.08,19211254,0.0,0.0
2019-03-26 00:00:00+08:00,221.45,222.36,219.62,222.36,19920170,0.0,0.0
2019-03-27 00:00:00+08:00,220.53,220.99,219.17,220.08,22590089,0.0,0.0
2019-03-28 00:00:00+08:00,219.17,220.99,218.71,220.53,13933054,0.0,0.0
2019-03-29 00:00:00+08:00,221.45,223.72,219.17,223.72,28220810,0.0,0.0
2019-04-01 00:00:00+08:00,228.74,228.74,223.27,223.72,35330656,0.0,0.0
2019-04-02 00:00:00+08:00,227.37,227.37,224.18,224.18,24105053,0.0,0.0
2019-04-03 00:00:00+08:00,226.91,226.91,224.63,224.63,24945323,0.0,0.0
2019-04-08 00:00:00+08:00,228.74,230.56,228.28,230.56,45184821,0.0,0.0
2019-04-09 00:00:00+08:00,230.56,231.47,229.65,231.47,22355674,0.0,0.0
2019-04-10 00:00:00+08:00,230.56,231.93,229.65,231.47,25849934,0.0,0.0
2019-04-11 00:00:00+08:00,230.56,231.47,229.19,229.65,24896840,0.0,0.0
2019-04-12 00:00:00+08:00,229.19,230.56,228.74,229.65,13548148,0.0,0.0
2019-04-15 00:00:00+08:00,232.38,233.29,231.47,232.84,17192002,0.0,0.0
2019-04-16 00:00:00+08:00,234.2,234.2,232.84,234.2,19652648,0.0,0.0
2019-04-17 00:00:00+08:00,236.94,239.67,236.48,238.3,37864191,0.0,0.0
2019-04-18 00:00:00+08:00,240.58,242.41,240.13,241.04,38006795,0.0,0.0
2019-04-19 00:00:00+08:00,245.14,245.59,240.13,241.04,44658699,0.0,0.0
2019-04-22 00:00:00+08:00,242.86,243.77,241.49,242.41,24967393,0.0,0.0
2019-04-23 00:00:00+08:00,242.86,244.23,242.41,244.23,25336847,0.0,0.0
2019-04-24 00:00:00+08:00,246.05,246.05,243.77,245.14,26449755,0.0,0.0
2019-04-25 00:00:00+08:00,244.68,245.14,243.32,243.77,32386724,0.0,0.0
2019-04-26 00:00:00+08:00,238.76,239.67,234.66,236.94,47518804,0.0,0.0
2019-04-29 00:00:00+08:00,236.94,238.76,235.57,236.48,31126618,0.0,0.0
2019-04-30 00:00:00+08:00,236.94,237.39,235.11,236.03,33799419,0.0,0.0
2019-05-02 00:00:00+08:00,238.3,239.22,235.57,236.03,27091394,0.0,0.0
2019-05-03 00:00:00+08:00,238.76,241.49,237.39,241.49,29840246,0.0,0.0
2019-05-06 00:00:00+08:00,236.94,236.94,235.11,236.03,32823187,0.0,0.0
2019-05-07 00:00:00+08:00,236.48,239.67,236.03,239.22,25686126,0.0,0.0
2019-05-08 00:00:00+08:00,236.94,238.3,236.48,236.94,25542364,0.0,0.0
2019-05-09 00:00:00+08:00,236.48,236.48,233.29,233.75,33587574,0.0,0.0
2019-05-10 00:00:00+08:00,234.2,236.03,232.38,233.29,18617212,0.0,0.0
2019-05-13 00:00:00+08:00,230.56,231.47,227.37,228.28,28284535,0.0,0.0
2019-05-14 00:00:00+08:00,225.55,228.74,223.27,226.46,45055708,0.0,0.0
2019-05-15 00:00:00+08:00,228.74,229.65,226.91,226.91,36825479,0.0,0.0
2019-05-16 00:00:00+08:00,226.46,227.37,224.18,225.09,29713519,0.0,0.0
2019-05-17 00:00:00+08:00,226.91,226.91,220.08,220.08,38647856,0.0,0.0
2019-05-20 00:00:00+08:00,220.99,221.45,216.89,216.89,39157661,0.0,0.0
2019-05-21 00:00:00+08:00,212.79,215.07,211.88,213.24,80042775,0.0,0.0
2019-05-22 00:00:00+08:00,215.52,219.17,214.61,216.89,34622034,0.0,0.0
2019-05-23 00:00:00+08:00,212.79,212.79,209.6,209.6,58752627,0.0,0.0
2019-05-24 00:00:00+08:00,209.6,213.24,209.6,212.33,36000789,0.0,0.0
2019-05-27 00:00:00+08:00,213.24,214.16,210.51,210.51,35562033,0.0,0.0
2019-05-28 00:00:00+08:00,211.42,211.42,210.05,210.05,95240033,0.0,0.0
2019-05-29 00:00:00+08:00,207.78,210.05,206.86,209.14,26533236,0.0,0.0
2019-05-30 00:00:00+08:00,209.6,210.97,208.69,210.51,28500328,0.0,0.0
2019-05-31 00:00:00+08:00,211.42,216.43,210.51,214.61,46070338,0.0,0.0
2019-06-03 00:00:00+08:00,214.61,217.34,211.42,216.89,31054092,0.0,0.0
2019-06-04 00:00:00+08:00,216.43,216.89,212.33,212.33,24443428,0.0,0.0
2019-06-05 00:00:00+08:00,216.89,216.89,213.24,214.16,29139584,0.0,0.0
2019-06-06 00:00:00+08:00,210.97,211.42,209.14,211.42,34651731,0.0,0.0
2019-06-10 00:00:00+08:00,216.43,218.71,213.7,218.71,35373888,0.0,0.0
2019-06-11 00:00:00+08:00,218.71,224.18,217.8,222.81,31965670,0.0,0.0
2019-06-12 00:00:00+08:00,222.81,225.55,221.45,224.18,29675556,0.0,0.0
2019-06-13 00:00:00+08:00,220.99,222.36,218.71,218.71,32981724,0.0,0.0
2019-06-14 00:00:00+08:00,217.34,218.26,215.07,215.07,31951556,0.0,0.0
2019-06-17 00:00:00+08:00,210.97,214.16,210.05,212.33,51017012,0.0,0.0
2019-06-18 00:00:00+08:00,213.24,214.61,212.33,214.61,28578087,0.0,0.0
2019-06-19 00:00:00+08:00,220.99,222.36,219.17,222.36,50164372,0.0,0.0
2019-06-20 00:00:00+08:00,220.53,223.72,219.62,223.27,37836291,0.0,0.0
2019-06-21 00:00:00+08:00,226.0,226.46,224.18,226.46,61164304,0.0,0.0
2019-06-24 00:00:00+08:00,226.93,227.87,225.99,226.93,43300507,8.0,0.0
2019-06-25 00:00:00+08:00,226.93,227.4,223.16,224.57,28559283,0.0,0.0
2019-06-26 00:00:00+08:00,221.28,222.69,220.34,220.81,27607041,0.0,0.0
2019-06-27 00:00:00+08:00,222.22,227.4,222.22,226.46,42007834,0.0,0.0
2019-06-28 00:00:00+08:00,227.4,227.4,224.1,225.05,25962203,0.0,0.0
2019-07-01 00:00:00+08:00,231.17,235.4,230.69,233.99,66307875,0.0,0.0
2019-07-02 00:00:00+08:00,234.93,235.4,233.05,234.46,24181202,0.0,0.0
2019-07-03 00:00:00+08:00,229.75,230.69,227.87,228.34,29449774,0.0,0.0
2019-07-04 00:00:00+08:00,230.22,230.69,228.34,229.75,17481240,0.0,0.0
2019-07-05 00:00:00+08:00,230.22,230.69,227.4,228.81,22867074,0.0,0.0
2019-07-08 00:00:00+08:00,225.99,230.22,225.99,228.34,27787909,0.0,0.0
2019-07-09 00:00:00+08:00,227.4,228.81,226.46,227.87,16418987,0.0,0.0
2019-07-10 00:00:00+08:00,228.81,232.58,228.81,232.58,23812131,0.0,0.0
2019-07-11 00:00:00+08:00,235.4,235.4,233.05,235.4,31160289,0.0,0.0
2019-07-12 00:00:00+08:00,237.29,237.29,234.93,235.87,23479432,0.0,0.0
2019-07-15 00:00:00+08:00,236.34,239.64,234.93,239.64,29727300,0.0,0.0
2019-07-16 00:00:00+08:00,239.17,241.52,238.7,241.05,21361249,0.0,0.0
2019-07-17 00:00:00+08:00,239.17,239.17,236.34,237.29,25573648,0.0,0.0
2019-07-18 00:00:00+08:00,237.29,239.64,236.82,239.17,20842575,0.0,0.0
2019-07-19 00:00:00+08:00,244.35,245.76,243.88,243.88,59709798,0.0,0.0
2019-07-22 00:00:00+08:00,247.64,248.59,246.7,248.59,31522639,0.0,0.0
2019-07-23 00:00:00+08:00,250.0,250.94,247.17,248.59,29273223,0.0,0.0
2019-07-24 00:00:00+08:00,250.94,250.94,247.64,249.53,23734039,0.0,0.0
2019-07-25 00:00:00+08:00,248.59,249.53,246.23,249.53,30433545,0.0,0.0
2019-07-26 00:00:00+08:00,245.76,247.17,245.76,245.76,20438071,0.0,0.0
2019-07-29 00:00:00+08:00,244.82,246.7,244.35,245.76,17509320,0.0,0.0
2019-07-30 00:00:00+08:00,247.17,247.64,244.82,244.82,22670612,0.0,0.0
2019-07-31 00:00:00+08:00,244.82,244.82,241.99,244.35,31635601,0.0,0.0
2019-08-01 00:00:00+08:00,242.46,242.46,240.58,241.52,30017526,0.0,0.0
2019-08-02 00:00:00+08:00,237.29,238.7,235.87,236.82,54021644,0.0,0.0
2019-08-05 00:00:00+08:00,236.34,237.29,231.17,232.11,51535721,0.0,0.0
2019-08-06 00:00:00+08:00,225.99,235.4,225.99,233.99,58625879,0.0,0.0
2019-08-07 00:00:00+08:00,235.4,235.87,232.11,233.52,29435460,0.0,0.0
2019-08-08 00:00:00+08:00,233.52,239.17,233.52,238.7,29725266,0.0,0.0
2019-08-12 00:00:00+08:00,239.64,239.64,236.34,236.34,21794603,0.0,0.0
2019-08-13 00:00:00+08:00,234.46,234.93,232.11,232.11,23121107,0.0,0.0
2019-08-14 00:00:00+08:00,237.76,239.17,234.93,234.93,35216703,0.0,0.0
2019-08-15 00:00:00+08:00,232.58,233.99,231.64,233.52,27624412,0.0,0.0
2019-08-16 00:00:00+08:00,234.93,237.29,233.52,235.4,25370715,0.0,0.0
2019-08-19 00:00:00+08:00,236.82,238.23,235.87,237.29,24060514,0.0,0.0
2019-08-20 00:00:00+08:00,239.17,239.64,237.76,239.64,19960494,0.0,0.0
2019-08-21 00:00:00+08:00,239.64,240.11,238.23,239.64,20269296,0.0,0.0
2019-08-22 00:00:00+08:00,241.99,242.46,239.17,239.17,21900840,0.0,0.0
2019-08-23 00:00:00+08:00,238.7,239.64,238.23,239.17,14166877,0.0,0.0
2019-08-26 00:00:00+08:00,234.46,235.87,233.99,233.99,31678620,0.0,0.0
2019-08-27 00:00:00+08:00,235.87,236.34,233.99,235.4,50234951,0.0,0.0
2019-08-28 00:00:00+08:00,235.87,238.23,235.87,237.29,15132882,0.0,0.0
2019-08-29 00:00:00+08:00,238.23,239.17,236.34,239.17,19587767,0.0,0.0
2019-08-30 00:00:00+08:00,241.52,243.88,241.05,243.88,35184201,0.0,0.0
2019-09-02 00:00:00+08:00,242.94,242.94,241.05,242.46,14614854,0.0,0.0
2019-09-03 00:00:00+08:00,241.52,242.94,238.23,239.17,25762495,0.0,0.0
2019-09-04 00:00:00+08:00,239.17,242.94,239.17,242.46,22540733,0.0,0.0
2019-09-05 00:00:00+08:00,247.64,247.64,245.29,247.64,48791728,0.0,0.0
2019-09-06 00:00:00+08:00,249.53,249.53,247.64,248.11,25408515,0.0,0.0
2019-09-10 00:00:00+08:00,248.11,248.59,245.29,246.23,29308866,0.0,0.0
2019-09-11 00:00:00+08:00,248.59,249.06,245.29,247.64,36196015,0.0,0.0
2019-09-12 00:00:00+08:00,249.53,249.53,246.23,247.17,26017293,0.0,0.0
2019-09-16 00:00:00+08:00,246.7,250.0,246.23,250.0,32573966,0.0,0.0
2019-09-17 00:00:00+08:00,250.94,250.94,249.06,249.53,27600844,0.0,0.0
2019-09-18 00:00:00+08:00,251.41,253.76,250.94,251.41,47684759,0.0,0.0
2019-09-19 00:00:00+08:00,254.26,254.26,250.46,251.41,25233567,2.0,0.0
2019-09-20 00:00:00+08:00,252.36,252.83,250.46,250.46,43868865,0.0,0.0
2019-09-23 00:00:00+08:00,250.46,250.46,249.51,250.46,13093208,0.0,0.0
2019-09-24 00:00:00+08:00,249.99,251.88,248.56,251.41,24244943,0.0,0.0
2019-09-25 00:00:00+08:00,249.04,252.36,248.56,252.36,21003163,0.0,0.0
2019-09-26 00:00:00+08:00,255.21,255.68,252.83,254.26,29940103,0.0,0.0
2019-09-27 00:00:00+08:00,257.58,258.53,257.1,258.05,41235817,0.0,0.0
2019-10-01 00:00:00+08:00,259.0,266.12,259.0,265.64,71743890,0.0,0.0
2019-10-02 00:00:00+08:00,265.64,266.59,264.69,265.17,29295953,0.0,0.0
2019-10-03 00:00:00+08:00,259.95,263.27,259.95,262.32,31890864,0.0,0.0
2019-10-04 00:00:00+08:00,265.17,265.64,260.9,262.32,35169613,0.0,0.0
2019-10-07 00:00:00+08:00,264.69,265.17,263.27,263.74,17510230,0.0,0.0
2019-10-08 00:00:00+08:00,268.96,271.81,268.01,271.81,35278551,0.0,0.0
2019-10-09 00:00:00+08:00,268.96,271.33,267.54,267.54,34777456,0.0,0.0
2019-10-14 00:00:00+08:00,276.55,276.55,273.71,275.13,46683517,0.0,0.0
2019-10-15 00:00:00+08:00,278.45,280.82,277.03,278.45,38018567,0.0,0.0
2019-10-16 00:00:00+08:00,282.72,282.72,278.45,281.29,40297144,0.0,0.0
2019-10-17 00:00:00+08:00,279.87,280.35,277.03,278.45,40271938,0.0,0.0
2019-10-18 00:00:00+08:00,277.97,280.35,276.08,277.97,45102984,0.0,0.0
2019-10-21 00:00:00+08:00,276.08,276.08,273.71,275.13,34634365,0.0,0.0
2019-10-22 00:00:00+08:00,277.5,278.92,276.55,278.92,26005020,0.0,0.0
2019-10-23 00:00:00+08:00,278.45,278.45,275.6,277.97,28675408,0.0,0.0
2019-10-24 00:00:00+08:00,279.4,279.4,276.08,277.97,29040827,0.0,0.0
2019-10-25 00:00:00+08:00,279.4,279.4,277.5,278.45,22682711,0.0,0.0
2019-10-28 00:00:00+08:00,279.87,280.35,278.92,279.4,20076561,0.0,0.0
2019-10-29 00:00:00+08:00,281.77,283.19,281.29,283.19,36682131,0.0,0.0
2019-10-30 00:00:00+08:00,283.19,284.14,281.29,284.14,32370342,0.0,0.0
2019-10-31 00:00:00+08:00,284.62,286.04,283.19,283.19,40944514,0.0,0.0
2019-11-01 00:00:00+08:00,284.14,284.14,281.29,283.67,30121678,0.0,0.0
2019-11-04 00:00:00+08:00,286.99,292.21,285.56,291.26,44899671,0.0,0.0
2019-11-05 00:00:00+08:00,291.73,294.58,291.26,294.58,32201184,0.0,0.0
2019-11-06 00:00:00+08:00,293.15,295.53,292.21,295.05,22149743,0.0,0.0
2019-11-07 00:00:00+08:00,294.1,294.1,290.78,293.15,28291659,0.0,0.0
2019-11-08 00:00:00+08:00,292.68,293.15,289.83,289.83,25651542,0.0,0.0
2019-11-11 00:00:00+08:00,289.36,289.36,284.62,285.56,35165583,0.0,0.0
2019-11-12 00:00:00+08:00,286.99,289.36,286.51,289.36,17540708,0.0,0.0
2019-11-13 00:00:00+08:00,287.46,288.41,286.04,288.41,18172438,0.0,0.0
2019-11-14 00:00:00+08:00,288.88,289.36,286.51,287.94,15734835,0.0,0.0
2019-11-15 00:00:00+08:00,289.83,291.73,288.88,291.26,28848445,0.0,0.0
2019-11-18 00:00:00+08:00,292.68,295.05,291.26,295.05,18691325,0.0,0.0
2019-11-19 00:00:00+08:00,296.47,298.85,295.05,298.85,31634197,0.0,0.0
2019-11-20 00:00:00+08:00,297.9,297.9,296.0,297.42,22387973,0.0,0.0
2019-11-21 00:00:00+08:00,293.63,295.05,291.26,295.05,28108833,0.0,0.0
2019-11-22 00:00:00+08:00,294.1,294.58,292.21,293.15,24737984,0.0,0.0
2019-11-25 00:00:00+08:00,294.58,294.58,291.26,291.26,19530177,0.0,0.0
2019-11-26 00:00:00+08:00,294.1,294.58,291.26,291.26,101224622,0.0,0.0
2019-11-27 00:00:00+08:00,291.73,295.53,291.73,295.05,18467648,0.0,0.0
2019-11-28 00:00:00+08:00,294.1,296.0,292.68,293.63,19077982,0.0,0.0
2019-11-29 00:00:00+08:00,293.15,293.63,289.36,289.36,30963561,0.0,0.0
2019-12-02 00:00:00+08:00,291.26,292.21,290.78,291.73,24016807,0.0,0.0
2019-12-03 00:00:00+08:00,289.36,291.26,289.36,291.26,24690319,0.0,0.0
2019-12-04 00:00:00+08:00,289.36,290.31,288.41,290.31,25492686,0.0,0.0
2019-12-05 00:00:00+08:00,293.15,296.0,293.15,296.0,34521842,0.0,0.0
2019-12-06 00:00:00+08:00,298.85,299.79,295.05,296.95,17695703,0.0,0.0
2019-12-09 00:00:00+08:00,297.9,300.27,297.9,299.79,23256081,0.0,0.0
2019-12-10 00:00:00+08:00,298.85,299.32,296.47,297.42,20570594,0.0,0.0
2019-12-11 00:00:00+08:00,297.9,302.64,296.95,302.64,31223148,0.0,0.0
2019-12-12 00:00:00+08:00,308.33,317.35,307.38,314.5,52742851,0.0,0.0
2019-12-13 00:00:00+08:00,322.56,325.41,320.67,321.62,58198939,0.0,0.0
2019-12-16 00:00:00+08:00,319.24,321.14,318.77,318.77,102188,0.0,0.0
2019-12-17 00:00:00+08:00,317.82,327.31,317.82,327.31,40813458,0.0,0.0
2019-12-18 00:00:00+08:00,323.99,327.31,323.99,326.83,39682841,0.0,0.0
2019-12-19 00:00:00+08:00,324.92,326.83,320.14,320.14,54888012,2.5,0.0
2019-12-20 00:00:00+08:00,317.28,318.23,313.93,314.41,86280459,0.0,0.0
2019-12-23 00:00:00+08:00,314.89,319.19,314.89,319.19,26639340,0.0,0.0
2019-12-24 00:00:00+08:00,319.19,319.67,317.28,317.28,13488907,0.0,0.0
2019-12-25 00:00:00+08:00,317.28,319.67,316.32,318.23,12262954,0.0,0.0
2019-12-26 00:00:00+08:00,318.23,319.19,316.8,318.23,11427884,0.0,0.0
2019-12-27 00:00:00+08:00,320.14,323.01,320.14,323.01,16677806,0.0,0.0
2019-12-30 00:00:00+08:00,323.01,323.97,319.19,319.67,21531263,0.0,0.0
2019-12-31 00:00:00+08:00,316.32,318.71,316.32,316.32,22890517,0.0,0.0
2020-01-02 00:00:00+08:00,317.75,323.97,317.75,323.97,31754120,0.0,0.0
2020-01-03 00:00:00+08:00,328.74,329.7,320.62,324.44,41811268,0.0,0.0
2020-01-06 00:00:00+08:00,318.23,319.67,317.28,317.28,45343057,0.0,0.0
2020-01-07 00:00:00+08:00,317.75,318.23,312.02,314.89,50879181,0.0,0.0
2020-01-08 00:00:00+08:00,310.59,318.23,310.59,314.89,37567748,0.0,0.0
2020-01-09 00:00:00+08:00,320.14,322.53,318.71,322.53,31481504,0.0,0.0
2020-01-10 00:00:00+08:00,325.4,325.88,321.1,324.44,27032115,0.0,0.0
2020-01-13 00:00:00+08:00,326.83,326.83,323.97,326.36,30663332,0.0,0.0
2020-01-14 00:00:00+08:00,330.18,330.66,329.22,330.66,30223993,0.0,0.0
2020-01-15 00:00:00+08:00,329.7,329.7,322.53,324.92,47434274,0.0,0.0
2020-01-16 00:00:00+08:00,315.37,321.58,315.37,319.67,55211420,0.0,0.0
2020-01-17 00:00:00+08:00,319.19,320.62,317.28,318.23,52060097,0.0,0.0
2020-01-20 00:00:00+08:00,319.19,320.62,318.23,318.23,32658203,0.0,0.0
2020-01-30 00:00:00+08:00,311.54,311.54,302.46,302.46,125451049,0.0,0.0
2020-01-31 00:00:00+08:00,308.68,309.15,304.85,305.81,62526055,0.0,0.0
2020-02-03 00:00:00+08:00,301.03,302.46,298.16,301.03,59560849,0.0,0.0
2020-02-04 00:00:00+08:00,321.58,322.06,310.59,310.59,51890496,0.0,0.0
2020-02-05 00:00:00+08:00,314.41,314.89,310.11,312.98,36601453,0.0,0.0
2020-02-06 00:00:00+08:00,314.89,317.75,314.41,317.75,29267094,0.0,0.0
2020-02-07 00:00:00+08:00,315.37,315.84,311.54,313.45,28798327,0.0,0.0
2020-02-10 00:00:00+08:00,307.24,313.45,306.76,312.98,30632424,0.0,0.0
2020-02-11 00:00:00+08:00,315.84,317.75,315.37,316.8,27524935,0.0,0.0
2020-02-12 00:00:00+08:00,318.71,321.1,318.23,320.14,37612639,0.0,0.0
2020-02-13 00:00:00+08:00,323.01,323.01,320.14,320.14,22757021,0.0,0.0
2020-02-14 00:00:00+08:00,322.06,322.06,319.67,320.14,16933683,0.0,0.0
2020-02-17 00:00:00+08:00,316.8,318.23,315.84,316.8,15937079,0.0,0.0
2020-02-18 00:00:00+08:00,310.11,312.02,307.72,307.72,61825604,0.0,0.0
2020-02-19 00:00:00+08:00,308.2,312.5,307.72,312.02,38781218,0.0,0.0
2020-02-20 00:00:00+08:00,313.45,314.41,310.59,311.07,27011736,0.0,0.0
2020-02-21 00:00:00+08:00,311.07,312.02,308.68,310.59,22813534,0.0,0.0
2020-02-24 00:00:00+08:00,305.33,307.24,305.33,305.81,41693680,0.0,0.0
2020-02-25 00:00:00+08:00,305.81,309.15,303.42,307.72,36195011,0.0,0.0
2020-02-26 00:00:00+08:00,302.94,306.29,302.46,304.38,60479362,0.0,0.0
2020-02-27 00:00:00+08:00,304.85,305.81,301.03,301.99,61250927,0.0,0.0
2020-03-02 00:00:00+08:00,294.34,302.94,294.34,297.21,79912942,0.0,0.0
2020-03-03 00:00:00+08:00,304.38,305.81,301.99,303.42,49679411,0.0,0.0
2020-03-04 00:00:00+08:00,307.72,307.72,302.94,306.29,42941146,0.0,0.0
2020-03-05 00:00:00+08:00,310.59,311.54,308.68,308.68,37861525,0.0,0.0
2020-03-06 00:00:00+08:00,305.81,306.29,301.03,301.03,51546760,0.0,0.0
2020-03-09 00:00:00+08:00,293.86,296.25,291.95,291.95,87871277,0.0,0.0
2020-03-10 00:00:00+08:00,288.13,295.3,287.65,293.39,71950130,0.0,0.0
2020-03-11 00:00:00+08:00,295.3,296.73,288.61,288.61,62216710,0.0,0.0
2020-03-12 00:00:00+08:00,285.74,285.74,274.27,280.96,113527351,0.0,0.0
2020-03-13 00:00:00+08:00,262.8,280.96,260.42,277.14,149995148,0.0,0.0
2020-03-16 00:00:00+08:00,272.36,278.09,263.28,264.24,103873228,0.0,0.0
2020-03-17 00:00:00+08:00,253.25,264.24,253.25,256.12,121323651,0.0,0.0
2020-03-18 00:00:00+08:00,257.55,260.42,248.47,248.47,117437643,0.0,0.0
2020-03-19 00:00:00+08:00,243.16,244.13,227.24,239.3,160811697,2.5,0.0
2020-03-20 00:00:00+08:00,249.43,260.53,247.02,260.53,157664726,0.0,0.0
2020-03-23 00:00:00+08:00,247.99,253.29,243.16,246.06,76466709,0.0,0.0
2020-03-24 00:00:00+08:00,258.6,264.39,256.67,258.12,81952933,0.0,0.0
2020-03-25 00:00:00+08:00,266.8,270.18,264.39,267.29,79447199,0.0,0.0
2020-03-26 00:00:00+08:00,269.7,270.18,265.84,270.18,52845633,0.0,0.0
2020-03-27 00:00:00+08:00,274.04,275.97,263.43,263.43,68752306,0.0,0.0
2020-03-30 00:00:00+08:00,254.26,259.57,253.29,258.12,49159956,0.0,0.0
2020-03-31 00:00:00+08:00,263.43,264.39,260.05,264.39,48837923,0.0,0.0
2020-04-01 00:00:00+08:00,266.8,266.8,261.98,261.98,44515034,0.0,0.0
2020-04-06 00:00:00+08:00,263.43,265.84,260.53,265.84,56392754,0.0,0.0
2020-04-07 00:00:00+08:00,273.56,274.04,270.66,273.08,48787346,0.0,0.0
2020-04-08 00:00:00+08:00,275.01,275.49,273.08,275.01,37912826,0.0,0.0
2020-04-09 00:00:00+08:00,277.42,277.9,272.59,273.08,27620430,0.0,0.0
2020-04-10 00:00:00+08:00,270.18,272.11,269.22,269.7,27252858,0.0,0.0
2020-04-13 00:00:00+08:00,268.73,271.63,268.73,268.73,22196596,0.0,0.0
2020-04-14 00:00:00+08:00,271.15,275.49,270.18,275.01,48809688,0.0,0.0
2020-04-15 00:00:00+08:00,276.94,278.38,275.97,277.42,55216434,0.0,0.0
2020-04-16 00:00:00+08:00,273.08,278.38,273.08,276.45,47815280,0.0,0.0
2020-04-17 00:00:00+08:00,292.86,297.68,289.96,295.75,116368201,0.0,0.0
2020-04-20 00:00:00+08:00,297.2,298.16,291.89,293.34,41381669,0.0,0.0
2020-04-21 00:00:00+08:00,289.96,290.93,283.21,284.65,61479357,0.0,0.0
2020-04-22 00:00:00+08:00,284.17,284.65,280.31,283.69,42192580,0.0,0.0
2020-04-23 00:00:00+08:00,289.48,289.48,283.69,285.14,39474478,0.0,0.0
2020-04-24 00:00:00+08:00,285.14,286.58,283.69,283.69,26008090,0.0,0.0
2020-04-27 00:00:00+08:00,287.55,288.03,285.62,287.55,38493406,0.0,0.0
2020-04-28 00:00:00+08:00,288.03,288.03,284.17,286.1,37395165,0.0,0.0
2020-04-29 00:00:00+08:00,288.51,290.93,287.55,288.51,44059301,0.0,0.0
2020-04-30 00:00:00+08:00,291.41,294.3,290.93,293.82,55126085,0.0,0.0
2020-05-04 00:00:00+08:00,284.17,286.1,283.69,284.65,71581861,0.0,0.0
2020-05-05 00:00:00+08:00,286.1,287.55,284.65,285.14,23547405,0.0,0.0
2020-05-06 00:00:00+08:00,284.17,285.62,282.24,285.62,34240479,0.0,0.0
2020-05-07 00:00:00+08:00,284.17,288.51,284.17,287.07,27621198,0.0,0.0
2020-05-08 00:00:00+08:00,289.48,289.48,285.62,287.07,32295893,0.0,0.0
2020-05-11 00:00:00+08:00,289.48,290.93,288.03,290.44,28727019,0.0,0.0
2020-05-12 00:00:00+08:00,287.07,288.03,284.65,284.65,52089788,0.0,0.0
2020-05-13 00:00:00+08:00,282.72,286.58,282.24,286.58,26156418,0.0,0.0
2020-05-14 00:00:00+08:00,282.72,284.65,282.24,282.72,34315948,0.0,0.0
2020-05-15 00:00:00+08:00,287.07,288.03,284.17,287.55,42494804,0.0,0.0
2020-05-18 00:00:00+08:00,280.79,283.21,279.83,279.83,84986065,0.0,0.0
2020-05-19 00:00:00+08:00,283.69,283.69,281.28,281.28,51250214,0.0,0.0
2020-05-20 00:00:00+08:00,282.72,283.69,280.79,283.69,32677994,0.0,0.0
2020-05-21 00:00:00+08:00,285.62,287.55,284.65,287.07,30997468,0.0,0.0
2020-05-22 00:00:00+08:00,284.17,284.65,280.79,281.76,40192923,0.0,0.0
2020-05-25 00:00:00+08:00,280.31,282.72,278.38,281.76,26803223,0.0,0.0
2020-05-26 00:00:00+08:00,284.65,287.07,283.21,285.14,33856481,0.0,0.0
2020-05-27 00:00:00+08:00,286.58,287.55,285.14,286.1,23375959,0.0,0.0
2020-05-28 00:00:00+08:00,288.03,288.03,282.72,283.69,28444568,0.0,0.0
2020-05-29 00:00:00+08:00,281.76,282.24,279.83,281.76,79774181,0.0,0.0
2020-06-01 00:00:00+08:00,283.69,286.1,283.21,285.14,35811214,0.0,0.0
2020-06-02 00:00:00+08:00,285.62,287.07,285.62,286.1,24771587,0.0,0.0
2020-06-03 00:00:00+08:00,289.48,290.44,287.55,290.44,65176337,0.0,0.0
2020-06-04 00:00:00+08:00,294.3,295.27,293.34,295.27,46572451,0.0,0.0
2020-06-05 00:00:00+08:00,297.68,301.06,297.2,300.58,42981262,0.0,0.0
2020-06-08 00:00:00+08:00,304.92,307.81,303.95,306.85,50302921,0.0,0.0
2020-06-09 00:00:00+08:00,305.4,307.81,302.99,307.81,36417082,0.0,0.0
2020-06-10 00:00:00+08:00,307.81,312.64,306.85,311.19,39984259,0.0,0.0
2020-06-11 00:00:00+08:00,314.09,315.53,307.33,309.26,50104255,0.0,0.0
2020-06-12 00:00:00+08:00,302.02,306.37,301.54,304.92,45992918,0.0,0.0
2020-06-15 00:00:00+08:00,304.92,306.37,297.68,298.65,51032404,0.0,0.0
2020-06-16 00:00:00+08:00,305.88,305.88,302.99,303.95,36608216,0.0,0.0
2020-06-17 00:00:00+08:00,305.4,305.88,302.51,303.95,34522968,0.0,0.0
2020-06-18 00:00:00+08:00,305.9,306.38,304.44,305.9,29044474,2.5,0.0
2020-06-19 00:00:00+08:00,305.41,305.9,303.47,305.9,48130280,0.0,0.0
2020-06-22 00:00:00+08:00,305.9,307.84,303.47,303.47,37374616,0.0,0.0
2020-06-23 00:00:00+08:00,307.36,307.84,303.95,306.38,41300084,0.0,0.0
2020-06-24 00:00:00+08:00,310.28,311.25,307.36,308.82,54147024,0.0,0.0
2020-06-29 00:00:00+08:00,305.41,306.38,301.52,303.47,56580892,0.0,0.0
2020-06-30 00:00:00+08:00,304.93,305.41,302.49,304.44,48991860,0.0,0.0
2020-07-01 00:00:00+08:00,306.38,309.3,305.41,308.82,29532342,0.0,0.0
2020-07-02 00:00:00+08:00,310.28,313.19,309.3,313.19,34526178,0.0,0.0
2020-07-03 00:00:00+08:00,318.06,321.46,317.57,320.49,53341987,0.0,0.0
2020-07-06 00:00:00+08:00,323.41,328.76,322.92,328.76,57256220,0.0,0.0
2020-07-07 00:00:00+08:00,334.11,336.54,328.76,329.24,59046323,0.0,0.0
2020-07-08 00:00:00+08:00,328.27,333.13,328.27,331.67,30720218,0.0,0.0
2020-07-09 00:00:00+08:00,336.54,337.51,333.62,335.56,35522376,0.0,0.0
2020-07-10 00:00:00+08:00,342.86,343.35,336.05,338.97,60902108,0.0,0.0
2020-07-13 00:00:00+08:00,341.4,344.8,340.91,344.8,48069523,0.0,0.0
2020-07-14 00:00:00+08:00,345.29,354.04,344.8,353.56,61764150,0.0,0.0
2020-07-15 00:00:00+08:00,355.99,359.88,351.13,353.07,73438362,0.0,0.0
2020-07-16 00:00:00+08:00,349.18,351.13,343.83,347.72,68220512,0.0,0.0
2020-07-17 00:00:00+08:00,351.13,358.91,350.15,356.96,65727485,0.0,0.0
2020-07-20 00:00:00+08:00,359.88,359.88,352.59,355.99,42769238,0.0,0.0
2020-07-21 00:00:00+08:00,362.31,376.42,361.34,372.53,64219128,0.0,0.0
2020-07-22 00:00:00+08:00,370.58,375.44,368.63,373.5,43759670,0.0,0.0
2020-07-23 00:00:00+08:00,371.55,372.53,368.63,371.07,45209282,0.0,0.0
2020-07-24 00:00:00+08:00,379.33,384.2,371.55,375.44,86682734,0.0,0.0
2020-07-27 00:00:00+08:00,409.0,412.89,405.11,412.89,99333798,0.0,0.0
2020-07-28 00:00:00+08:00,451.31,453.74,416.78,423.1,166307746,0.0,0.0
2020-07-29 00:00:00+08:00,416.29,419.7,408.03,410.46,85663166,0.0,0.0
2020-07-30 00:00:00+08:00,424.56,428.94,416.78,422.13,69293949,0.0,0.0
2020-07-31 00:00:00+08:00,414.35,420.19,413.86,413.86,49897674,0.0,0.0
2020-08-03 00:00:00+08:00,409.0,412.4,403.65,404.62,76429571,0.0,0.0
2020-08-04 00:00:00+08:00,409.97,413.86,407.05,413.86,41223445,0.0,0.0
2020-08-05 00:00:00+08:00,418.73,421.64,414.35,417.27,47223834,0.0,0.0
2020-08-06 00:00:00+08:00,425.53,426.02,419.21,423.1,41029627,0.0,0.0
2020-08-07 00:00:00+08:00,421.64,422.13,416.29,421.16,36589460,0.0,0.0
2020-08-10 00:00:00+08:00,415.81,425.53,415.81,423.59,36067500,0.0,0.0
2020-08-11 00:00:00+08:00,420.19,423.1,417.27,417.27,34545313,0.0,0.0
2020-08-12 00:00:00+08:00,410.46,411.92,407.54,407.54,52143474,0.0,0.0
2020-08-13 00:00:00+08:00,416.29,417.27,412.89,417.27,44352335,0.0,0.0
2020-08-14 00:00:00+08:00,412.4,416.29,411.43,415.32,23419955,0.0,0.0
2020-08-17 00:00:00+08:00,415.32,423.1,413.86,423.1,34137731,0.0,0.0
2020-08-18 00:00:00+08:00,427.97,428.45,420.19,421.16,41643160,0.0,0.0
2020-08-19 00:00:00+08:00,424.08,424.56,415.81,415.81,31486800,0.0,0.0
2020-08-20 00:00:00+08:00,415.32,415.81,390.03,403.65,75097235,0.0,0.0
2020-08-21 00:00:00+08:00,409.97,415.32,408.51,412.89,41609467,0.0,0.0
2020-08-24 00:00:00+08:00,415.81,422.62,413.38,416.29,48375406,0.0,0.0
2020-08-25 00:00:00+08:00,421.64,424.08,418.73,422.62,35977899,0.0,0.0
2020-08-26 00:00:00+08:00,423.59,429.91,423.1,429.91,39243340,0.0,0.0
2020-08-27 00:00:00+08:00,435.75,441.1,431.86,431.86,53072712,0.0,0.0
2020-08-28 00:00:00+08:00,427.97,428.45,419.21,423.1,56842210,0.0,0.0
2020-08-31 00:00:00+08:00,425.05,427.48,414.84,414.84,81480538,0.0,0.0
2020-09-01 00:00:00+08:00,418.24,423.1,416.29,423.1,37429577,0.0,0.0
2020-09-02 00:00:00+08:00,428.94,428.94,418.73,421.16,34871407,0.0,0.0
2020-09-03 00:00:00+08:00,427.48,427.48,421.64,424.08,34951617,0.0,0.0
2020-09-04 00:00:00+08:00,415.32,420.67,415.32,417.27,46119911,0.0,0.0
2020-09-07 00:00:00+08:00,416.29,420.67,413.38,414.35,32019312,0.0,0.0
2020-09-08 00:00:00+08:00,416.29,421.16,415.81,419.21,23714670,0.0,0.0
2020-09-09 00:00:00+08:00,413.38,416.29,411.43,415.32,40551362,0.0,0.0
2020-09-10 00:00:00+08:00,420.67,423.1,418.73,423.1,35098921,0.0,0.0
2020-09-11 00:00:00+08:00,423.59,424.56,420.67,424.56,34298469,0.0,0.0
2020-09-14 00:00:00+08:00,424.08,429.91,423.59,428.94,39085833,0.0,0.0
2020-09-15 00:00:00+08:00,428.45,434.77,427.48,432.83,39061449,0.0,0.0
2020-09-16 00:00:00+08:00,447.42,449.36,443.04,445.47,64261238,0.0,0.0
2020-09-17 00:00:00+08:00,443.03,444.98,436.67,438.63,42058506,2.5,0.0
2020-09-18 00:00:00+08:00,437.16,439.61,433.25,434.23,52454922,0.0,0.0
2020-09-21 00:00:00+08:00,433.74,440.1,430.32,430.32,39463920,0.0,0.0
2020-09-22 00:00:00+08:00,430.32,431.29,426.4,427.38,36130639,0.0,0.0
2020-09-23 00:00:00+08:00,426.4,428.85,422.49,423.96,45710963,0.0,0.0
2020-09-24 00:00:00+08:00,416.13,419.56,413.69,413.69,79806381,0.0,0.0
2020-09-25 00:00:00+08:00,417.6,418.58,411.73,414.67,38775269,0.0,0.0
2020-09-28 00:00:00+08:00,417.6,422.0,415.16,422.0,34156973,0.0,0.0
2020-09-29 00:00:00+08:00,422.98,425.43,418.58,421.51,32230502,0.0,0.0
2020-09-30 00:00:00+08:00,421.02,425.43,421.02,423.47,27334204,0.0,0.0
2020-10-05 00:00:00+08:00,428.36,428.36,422.0,422.98,32945832,0.0,0.0
2020-10-06 00:00:00+08:00,431.78,432.27,427.87,429.83,35775395,0.0,0.0
2020-10-07 00:00:00+08:00,425.43,435.21,425.43,433.25,42926239,0.0,0.0
2020-10-08 00:00:00+08:00,440.1,444.01,438.63,443.03,60853811,0.0,0.0
2020-10-12 00:00:00+08:00,447.92,451.83,447.43,449.87,64719223,0.0,0.0
2020-10-13 00:00:00+08:00,454.76,454.76,446.45,451.83,45750738,0.0,0.0
2020-10-14 00:00:00+08:00,450.36,450.85,446.94,448.9,40809241,0.0,0.0
2020-10-15 00:00:00+08:00,445.96,446.45,440.1,443.03,47775028,0.0,0.0
2020-10-16 00:00:00+08:00,441.07,445.96,438.63,439.12,46876801,0.0,0.0
2020-10-19 00:00:00+08:00,443.03,447.43,441.07,447.43,34470906,0.0,0.0
2020-10-20 00:00:00+08:00,445.47,446.94,441.07,441.07,25205638,0.0,0.0
2020-10-21 00:00:00+08:00,443.52,445.96,441.07,443.03,28058921,0.0,0.0
2020-10-22 00:00:00+08:00,440.1,444.98,439.61,444.98,23438547,0.0,0.0
2020-10-23 00:00:00+08:00,447.92,447.92,441.56,442.05,18777385,0.0,0.0
2020-10-26 00:00:00+08:00,444.98,444.98,440.1,440.1,15059581,0.0,0.0
2020-10-27 00:00:00+08:00,437.65,438.63,435.69,437.16,20117660,0.0,0.0
2020-10-28 00:00:00+08:00,435.21,437.16,433.25,434.23,24710230,0.0,0.0
2020-10-29 00:00:00+08:00,426.89,429.83,425.91,427.38,41285612,0.0,0.0
2020-10-30 00:00:00+08:00,427.38,427.38,422.49,422.49,47668895,0.0,0.0
2020-11-02 00:00:00+08:00,423.47,425.91,418.58,425.91,33477443,0.0,0.0
2020-11-03 00:00:00+08:00,429.83,433.25,428.36,431.29,30328495,0.0,0.0
2020-11-04 00:00:00+08:00,434.72,441.56,433.25,440.1,37512790,0.0,0.0
2020-11-05 00:00:00+08:00,441.56,441.56,435.69,441.07,34886108,0.0,0.0
2020-11-06 00:00:00+08:00,444.98,445.47,440.1,442.54,30154140,0.0,0.0
2020-11-09 00:00:00+08:00,447.92,449.87,444.01,448.41,39245881,0.0,0.0
2020-11-10 00:00:00+08:00,442.05,444.5,438.63,441.07,34820499,0.0,0.0
2020-11-11 00:00:00+08:00,438.63,446.94,438.63,446.94,36765561,0.0,0.0
2020-11-12 00:00:00+08:00,452.81,453.3,447.43,447.92,40100880,0.0,0.0
2020-11-13 00:00:00+08:00,448.9,451.83,446.45,451.83,31037438,0.0,0.0
2020-11-16 00:00:00+08:00,459.65,473.84,458.68,473.35,81994937,0.0,0.0
2020-11-17 00:00:00+08:00,490.95,494.86,474.81,474.81,72413868,0.0,0.0
2020-11-18 00:00:00+08:00,479.21,486.06,475.79,486.06,50387727,0.0,0.0
2020-11-19 00:00:00+08:00,488.02,488.02,479.21,479.21,44220053,0.0,0.0
2020-11-20 00:00:00+08:00,475.3,479.21,475.3,477.26,32281453,0.0,0.0
2020-11-23 00:00:00+08:00,483.62,487.53,481.17,485.57,38084006,0.0,0.0
2020-11-24 00:00:00+08:00,488.51,488.99,480.68,481.17,35479226,0.0,0.0
2020-11-25 00:00:00+08:00,484.1,484.59,476.28,476.28,41419632,0.0,0.0
2020-11-26 00:00:00+08:00,478.24,482.64,477.26,478.24,28893033,0.0,0.0
2020-11-27 00:00:00+08:00,476.77,481.17,475.79,478.24,32960189,0.0,0.0
2020-11-30 00:00:00+08:00,482.15,482.64,469.92,469.92,119895176,0.0,0.0
2020-12-01 00:00:00+08:00,478.73,479.21,472.86,479.21,37018651,0.0,0.0
2020-12-02 00:00:00+08:00,488.51,488.99,482.64,488.02,50621339,0.0,0.0
2020-12-03 00:00:00+08:00,488.51,488.51,484.1,486.06,35651379,0.0,0.0
2020-12-04 00:00:00+08:00,487.53,493.88,486.55,491.93,51172005,0.0,0.0
2020-12-07 00:00:00+08:00,500.73,503.66,494.86,502.69,44271244,0.0,0.0
2020-12-08 00:00:00+08:00,502.69,513.44,497.8,512.47,40771761,0.0,0.0
2020-12-09 00:00:00+08:00,509.53,512.47,508.55,508.55,43314115,0.0,0.0
2020-12-10 00:00:00+08:00,499.75,503.66,498.77,500.73,42556926,0.0,0.0
2020-12-11 00:00:00+08:00,505.62,505.62,493.88,504.64,45660960,0.0,0.0
2020-12-14 00:00:00+08:00,500.73,501.71,496.82,496.82,30260485,0.0,0.0
2020-12-15 00:00:00+08:00,495.84,498.77,492.91,492.91,39852366,0.0,0.0
2020-12-16 00:00:00+08:00,497.8,503.66,495.84,500.73,52012348,0.0,0.0
2020-12-17 00:00:00+08:00,506.14,506.14,499.26,499.26,38215179,2.5,0.0
2020-12-18 00:00:00+08:00,499.26,503.19,498.27,501.22,39924864,0.0,0.0
2020-12-21 00:00:00+08:00,503.19,508.1,499.26,507.12,34813281,0.0,0.0
2020-12-22 00:00:00+08:00,503.19,507.12,500.24,500.24,22454277,0.0,0.0
2020-12-23 00:00:00+08:00,499.26,502.2,497.29,500.24,18086715,0.0,0.0
2020-12-24 00:00:00+08:00,502.2,503.19,499.26,501.22,14950143,0.0,0.0
2020-12-25 00:00:00+08:00,505.15,506.14,501.22,502.2,12327895,0.0,0.0
2020-12-28 00:00:00+08:00,503.19,506.14,500.24,506.14,19087382,0.0,0.0
2020-12-29 00:00:00+08:00,506.14,508.1,504.17,506.14,19907528,0.0,0.0
2020-12-30 00:00:00+08:00,507.12,515.96,505.15,515.96,46292401,0.0,0.0
2020-12-31 00:00:00+08:00,516.95,520.88,514.98,520.88,29970398,0.0,0.0
2021-01-04 00:00:00+08:00,520.88,530.71,518.91,526.77,38770328,0.0,0.0
2021-01-05 00:00:00+08:00,526.77,532.67,525.79,532.67,34411866,0.0,0.0
2021-01-06 00:00:00+08:00,545.45,545.45,531.69,539.55,53030554,0.0,0.0
2021-01-07 00:00:00+08:00,544.46,560.19,543.48,555.28,51166782,0.0,0.0
2021-01-08 00:00:00+08:00,570.02,570.02,561.17,570.02,59563555,0.0,0.0
2021-01-11 00:00:00+08:00,567.07,573.95,564.12,573.95,48810990,0.0,0.0
2021-01-12 00:00:00+08:00,572.97,586.72,571.98,580.83,50232426,0.0,0.0
2021-01-13 00:00:00+08:00,584.76,594.59,582.79,594.59,62662393,0.0,0.0
2021-01-14 00:00:00+08:00,576.9,586.72,576.9,581.81,75288477,0.0,0.0
2021-01-15 00:00:00+08:00,610.31,614.24,590.66,590.66,92010500,0.0,0.0
2021-01-18 00:00:00+08:00,597.53,597.53,583.78,596.55,45726476,0.0,0.0
2021-01-19 00:00:00+08:00,607.36,621.12,602.45,616.21,50672866,0.0,0.0
2021-01-20 00:00:00+08:00,622.1,638.81,620.14,635.86,82066422,0.0,0.0
2021-01-21 00:00:00+08:00,628.98,667.31,628.98,661.42,89019137,0.0,0.0
2021-01-22 00:00:00+08:00,637.83,653.55,637.83,637.83,125179403,0.0,0.0
2021-01-25 00:00:00+08:00,630.95,634.88,615.23,622.1,93050133,0.0,0.0
2021-01-26 00:00:00+08:00,621.12,628.98,599.5,606.38,100153482,0.0,0.0
2021-01-27 00:00:00+08:00,607.36,614.24,600.48,604.41,59985191,0.0,0.0
2021-01-28 00:00:00+08:00,589.67,597.53,587.71,590.66,96447533,0.0,0.0
2021-01-29 00:00:00+08:00,608.35,608.35,580.83,580.83,90745237,0.0,0.0
2021-02-01 00:00:00+08:00,584.76,601.47,576.9,600.48,67462398,0.0,0.0
2021-02-02 00:00:00+08:00,618.17,627.02,611.29,621.12,78429188,0.0,0.0
2021-02-03 00:00:00+08:00,627.02,630.95,619.16,619.16,48738970,0.0,0.0
2021-02-04 00:00:00+08:00,615.23,621.12,609.33,616.21,46371900,0.0,0.0
2021-02-05 00:00:00+08:00,627.02,629.97,620.14,621.12,53267273,0.0,0.0
2021-02-17 00:00:00+08:00,651.59,656.5,648.64,651.59,107614290,0.0,0.0
2021-02-18 00:00:00+08:00,652.57,653.55,644.71,648.64,53109010,0.0,0.0
2021-02-19 00:00:00+08:00,644.71,645.69,635.86,640.78,50279585,0.0,0.0
2021-02-22 00:00:00+08:00,648.64,650.61,638.81,638.81,36474610,0.0,0.0
2021-02-23 00:00:00+08:00,629.97,631.93,622.1,629.97,50076333,0.0,0.0
2021-02-24 00:00:00+08:00,616.21,625.05,614.24,614.24,66206750,0.0,0.0
2021-02-25 00:00:00+08:00,625.05,625.05,617.19,624.07,43231417,0.0,0.0
2021-02-26 00:00:00+08:00,600.48,607.36,595.57,595.57,111861175,0.0,0.0
2021-03-02 00:00:00+08:00,610.31,611.29,598.52,598.52,54041533,0.0,0.0
2021-03-03 00:00:00+08:00,598.52,611.29,590.66,611.29,48252965,0.0,0.0
2021-03-04 00:00:00+08:00,598.52,600.48,590.66,590.66,67711962,0.0,0.0
2021-03-05 00:00:00+08:00,577.88,594.59,573.95,590.66,79918467,0.0,0.0
2021-03-08 00:00:00+08:00,597.53,599.5,587.71,587.71,43219772,0.0,0.0
2021-03-09 00:00:00+08:00,574.93,584.76,574.93,584.76,68768861,0.0,0.0
2021-03-10 00:00:00+08:00,590.66,590.66,582.79,586.72,40146301,0.0,0.0
2021-03-11 00:00:00+08:00,585.74,601.47,584.76,598.52,54416046,0.0,0.0
2021-03-12 00:00:00+08:00,604.41,607.36,598.52,603.43,33168846,0.0,0.0
2021-03-15 00:00:00+08:00,603.43,603.43,598.52,600.48,27416758,0.0,0.0
2021-03-16 00:00:00+08:00,599.5,602.45,596.55,602.45,36949425,0.0,0.0
2021-03-17 00:00:00+08:00,603.93,603.93,594.06,596.03,39517807,2.5,0.0
2021-03-18 00:00:00+08:00,598.01,600.97,594.06,594.06,29415526,0.0,0.0
2021-03-19 00:00:00+08:00,586.17,590.11,583.21,583.21,70866028,0.0,0.0
2021-03-22 00:00:00+08:00,580.25,590.11,578.27,585.18,34089033,0.0,0.0
2021-03-23 00:00:00+08:00,589.13,595.05,585.18,586.17,29374037,0.0,0.0
2021-03-24 00:00:00+08:00,563.47,574.32,563.47,568.4,107253959,0.0,0.0
2021-03-25 00:00:00+08:00,564.46,573.34,562.48,567.42,67833354,0.0,0.0
2021-03-26 00:00:00+08:00,574.32,584.19,572.35,582.22,36829858,0.0,0.0
2021-03-29 00:00:00+08:00,591.1,594.06,588.14,591.1,37884733,0.0,0.0
2021-03-30 00:00:00+08:00,592.09,592.09,584.19,589.13,33099123,0.0,0.0
2021-03-31 00:00:00+08:00,588.14,589.13,579.26,579.26,38790886,0.0,0.0
2021-04-01 00:00:00+08:00,590.11,594.06,586.17,594.06,43091157,0.0,0.0
2021-04-07 00:00:00+08:00,605.9,605.9,599.98,601.96,24603109,0.0,0.0
2021-04-08 00:00:00+08:00,598.01,604.92,595.05,604.92,23976625,0.0,0.0
2021-04-09 00:00:00+08:00,609.85,609.85,600.97,601.96,27303862,0.0,0.0
2021-04-12 00:00:00+08:00,603.93,604.92,595.05,597.02,22606128,0.0,0.0
2021-04-13 00:00:00+08:00,596.03,604.92,596.03,597.02,25971622,0.0,0.0
2021-04-14 00:00:00+08:00,599.98,603.93,592.09,603.93,30077913,0.0,0.0
2021-04-15 00:00:00+08:00,603.93,610.84,599.0,610.84,33530942,0.0,0.0
2021-04-16 00:00:00+08:00,601.96,602.94,595.05,601.96,48507383,0.0,0.0
2021-04-19 00:00:00+08:00,597.02,599.0,593.07,595.05,24231637,0.0,0.0
2021-04-20 00:00:00+08:00,590.11,594.06,587.15,594.06,34771635,0.0,0.0
2021-04-21 00:00:00+08:00,591.1,591.1,584.19,584.19,38458220,0.0,0.0
2021-04-22 00:00:00+08:00,588.14,590.11,583.21,583.21,33868521,0.0,0.0
2021-04-23 00:00:00+08:00,584.19,594.06,582.22,594.06,27754511,0.0,0.0
2021-04-26 00:00:00+08:00,597.02,601.96,595.05,601.96,30887664,0.0,0.0
2021-04-27 00:00:00+08:00,599.98,602.94,597.02,601.96,26317481,0.0,0.0
2021-04-28 00:00:00+08:00,598.01,599.98,593.07,594.06,24024054,0.0,0.0
2021-04-29 00:00:00+08:00,600.97,600.97,592.09,592.09,31828333,0.0,0.0
2021-05-03 00:00:00+08:00,587.15,589.13,580.25,580.25,41762441,0.0,0.0
2021-05-04 00:00:00+08:00,580.25,586.17,574.32,583.21,40273595,0.0,0.0
2021-05-05 00:00:00+08:00,586.17,586.17,577.29,577.29,29254785,0.0,0.0
2021-05-06 00:00:00+08:00,582.22,582.22,572.35,579.26,30725590,0.0,0.0
2021-05-07 00:00:00+08:00,586.17,592.09,581.23,591.1,28075722,0.0,0.0
2021-05-10 00:00:00+08:00,588.14,589.13,580.25,581.23,20434079,0.0,0.0
2021-05-11 00:00:00+08:00,571.36,572.35,562.48,563.47,59349193,0.0,0.0
2021-05-12 00:00:00+08:00,559.52,563.47,511.17,552.61,131741482,0.0,0.0
2021-05-13 00:00:00+08:00,539.79,555.58,533.87,539.79,66765627,0.0,0.0
2021-05-14 00:00:00+08:00,548.67,554.59,544.72,549.65,37533726,0.0,0.0
2021-05-17 00:00:00+08:00,536.83,550.64,533.87,541.76,56270958,0.0,0.0
2021-05-18 00:00:00+08:00,555.58,565.44,547.68,564.46,43689316,0.0,0.0
2021-05-19 00:00:00+08:00,563.47,564.46,557.55,559.52,28908777,0.0,0.0
2021-05-20 00:00:00+08:00,559.52,563.47,552.61,559.52,29709287,0.0,0.0
2021-05-21 00:00:00+08:00,564.46,569.39,560.51,565.44,27376731,0.0,0.0
2021-05-24 00:00:00+08:00,562.48,564.46,558.54,560.51,15629736,0.0,0.0
2021-05-25 00:00:00+08:00,568.4,576.3,565.44,575.31,33039911,0.0,0.0
2021-05-26 00:00:00+08:00,579.26,580.25,573.34,577.29,18703987,0.0,0.0
2021-05-27 00:00:00+08:00,572.35,574.32,565.44,574.32,62169719,0.0,0.0
2021-05-28 00:00:00+08:00,579.26,584.19,574.32,582.22,29086873,0.0,0.0
2021-05-31 00:00:00+08:00,587.15,589.13,582.22,589.13,30657474,0.0,0.0
2021-06-01 00:00:00+08:00,590.11,591.1,587.15,590.11,17818326,0.0,0.0
2021-06-02 00:00:00+08:00,592.09,592.09,585.18,587.15,21872755,0.0,0.0
2021-06-03 00:00:00+08:00,592.09,592.09,588.14,588.14,21077164,0.0,0.0
2021-06-04 00:00:00+08:00,583.21,587.15,582.22,587.15,15756180,0.0,0.0
2021-06-07 00:00:00+08:00,586.17,587.15,575.31,584.19,17077625,0.0,0.0
2021-06-08 00:00:00+08:00,582.22,587.15,580.25,581.23,13396324,0.0,0.0
2021-06-09 00:00:00+08:00,578.27,580.25,575.31,578.27,20023490,0.0,0.0
2021-06-10 00:00:00+08:00,583.21,591.1,579.26,591.1,28527745,0.0,0.0
2021-06-11 00:00:00+08:00,594.06,595.05,592.09,594.06,24227710,0.0,0.0
2021-06-15 00:00:00+08:00,599.0,600.97,598.01,600.97,26012250,0.0,0.0
2021-06-16 00:00:00+08:00,599.98,599.98,597.02,597.02,25856919,0.0,0.0
2021-06-17 00:00:00+08:00,595.54,600.49,592.56,600.49,22872361,2.5,0.0
2021-06-18 00:00:00+08:00,602.47,602.47,595.54,597.52,32652017,0.0,0.0
2021-06-21 00:00:00+08:00,584.64,588.6,577.7,577.7,44279632,0.0,0.0
2021-06-22 00:00:00+08:00,579.68,582.65,572.74,572.74,27823974,0.0,0.0
2021-06-23 00:00:00+08:00,577.7,592.56,575.72,589.59,34392376,0.0,0.0
2021-06-24 00:00:00+08:00,592.56,592.56,582.65,584.64,16524230,0.0,0.0
2021-06-25 00:00:00+08:00,592.56,592.56,583.64,585.63,18841696,0.0,0.0
2021-06-28 00:00:00+08:00,584.64,584.64,580.67,584.64,15028407,0.0,0.0
2021-06-29 00:00:00+08:00,592.56,592.56,585.63,589.59,28659610,0.0,0.0
2021-06-30 00:00:00+08:00,593.55,593.55,589.59,589.59,24883853,0.0,0.0
2021-07-01 00:00:00+08:00,590.58,591.57,585.63,587.61,18250994,0.0,0.0
2021-07-02 00:00:00+08:00,584.64,587.61,581.66,582.65,18322419,0.0,0.0
2021-07-05 00:00:00+08:00,582.65,591.57,582.65,585.63,28836816,0.0,0.0
2021-07-06 00:00:00+08:00,589.59,590.58,583.64,586.62,12997112,0.0,0.0
2021-07-07 00:00:00+08:00,584.64,588.6,582.65,588.6,16966158,0.0,0.0
2021-07-08 00:00:00+08:00,589.59,589.59,582.65,582.65,21140426,0.0,0.0
2021-07-09 00:00:00+08:00,576.71,579.68,574.73,578.69,29029415,0.0,0.0
2021-07-12 00:00:00+08:00,589.59,591.57,584.64,587.61,31304547,0.0,0.0
2021-07-13 00:00:00+08:00,594.54,602.47,593.55,601.48,52540315,0.0,0.0
2021-07-14 00:00:00+08:00,607.43,609.41,602.47,607.43,38418875,0.0,0.0
2021-07-15 00:00:00+08:00,607.43,608.42,602.47,608.42,22012834,0.0,0.0
2021-07-16 00:00:00+08:00,585.63,589.59,582.65,583.64,57970545,0.0,0.0
2021-07-19 00:00:00+08:00,577.7,578.69,572.74,576.71,40644341,0.0,0.0
2021-07-20 00:00:00+08:00,573.74,578.69,573.74,575.72,15354333,0.0,0.0
2021-07-21 00:00:00+08:00,580.67,580.67,574.73,579.68,25828732,0.0,0.0
2021-07-22 00:00:00+08:00,583.64,588.6,581.66,585.63,26058172,0.0,0.0
2021-07-23 00:00:00+08:00,586.62,586.62,577.7,579.68,15271451,0.0,0.0
2021-07-26 00:00:00+08:00,585.63,585.63,574.73,574.73,21619179,0.0,0.0
2021-07-27 00:00:00+08:00,575.72,578.69,574.73,574.73,17785992,0.0,0.0
2021-07-28 00:00:00+08:00,570.76,573.74,567.79,573.74,36158305,0.0,0.0
2021-07-29 00:00:00+08:00,579.68,579.68,571.75,577.7,23224896,0.0,0.0
2021-07-30 00:00:00+08:00,575.72,576.71,572.74,574.73,18999281,0.0,0.0
2021-08-02 00:00:00+08:00,577.7,584.64,574.73,584.64,23482491,0.0,0.0
2021-08-03 00:00:00+08:00,588.6,588.6,584.64,588.6,22747702,0.0,0.0
2021-08-04 00:00:00+08:00,592.56,592.56,588.6,590.58,20313271,0.0,0.0
2021-08-05 00:00:00+08:00,592.56,592.56,587.61,590.58,15116242,0.0,0.0
2021-08-06 00:00:00+08:00,590.58,590.58,582.65,585.63,13687213,0.0,0.0
2021-08-09 00:00:00+08:00,584.64,589.59,577.7,589.59,17390951,0.0,0.0
2021-08-10 00:00:00+08:00,590.58,590.58,583.64,585.63,17190865,0.0,0.0
2021-08-11 00:00:00+08:00,584.64,584.64,579.68,584.64,19969687,0.0,0.0
2021-08-12 00:00:00+08:00,580.67,582.65,578.69,580.67,15444622,0.0,0.0
2021-08-13 00:00:00+08:00,579.68,579.68,573.74,575.72,22524428,0.0,0.0
2021-08-16 00:00:00+08:00,576.71,580.67,572.74,578.69,19315705,0.0,0.0
2021-08-17 00:00:00+08:00,578.69,578.69,578.69,578.69,0,0.0,0.0
2021-08-18 00:00:00+08:00,562.84,569.77,560.85,568.78,43716164,0.0,0.0
2021-08-19 00:00:00+08:00,567.79,567.79,553.92,553.92,38868947,0.0,0.0
2021-08-20 00:00:00+08:00,554.91,557.88,545.99,546.98,45614061,0.0,0.0
2021-08-23 00:00:00+08:00,554.91,566.8,553.92,560.85,33685159,0.0,0.0
2021-08-24 00:00:00+08:00,568.78,569.77,565.81,566.8,24844800,0.0,0.0
2021-08-25 00:00:00+08:00,573.74,579.68,568.78,579.68,27504657,0.0,0.0
2021-08-26 00:00:00+08:00,595.54,597.52,585.63,588.6,43822008,0.0,0.0
2021-08-27 00:00:00+08:00,590.58,594.54,587.61,593.55,27105651,0.0,0.0
2021-08-30 00:00:00+08:00,596.53,599.5,593.55,599.5,36575609,0.0,0.0
2021-08-31 00:00:00+08:00,598.51,608.42,592.56,608.42,52721470,0.0,0.0
2021-09-01 00:00:00+08:00,608.42,608.42,602.47,607.43,30092045,0.0,0.0
2021-09-02 00:00:00+08:00,607.43,609.41,601.48,601.48,24112463,0.0,0.0
2021-09-03 00:00:00+08:00,604.45,614.36,604.45,614.36,51562454,0.0,0.0
2021-09-06 00:00:00+08:00,617.34,632.2,615.35,625.26,55589014,0.0,0.0
2021-09-07 00:00:00+08:00,628.23,628.23,617.34,617.34,26526056,0.0,0.0
2021-09-08 00:00:00+08:00,616.34,621.3,606.44,613.37,37817737,0.0,0.0
2021-09-09 00:00:00+08:00,606.44,614.36,604.45,613.37,18735512,0.0,0.0
2021-09-10 00:00:00+08:00,609.41,617.33,608.42,616.34,16304725,0.0,0.0
2021-09-13 00:00:00+08:00,613.37,614.36,607.43,609.41,15198774,0.0,0.0
2021-09-14 00:00:00+08:00,612.38,612.38,606.44,607.43,14441901,0.0,0.0
2021-09-15 00:00:00+08:00,604.45,607.43,601.48,601.48,23433501,0.0,0.0
2021-09-16 00:00:00+08:00,600.24,604.22,596.25,597.25,22467022,2.75,0.0
2021-09-17 00:00:00+08:00,597.25,607.2,596.25,597.25,40717715,0.0,0.0
2021-09-22 00:00:00+08:00,583.31,586.3,580.33,583.31,40642293,0.0,0.0
2021-09-23 00:00:00+08:00,585.3,590.28,585.3,585.3,21696296,0.0,0.0
2021-09-24 00:00:00+08:00,588.29,595.26,587.3,595.26,16736973,0.0,0.0
2021-09-27 00:00:00+08:00,597.25,599.24,590.28,599.24,19464241,0.0,0.0
2021-09-28 00:00:00+08:00,592.27,593.27,589.29,591.28,16707080,0.0,0.0
2021-09-29 00:00:00+08:00,577.34,580.33,574.36,577.34,49310524,0.0,0.0
2021-09-30 00:00:00+08:00,577.34,582.32,572.36,577.34,30465107,0.0,0.0
2021-10-01 00:00:00+08:00,576.35,576.35,568.38,571.37,36704493,0.0,0.0
2021-10-04 00:00:00+08:00,571.37,572.36,566.39,569.38,20957803,0.0,0.0
2021-10-05 00:00:00+08:00,559.42,569.38,557.43,569.38,33824024,0.0,0.0
2021-10-06 00:00:00+08:00,570.37,571.37,562.41,568.38,32508846,0.0,0.0
2021-10-07 00:00:00+08:00,572.36,579.33,569.38,577.34,27933054,0.0,0.0
2021-10-08 00:00:00+08:00,579.33,580.33,570.37,572.36,18279079,0.0,0.0
2021-10-12 00:00:00+08:00,567.39,572.36,561.41,572.36,26522907,0.0,0.0
2021-10-13 00:00:00+08:00,569.38,572.36,567.39,568.38,18914374,0.0,0.0
2021-10-14 00:00:00+08:00,576.35,576.35,570.37,570.37,13916927,0.0,0.0
2021-10-15 00:00:00+08:00,589.29,597.25,583.31,597.25,53150216,0.0,0.0
2021-10-18 00:00:00+08:00,601.23,601.23,587.3,587.3,19158568,0.0,0.0
2021-10-19 00:00:00+08:00,595.26,597.25,590.28,597.25,17386359,0.0,0.0
2021-10-20 00:00:00+08:00,600.24,601.23,594.26,595.26,16372520,0.0,0.0
2021-10-21 00:00:00+08:00,599.24,600.24,592.27,593.27,16169014,0.0,0.0
2021-10-22 00:00:00+08:00,597.25,599.24,591.28,597.25,13995403,0.0,0.0
2021-10-25 00:00:00+08:00,594.26,594.26,587.3,590.28,16785568,0.0,0.0
2021-10-26 00:00:00+08:00,592.27,597.25,590.28,596.25,19998808,0.0,0.0
2021-10-27 00:00:00+08:00,595.26,596.25,591.28,596.25,14961858,0.0,0.0
2021-10-28 00:00:00+08:00,595.26,595.26,588.29,592.27,16570044,0.0,0.0
2021-10-29 00:00:00+08:00,592.27,593.27,586.3,587.3,25763960,0.0,0.0
2021-11-01 00:00:00+08:00,588.29,590.28,587.3,587.3,16089351,0.0,0.0
2021-11-02 00:00:00+08:00,591.28,594.26,587.3,589.29,15192404,0.0,0.0
2021-11-03 00:00:00+08:00,594.26,594.26,589.29,589.29,10224009,0.0,0.0
2021-11-04 00:00:00+08:00,589.29,591.28,582.32,584.31,17932145,0.0,0.0
2021-11-05 00:00:00+08:00,595.26,597.25,592.27,597.25,33270827,0.0,0.0
2021-11-08 00:00:00+08:00,597.25,599.24,595.26,599.24,19752355,0.0,0.0
2021-11-09 00:00:00+08:00,608.2,614.17,607.2,608.2,39538660,0.0,0.0
2021-11-10 00:00:00+08:00,608.2,609.2,605.21,609.2,16027674,0.0,0.0
2021-11-11 00:00:00+08:00,597.25,603.22,597.25,603.22,18463848,0.0,0.0
2021-11-12 00:00:00+08:00,607.2,608.2,599.24,601.23,15821327,0.0,0.0
2021-11-15 00:00:00+08:00,606.21,608.2,604.22,605.21,15551452,0.0,0.0
2021-11-16 00:00:00+08:00,609.19,609.19,605.21,607.2,20917108,0.0,0.0
2021-11-17 00:00:00+08:00,612.18,612.18,605.21,607.2,19717852,0.0,0.0
2021-11-18 00:00:00+08:00,610.19,611.19,604.22,610.19,20030651,0.0,0.0
2021-11-19 00:00:00+08:00,619.15,620.14,614.17,615.17,35554348,0.0,0.0
2021-11-22 00:00:00+08:00,615.17,615.17,612.18,612.18,20312168,0.0,0.0
2021-11-23 00:00:00+08:00,612.18,612.18,608.2,609.2,19431694,0.0,0.0
2021-11-24 00:00:00+08:00,609.19,609.19,599.24,600.24,20391940,0.0,0.0
2021-11-25 00:00:00+08:00,602.23,604.22,598.25,600.24,11888265,0.0,0.0
2021-11-26 00:00:00+08:00,595.26,598.25,589.29,593.27,26588102,0.0,0.0
2021-11-29 00:00:00+08:00,591.28,595.26,588.29,590.28,23379558,0.0,0.0
2021-11-30 00:00:00+08:00,594.26,597.25,588.29,593.27,62021697,0.0,0.0
2021-12-01 00:00:00+08:00,593.27,600.24,591.28,597.25,21403404,0.0,0.0
2021-12-02 00:00:00+08:00,602.23,612.18,599.24,612.18,45125742,0.0,0.0
2021-12-03 00:00:00+08:00,611.19,611.19,603.22,605.21,23045832,0.0,0.0
2021-12-06 00:00:00+08:00,600.24,606.21,597.25,597.25,23589363,0.0,0.0
2021-12-07 00:00:00+08:00,599.24,604.22,594.26,604.22,18606530,0.0,0.0
2021-12-08 00:00:00+08:00,611.19,611.19,599.24,599.24,20801543,0.0,0.0
2021-12-09 00:00:00+08:00,603.22,605.21,599.24,605.21,11039070,0.0,0.0
2021-12-10 00:00:00+08:00,602.23,605.21,599.24,602.23,10497451,0.0,0.0
2021-12-13 00:00:00+08:00,606.21,607.2,598.25,598.25,17711657,0.0,0.0
2021-12-14 00:00:00+08:00,595.26,597.25,594.26,596.25,22579034,0.0,0.0
2021-12-15 00:00:00+08:00,594.26,598.25,593.27,597.25,21827730,0.0,0.0
2021-12-16 00:00:00+08:00,605.0,605.0,601.0,605.0,21809022,2.75,0.0
2021-12-17 00:00:00+08:00,601.0,607.0,599.0,607.0,24105733,0.0,0.0
2021-12-20 00:00:00+08:00,607.0,607.0,598.0,598.0,21381070,0.0,0.0
2021-12-21 00:00:00+08:00,597.0,600.0,595.0,597.0,17001461,0.0,0.0
2021-12-22 00:00:00+08:00,598.0,601.0,598.0,600.0,9831802,0.0,0.0
2021-12-23 00:00:00+08:00,607.0,608.0,602.0,606.0,16654439,0.0,0.0
2021-12-24 00:00:00+08:00,606.0,609.0,604.0,604.0,11059689,0.0,0.0
2021-12-27 00:00:00+08:00,604.0,610.0,604.0,606.0,16259872,0.0,0.0
2021-12-28 00:00:00+08:00,610.0,615.0,610.0,615.0,33892718,0.0,0.0
2021-12-29 00:00:00+08:00,615.0,619.0,614.0,616.0,24518766,0.0,0.0
2021-12-30 00:00:00+08:00,619.0,620.0,615.0,615.0,19681276,0.0,0.0
2022-01-03 00:00:00+08:00,619.0,632.0,618.0,631.0,69089158,0.0,0.0
2022-01-04 00:00:00+08:00,645.0,656.0,644.0,656.0,79434666,0.0,0.0
2022-01-05 00:00:00+08:00,669.0,669.0,646.0,650.0,69593809,0.0,0.0
2022-01-06 00:00:00+08:00,638.0,646.0,636.0,644.0,53210211,0.0,0.0
2022-01-07 00:00:00+08:00,643.0,646.0,632.0,634.0,38249908,0.0,0.0
2022-01-10 00:00:00+08:00,628.0,645.0,627.0,643.0,38289770,0.0,0.0
2022-01-11 00:00:00+08:00,646.0,651.0,639.0,651.0,33196585,0.0,0.0
2022-01-12 00:00:00+08:00,657.0,660.0,650.0,660.0,38860063,0.0,0.0
2022-01-13 00:00:00+08:00,658.0,662.0,655.0,661.0,38137411,0.0,0.0
2022-01-14 00:00:00+08:00,673.0,673.0,661.0,672.0,95200777,0.0,0.0
2022-01-17 00:00:00+08:00,685.0,688.0,678.0,683.0,59614236,0.0,0.0
2022-01-18 00:00:00+08:00,678.0,681.0,662.0,662.0,43593330,0.0,0.0
2022-01-19 00:00:00+08:00,652.0,660.0,651.0,654.0,40381333,0.0,0.0
2022-01-20 00:00:00+08:00,650.0,657.0,646.0,651.0,46474584,0.0,0.0
2022-01-21 00:00:00+08:00,644.0,646.0,637.0,641.0,49577684,0.0,0.0
2022-01-24 00:00:00+08:00,639.0,655.0,637.0,653.0,47134502,0.0,0.0
2022-01-25 00:00:00+08:00,643.0,645.0,638.0,641.0,52318736,0.0,0.0
2022-01-26 00:00:00+08:00,635.0,641.0,635.0,636.0,29957189,0.0,0.0
2022-02-07 00:00:00+08:00,644.0,644.0,631.0,635.0,56836469,0.0,0.0
2022-02-08 00:00:00+08:00,645.0,645.0,628.0,628.0,39718217,0.0,0.0
2022-02-09 00:00:00+08:00,635.0,637.0,630.0,633.0,30048791,0.0,0.0
2022-02-10 00:00:00+08:00,639.0,649.0,637.0,649.0,34587133,0.0,0.0
2022-02-11 00:00:00+08:00,646.0,650.0,642.0,650.0,26723278,0.0,0.0
2022-02-14 00:00:00+08:00,640.0,641.0,635.0,637.0,27826382,0.0,0.0
2022-02-15 00:00:00+08:00,633.0,639.0,633.0,633.0,21970460,0.0,0.0
2022-02-16 00:00:00+08:00,645.0,646.0,640.0,646.0,25191741,0.0,0.0
2022-02-17 00:00:00+08:00,644.0,646.0,641.0,645.0,18135080,0.0,0.0
2022-02-18 00:00:00+08:00,638.0,639.0,636.0,637.0,20804191,0.0,0.0
2022-02-21 00:00:00+08:00,633.0,636.0,632.0,632.0,23797502,0.0,0.0
2022-02-22 00:00:00+08:00,628.0,630.0,625.0,627.0,34086593,0.0,0.0
2022-02-23 00:00:00+08:00,624.0,629.0,623.0,625.0,31953054,0.0,0.0
2022-02-24 00:00:00+08:00,618.0,619.0,604.0,604.0,73663161,0.0,0.0
2022-02-25 00:00:00+08:00,600.0,609.0,600.0,604.0,89012516,0.0,0.0
2022-03-01 00:00:00+08:00,599.0,610.0,599.0,604.0,66720867,0.0,0.0
2022-03-02 00:00:00+08:00,601.0,605.0,600.0,601.0,40693457,0.0,0.0
2022-03-03 00:00:00+08:00,603.0,607.0,601.0,602.0,33792420,0.0,0.0
2022-03-04 00:00:00+08:00,595.0,597.0,592.0,595.0,55917115,0.0,0.0
2022-03-07 00:00:00+08:00,580.0,581.0,575.0,576.0,86496560,0.0,0.0
2022-03-08 00:00:00+08:00,561.0,570.0,561.0,563.0,79029914,0.0,0.0
2022-03-09 00:00:00+08:00,567.0,573.0,567.0,568.0,52155415,0.0,0.0
2022-03-10 00:00:00+08:00,585.0,589.0,582.0,587.0,45630467,0.0,0.0
2022-03-11 00:00:00+08:00,581.0,582.0,574.0,575.0,38943098,0.0,0.0
2022-03-14 00:00:00+08:00,574.0,577.0,572.0,572.0,33919577,0.0,0.0
2022-03-15 00:00:00+08:00,562.0,563.0,558.0,558.0,74092231,0.0,0.0
2022-03-16 00:00:00+08:00,564.0,565.0,555.0,558.0,43438327,0.0,0.0
2022-03-17 00:00:00+08:00,578.0,583.0,575.0,582.0,60959900,0.0,0.0
2022-03-18 00:00:00+08:00,582.0,582.0,576.0,581.0,46242430,0.0,0.0
2022-03-21 00:00:00+08:00,583.0,589.0,583.0,586.0,21400273,0.0,0.0
2022-03-22 00:00:00+08:00,577.0,586.0,577.0,583.0,20246949,0.0,0.0
2022-03-23 00:00:00+08:00,590.0,590.0,586.0,590.0,25902069,0.0,0.0
2022-03-24 00:00:00+08:00,587.0,592.0,585.0,591.0,20060758,0.0,0.0
2022-03-25 00:00:00+08:00,597.0,598.0,595.0,598.0,26122381,0.0,0.0
2022-03-28 00:00:00+08:00,581.0,586.0,580.0,584.0,26391576,0.0,0.0
2022-03-29 00:00:00+08:00,586.0,589.0,584.0,589.0,14892032,0.0,0.0
2022-03-30 00:00:00+08:00,599.0,600.0,597.0,600.0,41230239,0.0,0.0
2022-03-31 00:00:00+08:00,602.0,602.0,594.0,597.0,22700114,0.0,0.0
2022-04-01 00:00:00+08:00,585.0,589.0,584.0,589.0,29732696,0.0,0.0
2022-04-06 00:00:00+08:00,578.0,580.0,575.0,578.0,37645873,0.0,0.0
2022-04-07 00:00:00+08:00,571.0,573.0,566.0,566.0,42904743,0.0,0.0
2022-04-08 00:00:00+08:00,567.0,570.0,566.0,567.0,28024587,0.0,0.0
2022-04-11 00:00:00+08:00,563.0,566.0,558.0,558.0,36820094,0.0,0.0
2022-04-12 00:00:00+08:00,554.0,564.0,552.0,557.0,30671407,0.0,0.0
2022-04-13 00:00:00+08:00,564.0,576.0,563.0,573.0,35865970,0.0,0.0
2022-04-14 00:00:00+08:00,577.0,578.0,573.0,573.0,19056590,0.0,0.0
2022-04-15 00:00:00+08:00,562.0,566.0,561.0,562.0,28253360,0.0,0.0
2022-04-18 00:00:00+08:00,559.0,566.0,558.0,561.0,15800959,0.0,0.0
2022-04-19 00:00:00+08:00,566.0,569.0,563.0,565.0,16614705,0.0,0.0
2022-04-20 00:00:00+08:00,570.0,570.0,562.0,570.0,27606307,0.0,0.0
2022-04-21 00:00:00+08:00,571.0,571.0,565.0,565.0,18383650,0.0,0.0
2022-04-22 00:00:00+08:00,558.0,559.0,557.0,558.0,29283846,0.0,0.0
2022-04-25 00:00:00+08:00,550.0,552.0,546.0,547.0,43389591,0.0,0.0
2022-04-26 00:00:00+08:00,550.0,551.0,544.0,546.0,35825421,0.0,0.0
2022-04-27 00:00:00+08:00,530.0,532.0,526.0,526.0,55941533,0.0,0.0
2022-04-28 00:00:00+08:00,530.0,532.0,523.0,531.0,45380836,0.0,0.0
2022-04-29 00:00:00+08:00,547.0,547.0,535.0,538.0,36664644,0.0,0.0
2022-05-03 00:00:00+08:00,538.0,540.0,530.0,531.0,26317509,0.0,0.0
2022-05-04 00:00:00+08:00,533.0,537.0,530.0,534.0,16569622,0.0,0.0
2022-05-05 00:00:00+08:00,543.0,544.0,539.0,542.0,20374772,0.0,0.0
2022-05-06 00:00:00+08:00,528.0,531.0,526.0,528.0,32467268,0.0,0.0
2022-05-09 00:00:00+08:00,523.0,524.0,520.0,520.0,23709774,0.0,0.0
2022-05-10 00:00:00+08:00,506.0,519.0,505.0,518.0,41679907,0.0,0.0
2022-05-11 00:00:00+08:00,518.0,526.0,518.0,521.0,27157254,0.0,0.0
2022-05-12 00:00:00+08:00,516.0,518.0,505.0,505.0,32532963,0.0,0.0
2022-05-13 00:00:00+08:00,507.0,514.0,506.0,511.0,29074177,0.0,0.0
2022-05-16 00:00:00+08:00,521.0,524.0,518.0,520.0,21163106,0.0,0.0
2022-05-17 00:00:00+08:00,521.0,533.0,520.0,530.0,24496974,0.0,0.0
2022-05-18 00:00:00+08:00,541.0,541.0,534.0,538.0,30568176,0.0,0.0
2022-05-19 00:00:00+08:00,523.0,527.0,520.0,522.0,29019751,0.0,0.0
2022-05-20 00:00:00+08:00,524.0,532.0,523.0,530.0,22651205,0.0,0.0
2022-05-23 00:00:00+08:00,533.0,534.0,528.0,528.0,17054170,0.0,0.0
2022-05-24 00:00:00+08:00,530.0,531.0,520.0,520.0,17802308,0.0,0.0
2022-05-25 00:00:00+08:00,522.0,529.0,520.0,524.0,22176476,0.0,0.0
2022-05-26 00:00:00+08:00,523.0,525.0,513.0,514.0,28327403,0.0,0.0
2022-05-27 00:00:00+08:00,524.0,530.0,522.0,530.0,27866643,0.0,0.0
2022-05-30 00:00:00+08:00,538.0,547.0,537.0,547.0,34476433,0.0,0.0
2022-05-31 00:00:00+08:00,542.0,560.0,540.0,560.0,72405873,0.0,0.0
2022-06-01 00:00:00+08:00,550.0,555.0,548.0,549.0,29155176,0.0,0.0
2022-06-02 00:00:00+08:00,544.0,545.0,540.0,540.0,21420890,0.0,0.0
2022-06-06 00:00:00+08:00,541.0,544.0,538.0,540.0,17615003,0.0,0.0
2022-06-07 00:00:00+08:00,535.0,538.0,532.0,535.0,19497532,0.0,0.0
2022-06-08 00:00:00+08:00,539.0,545.0,538.0,544.0,18835521,0.0,0.0
2022-06-09 00:00:00+08:00,538.0,542.0,537.0,541.0,16338602,0.0,0.0
2022-06-10 00:00:00+08:00,530.0,533.0,529.0,530.0,21357130,0.0,0.0
2022-06-13 00:00:00+08:00,518.0,519.0,515.0,516.0,32854092,0.0,0.0
2022-06-14 00:00:00+08:00,507.0,514.0,507.0,513.0,36304444,0.0,0.0
2022-06-15 00:00:00+08:00,508.0,515.0,508.0,509.0,35680283,0.0,0.0
2022-06-16 00:00:00+08:00,515.0,516.0,507.0,508.0,26909199,0.0,0.0
2022-06-17 00:00:00+08:00,499.5,503.0,499.0,501.0,43566737,0.0,0.0
2022-06-20 00:00:00+08:00,500.0,502.0,495.0,498.0,34209693,0.0,0.0
2022-06-21 00:00:00+08:00,501.0,505.0,499.0,505.0,33223685,0.0,0.0
2022-06-22 00:00:00+08:00,501.0,503.0,494.5,494.5,31034893,0.0,0.0
2022-06-23 00:00:00+08:00,492.0,493.5,485.0,485.5,43548940,0.0,0.0
2022-06-24 00:00:00+08:00,489.5,492.5,485.5,486.5,27911980,0.0,0.0
2022-06-27 00:00:00+08:00,496.0,506.0,495.5,498.5,37909718,0.0,0.0
2022-06-28 00:00:00+08:00,496.0,500.0,496.0,497.5,15274062,0.0,0.0
2022-06-29 00:00:00+08:00,496.0,498.5,491.0,491.0,30533789,0.0,0.0
2022-06-30 00:00:00+08:00,484.5,486.5,476.0,476.0,46311432,0.0,0.0
2022-07-01 00:00:00+08:00,471.5,474.0,452.5,453.5,61744377,0.0,0.0
2022-07-04 00:00:00+08:00,443.0,451.5,440.0,440.0,52445919,0.0,0.0
2022-07-05 00:00:00+08:00,449.5,451.5,433.0,446.0,50084244,0.0,0.0
2022-07-06 00:00:00+08:00,442.0,447.5,435.0,435.5,40549763,0.0,0.0
2022-07-07 00:00:00+08:00,442.0,459.0,438.5,457.5,48151202,0.0,0.0
2022-07-08 00:00:00+08:00,470.0,470.5,461.5,467.0,37897895,0.0,0.0
2022-07-11 00:00:00+08:00,468.0,470.5,461.0,462.0,21941710,0.0,0.0
2022-07-12 00:00:00+08:00,458.0,458.0,449.5,449.5,23036423,0.0,0.0
2022-07-13 00:00:00+08:00,470.5,473.0,466.0,470.5,44035695,0.0,0.0
2022-07-14 00:00:00+08:00,466.0,477.5,463.0,475.0,31936258,0.0,0.0
2022-07-15 00:00:00+08:00,481.0,494.0,477.0,492.5,51846909,0.0,0.0
2022-07-18 00:00:00+08:00,495.5,498.5,488.5,495.5,39179575,0.0,0.0
2022-07-19 00:00:00+08:00,487.5,493.0,486.5,491.0,19874865,0.0,0.0
2022-07-20 00:00:00+08:00,502.0,503.0,491.5,495.0,35436652,0.0,0.0
2022-07-21 00:00:00+08:00,496.0,501.0,494.0,501.0,22285593,0.0,0.0
2022-07-22 00:00:00+08:00,505.0,505.0,500.0,503.0,25216400,0.0,0.0
2022-07-25 00:00:00+08:00,500.0,503.0,498.0,499.5,15245346,0.0,0.0
2022-07-26 00:00:00+08:00,499.5,499.5,491.0,495.0,18024265,0.0,0.0
2022-07-27 00:00:00+08:00,494.0,502.0,491.0,502.0,17166365,0.0,0.0
2022-07-28 00:00:00+08:00,509.0,509.0,499.0,501.0,33844011,0.0,0.0
2022-07-29 00:00:00+08:00,508.0,510.0,504.0,509.0,29045617,0.0,0.0
2022-08-01 00:00:00+08:00,506.0,508.0,500.0,504.0,24117969,0.0,0.0
2022-08-02 00:00:00+08:00,494.0,496.0,488.5,492.0,39838155,0.0,0.0
2022-08-03 00:00:00+08:00,494.0,501.0,493.0,501.0,27603474,0.0,0.0
2022-08-04 00:00:00+08:00,499.0,503.0,495.0,500.0,26027618,0.0,0.0
2022-08-05 00:00:00+08:00,509.0,516.0,507.0,516.0,32784279,0.0,0.0
2022-08-08 00:00:00+08:00,510.0,515.0,509.0,512.0,19333128,0.0,0.0
2022-08-09 00:00:00+08:00,507.0,511.0,504.0,510.0,21164373,0.0,0.0
2022-08-10 00:00:00+08:00,500.0,503.0,499.5,500.0,20861380,0.0,0.0
2022-08-11 00:00:00+08:00,513.0,514.0,510.0,514.0,23740033,0.0,0.0
2022-08-12 00:00:00+08:00,515.0,518.0,514.0,517.0,19535923,0.0,0.0
2022-08-15 00:00:00+08:00,520.0,524.0,519.0,523.0,21273166,0.0,0.0
2022-08-16 00:00:00+08:00,526.0,526.0,523.0,525.0,20720414,0.0,0.0
2022-08-17 00:00:00+08:00,524.0,527.0,521.0,527.0,27143102,0.0,0.0
2022-08-18 00:00:00+08:00,520.0,521.0,519.0,520.0,17831084,0.0,0.0
2022-08-19 00:00:00+08:00,519.0,523.0,517.0,519.0,14022812,0.0,0.0
2022-08-22 00:00:00+08:00,511.0,514.0,510.0,512.0,11494000,0.0,0.0
2022-08-23 00:00:00+08:00,503.0,506.0,502.0,504.0,19191108,0.0,0.0
2022-08-24 00:00:00+08:00,504.0,508.0,503.0,503.0,14363212,0.0,0.0
2022-08-25 00:00:00+08:00,505.0,510.0,504.0,508.0,9357138,0.0,0.0
2022-08-26 00:00:00+08:00,513.0,515.0,511.0,512.0,12914846,0.0,0.0
2022-08-29 00:00:00+08:00,497.0,502.0,496.0,498.5,26590824,0.0,0.0
2022-08-30 00:00:00+08:00,497.5,500.0,496.0,496.0,24214535,0.0,0.0
2022-08-31 00:00:00+08:00,492.0,505.0,492.0,505.0,39357089,0.0,0.0
2022-09-01 00:00:00+08:00,495.0,495.5,490.0,490.5,39168672,0.0,0.0
2022-09-02 00:00:00+08:00,488.0,489.5,485.0,485.0,29982959,0.0,0.0
2022-09-05 00:00:00+08:00,485.0,488.0,484.0,486.0,15903415,0.0,0.0
2022-09-06 00:00:00+08:00,488.5,491.5,486.5,489.0,16700285,0.0,0.0
2022-09-07 00:00:00+08:00,477.0,478.0,472.0,472.5,34678562,0.0,0.0
2022-09-08 00:00:00+08:00,473.0,475.0,472.0,475.0,27931552,0.0,0.0
2022-09-12 00:00:00+08:00,485.0,491.0,485.0,486.5,21597212,0.0,0.0
2022-09-13 00:00:00+08:00,495.0,495.0,491.0,493.0,16507036,0.0,0.0
2022-09-14 00:00:00+08:00,478.5,482.5,476.0,480.0,22645714,0.0,0.0
2022-09-15 00:00:00+08:00,476.0,480.0,476.0,476.5,23104850,0.0,0.0
2022-09-16 00:00:00+08:00,470.5,472.0,469.0,472.0,39087513,0.0,0.0
2022-09-19 00:00:00+08:00,472.0,473.0,466.5,467.0,17182380,0.0,0.0
2022-09-20 00:00:00+08:00,470.5,478.0,470.0,476.5,19842582,0.0,0.0
2022-09-21 00:00:00+08:00,473.5,475.5,468.5,471.0,24154633,0.0,0.0
2022-09-22 00:00:00+08:00,462.0,468.0,459.0,464.5,29702508,0.0,0.0
2022-09-23 00:00:00+08:00,458.5,460.5,455.0,455.0,29757787,0.0,0.0
2022-09-26 00:00:00+08:00,443.0,454.0,443.0,446.5,32342267,0.0,0.0
2022-09-27 00:00:00+08:00,449.0,451.5,446.0,448.0,24961404,0.0,0.0
2022-09-28 00:00:00+08:00,447.0,449.0,438.0,438.0,34402652,0.0,0.0
2022-09-29 00:00:00+08:00,443.0,443.5,432.0,435.0,41094780,0.0,0.0
2022-09-30 00:00:00+08:00,424.5,427.5,422.0,422.0,48266800,0.0,0.0
2022-10-03 00:00:00+08:00,418.5,424.5,416.5,417.0,36044395,0.0,0.0
2022-10-04 00:00:00+08:00,429.5,432.0,427.0,429.0,40375000,0.0,0.0
2022-10-05 00:00:00+08:00,444.5,451.0,442.0,445.0,46496536,0.0,0.0
2022-10-06 00:00:00+08:00,450.5,451.0,447.0,451.0,30331834,0.0,0.0
2022-10-07 00:00:00+08:00,448.5,448.5,437.0,438.0,31941781,0.0,0.0
2022-10-11 00:00:00+08:00,408.0,412.5,401.0,401.5,95793819,0.0,0.0
2022-10-12 00:00:00+08:00,397.0,400.0,395.5,397.5,53570085,0.0,0.0
2022-10-13 00:00:00+08:00,400.5,403.0,395.0,395.0,38046284,0.0,0.0
2022-10-14 00:00:00+08:00,414.5,416.0,409.0,412.0,54504366,0.0,0.0
2022-10-17 00:00:00+08:00,400.0,403.5,396.0,397.0,41512192,0.0,0.0
2022-10-18 00:00:00+08:00,406.5,407.0,399.5,407.0,40093216,0.0,0.0
2022-10-19 00:00:00+08:00,404.0,405.0,395.5,395.5,46385177,0.0,0.0
2022-10-20 00:00:00+08:00,391.0,397.5,386.0,397.5,52938069,0.0,0.0
2022-10-21 00:00:00+08:00,395.5,398.5,389.5,389.5,35923505,0.0,0.0
2022-10-24 00:00:00+08:00,395.0,397.5,387.0,387.0,46714078,0.0,0.0
2022-10-25 00:00:00+08:00,380.0,382.5,371.0,371.0,76416687,0.0,0.0
2022-10-26 00:00:00+08:00,370.5,379.0,370.0,376.0,58850484,0.0,0.0
2022-10-27 00:00:00+08:00,384.5,389.0,382.5,385.5,45684455,0.0,0.0
2022-10-28 00:00:00+08:00,379.5,382.0,375.0,379.5,40184472,0.0,0.0
2022-10-31 00:00:00+08:00,386.0,390.0,381.0,390.0,38409054,0.0,0.0
2022-11-01 00:00:00+08:00,388.5,393.0,386.0,391.5,41426496,0.0,0.0
2022-11-02 00:00:00+08:00,391.0,395.0,388.5,395.0,22535650,0.0,0.0
2022-11-03 00:00:00+08:00,385.0,387.0,383.5,384.0,39731333,0.0,0.0
2022-11-04 00:00:00+08:00,381.0,384.5,378.5,382.0,28397417,0.0,0.0
2022-11-07 00:00:00+08:00,390.0,393.0,387.0,390.0,35387706,0.0,0.0
2022-11-08 00:00:00+08:00,395.0,399.5,394.0,399.0,31838223,0.0,0.0
2022-11-09 00:00:00+08:00,403.5,417.0,403.5,417.0,52260831,0.0,0.0
2022-11-10 00:00:00+08:00,409.0,411.5,406.0,407.5,32044942,0.0,0.0
2022-11-11 00:00:00+08:00,441.5,442.0,435.0,441.5,80016195,0.0,0.0
2022-11-14 00:00:00+08:00,450.0,450.0,441.5,445.0,61933190,0.0,0.0
2022-11-15 00:00:00+08:00,465.0,487.0,462.0,480.0,113379796,0.0,0.0
2022-11-16 00:00:00+08:00,491.5,494.0,481.5,487.0,85726375,0.0,0.0
2022-11-17 00:00:00+08:00,482.5,485.0,475.0,485.0,45144984,0.0,0.0
2022-11-18 00:00:00+08:00,491.5,494.0,486.0,487.0,35859717,0.0,0.0
2022-11-21 00:00:00+08:00,487.5,489.5,480.5,482.0,29710180,0.0,0.0
2022-11-22 00:00:00+08:00,476.0,491.0,476.0,491.0,37343127,0.0,0.0
2022-11-23 00:00:00+08:00,494.5,496.0,488.5,492.0,33475337,0.0,0.0
2022-11-24 00:00:00+08:00,494.0,496.0,492.0,496.0,27396552,0.0,0.0
2022-11-25 00:00:00+08:00,494.0,498.0,494.0,498.0,39949969,0.0,0.0
2022-11-28 00:00:00+08:00,486.0,490.0,480.5,480.5,38926919,0.0,0.0
2022-11-29 00:00:00+08:00,473.5,488.0,473.0,487.0,38182197,0.0,0.0
2022-11-30 00:00:00+08:00,483.0,490.0,482.5,490.0,57111603,0.0,0.0
2022-12-01 00:00:00+08:00,506.0,508.0,498.5,498.5,41746878,0.0,0.0
2022-12-02 00:00:00+08:00,490.0,497.0,490.0,492.5,28319679,0.0,0.0
2022-12-05 00:00:00+08:00,491.5,497.5,489.0,489.0,28360444,0.0,0.0
2022-12-06 00:00:00+08:00,488.0,489.0,478.0,478.0,40561068,0.0,0.0
2022-12-07 00:00:00+08:00,477.0,485.5,475.0,475.0,36563503,0.0,0.0
2022-12-08 00:00:00+08:00,475.0,475.0,467.0,471.5,27238567,0.0,0.0
2022-12-09 00:00:00+08:00,478.0,484.5,476.0,481.5,25915337,0.0,0.0
2022-12-12 00:00:00+08:00,476.5,478.0,473.5,475.0,20973334,0.0,0.0
2022-12-13 00:00:00+08:00,473.0,476.0,471.0,471.5,33272826,0.0,0.0
2022-12-14 00:00:00+08:00,472.0,480.5,472.0,480.5,30636639,0.0,0.0
2022-12-15 00:00:00+08:00,476.0,481.5,474.5,480.5,24222008,0.0,0.0
2022-12-16 00:00:00+08:00,466.5,471.0,465.5,471.0,47601400,0.0,0.0
2022-12-19 00:00:00+08:00,466.5,469.5,465.0,466.5,21075559,0.0,0.0
2022-12-20 00:00:00+08:00,465.0,467.0,455.0,457.5,31139235,0.0,0.0
2022-12-21 00:00:00+08:00,460.0,463.0,457.0,459.0,36182644,0.0,0.0
2022-12-22 00:00:00+08:00,466.5,469.0,464.0,468.0,14047382,0.0,0.0
2022-12-23 00:00:00+08:00,457.5,458.5,455.0,455.0,24927413,0.0,0.0
2022-12-26 00:00:00+08:00,454.0,457.0,453.5,456.5,8793306,0.0,0.0
2022-12-27 00:00:00+08:00,458.0,462.5,457.0,457.0,10264001,0.0,0.0
2022-12-28 00:00:00+08:00,451.0,452.0,446.0,451.0,32578949,0.0,0.0
2022-12-29 00:00:00+08:00,444.0,449.5,442.5,446.0,23020759,0.0,0.0
2022-12-30 00:00:00+08:00,455.0,456.5,448.5,448.5,21683478,0.0,0.0
2023-01-03 00:00:00+08:00,446.0,453.5,443.0,453.0,14885824,0.0,0.0
2023-01-04 00:00:00+08:00,449.5,455.0,448.5,449.5,19188422,0.0,0.0
2023-01-05 00:00:00+08:00,459.0,459.5,455.0,458.5,23549581,0.0,0.0
2023-01-06 00:00:00+08:00,455.0,459.5,455.0,458.5,20886011,0.0,0.0
2023-01-09 00:00:00+08:00,468.0,481.0,467.5,481.0,46666263,0.0,0.0
2023-01-10 00:00:00+08:00,486.0,487.0,483.0,486.0,32646014,0.0,0.0
2023-01-11 00:00:00+08:00,487.0,488.0,482.0,484.5,21051115,0.0,0.0
2023-01-12 00:00:00+08:00,487.5,488.0,484.0,486.5,20963689,0.0,0.0
2023-01-13 00:00:00+08:00,507.0,509.0,499.0,500.0,77606949,0.0,0.0
2023-01-16 00:00:00+08:00,506.0,508.0,503.0,505.0,34373918,0.0,0.0
2023-01-17 00:00:00+08:00,504.0,504.0,499.5,503.0,27770329,0.0,0.0
2023-01-30 00:00:00+08:00,542.0,543.0,534.0,543.0,124428936,0.0,0.0
2023-01-31 00:00:00+08:00,537.0,538.0,521.0,522.0,72530854,0.0,0.0
2023-02-01 00:00:00+08:00,532.0,533.0,522.0,530.0,33710990,0.0,0.0
2023-02-02 00:00:00+08:00,538.0,542.0,537.0,540.0,43077053,0.0,0.0
2023-02-03 00:00:00+08:00,540.0,542.0,536.0,542.0,31635865,0.0,0.0
2023-02-06 00:00:00+08:00,532.0,533.0,526.0,526.0,30870136,0.0,0.0
2023-02-07 00:00:00+08:00,524.0,528.0,522.0,523.0,23481767,0.0,0.0
2023-02-08 00:00:00+08:00,538.0,540.0,534.0,540.0,35096191,0.0,0.0
2023-02-09 00:00:00+08:00,540.0,540.0,536.0,540.0,18861972,0.0,0.0
2023-02-10 00:00:00+08:00,544.0,546.0,541.0,545.0,28495684,0.0,0.0
2023-02-13 00:00:00+08:00,544.0,544.0,538.0,541.0,22768977,0.0,0.0
2023-02-14 00:00:00+08:00,544.0,546.0,543.0,545.0,21883297,0.0,0.0
2023-02-15 00:00:00+08:00,526.0,532.0,522.0,525.0,61796793,0.0,0.0
2023-02-16 00:00:00+08:00,528.0,531.0,524.0,528.0,29975138,0.0,0.0
2023-02-17 00:00:00+08:00,524.0,524.0,516.0,518.0,28121975,0.0,0.0
2023-02-20 00:00:00+08:00,514.0,519.0,511.0,517.0,20065156,0.0,0.0
2023-02-21 00:00:00+08:00,515.0,517.0,513.0,516.0,13504100,0.0,0.0
2023-02-22 00:00:00+08:00,506.0,509.0,505.0,507.0,24575245,0.0,0.0
2023-02-23 00:00:00+08:00,512.0,521.0,510.0,518.0,25376835,0.0,0.0
2023-02-24 00:00:00+08:00,524.0,525.0,511.0,511.0,41692491,0.0,0.0
2023-03-01 00:00:00+08:00,504.0,522.0,504.0,522.0,39560848,0.0,0.0
2023-03-02 00:00:00+08:00,519.0,520.0,515.0,519.0,16558784,0.0,0.0
2023-03-03 00:00:00+08:00,524.0,525.0,516.0,516.0,23253895,0.0,0.0
2023-03-06 00:00:00+08:00,520.0,524.0,517.0,521.0,21922085,0.0,0.0
2023-03-07 00:00:00+08:00,521.0,526.0,519.0,524.0,24861078,0.0,0.0
2023-03-08 00:00:00+08:00,521.0,523.0,518.0,521.0,24512408,0.0,0.0
2023-03-09 00:00:00+08:00,525.0,526.0,522.0,522.0,21557577,0.0,0.0
2023-03-10 00:00:00+08:00,515.0,516.0,511.0,513.0,24045605,0.0,0.0
2023-03-13 00:00:00+08:00,513.0,518.0,509.0,516.0,21466947,0.0,0.0
2023-03-14 00:00:00+08:00,511.0,514.0,510.0,510.0,20474770,0.0,0.0
2023-03-15 00:00:00+08:00,515.0,516.0,510.0,511.0,23208597,0.0,0.0
2023-03-16 00:00:00+08:00,505.0,510.0,504.0,505.0,21965994,0.0,0.0
2023-03-17 00:00:00+08:00,516.0,518.0,513.0,518.0,33118483,0.0,0.0
2023-03-20 00:00:00+08:00,517.0,518.0,510.0,512.0,11837312,0.0,0.0
2023-03-21 00:00:00+08:00,515.0,517.0,512.0,517.0,18284799,0.0,0.0
2023-03-22 00:00:00+08:00,524.0,533.0,524.0,533.0,42385987,0.0,0.0
2023-03-23 00:00:00+08:00,528.0,539.0,528.0,538.0,26728246,0.0,0.0
2023-03-24 00:00:00+08:00,536.0,539.0,535.0,539.0,21926240,0.0,0.0
2023-03-27 00:00:00+08:00,533.0,536.0,531.0,531.0,16111177,0.0,0.0
2023-03-28 00:00:00+08:00,525.0,530.0,524.0,525.0,17234120,0.0,0.0
2023-03-29 00:00:00+08:00,533.0,533.0,525.0,530.0,17280749,0.0,0.0
2023-03-30 00:00:00+08:00,536.0,537.0,531.0,535.0,19201564,0.0,0.0
2023-03-31 00:00:00+08:00,538.0,538.0,532.0,533.0,23558838,0.0,0.0
2023-04-06 00:00:00+08:00,530.0,531.0,526.0,530.0,25423363,0.0,0.0
2023-04-07 00:00:00+08:00,535.0,535.0,529.0,531.0,8557482,0.0,0.0
2023-04-10 00:00:00+08:00,533.0,533.0,528.0,529.0,7435151,0.0,0.0
2023-04-11 00:00:00+08:00,522.0,527.0,522.0,524.0,22675697,0.0,0.0
2023-04-12 00:00:00+08:00,523.0,524.0,517.0,520.0,23816473,0.0,0.0
2023-04-13 00:00:00+08:00,515.0,517.0,510.0,510.0,25536889,0.0,0.0
2023-04-14 00:00:00+08:00,516.0,520.0,513.0,516.0,18072504,0.0,0.0
2023-04-17 00:00:00+08:00,519.0,520.0,514.0,520.0,14634287,0.0,0.0
2023-04-18 00:00:00+08:00,518.0,520.0,514.0,515.0,15168888,0.0,0.0
2023-04-19 00:00:00+08:00,517.0,518.0,509.0,510.0,21123233,0.0,0.0
2023-04-20 00:00:00+08:00,512.0,516.0,510.0,513.0,17221961,0.0,0.0
2023-04-21 00:00:00+08:00,520.0,520.0,510.0,511.0,25016683,0.0,0.0
2023-04-24 00:00:00+08:00,505.0,510.0,504.0,507.0,16886512,0.0,0.0
2023-04-25 00:00:00+08:00,504.0,505.0,498.0,498.0,36898412,0.0,0.0
2023-04-26 00:00:00+08:00,498.0,498.5,491.0,491.5,31269245,0.0,0.0
2023-04-27 00:00:00+08:00,491.0,495.0,489.0,493.5,29537148,0.0,0.0
2023-04-28 00:00:00+08:00,498.5,502.0,498.0,502.0,24824100,0.0,0.0
2023-05-02 00:00:00+08:00,500.0,502.0,496.5,501.0,15325791,0.0,0.0
2023-05-03 00:00:00+08:00,496.0,498.0,495.0,496.0,11369311,0.0,0.0
2023-05-04 00:00:00+08:00,497.0,499.5,496.0,498.0,13140291,0.0,0.0
2023-05-05 00:00:00+08:00,500.0,502.0,498.5,500.0,7488897,0.0,0.0
2023-05-08 00:00:00+08:00,509.0,509.0,502.0,504.0,11243634,0.0,0.0
2023-05-09 00:00:00+08:00,507.0,510.0,505.0,510.0,16197743,0.0,0.0
2023-05-10 00:00:00+08:00,508.0,508.0,500.0,503.0,18859212,0.0,0.0
2023-05-11 00:00:00+08:00,506.0,506.0,498.5,499.0,13382927,0.0,0.0
2023-05-12 00:00:00+08:00,496.0,500.0,495.0,496.0,18465362,0.0,0.0
2023-05-15 00:00:00+08:00,497.0,499.5,494.5,495.5,13315766,0.0,0.0
2023-05-16 00:00:00+08:00,503.0,508.0,500.0,505.0,21140315,0.0,0.0
2023-05-17 00:00:00+08:00,508.0,521.0,506.0,519.0,41406763,0.0,0.0
2023-05-18 00:00:00+08:00,533.0,536.0,526.0,530.0,43096277,0.0,0.0
2023-05-19 00:00:00+08:00,535.0,535.0,529.0,532.0,32099068,0.0,0.0
2023-05-22 00:00:00+08:00,532.0,533.0,529.0,531.0,17208135,0.0,0.0
2023-05-23 00:00:00+08:00,530.0,531.0,525.0,530.0,19588873,0.0,0.0
2023-05-24 00:00:00+08:00,527.0,528.0,524.0,525.0,19086681,0.0,0.0
2023-05-25 00:00:00+08:00,542.0,545.0,537.0,543.0,63827245,0.0,0.0
2023-05-26 00:00:00+08:00,568.0,568.0,563.0,566.0,95808471,0.0,0.0
2023-05-29 00:00:00+08:00,574.0,574.0,564.0,568.0,54657853,0.0,0.0
2023-05-30 00:00:00+08:00,566.0,568.0,563.0,566.0,40136130,0.0,0.0
2023-05-31 00:00:00+08:00,560.0,562.0,551.0,558.0,81176782,0.0,0.0
2023-06-01 00:00:00+08:00,550.0,554.0,550.0,551.0,24477529,0.0,0.0
2023-06-02 00:00:00+08:00,559.0,564.0,557.0,562.0,30206141,0.0,0.0
2023-06-05 00:00:00+08:00,560.0,560.0,555.0,555.0,16827391,0.0,0.0
2023-06-06 00:00:00+08:00,554.0,562.0,553.0,560.0,20228086,0.0,0.0
2023-06-07 00:00:00+08:00,561.0,568.0,560.0,568.0,27604813,0.0,0.0
2023-06-08 00:00:00+08:00,562.0,568.0,555.0,559.0,23080195,0.0,0.0
2023-06-09 00:00:00+08:00,561.0,566.0,561.0,565.0,19091713,0.0,0.0
2023-06-12 00:00:00+08:00,574.0,574.0,571.0,574.0,26392389,0.0,0.0
2023-06-13 00:00:00+08:00,593.0,594.0,589.0,593.0,56174363,0.0,0.0
2023-06-14 00:00:00+08:00,590.0,591.0,587.0,590.0,23583314,0.0,0.0
2023-06-15 00:00:00+08:00,590.0,593.0,587.0,591.0,27392154,0.0,0.0
2023-06-16 00:00:00+08:00,590.0,590.0,584.0,589.0,38128802,0.0,0.0
2023-06-19 00:00:00+08:00,583.0,585.0,582.0,583.0,14346885,0.0,0.0
2023-06-20 00:00:00+08:00,579.0,585.0,579.0,583.0,16221413,0.0,0.0
2023-06-21 00:00:00+08:00,582.0,585.0,578.0,581.0,21703937,0.0,0.0
2023-06-26 00:00:00+08:00,576.0,578.0,574.0,574.0,27142262,0.0,0.0
2023-06-27 00:00:00+08:00,570.0,575.0,569.0,572.0,21501718,0.0,0.0
2023-06-28 00:00:00+08:00,579.0,579.0,571.0,574.0,18175426,0.0,0.0
2023-06-29 00:00:00+08:00,578.0,580.0,570.0,573.0,16937929,0.0,0.0
2023-06-30 00:00:00+08:00,570.0,576.0,568.0,576.0,22654976,0.0,0.0
2023-07-03 00:00:00+08:00,578.0,580.0,576.0,579.0,14785585,0.0,0.0
2023-07-04 00:00:00+08:00,585.0,585.0,580.0,585.0,17219541,0.0,0.0
2023-07-05 00:00:00+08:00,589.0,589.0,579.0,582.0,14913592,0.0,0.0
2023-07-06 00:00:00+08:00,573.0,574.0,565.0,565.0,28564891,0.0,0.0
2023-07-07 00:00:00+08:00,565.0,572.0,563.0,565.0,18796190,0.0,0.0
2023-07-10 00:00:00+08:00,567.0,573.0,565.0,565.0,18454982,0.0,0.0
2023-07-11 00:00:00+08:00,574.0,577.0,570.0,577.0,17850636,0.0,0.0
2023-07-12 00:00:00+08:00,574.0,578.0,572.0,578.0,15588228,0.0,0.0
2023-07-13 00:00:00+08:00,587.0,590.0,585.0,585.0,25442137,0.0,0.0
2023-07-14 00:00:00+08:00,589.0,591.0,587.0,591.0,23121873,0.0,0.0
2023-07-17 00:00:00+08:00,588.0,591.0,587.0,591.0,13807834,0.0,0.0
2023-07-18 00:00:00+08:00,587.0,588.0,580.0,581.0,20932006,0.0,0.0
2023-07-19 00:00:00+08:00,584.0,587.0,579.0,581.0,22499123,0.0,0.0
2023-07-20 00:00:00+08:00,580.0,584.0,578.0,579.0,15108109,0.0,0.0
2023-07-21 00:00:00+08:00,560.0,563.0,557.0,560.0,46711021,0.0,0.0
2023-07-24 00:00:00+08:00,557.0,563.0,557.0,558.0,25268835,0.0,0.0
2023-07-25 00:00:00+08:00,561.0,569.0,561.0,569.0,19590349,0.0,0.0
2023-07-26 00:00:00+08:00,569.0,571.0,563.0,566.0,13314305,0.0,0.0
2023-07-27 00:00:00+08:00,570.0,570.0,566.0,569.0,12200358,0.0,0.0
2023-07-28 00:00:00+08:00,569.0,573.0,565.0,567.0,18540078,0.0,0.0
2023-07-31 00:00:00+08:00,575.0,575.0,560.0,565.0,24208467,0.0,0.0
2023-08-01 00:00:00+08:00,565.0,568.0,564.0,567.0,16259643,0.0,0.0
2023-08-02 00:00:00+08:00,567.0,569.0,558.0,561.0,25583234,0.0,0.0
2023-08-04 00:00:00+08:00,556.0,560.0,552.0,554.0,26279173,0.0,0.0
2023-08-07 00:00:00+08:00,558.0,561.0,556.0,558.0,14369551,0.0,0.0
2023-08-08 00:00:00+08:00,558.0,558.0,551.0,552.0,19010690,0.0,0.0
2023-08-09 00:00:00+08:00,550.0,557.0,550.0,554.0,14389090,0.0,0.0
2023-08-10 00:00:00+08:00,552.0,554.0,550.0,551.0,17892615,0.0,0.0
2023-08-11 00:00:00+08:00,556.0,558.0,546.0,546.0,17608427,0.0,0.0
2023-08-14 00:00:00+08:00,540.0,543.0,537.0,541.0,20939030,0.0,0.0
2023-08-15 00:00:00+08:00,543.0,545.0,540.0,542.0,14066307,0.0,0.0
2023-08-16 00:00:00+08:00,541.0,543.0,536.0,542.0,28269840,0.0,0.0
2023-08-17 00:00:00+08:00,540.0,546.0,537.0,544.0,22843138,0.0,0.0
2023-08-18 00:00:00+08:00,540.0,544.0,539.0,539.0,17592345,0.0,0.0
2023-08-21 00:00:00+08:00,544.0,544.0,534.0,537.0,16633821,0.0,0.0
2023-08-22 00:00:00+08:00,544.0,544.0,538.0,541.0,14594304,0.0,0.0
2023-08-23 00:00:00+08:00,546.0,552.0,544.0,552.0,20636332,0.0,0.0
2023-08-24 00:00:00+08:00,563.0,564.0,558.0,564.0,23280827,0.0,0.0
2023-08-25 00:00:00+08:00,549.0,551.0,546.0,546.0,24144537,0.0,0.0
2023-08-28 00:00:00+08:00,547.0,553.0,547.0,549.0,8991985,0.0,0.0
2023-08-29 00:00:00+08:00,551.0,553.0,546.0,552.0,10516678,0.0,0.0
2023-08-30 00:00:00+08:00,558.0,560.0,554.0,555.0,15117416,0.0,0.0
2023-08-31 00:00:00+08:00,553.0,556.0,548.0,549.0,40431378,0.0,0.0
2023-09-01 00:00:00+08:00,543.0,553.0,543.0,548.0,13669766,0.0,0.0
2023-09-04 00:00:00+08:00,549.0,557.0,549.0,557.0,9531157,0.0,0.0
2023-09-05 00:00:00+08:00,553.0,555.0,550.0,552.0,12220686,0.0,0.0
2023-09-06 00:00:00+08:00,556.0,556.0,550.0,550.0,14067008,0.0,0.0
2023-09-07 00:00:00+08:00,546.0,548.0,542.0,542.0,20717005,0.0,0.0
2023-09-08 00:00:00+08:00,535.0,540.0,535.0,539.0,15283568,0.0,0.0
2023-09-11 00:00:00+08:00,539.0,540.0,536.0,536.0,14631968,0.0,0.0
2023-09-12 00:00:00+08:00,536.0,545.0,536.0,544.0,16028336,0.0,0.0
2023-09-13 00:00:00+08:00,545.0,548.0,541.0,541.0,16191392,0.0,0.0
2023-09-14 00:00:00+08:00,544.0,550.0,543.0,550.0,17144287,0.0,0.0
2023-09-15 00:00:00+08:00,549.0,558.0,547.0,558.0,42517441,0.0,0.0
2023-09-18 00:00:00+08:00,548.0,549.0,540.0,540.0,36684692,0.0,0.0
2023-09-19 00:00:00+08:00,539.0,543.0,538.0,538.0,18901683,0.0,0.0
2023-09-20 00:00:00+08:00,536.0,538.0,535.0,535.0,24635567,0.0,0.0
2023-09-21 00:00:00+08:00,530.0,531.0,526.0,527.0,32012694,0.0,0.0
2023-09-22 00:00:00+08:00,523.0,525.0,522.0,522.0,29049309,0.0,0.0
2023-09-25 00:00:00+08:00,522.0,529.0,522.0,525.0,17116402,0.0,0.0
2023-09-26 00:00:00+08:00,521.0,524.0,519.0,519.0,26392692,0.0,0.0
2023-09-27 00:00:00+08:00,517.0,523.0,516.0,522.0,16846401,0.0,0.0
2023-09-28 00:00:00+08:00,523.0,525.0,520.0,523.0,19733331,0.0,0.0
2023-10-02 00:00:00+08:00,530.0,534.0,528.0,533.0,25427911,0.0,0.0
2023-10-03 00:00:00+08:00,528.0,533.0,528.0,529.0,14490129,0.0,0.0
2023-10-04 00:00:00+08:00,521.0,523.0,519.0,520.0,28358964,0.0,0.0
2023-10-05 00:00:00+08:00,523.0,529.0,523.0,528.0,24945684,0.0,0.0
2023-10-06 00:00:00+08:00,530.0,533.0,529.0,532.0,15336587,0.0,0.0
2023-10-11 00:00:00+08:00,542.0,544.0,540.0,544.0,46639969,0.0,0.0
2023-10-12 00:00:00+08:00,545.0,550.0,544.0,550.0,34161176,0.0,0.0
2023-10-13 00:00:00+08:00,550.0,554.0,548.0,553.0,31123496,0.0,0.0
2023-10-16 00:00:00+08:00,546.0,547.0,542.0,545.0,19875676,0.0,0.0
2023-10-17 00:00:00+08:00,550.0,552.0,548.0,551.0,18364998,0.0,0.0
2023-10-18 00:00:00+08:00,549.0,549.0,540.0,540.0,26418940,0.0,0.0
2023-10-19 00:00:00+08:00,540.0,548.0,540.0,546.0,22881262,0.0,0.0
2023-10-20 00:00:00+08:00,549.0,556.0,546.0,556.0,45984177,0.0,0.0
2023-10-23 00:00:00+08:00,552.0,553.0,543.0,544.0,22747367,0.0,0.0
2023-10-24 00:00:00+08:00,543.0,546.0,540.0,544.0,15007814,0.0,0.0
2023-10-25 00:00:00+08:00,544.0,551.0,544.0,544.0,16526355,0.0,0.0
2023-10-26 00:00:00+08:00,530.0,535.0,530.0,531.0,28188348,0.0,0.0
2023-10-27 00:00:00+08:00,534.0,536.0,532.0,533.0,15679643,0.0,0.0
2023-10-30 00:00:00+08:00,531.0,534.0,528.0,532.0,21404842,0.0,0.0
2023-10-31 00:00:00+08:00,535.0,535.0,527.0,529.0,25667058,0.0,0.0
2023-11-01 00:00:00+08:00,533.0,533.0,527.0,528.0,13603347,0.0,0.0
2023-11-02 00:00:00+08:00,536.0,547.0,535.0,547.0,29401438,0.0,0.0
2023-11-03 00:00:00+08:00,547.0,549.0,545.0,549.0,15426176,0.0,0.0
2023-11-06 00:00:00+08:00,553.0,556.0,550.0,550.0,29215201,0.0,0.0
2023-11-07 00:00:00+08:00,552.0,555.0,550.0,555.0,14777790,0.0,0.0
2023-11-08 00:00:00+08:00,550.0,557.0,550.0,556.0,15314834,0.0,0.0
2023-11-09 00:00:00+08:00,551.0,557.0,551.0,557.0,13165684,0.0,0.0
2023-11-10 00:00:00+08:00,555.0,557.0,554.0,557.0,12994933,0.0,0.0
2023-11-13 00:00:00+08:00,579.0,580.0,571.0,571.0,43866014,0.0,0.0
2023-11-14 00:00:00+08:00,576.0,576.0,571.0,572.0,21568576,0.0,0.0
2023-11-15 00:00:00+08:00,583.0,583.0,575.0,581.0,50305088,0.0,0.0
2023-11-16 00:00:00+08:00,581.0,583.0,578.0,583.0,28291435,0.0,0.0
2023-11-17 00:00:00+08:00,579.0,583.0,579.0,580.0,22031704,0.0,0.0
2023-11-20 00:00:00+08:00,576.0,579.0,575.0,577.0,22010114,0.0,0.0
2023-11-21 00:00:00+08:00,582.0,585.0,581.0,585.0,35921706,0.0,0.0
2023-11-22 00:00:00+08:00,576.0,579.0,574.0,577.0,21969125,0.0,0.0
2023-11-23 00:00:00+08:00,574.0,578.0,574.0,578.0,14486134,0.0,0.0
2023-11-24 00:00:00+08:00,577.0,578.0,574.0,575.0,10058969,0.0,0.0
2023-11-27 00:00:00+08:00,573.0,577.0,568.0,568.0,18528520,0.0,0.0
2023-11-28 00:00:00+08:00,565.0,576.0,565.0,575.0,26343906,0.0,0.0
2023-11-29 00:00:00+08:00,578.0,579.0,570.0,574.0,24868842,0.0,0.0
2023-11-30 00:00:00+08:00,576.0,577.0,570.0,577.0,47192647,0.0,0.0
2023-12-01 00:00:00+08:00,573.0,579.0,573.0,579.0,28051165,0.0,0.0
2023-12-04 00:00:00+08:00,582.0,582.0,571.0,574.0,26847171,0.0,0.0
2023-12-05 00:00:00+08:00,571.0,572.0,567.0,570.0,22229723,0.0,0.0
2023-12-06 00:00:00+08:00,568.0,575.0,568.0,570.0,21518089,0.0,0.0
2023-12-07 00:00:00+08:00,570.0,573.0,566.0,566.0,20840397,0.0,0.0
2023-12-08 00:00:00+08:00,574.0,577.0,570.0,570.0,33507214,0.0,0.0
2023-12-11 00:00:00+08:00,572.0,575.0,570.0,574.0,27378610,0.0,0.0
2023-12-12 00:00:00+08:00,580.0,581.0,575.0,578.0,29403010,0.0,0.0
2023-12-13 00:00:00+08:00,576.0,579.0,576.0,577.0,22977731,0.0,0.0
2023-12-14 00:00:00+08:00,581.0,582.0,579.0,582.0,39409958,0.0,0.0
2023-12-15 00:00:00+08:00,585.0,586.0,580.0,585.0,54323262,0.0,0.0
2023-12-18 00:00:00+08:00,579.0,585.0,577.0,585.0,26122277,0.0,0.0
2023-12-19 00:00:00+08:00,588.0,588.0,580.0,585.0,28254292,0.0,0.0
2023-12-20 00:00:00+08:00,587.0,587.0,583.0,585.0,38121456,0.0,0.0
2023-12-21 00:00:00+08:00,577.0,579.0,575.0,577.0,24923414,0.0,0.0
2023-12-22 00:00:00+08:00,582.0,582.0,579.0,582.0,18690214,0.0,0.0
2023-12-25 00:00:00+08:00,582.0,585.0,580.0,581.0,9548143,0.0,0.0
2023-12-26 00:00:00+08:00,583.0,586.0,582.0,586.0,16094308,0.0,0.0
2023-12-27 00:00:00+08:00,587.0,592.0,586.0,592.0,33401336,0.0,0.0
2023-12-28 00:00:00+08:00,592.0,593.0,589.0,593.0,25514849,0.0,0.0
2023-12-29 00:00:00+08:00,589.0,593.0,589.0,593.0,18416318,0.0,0.0
2024-01-02 00:00:00+08:00,590.0,593.0,589.0,593.0,26059058,0.0,0.0
2024-01-03 00:00:00+08:00,584.0,585.0,576.0,578.0,37106763,0.0,0.0
2024-01-04 00:00:00+08:00,580.0,581.0,577.0,580.0,15309129,0.0,0.0
2024-01-05 00:00:00+08:00,578.0,580.0,574.0,576.0,18158971,0.0,0.0
2024-01-08 00:00:00+08:00,582.0,585.0,579.0,583.0,17761275,0.0,0.0
2024-01-09 00:00:00+08:00,588.0,589.0,583.0,586.0,22501510,0.0,0.0
2024-01-10 00:00:00+08:00,581.0,586.0,580.0,584.0,13037716,0.0,0.0
2024-01-11 00:00:00+08:00,586.0,589.0,583.0,586.0,23997409,0.0,0.0
2024-01-12 00:00:00+08:00,581.0,588.0,581.0,584.0,16496053,0.0,0.0
2024-01-15 00:00:00+08:00,590.0,590.0,585.0,586.0,21143076,0.0,0.0
2024-01-16 00:00:00+08:00,581.0,588.0,579.0,580.0,27223860,0.0,0.0
2024-01-17 00:00:00+08:00,583.0,584.0,578.0,581.0,42592335,0.0,0.0
2024-01-18 00:00:00+08:00,586.0,589.0,585.0,588.0,27209996,0.0,0.0
2024-01-19 00:00:00+08:00,625.0,627.0,614.0,626.0,161106401,0.0,0.0
2024-01-22 00:00:00+08:00,633.0,633.0,623.0,626.0,65168775,0.0,0.0
2024-01-23 00:00:00+08:00,629.0,629.0,622.0,628.0,41072439,0.0,0.0
2024-01-24 00:00:00+08:00,628.0,630.0,624.0,627.0,26635005,0.0,0.0
2024-01-25 00:00:00+08:00,635.0,642.0,633.0,642.0,52243347,0.0,0.0
2024-01-26 00:00:00+08:00,644.0,646.0,639.0,644.0,41153025,0.0,0.0
2024-01-29 00:00:00+08:00,646.0,648.0,644.0,648.0,27825490,0.0,0.0
2024-01-30 00:00:00+08:00,642.0,647.0,642.0,642.0,36161825,0.0,0.0
2024-01-31 00:00:00+08:00,634.0,637.0,626.0,628.0,41277950,0.0,0.0
2024-02-01 00:00:00+08:00,625.0,628.0,619.0,628.0,44946369,0.0,0.0
2024-02-02 00:00:00+08:00,633.0,635.0,628.0,635.0,26334815,0.0,0.0
2024-02-05 00:00:00+08:00,645.0,647.0,638.0,646.0,44017740,0.0,0.0
2024-02-15 00:00:00+08:00,709.0,709.0,693.0,697.0,112945296,0.0,0.0
2024-02-16 00:00:00+08:00,697.0,699.0,683.0,683.0,44232811,0.0,0.0
2024-02-19 00:00:00+08:00,674.0,682.0,674.0,678.0,34408673,0.0,0.0
2024-02-20 00:00:00+08:00,675.0,688.0,675.0,687.0,30166461,0.0,0.0
2024-02-21 00:00:00+08:00,678.0,683.0,678.0,681.0,30564485,0.0,0.0
2024-02-22 00:00:00+08:00,695.0,695.0,685.0,692.0,33145643,0.0,0.0
2024-02-23 00:00:00+08:00,701.0,703.0,696.0,697.0,46448923,0.0,0.0
2024-02-26 00:00:00+08:00,700.0,700.0,695.0,698.0,28798079,0.0,0.0
2024-02-27 00:00:00+08:00,700.0,701.0,691.0,698.0,33006829,0.0,0.0
2024-02-29 00:00:00+08:00,691.0,698.0,688.0,690.0,54368302,0.0,0.0
2024-03-01 00:00:00+08:00,697.0,697.0,688.0,689.0,23390635,0.0,0.0
2024-03-04 00:00:00+08:00,714.0,725.0,711.0,725.0,88861397,0.0,0.0
2024-03-05 00:00:00+08:00,735.0,738.0,728.0,730.0,64403889,0.0,0.0
2024-03-06 00:00:00+08:00,718.0,738.0,717.0,735.0,43687122,0.0,0.0
2024-03-07 00:00:00+08:00,755.0,769.0,754.0,760.0,71817344,0.0,0.0
2024-03-08 00:00:00+08:00,795.0,796.0,772.0,784.0,87139744,0.0,0.0
2024-03-11 00:00:00+08:00,768.0,778.0,761.0,766.0,64759810,0.0,0.0
2024-03-12 00:00:00+08:00,757.0,771.0,754.0,770.0,58110339,0.0,0.0
2024-03-13 00:00:00+08:00,785.0,785.0,777.0,779.0,36754557,0.0,0.0
2024-03-14 00:00:00+08:00,779.0,785.0,770.0,784.0,42010806,0.0,0.0
2024-03-15 00:00:00+08:00,771.0,777.0,753.0,753.0,73316437,0.0,0.0
2024-03-18 00:00:00+08:00,754.0,765.0,754.0,764.0,43589856,0.0,0.0
2024-03-19 00:00:00+08:00,758.0,765.0,755.0,762.0,30152375,0.0,0.0
2024-03-20 00:00:00+08:00,764.0,769.0,752.0,758.0,41280325,0.0,0.0
2024-03-21 00:00:00+08:00,773.0,784.0,772.0,784.0,46026103,0.0,0.0
2024-03-22 00:00:00+08:00,788.0,789.0,775.0,785.0,30660820,0.0,0.0
2024-03-25 00:00:00+08:00,783.0,788.0,779.0,780.0,19877101,0.0,0.0
2024-03-26 00:00:00+08:00,788.0,792.0,776.0,782.0,40990702,0.0,0.0
2024-03-27 00:00:00+08:00,785.0,785.0,779.0,779.0,18794479,0.0,0.0
2024-03-28 00:00:00+08:00,774.0,776.0,768.0,769.0,27190918,0.0,0.0
2024-03-29 00:00:00+08:00,769.0,777.0,768.0,776.0,9802000,0.0,0.0
2024-04-01 00:00:00+08:00,783.0,783.0,769.0,770.0,21041261,0.0,0.0
2024-04-02 00:00:00+08:00,784.0,790.0,783.0,790.0,37974481,0.0,0.0
2024-04-03 00:00:00+08:00,783.0,785.0,778.0,780.0,30890544,0.0,0.0
2024-04-08 00:00:00+08:00,789.0,792.0,783.0,783.0,32202226,0.0,0.0
2024-04-09 00:00:00+08:00,795.0,820.0,792.0,819.0,56857731,0.0,0.0
2024-04-10 00:00:00+08:00,815.0,819.0,810.0,815.0,27480849,0.0,0.0
2024-04-11 00:00:00+08:00,811.0,820.0,811.0,820.0,25200651,0.0,0.0
2024-04-12 00:00:00+08:00,823.0,826.0,817.0,818.0,31508936,0.0,0.0
2024-04-15 00:00:00+08:00,804.0,812.0,803.0,806.0,38913470,0.0,0.0
2024-04-16 00:00:00+08:00,802.0,803.0,785.0,788.0,49508969,0.0,0.0
2024-04-17 00:00:00+08:00,798.0,808.0,793.0,804.0,34472074,0.0,0.0
2024-04-18 00:00:00+08:00,796.0,810.0,792.0,804.0,43598591,0.0,0.0
2024-04-19 00:00:00+08:00,769.0,770.0,746.0,750.0,130968654,0.0,0.0
2024-04-22 00:00:00+08:00,740.0,757.0,740.0,742.0,46540798,0.0,0.0
2024-04-23 00:00:00+08:00,761.0,761.0,752.0,754.0,30423647,0.0,0.0
2024-04-24 00:00:00+08:00,770.0,785.0,769.0,783.0,39457128,0.0,0.0
2024-04-25 00:00:00+08:00,770.0,774.0,765.0,766.0,28534926,0.0,0.0
2024-04-26 00:00:00+08:00,788.0,789.0,782.0,782.0,32571247,0.0,0.0
2024-04-29 00:00:00+08:00,790.0,795.0,787.0,795.0,26765837,0.0,0.0
2024-04-30 00:00:00+08:00,797.0,802.0,790.0,790.0,39051972,0.0,0.0
2024-05-02 00:00:00+08:00,789.0,789.0,772.0,772.0,40527228,0.0,0.0
2024-05-03 00:00:00+08:00,788.0,788.0,773.0,780.0,29901556,0.0,0.0
2024-05-06 00:00:00+08:00,791.0,793.0,786.0,786.0,32599878,0.0,0.0
2024-05-07 00:00:00+08:00,797.0,800.0,792.0,800.0,33890214,0.0,0.0
2024-05-08 00:00:00+08:00,794.0,802.0,792.0,802.0,21757193,0.0,0.0
2024-05-09 00:00:00+08:00,798.0,802.0,796.0,796.0,21923999,0.0,0.0
2024-05-10 00:00:00+08:00,803.0,807.0,798.0,802.0,25101318,0.0,0.0
2024-05-13 00:00:00+08:00,823.0,825.0,818.0,819.0,34812619,0.0,0.0
2024-05-14 00:00:00+08:00,816.0,825.0,811.0,825.0,28691846,0.0,0.0
2024-05-15 00:00:00+08:00,838.0,844.0,837.0,839.0,39467772,0.0,0.0
2024-05-16 00:00:00+08:00,852.0,856.0,837.0,841.0,43927195,0.0,0.0
2024-05-17 00:00:00+08:00,848.0,848.0,834.0,835.0,26207289,0.0,0.0
2024-05-20 00:00:00+08:00,834.0,838.0,822.0,835.0,28808661,0.0,0.0
2024-05-21 00:00:00+08:00,830.0,841.0,830.0,841.0,19705349,0.0,0.0
2024-05-22 00:00:00+08:00,845.0,865.0,843.0,864.0,36628342,0.0,0.0
2024-05-23 00:00:00+08:00,875.0,877.0,867.0,875.0,37266618,0.0,0.0
2024-05-24 00:00:00+08:00,858.0,872.0,858.0,867.0,34136382,0.0,0.0
2024-05-27 00:00:00+08:00,872.0,878.0,866.0,869.0,26726954,0.0,0.0
2024-05-28 00:00:00+08:00,867.0,873.0,865.0,865.0,25329216,0.0,0.0
2024-05-29 00:00:00+08:00,861.0,868.0,856.0,857.0,33436835,0.0,0.0
2024-05-30 00:00:00+08:00,841.0,848.0,838.0,838.0,38065102,0.0,0.0
2024-05-31 00:00:00+08:00,838.0,846.0,821.0,821.0,77438401,0.0,0.0
2024-06-03 00:00:00+08:00,839.0,853.0,837.0,846.0,28345488,0.0,0.0
2024-06-04 00:00:00+08:00,844.0,851.0,837.0,839.0,28223635,0.0,0.0
2024-06-05 00:00:00+08:00,841.0,857.0,835.0,854.0,31975446,0.0,0.0
2024-06-06 00:00:00+08:00,893.0,899.0,885.0,894.0,62925136,0.0,0.0
2024-06-07 00:00:00+08:00,885.0,888.0,879.0,879.0,41075399,0.0,0.0
2024-06-11 00:00:00+08:00,892.0,895.0,883.0,883.0,48228488,0.0,0.0
2024-06-12 00:00:00+08:00,888.0,914.0,888.0,909.0,48106925,0.0,0.0
2024-06-13 00:00:00+08:00,923.0,935.0,911.0,919.0,55857091,0.0,0.0
2024-06-14 00:00:00+08:00,916.0,922.0,905.0,922.0,38408123,0.0,0.0
2024-06-17 00:00:00+08:00,913.0,925.0,913.0,921.0,26292426,0.0,0.0
2024-06-18 00:00:00+08:00,944.0,950.0,940.0,943.0,37876013,0.0,0.0
2024-06-19 00:00:00+08:00,953.0,984.0,953.0,981.0,72228052,0.0,0.0
2024-06-20 00:00:00+08:00,971.0,981.0,971.0,981.0,48225374,0.0,0.0
2024-06-21 00:00:00+08:00,961.0,978.0,960.0,970.0,88376132,0.0,0.0
2024-06-24 00:00:00+08:00,958.0,960.0,940.0,940.0,66391994,0.0,0.0
2024-06-25 00:00:00+08:00,925.0,945.0,923.0,945.0,57368432,0.0,0.0
2024-06-26 00:00:00+08:00,951.0,960.0,951.0,960.0,44967166,0.0,0.0
2024-06-27 00:00:00+08:00,951.0,961.0,949.0,960.0,39729446,0.0,0.0
2024-06-28 00:00:00+08:00,956.0,971.0,955.0,966.0,39138210,0.0,0.0
2024-07-01 00:00:00+08:00,968.0,977.0,965.0,968.0,19935737,0.0,0.0
2024-07-02 00:00:00+08:00,967.0,971.0,959.0,960.0,25427569,0.0,0.0
2024-07-03 00:00:00+08:00,976.0,979.0,967.0,979.0,24070411,0.0,0.0
2024-07-04 00:00:00+08:00,1000.0,1010.0,997.0,1005.0,41893299,0.0,0.0
2024-07-05 00:00:00+08:00,1005.0,1010.0,1000.0,1005.0,19998094,0.0,0.0
2024-07-08 00:00:00+08:00,1005.0,1050.0,1000.0,1035.0,40146763,0.0,0.0
2024-07-09 00:00:00+08:00,1030.0,1055.0,1025.0,1040.0,46373121,0.0,0.0
2024-07-10 00:00:00+08:00,1020.0,1050.0,1015.0,1045.0,46206302,0.0,0.0
2024-07-11 00:00:00+08:00,1065.0,1080.0,1055.0,1080.0,41724336,0.0,0.0
2024-07-12 00:00:00+08:00,1030.0,1045.0,1025.0,1040.0,68983062,0.0,0.0
2024-07-15 00:00:00+08:00,1040.0,1045.0,1025.0,1040.0,38393309,0.0,0.0
2024-07-16 00:00:00+08:00,1040.0,1070.0,1035.0,1055.0,32125609,0.0,0.0
2024-07-17 00:00:00+08:00,1035.0,1045.0,1020.0,1030.0,54022399,0.0,0.0
2024-07-18 00:00:00+08:00,988.0,1005.0,986.0,1005.0,81990095,0.0,0.0
2024-07-19 00:00:00+08:00,988.0,995.0,970.0,970.0,92507621,0.0,0.0
2024-07-22 00:00:00+08:00,964.0,965.0,938.0,939.0,83062356,0.0,0.0
2024-07-23 00:00:00+08:00,963.0,979.0,956.0,979.0,47213266,0.0,0.0
2024-07-24 00:00:00+08:00,979.0,979.0,979.0,979.0,0,0.0,0.0
2024-07-26 00:00:00+08:00,915.0,930.0,915.0,924.0,82081735,0.0,0.0
2024-07-29 00:00:00+08:00,942.0,948.0,936.0,944.0,40809258,0.0,0.0
2024-07-30 00:00:00+08:00,930.0,949.0,926.0,940.0,41761392,0.0,0.0
2024-07-31 00:00:00+08:00,929.0,940.0,928.0,934.0,39894991,0.0,0.0
2024-08-01 00:00:00+08:00,969.0,969.0,948.0,960.0,47382270,0.0,0.0
2024-08-02 00:00:00+08:00,918.0,928.0,903.0,903.0,76144485,0.0,0.0
2024-08-05 00:00:00+08:00,852.0,857.0,813.0,815.0,157851610,0.0,0.0
2024-08-06 00:00:00+08:00,868.0,895.0,840.0,880.0,107584774,0.0,0.0
2024-08-07 00:00:00+08:00,901.0,919.0,893.0,915.0,51414965,0.0,0.0
2024-08-08 00:00:00+08:00,901.0,905.0,887.0,896.0,32388911,0.0,0.0
2024-08-09 00:00:00+08:00,927.0,934.0,922.0,932.0,35607433,0.0,0.0
