Date,Open,High,Low,Close,Volume,Dividends,Stock Splits
2000-01-04 00:00:00+08:00,13.57,13.94,13.2,13.44,6672896,0.0,0.0
2000-01-05 00:00:00+08:00,13.32,13.75,13.32,13.51,6255868,0.0,0.0
2000-01-06 00:00:00+08:00,13.63,13.75,13.38,13.44,4801384,0.0,0.0
2000-01-07 00:00:00+08:00,13.44,13.63,13.08,13.08,3642856,0.0,0.0
2000-01-10 00:00:00+08:00,13.26,13.32,13.08,13.2,6608473,0.0,0.0
2000-01-11 00:00:00+08:00,13.38,13.51,13.01,13.14,5109428,0.0,0.0
2000-01-12 00:00:00+08:00,13.26,13.32,13.08,13.32,4009961,0.0,0.0
2000-01-13 00:00:00+08:00,13.44,14.24,13.44,14.24,14930779,0.0,0.0
2000-01-14 00:00:00+08:00,14.67,14.73,13.63,13.94,11587679,0.0,0.0
2000-01-17 00:00:00+08:00,13.87,14.0,13.63,13.87,4352573,0.0,0.0
2000-01-18 00:00:00+08:00,13.87,13.87,13.38,13.44,3232483,0.0,0.0
2000-01-19 00:00:00+08:00,13.63,13.63,13.2,13.2,2233902,0.0,0.0
2000-01-20 00:00:00+08:00,13.2,13.44,13.2,13.38,1078983,0.0,0.0
2000-01-21 00:00:00+08:00,13.44,13.51,13.2,13.26,1744172,0.0,0.0
2000-01-24 00:00:00+08:00,13.38,13.38,13.2,13.2,2870288,0.0,0.0
2000-01-25 00:00:00+08:00,13.26,13.32,13.2,13.26,1668225,0.0,0.0
2000-01-26 00:00:00+08:00,13.38,13.38,13.2,13.2,2006060,0.0,0.0
2000-01-27 00:00:00+08:00,13.2,13.26,12.95,13.01,2839830,0.0,0.0
2000-01-28 00:00:00+08:00,13.01,13.08,12.58,12.58,3391445,0.0,0.0
2000-01-31 00:00:00+08:00,12.22,12.89,12.22,12.77,4787306,0.0,0.0
2000-02-01 00:00:00+08:00,12.89,12.89,12.46,12.46,3395856,0.0,0.0
2000-02-02 00:00:00+08:00,12.46,12.46,12.46,12.46,0,0.0,0.0
2000-02-09 00:00:00+08:00,12.77,13.32,12.58,13.32,7903770,0.0,0.0
2000-02-10 00:00:00+08:00,13.44,14.24,13.44,13.87,12717788,0.0,0.0
2000-02-11 00:00:00+08:00,14.12,14.73,13.94,14.67,16897521,0.0,0.0
2000-02-14 00:00:00+08:00,15.04,15.04,14.0,14.18,7929972,0.0,0.0
2000-02-15 00:00:00+08:00,14.18,14.37,13.63,13.81,3910065,0.0,0.0
2000-02-16 00:00:00+08:00,13.81,14.12,13.75,14.06,2949169,0.0,0.0
2000-02-17 00:00:00+08:00,14.18,14.18,13.81,13.87,2189972,0.0,0.0
2000-02-18 00:00:00+08:00,14.0,14.06,13.69,13.75,1572896677,0.0,0.0
2000-02-21 00:00:00+08:00,13.2,13.57,12.52,12.52,2435555,0.0,0.0
2000-02-22 00:00:00+08:00,12.52,13.32,12.34,13.14,4717596,0.0,0.0
2000-02-23 00:00:00+08:00,13.14,13.81,12.89,13.2,4096107,0.0,0.0
2000-02-24 00:00:00+08:00,13.51,13.51,13.2,13.32,1906614,0.0,0.0
2000-02-25 00:00:00+08:00,13.32,13.38,12.89,13.01,1885606,0.0,0.0
2000-02-28 00:00:00+08:00,13.01,13.01,13.01,13.01,0,0.0,0.0
2000-02-29 00:00:00+08:00,13.01,13.14,12.83,12.83,1131353,0.0,0.0
2000-03-01 00:00:00+08:00,12.89,13.01,12.71,12.77,2121289,0.0,0.0
2000-03-02 00:00:00+08:00,12.89,12.89,12.58,12.77,1199446,0.0,0.0
2000-03-03 00:00:00+08:00,12.89,12.95,12.65,12.71,2231283,0.0,0.0
2000-03-06 00:00:00+08:00,13.38,13.81,13.14,13.69,6646708015,0.0,0.0
2000-03-07 00:00:00+08:00,13.94,14.37,13.38,14.24,9924169,0.0,0.0
2000-03-08 00:00:00+08:00,14.3,14.86,14.12,14.3,11968737,0.0,0.0
2000-03-09 00:00:00+08:00,14.3,15.04,13.81,15.04,20454216,0.0,0.0
2000-03-10 00:00:00+08:00,15.47,16.08,15.22,16.08,26205861,0.0,0.0
2000-03-13 00:00:00+08:00,15.96,15.96,14.98,14.98,12225171,0.0,0.0
2000-03-14 00:00:00+08:00,14.98,15.96,14.55,14.55,13677501,0.0,0.0
2000-03-15 00:00:00+08:00,13.81,14.55,13.81,14.12,5991466,0.0,0.0
2000-03-16 00:00:00+08:00,13.57,14.67,13.51,14.61,8077830,0.0,0.0
2000-03-17 00:00:00+08:00,14.73,15.59,14.37,15.35,8898969,0.0,0.0
2000-03-20 00:00:00+08:00,14.86,14.86,14.86,14.86,314929,0.0,0.0
2000-03-21 00:00:00+08:00,14.37,15.84,14.37,15.84,5955341,0.0,0.0
2000-03-22 00:00:00+08:00,16.08,16.94,16.02,16.94,11603298,0.0,0.0
2000-03-23 00:00:00+08:00,17.13,18.05,16.58,17.93,13747976,0.0,0.0
2000-03-24 00:00:00+08:00,17.5,17.8,17.31,17.31,9550943,0.0,0.0
2000-03-27 00:00:00+08:00,17.37,17.62,16.88,16.88,7274028,0.0,0.0
2000-03-28 00:00:00+08:00,17.19,17.31,15.96,17.19,8150336,0.0,0.0
2000-03-29 00:00:00+08:00,17.07,17.07,16.51,16.7,5594873,0.0,0.0
2000-03-30 00:00:00+08:00,16.94,17.43,16.58,16.76,5494470,0.0,0.0
2000-03-31 00:00:00+08:00,16.64,17.13,16.27,16.33,4110588,0.0,0.0
2000-04-03 00:00:00+08:00,16.33,16.33,16.33,16.33,0,0.0,0.0
2000-04-05 00:00:00+08:00,16.27,16.88,16.27,16.27,4017356,0.0,0.0
2000-04-06 00:00:00+08:00,16.27,16.39,15.53,15.53,8185351,0.0,0.0
2000-04-07 00:00:00+08:00,15.65,15.72,15.1,15.16,8874586,0.0,0.0
2000-04-10 00:00:00+08:00,16.7,17.07,16.39,16.7,6384820,0.0,0.0
2000-04-11 00:00:00+08:00,16.88,17.43,16.64,16.7,5542197,0.0,0.0
2000-04-12 00:00:00+08:00,17.07,17.07,16.27,16.51,3760760,0.0,0.0
2000-04-13 00:00:00+08:00,16.02,16.33,15.47,15.47,4180621,0.0,0.0
2000-04-14 00:00:00+08:00,15.22,15.59,15.1,15.1,6350105,0.0,0.0
2000-04-17 00:00:00+08:00,14.43,15.35,14.43,14.79,2943616,0.0,0.0
2000-04-18 00:00:00+08:00,15.47,15.47,15.22,15.41,3713639,0.0,0.0
2000-04-19 00:00:00+08:00,15.65,15.72,15.16,15.16,3435965,0.0,0.0
2000-04-20 00:00:00+08:00,15.1,16.21,15.1,15.96,5049727,0.0,0.0
2000-04-21 00:00:00+08:00,15.9,16.08,15.47,15.59,3263120,0.0,0.0
2000-04-24 00:00:00+08:00,15.59,16.02,15.04,15.59,2666434,0.0,0.0
2000-04-25 00:00:00+08:00,15.35,15.59,15.16,15.47,2791721,0.0,0.0
2000-04-26 00:00:00+08:00,15.47,15.47,14.86,14.92,1864644,0.0,0.0
2000-04-27 00:00:00+08:00,14.73,15.29,14.61,14.67,2576973,0.0,0.0
2000-04-28 00:00:00+08:00,14.73,15.35,14.73,15.22,2168482,0.0,0.0
2000-05-01 00:00:00+08:00,15.22,15.22,15.22,15.22,0,0.0,0.0
2000-05-02 00:00:00+08:00,15.22,15.65,15.22,15.53,1702269,0.0,0.0
2000-05-03 00:00:00+08:00,15.35,15.47,15.04,15.04,1215158,0.0,0.0
2000-05-04 00:00:00+08:00,14.73,15.29,14.73,14.86,1686556,0.0,0.0
2000-05-05 00:00:00+08:00,14.86,15.41,14.73,15.35,2079388,0.0,0.0
2000-05-08 00:00:00+08:00,15.35,15.53,15.04,15.22,1152304,0.0,0.0
2000-05-10 00:00:00+08:00,14.3,14.3,13.81,13.87,4321906,0.0,0.0
2000-05-11 00:00:00+08:00,13.57,13.57,13.2,13.51,2734159,0.0,0.0
2000-05-12 00:00:00+08:00,13.51,14.06,13.51,13.94,2535072,0.0,0.0
2000-05-15 00:00:00+08:00,13.87,14.37,13.63,13.81,1796550,0.0,0.0
2000-05-16 00:00:00+08:00,13.87,14.12,13.81,14.06,1351340,0.0,0.0
2000-05-17 00:00:00+08:00,14.73,14.73,13.94,14.18,4258292,0.0,0.0
2000-05-18 00:00:00+08:00,13.81,14.12,13.81,13.94,1267536,0.0,0.0
2000-05-19 00:00:00+08:00,14.06,14.3,13.87,14.18,1246585,0.0,0.0
2000-05-22 00:00:00+08:00,13.75,14.0,13.63,13.63,2058435,0.0,0.0
2000-05-23 00:00:00+08:00,13.63,13.63,13.2,13.2,2173940,0.0,0.0
2000-05-24 00:00:00+08:00,12.89,13.2,12.83,13.08,1807024,0.0,0.0
2000-05-25 00:00:00+08:00,13.14,13.32,12.65,12.65,1809643,0.0,0.0
2000-05-26 00:00:00+08:00,12.65,12.95,12.52,12.89,2252233,0.0,0.0
2000-05-29 00:00:00+08:00,13.2,13.2,12.89,12.95,2027011,0.0,0.0
2000-05-30 00:00:00+08:00,12.95,12.95,12.95,12.95,0,0.0,0.0
2000-05-31 00:00:00+08:00,13.45,13.45,13.45,13.45,1107986,0.59,1.3
2000-06-01 00:00:00+08:00,14.17,14.17,13.77,14.01,2844501,0.0,0.0
2000-06-02 00:00:00+08:00,14.42,14.58,14.01,14.01,1925881,0.0,0.0
2000-06-05 00:00:00+08:00,14.42,14.42,14.09,14.17,886389,0.0,0.0
2000-06-06 00:00:00+08:00,14.17,14.17,14.17,14.17,0,0.0,0.0
2000-06-07 00:00:00+08:00,14.5,14.5,14.01,14.34,1668023,0.0,0.0
2000-06-08 00:00:00+08:00,14.34,14.5,14.17,14.42,1253032,0.0,0.0
2000-06-09 00:00:00+08:00,14.42,14.42,14.17,14.17,636588,0.0,0.0
2000-06-12 00:00:00+08:00,14.17,14.34,14.17,14.26,432074,0.0,0.0
2000-06-13 00:00:00+08:00,14.26,14.26,14.01,14.01,801778,0.0,0.0
2000-06-14 00:00:00+08:00,14.42,14.98,14.34,14.98,3001634,0.0,0.0
2000-06-15 00:00:00+08:00,14.98,15.71,14.98,15.15,8142972,0.0,0.0
2000-06-16 00:00:00+08:00,15.15,15.39,14.58,14.66,1490743,0.0,0.0
2000-06-19 00:00:00+08:00,14.58,14.58,14.17,14.58,668821,0.0,0.0
2000-06-20 00:00:00+08:00,14.66,14.74,14.26,14.26,890418,0.0,0.0
2000-06-21 00:00:00+08:00,14.17,14.42,13.77,14.01,2271975,0.0,0.0
2000-06-22 00:00:00+08:00,14.01,14.17,13.85,14.01,2099130,0.0,0.0
2000-06-23 00:00:00+08:00,14.17,14.17,13.77,13.85,1203179,0.0,0.0
2000-06-26 00:00:00+08:00,13.77,13.77,13.28,13.36,1617458,0.0,0.0
2000-06-27 00:00:00+08:00,13.36,13.45,12.72,12.72,2554412,0.0,0.0
2000-06-28 00:00:00+08:00,12.72,12.72,11.91,12.55,2832414,0.0,0.0
2000-06-29 00:00:00+08:00,12.64,12.88,12.31,12.8,2256263,0.0,0.0
2000-06-30 00:00:00+08:00,12.8,13.36,12.55,13.2,2147478,0.0,0.0
2000-07-03 00:00:00+08:00,13.2,13.2,12.39,12.64,1744574,0.0,0.0
2000-07-04 00:00:00+08:00,12.64,12.96,12.55,12.72,1163989,0.0,0.0
2000-07-05 00:00:00+08:00,12.72,13.53,12.47,13.53,2137406,0.0,0.0
2000-07-06 00:00:00+08:00,13.36,13.77,13.2,13.36,1341808,0.0,0.0
2000-07-07 00:00:00+08:00,13.53,13.53,12.96,12.96,869950,0.0,0.0
2000-07-10 00:00:00+08:00,13.04,13.12,12.55,12.96,900086,0.0,0.0
2000-07-11 00:00:00+08:00,12.88,13.28,12.72,12.88,905729,0.0,0.0
2000-07-12 00:00:00+08:00,12.96,13.12,12.8,12.96,1428294,0.0,0.0
2000-07-13 00:00:00+08:00,13.12,13.61,13.12,13.28,2062212,0.0,0.0
2000-07-14 00:00:00+08:00,13.45,14.09,13.28,13.77,3687852,0.0,0.0
2000-07-17 00:00:00+08:00,13.61,13.61,13.2,13.36,1394048,0.0,0.0
2000-07-18 00:00:00+08:00,13.28,13.45,13.12,13.2,938419,0.0,0.0
2000-07-20 00:00:00+08:00,13.93,14.26,13.77,14.01,4330457,0.0,0.0
2000-07-21 00:00:00+08:00,14.17,14.17,13.61,13.77,2742937,0.0,0.0
2000-07-24 00:00:00+08:00,13.77,13.93,13.61,13.77,1569030,0.0,0.0
2000-07-25 00:00:00+08:00,13.61,13.93,13.36,13.36,1722891,0.0,0.0
2000-07-26 00:00:00+08:00,13.36,13.77,13.28,13.36,1288100,0.0,0.0
2000-07-27 00:00:00+08:00,13.28,13.93,13.2,13.85,4128558,0.0,0.0
2000-07-28 00:00:00+08:00,13.85,14.09,13.77,13.85,2695021,0.0,0.0
2000-07-31 00:00:00+08:00,13.61,13.85,13.61,13.77,1966171,0.0,0.0
2000-08-01 00:00:00+08:00,13.93,13.93,13.45,13.53,1283188,0.0,0.0
2000-08-02 00:00:00+08:00,13.45,13.45,13.12,13.12,1218990,0.0,0.0
2000-08-03 00:00:00+08:00,13.12,13.77,12.88,13.61,2650811,0.0,0.0
2000-08-04 00:00:00+08:00,13.77,13.77,13.45,13.53,924724,0.0,0.0
2000-08-07 00:00:00+08:00,13.36,13.36,13.2,13.28,523775,0.0,0.0
2000-08-08 00:00:00+08:00,13.04,13.28,12.55,12.55,4093506,0.0,0.0
2000-08-09 00:00:00+08:00,12.39,12.96,12.31,12.88,5393273,0.0,0.0
2000-08-10 00:00:00+08:00,12.88,12.88,12.55,12.64,1752229,0.0,0.0
2000-08-11 00:00:00+08:00,12.64,13.12,12.47,12.96,3498012,0.0,0.0
2000-08-14 00:00:00+08:00,12.96,13.28,12.8,12.8,2219839,0.0,0.0
2000-08-15 00:00:00+08:00,12.8,13.12,12.8,12.96,1532893,0.0,0.0
2000-08-16 00:00:00+08:00,13.12,13.28,13.04,13.12,1570521,0.0,0.0
2000-08-17 00:00:00+08:00,13.28,13.93,13.28,13.69,6128328,0.0,0.0
2000-08-18 00:00:00+08:00,14.01,14.17,13.85,13.93,5246661,0.0,0.0
2000-08-21 00:00:00+08:00,14.9,15.55,14.9,14.9,11571404,0.0,0.0
2000-08-22 00:00:00+08:00,14.98,15.15,14.58,14.9,9054091,0.0,0.0
2000-08-23 00:00:00+08:00,14.9,14.9,14.9,14.9,0,0.0,0.0
2000-08-24 00:00:00+08:00,14.82,15.15,14.58,14.66,6845339,0.0,0.0
2000-08-25 00:00:00+08:00,14.66,14.66,14.17,14.26,2568697,0.0,0.0
2000-08-28 00:00:00+08:00,14.01,14.66,14.01,14.42,3691992,0.0,0.0
2000-08-29 00:00:00+08:00,14.17,15.31,14.17,14.98,7959012,0.0,0.0
2000-08-30 00:00:00+08:00,14.9,15.55,14.58,14.66,7699258,0.0,0.0
2000-08-31 00:00:00+08:00,14.5,14.98,14.5,14.58,5189681,0.0,0.0
2000-09-01 00:00:00+08:00,14.66,15.07,14.58,14.66,4379044,0.0,0.0
2000-09-04 00:00:00+08:00,15.23,15.79,15.07,15.15,11015397,0.0,0.0
2000-09-05 00:00:00+08:00,15.23,15.23,14.82,14.9,4718954,0.0,0.0
2000-09-06 00:00:00+08:00,14.9,15.31,14.58,14.74,5124959,0.0,0.0
2000-09-07 00:00:00+08:00,14.58,15.23,14.58,15.23,6914284,0.0,0.0
2000-09-08 00:00:00+08:00,15.39,15.47,14.82,15.07,5375123,0.0,0.0
2000-09-11 00:00:00+08:00,14.9,15.23,14.9,15.07,2743999,0.0,0.0
2000-09-12 00:00:00+08:00,15.07,15.07,15.07,15.07,0,0.0,0.0
2000-09-13 00:00:00+08:00,14.98,15.07,14.17,14.66,4706343,0.0,0.0
2000-09-14 00:00:00+08:00,14.58,14.74,14.17,14.42,5246980,0.0,0.0
2000-09-15 00:00:00+08:00,14.42,14.74,14.17,14.17,2474660,0.0,0.0
2000-09-18 00:00:00+08:00,14.17,14.5,14.17,14.34,2083014,0.0,0.0
2000-09-19 00:00:00+08:00,14.17,14.42,14.01,14.01,1436514,0.0,0.0
2000-09-20 00:00:00+08:00,14.26,14.34,13.77,13.77,1950792,0.0,0.0
2000-09-21 00:00:00+08:00,13.77,14.42,13.77,14.17,2701149,0.0,0.0
2000-09-22 00:00:00+08:00,14.09,14.09,13.53,13.77,2697266,0.0,0.0
2000-09-25 00:00:00+08:00,13.77,13.93,13.45,13.93,1175669,0.0,0.0
2000-09-26 00:00:00+08:00,13.85,14.09,13.53,13.85,1330470,0.0,0.0
2000-09-27 00:00:00+08:00,13.85,14.17,13.69,14.01,1098973,0.0,0.0
2000-09-28 00:00:00+08:00,14.09,14.17,13.77,13.85,905566,0.0,0.0
2000-09-29 00:00:00+08:00,13.85,14.17,13.69,14.01,2385642,0.0,0.0
2000-10-02 00:00:00+08:00,13.85,14.26,13.85,13.93,2272377,0.0,0.0
2000-10-03 00:00:00+08:00,13.77,13.85,12.96,13.12,1907545,0.0,0.0
2000-10-04 00:00:00+08:00,12.72,12.72,12.72,12.72,1167212,0.0,0.0
2000-10-05 00:00:00+08:00,12.39,12.72,12.39,12.55,1442538,0.0,0.0
2000-10-06 00:00:00+08:00,12.47,13.36,12.47,13.36,3064488,0.0,0.0
2000-10-09 00:00:00+08:00,13.36,13.45,12.88,12.88,733286,0.0,0.0
2000-10-10 00:00:00+08:00,12.88,12.88,12.88,12.88,0,0.0,0.0
2000-10-11 00:00:00+08:00,12.47,12.55,12.47,12.47,864117,0.0,0.0
2000-10-12 00:00:00+08:00,11.62,12.31,11.62,11.74,1497537,0.0,0.0
2000-10-13 00:00:00+08:00,11.02,11.42,10.93,11.26,2173924,0.0,0.0
2000-10-16 00:00:00+08:00,11.26,11.26,11.26,11.26,0,0.0,0.0
2000-10-17 00:00:00+08:00,11.1,11.34,10.73,11.18,1582807,0.0,0.0
2000-10-18 00:00:00+08:00,10.45,11.02,10.41,10.41,2036681,0.0,0.0
2000-10-19 00:00:00+08:00,9.72,9.72,9.72,9.72,295619,0.0,0.0
2000-10-20 00:00:00+08:00,9.72,10.37,9.72,10.37,3037408,0.0,0.0
2000-10-23 00:00:00+08:00,10.85,11.06,10.69,10.69,1188567,0.0,0.0
2000-10-24 00:00:00+08:00,10.53,11.26,10.49,11.14,3510030,0.0,0.0
2000-10-25 00:00:00+08:00,11.02,11.42,10.93,11.22,3358274,0.0,0.0
2000-10-26 00:00:00+08:00,10.85,11.1,10.85,10.85,2103964,0.0,0.0
2000-10-27 00:00:00+08:00,10.85,10.85,10.85,10.85,0,0.0,0.0
2000-10-30 00:00:00+08:00,10.12,10.12,10.12,10.12,59876,0.0,0.0
2000-10-31 00:00:00+08:00,9.8,9.8,9.8,9.8,303607,0.0,0.0
2000-11-01 00:00:00+08:00,9.48,9.68,9.48,9.48,485435,0.0,0.0
2000-11-02 00:00:00+08:00,9.15,9.48,9.15,9.48,3969282,0.0,0.0
2000-11-03 00:00:00+08:00,9.6,9.88,9.31,9.88,3892586,0.0,0.0
2000-11-06 00:00:00+08:00,9.31,9.48,9.23,9.23,1373901,0.0,0.0
2000-11-07 00:00:00+08:00,9.15,9.84,9.15,9.84,4005934,0.0,0.0
2000-11-08 00:00:00+08:00,10.29,10.53,10.12,10.53,4708337,0.0,0.0
2000-11-09 00:00:00+08:00,10.37,10.93,10.12,10.85,5519939,0.0,0.0
2000-11-10 00:00:00+08:00,10.85,11.18,10.61,10.61,4506487,0.0,0.0
2000-11-13 00:00:00+08:00,10.33,10.61,10.25,10.45,2945631,0.0,0.0
2000-11-14 00:00:00+08:00,10.53,10.65,10.12,10.37,2530681,0.0,0.0
2000-11-15 00:00:00+08:00,10.65,10.97,10.37,10.41,4272729,0.0,0.0
2000-11-16 00:00:00+08:00,10.12,10.65,10.12,10.57,4443348,0.0,0.0
2000-11-17 00:00:00+08:00,10.29,11.3,10.29,11.3,8923685,0.0,0.0
2000-11-20 00:00:00+08:00,10.37,10.77,10.37,10.77,4045156,0.0,0.0
2000-11-21 00:00:00+08:00,10.77,11.5,10.77,11.5,7804694187,0.0,0.0
2000-11-22 00:00:00+08:00,11.54,12.11,11.5,11.5,14290685,0.0,0.0
2000-11-23 00:00:00+08:00,11.34,11.66,11.14,11.58,4635234,0.0,0.0
2000-11-24 00:00:00+08:00,11.66,11.91,11.38,11.58,4698821,0.0,0.0
2000-11-27 00:00:00+08:00,11.74,11.74,11.18,11.18,2958435,0.0,0.0
2000-11-28 00:00:00+08:00,10.85,11.06,10.81,10.85,2983799,0.0,0.0
2000-11-29 00:00:00+08:00,10.85,11.22,10.85,11.02,3368367,0.0,0.0
2000-11-30 00:00:00+08:00,10.93,11.14,10.65,10.65,2751883,0.0,0.0
2000-12-01 00:00:00+08:00,10.37,10.57,10.29,10.57,3014376,0.0,0.0
2000-12-04 00:00:00+08:00,10.45,10.53,10.29,10.33,1224828,0.0,0.0
2000-12-05 00:00:00+08:00,10.29,10.41,10.04,10.33,2515927,0.0,0.0
2000-12-06 00:00:00+08:00,10.77,10.85,10.61,10.61,3530648,0.0,0.0
2000-12-07 00:00:00+08:00,10.53,10.69,10.45,10.45,968976,0.0,0.0
2000-12-08 00:00:00+08:00,10.53,10.77,10.45,10.77,1684622,0.0,0.0
2000-12-11 00:00:00+08:00,10.85,11.1,10.85,10.97,1849805,0.0,0.0
2000-12-12 00:00:00+08:00,11.1,11.1,10.81,10.97,3171040,0.0,0.0
2000-12-13 00:00:00+08:00,10.85,10.97,10.81,10.89,1319913730,0.0,0.0
2000-12-14 00:00:00+08:00,10.89,10.93,10.53,10.89,2389314,0.0,0.0
2000-12-15 00:00:00+08:00,10.77,10.81,10.77,10.81,816086,0.0,0.0
2000-12-18 00:00:00+08:00,10.85,10.89,10.53,10.57,1385991,0.0,0.0
2000-12-19 00:00:00+08:00,10.57,10.57,10.21,10.25,771371231,0.0,0.0
2000-12-20 00:00:00+08:00,9.92,9.96,9.92,9.92,543122,0.0,0.0
2000-12-21 00:00:00+08:00,9.6,9.6,9.6,9.6,423452,0.0,0.0
2000-12-22 00:00:00+08:00,9.27,9.52,9.27,9.27,1419478,0.0,0.0
2000-12-25 00:00:00+08:00,9.27,9.27,9.27,9.27,0,0.0,0.0
2000-12-26 00:00:00+08:00,9.31,9.44,8.95,8.99,2521011,0.0,0.0
2000-12-27 00:00:00+08:00,8.99,8.99,8.71,8.75,2222467,0.0,0.0
2000-12-28 00:00:00+08:00,8.71,8.91,8.46,8.71,2724243,0.0,0.0
2000-12-29 00:00:00+08:00,8.67,8.67,8.42,8.5,2483871,0.0,0.0
2001-01-01 00:00:00+08:00,8.5,8.5,8.5,8.5,0,0.0,0.0
2001-01-02 00:00:00+08:00,8.42,9.11,8.14,9.11,3033867,0.0,0.0
2001-01-03 00:00:00+08:00,8.87,9.11,8.75,8.75,2617475,0.0,0.0
2001-01-04 00:00:00+08:00,9.36,9.36,9.07,9.36,8035224,0.0,0.0
2001-01-05 00:00:00+08:00,9.48,10.0,9.36,10.0,7280922,0.0,0.0
2001-01-08 00:00:00+08:00,10.0,10.29,9.68,9.8,7510131,0.0,0.0
2001-01-09 00:00:00+08:00,9.56,10.04,9.56,10.04,8912326,0.0,0.0
2001-01-10 00:00:00+08:00,10.08,10.08,9.76,9.84,5072602,0.0,0.0
2001-01-11 00:00:00+08:00,10.04,10.49,9.96,10.04,11101047,0.0,0.0
2001-01-12 00:00:00+08:00,10.29,10.29,9.96,10.16,3191202,0.0,0.0
2001-01-15 00:00:00+08:00,10.04,10.16,9.88,10.08,1901909,0.0,0.0
2001-01-16 00:00:00+08:00,10.08,10.69,10.08,10.69,6136248,0.0,0.0
2001-01-17 00:00:00+08:00,10.61,10.61,10.37,10.53,4149952,0.0,0.0
2001-01-18 00:00:00+08:00,10.53,10.53,9.84,9.96,3758451,0.0,0.0
2001-01-19 00:00:00+08:00,9.96,9.96,9.96,9.96,0,0.0,0.0
2001-01-29 00:00:00+08:00,9.72,9.96,9.56,9.56,3545556,0.0,0.0
2001-01-30 00:00:00+08:00,9.92,10.21,9.76,10.21,7100519,0.0,0.0
2001-01-31 00:00:00+08:00,10.53,10.69,10.53,10.57,7257107,0.0,0.0
2001-02-01 00:00:00+08:00,10.61,11.3,10.61,11.1,17121420,0.0,0.0
2001-02-02 00:00:00+08:00,11.3,11.34,10.89,11.1,8763168,0.0,0.0
2001-02-05 00:00:00+08:00,10.85,11.5,10.65,11.3,8591929407,0.0,0.0
2001-02-06 00:00:00+08:00,11.3,11.3,10.93,11.1,4859159,0.0,0.0
2001-02-07 00:00:00+08:00,11.02,11.14,10.85,10.85,2002876,0.0,0.0
2001-02-08 00:00:00+08:00,10.85,11.18,10.85,11.18,3360268,0.0,0.0
2001-02-09 00:00:00+08:00,11.42,11.83,11.38,11.66,12023065,0.0,0.0
2001-02-12 00:00:00+08:00,11.74,11.87,11.46,11.74,5287859,0.0,0.0
2001-02-13 00:00:00+08:00,11.91,12.07,11.91,11.99,7483616,0.0,0.0
2001-02-14 00:00:00+08:00,11.99,11.99,11.34,11.34,2828451,0.0,0.0
2001-02-15 00:00:00+08:00,11.5,11.74,11.5,11.74,2747939,0.0,0.0
2001-02-16 00:00:00+08:00,11.78,11.78,11.26,11.34,3534827,0.0,0.0
2001-02-19 00:00:00+08:00,11.06,11.18,10.69,11.02,4009118,0.0,0.0
2001-02-20 00:00:00+08:00,11.1,11.3,10.93,11.02,2165065,0.0,0.0
2001-02-21 00:00:00+08:00,10.77,11.18,10.77,11.1,1450494,0.0,0.0
2001-02-22 00:00:00+08:00,10.93,11.02,10.69,10.89,1040075,0.0,0.0
2001-02-23 00:00:00+08:00,10.89,10.89,10.53,10.77,1291126,0.0,0.0
2001-02-26 00:00:00+08:00,10.53,10.61,10.37,10.41,2558439,0.0,0.0
2001-02-27 00:00:00+08:00,10.53,10.61,10.37,10.49,2015725,0.0,0.0
2001-02-28 00:00:00+08:00,10.49,10.49,10.49,10.49,0,0.0,0.0
2001-03-01 00:00:00+08:00,10.37,11.02,10.37,10.77,3791327,0.0,0.0
2001-03-02 00:00:00+08:00,10.93,10.97,10.49,10.53,3565990,0.0,0.0
2001-03-05 00:00:00+08:00,10.53,10.69,10.29,10.53,2901361,0.0,0.0
2001-03-06 00:00:00+08:00,10.85,10.85,10.45,10.53,6776845,0.0,0.0
2001-03-07 00:00:00+08:00,10.61,11.06,10.53,11.02,8211990,0.0,0.0
2001-03-08 00:00:00+08:00,11.1,11.34,11.02,11.14,8737028,0.0,0.0
2001-03-09 00:00:00+08:00,11.14,11.34,11.06,11.14,5057961,0.0,0.0
2001-03-12 00:00:00+08:00,10.89,11.02,10.85,10.89,2078226176,0.0,0.0
2001-03-13 00:00:00+08:00,10.73,11.34,10.73,11.26,5025580,0.0,0.0
2001-03-15 00:00:00+08:00,10.85,11.1,10.85,11.1,3104714,0.0,0.0
2001-03-16 00:00:00+08:00,11.22,11.58,11.22,11.22,18405048,0.0,0.0
2001-03-19 00:00:00+08:00,11.1,11.18,10.57,10.77,4113864,0.0,0.0
2001-03-20 00:00:00+08:00,10.77,10.93,10.61,10.69,3502610,0.0,0.0
2001-03-21 00:00:00+08:00,10.49,10.69,10.49,10.53,1708417,0.0,0.0
2001-03-22 00:00:00+08:00,10.53,10.77,10.53,10.69,2755759,0.0,0.0
2001-03-23 00:00:00+08:00,10.85,10.93,10.73,10.73,2747858,0.0,0.0
2001-03-26 00:00:00+08:00,10.81,10.93,10.57,10.93,3069076,0.0,0.0
2001-03-27 00:00:00+08:00,11.02,11.1,10.69,10.69,3054250,0.0,0.0
2001-03-28 00:00:00+08:00,10.85,10.93,10.77,10.89,1907480,0.0,0.0
2001-03-29 00:00:00+08:00,10.89,11.02,10.69,11.02,2729047,0.0,0.0
2001-03-30 00:00:00+08:00,11.1,11.1,10.77,11.06,3320641,0.0,0.0
2001-04-02 00:00:00+08:00,10.85,10.93,10.53,10.65,991525,0.0,0.0
2001-04-03 00:00:00+08:00,10.45,10.61,10.25,10.29,1708180,0.0,0.0
2001-04-04 00:00:00+08:00,10.12,10.53,10.12,10.49,1123563,0.0,0.0
2001-04-06 00:00:00+08:00,10.61,10.81,10.37,10.49,1900744,0.0,0.0
2001-04-09 00:00:00+08:00,10.53,10.53,10.12,10.25,1583935,0.0,0.0
2001-04-10 00:00:00+08:00,10.29,10.29,9.96,9.96,3327986,0.0,0.0
2001-04-11 00:00:00+08:00,10.16,10.16,9.8,9.96,1655122,0.0,0.0
2001-04-12 00:00:00+08:00,9.96,10.21,9.96,10.16,1809039,0.0,0.0
2001-04-13 00:00:00+08:00,10.33,10.49,10.25,10.49,5010123,0.0,0.0
2001-04-16 00:00:00+08:00,10.53,10.61,10.33,10.37,5626806,0.0,0.0
2001-04-17 00:00:00+08:00,10.21,10.37,9.92,10.12,2836550,0.0,0.0
2001-04-18 00:00:00+08:00,10.16,10.37,10.04,10.12,4988642,0.0,0.0
2001-04-19 00:00:00+08:00,10.37,10.45,9.92,10.21,10518221,0.0,0.0
2001-04-20 00:00:00+08:00,10.29,10.57,10.25,10.53,9368603,0.0,0.0
2001-04-23 00:00:00+08:00,10.53,10.93,10.53,10.85,7492992,0.0,0.0
2001-04-24 00:00:00+08:00,10.77,10.93,10.73,10.85,5046462,0.0,0.0
2001-04-25 00:00:00+08:00,10.85,10.85,10.69,10.77,3622167,0.0,0.0
2001-04-27 00:00:00+08:00,10.53,10.61,10.16,10.16,1870700,0.0,0.0
2001-04-30 00:00:00+08:00,10.16,10.33,10.0,10.29,2033908,0.0,0.0
2001-05-01 00:00:00+08:00,10.29,10.29,10.29,10.29,0,0.0,0.0
2001-05-02 00:00:00+08:00,10.29,10.45,9.88,10.29,2768963,0.0,0.0
2001-05-03 00:00:00+08:00,10.25,10.29,10.04,10.25,1869019,0.0,0.0
2001-05-04 00:00:00+08:00,10.21,10.21,9.8,10.04,3277879,0.0,0.0
2001-05-07 00:00:00+08:00,10.0,10.12,9.88,9.92,1216771,0.0,0.0
2001-05-08 00:00:00+08:00,9.8,9.92,9.48,9.84,2307235,0.0,0.0
2001-05-09 00:00:00+08:00,9.84,9.96,9.6,9.84,1745783,0.0,0.0
2001-05-10 00:00:00+08:00,9.84,9.84,9.31,9.48,3244588901,0.0,0.0
2001-05-11 00:00:00+08:00,9.31,9.56,9.07,9.36,3327986,0.0,0.0
2001-05-14 00:00:00+08:00,8.99,9.31,8.99,9.11,1085827,0.0,0.0
2001-05-15 00:00:00+08:00,9.11,9.27,9.11,9.23,729256,0.0,0.0
2001-05-16 00:00:00+08:00,9.11,9.23,9.07,9.15,1700254,0.0,0.0
2001-05-17 00:00:00+08:00,9.19,9.31,9.19,9.31,1641643,0.0,0.0
2001-05-18 00:00:00+08:00,9.4,9.4,9.15,9.19,1189599,0.0,0.0
2001-05-21 00:00:00+08:00,9.19,9.19,8.75,8.75,1169496,0.0,0.0
2001-05-22 00:00:00+08:00,8.83,9.03,8.75,8.95,1955192,0.0,0.0
2001-05-23 00:00:00+08:00,8.95,9.56,8.87,9.56,2300377,0.0,0.0
2001-05-24 00:00:00+08:00,9.44,9.88,9.4,9.72,3775987,0.0,0.0
2001-05-25 00:00:00+08:00,9.56,9.72,9.44,9.48,1635927,0.0,0.0
2001-05-28 00:00:00+08:00,9.4,9.48,9.15,9.19,1337666,0.0,0.0
2001-05-29 00:00:00+08:00,9.07,9.31,9.07,9.07,2288676173,0.0,0.0
2001-05-30 00:00:00+08:00,9.07,9.07,8.99,9.03,1135041,0.0,0.0
2001-05-31 00:00:00+08:00,8.99,9.07,8.83,9.07,975027,0.0,0.0
2001-06-01 00:00:00+08:00,9.07,9.11,8.83,8.87,1271258,0.0,0.0
2001-06-04 00:00:00+08:00,8.87,8.91,8.55,8.59,1608617,0.0,0.0
2001-06-05 00:00:00+08:00,8.59,8.75,8.59,8.75,1222728,0.0,0.0
2001-06-06 00:00:00+08:00,8.75,9.03,8.75,8.91,3969813,0.0,0.0
2001-06-07 00:00:00+08:00,8.91,8.91,8.55,8.63,2130153,0.0,0.0
2001-06-08 00:00:00+08:00,8.91,9.19,8.79,8.95,8267591,0.0,0.0
2001-06-11 00:00:00+08:00,8.95,9.23,8.95,9.15,6859255,0.0,0.0
2001-06-12 00:00:00+08:00,9.19,9.6,9.19,9.44,8842603,0.0,0.0
2001-06-13 00:00:00+08:00,9.44,9.44,9.11,9.4,4671870,0.0,0.0
2001-06-14 00:00:00+08:00,9.31,9.31,9.07,9.31,2199964197,0.0,0.0
2001-06-15 00:00:00+08:00,9.27,9.44,9.23,9.27,4045523,0.0,0.0
2001-06-18 00:00:00+08:00,9.27,9.27,9.07,9.07,1866868,0.0,0.0
2001-06-19 00:00:00+08:00,8.87,9.03,8.83,9.03,2481888,0.0,0.0
2001-06-20 00:00:00+08:00,9.03,9.4,8.99,9.4,5589222,0.0,0.0
2001-06-21 00:00:00+08:00,9.48,9.6,9.31,9.36,5617816,0.0,0.0
2001-06-22 00:00:00+08:00,9.44,9.48,9.15,9.23,2236854,0.0,0.0
2001-06-25 00:00:00+08:00,9.23,9.23,9.23,9.23,0,0.0,0.0
2001-06-26 00:00:00+08:00,9.27,9.31,8.91,8.99,2584697,0.0,0.0
2001-06-27 00:00:00+08:00,9.07,9.31,9.07,9.27,4230492,0.0,0.0
2001-06-28 00:00:00+08:00,9.31,9.44,9.15,9.4,2313024,0.0,0.0
2001-06-29 00:00:00+08:00,9.48,9.56,9.31,9.44,7264360,0.0,0.0
2001-07-02 00:00:00+08:00,9.44,9.44,9.11,9.15,1610809,0.0,0.0
2001-07-03 00:00:00+08:00,9.15,9.27,9.15,9.27,1925881,0.0,0.0
2001-07-04 00:00:00+08:00,9.23,9.23,9.03,9.15,1504080,0.0,0.0
2001-07-05 00:00:00+08:00,9.15,9.27,9.07,9.15,2192564,0.0,0.0
2001-07-06 00:00:00+08:00,9.15,9.27,9.07,9.07,1567610,0.0,0.0
2001-07-09 00:00:00+08:00,8.75,8.91,8.55,8.59,2778171,0.0,0.0
2001-07-10 00:00:00+08:00,8.59,8.59,8.3,8.38,4447658,0.0,0.0
2001-07-11 00:00:00+08:00,8.3,8.42,8.3,8.34,924198,0.0,0.0
2001-07-12 00:00:00+08:00,8.34,8.55,8.3,8.55,3278334,0.0,0.0
2001-07-13 00:00:00+08:00,8.59,8.59,8.3,8.42,3224442,0.0,0.0
2001-07-16 00:00:00+08:00,8.46,8.46,8.3,8.34,2587229,0.0,0.0
2001-07-17 00:00:00+08:00,8.34,8.34,8.14,8.3,3332512,0.0,0.0
2001-07-18 00:00:00+08:00,8.26,8.26,7.74,7.78,4815077,0.0,0.0
2001-07-19 00:00:00+08:00,7.33,7.78,7.29,7.69,5793760,0.0,0.0
2001-07-20 00:00:00+08:00,7.45,7.86,7.41,7.86,6152344,0.0,0.0
2001-07-23 00:00:00+08:00,7.99,8.15,7.66,7.72,7903117,0.59,1.3
2001-07-24 00:00:00+08:00,7.61,7.61,7.18,7.18,1765810,0.0,0.0
2001-07-25 00:00:00+08:00,7.07,7.66,7.02,7.66,2995762,0.0,0.0
2001-07-26 00:00:00+08:00,7.72,7.99,7.45,7.93,3637294,0.0,0.0
2001-07-27 00:00:00+08:00,7.93,7.99,7.66,7.66,2917335,0.0,0.0
2001-07-30 00:00:00+08:00,7.66,7.66,7.66,7.66,0,0.0,0.0
2001-07-31 00:00:00+08:00,7.66,7.66,7.45,7.56,1296422,0.0,0.0
2001-08-01 00:00:00+08:00,7.61,7.77,7.5,7.5,1214910,0.0,0.0
2001-08-02 00:00:00+08:00,7.56,7.72,7.56,7.56,4010446,0.0,0.0
2001-08-03 00:00:00+08:00,7.61,7.77,7.56,7.66,3509293,0.0,0.0
2001-08-06 00:00:00+08:00,7.66,7.77,7.61,7.72,2034045,0.0,0.0
2001-08-07 00:00:00+08:00,7.66,7.66,7.56,7.66,1980427,0.0,0.0
2001-08-08 00:00:00+08:00,7.72,8.1,7.66,8.04,5832810,0.0,0.0
2001-08-09 00:00:00+08:00,7.99,8.1,7.88,7.99,2691708,0.0,0.0
2001-08-10 00:00:00+08:00,7.99,8.42,7.93,8.26,10032310,0.0,0.0
2001-08-13 00:00:00+08:00,8.31,8.42,8.1,8.1,2669393,0.0,0.0
2001-08-14 00:00:00+08:00,8.15,8.26,7.99,8.2,2409056,0.0,0.0
2001-08-15 00:00:00+08:00,8.2,8.31,8.1,8.31,3570350,0.0,0.0
2001-08-16 00:00:00+08:00,8.31,8.37,8.1,8.1,1944166,0.0,0.0
2001-08-17 00:00:00+08:00,8.1,8.2,7.77,7.88,1978258,0.0,0.0
2001-08-20 00:00:00+08:00,7.72,7.72,7.61,7.61,2699458,0.0,0.0
2001-08-21 00:00:00+08:00,7.66,7.66,7.56,7.66,1258332,0.0,0.0
2001-08-22 00:00:00+08:00,7.66,7.66,7.56,7.56,1125578,0.0,0.0
2001-08-23 00:00:00+08:00,7.61,7.83,7.61,7.61,1726289,0.0,0.0
2001-08-24 00:00:00+08:00,7.66,7.72,7.34,7.39,2073406,0.0,0.0
2001-08-27 00:00:00+08:00,7.56,7.56,7.34,7.45,1577523,0.0,0.0
2001-08-28 00:00:00+08:00,7.39,7.45,7.23,7.34,876834,0.0,0.0
2001-08-29 00:00:00+08:00,7.34,7.45,7.12,7.45,2616381,0.0,0.0
2001-08-30 00:00:00+08:00,7.34,7.34,7.12,7.23,2658894,0.0,0.0
2001-08-31 00:00:00+08:00,7.12,7.12,6.75,6.91,4844818,0.0,0.0
2001-09-03 00:00:00+08:00,6.91,6.91,6.58,6.8,1687549,0.0,0.0
2001-09-04 00:00:00+08:00,6.8,6.91,6.69,6.91,1901484,0.0,0.0
2001-09-05 00:00:00+08:00,6.85,6.85,6.69,6.75,1313094,0.0,0.0
2001-09-06 00:00:00+08:00,6.69,6.75,6.58,6.69,970037,0.0,0.0
2001-09-07 00:00:00+08:00,6.48,6.64,6.42,6.64,3473294,0.0,0.0
2001-09-10 00:00:00+08:00,6.53,6.75,6.48,6.75,1499913,0.0,0.0
2001-09-11 00:00:00+08:00,6.64,6.69,6.48,6.64,1258504,0.0,0.0
2001-09-12 00:00:00+08:00,6.64,6.64,6.64,6.64,0,0.0,0.0
2001-09-13 00:00:00+08:00,6.21,6.21,6.21,6.21,1019219,0.0,0.0
2001-09-14 00:00:00+08:00,5.78,6.1,5.78,5.88,3938960,0.0,0.0
2001-09-17 00:00:00+08:00,5.88,5.88,5.88,5.88,0,0.0,0.0
2001-09-20 00:00:00+08:00,5.88,6.1,5.83,6.05,3429491,0.0,0.0
2001-09-21 00:00:00+08:00,5.88,5.99,5.88,5.99,3573544,0.0,0.0
2001-09-24 00:00:00+08:00,5.99,5.99,5.99,5.99,0,0.0,0.0
2001-09-25 00:00:00+08:00,6.69,6.8,6.48,6.53,5696056,0.0,0.0
2001-09-26 00:00:00+08:00,6.58,6.96,6.53,6.96,5502460,0.0,0.0
2001-09-27 00:00:00+08:00,6.91,7.18,6.8,7.02,4693073,0.0,0.0
2001-09-28 00:00:00+08:00,7.02,7.02,7.02,7.02,0,0.0,0.0
2001-10-02 00:00:00+08:00,6.8,6.8,6.48,6.58,4237499,0.0,0.0
2001-10-03 00:00:00+08:00,6.69,6.75,6.58,6.64,3430575,0.0,0.0
2001-10-04 00:00:00+08:00,7.02,7.02,6.75,6.75,2263734,0.0,0.0
2001-10-05 00:00:00+08:00,6.75,6.91,6.58,6.91,1876178,0.0,0.0
2001-10-08 00:00:00+08:00,6.85,6.91,6.75,6.75,1452661,0.0,0.0
2001-10-09 00:00:00+08:00,6.8,7.02,6.8,6.96,1853639,0.0,0.0
2001-10-10 00:00:00+08:00,6.96,6.96,6.96,6.96,0,0.0,0.0
2001-10-11 00:00:00+08:00,7.02,7.45,7.02,7.39,5483410,0.0,0.0
2001-10-12 00:00:00+08:00,7.45,7.45,7.02,7.18,3418274,0.0,0.0
2001-10-15 00:00:00+08:00,7.02,7.12,6.75,6.85,1819901,0.0,0.0
2001-10-16 00:00:00+08:00,6.85,6.85,6.58,6.85,3216104,0.0,0.0
2001-10-17 00:00:00+08:00,6.8,6.85,6.58,6.75,3861974,0.0,0.0
2001-10-18 00:00:00+08:00,6.58,6.69,6.58,6.64,2331438,0.0,0.0
2001-10-19 00:00:00+08:00,6.64,6.85,6.64,6.75,2575211,0.0,0.0
2001-10-22 00:00:00+08:00,6.8,6.96,6.75,6.85,3487118,0.0,0.0
2001-10-23 00:00:00+08:00,6.96,7.02,6.75,6.8,2702904,0.0,0.0
2001-10-24 00:00:00+08:00,6.8,6.96,6.69,6.96,5864577,0.0,0.0
2001-10-25 00:00:00+08:00,7.02,7.29,6.96,7.12,7961693,0.0,0.0
2001-10-26 00:00:00+08:00,7.23,7.56,7.23,7.34,13431367,0.0,0.0
2001-10-29 00:00:00+08:00,7.34,7.34,7.18,7.18,3818355,0.0,0.0
2001-10-30 00:00:00+08:00,7.02,7.07,6.85,6.85,4836389,0.0,0.0
2001-10-31 00:00:00+08:00,6.85,7.18,6.85,7.07,4482602,0.0,0.0
2001-11-01 00:00:00+08:00,7.18,7.5,7.18,7.5,13807216,0.0,0.0
2001-11-02 00:00:00+08:00,7.66,7.77,7.34,7.45,13270234,0.0,0.0
2001-11-05 00:00:00+08:00,7.5,7.72,7.45,7.72,7914855,0.0,0.0
2001-11-06 00:00:00+08:00,7.77,7.77,7.39,7.45,5793202,0.0,0.0
2001-11-07 00:00:00+08:00,7.5,7.66,7.45,7.5,7296803,0.0,0.0
2001-11-08 00:00:00+08:00,7.56,7.77,7.56,7.66,13065436,0.0,0.0
2001-11-12 00:00:00+08:00,7.56,7.56,7.34,7.5,4476992,0.0,0.0
2001-11-13 00:00:00+08:00,7.5,7.56,7.39,7.5,6004513,0.0,0.0
2001-11-14 00:00:00+08:00,7.66,7.88,7.56,7.83,12731771,0.0,0.0
2001-11-15 00:00:00+08:00,7.88,7.93,7.72,7.93,11289397,0.0,0.0
2001-11-16 00:00:00+08:00,8.2,8.42,8.1,8.26,20698441,0.0,0.0
2001-11-19 00:00:00+08:00,8.26,8.37,8.04,8.31,9560724,0.0,0.0
2001-11-20 00:00:00+08:00,8.42,8.58,7.93,7.93,15347459,0.0,0.0
2001-11-21 00:00:00+08:00,8.04,8.31,7.99,8.31,8883507,0.0,0.0
2001-11-22 00:00:00+08:00,8.31,8.31,7.99,8.1,4574544,0.0,0.0
2001-11-23 00:00:00+08:00,8.2,8.31,8.04,8.31,6311338,0.0,0.0
2001-11-26 00:00:00+08:00,8.42,8.8,8.42,8.8,14321721,0.0,0.0
2001-11-27 00:00:00+08:00,8.91,8.96,8.42,8.53,10850249,0.0,0.0
2001-11-28 00:00:00+08:00,8.47,8.64,8.1,8.1,4816116,0.0,0.0
2001-11-29 00:00:00+08:00,8.1,8.31,8.1,8.2,4365627,0.0,0.0
2001-11-30 00:00:00+08:00,8.31,8.58,8.26,8.53,7162373,0.0,0.0
2001-12-03 00:00:00+08:00,8.64,9.07,8.64,8.96,10514405,0.0,0.0
2001-12-04 00:00:00+08:00,8.8,8.96,8.69,8.91,7392515,0.0,0.0
2001-12-05 00:00:00+08:00,9.18,9.5,9.18,9.5,17538125,0.0,0.0
2001-12-06 00:00:00+08:00,9.99,9.99,9.66,9.72,19552884,0.0,0.0
2001-12-07 00:00:00+08:00,9.72,10.04,9.61,9.88,13400261,0.0,0.0
2001-12-10 00:00:00+08:00,9.66,9.93,9.5,9.93,9863929,0.0,0.0
2001-12-11 00:00:00+08:00,9.88,10.26,9.72,9.88,19747461,0.0,0.0
2001-12-12 00:00:00+08:00,9.93,10.26,9.88,10.15,18122235,0.0,0.0
2001-12-13 00:00:00+08:00,10.15,10.31,9.45,9.55,16347832,0.0,0.0
2001-12-14 00:00:00+08:00,9.39,9.72,9.34,9.55,8467664,0.0,0.0
2001-12-17 00:00:00+08:00,9.55,9.72,9.18,9.18,8279676,0.0,0.0
2001-12-18 00:00:00+08:00,9.28,9.45,8.85,8.96,6949975,0.0,0.0
2001-12-19 00:00:00+08:00,9.12,9.18,8.91,8.96,4789826,0.0,0.0
2001-12-20 00:00:00+08:00,9.07,9.28,8.96,9.28,6051804,0.0,0.0
2001-12-21 00:00:00+08:00,9.07,9.23,8.85,8.85,4655773,0.0,0.0
2001-12-24 00:00:00+08:00,8.96,9.07,8.8,9.01,3989465,0.0,0.0
2001-12-25 00:00:00+08:00,9.01,9.61,9.01,9.61,8383597,0.0,0.0
2001-12-26 00:00:00+08:00,9.72,9.82,9.34,9.39,11475991,0.0,0.0
2001-12-27 00:00:00+08:00,9.61,9.61,8.96,9.01,7702714,0.0,0.0
2001-12-28 00:00:00+08:00,9.12,9.34,9.01,9.34,3655143,0.0,0.0
2001-12-31 00:00:00+08:00,9.5,9.77,9.39,9.72,9865450,0.0,0.0
2002-01-01 00:00:00+08:00,9.72,9.72,9.72,9.72,0,0.0,0.0
2002-01-02 00:00:00+08:00,9.66,9.66,9.34,9.5,7016728,0.0,0.0
2002-01-03 00:00:00+08:00,9.5,9.5,9.5,9.5,0,0.0,0.0
2002-01-04 00:00:00+08:00,9.88,10.15,9.72,9.77,14207110,0.0,0.0
2002-01-07 00:00:00+08:00,9.93,10.15,9.77,9.93,9716806,0.0,0.0
2002-01-08 00:00:00+08:00,9.93,10.26,9.93,10.09,11283923,0.0,0.0
2002-01-09 00:00:00+08:00,10.31,10.58,10.15,10.36,16813868,0.0,0.0
2002-01-10 00:00:00+08:00,10.31,10.31,9.93,10.04,8549097,0.0,0.0
2002-01-11 00:00:00+08:00,10.04,10.15,9.5,9.55,7018175,0.0,0.0
2002-01-14 00:00:00+08:00,9.39,9.55,9.28,9.45,4533486,0.0,0.0
2002-01-15 00:00:00+08:00,9.39,9.72,9.39,9.66,2906085,0.0,0.0
2002-01-16 00:00:00+08:00,9.72,9.82,9.5,9.5,4228585,0.0,0.0
2002-01-17 00:00:00+08:00,9.34,9.82,9.34,9.72,3345810,0.0,0.0
2002-01-18 00:00:00+08:00,9.82,9.93,9.5,9.5,4470839,0.0,0.0
2002-01-21 00:00:00+08:00,9.5,10.15,9.5,10.15,9641544,0.0,0.0
2002-01-22 00:00:00+08:00,10.26,10.74,10.26,10.52,19628693,0.0,0.0
2002-01-23 00:00:00+08:00,10.36,10.74,10.31,10.42,12224909,0.0,0.0
2002-01-24 00:00:00+08:00,10.52,10.9,10.36,10.58,16877034,0.0,0.0
2002-01-25 00:00:00+08:00,10.74,10.79,10.47,10.58,11476549,0.0,0.0
2002-01-28 00:00:00+08:00,11.01,11.28,10.9,11.28,13388363,0.0,0.0
2002-01-29 00:00:00+08:00,11.55,11.77,11.17,11.23,29724869,0.0,0.0
2002-01-30 00:00:00+08:00,11.01,11.23,10.85,11.01,8824255,0.0,0.0
2002-01-31 00:00:00+08:00,11.01,11.01,11.01,11.01,0,0.0,0.0
2002-02-01 00:00:00+08:00,11.33,11.39,10.9,10.9,7351650,0.0,0.0
2002-02-04 00:00:00+08:00,10.9,11.12,10.9,11.01,4727133,0.0,0.0
2002-02-05 00:00:00+08:00,10.9,11.01,10.63,10.85,5015529,0.0,0.0
2002-02-06 00:00:00+08:00,10.96,11.17,10.96,11.06,8148222,0.0,0.0
2002-02-07 00:00:00+08:00,11.06,11.06,11.06,11.06,0,0.0,0.0
2002-02-18 00:00:00+08:00,11.23,11.28,10.79,10.79,6991936,0.0,0.0
2002-02-19 00:00:00+08:00,10.85,11.06,10.79,10.96,6093552,0.0,0.0
2002-02-20 00:00:00+08:00,10.9,10.96,10.69,10.69,3696038,0.0,0.0
2002-02-21 00:00:00+08:00,10.85,10.85,10.47,10.47,3892806,0.0,0.0
2002-02-22 00:00:00+08:00,10.26,10.63,10.26,10.58,4801582534,0.0,0.0
2002-02-25 00:00:00+08:00,10.47,10.69,10.26,10.26,3445254,0.0,0.0
2002-02-26 00:00:00+08:00,10.47,10.52,9.55,9.55,9418331,0.0,0.0
2002-02-27 00:00:00+08:00,9.55,9.88,9.39,9.82,10235374,0.0,0.0
2002-02-28 00:00:00+08:00,9.82,9.82,9.82,9.82,0,0.0,0.0
2002-03-01 00:00:00+08:00,9.82,9.82,9.39,9.5,9324719,0.0,0.0
2002-03-04 00:00:00+08:00,9.82,9.93,9.72,9.77,24369770139,0.0,0.0
2002-03-05 00:00:00+08:00,9.88,9.93,9.55,9.72,11659271,0.0,0.0
2002-03-06 00:00:00+08:00,9.82,10.36,9.77,10.36,17973131,0.0,0.0
2002-03-07 00:00:00+08:00,10.52,10.52,9.99,9.99,15350691,0.0,0.0
2002-03-08 00:00:00+08:00,10.2,10.2,9.93,10.04,7192886,0.0,0.0
2002-03-11 00:00:00+08:00,9.99,10.31,9.93,10.2,11350368,0.0,0.0
2002-03-12 00:00:00+08:00,10.2,10.2,9.99,9.99,4914376,0.0,0.0
2002-03-13 00:00:00+08:00,9.99,10.15,9.93,10.04,4705996,0.0,0.0
2002-03-14 00:00:00+08:00,10.04,10.04,9.82,9.93,2635618,0.0,0.0
2002-03-15 00:00:00+08:00,9.99,10.26,9.93,9.99,8799192,0.0,0.0
2002-03-18 00:00:00+08:00,10.15,10.2,9.99,10.04,4262105,0.0,0.0
2002-03-19 00:00:00+08:00,10.15,10.2,9.82,9.88,3608470,0.0,0.0
2002-03-20 00:00:00+08:00,9.88,10.15,9.88,10.09,3034488,0.0,0.0
2002-03-21 00:00:00+08:00,10.04,10.15,9.99,10.04,2364761,0.0,0.0
2002-03-22 00:00:00+08:00,10.15,10.74,10.09,10.47,15498696,0.0,0.0
2002-03-25 00:00:00+08:00,10.47,10.47,10.15,10.26,5428110,0.0,0.0
2002-03-26 00:00:00+08:00,10.2,10.31,10.04,10.09,5847144,0.0,0.0
2002-03-27 00:00:00+08:00,10.09,10.2,9.77,9.82,5828326,0.0,0.0
2002-03-28 00:00:00+08:00,9.82,9.93,9.82,9.93,2908685,0.0,0.0
2002-03-29 00:00:00+08:00,9.99,10.04,9.82,9.93,2529808,0.0,0.0
2002-04-01 00:00:00+08:00,9.93,10.04,9.82,9.93,2824146,0.0,0.0
2002-04-02 00:00:00+08:00,10.04,10.26,10.04,10.09,6661152,0.0,0.0
2002-04-03 00:00:00+08:00,10.09,10.2,9.99,10.04,2141592,0.0,0.0
2002-04-04 00:00:00+08:00,10.04,10.04,9.72,9.72,6006379,0.0,0.0
2002-04-08 00:00:00+08:00,9.72,9.77,9.28,9.39,6455499,0.0,0.0
2002-04-09 00:00:00+08:00,9.5,9.66,9.39,9.45,5265233,0.0,0.0
2002-04-10 00:00:00+08:00,9.45,9.72,9.39,9.55,5662970,0.0,0.0
2002-04-11 00:00:00+08:00,9.55,9.66,9.45,9.5,4495757,0.0,0.0
2002-04-12 00:00:00+08:00,9.39,9.61,9.34,9.61,4479611,0.0,0.0
2002-04-15 00:00:00+08:00,9.61,9.77,9.5,9.5,6555563,0.0,0.0
2002-04-16 00:00:00+08:00,9.5,9.88,9.5,9.77,7168328,0.0,0.0
2002-04-17 00:00:00+08:00,9.88,9.93,9.61,9.66,7554433,0.0,0.0
2002-04-18 00:00:00+08:00,9.82,9.82,9.5,9.55,3284201,0.0,0.0
2002-04-19 00:00:00+08:00,9.55,9.55,9.39,9.39,4763060,0.0,0.0
2002-04-22 00:00:00+08:00,9.39,9.61,9.39,9.61,5580643,0.0,0.0
2002-04-23 00:00:00+08:00,9.55,9.55,9.39,9.45,1839073,0.0,0.0
2002-04-24 00:00:00+08:00,9.45,9.55,9.45,9.45,1860734,0.0,0.0
2002-04-25 00:00:00+08:00,9.39,9.45,9.28,9.34,2256169,0.0,0.0
2002-04-26 00:00:00+08:00,9.39,9.45,9.18,9.18,2788687,0.0,0.0
2002-04-29 00:00:00+08:00,9.18,9.28,9.12,9.23,4163565,0.0,0.0
2002-04-30 00:00:00+08:00,9.23,9.5,9.23,9.5,3571589,0.0,0.0
2002-05-02 00:00:00+08:00,9.55,9.55,9.12,9.12,4311724,0.0,0.0
2002-05-03 00:00:00+08:00,9.01,9.28,8.96,9.12,1804600,0.0,0.0
2002-05-06 00:00:00+08:00,9.07,9.07,8.53,8.64,4433806,0.0,0.0
2002-05-07 00:00:00+08:00,8.64,9.07,8.58,8.96,3792814,0.0,0.0
2002-05-08 00:00:00+08:00,9.07,9.07,8.8,8.8,2361641,0.0,0.0
2002-05-09 00:00:00+08:00,9.12,9.12,8.91,8.91,2230508,0.0,0.0
2002-05-10 00:00:00+08:00,8.96,9.18,8.96,9.12,3675641,0.0,0.0
2002-05-13 00:00:00+08:00,9.01,9.12,8.91,9.07,1183664,0.0,0.0
2002-05-14 00:00:00+08:00,9.18,9.18,8.96,9.07,1018886,0.0,0.0
2002-05-15 00:00:00+08:00,9.18,9.34,9.12,9.28,3763753,0.0,0.0
2002-05-16 00:00:00+08:00,9.28,9.28,9.12,9.12,1579079,0.0,0.0
2002-05-17 00:00:00+08:00,9.18,9.34,9.12,9.18,2679840,0.0,0.0
2002-05-20 00:00:00+08:00,9.28,9.28,8.96,9.01,2276752,0.0,0.0
2002-05-21 00:00:00+08:00,9.01,9.23,8.96,9.07,5159497,0.0,0.0
2002-05-22 00:00:00+08:00,9.07,9.5,9.07,9.34,6351286,0.0,0.0
2002-05-23 00:00:00+08:00,9.34,9.34,9.18,9.18,1403966,0.0,0.0
2002-05-24 00:00:00+08:00,9.23,9.61,9.23,9.55,6071553,0.0,0.0
2002-05-27 00:00:00+08:00,9.5,9.61,9.39,9.61,2874906,0.0,0.0
2002-05-28 00:00:00+08:00,9.66,9.77,9.55,9.61,4955976,0.0,0.0
2002-05-29 00:00:00+08:00,9.55,9.61,9.45,9.55,2269940,0.0,0.0
2002-05-30 00:00:00+08:00,9.61,9.61,9.23,9.34,3071985,0.0,0.0
2002-05-31 00:00:00+08:00,9.39,9.45,9.28,9.34,654258,0.0,0.0
2002-06-03 00:00:00+08:00,9.34,9.34,9.18,9.23,960925,0.0,0.0
2002-06-04 00:00:00+08:00,9.07,9.28,9.07,9.28,982963,0.0,0.0
2002-06-05 00:00:00+08:00,9.39,9.55,9.28,9.5,1961832,0.0,0.0
2002-06-06 00:00:00+08:00,9.39,9.5,9.34,9.34,645856,0.0,0.0
2002-06-07 00:00:00+08:00,9.23,9.28,9.07,9.07,1038573,0.0,0.0
2002-06-10 00:00:00+08:00,9.12,9.34,9.07,9.28,677138,0.0,0.0
2002-06-11 00:00:00+08:00,9.23,9.28,9.01,9.01,1948302,0.0,0.0
2002-06-12 00:00:00+08:00,8.96,9.23,8.85,9.23,2280040,0.0,0.0
2002-06-13 00:00:00+08:00,9.23,9.39,9.18,9.34,1231027,0.0,0.0
2002-06-14 00:00:00+08:00,9.28,9.28,9.18,9.23,456179,0.0,0.0
2002-06-17 00:00:00+08:00,9.28,9.34,9.07,9.07,968670,0.0,0.0
2002-06-18 00:00:00+08:00,9.28,9.28,8.96,9.07,1731394,0.0,0.0
2002-06-19 00:00:00+08:00,9.01,9.12,8.64,8.64,3161781,0.0,0.0
2002-06-20 00:00:00+08:00,8.58,8.8,8.53,8.74,1887304,0.0,0.0
2002-06-21 00:00:00+08:00,8.64,8.91,8.53,8.85,1567219,0.0,0.0
2002-06-24 00:00:00+08:00,8.64,8.74,8.26,8.31,3611870,0.0,0.0
2002-06-25 00:00:00+08:00,8.31,8.37,7.77,7.88,6987070,0.0,0.0
2002-06-26 00:00:00+08:00,7.66,7.66,7.34,7.5,5828022,0.0,0.0
2002-06-27 00:00:00+08:00,7.56,7.72,7.5,7.72,5812418,0.0,0.0
2002-06-28 00:00:00+08:00,7.66,7.93,7.61,7.93,3025376,0.0,0.0
2002-07-01 00:00:00+08:00,7.93,8.04,7.72,7.83,3355260,0.0,0.0
2002-07-02 00:00:00+08:00,7.66,7.88,7.56,7.88,2478221,0.0,0.0
2002-07-03 00:00:00+08:00,7.66,7.99,7.39,7.99,1649188,0.0,0.0
2002-07-04 00:00:00+08:00,7.99,8.04,7.77,8.04,1692199,0.0,0.0
2002-07-05 00:00:00+08:00,7.99,8.58,7.93,8.58,3282738,0.0,0.0
2002-07-08 00:00:00+08:00,8.74,8.85,8.58,8.69,4400953,0.0,0.0
2002-07-09 00:00:00+08:00,8.53,8.96,8.42,8.96,3694533,0.0,0.0
2002-07-10 00:00:00+08:00,8.96,8.96,8.64,8.69,3886475,0.0,0.0
2002-07-11 00:00:00+08:00,8.53,8.69,8.47,8.64,5767725,0.0,0.0
2002-07-12 00:00:00+08:00,9.11,9.25,8.98,9.25,8613367,1.04,1.2
2002-07-15 00:00:00+08:00,9.31,9.45,9.18,9.31,4436857,0.0,0.0
2002-07-16 00:00:00+08:00,9.31,9.52,9.25,9.25,5096735,0.0,0.0
2002-07-17 00:00:00+08:00,9.18,9.25,8.91,8.91,2633881,0.0,0.0
2002-07-18 00:00:00+08:00,8.91,9.11,8.91,9.04,1971389,0.0,0.0
2002-07-19 00:00:00+08:00,8.91,8.98,8.77,8.91,1944012,0.0,0.0
2002-07-22 00:00:00+08:00,8.64,8.71,8.44,8.44,1958900,0.0,0.0
2002-07-23 00:00:00+08:00,8.44,8.84,8.44,8.84,3068786,0.0,0.0
2002-07-24 00:00:00+08:00,8.64,8.98,8.57,8.64,4790658092,0.0,0.0
2002-07-25 00:00:00+08:00,8.91,8.98,8.71,8.77,2372225,0.0,0.0
2002-07-26 00:00:00+08:00,8.44,8.57,8.17,8.37,2373519,0.0,0.0
2002-07-29 00:00:00+08:00,8.37,8.57,8.23,8.44,1310213,0.0,0.0
2002-07-30 00:00:00+08:00,8.64,8.84,8.64,8.77,2719177,0.0,0.0
2002-07-31 00:00:00+08:00,8.84,8.84,8.71,8.71,1326045,0.0,0.0
2002-08-01 00:00:00+08:00,8.71,8.77,8.57,8.57,864926262,0.0,0.0
2002-08-02 00:00:00+08:00,8.44,8.57,8.37,8.57,768848,0.0,0.0
2002-08-05 00:00:00+08:00,8.03,8.17,8.03,8.03,3123310,0.0,0.0
2002-08-06 00:00:00+08:00,7.83,8.1,7.83,8.03,1493000,0.0,0.0
2002-08-07 00:00:00+08:00,8.23,8.5,8.17,8.3,3570996,0.0,0.0
2002-08-08 00:00:00+08:00,8.44,8.5,8.23,8.3,1801703,0.0,0.0
2002-08-09 00:00:00+08:00,8.5,8.77,8.44,8.57,4450031,0.0,0.0
2002-08-12 00:00:00+08:00,8.64,8.64,8.37,8.44,1374005,0.0,0.0
2002-08-13 00:00:00+08:00,8.44,8.5,8.37,8.44,554267,0.0,0.0
2002-08-14 00:00:00+08:00,8.37,8.77,8.3,8.77,3504852,0.0,0.0
2002-08-15 00:00:00+08:00,9.04,9.25,8.84,8.98,10278185,0.0,0.0
2002-08-16 00:00:00+08:00,9.18,9.18,8.77,8.91,5827521,0.0,0.0
2002-08-19 00:00:00+08:00,8.91,8.91,8.64,8.64,2730007,0.0,0.0
2002-08-20 00:00:00+08:00,8.91,8.91,8.71,8.84,3377391,0.0,0.0
2002-08-21 00:00:00+08:00,8.77,8.84,8.71,8.84,1483332,0.0,0.0
2002-08-22 00:00:00+08:00,8.91,9.11,8.84,8.98,7230732,0.0,0.0
2002-08-23 00:00:00+08:00,8.98,8.98,8.98,8.98,0,0.0,0.0
2002-08-26 00:00:00+08:00,8.84,8.91,8.71,8.77,2615157,0.0,0.0
2002-08-27 00:00:00+08:00,8.84,8.98,8.77,8.77,2640282,0.0,0.0
2002-08-28 00:00:00+08:00,8.64,8.71,8.37,8.44,3358258,0.0,0.0
2002-08-29 00:00:00+08:00,8.37,8.57,8.3,8.5,1901397,0.0,0.0
2002-08-30 00:00:00+08:00,8.5,8.57,8.37,8.44,905940,0.0,0.0
2002-09-02 00:00:00+08:00,8.44,8.44,8.3,8.3,2237998,0.0,0.0
2002-09-03 00:00:00+08:00,8.37,8.44,8.23,8.44,2486253,0.0,0.0
2002-09-04 00:00:00+08:00,8.23,8.5,8.17,8.37,2274755,0.0,0.0
2002-09-05 00:00:00+08:00,8.44,8.44,8.1,8.23,2466826,0.0,0.0
2002-09-06 00:00:00+08:00,8.23,8.23,8.23,8.23,0,0.0,0.0
2002-09-09 00:00:00+08:00,8.44,8.44,8.3,8.37,1415846,0.0,0.0
2002-09-10 00:00:00+08:00,8.37,8.71,8.37,8.71,2946752,0.0,0.0
2002-09-11 00:00:00+08:00,8.77,8.84,8.64,8.71,2935706,0.0,0.0
2002-09-12 00:00:00+08:00,8.77,9.04,8.71,9.04,6476270,0.0,0.0
2002-09-13 00:00:00+08:00,9.04,9.25,8.91,9.11,10022383,0.0,0.0
2002-09-16 00:00:00+08:00,9.25,9.45,9.11,9.25,13789546,0.0,0.0
2002-09-17 00:00:00+08:00,9.25,9.52,9.11,9.52,9428861,0.0,0.0
2002-09-18 00:00:00+08:00,9.31,9.38,8.91,8.91,7724767,0.0,0.0
2002-09-19 00:00:00+08:00,8.91,9.18,8.91,8.91,4877102,0.0,0.0
2002-09-20 00:00:00+08:00,8.71,9.11,8.64,8.98,4228427,0.0,0.0
2002-09-23 00:00:00+08:00,9.04,9.11,8.84,8.84,2862872,0.0,0.0
2002-09-24 00:00:00+08:00,8.84,9.04,8.84,9.04,3864780,0.0,0.0
2002-09-25 00:00:00+08:00,9.04,9.18,8.77,8.98,6146012,0.0,0.0
2002-09-26 00:00:00+08:00,9.18,9.25,9.04,9.04,6028871,0.0,0.0
2002-09-27 00:00:00+08:00,9.11,9.25,8.98,9.04,3968464,0.0,0.0
2002-09-30 00:00:00+08:00,8.98,9.04,8.71,9.04,2808105,0.0,0.0
2002-10-01 00:00:00+08:00,8.91,9.11,8.84,8.91,3050705,0.0,0.0
2002-10-02 00:00:00+08:00,9.18,9.18,8.98,9.04,4259213,0.0,0.0
2002-10-03 00:00:00+08:00,8.91,9.04,8.84,8.98,3044063,0.0,0.0
2002-10-04 00:00:00+08:00,8.84,8.98,8.77,8.77,3153338,0.0,0.0
2002-10-07 00:00:00+08:00,8.71,8.71,8.23,8.23,4981515,0.0,0.0
2002-10-08 00:00:00+08:00,8.1,8.37,8.03,8.37,3698969,0.0,0.0
2002-10-09 00:00:00+08:00,8.37,8.44,8.23,8.23,3323171,0.0,0.0
2002-10-11 00:00:00+08:00,8.37,8.44,7.96,7.96,2196136,0.0,0.0
2002-10-14 00:00:00+08:00,7.96,8.17,7.83,8.03,2050674,0.0,0.0
2002-10-15 00:00:00+08:00,8.17,8.57,8.17,8.57,4331468,0.0,0.0
2002-10-16 00:00:00+08:00,8.84,8.91,8.64,8.84,5509088,0.0,0.0
2002-10-17 00:00:00+08:00,8.77,8.91,8.64,8.77,7211585,0.0,0.0
2002-10-18 00:00:00+08:00,8.91,9.04,8.77,8.98,8357027,0.0,0.0
2002-10-21 00:00:00+08:00,8.84,8.91,8.64,8.71,5715401,0.0,0.0
2002-10-22 00:00:00+08:00,8.77,8.91,8.44,8.64,6372324,0.0,0.0
2002-10-23 00:00:00+08:00,8.57,8.98,8.44,8.91,9270540,0.0,0.0
2002-10-24 00:00:00+08:00,8.84,9.45,8.77,9.18,22893729,0.0,0.0
2002-10-25 00:00:00+08:00,9.25,9.52,9.18,9.25,15615596,0.0,0.0
2002-10-28 00:00:00+08:00,9.45,9.52,9.04,9.04,9407908,0.0,0.0
2002-10-29 00:00:00+08:00,9.04,9.18,8.77,8.91,5690524,0.0,0.0
2002-10-30 00:00:00+08:00,8.84,8.98,8.64,8.77,5192254,0.0,0.0
2002-10-31 00:00:00+08:00,8.91,9.04,8.77,8.91,4895477,0.0,0.0
2002-11-01 00:00:00+08:00,8.91,8.91,8.64,8.64,3967026,0.0,0.0
2002-11-04 00:00:00+08:00,8.77,8.91,8.64,8.77,3107733,0.0,0.0
2002-11-05 00:00:00+08:00,8.84,8.91,8.71,8.77,4602838,0.0,0.0
2002-11-06 00:00:00+08:00,8.77,9.04,8.71,8.98,6540889,0.0,0.0
2002-11-07 00:00:00+08:00,8.98,9.04,8.77,8.84,5856382,0.0,0.0
2002-11-08 00:00:00+08:00,8.77,9.11,8.71,9.04,8129417,0.0,0.0
2002-11-11 00:00:00+08:00,9.04,9.04,8.77,8.77,3977597,0.0,0.0
2002-11-12 00:00:00+08:00,8.77,8.98,8.77,8.77,2549762,0.0,0.0
2002-11-13 00:00:00+08:00,8.84,8.91,8.77,8.84,2185458,0.0,0.0
2002-11-14 00:00:00+08:00,8.91,9.04,8.77,8.77,2118243,0.0,0.0
2002-11-15 00:00:00+08:00,8.98,8.98,8.84,8.84,2712480,0.0,0.0
2002-11-18 00:00:00+08:00,8.84,8.91,8.71,8.77,2837705,0.0,0.0
2002-11-19 00:00:00+08:00,8.77,8.98,8.77,8.98,6181005,0.0,0.0
2002-11-20 00:00:00+08:00,8.98,9.04,8.84,8.91,3741760,0.0,0.0
2002-11-21 00:00:00+08:00,8.98,9.11,8.71,8.77,3642681,0.0,0.0
2002-11-22 00:00:00+08:00,8.91,9.04,8.84,8.84,4686084,0.0,0.0
2002-11-25 00:00:00+08:00,8.98,8.98,8.84,8.91,1848700,0.0,0.0
2002-11-26 00:00:00+08:00,8.91,8.98,8.77,8.84,2213647,0.0,0.0
2002-11-27 00:00:00+08:00,8.77,8.77,8.44,8.5,3783061,0.0,0.0
2002-11-28 00:00:00+08:00,8.57,8.71,8.37,8.64,4826066607,0.0,0.0
2002-11-29 00:00:00+08:00,8.64,8.84,8.64,8.71,2769363,0.0,0.0
2002-12-02 00:00:00+08:00,8.71,8.71,8.71,8.71,0,0.0,0.0
2002-12-03 00:00:00+08:00,8.77,8.98,8.77,8.84,3933035,0.0,0.0
2002-12-04 00:00:00+08:00,8.84,8.91,8.77,8.77,1637949,0.0,0.0
2002-12-05 00:00:00+08:00,8.77,8.91,8.77,8.77,1743432,0.0,0.0
2002-12-06 00:00:00+08:00,8.77,8.91,8.77,8.84,1890344,0.0,0.0
2002-12-09 00:00:00+08:00,8.91,9.18,8.84,9.11,8077968,0.0,0.0
2002-12-10 00:00:00+08:00,9.11,9.18,8.98,9.11,5327168,0.0,0.0
2002-12-11 00:00:00+08:00,9.25,9.45,9.11,9.11,12203230,0.0,0.0
2002-12-12 00:00:00+08:00,9.18,9.25,8.84,8.84,4967250,0.0,0.0
2002-12-13 00:00:00+08:00,8.84,9.11,8.84,8.91,3859098,0.0,0.0
2002-12-16 00:00:00+08:00,8.98,9.11,8.91,9.11,2262905,0.0,0.0
2002-12-17 00:00:00+08:00,9.18,9.18,8.84,8.84,2846498,0.0,0.0
2002-12-18 00:00:00+08:00,8.91,8.91,8.71,8.71,2052653,0.0,0.0
2002-12-19 00:00:00+08:00,8.71,8.77,8.44,8.5,3934845,0.0,0.0
2002-12-20 00:00:00+08:00,8.5,8.71,8.37,8.57,4258744638,0.0,0.0
2002-12-23 00:00:00+08:00,8.64,8.64,8.44,8.44,1039802,0.0,0.0
2002-12-24 00:00:00+08:00,8.44,8.57,8.37,8.37,2484296,0.0,0.0
2002-12-25 00:00:00+08:00,8.44,8.5,8.37,8.44,1340154,0.0,0.0
2002-12-26 00:00:00+08:00,8.5,8.64,8.44,8.57,1249643,0.0,0.0
2002-12-27 00:00:00+08:00,8.57,8.64,8.5,8.64,1031846209,0.0,0.0
2002-12-30 00:00:00+08:00,8.5,8.57,8.37,8.44,3489769,0.0,0.0
2002-12-31 00:00:00+08:00,8.37,8.5,8.37,8.44,512380,0.0,0.0
2003-01-01 00:00:00+08:00,8.44,8.44,8.44,8.44,0,0.0,0.0
2003-01-02 00:00:00+08:00,8.5,8.5,8.37,8.44,1774326,0.0,0.0
2003-01-03 00:00:00+08:00,8.5,8.57,8.44,8.57,3133508,0.0,0.0
2003-01-06 00:00:00+08:00,8.64,8.64,8.37,8.37,5227422,0.0,0.0
2003-01-07 00:00:00+08:00,8.44,8.57,8.37,8.37,2038220,0.0,0.0
2003-01-08 00:00:00+08:00,8.37,8.5,8.37,8.37,1775804,0.0,0.0
2003-01-09 00:00:00+08:00,8.44,8.5,8.37,8.44,1299406,0.0,0.0
2003-01-10 00:00:00+08:00,8.5,8.57,8.44,8.44,2287667,0.0,0.0
2003-01-13 00:00:00+08:00,8.5,8.98,8.5,8.84,6731534,0.0,0.0
2003-01-14 00:00:00+08:00,8.91,9.45,8.84,9.38,17814179,0.0,0.0
2003-01-15 00:00:00+08:00,9.45,9.52,9.31,9.45,9668587,0.0,0.0
2003-01-16 00:00:00+08:00,9.38,9.52,8.98,8.98,3848750,0.0,0.0
2003-01-17 00:00:00+08:00,8.98,9.45,8.84,9.31,6493182,0.0,0.0
2003-01-20 00:00:00+08:00,9.31,9.52,9.25,9.31,9217825,0.0,0.0
2003-01-21 00:00:00+08:00,9.45,9.92,9.38,9.92,14582343,0.0,0.0
2003-01-22 00:00:00+08:00,9.92,9.92,9.52,9.52,6084553,0.0,0.0
2003-01-23 00:00:00+08:00,9.58,9.85,9.52,9.79,7985442,0.0,0.0
2003-01-24 00:00:00+08:00,9.92,9.92,9.65,9.65,5911544,0.0,0.0
2003-01-27 00:00:00+08:00,9.58,9.58,8.98,9.04,4539138,0.0,0.0
2003-01-28 00:00:00+08:00,8.91,9.18,8.91,9.04,2920327,0.0,0.0
2003-01-29 00:00:00+08:00,9.04,9.04,9.04,9.04,0,0.0,0.0
2003-02-06 00:00:00+08:00,8.98,9.18,8.57,8.64,4798690,0.0,0.0
2003-02-07 00:00:00+08:00,8.57,9.11,8.5,8.98,5626891327,0.0,0.0
2003-02-10 00:00:00+08:00,8.98,8.98,8.77,8.84,998266,0.0,0.0
2003-02-11 00:00:00+08:00,9.04,9.18,8.91,9.11,2662301,0.0,0.0
2003-02-12 00:00:00+08:00,9.04,9.18,8.84,8.98,2131580,0.0,0.0
2003-02-13 00:00:00+08:00,8.91,9.04,8.91,8.91,692866,0.0,0.0
2003-02-14 00:00:00+08:00,8.84,9.04,8.84,8.91,1049830,0.0,0.0
2003-02-17 00:00:00+08:00,9.04,9.18,8.98,9.11,2111114,0.0,0.0
2003-02-18 00:00:00+08:00,9.11,9.11,8.91,8.91,511146,0.0,0.0
2003-02-19 00:00:00+08:00,9.04,9.04,8.91,8.91,817439,0.0,0.0
2003-02-20 00:00:00+08:00,8.91,9.11,8.91,9.04,1229214,0.0,0.0
2003-02-21 00:00:00+08:00,9.18,9.25,9.11,9.25,2320084,0.0,0.0
2003-02-24 00:00:00+08:00,9.25,9.38,9.18,9.31,1660264,0.0,0.0
2003-02-25 00:00:00+08:00,9.18,9.18,9.04,9.04,902473,0.0,0.0
2003-02-26 00:00:00+08:00,9.04,9.18,8.98,9.11,526507,0.0,0.0
2003-02-27 00:00:00+08:00,9.04,9.18,8.98,9.04,732819,0.0,0.0
2003-03-03 00:00:00+08:00,9.04,9.18,9.04,9.04,781530,0.0,0.0
2003-03-04 00:00:00+08:00,9.18,9.18,9.04,9.04,666960,0.0,0.0
2003-03-05 00:00:00+08:00,9.04,9.18,8.91,9.11,1660816,0.0,0.0
2003-03-06 00:00:00+08:00,9.11,9.11,8.98,9.04,1173923,0.0,0.0
2003-03-07 00:00:00+08:00,8.91,9.04,8.91,8.91,1070351,0.0,0.0
2003-03-10 00:00:00+08:00,8.98,8.98,8.77,8.84,1355926,0.0,0.0
2003-03-11 00:00:00+08:00,8.77,8.84,8.71,8.77,1064780,0.0,0.0
2003-03-12 00:00:00+08:00,8.77,8.84,8.71,8.71,657099,0.0,0.0
2003-03-13 00:00:00+08:00,8.77,8.77,8.64,8.64,1721976,0.0,0.0
2003-03-14 00:00:00+08:00,8.84,8.91,8.64,8.64,2173619,0.0,0.0
2003-03-17 00:00:00+08:00,8.64,8.64,8.1,8.17,5312683,0.0,0.0
2003-03-18 00:00:00+08:00,8.3,8.57,8.3,8.5,3070852,0.0,0.0
2003-03-19 00:00:00+08:00,8.5,8.57,8.44,8.5,1765442,0.0,0.0
2003-03-20 00:00:00+08:00,8.64,8.84,8.57,8.77,2596665004,0.0,0.0
2003-03-21 00:00:00+08:00,8.77,8.84,8.71,8.84,2746266,0.0,0.0
2003-03-24 00:00:00+08:00,8.84,8.84,8.77,8.77,895376,0.0,0.0
2003-03-25 00:00:00+08:00,8.64,8.71,8.57,8.71,645233567,0.0,0.0
2003-03-26 00:00:00+08:00,8.77,8.77,8.57,8.64,1002930328,0.0,0.0
2003-03-27 00:00:00+08:00,8.64,8.71,8.5,8.5,1400814,0.0,0.0
2003-03-28 00:00:00+08:00,8.5,8.57,8.44,8.44,633220,0.0,0.0
2003-03-31 00:00:00+08:00,8.44,8.5,8.23,8.3,976254,0.0,0.0
2003-04-01 00:00:00+08:00,8.3,8.37,8.23,8.3,750611,0.0,0.0
2003-04-02 00:00:00+08:00,8.37,8.37,8.23,8.3,575946,0.0,0.0
2003-04-03 00:00:00+08:00,8.37,8.44,8.37,8.44,2084254,0.0,0.0
2003-04-04 00:00:00+08:00,8.44,8.44,8.3,8.44,1576492,0.0,0.0
2003-04-07 00:00:00+08:00,8.44,8.5,8.37,8.44,2738094,0.0,0.0
2003-04-08 00:00:00+08:00,8.44,8.57,8.37,8.37,1574252,0.0,0.0
2003-04-09 00:00:00+08:00,8.37,8.37,8.3,8.3,858824,0.0,0.0
2003-04-10 00:00:00+08:00,8.3,8.5,8.3,8.37,1348696,0.0,0.0
2003-04-11 00:00:00+08:00,8.44,8.64,8.37,8.64,1410158,0.0,0.0
2003-04-14 00:00:00+08:00,8.64,8.71,8.5,8.57,1642162919,0.0,0.0
2003-04-15 00:00:00+08:00,8.64,8.64,8.5,8.57,448529296,0.0,0.0
2003-04-16 00:00:00+08:00,8.57,8.84,8.57,8.71,1662235862,0.0,0.0
2003-04-17 00:00:00+08:00,8.71,8.77,8.64,8.71,2118806,0.0,0.0
2003-04-18 00:00:00+08:00,8.77,9.18,8.77,8.84,3458570,0.0,0.0
2003-04-21 00:00:00+08:00,8.98,8.98,8.71,8.84,1260365,0.0,0.0
2003-04-22 00:00:00+08:00,8.77,8.84,8.57,8.64,862782728,0.0,0.0
2003-04-23 00:00:00+08:00,8.77,8.77,8.57,8.57,697353834,0.0,0.0
2003-04-24 00:00:00+08:00,8.64,8.64,8.3,8.37,2035906,0.0,0.0
2003-04-25 00:00:00+08:00,8.37,8.5,8.37,8.37,1561140,0.0,0.0
2003-04-28 00:00:00+08:00,8.23,8.3,8.1,8.23,3251021,0.0,0.0
2003-04-29 00:00:00+08:00,8.23,8.37,8.1,8.3,3126885,0.0,0.0
2003-04-30 00:00:00+08:00,8.64,8.64,8.3,8.3,989696,0.0,0.0
2003-05-01 00:00:00+08:00,8.3,8.3,8.3,8.3,0,0.0,0.0
2003-05-02 00:00:00+08:00,8.3,8.44,8.3,8.37,1049617,0.0,0.0
2003-05-05 00:00:00+08:00,8.37,8.44,8.3,8.3,1146593,0.0,0.0
2003-05-06 00:00:00+08:00,8.37,8.44,8.23,8.37,1093523,0.0,0.0
2003-05-07 00:00:00+08:00,8.37,8.5,8.37,8.44,1070092,0.0,0.0
2003-05-08 00:00:00+08:00,8.37,8.37,8.23,8.37,945172,0.0,0.0
2003-05-09 00:00:00+08:00,8.23,8.3,8.17,8.23,4216204,0.0,0.0
2003-05-12 00:00:00+08:00,8.3,8.37,8.3,8.3,1276183,0.0,0.0
2003-05-13 00:00:00+08:00,8.37,8.64,8.37,8.5,2106427,0.0,0.0
2003-05-14 00:00:00+08:00,8.44,8.71,8.37,8.64,2181157,0.0,0.0
2003-05-15 00:00:00+08:00,8.71,8.77,8.5,8.64,2227336,0.0,0.0
2003-05-16 00:00:00+08:00,8.71,8.71,8.5,8.5,649366,0.0,0.0
2003-05-19 00:00:00+08:00,8.64,8.64,8.44,8.5,770424,0.0,0.0
2003-05-20 00:00:00+08:00,8.5,8.57,8.44,8.5,425115,0.0,0.0
2003-05-21 00:00:00+08:00,8.5,8.57,8.44,8.5,624191,0.0,0.0
2003-05-22 00:00:00+08:00,8.5,8.71,8.5,8.57,1573133316,0.0,0.0
2003-05-23 00:00:00+08:00,8.64,8.77,8.5,8.57,2176507090,0.0,0.0
2003-05-26 00:00:00+08:00,8.57,8.77,8.57,8.57,3140686093,0.0,0.0
2003-05-27 00:00:00+08:00,8.57,8.64,8.37,8.44,3757153,0.0,0.0
2003-05-28 00:00:00+08:00,8.5,8.57,7.9,7.9,14223519049,0.0,0.0
2003-05-29 00:00:00+08:00,7.36,7.69,7.36,7.36,21636206148,0.0,0.0
2003-05-30 00:00:00+08:00,7.02,7.42,7.02,7.42,30330777,0.0,0.0
2003-06-02 00:00:00+08:00,7.42,7.42,7.15,7.29,22874863,0.0,0.0
2003-06-03 00:00:00+08:00,7.22,7.56,7.15,7.49,21384204,0.0,0.0
2003-06-04 00:00:00+08:00,7.49,7.49,7.49,7.49,0,0.0,0.0
2003-06-05 00:00:00+08:00,7.56,7.63,7.36,7.36,10117523,0.0,0.0
2003-06-06 00:00:00+08:00,7.36,7.56,7.36,7.42,7255558,0.0,0.0
2003-06-09 00:00:00+08:00,7.42,7.56,7.42,7.42,9875173,0.0,0.0
2003-06-10 00:00:00+08:00,7.42,7.69,7.36,7.63,15065507,0.0,0.0
2003-06-11 00:00:00+08:00,7.69,7.69,7.49,7.49,9027255179,0.0,0.0
2003-06-12 00:00:00+08:00,7.56,7.69,7.56,7.56,7954132,0.0,0.0
2003-06-13 00:00:00+08:00,7.69,7.69,7.56,7.63,6623641,0.0,0.0
2003-06-16 00:00:00+08:00,7.63,7.63,7.49,7.49,3793935,0.0,0.0
2003-06-17 00:00:00+08:00,7.63,7.63,7.49,7.56,4174627,0.0,0.0
2003-06-18 00:00:00+08:00,7.63,7.76,7.56,7.56,11110158,0.0,0.0
2003-06-19 00:00:00+08:00,7.63,7.69,7.56,7.63,5775139,0.0,0.0
2003-06-20 00:00:00+08:00,7.56,7.63,7.36,7.36,10500641,0.0,0.0
2003-06-23 00:00:00+08:00,7.36,7.42,6.88,6.88,14774425,0.0,0.0
2003-06-24 00:00:00+08:00,6.68,6.82,6.43,6.75,11655402,0.0,0.0
2003-06-25 00:00:00+08:00,6.6,6.75,6.59,6.75,4723971,0.0,0.0
2003-06-26 00:00:00+08:00,6.75,6.75,6.61,6.68,3465235,0.0,0.0
2003-06-27 00:00:00+08:00,6.75,6.82,6.72,6.75,4033147,0.0,0.0
2003-06-30 00:00:00+08:00,6.75,6.82,6.74,6.75,3875369,0.0,0.0
2003-07-01 00:00:00+08:00,6.82,7.09,6.75,7.02,4706102,0.0,0.0
2003-07-02 00:00:00+08:00,7.09,7.15,7.02,7.02,5913391,0.0,0.0
2003-07-03 00:00:00+08:00,7.09,7.15,6.88,6.88,3519018,0.0,0.0
2003-07-04 00:00:00+08:00,6.88,7.02,6.75,6.75,4073148,0.0,0.0
2003-07-07 00:00:00+08:00,6.88,7.09,6.82,7.02,4899661,0.0,0.0
2003-07-08 00:00:00+08:00,7.15,7.42,7.09,7.29,13795836,0.0,0.0
2003-07-09 00:00:00+08:00,7.36,7.69,7.29,7.63,15957164,0.0,0.0
2003-07-10 00:00:00+08:00,7.56,7.69,7.42,7.49,8905606,0.0,0.0
2003-07-11 00:00:00+08:00,7.42,7.69,7.36,7.69,5615783,0.0,0.0
2003-07-14 00:00:00+08:00,7.63,7.76,7.56,7.63,4972435,0.0,0.0
2003-07-15 00:00:00+08:00,7.69,7.69,7.42,7.49,5121015,0.0,0.0
2003-07-16 00:00:00+08:00,7.56,7.69,7.49,7.49,3215613,0.0,0.0
2003-07-17 00:00:00+08:00,7.49,7.63,7.42,7.56,3195133,0.0,0.0
2003-07-18 00:00:00+08:00,7.56,7.63,7.42,7.42,1546772,0.0,0.0
2003-07-21 00:00:00+08:00,7.49,7.56,7.42,7.56,2356607,0.0,0.0
2003-07-22 00:00:00+08:00,7.56,7.63,7.49,7.63,2061008,0.0,0.0
2003-07-23 00:00:00+08:00,7.69,7.69,7.56,7.63,2734581,0.0,0.0
2003-07-24 00:00:00+08:00,7.69,7.96,7.63,7.9,8808152932,0.0,0.0
2003-07-25 00:00:00+08:00,7.9,8.17,7.83,8.03,6851230,0.0,0.0
2003-07-28 00:00:00+08:00,8.23,8.23,7.9,7.9,5020843,0.0,0.0
2003-07-29 00:00:00+08:00,7.9,7.96,7.76,7.83,2726352,0.0,0.0
2003-07-30 00:00:00+08:00,7.83,7.9,7.63,7.76,4142681,0.0,0.0
2003-07-31 00:00:00+08:00,7.76,7.83,7.56,7.76,5054379,0.0,0.0
2003-08-01 00:00:00+08:00,8.13,8.31,8.13,8.15,5795600,1.12,1.14
2003-08-04 00:00:00+08:00,8.15,8.23,8.11,8.15,1981634,0.0,0.0
2003-08-05 00:00:00+08:00,8.23,8.23,8.07,8.23,2250188,0.0,0.0
2003-08-06 00:00:00+08:00,8.11,8.23,8.07,8.23,1029377,0.0,0.0
2003-08-07 00:00:00+08:00,8.15,8.23,8.07,8.23,1096795,0.0,0.0
2003-08-08 00:00:00+08:00,8.15,8.15,8.08,8.15,1125089,0.0,0.0
2003-08-11 00:00:00+08:00,8.15,8.23,8.0,8.07,1547491,0.0,0.0
2003-08-12 00:00:00+08:00,8.15,8.23,8.11,8.15,1011303,0.0,0.0
2003-08-13 00:00:00+08:00,8.23,8.23,8.11,8.15,5354442,0.0,0.0
2003-08-14 00:00:00+08:00,8.23,8.39,8.15,8.31,5961427,0.0,0.0
2003-08-15 00:00:00+08:00,8.39,8.88,8.39,8.8,8766205,0.0,0.0
2003-08-18 00:00:00+08:00,8.96,9.21,8.88,8.96,4857833,0.0,0.0
2003-08-19 00:00:00+08:00,9.12,9.21,8.88,9.04,2585682,0.0,0.0
2003-08-20 00:00:00+08:00,8.96,9.04,8.88,8.96,2336774,0.0,0.0
2003-08-21 00:00:00+08:00,8.96,9.04,8.88,8.96,984093,0.0,0.0
2003-08-22 00:00:00+08:00,9.04,9.12,8.96,9.04,2856851,0.0,0.0
2003-08-25 00:00:00+08:00,9.04,9.04,8.8,8.88,721448,0.0,0.0
2003-08-26 00:00:00+08:00,8.88,9.21,8.88,9.04,3789503,0.0,0.0
2003-08-27 00:00:00+08:00,9.12,9.12,8.96,9.04,2252036,0.0,0.0
2003-08-28 00:00:00+08:00,9.04,9.12,8.96,8.96,2014256,0.0,0.0
2003-08-29 00:00:00+08:00,9.12,9.21,9.04,9.04,2083560,0.0,0.0
2003-09-01 00:00:00+08:00,9.04,9.21,9.04,9.21,1113061,0.0,0.0
2003-09-02 00:00:00+08:00,9.21,9.21,8.96,9.04,1018142,0.0,0.0
2003-09-03 00:00:00+08:00,9.04,9.21,9.04,9.04,809746,0.0,0.0
2003-09-04 00:00:00+08:00,9.04,9.37,9.04,9.21,2455110,0.0,0.0
2003-09-05 00:00:00+08:00,9.21,9.21,9.04,9.12,1394673,0.0,0.0
2003-09-08 00:00:00+08:00,8.96,9.21,8.96,9.21,1952248,0.0,0.0
2003-09-09 00:00:00+08:00,9.21,9.29,9.12,9.29,2224667,0.0,0.0
2003-09-10 00:00:00+08:00,9.21,9.29,9.04,9.12,1794776,0.0,0.0
2003-09-11 00:00:00+08:00,9.12,9.12,9.12,9.12,0,0.0,0.0
2003-09-12 00:00:00+08:00,9.12,9.45,9.04,9.37,3121966,0.0,0.0
2003-09-15 00:00:00+08:00,9.37,9.61,9.29,9.45,3107653653,0.0,0.0
2003-09-16 00:00:00+08:00,9.45,9.53,9.37,9.37,1224754,0.0,0.0
2003-09-17 00:00:00+08:00,9.45,9.53,9.37,9.37,1169745,0.0,0.0
2003-09-18 00:00:00+08:00,9.37,9.37,9.12,9.21,1287815,0.0,0.0
2003-09-19 00:00:00+08:00,9.21,9.21,9.12,9.12,1196937,0.0,0.0
2003-09-22 00:00:00+08:00,9.12,9.12,8.96,8.96,1084815,0.0,0.0
2003-09-23 00:00:00+08:00,8.96,8.96,8.55,8.88,2228891,0.0,0.0
2003-09-24 00:00:00+08:00,8.96,8.96,8.72,8.88,1241896,0.0,0.0
2003-09-25 00:00:00+08:00,8.8,8.88,8.64,8.88,1647158,0.0,0.0
2003-09-26 00:00:00+08:00,8.72,8.88,8.72,8.72,844436,0.0,0.0
2003-09-29 00:00:00+08:00,8.72,8.8,8.55,8.55,2125337,0.0,0.0
2003-09-30 00:00:00+08:00,8.55,8.8,8.55,8.64,968252,0.0,0.0
2003-10-01 00:00:00+08:00,8.64,8.72,8.55,8.72,446520,0.0,0.0
2003-10-02 00:00:00+08:00,8.72,8.8,8.64,8.72,464497,0.0,0.0
2003-10-03 00:00:00+08:00,8.72,8.8,8.64,8.8,573361,0.0,0.0
2003-10-06 00:00:00+08:00,8.8,8.88,8.72,8.72,607777,0.0,0.0
2003-10-07 00:00:00+08:00,8.72,8.8,8.64,8.64,946715,0.0,0.0
2003-10-08 00:00:00+08:00,8.64,8.72,8.55,8.55,1001820,0.0,0.0
2003-10-09 00:00:00+08:00,8.55,8.64,8.23,8.39,4088245,0.0,0.0
2003-10-10 00:00:00+08:00,8.39,8.39,8.39,8.39,0,0.0,0.0
2003-10-13 00:00:00+08:00,8.39,8.47,8.31,8.39,1902502,0.0,0.0
2003-10-14 00:00:00+08:00,8.39,8.47,8.31,8.31,1980231,0.0,0.0
2003-10-15 00:00:00+08:00,8.39,8.47,8.31,8.39,928884,0.0,0.0
2003-10-16 00:00:00+08:00,8.39,8.64,8.31,8.64,1802093,0.0,0.0
2003-10-17 00:00:00+08:00,8.72,8.72,8.47,8.55,1137362,0.0,0.0
2003-10-20 00:00:00+08:00,8.55,8.55,8.31,8.31,2571608,0.0,0.0
2003-10-21 00:00:00+08:00,8.39,8.47,8.31,8.47,1622625,0.0,0.0
2003-10-22 00:00:00+08:00,8.39,8.47,8.31,8.39,1455505,0.0,0.0
2003-10-23 00:00:00+08:00,8.47,8.47,8.31,8.39,1479592,0.0,0.0
2003-10-24 00:00:00+08:00,8.39,8.47,8.31,8.39,1457206,0.0,0.0
2003-10-27 00:00:00+08:00,8.31,8.39,8.23,8.23,1429417,0.0,0.0
2003-10-28 00:00:00+08:00,8.23,8.39,8.23,8.39,1408541,0.0,0.0
2003-10-29 00:00:00+08:00,8.31,8.39,8.23,8.31,2177745,0.0,0.0
2003-10-30 00:00:00+08:00,8.31,8.39,8.23,8.31,1252021,0.0,0.0
2003-10-31 00:00:00+08:00,8.31,8.31,8.23,8.31,1052117,0.0,0.0
2003-11-03 00:00:00+08:00,8.31,8.39,8.23,8.31,1071981,0.0,0.0
2003-11-04 00:00:00+08:00,8.39,8.47,8.31,8.39,1249933,0.0,0.0
2003-11-05 00:00:00+08:00,8.39,8.88,8.31,8.72,3937902,0.0,0.0
2003-11-06 00:00:00+08:00,8.72,9.29,8.72,8.96,8403536,0.0,0.0
2003-11-07 00:00:00+08:00,9.12,9.21,8.96,9.12,2803016,0.0,0.0
2003-11-10 00:00:00+08:00,9.12,9.37,9.12,9.37,4376994,0.0,0.0
2003-11-11 00:00:00+08:00,9.21,9.37,9.21,9.29,1485859689,0.0,0.0
2003-11-12 00:00:00+08:00,9.29,9.29,9.12,9.12,3014281,0.0,0.0
2003-11-13 00:00:00+08:00,9.21,9.21,9.04,9.04,1248164,0.0,0.0
2003-11-14 00:00:00+08:00,8.96,9.04,8.96,8.96,785542,0.0,0.0
2003-11-17 00:00:00+08:00,8.88,8.88,8.72,8.88,1809962,0.0,0.0
2003-11-18 00:00:00+08:00,8.72,8.88,8.64,8.72,935249,0.0,0.0
2003-11-19 00:00:00+08:00,8.64,8.88,8.64,8.72,1254523,0.0,0.0
2003-11-20 00:00:00+08:00,8.72,8.8,8.64,8.64,1071402,0.0,0.0
2003-11-21 00:00:00+08:00,8.64,8.72,8.55,8.64,2694747,0.0,0.0
2003-11-24 00:00:00+08:00,8.72,9.12,8.55,8.88,2469412,0.0,0.0
2003-11-25 00:00:00+08:00,8.96,8.96,8.64,8.64,854429,0.0,0.0
2003-11-26 00:00:00+08:00,8.64,8.8,8.64,8.72,1015028,0.0,0.0
2003-11-27 00:00:00+08:00,8.72,8.8,8.64,8.64,965852,0.0,0.0
2003-11-28 00:00:00+08:00,8.64,8.8,8.64,8.72,494420,0.0,0.0
2003-12-01 00:00:00+08:00,8.8,8.96,8.72,8.96,2953986,0.0,0.0
2003-12-02 00:00:00+08:00,8.96,8.96,8.88,8.88,883350,0.0,0.0
2003-12-03 00:00:00+08:00,8.88,8.96,8.88,8.96,1097160,0.0,0.0
2003-12-04 00:00:00+08:00,8.96,9.04,8.88,8.96,2165721,0.0,0.0
2003-12-05 00:00:00+08:00,8.96,8.96,8.8,8.96,1774465,0.0,0.0
2003-12-08 00:00:00+08:00,8.88,8.88,8.8,8.88,1207937,0.0,0.0
2003-12-09 00:00:00+08:00,8.88,8.96,8.8,8.96,1577276,0.0,0.0
2003-12-10 00:00:00+08:00,8.88,8.96,8.88,8.88,2129053,0.0,0.0
2003-12-11 00:00:00+08:00,8.96,9.04,8.88,8.96,4723604,0.0,0.0
2003-12-12 00:00:00+08:00,8.96,9.04,8.88,8.96,2572678,0.0,0.0
2003-12-15 00:00:00+08:00,8.96,9.04,8.88,8.96,4041707,0.0,0.0
2003-12-16 00:00:00+08:00,8.96,9.04,8.88,8.96,4298367,0.0,0.0
2003-12-17 00:00:00+08:00,8.96,9.12,8.88,8.96,4662203,0.0,0.0
2003-12-18 00:00:00+08:00,8.96,8.96,8.64,8.88,4026715,0.0,0.0
2003-12-19 00:00:00+08:00,8.88,9.21,8.8,9.04,8650324,0.0,0.0
2003-12-22 00:00:00+08:00,9.04,9.21,8.88,9.12,10025107,0.0,0.0
2003-12-23 00:00:00+08:00,9.12,9.12,8.96,9.04,2394530,0.0,0.0
2003-12-24 00:00:00+08:00,9.04,9.45,9.04,9.29,8602360227,0.0,0.0
2003-12-25 00:00:00+08:00,9.29,9.69,9.29,9.53,8952971,0.0,0.0
2003-12-26 00:00:00+08:00,9.45,9.69,9.45,9.53,5887103,0.0,0.0
2003-12-29 00:00:00+08:00,9.53,9.61,9.45,9.45,2765321,0.0,0.0
2003-12-30 00:00:00+08:00,9.53,9.69,9.45,9.53,7060399,0.0,0.0
2003-12-31 00:00:00+08:00,9.53,9.69,9.45,9.53,5398279,0.0,0.0
2004-01-01 00:00:00+08:00,9.53,9.53,9.53,9.53,0,0.0,0.0
2004-01-02 00:00:00+08:00,9.61,9.78,9.45,9.78,6428543,0.0,0.0
2004-01-05 00:00:00+08:00,9.78,9.86,9.53,9.61,4232542,0.0,0.0
2004-01-06 00:00:00+08:00,9.69,9.78,9.53,9.61,3217211,0.0,0.0
2004-01-07 00:00:00+08:00,9.61,9.69,9.37,9.45,4444360,0.0,0.0
2004-01-08 00:00:00+08:00,9.53,9.61,9.45,9.53,1976212,0.0,0.0
2004-01-09 00:00:00+08:00,9.61,9.78,9.53,9.69,4126802,0.0,0.0
2004-01-12 00:00:00+08:00,9.78,9.86,9.69,9.78,2966956,0.0,0.0
2004-01-13 00:00:00+08:00,9.78,9.86,9.61,9.69,1680159,0.0,0.0
2004-01-14 00:00:00+08:00,9.69,10.18,9.61,10.18,5169187,0.0,0.0
2004-01-15 00:00:00+08:00,10.18,10.18,10.02,10.1,2448550,0.0,0.0
2004-01-16 00:00:00+08:00,10.1,10.1,9.94,9.94,1589105,0.0,0.0
2004-01-19 00:00:00+08:00,9.94,9.94,9.94,9.94,0,0.0,0.0
2004-01-27 00:00:00+08:00,10.1,10.43,10.02,10.27,4899118,0.0,0.0
2004-01-28 00:00:00+08:00,10.35,10.92,10.35,10.84,10457642,0.0,0.0
2004-01-29 00:00:00+08:00,10.84,11.08,10.75,10.84,11700660,0.0,0.0
2004-01-30 00:00:00+08:00,10.92,11.08,10.84,10.84,4040943,0.0,0.0
2004-02-02 00:00:00+08:00,10.84,10.84,10.51,10.51,2820412,0.0,0.0
2004-02-03 00:00:00+08:00,10.51,10.59,10.27,10.59,2738011,0.0,0.0
2004-02-04 00:00:00+08:00,10.59,10.59,10.35,10.43,2118444,0.0,0.0
2004-02-05 00:00:00+08:00,10.43,10.51,10.35,10.43,1782225,0.0,0.0
2004-02-06 00:00:00+08:00,10.59,10.59,10.35,10.51,1301337,0.0,0.0
2004-02-09 00:00:00+08:00,10.59,11.08,10.59,11.08,8079098,0.0,0.0
2004-02-10 00:00:00+08:00,11.08,11.24,11.0,11.24,4524179,0.0,0.0
2004-02-11 00:00:00+08:00,11.16,11.16,10.84,11.0,1720433,0.0,0.0
2004-02-12 00:00:00+08:00,11.08,11.41,11.0,11.08,4306262,0.0,0.0
2004-02-13 00:00:00+08:00,11.16,11.24,11.08,11.08,1517331,0.0,0.0
2004-02-16 00:00:00+08:00,11.08,11.32,11.0,11.24,2965045,0.0,0.0
2004-02-17 00:00:00+08:00,11.16,11.24,11.08,11.16,2152058,0.0,0.0
2004-02-18 00:00:00+08:00,11.24,11.32,11.16,11.16,1422895,0.0,0.0
2004-02-19 00:00:00+08:00,11.32,11.57,11.24,11.32,4639686,0.0,0.0
2004-02-20 00:00:00+08:00,11.41,11.49,11.32,11.41,1712494,0.0,0.0
2004-02-23 00:00:00+08:00,11.41,11.49,11.16,11.16,2408780,0.0,0.0
2004-02-24 00:00:00+08:00,11.16,11.16,10.92,10.92,2183181,0.0,0.0
2004-02-25 00:00:00+08:00,10.92,11.32,10.84,11.08,3693574,0.0,0.0
2004-02-26 00:00:00+08:00,11.24,11.24,10.92,11.08,1717656,0.0,0.0
2004-02-27 00:00:00+08:00,11.08,11.16,10.92,11.08,1096781,0.0,0.0
2004-03-01 00:00:00+08:00,11.08,11.16,10.75,10.92,3737006,0.0,0.0
2004-03-02 00:00:00+08:00,10.92,11.0,10.75,11.0,2547438,0.0,0.0
2004-03-03 00:00:00+08:00,11.0,11.08,10.59,10.75,3753292,0.0,0.0
2004-03-04 00:00:00+08:00,10.75,11.0,10.59,10.92,2359383,0.0,0.0
2004-03-05 00:00:00+08:00,10.92,11.08,10.84,10.92,1562971,0.0,0.0
2004-03-08 00:00:00+08:00,10.92,11.16,10.92,11.0,2168692,0.0,0.0
2004-03-09 00:00:00+08:00,11.0,11.32,10.84,11.24,2248956,0.0,0.0
2004-03-10 00:00:00+08:00,11.24,11.24,11.0,11.16,1152471,0.0,0.0
2004-03-11 00:00:00+08:00,10.92,11.08,10.84,10.92,1139013,0.0,0.0
2004-03-12 00:00:00+08:00,10.84,11.0,10.84,10.92,1618541,0.0,0.0
2004-03-15 00:00:00+08:00,11.0,11.08,10.84,10.92,1616868,0.0,0.0
2004-03-16 00:00:00+08:00,10.92,10.92,10.43,10.67,3136374,0.0,0.0
2004-03-17 00:00:00+08:00,10.67,10.92,10.59,10.59,1970501,0.0,0.0
2004-03-18 00:00:00+08:00,10.59,11.0,10.43,10.67,2138268,0.0,0.0
2004-03-19 00:00:00+08:00,10.67,10.92,10.67,10.75,1380415,0.0,0.0
2004-03-22 00:00:00+08:00,10.02,10.02,10.02,10.02,1720050,0.0,0.0
2004-03-23 00:00:00+08:00,9.45,9.78,9.45,9.45,4122546,0.0,0.0
2004-03-24 00:00:00+08:00,9.78,9.86,9.61,9.78,2526922,0.0,0.0
2004-03-25 00:00:00+08:00,9.94,10.02,9.69,10.02,2745725,0.0,0.0
2004-03-26 00:00:00+08:00,10.1,10.1,9.69,9.94,1356102,0.0,0.0
2004-03-29 00:00:00+08:00,10.1,10.43,10.1,10.43,2008031,0.0,0.0
2004-03-30 00:00:00+08:00,10.43,10.75,10.27,10.59,2876800,0.0,0.0
2004-03-31 00:00:00+08:00,10.67,10.92,10.67,10.75,3013007,0.0,0.0
2004-04-01 00:00:00+08:00,10.84,10.92,10.75,10.92,1944283,0.0,0.0
2004-04-02 00:00:00+08:00,11.0,11.41,10.92,11.16,4077934,0.0,0.0
2004-04-05 00:00:00+08:00,11.41,11.41,11.16,11.32,2318817,0.0,0.0
2004-04-06 00:00:00+08:00,11.32,11.32,11.08,11.24,2150437,0.0,0.0
2004-04-07 00:00:00+08:00,11.08,11.32,11.08,11.32,2808568,0.0,0.0
2004-04-08 00:00:00+08:00,11.08,11.32,11.08,11.24,1630984,0.0,0.0
2004-04-09 00:00:00+08:00,11.24,11.24,10.92,11.0,422449,0.0,0.0
2004-04-12 00:00:00+08:00,11.0,11.24,11.0,11.0,929639,0.0,0.0
2004-04-13 00:00:00+08:00,11.16,11.57,11.0,11.49,4064170,0.0,0.0
2004-04-14 00:00:00+08:00,11.49,12.22,11.49,12.22,7799648,0.0,0.0
2004-04-15 00:00:00+08:00,12.22,12.38,11.98,12.22,5594840,0.0,0.0
2004-04-16 00:00:00+08:00,12.22,12.38,11.98,12.22,2658067,0.0,0.0
2004-04-19 00:00:00+08:00,12.38,12.38,12.06,12.14,2975664,0.0,0.0
2004-04-20 00:00:00+08:00,12.22,12.55,12.06,12.55,2462143172,0.0,0.0
2004-04-21 00:00:00+08:00,12.55,12.71,12.3,12.71,3779913,0.0,0.0
2004-04-22 00:00:00+08:00,12.79,12.79,12.55,12.63,4141990,0.0,0.0
2004-04-23 00:00:00+08:00,12.63,12.71,12.22,12.38,2496113,0.0,0.0
2004-04-26 00:00:00+08:00,12.38,12.38,12.14,12.22,1258340,0.0,0.0
2004-04-27 00:00:00+08:00,12.22,12.22,11.81,11.89,1172995,0.0,0.0
2004-04-28 00:00:00+08:00,11.89,12.06,11.81,11.89,1816941259,0.0,0.0
2004-04-29 00:00:00+08:00,11.73,11.73,11.08,11.49,3675260,0.0,0.0
2004-04-30 00:00:00+08:00,11.16,11.49,10.75,11.41,6906111,0.0,0.0
2004-05-03 00:00:00+08:00,11.32,11.32,10.92,11.0,2619352,0.0,0.0
2004-05-04 00:00:00+08:00,11.0,11.49,11.0,11.32,4186882,0.0,0.0
2004-05-05 00:00:00+08:00,11.41,11.41,10.59,10.59,8946694,0.0,0.0
2004-05-06 00:00:00+08:00,10.59,11.24,10.59,10.75,3233852,0.0,0.0
2004-05-07 00:00:00+08:00,10.92,11.32,10.84,11.08,2325748,0.0,0.0
2004-05-10 00:00:00+08:00,10.92,11.24,10.59,10.84,1866734,0.0,0.0
2004-05-11 00:00:00+08:00,10.92,11.24,10.84,11.08,1799487,0.0,0.0
2004-05-12 00:00:00+08:00,11.24,11.41,11.08,11.08,847933,0.0,0.0
2004-05-13 00:00:00+08:00,10.92,11.0,10.84,11.0,1585621,0.0,0.0
2004-05-14 00:00:00+08:00,11.0,11.24,10.92,11.0,1522669,0.0,0.0
2004-05-17 00:00:00+08:00,10.75,10.75,10.27,10.27,2432314,0.0,0.0
2004-05-18 00:00:00+08:00,10.27,10.27,10.1,10.1,1292369,0.0,0.0
2004-05-19 00:00:00+08:00,10.18,10.35,10.1,10.18,5436898,0.0,0.0
2004-05-20 00:00:00+08:00,10.18,10.35,10.02,10.27,1971457,0.0,0.0
2004-05-21 00:00:00+08:00,10.27,10.59,10.27,10.43,1185458,0.0,0.0
2004-05-24 00:00:00+08:00,10.27,10.59,10.27,10.35,810470,0.0,0.0
2004-05-25 00:00:00+08:00,10.35,10.67,10.35,10.59,1776118,0.0,0.0
2004-05-26 00:00:00+08:00,10.75,10.92,10.59,10.67,1291069,0.0,0.0
2004-05-27 00:00:00+08:00,10.67,10.67,10.51,10.67,463132,0.0,0.0
2004-05-28 00:00:00+08:00,10.75,11.08,10.51,11.08,1256064,0.0,0.0
2004-05-31 00:00:00+08:00,10.75,10.84,10.51,10.59,1738378,0.0,0.0
2004-06-01 00:00:00+08:00,10.51,10.67,10.35,10.67,1981906,0.0,0.0
2004-06-02 00:00:00+08:00,10.59,10.67,10.35,10.59,1355682,0.0,0.0
2004-06-03 00:00:00+08:00,10.75,10.75,9.86,9.86,2158868,0.0,0.0
2004-06-04 00:00:00+08:00,10.02,10.1,9.53,9.78,2336796,0.0,0.0
2004-06-07 00:00:00+08:00,10.43,10.43,10.27,10.43,754000,0.0,0.0
2004-06-08 00:00:00+08:00,10.75,11.08,10.67,10.92,3612489,0.0,0.0
2004-06-09 00:00:00+08:00,11.0,11.08,10.75,10.92,1402784,0.0,0.0
2004-06-10 00:00:00+08:00,10.92,10.92,10.67,10.92,916479,0.0,0.0
2004-06-11 00:00:00+08:00,10.92,11.08,10.67,11.0,2131678,0.0,0.0
2004-06-14 00:00:00+08:00,11.0,11.08,10.67,10.67,975506,0.0,0.0
2004-06-15 00:00:00+08:00,10.67,11.16,10.67,11.08,2161553,0.0,0.0
2004-06-16 00:00:00+08:00,10.92,11.08,10.59,10.59,1514059,0.0,0.0
2004-06-17 00:00:00+08:00,10.59,10.92,10.59,10.59,1972926,0.0,0.0
2004-06-18 00:00:00+08:00,10.75,10.92,10.67,10.75,2195408,0.0,0.0
2004-06-21 00:00:00+08:00,10.92,11.08,10.51,10.59,1292780,0.0,0.0
2004-06-22 00:00:00+08:00,10.59,10.59,10.59,10.59,0,0.0,0.0
2004-06-23 00:00:00+08:00,10.67,10.92,10.59,10.67,1334076,0.0,0.0
2004-06-24 00:00:00+08:00,10.75,11.0,10.67,10.92,1895123,0.0,0.0
2004-06-25 00:00:00+08:00,10.92,11.08,10.84,10.84,882532,0.0,0.0
2004-06-28 00:00:00+08:00,10.84,10.84,10.67,10.75,336487,0.0,0.0
2004-06-29 00:00:00+08:00,10.67,10.92,10.67,10.92,554613,0.0,0.0
2004-06-30 00:00:00+08:00,11.0,11.16,10.92,11.16,1393098,0.0,0.0
2004-07-01 00:00:00+08:00,11.16,11.24,10.84,11.0,713024,0.0,0.0
2004-07-02 00:00:00+08:00,11.0,11.0,10.67,10.75,789613,0.0,0.0
2004-07-05 00:00:00+08:00,10.67,11.0,10.59,10.92,855905,0.0,0.0
2004-07-06 00:00:00+08:00,10.75,11.08,10.75,11.08,1733337,0.0,0.0
2004-07-07 00:00:00+08:00,10.84,11.16,10.84,11.16,668450,0.0,0.0
2004-07-08 00:00:00+08:00,11.16,11.24,11.0,11.08,903036,0.0,0.0
2004-07-09 00:00:00+08:00,11.08,11.08,10.92,11.0,768853,0.0,0.0
2004-07-12 00:00:00+08:00,11.0,11.49,11.0,11.41,1970307,0.0,0.0
2004-07-13 00:00:00+08:00,11.41,11.41,11.24,11.24,160397,0.0,0.0
2004-07-14 00:00:00+08:00,11.16,11.24,10.84,10.84,671213,0.0,0.0
2004-07-15 00:00:00+08:00,10.92,11.08,10.84,11.0,429270,0.0,0.0
2004-07-16 00:00:00+08:00,11.0,11.41,11.0,11.24,1227914,0.0,0.0
2004-07-19 00:00:00+08:00,11.32,11.32,10.75,10.84,1107567,0.0,0.0
2004-07-20 00:00:00+08:00,10.84,10.84,10.51,10.67,1029160,0.0,0.0
2004-07-21 00:00:00+08:00,10.67,10.84,10.43,10.51,1605670,0.0,0.0
2004-07-22 00:00:00+08:00,10.27,10.35,9.94,10.18,1366065,0.0,0.0
2004-07-23 00:00:00+08:00,10.18,10.43,10.1,10.43,2180119,0.0,0.0
2004-07-26 00:00:00+08:00,10.35,10.67,10.18,10.59,1097226,0.0,0.0
2004-07-27 00:00:00+08:00,10.43,10.75,10.35,10.59,2987342,0.0,0.0
2004-07-28 00:00:00+08:00,10.59,10.59,10.27,10.27,1653311,0.0,0.0
2004-07-29 00:00:00+08:00,10.27,10.43,10.1,10.18,1792965,0.0,0.0
2004-07-30 00:00:00+08:00,10.35,10.84,10.35,10.84,2491230,0.0,0.0
2004-08-02 00:00:00+08:00,11.48,11.48,10.92,11.02,1899239,2.25,1.04
2004-08-03 00:00:00+08:00,11.02,11.29,11.02,11.2,915641,0.0,0.0
2004-08-04 00:00:00+08:00,11.11,11.57,11.11,11.48,3605199,0.0,0.0
2004-08-05 00:00:00+08:00,11.57,11.85,11.29,11.76,1204165,0.0,0.0
2004-08-06 00:00:00+08:00,11.76,12.5,11.57,12.5,3367126,0.0,0.0
2004-08-09 00:00:00+08:00,12.4,12.4,12.22,12.4,442995,0.0,0.0
2004-08-10 00:00:00+08:00,12.4,12.4,12.03,12.13,535482,0.0,0.0
2004-08-11 00:00:00+08:00,12.13,12.22,12.03,12.13,1383005,0.0,0.0
2004-08-12 00:00:00+08:00,12.13,12.13,11.76,11.94,1473125,0.0,0.0
2004-08-13 00:00:00+08:00,11.94,12.4,11.76,11.94,1840253,0.0,0.0
2004-08-16 00:00:00+08:00,11.94,12.03,11.76,11.85,393172,0.0,0.0
2004-08-17 00:00:00+08:00,11.94,12.13,11.85,12.03,1027782,0.0,0.0
2004-08-18 00:00:00+08:00,12.03,12.31,11.94,12.31,1990137,0.0,0.0
2004-08-19 00:00:00+08:00,12.4,12.5,12.22,12.31,1473087,0.0,0.0
2004-08-20 00:00:00+08:00,12.31,12.31,11.94,12.03,1003576,0.0,0.0
2004-08-23 00:00:00+08:00,12.03,12.22,12.03,12.13,893800,0.0,0.0
2004-08-24 00:00:00+08:00,12.13,12.13,12.13,12.13,0,0.0,0.0
2004-08-26 00:00:00+08:00,12.22,12.59,12.13,12.22,2977041,0.0,0.0
2004-08-27 00:00:00+08:00,12.31,12.77,12.22,12.59,3634309,0.0,0.0
2004-08-30 00:00:00+08:00,12.59,12.77,12.59,12.77,1417386,0.0,0.0
2004-08-31 00:00:00+08:00,12.77,12.87,12.59,12.77,1166569,0.0,0.0
2004-09-01 00:00:00+08:00,12.77,12.87,12.68,12.87,1146377,0.0,0.0
2004-09-02 00:00:00+08:00,12.96,13.7,12.96,13.51,6081740723,0.0,0.0
2004-09-03 00:00:00+08:00,13.33,13.51,12.96,12.96,2592704,0.0,0.0
2004-09-06 00:00:00+08:00,12.77,13.14,12.77,12.96,1564046,0.0,0.0
2004-09-07 00:00:00+08:00,13.05,13.33,12.96,13.05,1603106,0.0,0.0
2004-09-08 00:00:00+08:00,13.05,13.14,12.59,12.59,1296786,0.0,0.0
2004-09-09 00:00:00+08:00,12.68,12.77,12.4,12.59,1323810,0.0,0.0
2004-09-10 00:00:00+08:00,12.59,12.77,12.59,12.77,1007583,0.0,0.0
2004-09-13 00:00:00+08:00,12.87,12.96,12.68,12.77,1546448,0.0,0.0
2004-09-14 00:00:00+08:00,12.59,12.96,12.59,12.87,1414375,0.0,0.0
2004-09-15 00:00:00+08:00,12.87,13.05,12.87,12.96,1090239,0.0,0.0
2004-09-16 00:00:00+08:00,12.87,12.96,12.68,12.68,652379,0.0,0.0
2004-09-17 00:00:00+08:00,12.77,13.14,12.77,13.14,2336293,0.0,0.0
2004-09-20 00:00:00+08:00,13.24,13.24,12.96,13.14,1786745,0.0,0.0
2004-09-21 00:00:00+08:00,13.14,13.42,13.05,13.24,2714276,0.0,0.0
2004-09-22 00:00:00+08:00,13.24,13.33,12.96,12.96,1814511,0.0,0.0
2004-09-23 00:00:00+08:00,12.87,12.96,12.68,12.96,1219145,0.0,0.0
2004-09-24 00:00:00+08:00,12.96,13.05,12.68,12.87,957082,0.0,0.0
2004-09-27 00:00:00+08:00,12.68,12.87,12.68,12.87,462114,0.0,0.0
2004-09-28 00:00:00+08:00,12.87,12.87,12.87,12.87,0,0.0,0.0
2004-09-29 00:00:00+08:00,12.68,12.77,12.68,12.68,429529,0.0,0.0
2004-09-30 00:00:00+08:00,12.77,12.96,12.77,12.87,603886,0.0,0.0
2004-10-01 00:00:00+08:00,12.77,12.96,12.77,12.96,371850,0.0,0.0
2004-10-04 00:00:00+08:00,13.05,13.14,12.96,13.05,2701176,0.0,0.0
2004-10-05 00:00:00+08:00,12.96,13.05,12.77,12.96,809929,0.0,0.0
2004-10-06 00:00:00+08:00,13.05,13.42,12.96,13.33,3444308,0.0,0.0
2004-10-07 00:00:00+08:00,13.33,13.33,13.05,13.33,1104240,0.0,0.0
2004-10-08 00:00:00+08:00,13.33,13.33,13.05,13.14,913820,0.0,0.0
2004-10-11 00:00:00+08:00,12.96,13.33,12.96,13.24,1837517,0.0,0.0
2004-10-12 00:00:00+08:00,13.14,13.24,13.05,13.05,798048,0.0,0.0
2004-10-13 00:00:00+08:00,12.87,13.14,12.87,13.14,1026982,0.0,0.0
2004-10-14 00:00:00+08:00,13.14,13.14,12.96,13.05,575570,0.0,0.0
2004-10-15 00:00:00+08:00,13.05,13.24,12.87,13.14,894185,0.0,0.0
2004-10-18 00:00:00+08:00,13.14,13.24,13.05,13.14,2132560,0.0,0.0
2004-10-19 00:00:00+08:00,13.14,13.33,13.14,13.33,1775890,0.0,0.0
2004-10-20 00:00:00+08:00,13.33,13.33,12.87,12.87,886170,0.0,0.0
2004-10-21 00:00:00+08:00,12.77,13.33,12.5,13.24,2488495,0.0,0.0
2004-10-22 00:00:00+08:00,13.24,13.42,13.14,13.42,3533972,0.0,0.0
2004-10-25 00:00:00+08:00,13.42,13.42,13.42,13.42,0,0.0,0.0
2004-10-26 00:00:00+08:00,13.33,13.33,12.96,12.96,528717,0.0,0.0
2004-10-27 00:00:00+08:00,12.96,13.05,12.77,12.96,526111,0.0,0.0
2004-10-28 00:00:00+08:00,13.05,13.33,12.77,12.77,1796471,0.0,0.0
2004-10-29 00:00:00+08:00,12.96,13.33,12.96,13.24,1139778,0.0,0.0
2004-11-01 00:00:00+08:00,13.24,13.42,13.14,13.33,1998397,0.0,0.0
2004-11-02 00:00:00+08:00,13.24,13.33,12.96,13.24,1495245,0.0,0.0
2004-11-03 00:00:00+08:00,13.05,13.33,12.96,13.33,3111634,0.0,0.0
2004-11-04 00:00:00+08:00,13.24,13.24,13.05,13.24,3691561,0.0,0.0
2004-11-05 00:00:00+08:00,13.24,13.51,13.14,13.51,4634778,0.0,0.0
2004-11-08 00:00:00+08:00,13.51,13.61,13.42,13.51,1618590,0.0,0.0
2004-11-09 00:00:00+08:00,13.51,13.7,13.42,13.7,1952590623,0.0,0.0
2004-11-10 00:00:00+08:00,13.7,13.79,13.61,13.7,1728075,0.0,0.0
2004-11-11 00:00:00+08:00,13.7,13.79,13.51,13.61,1775037,0.0,0.0
2004-11-12 00:00:00+08:00,13.7,13.79,13.61,13.7,1029935,0.0,0.0
2004-11-15 00:00:00+08:00,13.7,13.79,13.7,13.79,1257142,0.0,0.0
2004-11-16 00:00:00+08:00,13.79,13.79,13.61,13.7,1004963,0.0,0.0
2004-11-17 00:00:00+08:00,13.7,13.89,13.7,13.79,1520700,0.0,0.0
2004-11-18 00:00:00+08:00,13.89,13.89,13.61,13.7,1522085,0.0,0.0
2004-11-19 00:00:00+08:00,13.7,13.79,13.61,13.7,884946,0.0,0.0
2004-11-22 00:00:00+08:00,13.7,13.7,13.33,13.42,1322437930,0.0,0.0
2004-11-23 00:00:00+08:00,13.42,13.61,13.42,13.61,2517134,0.0,0.0
2004-11-24 00:00:00+08:00,13.61,13.89,13.51,13.79,1757081,0.0,0.0
2004-11-25 00:00:00+08:00,13.79,13.79,13.7,13.7,340479,0.0,0.0
2004-11-26 00:00:00+08:00,13.7,13.79,13.7,13.7,1553989,0.0,0.0
2004-11-29 00:00:00+08:00,13.7,13.7,13.51,13.61,1471289,0.0,0.0
2004-11-30 00:00:00+08:00,13.61,13.7,13.51,13.7,3930422,0.0,0.0
2004-12-01 00:00:00+08:00,13.7,13.79,13.51,13.7,1636237,0.0,0.0
2004-12-02 00:00:00+08:00,13.79,13.79,13.7,13.7,884535,0.0,0.0
2004-12-03 00:00:00+08:00,13.7,13.79,13.7,13.7,397969,0.0,0.0
2004-12-06 00:00:00+08:00,13.7,13.79,13.61,13.7,2511499,0.0,0.0
2004-12-07 00:00:00+08:00,13.7,13.89,13.7,13.79,3993335,0.0,0.0
2004-12-08 00:00:00+08:00,13.79,13.79,13.61,13.61,664155,0.0,0.0
2004-12-09 00:00:00+08:00,13.7,13.7,13.14,13.24,1466403,0.0,0.0
2004-12-10 00:00:00+08:00,13.24,13.51,13.24,13.42,1504112,0.0,0.0
2004-12-13 00:00:00+08:00,13.42,13.89,13.33,13.51,1360591,0.0,0.0
2004-12-14 00:00:00+08:00,13.51,13.79,13.51,13.79,1018008,0.0,0.0
2004-12-15 00:00:00+08:00,13.7,14.07,13.7,14.07,1874347946,0.0,0.0
2004-12-16 00:00:00+08:00,14.07,14.07,13.98,14.07,890081,0.0,0.0
2004-12-17 00:00:00+08:00,14.07,14.07,13.89,13.89,460059,0.0,0.0
2004-12-20 00:00:00+08:00,13.89,14.07,13.79,14.07,1453193,0.0,0.0
2004-12-21 00:00:00+08:00,14.07,14.07,13.98,14.07,692636,0.0,0.0
2004-12-22 00:00:00+08:00,14.07,14.26,14.07,14.16,751892,0.0,0.0
2004-12-23 00:00:00+08:00,14.16,14.35,14.16,14.26,578332,0.0,0.0
2004-12-24 00:00:00+08:00,14.26,14.26,14.16,14.16,315356,0.0,0.0
2004-12-27 00:00:00+08:00,14.16,14.26,14.07,14.16,389346,0.0,0.0
2004-12-28 00:00:00+08:00,14.16,14.44,14.16,14.35,1210190,0.0,0.0
2004-12-29 00:00:00+08:00,14.35,14.53,14.26,14.26,953357,0.0,0.0
2004-12-30 00:00:00+08:00,14.26,14.26,14.16,14.26,649508,0.0,0.0
2004-12-31 00:00:00+08:00,14.26,14.44,14.07,14.26,1788398,0.0,0.0
2005-01-03 00:00:00+08:00,14.44,14.44,14.16,14.26,1274743,0.0,0.0
2005-01-04 00:00:00+08:00,14.16,14.16,13.98,14.07,1198501,0.0,0.0
2005-01-05 00:00:00+08:00,14.07,14.07,13.7,13.79,1078905,0.0,0.0
2005-01-06 00:00:00+08:00,13.79,13.79,13.61,13.61,1056386,0.0,0.0
2005-01-07 00:00:00+08:00,13.61,13.7,13.51,13.7,310011,0.0,0.0
2005-01-10 00:00:00+08:00,13.7,13.79,13.61,13.61,258474,0.0,0.0
2005-01-11 00:00:00+08:00,13.7,14.07,13.7,13.98,1106244,0.0,0.0
2005-01-12 00:00:00+08:00,13.98,13.98,13.7,13.79,801944,0.0,0.0
2005-01-13 00:00:00+08:00,13.79,13.79,13.61,13.61,256851,0.0,0.0
2005-01-14 00:00:00+08:00,13.61,13.7,13.33,13.61,1171364,0.0,0.0
2005-01-17 00:00:00+08:00,13.7,13.79,13.61,13.61,249759,0.0,0.0
2005-01-18 00:00:00+08:00,13.89,13.89,13.51,13.51,1426106,0.0,0.0
2005-01-19 00:00:00+08:00,13.51,13.61,13.42,13.42,1243053,0.0,0.0
2005-01-20 00:00:00+08:00,13.33,13.51,13.24,13.51,727172,0.0,0.0
2005-01-21 00:00:00+08:00,13.14,13.51,13.05,13.05,1112019,0.0,0.0
2005-01-24 00:00:00+08:00,13.05,13.14,12.96,13.05,2475655,0.0,0.0
2005-01-25 00:00:00+08:00,13.05,13.33,13.05,13.24,236774,0.0,0.0
2005-01-26 00:00:00+08:00,13.33,13.42,13.33,13.33,233046,0.0,0.0
2005-01-27 00:00:00+08:00,13.33,13.7,13.33,13.7,1417246994,0.0,0.0
2005-01-28 00:00:00+08:00,13.7,13.7,13.51,13.51,1034614608,0.0,0.0
2005-01-31 00:00:00+08:00,13.51,13.7,13.51,13.61,1945197,0.0,0.0
2005-02-01 00:00:00+08:00,13.7,13.79,13.61,13.7,2569015,0.0,0.0
2005-02-02 00:00:00+08:00,13.7,13.89,13.7,13.79,1650459,0.0,0.0
2005-02-03 00:00:00+08:00,13.79,13.79,13.51,13.7,1576819,0.0,0.0
2005-02-04 00:00:00+08:00,13.7,13.7,13.7,13.7,0,0.0,0.0
2005-02-14 00:00:00+08:00,13.7,13.98,13.7,13.89,3435799,0.0,0.0
2005-02-15 00:00:00+08:00,13.89,13.89,13.7,13.89,973209397,0.0,0.0
2005-02-16 00:00:00+08:00,13.89,13.89,13.7,13.89,912873232,0.0,0.0
2005-02-17 00:00:00+08:00,13.7,13.89,13.61,13.7,1203262,0.0,0.0
2005-02-18 00:00:00+08:00,13.7,13.89,13.7,13.7,17623791744,0.0,0.0
2005-02-21 00:00:00+08:00,13.89,14.44,13.79,14.07,2846028,0.0,0.0
2005-02-22 00:00:00+08:00,14.07,14.07,13.61,13.79,1296656,0.0,0.0
2005-02-23 00:00:00+08:00,13.7,13.7,13.42,13.61,1861131,0.0,0.0
2005-02-24 00:00:00+08:00,13.7,13.79,13.61,13.61,1240220,0.0,0.0
2005-02-25 00:00:00+08:00,13.7,13.98,13.7,13.98,2157519,0.0,0.0
2005-02-28 00:00:00+08:00,13.98,13.98,13.98,13.98,0,0.0,0.0
2005-03-01 00:00:00+08:00,13.98,14.16,13.79,13.89,1173189,0.0,0.0
2005-03-02 00:00:00+08:00,13.98,14.07,13.89,14.07,1086211,0.0,0.0
2005-03-03 00:00:00+08:00,14.07,14.07,13.9,13.92,283949941,0.0,0.0
2005-03-04 00:00:00+08:00,13.89,13.96,13.89,13.9,1495650029,0.0,0.0
2005-03-07 00:00:00+08:00,14.07,14.07,13.85,13.89,1986538,0.0,0.0
2005-03-08 00:00:00+08:00,14.07,14.07,13.89,13.98,2361876,0.0,0.0
2005-03-09 00:00:00+08:00,13.92,13.98,13.85,13.85,1537453,0.0,0.0
2005-03-10 00:00:00+08:00,13.89,13.98,13.61,13.66,753526,0.0,0.0
2005-03-11 00:00:00+08:00,13.68,14.16,13.68,13.98,1216090,0.0,0.0
2005-03-14 00:00:00+08:00,13.94,13.96,13.89,13.9,1785962,0.0,0.0
2005-03-15 00:00:00+08:00,14.05,14.2,13.31,13.42,2085457,0.0,0.0
2005-03-16 00:00:00+08:00,13.51,13.61,13.42,13.48,1616671,0.0,0.0
2005-03-17 00:00:00+08:00,13.4,13.4,13.09,13.11,3283204,0.0,0.0
2005-03-18 00:00:00+08:00,13.11,13.33,13.11,13.33,1080801,0.0,0.0
2005-03-21 00:00:00+08:00,13.42,13.51,13.33,13.4,868983,0.0,0.0
2005-03-22 00:00:00+08:00,13.4,13.55,13.35,13.55,1332727,0.0,0.0
2005-03-23 00:00:00+08:00,13.4,13.61,13.33,13.59,1658578,0.0,0.0
2005-03-24 00:00:00+08:00,13.59,13.59,13.35,13.39,557587,0.0,0.0
2005-03-25 00:00:00+08:00,13.24,13.35,13.24,13.35,349526,0.0,0.0
2005-03-28 00:00:00+08:00,13.35,13.35,13.13,13.2,416988,0.0,0.0
2005-03-29 00:00:00+08:00,13.2,13.22,13.14,13.2,1036781334,0.0,0.0
2005-03-30 00:00:00+08:00,13.18,13.22,13.16,13.16,1206133,0.0,0.0
2005-03-31 00:00:00+08:00,13.2,13.4,13.2,13.33,806367664,0.0,0.0
2005-04-01 00:00:00+08:00,13.33,13.53,13.33,13.51,905458638,0.0,0.0
2005-04-04 00:00:00+08:00,13.51,13.61,13.48,13.61,2243386,0.0,0.0
2005-04-05 00:00:00+08:00,13.61,13.61,13.61,13.61,0,0.0,0.0
2005-04-06 00:00:00+08:00,13.61,13.61,13.55,13.57,1630483,0.0,0.0
2005-04-07 00:00:00+08:00,13.51,13.66,13.4,13.51,1365543,0.0,0.0
2005-04-08 00:00:00+08:00,13.61,13.61,13.51,13.51,4203792,0.0,0.0
2005-04-11 00:00:00+08:00,13.42,13.51,13.42,13.42,928225,0.0,0.0
2005-04-12 00:00:00+08:00,13.44,13.46,13.4,13.4,1651312,0.0,0.0
2005-04-13 00:00:00+08:00,13.4,13.64,13.4,13.46,1258226,0.0,0.0
2005-04-14 00:00:00+08:00,13.46,13.51,13.42,13.48,2390076,0.0,0.0
2005-04-15 00:00:00+08:00,13.42,13.44,13.35,13.35,2431754,0.0,0.0
2005-04-18 00:00:00+08:00,13.14,13.26,12.96,13.05,1626388,0.0,0.0
2005-04-19 00:00:00+08:00,13.05,13.14,13.0,13.14,327708,0.0,0.0
2005-04-20 00:00:00+08:00,13.31,13.31,13.0,13.03,645651,0.0,0.0
2005-04-21 00:00:00+08:00,12.59,12.94,12.59,12.87,951941,0.0,0.0
2005-04-22 00:00:00+08:00,12.92,13.26,12.92,13.14,3868701,0.0,0.0
2005-04-25 00:00:00+08:00,13.22,13.48,13.2,13.4,1276268527,0.0,0.0
2005-04-26 00:00:00+08:00,13.51,13.57,13.48,13.53,612593,0.0,0.0
2005-04-27 00:00:00+08:00,13.53,13.53,13.46,13.51,361360,0.0,0.0
2005-04-28 00:00:00+08:00,13.5,13.66,13.48,13.66,769897,0.0,0.0
2005-04-29 00:00:00+08:00,13.66,13.66,13.48,13.48,242186,0.0,0.0
2005-05-02 00:00:00+08:00,13.48,13.48,13.48,13.48,0,0.0,0.0
2005-05-03 00:00:00+08:00,13.14,13.61,13.14,13.55,692262,0.0,0.0
2005-05-04 00:00:00+08:00,13.33,13.7,13.33,13.63,1797611,0.0,0.0
2005-05-05 00:00:00+08:00,13.66,13.7,13.63,13.64,2183899,0.0,0.0
2005-05-06 00:00:00+08:00,13.64,13.74,13.35,13.61,250080,0.0,0.0
2005-05-09 00:00:00+08:00,13.44,13.68,13.44,13.59,565885,0.0,0.0
2005-05-10 00:00:00+08:00,13.59,13.59,13.48,13.48,308249,0.0,0.0
2005-05-11 00:00:00+08:00,13.46,13.48,13.35,13.4,236007,0.0,0.0
2005-05-12 00:00:00+08:00,13.4,13.57,13.4,13.4,601885,0.0,0.0
2005-05-13 00:00:00+08:00,13.4,13.55,13.4,13.51,1373752,0.0,0.0
2005-05-16 00:00:00+08:00,13.57,14.2,13.57,13.98,1568749,0.0,0.0
2005-05-17 00:00:00+08:00,14.07,14.14,13.98,14.05,1397087,0.0,0.0
2005-05-18 00:00:00+08:00,14.07,14.09,13.94,13.94,699043,0.0,0.0
2005-05-19 00:00:00+08:00,14.16,14.22,14.07,14.14,1615913,0.0,0.0
2005-05-20 00:00:00+08:00,14.14,14.16,13.7,14.03,878675230,0.0,0.0
2005-05-23 00:00:00+08:00,14.03,14.03,13.76,13.89,213368,0.0,0.0
2005-05-24 00:00:00+08:00,13.89,14.07,13.85,14.07,510866,0.0,0.0
2005-05-25 00:00:00+08:00,14.07,14.22,13.98,13.98,681111,0.0,0.0
2005-05-26 00:00:00+08:00,13.92,13.98,13.77,13.98,397270,0.0,0.0
2005-05-27 00:00:00+08:00,13.96,14.16,13.9,13.98,481667,0.0,0.0
2005-05-30 00:00:00+08:00,13.98,13.98,13.7,13.85,698168,0.0,0.0
2005-05-31 00:00:00+08:00,13.87,13.87,13.61,13.72,825690,0.0,0.0
2005-06-01 00:00:00+08:00,13.64,13.7,13.33,13.42,1294493,0.0,0.0
2005-06-02 00:00:00+08:00,13.42,13.51,13.35,13.37,1975680,0.0,0.0
2005-06-03 00:00:00+08:00,13.37,13.37,13.14,13.33,5204745,0.0,0.0
2005-06-06 00:00:00+08:00,13.33,13.42,13.24,13.4,3352614,0.0,0.0
2005-06-07 00:00:00+08:00,13.48,13.48,13.33,13.48,698600,0.0,0.0
2005-06-08 00:00:00+08:00,13.48,13.55,13.33,13.51,639182,0.0,0.0
2005-06-09 00:00:00+08:00,13.53,13.72,13.48,13.64,1315956,0.0,0.0
2005-06-10 00:00:00+08:00,13.76,13.87,13.61,13.79,905645,0.0,0.0
2005-06-13 00:00:00+08:00,13.79,13.89,13.51,13.83,927095,0.0,0.0
2005-06-14 00:00:00+08:00,13.79,14.11,13.79,14.05,1461536,0.0,0.0
2005-06-15 00:00:00+08:00,14.05,14.14,13.89,14.13,1466814,0.0,0.0
2005-06-16 00:00:00+08:00,14.26,14.26,14.01,14.01,1589004,0.0,0.0
2005-06-17 00:00:00+08:00,13.77,14.09,13.77,14.0,956329,0.0,0.0
2005-06-20 00:00:00+08:00,14.05,14.05,13.89,13.89,185546,0.0,0.0
2005-06-21 00:00:00+08:00,13.89,13.89,13.7,13.72,611830,0.0,0.0
2005-06-22 00:00:00+08:00,13.7,14.07,13.7,14.03,718054960,0.0,0.0
2005-06-23 00:00:00+08:00,14.03,14.05,13.72,13.98,1280019,0.0,0.0
2005-06-24 00:00:00+08:00,13.76,13.89,13.76,13.89,281004,0.0,0.0
2005-06-27 00:00:00+08:00,13.7,13.89,13.66,13.7,359109,0.0,0.0
2005-06-28 00:00:00+08:00,13.7,14.03,13.7,13.96,1243248384,0.0,0.0
2005-06-29 00:00:00+08:00,14.0,14.03,13.74,13.74,2264263,0.0,0.0
2005-06-30 00:00:00+08:00,13.7,14.07,13.7,13.89,1264488027,0.0,0.0
2005-07-01 00:00:00+08:00,13.92,13.94,13.76,13.92,394871,0.0,0.0
2005-07-04 00:00:00+08:00,13.92,14.07,13.9,14.03,700182810,0.0,0.0
2005-07-05 00:00:00+08:00,14.07,14.9,14.07,14.74,3979897,0.0,0.0
2005-07-06 00:00:00+08:00,14.74,14.74,14.48,14.48,974297,0.0,0.0
2005-07-07 00:00:00+08:00,14.44,14.44,14.18,14.29,764073,0.0,0.0
2005-07-08 00:00:00+08:00,14.29,14.51,14.26,14.38,727397,0.0,0.0
2005-07-11 00:00:00+08:00,14.44,15.09,14.42,14.7,2965511,0.0,0.0
2005-07-12 00:00:00+08:00,15.72,15.72,15.4,15.72,10863451,0.0,0.0
2005-07-13 00:00:00+08:00,15.72,15.72,15.37,15.53,3118388,0.0,0.0
2005-07-14 00:00:00+08:00,15.51,15.51,15.13,15.18,4634203,0.0,0.0
2005-07-15 00:00:00+08:00,15.24,15.37,14.9,14.9,4182031,0.0,0.0
2005-07-19 00:00:00+08:00,14.92,15.14,14.83,15.14,1650474,0.0,0.0
2005-07-20 00:00:00+08:00,15.18,15.88,15.18,15.2,5335724,0.0,0.0
2005-07-21 00:00:00+08:00,15.29,15.64,15.24,15.46,4174832705,0.0,0.0
2005-07-22 00:00:00+08:00,15.53,15.55,15.37,15.4,1760611,0.0,0.0
2005-07-25 00:00:00+08:00,15.51,15.51,15.22,15.24,1165660,0.0,0.0
2005-07-26 00:00:00+08:00,15.24,15.29,15.14,15.18,887471,0.0,0.0
2005-07-27 00:00:00+08:00,15.09,15.26,15.09,15.18,1246648,0.0,0.0
2005-07-28 00:00:00+08:00,15.18,15.74,15.14,15.63,3218390,0.0,0.0
2005-07-29 00:00:00+08:00,15.64,15.68,15.48,15.48,1615963,0.0,0.0
2005-08-01 00:00:00+08:00,15.51,15.63,15.38,15.55,2472230,0.0,0.0
2005-08-02 00:00:00+08:00,17.23,17.48,17.05,17.05,1679240,3.33,1.04
2005-08-03 00:00:00+08:00,17.25,17.28,17.14,17.21,690725,0.0,0.0
2005-08-04 00:00:00+08:00,17.21,17.21,16.94,17.16,1419200,0.0,0.0
2005-08-05 00:00:00+08:00,17.16,17.16,17.16,17.16,0,0.0,0.0
2005-08-08 00:00:00+08:00,17.12,18.26,17.12,17.81,2071497,0.0,0.0
2005-08-09 00:00:00+08:00,18.01,18.17,17.81,18.03,486162,0.0,0.0
2005-08-10 00:00:00+08:00,18.06,18.17,17.79,17.81,450057,0.0,0.0
2005-08-11 00:00:00+08:00,17.81,17.9,17.79,17.79,489962,0.0,0.0
2005-08-12 00:00:00+08:00,18.23,18.23,17.92,18.08,918039,0.0,0.0
2005-08-15 00:00:00+08:00,18.06,18.06,17.5,17.59,786022,0.0,0.0
2005-08-16 00:00:00+08:00,17.61,17.61,17.34,17.45,496621,0.0,0.0
2005-08-17 00:00:00+08:00,17.61,17.77,17.19,17.63,1341586,0.0,0.0
2005-08-18 00:00:00+08:00,17.63,17.63,17.28,17.34,614617,0.0,0.0
2005-08-19 00:00:00+08:00,17.34,17.39,17.16,17.39,1335235,0.0,0.0
2005-08-22 00:00:00+08:00,17.52,17.57,17.19,17.57,164931,0.0,0.0
2005-08-23 00:00:00+08:00,17.57,17.57,17.39,17.39,194807,0.0,0.0
2005-08-24 00:00:00+08:00,17.39,17.39,17.21,17.21,348486,0.0,0.0
2005-08-25 00:00:00+08:00,17.39,17.41,17.19,17.36,264989,0.0,0.0
2005-08-26 00:00:00+08:00,17.36,17.61,17.36,17.61,801892,0.0,0.0
2005-08-29 00:00:00+08:00,17.61,17.61,17.19,17.25,369181,0.0,0.0
2005-08-30 00:00:00+08:00,17.5,17.5,17.21,17.21,359795,0.0,0.0
2005-08-31 00:00:00+08:00,17.52,17.52,17.19,17.21,288315,0.0,0.0
2005-09-01 00:00:00+08:00,17.21,17.21,17.21,17.21,0,0.0,0.0
2005-09-02 00:00:00+08:00,17.21,17.21,16.76,16.83,1785962,0.0,0.0
2005-09-05 00:00:00+08:00,16.81,16.81,16.07,16.65,2018779,0.0,0.0
2005-09-06 00:00:00+08:00,16.61,16.65,16.38,16.65,1151091,0.0,0.0
2005-09-07 00:00:00+08:00,16.7,16.74,16.56,16.65,854883,0.0,0.0
2005-09-08 00:00:00+08:00,16.65,16.67,16.45,16.47,941527,0.0,0.0
2005-09-09 00:00:00+08:00,16.47,16.5,16.38,16.5,1122799,0.0,0.0
2005-09-12 00:00:00+08:00,16.5,16.81,16.5,16.72,1022743,0.0,0.0
2005-09-13 00:00:00+08:00,16.87,17.25,16.7,17.21,1268113,0.0,0.0
2005-09-14 00:00:00+08:00,17.16,17.19,16.96,16.99,309350,0.0,0.0
2005-09-15 00:00:00+08:00,16.96,17.12,16.83,17.1,218325,0.0,0.0
2005-09-16 00:00:00+08:00,17.08,17.1,17.01,17.03,371272,0.0,0.0
2005-09-19 00:00:00+08:00,17.25,17.77,17.25,17.72,1873349,0.0,0.0
2005-09-20 00:00:00+08:00,17.61,17.68,17.43,17.43,812241,0.0,0.0
2005-09-21 00:00:00+08:00,17.5,17.72,17.5,17.68,817532,0.0,0.0
2005-09-22 00:00:00+08:00,17.34,17.68,17.14,17.5,1006920,0.0,0.0
2005-09-23 00:00:00+08:00,17.61,17.61,17.41,17.43,525244,0.0,0.0
2005-09-26 00:00:00+08:00,17.43,17.5,16.94,17.5,1377401,0.0,0.0
2005-09-27 00:00:00+08:00,17.5,17.61,17.28,17.52,570247,0.0,0.0
2005-09-28 00:00:00+08:00,17.52,17.61,17.39,17.61,508854,0.0,0.0
2005-09-29 00:00:00+08:00,18.86,19.32,18.86,19.29,2633668,0.0,0.0
2005-09-30 00:00:00+08:00,19.32,19.82,19.29,19.82,1571470,0.0,0.0
2005-10-03 00:00:00+08:00,19.74,19.74,19.29,19.32,1629673,0.0,0.0
2005-10-04 00:00:00+08:00,19.22,19.32,19.2,19.22,2180779,0.0,0.0
2005-10-05 00:00:00+08:00,19.2,19.43,19.2,19.24,687518,0.0,0.0
2005-10-06 00:00:00+08:00,18.81,19.17,18.81,19.08,1293189,0.0,0.0
2005-10-07 00:00:00+08:00,19.08,19.08,18.62,18.69,2237163,0.0,0.0
2005-10-10 00:00:00+08:00,17.45,17.45,17.45,17.45,0,0.0,0.0
2005-10-11 00:00:00+08:00,18.98,19.05,18.62,18.86,1407776,0.0,0.0
2005-10-12 00:00:00+08:00,18.86,18.86,18.62,18.74,325570,0.0,0.0
2005-10-13 00:00:00+08:00,18.62,18.69,18.38,18.62,1349573,0.0,0.0
2005-10-14 00:00:00+08:00,18.62,18.69,18.43,18.46,960343,0.0,0.0
2005-10-17 00:00:00+08:00,18.46,18.62,18.22,18.24,667511,0.0,0.0
2005-10-18 00:00:00+08:00,18.24,18.5,18.17,18.38,796648,0.0,0.0
2005-10-19 00:00:00+08:00,18.38,18.38,17.98,17.98,734808,0.0,0.0
2005-10-20 00:00:00+08:00,17.91,18.05,17.88,18.05,1462341,0.0,0.0
2005-10-21 00:00:00+08:00,17.93,18.41,17.93,18.24,931242,0.0,0.0
2005-10-24 00:00:00+08:00,18.24,18.38,17.79,17.86,1236805,0.0,0.0
2005-10-25 00:00:00+08:00,17.86,18.05,17.86,17.88,1524181,0.0,0.0
2005-10-26 00:00:00+08:00,18.05,18.26,17.91,18.19,501997,0.0,0.0
2005-10-27 00:00:00+08:00,17.91,18.38,17.91,18.15,432882,0.0,0.0
2005-10-28 00:00:00+08:00,17.91,17.95,17.45,17.45,1380493,0.0,0.0
2005-10-31 00:00:00+08:00,17.48,17.81,17.48,17.62,487447,0.0,0.0
2005-11-01 00:00:00+08:00,17.69,18.07,17.69,17.91,507454,0.0,0.0
2005-11-02 00:00:00+08:00,18.15,18.26,17.91,18.17,702069,0.0,0.0
2005-11-03 00:00:00+08:00,18.38,18.38,18.15,18.19,336483,0.0,0.0
2005-11-04 00:00:00+08:00,18.34,18.57,18.22,18.57,807561,0.0,0.0
2005-11-07 00:00:00+08:00,18.74,18.77,18.62,18.77,742083,0.0,0.0
2005-11-08 00:00:00+08:00,18.74,18.81,18.19,18.43,1160414,0.0,0.0
2005-11-09 00:00:00+08:00,18.5,19.0,18.5,19.0,1769723,0.0,0.0
2005-11-10 00:00:00+08:00,19.05,19.24,19.05,19.17,3872293,0.0,0.0
2005-11-11 00:00:00+08:00,19.17,19.22,18.6,19.1,1065835,0.0,0.0
2005-11-14 00:00:00+08:00,18.62,18.91,18.62,18.81,751177,0.0,0.0
2005-11-15 00:00:00+08:00,18.57,19.03,18.57,19.03,2533633,0.0,0.0
2005-11-16 00:00:00+08:00,18.91,19.1,18.89,19.1,1044009,0.0,0.0
2005-11-17 00:00:00+08:00,19.22,19.27,19.1,19.17,1800643,0.0,0.0
2005-11-18 00:00:00+08:00,19.22,19.34,19.22,19.34,994901,0.0,0.0
2005-11-21 00:00:00+08:00,19.34,19.79,19.27,19.58,1387768,0.0,0.0
2005-11-22 00:00:00+08:00,19.58,19.65,19.55,19.6,2580922,0.0,0.0
2005-11-23 00:00:00+08:00,19.58,19.86,19.58,19.82,1696970,0.0,0.0
2005-11-24 00:00:00+08:00,19.82,20.01,19.58,19.89,1309559,0.0,0.0
2005-11-25 00:00:00+08:00,19.91,20.22,19.91,20.15,1727890,0.0,0.0
2005-11-28 00:00:00+08:00,20.17,20.44,20.17,20.41,1560557,0.0,0.0
2005-11-29 00:00:00+08:00,20.41,20.49,20.32,20.41,1236805,0.0,0.0
2005-11-30 00:00:00+08:00,20.41,20.63,20.41,20.46,1227711,0.0,0.0
2005-12-01 00:00:00+08:00,20.46,20.56,20.41,20.53,1513268,0.0,0.0
2005-12-02 00:00:00+08:00,20.6,20.82,20.6,20.77,1553282,0.0,0.0
2005-12-05 00:00:00+08:00,20.77,21.25,20.77,20.96,811199,0.0,0.0
2005-12-06 00:00:00+08:00,20.96,21.82,20.96,21.8,2813733,0.0,0.0
2005-12-07 00:00:00+08:00,21.8,22.16,21.54,21.94,1393225,0.0,0.0
2005-12-08 00:00:00+08:00,21.92,21.92,20.53,21.03,800286,0.0,0.0
2005-12-09 00:00:00+08:00,21.06,22.49,20.7,21.82,3155673,0.0,0.0
2005-12-12 00:00:00+08:00,21.82,21.89,20.77,21.56,1020364,0.0,0.0
2005-12-13 00:00:00+08:00,23.06,23.06,21.49,21.73,1416870,0.0,0.0
2005-12-14 00:00:00+08:00,21.85,21.85,21.18,21.49,349215,0.0,0.0
2005-12-15 00:00:00+08:00,20.89,21.44,20.89,21.11,456526,0.0,0.0
2005-12-16 00:00:00+08:00,21.2,22.11,21.2,22.08,1511449,0.0,0.0
2005-12-19 00:00:00+08:00,22.13,22.32,22.13,22.13,778460,0.0,0.0
2005-12-20 00:00:00+08:00,22.13,22.32,21.97,22.23,960343,0.0,0.0
2005-12-21 00:00:00+08:00,22.23,22.44,22.13,22.44,954886,0.0,0.0
2005-12-22 00:00:00+08:00,21.15,21.73,21.13,21.47,1131830139,0.0,0.0
2005-12-23 00:00:00+08:00,22.99,23.4,22.99,23.37,1007633,0.0,0.0
2005-12-26 00:00:00+08:00,21.82,21.82,21.51,21.51,487017,0.0,0.0
2005-12-27 00:00:00+08:00,23.09,23.16,22.82,22.92,445613,0.0,0.0
2005-12-28 00:00:00+08:00,22.92,22.92,22.68,22.9,345578,0.0,0.0
2005-12-29 00:00:00+08:00,22.8,22.8,22.49,22.66,1016727,0.0,0.0
2005-12-30 00:00:00+08:00,22.66,22.66,22.2,22.2,611127,0.0,0.0
2006-01-02 00:00:00+08:00,22.16,22.16,21.37,21.37,842119,0.0,0.0
2006-01-03 00:00:00+08:00,21.37,22.08,21.25,22.08,703888,0.0,0.0
2006-01-04 00:00:00+08:00,22.08,22.49,21.77,22.49,1060379,0.0,0.0
2006-01-05 00:00:00+08:00,22.49,22.56,21.75,22.49,940336,0.0,0.0
2006-01-06 00:00:00+08:00,22.44,22.44,21.85,22.16,592939,0.0,0.0
2006-01-09 00:00:00+08:00,21.97,22.35,21.97,22.3,1005814,0.0,0.0
2006-01-10 00:00:00+08:00,22.32,22.32,21.8,22.3,860307,0.0,0.0
2006-01-11 00:00:00+08:00,22.3,22.56,21.94,22.56,1327747,0.0,0.0
2006-01-12 00:00:00+08:00,21.99,22.56,21.68,22.08,1935237,0.0,0.0
2006-01-13 00:00:00+08:00,21.94,21.97,21.58,21.73,1907954,0.0,0.0
2006-01-16 00:00:00+08:00,21.51,21.73,21.42,21.42,461983,0.0,0.0
2006-01-17 00:00:00+08:00,21.42,21.54,21.42,21.54,3037449,0.0,0.0
2006-01-18 00:00:00+08:00,22.2,22.2,21.27,21.39,1145864,0.0,0.0
2006-01-19 00:00:00+08:00,21.25,21.42,21.23,21.39,1440515,0.0,0.0
2006-01-20 00:00:00+08:00,21.39,21.46,21.18,21.46,1666050,0.0,0.0
2006-01-23 00:00:00+08:00,21.37,21.37,21.01,21.08,898503,0.0,0.0
2006-01-24 00:00:00+08:00,21.08,21.37,21.08,21.32,491084,0.0,0.0
2006-01-25 00:00:00+08:00,21.32,21.85,21.15,21.85,1171327,0.0,0.0
2006-02-03 00:00:00+08:00,21.49,21.85,21.32,21.73,2091656,0.0,0.0
2006-02-06 00:00:00+08:00,21.46,21.46,20.96,21.15,1973432,0.0,0.0
2006-02-07 00:00:00+08:00,21.13,21.32,21.13,21.25,825749,0.0,0.0
2006-02-08 00:00:00+08:00,21.03,21.13,20.65,20.89,638410,0.0,0.0
2006-02-09 00:00:00+08:00,20.89,21.01,20.22,20.51,1744260,0.0,0.0
2006-02-10 00:00:00+08:00,20.44,20.44,20.2,20.29,1422326,0.0,0.0
2006-02-13 00:00:00+08:00,20.29,20.29,19.72,19.89,1269544,0.0,0.0
2006-02-14 00:00:00+08:00,19.89,20.01,19.67,20.01,2648219,0.0,0.0
2006-02-15 00:00:00+08:00,20.06,20.25,19.96,20.01,2264446,0.0,0.0
2006-02-16 00:00:00+08:00,20.77,21.37,20.65,20.91,3024717,0.0,0.0
2006-02-17 00:00:00+08:00,21.03,21.13,20.65,20.68,232810,0.0,0.0
2006-02-20 00:00:00+08:00,20.34,20.6,20.34,20.58,314657,0.0,0.0
2006-02-21 00:00:00+08:00,20.53,20.53,20.29,20.44,1151320,0.0,0.0
2006-02-22 00:00:00+08:00,20.39,20.46,19.84,20.15,1276820,0.0,0.0
2006-02-23 00:00:00+08:00,20.27,20.44,20.1,20.27,300107,0.0,0.0
2006-02-24 00:00:00+08:00,20.27,21.49,20.27,21.49,1198610,0.0,0.0
2006-02-27 00:00:00+08:00,21.49,21.49,21.01,21.18,300107,0.0,0.0
2006-03-01 00:00:00+08:00,21.25,21.27,20.68,20.96,398324,0.0,0.0
2006-03-02 00:00:00+08:00,20.89,20.99,20.8,20.89,1369580,0.0,0.0
2006-03-03 00:00:00+08:00,20.91,20.99,20.41,20.65,665692,0.0,0.0
2006-03-06 00:00:00+08:00,20.7,20.75,20.6,20.72,840300,0.0,0.0
2006-03-07 00:00:00+08:00,20.7,20.7,20.68,20.7,511091,0.0,0.0
2006-03-08 00:00:00+08:00,20.7,20.99,20.7,20.84,409237,0.0,0.0
2006-03-09 00:00:00+08:00,20.84,20.84,20.68,20.68,354672,0.0,0.0
2006-03-10 00:00:00+08:00,20.68,20.77,20.68,20.77,523823,0.0,0.0
2006-03-13 00:00:00+08:00,20.68,20.96,20.68,20.77,301926,0.0,0.0
2006-03-14 00:00:00+08:00,20.77,20.77,20.29,20.46,823930,0.0,0.0
2006-03-15 00:00:00+08:00,20.46,20.72,20.46,20.6,1158596,0.0,0.0
2006-03-16 00:00:00+08:00,20.68,21.3,20.68,20.68,943973,0.0,0.0
2006-03-17 00:00:00+08:00,20.68,21.01,20.63,20.72,3803178,0.0,0.0
2006-03-20 00:00:00+08:00,20.82,21.2,20.77,21.2,1271363,0.0,0.0
2006-03-21 00:00:00+08:00,21.2,21.25,20.68,20.68,405599,0.0,0.0
2006-03-22 00:00:00+08:00,20.68,20.68,20.49,20.58,749358,0.0,0.0
2006-03-23 00:00:00+08:00,20.68,20.68,20.51,20.56,480171,0.0,0.0
2006-03-24 00:00:00+08:00,20.56,20.56,20.44,20.51,320114,0.0,0.0
2006-03-27 00:00:00+08:00,20.51,20.63,20.39,20.51,440157,0.0,0.0
2006-03-28 00:00:00+08:00,20.51,21.23,20.46,21.06,391048,0.0,0.0
2006-03-29 00:00:00+08:00,20.94,21.06,20.72,20.94,416512,0.0,0.0
2006-03-30 00:00:00+08:00,21.25,21.37,20.94,21.34,1778817,0.0,0.0
2006-03-31 00:00:00+08:00,21.37,21.73,21.37,21.46,993082,0.0,0.0
2006-04-03 00:00:00+08:00,21.46,21.68,21.13,21.61,432882,0.0,0.0
2006-04-04 00:00:00+08:00,21.73,22.06,21.61,21.89,732989,0.0,0.0
2006-04-06 00:00:00+08:00,21.97,22.56,21.97,22.56,2379032,0.0,0.0
2006-04-07 00:00:00+08:00,22.59,23.3,22.56,23.23,2368119,0.0,0.0
2006-04-10 00:00:00+08:00,23.4,23.64,23.23,23.59,1947969,0.0,0.0
2006-04-11 00:00:00+08:00,23.78,23.78,22.8,23.68,1389587,0.0,0.0
2006-04-12 00:00:00+08:00,23.76,23.76,22.94,23.4,472896,0.0,0.0
2006-04-13 00:00:00+08:00,23.3,23.73,22.92,23.64,1011270,0.0,0.0
2006-04-14 00:00:00+08:00,23.64,23.64,23.25,23.64,509272,0.0,0.0
2006-04-17 00:00:00+08:00,23.64,24.95,23.64,24.47,2415409,0.0,0.0
2006-04-18 00:00:00+08:00,24.35,24.35,23.66,23.85,1276820,0.0,0.0
2006-04-19 00:00:00+08:00,24.23,24.83,23.52,24.35,3173862,0.0,0.0
2006-04-20 00:00:00+08:00,24.35,24.83,24.23,24.71,1844295,0.0,0.0
2006-04-21 00:00:00+08:00,23.78,25.07,23.78,24.11,672967,0.0,0.0
2006-04-24 00:00:00+08:00,23.88,23.88,22.44,22.56,2861022,0.0,0.0
2006-04-25 00:00:00+08:00,22.44,22.75,22.44,22.66,1118581,0.0,0.0
2006-04-26 00:00:00+08:00,22.49,22.99,22.44,22.9,612946,0.0,0.0
2006-04-27 00:00:00+08:00,22.9,23.28,22.44,22.44,1142226,0.0,0.0
2006-04-28 00:00:00+08:00,22.44,23.16,20.89,20.89,1198610,0.0,0.0
2006-05-02 00:00:00+08:00,22.28,22.28,21.61,22.16,1042190,0.0,0.0
2006-05-03 00:00:00+08:00,22.2,22.68,22.2,22.51,3577642,0.0,0.0
2006-05-04 00:00:00+08:00,22.51,22.51,22.23,22.44,232810,0.0,0.0
2006-05-05 00:00:00+08:00,22.44,22.44,21.92,21.97,1194972,0.0,0.0
2006-05-08 00:00:00+08:00,21.97,22.42,21.8,22.42,440157,0.0,0.0
2006-05-09 00:00:00+08:00,22.32,22.32,21.73,21.97,925785,0.0,0.0
2006-05-10 00:00:00+08:00,21.68,21.97,21.68,21.97,338302,0.0,0.0
2006-05-11 00:00:00+08:00,21.75,21.89,21.7,21.87,356491,0.0,0.0
2006-05-12 00:00:00+08:00,21.73,21.97,21.25,21.56,720257,0.0,0.0
2006-05-15 00:00:00+08:00,21.27,21.39,21.03,21.06,854851,0.0,0.0
2006-05-16 00:00:00+08:00,21.06,21.06,20.77,20.77,931242,0.0,0.0
2006-05-17 00:00:00+08:00,20.8,20.96,20.72,20.82,991263,0.0,0.0
2006-05-18 00:00:00+08:00,19.44,19.5,19.3,19.39,1211702334,0.0,0.0
2006-05-19 00:00:00+08:00,19.39,19.39,19.17,19.33,1704564011,0.0,0.0
2006-05-22 00:00:00+08:00,20.7,20.77,20.51,20.58,778460,0.0,0.0
2006-05-23 00:00:00+08:00,20.58,20.68,20.51,20.58,2269902,0.0,0.0
2006-05-24 00:00:00+08:00,20.6,20.84,20.53,20.77,3177499,0.0,0.0
2006-05-25 00:00:00+08:00,20.77,20.8,20.53,20.68,954886,0.0,0.0
2006-05-26 00:00:00+08:00,20.72,20.82,20.68,20.68,776641,0.0,0.0
2006-05-29 00:00:00+08:00,19.39,19.48,19.3,19.3,1057803671,0.0,0.0
2006-05-30 00:00:00+08:00,20.77,20.87,20.68,20.68,987625,0.0,0.0
2006-06-01 00:00:00+08:00,20.7,21.01,20.68,20.89,1062197,0.0,0.0
2006-06-02 00:00:00+08:00,21.11,21.11,20.89,20.91,620221,0.0,0.0
2006-06-05 00:00:00+08:00,20.99,21.34,20.75,20.89,1005814,0.0,0.0
2006-06-06 00:00:00+08:00,20.87,21.37,20.77,21.32,1291370,0.0,0.0
2006-06-07 00:00:00+08:00,21.73,21.73,21.2,21.2,640228,0.0,0.0
2006-06-08 00:00:00+08:00,21.25,21.25,20.96,21.06,1396863,0.0,0.0
2006-06-09 00:00:00+08:00,21.25,21.25,20.77,21.01,1431420,0.0,0.0
2006-06-12 00:00:00+08:00,20.89,20.96,20.49,20.89,711163,0.0,0.0
2006-06-13 00:00:00+08:00,20.87,20.87,20.51,20.7,1371399,0.0,0.0
2006-06-14 00:00:00+08:00,20.7,21.27,20.7,21.03,438338,0.0,0.0
2006-06-15 00:00:00+08:00,21.03,21.06,20.41,20.84,1844295,0.0,0.0
2006-06-16 00:00:00+08:00,21.08,21.34,20.91,21.18,667511,0.0,0.0
2006-06-19 00:00:00+08:00,21.18,21.73,21.18,21.73,522004,0.0,0.0
2006-06-20 00:00:00+08:00,21.68,21.77,20.8,20.91,843938,0.0,0.0
2006-06-21 00:00:00+08:00,20.8,21.15,20.63,20.75,583845,0.0,0.0
2006-06-22 00:00:00+08:00,20.99,21.49,20.99,21.25,343759,0.0,0.0
2006-06-23 00:00:00+08:00,21.01,21.25,20.72,21.25,505635,0.0,0.0
2006-06-26 00:00:00+08:00,21.23,21.37,20.89,21.25,296469,0.0,0.0
2006-06-27 00:00:00+08:00,21.01,21.54,21.01,21.37,445613,0.0,0.0
2006-06-28 00:00:00+08:00,21.01,21.32,20.91,21.32,451070,0.0,0.0
2006-06-29 00:00:00+08:00,21.25,21.65,21.25,21.61,1216798,0.0,0.0
2006-06-30 00:00:00+08:00,21.92,22.2,21.63,22.16,1003995,0.0,0.0
2006-07-03 00:00:00+08:00,22.44,22.44,22.2,22.2,571113,0.0,0.0
2006-07-04 00:00:00+08:00,22.23,22.23,21.85,22.11,250998,0.0,0.0
2006-07-05 00:00:00+08:00,22.11,22.11,21.54,21.7,405599,0.0,0.0
2006-07-06 00:00:00+08:00,21.25,21.7,21.25,21.7,763909,0.0,0.0
2006-07-07 00:00:00+08:00,21.87,21.87,21.3,21.85,140050,0.0,0.0
2006-07-10 00:00:00+08:00,21.85,21.85,21.39,21.56,276462,0.0,0.0
2006-07-11 00:00:00+08:00,21.56,21.7,21.56,21.56,69115,0.0,0.0
2006-07-12 00:00:00+08:00,21.61,22.32,21.61,21.65,587482,0.0,0.0
2006-07-13 00:00:00+08:00,21.77,22.06,21.61,21.68,1755173,0.0,0.0
2006-07-14 00:00:00+08:00,21.49,21.61,21.39,21.49,1105849,0.0,0.0
2006-07-17 00:00:00+08:00,21.73,22.2,21.73,21.99,736627,0.0,0.0
2006-07-18 00:00:00+08:00,21.99,22.32,21.94,22.32,2186236,0.0,0.0
2006-07-19 00:00:00+08:00,22.68,23.04,22.32,22.92,2133490,0.0,0.0
2006-07-20 00:00:00+08:00,23.37,23.52,23.23,23.23,1618760,0.0,0.0
2006-07-21 00:00:00+08:00,22.63,23.14,22.44,22.71,400143,0.0,0.0
2006-07-24 00:00:00+08:00,22.47,22.92,21.99,22.92,2331742,0.0,0.0
2006-07-25 00:00:00+08:00,22.92,23.99,22.92,23.54,2810095,0.0,0.0
2006-07-26 00:00:00+08:00,22.07,22.25,21.87,22.2,1544821441,0.0,0.0
2006-07-27 00:00:00+08:00,21.87,22.29,21.87,22.27,2183791,0.0,0.0
2006-07-28 00:00:00+08:00,23.88,24.35,23.64,24.11,3042906,0.0,0.0
2006-07-31 00:00:00+08:00,24.35,24.59,22.82,23.88,929423,0.0,0.0
2006-08-01 00:00:00+08:00,23.88,23.88,23.16,23.16,711163,0.0,0.0
2006-08-02 00:00:00+08:00,23.88,25.35,23.88,25.3,987885,3.84,1.01
2006-08-03 00:00:00+08:00,25.48,25.85,25.19,25.77,807783,0.0,0.0
2006-08-04 00:00:00+08:00,25.77,26.51,24.93,25.01,1212566,0.0,0.0
2006-08-07 00:00:00+08:00,25.69,25.8,24.93,25.19,538522,0.0,0.0
2006-08-08 00:00:00+08:00,25.43,25.85,25.38,25.77,290659,0.0,0.0
2006-08-09 00:00:00+08:00,25.77,26.22,25.77,26.22,452929,0.0,0.0
2006-08-10 00:00:00+08:00,26.24,26.37,26.03,26.16,351287,0.0,0.0
2006-08-11 00:00:00+08:00,26.22,26.22,25.38,25.56,313840,0.0,0.0
2006-08-14 00:00:00+08:00,25.46,25.85,24.88,25.19,458278,0.0,0.0
2006-08-15 00:00:00+08:00,25.32,25.4,24.96,25.01,312057,0.0,0.0
2006-08-16 00:00:00+08:00,25.19,25.19,24.88,25.04,1034248,0.0,0.0
2006-08-17 00:00:00+08:00,25.33,25.67,25.22,25.25,403000,0.0,0.0
2006-08-18 00:00:00+08:00,25.19,25.3,25.12,25.12,237163,0.0,0.0
2006-08-21 00:00:00+08:00,24.93,25.12,24.25,24.35,593801,0.0,0.0
2006-08-22 00:00:00+08:00,23.93,24.88,23.93,24.54,276393,0.0,0.0
2006-08-23 00:00:00+08:00,24.14,24.41,23.62,23.91,1369487,0.0,0.0
2006-08-24 00:00:00+08:00,24.38,24.59,24.01,24.51,850579,0.0,0.0
2006-08-25 00:00:00+08:00,24.93,24.98,23.7,23.93,766770,0.0,0.0
2006-08-28 00:00:00+08:00,23.93,24.12,23.67,23.86,376252,0.0,0.0
2006-08-29 00:00:00+08:00,23.88,24.28,23.8,24.14,859495,0.0,0.0
2006-08-30 00:00:00+08:00,24.38,24.93,24.14,24.8,1799234,0.0,0.0
2006-08-31 00:00:00+08:00,24.93,25.19,24.41,24.41,431531,0.0,0.0
2006-09-01 00:00:00+08:00,24.41,24.7,24.41,24.59,206849,0.0,0.0
2006-09-04 00:00:00+08:00,24.59,24.67,24.51,24.59,263911,0.0,0.0
2006-09-05 00:00:00+08:00,24.59,24.67,24.51,24.56,187234,0.0,0.0
2006-09-06 00:00:00+08:00,24.56,24.56,23.88,24.01,688309,0.0,0.0
2006-09-07 00:00:00+08:00,23.78,24.01,23.72,23.91,265694,0.0,0.0
2006-09-08 00:00:00+08:00,23.91,24.33,23.78,24.17,1037814,0.0,0.0
2006-09-11 00:00:00+08:00,24.28,24.88,24.17,24.54,939739,0.0,0.0
2006-09-12 00:00:00+08:00,24.43,24.64,24.14,24.14,372685,0.0,0.0
2006-09-13 00:00:00+08:00,24.22,24.93,24.22,24.91,927256,0.0,0.0
2006-09-14 00:00:00+08:00,24.93,24.93,24.28,24.43,452929,0.0,0.0
2006-09-15 00:00:00+08:00,24.54,25.04,24.46,25.04,1547805,0.0,0.0
2006-09-18 00:00:00+08:00,25.32,26.11,25.32,25.98,2701527,0.0,0.0
2006-09-19 00:00:00+08:00,25.98,26.03,25.51,25.95,1132323,0.0,0.0
2006-09-20 00:00:00+08:00,25.74,25.74,25.32,25.32,308491,0.0,0.0
2006-09-21 00:00:00+08:00,25.48,25.67,24.96,25.3,629464,0.0,0.0
2006-09-22 00:00:00+08:00,25.46,25.46,24.83,24.91,381601,0.0,0.0
2006-09-25 00:00:00+08:00,24.8,25.19,24.8,24.98,504641,0.0,0.0
2006-09-26 00:00:00+08:00,25.06,25.46,25.06,25.32,308491,0.0,0.0
2006-09-27 00:00:00+08:00,25.56,25.61,25.19,25.4,825615,0.0,0.0
2006-09-28 00:00:00+08:00,25.4,25.82,25.3,25.46,1824199,0.0,0.0
2006-09-29 00:00:00+08:00,24.93,25.19,24.93,25.01,312057,0.0,0.0
2006-10-02 00:00:00+08:00,25.25,25.4,24.98,25.38,344154,0.0,0.0
2006-10-03 00:00:00+08:00,24.93,25.72,24.93,25.22,627681,0.0,0.0
2006-10-04 00:00:00+08:00,25.33,25.33,24.7,24.7,360203,0.0,0.0
2006-10-05 00:00:00+08:00,24.8,25.32,24.8,25.22,501075,0.0,0.0
2006-10-09 00:00:00+08:00,24.02,24.02,24.02,24.02,0,0.0,0.0
2006-10-11 00:00:00+08:00,25.19,25.22,24.51,24.56,543871,0.0,0.0
2006-10-12 00:00:00+08:00,24.56,24.83,24.43,24.7,283526,0.0,0.0
2006-10-13 00:00:00+08:00,24.75,25.09,24.75,24.93,329889,0.0,0.0
2006-10-16 00:00:00+08:00,24.77,25.19,24.72,25.06,638380,0.0,0.0
2006-10-17 00:00:00+08:00,25.06,25.06,24.8,24.88,251429,0.0,0.0
2006-10-18 00:00:00+08:00,24.88,25.19,24.54,24.67,472544,0.0,0.0
2006-10-19 00:00:00+08:00,23.67,24.59,23.67,24.46,809566,0.0,0.0
2006-10-20 00:00:00+08:00,24.41,24.54,24.33,24.43,693659,0.0,0.0
2006-10-23 00:00:00+08:00,24.41,24.41,24.14,24.2,424398,0.0,0.0
2006-10-24 00:00:00+08:00,24.28,24.8,24.28,24.75,397650,0.0,0.0
2006-10-25 00:00:00+08:00,24.41,24.88,24.41,24.54,406566,0.0,0.0
2006-10-26 00:00:00+08:00,23.12,23.62,23.12,23.57,569228713,0.0,0.0
2006-10-27 00:00:00+08:00,24.41,24.75,24.28,24.3,493942,0.0,0.0
2006-10-30 00:00:00+08:00,24.28,24.41,24.14,24.14,584885,0.0,0.0
2006-10-31 00:00:00+08:00,24.38,24.38,24.2,24.3,199716,0.0,0.0
2006-11-01 00:00:00+08:00,24.3,24.88,24.28,24.7,657995,0.0,0.0
2006-11-02 00:00:00+08:00,24.7,25.12,24.59,25.06,1547805,0.0,0.0
2006-11-03 00:00:00+08:00,25.19,25.8,25.19,25.77,1731473,0.0,0.0
2006-11-06 00:00:00+08:00,25.72,25.74,25.27,25.32,952221,0.0,0.0
2006-11-07 00:00:00+08:00,25.4,25.46,25.19,25.19,274610,0.0,0.0
2006-11-08 00:00:00+08:00,25.19,25.85,25.19,25.85,736455,0.0,0.0
2006-11-09 00:00:00+08:00,25.85,25.85,25.32,25.72,353070,0.0,0.0
2006-11-10 00:00:00+08:00,25.72,25.72,24.96,25.09,317407,0.0,0.0
2006-11-13 00:00:00+08:00,25.06,25.46,24.93,24.93,502858,0.0,0.0
2006-11-14 00:00:00+08:00,25.19,25.93,25.19,25.61,1139456,0.0,0.0
2006-11-15 00:00:00+08:00,25.85,25.85,25.59,25.61,592017,0.0,0.0
2006-11-16 00:00:00+08:00,25.67,25.98,25.67,25.95,1155504,0.0,0.0
2006-11-17 00:00:00+08:00,25.95,26.77,25.85,26.37,1551372,0.0,0.0
2006-11-20 00:00:00+08:00,26.24,26.24,25.72,25.72,397650,0.0,0.0
2006-11-21 00:00:00+08:00,25.46,26.77,25.46,26.24,1216133,0.0,0.0
2006-11-22 00:00:00+08:00,26.24,26.24,25.72,25.88,228247,0.0,0.0
2006-11-23 00:00:00+08:00,25.85,26.64,25.72,25.95,750721,0.0,0.0
2006-11-24 00:00:00+08:00,25.93,25.98,25.77,25.82,419048,0.0,0.0
2006-11-27 00:00:00+08:00,25.98,26.77,25.59,26.77,1052079,0.0,0.0
2006-11-28 00:00:00+08:00,26.24,26.77,26.03,26.77,674044,0.0,0.0
2006-11-29 00:00:00+08:00,25.98,26.24,25.98,26.24,791734,0.0,0.0
2006-11-30 00:00:00+08:00,25.98,26.24,25.98,26.22,647296,0.0,0.0
2006-12-01 00:00:00+08:00,26.22,26.51,25.98,26.51,533172,0.0,0.0
2006-12-04 00:00:00+08:00,26.37,26.77,26.24,26.77,267477,0.0,0.0
2006-12-05 00:00:00+08:00,25.98,26.9,25.98,26.24,533172,0.0,0.0
2006-12-06 00:00:00+08:00,26.06,26.77,26.06,26.51,602716,0.0,0.0
2006-12-07 00:00:00+08:00,26.24,26.77,26.11,26.51,1449730,0.0,0.0
2006-12-08 00:00:00+08:00,26.77,27.29,26.24,27.29,1554938,0.0,0.0
2006-12-11 00:00:00+08:00,26.77,27.29,26.77,26.9,804216,0.0,0.0
2006-12-12 00:00:00+08:00,26.51,28.74,26.51,28.74,1836681,0.0,0.0
2006-12-13 00:00:00+08:00,28.87,29.39,28.08,28.87,816699,0.0,0.0
2006-12-14 00:00:00+08:00,27.49,28.74,26.99,28.37,792053,0.0,0.0
2006-12-15 00:00:00+08:00,29.66,30.18,28.87,28.87,526039,0.0,0.0
2006-12-18 00:00:00+08:00,28.47,29.0,28.08,28.08,652646,0.0,0.0
2006-12-19 00:00:00+08:00,28.08,28.61,27.82,27.82,534955,0.0,0.0
2006-12-20 00:00:00+08:00,27.82,27.82,27.03,27.16,763203,0.0,0.0
2006-12-21 00:00:00+08:00,27.16,27.56,27.03,27.16,558137,0.0,0.0
2006-12-22 00:00:00+08:00,27.42,27.82,27.29,27.56,169402,0.0,0.0
2006-12-25 00:00:00+08:00,27.56,27.82,27.42,27.69,123039,0.0,0.0
2006-12-26 00:00:00+08:00,27.95,28.87,27.95,28.74,549221,0.0,0.0
2006-12-27 00:00:00+08:00,28.87,29.39,28.87,29.0,427964,0.0,0.0
2006-12-28 00:00:00+08:00,29.26,29.39,28.87,28.87,347721,0.0,0.0
2006-12-29 00:00:00+08:00,28.87,30.7,28.87,30.7,1137672,0.0,0.0
2007-01-02 00:00:00+08:00,30.44,30.7,30.18,30.44,433314,0.0,0.0
2007-01-03 00:00:00+08:00,30.44,30.97,29.66,29.66,383385,0.0,0.0
2007-01-04 00:00:00+08:00,29.66,31.23,29.66,30.44,593801,0.0,0.0
2007-01-05 00:00:00+08:00,30.84,31.36,30.57,30.7,950438,0.0,0.0
2007-01-08 00:00:00+08:00,29.79,30.57,29.39,29.66,420831,0.0,0.0
2007-01-09 00:00:00+08:00,30.18,30.97,30.18,30.97,458278,0.0,0.0
2007-01-10 00:00:00+08:00,30.44,30.84,29.39,30.7,1776053,0.0,0.0
2007-01-11 00:00:00+08:00,29.92,30.57,29.39,29.52,463628,0.0,0.0
2007-01-12 00:00:00+08:00,29.79,30.7,29.79,30.05,656212,0.0,0.0
2007-01-15 00:00:00+08:00,29.92,30.44,29.79,30.44,707924,0.0,0.0
2007-01-16 00:00:00+08:00,30.44,30.7,29.92,30.05,256778,0.0,0.0
2007-01-17 00:00:00+08:00,29.92,30.44,29.52,29.92,1073478,0.0,0.0
2007-01-18 00:00:00+08:00,28.49,28.49,27.49,27.74,870697,0.0,0.0
2007-01-19 00:00:00+08:00,29.13,30.18,29.13,29.26,911208,0.0,0.0
2007-01-22 00:00:00+08:00,29.52,29.92,28.87,29.92,663345,0.0,0.0
2007-01-23 00:00:00+08:00,29.79,30.05,29.66,29.92,283526,0.0,0.0
2007-01-24 00:00:00+08:00,29.92,30.18,29.39,29.52,684743,0.0,0.0
2007-01-25 00:00:00+08:00,29.52,29.79,29.13,29.26,888026,0.0,0.0
2007-01-26 00:00:00+08:00,29.13,29.26,28.34,28.34,1267845,0.0,0.0
2007-01-29 00:00:00+08:00,28.87,28.87,27.82,28.08,401216,0.0,0.0
2007-01-30 00:00:00+08:00,28.08,28.34,27.82,27.95,196150,0.0,0.0
2007-01-31 00:00:00+08:00,27.95,27.95,26.77,27.29,492159,0.0,0.0
2007-02-01 00:00:00+08:00,27.69,27.69,26.14,26.64,3001102,0.0,0.0
2007-02-02 00:00:00+08:00,26.77,26.9,25.85,25.98,3728642,0.0,0.0
2007-02-05 00:00:00+08:00,25.98,27.16,25.88,27.16,2537474,0.0,0.0
2007-02-06 00:00:00+08:00,27.42,27.82,27.03,27.82,649079,0.0,0.0
2007-02-07 00:00:00+08:00,28.08,28.08,27.29,27.69,476110,0.0,0.0
2007-02-08 00:00:00+08:00,27.82,28.34,27.42,28.34,830964,0.0,0.0
2007-02-09 00:00:00+08:00,28.34,29.39,28.08,29.26,1877695,0.0,0.0
2007-02-12 00:00:00+08:00,28.87,29.13,28.61,28.87,827398,0.0,0.0
2007-02-13 00:00:00+08:00,29.39,30.31,28.87,29.66,1801018,0.0,0.0
2007-02-14 00:00:00+08:00,30.18,30.84,29.66,30.44,2114858,0.0,0.0
2007-02-26 00:00:00+08:00,30.97,31.62,29.92,31.23,3029633,0.0,0.0
2007-02-27 00:00:00+08:00,31.23,31.49,29.13,30.97,3234699,0.0,0.0
2007-03-01 00:00:00+08:00,27.49,28.37,27.49,27.49,1771353,0.0,0.0
2007-03-02 00:00:00+08:00,27.82,27.95,27.29,27.69,1531756,0.0,0.0
2007-03-05 00:00:00+08:00,27.69,27.69,25.93,26.01,2059580,0.0,0.0
2007-03-06 00:00:00+08:00,26.14,26.77,25.93,26.19,1849164,0.0,0.0
2007-03-07 00:00:00+08:00,26.19,26.24,25.19,25.4,2398385,0.0,0.0
2007-03-08 00:00:00+08:00,25.51,27.16,25.51,26.9,2171920,0.0,0.0
2007-03-09 00:00:00+08:00,27.16,27.16,26.14,26.37,1173336,0.0,0.0
2007-03-12 00:00:00+08:00,26.24,26.24,26.11,26.22,727539,0.0,0.0
2007-03-13 00:00:00+08:00,26.24,26.51,26.14,26.24,1258929,0.0,0.0
2007-03-14 00:00:00+08:00,26.09,26.09,25.74,25.98,816699,0.0,0.0
2007-03-15 00:00:00+08:00,26.11,27.16,26.11,27.03,2187969,0.0,0.0
2007-03-16 00:00:00+08:00,26.64,26.9,26.24,26.9,1121624,0.0,0.0
2007-03-19 00:00:00+08:00,26.9,26.9,26.51,26.51,1264279,0.0,0.0
2007-03-20 00:00:00+08:00,26.77,27.42,26.64,26.77,1628049,0.0,0.0
2007-03-21 00:00:00+08:00,26.77,27.03,26.24,26.37,1118057,0.0,0.0
2007-03-22 00:00:00+08:00,26.51,26.9,26.51,26.64,682960,0.0,0.0
2007-03-23 00:00:00+08:00,26.77,27.16,26.51,26.9,955787,0.0,0.0
2007-03-26 00:00:00+08:00,27.16,27.16,26.77,26.77,467194,0.0,0.0
2007-03-27 00:00:00+08:00,26.77,27.42,26.64,26.77,800650,0.0,0.0
2007-03-28 00:00:00+08:00,26.77,27.56,26.77,27.29,1394451,0.0,0.0
2007-03-29 00:00:00+08:00,27.29,27.56,27.16,27.56,932606,0.0,0.0
2007-03-30 00:00:00+08:00,27.56,27.95,27.56,27.82,925473,0.0,0.0
2007-04-02 00:00:00+08:00,27.82,27.82,27.16,27.29,797084,0.0,0.0
2007-04-03 00:00:00+08:00,27.29,28.21,27.03,27.56,1184035,0.0,0.0
2007-04-04 00:00:00+08:00,27.69,28.34,27.69,27.82,1052079,0.0,0.0
2007-04-09 00:00:00+08:00,27.82,29.0,27.69,28.21,946871,0.0,0.0
2007-04-10 00:00:00+08:00,28.21,28.61,28.21,28.47,467194,0.0,0.0
2007-04-11 00:00:00+08:00,28.47,28.47,27.03,27.29,1562071,0.0,0.0
2007-04-12 00:00:00+08:00,27.16,27.29,26.77,26.9,1419416,0.0,0.0
2007-04-13 00:00:00+08:00,27.03,27.29,26.9,27.03,711491,0.0,0.0
2007-04-16 00:00:00+08:00,27.56,28.34,27.29,27.69,3193686,0.0,0.0
2007-04-17 00:00:00+08:00,27.95,28.08,27.29,27.29,804216,0.0,0.0
2007-04-18 00:00:00+08:00,27.42,27.82,27.29,27.56,331672,0.0,0.0
2007-04-19 00:00:00+08:00,27.56,27.69,26.24,26.51,2179053,0.0,0.0
2007-04-20 00:00:00+08:00,26.64,26.77,26.09,26.64,1330256,0.0,0.0
2007-04-23 00:00:00+08:00,26.24,27.03,26.24,26.51,447579,0.0,0.0
2007-04-24 00:00:00+08:00,26.51,26.64,26.22,26.37,536739,0.0,0.0
2007-04-25 00:00:00+08:00,26.24,26.51,26.16,26.37,757854,0.0,0.0
2007-04-26 00:00:00+08:00,26.37,26.77,26.24,26.24,1492526,0.0,0.0
2007-04-27 00:00:00+08:00,26.11,26.24,25.88,25.98,1433681,0.0,0.0
2007-04-30 00:00:00+08:00,25.85,25.85,25.59,25.85,786385,0.0,0.0
2007-05-02 00:00:00+08:00,26.22,26.22,25.88,26.06,388734,0.0,0.0
2007-05-03 00:00:00+08:00,26.24,26.37,26.06,26.24,1915142,0.0,0.0
2007-05-04 00:00:00+08:00,26.24,26.64,26.22,26.51,927256,0.0,0.0
2007-05-07 00:00:00+08:00,26.51,26.9,26.24,26.51,1068128,0.0,0.0
2007-05-08 00:00:00+08:00,26.51,26.64,26.24,26.51,438663,0.0,0.0
2007-05-09 00:00:00+08:00,26.51,26.51,26.22,26.24,950438,0.0,0.0
2007-05-10 00:00:00+08:00,26.24,26.64,26.16,26.24,1039597,0.0,0.0
2007-05-11 00:00:00+08:00,26.37,26.9,26.24,26.51,1160854,0.0,0.0
2007-05-14 00:00:00+08:00,26.24,26.24,26.19,26.19,998584,0.0,0.0
2007-05-15 00:00:00+08:00,26.01,26.22,25.98,26.01,930823,0.0,0.0
2007-05-16 00:00:00+08:00,25.98,25.98,25.85,25.93,1294593,0.0,0.0
2007-05-17 00:00:00+08:00,25.95,26.03,25.93,25.95,2266429,0.0,0.0
2007-05-18 00:00:00+08:00,25.98,26.01,25.85,25.98,2134473,0.0,0.0
2007-05-21 00:00:00+08:00,25.93,26.03,25.85,25.98,2093460,0.0,0.0
2007-05-22 00:00:00+08:00,25.98,26.09,25.72,25.93,875544,0.0,0.0
2007-05-23 00:00:00+08:00,25.98,26.16,25.69,25.93,1751088,0.0,0.0
2007-05-24 00:00:00+08:00,25.93,26.06,25.88,25.98,526039,0.0,0.0
2007-05-25 00:00:00+08:00,25.98,25.98,25.77,25.88,567053,0.0,0.0
2007-05-28 00:00:00+08:00,25.98,26.06,25.88,25.93,567053,0.0,0.0
2007-05-29 00:00:00+08:00,26.11,26.14,25.93,25.98,836314,0.0,0.0
2007-05-30 00:00:00+08:00,25.98,25.98,25.19,25.38,2018566,0.0,0.0
2007-05-31 00:00:00+08:00,25.59,25.88,25.51,25.88,1044947,0.0,0.0
2007-06-01 00:00:00+08:00,25.72,26.14,25.72,25.93,998584,0.0,0.0
2007-06-04 00:00:00+08:00,25.93,25.98,25.61,25.72,1324907,0.0,0.0
2007-06-05 00:00:00+08:00,25.72,25.9,25.59,25.61,1157287,0.0,0.0
2007-06-06 00:00:00+08:00,25.61,26.51,25.61,25.61,2744323,0.0,0.0
2007-06-07 00:00:00+08:00,26.06,26.24,25.72,26.16,2111292,0.0,0.0
2007-06-08 00:00:00+08:00,26.51,27.95,26.51,27.95,7098864,0.0,0.0
2007-06-11 00:00:00+08:00,28.47,28.87,27.56,28.21,4425868,0.0,0.0
2007-06-12 00:00:00+08:00,28.74,28.74,27.95,28.34,2485761,0.0,0.0
2007-06-13 00:00:00+08:00,28.74,28.74,27.69,27.82,1449730,0.0,0.0
2007-06-14 00:00:00+08:00,28.34,28.34,27.69,27.69,920124,0.0,0.0
2007-06-15 00:00:00+08:00,28.08,28.08,27.03,27.03,1472911,0.0,0.0
2007-06-20 00:00:00+08:00,27.29,27.95,27.03,27.82,2664080,0.0,0.0
2007-06-21 00:00:00+08:00,28.08,28.47,27.82,27.82,1938323,0.0,0.0
2007-06-22 00:00:00+08:00,27.82,28.08,27.16,27.42,2717575,0.0,0.0
2007-06-25 00:00:00+08:00,27.29,27.56,27.16,27.42,2116642,0.0,0.0
2007-06-26 00:00:00+08:00,27.29,27.29,26.9,27.03,1672628,0.0,0.0
2007-06-27 00:00:00+08:00,27.16,27.69,27.03,27.03,2592752,0.0,0.0
2007-06-28 00:00:00+08:00,27.56,27.56,27.16,27.42,3710810,0.0,0.0
2007-06-29 00:00:00+08:00,27.42,27.69,27.03,27.56,3136624,0.0,0.0
2007-07-02 00:00:00+08:00,27.56,27.56,27.03,27.29,1069911,0.0,0.0
2007-07-03 00:00:00+08:00,27.29,27.29,26.77,26.77,2870929,0.0,0.0
2007-07-04 00:00:00+08:00,26.77,27.29,26.64,27.29,3049248,0.0,0.0
2007-07-05 00:00:00+08:00,27.29,27.29,26.9,27.03,2330624,0.0,0.0
2007-07-06 00:00:00+08:00,27.29,28.08,26.9,27.95,8880267,0.0,0.0
2007-07-09 00:00:00+08:00,28.34,28.61,27.69,28.08,7505430,0.0,0.0
2007-07-10 00:00:00+08:00,26.99,26.99,26.37,26.37,5297207,0.0,0.0
2007-07-11 00:00:00+08:00,27.82,28.21,26.9,27.03,7653435,0.0,0.0
2007-07-12 00:00:00+08:00,27.16,27.29,27.03,27.03,3117009,0.0,0.0
2007-07-13 00:00:00+08:00,27.29,27.42,27.03,27.03,1695810,0.0,0.0
2007-07-16 00:00:00+08:00,27.29,27.56,26.9,26.9,2031049,0.0,0.0
2007-07-17 00:00:00+08:00,27.03,27.42,26.77,27.03,1913358,0.0,0.0
2007-07-18 00:00:00+08:00,25.99,25.99,25.37,25.37,2095290,0.0,0.0
2007-07-19 00:00:00+08:00,26.51,27.42,26.51,27.29,2400168,0.0,0.0
2007-07-20 00:00:00+08:00,27.29,27.42,27.16,27.29,3434416,0.0,0.0
2007-07-23 00:00:00+08:00,25.99,26.24,25.74,25.87,3776765,0.0,0.0
2007-07-24 00:00:00+08:00,27.29,27.29,27.03,27.16,2906593,0.0,0.0
2007-07-25 00:00:00+08:00,27.29,28.34,27.16,27.95,7783607,0.0,0.0
2007-07-26 00:00:00+08:00,28.34,28.34,26.9,27.03,5103479,0.0,0.0
2007-07-27 00:00:00+08:00,26.51,27.29,26.24,26.64,3491478,0.0,0.0
2007-07-30 00:00:00+08:00,26.77,27.42,26.77,27.16,3439766,0.0,0.0
2007-07-31 00:00:00+08:00,27.29,27.56,27.03,27.29,3248965,0.0,0.0
2007-08-01 00:00:00+08:00,27.29,27.56,26.24,26.24,5411970,0.0,0.0
2007-08-02 00:00:00+08:00,27.64,27.82,26.87,27.14,4004259,3.63,1.05
2007-08-03 00:00:00+08:00,27.4,27.67,27.34,27.61,1086822,0.0,0.0
2007-08-06 00:00:00+08:00,27.4,28.2,27.14,27.93,1791558,0.0,0.0
2007-08-07 00:00:00+08:00,28.08,28.17,27.93,28.02,3501604,0.0,0.0
2007-08-08 00:00:00+08:00,28.17,28.17,27.88,28.08,1395887,0.0,0.0
2007-08-09 00:00:00+08:00,28.08,28.14,27.99,28.02,1725329,0.0,0.0
2007-08-10 00:00:00+08:00,27.49,28.17,27.46,28.08,3335185,0.0,0.0
2007-08-13 00:00:00+08:00,28.08,28.08,27.7,27.96,1777972,0.0,0.0
2007-08-14 00:00:00+08:00,27.96,28.08,27.7,27.99,1348338,0.0,0.0
2007-08-15 00:00:00+08:00,27.99,28.08,27.67,27.67,2761207,0.0,0.0
2007-08-16 00:00:00+08:00,27.26,27.55,25.93,26.87,3635759,0.0,0.0
2007-08-17 00:00:00+08:00,26.87,26.96,26.52,26.81,2419877,0.0,0.0
2007-08-20 00:00:00+08:00,27.76,27.93,27.2,27.85,1485889,0.0,0.0
2007-08-21 00:00:00+08:00,27.85,27.85,27.32,27.67,1173428,0.0,0.0
2007-08-22 00:00:00+08:00,27.67,27.88,27.58,27.61,1197202,0.0,0.0
2007-08-23 00:00:00+08:00,28.08,28.08,27.79,27.96,2985364,0.0,0.0
2007-08-24 00:00:00+08:00,27.85,27.85,27.58,27.76,1122483,0.0,0.0
2007-08-27 00:00:00+08:00,27.79,27.93,27.76,27.76,703037,0.0,0.0
2007-08-28 00:00:00+08:00,27.73,27.76,27.43,27.73,720019,0.0,0.0
2007-08-29 00:00:00+08:00,27.05,27.76,27.05,27.55,1253241,0.0,0.0
2007-08-30 00:00:00+08:00,27.7,28.08,27.7,28.08,1840804,0.0,0.0
2007-08-31 00:00:00+08:00,28.08,29.76,27.85,29.38,4882208,0.0,0.0
2007-09-03 00:00:00+08:00,29.38,29.38,28.7,28.7,1263430,0.0,0.0
2007-09-04 00:00:00+08:00,28.7,29.05,28.38,28.41,1047764,0.0,0.0
2007-09-05 00:00:00+08:00,28.41,28.58,28.26,28.29,2294213,0.0,0.0
2007-09-06 00:00:00+08:00,27.99,28.14,27.79,28.02,2312893,0.0,0.0
2007-09-07 00:00:00+08:00,28.02,28.14,27.96,27.99,1219278,0.0,0.0
2007-09-10 00:00:00+08:00,27.4,27.79,27.17,27.67,1285506,0.0,0.0
2007-09-11 00:00:00+08:00,27.58,27.76,27.4,27.7,857570,0.0,0.0
2007-09-12 00:00:00+08:00,27.99,28.2,27.73,27.96,779455,0.0,0.0
2007-09-13 00:00:00+08:00,28.26,28.26,27.88,27.9,993423,0.0,0.0
2007-09-14 00:00:00+08:00,28.2,28.7,27.93,28.64,1725329,0.0,0.0
2007-09-17 00:00:00+08:00,28.64,28.64,28.23,28.29,821909,0.0,0.0
2007-09-18 00:00:00+08:00,28.29,28.29,28.29,28.29,0,0.0,0.0
2007-09-19 00:00:00+08:00,28.85,28.88,28.46,28.55,1749104,0.0,0.0
2007-09-20 00:00:00+08:00,28.52,28.73,28.35,28.49,2166851,0.0,0.0
2007-09-21 00:00:00+08:00,28.58,28.76,28.43,28.73,540014,0.0,0.0
2007-09-26 00:00:00+08:00,29.02,29.11,28.35,28.76,1429850,0.0,0.0
2007-09-27 00:00:00+08:00,28.76,29.17,28.76,28.94,2839322,0.0,0.0
2007-09-28 00:00:00+08:00,28.94,29.05,28.49,28.49,2754414,0.0,0.0
2007-10-01 00:00:00+08:00,28.64,28.82,28.29,28.29,453408,0.0,0.0
2007-10-02 00:00:00+08:00,28.38,28.58,27.7,27.96,1820426,0.0,0.0
2007-10-03 00:00:00+08:00,27.7,28.05,27.7,27.85,1091916,0.0,0.0
2007-10-04 00:00:00+08:00,27.7,27.85,27.64,27.67,1450228,0.0,0.0
2007-10-05 00:00:00+08:00,27.7,27.9,27.7,27.79,468691,0.0,0.0
2007-10-08 00:00:00+08:00,27.85,27.99,27.79,27.79,580770,0.0,0.0
2007-10-09 00:00:00+08:00,27.7,27.76,27.4,27.7,815116,0.0,0.0
2007-10-11 00:00:00+08:00,27.7,27.82,27.55,27.64,1142861,0.0,0.0
2007-10-12 00:00:00+08:00,27.64,27.64,26.55,26.55,1874767,0.0,0.0
2007-10-15 00:00:00+08:00,26.81,27.17,26.76,27.08,1358527,0.0,0.0
2007-10-16 00:00:00+08:00,27.08,27.11,26.9,27.02,954365,0.0,0.0
2007-10-17 00:00:00+08:00,27.58,27.58,26.99,27.08,2981967,0.0,0.0
2007-10-18 00:00:00+08:00,27.08,27.32,27.08,27.26,1122483,0.0,0.0
2007-10-19 00:00:00+08:00,27.14,27.2,26.9,26.9,900024,0.0,0.0
2007-10-22 00:00:00+08:00,26.52,26.67,26.22,26.67,2441953,0.0,0.0
2007-10-23 00:00:00+08:00,26.76,26.87,26.73,26.78,524731,0.0,0.0
2007-10-24 00:00:00+08:00,26.78,26.93,26.67,26.76,1080029,0.0,0.0
2007-10-25 00:00:00+08:00,26.76,26.93,26.58,26.84,2404593,0.0,0.0
2007-10-26 00:00:00+08:00,26.84,27.4,26.84,27.23,867759,0.0,0.0
2007-10-29 00:00:00+08:00,27.37,27.46,26.81,26.96,1954581,0.0,0.0
2007-10-30 00:00:00+08:00,26.93,26.93,26.08,26.22,2250061,0.0,0.0
2007-10-31 00:00:00+08:00,26.22,26.22,25.75,25.87,1555514,0.0,0.0
2007-11-01 00:00:00+08:00,25.93,26.2,25.9,25.93,3107631,0.0,0.0
2007-11-02 00:00:00+08:00,25.81,25.81,25.19,25.34,2071754,0.0,0.0
2007-11-05 00:00:00+08:00,25.43,25.64,25.19,25.37,1645516,0.0,0.0
2007-11-06 00:00:00+08:00,25.34,25.37,25.19,25.25,1360225,0.0,0.0
2007-11-07 00:00:00+08:00,25.58,25.58,25.31,25.31,1001914,0.0,0.0
2007-11-08 00:00:00+08:00,25.05,25.16,24.75,24.75,2273835,0.0,0.0
2007-11-09 00:00:00+08:00,24.87,25.37,24.84,25.34,1283808,0.0,0.0
2007-11-12 00:00:00+08:00,25.05,25.05,24.6,24.66,1947788,0.0,0.0
2007-11-13 00:00:00+08:00,24.66,24.9,24.57,24.75,2227985,0.0,0.0
2007-11-14 00:00:00+08:00,26.46,26.46,24.96,25.11,3172161,0.0,0.0
2007-11-15 00:00:00+08:00,24.75,24.87,24.63,24.72,1377207,0.0,0.0
2007-11-16 00:00:00+08:00,24.66,24.66,24.16,24.28,1737217,0.0,0.0
2007-11-19 00:00:00+08:00,24.28,24.63,24.28,24.34,1628534,0.0,0.0
2007-11-20 00:00:00+08:00,24.31,24.31,23.87,24.01,2058169,0.0,0.0
2007-11-21 00:00:00+08:00,23.87,24.1,23.57,23.6,2214399,0.0,0.0
2007-11-22 00:00:00+08:00,23.57,23.87,23.51,23.72,1297393,0.0,0.0
2007-11-23 00:00:00+08:00,23.87,23.87,23.4,23.46,940780,0.0,0.0
2007-11-26 00:00:00+08:00,23.69,23.75,23.46,23.57,1601364,0.0,0.0
2007-11-27 00:00:00+08:00,23.37,23.37,22.34,22.72,2100623,0.0,0.0
2007-11-28 00:00:00+08:00,23.04,23.25,22.75,23.13,572279,0.0,0.0
2007-11-29 00:00:00+08:00,23.54,23.81,23.34,23.75,1108898,0.0,0.0
2007-11-30 00:00:00+08:00,23.87,24.13,22.42,22.57,4320117,0.0,0.0
2007-12-03 00:00:00+08:00,22.75,23.16,22.75,23.04,815116,0.0,0.0
2007-12-04 00:00:00+08:00,23.04,23.13,22.98,23.04,2148171,0.0,0.0
2007-12-05 00:00:00+08:00,23.13,23.25,22.72,23.13,2183832,0.0,0.0
2007-12-06 00:00:00+08:00,23.28,23.43,23.16,23.28,1161541,0.0,0.0
2007-12-07 00:00:00+08:00,23.43,23.48,22.98,23.16,2654223,0.0,0.0
2007-12-10 00:00:00+08:00,23.16,23.16,22.72,22.75,1382301,0.0,0.0
2007-12-11 00:00:00+08:00,22.78,22.81,22.51,22.6,2392706,0.0,0.0
2007-12-12 00:00:00+08:00,22.57,22.57,21.57,21.92,3749535,0.0,0.0
2007-12-13 00:00:00+08:00,21.83,21.83,20.8,21.22,3797084,0.0,0.0
2007-12-14 00:00:00+08:00,21.22,21.22,20.3,20.92,5006173,0.0,0.0
2007-12-17 00:00:00+08:00,20.86,20.86,19.48,19.48,7118684,0.0,0.0
2007-12-18 00:00:00+08:00,18.27,19.01,18.27,18.86,5282973,0.0,0.0
2007-12-19 00:00:00+08:00,18.42,19.15,18.42,18.8,4469555,0.0,0.0
2007-12-20 00:00:00+08:00,18.77,19.3,18.71,18.71,3591607,0.0,0.0
2007-12-21 00:00:00+08:00,18.65,19.39,18.59,19.27,2334969,0.0,0.0
2007-12-24 00:00:00+08:00,19.45,19.45,19.27,19.33,5293162,0.0,0.0
2007-12-25 00:00:00+08:00,19.39,20.66,19.33,20.66,2830831,0.0,0.0
2007-12-26 00:00:00+08:00,19.62,20.33,19.62,20.07,4537481,0.0,0.0
2007-12-27 00:00:00+08:00,19.8,20.48,19.8,20.27,7171327,0.0,0.0
2007-12-28 00:00:00+08:00,20.04,20.92,20.04,20.89,6875847,0.0,0.0
2007-12-31 00:00:00+08:00,20.89,21.78,20.57,21.78,5247312,0.0,0.0
2008-01-02 00:00:00+08:00,21.36,21.48,20.92,20.92,2489501,0.0,0.0
2008-01-03 00:00:00+08:00,20.66,20.69,20.04,20.33,2761207,0.0,0.0
2008-01-04 00:00:00+08:00,20.3,21.07,20.18,20.6,1574193,0.0,0.0
2008-01-07 00:00:00+08:00,20.15,20.15,19.54,19.95,2851209,0.0,0.0
2008-01-08 00:00:00+08:00,19.92,20.63,19.89,20.54,1903636,0.0,0.0
2008-01-09 00:00:00+08:00,20.39,20.74,20.18,20.69,1125879,0.0,0.0
2008-01-10 00:00:00+08:00,20.77,21.27,20.77,21.22,1424755,0.0,0.0
2008-01-11 00:00:00+08:00,21.36,21.75,21.25,21.25,2375725,0.0,0.0
2008-01-14 00:00:00+08:00,21.51,21.57,21.27,21.51,1693064,0.0,0.0
2008-01-15 00:00:00+08:00,21.57,22.07,21.45,21.63,1541928,0.0,0.0
2008-01-16 00:00:00+08:00,20.92,21.63,20.92,21.16,1293997,0.0,0.0
2008-01-17 00:00:00+08:00,21.33,21.63,21.22,21.57,1353433,0.0,0.0
2008-01-18 00:00:00+08:00,21.16,21.8,21.16,21.57,3450659,0.0,0.0
2008-01-21 00:00:00+08:00,21.63,21.66,20.8,20.98,2486105,0.0,0.0
2008-01-22 00:00:00+08:00,19.54,20.42,19.54,19.54,3231597,0.0,0.0
2008-01-23 00:00:00+08:00,19.74,20.07,19.62,19.83,1767783,0.0,0.0
2008-01-24 00:00:00+08:00,21.22,21.22,19.98,20.04,3807273,0.0,0.0
2008-01-25 00:00:00+08:00,20.04,20.57,19.98,20.45,928893,0.0,0.0
2008-01-28 00:00:00+08:00,20.04,20.45,20.04,20.1,1187013,0.0,0.0
2008-01-29 00:00:00+08:00,20.04,20.24,19.83,19.95,1356829,0.0,0.0
2008-01-30 00:00:00+08:00,19.95,19.95,19.54,19.68,3233295,0.0,0.0
2008-01-31 00:00:00+08:00,19.6,19.6,19.12,19.3,4029732,0.0,0.0
2008-02-01 00:00:00+08:00,19.15,19.45,19.06,19.21,13206585,0.0,0.0
2008-02-12 00:00:00+08:00,18.86,19.15,18.62,19.15,1383999,0.0,0.0
2008-02-13 00:00:00+08:00,19.15,19.42,19.15,19.36,3054988,0.0,0.0
2008-02-14 00:00:00+08:00,19.45,20.13,19.42,20.1,3031214,0.0,0.0
2008-02-15 00:00:00+08:00,19.8,20.42,19.62,20.13,5668456,0.0,0.0
2008-02-18 00:00:00+08:00,20.04,20.45,20.04,20.18,3353864,0.0,0.0
2008-02-19 00:00:00+08:00,20.18,20.33,20.01,20.1,3878596,0.0,0.0
2008-02-20 00:00:00+08:00,20.1,20.15,19.92,20.1,5077496,0.0,0.0
2008-02-21 00:00:00+08:00,20.21,20.48,20.18,20.36,2513275,0.0,0.0
2008-02-22 00:00:00+08:00,20.33,20.66,20.13,20.51,2046282,0.0,0.0
2008-02-25 00:00:00+08:00,20.63,21.33,20.6,20.8,2367234,0.0,0.0
2008-02-26 00:00:00+08:00,20.86,20.95,20.48,20.66,1720235,0.0,0.0
2008-02-27 00:00:00+08:00,20.66,21.54,20.63,21.42,3581418,0.0,0.0
2008-02-29 00:00:00+08:00,21.16,21.6,20.95,21.45,1623440,0.0,0.0
2008-03-03 00:00:00+08:00,20.89,20.92,20.6,20.77,864363,0.0,0.0
2008-03-04 00:00:00+08:00,20.63,21.22,20.54,21.22,1193806,0.0,0.0
2008-03-05 00:00:00+08:00,21.22,21.27,20.86,21.04,967950,0.0,0.0
2008-03-06 00:00:00+08:00,21.04,21.3,20.92,21.13,3720667,0.0,0.0
2008-03-07 00:00:00+08:00,20.92,21.04,20.63,20.77,2109113,0.0,0.0
2008-03-10 00:00:00+08:00,20.66,20.92,20.42,20.6,2343459,0.0,0.0
2008-03-11 00:00:00+08:00,20.33,20.69,20.3,20.63,1898542,0.0,0.0
2008-03-12 00:00:00+08:00,20.77,20.89,20.74,20.8,2545540,0.0,0.0
2008-03-13 00:00:00+08:00,20.77,20.77,20.13,20.18,2368932,0.0,0.0
2008-03-14 00:00:00+08:00,20.27,20.63,20.15,20.21,2530257,0.0,0.0
2008-03-17 00:00:00+08:00,19.92,19.92,19.15,19.83,2195720,0.0,0.0
2008-03-18 00:00:00+08:00,19.77,19.83,19.01,19.77,2024206,0.0,0.0
2008-03-19 00:00:00+08:00,19.95,20.04,19.6,19.77,1715141,0.0,0.0
2008-03-20 00:00:00+08:00,19.74,20.04,19.6,19.74,2085339,0.0,0.0
2008-03-21 00:00:00+08:00,19.8,20.04,19.8,20.01,2363837,0.0,0.0
2008-03-24 00:00:00+08:00,20.63,21.13,20.63,20.77,3858218,0.0,0.0
2008-03-25 00:00:00+08:00,20.92,20.98,20.71,20.77,2177040,0.0,0.0
2008-03-26 00:00:00+08:00,20.63,20.77,20.18,20.51,3105933,0.0,0.0
2008-03-27 00:00:00+08:00,20.33,20.69,20.33,20.66,2017413,0.0,0.0
2008-03-28 00:00:00+08:00,20.63,20.95,20.51,20.95,3223106,0.0,0.0
2008-03-31 00:00:00+08:00,20.98,21.16,20.86,21.16,2075150,0.0,0.0
2008-04-01 00:00:00+08:00,21.22,21.27,20.77,20.92,2064961,0.0,0.0
2008-04-02 00:00:00+08:00,21.07,21.69,21.04,21.66,3571229,0.0,0.0
2008-04-03 00:00:00+08:00,21.69,21.72,21.51,21.6,1198900,0.0,0.0
2008-04-07 00:00:00+08:00,21.6,21.78,21.22,21.69,940780,0.0,0.0
2008-04-08 00:00:00+08:00,21.75,22.01,21.66,21.78,1482493,0.0,0.0
2008-04-09 00:00:00+08:00,21.8,21.8,21.45,21.69,1151352,0.0,0.0
2008-04-10 00:00:00+08:00,21.72,22.13,21.72,22.13,1533437,0.0,0.0
2008-04-11 00:00:00+08:00,22.13,22.31,22.01,22.31,2385913,0.0,0.0
2008-04-14 00:00:00+08:00,22.31,22.98,22.1,22.95,2472520,0.0,0.0
2008-04-15 00:00:00+08:00,22.84,23.19,22.66,22.9,2399499,0.0,0.0
2008-04-16 00:00:00+08:00,22.84,23.43,22.84,23.43,2324780,0.0,0.0
2008-04-17 00:00:00+08:00,23.63,25.02,23.63,24.6,4352382,0.0,0.0
2008-04-18 00:00:00+08:00,24.6,24.75,23.75,24.34,1630233,0.0,0.0
2008-04-21 00:00:00+08:00,24.6,24.75,24.46,24.63,1597968,0.0,0.0
2008-04-22 00:00:00+08:00,24.75,24.75,24.46,24.6,954365,0.0,0.0
2008-04-23 00:00:00+08:00,24.6,24.9,23.87,24.37,1400981,0.0,0.0
2008-04-24 00:00:00+08:00,24.28,24.37,23.87,24.31,540014,0.0,0.0
2008-04-25 00:00:00+08:00,24.31,24.37,23.93,24.13,521334,0.0,0.0
2008-04-28 00:00:00+08:00,24.04,24.13,23.72,23.99,753982,0.0,0.0
2008-04-29 00:00:00+08:00,23.99,24.13,23.28,23.28,845683,0.0,0.0
2008-04-30 00:00:00+08:00,23.57,23.57,22.84,23.13,672471,0.0,0.0
2008-05-02 00:00:00+08:00,23.28,24.31,23.22,23.78,1287204,0.0,0.0
2008-05-05 00:00:00+08:00,24.6,24.6,23.31,23.48,974743,0.0,0.0
2008-05-06 00:00:00+08:00,23.54,23.87,23.07,23.81,886439,0.0,0.0
2008-05-07 00:00:00+08:00,23.87,23.93,23.72,23.72,497560,0.0,0.0
2008-05-08 00:00:00+08:00,23.57,23.57,23.13,23.22,692849,0.0,0.0
2008-05-09 00:00:00+08:00,23.57,23.57,23.13,23.13,431332,0.0,0.0
2008-05-12 00:00:00+08:00,23.13,23.28,22.98,23.25,382085,0.0,0.0
2008-05-13 00:00:00+08:00,23.25,23.66,23.1,23.57,687754,0.0,0.0
2008-05-14 00:00:00+08:00,23.57,23.72,23.37,23.43,1652309,0.0,0.0
2008-05-15 00:00:00+08:00,23.66,24.07,23.46,24.07,2803661,0.0,0.0
2008-05-16 00:00:00+08:00,24.43,24.72,24.07,24.25,2739131,0.0,0.0
2008-05-19 00:00:00+08:00,24.25,24.6,24.04,24.13,646998,0.0,0.0
2008-05-20 00:00:00+08:00,23.99,24.25,23.57,23.57,619828,0.0,0.0
2008-05-21 00:00:00+08:00,23.43,23.54,23.16,23.19,896628,0.0,0.0
2008-05-22 00:00:00+08:00,22.9,23.01,22.6,22.98,1010404,0.0,0.0
2008-05-23 00:00:00+08:00,22.98,23.16,22.84,22.84,995121,0.0,0.0
2008-05-26 00:00:00+08:00,22.84,22.84,22.39,22.48,546807,0.0,0.0
2008-05-27 00:00:00+08:00,22.48,22.92,22.42,22.87,455106,0.0,0.0
2008-05-28 00:00:00+08:00,22.95,22.95,22.57,22.69,886439,0.0,0.0
2008-05-29 00:00:00+08:00,22.9,23.13,22.87,23.07,925496,0.0,0.0
2008-05-30 00:00:00+08:00,23.22,23.4,22.87,23.28,1713442,0.0,0.0
2008-06-02 00:00:00+08:00,23.22,23.34,23.07,23.34,750586,0.0,0.0
2008-06-03 00:00:00+08:00,23.19,23.28,22.98,22.98,801531,0.0,0.0
2008-06-04 00:00:00+08:00,23.1,23.37,23.1,23.28,193590,0.0,0.0
2008-06-05 00:00:00+08:00,23.28,24.69,22.75,24.37,1348338,0.0,0.0
2008-06-06 00:00:00+08:00,24.37,24.4,24.01,24.16,540014,0.0,0.0
2008-06-09 00:00:00+08:00,23.57,23.57,23.16,23.28,490768,0.0,0.0
2008-06-10 00:00:00+08:00,23.28,23.28,22.75,22.75,1417963,0.0,0.0
2008-06-11 00:00:00+08:00,22.95,23.1,22.75,22.81,677565,0.0,0.0
2008-06-12 00:00:00+08:00,22.63,22.63,22.34,22.34,932289,0.0,0.0
2008-06-13 00:00:00+08:00,22.34,22.66,22.25,22.48,477182,0.0,0.0
2008-06-16 00:00:00+08:00,22.54,22.63,22.48,22.51,2078547,0.0,0.0
2008-06-17 00:00:00+08:00,22.54,22.69,22.51,22.54,2783283,0.0,0.0
2008-06-18 00:00:00+08:00,22.28,22.54,22.28,22.42,550203,0.0,0.0
2008-06-19 00:00:00+08:00,22.13,22.13,21.8,21.95,1022291,0.0,0.0
2008-06-20 00:00:00+08:00,22.04,22.1,21.66,21.92,762473,0.0,0.0
2008-06-23 00:00:00+08:00,21.69,22.1,21.69,21.92,599450,0.0,0.0
2008-06-24 00:00:00+08:00,21.95,22.1,21.25,21.25,540014,0.0,0.0
2008-06-25 00:00:00+08:00,21.36,22.1,21.36,22.1,893231,0.0,0.0
2008-06-26 00:00:00+08:00,22.34,22.34,21.72,21.95,334537,0.0,0.0
2008-06-27 00:00:00+08:00,21.19,21.8,21.19,21.8,1093614,0.0,0.0
2008-06-30 00:00:00+08:00,21.8,22.98,21.66,22.98,962856,0.0,0.0
2008-07-01 00:00:00+08:00,22.69,22.81,22.36,22.54,818512,0.0,0.0
2008-07-02 00:00:00+08:00,22.45,22.69,22.13,22.19,1098709,0.0,0.0
2008-07-03 00:00:00+08:00,21.95,22.16,21.33,21.66,930591,0.0,0.0
2008-07-04 00:00:00+08:00,21.72,21.8,21.51,21.51,473786,0.0,0.0
2008-07-07 00:00:00+08:00,21.8,22.1,21.51,22.1,438125,0.0,0.0
2008-07-08 00:00:00+08:00,22.1,22.1,20.95,21.13,1049462,0.0,0.0
2008-07-09 00:00:00+08:00,21.22,22.19,21.22,21.57,988328,0.0,0.0
2008-07-10 00:00:00+08:00,21.51,22.1,21.42,21.92,843985,0.0,0.0
2008-07-11 00:00:00+08:00,21.66,21.83,21.3,21.66,1047764,0.0,0.0
2008-07-14 00:00:00+08:00,21.66,22.1,21.51,21.8,1015499,0.0,0.0
2008-07-15 00:00:00+08:00,21.51,22.07,20.77,20.77,1032480,0.0,0.0
2008-07-16 00:00:00+08:00,20.77,20.92,19.8,20.07,2090434,0.0,0.0
2008-07-17 00:00:00+08:00,20.1,20.24,19.8,19.92,2717055,0.0,0.0
2008-07-18 00:00:00+08:00,20.27,20.27,19.74,19.74,1859484,0.0,0.0
2008-07-21 00:00:00+08:00,20.27,21.1,20.1,20.98,954365,0.0,0.0
2008-07-22 00:00:00+08:00,21.07,21.33,20.92,21.19,400765,0.0,0.0
2008-07-23 00:00:00+08:00,21.36,21.6,21.27,21.48,827003,0.0,0.0
2008-07-24 00:00:00+08:00,21.51,21.66,21.22,21.45,648696,0.0,0.0
2008-07-25 00:00:00+08:00,21.22,21.22,20.92,20.95,492466,0.0,0.0
2008-07-28 00:00:00+08:00,20.95,20.95,20.95,20.95,0,0.0,0.0
2008-07-29 00:00:00+08:00,20.63,21.36,20.33,20.92,1711744,0.0,0.0
2008-07-30 00:00:00+08:00,20.92,21.19,20.71,21.04,1489285,0.0,0.0
2008-07-31 00:00:00+08:00,22.28,22.49,21.77,22.49,1641554,3.81,1.05
2008-08-01 00:00:00+08:00,22.18,22.28,21.77,21.81,1009191,0.0,0.0
2008-08-04 00:00:00+08:00,21.77,22.08,21.6,21.67,566053,0.0,0.0
2008-08-05 00:00:00+08:00,21.67,21.88,21.26,21.26,1182242,0.0,0.0
2008-08-06 00:00:00+08:00,21.47,22.25,21.47,22.25,1041537,0.0,0.0
2008-08-07 00:00:00+08:00,22.39,22.49,22.28,22.42,777757,0.0,0.0
2008-08-08 00:00:00+08:00,21.94,22.83,21.94,22.59,1277662,0.0,0.0
2008-08-11 00:00:00+08:00,22.9,23.27,22.86,22.93,606485,0.0,0.0
2008-08-12 00:00:00+08:00,23.03,23.24,22.62,23.13,462546,0.0,0.0
2008-08-13 00:00:00+08:00,23.13,23.24,22.79,22.86,692202,0.0,0.0
2008-08-14 00:00:00+08:00,22.79,22.93,22.76,22.76,632362,0.0,0.0
2008-08-15 00:00:00+08:00,23.41,23.68,22.9,23.27,1156365,0.0,0.0
2008-08-18 00:00:00+08:00,23.47,23.47,23.07,23.17,1143427,0.0,0.0
2008-08-19 00:00:00+08:00,23.13,23.27,22.86,23.24,784387,0.0,0.0
2008-08-20 00:00:00+08:00,22.9,23.58,22.9,23.03,1073883,0.0,0.0
2008-08-21 00:00:00+08:00,23.03,23.13,22.52,22.56,760128,0.0,0.0
2008-08-22 00:00:00+08:00,22.52,22.69,21.74,22.05,881425,0.0,0.0
2008-08-25 00:00:00+08:00,22.22,22.66,22.22,22.56,564435,0.0,0.0
2008-08-26 00:00:00+08:00,22.18,22.76,22.18,22.52,528855,0.0,0.0
2008-08-27 00:00:00+08:00,22.18,23.27,22.18,23.17,784387,0.0,0.0
2008-08-28 00:00:00+08:00,23.2,23.51,23.0,23.3,957438,0.0,0.0
2008-08-29 00:00:00+08:00,23.51,24.43,23.51,24.33,2299793,0.0,0.0
2008-09-01 00:00:00+08:00,24.29,24.29,23.17,23.54,824820,0.0,0.0
2008-09-02 00:00:00+08:00,23.54,23.61,23.0,23.13,574139,0.0,0.0
2008-09-03 00:00:00+08:00,23.13,23.81,23.0,23.51,891129,0.0,0.0
2008-09-04 00:00:00+08:00,23.44,23.61,22.45,22.73,722930,0.0,0.0
2008-09-05 00:00:00+08:00,22.42,22.42,22.05,22.15,963907,0.0,0.0
2008-09-08 00:00:00+08:00,22.76,23.13,22.49,22.79,908919,0.0,0.0
2008-09-09 00:00:00+08:00,22.86,22.86,22.49,22.62,750424,0.0,0.0
2008-09-10 00:00:00+08:00,23.13,23.47,22.28,22.35,895981,0.0,0.0
2008-09-11 00:00:00+08:00,22.45,22.45,21.77,22.05,1374700,0.0,0.0
2008-09-12 00:00:00+08:00,22.11,22.32,21.94,22.11,993018,0.0,0.0
2008-09-15 00:00:00+08:00,22.11,22.11,21.77,21.91,1141810,0.0,0.0
2008-09-16 00:00:00+08:00,21.23,21.54,20.75,20.75,1331033,0.0,0.0
2008-09-17 00:00:00+08:00,21.5,21.6,21.06,21.43,845845,0.0,0.0
2008-09-18 00:00:00+08:00,20.75,20.89,20.04,20.11,1434540,0.0,0.0
2008-09-19 00:00:00+08:00,21.03,21.5,20.79,21.5,818351,0.0,0.0
2008-09-22 00:00:00+08:00,21.74,22.25,21.6,22.11,1033451,0.0,0.0
2008-09-23 00:00:00+08:00,21.2,21.94,21.2,21.77,1145044,0.0,0.0
2008-09-24 00:00:00+08:00,21.77,21.77,21.23,21.33,2008679,0.0,0.0
2008-09-25 00:00:00+08:00,21.43,21.43,20.58,20.79,2637807,0.0,0.0
2008-09-26 00:00:00+08:00,21.03,21.03,20.28,20.55,1193563,0.0,0.0
2008-09-29 00:00:00+08:00,20.55,20.55,20.55,20.55,0,0.0,0.0
2008-09-30 00:00:00+08:00,19.19,20.75,19.19,20.75,868487,0.0,0.0
2008-10-01 00:00:00+08:00,20.75,20.75,20.11,20.28,514299,0.0,0.0
2008-10-02 00:00:00+08:00,20.48,20.65,20.24,20.41,567670,0.0,0.0
2008-10-03 00:00:00+08:00,20.38,20.75,20.38,20.41,452842,0.0,0.0
2008-10-06 00:00:00+08:00,19.87,20.24,19.49,19.94,1002722,0.0,0.0
2008-10-07 00:00:00+08:00,19.39,20.07,19.39,19.73,428583,0.0,0.0
2008-10-08 00:00:00+08:00,19.56,19.56,18.37,18.37,1028599,0.0,0.0
2008-10-09 00:00:00+08:00,19.05,19.09,17.35,17.35,2217310,0.0,0.0
2008-10-13 00:00:00+08:00,16.76,16.91,16.76,16.91,1298687,0.0,0.0
2008-10-14 00:00:00+08:00,18.07,18.07,17.01,18.07,823202,0.0,0.0
2008-10-15 00:00:00+08:00,17.73,18.2,17.62,18.03,687350,0.0,0.0
2008-10-16 00:00:00+08:00,17.42,17.45,17.42,17.42,842610,0.0,0.0
2008-10-17 00:00:00+08:00,17.42,17.69,16.94,17.01,1031834,0.0,0.0
2008-10-20 00:00:00+08:00,16.5,16.87,16.42,16.42,1874444,0.0,0.0
2008-10-21 00:00:00+08:00,16.42,16.55,15.85,15.85,1825925,0.0,0.0
2008-10-22 00:00:00+08:00,15.31,15.85,15.31,15.41,1120785,0.0,0.0
2008-10-23 00:00:00+08:00,14.88,14.97,14.88,14.88,1052858,0.0,0.0
2008-10-24 00:00:00+08:00,14.43,14.46,14.37,14.37,850696,0.0,0.0
2008-10-27 00:00:00+08:00,13.37,13.61,13.37,13.37,863635,0.0,0.0
2008-10-28 00:00:00+08:00,12.62,13.64,12.43,13.32,1764468,0.0,0.0
2008-10-29 00:00:00+08:00,14.24,14.24,13.61,13.78,1803283,0.0,0.0
2008-10-30 00:00:00+08:00,13.78,14.73,13.78,14.73,742338,0.0,0.0
2008-10-31 00:00:00+08:00,15.07,15.75,14.75,15.75,2036173,0.0,0.0
2008-11-03 00:00:00+08:00,16.14,16.84,15.65,16.84,1400577,0.0,0.0
2008-11-04 00:00:00+08:00,17.01,17.35,16.33,16.89,891129,0.0,0.0
2008-11-05 00:00:00+08:00,17.01,17.18,16.67,16.84,776301,0.0,0.0
2008-11-06 00:00:00+08:00,15.68,15.85,15.67,15.72,811881,0.0,0.0
2008-11-07 00:00:00+08:00,14.63,15.58,14.63,15.31,1106229,0.0,0.0
2008-11-10 00:00:00+08:00,15.31,15.55,14.99,15.55,410792,0.0,0.0
2008-11-11 00:00:00+08:00,15.41,15.63,15.04,15.41,325076,0.0,0.0
2008-11-12 00:00:00+08:00,15.28,15.65,15.02,15.22,418879,0.0,0.0
2008-11-13 00:00:00+08:00,14.54,14.66,14.29,14.49,705140,0.0,0.0
2008-11-14 00:00:00+08:00,15.04,15.21,14.97,15.07,635596,0.0,0.0
2008-11-17 00:00:00+08:00,14.29,15.38,14.29,14.99,367125,0.0,0.0
2008-11-18 00:00:00+08:00,14.7,14.9,14.12,14.32,766597,0.0,0.0
2008-11-19 00:00:00+08:00,13.68,14.03,13.47,13.54,1994124331,0.0,0.0
2008-11-20 00:00:00+08:00,12.93,12.93,12.6,12.6,2516510,0.0,0.0
2008-11-21 00:00:00+08:00,11.74,12.59,11.74,12.28,3224885,0.0,0.0
2008-11-24 00:00:00+08:00,12.52,12.52,11.6,12.03,1138575,0.0,0.0
2008-11-25 00:00:00+08:00,12.25,12.86,12.25,12.76,1122402,0.0,0.0
2008-11-26 00:00:00+08:00,12.69,13.34,12.69,12.89,1052858,0.0,0.0
2008-11-27 00:00:00+08:00,13.34,13.8,13.27,13.8,667942,0.0,0.0
2008-11-28 00:00:00+08:00,13.95,14.7,13.76,14.15,915388,0.0,0.0
2008-12-01 00:00:00+08:00,13.93,14.66,13.68,14.46,970376,0.0,0.0
2008-12-02 00:00:00+08:00,13.46,13.88,13.46,13.51,1114316,0.0,0.0
2008-12-03 00:00:00+08:00,13.61,13.78,13.27,13.61,664708,0.0,0.0
2008-12-04 00:00:00+08:00,13.49,13.61,13.05,13.05,1518639697,0.0,0.0
2008-12-05 00:00:00+08:00,12.66,13.61,12.66,13.27,1062562,0.0,0.0
2008-12-08 00:00:00+08:00,13.68,14.19,13.68,14.19,1085204,0.0,0.0
2008-12-09 00:00:00+08:00,14.6,14.97,14.32,14.71,1125637,0.0,0.0
2008-12-10 00:00:00+08:00,14.63,15.04,14.37,14.95,892746,0.0,0.0
2008-12-11 00:00:00+08:00,14.95,15.89,14.82,15.87,1559072,0.0,0.0
2008-12-12 00:00:00+08:00,15.85,15.85,14.77,15.11,1127254,0.0,0.0
2008-12-15 00:00:00+08:00,15.19,15.99,15.19,15.72,1153131,0.0,0.0
2008-12-16 00:00:00+08:00,14.63,15.14,14.63,14.8,1250168,0.0,0.0
2008-12-17 00:00:00+08:00,15.07,15.28,14.87,15.11,1411898,0.0,0.0
2008-12-18 00:00:00+08:00,15.29,15.38,14.97,15.14,399471,0.0,0.0
2008-12-19 00:00:00+08:00,15.38,15.38,15.38,15.38,727782602,0.0,0.0
2008-12-22 00:00:00+08:00,15.48,15.58,14.63,14.97,509447,0.0,0.0
2008-12-23 00:00:00+08:00,14.63,14.94,14.14,14.44,724548,0.0,0.0
2008-12-24 00:00:00+08:00,13.85,14.44,13.85,14.32,684115,0.0,0.0
2008-12-25 00:00:00+08:00,14.32,14.8,14.12,14.8,326693,0.0,0.0
2008-12-26 00:00:00+08:00,14.46,15.28,14.46,15.28,368743,0.0,0.0
2008-12-29 00:00:00+08:00,15.31,15.48,14.85,15.48,488422,0.0,0.0
2008-12-30 00:00:00+08:00,15.48,15.92,15.48,15.92,939648,0.0,0.0
2008-12-31 00:00:00+08:00,15.92,16.16,15.48,16.16,629127,0.0,0.0
2009-01-02 00:00:00+08:00,16.16,16.16,16.16,16.16,0,0.0,0.0
2009-01-05 00:00:00+08:00,16.16,16.5,15.85,15.96,591929850,0.0,0.0
2009-01-06 00:00:00+08:00,15.87,16.16,15.72,15.72,425348,0.0,0.0
2009-01-07 00:00:00+08:00,15.92,16.09,15.68,15.82,433434,0.0,0.0
2009-01-08 00:00:00+08:00,15.31,15.31,14.71,14.71,1200032,0.0,0.0
2009-01-09 00:00:00+08:00,14.53,14.63,13.95,14.39,509447,0.0,0.0
2009-01-12 00:00:00+08:00,14.31,14.36,13.95,14.03,800560,0.0,0.0
2009-01-13 00:00:00+08:00,14.03,14.46,13.95,14.46,499744,0.0,0.0
2009-01-14 00:00:00+08:00,14.61,14.61,14.29,14.37,475484,0.0,0.0
2009-01-15 00:00:00+08:00,13.95,13.95,13.44,13.61,1709480,0.0,0.0
2009-01-16 00:00:00+08:00,13.91,13.91,13.64,13.85,548262,0.0,0.0
2009-01-19 00:00:00+08:00,14.05,14.25,14.05,14.12,202161834,0.0,0.0
2009-01-20 00:00:00+08:00,14.12,14.12,13.74,13.76,1030216,0.0,0.0
2009-01-21 00:00:00+08:00,13.78,14.1,13.64,14.05,807030,0.0,0.0
2009-02-02 00:00:00+08:00,13.85,14.15,13.68,13.95,826437,0.0,0.0
2009-02-03 00:00:00+08:00,13.95,14.39,13.85,14.12,637214,0.0,0.0
2009-02-04 00:00:00+08:00,14.92,14.92,14.24,14.32,737486,0.0,0.0
2009-02-05 00:00:00+08:00,14.22,14.56,14.02,14.29,677646,0.0,0.0
2009-02-06 00:00:00+08:00,14.61,14.75,14.36,14.58,912154,0.0,0.0
2009-02-09 00:00:00+08:00,14.58,14.83,14.58,14.77,984932,0.0,0.0
2009-02-10 00:00:00+08:00,14.87,14.9,14.7,14.82,590312,0.0,0.0
2009-02-11 00:00:00+08:00,14.14,14.63,14.02,14.07,3527319,0.0,0.0
2009-02-12 00:00:00+08:00,14.07,14.27,13.78,13.95,1947222,0.0,0.0
2009-02-13 00:00:00+08:00,14.08,14.1,13.76,13.78,3784469,0.0,0.0
2009-02-16 00:00:00+08:00,13.81,14.03,13.61,13.88,3066390,0.0,0.0
2009-02-17 00:00:00+08:00,13.88,13.93,13.23,13.27,5919298,0.0,0.0
2009-02-18 00:00:00+08:00,13.27,13.46,13.18,13.4,2118656,0.0,0.0
2009-02-19 00:00:00+08:00,13.4,13.57,13.27,13.57,2964501,0.0,0.0
2009-02-20 00:00:00+08:00,13.56,13.57,13.35,13.54,1350441,0.0,0.0
2009-02-23 00:00:00+08:00,13.47,13.78,13.4,13.74,1605973,0.0,0.0
2009-02-24 00:00:00+08:00,13.63,13.74,13.56,13.64,1756382,0.0,0.0
2009-02-25 00:00:00+08:00,13.69,14.02,13.69,13.97,2793067,0.0,0.0
2009-02-26 00:00:00+08:00,14.02,14.08,13.85,14.0,1156365,0.0,0.0
2009-02-27 00:00:00+08:00,14.12,14.97,14.12,14.97,7075664,0.0,0.0
2009-03-02 00:00:00+08:00,14.8,15.12,13.93,14.19,4172620,0.0,0.0
2009-03-03 00:00:00+08:00,13.81,14.1,13.52,13.95,1950457,0.0,0.0
2009-03-04 00:00:00+08:00,14.0,14.46,13.95,14.37,2511658,0.0,0.0
2009-03-05 00:00:00+08:00,14.44,14.94,14.39,14.46,3634061,0.0,0.0
2009-03-06 00:00:00+08:00,14.44,14.73,14.25,14.56,2511658,0.0,0.0
2009-03-09 00:00:00+08:00,14.56,14.85,14.56,14.8,2728376,0.0,0.0
2009-03-10 00:00:00+08:00,15.17,15.31,14.9,15.07,5547320,0.0,0.0
2009-03-11 00:00:00+08:00,15.38,15.45,15.04,15.07,4127336,0.0,0.0
2009-03-12 00:00:00+08:00,15.11,15.38,14.87,15.31,5041107,0.0,0.0
2009-03-13 00:00:00+08:00,15.48,15.62,15.26,15.28,8440660,0.0,0.0
2009-03-16 00:00:00+08:00,15.38,15.65,15.29,15.29,5828730,0.0,0.0
2009-03-17 00:00:00+08:00,15.24,15.45,15.14,15.31,4140274,0.0,0.0
2009-03-18 00:00:00+08:00,15.41,15.51,15.14,15.22,5185046,0.0,0.0
2009-03-19 00:00:00+08:00,15.31,15.46,15.0,15.11,4449177,0.0,0.0
2009-03-20 00:00:00+08:00,15.11,15.21,14.8,14.8,3954285,0.0,0.0
2009-03-23 00:00:00+08:00,14.92,15.31,14.92,15.28,6137633,0.0,0.0
2009-03-24 00:00:00+08:00,15.48,16.33,15.43,15.99,16258663,0.0,0.0
2009-03-25 00:00:00+08:00,15.99,16.45,15.92,16.21,11610558,0.0,0.0
2009-03-26 00:00:00+08:00,16.4,16.48,15.99,16.06,9609964,0.0,0.0
2009-03-27 00:00:00+08:00,16.23,16.4,16.06,16.21,6605031,0.0,0.0
2009-03-30 00:00:00+08:00,16.31,16.31,15.48,15.77,4478288,0.0,0.0
2009-03-31 00:00:00+08:00,15.77,16.09,15.77,16.02,3548344,0.0,0.0
2009-04-02 00:00:00+08:00,17.01,17.04,16.43,16.53,8597538,0.0,0.0
2009-04-03 00:00:00+08:00,16.55,16.67,16.3,16.42,5914446,0.0,0.0
2009-04-06 00:00:00+08:00,16.42,16.93,16.36,16.6,7104775,0.0,0.0
2009-04-07 00:00:00+08:00,16.59,17.76,16.57,17.76,14455379,0.0,0.0
2009-04-08 00:00:00+08:00,17.86,18.54,17.76,17.76,13868301,0.0,0.0
2009-04-09 00:00:00+08:00,18.03,18.2,17.73,17.9,7656272,0.0,0.0
2009-04-10 00:00:00+08:00,18.17,18.34,17.69,17.93,5324134,0.0,0.0
2009-04-13 00:00:00+08:00,18.03,18.27,17.69,17.86,5070218,0.0,0.0
2009-04-14 00:00:00+08:00,17.93,18.3,17.83,17.9,6718242,0.0,0.0
2009-04-15 00:00:00+08:00,18.03,18.1,17.35,17.59,4610907,0.0,0.0
2009-04-16 00:00:00+08:00,17.93,17.96,17.62,17.66,4614141,0.0,0.0
2009-04-17 00:00:00+08:00,17.79,18.27,16.43,16.53,8025016,0.0,0.0
2009-04-20 00:00:00+08:00,16.57,16.98,16.33,16.87,3532171,0.0,0.0
2009-04-21 00:00:00+08:00,16.76,17.28,16.74,17.21,2518127,0.0,0.0
2009-04-22 00:00:00+08:00,17.21,17.35,17.01,17.08,2519745,0.0,0.0
2009-04-23 00:00:00+08:00,17.08,17.15,16.69,16.94,2673388,0.0,0.0
2009-04-24 00:00:00+08:00,17.11,17.49,17.01,17.28,3514381,0.0,0.0
2009-04-27 00:00:00+08:00,17.45,17.62,16.76,17.01,4187175,0.0,0.0
2009-04-28 00:00:00+08:00,17.15,17.35,16.62,16.64,2508424,0.0,0.0
2009-04-29 00:00:00+08:00,16.7,16.84,16.47,16.64,2248039,0.0,0.0
2009-04-30 00:00:00+08:00,17.69,17.79,17.18,17.76,6846008,0.0,0.0
2009-05-04 00:00:00+08:00,17.86,18.37,17.73,18.03,6582389,0.0,0.0
2009-05-05 00:00:00+08:00,18.2,18.27,17.52,17.76,5354862,0.0,0.0
2009-05-06 00:00:00+08:00,17.86,18.2,17.52,18.03,4098224,0.0,0.0
2009-05-07 00:00:00+08:00,18.03,18.37,17.62,18.03,4272892,0.0,0.0
2009-05-08 00:00:00+08:00,18.0,18.27,17.69,17.96,4429770,0.0,0.0
2009-05-11 00:00:00+08:00,18.07,18.24,17.73,18.03,4049705,0.0,0.0
2009-05-12 00:00:00+08:00,17.79,18.0,17.01,17.18,4395806,0.0,0.0
2009-05-13 00:00:00+08:00,17.18,17.49,17.08,17.18,5471307,0.0,0.0
2009-05-14 00:00:00+08:00,17.01,17.21,16.96,17.01,2188199,0.0,0.0
2009-05-15 00:00:00+08:00,17.18,17.35,17.04,17.11,2315965,0.0,0.0
2009-05-18 00:00:00+08:00,17.18,17.18,16.84,16.87,3588776,0.0,0.0
2009-05-19 00:00:00+08:00,17.28,17.49,16.98,17.08,3263700,0.0,0.0
2009-05-20 00:00:00+08:00,17.28,17.73,17.18,17.59,3676110,0.0,0.0
2009-05-21 00:00:00+08:00,17.76,17.86,17.28,17.35,2998464,0.0,0.0
2009-05-22 00:00:00+08:00,17.21,17.49,17.11,17.18,2413003,0.0,0.0
2009-05-25 00:00:00+08:00,17.42,17.56,17.01,17.08,2314348,0.0,0.0
2009-05-26 00:00:00+08:00,17.08,17.25,16.69,16.7,3058304,0.0,0.0
2009-05-27 00:00:00+08:00,16.94,17.32,16.87,17.08,2666918,0.0,0.0
2009-06-01 00:00:00+08:00,17.66,17.66,16.84,17.18,3417343,0.0,0.0
2009-06-02 00:00:00+08:00,17.45,17.49,17.01,17.25,2797919,0.0,0.0
2009-06-03 00:00:00+08:00,17.18,17.28,16.98,17.28,3216799,0.0,0.0
2009-06-04 00:00:00+08:00,17.28,17.28,16.74,16.94,3997952,0.0,0.0
2009-06-05 00:00:00+08:00,16.94,17.11,16.89,17.01,1285749,0.0,0.0
2009-06-08 00:00:00+08:00,17.15,17.18,16.7,16.7,1859888,0.0,0.0
2009-06-09 00:00:00+08:00,16.74,16.77,15.72,15.82,4463733,0.0,0.0
2009-06-10 00:00:00+08:00,15.72,15.99,15.68,15.82,2385509,0.0,0.0
2009-06-11 00:00:00+08:00,15.65,15.82,15.53,15.8,1939136,0.0,0.0
2009-06-12 00:00:00+08:00,15.82,15.82,15.48,15.51,2985525,0.0,0.0
2009-06-15 00:00:00+08:00,15.51,15.51,14.77,14.8,3913853,0.0,0.0
2009-06-16 00:00:00+08:00,14.87,15.14,14.8,15.07,1447478,0.0,0.0
2009-06-17 00:00:00+08:00,15.07,15.38,15.04,15.07,1415132,0.0,0.0
2009-06-18 00:00:00+08:00,15.38,15.45,14.94,14.97,1154748,0.0,0.0
2009-06-19 00:00:00+08:00,15.24,15.31,14.99,15.31,706757,0.0,0.0
2009-06-22 00:00:00+08:00,15.51,15.63,15.31,15.63,954203,0.0,0.0
2009-06-23 00:00:00+08:00,15.58,15.58,15.31,15.45,910536,0.0,0.0
2009-06-24 00:00:00+08:00,15.55,16.18,15.33,15.75,2317583,0.0,0.0
2009-06-25 00:00:00+08:00,15.92,15.92,15.58,15.65,1635084,0.0,0.0
2009-06-26 00:00:00+08:00,15.79,15.8,15.58,15.73,860400,0.0,0.0
2009-06-29 00:00:00+08:00,15.85,15.85,15.51,15.58,1114316,0.0,0.0
2009-06-30 00:00:00+08:00,15.73,15.82,15.58,15.82,1001105,0.0,0.0
2009-07-01 00:00:00+08:00,15.84,16.26,15.84,16.09,1898703,0.0,0.0
2009-07-02 00:00:00+08:00,16.09,16.26,16.02,16.02,1497614,0.0,0.0
2009-07-03 00:00:00+08:00,16.02,16.48,16.02,16.4,2660449,0.0,0.0
2009-07-06 00:00:00+08:00,16.5,16.5,16.25,16.33,1470120,0.0,0.0
2009-07-07 00:00:00+08:00,16.33,16.48,16.33,16.43,1043155,0.0,0.0
2009-07-08 00:00:00+08:00,16.43,16.47,16.23,16.26,1554220,0.0,0.0
2009-07-09 00:00:00+08:00,16.33,16.65,16.28,16.48,1408663,0.0,0.0
2009-07-10 00:00:00+08:00,16.53,16.53,16.35,16.47,874956,0.0,0.0
2009-07-13 00:00:00+08:00,16.5,16.6,16.13,16.25,1662578,0.0,0.0
2009-07-14 00:00:00+08:00,16.35,16.38,16.25,16.31,2387126,0.0,0.0
2009-07-15 00:00:00+08:00,16.4,16.67,16.4,16.55,1630233,0.0,0.0
2009-07-16 00:00:00+08:00,16.67,16.99,16.67,16.86,3312219,0.0,0.0
2009-07-17 00:00:00+08:00,16.98,17.35,16.86,17.11,3698752,0.0,0.0
2009-07-20 00:00:00+08:00,17.35,17.45,17.01,17.35,4277744,0.0,0.0
2009-07-21 00:00:00+08:00,17.49,17.49,17.01,17.28,2432411,0.0,0.0
2009-07-22 00:00:00+08:00,17.28,17.42,17.08,17.21,1977951,0.0,0.0
2009-07-23 00:00:00+08:00,17.21,17.42,17.08,17.21,2100865,0.0,0.0
2009-07-24 00:00:00+08:00,17.38,17.45,17.18,17.18,2152619,0.0,0.0
2009-07-27 00:00:00+08:00,17.32,17.45,17.21,17.32,2178495,0.0,0.0
2009-07-28 00:00:00+08:00,17.35,17.69,17.35,17.69,7298850,0.0,0.0
2009-07-29 00:00:00+08:00,18.59,19.16,18.55,19.12,6393544,3.0,1.0
2009-07-30 00:00:00+08:00,19.08,19.08,18.74,18.89,4184045,0.0,0.0
2009-07-31 00:00:00+08:00,18.89,19.42,18.67,18.67,3683569,0.0,0.0
2009-08-03 00:00:00+08:00,18.67,18.78,18.29,18.46,2574797,0.0,0.0
2009-08-04 00:00:00+08:00,18.59,18.67,18.18,18.18,3339190,0.0,0.0
2009-08-05 00:00:00+08:00,18.29,18.44,18.18,18.18,2259384,0.0,0.0
2009-08-06 00:00:00+08:00,18.18,18.67,18.18,18.44,2320536,0.0,0.0
2009-08-07 00:00:00+08:00,18.44,18.44,18.44,18.44,0,0.0,0.0
2009-08-10 00:00:00+08:00,18.48,18.67,18.44,18.52,1643042,0.0,0.0
2009-08-11 00:00:00+08:00,18.82,18.84,18.53,18.82,1063713,0.0,0.0
2009-08-12 00:00:00+08:00,18.67,18.89,18.67,18.7,1467634,0.0,0.0
2009-08-13 00:00:00+08:00,18.85,19.12,18.76,19.01,1993858,0.0,0.0
2009-08-14 00:00:00+08:00,19.04,19.46,18.97,19.46,3488850,0.0,0.0
2009-08-17 00:00:00+08:00,19.46,20.1,19.42,19.65,5754672,0.0,0.0
2009-08-18 00:00:00+08:00,19.65,19.8,18.85,19.27,5057867,0.0,0.0
2009-08-19 00:00:00+08:00,19.46,19.99,19.23,19.27,2999639,0.0,0.0
2009-08-20 00:00:00+08:00,19.57,19.8,19.16,19.68,2529738,0.0,0.0
2009-08-21 00:00:00+08:00,19.61,19.68,18.48,18.89,5049821,0.0,0.0
2009-08-24 00:00:00+08:00,19.08,19.23,18.85,18.93,1982594,0.0,0.0
2009-08-25 00:00:00+08:00,19.08,19.5,18.89,19.5,2140300,0.0,0.0
2009-08-26 00:00:00+08:00,19.61,20.36,19.42,20.25,8722126,0.0,0.0
2009-08-27 00:00:00+08:00,20.33,21.0,20.29,20.4,5593747,0.0,0.0
2009-08-28 00:00:00+08:00,20.48,20.59,20.17,20.59,3002857,0.0,0.0
2009-08-31 00:00:00+08:00,20.74,20.78,19.87,19.99,2307662,0.0,0.0
2009-09-01 00:00:00+08:00,19.99,20.55,19.99,20.36,1303491,0.0,0.0
2009-09-02 00:00:00+08:00,20.17,21.34,20.17,20.7,3035042,0.0,0.0
2009-09-03 00:00:00+08:00,20.78,20.97,20.48,20.7,2578015,0.0,0.0
2009-09-04 00:00:00+08:00,20.74,21.76,20.7,21.68,4153470,0.0,0.0
2009-09-07 00:00:00+08:00,21.72,21.87,21.49,21.65,2489507,0.0,0.0
2009-09-08 00:00:00+08:00,21.8,22.48,21.61,22.06,3392295,0.0,0.0
2009-09-09 00:00:00+08:00,22.1,22.1,21.65,21.68,1353377,0.0,0.0
2009-09-10 00:00:00+08:00,22.44,22.48,21.68,21.72,2798483,0.0,0.0
2009-09-11 00:00:00+08:00,21.72,21.76,21.38,21.53,1052448,0.0,0.0
2009-09-14 00:00:00+08:00,21.31,21.34,20.51,20.93,1894085,0.0,0.0
2009-09-15 00:00:00+08:00,21.19,21.8,21.04,21.76,1971329,0.0,0.0
2009-09-16 00:00:00+08:00,21.87,22.1,21.72,22.06,2962626,0.0,0.0
2009-09-17 00:00:00+08:00,22.06,22.17,21.68,21.95,2225590,0.0,0.0
2009-09-18 00:00:00+08:00,21.95,22.25,21.8,22.06,1836152,0.0,0.0
2009-09-21 00:00:00+08:00,22.06,22.4,21.87,22.21,1889257,0.0,0.0
2009-09-22 00:00:00+08:00,22.25,22.59,22.21,22.36,2497553,0.0,0.0
2009-09-23 00:00:00+08:00,22.36,22.36,21.76,21.91,2243292,0.0,0.0
2009-09-24 00:00:00+08:00,21.8,21.91,21.42,21.61,1466025,0.0,0.0
2009-09-25 00:00:00+08:00,21.61,22.29,21.57,22.02,2161220,0.0,0.0
2009-09-28 00:00:00+08:00,21.53,21.91,21.19,21.91,786922,0.0,0.0
2009-09-29 00:00:00+08:00,22.25,22.55,21.95,22.29,2336628,0.0,0.0
2009-09-30 00:00:00+08:00,22.44,22.81,22.4,22.63,2370422,0.0,0.0
2009-10-01 00:00:00+08:00,22.63,22.66,22.44,22.63,1704194,0.0,0.0
2009-10-02 00:00:00+08:00,22.21,22.51,22.06,22.1,1158658,0.0,0.0
2009-10-05 00:00:00+08:00,22.21,22.21,21.8,22.06,494039,0.0,0.0
2009-10-06 00:00:00+08:00,22.06,22.29,21.83,22.25,1173142,0.0,0.0
2009-10-07 00:00:00+08:00,22.25,22.29,22.06,22.25,709678,0.0,0.0
2009-10-08 00:00:00+08:00,22.25,22.48,22.25,22.25,1438668,0.0,0.0
2009-10-09 00:00:00+08:00,22.63,22.63,22.29,22.48,836809,0.0,0.0
2009-10-12 00:00:00+08:00,22.63,22.63,21.98,22.55,550362,0.0,0.0
2009-10-13 00:00:00+08:00,22.06,22.63,21.91,22.4,923708,0.0,0.0
2009-10-14 00:00:00+08:00,22.55,22.63,22.36,22.59,904397,0.0,0.0
2009-10-15 00:00:00+08:00,22.63,23.0,22.59,23.0,1960064,0.0,0.0
2009-10-16 00:00:00+08:00,23.04,23.04,22.63,22.93,1343722,0.0,0.0
2009-10-19 00:00:00+08:00,22.93,22.93,22.63,22.74,960721,0.0,0.0
2009-10-20 00:00:00+08:00,22.93,22.93,22.66,22.78,1026700,0.0,0.0
2009-10-21 00:00:00+08:00,22.78,22.93,22.63,22.63,2122598,0.0,0.0
2009-10-22 00:00:00+08:00,22.7,22.7,21.95,22.21,1459588,0.0,0.0
2009-10-23 00:00:00+08:00,22.25,22.48,21.95,22.48,870603,0.0,0.0
2009-10-26 00:00:00+08:00,22.51,22.85,22.51,22.7,1974547,0.0,0.0
2009-10-27 00:00:00+08:00,22.7,23.95,22.51,23.46,5312129,0.0,0.0
2009-10-28 00:00:00+08:00,23.46,23.91,22.97,23.04,3279648,0.0,0.0
2009-10-29 00:00:00+08:00,23.04,23.04,21.87,22.21,3469539,0.0,0.0
2009-10-30 00:00:00+08:00,22.36,22.55,22.02,22.17,2222372,0.0,0.0
2009-11-02 00:00:00+08:00,21.72,21.95,21.68,21.8,1020263,0.0,0.0
2009-11-03 00:00:00+08:00,21.8,21.8,21.61,21.61,926927,0.0,0.0
2009-11-04 00:00:00+08:00,21.68,22.29,21.68,22.21,999343,0.0,0.0
2009-11-05 00:00:00+08:00,22.29,22.59,22.1,22.44,1427403,0.0,0.0
2009-11-06 00:00:00+08:00,22.66,22.66,22.32,22.32,897960,0.0,0.0
2009-11-09 00:00:00+08:00,22.63,23.0,22.44,22.93,1766954,0.0,0.0
2009-11-10 00:00:00+08:00,22.93,22.97,22.66,22.93,1733160,0.0,0.0
2009-11-11 00:00:00+08:00,22.93,23.15,22.74,23.15,2708365,0.0,0.0
2009-11-12 00:00:00+08:00,23.19,23.46,23.15,23.19,2204670,0.0,0.0
2009-11-13 00:00:00+08:00,23.19,23.19,22.85,22.89,896351,0.0,0.0
2009-11-16 00:00:00+08:00,22.89,23.19,22.7,23.19,1810404,0.0,0.0
2009-11-17 00:00:00+08:00,23.19,23.61,23.12,23.57,2993202,0.0,0.0
2009-11-18 00:00:00+08:00,23.64,23.76,23.3,23.53,1615685,0.0,0.0
2009-11-19 00:00:00+08:00,23.72,23.76,23.46,23.76,1778219,0.0,0.0
2009-11-20 00:00:00+08:00,23.72,23.72,23.3,23.57,1234293,0.0,0.0
2009-11-23 00:00:00+08:00,23.57,23.57,23.3,23.34,716115,0.0,0.0
2009-11-24 00:00:00+08:00,23.38,24.1,23.34,23.87,3218496,0.0,0.0
2009-11-25 00:00:00+08:00,23.79,23.87,23.61,23.64,1736379,0.0,0.0
2009-11-26 00:00:00+08:00,23.64,23.91,23.42,23.57,1004171,0.0,0.0
2009-11-27 00:00:00+08:00,23.19,23.42,22.85,22.93,2219153,0.0,0.0
2009-11-30 00:00:00+08:00,23.0,23.38,22.93,23.15,2021216,0.0,0.0
2009-12-01 00:00:00+08:00,23.15,23.3,22.93,23.27,1823278,0.0,0.0
2009-12-02 00:00:00+08:00,23.3,23.38,23.19,23.34,1538441,0.0,0.0
2009-12-03 00:00:00+08:00,23.42,23.49,23.12,23.34,959112,0.0,0.0
2009-12-04 00:00:00+08:00,23.3,23.3,23.12,23.15,518177,0.0,0.0
2009-12-07 00:00:00+08:00,23.3,23.76,23.15,23.64,1939144,0.0,0.0
2009-12-08 00:00:00+08:00,23.64,23.76,23.38,23.38,722552,0.0,0.0
2009-12-09 00:00:00+08:00,23.38,23.61,22.85,23.38,1385562,0.0,0.0
2009-12-10 00:00:00+08:00,23.57,23.57,22.7,22.85,1520739,0.0,0.0
2009-12-11 00:00:00+08:00,22.85,23.3,22.85,23.3,1137738,0.0,0.0
2009-12-14 00:00:00+08:00,23.38,24.32,23.34,23.95,2806529,0.0,0.0
2009-12-15 00:00:00+08:00,24.32,24.32,23.76,23.87,1609248,0.0,0.0
2009-12-16 00:00:00+08:00,25.53,25.53,25.53,25.53,1348550,0.0,0.0
2009-12-17 00:00:00+08:00,27.3,27.3,27.0,27.3,9681238,0.0,0.0
2009-12-18 00:00:00+08:00,27.15,28.96,26.59,28.62,6285724,0.0,0.0
2009-12-21 00:00:00+08:00,28.58,28.58,26.96,26.96,5481100,0.0,0.0
2009-12-22 00:00:00+08:00,27.11,27.38,26.77,27.0,4810043,0.0,0.0
2009-12-23 00:00:00+08:00,26.77,27.23,26.77,26.89,2933659,0.0,0.0
2009-12-24 00:00:00+08:00,27.11,28.21,26.96,27.64,6039509,0.0,0.0
2009-12-25 00:00:00+08:00,28.21,28.89,27.34,28.17,5065914,0.0,0.0
2009-12-28 00:00:00+08:00,28.47,28.89,27.6,27.6,5983185,0.0,0.0
2009-12-29 00:00:00+08:00,27.72,27.83,27.26,27.42,2095241,0.0,0.0
2009-12-30 00:00:00+08:00,27.53,27.53,26.77,27.23,4354626,0.0,0.0
2009-12-31 00:00:00+08:00,27.42,27.68,27.0,27.08,2729285,0.0,0.0
2010-01-04 00:00:00+08:00,27.15,28.09,27.08,27.3,5138330,0.0,0.0
2010-01-05 00:00:00+08:00,27.45,28.06,27.15,27.38,3850931,0.0,0.0
2010-01-06 00:00:00+08:00,27.68,27.83,27.15,27.15,1519130,0.0,0.0
2010-01-07 00:00:00+08:00,27.34,27.53,27.0,27.23,2281914,0.0,0.0
2010-01-08 00:00:00+08:00,27.38,27.45,26.92,27.15,1081414,0.0,0.0
2010-01-11 00:00:00+08:00,27.15,27.3,26.92,27.0,1499819,0.0,0.0
2010-01-12 00:00:00+08:00,27.0,27.23,26.62,26.77,2119380,0.0,0.0
2010-01-13 00:00:00+08:00,26.06,26.51,26.06,26.21,2330191,0.0,0.0
2010-01-14 00:00:00+08:00,26.21,26.74,26.21,26.4,1672009,0.0,0.0
2010-01-15 00:00:00+08:00,26.59,26.7,26.43,26.55,1525567,0.0,0.0
2010-01-18 00:00:00+08:00,26.4,27.68,26.4,27.23,2812966,0.0,0.0
2010-01-19 00:00:00+08:00,27.26,27.34,26.59,26.59,1974547,0.0,0.0
2010-01-20 00:00:00+08:00,26.59,26.89,26.36,26.36,1388781,0.0,0.0
2010-01-21 00:00:00+08:00,26.36,26.4,25.83,25.83,1430621,0.0,0.0
2010-01-22 00:00:00+08:00,25.08,25.72,25.08,25.15,1596374,0.0,0.0
2010-01-25 00:00:00+08:00,24.93,24.96,24.62,24.62,1807185,0.0,0.0
2010-01-26 00:00:00+08:00,24.7,24.85,23.0,23.27,4113238,0.0,0.0
2010-01-27 00:00:00+08:00,23.42,24.06,23.12,23.53,1985812,0.0,0.0
2010-01-28 00:00:00+08:00,23.79,24.32,23.76,24.13,870603,0.0,0.0
2010-01-29 00:00:00+08:00,23.79,24.93,23.42,24.51,1839370,0.0,0.0
2010-02-01 00:00:00+08:00,24.51,24.51,23.57,24.25,1063713,0.0,0.0
2010-02-02 00:00:00+08:00,24.47,24.47,23.42,23.49,1102335,0.0,0.0
2010-02-03 00:00:00+08:00,23.61,23.95,23.27,23.76,785313,0.0,0.0
2010-02-04 00:00:00+08:00,24.13,24.13,23.57,23.61,767611,0.0,0.0
2010-02-05 00:00:00+08:00,23.0,23.23,22.66,22.78,2666524,0.0,0.0
2010-02-08 00:00:00+08:00,23.19,23.19,22.48,23.12,1173142,0.0,0.0
2010-02-09 00:00:00+08:00,23.46,23.87,23.0,23.57,1284180,0.0,0.0
2010-02-10 00:00:00+08:00,23.91,24.06,23.57,23.72,1160268,0.0,0.0
2010-02-22 00:00:00+08:00,24.51,24.51,23.87,24.47,1118427,0.0,0.0
2010-02-23 00:00:00+08:00,24.66,24.66,23.98,24.44,820716,0.0,0.0
2010-02-24 00:00:00+08:00,24.25,24.59,24.25,24.32,1034746,0.0,0.0
2010-02-25 00:00:00+08:00,24.66,24.7,24.32,24.36,1363033,0.0,0.0
2010-02-26 00:00:00+08:00,24.36,24.55,24.36,24.47,434497,0.0,0.0
2010-03-01 00:00:00+08:00,24.47,25.19,24.25,25.08,1412920,0.0,0.0
2010-03-02 00:00:00+08:00,25.45,25.45,25.0,25.0,875431,0.0,0.0
2010-03-03 00:00:00+08:00,25.0,25.34,24.96,24.96,669447,0.0,0.0
2010-03-04 00:00:00+08:00,24.96,25.23,24.17,24.32,910834,0.0,0.0
2010-03-05 00:00:00+08:00,24.51,24.89,24.25,24.51,1258432,0.0,0.0
2010-03-08 00:00:00+08:00,24.36,24.62,24.32,24.51,1681664,0.0,0.0
2010-03-09 00:00:00+08:00,24.4,24.51,23.68,23.91,2553877,0.0,0.0
2010-03-10 00:00:00+08:00,24.25,24.25,23.68,23.72,3041479,0.0,0.0
2010-03-11 00:00:00+08:00,23.83,23.98,23.76,23.79,761174,0.0,0.0
2010-03-12 00:00:00+08:00,23.91,24.1,23.79,24.06,971986,0.0,0.0
2010-03-15 00:00:00+08:00,24.06,24.06,23.76,23.76,980032,0.0,0.0
2010-03-16 00:00:00+08:00,23.76,24.02,23.76,23.83,255870,0.0,0.0
2010-03-17 00:00:00+08:00,24.02,25.04,24.02,24.93,2463759,0.0,0.0
2010-03-18 00:00:00+08:00,25.08,25.08,24.74,24.85,1472462,0.0,0.0
2010-03-19 00:00:00+08:00,25.34,26.59,25.34,25.98,4196919,0.0,0.0
2010-03-22 00:00:00+08:00,25.87,26.1,25.45,25.79,2092022,0.0,0.0
2010-03-23 00:00:00+08:00,25.94,26.17,25.49,25.49,1242339,0.0,0.0
2010-03-24 00:00:00+08:00,25.72,25.72,25.11,25.42,1012217,0.0,0.0
2010-03-25 00:00:00+08:00,25.23,25.87,25.11,25.72,960721,0.0,0.0
2010-03-26 00:00:00+08:00,25.72,26.47,25.42,26.25,2996420,0.0,0.0
2010-03-29 00:00:00+08:00,26.59,26.74,25.87,25.98,2473414,0.0,0.0
2010-03-30 00:00:00+08:00,25.98,26.02,25.57,25.68,1810404,0.0,0.0
2010-03-31 00:00:00+08:00,25.64,25.64,25.42,25.57,1102335,0.0,0.0
2010-04-01 00:00:00+08:00,25.57,25.91,25.45,25.83,2405826,0.0,0.0
2010-04-02 00:00:00+08:00,25.91,26.1,25.79,25.91,1105553,0.0,0.0
2010-04-06 00:00:00+08:00,26.13,26.21,25.94,26.02,1453151,0.0,0.0
2010-04-07 00:00:00+08:00,26.21,26.55,26.13,26.25,1943972,0.0,0.0
2010-04-08 00:00:00+08:00,26.4,26.59,25.94,26.25,1242339,0.0,0.0
2010-04-09 00:00:00+08:00,26.4,26.47,26.02,26.17,918880,0.0,0.0
2010-04-12 00:00:00+08:00,26.55,26.59,26.13,26.43,1483727,0.0,0.0
2010-04-13 00:00:00+08:00,26.43,26.43,26.1,26.17,690367,0.0,0.0
2010-04-14 00:00:00+08:00,26.4,26.47,26.17,26.4,1494991,0.0,0.0
2010-04-15 00:00:00+08:00,26.55,26.7,26.32,26.47,1174751,0.0,0.0
2010-04-16 00:00:00+08:00,26.4,26.59,26.13,26.4,1562580,0.0,0.0
2010-04-19 00:00:00+08:00,26.28,27.0,26.21,26.21,4110020,0.0,0.0
2010-04-20 00:00:00+08:00,26.7,26.7,26.13,26.32,1924661,0.0,0.0
2010-04-21 00:00:00+08:00,26.77,26.81,26.36,26.81,2674570,0.0,0.0
2010-04-22 00:00:00+08:00,26.81,27.19,26.47,26.96,1992249,0.0,0.0
2010-04-23 00:00:00+08:00,27.15,27.19,26.7,26.7,1049229,0.0,0.0
2010-04-26 00:00:00+08:00,26.89,27.19,26.85,26.85,2111333,0.0,0.0
2010-04-27 00:00:00+08:00,26.85,27.45,26.85,27.04,1432231,0.0,0.0
2010-04-28 00:00:00+08:00,26.59,26.85,26.51,26.66,1354987,0.0,0.0
2010-04-29 00:00:00+08:00,26.92,26.96,26.66,26.66,1017045,0.0,0.0
2010-04-30 00:00:00+08:00,26.89,27.19,26.51,26.66,1353377,0.0,0.0
2010-05-03 00:00:00+08:00,26.4,26.66,26.02,26.21,1337285,0.0,0.0
2010-05-04 00:00:00+08:00,26.28,26.47,25.57,25.64,1932707,0.0,0.0
2010-05-05 00:00:00+08:00,25.19,25.72,24.7,25.3,2289960,0.0,0.0
2010-05-06 00:00:00+08:00,25.45,25.79,25.08,25.3,1940753,0.0,0.0
2010-05-07 00:00:00+08:00,25.0,25.45,24.93,25.27,1285789,0.0,0.0
2010-05-10 00:00:00+08:00,25.27,25.53,25.08,25.3,782094,0.0,0.0
2010-05-11 00:00:00+08:00,25.64,25.87,25.38,25.45,1293835,0.0,0.0
2010-05-12 00:00:00+08:00,25.64,25.72,25.38,25.38,560018,0.0,0.0
2010-05-13 00:00:00+08:00,25.6,26.1,25.6,25.94,1129692,0.0,0.0
2010-05-14 00:00:00+08:00,25.94,26.17,25.87,25.98,418404,0.0,0.0
2010-05-17 00:00:00+08:00,25.64,25.76,24.81,25.0,1504647,0.0,0.0
2010-05-18 00:00:00+08:00,25.11,25.72,25.11,25.45,688758,0.0,0.0
2010-05-19 00:00:00+08:00,25.83,25.87,25.34,25.49,1321192,0.0,0.0
2010-05-20 00:00:00+08:00,25.45,25.64,25.19,25.3,833590,0.0,0.0
2010-05-21 00:00:00+08:00,24.4,25.0,24.36,25.0,1224638,0.0,0.0
2010-05-24 00:00:00+08:00,25.0,25.57,25.0,25.15,728989,0.0,0.0
2010-05-25 00:00:00+08:00,25.08,25.27,24.29,24.44,1832933,0.0,0.0
2010-05-26 00:00:00+08:00,24.44,24.81,24.4,24.4,1707412,0.0,0.0
2010-05-27 00:00:00+08:00,24.44,24.74,24.32,24.51,746691,0.0,0.0
2010-05-28 00:00:00+08:00,24.96,25.3,24.85,25.23,1451542,0.0,0.0
2010-05-31 00:00:00+08:00,25.53,25.57,25.19,25.53,627606,0.0,0.0
2010-06-01 00:00:00+08:00,25.53,25.53,25.11,25.15,909225,0.0,0.0
2010-06-02 00:00:00+08:00,25.15,25.27,24.85,24.93,939801,0.0,0.0
2010-06-03 00:00:00+08:00,25.27,26.13,25.27,26.06,1960064,0.0,0.0
2010-06-04 00:00:00+08:00,26.06,26.25,25.87,25.87,1396827,0.0,0.0
2010-06-07 00:00:00+08:00,25.42,25.45,25.11,25.27,1144175,0.0,0.0
2010-06-08 00:00:00+08:00,25.27,25.57,25.27,25.49,1488554,0.0,0.0
2010-06-09 00:00:00+08:00,25.49,25.68,25.3,25.49,1276134,0.0,0.0
2010-06-10 00:00:00+08:00,25.83,26.02,25.64,25.83,970376,0.0,0.0
2010-06-11 00:00:00+08:00,26.1,26.62,26.02,26.25,1485336,0.0,0.0
2010-06-14 00:00:00+08:00,26.32,26.43,26.17,26.21,1282570,0.0,0.0
2010-06-15 00:00:00+08:00,26.28,26.51,26.21,26.21,1813622,0.0,0.0
2010-06-17 00:00:00+08:00,26.4,26.47,26.21,26.36,1567407,0.0,0.0
2010-06-18 00:00:00+08:00,26.4,26.89,26.4,26.59,1709021,0.0,0.0
2010-06-21 00:00:00+08:00,26.85,27.04,26.62,26.81,1836152,0.0,0.0
2010-06-22 00:00:00+08:00,26.77,27.04,26.77,26.92,1647870,0.0,0.0
2010-06-23 00:00:00+08:00,26.96,27.38,26.92,27.26,2845151,0.0,0.0
2010-06-24 00:00:00+08:00,27.3,27.3,26.96,27.26,2911130,0.0,0.0
2010-06-25 00:00:00+08:00,27.11,27.38,26.55,27.26,3192748,0.0,0.0
2010-06-28 00:00:00+08:00,27.15,27.38,26.89,26.96,3025387,0.0,0.0
2010-06-29 00:00:00+08:00,28.18,28.22,27.77,27.77,2468587,4.0,0.0
2010-06-30 00:00:00+08:00,26.94,27.6,26.94,27.39,1330848,0.0,0.0
2010-07-01 00:00:00+08:00,27.31,27.31,27.14,27.19,223685,0.0,0.0
2010-07-02 00:00:00+08:00,27.06,27.52,27.06,27.27,690367,0.0,0.0
2010-07-05 00:00:00+08:00,27.31,27.56,27.14,27.56,873821,0.0,0.0
2010-07-06 00:00:00+08:00,27.56,28.43,27.56,28.43,1364642,0.0,0.0
2010-07-07 00:00:00+08:00,28.47,28.47,27.97,28.39,1097507,0.0,0.0
2010-07-08 00:00:00+08:00,28.43,28.64,28.06,28.14,1432231,0.0,0.0
2010-07-09 00:00:00+08:00,28.39,28.47,27.89,27.93,878649,0.0,0.0
2010-07-12 00:00:00+08:00,28.06,28.51,27.97,28.47,1235902,0.0,0.0
2010-07-13 00:00:00+08:00,28.47,28.55,28.14,28.18,1116818,0.0,0.0
2010-07-14 00:00:00+08:00,28.43,28.55,28.22,28.51,1583500,0.0,0.0
2010-07-15 00:00:00+08:00,28.26,28.51,28.18,28.35,1705803,0.0,0.0
2010-07-16 00:00:00+08:00,28.35,28.84,28.35,28.51,1247167,0.0,0.0
2010-07-19 00:00:00+08:00,28.35,28.8,28.3,28.55,1408092,0.0,0.0
2010-07-20 00:00:00+08:00,28.59,28.8,28.59,28.68,1021872,0.0,0.0
2010-07-21 00:00:00+08:00,28.68,29.34,28.43,28.76,2576406,0.0,0.0
2010-07-22 00:00:00+08:00,28.93,28.93,28.47,28.47,2438011,0.0,0.0
2010-07-23 00:00:00+08:00,28.59,28.84,28.43,28.59,2000295,0.0,0.0
2010-07-26 00:00:00+08:00,28.59,28.76,28.47,28.59,912443,0.0,0.0
2010-07-27 00:00:00+08:00,28.59,28.68,28.51,28.59,672665,0.0,0.0
2010-07-28 00:00:00+08:00,28.59,28.59,28.3,28.59,1182797,0.0,0.0
2010-07-29 00:00:00+08:00,28.76,29.01,28.59,28.97,1363033,0.0,0.0
2010-07-30 00:00:00+08:00,28.88,28.88,28.47,28.47,555190,0.0,0.0
2010-08-02 00:00:00+08:00,28.84,29.09,28.59,28.8,1179579,0.0,0.0
2010-08-03 00:00:00+08:00,28.93,29.26,28.84,29.26,1340503,0.0,0.0
2010-08-04 00:00:00+08:00,29.26,29.26,29.01,29.22,1062103,0.0,0.0
2010-08-05 00:00:00+08:00,29.01,29.3,29.01,29.3,790140,0.0,0.0
2010-08-06 00:00:00+08:00,29.3,29.92,29.22,29.63,1398436,0.0,0.0
2010-08-09 00:00:00+08:00,29.63,29.84,29.3,29.3,666228,0.0,0.0
2010-08-10 00:00:00+08:00,29.38,29.84,29.38,29.59,889914,0.0,0.0
2010-08-11 00:00:00+08:00,29.38,29.75,29.34,29.71,716115,0.0,0.0
2010-08-12 00:00:00+08:00,29.42,29.51,29.09,29.42,922099,0.0,0.0
2010-08-13 00:00:00+08:00,29.63,29.84,29.26,29.42,963939,0.0,0.0
2010-08-16 00:00:00+08:00,29.84,29.84,29.3,29.67,943019,0.0,0.0
2010-08-17 00:00:00+08:00,29.71,29.84,29.55,29.59,635653,0.0,0.0
2010-08-18 00:00:00+08:00,29.75,29.84,29.34,29.8,951065,0.0,0.0
2010-08-19 00:00:00+08:00,29.34,29.92,29.34,29.92,1334066,0.0,0.0
2010-08-20 00:00:00+08:00,30.04,31.0,29.84,30.21,1297054,0.0,0.0
2010-08-23 00:00:00+08:00,30.29,30.33,30.04,30.13,597031,0.0,0.0
2010-08-24 00:00:00+08:00,30.25,30.54,29.96,30.13,730598,0.0,0.0
2010-08-25 00:00:00+08:00,30.13,30.13,29.26,29.8,1284180,0.0,0.0
2010-08-26 00:00:00+08:00,29.75,30.04,29.67,29.88,828762,0.0,0.0
2010-08-27 00:00:00+08:00,29.92,30.0,29.55,30.0,547144,0.0,0.0
2010-08-30 00:00:00+08:00,29.84,30.09,29.84,30.04,632434,0.0,0.0
2010-08-31 00:00:00+08:00,29.84,30.09,29.84,30.09,870603,0.0,0.0
2010-09-01 00:00:00+08:00,30.46,30.67,30.04,30.29,730598,0.0,0.0
2010-09-02 00:00:00+08:00,30.87,30.91,30.42,30.75,1781438,0.0,0.0
2010-09-03 00:00:00+08:00,31.0,31.45,30.79,31.37,1533613,0.0,0.0
2010-09-06 00:00:00+08:00,31.54,31.66,31.41,31.62,1025091,0.0,0.0
2010-09-07 00:00:00+08:00,31.62,31.66,31.29,31.58,888305,0.0,0.0
2010-09-08 00:00:00+08:00,31.58,31.87,31.08,31.62,1406483,0.0,0.0
2010-09-09 00:00:00+08:00,31.7,32.03,31.62,31.7,1221419,0.0,0.0
2010-09-10 00:00:00+08:00,31.91,32.08,31.2,31.49,889914,0.0,0.0
2010-09-13 00:00:00+08:00,31.7,32.32,31.58,32.32,1583500,0.0,0.0
2010-09-14 00:00:00+08:00,32.41,32.78,32.41,32.74,1371079,0.0,0.0
2010-09-15 00:00:00+08:00,32.95,33.36,32.66,33.36,1412920,0.0,0.0
2010-09-16 00:00:00+08:00,33.53,35.22,33.53,34.81,4156688,0.0,0.0
2010-09-17 00:00:00+08:00,35.02,35.64,34.89,35.14,2259384,0.0,0.0
2010-09-20 00:00:00+08:00,34.98,35.6,34.64,35.51,1385562,0.0,0.0
2010-09-21 00:00:00+08:00,35.56,35.68,35.1,35.22,587375,0.0,0.0
2010-09-23 00:00:00+08:00,35.22,35.22,34.4,34.52,844855,0.0,0.0
2010-09-24 00:00:00+08:00,33.98,34.52,33.53,33.94,1577063,0.0,0.0
2010-09-27 00:00:00+08:00,34.4,34.6,33.82,34.48,1322802,0.0,0.0
2010-09-28 00:00:00+08:00,34.48,34.48,34.06,34.4,411967,0.0,0.0
2010-09-29 00:00:00+08:00,34.6,34.73,34.19,34.23,696804,0.0,0.0
2010-09-30 00:00:00+08:00,34.23,34.31,33.61,34.06,634043,0.0,0.0
2010-10-01 00:00:00+08:00,34.02,34.19,33.82,34.19,411967,0.0,0.0
2010-10-04 00:00:00+08:00,34.19,34.4,33.65,33.82,440934,0.0,0.0
2010-10-05 00:00:00+08:00,33.57,33.82,32.78,32.95,984860,0.0,0.0
2010-10-06 00:00:00+08:00,32.95,33.36,32.78,32.95,886695,0.0,0.0
2010-10-07 00:00:00+08:00,32.95,32.95,32.57,32.78,616342,0.0,0.0
2010-10-08 00:00:00+08:00,32.95,33.15,32.78,32.95,495648,0.0,0.0
2010-10-11 00:00:00+08:00,32.95,33.19,32.78,33.11,476337,0.0,0.0
2010-10-12 00:00:00+08:00,32.95,33.19,32.37,32.57,490820,0.0,0.0
2010-10-13 00:00:00+08:00,32.74,33.03,32.66,32.82,318631,0.0,0.0
2010-10-14 00:00:00+08:00,32.95,33.24,32.9,32.95,783703,0.0,0.0
2010-10-15 00:00:00+08:00,32.95,33.19,32.45,32.49,457026,0.0,0.0
2010-10-18 00:00:00+08:00,32.53,32.57,31.91,32.08,603468,0.0,0.0
2010-10-19 00:00:00+08:00,31.58,32.08,31.49,31.95,502085,0.0,0.0
2010-10-20 00:00:00+08:00,31.62,32.2,31.58,32.08,527833,0.0,0.0
2010-10-21 00:00:00+08:00,32.32,33.03,31.99,32.49,590594,0.0,0.0
2010-10-22 00:00:00+08:00,32.95,33.77,32.66,33.69,1205327,0.0,0.0
2010-10-25 00:00:00+08:00,33.86,35.06,33.77,34.98,1895694,0.0,0.0
2010-10-26 00:00:00+08:00,34.98,35.22,34.6,35.18,1110381,0.0,0.0
2010-10-27 00:00:00+08:00,35.18,35.18,34.6,35.02,477946,0.0,0.0
2010-10-28 00:00:00+08:00,35.02,35.02,34.52,34.64,857729,0.0,0.0
2010-10-29 00:00:00+08:00,34.77,34.93,34.44,34.64,709678,0.0,0.0
2010-11-01 00:00:00+08:00,34.69,35.22,34.64,35.02,785313,0.0,0.0
2010-11-02 00:00:00+08:00,35.02,35.22,34.89,34.93,448980,0.0,0.0
2010-11-03 00:00:00+08:00,35.02,35.22,34.69,34.93,817498,0.0,0.0
2010-11-04 00:00:00+08:00,34.85,35.18,34.69,35.02,291273,0.0,0.0
2010-11-05 00:00:00+08:00,35.22,35.22,34.89,34.93,383001,0.0,0.0
2010-11-08 00:00:00+08:00,34.93,34.93,33.82,34.19,505304,0.0,0.0
2010-11-09 00:00:00+08:00,34.19,34.64,34.11,34.35,156097,0.0,0.0
2010-11-10 00:00:00+08:00,33.98,34.56,33.98,34.56,212420,0.0,0.0
2010-11-11 00:00:00+08:00,34.02,34.6,34.02,34.44,292883,0.0,0.0
2010-11-12 00:00:00+08:00,34.31,34.48,34.02,34.44,431278,0.0,0.0
2010-11-15 00:00:00+08:00,34.06,34.4,34.02,34.19,207593,0.0,0.0
2010-11-16 00:00:00+08:00,34.02,34.52,33.69,34.52,659791,0.0,0.0
2010-11-17 00:00:00+08:00,34.4,34.56,33.94,34.19,811061,0.0,0.0
2010-11-18 00:00:00+08:00,33.98,34.11,33.9,34.06,421623,0.0,0.0
2010-11-19 00:00:00+08:00,34.31,34.48,33.82,34.15,785313,0.0,0.0
2010-11-22 00:00:00+08:00,34.15,34.4,34.11,34.23,819107,0.0,0.0
2010-11-23 00:00:00+08:00,33.98,34.06,33.48,33.61,1649479,0.0,0.0
2010-11-24 00:00:00+08:00,32.7,34.11,32.7,33.53,830372,0.0,0.0
2010-11-25 00:00:00+08:00,33.98,34.15,33.57,33.94,476337,0.0,0.0
2010-11-26 00:00:00+08:00,33.57,34.23,33.57,34.19,815888,0.0,0.0
2010-11-29 00:00:00+08:00,34.35,34.35,33.98,34.19,563236,0.0,0.0
2010-11-30 00:00:00+08:00,34.19,34.19,33.03,33.82,1636605,0.0,0.0
2010-12-01 00:00:00+08:00,33.82,34.4,33.82,34.4,551972,0.0,0.0
2010-12-02 00:00:00+08:00,34.52,34.64,34.31,34.48,548753,0.0,0.0
2010-12-03 00:00:00+08:00,34.31,34.48,33.82,34.15,276790,0.0,0.0
2010-12-06 00:00:00+08:00,34.52,35.51,34.19,35.51,2656869,0.0,0.0
2010-12-07 00:00:00+08:00,35.64,35.72,34.98,35.22,1731551,0.0,0.0
2010-12-08 00:00:00+08:00,35.14,35.43,35.02,35.39,1264869,0.0,0.0
2010-12-09 00:00:00+08:00,35.43,35.56,34.69,35.18,1894085,0.0,0.0
2010-12-10 00:00:00+08:00,35.18,35.51,34.81,35.27,1269697,0.0,0.0
2010-12-13 00:00:00+08:00,35.18,35.39,34.81,35.18,526224,0.0,0.0
2010-12-14 00:00:00+08:00,35.22,35.27,34.73,34.85,400702,0.0,0.0
2010-12-15 00:00:00+08:00,34.85,35.06,33.82,34.31,757956,0.0,0.0
2010-12-16 00:00:00+08:00,34.19,34.27,33.82,34.11,1116818,0.0,0.0
2010-12-17 00:00:00+08:00,34.19,34.31,33.9,34.06,485993,0.0,0.0
2010-12-20 00:00:00+08:00,33.82,34.23,33.82,34.19,762783,0.0,0.0
2010-12-21 00:00:00+08:00,33.9,35.1,33.9,35.1,680712,0.0,0.0
2010-12-22 00:00:00+08:00,35.22,35.43,34.93,35.14,933364,0.0,0.0
2010-12-23 00:00:00+08:00,34.98,35.14,34.64,34.69,128739,0.0,0.0
2010-12-24 00:00:00+08:00,34.69,34.85,34.44,34.52,189891,0.0,0.0
2010-12-27 00:00:00+08:00,34.4,35.1,34.35,34.69,384610,0.0,0.0
2010-12-28 00:00:00+08:00,34.85,34.85,33.77,34.44,954284,0.0,0.0
2010-12-29 00:00:00+08:00,34.44,34.44,33.77,33.98,970376,0.0,0.0
2010-12-30 00:00:00+08:00,33.61,34.19,33.61,33.94,823935,0.0,0.0
2010-12-31 00:00:00+08:00,34.31,34.31,33.57,34.19,667838,0.0,0.0
2011-01-03 00:00:00+08:00,34.19,34.48,34.19,34.48,337942,0.0,0.0
2011-01-04 00:00:00+08:00,34.69,34.69,34.4,34.64,305757,0.0,0.0
2011-01-05 00:00:00+08:00,34.64,34.64,34.06,34.15,363690,0.0,0.0
2011-01-06 00:00:00+08:00,34.06,34.6,33.9,34.56,485993,0.0,0.0
2011-01-07 00:00:00+08:00,34.4,34.52,33.82,34.23,508522,0.0,0.0
2011-01-10 00:00:00+08:00,34.23,34.23,33.77,34.15,391047,0.0,0.0
2011-01-11 00:00:00+08:00,34.19,34.6,33.94,34.6,609905,0.0,0.0
2011-01-12 00:00:00+08:00,34.73,34.73,34.48,34.56,268744,0.0,0.0
2011-01-13 00:00:00+08:00,34.48,34.52,34.02,34.23,246215,0.0,0.0
2011-01-14 00:00:00+08:00,34.23,34.31,34.11,34.23,234950,0.0,0.0
2011-01-17 00:00:00+08:00,34.4,34.4,33.82,33.94,605077,0.0,0.0
2011-01-18 00:00:00+08:00,33.77,34.27,33.77,34.27,988078,0.0,0.0
2011-01-19 00:00:00+08:00,34.4,35.1,34.23,35.06,917271,0.0,0.0
2011-01-20 00:00:00+08:00,35.06,35.56,34.89,35.39,1424184,0.0,0.0
2011-01-21 00:00:00+08:00,35.18,35.39,34.81,35.22,740254,0.0,0.0
2011-01-24 00:00:00+08:00,35.22,35.22,34.52,34.64,506913,0.0,0.0
2011-01-25 00:00:00+08:00,35.1,35.14,34.64,34.93,642090,0.0,0.0
2011-01-26 00:00:00+08:00,35.14,35.56,34.93,35.43,1342113,0.0,0.0
2011-01-27 00:00:00+08:00,35.64,36.47,35.64,36.01,1947190,0.0,0.0
2011-01-28 00:00:00+08:00,36.05,37.3,36.01,37.17,2767907,0.0,0.0
2011-02-08 00:00:00+08:00,37.5,37.71,35.89,35.89,1457979,0.0,0.0
2011-02-09 00:00:00+08:00,35.85,36.22,35.02,35.31,1881211,0.0,0.0
2011-02-10 00:00:00+08:00,35.22,35.39,34.4,34.4,1008998,0.0,0.0
2011-02-11 00:00:00+08:00,34.4,34.73,33.98,33.98,1396827,0.0,0.0
2011-02-14 00:00:00+08:00,34.02,34.19,33.73,33.82,1929488,0.0,0.0
2011-02-15 00:00:00+08:00,33.57,33.98,33.24,33.82,1631777,0.0,0.0
2011-02-16 00:00:00+08:00,33.61,34.23,33.61,33.94,868994,0.0,0.0
2011-02-17 00:00:00+08:00,33.98,33.98,33.57,33.57,830372,0.0,0.0
2011-02-18 00:00:00+08:00,34.15,34.48,33.98,34.4,395875,0.0,0.0
2011-02-21 00:00:00+08:00,34.4,34.52,34.06,34.11,452198,0.0,0.0
2011-02-22 00:00:00+08:00,34.06,34.06,33.24,33.36,2009951,0.0,0.0
2011-02-23 00:00:00+08:00,33.19,33.53,33.19,33.28,1274524,0.0,0.0
2011-02-24 00:00:00+08:00,33.28,34.48,33.28,34.06,687149,0.0,0.0
2011-02-25 00:00:00+08:00,34.15,34.44,33.82,33.9,986469,0.0,0.0
2011-03-01 00:00:00+08:00,34.23,34.44,33.98,34.23,563236,0.0,0.0
2011-03-02 00:00:00+08:00,34.06,34.11,33.61,33.65,1000952,0.0,0.0
2011-03-03 00:00:00+08:00,33.98,34.4,33.9,34.31,474728,0.0,0.0
2011-03-04 00:00:00+08:00,34.81,35.35,34.4,34.56,862557,0.0,0.0
2011-03-07 00:00:00+08:00,34.56,34.98,34.44,34.6,448980,0.0,0.0
2011-03-08 00:00:00+08:00,34.69,34.93,34.6,34.89,571283,0.0,0.0
2011-03-09 00:00:00+08:00,35.35,35.64,34.73,35.02,1297054,0.0,0.0
2011-03-10 00:00:00+08:00,35.02,35.02,34.6,34.81,897960,0.0,0.0
2011-03-11 00:00:00+08:00,34.77,35.02,34.11,34.6,461854,0.0,0.0
2011-03-14 00:00:00+08:00,34.44,34.6,33.4,34.02,1295444,0.0,0.0
2011-03-15 00:00:00+08:00,34.06,34.06,32.53,33.28,1107162,0.0,0.0
2011-03-16 00:00:00+08:00,33.57,33.98,33.44,33.65,674275,0.0,0.0
2011-03-17 00:00:00+08:00,33.4,33.82,33.4,33.77,540707,0.0,0.0
2011-03-18 00:00:00+08:00,34.11,34.4,33.77,34.06,759565,0.0,0.0
2011-03-21 00:00:00+08:00,34.15,34.15,33.69,33.82,460245,0.0,0.0
2011-03-22 00:00:00+08:00,34.19,34.44,33.98,34.19,730598,0.0,0.0
2011-03-23 00:00:00+08:00,34.02,34.56,33.9,34.52,445761,0.0,0.0
2011-03-24 00:00:00+08:00,34.64,34.89,34.56,34.85,632434,0.0,0.0
2011-03-25 00:00:00+08:00,35.22,35.6,35.02,35.47,1118427,0.0,0.0
2011-03-28 00:00:00+08:00,35.56,35.68,35.14,35.56,1137738,0.0,0.0
2011-03-29 00:00:00+08:00,35.43,35.64,35.43,35.64,437715,0.0,0.0
2011-03-30 00:00:00+08:00,35.85,37.09,35.85,37.09,2169266,0.0,0.0
2011-03-31 00:00:00+08:00,37.26,38.17,37.26,37.71,2463759,0.0,0.0
2011-04-01 00:00:00+08:00,37.71,37.71,36.8,36.92,1189234,0.0,0.0
2011-04-06 00:00:00+08:00,37.09,38.46,37.09,37.71,2120989,0.0,0.0
2011-04-07 00:00:00+08:00,37.71,38.54,37.34,37.34,2141909,0.0,0.0
2011-04-08 00:00:00+08:00,37.34,37.75,36.97,36.97,1599592,0.0,0.0
2011-04-11 00:00:00+08:00,37.5,37.96,37.34,37.59,1609248,0.0,0.0
2011-04-12 00:00:00+08:00,37.59,37.63,36.68,37.17,1400046,0.0,0.0
2011-04-13 00:00:00+08:00,37.3,38.04,37.3,37.92,2222372,0.0,0.0
2011-04-14 00:00:00+08:00,37.92,38.33,37.88,38.29,2087195,0.0,0.0
2011-04-15 00:00:00+08:00,38.54,38.95,38.29,38.33,2597326,0.0,0.0
2011-04-18 00:00:00+08:00,38.33,38.75,38.21,38.46,1353377,0.0,0.0
2011-04-19 00:00:00+08:00,38.33,38.33,37.75,38.21,1528786,0.0,0.0
2011-04-20 00:00:00+08:00,38.21,38.95,38.21,38.95,1173142,0.0,0.0
2011-04-21 00:00:00+08:00,38.95,40.82,38.95,40.28,2825840,0.0,0.0
2011-04-22 00:00:00+08:00,40.28,40.28,39.58,39.58,1110381,0.0,0.0
2011-04-25 00:00:00+08:00,39.62,40.57,39.62,40.11,1195671,0.0,0.0
2011-04-26 00:00:00+08:00,40.11,40.61,39.62,39.62,1147394,0.0,0.0
2011-04-27 00:00:00+08:00,39.95,40.61,39.87,39.99,1216591,0.0,0.0
2011-04-28 00:00:00+08:00,40.28,40.86,40.03,40.03,1530395,0.0,0.0
2011-04-29 00:00:00+08:00,39.78,40.03,39.24,39.29,1644651,0.0,0.0
2011-05-03 00:00:00+08:00,39.29,39.37,38.13,38.66,2681007,0.0,0.0
2011-05-04 00:00:00+08:00,38.66,39.37,38.62,38.71,2946533,0.0,0.0
2011-05-05 00:00:00+08:00,38.75,39.7,38.75,39.16,1346940,0.0,0.0
2011-05-06 00:00:00+08:00,39.16,39.74,38.95,39.66,638871,0.0,0.0
2011-05-09 00:00:00+08:00,39.58,40.61,39.49,39.53,1383953,0.0,0.0
2011-05-10 00:00:00+08:00,39.37,39.7,39.04,39.7,597031,0.0,0.0
2011-05-11 00:00:00+08:00,39.99,40.2,39.41,40.11,848073,0.0,0.0
2011-05-12 00:00:00+08:00,39.91,40.28,39.87,40.03,300929,0.0,0.0
2011-05-13 00:00:00+08:00,40.03,40.2,39.58,39.62,540707,0.0,0.0
2011-05-16 00:00:00+08:00,39.37,39.58,38.54,38.58,1213373,0.0,0.0
2011-05-17 00:00:00+08:00,38.79,38.95,38.58,38.58,1081414,0.0,0.0
2011-05-18 00:00:00+08:00,38.87,39.78,38.79,39.45,893132,0.0,0.0
2011-05-19 00:00:00+08:00,39.45,39.58,39.29,39.29,804624,0.0,0.0
2011-05-20 00:00:00+08:00,39.37,39.99,38.95,39.78,1150612,0.0,0.0
2011-05-23 00:00:00+08:00,38.83,39.16,38.46,38.83,1028309,0.0,0.0
2011-05-24 00:00:00+08:00,38.75,39.0,38.5,38.95,479556,0.0,0.0
2011-05-25 00:00:00+08:00,38.87,39.2,38.08,39.2,1287398,0.0,0.0
2011-05-26 00:00:00+08:00,39.37,39.74,39.08,39.49,498867,0.0,0.0
2011-05-27 00:00:00+08:00,39.49,39.62,39.16,39.16,1503038,0.0,0.0
2011-05-30 00:00:00+08:00,39.16,39.16,38.37,38.54,1886039,0.0,0.0
2011-05-31 00:00:00+08:00,38.54,38.66,38.17,38.21,3187921,0.0,0.0
2011-06-01 00:00:00+08:00,38.87,39.29,38.79,39.08,1472462,0.0,0.0
2011-06-02 00:00:00+08:00,39.08,40.03,39.08,39.87,1297054,0.0,0.0
2011-06-03 00:00:00+08:00,39.87,40.32,39.37,40.32,757956,0.0,0.0
2011-06-07 00:00:00+08:00,40.32,40.9,39.87,40.86,999343,0.0,0.0
2011-06-08 00:00:00+08:00,40.86,40.86,40.4,40.45,550362,0.0,0.0
2011-06-09 00:00:00+08:00,40.2,40.61,40.2,40.36,677493,0.0,0.0
2011-06-10 00:00:00+08:00,40.61,40.82,39.62,39.99,1139347,0.0,0.0
2011-06-13 00:00:00+08:00,39.41,40.16,39.37,39.62,519787,0.0,0.0
2011-06-14 00:00:00+08:00,39.45,39.82,39.37,39.53,738645,0.0,0.0
2011-06-15 00:00:00+08:00,39.41,40.9,38.95,40.78,2174094,0.0,0.0
2011-06-16 00:00:00+08:00,40.4,40.49,39.45,39.45,1073368,0.0,0.0
2011-06-17 00:00:00+08:00,39.87,39.99,39.04,39.78,877040,0.0,0.0
2011-06-20 00:00:00+08:00,39.78,40.32,39.49,39.78,749909,0.0,0.0
2011-06-21 00:00:00+08:00,39.99,39.99,39.33,39.74,803014,0.0,0.0
2011-06-22 00:00:00+08:00,39.91,40.07,39.29,39.58,537488,0.0,0.0
2011-06-23 00:00:00+08:00,39.41,39.78,39.33,39.49,387828,0.0,0.0
2011-06-24 00:00:00+08:00,39.74,40.61,39.37,40.4,730598,0.0,0.0
2011-06-27 00:00:00+08:00,39.53,40.11,39.41,40.11,603468,0.0,0.0
2011-06-28 00:00:00+08:00,40.11,40.36,39.82,39.87,590594,0.0,0.0
2011-06-29 00:00:00+08:00,39.99,40.53,39.82,40.28,1466025,0.0,0.0
2011-06-30 00:00:00+08:00,40.2,40.78,40.03,40.45,1205327,0.0,0.0
2011-07-01 00:00:00+08:00,40.57,41.23,40.57,41.15,1073368,0.0,0.0
2011-07-04 00:00:00+08:00,41.23,41.32,40.74,40.74,1507865,0.0,0.0
2011-07-05 00:00:00+08:00,40.82,41.65,40.69,41.44,1672009,0.0,0.0
2011-07-06 00:00:00+08:00,41.65,42.27,40.69,41.27,2903084,0.0,0.0
2011-07-07 00:00:00+08:00,41.19,41.44,41.11,41.44,1758908,0.0,0.0
2011-07-08 00:00:00+08:00,41.44,42.27,41.36,41.44,4649118,0.0,0.0
2011-07-11 00:00:00+08:00,42.33,43.62,42.18,43.62,3508161,3.18,1.0
2011-07-12 00:00:00+08:00,43.48,43.77,43.0,43.77,1574137,0.0,0.0
2011-07-13 00:00:00+08:00,43.86,44.78,43.38,44.39,1243510,0.0,0.0
2011-07-14 00:00:00+08:00,44.59,44.83,43.96,44.01,1641433,0.0,0.0
2011-07-15 00:00:00+08:00,44.11,45.4,44.11,45.35,930438,0.0,0.0
2011-07-18 00:00:00+08:00,44.97,45.4,43.96,43.96,1218639,0.0,0.0
2011-07-19 00:00:00+08:00,43.82,44.39,43.14,43.53,1129399,0.0,0.0
2011-07-20 00:00:00+08:00,43.72,44.15,43.72,44.01,1373712,0.0,0.0
2011-07-21 00:00:00+08:00,43.77,44.3,43.77,44.06,1373712,0.0,0.0
2011-07-22 00:00:00+08:00,44.68,44.78,44.06,44.44,1622415,0.0,0.0
2011-07-25 00:00:00+08:00,44.44,44.44,43.38,43.91,593958,0.0,0.0
2011-07-26 00:00:00+08:00,43.72,44.44,43.72,44.44,614440,0.0,0.0
2011-07-27 00:00:00+08:00,44.87,47.08,44.59,45.88,2389002,0.0,0.0
2011-07-28 00:00:00+08:00,46.03,47.32,45.88,47.32,2013023,0.0,0.0
2011-07-29 00:00:00+08:00,47.47,47.8,46.65,46.84,1007974,0.0,0.0
2011-08-01 00:00:00+08:00,46.75,48.0,46.75,47.85,1076733,0.0,0.0
2011-08-02 00:00:00+08:00,47.56,47.85,46.6,46.65,882160,0.0,0.0
2011-08-03 00:00:00+08:00,46.12,46.12,45.02,45.11,1648748,0.0,0.0
2011-08-04 00:00:00+08:00,45.16,45.35,44.49,45.21,1533174,0.0,0.0
2011-08-05 00:00:00+08:00,42.14,44.63,42.09,43.24,1872579,0.0,0.0
2011-08-08 00:00:00+08:00,43.05,43.05,40.21,40.36,3565216,0.0,0.0
2011-08-09 00:00:00+08:00,38.68,40.36,38.2,39.73,3743697,0.0,0.0
2011-08-10 00:00:00+08:00,42.28,42.28,40.79,41.99,4116750,0.0,0.0
2011-08-11 00:00:00+08:00,41.7,42.28,40.6,41.9,1931098,0.0,0.0
2011-08-12 00:00:00+08:00,42.9,42.9,41.61,41.94,2040819,0.0,0.0
2011-08-15 00:00:00+08:00,42.52,44.68,42.52,44.2,1135251,0.0,0.0
2011-08-16 00:00:00+08:00,44.2,44.35,42.81,43.96,958234,0.0,0.0
2011-08-17 00:00:00+08:00,44.2,44.63,43.34,43.58,902642,0.0,0.0
2011-08-18 00:00:00+08:00,43.58,43.67,42.62,42.66,2498723,0.0,0.0
2011-08-19 00:00:00+08:00,42.28,42.28,41.27,41.75,1950116,0.0,0.0
2011-08-22 00:00:00+08:00,41.8,41.85,39.49,40.17,2721092,0.0,0.0
2011-08-23 00:00:00+08:00,40.17,41.7,39.69,41.22,1615100,0.0,0.0
2011-08-24 00:00:00+08:00,41.56,41.56,39.01,39.06,3145349,0.0,0.0
2011-08-25 00:00:00+08:00,39.4,39.49,37.62,37.72,3810992,0.0,0.0
2011-08-26 00:00:00+08:00,37.72,39.01,37.72,38.68,2067152,0.0,0.0
2011-08-29 00:00:00+08:00,38.15,39.54,38.05,39.11,1830154,0.0,0.0
2011-08-30 00:00:00+08:00,39.16,40.17,38.82,40.07,1673618,0.0,0.0
2011-08-31 00:00:00+08:00,40.12,40.12,39.44,40.12,596884,0.0,0.0
2011-09-01 00:00:00+08:00,40.21,41.32,39.64,40.6,3329681,0.0,0.0
2011-09-02 00:00:00+08:00,40.6,41.03,40.17,40.84,757809,0.0,0.0
2011-09-05 00:00:00+08:00,39.64,39.69,38.24,38.29,2508964,0.0,0.0
2011-09-06 00:00:00+08:00,38.29,38.96,38.0,38.39,1645822,0.0,0.0
2011-09-07 00:00:00+08:00,39.4,39.49,38.92,39.49,772439,0.0,0.0
2011-09-08 00:00:00+08:00,40.45,40.55,39.25,39.73,811938,0.0,0.0
2011-09-09 00:00:00+08:00,40.07,40.07,39.06,39.59,807550,0.0,0.0
2011-09-13 00:00:00+08:00,38.68,39.16,38.34,38.39,1204010,0.0,0.0
2011-09-14 00:00:00+08:00,38.48,38.58,37.96,37.96,2570408,0.0,0.0
2011-09-15 00:00:00+08:00,38.92,39.11,38.44,39.06,860216,0.0,0.0
2011-09-16 00:00:00+08:00,39.35,40.31,39.35,40.07,1372250,0.0,0.0
2011-09-19 00:00:00+08:00,39.44,39.88,39.4,39.64,358423,0.0,0.0
2011-09-20 00:00:00+08:00,39.16,39.97,39.16,39.64,1013826,0.0,0.0
2011-09-21 00:00:00+08:00,39.88,41.46,39.4,40.93,1392731,0.0,0.0
2011-09-22 00:00:00+08:00,40.31,40.31,39.3,39.35,1328361,0.0,0.0
2011-09-23 00:00:00+08:00,37.76,38.82,37.76,37.96,1907690,0.0,0.0
2011-09-26 00:00:00+08:00,37.09,37.14,37.09,37.14,3029775,0.0,0.0
2011-09-27 00:00:00+08:00,37.33,38.44,37.33,38.34,833883,0.0,0.0
2011-09-28 00:00:00+08:00,39.01,39.49,38.72,39.01,1072344,0.0,0.0
2011-09-29 00:00:00+08:00,38.68,39.2,38.48,38.92,806087,0.0,0.0
2011-09-30 00:00:00+08:00,38.92,39.16,38.72,39.11,868994,0.0,0.0
2011-10-03 00:00:00+08:00,38.87,38.87,37.76,38.0,683199,0.0,0.0
2011-10-04 00:00:00+08:00,38.34,39.06,37.72,39.06,504718,0.0,0.0
2011-10-05 00:00:00+08:00,39.4,39.59,38.72,39.2,953845,0.0,0.0
2011-10-06 00:00:00+08:00,39.64,39.78,38.39,38.58,1694099,0.0,0.0
2011-10-07 00:00:00+08:00,38.96,39.16,38.96,39.16,3775881,0.0,0.0
2011-10-11 00:00:00+08:00,39.93,40.17,39.25,39.78,2089097,0.0,0.0
2011-10-12 00:00:00+08:00,39.59,39.78,39.2,39.4,631995,0.0,0.0
2011-10-13 00:00:00+08:00,39.54,39.69,38.58,39.01,1890135,0.0,0.0
2011-10-14 00:00:00+08:00,39.16,39.16,38.63,39.11,825105,0.0,0.0
2011-10-17 00:00:00+08:00,39.35,39.54,38.72,39.11,945067,0.0,0.0
2011-10-18 00:00:00+08:00,38.48,38.92,37.76,38.15,921660,0.0,0.0
2011-10-19 00:00:00+08:00,38.29,38.48,38.05,38.24,465219,0.0,0.0
2011-10-20 00:00:00+08:00,38.68,38.68,38.05,38.05,503255,0.0,0.0
2011-10-21 00:00:00+08:00,38.15,38.34,37.96,37.96,329164,0.0,0.0
2011-10-24 00:00:00+08:00,38.82,39.44,38.82,39.06,792920,0.0,0.0
2011-10-25 00:00:00+08:00,39.35,39.35,38.96,39.25,535440,0.0,0.0
2011-10-26 00:00:00+08:00,39.06,39.2,38.72,39.2,386219,0.0,0.0
2011-10-27 00:00:00+08:00,39.2,39.3,38.92,39.01,223831,0.0,0.0
2011-10-28 00:00:00+08:00,39.59,39.69,38.96,39.3,1404434,0.0,0.0
2011-10-31 00:00:00+08:00,39.3,39.69,39.2,39.59,471070,0.0,0.0
2011-11-01 00:00:00+08:00,39.59,40.26,39.3,39.78,883623,0.0,0.0
2011-11-02 00:00:00+08:00,39.59,39.64,39.01,39.49,566162,0.0,0.0
2011-11-03 00:00:00+08:00,39.49,39.49,38.68,38.96,753420,0.0,0.0
2011-11-04 00:00:00+08:00,39.4,39.4,39.01,39.01,931901,0.0,0.0
2011-11-07 00:00:00+08:00,38.92,39.64,38.87,39.64,785605,0.0,0.0
2011-11-08 00:00:00+08:00,39.59,40.07,39.49,39.69,766587,0.0,0.0
2011-11-09 00:00:00+08:00,39.88,40.12,39.78,39.78,604199,0.0,0.0
2011-11-10 00:00:00+08:00,39.64,39.64,38.44,38.77,579329,0.0,0.0
2011-11-11 00:00:00+08:00,39.06,39.64,38.53,39.54,422793,0.0,0.0
2011-11-14 00:00:00+08:00,40.36,40.36,39.64,39.69,422793,0.0,0.0
2011-11-15 00:00:00+08:00,40.31,40.31,39.44,39.69,358423,0.0,0.0
2011-11-16 00:00:00+08:00,39.49,39.69,38.68,39.4,1028456,0.0,0.0
2011-11-17 00:00:00+08:00,38.72,39.3,38.68,39.01,346719,0.0,0.0
2011-11-18 00:00:00+08:00,38.44,38.92,38.44,38.58,710995,0.0,0.0
2011-11-21 00:00:00+08:00,38.34,38.72,37.86,38.39,991882,0.0,0.0
2011-11-22 00:00:00+08:00,38.92,38.92,37.96,38.29,651014,0.0,0.0
2011-11-23 00:00:00+08:00,38.44,38.44,37.47,37.76,959697,0.0,0.0
2011-11-24 00:00:00+08:00,37.76,38.63,37.76,38.29,1069418,0.0,0.0
2011-11-25 00:00:00+08:00,38.44,39.2,38.05,38.53,741717,0.0,0.0
2011-11-28 00:00:00+08:00,38.53,39.4,38.53,38.92,871920,0.0,0.0
2011-11-29 00:00:00+08:00,39.01,39.88,38.68,39.69,1151344,0.0,0.0
2011-11-30 00:00:00+08:00,39.88,39.88,38.96,39.64,1028456,0.0,0.0
2011-12-01 00:00:00+08:00,40.17,41.7,39.97,41.41,2169559,0.0,0.0
2011-12-02 00:00:00+08:00,41.32,41.75,40.79,41.32,1395657,0.0,0.0
2011-12-05 00:00:00+08:00,41.17,41.32,40.45,41.32,276498,0.0,0.0
2011-12-06 00:00:00+08:00,41.32,41.56,40.79,41.27,484237,0.0,0.0
2011-12-07 00:00:00+08:00,41.27,41.56,40.93,40.98,1098677,0.0,0.0
2011-12-08 00:00:00+08:00,41.08,41.08,39.4,40.41,760735,0.0,0.0
2011-12-09 00:00:00+08:00,39.97,39.97,38.77,38.96,950919,0.0,0.0
2011-12-12 00:00:00+08:00,39.25,39.73,39.25,39.64,365738,0.0,0.0
2011-12-13 00:00:00+08:00,39.01,39.73,39.01,39.64,235535,0.0,0.0
2011-12-14 00:00:00+08:00,39.59,40.36,39.4,40.36,457904,0.0,0.0
2011-12-15 00:00:00+08:00,39.49,39.49,38.58,38.58,908493,0.0,0.0
2011-12-16 00:00:00+08:00,38.92,39.16,38.58,38.96,393534,0.0,0.0
2011-12-19 00:00:00+08:00,39.06,39.06,38.44,38.72,680273,0.0,0.0
2011-12-20 00:00:00+08:00,38.72,39.11,38.29,38.53,449126,0.0,0.0
2011-12-21 00:00:00+08:00,39.54,39.78,38.87,39.54,1230343,0.0,0.0
2011-12-22 00:00:00+08:00,38.87,39.4,38.24,38.44,1028456,0.0,0.0
2011-12-23 00:00:00+08:00,38.44,39.73,38.44,39.4,1833080,0.0,0.0
2011-12-26 00:00:00+08:00,40.12,40.12,39.01,39.3,449126,0.0,0.0
2011-12-27 00:00:00+08:00,39.83,39.83,38.92,39.44,1152807,0.0,0.0
2011-12-28 00:00:00+08:00,39.64,40.12,39.3,39.64,1263991,0.0,0.0
2011-12-29 00:00:00+08:00,39.64,40.07,38.92,39.88,981641,0.0,0.0
2011-12-30 00:00:00+08:00,39.88,40.31,39.73,40.26,845586,0.0,0.0
2012-01-02 00:00:00+08:00,40.26,40.26,40.26,40.26,0,0.0,0.0
2012-01-06 00:00:00+08:00,40.36,40.36,39.69,39.97,457904,0.0,0.0
2012-01-09 00:00:00+08:00,39.97,40.36,39.64,40.02,664180,0.0,0.0
2012-01-10 00:00:00+08:00,40.07,41.03,40.02,40.79,1063566,0.0,0.0
2012-01-11 00:00:00+08:00,41.08,41.13,40.89,41.03,732939,0.0,0.0
2012-01-12 00:00:00+08:00,41.22,41.22,40.6,41.03,427182,0.0,0.0
2012-01-13 00:00:00+08:00,41.08,41.41,40.98,41.08,911419,0.0,0.0
2012-01-16 00:00:00+08:00,41.27,41.32,40.45,40.84,400849,0.0,0.0
2012-01-17 00:00:00+08:00,41.08,41.41,40.74,41.32,749031,0.0,0.0
2012-01-18 00:00:00+08:00,41.32,41.32,40.26,41.22,877771,0.0,0.0
2012-01-30 00:00:00+08:00,41.8,43.48,41.41,43.38,2210522,0.0,0.0
2012-01-31 00:00:00+08:00,43.24,43.24,42.28,43.05,1878431,0.0,0.0
2012-02-01 00:00:00+08:00,43.24,43.43,42.9,43.43,1029918,0.0,0.0
2012-02-02 00:00:00+08:00,43.72,43.72,42.9,43.24,811938,0.0,0.0
2012-02-03 00:00:00+08:00,43.24,43.34,42.86,42.86,810476,0.0,0.0
2012-02-06 00:00:00+08:00,42.86,43.48,42.57,43.24,1214251,0.0,0.0
2012-02-07 00:00:00+08:00,43.14,44.25,43.14,44.01,1616563,0.0,0.0
2012-02-08 00:00:00+08:00,44.01,44.25,43.77,44.15,1073807,0.0,0.0
2012-02-09 00:00:00+08:00,44.15,44.2,43.72,44.2,789994,0.0,0.0
2012-02-10 00:00:00+08:00,44.68,44.92,44.2,44.92,1389805,0.0,0.0
2012-02-13 00:00:00+08:00,44.92,45.16,44.92,44.97,964086,0.0,0.0
2012-02-14 00:00:00+08:00,44.63,44.63,43.72,44.01,656865,0.0,0.0
2012-02-15 00:00:00+08:00,44.06,44.49,44.06,44.39,880697,0.0,0.0
2012-02-16 00:00:00+08:00,44.59,44.68,44.11,44.39,557385,0.0,0.0
2012-02-17 00:00:00+08:00,44.68,45.64,44.11,44.2,1310805,0.0,0.0
2012-02-20 00:00:00+08:00,44.87,44.92,44.2,44.25,539829,0.0,0.0
2012-02-21 00:00:00+08:00,44.68,45.35,44.63,45.35,927512,0.0,0.0
2012-02-22 00:00:00+08:00,44.68,45.64,44.68,45.55,813401,0.0,0.0
2012-02-23 00:00:00+08:00,45.4,45.4,44.2,44.2,1170362,0.0,0.0
2012-02-24 00:00:00+08:00,44.92,45.21,44.3,45.21,532514,0.0,0.0
2012-02-29 00:00:00+08:00,45.59,47.56,45.4,47.56,2767907,0.0,0.0
2012-03-01 00:00:00+08:00,47.42,47.8,47.32,47.56,1350305,0.0,0.0
2012-03-02 00:00:00+08:00,47.66,47.76,46.84,47.37,1078196,0.0,0.0
2012-03-05 00:00:00+08:00,46.75,47.32,46.7,47.28,987493,0.0,0.0
2012-03-06 00:00:00+08:00,47.37,47.42,45.16,45.83,1499526,0.0,0.0
2012-03-07 00:00:00+08:00,45.64,46.36,45.16,45.64,1555119,0.0,0.0
2012-03-08 00:00:00+08:00,45.35,46.07,45.26,46.03,1149881,0.0,0.0
2012-03-09 00:00:00+08:00,46.03,46.03,45.21,45.79,1154270,0.0,0.0
2012-03-12 00:00:00+08:00,45.59,45.59,44.87,44.87,1018215,0.0,0.0
2012-03-13 00:00:00+08:00,45.64,45.64,44.68,45.16,1637044,0.0,0.0
2012-03-14 00:00:00+08:00,45.5,46.8,45.5,46.41,1461490,0.0,0.0
2012-03-15 00:00:00+08:00,46.84,46.84,45.88,46.12,728550,0.0,0.0
2012-03-16 00:00:00+08:00,46.41,46.7,46.07,46.12,904105,0.0,0.0
2012-03-19 00:00:00+08:00,46.7,47.08,46.17,46.51,860216,0.0,0.0
2012-03-20 00:00:00+08:00,46.94,46.99,46.56,46.65,1022604,0.0,0.0
2012-03-21 00:00:00+08:00,46.65,47.32,46.65,46.8,1022604,0.0,0.0
2012-03-22 00:00:00+08:00,46.8,47.32,46.8,47.18,981641,0.0,0.0
2012-03-23 00:00:00+08:00,47.23,47.56,46.99,47.56,708069,0.0,0.0
2012-03-26 00:00:00+08:00,47.56,47.56,46.75,47.18,844123,0.0,0.0
2012-03-27 00:00:00+08:00,47.52,48.29,47.18,47.8,1676544,0.0,0.0
2012-03-28 00:00:00+08:00,48.04,49.49,47.76,48.29,1615100,0.0,0.0
2012-03-29 00:00:00+08:00,48.29,48.29,46.65,47.56,1539026,0.0,0.0
2012-03-30 00:00:00+08:00,48.04,49.25,47.85,49.25,2014486,0.0,0.0
2012-04-02 00:00:00+08:00,49.01,49.01,47.42,47.85,830957,0.0,0.0
2012-04-03 00:00:00+08:00,48.53,48.53,46.41,46.84,1063566,0.0,0.0
2012-04-05 00:00:00+08:00,45.64,47.08,45.64,46.03,1190843,0.0,0.0
2012-04-06 00:00:00+08:00,46.17,46.56,45.79,46.32,813401,0.0,0.0
2012-04-09 00:00:00+08:00,45.31,46.36,45.16,46.36,488626,0.0,0.0
2012-04-10 00:00:00+08:00,47.18,47.71,46.84,47.61,1692636,0.0,0.0
2012-04-11 00:00:00+08:00,47.37,47.61,46.7,47.56,832420,0.0,0.0
2012-04-12 00:00:00+08:00,47.04,47.18,46.36,47.08,1239121,0.0,0.0
2012-04-13 00:00:00+08:00,47.32,48.29,47.23,47.8,1214251,0.0,0.0
2012-04-16 00:00:00+08:00,47.8,48.29,47.37,48.29,1174751,0.0,0.0
2012-04-17 00:00:00+08:00,48.04,48.29,47.08,47.32,871920,0.0,0.0
2012-04-18 00:00:00+08:00,47.8,47.9,47.18,47.42,501792,0.0,0.0
2012-04-19 00:00:00+08:00,47.95,48.77,47.52,48.53,1446860,0.0,0.0
2012-04-20 00:00:00+08:00,48.77,50.69,48.53,49.97,2298299,0.0,0.0
2012-04-23 00:00:00+08:00,50.21,50.93,47.8,47.85,1010900,0.0,0.0
2012-04-24 00:00:00+08:00,47.61,48.53,47.52,47.8,541292,0.0,0.0
2012-04-25 00:00:00+08:00,48.77,49.49,47.9,48.77,1202547,0.0,0.0
2012-04-26 00:00:00+08:00,49.01,49.25,48.04,48.77,383293,0.0,0.0
2012-04-27 00:00:00+08:00,49.49,49.49,47.85,48.29,721235,0.0,0.0
2012-04-30 00:00:00+08:00,47.56,48.0,47.04,47.66,895327,0.0,0.0
2012-05-02 00:00:00+08:00,48.29,50.69,48.04,50.21,1913542,0.0,0.0
2012-05-03 00:00:00+08:00,50.21,50.21,48.29,49.01,1255213,0.0,0.0
2012-05-04 00:00:00+08:00,49.01,49.97,48.53,49.73,791457,0.0,0.0
2012-05-07 00:00:00+08:00,48.53,49.01,47.95,48.53,899716,0.0,0.0
2012-05-08 00:00:00+08:00,48.77,48.77,47.8,48.04,264794,0.0,0.0
2012-05-09 00:00:00+08:00,47.85,48.0,47.37,47.42,706606,0.0,0.0
2012-05-10 00:00:00+08:00,47.42,47.8,47.08,47.13,503255,0.0,0.0
2012-05-11 00:00:00+08:00,47.23,47.9,46.27,47.28,1182066,0.0,0.0
2012-05-14 00:00:00+08:00,47.61,47.61,46.36,46.6,441811,0.0,0.0
2012-05-15 00:00:00+08:00,46.36,47.52,45.98,47.32,649551,0.0,0.0
2012-05-16 00:00:00+08:00,47.56,47.71,47.08,47.42,1105992,0.0,0.0
2012-05-17 00:00:00+08:00,47.9,49.25,47.52,49.25,1480508,0.0,0.0
2012-05-18 00:00:00+08:00,48.04,48.29,47.56,47.8,779754,0.0,0.0
2012-05-21 00:00:00+08:00,48.53,49.01,47.56,47.76,430108,0.0,0.0
2012-05-22 00:00:00+08:00,48.77,48.77,48.0,48.29,577866,0.0,0.0
2012-05-23 00:00:00+08:00,48.29,48.53,47.8,48.53,1408823,0.0,0.0
2012-05-24 00:00:00+08:00,48.29,48.53,48.0,48.29,751957,0.0,0.0
2012-05-25 00:00:00+08:00,48.0,48.29,47.95,48.04,693439,0.0,0.0
2012-05-28 00:00:00+08:00,48.0,48.04,47.13,47.9,409626,0.0,0.0
2012-05-29 00:00:00+08:00,48.29,48.29,47.66,48.29,732939,0.0,0.0
2012-05-30 00:00:00+08:00,48.29,48.77,47.32,48.29,1790654,0.0,0.0
2012-05-31 00:00:00+08:00,48.0,49.01,47.56,49.01,1332750,0.0,0.0
2012-06-01 00:00:00+08:00,48.04,48.29,47.66,48.04,835346,0.0,0.0
2012-06-04 00:00:00+08:00,47.23,48.29,47.23,47.9,668569,0.0,0.0
2012-06-05 00:00:00+08:00,48.29,48.53,47.66,47.85,386219,0.0,0.0
2012-06-06 00:00:00+08:00,48.04,48.29,47.66,47.66,1025530,0.0,0.0
2012-06-07 00:00:00+08:00,48.04,48.53,47.95,48.53,1142566,0.0,0.0
2012-06-08 00:00:00+08:00,47.66,48.04,47.47,48.0,662717,0.0,0.0
2012-06-11 00:00:00+08:00,48.04,48.29,47.85,47.95,684662,0.0,0.0
2012-06-12 00:00:00+08:00,47.56,48.04,47.47,48.04,583718,0.0,0.0
2012-06-13 00:00:00+08:00,47.61,48.0,47.37,47.76,608588,0.0,0.0
2012-06-14 00:00:00+08:00,47.76,47.85,46.84,46.84,901179,0.0,0.0
2012-06-15 00:00:00+08:00,47.66,47.66,45.64,45.64,2604056,0.0,0.0
2012-06-18 00:00:00+08:00,47.08,48.29,47.08,48.04,1500989,0.0,0.0
2012-06-19 00:00:00+08:00,47.9,48.04,47.37,47.85,1067955,0.0,0.0
2012-06-20 00:00:00+08:00,48.04,48.04,47.32,48.04,975789,0.0,0.0
2012-06-21 00:00:00+08:00,47.95,47.95,47.52,47.8,465219,0.0,0.0
2012-06-22 00:00:00+08:00,47.32,47.76,46.84,46.84,716847,0.0,0.0
2012-06-25 00:00:00+08:00,46.84,46.84,46.17,46.56,787068,0.0,0.0
2012-06-26 00:00:00+08:00,46.84,47.56,46.7,47.52,686125,0.0,0.0
2012-06-27 00:00:00+08:00,48.04,48.04,47.08,47.42,375978,0.0,0.0
2012-06-28 00:00:00+08:00,47.08,47.56,46.84,46.84,526663,0.0,0.0
2012-06-29 00:00:00+08:00,46.6,47.56,46.6,47.37,542755,0.0,0.0
2012-07-02 00:00:00+08:00,47.37,47.76,47.04,47.56,257479,0.0,0.0
2012-07-03 00:00:00+08:00,47.56,48.29,47.56,48.04,626143,0.0,0.0
2012-07-04 00:00:00+08:00,48.53,49.01,47.8,48.77,825105,0.0,0.0
2012-07-05 00:00:00+08:00,48.77,49.49,48.77,49.25,507644,0.0,0.0
2012-07-06 00:00:00+08:00,49.01,49.73,48.53,49.49,1035770,0.0,0.0
2012-07-09 00:00:00+08:00,49.73,49.97,49.25,49.97,730013,0.0,0.0
2012-07-10 00:00:00+08:00,49.97,50.21,48.53,49.25,1256676,0.0,0.0
2012-07-11 00:00:00+08:00,49.01,49.49,48.77,49.25,354034,0.0,0.0
2012-07-12 00:00:00+08:00,49.73,49.73,48.53,49.25,449126,0.0,0.0
2012-07-13 00:00:00+08:00,49.49,51.41,48.77,51.41,1682396,0.0,0.0
2012-07-16 00:00:00+08:00,51.41,51.89,51.41,51.65,2424113,0.0,0.0
2012-07-17 00:00:00+08:00,51.65,51.89,50.93,51.17,1471730,0.0,0.0
2012-07-18 00:00:00+08:00,51.41,51.41,50.45,50.93,950919,0.0,0.0
2012-07-19 00:00:00+08:00,52.35,53.13,52.09,53.13,1056252,4.96,0.0
2012-07-20 00:00:00+08:00,53.64,53.9,52.61,53.64,557385,0.0,0.0
2012-07-23 00:00:00+08:00,53.64,53.9,52.61,53.9,1073807,0.0,0.0
2012-07-24 00:00:00+08:00,53.38,53.9,52.87,53.64,359886,0.0,0.0
2012-07-25 00:00:00+08:00,53.64,54.67,53.13,53.9,915808,0.0,0.0
2012-07-26 00:00:00+08:00,53.9,54.42,53.64,53.9,453515,0.0,0.0
2012-07-27 00:00:00+08:00,54.42,54.67,53.64,54.16,627606,0.0,0.0
2012-07-30 00:00:00+08:00,54.42,54.67,53.9,54.67,709532,0.0,0.0
2012-07-31 00:00:00+08:00,54.42,54.93,53.9,54.93,684662,0.0,0.0
2012-08-01 00:00:00+08:00,54.42,55.19,53.9,54.93,1015289,0.0,0.0
2012-08-02 00:00:00+08:00,54.93,54.93,54.93,54.93,0,0.0,0.0
2012-08-03 00:00:00+08:00,54.42,55.45,54.42,55.45,1291787,0.0,0.0
2012-08-06 00:00:00+08:00,55.45,56.48,54.42,54.93,743180,0.0,0.0
2012-08-07 00:00:00+08:00,54.93,54.93,54.16,54.67,473996,0.0,0.0
2012-08-08 00:00:00+08:00,54.67,55.7,54.42,55.19,914345,0.0,0.0
2012-08-09 00:00:00+08:00,54.93,55.45,54.42,54.93,947993,0.0,0.0
2012-08-10 00:00:00+08:00,54.16,54.93,53.64,54.16,1135251,0.0,0.0
2012-08-13 00:00:00+08:00,54.16,54.16,52.87,53.64,525200,0.0,0.0
2012-08-14 00:00:00+08:00,53.64,54.93,53.38,54.16,686125,0.0,0.0
2012-08-15 00:00:00+08:00,53.9,54.16,53.38,53.9,466682,0.0,0.0
2012-08-16 00:00:00+08:00,54.42,54.67,53.64,53.64,671495,0.0,0.0
2012-08-17 00:00:00+08:00,54.16,54.67,53.9,54.16,1002122,0.0,0.0
2012-08-20 00:00:00+08:00,54.16,54.93,53.9,53.9,422793,0.0,0.0
2012-08-21 00:00:00+08:00,53.9,54.93,53.9,54.16,697828,0.0,0.0
2012-08-22 00:00:00+08:00,54.16,54.67,53.38,53.9,665643,0.0,0.0
2012-08-23 00:00:00+08:00,54.16,54.42,53.64,54.16,241387,0.0,0.0
2012-08-24 00:00:00+08:00,54.16,54.16,53.64,53.9,131665,0.0,0.0
2012-08-27 00:00:00+08:00,53.9,54.16,52.61,53.13,478385,0.0,0.0
2012-08-28 00:00:00+08:00,53.13,53.9,52.61,52.87,1141103,0.0,0.0
2012-08-29 00:00:00+08:00,53.13,53.9,52.61,52.87,888012,0.0,0.0
2012-08-30 00:00:00+08:00,53.13,53.64,52.87,53.13,1164510,0.0,0.0
2012-08-31 00:00:00+08:00,53.64,53.64,52.87,53.64,890938,0.0,0.0
2012-09-03 00:00:00+08:00,53.64,53.64,53.13,53.38,566162,0.0,0.0
2012-09-04 00:00:00+08:00,53.38,53.38,52.87,52.87,725624,0.0,0.0
2012-09-05 00:00:00+08:00,52.61,52.61,51.42,51.58,1035770,0.0,0.0
2012-09-06 00:00:00+08:00,51.84,52.09,51.32,51.84,792920,0.0,0.0
2012-09-07 00:00:00+08:00,52.87,53.13,52.35,53.13,516422,0.0,0.0
2012-09-10 00:00:00+08:00,53.64,54.16,53.13,53.64,545681,0.0,0.0
2012-09-11 00:00:00+08:00,53.9,55.96,53.64,55.7,1808210,0.0,0.0
2012-09-12 00:00:00+08:00,55.96,56.22,55.19,55.7,580792,0.0,0.0
2012-09-13 00:00:00+08:00,55.7,55.96,55.19,55.7,623218,0.0,0.0
2012-09-14 00:00:00+08:00,55.96,56.22,54.42,54.67,823642,0.0,0.0
2012-09-17 00:00:00+08:00,54.67,54.93,54.16,54.42,276498,0.0,0.0
2012-09-18 00:00:00+08:00,53.9,54.67,53.64,54.67,645162,0.0,0.0
2012-09-19 00:00:00+08:00,54.67,54.67,53.9,54.16,870457,0.0,0.0
2012-09-20 00:00:00+08:00,53.64,54.16,53.64,53.9,471070,0.0,0.0
2012-09-21 00:00:00+08:00,54.93,54.93,53.9,54.42,1006511,0.0,0.0
2012-09-24 00:00:00+08:00,54.67,54.67,53.9,54.16,367201,0.0,0.0
2012-09-25 00:00:00+08:00,54.42,55.19,54.42,54.93,912882,0.0,0.0
2012-09-26 00:00:00+08:00,54.93,55.45,54.42,54.67,1069418,0.0,0.0
2012-09-27 00:00:00+08:00,54.93,55.19,54.42,54.42,554459,0.0,0.0
2012-09-28 00:00:00+08:00,54.42,55.19,54.42,55.19,1465879,0.0,0.0
2012-10-01 00:00:00+08:00,55.19,55.45,54.42,54.67,364275,0.0,0.0
2012-10-02 00:00:00+08:00,55.19,55.19,54.42,54.67,1568285,0.0,0.0
2012-10-03 00:00:00+08:00,54.93,55.45,54.67,55.45,435960,0.0,0.0
2012-10-04 00:00:00+08:00,55.45,56.48,55.19,56.48,716847,0.0,0.0
2012-10-05 00:00:00+08:00,56.74,57.25,55.7,55.96,630532,0.0,0.0
2012-10-08 00:00:00+08:00,55.7,56.48,54.93,56.48,286738,0.0,0.0
2012-10-09 00:00:00+08:00,56.48,57.51,55.7,57.51,950919,0.0,0.0
2012-10-11 00:00:00+08:00,56.99,57.77,56.22,57.77,785605,0.0,0.0
2012-10-12 00:00:00+08:00,57.77,57.77,56.22,57.25,674421,0.0,0.0
2012-10-15 00:00:00+08:00,56.22,58.28,55.96,57.77,433034,0.0,0.0
2012-10-16 00:00:00+08:00,56.99,61.64,56.99,60.35,1638507,0.0,0.0
2012-10-17 00:00:00+08:00,59.83,59.83,56.99,57.25,1114770,0.0,0.0
2012-10-18 00:00:00+08:00,57.25,57.77,55.7,56.74,664180,0.0,0.0
2012-10-19 00:00:00+08:00,56.74,57.25,56.22,57.25,299905,0.0,0.0
2012-10-22 00:00:00+08:00,56.22,57.25,55.96,56.99,156535,0.0,0.0
2012-10-23 00:00:00+08:00,56.99,57.51,55.45,55.7,408163,0.0,0.0
2012-10-24 00:00:00+08:00,55.19,55.19,52.61,52.61,1560970,0.0,0.0
2012-10-25 00:00:00+08:00,53.13,54.67,53.13,54.67,905567,0.0,0.0
2012-10-26 00:00:00+08:00,54.67,54.93,53.64,54.42,528126,0.0,0.0
2012-10-29 00:00:00+08:00,53.13,53.9,52.87,52.87,223831,0.0,0.0
2012-10-30 00:00:00+08:00,52.87,53.64,51.53,53.13,643699,0.0,0.0
2012-10-31 00:00:00+08:00,52.61,52.87,51.58,52.09,766587,0.0,0.0
2012-11-01 00:00:00+08:00,52.09,55.45,51.58,54.93,1657525,0.0,0.0
2012-11-02 00:00:00+08:00,55.45,56.48,54.16,56.22,899716,0.0,0.0
2012-11-05 00:00:00+08:00,55.45,55.96,54.67,55.96,349645,0.0,0.0
2012-11-06 00:00:00+08:00,56.22,56.22,55.19,55.96,172628,0.0,0.0
2012-11-07 00:00:00+08:00,56.22,56.22,55.45,55.96,380367,0.0,0.0
2012-11-08 00:00:00+08:00,55.7,56.22,54.67,56.22,779754,0.0,0.0
2012-11-09 00:00:00+08:00,56.22,58.03,55.19,56.74,633458,0.0,0.0
2012-11-12 00:00:00+08:00,57.77,58.03,57.51,57.77,384756,0.0,0.0
2012-11-13 00:00:00+08:00,57.25,57.77,55.45,57.25,918734,0.0,0.0
2012-11-14 00:00:00+08:00,56.74,56.74,55.7,55.96,598347,0.0,0.0
2012-11-15 00:00:00+08:00,55.7,56.22,54.42,56.22,770976,0.0,0.0
2012-11-16 00:00:00+08:00,56.22,56.22,54.93,55.19,346719,0.0,0.0
2012-11-19 00:00:00+08:00,54.93,56.22,54.93,56.22,324775,0.0,0.0
2012-11-20 00:00:00+08:00,55.7,55.7,54.67,54.67,228220,0.0,0.0
2012-11-21 00:00:00+08:00,54.67,56.22,54.67,55.96,975789,0.0,0.0
2012-11-22 00:00:00+08:00,55.96,56.22,54.93,55.19,333553,0.0,0.0
2012-11-23 00:00:00+08:00,55.7,56.22,55.19,56.22,441811,0.0,0.0
2012-11-26 00:00:00+08:00,55.7,56.48,55.7,56.22,563236,0.0,0.0
2012-11-27 00:00:00+08:00,55.7,56.48,55.7,56.22,409626,0.0,0.0
2012-11-28 00:00:00+08:00,55.7,55.96,54.67,55.19,678810,0.0,0.0
2012-11-29 00:00:00+08:00,55.7,56.22,55.45,56.22,898253,0.0,0.0
2012-11-30 00:00:00+08:00,56.22,56.48,54.67,55.96,1512693,0.0,0.0
2012-12-03 00:00:00+08:00,55.96,56.48,55.45,56.22,811938,0.0,0.0
2012-12-04 00:00:00+08:00,55.45,56.22,55.45,56.22,447663,0.0,0.0
2012-12-05 00:00:00+08:00,56.22,56.74,55.7,56.74,509107,0.0,0.0
2012-12-06 00:00:00+08:00,56.74,57.51,56.48,57.25,608588,0.0,0.0
2012-12-07 00:00:00+08:00,57.25,57.77,56.48,56.74,604199,0.0,0.0
2012-12-10 00:00:00+08:00,56.74,57.77,56.48,56.99,680273,0.0,0.0
2012-12-11 00:00:00+08:00,56.99,58.54,56.99,58.28,972863,0.0,0.0
2012-12-12 00:00:00+08:00,59.06,61.64,59.06,59.83,1342990,0.0,0.0
2012-12-13 00:00:00+08:00,59.57,59.57,58.8,59.06,895327,0.0,0.0
2012-12-14 00:00:00+08:00,59.06,59.57,58.54,59.32,886549,0.0,0.0
2012-12-17 00:00:00+08:00,59.83,59.83,58.54,59.83,835346,0.0,0.0
2012-12-18 00:00:00+08:00,59.06,59.83,58.8,59.83,560311,0.0,0.0
2012-12-19 00:00:00+08:00,60.6,60.6,59.57,60.35,713921,0.0,0.0
2012-12-20 00:00:00+08:00,60.35,60.35,58.54,59.32,747569,0.0,0.0
2012-12-21 00:00:00+08:00,59.32,59.57,56.74,56.74,708069,0.0,0.0
2012-12-24 00:00:00+08:00,58.03,59.32,57.77,59.32,301368,0.0,0.0
2012-12-25 00:00:00+08:00,59.32,60.09,58.8,59.83,257479,0.0,0.0
2012-12-26 00:00:00+08:00,59.57,60.35,59.06,60.35,550070,0.0,0.0
2012-12-27 00:00:00+08:00,60.09,60.86,59.57,60.86,794383,0.0,0.0
2012-12-28 00:00:00+08:00,60.86,63.18,60.35,63.18,2021801,0.0,0.0
2013-01-02 00:00:00+08:00,62.93,63.44,62.41,63.44,564699,0.0,0.0
2013-01-03 00:00:00+08:00,62.93,63.18,61.38,61.89,1489286,0.0,0.0
2013-01-04 00:00:00+08:00,62.67,62.93,61.38,62.93,902642,0.0,0.0
2013-01-07 00:00:00+08:00,62.93,63.44,62.15,62.41,539829,0.0,0.0
2013-01-08 00:00:00+08:00,62.15,62.67,61.64,62.67,223831,0.0,0.0
2013-01-09 00:00:00+08:00,62.93,62.93,61.12,62.15,883623,0.0,0.0
2013-01-10 00:00:00+08:00,62.67,63.18,62.15,62.93,792920,0.0,0.0
2013-01-11 00:00:00+08:00,62.93,62.93,61.64,62.41,623218,0.0,0.0
2013-01-14 00:00:00+08:00,61.89,62.67,61.12,62.41,239924,0.0,0.0
2013-01-15 00:00:00+08:00,62.15,62.41,61.64,62.41,634921,0.0,0.0
2013-01-16 00:00:00+08:00,62.41,62.41,61.38,61.89,466682,0.0,0.0
2013-01-17 00:00:00+08:00,62.41,62.67,61.38,62.15,394997,0.0,0.0
2013-01-18 00:00:00+08:00,62.41,62.41,61.12,61.64,1601933,0.0,0.0
2013-01-21 00:00:00+08:00,61.12,62.41,61.12,61.64,260405,0.0,0.0
2013-01-22 00:00:00+08:00,61.64,62.15,61.38,62.15,1604859,0.0,0.0
2013-01-23 00:00:00+08:00,61.89,62.41,61.89,62.15,498867,0.0,0.0
2013-01-24 00:00:00+08:00,62.15,62.15,61.38,61.89,342331,0.0,0.0
2013-01-25 00:00:00+08:00,61.38,61.64,60.6,61.12,845586,0.0,0.0
2013-01-28 00:00:00+08:00,61.38,61.64,60.86,61.64,318923,0.0,0.0
2013-01-29 00:00:00+08:00,61.89,62.67,61.38,62.67,870457,0.0,0.0
2013-01-30 00:00:00+08:00,62.67,63.96,62.41,63.44,1025530,0.0,0.0
2013-01-31 00:00:00+08:00,63.7,63.7,62.67,63.7,686125,0.0,0.0
2013-02-01 00:00:00+08:00,63.18,64.22,63.18,64.22,697828,0.0,0.0
2013-02-04 00:00:00+08:00,64.47,66.79,64.47,66.54,1145492,0.0,0.0
2013-02-05 00:00:00+08:00,66.28,68.08,66.28,67.57,2876165,0.0,0.0
2013-02-06 00:00:00+08:00,67.57,68.34,66.54,67.31,1419064,0.0,0.0
2013-02-18 00:00:00+08:00,68.08,71.95,66.79,71.44,1917931,0.0,0.0
2013-02-19 00:00:00+08:00,69.89,71.18,68.08,68.6,1154270,0.0,0.0
2013-02-20 00:00:00+08:00,68.86,69.37,67.57,68.08,939215,0.0,0.0
2013-02-21 00:00:00+08:00,68.34,69.37,68.08,69.12,912882,0.0,0.0
2013-02-22 00:00:00+08:00,68.86,69.12,68.08,68.6,791457,0.0,0.0
2013-02-25 00:00:00+08:00,67.31,68.08,66.54,67.31,882160,0.0,0.0
2013-02-26 00:00:00+08:00,67.05,68.34,66.54,68.34,1044548,0.0,0.0
2013-02-27 00:00:00+08:00,68.08,68.08,67.05,68.08,1142566,0.0,0.0
2013-03-01 00:00:00+08:00,67.31,68.08,63.44,64.99,3759789,0.0,0.0
2013-03-04 00:00:00+08:00,64.73,65.25,63.44,64.47,2451909,0.0,0.0
2013-03-05 00:00:00+08:00,65.25,66.28,63.96,66.28,890938,0.0,0.0
2013-03-06 00:00:00+08:00,66.79,67.31,66.02,67.05,1038696,0.0,0.0
2013-03-07 00:00:00+08:00,67.05,67.83,67.05,67.83,967012,0.0,0.0
2013-03-08 00:00:00+08:00,67.57,68.08,66.79,67.31,888012,0.0,0.0
2013-03-11 00:00:00+08:00,67.57,67.83,66.28,66.28,888012,0.0,0.0
2013-03-12 00:00:00+08:00,66.02,67.05,63.96,64.99,1297639,0.0,0.0
2013-03-13 00:00:00+08:00,64.22,66.28,64.22,66.28,645162,0.0,0.0
2013-03-14 00:00:00+08:00,64.22,65.76,64.22,64.73,1095751,0.0,0.0
2013-03-15 00:00:00+08:00,65.25,67.31,64.99,65.76,2168096,0.0,0.0
2013-03-18 00:00:00+08:00,64.22,65.25,63.96,63.96,595421,0.0,0.0
2013-03-19 00:00:00+08:00,64.22,65.25,63.7,64.99,1653137,0.0,0.0
2013-03-20 00:00:00+08:00,64.22,64.22,61.89,62.15,1183529,0.0,0.0
2013-03-21 00:00:00+08:00,62.41,63.7,62.41,62.93,1688247,0.0,0.0
2013-03-22 00:00:00+08:00,62.15,64.99,62.15,64.22,1335676,0.0,0.0
2013-03-25 00:00:00+08:00,64.22,66.02,64.22,65.5,722698,0.0,0.0
2013-03-26 00:00:00+08:00,66.02,66.79,65.5,66.28,1082585,0.0,0.0
2013-03-27 00:00:00+08:00,66.02,66.28,64.73,66.28,817790,0.0,0.0
2013-03-28 00:00:00+08:00,66.54,66.79,65.25,66.79,615903,0.0,0.0
2013-03-29 00:00:00+08:00,66.79,66.79,63.18,63.18,1708729,0.0,0.0
2013-04-01 00:00:00+08:00,64.73,66.02,64.22,66.02,558848,0.0,0.0
2013-04-02 00:00:00+08:00,64.99,66.28,64.99,66.02,416941,0.0,0.0
2013-04-03 00:00:00+08:00,65.5,66.02,65.5,66.02,551533,0.0,0.0
2013-04-08 00:00:00+08:00,64.99,65.5,63.44,63.44,734402,0.0,0.0
2013-04-09 00:00:00+08:00,63.96,66.02,63.44,65.5,1051863,0.0,0.0
2013-04-10 00:00:00+08:00,65.25,66.02,64.47,65.76,690513,0.0,0.0
2013-04-11 00:00:00+08:00,66.02,68.34,64.99,68.34,1129399,0.0,0.0
2013-04-12 00:00:00+08:00,68.34,68.34,66.28,66.54,349645,0.0,0.0
2013-04-15 00:00:00+08:00,66.28,67.57,66.28,67.05,245776,0.0,0.0
2013-04-16 00:00:00+08:00,66.28,67.57,65.76,67.05,433034,0.0,0.0
2013-04-17 00:00:00+08:00,67.05,67.31,65.5,66.79,1051863,0.0,0.0
2013-04-18 00:00:00+08:00,66.02,66.02,64.99,64.99,727087,0.0,0.0
2013-04-19 00:00:00+08:00,65.5,66.28,64.47,65.25,762198,0.0,0.0
2013-04-22 00:00:00+08:00,65.25,66.54,65.25,66.02,359886,0.0,0.0
2013-04-23 00:00:00+08:00,66.79,69.63,66.54,69.37,1641433,0.0,0.0
2013-04-24 00:00:00+08:00,69.63,71.18,69.37,71.18,1657525,0.0,0.0
2013-04-25 00:00:00+08:00,70.66,71.44,69.12,69.63,1146955,0.0,0.0
2013-04-26 00:00:00+08:00,69.63,72.21,69.63,71.95,1019678,0.0,0.0
2013-04-29 00:00:00+08:00,72.21,72.73,70.66,70.92,506181,0.0,0.0
2013-04-30 00:00:00+08:00,70.92,72.73,70.92,72.73,987493,0.0,0.0
2013-05-02 00:00:00+08:00,71.44,73.5,71.44,73.5,1381027,0.0,0.0
2013-05-03 00:00:00+08:00,72.98,73.5,71.69,71.95,907030,0.0,0.0
2013-05-06 00:00:00+08:00,72.47,72.73,71.69,72.21,490089,0.0,0.0
2013-05-07 00:00:00+08:00,72.21,72.21,71.18,71.18,564699,0.0,0.0
2013-05-08 00:00:00+08:00,71.18,72.21,69.63,70.92,1127936,0.0,0.0
2013-05-09 00:00:00+08:00,71.18,71.95,70.92,71.44,473996,0.0,0.0
2013-05-10 00:00:00+08:00,71.44,72.47,71.44,72.21,513496,0.0,0.0
2013-05-13 00:00:00+08:00,72.21,72.73,71.44,71.95,283812,0.0,0.0
2013-05-14 00:00:00+08:00,71.18,72.73,71.18,72.73,715384,0.0,0.0
2013-05-15 00:00:00+08:00,72.73,77.11,72.73,75.82,2029115,0.0,0.0
2013-05-16 00:00:00+08:00,75.3,78.4,74.79,78.14,1893061,0.0,0.0
2013-05-17 00:00:00+08:00,76.85,77.37,75.82,76.59,649551,0.0,0.0
2013-05-20 00:00:00+08:00,76.85,78.92,76.85,78.66,386219,0.0,0.0
2013-05-21 00:00:00+08:00,78.66,79.95,78.66,79.95,670032,0.0,0.0
2013-05-22 00:00:00+08:00,80.98,80.98,78.92,79.95,1249361,0.0,0.0
2013-05-23 00:00:00+08:00,79.95,79.95,78.14,78.4,1961820,0.0,0.0
2013-05-24 00:00:00+08:00,78.14,78.14,75.82,76.59,1065029,0.0,0.0
2013-05-27 00:00:00+08:00,77.37,77.37,76.34,77.11,633458,0.0,0.0
2013-05-28 00:00:00+08:00,77.37,78.92,76.85,78.4,1342990,0.0,0.0
2013-05-29 00:00:00+08:00,78.92,79.69,77.63,79.43,1427842,0.0,0.0
2013-05-30 00:00:00+08:00,79.69,79.69,75.82,76.85,1572674,0.0,0.0
2013-05-31 00:00:00+08:00,77.37,77.88,75.82,75.82,1141103,0.0,0.0
2013-06-03 00:00:00+08:00,74.79,76.34,74.02,75.3,629069,0.0,0.0
2013-06-04 00:00:00+08:00,76.08,76.34,74.79,76.08,564699,0.0,0.0
2013-06-05 00:00:00+08:00,76.59,77.88,75.56,77.88,681736,0.0,0.0
2013-06-06 00:00:00+08:00,75.82,76.59,75.05,76.08,836809,0.0,0.0
2013-06-07 00:00:00+08:00,76.59,78.66,75.3,78.66,1363472,0.0,0.0
2013-06-10 00:00:00+08:00,79.69,79.69,76.85,77.37,1439545,0.0,0.0
2013-06-11 00:00:00+08:00,76.34,76.85,75.3,75.3,825105,0.0,0.0
2013-06-13 00:00:00+08:00,74.27,74.79,73.24,73.24,1285935,0.0,0.0
2013-06-14 00:00:00+08:00,73.76,74.02,72.21,72.21,1761395,0.0,0.0
2013-06-17 00:00:00+08:00,74.02,75.56,72.73,74.79,1002122,0.0,0.0
2013-06-18 00:00:00+08:00,75.82,78.4,75.05,77.11,1493675,0.0,0.0
2013-06-19 00:00:00+08:00,77.37,77.37,75.56,75.82,749031,0.0,0.0
2013-06-20 00:00:00+08:00,75.82,77.88,75.3,75.3,1044548,0.0,0.0
2013-06-21 00:00:00+08:00,75.3,75.3,73.76,75.05,741717,0.0,0.0
2013-06-24 00:00:00+08:00,74.79,78.92,73.76,78.92,1855024,0.0,0.0
2013-06-25 00:00:00+08:00,77.37,78.14,74.79,75.3,1680933,0.0,0.0
2013-06-26 00:00:00+08:00,76.85,76.85,75.3,75.56,1192306,0.0,0.0
2013-06-27 00:00:00+08:00,75.82,76.34,73.5,74.79,1638507,0.0,0.0
2013-06-28 00:00:00+08:00,74.02,74.79,72.73,73.76,1792117,0.0,0.0
2013-07-01 00:00:00+08:00,74.27,76.34,73.24,76.08,1018215,0.0,0.0
2013-07-02 00:00:00+08:00,75.05,76.08,73.76,73.76,820716,0.0,0.0
2013-07-03 00:00:00+08:00,73.76,74.53,69.89,70.4,2860073,0.0,0.0
2013-07-04 00:00:00+08:00,70.66,72.21,69.63,71.44,1468804,0.0,0.0
2013-07-05 00:00:00+08:00,71.44,73.24,71.18,72.21,1416138,0.0,0.0
2013-07-08 00:00:00+08:00,72.21,72.47,69.63,71.18,1086974,0.0,0.0
2013-07-09 00:00:00+08:00,71.18,73.5,71.18,72.73,690513,0.0,0.0
2013-07-10 00:00:00+08:00,72.73,75.82,72.73,73.76,1831617,0.0,0.0
2013-07-11 00:00:00+08:00,74.79,78.4,74.02,77.88,2652334,0.0,0.0
2013-07-12 00:00:00+08:00,77.63,80.98,77.37,80.98,2029115,0.0,0.0
2013-07-15 00:00:00+08:00,82.14,82.41,79.17,81.33,1660451,4.89,0.0
2013-07-16 00:00:00+08:00,79.98,81.33,79.71,79.71,737328,0.0,0.0
2013-07-17 00:00:00+08:00,79.71,84.57,79.17,84.3,1678007,0.0,0.0
2013-07-18 00:00:00+08:00,84.3,84.3,78.63,78.63,2217836,0.0,0.0
2013-07-19 00:00:00+08:00,78.36,79.17,77.01,78.36,1290324,0.0,0.0
2013-07-22 00:00:00+08:00,78.9,81.06,78.36,78.36,608588,0.0,0.0
2013-07-23 00:00:00+08:00,79.17,80.52,78.36,79.71,1066492,0.0,0.0
2013-07-24 00:00:00+08:00,80.52,81.06,78.9,80.25,501792,0.0,0.0
2013-07-25 00:00:00+08:00,81.6,81.6,79.98,80.52,595421,0.0,0.0
2013-07-26 00:00:00+08:00,81.06,81.06,80.25,80.79,336479,0.0,0.0
2013-07-29 00:00:00+08:00,81.06,81.87,79.71,79.71,608588,0.0,0.0
2013-07-30 00:00:00+08:00,79.44,80.79,78.9,80.79,665643,0.0,0.0
2013-07-31 00:00:00+08:00,81.06,81.06,78.36,78.36,402312,0.0,0.0
2013-08-01 00:00:00+08:00,78.9,79.98,78.09,78.36,371590,0.0,0.0
2013-08-02 00:00:00+08:00,78.63,79.44,78.09,78.63,411089,0.0,0.0
2013-08-05 00:00:00+08:00,79.98,80.25,78.36,79.98,542755,0.0,0.0
2013-08-06 00:00:00+08:00,79.44,79.71,77.28,77.55,538366,0.0,0.0
2013-08-07 00:00:00+08:00,77.55,79.71,76.19,78.36,836809,0.0,0.0
2013-08-08 00:00:00+08:00,78.09,78.63,76.73,77.82,689050,0.0,0.0
2013-08-09 00:00:00+08:00,77.82,78.63,76.73,76.73,520811,0.0,0.0
2013-08-12 00:00:00+08:00,77.82,78.09,77.01,77.28,95091,0.0,0.0
2013-08-13 00:00:00+08:00,77.28,79.98,77.28,79.98,598347,0.0,0.0
2013-08-14 00:00:00+08:00,79.98,79.98,78.63,78.9,652477,0.0,0.0
2013-08-15 00:00:00+08:00,78.9,79.44,77.01,78.36,892401,0.0,0.0
2013-08-16 00:00:00+08:00,78.9,81.06,78.36,79.98,1524397,0.0,0.0
2013-08-19 00:00:00+08:00,81.06,81.06,79.44,79.44,1154270,0.0,0.0
2013-08-20 00:00:00+08:00,79.44,81.6,79.17,81.33,1302028,0.0,0.0
2013-08-22 00:00:00+08:00,79.98,82.68,78.63,82.41,1198158,0.0,0.0
2013-08-23 00:00:00+08:00,82.41,82.95,81.06,81.6,1069418,0.0,0.0
2013-08-26 00:00:00+08:00,82.68,83.49,81.87,81.87,643699,0.0,0.0
2013-08-27 00:00:00+08:00,82.68,83.76,82.68,83.49,1122085,0.0,0.0
2013-08-28 00:00:00+08:00,83.22,83.76,82.14,83.22,1051863,0.0,0.0
2013-08-29 00:00:00+08:00,83.22,83.49,82.14,82.14,986030,0.0,0.0
2013-08-30 00:00:00+08:00,82.14,82.68,80.79,82.14,1034307,0.0,0.0
2013-09-02 00:00:00+08:00,82.41,82.41,81.06,81.06,892401,0.0,0.0
2013-09-03 00:00:00+08:00,81.06,82.41,81.06,81.87,980178,0.0,0.0
2013-09-04 00:00:00+08:00,82.14,83.49,81.87,82.68,1217176,0.0,0.0
2013-09-05 00:00:00+08:00,83.22,86.19,83.22,85.38,2258799,0.0,0.0
2013-09-06 00:00:00+08:00,85.92,85.92,84.57,85.92,1303491,0.0,0.0
2013-09-09 00:00:00+08:00,86.19,89.97,85.92,88.62,1825765,0.0,0.0
2013-09-10 00:00:00+08:00,88.62,88.89,87.81,88.89,1056252,0.0,0.0
2013-09-11 00:00:00+08:00,89.16,90.51,88.62,89.97,868994,0.0,0.0
2013-09-12 00:00:00+08:00,90.24,90.24,87.27,88.08,1539026,0.0,0.0
2013-09-13 00:00:00+08:00,88.08,89.43,87.81,88.35,1844783,0.0,0.0
2013-09-16 00:00:00+08:00,88.08,90.51,88.08,89.16,601273,0.0,0.0
2013-09-17 00:00:00+08:00,88.35,89.43,88.35,89.16,788531,0.0,0.0
2013-09-18 00:00:00+08:00,88.89,89.43,88.08,88.08,484237,0.0,0.0
2013-09-23 00:00:00+08:00,89.43,91.6,88.08,89.43,1056252,0.0,0.0
2013-09-24 00:00:00+08:00,89.16,89.7,88.35,89.7,419867,0.0,0.0
2013-09-25 00:00:00+08:00,90.24,92.95,88.89,91.6,1898913,0.0,0.0
2013-09-26 00:00:00+08:00,91.6,91.6,89.16,89.16,449126,0.0,0.0
2013-09-27 00:00:00+08:00,89.43,90.51,89.16,89.43,582255,0.0,0.0
2013-09-30 00:00:00+08:00,89.43,90.79,88.62,89.43,879234,0.0,0.0
2013-10-01 00:00:00+08:00,89.7,90.79,88.35,89.16,648088,0.0,0.0
2013-10-02 00:00:00+08:00,89.16,89.43,88.08,88.89,667106,0.0,0.0
2013-10-03 00:00:00+08:00,89.16,90.51,88.89,89.97,2102263,0.0,0.0
2013-10-04 00:00:00+08:00,90.79,94.03,90.51,94.03,1354694,0.0,0.0
2013-10-07 00:00:00+08:00,94.57,96.19,93.49,95.11,866068,0.0,0.0
2013-10-08 00:00:00+08:00,95.11,98.62,94.84,98.62,1960357,0.0,0.0
2013-10-09 00:00:00+08:00,98.62,101.05,98.62,99.7,1550730,0.0,0.0
2013-10-11 00:00:00+08:00,100.51,100.78,94.57,95.11,1587304,0.0,0.0
2013-10-14 00:00:00+08:00,93.49,94.84,92.95,94.3,482774,0.0,0.0
2013-10-15 00:00:00+08:00,94.3,98.89,94.3,98.35,1076733,0.0,0.0
2013-10-16 00:00:00+08:00,97.27,98.89,95.92,98.08,522274,0.0,0.0
2013-10-17 00:00:00+08:00,98.89,100.51,98.89,98.89,839735,0.0,0.0
2013-10-18 00:00:00+08:00,98.89,98.89,97.0,97.27,743180,0.0,0.0
2013-10-21 00:00:00+08:00,97.81,99.16,97.27,99.16,472533,0.0,0.0
2013-10-22 00:00:00+08:00,98.89,99.97,97.81,99.43,746106,0.0,0.0
2013-10-23 00:00:00+08:00,99.97,104.02,99.7,102.67,2156392,0.0,0.0
2013-10-24 00:00:00+08:00,104.02,107.0,102.4,102.4,3004905,0.0,0.0
2013-10-25 00:00:00+08:00,102.67,104.56,101.05,101.59,1015289,0.0,0.0
2013-10-28 00:00:00+08:00,101.86,104.29,101.86,103.48,766587,0.0,0.0
2013-10-29 00:00:00+08:00,103.48,104.29,101.59,103.21,784142,0.0,0.0
2013-10-30 00:00:00+08:00,103.75,104.02,101.32,102.4,782679,0.0,0.0
2013-10-31 00:00:00+08:00,101.32,102.4,100.78,101.86,781216,0.0,0.0
2013-11-01 00:00:00+08:00,101.32,102.13,99.16,99.16,721235,0.0,0.0
2013-11-04 00:00:00+08:00,99.16,99.43,95.92,96.73,871920,0.0,0.0
2013-11-05 00:00:00+08:00,96.19,97.0,94.03,95.38,1081122,0.0,0.0
2013-11-06 00:00:00+08:00,95.65,98.35,95.38,97.27,1206936,0.0,0.0
2013-11-07 00:00:00+08:00,97.81,99.97,97.81,99.97,523737,0.0,0.0
2013-11-08 00:00:00+08:00,98.35,102.4,97.27,99.7,1439545,0.0,0.0
2013-11-11 00:00:00+08:00,99.7,100.51,96.73,97.54,842660,0.0,0.0
2013-11-12 00:00:00+08:00,99.97,101.32,96.73,98.89,1217176,0.0,0.0
2013-11-13 00:00:00+08:00,97.54,98.62,97.54,98.35,645162,0.0,0.0
2013-11-14 00:00:00+08:00,97.27,101.05,97.27,98.62,1012363,0.0,0.0
2013-11-15 00:00:00+08:00,98.89,100.51,97.81,98.89,452052,0.0,0.0
2013-11-18 00:00:00+08:00,99.97,99.97,98.08,98.08,670032,0.0,0.0
2013-11-19 00:00:00+08:00,98.08,100.51,97.81,99.97,2634778,0.0,0.0
2013-11-20 00:00:00+08:00,99.97,100.24,98.08,98.08,359886,0.0,0.0
2013-11-21 00:00:00+08:00,98.08,98.08,93.76,94.57,1205473,0.0,0.0
2013-11-22 00:00:00+08:00,94.57,97.54,94.57,96.19,820716,0.0,0.0
2013-11-25 00:00:00+08:00,98.35,99.16,97.27,98.35,967012,0.0,0.0
2013-11-26 00:00:00+08:00,99.97,100.51,98.35,100.51,1164510,0.0,0.0
2013-11-27 00:00:00+08:00,100.51,100.51,97.81,97.81,715384,0.0,0.0
2013-11-28 00:00:00+08:00,97.81,99.16,97.0,99.16,612977,0.0,0.0
2013-11-29 00:00:00+08:00,97.81,99.97,97.81,98.89,763661,0.0,0.0
2013-12-02 00:00:00+08:00,99.7,101.86,98.89,101.32,1515619,0.0,0.0
2013-12-03 00:00:00+08:00,101.32,102.67,100.51,101.59,838272,0.0,0.0
2013-12-04 00:00:00+08:00,101.59,101.59,100.24,101.05,596884,0.0,0.0
2013-12-05 00:00:00+08:00,101.59,101.59,100.51,101.59,509107,0.0,0.0
2013-12-06 00:00:00+08:00,101.59,108.35,100.51,108.08,2451909,0.0,0.0
2013-12-09 00:00:00+08:00,109.7,111.32,104.84,105.11,2128596,0.0,0.0
2013-12-10 00:00:00+08:00,105.38,108.08,105.11,105.11,1275695,0.0,0.0
2013-12-11 00:00:00+08:00,105.65,107.0,102.94,102.94,1043085,0.0,0.0
2013-12-12 00:00:00+08:00,101.59,104.29,101.59,102.4,795846,0.0,0.0
2013-12-13 00:00:00+08:00,103.21,103.21,102.13,102.13,608588,0.0,0.0
2013-12-16 00:00:00+08:00,102.13,102.67,100.24,100.24,415478,0.0,0.0
2013-12-17 00:00:00+08:00,100.51,101.86,100.24,100.24,825105,0.0,0.0
2013-12-18 00:00:00+08:00,100.24,103.21,99.7,103.21,1357620,0.0,0.0
2013-12-19 00:00:00+08:00,104.29,105.65,103.75,105.11,1398583,0.0,0.0
2013-12-20 00:00:00+08:00,105.92,108.08,105.38,107.0,1283009,0.0,0.0
2013-12-23 00:00:00+08:00,107.0,107.54,104.84,105.11,671495,0.0,0.0
2013-12-24 00:00:00+08:00,105.65,106.19,104.84,104.84,557385,0.0,0.0
2013-12-25 00:00:00+08:00,105.38,107.54,105.38,106.73,1005048,0.0,0.0
2013-12-26 00:00:00+08:00,107.0,107.54,105.11,107.0,702217,0.0,0.0
2013-12-27 00:00:00+08:00,108.08,110.24,107.27,108.89,1032844,0.0,0.0
2013-12-30 00:00:00+08:00,109.43,113.21,108.08,112.4,1931098,0.0,0.0
2013-12-31 00:00:00+08:00,112.13,112.67,110.24,111.59,1421990,0.0,0.0
2014-01-02 00:00:00+08:00,110.24,110.78,108.08,109.7,744643,0.0,0.0
2014-01-03 00:00:00+08:00,109.16,109.7,108.08,108.08,744643,0.0,0.0
2014-01-06 00:00:00+08:00,106.46,110.51,106.46,109.7,1180603,0.0,0.0
2014-01-07 00:00:00+08:00,109.7,111.05,109.7,110.24,1957431,0.0,0.0
2014-01-08 00:00:00+08:00,109.7,110.51,108.89,109.7,1016752,0.0,0.0
2014-01-09 00:00:00+08:00,109.7,111.32,108.08,108.89,1239121,0.0,0.0
2014-01-10 00:00:00+08:00,108.89,110.24,108.62,108.62,596884,0.0,0.0
2014-01-13 00:00:00+08:00,109.16,110.51,108.62,108.62,987493,0.0,0.0
2014-01-14 00:00:00+08:00,108.62,108.89,104.84,106.19,1182066,0.0,0.0
2014-01-15 00:00:00+08:00,105.11,106.19,102.67,104.84,1898913,0.0,0.0
2014-01-16 00:00:00+08:00,105.92,106.73,105.11,105.92,965549,0.0,0.0
2014-01-17 00:00:00+08:00,107.27,107.81,105.92,107.0,857290,0.0,0.0
2014-01-20 00:00:00+08:00,107.0,107.27,105.38,105.38,380367,0.0,0.0
2014-01-21 00:00:00+08:00,105.38,107.0,104.84,105.38,612977,0.0,0.0
2014-01-22 00:00:00+08:00,106.19,106.46,103.48,105.11,899716,0.0,0.0
2014-01-23 00:00:00+08:00,105.92,107.27,104.84,106.19,923123,0.0,0.0
2014-01-24 00:00:00+08:00,106.73,107.0,105.11,105.65,1062103,0.0,0.0
2014-01-27 00:00:00+08:00,104.29,104.84,101.59,102.13,1863802,0.0,0.0
2014-02-05 00:00:00+08:00,100.51,100.51,96.19,99.43,3802215,0.0,0.0
2014-02-06 00:00:00+08:00,99.43,102.13,97.81,100.51,1989616,0.0,0.0
2014-02-07 00:00:00+08:00,100.51,102.67,100.51,102.13,832420,0.0,0.0
2014-02-10 00:00:00+08:00,102.13,103.75,101.32,101.32,746106,0.0,0.0
2014-02-11 00:00:00+08:00,101.32,103.21,101.05,101.05,861679,0.0,0.0
2014-02-12 00:00:00+08:00,101.59,103.48,101.32,103.21,1705803,0.0,0.0
2014-02-13 00:00:00+08:00,105.11,108.08,103.75,105.38,2677204,0.0,0.0
2014-02-14 00:00:00+08:00,106.46,106.46,104.02,104.02,1302028,0.0,0.0
2014-02-17 00:00:00+08:00,104.02,105.65,103.21,103.75,958234,0.0,0.0
2014-02-18 00:00:00+08:00,104.02,105.38,104.02,105.38,1657525,0.0,0.0
2014-02-19 00:00:00+08:00,105.92,105.92,102.13,102.67,2280743,0.0,0.0
2014-02-20 00:00:00+08:00,102.67,102.67,99.97,101.05,3342847,0.0,0.0
2014-02-21 00:00:00+08:00,101.86,103.48,101.86,102.67,1303491,0.0,0.0
2014-02-24 00:00:00+08:00,102.67,102.67,100.51,100.51,1721895,0.0,0.0
2014-02-25 00:00:00+08:00,101.59,103.75,101.05,101.59,3184848,0.0,0.0
2014-02-26 00:00:00+08:00,101.59,104.02,101.32,103.21,2523594,0.0,0.0
2014-02-27 00:00:00+08:00,104.29,105.11,102.4,103.48,1906227,0.0,0.0
2014-03-03 00:00:00+08:00,103.75,103.75,101.86,102.67,1296176,0.0,0.0
2014-03-04 00:00:00+08:00,102.67,103.21,101.59,102.67,1249361,0.0,0.0
2014-03-05 00:00:00+08:00,102.94,105.38,102.13,102.4,1622415,0.0,0.0
2014-03-06 00:00:00+08:00,104.29,106.19,102.94,105.11,1809673,0.0,0.0
2014-03-07 00:00:00+08:00,105.38,105.92,103.75,104.56,687587,0.0,0.0
2014-03-10 00:00:00+08:00,103.75,103.75,101.86,102.4,866068,0.0,0.0
2014-03-11 00:00:00+08:00,104.29,104.84,103.21,104.84,642236,0.0,0.0
2014-03-12 00:00:00+08:00,104.84,104.84,102.13,103.21,1325435,0.0,0.0
2014-03-13 00:00:00+08:00,103.75,104.29,102.4,103.48,1141103,0.0,0.0
2014-03-14 00:00:00+08:00,102.67,103.21,102.13,102.4,1575600,0.0,0.0
2014-03-17 00:00:00+08:00,102.4,103.21,102.4,102.94,585181,0.0,0.0
2014-03-18 00:00:00+08:00,104.02,104.56,102.94,103.48,945067,0.0,0.0
2014-03-19 00:00:00+08:00,103.48,104.56,102.67,102.67,604199,0.0,0.0
2014-03-20 00:00:00+08:00,104.02,104.02,100.78,101.32,962623,0.0,0.0
2014-03-21 00:00:00+08:00,102.67,102.94,101.86,101.86,838272,0.0,0.0
2014-03-24 00:00:00+08:00,101.86,103.48,100.78,101.32,1209862,0.0,0.0
2014-03-25 00:00:00+08:00,102.13,103.21,101.59,102.67,1016752,0.0,0.0
2014-03-26 00:00:00+08:00,103.48,105.38,102.67,105.38,1018215,0.0,0.0
2014-03-27 00:00:00+08:00,105.38,105.92,104.29,104.84,713921,0.0,0.0
2014-03-28 00:00:00+08:00,104.29,106.73,104.29,106.46,1050400,0.0,0.0
2014-03-31 00:00:00+08:00,106.46,107.0,105.38,106.73,918734,0.0,0.0
2014-04-01 00:00:00+08:00,107.27,108.62,106.46,108.08,1256676,0.0,0.0
2014-04-02 00:00:00+08:00,107.54,108.89,107.0,108.35,1022604,0.0,0.0
2014-04-03 00:00:00+08:00,108.35,108.35,107.0,108.08,637847,0.0,0.0
2014-04-07 00:00:00+08:00,107.0,108.89,107.0,108.89,1209862,0.0,0.0
2014-04-08 00:00:00+08:00,108.89,108.89,107.54,108.35,1016752,0.0,0.0
2014-04-09 00:00:00+08:00,110.78,115.91,109.97,114.29,4548321,0.0,0.0
2014-04-10 00:00:00+08:00,114.29,114.56,110.24,111.59,1926709,0.0,0.0
2014-04-11 00:00:00+08:00,111.05,111.05,109.16,111.05,762198,0.0,0.0
2014-04-14 00:00:00+08:00,109.16,110.51,107.54,107.54,1259602,0.0,0.0
2014-04-15 00:00:00+08:00,109.16,109.16,105.38,105.92,1572674,0.0,0.0
2014-04-16 00:00:00+08:00,105.38,106.46,105.11,105.65,1695562,0.0,0.0
2014-04-17 00:00:00+08:00,106.73,108.62,106.19,107.27,1312268,0.0,0.0
2014-04-18 00:00:00+08:00,107.81,108.35,107.0,108.35,245776,0.0,0.0
2014-04-21 00:00:00+08:00,108.62,108.62,107.0,107.27,86314,0.0,0.0
2014-04-22 00:00:00+08:00,106.46,107.81,106.46,106.73,435960,0.0,0.0
2014-04-23 00:00:00+08:00,107.81,108.35,106.73,108.08,495941,0.0,0.0
2014-04-24 00:00:00+08:00,109.7,113.75,109.16,109.43,1263991,0.0,0.0
2014-04-25 00:00:00+08:00,109.97,111.59,107.54,107.81,550070,0.0,0.0
2014-04-28 00:00:00+08:00,100.51,109.16,100.51,107.0,1217176,0.0,0.0
2014-04-29 00:00:00+08:00,107.0,108.89,106.46,108.89,697828,0.0,0.0
2014-04-30 00:00:00+08:00,108.08,109.16,105.38,105.38,703680,0.0,0.0
2014-05-02 00:00:00+08:00,105.92,108.08,105.38,107.27,596884,0.0,0.0
2014-05-05 00:00:00+08:00,106.73,107.81,106.73,107.27,560311,0.0,0.0
2014-05-06 00:00:00+08:00,107.27,107.27,106.73,107.0,144832,0.0,0.0
2014-05-07 00:00:00+08:00,105.92,107.54,105.11,107.0,684662,0.0,0.0
2014-05-08 00:00:00+08:00,107.54,107.54,105.92,106.46,340868,0.0,0.0
2014-05-09 00:00:00+08:00,106.46,107.81,105.38,105.92,612977,0.0,0.0
2014-05-12 00:00:00+08:00,106.46,107.81,103.75,103.75,1866728,0.0,0.0
2014-05-13 00:00:00+08:00,105.11,106.73,105.11,106.46,732939,0.0,0.0
2014-05-14 00:00:00+08:00,107.0,109.16,107.0,109.16,1180603,0.0,0.0
2014-05-15 00:00:00+08:00,110.51,110.78,109.16,109.43,569088,0.0,0.0
2014-05-16 00:00:00+08:00,108.62,110.24,107.81,109.43,838272,0.0,0.0
2014-05-19 00:00:00+08:00,109.16,111.59,108.35,111.59,877771,0.0,0.0
2014-05-20 00:00:00+08:00,111.32,111.86,110.24,111.32,797309,0.0,0.0
2014-05-21 00:00:00+08:00,111.05,111.86,110.78,111.59,531051,0.0,0.0
2014-05-22 00:00:00+08:00,111.86,112.67,110.78,112.67,773902,0.0,0.0
2014-05-23 00:00:00+08:00,112.4,113.75,111.32,113.75,993345,0.0,0.0
2014-05-26 00:00:00+08:00,114.29,114.83,112.13,114.02,1253750,0.0,0.0
2014-05-27 00:00:00+08:00,112.4,113.75,112.4,113.21,495941,0.0,0.0
2014-05-28 00:00:00+08:00,113.21,121.05,113.21,121.05,2760592,0.0,0.0
2014-05-29 00:00:00+08:00,121.05,121.05,116.72,119.7,2242707,0.0,0.0
2014-05-30 00:00:00+08:00,120.51,122.13,117.26,119.97,2699148,0.0,0.0
2014-06-03 00:00:00+08:00,121.59,125.1,120.51,121.59,1449786,0.0,0.0
2014-06-04 00:00:00+08:00,121.59,124.02,118.89,122.4,1193769,0.0,0.0
2014-06-05 00:00:00+08:00,121.59,122.13,119.97,121.59,661254,0.0,0.0
2014-06-06 00:00:00+08:00,120.51,122.13,118.89,119.43,715384,0.0,0.0
2014-06-09 00:00:00+08:00,119.7,122.67,119.43,122.67,1293250,0.0,0.0
2014-06-10 00:00:00+08:00,122.67,124.02,121.05,124.02,1007974,0.0,0.0
2014-06-11 00:00:00+08:00,124.29,126.45,122.94,125.91,1424916,0.0,0.0
2014-06-12 00:00:00+08:00,125.91,130.5,125.1,125.91,2192966,0.0,0.0
2014-06-13 00:00:00+08:00,126.45,128.61,125.91,127.26,851438,0.0,0.0
2014-06-16 00:00:00+08:00,128.61,128.61,126.72,127.8,825105,0.0,0.0
2014-06-17 00:00:00+08:00,127.8,128.34,126.45,128.07,649551,0.0,0.0
2014-06-18 00:00:00+08:00,126.99,132.39,126.99,131.31,2027653,0.0,0.0
2014-06-19 00:00:00+08:00,133.48,137.26,131.85,134.02,2137374,0.0,0.0
2014-06-20 00:00:00+08:00,135.1,138.07,132.12,132.12,3679327,0.0,0.0
2014-06-23 00:00:00+08:00,132.39,136.18,130.23,134.02,1432231,0.0,0.0
2014-06-24 00:00:00+08:00,134.02,137.8,132.39,133.48,1925246,0.0,0.0
2014-06-25 00:00:00+08:00,133.48,133.48,130.77,131.85,1135251,0.0,0.0
2014-06-26 00:00:00+08:00,131.85,134.83,131.85,134.83,1201084,0.0,0.0
2014-06-27 00:00:00+08:00,134.83,137.53,134.02,136.45,1130862,0.0,0.0
2014-06-30 00:00:00+08:00,136.72,137.8,134.83,137.8,1480508,0.0,0.0
2014-07-01 00:00:00+08:00,136.18,137.53,135.64,136.45,697828,0.0,0.0
2014-07-02 00:00:00+08:00,136.72,137.26,131.85,132.12,1429305,0.0,0.0
2014-07-03 00:00:00+08:00,130.77,132.12,128.34,129.15,1825765,0.0,0.0
2014-07-04 00:00:00+08:00,129.15,131.31,129.15,130.5,981641,0.0,0.0
2014-07-07 00:00:00+08:00,129.15,131.58,128.61,130.5,993345,0.0,0.0
2014-07-08 00:00:00+08:00,131.31,134.83,131.31,133.48,1155732,0.0,0.0
2014-07-09 00:00:00+08:00,134.56,135.1,132.39,132.94,731476,0.0,0.0
2014-07-10 00:00:00+08:00,132.39,133.48,131.04,133.48,1383953,0.0,0.0
2014-07-11 00:00:00+08:00,132.39,134.02,132.12,132.67,719772,0.0,0.0
2014-07-14 00:00:00+08:00,134.02,136.72,132.94,136.72,1348842,0.0,0.0
2014-07-15 00:00:00+08:00,137.26,137.26,133.21,134.02,1841857,0.0,0.0
2014-07-16 00:00:00+08:00,135.26,135.53,132.75,135.26,1255213,5.28,0.0
2014-07-17 00:00:00+08:00,135.26,136.65,134.42,135.26,655402,0.0,0.0
2014-07-18 00:00:00+08:00,133.86,135.53,132.75,133.02,646625,0.0,0.0
2014-07-21 00:00:00+08:00,133.3,134.42,133.02,133.3,421330,0.0,0.0
2014-07-22 00:00:00+08:00,134.42,138.04,134.42,134.98,1489286,0.0,0.0
2014-07-23 00:00:00+08:00,134.98,134.98,134.98,134.98,0,0.0,0.0
2014-07-24 00:00:00+08:00,136.09,137.77,135.53,136.65,792920,0.0,0.0
2014-07-25 00:00:00+08:00,137.77,137.77,135.26,137.21,829494,0.0,0.0
2014-07-28 00:00:00+08:00,136.93,137.21,135.26,135.81,642236,0.0,0.0
2014-07-29 00:00:00+08:00,135.53,136.65,126.61,127.73,1942801,0.0,0.0
2014-07-30 00:00:00+08:00,128.28,132.75,128.28,132.47,1420527,0.0,0.0
2014-07-31 00:00:00+08:00,132.75,133.86,129.96,131.35,1319583,0.0,0.0
2014-08-01 00:00:00+08:00,130.51,134.7,129.68,133.86,1116233,0.0,0.0
2014-08-04 00:00:00+08:00,135.53,136.37,133.86,135.81,914345,0.0,0.0
2014-08-05 00:00:00+08:00,135.81,136.37,131.07,131.07,1623877,0.0,0.0
2014-08-06 00:00:00+08:00,133.86,133.86,131.07,131.91,1136714,0.0,0.0
2014-08-07 00:00:00+08:00,132.75,133.86,131.91,132.47,634921,0.0,0.0
2014-08-08 00:00:00+08:00,132.47,134.7,131.35,134.7,1154270,0.0,0.0
2014-08-11 00:00:00+08:00,134.98,137.21,134.7,136.93,828031,0.0,0.0
2014-08-12 00:00:00+08:00,137.21,137.77,133.58,133.58,665643,0.0,0.0
2014-08-13 00:00:00+08:00,133.58,136.65,133.58,136.65,1350305,0.0,0.0
2014-08-14 00:00:00+08:00,137.21,137.77,136.09,136.65,795846,0.0,0.0
2014-08-15 00:00:00+08:00,137.77,141.11,136.93,139.44,1344453,0.0,0.0
2014-08-18 00:00:00+08:00,139.44,140.55,137.49,138.32,1046011,0.0,0.0
2014-08-19 00:00:00+08:00,139.44,140.27,138.32,140.27,1059178,0.0,0.0
2014-08-20 00:00:00+08:00,141.11,149.76,140.55,148.36,2408020,0.0,0.0
2014-08-21 00:00:00+08:00,148.36,150.59,141.11,141.67,2459224,0.0,0.0
2014-08-22 00:00:00+08:00,143.9,150.59,142.78,145.02,3236052,0.0,0.0
2014-08-25 00:00:00+08:00,147.25,147.25,142.78,143.9,1524397,0.0,0.0
2014-08-26 00:00:00+08:00,145.57,147.8,143.62,145.02,1370787,0.0,0.0
2014-08-27 00:00:00+08:00,145.57,147.25,145.57,146.69,1800895,0.0,0.0
2014-08-28 00:00:00+08:00,147.8,154.5,146.97,151.15,4353748,0.0,0.0
2014-08-29 00:00:00+08:00,151.71,157.84,151.71,156.45,3850492,0.0,0.0
2014-09-01 00:00:00+08:00,156.37,157.29,152.08,154.22,2863541,0.0,1.1
2014-09-02 00:00:00+08:00,156.37,158.52,152.08,152.08,2516244,0.0,0.0
2014-09-03 00:00:00+08:00,152.08,153.61,150.54,150.54,1997293,0.0,0.0
2014-09-04 00:00:00+08:00,150.24,150.24,145.94,147.17,2045196,0.0,0.0
2014-09-05 00:00:00+08:00,147.17,150.24,147.17,147.78,1355924,0.0,0.0
2014-09-09 00:00:00+08:00,150.24,154.53,149.01,153.92,1708544,0.0,0.0
2014-09-10 00:00:00+08:00,154.22,156.37,151.46,152.08,1610076,0.0,0.0
2014-09-11 00:00:00+08:00,152.08,153.3,147.78,147.78,1846931,0.0,0.0
2014-09-12 00:00:00+08:00,147.17,148.4,142.57,142.88,2071809,0.0,0.0
2014-09-15 00:00:00+08:00,141.04,142.88,137.97,138.28,1679270,0.0,0.0
2014-09-16 00:00:00+08:00,138.28,142.88,137.97,138.28,1152336,0.0,0.0
2014-09-17 00:00:00+08:00,140.12,142.27,137.05,137.97,1671286,0.0,0.0
2014-09-18 00:00:00+08:00,138.59,140.43,138.59,139.51,928788,0.0,0.0
2014-09-19 00:00:00+08:00,141.65,144.11,141.04,141.04,2276728,0.0,0.0
2014-09-22 00:00:00+08:00,140.12,140.12,131.53,132.76,2590760,0.0,0.0
2014-09-23 00:00:00+08:00,131.84,133.99,129.39,129.69,2304672,0.0,0.0
2014-09-24 00:00:00+08:00,129.39,131.53,128.77,129.39,2037212,0.0,0.0
2014-09-25 00:00:00+08:00,130.0,132.15,130.0,130.92,2428421,0.0,0.0
2014-09-26 00:00:00+08:00,130.0,131.23,128.77,130.0,974029,0.0,0.0
2014-09-29 00:00:00+08:00,129.08,134.6,128.77,131.23,2540195,0.0,0.0
2014-09-30 00:00:00+08:00,131.23,133.37,131.23,131.84,2842251,0.0,0.0
2014-10-01 00:00:00+08:00,129.39,134.91,129.39,134.91,1945398,0.0,0.0
2014-10-02 00:00:00+08:00,132.45,135.83,132.45,134.29,2250115,0.0,0.0
2014-10-03 00:00:00+08:00,135.52,140.73,134.29,137.36,3366524,0.0,0.0
2014-10-06 00:00:00+08:00,137.05,138.28,134.91,134.91,1647334,0.0,0.0
2014-10-07 00:00:00+08:00,132.76,133.37,129.69,130.0,2924751,0.0,0.0
2014-10-08 00:00:00+08:00,128.77,130.61,126.32,128.77,2851565,0.0,0.0
2014-10-09 00:00:00+08:00,130.31,131.84,127.24,127.55,2139672,0.0,0.0
2014-10-13 00:00:00+08:00,121.42,124.79,118.66,122.64,2850235,0.0,0.0
2014-10-14 00:00:00+08:00,119.58,126.02,119.58,124.48,2336607,0.0,0.0
2014-10-15 00:00:00+08:00,124.48,127.24,123.87,125.71,2650638,0.0,0.0
2014-10-16 00:00:00+08:00,123.87,130.92,123.26,127.24,2276728,0.0,0.0
2014-10-17 00:00:00+08:00,128.16,128.77,118.66,118.66,6236719,0.0,0.0
2014-10-20 00:00:00+08:00,122.03,122.64,115.28,120.5,4457650,0.0,0.0
2014-10-21 00:00:00+08:00,121.11,122.03,118.35,121.11,1952051,0.0,0.0
2014-10-22 00:00:00+08:00,122.95,125.4,122.64,125.4,1868221,0.0,0.0
2014-10-23 00:00:00+08:00,125.4,125.4,122.03,122.34,1679270,0.0,0.0
2014-10-24 00:00:00+08:00,122.34,122.95,119.27,120.5,2026567,0.0,0.0
2014-10-27 00:00:00+08:00,122.64,123.87,119.88,123.56,2046527,0.0,0.0
2014-10-28 00:00:00+08:00,124.79,126.94,123.26,123.56,1784390,0.0,0.0
2014-10-29 00:00:00+08:00,124.48,127.55,123.87,126.02,3152291,0.0,0.0
2014-10-30 00:00:00+08:00,126.32,127.24,124.79,126.63,1741810,0.0,0.0
2014-10-31 00:00:00+08:00,127.24,129.39,126.94,129.39,1693907,0.0,0.0
2014-11-03 00:00:00+08:00,129.39,130.0,126.02,126.63,1744471,0.0,0.0
2014-11-04 00:00:00+08:00,125.71,128.16,123.87,125.1,1469028,0.0,0.0
2014-11-05 00:00:00+08:00,125.1,125.1,118.04,118.96,4128982,0.0,0.0
2014-11-06 00:00:00+08:00,117.12,119.27,116.82,117.74,2373865,0.0,0.0
2014-11-07 00:00:00+08:00,118.35,121.11,118.35,121.11,1273424,0.0,0.0
2014-11-10 00:00:00+08:00,122.34,129.39,121.72,128.77,3128339,0.0,0.0
2014-11-11 00:00:00+08:00,128.16,128.16,119.88,120.8,4274022,0.0,0.0
2014-11-12 00:00:00+08:00,120.8,123.56,119.88,123.56,1378545,0.0,0.0
2014-11-13 00:00:00+08:00,124.18,126.94,123.87,124.48,1414472,0.0,0.0
2014-11-14 00:00:00+08:00,126.02,126.63,120.8,122.34,1535560,0.0,0.0
2014-11-17 00:00:00+08:00,124.48,124.48,118.96,118.96,2795678,0.0,0.0
2014-11-18 00:00:00+08:00,119.27,120.5,117.12,117.12,3425072,0.0,0.0
2014-11-19 00:00:00+08:00,118.35,121.11,117.74,120.5,2171607,0.0,0.0
2014-11-20 00:00:00+08:00,119.58,122.34,119.58,121.72,1226851,0.0,0.0
2014-11-21 00:00:00+08:00,122.03,124.79,120.19,122.64,1925439,0.0,0.0
2014-11-24 00:00:00+08:00,123.26,127.85,123.26,126.02,2590760,0.0,0.0
2014-11-25 00:00:00+08:00,125.1,129.39,125.1,128.16,6376436,0.0,0.0
2014-11-26 00:00:00+08:00,128.16,128.77,126.94,127.55,1346609,0.0,0.0
2014-11-27 00:00:00+08:00,128.77,130.61,126.94,127.85,1820318,0.0,0.0
2014-11-28 00:00:00+08:00,129.39,131.84,127.55,130.0,2803662,0.0,0.0
2014-12-01 00:00:00+08:00,127.55,129.39,126.94,129.39,1516931,0.0,0.0
2014-12-02 00:00:00+08:00,128.16,128.77,124.79,125.71,2170277,0.0,0.0
2014-12-03 00:00:00+08:00,126.32,134.29,126.02,133.07,3606039,0.0,0.0
2014-12-04 00:00:00+08:00,133.68,134.6,130.92,131.53,2244793,0.0,0.0
2014-12-05 00:00:00+08:00,133.07,137.97,132.76,135.21,3059146,0.0,0.0
2014-12-08 00:00:00+08:00,135.52,138.28,134.29,137.05,2152978,0.0,0.0
2014-12-09 00:00:00+08:00,136.44,136.75,133.99,134.29,1956043,0.0,0.0
2014-12-10 00:00:00+08:00,133.99,134.91,128.16,128.77,2235478,0.0,0.0
2014-12-11 00:00:00+08:00,128.47,133.07,127.85,131.84,1707213,0.0,0.0
2014-12-12 00:00:00+08:00,132.45,133.07,129.69,130.0,1406488,0.0,0.0
2014-12-15 00:00:00+08:00,128.16,130.31,127.85,129.39,1017941,0.0,0.0
2014-12-16 00:00:00+08:00,130.31,133.99,130.31,131.53,1809673,0.0,0.0
2014-12-17 00:00:00+08:00,131.53,132.76,128.77,128.77,1813665,0.0,0.0
2014-12-18 00:00:00+08:00,131.23,131.53,128.47,128.47,1991971,0.0,0.0
2014-12-19 00:00:00+08:00,130.92,133.07,130.0,131.23,2077132,0.0,0.0
2014-12-22 00:00:00+08:00,133.07,133.68,131.84,132.45,896852,0.0,0.0
2014-12-23 00:00:00+08:00,133.68,135.83,132.45,132.45,1185602,0.0,0.0
2014-12-24 00:00:00+08:00,133.68,136.75,133.07,136.13,1784390,0.0,0.0
2014-12-25 00:00:00+08:00,137.97,137.97,135.52,136.75,818344,0.0,0.0
2014-12-26 00:00:00+08:00,136.75,138.89,136.44,137.36,864917,0.0,0.0
2014-12-29 00:00:00+08:00,138.28,141.96,137.97,139.81,1664633,0.0,0.0
2014-12-30 00:00:00+08:00,141.65,146.56,141.04,146.56,3929385,0.0,0.0
2014-12-31 00:00:00+08:00,146.56,146.86,141.04,143.8,2969993,0.0,0.0
2015-01-05 00:00:00+08:00,143.49,144.41,140.43,144.41,1813665,0.0,0.0
2015-01-06 00:00:00+08:00,142.88,144.11,137.05,138.28,2570800,0.0,0.0
2015-01-07 00:00:00+08:00,137.05,139.51,137.05,137.36,1631367,0.0,0.0
2015-01-08 00:00:00+08:00,139.81,143.19,139.2,141.04,1695237,0.0,0.0
2015-01-09 00:00:00+08:00,143.49,143.49,139.81,140.43,1954713,0.0,0.0
2015-01-12 00:00:00+08:00,140.43,143.8,140.43,141.04,1477012,0.0,0.0
2015-01-13 00:00:00+08:00,141.04,145.64,141.04,142.88,2135680,0.0,0.0
2015-01-14 00:00:00+08:00,142.88,146.56,142.88,145.94,1845600,0.0,0.0
2015-01-15 00:00:00+08:00,145.33,146.86,143.19,143.19,1640681,0.0,0.0
2015-01-16 00:00:00+08:00,143.49,144.72,141.65,141.96,1288061,0.0,0.0
2015-01-19 00:00:00+08:00,143.49,144.11,142.57,143.19,496329,0.0,0.0
2015-01-20 00:00:00+08:00,143.19,145.33,143.19,144.11,1064513,0.0,0.0
2015-01-21 00:00:00+08:00,145.02,145.33,143.8,144.11,879554,0.0,0.0
2015-01-22 00:00:00+08:00,145.33,146.56,144.41,144.72,944755,0.0,0.0
2015-01-23 00:00:00+08:00,146.56,146.86,143.19,144.72,1242819,0.0,0.0
2015-01-26 00:00:00+08:00,145.33,146.25,145.02,145.64,972699,0.0,0.0
2015-01-27 00:00:00+08:00,146.56,150.24,146.25,147.78,2839590,0.0,0.0
2015-01-28 00:00:00+08:00,147.78,149.93,147.17,149.01,887538,0.0,0.0
2015-01-29 00:00:00+08:00,149.01,149.01,146.25,146.56,747820,0.0,0.0
2015-01-30 00:00:00+08:00,146.56,147.78,145.94,145.94,1467698,0.0,0.0
2015-02-02 00:00:00+08:00,145.94,147.78,145.64,147.78,1103102,0.0,0.0
2015-02-03 00:00:00+08:00,148.4,150.54,147.78,149.01,1814995,0.0,0.0
2015-02-04 00:00:00+08:00,150.24,151.46,149.01,149.01,1409149,0.0,0.0
2015-02-05 00:00:00+08:00,149.62,151.46,149.62,151.16,1342617,0.0,0.0
2015-02-06 00:00:00+08:00,151.46,152.38,148.4,149.01,979352,0.0,0.0
2015-02-09 00:00:00+08:00,150.24,150.85,149.01,150.85,1531569,0.0,0.0
2015-02-10 00:00:00+08:00,151.46,151.46,148.7,148.7,1166973,0.0,0.0
2015-02-11 00:00:00+08:00,150.24,150.85,147.48,147.48,2191567,0.0,0.0
2015-02-12 00:00:00+08:00,147.48,147.78,145.64,147.78,2158301,0.0,0.0
2015-02-13 00:00:00+08:00,148.7,148.7,147.17,147.48,1378545,0.0,0.0
2015-02-24 00:00:00+08:00,149.32,151.46,148.7,150.85,2823622,0.0,0.0
2015-02-25 00:00:00+08:00,152.38,152.69,149.62,150.24,1306690,0.0,0.0
2015-02-26 00:00:00+08:00,147.48,149.62,146.86,147.17,1808342,0.0,0.0
2015-03-02 00:00:00+08:00,149.62,150.54,147.78,149.62,1326650,0.0,0.0
2015-03-03 00:00:00+08:00,150.85,150.85,149.32,150.24,1258787,0.0,0.0
2015-03-04 00:00:00+08:00,150.24,156.98,149.93,155.76,3363863,0.0,0.0
2015-03-05 00:00:00+08:00,155.76,156.06,153.92,155.45,1208222,0.0,0.0
2015-03-06 00:00:00+08:00,155.45,159.44,154.84,158.82,1507617,0.0,0.0
2015-03-09 00:00:00+08:00,158.82,159.13,155.45,156.06,988667,0.0,0.0
2015-03-10 00:00:00+08:00,155.14,156.06,154.53,154.84,1330642,0.0,0.0
2015-03-11 00:00:00+08:00,153.3,153.61,152.08,152.08,895522,0.0,0.0
2015-03-12 00:00:00+08:00,152.08,153.3,150.54,151.77,1131045,0.0,0.0
2015-03-13 00:00:00+08:00,152.38,154.53,152.08,153.3,576168,0.0,0.0
2015-03-16 00:00:00+08:00,153.3,155.14,153.3,153.92,572176,0.0,0.0
2015-03-17 00:00:00+08:00,155.76,158.52,155.14,156.98,1491649,0.0,0.0
2015-03-18 00:00:00+08:00,156.98,160.66,156.37,160.36,1431770,0.0,0.0
2015-03-19 00:00:00+08:00,161.89,163.11,160.66,162.81,1825640,0.0,0.0
2015-03-20 00:00:00+08:00,162.5,164.34,161.27,163.42,1350601,0.0,0.0
2015-03-23 00:00:00+08:00,163.42,163.73,159.74,161.58,1409149,0.0,0.0
2015-03-24 00:00:00+08:00,161.58,166.18,160.36,165.87,1312013,0.0,0.0
2015-03-25 00:00:00+08:00,165.57,170.47,164.34,168.63,2818299,0.0,0.0
2015-03-26 00:00:00+08:00,165.57,168.63,163.73,168.33,1661971,0.0,0.0
2015-03-27 00:00:00+08:00,165.26,165.57,156.68,156.68,3913418,0.0,0.0
2015-03-30 00:00:00+08:00,153.0,156.68,145.94,146.86,5985227,0.0,0.0
2015-03-31 00:00:00+08:00,147.78,148.4,142.88,146.25,3866845,0.0,0.0
2015-04-01 00:00:00+08:00,145.33,145.94,143.19,144.11,2609389,0.0,0.0
2015-04-02 00:00:00+08:00,144.72,153.92,144.72,151.46,3885474,0.0,0.0
2015-04-07 00:00:00+08:00,153.3,153.3,149.62,149.93,1266771,0.0,0.0
2015-04-08 00:00:00+08:00,149.32,151.46,145.64,145.94,1507617,0.0,0.0
2015-04-09 00:00:00+08:00,149.62,151.16,144.41,145.64,2283381,0.0,0.0
2015-04-10 00:00:00+08:00,147.17,150.85,146.56,150.54,1683262,0.0,0.0
2015-04-13 00:00:00+08:00,150.85,151.77,148.4,151.46,923465,0.0,0.0
2015-04-14 00:00:00+08:00,152.08,155.14,151.46,154.84,1618060,0.0,0.0
2015-04-15 00:00:00+08:00,155.76,156.37,153.0,153.3,2085116,0.0,0.0
2015-04-16 00:00:00+08:00,154.22,160.66,153.92,158.52,3655273,0.0,0.0
2015-04-17 00:00:00+08:00,156.98,158.21,151.46,152.08,1649996,0.0,0.0
2015-04-20 00:00:00+08:00,152.08,153.3,149.62,151.77,996650,0.0,0.0
2015-04-21 00:00:00+08:00,152.69,153.3,148.4,149.01,950078,0.0,0.0
2015-04-22 00:00:00+08:00,150.85,156.06,150.54,155.14,2039874,0.0,0.0
2015-04-23 00:00:00+08:00,156.37,157.6,154.53,154.53,1639351,0.0,0.0
2015-04-24 00:00:00+08:00,156.37,158.82,155.76,158.52,1741810,0.0,0.0
2015-04-27 00:00:00+08:00,160.05,163.73,158.52,161.58,2294026,0.0,0.0
2015-04-28 00:00:00+08:00,161.89,163.42,158.21,158.82,1325319,0.0,0.0
2015-04-29 00:00:00+08:00,158.21,159.13,153.3,154.84,2187575,0.0,0.0
2015-04-30 00:00:00+08:00,155.14,158.21,154.53,155.45,1302698,0.0,0.0
2015-05-04 00:00:00+08:00,156.37,158.21,156.06,157.6,1045884,0.0,0.0
2015-05-05 00:00:00+08:00,158.21,158.21,153.3,156.06,963384,0.0,0.0
2015-05-06 00:00:00+08:00,156.06,157.29,154.84,156.68,943425,0.0,0.0
2015-05-07 00:00:00+08:00,156.37,156.37,151.16,151.16,1230843,0.0,0.0
2015-05-08 00:00:00+08:00,151.46,153.3,150.24,150.54,942094,0.0,0.0
2015-05-11 00:00:00+08:00,153.92,153.92,149.32,149.32,940763,0.0,0.0
2015-05-12 00:00:00+08:00,149.62,152.08,148.7,149.32,633385,0.0,0.0
2015-05-13 00:00:00+08:00,149.32,151.46,149.32,150.54,705240,0.0,0.0
2015-05-14 00:00:00+08:00,150.85,153.3,149.62,150.24,1270763,0.0,0.0
2015-05-15 00:00:00+08:00,151.77,153.0,150.24,150.85,1308021,0.0,0.0
2015-05-18 00:00:00+08:00,152.08,152.08,149.93,149.93,971368,0.0,0.0
2015-05-19 00:00:00+08:00,152.08,152.08,149.93,150.24,1008626,0.0,0.0
2015-05-20 00:00:00+08:00,150.24,153.0,150.24,151.16,1378545,0.0,0.0
2015-05-21 00:00:00+08:00,150.24,152.08,147.17,150.24,1612738,0.0,0.0
2015-05-22 00:00:00+08:00,152.08,152.08,147.78,148.4,2030559,0.0,0.0
2015-05-25 00:00:00+08:00,151.16,151.16,147.48,148.09,1583464,0.0,0.0
2015-05-26 00:00:00+08:00,149.32,150.85,147.78,148.4,1492980,0.0,0.0
2015-05-27 00:00:00+08:00,148.4,151.16,147.78,150.24,1403827,0.0,0.0
2015-05-28 00:00:00+08:00,151.46,156.37,150.54,154.22,2015922,0.0,0.0
2015-05-29 00:00:00+08:00,155.45,155.45,151.77,151.77,1196247,0.0,0.0
2015-06-01 00:00:00+08:00,152.08,153.3,148.4,153.3,940763,0.0,0.0
2015-06-02 00:00:00+08:00,153.0,154.84,149.32,153.0,1733826,0.0,0.0
2015-06-03 00:00:00+08:00,153.3,153.92,149.93,150.24,743828,0.0,0.0
2015-06-04 00:00:00+08:00,149.62,150.24,146.86,146.86,982013,0.0,0.0
2015-06-05 00:00:00+08:00,146.56,147.78,144.11,145.33,1117739,0.0,0.0
2015-06-08 00:00:00+08:00,145.33,148.7,144.11,147.17,836973,0.0,0.0
2015-06-09 00:00:00+08:00,145.94,145.94,133.07,133.68,2308663,0.0,0.0
2015-06-10 00:00:00+08:00,134.91,142.27,134.6,141.04,2537534,0.0,0.0
2015-06-11 00:00:00+08:00,141.04,141.35,135.52,140.12,2395155,0.0,0.0
2015-06-12 00:00:00+08:00,139.81,139.81,133.37,134.91,1865560,0.0,0.0
2015-06-15 00:00:00+08:00,135.83,136.75,130.92,131.84,1488988,0.0,0.0
2015-06-16 00:00:00+08:00,129.39,130.0,121.42,122.95,3881482,0.0,0.0
2015-06-17 00:00:00+08:00,125.1,131.53,125.1,129.08,4167570,0.0,0.0
2015-06-18 00:00:00+08:00,130.0,131.84,127.55,130.31,1572818,0.0,0.0
2015-06-22 00:00:00+08:00,130.61,131.84,129.08,130.31,2011930,0.0,0.0
2015-06-23 00:00:00+08:00,132.9,133.53,131.63,132.27,2359228,4.96,0.0
2015-06-24 00:00:00+08:00,133.53,139.23,132.58,137.65,2824953,0.0,0.0
2015-06-25 00:00:00+08:00,138.59,141.76,138.28,139.86,2192898,0.0,0.0
2015-06-26 00:00:00+08:00,139.86,141.44,136.7,137.01,1204231,0.0,0.0
2015-06-29 00:00:00+08:00,133.53,133.85,131.0,132.9,2110398,0.0,0.0
2015-06-30 00:00:00+08:00,131.63,134.16,131.0,134.16,2299349,0.0,0.0
2015-07-01 00:00:00+08:00,134.16,137.01,132.9,136.7,1584794,0.0,0.0
2015-07-02 00:00:00+08:00,137.33,137.96,133.53,134.16,1607415,0.0,0.0
2015-07-03 00:00:00+08:00,132.9,133.85,131.95,133.53,1249472,0.0,0.0
2015-07-06 00:00:00+08:00,132.27,136.06,132.27,134.8,1713866,0.0,0.0
2015-07-07 00:00:00+08:00,136.06,137.96,134.16,134.16,2174269,0.0,0.0
2015-07-08 00:00:00+08:00,132.9,136.06,131.0,131.0,1648665,0.0,0.0
2015-07-09 00:00:00+08:00,133.85,133.85,128.15,128.79,2288704,0.0,0.0
2015-07-10 00:00:00+08:00,128.79,128.79,128.79,128.79,0,0.0,0.0
2015-07-13 00:00:00+08:00,131.32,131.63,129.42,130.05,1719189,0.0,0.0
2015-07-14 00:00:00+08:00,131.63,134.16,131.0,131.63,1740479,0.0,0.0
2015-07-15 00:00:00+08:00,134.16,144.61,134.16,144.61,4868819,0.0,0.0
2015-07-16 00:00:00+08:00,146.82,147.77,141.44,143.02,2734469,0.0,0.0
2015-07-17 00:00:00+08:00,145.56,146.19,141.13,141.13,1991971,0.0,0.0
2015-07-20 00:00:00+08:00,143.02,143.66,141.13,142.39,2051850,0.0,0.0
2015-07-21 00:00:00+08:00,143.34,143.34,137.33,138.91,1261448,0.0,0.0
2015-07-22 00:00:00+08:00,136.38,138.91,135.43,135.43,2053180,0.0,0.0
2015-07-23 00:00:00+08:00,135.43,137.33,132.9,137.01,1161650,0.0,0.0
2015-07-24 00:00:00+08:00,137.01,137.01,131.0,132.9,1949390,0.0,0.0
2015-07-27 00:00:00+08:00,130.68,134.16,127.2,128.79,2445720,0.0,0.0
2015-07-28 00:00:00+08:00,130.05,132.58,128.47,131.63,1604754,0.0,0.0
2015-07-29 00:00:00+08:00,131.32,132.9,129.42,131.0,1137698,0.0,0.0
2015-07-30 00:00:00+08:00,131.0,135.43,131.0,133.22,1495641,0.0,0.0
2015-07-31 00:00:00+08:00,134.8,136.38,133.22,134.8,1308021,0.0,0.0
2015-08-03 00:00:00+08:00,134.8,138.59,131.63,138.59,1894834,0.0,0.0
2015-08-04 00:00:00+08:00,139.23,139.54,132.27,134.48,1755116,0.0,0.0
2015-08-05 00:00:00+08:00,134.48,138.28,133.22,137.65,968707,0.0,0.0
2015-08-06 00:00:00+08:00,138.28,138.91,133.22,133.85,1049876,0.0,0.0
2015-08-07 00:00:00+08:00,132.27,134.8,127.84,134.8,2369873,0.0,0.0
2015-08-10 00:00:00+08:00,134.8,138.91,134.48,137.33,1068505,0.0,0.0
2015-08-11 00:00:00+08:00,139.86,142.08,137.33,137.33,1749794,0.0,0.0
2015-08-12 00:00:00+08:00,138.59,138.91,136.06,138.59,1147013,0.0,0.0
2015-08-13 00:00:00+08:00,139.23,143.66,137.33,141.44,1920116,0.0,0.0
2015-08-14 00:00:00+08:00,140.49,145.87,139.23,145.24,1948059,0.0,0.0
2015-08-17 00:00:00+08:00,145.24,145.56,138.28,138.28,1520923,0.0,0.0
2015-08-18 00:00:00+08:00,138.59,139.86,135.75,136.06,1069836,0.0,0.0
2015-08-19 00:00:00+08:00,135.43,137.65,132.9,133.53,1893503,0.0,0.0
2015-08-20 00:00:00+08:00,132.27,133.53,129.1,130.68,2401808,0.0,0.0
2015-08-21 00:00:00+08:00,128.47,129.73,124.67,124.67,2125035,0.0,0.0
2015-08-24 00:00:00+08:00,124.67,127.84,118.98,125.3,4363175,0.0,0.0
2015-08-25 00:00:00+08:00,125.3,131.0,123.41,125.62,2407131,0.0,0.0
2015-08-26 00:00:00+08:00,125.3,129.1,121.82,127.84,1649996,0.0,0.0
2015-08-27 00:00:00+08:00,129.73,131.32,127.84,128.47,1623383,0.0,0.0
2015-08-28 00:00:00+08:00,131.0,133.22,129.73,131.0,1503625,0.0,0.0
2015-08-31 00:00:00+08:00,132.27,132.27,128.79,131.0,1354593,0.0,0.0
2015-09-01 00:00:00+08:00,131.0,132.27,129.73,130.68,1375883,0.0,0.0
2015-09-02 00:00:00+08:00,130.68,130.68,128.15,128.79,1479673,0.0,0.0
2015-09-03 00:00:00+08:00,129.73,132.58,129.42,130.05,1317335,0.0,0.0
2015-09-04 00:00:00+08:00,131.32,132.58,130.05,130.05,755804,0.0,0.0
2015-09-07 00:00:00+08:00,129.73,132.9,129.73,131.0,517619,0.0,0.0
2015-09-08 00:00:00+08:00,130.05,130.68,127.84,127.84,1832294,0.0,0.0
2015-09-09 00:00:00+08:00,129.42,131.32,129.42,130.05,1904148,0.0,0.0
2015-09-10 00:00:00+08:00,130.68,131.95,129.73,130.05,914151,0.0,0.0
2015-09-11 00:00:00+08:00,130.05,131.32,130.05,130.68,919473,0.0,0.0
2015-09-14 00:00:00+08:00,132.27,137.96,132.27,137.33,2236809,0.0,0.0
2015-09-15 00:00:00+08:00,138.59,139.23,135.75,136.06,1236166,0.0,0.0
2015-09-16 00:00:00+08:00,138.59,141.76,137.96,140.81,2400478,0.0,0.0
2015-09-17 00:00:00+08:00,141.76,145.56,140.81,140.81,2369873,0.0,0.0
2015-09-18 00:00:00+08:00,143.66,143.97,140.49,142.39,1687254,0.0,0.0
2015-09-21 00:00:00+08:00,140.81,141.13,138.59,139.86,1206892,0.0,0.0
2015-09-22 00:00:00+08:00,141.13,143.34,140.18,143.02,891530,0.0,0.0
2015-09-23 00:00:00+08:00,141.13,143.34,139.54,140.49,1425117,0.0,0.0
2015-09-24 00:00:00+08:00,140.49,142.08,137.65,137.65,1241489,0.0,0.0
2015-09-25 00:00:00+08:00,139.23,139.54,136.38,137.33,1009957,0.0,0.0
2015-09-29 00:00:00+08:00,137.33,137.33,137.33,137.33,0,0.0,0.0
2015-09-30 00:00:00+08:00,137.01,142.39,136.06,142.39,1536891,0.0,0.0
2015-10-01 00:00:00+08:00,142.39,144.61,139.86,142.39,1374553,0.0,0.0
2015-10-02 00:00:00+08:00,142.39,143.66,141.13,143.02,683950,0.0,0.0
2015-10-05 00:00:00+08:00,144.29,146.19,142.39,144.61,1438424,0.0,0.0
2015-10-06 00:00:00+08:00,145.56,148.72,144.29,145.56,1820318,0.0,0.0
2015-10-07 00:00:00+08:00,145.56,151.57,143.34,150.62,1933422,0.0,0.0
2015-10-08 00:00:00+08:00,150.62,150.62,145.24,145.24,1699229,0.0,0.0
2015-10-12 00:00:00+08:00,145.24,148.72,145.24,147.45,1300037,0.0,0.0
2015-10-13 00:00:00+08:00,147.45,151.88,146.51,151.57,1700560,0.0,0.0
2015-10-14 00:00:00+08:00,151.57,151.57,143.66,143.66,2451042,0.0,0.0
2015-10-15 00:00:00+08:00,144.61,145.56,143.34,143.97,1111086,0.0,0.0
2015-10-16 00:00:00+08:00,143.97,146.51,143.97,146.51,667982,0.0,0.0
2015-10-19 00:00:00+08:00,147.45,149.35,146.82,147.77,991328,0.0,0.0
2015-10-20 00:00:00+08:00,148.09,149.04,147.14,148.09,781086,0.0,0.0
2015-10-21 00:00:00+08:00,148.72,149.35,146.19,147.45,516289,0.0,0.0
2015-10-22 00:00:00+08:00,147.45,148.09,146.82,148.09,276773,0.0,0.0
2015-10-23 00:00:00+08:00,150.62,151.88,149.04,149.04,1107094,0.0,0.0
2015-10-26 00:00:00+08:00,151.57,153.15,151.25,152.52,1139029,0.0,0.0
2015-10-27 00:00:00+08:00,153.15,153.15,149.35,152.52,799715,0.0,0.0
2015-10-28 00:00:00+08:00,151.88,151.88,149.35,150.62,811691,0.0,0.0
2015-10-29 00:00:00+08:00,151.88,151.88,148.09,149.67,682619,0.0,0.0
2015-10-30 00:00:00+08:00,149.67,149.67,147.77,147.77,702579,0.0,0.0
2015-11-02 00:00:00+08:00,144.29,148.09,142.39,148.09,1222860,0.0,0.0
2015-11-03 00:00:00+08:00,146.82,147.77,144.92,145.56,1504956,0.0,0.0
2015-11-04 00:00:00+08:00,145.56,148.09,143.66,145.56,1693907,0.0,0.0
2015-11-05 00:00:00+08:00,144.92,145.24,143.66,144.29,1208222,0.0,0.0
2015-11-06 00:00:00+08:00,143.66,145.24,141.76,142.39,1305359,0.0,0.0
2015-11-09 00:00:00+08:00,142.08,142.08,137.96,137.96,1415803,0.0,0.0
2015-11-10 00:00:00+08:00,136.7,140.49,136.06,139.54,963384,0.0,0.0
2015-11-11 00:00:00+08:00,139.23,140.49,137.33,137.33,922134,0.0,0.0
2015-11-12 00:00:00+08:00,136.7,137.96,132.9,135.11,1035239,0.0,0.0
2015-11-13 00:00:00+08:00,133.22,135.75,133.22,133.22,811691,0.0,0.0
2015-11-16 00:00:00+08:00,131.0,132.27,130.37,131.95,944755,0.0,0.0
2015-11-17 00:00:00+08:00,138.59,144.61,138.28,143.66,3000597,0.0,0.0
2015-11-18 00:00:00+08:00,142.71,143.02,137.01,137.33,1646004,0.0,0.0
2015-11-19 00:00:00+08:00,138.91,139.23,136.06,138.59,858264,0.0,0.0
2015-11-20 00:00:00+08:00,138.59,139.54,136.7,137.96,799715,0.0,0.0
2015-11-23 00:00:00+08:00,138.91,141.44,137.33,141.44,1088465,0.0,0.0
2015-11-24 00:00:00+08:00,139.23,141.13,137.33,138.59,1031247,0.0,0.0
2015-11-25 00:00:00+08:00,139.23,139.23,136.7,138.59,814352,0.0,0.0
2015-11-26 00:00:00+08:00,139.23,140.49,138.59,139.23,947417,0.0,0.0
2015-11-27 00:00:00+08:00,139.86,140.81,138.28,139.86,565522,0.0,0.0
2015-11-30 00:00:00+08:00,136.7,137.33,135.75,135.75,1709875,0.0,0.0
2015-12-01 00:00:00+08:00,135.75,141.13,134.8,140.49,1361246,0.0,0.0
2015-12-02 00:00:00+08:00,140.49,140.49,137.01,137.65,926126,0.0,0.0
2015-12-03 00:00:00+08:00,135.75,136.7,135.43,136.06,1292053,0.0,0.0
2015-12-04 00:00:00+08:00,135.11,135.11,132.9,134.16,1205561,0.0,0.0
2015-12-07 00:00:00+08:00,134.8,137.33,134.8,136.06,1040562,0.0,0.0
2015-12-08 00:00:00+08:00,136.06,136.7,132.9,132.9,918143,0.0,0.0
2015-12-09 00:00:00+08:00,131.95,133.22,129.73,129.73,1193585,0.0,0.0
2015-12-10 00:00:00+08:00,128.47,131.0,126.57,130.68,1011287,0.0,0.0
2015-12-11 00:00:00+08:00,131.63,134.8,131.63,134.48,1616730,0.0,0.0
2015-12-14 00:00:00+08:00,131.95,131.95,128.47,130.05,774433,0.0,0.0
2015-12-15 00:00:00+08:00,130.68,132.58,130.68,131.32,564192,0.0,0.0
2015-12-16 00:00:00+08:00,132.27,134.16,131.63,131.63,786409,0.0,0.0
2015-12-17 00:00:00+08:00,131.95,136.06,131.63,136.06,1063183,0.0,0.0
2015-12-18 00:00:00+08:00,134.8,137.65,132.9,135.11,1109755,0.0,0.0
2015-12-21 00:00:00+08:00,134.8,137.33,134.16,137.33,725199,0.0,0.0
2015-12-22 00:00:00+08:00,137.33,137.96,132.9,133.85,896852,0.0,0.0
2015-12-23 00:00:00+08:00,134.8,135.43,132.9,133.85,634716,0.0,0.0
2015-12-24 00:00:00+08:00,134.8,135.75,134.16,134.8,391208,0.0,0.0
2015-12-25 00:00:00+08:00,135.43,135.43,134.16,135.11,94475,0.0,0.0
2015-12-28 00:00:00+08:00,135.43,137.33,135.11,135.75,333991,0.0,0.0
2015-12-29 00:00:00+08:00,133.85,135.75,133.53,135.75,300725,0.0,0.0
2015-12-30 00:00:00+08:00,135.75,136.38,133.53,133.53,417821,0.0,0.0
2015-12-31 00:00:00+08:00,134.16,135.43,133.22,133.85,149031,0.0,0.0
2016-01-04 00:00:00+08:00,133.85,133.85,130.05,130.05,886207,0.0,0.0
2016-01-05 00:00:00+08:00,128.47,131.0,128.15,129.1,1079150,0.0,0.0
2016-01-06 00:00:00+08:00,130.68,133.53,129.73,132.58,1262779,0.0,0.0
2016-01-07 00:00:00+08:00,131.0,132.58,128.79,130.05,1455722,0.0,0.0
2016-01-08 00:00:00+08:00,127.2,130.37,127.2,128.47,1280077,0.0,0.0
2016-01-11 00:00:00+08:00,127.52,130.05,126.57,129.73,1091126,0.0,0.0
2016-01-12 00:00:00+08:00,131.63,131.63,128.47,130.68,806369,0.0,0.0
2016-01-13 00:00:00+08:00,131.0,132.58,130.37,132.58,715885,0.0,0.0
2016-01-14 00:00:00+08:00,132.27,133.53,130.37,132.9,914151,0.0,0.0
2016-01-15 00:00:00+08:00,133.53,134.48,132.27,132.9,1019271,0.0,0.0
2016-01-18 00:00:00+08:00,129.1,131.95,129.1,130.37,931449,0.0,0.0
2016-01-19 00:00:00+08:00,130.37,131.95,130.05,130.37,821006,0.0,0.0
2016-01-20 00:00:00+08:00,130.37,131.0,126.89,127.84,1069836,0.0,0.0
2016-01-21 00:00:00+08:00,127.84,128.47,123.09,123.09,1701891,0.0,0.0
2016-01-22 00:00:00+08:00,125.62,128.47,123.41,126.89,1546206,0.0,0.0
2016-01-25 00:00:00+08:00,128.47,130.37,127.84,128.47,1023263,0.0,0.0
2016-01-26 00:00:00+08:00,126.89,128.79,126.57,127.52,1237497,0.0,0.0
2016-01-27 00:00:00+08:00,127.84,131.32,127.84,131.32,1230843,0.0,0.0
2016-01-28 00:00:00+08:00,129.1,130.68,127.2,127.84,1858906,0.0,0.0
2016-01-29 00:00:00+08:00,126.89,128.47,124.99,125.62,4139627,0.0,0.0
2016-02-01 00:00:00+08:00,129.1,133.53,128.79,131.0,2643985,0.0,0.0
2016-02-02 00:00:00+08:00,131.63,135.43,131.32,133.85,1449069,0.0,0.0
2016-02-03 00:00:00+08:00,132.9,133.53,129.73,130.37,1539552,0.0,0.0
2016-02-15 00:00:00+08:00,132.9,132.9,128.47,131.0,1864229,0.0,0.0
2016-02-16 00:00:00+08:00,132.27,132.58,130.05,130.05,1282738,0.0,0.0
2016-02-17 00:00:00+08:00,130.68,131.63,129.42,130.68,763788,0.0,0.0
2016-02-18 00:00:00+08:00,132.27,135.75,131.32,133.85,1526246,0.0,0.0
2016-02-19 00:00:00+08:00,136.06,136.38,134.48,136.38,928788,0.0,0.0
2016-02-22 00:00:00+08:00,136.06,137.96,135.11,137.65,904836,0.0,0.0
2016-02-23 00:00:00+08:00,137.65,140.18,136.38,140.18,1741810,0.0,0.0
2016-02-24 00:00:00+08:00,140.18,140.18,134.16,136.38,1784390,0.0,0.0
2016-02-25 00:00:00+08:00,137.33,138.28,136.7,137.33,930118,0.0,0.0
2016-02-26 00:00:00+08:00,144.29,146.19,143.02,145.56,3371846,0.0,0.0
2016-03-01 00:00:00+08:00,148.72,155.05,147.45,147.45,4866158,0.0,0.0
2016-03-02 00:00:00+08:00,148.4,150.3,144.29,145.56,2946041,0.0,0.0
2016-03-03 00:00:00+08:00,145.56,148.09,143.97,145.56,1353262,0.0,0.0
2016-03-04 00:00:00+08:00,145.87,148.4,145.87,148.4,1515601,0.0,0.0
2016-03-07 00:00:00+08:00,148.4,148.72,145.24,146.19,774433,0.0,0.0
2016-03-08 00:00:00+08:00,146.82,150.62,146.82,149.99,1186932,0.0,0.0
2016-03-09 00:00:00+08:00,148.72,148.72,144.61,145.56,1556851,0.0,0.0
2016-03-10 00:00:00+08:00,146.19,148.72,146.19,148.72,810361,0.0,0.0
2016-03-11 00:00:00+08:00,148.72,150.62,148.72,148.72,560200,0.0,0.0
2016-03-14 00:00:00+08:00,149.04,150.3,148.09,148.72,437781,0.0,0.0
2016-03-15 00:00:00+08:00,148.72,149.99,147.45,148.4,1304029,0.0,0.0
2016-03-16 00:00:00+08:00,149.35,149.67,148.09,148.72,1241489,0.0,0.0
2016-03-17 00:00:00+08:00,151.88,154.73,151.88,154.42,2568139,0.0,0.0
2016-03-18 00:00:00+08:00,154.42,154.73,151.25,154.42,1739149,0.0,0.0
2016-03-21 00:00:00+08:00,154.42,154.42,147.45,148.72,1520923,0.0,0.0
2016-03-22 00:00:00+08:00,149.67,151.25,148.72,151.25,821006,0.0,0.0
2016-03-23 00:00:00+08:00,150.94,153.15,150.3,153.15,1197577,0.0,0.0
2016-03-24 00:00:00+08:00,152.52,152.83,151.25,151.88,948747,0.0,0.0
2016-03-25 00:00:00+08:00,151.88,151.88,148.09,148.72,802377,0.0,0.0
2016-03-28 00:00:00+08:00,147.45,151.88,147.45,149.04,489676,0.0,0.0
2016-03-29 00:00:00+08:00,149.04,150.3,148.4,149.67,405845,0.0,0.0
2016-03-30 00:00:00+08:00,149.35,150.62,148.4,148.72,1403827,0.0,0.0
2016-03-31 00:00:00+08:00,150.3,151.25,149.35,149.67,1719189,0.0,0.0
2016-04-01 00:00:00+08:00,148.4,149.35,146.51,148.72,823667,0.0,0.0
2016-04-06 00:00:00+08:00,145.56,145.56,142.71,143.66,1455722,0.0,0.0
2016-04-07 00:00:00+08:00,142.39,144.92,142.39,143.97,673304,0.0,0.0
2016-04-08 00:00:00+08:00,142.39,143.02,140.81,143.02,1257456,0.0,0.0
2016-04-11 00:00:00+08:00,147.45,147.45,143.66,144.92,815683,0.0,0.0
2016-04-12 00:00:00+08:00,145.87,146.19,141.76,141.76,989997,0.0,0.0
2016-04-13 00:00:00+08:00,142.39,144.61,142.39,144.61,806369,0.0,0.0
2016-04-14 00:00:00+08:00,145.56,149.35,145.24,146.51,1020602,0.0,0.0
2016-04-15 00:00:00+08:00,145.87,148.4,145.87,147.14,517619,0.0,0.0
2016-04-18 00:00:00+08:00,146.51,148.4,145.56,146.51,497660,0.0,0.0
2016-04-19 00:00:00+08:00,146.51,148.72,142.08,142.71,1174956,0.0,0.0
2016-04-20 00:00:00+08:00,144.92,146.51,141.76,141.76,1280077,0.0,0.0
2016-04-21 00:00:00+08:00,143.02,143.66,142.08,143.34,850280,0.0,0.0
2016-04-22 00:00:00+08:00,143.34,143.34,140.18,140.81,675966,0.0,0.0
2016-04-25 00:00:00+08:00,141.13,143.66,140.49,143.66,353950,0.0,0.0
2016-04-26 00:00:00+08:00,143.66,144.61,140.81,142.08,427136,0.0,0.0
2016-04-27 00:00:00+08:00,141.44,145.56,141.44,144.92,999312,0.0,0.0
2016-04-28 00:00:00+08:00,145.56,145.56,141.44,143.02,1029916,0.0,0.0
2016-04-29 00:00:00+08:00,141.76,144.61,141.76,144.29,734514,0.0,0.0
2016-05-03 00:00:00+08:00,146.82,146.82,144.29,145.24,1027255,0.0,0.0
2016-05-04 00:00:00+08:00,144.29,144.92,141.13,141.44,1349271,0.0,0.0
2016-05-05 00:00:00+08:00,139.54,141.13,138.28,139.54,1478343,0.0,0.0
2016-05-06 00:00:00+08:00,139.86,140.18,137.33,138.91,1531569,0.0,0.0
2016-05-09 00:00:00+08:00,139.86,141.13,136.7,138.91,1389190,0.0,0.0
2016-05-10 00:00:00+08:00,136.7,139.23,135.11,138.59,1280077,0.0,0.0
2016-05-11 00:00:00+08:00,138.59,139.54,138.28,138.59,1447738,0.0,0.0
2016-05-12 00:00:00+08:00,138.59,138.91,136.38,137.96,983344,0.0,0.0
2016-05-13 00:00:00+08:00,137.65,141.44,137.01,140.49,1554189,0.0,0.0
2016-05-16 00:00:00+08:00,140.49,143.97,137.96,143.02,1121731,0.0,0.0
2016-05-17 00:00:00+08:00,143.97,145.56,140.81,144.92,1028586,0.0,0.0
2016-05-18 00:00:00+08:00,144.92,145.56,142.39,144.92,908828,0.0,0.0
2016-05-19 00:00:00+08:00,144.61,144.61,141.44,144.29,670643,0.0,0.0
2016-05-20 00:00:00+08:00,144.29,144.92,142.39,142.39,411168,0.0,0.0
2016-05-23 00:00:00+08:00,143.66,148.72,142.08,147.77,1071166,0.0,0.0
2016-05-24 00:00:00+08:00,146.51,147.77,146.19,146.51,339313,0.0,0.0
2016-05-25 00:00:00+08:00,147.77,149.67,147.45,149.67,903505,0.0,0.0
2016-05-26 00:00:00+08:00,148.72,150.62,147.77,149.99,675966,0.0,0.0
2016-05-27 00:00:00+08:00,150.62,152.2,150.3,152.2,1165642,0.0,0.0
2016-05-30 00:00:00+08:00,153.15,153.15,150.3,153.15,1331972,0.0,0.0
2016-05-31 00:00:00+08:00,150.94,152.83,150.3,152.52,1350601,0.0,0.0
2016-06-01 00:00:00+08:00,152.52,155.05,152.2,154.42,1250803,0.0,0.0
2016-06-02 00:00:00+08:00,154.42,154.73,153.47,153.78,633385,0.0,0.0
2016-06-03 00:00:00+08:00,155.05,155.05,154.1,155.05,1169634,0.0,0.0
2016-06-06 00:00:00+08:00,153.78,155.05,153.15,155.05,562861,0.0,0.0
2016-06-07 00:00:00+08:00,156.31,160.43,156.0,160.11,1526246,0.0,0.0
2016-06-08 00:00:00+08:00,161.06,163.28,158.21,161.06,1743141,0.0,0.0
2016-06-13 00:00:00+08:00,160.11,160.74,156.95,157.9,1910801,0.0,0.0
2016-06-14 00:00:00+08:00,155.68,156.95,155.05,156.0,1477012,0.0,0.0
2016-06-15 00:00:00+08:00,155.68,158.21,154.1,156.95,830320,0.0,0.0
2016-06-16 00:00:00+08:00,156.31,156.95,152.52,153.78,734514,0.0,0.0
2016-06-17 00:00:00+08:00,153.78,156.0,153.78,155.68,844957,0.0,0.0
2016-06-20 00:00:00+08:00,156.31,157.26,155.37,156.95,846288,0.0,0.0
2016-06-21 00:00:00+08:00,157.58,158.85,157.26,158.53,1342617,0.0,0.0
2016-06-22 00:00:00+08:00,156.63,157.58,153.78,153.78,1389190,0.0,0.0
2016-06-23 00:00:00+08:00,154.42,155.68,152.83,153.78,590805,0.0,0.0
2016-06-24 00:00:00+08:00,153.78,155.05,146.51,149.35,1576810,0.0,0.0
2016-06-27 00:00:00+08:00,147.14,149.35,147.14,148.72,848949,0.0,0.0
2016-06-28 00:00:00+08:00,148.4,151.57,148.4,151.57,1321327,0.0,0.0
2016-06-29 00:00:00+08:00,151.57,153.15,149.99,150.94,1546206,0.0,0.0
2016-06-30 00:00:00+08:00,155.56,161.09,153.93,159.14,1989309,4.96,0.0
2016-07-01 00:00:00+08:00,159.46,160.76,157.51,157.83,718546,0.0,0.0
2016-07-04 00:00:00+08:00,159.14,161.09,157.51,160.44,461732,0.0,0.0
2016-07-05 00:00:00+08:00,161.09,161.09,159.46,161.09,423144,0.0,0.0
2016-07-06 00:00:00+08:00,159.46,159.46,155.56,157.18,1166973,0.0,0.0
2016-07-07 00:00:00+08:00,158.16,159.46,157.51,158.48,383224,0.0,0.0
2016-07-08 00:00:00+08:00,158.48,158.48,158.48,158.48,0,0.0,0.0
2016-07-11 00:00:00+08:00,160.76,163.37,157.51,163.37,1140360,0.0,0.0
2016-07-12 00:00:00+08:00,164.02,166.3,162.06,163.04,1508948,0.0,0.0
2016-07-13 00:00:00+08:00,162.39,162.39,158.81,160.76,1272093,0.0,0.0
2016-07-14 00:00:00+08:00,160.76,163.37,160.44,163.37,1020602,0.0,0.0
2016-07-15 00:00:00+08:00,161.74,165.64,161.74,165.64,874231,0.0,0.0
2016-07-18 00:00:00+08:00,164.02,165.64,160.44,161.41,955400,0.0,0.0
2016-07-19 00:00:00+08:00,162.06,164.67,161.41,164.67,1007296,0.0,0.0
2016-07-20 00:00:00+08:00,164.67,167.27,163.69,166.62,1284069,0.0,0.0
2016-07-21 00:00:00+08:00,167.27,168.25,165.32,168.25,795723,0.0,0.0
2016-07-22 00:00:00+08:00,167.92,167.92,161.41,162.06,1238827,0.0,0.0
2016-07-25 00:00:00+08:00,164.34,165.97,161.74,163.69,872901,0.0,0.0
2016-07-26 00:00:00+08:00,163.37,164.99,162.72,164.99,582821,0.0,0.0
2016-07-27 00:00:00+08:00,164.99,164.99,161.74,164.67,928788,0.0,0.0
2016-07-28 00:00:00+08:00,165.32,165.32,162.39,163.04,608103,0.0,0.0
2016-07-29 00:00:00+08:00,163.04,163.69,160.44,161.41,855602,0.0,0.0
2016-08-01 00:00:00+08:00,164.67,164.67,161.41,162.06,975360,0.0,0.0
2016-08-02 00:00:00+08:00,163.69,163.69,156.53,160.11,2381849,0.0,0.0
2016-08-03 00:00:00+08:00,159.14,160.76,156.21,160.11,1791044,0.0,0.0
2016-08-04 00:00:00+08:00,160.11,160.76,158.81,160.76,1403827,0.0,0.0
2016-08-05 00:00:00+08:00,160.76,163.37,159.79,162.72,864917,0.0,0.0
2016-08-08 00:00:00+08:00,164.34,164.34,163.04,164.34,633385,0.0,0.0
2016-08-09 00:00:00+08:00,164.34,165.64,162.39,164.99,778425,0.0,0.0
2016-08-10 00:00:00+08:00,165.32,165.97,164.02,165.97,741167,0.0,0.0
2016-08-11 00:00:00+08:00,165.64,167.6,164.02,167.6,1141690,0.0,0.0
2016-08-12 00:00:00+08:00,167.6,168.25,166.62,168.25,769111,0.0,0.0
2016-08-15 00:00:00+08:00,168.25,168.57,165.97,167.92,867578,0.0,0.0
2016-08-16 00:00:00+08:00,167.92,167.92,166.3,167.92,671974,0.0,0.0
2016-08-17 00:00:00+08:00,166.62,168.25,165.32,166.95,832981,0.0,0.0
2016-08-18 00:00:00+08:00,165.97,165.97,163.37,164.99,747820,0.0,0.0
2016-08-19 00:00:00+08:00,164.02,164.67,162.72,162.72,856933,0.0,0.0
2016-08-22 00:00:00+08:00,162.72,165.97,162.39,165.64,830320,0.0,0.0
2016-08-23 00:00:00+08:00,164.67,165.64,164.02,164.34,911489,0.0,0.0
2016-08-24 00:00:00+08:00,166.62,169.22,164.67,169.22,992658,0.0,0.0
2016-08-25 00:00:00+08:00,169.22,169.22,167.92,168.25,650683,0.0,0.0
2016-08-26 00:00:00+08:00,167.92,169.22,167.27,169.22,448426,0.0,0.0
2016-08-29 00:00:00+08:00,169.22,169.22,165.32,168.25,324676,0.0,0.0
2016-08-30 00:00:00+08:00,167.27,169.22,167.27,168.9,576168,0.0,0.0
2016-08-31 00:00:00+08:00,167.92,171.18,167.92,168.57,1031247,0.0,0.0
2016-09-01 00:00:00+08:00,171.18,180.29,171.18,177.69,1918785,0.0,0.0
2016-09-02 00:00:00+08:00,177.69,178.34,175.08,177.36,693264,0.0,0.0
2016-09-05 00:00:00+08:00,175.73,180.94,175.73,177.69,926126,0.0,0.0
2016-09-06 00:00:00+08:00,178.66,183.54,177.69,182.24,908828,0.0,0.0
2016-09-07 00:00:00+08:00,183.22,185.17,182.24,182.89,593466,0.0,0.0
2016-09-08 00:00:00+08:00,184.52,188.42,183.54,186.8,1474351,0.0,0.0
2016-09-09 00:00:00+08:00,184.84,184.84,180.29,180.94,1200239,0.0,0.0
2016-09-12 00:00:00+08:00,176.38,178.01,172.8,173.13,1116408,0.0,0.0
2016-09-13 00:00:00+08:00,175.08,176.06,168.57,170.53,1325319,0.0,0.0
2016-09-14 00:00:00+08:00,169.87,174.11,169.22,171.5,1377214,0.0,0.0
2016-09-19 00:00:00+08:00,170.85,170.85,167.92,169.55,1651326,0.0,0.0
2016-09-20 00:00:00+08:00,168.9,172.15,166.3,167.27,1503625,0.0,0.0
2016-09-21 00:00:00+08:00,166.95,171.83,166.62,171.18,1095118,0.0,0.0
2016-09-22 00:00:00+08:00,171.18,171.5,168.9,171.18,548224,0.0,0.0
2016-09-23 00:00:00+08:00,171.5,172.15,169.87,171.5,528264,0.0,0.0
2016-09-26 00:00:00+08:00,171.18,172.15,170.53,171.83,574837,0.0,0.0
2016-09-27 00:00:00+08:00,171.83,171.83,171.83,171.83,0,0.0,0.0
2016-09-29 00:00:00+08:00,171.5,180.29,170.85,179.96,2071809,0.0,0.0
2016-09-30 00:00:00+08:00,178.99,178.99,173.45,176.38,1401166,0.0,0.0
2016-10-03 00:00:00+08:00,175.73,177.03,175.08,175.73,633385,0.0,0.0
2016-10-04 00:00:00+08:00,176.06,177.03,173.45,177.03,761127,0.0,0.0
2016-10-05 00:00:00+08:00,174.43,175.73,171.83,171.83,934110,0.0,0.0
2016-10-06 00:00:00+08:00,173.13,174.11,171.18,173.13,1108424,0.0,0.0
2016-10-07 00:00:00+08:00,173.13,173.45,170.85,172.15,549555,0.0,0.0
2016-10-11 00:00:00+08:00,173.78,173.78,166.62,169.87,1132376,0.0,0.0
2016-10-12 00:00:00+08:00,169.22,171.18,166.62,170.85,606772,0.0,0.0
2016-10-13 00:00:00+08:00,170.2,170.53,164.67,167.27,1580802,0.0,0.0
2016-10-14 00:00:00+08:00,165.32,168.57,165.32,167.6,667982,0.0,0.0
2016-10-17 00:00:00+08:00,166.62,169.22,163.37,167.27,745159,0.0,0.0
2016-10-18 00:00:00+08:00,165.32,167.27,164.99,167.27,576168,0.0,0.0
2016-10-19 00:00:00+08:00,165.64,168.25,165.64,168.25,613425,0.0,0.0
2016-10-20 00:00:00+08:00,168.25,168.25,165.97,166.62,368587,0.0,0.0
2016-10-21 00:00:00+08:00,166.95,167.92,166.3,166.3,279434,0.0,0.0
2016-10-24 00:00:00+08:00,166.3,167.27,165.32,165.32,311370,0.0,0.0
2016-10-25 00:00:00+08:00,165.32,168.9,164.99,168.9,387216,0.0,0.0
2016-10-26 00:00:00+08:00,169.22,169.22,166.95,167.27,252821,0.0,0.0
2016-10-27 00:00:00+08:00,167.27,167.6,164.67,165.64,657337,0.0,0.0
2016-10-28 00:00:00+08:00,165.64,166.95,165.64,166.3,312700,0.0,0.0
2016-10-31 00:00:00+08:00,165.32,168.57,164.34,167.27,1065844,0.0,0.0
2016-11-01 00:00:00+08:00,168.57,168.57,166.3,167.27,638708,0.0,0.0
2016-11-02 00:00:00+08:00,168.25,168.25,164.99,166.3,884876,0.0,0.0
2016-11-03 00:00:00+08:00,164.99,166.95,159.46,161.74,1005965,0.0,0.0
2016-11-04 00:00:00+08:00,161.41,164.02,159.46,163.37,613425,0.0,0.0
2016-11-07 00:00:00+08:00,164.02,165.97,164.02,164.67,582821,0.0,0.0
2016-11-08 00:00:00+08:00,163.37,164.99,160.11,160.44,1526246,0.0,0.0
2016-11-09 00:00:00+08:00,163.04,164.34,157.83,161.41,1865560,0.0,0.0
2016-11-10 00:00:00+08:00,164.02,165.97,163.04,165.64,966046,0.0,0.0
2016-11-11 00:00:00+08:00,160.44,163.04,158.48,160.44,1659310,0.0,0.0
2016-11-14 00:00:00+08:00,160.11,161.41,157.51,160.11,984675,0.0,0.0
2016-11-15 00:00:00+08:00,158.48,161.09,158.48,160.11,939433,0.0,0.0
2016-11-16 00:00:00+08:00,161.41,163.04,159.79,161.41,993989,0.0,0.0
2016-11-17 00:00:00+08:00,162.06,163.04,160.76,162.06,711893,0.0,0.0
2016-11-18 00:00:00+08:00,160.44,163.04,160.11,162.72,557539,0.0,0.0
2016-11-21 00:00:00+08:00,161.74,163.04,160.44,162.72,476369,0.0,0.0
2016-11-22 00:00:00+08:00,161.74,165.97,161.74,164.02,778425,0.0,0.0
2016-11-23 00:00:00+08:00,164.67,166.62,164.67,166.3,722538,0.0,0.0
2016-11-24 00:00:00+08:00,166.3,166.3,164.34,165.64,287418,0.0,0.0
2016-11-25 00:00:00+08:00,164.67,164.67,163.37,164.34,335321,0.0,0.0
2016-11-28 00:00:00+08:00,164.34,167.27,164.34,166.95,377902,0.0,0.0
2016-11-29 00:00:00+08:00,167.92,167.92,165.97,166.95,463063,0.0,0.0
2016-11-30 00:00:00+08:00,167.92,167.92,165.64,166.95,1099110,0.0,0.0
2016-12-01 00:00:00+08:00,166.95,167.27,164.34,166.62,479031,0.0,0.0
2016-12-02 00:00:00+08:00,164.34,165.97,164.02,164.99,624071,0.0,0.0
2016-12-05 00:00:00+08:00,164.99,165.64,163.37,163.69,324676,0.0,0.0
2016-12-06 00:00:00+08:00,165.32,165.97,164.67,164.99,494998,0.0,0.0
2016-12-07 00:00:00+08:00,164.99,164.99,162.39,163.37,706570,0.0,0.0
2016-12-08 00:00:00+08:00,164.67,166.62,164.34,166.62,1457053,0.0,0.0
2016-12-09 00:00:00+08:00,166.62,168.57,165.64,168.57,637377,0.0,0.0
2016-12-12 00:00:00+08:00,168.57,168.57,165.32,166.95,573506,0.0,0.0
2016-12-13 00:00:00+08:00,165.32,165.64,163.37,164.02,592135,0.0,0.0
2016-12-14 00:00:00+08:00,164.34,165.32,164.02,164.02,570845,0.0,0.0
2016-12-15 00:00:00+08:00,163.37,163.69,162.06,163.37,589474,0.0,0.0
2016-12-16 00:00:00+08:00,164.02,164.67,161.74,162.72,1115078,0.0,0.0
2016-12-19 00:00:00+08:00,162.72,162.72,160.76,161.41,345966,0.0,0.0
2016-12-20 00:00:00+08:00,161.41,164.02,160.76,163.69,457740,0.0,0.0
2016-12-21 00:00:00+08:00,162.72,163.37,162.06,162.06,480361,0.0,0.0
2016-12-22 00:00:00+08:00,161.41,162.72,161.09,162.06,292741,0.0,0.0
2016-12-23 00:00:00+08:00,162.06,162.06,161.09,161.09,409837,0.0,0.0
2016-12-26 00:00:00+08:00,161.09,161.41,160.44,161.09,119757,0.0,0.0
2016-12-27 00:00:00+08:00,161.74,162.06,160.11,161.41,202257,0.0,0.0
2016-12-28 00:00:00+08:00,160.76,162.72,160.76,162.06,337983,0.0,0.0
2016-12-29 00:00:00+08:00,162.06,162.06,160.11,160.44,514958,0.0,0.0
2016-12-30 00:00:00+08:00,162.06,165.64,161.74,165.64,608103,0.0,0.0
2017-01-03 00:00:00+08:00,165.64,165.64,163.37,164.34,256813,0.0,0.0
2017-01-04 00:00:00+08:00,165.64,165.97,161.41,162.72,473708,0.0,0.0
2017-01-05 00:00:00+08:00,163.37,164.99,162.72,164.67,469716,0.0,0.0
2017-01-06 00:00:00+08:00,164.99,167.92,164.67,167.27,604111,0.0,0.0
2017-01-09 00:00:00+08:00,167.92,168.57,166.3,167.6,296733,0.0,0.0
2017-01-10 00:00:00+08:00,167.6,168.57,166.62,167.27,590805,0.0,0.0
2017-01-11 00:00:00+08:00,167.92,168.25,167.27,167.92,424474,0.0,0.0
2017-01-12 00:00:00+08:00,168.25,171.83,168.25,170.53,1296045,0.0,0.0
2017-01-13 00:00:00+08:00,171.83,173.13,169.87,173.13,779756,0.0,0.0
2017-01-16 00:00:00+08:00,171.83,172.8,169.55,170.53,228870,0.0,0.0
2017-01-17 00:00:00+08:00,170.53,172.8,170.53,171.5,279434,0.0,0.0
2017-01-18 00:00:00+08:00,171.83,173.13,170.53,171.18,713224,0.0,0.0
2017-01-19 00:00:00+08:00,171.18,172.48,169.55,171.83,931449,0.0,0.0
2017-01-20 00:00:00+08:00,171.83,172.48,171.18,172.48,433789,0.0,0.0
2017-01-23 00:00:00+08:00,173.78,174.43,172.48,173.45,479031,0.0,0.0
2017-01-24 00:00:00+08:00,172.8,173.45,171.18,172.48,662659,0.0,0.0
2017-02-02 00:00:00+08:00,172.48,174.43,169.22,169.22,1623383,0.0,0.0
2017-02-03 00:00:00+08:00,169.87,170.53,168.9,169.22,814352,0.0,0.0
2017-02-06 00:00:00+08:00,168.57,173.78,168.57,172.48,514958,0.0,0.0
2017-02-07 00:00:00+08:00,171.83,172.48,168.25,171.18,702579,0.0,0.0
2017-02-08 00:00:00+08:00,170.2,172.48,168.9,171.18,624071,0.0,0.0
2017-02-09 00:00:00+08:00,173.13,175.73,172.8,175.73,943425,0.0,0.0
2017-02-10 00:00:00+08:00,177.03,178.01,175.73,177.03,1254795,0.0,0.0
2017-02-13 00:00:00+08:00,175.73,175.73,172.8,174.11,564192,0.0,0.0
2017-02-14 00:00:00+08:00,175.41,175.41,174.11,175.08,397861,0.0,0.0
2017-02-15 00:00:00+08:00,175.73,177.69,175.73,176.71,894191,0.0,0.0
2017-02-16 00:00:00+08:00,177.03,177.03,173.13,174.43,750482,0.0,0.0
2017-02-17 00:00:00+08:00,175.08,175.73,172.15,172.8,487014,0.0,0.0
2017-02-20 00:00:00+08:00,173.78,173.78,171.83,172.48,477700,0.0,0.0
2017-02-21 00:00:00+08:00,174.11,174.11,172.48,173.13,465724,0.0,0.0
2017-02-22 00:00:00+08:00,174.43,175.41,174.11,174.43,786409,0.0,0.0
2017-02-23 00:00:00+08:00,175.41,175.41,173.13,173.78,494998,0.0,0.0
2017-02-24 00:00:00+08:00,173.78,177.03,170.2,170.2,1250803,0.0,0.0
2017-03-01 00:00:00+08:00,169.55,170.85,168.25,168.25,1289392,0.0,0.0
2017-03-02 00:00:00+08:00,168.9,169.55,166.95,168.9,1230843,0.0,0.0
2017-03-03 00:00:00+08:00,168.9,170.85,165.97,167.27,674635,0.0,0.0
2017-03-06 00:00:00+08:00,167.27,167.27,164.67,165.32,524272,0.0,0.0
2017-03-07 00:00:00+08:00,166.62,167.6,164.02,164.34,1300037,0.0,0.0
2017-03-08 00:00:00+08:00,164.34,167.6,164.34,167.6,1374553,0.0,0.0
2017-03-09 00:00:00+08:00,167.27,167.6,164.34,167.6,1294714,0.0,0.0
2017-03-10 00:00:00+08:00,167.6,167.6,164.99,165.32,1149674,0.0,0.0
2017-03-13 00:00:00+08:00,165.32,168.25,165.32,167.6,1013949,0.0,0.0
2017-03-14 00:00:00+08:00,166.3,168.9,166.3,166.62,795723,0.0,0.0
2017-03-15 00:00:00+08:00,166.62,166.95,165.32,166.62,534918,0.0,0.0
2017-03-16 00:00:00+08:00,168.9,170.2,168.57,170.2,811691,0.0,0.0
2017-03-17 00:00:00+08:00,169.22,169.87,167.92,169.87,927457,0.0,0.0
2017-03-20 00:00:00+08:00,169.87,169.87,167.27,168.57,610764,0.0,0.0
2017-03-21 00:00:00+08:00,168.9,170.2,168.57,170.2,874231,0.0,0.0
2017-03-22 00:00:00+08:00,166.62,167.6,165.32,166.95,1410480,0.0,0.0
2017-03-23 00:00:00+08:00,168.57,168.57,165.64,167.92,926126,0.0,0.0
2017-03-24 00:00:00+08:00,168.25,168.25,166.95,167.92,787740,0.0,0.0
2017-03-27 00:00:00+08:00,167.92,167.92,165.32,165.97,1351932,0.0,0.0
2017-03-28 00:00:00+08:00,167.6,167.6,159.46,163.37,2053180,0.0,0.0
2017-03-29 00:00:00+08:00,161.41,163.37,160.76,162.06,1836286,0.0,0.0
2017-03-30 00:00:00+08:00,163.37,163.69,160.76,163.37,791732,0.0,0.0
2017-03-31 00:00:00+08:00,162.39,165.32,162.39,165.32,1335964,0.0,0.0
2017-04-05 00:00:00+08:00,166.62,166.62,161.41,162.72,1053868,0.0,0.0
2017-04-06 00:00:00+08:00,163.69,163.69,161.74,162.06,537579,0.0,0.0
2017-04-07 00:00:00+08:00,162.06,163.04,161.41,162.39,927457,0.0,0.0
2017-04-10 00:00:00+08:00,161.41,163.37,161.41,163.04,637377,0.0,0.0
2017-04-11 00:00:00+08:00,164.99,164.99,161.41,161.74,814352,0.0,0.0
2017-04-12 00:00:00+08:00,160.44,161.74,159.46,160.11,775764,0.0,0.0
2017-04-13 00:00:00+08:00,159.79,161.41,158.81,160.76,669312,0.0,0.0
2017-04-14 00:00:00+08:00,160.76,161.09,159.46,160.76,429797,0.0,0.0
2017-04-17 00:00:00+08:00,160.76,161.74,159.79,161.41,306047,0.0,0.0
2017-04-18 00:00:00+08:00,161.41,161.41,158.81,158.81,556208,0.0,0.0
2017-04-19 00:00:00+08:00,157.51,157.83,151.0,154.25,1844269,0.0,0.0
2017-04-20 00:00:00+08:00,153.28,154.91,152.95,153.93,1410480,0.0,0.0
2017-04-21 00:00:00+08:00,154.58,161.41,154.58,161.41,1120400,0.0,0.0
2017-04-24 00:00:00+08:00,160.76,160.76,155.23,155.56,682619,0.0,0.0
2017-04-25 00:00:00+08:00,157.18,158.81,155.88,157.51,997981,0.0,0.0
2017-04-26 00:00:00+08:00,158.81,158.81,156.53,158.16,1461044,0.0,0.0
2017-04-27 00:00:00+08:00,158.16,159.46,156.86,158.48,670643,0.0,0.0
2017-04-28 00:00:00+08:00,158.48,159.79,157.83,158.81,757135,0.0,0.0
2017-05-02 00:00:00+08:00,159.79,160.44,158.81,159.14,561530,0.0,0.0
2017-05-03 00:00:00+08:00,159.46,160.11,158.16,159.14,303386,0.0,0.0
2017-05-04 00:00:00+08:00,159.14,160.11,157.18,158.16,669312,0.0,0.0
2017-05-05 00:00:00+08:00,157.51,158.48,156.21,156.21,467055,0.0,0.0
2017-05-08 00:00:00+08:00,158.16,158.16,152.3,152.3,1355924,0.0,0.0
2017-05-09 00:00:00+08:00,152.95,154.25,152.63,153.6,641369,0.0,0.0
2017-05-10 00:00:00+08:00,155.56,159.46,153.93,158.16,1065844,0.0,0.0
2017-05-11 00:00:00+08:00,158.81,158.81,155.56,155.88,504313,0.0,0.0
2017-05-12 00:00:00+08:00,157.83,159.14,156.21,157.51,550885,0.0,0.0
2017-05-15 00:00:00+08:00,159.79,159.79,157.83,158.16,870239,0.0,0.0
2017-05-16 00:00:00+08:00,158.81,159.14,156.86,158.48,509635,0.0,0.0
2017-05-17 00:00:00+08:00,158.81,159.79,156.86,159.79,666651,0.0,0.0
2017-05-18 00:00:00+08:00,158.16,158.16,156.21,156.86,699917,0.0,0.0
2017-05-19 00:00:00+08:00,156.86,156.86,156.21,156.53,514958,0.0,0.0
2017-05-22 00:00:00+08:00,155.88,157.51,155.56,156.21,401853,0.0,0.0
2017-05-23 00:00:00+08:00,154.91,156.86,154.91,156.86,589474,0.0,0.0
2017-05-24 00:00:00+08:00,156.86,158.48,156.21,157.83,721207,0.0,0.0
2017-05-25 00:00:00+08:00,157.83,159.14,157.51,159.14,767780,0.0,0.0
2017-05-26 00:00:00+08:00,160.11,160.11,159.14,159.46,863586,0.0,0.0
2017-05-31 00:00:00+08:00,160.44,161.09,158.81,158.81,1390520,0.0,0.0
2017-06-01 00:00:00+08:00,160.11,160.76,158.81,160.44,605442,0.0,0.0
2017-06-02 00:00:00+08:00,160.76,161.09,159.79,161.09,661329,0.0,0.0
2017-06-05 00:00:00+08:00,160.76,162.39,160.76,161.74,899514,0.0,0.0
2017-06-06 00:00:00+08:00,161.74,162.06,161.41,162.06,347297,0.0,0.0
2017-06-07 00:00:00+08:00,162.72,164.34,162.39,164.34,967376,0.0,0.0
2017-06-08 00:00:00+08:00,165.32,165.32,162.72,164.02,605442,0.0,0.0
2017-06-09 00:00:00+08:00,164.02,164.02,160.11,160.76,605442,0.0,0.0
2017-06-12 00:00:00+08:00,161.74,161.74,157.51,158.16,679958,0.0,0.0
2017-06-13 00:00:00+08:00,158.16,158.81,156.21,156.86,1433101,0.0,0.0
2017-06-14 00:00:00+08:00,157.51,157.83,154.58,155.23,1423787,0.0,0.0
2017-06-15 00:00:00+08:00,155.23,156.86,154.91,155.56,892860,0.0,0.0
2017-06-16 00:00:00+08:00,156.86,157.51,155.23,155.23,1151005,0.0,0.0
2017-06-19 00:00:00+08:00,155.56,155.88,154.25,154.58,1254795,0.0,0.0
2017-06-20 00:00:00+08:00,155.56,157.51,155.23,155.88,691933,0.0,0.0
2017-06-21 00:00:00+08:00,155.88,157.83,155.23,157.18,900844,0.0,0.0
2017-06-22 00:00:00+08:00,158.48,158.48,157.51,157.51,600119,0.0,0.0
2017-06-23 00:00:00+08:00,157.51,157.51,155.56,156.21,827659,0.0,0.0
2017-06-26 00:00:00+08:00,156.21,158.16,156.21,157.83,1366569,0.0,0.0
2017-06-27 00:00:00+08:00,158.48,158.81,157.18,157.51,819675,0.0,0.0
2017-06-28 00:00:00+08:00,156.86,158.16,155.88,157.51,878223,0.0,0.0
2017-06-29 00:00:00+08:00,158.81,158.81,157.51,158.16,1655318,0.0,0.0
2017-06-30 00:00:00+08:00,158.44,163.6,158.07,158.81,2563384,5.21,1.1
2017-07-03 00:00:00+08:00,159.91,160.65,158.81,159.55,856477,0.0,0.0
2017-07-04 00:00:00+08:00,159.55,160.28,158.44,158.81,1112937,0.0,0.0
2017-07-05 00:00:00+08:00,158.44,158.81,156.6,157.33,1266570,0.0,0.0
2017-07-06 00:00:00+08:00,157.7,158.07,155.86,156.6,1016159,0.0,0.0
2017-07-07 00:00:00+08:00,156.23,156.97,155.49,155.86,1785538,0.0,0.0
2017-07-10 00:00:00+08:00,156.23,156.23,154.76,155.49,722199,0.0,0.0
2017-07-11 00:00:00+08:00,157.7,163.23,157.7,162.49,1901670,0.0,0.0
2017-07-12 00:00:00+08:00,163.23,164.7,161.39,161.39,1383913,0.0,0.0
2017-07-13 00:00:00+08:00,164.34,164.34,162.86,163.6,837122,0.0,0.0
2017-07-14 00:00:00+08:00,163.97,167.28,163.97,166.55,1258102,0.0,0.0
2017-07-17 00:00:00+08:00,167.28,167.28,165.07,165.81,1660937,0.0,0.0
2017-07-18 00:00:00+08:00,165.81,165.81,163.6,165.07,1066967,0.0,0.0
2017-07-19 00:00:00+08:00,163.97,167.28,163.97,166.91,797201,0.0,0.0
2017-07-20 00:00:00+08:00,168.02,168.02,165.81,166.91,650826,0.0,0.0
2017-07-21 00:00:00+08:00,166.18,167.28,165.81,166.91,382269,0.0,0.0
2017-07-24 00:00:00+08:00,166.91,169.49,165.81,167.28,945996,0.0,0.0
2017-07-25 00:00:00+08:00,167.28,170.6,166.55,170.6,1085113,0.0,0.0
2017-07-26 00:00:00+08:00,170.97,172.07,167.65,167.65,1270199,0.0,0.0
2017-07-27 00:00:00+08:00,168.76,172.44,168.39,172.07,1567789,0.0,0.0
2017-07-28 00:00:00+08:00,171.34,171.34,165.07,165.81,2537980,0.0,0.0
2017-07-31 00:00:00+08:00,167.28,168.76,166.55,168.39,1335524,0.0,0.0
2017-08-01 00:00:00+08:00,169.49,170.97,165.81,170.97,1630694,0.0,0.0
2017-08-02 00:00:00+08:00,170.23,171.7,168.76,171.7,816557,0.0,0.0
2017-08-03 00:00:00+08:00,168.76,169.86,168.76,169.13,1025837,0.0,0.0
2017-08-04 00:00:00+08:00,169.13,169.49,167.65,168.39,927850,0.0,0.0
2017-08-07 00:00:00+08:00,168.39,168.76,167.65,168.76,825025,0.0,0.0
2017-08-08 00:00:00+08:00,168.76,168.76,167.65,168.02,852848,0.0,0.0
2017-08-09 00:00:00+08:00,166.55,168.76,166.55,168.02,683488,0.0,0.0
2017-08-10 00:00:00+08:00,168.02,168.02,161.39,164.34,1521820,0.0,0.0
2017-08-11 00:00:00+08:00,162.12,164.7,162.12,164.34,679859,0.0,0.0
2017-08-14 00:00:00+08:00,164.34,165.07,162.12,162.49,555258,0.0,0.0
2017-08-15 00:00:00+08:00,163.6,164.34,162.86,164.34,241942,0.0,0.0
2017-08-16 00:00:00+08:00,163.6,163.97,159.91,161.39,752442,0.0,0.0
2017-08-17 00:00:00+08:00,161.76,165.44,161.76,164.7,770587,0.0,0.0
2017-08-18 00:00:00+08:00,162.86,165.07,161.39,163.97,1267780,0.0,0.0
2017-08-21 00:00:00+08:00,163.97,163.97,161.39,163.6,527620,0.0,0.0
2017-08-22 00:00:00+08:00,163.97,168.02,163.97,166.91,791370,0.0,0.0
2017-08-23 00:00:00+08:00,166.91,167.28,165.81,166.18,730047,0.0,0.0
2017-08-24 00:00:00+08:00,166.18,169.13,166.18,169.13,1050576,0.0,0.0
2017-08-25 00:00:00+08:00,168.02,169.13,167.28,169.13,579425,0.0,0.0
2017-08-28 00:00:00+08:00,169.49,169.49,168.02,168.76,342433,0.0,0.0
2017-08-29 00:00:00+08:00,168.02,168.02,165.81,167.28,437680,0.0,0.0
2017-08-30 00:00:00+08:00,166.91,168.02,165.44,166.55,525665,0.0,0.0
2017-08-31 00:00:00+08:00,166.55,166.55,163.6,163.97,906861,0.0,0.0
2017-09-01 00:00:00+08:00,163.97,165.81,162.86,162.86,748169,0.0,0.0
2017-09-04 00:00:00+08:00,162.86,165.07,162.86,164.7,339955,0.0,0.0
2017-09-05 00:00:00+08:00,165.07,166.55,164.34,166.55,789247,0.0,0.0
2017-09-06 00:00:00+08:00,165.44,165.44,163.6,163.6,408601,0.0,0.0
2017-09-07 00:00:00+08:00,165.07,165.44,162.12,162.86,743319,0.0,0.0
2017-09-08 00:00:00+08:00,163.97,165.07,163.23,164.7,510353,0.0,0.0
2017-09-11 00:00:00+08:00,165.07,165.07,162.86,163.97,308622,0.0,0.0
2017-09-12 00:00:00+08:00,164.34,165.07,163.23,163.6,253115,0.0,0.0
2017-09-13 00:00:00+08:00,163.97,163.97,160.65,161.39,615894,0.0,0.0
2017-09-14 00:00:00+08:00,160.65,161.39,159.91,160.28,915319,0.0,0.0
2017-09-15 00:00:00+08:00,159.91,161.02,159.18,159.18,1900446,0.0,0.0
2017-09-18 00:00:00+08:00,161.39,162.12,159.91,161.39,692568,0.0,0.0
2017-09-19 00:00:00+08:00,161.39,161.39,159.18,159.55,577429,0.0,0.0
2017-09-20 00:00:00+08:00,159.55,159.55,158.44,158.81,998952,0.0,0.0
2017-09-21 00:00:00+08:00,158.44,159.18,156.97,158.44,1576533,0.0,0.0
2017-09-22 00:00:00+08:00,158.44,159.18,157.7,158.44,604680,0.0,0.0
2017-09-25 00:00:00+08:00,158.44,159.18,156.97,158.81,518490,0.0,0.0
2017-09-26 00:00:00+08:00,159.18,159.91,158.44,159.55,542486,0.0,0.0
2017-09-27 00:00:00+08:00,158.81,159.55,158.44,159.55,992364,0.0,0.0
2017-09-28 00:00:00+08:00,159.91,159.91,158.44,159.55,673894,0.0,0.0
2017-09-29 00:00:00+08:00,159.18,159.55,158.81,159.18,621529,0.0,0.0
2017-10-02 00:00:00+08:00,156.97,158.44,156.97,157.33,925314,0.0,0.0
2017-10-03 00:00:00+08:00,156.97,159.18,156.97,157.7,632092,0.0,0.0
2017-10-05 00:00:00+08:00,158.81,159.91,158.07,159.91,867986,0.0,0.0
2017-10-06 00:00:00+08:00,159.91,160.28,157.33,158.44,794180,0.0,0.0
2017-10-11 00:00:00+08:00,158.44,158.44,154.02,154.76,1770699,0.0,0.0
2017-10-12 00:00:00+08:00,154.39,154.76,148.86,150.33,2634127,0.0,0.0
2017-10-13 00:00:00+08:00,151.07,153.28,150.33,152.54,1187100,0.0,0.0
2017-10-16 00:00:00+08:00,152.18,153.28,151.81,152.91,872125,0.0,0.0
2017-10-17 00:00:00+08:00,152.54,152.91,151.07,152.18,1219351,0.0,0.0
2017-10-18 00:00:00+08:00,152.54,152.91,146.65,148.49,2134022,0.0,0.0
2017-10-19 00:00:00+08:00,148.49,150.33,147.02,150.33,1866615,0.0,0.0
2017-10-20 00:00:00+08:00,148.86,150.7,148.86,149.97,1003395,0.0,0.0
2017-10-23 00:00:00+08:00,151.07,151.81,149.97,151.44,701161,0.0,0.0
2017-10-24 00:00:00+08:00,152.54,154.39,152.18,154.39,716352,0.0,0.0
2017-10-25 00:00:00+08:00,154.76,154.76,151.07,151.81,1205729,0.0,0.0
2017-10-26 00:00:00+08:00,151.81,152.18,151.07,151.44,958400,0.0,0.0
2017-10-27 00:00:00+08:00,151.81,153.28,151.44,152.18,397989,0.0,0.0
2017-10-30 00:00:00+08:00,153.28,154.39,152.54,153.28,1104184,0.0,0.0
2017-10-31 00:00:00+08:00,153.28,153.28,151.81,151.81,646096,0.0,0.0
2017-11-01 00:00:00+08:00,151.81,153.65,151.81,153.28,835618,0.0,0.0
2017-11-02 00:00:00+08:00,152.54,152.54,148.86,151.07,970898,0.0,0.0
2017-11-03 00:00:00+08:00,151.07,151.81,148.86,150.7,1237409,0.0,0.0
2017-11-06 00:00:00+08:00,150.33,152.54,150.33,152.54,922826,0.0,0.0
2017-11-07 00:00:00+08:00,152.54,154.76,152.54,154.02,1129061,0.0,0.0
2017-11-08 00:00:00+08:00,153.28,153.28,150.33,152.54,2236004,0.0,0.0
2017-11-09 00:00:00+08:00,151.44,152.54,150.7,151.81,774659,0.0,0.0
2017-11-10 00:00:00+08:00,151.81,151.81,150.33,151.07,785194,0.0,0.0
2017-11-13 00:00:00+08:00,150.33,151.07,149.97,151.07,354644,0.0,0.0
2017-11-14 00:00:00+08:00,150.33,150.7,148.86,149.23,794592,0.0,0.0
2017-11-15 00:00:00+08:00,149.23,149.6,146.28,147.39,1756778,0.0,0.0
2017-11-16 00:00:00+08:00,146.65,148.49,146.65,147.75,559877,0.0,0.0
2017-11-17 00:00:00+08:00,147.75,148.86,147.39,147.39,503662,0.0,0.0
2017-11-20 00:00:00+08:00,147.39,149.23,147.39,148.49,765267,0.0,0.0
2017-11-21 00:00:00+08:00,148.86,148.86,146.28,146.65,1747348,0.0,0.0
2017-11-22 00:00:00+08:00,146.65,154.39,146.65,152.54,3274142,0.0,0.0
2017-11-23 00:00:00+08:00,153.65,153.65,150.7,151.07,849306,0.0,0.0
2017-11-24 00:00:00+08:00,151.07,152.54,150.33,151.44,821701,0.0,0.0
2017-11-27 00:00:00+08:00,152.54,152.54,149.6,150.33,482078,0.0,0.0
2017-11-28 00:00:00+08:00,150.33,150.33,148.49,150.33,762125,0.0,0.0
2017-11-29 00:00:00+08:00,150.33,150.33,148.12,148.49,805110,0.0,0.0
2017-11-30 00:00:00+08:00,148.49,148.49,147.39,147.39,1508959,0.0,0.0
2017-12-01 00:00:00+08:00,148.12,148.49,146.65,147.02,867366,0.0,0.0
2017-12-04 00:00:00+08:00,146.65,148.12,146.28,147.39,839175,0.0,0.0
2017-12-05 00:00:00+08:00,147.39,147.39,145.18,147.39,1148969,0.0,0.0
2017-12-06 00:00:00+08:00,148.49,148.49,145.91,146.65,825015,0.0,0.0
2017-12-07 00:00:00+08:00,149.6,150.7,147.02,148.49,1702406,0.0,0.0
2017-12-08 00:00:00+08:00,147.39,149.23,146.65,147.02,766134,0.0,0.0
2017-12-11 00:00:00+08:00,148.12,149.97,147.75,149.6,644273,0.0,0.0
2017-12-12 00:00:00+08:00,149.6,149.97,147.75,148.86,375212,0.0,0.0
2017-12-13 00:00:00+08:00,148.49,148.49,147.75,148.49,263308,0.0,0.0
2017-12-14 00:00:00+08:00,148.86,150.7,148.12,150.7,766961,0.0,0.0
2017-12-15 00:00:00+08:00,150.7,151.07,148.86,149.6,1774985,0.0,0.0
2017-12-18 00:00:00+08:00,150.7,152.54,149.97,152.54,967830,0.0,0.0
2017-12-19 00:00:00+08:00,153.28,154.02,152.18,153.65,1062748,0.0,0.0
2017-12-20 00:00:00+08:00,154.02,155.86,154.02,155.49,1450812,0.0,0.0
2017-12-21 00:00:00+08:00,155.49,156.97,155.49,155.86,987327,0.0,0.0
2017-12-22 00:00:00+08:00,156.23,156.6,154.76,155.12,680215,0.0,0.0
2017-12-25 00:00:00+08:00,154.76,154.76,153.65,154.39,147568,0.0,0.0
2017-12-26 00:00:00+08:00,154.02,154.02,152.54,152.91,302597,0.0,0.0
2017-12-27 00:00:00+08:00,152.18,154.39,151.44,153.28,484344,0.0,0.0
2017-12-28 00:00:00+08:00,152.18,154.76,151.44,153.28,840389,0.0,0.0
2017-12-29 00:00:00+08:00,154.76,155.86,154.02,155.12,1020879,0.0,0.0
2018-01-02 00:00:00+08:00,156.23,158.81,155.49,158.44,1184403,0.0,0.0
2018-01-03 00:00:00+08:00,159.18,161.76,158.44,159.55,1688002,0.0,0.0
2018-01-04 00:00:00+08:00,160.28,160.28,156.23,157.33,1694016,0.0,0.0
2018-01-05 00:00:00+08:00,158.07,160.28,157.7,159.18,1431823,0.0,0.0
2018-01-08 00:00:00+08:00,161.39,166.91,160.65,166.55,3298028,0.0,0.0
2018-01-09 00:00:00+08:00,166.55,166.55,163.97,165.81,1482833,0.0,0.0
2018-01-10 00:00:00+08:00,166.91,166.91,165.81,166.18,1115929,0.0,0.0
2018-01-11 00:00:00+08:00,166.18,166.18,164.7,166.18,966403,0.0,0.0
2018-01-12 00:00:00+08:00,165.81,167.65,165.07,166.18,741435,0.0,0.0
2018-01-15 00:00:00+08:00,166.91,172.07,166.91,172.07,1759065,0.0,0.0
2018-01-16 00:00:00+08:00,170.97,173.18,169.86,173.18,772604,0.0,0.0
2018-01-17 00:00:00+08:00,171.7,173.18,170.97,173.18,792661,0.0,0.0
2018-01-18 00:00:00+08:00,174.28,175.76,173.55,175.76,1201146,0.0,0.0
2018-01-19 00:00:00+08:00,175.39,176.13,173.18,174.65,548496,0.0,0.0
2018-01-22 00:00:00+08:00,173.92,174.65,170.6,174.65,815787,0.0,0.0
2018-01-23 00:00:00+08:00,174.65,175.02,173.18,174.65,697108,0.0,0.0
2018-01-24 00:00:00+08:00,174.65,174.65,171.7,173.18,811640,0.0,0.0
2018-01-25 00:00:00+08:00,173.18,174.28,172.07,173.55,1004881,0.0,0.0
2018-01-26 00:00:00+08:00,173.92,175.39,173.55,173.92,842893,0.0,0.0
2018-01-29 00:00:00+08:00,175.39,175.39,168.76,170.23,875802,0.0,0.0
2018-01-30 00:00:00+08:00,170.23,170.23,167.28,168.02,709363,0.0,0.0
2018-01-31 00:00:00+08:00,166.55,168.76,166.18,168.02,645112,0.0,0.0
2018-02-01 00:00:00+08:00,167.28,168.76,166.18,166.91,485425,0.0,0.0
2018-02-02 00:00:00+08:00,166.18,167.28,166.18,166.18,751855,0.0,0.0
2018-02-05 00:00:00+08:00,165.81,167.28,163.6,166.55,821342,0.0,0.0
2018-02-06 00:00:00+08:00,159.91,162.86,154.02,156.97,1980470,0.0,0.0
2018-02-07 00:00:00+08:00,158.44,161.76,156.6,156.6,981635,0.0,0.0
2018-02-08 00:00:00+08:00,158.81,162.12,157.7,161.39,1017633,0.0,0.0
2018-02-09 00:00:00+08:00,156.23,156.97,153.28,154.39,1232341,0.0,0.0
2018-02-12 00:00:00+08:00,154.76,155.12,152.18,152.54,1085768,0.0,0.0
2018-02-21 00:00:00+08:00,156.97,159.18,155.12,156.6,1407911,0.0,0.0
2018-02-22 00:00:00+08:00,154.76,158.81,154.76,158.81,813344,0.0,0.0
2018-02-23 00:00:00+08:00,158.07,159.55,157.7,159.55,672979,0.0,0.0
2018-02-26 00:00:00+08:00,159.91,160.65,158.44,158.44,444043,0.0,0.0
2018-02-27 00:00:00+08:00,160.28,160.65,159.55,160.28,688906,0.0,0.0
2018-03-01 00:00:00+08:00,159.18,160.28,156.6,158.81,689411,0.0,0.0
2018-03-02 00:00:00+08:00,156.23,157.33,155.49,157.33,582086,0.0,0.0
2018-03-05 00:00:00+08:00,159.55,159.55,155.12,155.49,623010,0.0,0.0
2018-03-06 00:00:00+08:00,157.7,158.44,156.23,156.6,352982,0.0,0.0
2018-03-07 00:00:00+08:00,156.23,159.91,156.23,159.18,685806,0.0,0.0
2018-03-08 00:00:00+08:00,159.55,159.91,158.07,158.44,962158,0.0,0.0
2018-03-09 00:00:00+08:00,159.55,160.65,158.44,160.28,823111,0.0,0.0
2018-03-12 00:00:00+08:00,161.76,162.86,160.65,162.12,748119,0.0,0.0
2018-03-13 00:00:00+08:00,162.12,163.23,162.12,163.23,741407,0.0,0.0
2018-03-14 00:00:00+08:00,162.49,162.49,161.02,161.76,350422,0.0,0.0
2018-03-15 00:00:00+08:00,161.02,161.39,159.91,161.39,371388,0.0,0.0
2018-03-16 00:00:00+08:00,161.39,161.39,156.23,157.33,1696730,0.0,0.0
2018-03-19 00:00:00+08:00,156.6,158.44,155.49,155.86,1063056,0.0,0.0
2018-03-20 00:00:00+08:00,154.02,155.12,153.65,154.76,1227072,0.0,0.0
2018-03-21 00:00:00+08:00,156.23,156.97,154.39,156.6,718016,0.0,0.0
2018-03-22 00:00:00+08:00,156.23,157.7,155.49,156.23,831159,0.0,0.0
2018-03-23 00:00:00+08:00,153.65,155.12,153.28,154.39,796868,0.0,0.0
2018-03-26 00:00:00+08:00,153.28,155.49,152.91,154.39,542747,0.0,0.0
2018-03-27 00:00:00+08:00,155.86,156.97,154.76,154.76,597366,0.0,0.0
2018-03-28 00:00:00+08:00,154.39,156.23,153.28,154.02,642300,0.0,0.0
2018-03-29 00:00:00+08:00,155.86,155.86,153.28,154.02,1085919,0.0,0.0
2018-03-30 00:00:00+08:00,156.23,156.23,154.02,154.02,525013,0.0,0.0
2018-04-02 00:00:00+08:00,155.12,155.86,154.76,154.76,636967,0.0,0.0
2018-04-03 00:00:00+08:00,153.65,153.65,152.18,152.54,974969,0.0,0.0
2018-04-09 00:00:00+08:00,152.54,154.39,152.18,152.91,1566412,0.0,0.0
2018-04-10 00:00:00+08:00,152.18,153.65,151.81,151.81,927602,0.0,0.0
2018-04-11 00:00:00+08:00,153.65,154.02,151.44,151.81,738525,0.0,0.0
2018-04-12 00:00:00+08:00,153.28,154.02,151.07,152.54,469132,0.0,0.0
2018-04-13 00:00:00+08:00,153.28,153.65,152.18,152.54,612846,0.0,0.0
2018-04-16 00:00:00+08:00,152.18,152.54,151.07,151.07,726417,0.0,0.0
2018-04-17 00:00:00+08:00,151.07,151.81,147.39,148.49,2205837,0.0,0.0
2018-04-18 00:00:00+08:00,149.23,149.6,148.49,148.49,1068413,0.0,0.0
2018-04-19 00:00:00+08:00,149.23,150.33,149.23,149.97,1220600,0.0,0.0
2018-04-20 00:00:00+08:00,149.97,149.97,149.23,149.6,1153169,0.0,0.0
2018-04-23 00:00:00+08:00,149.6,152.18,148.49,149.97,585524,0.0,0.0
2018-04-24 00:00:00+08:00,149.97,150.33,148.49,149.97,785751,0.0,0.0
2018-04-25 00:00:00+08:00,152.54,152.54,148.12,149.6,584290,0.0,0.0
2018-04-26 00:00:00+08:00,149.6,150.33,148.12,148.12,364022,0.0,0.0
2018-04-27 00:00:00+08:00,148.49,149.6,147.39,147.75,628384,0.0,0.0
2018-04-30 00:00:00+08:00,148.12,152.54,148.12,150.7,1061993,0.0,0.0
2018-05-02 00:00:00+08:00,149.6,150.33,147.39,148.12,775995,0.0,0.0
2018-05-03 00:00:00+08:00,148.12,153.28,148.12,152.18,1465355,0.0,0.0
2018-05-04 00:00:00+08:00,151.44,152.91,150.33,150.33,1030338,0.0,0.0
2018-05-07 00:00:00+08:00,150.33,151.44,149.97,151.44,542196,0.0,0.0
2018-05-08 00:00:00+08:00,152.18,152.91,150.7,151.07,499295,0.0,0.0
2018-05-09 00:00:00+08:00,151.44,151.81,150.33,151.07,373633,0.0,0.0
2018-05-10 00:00:00+08:00,152.54,153.28,151.44,152.18,375728,0.0,0.0
2018-05-11 00:00:00+08:00,152.91,154.02,152.91,153.65,298409,0.0,0.0
2018-05-14 00:00:00+08:00,154.39,154.76,153.65,153.65,543979,0.0,0.0
2018-05-15 00:00:00+08:00,153.65,153.65,149.97,151.44,539538,0.0,0.0
2018-05-16 00:00:00+08:00,151.81,154.39,151.44,154.39,501112,0.0,0.0
2018-05-17 00:00:00+08:00,154.76,154.76,152.18,152.18,410157,0.0,0.0
2018-05-18 00:00:00+08:00,152.54,153.65,151.07,151.81,304730,0.0,0.0
2018-05-21 00:00:00+08:00,151.81,154.39,151.81,154.02,475571,0.0,0.0
2018-05-22 00:00:00+08:00,154.02,155.12,152.91,153.65,564520,0.0,0.0
2018-05-23 00:00:00+08:00,154.39,154.39,152.18,152.91,388382,0.0,0.0
2018-05-24 00:00:00+08:00,153.28,153.65,152.54,153.28,206429,0.0,0.0
2018-05-25 00:00:00+08:00,152.54,154.02,152.18,153.28,258751,0.0,0.0
2018-05-28 00:00:00+08:00,154.02,154.76,153.65,154.02,271802,0.0,0.0
2018-05-29 00:00:00+08:00,154.76,154.76,152.91,154.02,336852,0.0,0.0
2018-05-30 00:00:00+08:00,152.18,152.18,149.23,149.23,924541,0.0,0.0
2018-05-31 00:00:00+08:00,151.44,151.44,148.86,149.6,1724919,0.0,0.0
2018-06-01 00:00:00+08:00,149.6,150.7,149.23,150.7,373006,0.0,0.0
2018-06-04 00:00:00+08:00,151.44,152.54,151.07,151.44,487865,0.0,0.0
2018-06-05 00:00:00+08:00,152.91,153.28,152.18,153.28,598409,0.0,0.0
2018-06-06 00:00:00+08:00,152.18,153.65,151.44,152.54,843652,0.0,0.0
2018-06-07 00:00:00+08:00,152.91,153.28,151.44,152.54,432353,0.0,0.0
2018-06-08 00:00:00+08:00,154.39,155.86,153.65,154.39,1196403,0.0,0.0
2018-06-11 00:00:00+08:00,155.49,155.86,153.28,153.65,487275,0.0,0.0
2018-06-12 00:00:00+08:00,152.54,154.02,152.18,152.54,301015,0.0,0.0
2018-06-13 00:00:00+08:00,152.54,154.39,152.54,152.54,454508,0.0,0.0
2018-06-14 00:00:00+08:00,151.81,152.91,151.44,151.81,639894,0.0,0.0
2018-06-15 00:00:00+08:00,151.44,153.28,151.07,152.18,1404424,0.0,0.0
2018-06-19 00:00:00+08:00,150.7,150.7,148.86,149.97,1231130,0.0,0.0
2018-06-20 00:00:00+08:00,150.33,151.44,148.86,150.7,670276,0.0,0.0
2018-06-21 00:00:00+08:00,150.7,151.81,149.97,149.97,718917,0.0,0.0
2018-06-22 00:00:00+08:00,149.97,149.97,148.49,148.86,457832,0.0,0.0
2018-06-25 00:00:00+08:00,148.86,148.86,147.39,147.75,708896,0.0,0.0
2018-06-26 00:00:00+08:00,147.39,148.12,146.65,147.02,1072092,0.0,0.0
2018-06-27 00:00:00+08:00,147.39,147.39,145.91,146.28,1021481,0.0,0.0
2018-06-28 00:00:00+08:00,146.65,146.65,144.07,144.07,1617361,0.0,0.0
2018-06-29 00:00:00+08:00,146.65,148.49,146.28,148.12,1440534,0.0,0.0
2018-07-02 00:00:00+08:00,148.12,149.6,146.28,146.65,922084,0.0,0.0
2018-07-03 00:00:00+08:00,146.65,147.02,142.23,143.33,1587049,0.0,0.0
2018-07-04 00:00:00+08:00,144.44,144.44,143.33,143.7,342211,0.0,0.0
2018-07-05 00:00:00+08:00,144.44,144.44,142.23,142.23,955360,0.0,0.0
2018-07-06 00:00:00+08:00,142.6,143.33,142.23,142.23,982114,0.0,0.0
2018-07-09 00:00:00+08:00,143.19,146.63,143.19,145.48,928338,6.0,0.0
2018-07-10 00:00:00+08:00,147.4,148.55,146.25,147.78,688197,0.0,0.0
2018-07-11 00:00:00+08:00,147.78,147.78,146.25,147.02,325815,0.0,0.0
2018-07-12 00:00:00+08:00,147.02,149.31,146.63,149.31,495011,0.0,0.0
2018-07-13 00:00:00+08:00,150.08,150.08,147.78,149.31,1421137,0.0,0.0
2018-07-16 00:00:00+08:00,149.7,150.46,148.93,149.31,483763,0.0,0.0
2018-07-17 00:00:00+08:00,148.55,152.76,147.02,150.84,1111493,0.0,0.0
2018-07-18 00:00:00+08:00,152.38,154.67,150.84,154.67,801161,0.0,0.0
2018-07-19 00:00:00+08:00,154.67,154.67,150.46,152.38,620764,0.0,0.0
2018-07-20 00:00:00+08:00,152.38,153.14,151.23,151.61,381858,0.0,0.0
2018-07-23 00:00:00+08:00,153.14,154.29,151.99,153.91,316284,0.0,0.0
2018-07-24 00:00:00+08:00,153.14,155.06,151.61,155.06,431048,0.0,0.0
2018-07-25 00:00:00+08:00,155.06,155.82,153.14,155.44,383808,0.0,0.0
2018-07-26 00:00:00+08:00,155.44,155.44,151.23,155.06,441862,0.0,0.0
2018-07-27 00:00:00+08:00,154.67,155.44,154.29,155.06,371418,0.0,0.0
2018-07-30 00:00:00+08:00,153.52,153.52,151.61,152.76,904667,0.0,0.0
2018-07-31 00:00:00+08:00,153.91,155.06,151.99,155.06,781342,0.0,0.0
2018-08-01 00:00:00+08:00,153.91,156.59,153.91,156.59,708495,0.0,0.0
2018-08-02 00:00:00+08:00,156.2,156.2,153.14,153.91,311330,0.0,0.0
2018-08-03 00:00:00+08:00,153.91,154.29,153.52,153.52,215025,0.0,0.0
2018-08-06 00:00:00+08:00,153.14,155.06,153.14,153.52,230051,0.0,0.0
2018-08-07 00:00:00+08:00,153.52,153.91,153.14,153.52,270939,0.0,0.0
2018-08-08 00:00:00+08:00,154.67,156.59,154.29,156.2,541608,0.0,0.0
2018-08-09 00:00:00+08:00,155.44,155.44,154.29,154.29,164309,0.0,0.0
2018-08-10 00:00:00+08:00,154.29,156.2,153.91,155.82,266570,0.0,0.0
2018-08-13 00:00:00+08:00,154.29,154.67,151.99,152.38,542836,0.0,0.0
2018-08-14 00:00:00+08:00,151.61,153.14,151.61,152.76,328866,0.0,0.0
2018-08-15 00:00:00+08:00,151.99,153.14,150.08,150.08,419608,0.0,0.0
2018-08-16 00:00:00+08:00,150.46,153.14,150.08,150.84,491279,0.0,0.0
2018-08-17 00:00:00+08:00,151.61,153.14,151.23,151.23,230258,0.0,0.0
2018-08-20 00:00:00+08:00,151.99,153.52,150.84,150.84,519543,0.0,0.0
2018-08-21 00:00:00+08:00,152.76,154.29,152.76,154.29,462715,0.0,0.0
2018-08-22 00:00:00+08:00,155.06,155.44,153.14,154.29,463035,0.0,0.0
2018-08-23 00:00:00+08:00,155.44,156.2,154.67,155.82,410284,0.0,0.0
2018-08-24 00:00:00+08:00,155.44,156.2,153.52,155.82,299990,0.0,0.0
2018-08-27 00:00:00+08:00,156.97,160.03,156.2,160.03,844734,0.0,0.0
2018-08-28 00:00:00+08:00,160.03,161.56,157.74,161.56,882757,0.0,0.0
2018-08-29 00:00:00+08:00,161.56,162.71,160.42,161.56,690991,0.0,0.0
2018-08-30 00:00:00+08:00,162.33,162.33,158.88,160.03,732092,0.0,0.0
2018-08-31 00:00:00+08:00,160.03,160.03,156.97,160.03,1323198,0.0,0.0
2018-09-03 00:00:00+08:00,160.03,160.42,157.35,158.12,343411,0.0,0.0
2018-09-04 00:00:00+08:00,159.27,159.27,158.12,159.27,170506,0.0,0.0
2018-09-05 00:00:00+08:00,159.27,159.27,157.35,158.5,583347,0.0,0.0
2018-09-06 00:00:00+08:00,156.2,159.65,156.2,158.5,505065,0.0,0.0
2018-09-07 00:00:00+08:00,156.2,157.74,155.44,156.97,777182,0.0,0.0
2018-09-10 00:00:00+08:00,158.5,161.56,157.35,160.8,1126691,0.0,0.0
2018-09-11 00:00:00+08:00,162.33,164.24,160.03,161.56,1274989,0.0,0.0
2018-09-12 00:00:00+08:00,161.18,163.1,158.12,162.33,877087,0.0,0.0
2018-09-13 00:00:00+08:00,162.33,164.24,160.8,161.56,870509,0.0,0.0
2018-09-14 00:00:00+08:00,161.95,165.39,161.95,164.63,1197838,0.0,0.0
2018-09-17 00:00:00+08:00,164.63,165.01,163.86,164.63,740899,0.0,0.0
2018-09-18 00:00:00+08:00,163.86,165.78,163.48,165.01,902947,0.0,0.0
2018-09-19 00:00:00+08:00,165.01,166.16,164.24,165.39,943312,0.0,0.0
2018-09-20 00:00:00+08:00,165.39,168.84,164.63,167.69,1219028,0.0,0.0
2018-09-21 00:00:00+08:00,168.46,169.99,167.69,169.22,1484112,0.0,0.0
2018-09-25 00:00:00+08:00,167.69,169.99,167.31,169.99,733767,0.0,0.0
2018-09-26 00:00:00+08:00,170.37,175.35,170.37,174.2,1328650,0.0,0.0
2018-09-27 00:00:00+08:00,172.67,179.94,172.67,179.56,1716344,0.0,0.0
2018-09-28 00:00:00+08:00,180.71,180.71,172.28,174.2,2855838,0.0,0.0
2018-10-01 00:00:00+08:00,173.82,175.73,171.14,173.82,1122072,0.0,0.0
2018-10-02 00:00:00+08:00,171.9,172.28,168.84,170.37,1096299,0.0,0.0
2018-10-03 00:00:00+08:00,169.22,170.37,168.46,169.22,513556,0.0,0.0
2018-10-04 00:00:00+08:00,167.69,168.84,166.92,168.07,644891,0.0,0.0
2018-10-05 00:00:00+08:00,166.92,167.31,162.33,166.16,1270432,0.0,0.0
2018-10-08 00:00:00+08:00,165.78,166.16,160.8,161.95,999817,0.0,0.0
2018-10-09 00:00:00+08:00,160.8,160.8,156.97,157.35,1602058,0.0,0.0
2018-10-11 00:00:00+08:00,142.8,153.52,142.8,149.31,2233556,0.0,0.0
2018-10-12 00:00:00+08:00,145.87,153.91,145.87,153.14,1374819,0.0,0.0
2018-10-15 00:00:00+08:00,153.14,153.52,149.31,152.38,994789,0.0,0.0
2018-10-16 00:00:00+08:00,152.38,153.14,149.31,150.84,1137693,0.0,0.0
2018-10-17 00:00:00+08:00,151.99,153.91,151.61,153.14,1066738,0.0,0.0
2018-10-18 00:00:00+08:00,153.14,156.97,153.14,156.97,1013941,0.0,0.0
2018-10-19 00:00:00+08:00,155.82,156.59,155.06,156.59,755040,0.0,0.0
2018-10-22 00:00:00+08:00,156.97,158.88,155.44,158.88,495284,0.0,0.0
2018-10-23 00:00:00+08:00,159.65,160.03,156.2,156.97,750159,0.0,0.0
2018-10-24 00:00:00+08:00,157.74,160.42,156.59,158.88,984816,0.0,0.0
2018-10-25 00:00:00+08:00,155.44,158.88,155.44,157.74,1544593,0.0,0.0
2018-10-26 00:00:00+08:00,156.97,159.65,155.44,157.74,805841,0.0,0.0
2018-10-29 00:00:00+08:00,160.03,162.33,158.12,161.56,1028017,0.0,0.0
2018-10-30 00:00:00+08:00,163.1,163.48,157.35,158.5,1150652,0.0,0.0
2018-10-31 00:00:00+08:00,160.8,163.1,160.8,163.1,959305,0.0,0.0
2018-11-01 00:00:00+08:00,163.86,168.46,163.1,167.69,1036496,0.0,0.0
2018-11-02 00:00:00+08:00,168.46,169.22,165.01,166.54,925853,0.0,0.0
2018-11-05 00:00:00+08:00,165.39,169.22,165.39,168.46,929532,0.0,0.0
2018-11-06 00:00:00+08:00,169.22,169.6,165.39,167.69,855427,0.0,0.0
2018-11-07 00:00:00+08:00,168.46,174.58,168.07,174.58,1670698,0.0,0.0
2018-11-08 00:00:00+08:00,176.11,178.41,174.58,176.5,2232256,0.0,0.0
2018-11-09 00:00:00+08:00,175.73,176.88,174.2,176.88,614849,0.0,0.0
2018-11-12 00:00:00+08:00,176.88,178.41,174.58,175.73,696939,0.0,0.0
2018-11-13 00:00:00+08:00,168.84,176.11,168.84,174.96,978986,0.0,0.0
2018-11-14 00:00:00+08:00,172.28,176.11,172.28,174.2,385153,0.0,0.0
2018-11-15 00:00:00+08:00,174.2,176.88,173.05,176.88,472023,0.0,0.0
2018-11-16 00:00:00+08:00,178.03,178.41,175.35,176.5,612653,0.0,0.0
2018-11-19 00:00:00+08:00,178.41,178.41,172.28,173.05,787757,0.0,0.0
2018-11-20 00:00:00+08:00,172.28,172.28,166.92,169.99,1628357,0.0,0.0
2018-11-21 00:00:00+08:00,168.46,168.84,166.92,168.46,1087080,0.0,0.0
2018-11-22 00:00:00+08:00,168.46,171.14,166.54,167.69,962015,0.0,0.0
2018-11-23 00:00:00+08:00,168.84,170.37,166.54,169.22,729734,0.0,0.0
2018-11-26 00:00:00+08:00,170.75,172.28,167.31,170.75,854698,0.0,0.0
2018-11-27 00:00:00+08:00,170.75,172.67,168.07,171.52,661711,0.0,0.0
2018-11-28 00:00:00+08:00,172.28,176.11,169.99,176.11,1000392,0.0,0.0
2018-11-29 00:00:00+08:00,176.11,176.5,171.52,172.67,1100152,0.0,0.0
2018-11-30 00:00:00+08:00,173.82,178.79,173.05,178.79,1600884,0.0,0.0
2018-12-03 00:00:00+08:00,179.18,181.09,176.5,178.41,1732950,0.0,0.0
2018-12-04 00:00:00+08:00,177.26,179.94,175.73,177.64,948379,0.0,0.0
2018-12-05 00:00:00+08:00,176.11,178.03,173.43,175.73,409652,0.0,0.0
2018-12-06 00:00:00+08:00,176.88,176.88,170.75,172.67,752465,0.0,0.0
2018-12-07 00:00:00+08:00,174.2,176.88,174.2,176.5,724972,0.0,0.0
2018-12-10 00:00:00+08:00,171.9,173.43,170.37,171.14,620655,0.0,0.0
2018-12-11 00:00:00+08:00,171.9,174.2,171.14,173.05,446362,0.0,0.0
2018-12-12 00:00:00+08:00,177.26,177.26,172.28,172.67,696537,0.0,0.0
2018-12-13 00:00:00+08:00,174.58,175.35,173.43,174.58,810039,0.0,0.0
2018-12-14 00:00:00+08:00,173.05,173.05,169.22,169.22,707376,0.0,0.0
2018-12-17 00:00:00+08:00,171.52,171.52,168.07,170.75,702241,0.0,0.0
2018-12-18 00:00:00+08:00,169.22,171.52,169.22,171.52,346433,0.0,0.0
2018-12-19 00:00:00+08:00,170.75,172.28,169.22,171.9,693961,0.0,0.0
2018-12-20 00:00:00+08:00,171.9,173.05,168.07,168.07,938117,0.0,0.0
2018-12-21 00:00:00+08:00,165.39,167.31,164.63,164.63,1518290,0.0,0.0
2018-12-24 00:00:00+08:00,163.48,164.63,163.1,164.24,438540,0.0,0.0
2018-12-25 00:00:00+08:00,164.24,164.24,160.8,162.33,263913,0.0,0.0
2018-12-26 00:00:00+08:00,161.95,163.1,160.8,160.8,172303,0.0,0.0
2018-12-27 00:00:00+08:00,163.1,165.01,161.56,163.86,368411,0.0,0.0
2018-12-28 00:00:00+08:00,163.86,163.86,160.8,161.18,676415,0.0,0.0
2019-01-02 00:00:00+08:00,161.95,164.63,160.8,161.56,842444,0.0,0.0
2019-01-03 00:00:00+08:00,161.56,163.86,161.56,163.86,377946,0.0,0.0
2019-01-04 00:00:00+08:00,161.95,166.92,161.56,166.92,822075,0.0,0.0
2019-01-07 00:00:00+08:00,168.07,168.07,164.63,166.16,706919,0.0,0.0
2019-01-08 00:00:00+08:00,166.16,168.46,164.24,166.92,501766,0.0,0.0
2019-01-09 00:00:00+08:00,168.46,171.52,166.92,169.99,773152,0.0,0.0
2019-01-10 00:00:00+08:00,169.99,171.52,168.46,170.75,601590,0.0,0.0
2019-01-11 00:00:00+08:00,169.6,170.75,168.07,169.99,768503,0.0,0.0
2019-01-14 00:00:00+08:00,169.99,169.99,165.39,165.78,482211,0.0,0.0
2019-01-15 00:00:00+08:00,168.07,170.75,165.78,169.99,782624,0.0,0.0
2019-01-16 00:00:00+08:00,171.52,173.05,169.99,171.14,614401,0.0,0.0
2019-01-17 00:00:00+08:00,172.28,172.28,170.37,170.37,268776,0.0,0.0
2019-01-18 00:00:00+08:00,170.75,175.35,169.99,175.35,989402,0.0,0.0
2019-01-21 00:00:00+08:00,176.11,177.26,173.05,176.11,842154,0.0,0.0
2019-01-22 00:00:00+08:00,176.11,176.11,173.82,175.73,640109,0.0,0.0
2019-01-23 00:00:00+08:00,173.82,175.73,173.43,174.58,372190,0.0,0.0
2019-01-24 00:00:00+08:00,173.43,176.11,173.43,176.11,780563,0.0,0.0
2019-01-25 00:00:00+08:00,175.73,177.26,174.2,176.88,555349,0.0,0.0
2019-01-28 00:00:00+08:00,176.88,176.88,174.2,176.88,835831,0.0,0.0
2019-01-29 00:00:00+08:00,175.35,175.35,171.52,173.05,553376,0.0,0.0
2019-01-30 00:00:00+08:00,174.2,175.73,172.67,174.96,847254,0.0,0.0
2019-02-11 00:00:00+08:00,176.11,176.88,173.05,173.05,1328394,0.0,0.0
2019-02-12 00:00:00+08:00,173.05,174.96,171.52,172.28,983846,0.0,0.0
2019-02-13 00:00:00+08:00,172.28,173.43,165.78,172.67,1747262,0.0,0.0
2019-02-14 00:00:00+08:00,172.67,173.43,170.37,173.43,938261,0.0,0.0
2019-02-15 00:00:00+08:00,173.43,179.18,173.43,178.03,1641998,0.0,0.0
2019-02-18 00:00:00+08:00,178.41,178.79,174.58,175.73,729100,0.0,0.0
2019-02-19 00:00:00+08:00,176.88,176.88,173.43,174.58,341952,0.0,0.0
2019-02-20 00:00:00+08:00,174.58,177.26,174.2,176.11,1075161,0.0,0.0
2019-02-21 00:00:00+08:00,176.11,179.18,174.2,176.11,1167122,0.0,0.0
2019-02-22 00:00:00+08:00,176.11,177.64,174.96,176.88,1228451,0.0,0.0
2019-02-25 00:00:00+08:00,180.71,180.71,177.64,179.56,1925647,0.0,0.0
2019-02-26 00:00:00+08:00,178.79,179.94,177.64,179.56,1373738,0.0,0.0
2019-02-27 00:00:00+08:00,179.94,180.32,177.64,179.94,1282620,0.0,0.0
2019-03-04 00:00:00+08:00,179.94,182.24,175.73,177.64,2114855,0.0,0.0
2019-03-05 00:00:00+08:00,179.56,186.07,179.56,184.92,2746842,0.0,0.0
2019-03-06 00:00:00+08:00,183.39,185.3,182.62,183.77,1083011,0.0,0.0
2019-03-07 00:00:00+08:00,183.39,184.92,180.71,181.47,869560,0.0,0.0
2019-03-08 00:00:00+08:00,183.77,184.92,182.24,182.24,717442,0.0,0.0
2019-03-11 00:00:00+08:00,184.15,184.15,182.62,183.77,667364,0.0,0.0
2019-03-12 00:00:00+08:00,185.3,185.3,182.62,182.62,827581,0.0,0.0
2019-03-13 00:00:00+08:00,184.92,188.36,184.92,186.83,1725212,0.0,0.0
2019-03-14 00:00:00+08:00,191.43,196.79,188.36,191.43,1650690,0.0,0.0
2019-03-15 00:00:00+08:00,191.04,194.11,187.98,192.19,1927332,0.0,0.0
2019-03-18 00:00:00+08:00,196.02,199.08,194.87,196.4,2086160,0.0,0.0
2019-03-19 00:00:00+08:00,196.02,198.32,193.34,196.4,728868,0.0,0.0
2019-03-20 00:00:00+08:00,196.02,200.23,194.87,199.08,1262859,0.0,0.0
2019-03-21 00:00:00+08:00,199.08,200.23,197.94,199.08,1311204,0.0,0.0
2019-03-22 00:00:00+08:00,199.08,199.08,195.64,198.32,1165338,0.0,0.0
2019-03-25 00:00:00+08:00,195.64,196.4,194.11,196.4,995595,0.0,0.0
2019-03-26 00:00:00+08:00,198.32,200.23,197.55,199.08,754905,0.0,0.0
2019-03-27 00:00:00+08:00,199.08,200.62,197.94,200.62,576873,0.0,0.0
2019-03-28 00:00:00+08:00,198.32,199.47,196.79,197.94,449129,0.0,0.0
2019-03-29 00:00:00+08:00,198.7,198.7,194.11,196.02,811628,0.0,0.0
2019-04-01 00:00:00+08:00,196.79,197.94,192.58,194.49,1183077,0.0,0.0
2019-04-02 00:00:00+08:00,194.49,197.17,192.19,192.96,1121021,0.0,0.0
2019-04-03 00:00:00+08:00,191.43,192.58,189.13,189.9,1188212,0.0,0.0
2019-04-08 00:00:00+08:00,192.96,193.34,190.28,192.96,1047134,0.0,0.0
2019-04-09 00:00:00+08:00,191.43,191.81,190.66,191.43,939995,0.0,0.0
2019-04-10 00:00:00+08:00,190.28,191.43,189.13,191.43,553508,0.0,0.0
2019-04-11 00:00:00+08:00,192.96,196.02,186.45,190.28,822401,0.0,0.0
2019-04-12 00:00:00+08:00,191.43,191.81,188.75,190.28,516495,0.0,0.0
2019-04-15 00:00:00+08:00,191.43,191.81,189.13,189.9,412188,0.0,0.0
2019-04-16 00:00:00+08:00,191.04,191.43,187.98,189.9,570091,0.0,0.0
2019-04-17 00:00:00+08:00,189.13,191.43,188.36,189.9,423984,0.0,0.0
2019-04-18 00:00:00+08:00,190.28,191.04,186.83,187.98,515323,0.0,0.0
2019-04-19 00:00:00+08:00,189.51,189.51,185.68,185.68,395539,0.0,0.0
2019-04-22 00:00:00+08:00,187.6,188.36,185.3,186.07,344977,0.0,0.0
2019-04-23 00:00:00+08:00,185.3,186.83,184.15,186.83,480003,0.0,0.0
2019-04-24 00:00:00+08:00,188.75,191.43,188.36,189.51,1108307,0.0,0.0
2019-04-25 00:00:00+08:00,189.51,193.72,189.51,193.72,906131,0.0,0.0
2019-04-26 00:00:00+08:00,191.81,191.81,188.36,190.66,666550,0.0,0.0
2019-04-29 00:00:00+08:00,190.66,192.19,188.75,192.19,364451,0.0,0.0
2019-04-30 00:00:00+08:00,192.19,192.19,189.13,191.43,451137,0.0,0.0
2019-05-02 00:00:00+08:00,192.19,193.72,187.22,189.13,906938,0.0,0.0
2019-05-03 00:00:00+08:00,189.9,191.81,189.13,190.28,420812,0.0,0.0
2019-05-06 00:00:00+08:00,187.6,188.36,186.07,187.6,440292,0.0,0.0
2019-05-07 00:00:00+08:00,189.13,189.13,186.45,187.6,793377,0.0,0.0
2019-05-08 00:00:00+08:00,187.6,194.87,187.6,193.72,1844503,0.0,0.0
2019-05-09 00:00:00+08:00,193.72,194.87,192.58,192.58,1646271,0.0,0.0
2019-05-10 00:00:00+08:00,192.19,195.64,190.28,192.96,1351175,0.0,0.0
2019-05-13 00:00:00+08:00,192.96,194.49,188.36,189.9,745222,0.0,0.0
2019-05-14 00:00:00+08:00,186.45,191.43,186.07,187.6,683301,0.0,0.0
2019-05-15 00:00:00+08:00,186.07,191.81,186.07,189.13,744748,0.0,0.0
2019-05-16 00:00:00+08:00,188.36,190.66,187.6,189.13,571447,0.0,0.0
2019-05-17 00:00:00+08:00,188.36,192.19,187.98,190.28,1263061,0.0,0.0
2019-05-20 00:00:00+08:00,191.43,192.19,188.36,189.13,916069,0.0,0.0
2019-05-21 00:00:00+08:00,188.75,188.75,184.54,186.83,1408169,0.0,0.0
2019-05-22 00:00:00+08:00,186.83,189.9,186.07,186.07,636723,0.0,0.0
2019-05-23 00:00:00+08:00,187.98,189.9,186.07,187.6,517147,0.0,0.0
2019-05-24 00:00:00+08:00,188.36,194.87,188.36,193.72,859291,0.0,0.0
2019-05-27 00:00:00+08:00,195.26,195.64,192.19,193.72,796573,0.0,0.0
2019-05-28 00:00:00+08:00,194.87,195.26,192.58,193.34,1852337,0.0,0.0
2019-05-29 00:00:00+08:00,193.34,195.26,192.96,193.72,716519,0.0,0.0
2019-05-30 00:00:00+08:00,193.72,199.08,193.72,198.32,1193891,0.0,0.0
2019-05-31 00:00:00+08:00,197.94,206.36,197.17,202.91,2006017,0.0,0.0
2019-06-03 00:00:00+08:00,202.15,202.53,197.55,197.55,1116880,0.0,0.0
2019-06-04 00:00:00+08:00,196.4,199.85,196.4,198.7,1222747,0.0,0.0
2019-06-05 00:00:00+08:00,200.23,201.38,197.17,198.7,587758,0.0,0.0
2019-06-06 00:00:00+08:00,198.7,199.85,196.79,198.7,703929,0.0,0.0
2019-06-10 00:00:00+08:00,200.23,206.36,198.7,199.08,1700786,0.0,0.0
2019-06-11 00:00:00+08:00,197.55,201.0,196.4,197.55,620492,0.0,0.0
2019-06-12 00:00:00+08:00,197.55,200.62,197.17,199.08,601345,0.0,0.0
2019-06-13 00:00:00+08:00,199.85,202.15,196.02,196.79,719062,0.0,0.0
2019-06-14 00:00:00+08:00,196.79,200.62,196.02,198.7,734965,0.0,0.0
2019-06-17 00:00:00+08:00,198.7,200.23,197.55,198.7,615100,0.0,0.0
2019-06-18 00:00:00+08:00,197.55,199.47,195.64,197.17,487043,0.0,0.0
2019-06-19 00:00:00+08:00,199.47,202.53,198.7,199.47,1340542,0.0,0.0
2019-06-20 00:00:00+08:00,202.53,202.91,198.7,198.7,1012760,0.0,0.0
2019-06-21 00:00:00+08:00,198.7,201.38,197.55,197.55,1344032,0.0,0.0
2019-06-24 00:00:00+08:00,197.55,201.38,197.55,200.23,584386,0.0,0.0
2019-06-25 00:00:00+08:00,200.23,202.15,199.47,201.76,447686,0.0,0.0
2019-06-26 00:00:00+08:00,203.68,203.68,201.76,202.53,852144,0.0,0.0
2019-06-27 00:00:00+08:00,202.53,204.44,201.0,203.68,1494613,0.0,0.0
2019-06-28 00:00:00+08:00,204.44,204.44,201.38,202.15,742745,0.0,0.0
2019-07-01 00:00:00+08:00,204.44,205.21,200.23,202.53,714140,0.0,0.0
2019-07-02 00:00:00+08:00,202.91,202.91,199.08,199.08,479057,0.0,0.0
2019-07-03 00:00:00+08:00,199.08,200.23,197.55,199.47,264950,0.0,0.0
2019-07-04 00:00:00+08:00,198.32,201.38,198.32,201.38,501530,0.0,0.0
2019-07-05 00:00:00+08:00,201.38,201.76,198.32,199.08,402807,0.0,0.0
2019-07-08 00:00:00+08:00,198.32,202.15,198.32,202.15,526355,0.0,0.0
2019-07-09 00:00:00+08:00,203.31,204.1,202.52,202.52,634758,6.18,0.0
2019-07-10 00:00:00+08:00,203.31,203.31,201.73,203.31,452649,0.0,0.0
2019-07-11 00:00:00+08:00,204.1,206.86,203.31,205.67,1784749,0.0,0.0
2019-07-12 00:00:00+08:00,204.89,206.07,204.1,204.89,1815369,0.0,0.0
2019-07-15 00:00:00+08:00,205.67,206.07,203.31,203.7,678428,0.0,0.0
2019-07-16 00:00:00+08:00,204.49,206.46,204.1,205.28,1226324,0.0,0.0
2019-07-17 00:00:00+08:00,206.07,206.07,204.49,206.07,1837892,0.0,0.0
2019-07-18 00:00:00+08:00,204.49,205.67,202.52,204.1,541578,0.0,0.0
2019-07-19 00:00:00+08:00,204.1,205.67,202.52,205.67,271058,0.0,0.0
2019-07-22 00:00:00+08:00,206.07,206.46,204.89,205.28,463122,0.0,0.0
2019-07-23 00:00:00+08:00,205.67,212.77,205.28,212.37,1118971,0.0,0.0
2019-07-24 00:00:00+08:00,211.98,213.95,209.22,209.61,1175912,0.0,0.0
2019-07-25 00:00:00+08:00,211.19,213.55,210.4,211.19,1503365,0.0,0.0
2019-07-26 00:00:00+08:00,209.61,209.61,206.46,208.43,696157,0.0,0.0
2019-07-29 00:00:00+08:00,206.86,207.64,205.67,206.07,1146795,0.0,0.0
2019-07-30 00:00:00+08:00,207.25,210.01,206.07,208.83,954520,0.0,0.0
2019-07-31 00:00:00+08:00,207.25,208.83,205.28,207.25,925125,0.0,0.0
2019-08-01 00:00:00+08:00,204.89,207.64,204.89,206.86,653479,0.0,0.0
2019-08-02 00:00:00+08:00,203.7,205.67,202.92,203.7,640711,0.0,0.0
2019-08-05 00:00:00+08:00,202.92,204.89,201.73,202.52,1215000,0.0,0.0
2019-08-06 00:00:00+08:00,198.58,201.34,197.0,200.55,1306514,0.0,0.0
2019-08-07 00:00:00+08:00,200.55,204.49,199.37,203.31,1466846,0.0,0.0
2019-08-08 00:00:00+08:00,204.49,204.49,202.52,203.31,1032874,0.0,0.0
2019-08-12 00:00:00+08:00,200.95,204.1,200.95,201.34,1112864,0.0,0.0
2019-08-13 00:00:00+08:00,203.31,208.83,202.13,205.67,1890109,0.0,0.0
2019-08-14 00:00:00+08:00,205.28,208.04,204.49,206.46,704179,0.0,0.0
2019-08-15 00:00:00+08:00,202.13,205.28,202.13,203.31,608085,0.0,0.0
2019-08-16 00:00:00+08:00,203.31,210.4,201.34,206.07,2357425,0.0,0.0
2019-08-19 00:00:00+08:00,208.83,211.98,207.25,210.8,965385,0.0,0.0
2019-08-20 00:00:00+08:00,212.77,216.71,212.37,216.71,1839740,0.0,0.0
2019-08-21 00:00:00+08:00,216.71,216.71,209.61,212.37,1599095,0.0,0.0
2019-08-22 00:00:00+08:00,214.74,214.74,208.43,208.83,1048932,0.0,0.0
2019-08-23 00:00:00+08:00,210.01,212.37,209.61,210.4,599597,0.0,0.0
2019-08-26 00:00:00+08:00,206.86,207.64,204.49,205.67,409176,0.0,0.0
2019-08-27 00:00:00+08:00,208.83,209.61,206.86,207.25,1256821,0.0,0.0
2019-08-28 00:00:00+08:00,207.25,209.61,207.25,208.43,598533,0.0,0.0
2019-08-29 00:00:00+08:00,211.19,216.71,209.22,209.22,1511672,0.0,0.0
2019-08-30 00:00:00+08:00,211.19,212.77,209.22,210.4,1042438,0.0,0.0
2019-09-02 00:00:00+08:00,212.37,212.37,210.01,210.8,267864,0.0,0.0
2019-09-03 00:00:00+08:00,212.77,212.77,207.64,207.64,373845,0.0,0.0
2019-09-04 00:00:00+08:00,209.61,211.19,207.64,209.61,916705,0.0,0.0
2019-09-05 00:00:00+08:00,211.58,212.37,211.19,211.98,1947650,0.0,0.0
2019-09-06 00:00:00+08:00,212.77,215.92,211.19,215.92,714003,0.0,0.0
2019-09-10 00:00:00+08:00,214.74,216.31,211.19,211.58,732120,0.0,0.0
2019-09-11 00:00:00+08:00,212.37,215.52,211.58,214.34,656334,0.0,0.0
2019-09-12 00:00:00+08:00,215.92,215.92,214.34,215.13,448276,0.0,0.0
2019-09-16 00:00:00+08:00,216.71,218.28,215.13,216.31,716189,0.0,0.0
2019-09-17 00:00:00+08:00,215.92,215.92,214.34,215.13,508147,0.0,0.0
2019-09-18 00:00:00+08:00,214.74,217.89,212.77,216.31,727115,0.0,0.0
2019-09-19 00:00:00+08:00,215.52,215.52,209.61,212.37,1285346,0.0,0.0
2019-09-20 00:00:00+08:00,213.95,215.13,212.37,214.34,958723,0.0,0.0
2019-09-23 00:00:00+08:00,214.34,215.92,213.16,214.74,277795,0.0,0.0
2019-09-24 00:00:00+08:00,215.52,217.89,213.95,217.89,680210,0.0,0.0
2019-09-25 00:00:00+08:00,217.49,217.49,214.34,214.74,374369,0.0,0.0
2019-09-26 00:00:00+08:00,216.71,217.49,214.74,216.31,403182,0.0,0.0
2019-09-27 00:00:00+08:00,216.31,216.31,213.55,215.13,490327,0.0,0.0
2019-10-01 00:00:00+08:00,224.59,230.1,219.46,221.43,1296483,0.0,0.0
2019-10-02 00:00:00+08:00,219.46,221.04,219.07,219.86,671553,0.0,0.0
2019-10-03 00:00:00+08:00,215.92,221.43,215.92,221.43,747296,0.0,0.0
2019-10-04 00:00:00+08:00,220.25,221.43,219.86,220.25,394172,0.0,0.0
2019-10-07 00:00:00+08:00,220.25,221.83,219.86,221.83,384735,0.0,0.0
2019-10-08 00:00:00+08:00,226.16,228.92,221.83,223.8,1157126,0.0,0.0
2019-10-09 00:00:00+08:00,222.22,224.98,219.86,219.86,529447,0.0,0.0
2019-10-14 00:00:00+08:00,223.4,223.4,220.25,220.25,728204,0.0,0.0
2019-10-15 00:00:00+08:00,221.43,221.83,219.86,221.83,554075,0.0,0.0
2019-10-16 00:00:00+08:00,222.22,225.37,221.04,224.98,764982,0.0,0.0
2019-10-17 00:00:00+08:00,224.98,226.56,223.4,226.56,514303,0.0,0.0
2019-10-18 00:00:00+08:00,226.56,226.56,224.59,224.98,324064,0.0,0.0
2019-10-21 00:00:00+08:00,225.37,226.56,224.59,224.98,280013,0.0,0.0
2019-10-22 00:00:00+08:00,225.37,228.53,225.37,228.13,635155,0.0,0.0
2019-10-23 00:00:00+08:00,226.16,230.89,225.37,228.13,716799,0.0,0.0
2019-10-24 00:00:00+08:00,230.5,233.25,228.92,233.25,700332,0.0,0.0
2019-10-25 00:00:00+08:00,235.22,239.95,232.47,234.44,1197533,0.0,0.0
2019-10-28 00:00:00+08:00,236.01,236.01,233.25,233.25,420842,0.0,0.0
2019-10-29 00:00:00+08:00,236.41,237.19,233.25,233.25,373452,0.0,0.0
2019-10-30 00:00:00+08:00,233.25,236.41,231.28,235.62,473578,0.0,0.0
2019-10-31 00:00:00+08:00,237.19,237.59,234.04,237.59,879320,0.0,0.0
2019-11-01 00:00:00+08:00,237.98,239.95,236.41,238.77,532046,0.0,0.0
2019-11-04 00:00:00+08:00,241.13,246.65,241.13,244.68,1484603,0.0,0.0
2019-11-05 00:00:00+08:00,245.07,247.04,243.1,244.29,804816,0.0,0.0
2019-11-06 00:00:00+08:00,245.86,245.86,242.71,243.1,829274,0.0,0.0
2019-11-07 00:00:00+08:00,244.29,247.44,242.32,244.29,1106698,0.0,0.0
2019-11-08 00:00:00+08:00,244.29,245.07,240.35,243.1,842944,0.0,0.0
2019-11-11 00:00:00+08:00,242.71,243.1,240.35,241.53,709898,0.0,0.0
2019-11-12 00:00:00+08:00,242.32,245.47,242.32,243.5,999303,0.0,0.0
2019-11-13 00:00:00+08:00,243.1,247.83,243.1,247.04,724238,0.0,0.0
2019-11-14 00:00:00+08:00,247.04,247.04,243.89,244.68,460249,0.0,0.0
2019-11-15 00:00:00+08:00,245.86,248.23,245.47,247.04,600381,0.0,0.0
2019-11-18 00:00:00+08:00,246.26,247.04,245.47,247.04,840035,0.0,0.0
2019-11-19 00:00:00+08:00,246.26,250.59,246.26,249.8,545665,0.0,0.0
2019-11-20 00:00:00+08:00,250.98,252.17,249.41,252.17,415464,0.0,0.0
2019-11-21 00:00:00+08:00,249.8,250.2,241.92,244.29,1448673,0.0,0.0
2019-11-22 00:00:00+08:00,246.26,249.41,244.29,249.01,860162,0.0,0.0
2019-11-25 00:00:00+08:00,247.83,249.01,245.86,247.44,879197,0.0,0.0
2019-11-26 00:00:00+08:00,248.23,248.23,243.89,243.89,3214539,0.0,0.0
2019-11-27 00:00:00+08:00,241.92,242.32,236.01,239.95,1227736,0.0,0.0
2019-11-28 00:00:00+08:00,239.95,240.74,237.19,237.59,443765,0.0,0.0
2019-11-29 00:00:00+08:00,236.8,237.59,232.86,236.01,1229899,0.0,0.0
2019-12-02 00:00:00+08:00,237.19,238.77,234.04,236.41,562766,0.0,0.0
2019-12-03 00:00:00+08:00,238.77,238.77,235.62,237.98,453166,0.0,0.0
2019-12-04 00:00:00+08:00,239.16,239.16,234.44,237.98,739123,0.0,0.0
2019-12-05 00:00:00+08:00,239.56,242.71,235.22,236.8,907428,0.0,0.0
2019-12-06 00:00:00+08:00,236.8,237.59,234.44,234.83,446292,0.0,0.0
2019-12-09 00:00:00+08:00,236.41,236.8,233.25,236.41,769246,0.0,0.0
2019-12-10 00:00:00+08:00,236.41,236.41,230.5,233.25,1130510,0.0,0.0
2019-12-11 00:00:00+08:00,234.04,235.62,231.68,234.83,432379,0.0,0.0
2019-12-12 00:00:00+08:00,235.62,237.19,232.86,234.44,644365,0.0,0.0
2019-12-13 00:00:00+08:00,235.62,237.59,234.83,236.01,539376,0.0,0.0
2019-12-16 00:00:00+08:00,234.83,237.19,234.83,234.83,1778,0.0,0.0
2019-12-17 00:00:00+08:00,233.65,236.41,233.25,236.41,741946,0.0,0.0
2019-12-18 00:00:00+08:00,237.59,237.98,234.83,237.98,955283,0.0,0.0
2019-12-19 00:00:00+08:00,249.8,249.8,234.44,235.22,1003929,0.0,0.0
2019-12-20 00:00:00+08:00,238.38,240.74,237.19,237.59,939767,0.0,0.0
2019-12-23 00:00:00+08:00,235.62,243.89,235.62,242.71,473613,0.0,0.0
2019-12-24 00:00:00+08:00,244.29,244.29,238.77,238.77,189305,0.0,0.0
2019-12-25 00:00:00+08:00,240.35,241.92,237.19,241.92,263299,0.0,0.0
2019-12-26 00:00:00+08:00,242.71,242.71,239.56,240.35,190363,0.0,0.0
2019-12-27 00:00:00+08:00,242.71,244.29,241.53,244.29,346845,0.0,0.0
2019-12-30 00:00:00+08:00,243.89,243.89,240.35,242.32,441369,0.0,0.0
2019-12-31 00:00:00+08:00,241.53,241.92,237.59,237.98,387109,0.0,0.0
2020-01-02 00:00:00+08:00,238.77,240.35,234.83,235.22,634785,0.0,0.0
2020-01-03 00:00:00+08:00,237.59,237.98,235.22,237.19,393227,0.0,0.0
2020-01-06 00:00:00+08:00,234.83,237.19,234.83,235.22,272444,0.0,0.0
2020-01-07 00:00:00+08:00,235.22,237.98,235.22,236.8,426616,0.0,0.0
2020-01-08 00:00:00+08:00,238.38,238.38,232.47,235.62,428104,0.0,0.0
2020-01-09 00:00:00+08:00,238.38,241.92,237.98,240.35,597099,0.0,0.0
2020-01-10 00:00:00+08:00,240.35,242.32,238.77,240.35,450035,0.0,0.0
2020-01-13 00:00:00+08:00,241.92,243.89,240.74,243.1,417650,0.0,0.0
2020-01-14 00:00:00+08:00,243.1,244.29,242.32,244.29,483963,0.0,0.0
2020-01-15 00:00:00+08:00,243.1,245.86,241.13,245.07,740953,0.0,0.0
2020-01-16 00:00:00+08:00,243.5,245.86,242.71,244.68,656302,0.0,0.0
2020-01-17 00:00:00+08:00,246.26,250.59,245.86,249.01,1123508,0.0,0.0
2020-01-20 00:00:00+08:00,247.83,250.59,247.44,247.83,828713,0.0,0.0
2020-01-30 00:00:00+08:00,244.29,244.29,226.95,228.53,2026550,0.0,0.0
2020-01-31 00:00:00+08:00,234.04,235.62,229.31,229.31,960572,0.0,0.0
2020-02-03 00:00:00+08:00,231.68,237.59,229.71,232.47,1009533,0.0,0.0
2020-02-04 00:00:00+08:00,234.83,238.77,234.83,238.77,1051971,0.0,0.0
2020-02-05 00:00:00+08:00,239.56,240.35,235.22,239.56,476502,0.0,0.0
2020-02-06 00:00:00+08:00,240.74,242.71,239.95,241.13,431431,0.0,0.0
2020-02-07 00:00:00+08:00,238.77,243.1,237.59,240.35,836170,0.0,0.0
2020-02-10 00:00:00+08:00,238.77,242.32,237.19,238.77,551646,0.0,0.0
2020-02-11 00:00:00+08:00,238.77,239.56,237.19,238.38,673117,0.0,0.0
2020-02-12 00:00:00+08:00,240.35,245.86,238.77,243.5,666069,0.0,0.0
2020-02-13 00:00:00+08:00,241.92,245.07,241.92,245.07,798561,0.0,0.0
2020-02-14 00:00:00+08:00,243.89,245.86,242.71,243.5,423657,0.0,0.0
2020-02-17 00:00:00+08:00,241.53,247.44,241.13,245.86,581716,0.0,0.0
2020-02-18 00:00:00+08:00,243.89,245.07,242.71,244.29,521121,0.0,0.0
2020-02-19 00:00:00+08:00,244.29,247.44,243.5,243.89,515714,0.0,0.0
2020-02-20 00:00:00+08:00,246.65,247.04,241.53,241.53,475555,0.0,0.0
2020-02-21 00:00:00+08:00,240.74,242.71,239.16,239.16,373472,0.0,0.0
2020-02-24 00:00:00+08:00,234.83,237.19,232.47,234.04,574325,0.0,0.0
2020-02-25 00:00:00+08:00,231.28,237.98,231.28,235.62,428038,0.0,0.0
2020-02-26 00:00:00+08:00,231.28,236.8,230.5,233.25,1314101,0.0,0.0
2020-02-27 00:00:00+08:00,230.5,235.22,230.5,232.07,1041742,0.0,0.0
2020-03-02 00:00:00+08:00,226.95,230.5,221.04,221.43,2528302,0.0,0.0
2020-03-03 00:00:00+08:00,224.19,229.31,224.19,229.31,1016300,0.0,0.0
2020-03-04 00:00:00+08:00,228.53,235.62,228.13,234.04,838833,0.0,0.0
2020-03-05 00:00:00+08:00,234.04,237.98,233.25,233.65,753439,0.0,0.0
2020-03-06 00:00:00+08:00,233.25,233.25,228.92,229.71,980868,0.0,0.0
2020-03-09 00:00:00+08:00,228.53,229.31,222.22,222.62,1756339,0.0,0.0
2020-03-10 00:00:00+08:00,220.65,221.04,212.37,217.1,2579955,0.0,0.0
2020-03-11 00:00:00+08:00,225.37,228.53,217.1,218.28,1703477,0.0,0.0
2020-03-12 00:00:00+08:00,213.55,216.71,205.67,208.04,2372328,0.0,0.0
2020-03-13 00:00:00+08:00,188.34,209.61,187.55,206.07,4104303,0.0,0.0
2020-03-16 00:00:00+08:00,204.89,207.64,187.55,187.55,2376951,0.0,0.0
2020-03-17 00:00:00+08:00,176.91,189.52,172.58,187.15,2431821,0.0,0.0
2020-03-18 00:00:00+08:00,185.18,197.0,185.18,190.31,2736463,0.0,0.0
2020-03-19 00:00:00+08:00,180.06,187.94,177.7,181.24,2232027,0.0,0.0
2020-03-20 00:00:00+08:00,178.49,193.85,178.49,189.52,2607892,0.0,0.0
2020-03-23 00:00:00+08:00,179.27,192.67,178.88,184.4,1629678,0.0,0.0
2020-03-24 00:00:00+08:00,188.34,199.37,186.37,190.7,2130605,0.0,0.0
2020-03-25 00:00:00+08:00,193.46,199.76,193.46,195.43,1302152,0.0,0.0
2020-03-26 00:00:00+08:00,199.37,208.43,197.79,202.52,1558611,0.0,0.0
2020-03-27 00:00:00+08:00,212.37,213.55,196.61,198.58,1558546,0.0,0.0
2020-03-30 00:00:00+08:00,193.06,196.22,191.09,193.85,1000823,0.0,0.0
2020-03-31 00:00:00+08:00,194.64,197.79,192.28,196.61,1565498,0.0,0.0
2020-04-01 00:00:00+08:00,195.03,196.61,192.28,192.67,1044308,0.0,0.0
2020-04-06 00:00:00+08:00,199.37,204.1,197.0,202.52,2132120,0.0,0.0
2020-04-07 00:00:00+08:00,208.83,208.83,202.13,204.1,1768713,0.0,0.0
2020-04-08 00:00:00+08:00,200.55,203.31,199.76,201.73,967015,0.0,0.0
2020-04-09 00:00:00+08:00,202.13,205.28,200.95,202.92,833805,0.0,0.0
2020-04-10 00:00:00+08:00,202.92,204.49,200.95,204.49,570224,0.0,0.0
2020-04-13 00:00:00+08:00,204.1,206.46,202.52,203.7,478132,0.0,0.0
2020-04-14 00:00:00+08:00,205.28,209.61,204.49,208.83,928167,0.0,0.0
2020-04-15 00:00:00+08:00,209.61,212.77,208.04,210.8,887013,0.0,0.0
2020-04-16 00:00:00+08:00,211.98,214.34,208.43,210.01,1190646,0.0,0.0
2020-04-17 00:00:00+08:00,214.34,229.31,214.34,219.86,1717935,0.0,0.0
2020-04-20 00:00:00+08:00,219.86,225.37,218.68,219.07,1124771,0.0,0.0
2020-04-21 00:00:00+08:00,216.71,218.68,208.83,208.83,1535065,0.0,0.0
2020-04-22 00:00:00+08:00,204.89,208.83,202.52,206.46,1161557,0.0,0.0
2020-04-23 00:00:00+08:00,209.22,213.95,203.31,207.25,1556212,0.0,0.0
2020-04-24 00:00:00+08:00,206.07,210.8,206.07,208.43,1126102,0.0,0.0
2020-04-27 00:00:00+08:00,215.92,220.65,212.77,216.71,1821362,0.0,0.0
2020-04-28 00:00:00+08:00,217.49,219.07,215.13,218.28,822484,0.0,0.0
2020-04-29 00:00:00+08:00,218.28,221.43,217.89,220.25,858172,0.0,0.0
2020-04-30 00:00:00+08:00,219.86,223.8,218.28,223.8,1111219,0.0,0.0
2020-05-04 00:00:00+08:00,211.98,216.71,211.98,214.74,1314095,0.0,0.0
2020-05-05 00:00:00+08:00,216.31,217.89,215.92,215.92,432849,0.0,0.0
2020-05-06 00:00:00+08:00,215.92,217.49,213.16,214.74,511903,0.0,0.0
2020-05-07 00:00:00+08:00,214.74,223.01,214.34,222.22,1216719,0.0,0.0
2020-05-08 00:00:00+08:00,226.95,232.47,226.16,229.31,1787188,0.0,0.0
2020-05-11 00:00:00+08:00,231.68,232.07,227.74,230.1,1111337,0.0,0.0
2020-05-12 00:00:00+08:00,226.56,230.1,226.16,226.56,1681095,0.0,0.0
2020-05-13 00:00:00+08:00,224.59,229.31,224.59,226.95,813165,0.0,0.0
2020-05-14 00:00:00+08:00,225.37,226.56,222.22,223.01,536387,0.0,0.0
2020-05-15 00:00:00+08:00,224.59,224.98,217.89,219.07,884988,0.0,0.0
2020-05-18 00:00:00+08:00,216.71,222.22,216.71,220.25,829658,0.0,0.0
2020-05-19 00:00:00+08:00,229.71,229.71,224.19,226.95,985977,0.0,0.0
2020-05-20 00:00:00+08:00,226.95,228.53,223.8,224.59,591477,0.0,0.0
2020-05-21 00:00:00+08:00,224.19,227.74,224.19,226.16,485275,0.0,0.0
2020-05-22 00:00:00+08:00,224.19,224.19,218.28,218.28,849429,0.0,0.0
2020-05-25 00:00:00+08:00,220.25,223.01,214.74,223.01,395012,0.0,0.0
2020-05-26 00:00:00+08:00,224.98,229.31,223.8,228.53,1065225,0.0,0.0
2020-05-27 00:00:00+08:00,226.95,229.31,224.59,227.74,490664,0.0,0.0
2020-05-28 00:00:00+08:00,229.31,235.62,227.34,231.68,1684070,0.0,0.0
2020-05-29 00:00:00+08:00,236.41,236.41,227.74,234.04,1382433,0.0,0.0
2020-06-01 00:00:00+08:00,236.41,237.59,231.68,231.68,1042577,0.0,0.0
2020-06-02 00:00:00+08:00,232.07,234.83,230.1,231.68,683065,0.0,0.0
2020-06-03 00:00:00+08:00,234.83,236.01,230.89,233.65,1044907,0.0,0.0
2020-06-04 00:00:00+08:00,233.65,236.01,232.86,234.83,1106304,0.0,0.0
2020-06-05 00:00:00+08:00,234.04,234.83,231.68,232.07,752455,0.0,0.0
2020-06-08 00:00:00+08:00,232.86,234.83,230.5,234.04,898898,0.0,0.0
2020-06-09 00:00:00+08:00,234.04,234.04,230.89,232.47,604900,0.0,0.0
2020-06-10 00:00:00+08:00,231.68,233.25,230.89,231.68,885975,0.0,0.0
2020-06-11 00:00:00+08:00,232.86,235.22,230.5,231.68,663978,0.0,0.0
2020-06-12 00:00:00+08:00,229.31,230.5,227.74,228.53,703970,0.0,0.0
2020-06-15 00:00:00+08:00,228.92,232.86,228.13,230.1,788051,0.0,0.0
2020-06-16 00:00:00+08:00,231.68,236.8,230.89,234.44,860550,0.0,0.0
2020-06-17 00:00:00+08:00,232.86,235.62,232.86,233.65,754226,0.0,0.0
2020-06-18 00:00:00+08:00,235.22,235.62,232.86,235.22,341372,0.0,0.0
2020-06-19 00:00:00+08:00,234.04,236.41,232.86,232.86,1524428,0.0,0.0
2020-06-22 00:00:00+08:00,233.25,236.01,233.25,234.83,235885,0.0,0.0
2020-06-23 00:00:00+08:00,236.01,236.8,232.47,232.47,633071,0.0,0.0
2020-06-24 00:00:00+08:00,233.25,234.83,231.68,231.68,629715,0.0,0.0
2020-06-29 00:00:00+08:00,231.68,232.07,224.98,230.89,1581100,0.0,0.0
2020-06-30 00:00:00+08:00,232.07,234.04,229.71,232.86,740533,0.0,0.0
2020-07-01 00:00:00+08:00,232.07,237.59,232.07,236.41,809354,0.0,0.0
2020-07-02 00:00:00+08:00,235.22,240.35,235.22,238.77,701214,0.0,0.0
2020-07-03 00:00:00+08:00,244.29,256.89,244.29,248.62,2793376,0.0,0.0
2020-07-06 00:00:00+08:00,252.17,258.86,249.01,258.47,1814660,0.0,0.0
2020-07-07 00:00:00+08:00,267.93,271.08,255.32,256.89,2044308,0.0,0.0
2020-07-08 00:00:00+08:00,255.71,256.89,254.53,256.5,743250,0.0,0.0
2020-07-09 00:00:00+08:00,256.89,262.8,256.89,258.47,630477,0.0,0.0
2020-07-10 00:00:00+08:00,258.08,258.86,253.35,253.35,949467,0.0,0.0
2020-07-13 00:00:00+08:00,253.74,256.5,253.74,254.92,681959,0.0,0.0
2020-07-14 00:00:00+08:00,252.17,254.14,252.17,252.95,247443,0.0,0.0
2020-07-15 00:00:00+08:00,253.35,258.86,248.62,258.08,869647,0.0,0.0
2020-07-16 00:00:00+08:00,260.83,261.62,253.74,254.53,558999,0.0,0.0
2020-07-17 00:00:00+08:00,252.17,256.89,252.17,256.5,633141,0.0,0.0
2020-07-20 00:00:00+08:00,257.68,259.26,254.92,259.26,345562,0.0,0.0
2020-07-21 00:00:00+08:00,258.08,271.47,257.68,262.41,2205930,0.0,0.0
2020-07-22 00:00:00+08:00,262.41,268.71,261.23,263.99,974938,0.0,0.0
2020-07-23 00:00:00+08:00,267.53,267.53,260.05,262.8,1091873,0.0,0.0
2020-07-24 00:00:00+08:00,259.65,262.02,258.47,258.86,973558,0.0,0.0
2020-07-27 00:00:00+08:00,258.47,261.62,257.29,258.47,986062,0.0,0.0
2020-07-28 00:00:00+08:00,257.29,261.62,256.11,256.89,1138996,0.0,0.0
2020-07-29 00:00:00+08:00,256.5,261.62,256.5,258.08,837054,0.0,0.0
2020-07-30 00:00:00+08:00,265.56,273.05,265.56,272.26,2488614,0.0,0.0
2020-07-31 00:00:00+08:00,272.85,279.51,271.07,274.62,2690131,7.08,1.1
2020-08-03 00:00:00+08:00,274.62,277.29,271.51,272.85,2415606,0.0,0.0
2020-08-04 00:00:00+08:00,275.07,278.18,271.96,275.51,611313,0.0,0.0
2020-08-05 00:00:00+08:00,279.07,279.07,273.74,275.51,531996,0.0,0.0
2020-08-06 00:00:00+08:00,272.85,273.29,263.07,267.07,2194545,0.0,0.0
2020-08-07 00:00:00+08:00,263.51,268.4,263.51,266.63,1385742,0.0,0.0
2020-08-10 00:00:00+08:00,267.07,267.96,265.29,266.63,1152573,0.0,0.0
2020-08-11 00:00:00+08:00,265.74,272.85,265.74,268.4,1062629,0.0,0.0
2020-08-12 00:00:00+08:00,270.18,271.96,267.07,269.29,1124533,0.0,0.0
2020-08-13 00:00:00+08:00,272.4,274.18,267.51,267.96,732084,0.0,0.0
2020-08-14 00:00:00+08:00,273.29,273.29,267.96,267.96,697250,0.0,0.0
2020-08-17 00:00:00+08:00,270.63,273.74,269.29,273.29,544771,0.0,0.0
2020-08-18 00:00:00+08:00,273.29,279.96,271.96,277.29,1336575,0.0,0.0
2020-08-19 00:00:00+08:00,272.4,281.73,271.96,277.74,810818,0.0,0.0
2020-08-20 00:00:00+08:00,276.85,278.62,270.63,272.4,1935171,0.0,0.0
2020-08-21 00:00:00+08:00,275.07,275.51,271.07,273.74,705460,0.0,0.0
2020-08-24 00:00:00+08:00,272.85,279.96,272.85,276.85,753816,0.0,0.0
2020-08-25 00:00:00+08:00,275.96,283.96,275.96,280.85,827521,0.0,0.0
2020-08-26 00:00:00+08:00,280.85,282.18,276.4,277.29,477818,0.0,0.0
2020-08-27 00:00:00+08:00,277.74,279.07,273.29,274.62,446906,0.0,0.0
2020-08-28 00:00:00+08:00,273.74,279.51,272.4,276.4,850982,0.0,0.0
2020-08-31 00:00:00+08:00,280.4,280.4,269.74,269.74,892410,0.0,0.0
2020-09-01 00:00:00+08:00,271.07,271.96,267.07,267.96,546625,0.0,0.0
2020-09-02 00:00:00+08:00,268.85,273.29,267.07,269.74,490540,0.0,0.0
2020-09-03 00:00:00+08:00,271.07,275.07,267.96,267.96,490605,0.0,0.0
2020-09-04 00:00:00+08:00,266.63,269.74,263.96,266.18,732952,0.0,0.0
2020-09-07 00:00:00+08:00,268.4,268.4,260.4,260.4,637064,0.0,0.0
2020-09-08 00:00:00+08:00,259.52,262.63,256.4,261.29,425126,0.0,0.0
2020-09-09 00:00:00+08:00,257.29,257.29,249.74,251.52,867743,0.0,0.0
2020-09-10 00:00:00+08:00,254.18,258.18,254.18,256.85,506899,0.0,0.0
2020-09-11 00:00:00+08:00,255.96,255.96,251.07,251.07,417803,0.0,0.0
2020-09-14 00:00:00+08:00,253.74,259.07,252.85,255.96,715131,0.0,0.0
2020-09-15 00:00:00+08:00,255.07,257.74,253.74,255.52,520772,0.0,0.0
2020-09-16 00:00:00+08:00,255.96,258.18,253.29,255.52,1217300,0.0,0.0
2020-09-17 00:00:00+08:00,255.52,263.96,255.52,259.07,1377345,0.0,0.0
2020-09-18 00:00:00+08:00,261.29,262.63,259.07,261.29,1122962,0.0,0.0
2020-09-21 00:00:00+08:00,261.29,261.74,257.74,259.52,379854,0.0,0.0
2020-09-22 00:00:00+08:00,258.18,259.07,255.07,255.96,423006,0.0,0.0
2020-09-23 00:00:00+08:00,255.96,257.29,254.18,256.4,567520,0.0,0.0
2020-09-24 00:00:00+08:00,250.63,252.85,248.85,248.85,1209036,0.0,0.0
2020-09-25 00:00:00+08:00,247.96,251.07,243.52,247.96,914844,0.0,0.0
2020-09-28 00:00:00+08:00,250.63,252.85,249.74,251.96,427097,0.0,0.0
2020-09-29 00:00:00+08:00,253.29,255.07,250.63,252.85,319509,0.0,0.0
2020-09-30 00:00:00+08:00,255.07,261.74,254.18,258.63,1118201,0.0,0.0
2020-10-05 00:00:00+08:00,263.96,263.96,253.29,254.63,758115,0.0,0.0
2020-10-06 00:00:00+08:00,259.52,263.07,258.63,261.29,738113,0.0,0.0
2020-10-07 00:00:00+08:00,261.29,262.63,258.18,261.29,673912,0.0,0.0
2020-10-08 00:00:00+08:00,261.74,263.07,259.07,262.63,485231,0.0,0.0
2020-10-12 00:00:00+08:00,262.18,270.18,260.85,270.18,1244135,0.0,0.0
2020-10-13 00:00:00+08:00,267.51,269.29,259.07,266.18,1114799,0.0,0.0
2020-10-14 00:00:00+08:00,266.18,270.18,262.63,266.18,1147369,0.0,0.0
2020-10-15 00:00:00+08:00,263.52,267.07,262.18,263.52,710856,0.0,0.0
2020-10-16 00:00:00+08:00,263.96,269.29,263.96,266.63,851408,0.0,0.0
2020-10-19 00:00:00+08:00,267.51,271.96,267.51,268.4,855683,0.0,0.0
2020-10-20 00:00:00+08:00,267.51,267.51,261.74,262.63,1097568,0.0,0.0
2020-10-21 00:00:00+08:00,262.63,265.74,260.85,262.63,746330,0.0,0.0
2020-10-22 00:00:00+08:00,259.96,264.4,259.96,260.4,364380,0.0,0.0
2020-10-23 00:00:00+08:00,264.4,264.85,259.96,262.18,536195,0.0,0.0
2020-10-26 00:00:00+08:00,262.18,267.51,262.18,263.96,628686,0.0,0.0
2020-10-27 00:00:00+08:00,260.4,264.85,260.4,262.63,537418,0.0,0.0
2020-10-28 00:00:00+08:00,262.18,263.96,261.29,263.07,679575,0.0,0.0
2020-10-29 00:00:00+08:00,259.96,261.29,256.85,256.85,528139,0.0,0.0
2020-10-30 00:00:00+08:00,256.85,258.63,254.18,256.85,655722,0.0,0.0
2020-11-02 00:00:00+08:00,254.63,257.74,250.63,254.18,903516,0.0,0.0
2020-11-03 00:00:00+08:00,256.41,262.18,255.52,259.96,760673,0.0,0.0
2020-11-04 00:00:00+08:00,260.4,262.63,257.29,260.4,276011,0.0,0.0
2020-11-05 00:00:00+08:00,259.07,259.07,253.74,255.96,810408,0.0,0.0
2020-11-06 00:00:00+08:00,258.63,258.63,254.63,255.52,686918,0.0,0.0
2020-11-09 00:00:00+08:00,255.52,268.4,255.07,262.18,1560897,0.0,0.0
2020-11-10 00:00:00+08:00,258.63,265.29,258.63,262.63,925183,0.0,0.0
2020-11-11 00:00:00+08:00,264.4,267.51,261.74,265.74,1265873,0.0,0.0
2020-11-12 00:00:00+08:00,266.18,267.51,262.18,263.07,689266,0.0,0.0
2020-11-13 00:00:00+08:00,261.29,263.51,259.52,261.74,409291,0.0,0.0
2020-11-16 00:00:00+08:00,266.18,273.29,264.4,273.29,1465856,0.0,0.0
2020-11-17 00:00:00+08:00,273.29,277.29,272.4,274.18,966517,0.0,0.0
2020-11-18 00:00:00+08:00,275.51,279.96,273.29,279.51,1261658,0.0,0.0
2020-11-19 00:00:00+08:00,279.96,282.62,277.29,279.96,1146329,0.0,0.0
2020-11-20 00:00:00+08:00,278.62,283.07,277.74,281.73,989004,0.0,0.0
2020-11-23 00:00:00+08:00,282.62,286.18,280.85,284.4,1394993,0.0,0.0
2020-11-24 00:00:00+08:00,282.62,283.07,280.4,281.73,520905,0.0,0.0
2020-11-25 00:00:00+08:00,281.73,281.73,272.4,273.74,1327383,0.0,0.0
2020-11-26 00:00:00+08:00,274.62,275.07,269.29,273.74,1198333,0.0,0.0
2020-11-27 00:00:00+08:00,271.96,278.62,271.96,276.4,966882,0.0,0.0
2020-11-30 00:00:00+08:00,278.18,279.07,269.29,272.85,2432593,0.0,0.0
2020-12-01 00:00:00+08:00,271.07,275.96,270.62,275.51,663434,0.0,0.0
2020-12-02 00:00:00+08:00,277.29,277.29,272.85,273.29,609163,0.0,0.0
2020-12-03 00:00:00+08:00,271.51,275.07,271.51,273.74,865791,0.0,0.0
2020-12-04 00:00:00+08:00,277.29,283.96,276.85,279.96,1507372,0.0,0.0
2020-12-07 00:00:00+08:00,282.18,282.62,277.74,280.4,638263,0.0,0.0
2020-12-08 00:00:00+08:00,278.62,279.96,276.4,278.18,593725,0.0,0.0
2020-12-09 00:00:00+08:00,278.18,280.85,276.85,279.96,529419,0.0,0.0
2020-12-10 00:00:00+08:00,277.74,282.18,276.85,279.96,775620,0.0,0.0
2020-12-11 00:00:00+08:00,279.51,282.18,279.51,280.4,900399,0.0,0.0
2020-12-14 00:00:00+08:00,283.96,298.62,281.29,283.07,2345478,0.0,0.0
2020-12-15 00:00:00+08:00,282.62,286.62,278.18,279.96,1033138,0.0,0.0
2020-12-16 00:00:00+08:00,283.51,296.4,282.62,293.29,1732779,0.0,0.0
2020-12-17 00:00:00+08:00,291.51,295.95,288.84,292.84,1620214,0.0,0.0
2020-12-18 00:00:00+08:00,299.51,311.06,297.73,311.06,3712523,0.0,0.0
2020-12-21 00:00:00+08:00,306.18,306.18,292.84,299.51,1543819,0.0,0.0
2020-12-22 00:00:00+08:00,295.51,303.95,295.51,302.18,1013599,0.0,0.0
2020-12-23 00:00:00+08:00,302.18,302.18,293.29,293.29,579055,0.0,0.0
2020-12-24 00:00:00+08:00,293.29,299.95,293.29,295.51,422998,0.0,0.0
2020-12-25 00:00:00+08:00,297.29,297.73,289.73,291.96,247630,0.0,0.0
2020-12-28 00:00:00+08:00,291.96,299.95,291.51,297.73,549616,0.0,0.0
2020-12-29 00:00:00+08:00,300.4,303.51,297.29,303.06,397047,0.0,0.0
2020-12-30 00:00:00+08:00,300.84,311.95,299.07,310.17,987586,0.0,0.0
2020-12-31 00:00:00+08:00,310.62,319.95,306.62,311.06,864407,0.0,0.0
2021-01-04 00:00:00+08:00,306.62,314.62,306.18,310.17,1191074,0.0,0.0
2021-01-05 00:00:00+08:00,310.17,310.62,301.29,305.29,1515377,0.0,0.0
2021-01-06 00:00:00+08:00,299.95,305.29,299.51,301.29,824714,0.0,0.0
2021-01-07 00:00:00+08:00,304.84,310.62,301.73,306.18,1364602,0.0,0.0
2021-01-08 00:00:00+08:00,301.73,305.73,298.62,302.18,2083825,0.0,0.0
2021-01-11 00:00:00+08:00,304.84,313.29,302.18,313.29,1270806,0.0,0.0
2021-01-12 00:00:00+08:00,314.62,328.84,312.4,323.06,2275695,0.0,0.0
2021-01-13 00:00:00+08:00,327.95,331.5,325.28,327.51,1826642,0.0,0.0
2021-01-14 00:00:00+08:00,326.17,326.17,317.28,326.17,1698035,0.0,0.0
2021-01-15 00:00:00+08:00,323.06,329.73,321.28,321.28,1127500,0.0,0.0
2021-01-18 00:00:00+08:00,321.28,328.84,321.28,328.39,1014024,0.0,0.0
2021-01-19 00:00:00+08:00,332.84,351.95,330.62,349.28,1913186,0.0,0.0
2021-01-20 00:00:00+08:00,341.73,341.73,330.62,332.39,1839741,0.0,0.0
2021-01-21 00:00:00+08:00,328.84,339.5,316.4,328.84,2913879,0.0,0.0
2021-01-22 00:00:00+08:00,324.39,324.84,307.51,307.51,2453709,0.0,0.0
2021-01-25 00:00:00+08:00,308.4,314.62,306.62,311.06,1443015,0.0,0.0
2021-01-26 00:00:00+08:00,311.06,315.51,304.84,309.73,1346156,0.0,0.0
2021-01-27 00:00:00+08:00,316.4,319.95,313.29,315.06,1149818,0.0,0.0
2021-01-28 00:00:00+08:00,311.95,315.06,307.95,311.51,1109796,0.0,0.0
2021-01-29 00:00:00+08:00,307.06,315.51,305.73,307.51,1759216,0.0,0.0
2021-02-01 00:00:00+08:00,307.95,312.84,304.84,307.51,750564,0.0,0.0
2021-02-02 00:00:00+08:00,311.06,317.28,306.62,312.84,961013,0.0,0.0
2021-02-03 00:00:00+08:00,315.51,315.51,309.29,314.62,740769,0.0,0.0
2021-02-04 00:00:00+08:00,310.17,317.28,307.95,315.06,894465,0.0,0.0
2021-02-05 00:00:00+08:00,312.84,316.4,310.17,310.62,546723,0.0,0.0
2021-02-17 00:00:00+08:00,324.39,331.95,313.29,329.73,2323068,0.0,0.0
2021-02-18 00:00:00+08:00,324.84,330.17,324.39,328.84,811195,0.0,0.0
2021-02-19 00:00:00+08:00,326.62,336.84,326.17,327.51,1186448,0.0,0.0
2021-02-22 00:00:00+08:00,332.84,339.5,328.39,328.84,1128935,0.0,0.0
2021-02-23 00:00:00+08:00,330.62,335.06,327.06,330.62,915537,0.0,0.0
2021-02-24 00:00:00+08:00,333.28,334.62,320.4,327.51,1067117,0.0,0.0
2021-02-25 00:00:00+08:00,327.95,333.28,326.17,331.95,1293855,0.0,0.0
2021-02-26 00:00:00+08:00,330.62,331.95,321.28,322.17,3192336,0.0,0.0
2021-03-02 00:00:00+08:00,328.84,335.95,325.28,326.17,2235428,0.0,0.0
2021-03-03 00:00:00+08:00,332.39,335.06,329.28,334.62,1322547,0.0,0.0
2021-03-04 00:00:00+08:00,331.5,331.5,324.39,326.17,1520522,0.0,0.0
2021-03-05 00:00:00+08:00,316.84,329.28,315.95,324.84,1266134,0.0,0.0
2021-03-08 00:00:00+08:00,329.28,335.06,318.62,322.17,1843050,0.0,0.0
2021-03-09 00:00:00+08:00,323.06,335.06,323.06,327.95,2161092,0.0,0.0
2021-03-10 00:00:00+08:00,330.17,337.28,323.51,325.28,874723,0.0,0.0
2021-03-11 00:00:00+08:00,322.62,324.84,311.06,314.62,2685063,0.0,0.0
2021-03-12 00:00:00+08:00,313.73,314.62,311.06,311.51,1056215,0.0,0.0
2021-03-15 00:00:00+08:00,311.51,315.51,311.51,314.62,663111,0.0,0.0
2021-03-16 00:00:00+08:00,316.4,321.73,314.62,316.84,1285121,0.0,0.0
2021-03-17 00:00:00+08:00,316.4,319.95,311.95,314.62,1104978,0.0,0.0
2021-03-18 00:00:00+08:00,317.73,319.95,315.51,317.73,713867,0.0,0.0
2021-03-19 00:00:00+08:00,312.84,314.62,309.29,313.29,2122321,0.0,0.0
2021-03-22 00:00:00+08:00,312.84,315.95,311.95,314.62,464483,0.0,0.0
2021-03-23 00:00:00+08:00,312.84,314.62,311.51,312.84,541730,0.0,0.0
2021-03-24 00:00:00+08:00,312.84,314.62,310.17,313.73,529666,0.0,0.0
2021-03-25 00:00:00+08:00,312.84,319.06,312.84,315.06,712877,0.0,0.0
2021-03-26 00:00:00+08:00,314.17,318.17,313.29,315.06,868895,0.0,0.0
2021-03-29 00:00:00+08:00,313.73,317.28,313.73,316.84,865053,0.0,0.0
2021-03-30 00:00:00+08:00,319.51,322.62,316.84,319.51,907572,0.0,0.0
2021-03-31 00:00:00+08:00,321.73,321.73,313.73,314.62,931230,0.0,0.0
2021-04-01 00:00:00+08:00,317.28,318.62,313.29,314.17,429009,0.0,0.0
2021-04-07 00:00:00+08:00,320.84,321.73,312.84,316.4,994172,0.0,0.0
2021-04-08 00:00:00+08:00,314.62,317.28,314.62,315.95,443004,0.0,0.0
2021-04-09 00:00:00+08:00,317.73,324.39,317.73,320.84,967680,0.0,0.0
2021-04-12 00:00:00+08:00,316.84,319.06,314.17,315.06,562903,0.0,0.0
2021-04-13 00:00:00+08:00,316.84,318.17,312.84,314.17,822691,0.0,0.0
2021-04-14 00:00:00+08:00,313.73,316.4,310.17,313.73,1175495,0.0,0.0
2021-04-15 00:00:00+08:00,316.84,316.84,311.95,314.17,655896,0.0,0.0
2021-04-16 00:00:00+08:00,314.17,316.84,312.84,315.51,740208,0.0,0.0
2021-04-19 00:00:00+08:00,315.51,320.4,314.62,317.73,775282,0.0,0.0
2021-04-20 00:00:00+08:00,320.84,323.51,316.84,319.95,1028447,0.0,0.0
2021-04-21 00:00:00+08:00,315.95,317.73,311.95,313.29,1043902,0.0,0.0
2021-04-22 00:00:00+08:00,315.95,315.95,311.06,311.95,789412,0.0,0.0
2021-04-23 00:00:00+08:00,312.84,313.29,310.17,311.95,708288,0.0,0.0
2021-04-26 00:00:00+08:00,314.17,315.51,309.29,312.84,1079780,0.0,0.0
2021-04-27 00:00:00+08:00,313.73,315.51,311.06,314.62,667556,0.0,0.0
2021-04-28 00:00:00+08:00,314.62,314.62,311.95,314.62,501440,0.0,0.0
2021-04-29 00:00:00+08:00,311.51,318.17,311.51,316.4,824455,0.0,0.0
2021-05-03 00:00:00+08:00,315.51,320.84,315.51,318.62,935143,0.0,0.0
2021-05-04 00:00:00+08:00,319.95,319.95,306.62,309.29,1220139,0.0,0.0
2021-05-05 00:00:00+08:00,311.06,314.17,302.18,304.84,716481,0.0,0.0
2021-05-06 00:00:00+08:00,309.29,309.29,298.62,305.73,1165930,0.0,0.0
2021-05-07 00:00:00+08:00,307.95,312.84,305.29,309.29,1872023,0.0,0.0
2021-05-10 00:00:00+08:00,311.06,311.95,306.18,307.95,679343,0.0,0.0
2021-05-11 00:00:00+08:00,311.06,311.06,290.18,290.18,1226901,0.0,0.0
2021-05-12 00:00:00+08:00,284.4,300.4,269.74,283.07,2612047,0.0,0.0
2021-05-13 00:00:00+08:00,287.07,288.84,276.4,277.29,1930469,0.0,0.0
2021-05-14 00:00:00+08:00,276.85,288.84,276.85,288.4,1525622,0.0,0.0
2021-05-17 00:00:00+08:00,288.84,289.29,279.07,286.62,1097178,0.0,0.0
2021-05-18 00:00:00+08:00,285.73,293.29,283.07,291.07,1139311,0.0,0.0
2021-05-19 00:00:00+08:00,286.18,291.51,285.29,286.62,910062,0.0,0.0
2021-05-20 00:00:00+08:00,286.62,289.29,281.29,286.62,1451274,0.0,0.0
2021-05-21 00:00:00+08:00,284.85,290.62,282.18,283.51,1177712,0.0,0.0
2021-05-24 00:00:00+08:00,280.85,286.62,278.18,284.4,896749,0.0,0.0
2021-05-25 00:00:00+08:00,282.18,289.73,280.85,287.07,1626092,0.0,0.0
2021-05-26 00:00:00+08:00,284.85,291.07,284.4,289.29,872429,0.0,0.0
2021-05-27 00:00:00+08:00,284.4,294.18,280.4,288.84,4052297,0.0,0.0
2021-05-28 00:00:00+08:00,290.18,292.84,287.96,290.18,901519,0.0,0.0
2021-05-31 00:00:00+08:00,291.07,295.07,290.62,292.84,988224,0.0,0.0
2021-06-01 00:00:00+08:00,292.4,293.73,287.07,287.07,707607,0.0,0.0
2021-06-02 00:00:00+08:00,288.4,290.62,284.4,287.96,1408604,0.0,0.0
2021-06-03 00:00:00+08:00,287.51,290.18,284.4,284.4,1467979,0.0,0.0
2021-06-04 00:00:00+08:00,280.85,291.51,280.85,288.4,920652,0.0,0.0
2021-06-07 00:00:00+08:00,287.96,290.18,283.51,288.4,496763,0.0,0.0
2021-06-08 00:00:00+08:00,290.18,291.96,287.96,290.18,635693,0.0,0.0
2021-06-09 00:00:00+08:00,290.18,291.96,287.96,290.18,645180,0.0,0.0
2021-06-10 00:00:00+08:00,289.73,293.73,288.84,289.29,1159723,0.0,0.0
2021-06-11 00:00:00+08:00,289.29,291.96,288.84,289.29,331140,0.0,0.0
2021-06-15 00:00:00+08:00,289.73,297.73,287.07,289.73,1288781,0.0,0.0
2021-06-16 00:00:00+08:00,288.4,294.18,288.4,292.4,830987,0.0,0.0
2021-06-17 00:00:00+08:00,289.29,297.29,289.29,297.29,1122352,0.0,0.0
2021-06-18 00:00:00+08:00,294.18,303.06,291.51,300.84,2485984,0.0,0.0
2021-06-21 00:00:00+08:00,302.18,302.18,290.18,295.07,1103558,0.0,0.0
2021-06-22 00:00:00+08:00,299.95,299.95,291.07,291.07,800795,0.0,0.0
2021-06-23 00:00:00+08:00,295.07,305.29,292.4,303.51,1367371,0.0,0.0
2021-06-24 00:00:00+08:00,303.51,307.95,300.4,304.84,1260961,0.0,0.0
2021-06-25 00:00:00+08:00,303.06,307.95,300.84,300.84,751467,0.0,0.0
2021-06-28 00:00:00+08:00,300.84,304.4,298.62,300.4,540785,0.0,0.0
2021-06-29 00:00:00+08:00,306.62,310.62,299.07,306.18,1565048,0.0,0.0
2021-06-30 00:00:00+08:00,303.95,312.4,303.95,306.62,1366614,0.0,0.0
2021-07-01 00:00:00+08:00,304.84,307.51,296.84,296.84,566916,0.0,0.0
2021-07-02 00:00:00+08:00,293.73,297.29,291.51,291.51,1167395,0.0,0.0
2021-07-05 00:00:00+08:00,295.51,303.95,295.51,303.06,1157000,0.0,0.0
2021-07-06 00:00:00+08:00,302.18,308.4,301.29,304.84,1045359,0.0,0.0
2021-07-07 00:00:00+08:00,303.06,308.84,300.84,308.4,810627,0.0,0.0
2021-07-08 00:00:00+08:00,309.13,315.94,307.31,313.22,1239950,7.09,0.0
2021-07-09 00:00:00+08:00,309.13,317.31,306.85,316.4,1297584,0.0,0.0
2021-07-12 00:00:00+08:00,318.22,320.94,311.85,317.76,1074075,0.0,0.0
2021-07-13 00:00:00+08:00,327.31,338.22,322.76,336.4,1963539,0.0,0.0
2021-07-14 00:00:00+08:00,330.04,333.22,325.49,333.22,843603,0.0,0.0
2021-07-15 00:00:00+08:00,335.95,335.95,326.4,327.31,735516,0.0,0.0
2021-07-16 00:00:00+08:00,323.22,332.76,322.76,331.86,742522,0.0,0.0
2021-07-19 00:00:00+08:00,323.67,331.86,322.76,330.95,678616,0.0,0.0
2021-07-20 00:00:00+08:00,326.4,329.58,324.13,324.58,318268,0.0,0.0
2021-07-21 00:00:00+08:00,321.85,336.4,321.85,335.49,968589,0.0,0.0
2021-07-22 00:00:00+08:00,330.95,339.13,329.13,336.4,1390243,0.0,0.0
2021-07-23 00:00:00+08:00,336.4,339.13,332.31,333.67,363176,0.0,0.0
2021-07-26 00:00:00+08:00,331.4,340.95,331.4,340.49,740009,0.0,0.0
2021-07-27 00:00:00+08:00,340.49,340.49,336.4,336.86,453316,0.0,0.0
2021-07-28 00:00:00+08:00,336.86,338.22,325.04,327.31,655029,0.0,0.0
2021-07-29 00:00:00+08:00,332.76,336.4,329.58,330.49,520913,0.0,0.0
2021-07-30 00:00:00+08:00,340.95,340.95,327.76,330.95,815927,0.0,0.0
2021-08-02 00:00:00+08:00,324.58,336.4,322.31,329.13,1459591,0.0,0.0
2021-08-03 00:00:00+08:00,326.85,333.22,323.67,326.85,1098800,0.0,0.0
2021-08-04 00:00:00+08:00,332.31,334.58,329.13,330.04,557415,0.0,0.0
2021-08-05 00:00:00+08:00,340.49,340.49,329.13,332.76,1475882,0.0,0.0
2021-08-06 00:00:00+08:00,329.58,336.86,324.13,332.31,1280810,0.0,0.0
2021-08-09 00:00:00+08:00,327.76,336.4,318.67,336.4,1449577,0.0,0.0
2021-08-10 00:00:00+08:00,335.04,335.04,325.04,325.04,742308,0.0,0.0
2021-08-11 00:00:00+08:00,325.49,331.86,325.04,329.58,649606,0.0,0.0
2021-08-12 00:00:00+08:00,327.76,332.76,324.58,324.58,800461,0.0,0.0
2021-08-13 00:00:00+08:00,324.58,325.95,321.4,323.67,719618,0.0,0.0
2021-08-16 00:00:00+08:00,319.13,327.76,315.94,318.22,778746,0.0,0.0
2021-08-17 00:00:00+08:00,318.22,318.22,318.22,318.22,0,0.0,0.0
2021-08-18 00:00:00+08:00,325.49,331.4,324.58,331.4,748714,0.0,0.0
2021-08-19 00:00:00+08:00,331.4,332.76,324.13,329.13,907967,0.0,0.0
2021-08-20 00:00:00+08:00,332.76,339.13,330.04,331.86,631516,0.0,0.0
2021-08-23 00:00:00+08:00,331.86,338.67,331.86,336.4,675839,0.0,0.0
2021-08-24 00:00:00+08:00,337.31,340.04,336.4,338.22,313359,0.0,0.0
2021-08-25 00:00:00+08:00,340.95,341.4,339.13,340.49,502498,0.0,0.0
2021-08-26 00:00:00+08:00,336.4,336.4,329.58,336.4,710292,0.0,0.0
2021-08-27 00:00:00+08:00,332.31,340.95,332.31,340.95,645674,0.0,0.0
2021-08-30 00:00:00+08:00,338.22,350.04,338.22,350.04,1133174,0.0,0.0
2021-08-31 00:00:00+08:00,346.4,350.95,340.95,350.95,1149394,0.0,0.0
2021-09-01 00:00:00+08:00,346.4,351.86,346.4,349.13,905653,0.0,0.0
2021-09-02 00:00:00+08:00,352.31,353.68,349.13,350.04,905920,0.0,0.0
2021-09-03 00:00:00+08:00,349.13,351.86,346.4,350.95,796769,0.0,0.0
2021-09-06 00:00:00+08:00,348.68,353.68,347.77,350.04,483885,0.0,0.0
2021-09-07 00:00:00+08:00,351.4,359.13,350.04,354.59,787527,0.0,0.0
2021-09-08 00:00:00+08:00,354.13,355.95,352.31,354.59,822917,0.0,0.0
2021-09-09 00:00:00+08:00,352.77,359.59,348.68,356.4,1386535,0.0,0.0
2021-09-10 00:00:00+08:00,359.13,359.59,356.4,358.22,597583,0.0,0.0
2021-09-13 00:00:00+08:00,347.31,352.77,335.04,340.95,942398,0.0,0.0
2021-09-14 00:00:00+08:00,335.04,341.86,328.22,338.22,1553065,0.0,0.0
2021-09-15 00:00:00+08:00,332.31,339.13,331.86,333.22,1032014,0.0,0.0
2021-09-16 00:00:00+08:00,337.31,339.13,335.04,337.31,1037844,0.0,0.0
2021-09-17 00:00:00+08:00,338.22,338.67,333.22,334.13,1805310,0.0,0.0
2021-09-22 00:00:00+08:00,332.76,336.4,330.04,331.86,1315686,0.0,0.0
2021-09-23 00:00:00+08:00,336.4,339.58,335.04,337.76,1504924,0.0,0.0
2021-09-24 00:00:00+08:00,337.31,338.67,334.58,335.95,695681,0.0,0.0
2021-09-27 00:00:00+08:00,333.22,336.86,330.04,334.13,750999,0.0,0.0
2021-09-28 00:00:00+08:00,331.86,336.4,327.76,330.95,913583,0.0,0.0
2021-09-29 00:00:00+08:00,330.04,330.95,320.94,325.49,1161483,0.0,0.0
2021-09-30 00:00:00+08:00,325.49,332.31,321.4,331.86,2026188,0.0,0.0
2021-10-01 00:00:00+08:00,331.86,334.58,316.4,320.49,1380454,0.0,0.0
2021-10-04 00:00:00+08:00,320.49,324.58,317.31,321.4,603889,0.0,0.0
2021-10-05 00:00:00+08:00,321.4,321.4,310.03,310.49,861662,0.0,0.0
2021-10-06 00:00:00+08:00,313.67,315.94,307.76,309.58,931775,0.0,0.0
2021-10-07 00:00:00+08:00,315.49,318.22,311.4,313.67,877530,0.0,0.0
2021-10-08 00:00:00+08:00,319.13,324.58,318.67,318.67,805360,0.0,0.0
2021-10-12 00:00:00+08:00,318.67,318.67,309.58,316.85,966678,0.0,0.0
2021-10-13 00:00:00+08:00,316.85,321.85,310.03,310.03,667715,0.0,0.0
2021-10-14 00:00:00+08:00,318.22,319.13,313.67,314.13,702876,0.0,0.0
2021-10-15 00:00:00+08:00,318.22,321.4,316.4,320.04,1343215,0.0,0.0
2021-10-18 00:00:00+08:00,320.04,321.4,310.03,310.94,390730,0.0,0.0
2021-10-19 00:00:00+08:00,317.31,317.76,313.67,316.4,736102,0.0,0.0
2021-10-20 00:00:00+08:00,321.4,321.85,314.58,318.22,903066,0.0,0.0
2021-10-21 00:00:00+08:00,322.31,322.31,314.58,316.4,623991,0.0,0.0
2021-10-22 00:00:00+08:00,316.4,316.85,312.31,315.94,622366,0.0,0.0
2021-10-25 00:00:00+08:00,314.58,320.49,311.4,319.13,804293,0.0,0.0
2021-10-26 00:00:00+08:00,321.85,329.13,320.04,328.22,978363,0.0,0.0
2021-10-27 00:00:00+08:00,324.58,327.31,323.22,325.04,630605,0.0,0.0
2021-10-28 00:00:00+08:00,324.13,333.67,324.13,331.4,697517,0.0,0.0
2021-10-29 00:00:00+08:00,330.95,332.76,325.49,330.04,815727,0.0,0.0
2021-11-01 00:00:00+08:00,335.49,335.49,329.13,333.22,548946,0.0,0.0
2021-11-02 00:00:00+08:00,335.49,335.95,329.58,331.4,482297,0.0,0.0
2021-11-03 00:00:00+08:00,330.49,334.58,325.49,328.67,364851,0.0,0.0
2021-11-04 00:00:00+08:00,332.31,338.22,326.85,335.95,1502421,0.0,0.0
2021-11-05 00:00:00+08:00,336.86,342.31,335.95,340.04,732131,0.0,0.0
2021-11-08 00:00:00+08:00,343.67,348.68,337.76,342.31,596707,0.0,0.0
2021-11-09 00:00:00+08:00,342.31,357.77,342.31,353.68,1472453,0.0,0.0
2021-11-10 00:00:00+08:00,353.22,353.22,345.49,348.22,764386,0.0,0.0
2021-11-11 00:00:00+08:00,350.04,353.68,345.04,353.22,392812,0.0,0.0
2021-11-12 00:00:00+08:00,352.77,355.95,349.13,352.31,631587,0.0,0.0
2021-11-15 00:00:00+08:00,354.13,361.86,353.68,356.4,996578,0.0,0.0
2021-11-16 00:00:00+08:00,355.95,358.68,354.13,356.4,929490,0.0,0.0
2021-11-17 00:00:00+08:00,352.77,356.4,348.22,351.4,901846,0.0,0.0
2021-11-18 00:00:00+08:00,350.04,352.77,344.58,350.04,821656,0.0,0.0
2021-11-19 00:00:00+08:00,350.04,352.77,345.49,347.77,595748,0.0,0.0
2021-11-22 00:00:00+08:00,350.49,354.59,350.04,353.68,288154,0.0,0.0
2021-11-23 00:00:00+08:00,353.68,353.68,345.95,351.86,656975,0.0,0.0
2021-11-24 00:00:00+08:00,353.22,357.31,349.13,350.95,593922,0.0,0.0
2021-11-25 00:00:00+08:00,354.59,355.49,348.22,354.13,405145,0.0,0.0
2021-11-26 00:00:00+08:00,349.58,350.04,340.95,341.86,510832,0.0,0.0
2021-11-29 00:00:00+08:00,344.13,347.31,339.13,341.86,484902,0.0,0.0
2021-11-30 00:00:00+08:00,338.22,348.22,338.22,347.31,1913297,0.0,0.0
2021-12-01 00:00:00+08:00,320.94,344.58,320.94,336.86,1330640,0.0,0.0
2021-12-02 00:00:00+08:00,333.67,345.49,333.67,345.04,1113357,0.0,0.0
2021-12-03 00:00:00+08:00,345.04,346.86,335.95,340.04,1110983,0.0,0.0
2021-12-06 00:00:00+08:00,339.13,347.31,338.22,343.22,1141172,0.0,0.0
2021-12-07 00:00:00+08:00,340.04,341.4,336.4,339.58,1029377,0.0,0.0
2021-12-08 00:00:00+08:00,344.58,352.31,341.86,350.95,909811,0.0,0.0
2021-12-09 00:00:00+08:00,350.95,357.77,350.95,356.4,720217,0.0,0.0
2021-12-10 00:00:00+08:00,353.68,353.68,344.58,345.95,850715,0.0,0.0
2021-12-13 00:00:00+08:00,349.13,354.13,343.22,346.4,1419480,0.0,0.0
2021-12-14 00:00:00+08:00,342.77,350.04,342.31,347.31,630268,0.0,0.0
2021-12-15 00:00:00+08:00,345.04,348.22,343.67,345.95,512054,0.0,0.0
2021-12-16 00:00:00+08:00,349.13,361.86,349.13,360.95,1482581,0.0,0.0
2021-12-17 00:00:00+08:00,360.95,370.95,360.04,362.77,3335602,0.0,0.0
2021-12-20 00:00:00+08:00,351.4,372.31,347.31,353.68,1654166,0.0,0.0
2021-12-21 00:00:00+08:00,353.68,354.59,347.77,351.86,752311,0.0,0.0
2021-12-22 00:00:00+08:00,352.77,355.95,350.04,351.4,305149,0.0,0.0
2021-12-23 00:00:00+08:00,351.4,365.04,351.4,358.68,618272,0.0,0.0
2021-12-24 00:00:00+08:00,359.59,365.5,357.31,360.95,272870,0.0,0.0
2021-12-27 00:00:00+08:00,360.95,363.22,357.31,361.86,369192,0.0,0.0
2021-12-28 00:00:00+08:00,363.22,364.59,359.13,363.68,630198,0.0,0.0
2021-12-29 00:00:00+08:00,363.68,364.13,360.95,364.13,386255,0.0,0.0
2021-12-30 00:00:00+08:00,360.95,363.22,359.59,360.49,260720,0.0,0.0
2022-01-03 00:00:00+08:00,364.59,370.04,360.04,360.95,903687,0.0,0.0
2022-01-04 00:00:00+08:00,360.95,363.22,358.22,360.95,622644,0.0,0.0
2022-01-05 00:00:00+08:00,357.31,367.31,357.31,363.68,1013171,0.0,0.0
2022-01-06 00:00:00+08:00,360.04,360.95,353.68,358.68,912231,0.0,0.0
2022-01-07 00:00:00+08:00,358.68,358.68,347.77,351.4,719316,0.0,0.0
2022-01-10 00:00:00+08:00,348.68,358.22,348.68,358.22,549809,0.0,0.0
2022-01-11 00:00:00+08:00,355.49,358.22,350.04,355.95,920929,0.0,0.0
2022-01-12 00:00:00+08:00,357.31,365.95,355.95,358.22,1019190,0.0,0.0
2022-01-13 00:00:00+08:00,361.86,362.31,348.22,350.49,979557,0.0,0.0
2022-01-14 00:00:00+08:00,352.31,353.68,346.86,348.22,531006,0.0,0.0
2022-01-17 00:00:00+08:00,346.4,349.13,342.31,347.77,1200190,0.0,0.0
2022-01-18 00:00:00+08:00,348.22,357.31,348.22,355.04,850318,0.0,0.0
2022-01-19 00:00:00+08:00,364.13,365.5,350.49,354.13,1314706,0.0,0.0
2022-01-20 00:00:00+08:00,358.68,361.4,352.77,361.4,1001066,0.0,0.0
2022-01-21 00:00:00+08:00,354.13,360.95,348.22,348.22,954393,0.0,0.0
2022-01-24 00:00:00+08:00,350.95,356.4,348.22,352.77,661389,0.0,0.0
2022-01-25 00:00:00+08:00,345.95,355.95,344.13,347.31,995921,0.0,0.0
2022-01-26 00:00:00+08:00,349.13,351.86,344.58,345.95,732085,0.0,0.0
2022-02-07 00:00:00+08:00,344.58,348.68,336.4,345.49,1920525,0.0,0.0
2022-02-08 00:00:00+08:00,345.49,356.86,345.49,354.59,881625,0.0,0.0
2022-02-09 00:00:00+08:00,351.86,355.95,350.49,350.95,716639,0.0,0.0
2022-02-10 00:00:00+08:00,350.95,354.59,347.31,354.59,650033,0.0,0.0
2022-02-11 00:00:00+08:00,356.4,356.4,350.95,356.4,833266,0.0,0.0
2022-02-14 00:00:00+08:00,350.95,350.95,342.77,344.58,763933,0.0,0.0
2022-02-15 00:00:00+08:00,345.04,350.95,345.04,346.86,489420,0.0,0.0
2022-02-16 00:00:00+08:00,352.77,356.4,350.04,356.4,431554,0.0,0.0
2022-02-17 00:00:00+08:00,356.4,358.22,352.31,356.86,439191,0.0,0.0
2022-02-18 00:00:00+08:00,354.13,356.4,350.04,351.4,334783,0.0,0.0
2022-02-21 00:00:00+08:00,347.77,354.13,347.77,353.68,326069,0.0,0.0
2022-02-22 00:00:00+08:00,349.13,350.04,338.22,341.4,1214349,0.0,0.0
2022-02-23 00:00:00+08:00,345.04,347.31,340.95,342.77,631997,0.0,0.0
2022-02-24 00:00:00+08:00,342.31,342.77,334.58,335.95,1093004,0.0,0.0
2022-02-25 00:00:00+08:00,332.31,337.76,330.95,333.22,1120346,0.0,0.0
2022-03-01 00:00:00+08:00,336.4,342.77,335.49,337.31,1408139,0.0,0.0
2022-03-02 00:00:00+08:00,336.4,340.04,332.76,338.22,1003988,0.0,0.0
2022-03-03 00:00:00+08:00,346.4,350.04,338.67,338.67,1524098,0.0,0.0
2022-03-04 00:00:00+08:00,333.67,341.4,330.95,331.4,1133369,0.0,0.0
2022-03-07 00:00:00+08:00,321.85,324.58,314.58,317.76,1017887,0.0,0.0
2022-03-08 00:00:00+08:00,315.49,321.4,312.31,318.67,1150350,0.0,0.0
2022-03-09 00:00:00+08:00,320.94,330.49,320.04,323.67,1390601,0.0,0.0
2022-03-10 00:00:00+08:00,325.95,334.13,325.95,329.58,1938106,0.0,0.0
2022-03-11 00:00:00+08:00,331.86,336.4,327.76,330.95,1238583,0.0,0.0
2022-03-14 00:00:00+08:00,327.31,328.22,320.94,324.13,1558315,0.0,0.0
2022-03-15 00:00:00+08:00,326.85,335.49,323.67,333.67,1410551,0.0,0.0
2022-03-16 00:00:00+08:00,332.76,337.31,325.95,332.76,1672575,0.0,0.0
2022-03-17 00:00:00+08:00,345.04,347.77,340.04,345.04,1570604,0.0,0.0
2022-03-18 00:00:00+08:00,345.49,347.31,329.58,329.58,2186396,0.0,0.0
2022-03-21 00:00:00+08:00,331.86,334.58,328.67,330.04,942072,0.0,0.0
2022-03-22 00:00:00+08:00,335.49,337.76,331.86,335.49,702813,0.0,0.0
2022-03-23 00:00:00+08:00,340.04,343.22,336.4,340.49,755869,0.0,0.0
2022-03-24 00:00:00+08:00,340.04,343.22,334.58,336.86,1108662,0.0,0.0
2022-03-25 00:00:00+08:00,331.86,337.76,329.13,329.13,758693,0.0,0.0
2022-03-28 00:00:00+08:00,321.4,327.31,318.22,326.85,898824,0.0,0.0
2022-03-29 00:00:00+08:00,327.31,329.58,324.58,327.31,580073,0.0,0.0
2022-03-30 00:00:00+08:00,329.13,331.86,328.22,329.13,745687,0.0,0.0
2022-03-31 00:00:00+08:00,332.76,337.31,331.86,335.95,1073579,0.0,0.0
2022-04-01 00:00:00+08:00,334.58,340.95,330.04,340.49,1436600,0.0,0.0
2022-04-06 00:00:00+08:00,332.76,340.04,332.76,336.4,1427031,0.0,0.0
2022-04-07 00:00:00+08:00,332.76,337.76,328.22,328.22,1820166,0.0,0.0
2022-04-08 00:00:00+08:00,332.76,332.76,327.31,330.04,894439,0.0,0.0
2022-04-11 00:00:00+08:00,330.04,331.86,327.31,329.58,821635,0.0,0.0
2022-04-12 00:00:00+08:00,331.86,335.04,329.58,332.76,821744,0.0,0.0
2022-04-13 00:00:00+08:00,336.4,338.67,334.13,337.31,692024,0.0,0.0
2022-04-14 00:00:00+08:00,341.86,347.31,339.13,345.49,1137226,0.0,0.0
2022-04-15 00:00:00+08:00,345.49,346.4,333.22,333.22,470677,0.0,0.0
2022-04-18 00:00:00+08:00,330.04,335.49,329.58,333.22,294994,0.0,0.0
2022-04-19 00:00:00+08:00,333.67,344.13,333.22,336.86,998790,0.0,0.0
2022-04-20 00:00:00+08:00,335.95,338.22,332.76,332.76,866792,0.0,0.0
2022-04-21 00:00:00+08:00,336.4,343.67,336.4,342.77,1030941,0.0,0.0
2022-04-22 00:00:00+08:00,334.58,345.95,333.22,341.86,1237444,0.0,0.0
2022-04-25 00:00:00+08:00,333.67,340.49,333.67,340.04,1082669,0.0,0.0
2022-04-26 00:00:00+08:00,336.4,338.67,333.22,336.86,877799,0.0,0.0
2022-04-27 00:00:00+08:00,337.31,337.31,329.58,331.86,990161,0.0,0.0
2022-04-28 00:00:00+08:00,331.4,335.04,328.67,335.04,1109986,0.0,0.0
2022-04-29 00:00:00+08:00,332.31,338.22,332.31,335.95,558774,0.0,0.0
2022-05-03 00:00:00+08:00,335.95,339.58,333.22,335.04,695320,0.0,0.0
2022-05-04 00:00:00+08:00,340.04,343.22,337.31,341.86,471883,0.0,0.0
2022-05-05 00:00:00+08:00,337.31,339.13,309.13,313.22,2732800,0.0,0.0
2022-05-06 00:00:00+08:00,305.49,313.22,305.03,311.85,1120028,0.0,0.0
2022-05-09 00:00:00+08:00,301.85,313.67,301.85,310.03,605303,0.0,0.0
2022-05-10 00:00:00+08:00,299.12,305.94,299.12,301.85,1277069,0.0,0.0
2022-05-11 00:00:00+08:00,298.22,300.94,295.49,300.03,937541,0.0,0.0
2022-05-12 00:00:00+08:00,297.31,300.49,295.49,295.94,766810,0.0,0.0
2022-05-13 00:00:00+08:00,307.76,310.49,302.76,308.67,1071619,0.0,0.0
2022-05-16 00:00:00+08:00,315.04,320.49,315.04,319.58,976855,0.0,0.0
2022-05-17 00:00:00+08:00,325.04,325.04,317.31,319.13,786301,0.0,0.0
2022-05-18 00:00:00+08:00,316.4,327.31,316.4,325.95,1040765,0.0,0.0
2022-05-19 00:00:00+08:00,313.67,333.22,313.67,331.86,1032932,0.0,0.0
2022-05-20 00:00:00+08:00,333.22,342.77,329.58,330.95,1636621,0.0,0.0
2022-05-23 00:00:00+08:00,334.58,336.4,325.49,325.95,761254,0.0,0.0
2022-05-24 00:00:00+08:00,325.49,329.13,317.31,317.31,1347313,0.0,0.0
2022-05-25 00:00:00+08:00,320.49,324.58,317.76,320.94,1034604,0.0,0.0
2022-05-26 00:00:00+08:00,321.85,323.67,317.31,319.13,661249,0.0,0.0
2022-05-27 00:00:00+08:00,320.94,332.76,320.94,330.49,1111838,0.0,0.0
2022-05-30 00:00:00+08:00,335.49,335.95,328.22,333.67,994891,0.0,0.0
2022-05-31 00:00:00+08:00,333.67,337.31,328.22,328.22,4309282,0.0,0.0
2022-06-01 00:00:00+08:00,330.49,330.49,325.04,325.49,958004,0.0,0.0
2022-06-02 00:00:00+08:00,321.4,321.4,311.85,316.85,1456367,0.0,0.0
2022-06-06 00:00:00+08:00,320.94,328.22,320.04,325.49,824995,0.0,0.0
2022-06-07 00:00:00+08:00,320.04,321.85,315.49,316.4,894031,0.0,0.0
2022-06-08 00:00:00+08:00,317.31,323.22,315.94,317.31,937095,0.0,0.0
2022-06-09 00:00:00+08:00,318.22,322.31,318.22,320.94,498300,0.0,0.0
2022-06-10 00:00:00+08:00,311.85,316.4,309.13,315.04,570809,0.0,0.0
2022-06-13 00:00:00+08:00,307.76,308.22,300.94,304.12,1304463,0.0,0.0
2022-06-14 00:00:00+08:00,305.94,307.31,302.31,305.49,671993,0.0,0.0
2022-06-15 00:00:00+08:00,303.22,308.67,298.22,305.49,924414,0.0,0.0
2022-06-16 00:00:00+08:00,308.22,314.13,305.49,305.49,853850,0.0,0.0
2022-06-17 00:00:00+08:00,297.76,300.94,297.31,299.58,1669559,0.0,0.0
2022-06-20 00:00:00+08:00,300.03,304.12,298.67,300.03,498360,0.0,0.0
2022-06-21 00:00:00+08:00,310.94,310.94,302.76,307.31,741527,0.0,0.0
2022-06-22 00:00:00+08:00,310.03,312.76,307.76,310.03,1015284,0.0,0.0
2022-06-23 00:00:00+08:00,314.13,314.58,305.03,307.76,968031,0.0,0.0
2022-06-24 00:00:00+08:00,313.67,318.22,310.49,314.58,994277,0.0,0.0
2022-06-27 00:00:00+08:00,315.04,322.76,315.04,321.85,712831,0.0,0.0
2022-06-28 00:00:00+08:00,320.04,320.04,313.67,315.94,643714,0.0,0.0
2022-06-29 00:00:00+08:00,309.58,319.58,309.58,318.22,977842,0.0,0.0
2022-06-30 00:00:00+08:00,315.94,320.04,312.31,314.58,1693788,0.0,0.0
2022-07-01 00:00:00+08:00,311.4,321.4,310.94,315.04,1070310,0.0,0.0
2022-07-04 00:00:00+08:00,320.04,320.04,304.58,308.22,861529,0.0,0.0
2022-07-05 00:00:00+08:00,315.49,320.04,302.76,307.31,1023971,0.0,0.0
2022-07-06 00:00:00+08:00,303.67,304.58,298.67,298.67,1434812,0.0,0.0
2022-07-07 00:00:00+08:00,293.67,301.85,288.21,297.76,1105363,0.0,0.0
2022-07-08 00:00:00+08:00,313.22,313.22,296.4,300.94,1854395,0.0,0.0
2022-07-11 00:00:00+08:00,307.76,307.76,300.03,300.94,548858,0.0,0.0
2022-07-12 00:00:00+08:00,291.85,293.67,285.03,288.21,1194457,0.0,0.0
2022-07-13 00:00:00+08:00,293.67,295.49,289.12,291.4,1136945,0.0,0.0
2022-07-14 00:00:00+08:00,294.12,299.58,290.94,297.31,885334,0.0,0.0
2022-07-15 00:00:00+08:00,298.67,308.22,297.31,306.85,810767,0.0,0.0
2022-07-18 00:00:00+08:00,311.4,318.22,305.94,307.76,1039202,0.0,0.0
2022-07-19 00:00:00+08:00,309.13,309.13,301.85,304.58,380436,0.0,0.0
2022-07-20 00:00:00+08:00,308.67,312.31,304.58,305.49,1019545,0.0,0.0
2022-07-21 00:00:00+08:00,311.85,312.76,303.67,309.58,1024127,0.0,0.0
2022-07-22 00:00:00+08:00,306.4,310.94,305.94,306.85,451280,0.0,0.0
2022-07-25 00:00:00+08:00,306.85,310.49,306.4,310.03,427879,0.0,0.0
2022-07-26 00:00:00+08:00,307.76,307.76,298.22,300.49,951390,0.0,0.0
2022-07-27 00:00:00+08:00,300.03,307.76,299.58,307.31,1078847,0.0,0.0
2022-07-28 00:00:00+08:00,307.76,310.03,305.94,308.67,408452,0.0,0.0
2022-07-29 00:00:00+08:00,313.22,316.4,308.22,311.4,998761,0.0,0.0
2022-08-01 00:00:00+08:00,317.76,318.22,312.76,317.31,1107541,0.0,0.0
2022-08-02 00:00:00+08:00,311.85,319.58,311.85,317.31,1058855,0.0,0.0
2022-08-03 00:00:00+08:00,320.04,320.04,314.13,316.85,975261,0.0,0.0
2022-08-04 00:00:00+08:00,320.94,321.4,310.94,310.94,1064561,0.0,0.0
2022-08-05 00:00:00+08:00,326.4,330.49,320.49,322.31,1745775,0.0,0.0
2022-08-08 00:00:00+08:00,323.67,327.76,315.04,315.04,894626,0.0,0.0
2022-08-09 00:00:00+08:00,320.04,320.04,314.58,317.76,620171,0.0,0.0
2022-08-10 00:00:00+08:00,311.85,312.31,308.67,309.13,675253,0.0,0.0
2022-08-11 00:00:00+08:00,315.49,315.49,308.22,309.13,741440,0.0,0.0
2022-08-12 00:00:00+08:00,311.85,312.76,307.31,307.31,459991,0.0,0.0
2022-08-15 00:00:00+08:00,311.85,311.85,306.85,310.03,521776,0.0,0.0
2022-08-16 00:00:00+08:00,312.31,313.22,308.22,311.4,676369,0.0,0.0
2022-08-17 00:00:00+08:00,309.58,311.4,308.22,310.94,729109,0.0,0.0
2022-08-18 00:00:00+08:00,310.03,310.49,304.12,309.58,850657,0.0,0.0
2022-08-19 00:00:00+08:00,309.58,315.49,309.58,315.49,797288,0.0,0.0
2022-08-22 00:00:00+08:00,311.85,314.58,311.4,312.31,303566,0.0,0.0
2022-08-23 00:00:00+08:00,310.03,310.03,302.76,303.67,1080565,0.0,0.0
2022-08-24 00:00:00+08:00,304.58,304.58,292.76,292.76,953608,0.0,0.0
2022-08-25 00:00:00+08:00,294.58,300.03,294.58,298.67,423993,0.0,0.0
2022-08-26 00:00:00+08:00,300.03,301.4,296.85,298.22,528189,0.0,0.0
2022-08-29 00:00:00+08:00,289.12,290.94,287.3,290.49,577740,0.0,0.0
2022-08-30 00:00:00+08:00,290.94,296.4,290.49,295.49,630201,0.0,0.0
2022-08-31 00:00:00+08:00,296.4,297.76,292.31,297.76,779859,0.0,0.0
2022-09-01 00:00:00+08:00,289.58,291.4,287.3,289.58,1114186,0.0,0.0
2022-09-02 00:00:00+08:00,290.94,291.4,282.76,283.67,686450,0.0,0.0
2022-09-05 00:00:00+08:00,287.76,287.76,279.12,282.3,691294,0.0,0.0
2022-09-06 00:00:00+08:00,290.03,290.03,284.12,285.49,379418,0.0,0.0
2022-09-07 00:00:00+08:00,280.03,285.03,276.39,283.21,878368,0.0,0.0
2022-09-08 00:00:00+08:00,283.67,285.49,279.58,285.03,971115,0.0,0.0
2022-09-12 00:00:00+08:00,290.94,296.85,290.49,294.58,700857,0.0,0.0
2022-09-13 00:00:00+08:00,296.4,296.4,294.12,294.58,524628,0.0,0.0
2022-09-14 00:00:00+08:00,286.4,293.67,286.4,292.31,613705,0.0,0.0
2022-09-15 00:00:00+08:00,288.21,294.58,285.03,293.21,777964,0.0,0.0
2022-09-16 00:00:00+08:00,295.94,295.94,287.3,290.94,1023147,0.0,0.0
2022-09-19 00:00:00+08:00,293.67,293.67,289.12,291.85,406843,0.0,0.0
2022-09-20 00:00:00+08:00,290.94,292.31,285.03,291.4,555964,0.0,0.0
2022-09-21 00:00:00+08:00,288.21,294.12,287.76,288.21,858014,0.0,0.0
2022-09-22 00:00:00+08:00,282.3,290.49,281.85,286.85,657733,0.0,0.0
2022-09-23 00:00:00+08:00,286.85,286.85,277.76,278.67,707911,0.0,0.0
2022-09-26 00:00:00+08:00,278.67,278.67,272.3,272.3,610377,0.0,0.0
2022-09-27 00:00:00+08:00,272.76,276.39,272.3,272.76,759264,0.0,0.0
2022-09-28 00:00:00+08:00,272.76,276.39,271.39,273.67,1258109,0.0,0.0
2022-09-29 00:00:00+08:00,270.94,274.12,269.12,270.03,1225483,0.0,0.0
2022-09-30 00:00:00+08:00,270.03,270.48,263.67,266.85,835014,0.0,0.0
2022-10-03 00:00:00+08:00,268.21,272.76,265.03,270.03,1139898,0.0,0.0
2022-10-04 00:00:00+08:00,273.21,275.03,270.94,272.3,792970,0.0,0.0
2022-10-05 00:00:00+08:00,273.67,277.76,271.85,275.03,944859,0.0,0.0
2022-10-06 00:00:00+08:00,274.12,277.76,274.12,275.03,489841,0.0,0.0
2022-10-07 00:00:00+08:00,271.85,277.3,271.39,274.12,379474,0.0,0.0
2022-10-11 00:00:00+08:00,265.03,269.12,264.58,265.94,826161,0.0,0.0
2022-10-12 00:00:00+08:00,268.21,270.94,266.39,269.58,372965,0.0,0.0
2022-10-13 00:00:00+08:00,268.67,268.67,262.76,264.12,742607,0.0,0.0
2022-10-14 00:00:00+08:00,267.3,272.3,265.48,265.94,1085554,0.0,0.0
2022-10-17 00:00:00+08:00,264.12,269.12,263.21,268.21,478468,0.0,0.0
2022-10-18 00:00:00+08:00,271.39,275.03,269.12,274.12,1100414,0.0,0.0
2022-10-19 00:00:00+08:00,272.76,274.58,269.12,270.48,1062624,0.0,0.0
2022-10-20 00:00:00+08:00,263.67,282.76,261.85,282.76,1664664,0.0,0.0
2022-10-21 00:00:00+08:00,277.3,277.3,270.94,270.94,1427666,0.0,0.0
2022-10-24 00:00:00+08:00,273.21,277.3,265.48,266.39,837143,0.0,0.0
2022-10-25 00:00:00+08:00,272.3,272.3,265.94,267.3,627999,0.0,0.0
2022-10-26 00:00:00+08:00,268.67,271.85,265.48,270.03,732573,0.0,0.0
2022-10-27 00:00:00+08:00,272.3,276.85,269.12,271.85,1869671,0.0,0.0
2022-10-28 00:00:00+08:00,273.21,273.21,266.39,266.85,859153,0.0,0.0
2022-10-31 00:00:00+08:00,268.21,270.03,264.12,266.39,1006184,0.0,0.0
2022-11-01 00:00:00+08:00,268.21,274.12,266.39,270.03,1547719,0.0,0.0
2022-11-02 00:00:00+08:00,270.03,273.21,268.67,270.94,1142838,0.0,0.0
2022-11-03 00:00:00+08:00,266.39,266.85,250.03,255.48,2211026,0.0,0.0
2022-11-04 00:00:00+08:00,252.76,252.76,244.57,251.85,2281169,0.0,0.0
2022-11-07 00:00:00+08:00,261.85,266.39,256.85,265.48,1664689,0.0,0.0
2022-11-08 00:00:00+08:00,267.76,273.67,267.3,272.3,793074,0.0,0.0
2022-11-09 00:00:00+08:00,274.58,280.03,274.58,280.03,842662,0.0,0.0
2022-11-10 00:00:00+08:00,273.21,276.39,269.58,273.21,1117736,0.0,0.0
2022-11-11 00:00:00+08:00,284.12,287.3,281.85,286.4,1229700,0.0,0.0
2022-11-14 00:00:00+08:00,289.12,292.31,288.21,290.03,1156488,0.0,0.0
2022-11-15 00:00:00+08:00,285.03,295.03,283.21,294.12,1077023,0.0,0.0
2022-11-16 00:00:00+08:00,289.58,294.12,289.12,293.67,1182879,0.0,0.0
2022-11-17 00:00:00+08:00,287.3,290.49,285.94,287.76,404392,0.0,0.0
2022-11-18 00:00:00+08:00,286.85,289.12,281.85,284.12,872536,0.0,0.0
2022-11-21 00:00:00+08:00,284.58,286.4,281.85,282.76,318968,0.0,0.0
2022-11-22 00:00:00+08:00,281.85,284.58,277.76,284.58,471886,0.0,0.0
2022-11-23 00:00:00+08:00,290.03,291.85,285.49,289.58,777923,0.0,0.0
2022-11-24 00:00:00+08:00,295.49,297.76,288.67,291.85,826130,0.0,0.0
2022-11-25 00:00:00+08:00,293.21,294.12,286.85,288.67,600652,0.0,0.0
2022-11-28 00:00:00+08:00,284.58,290.49,284.58,288.21,572819,0.0,0.0
2022-11-29 00:00:00+08:00,290.94,290.94,286.4,290.49,734631,0.0,0.0
2022-11-30 00:00:00+08:00,288.67,302.76,286.4,302.76,2900124,0.0,0.0
2022-12-01 00:00:00+08:00,300.94,300.94,295.03,295.94,880846,0.0,0.0
2022-12-02 00:00:00+08:00,295.94,296.85,291.4,293.67,620858,0.0,0.0
2022-12-05 00:00:00+08:00,294.58,304.12,294.58,300.03,855999,0.0,0.0
2022-12-06 00:00:00+08:00,299.58,299.58,293.67,297.31,672023,0.0,0.0
2022-12-07 00:00:00+08:00,296.85,302.31,295.03,301.4,764331,0.0,0.0
2022-12-08 00:00:00+08:00,303.22,304.12,295.94,299.58,650516,0.0,0.0
2022-12-09 00:00:00+08:00,300.03,304.12,297.31,304.12,590833,0.0,0.0
2022-12-12 00:00:00+08:00,300.94,300.94,293.21,294.12,560956,0.0,0.0
2022-12-13 00:00:00+08:00,296.4,300.94,294.58,295.94,962550,0.0,0.0
2022-12-14 00:00:00+08:00,300.03,310.49,298.67,309.13,1527823,0.0,0.0
2022-12-15 00:00:00+08:00,306.4,315.04,306.4,313.22,988318,0.0,0.0
2022-12-16 00:00:00+08:00,303.22,310.03,302.31,306.4,1220623,0.0,0.0
2022-12-19 00:00:00+08:00,295.94,308.22,295.49,308.22,932206,0.0,0.0
2022-12-20 00:00:00+08:00,304.58,308.22,294.58,295.49,785080,0.0,0.0
2022-12-21 00:00:00+08:00,302.31,305.94,298.67,302.31,622903,0.0,0.0
2022-12-22 00:00:00+08:00,304.12,308.67,302.31,307.31,378466,0.0,0.0
2022-12-23 00:00:00+08:00,301.85,304.58,298.67,302.76,298871,0.0,0.0
2022-12-26 00:00:00+08:00,302.31,309.13,301.85,306.4,272062,0.0,0.0
2022-12-27 00:00:00+08:00,308.22,308.67,304.58,305.03,113333,0.0,0.0
2022-12-28 00:00:00+08:00,301.4,304.12,299.58,300.49,236506,0.0,0.0
2022-12-29 00:00:00+08:00,296.4,301.4,296.4,300.03,443479,0.0,0.0
2022-12-30 00:00:00+08:00,300.03,304.12,300.03,300.94,263947,0.0,0.0
2023-01-03 00:00:00+08:00,299.58,304.12,294.58,303.67,446683,0.0,0.0
2023-01-04 00:00:00+08:00,302.76,307.31,301.85,305.94,406920,0.0,0.0
2023-01-05 00:00:00+08:00,307.76,310.94,307.76,310.03,366594,0.0,0.0
2023-01-06 00:00:00+08:00,310.03,311.85,306.85,307.31,359832,0.0,0.0
2023-01-09 00:00:00+08:00,313.67,315.49,310.49,315.04,778149,0.0,0.0
2023-01-10 00:00:00+08:00,312.76,317.31,312.76,314.58,548831,0.0,0.0
2023-01-11 00:00:00+08:00,312.76,314.13,300.94,304.58,1136930,0.0,0.0
2023-01-12 00:00:00+08:00,304.58,304.58,296.4,299.12,934972,0.0,0.0
2023-01-13 00:00:00+08:00,303.67,306.85,302.31,304.12,928464,0.0,0.0
2023-01-16 00:00:00+08:00,309.13,317.76,307.31,315.04,912962,0.0,0.0
2023-01-17 00:00:00+08:00,315.04,315.04,306.4,307.31,624642,0.0,0.0
2023-01-30 00:00:00+08:00,310.49,320.04,305.49,319.58,2440147,0.0,0.0
2023-01-31 00:00:00+08:00,318.67,319.13,309.13,310.03,1381070,0.0,0.0
2023-02-01 00:00:00+08:00,314.13,315.94,309.13,314.58,832696,0.0,0.0
2023-02-02 00:00:00+08:00,315.49,321.4,312.31,320.49,1059198,0.0,0.0
2023-02-03 00:00:00+08:00,320.04,327.31,317.31,327.31,912040,0.0,0.0
2023-02-06 00:00:00+08:00,323.22,329.58,321.4,326.85,989303,0.0,0.0
2023-02-07 00:00:00+08:00,327.31,330.04,323.22,329.58,1146036,0.0,0.0
2023-02-08 00:00:00+08:00,327.31,333.22,325.95,331.4,856097,0.0,0.0
2023-02-09 00:00:00+08:00,327.76,330.49,325.49,326.85,503771,0.0,0.0
2023-02-10 00:00:00+08:00,325.95,326.85,323.22,325.49,393748,0.0,0.0
2023-02-13 00:00:00+08:00,326.85,331.4,325.04,331.4,659111,0.0,0.0
2023-02-14 00:00:00+08:00,330.95,335.49,327.76,335.49,725894,0.0,0.0
2023-02-15 00:00:00+08:00,331.86,332.76,323.67,325.04,574892,0.0,0.0
2023-02-16 00:00:00+08:00,325.49,331.86,325.49,329.13,477415,0.0,0.0
2023-02-17 00:00:00+08:00,325.49,327.31,323.67,323.67,267162,0.0,0.0
2023-02-20 00:00:00+08:00,323.67,328.67,321.4,326.4,510218,0.0,0.0
2023-02-21 00:00:00+08:00,324.13,325.49,321.85,324.58,416849,0.0,0.0
2023-02-22 00:00:00+08:00,324.13,325.49,320.04,325.49,420179,0.0,0.0
2023-02-23 00:00:00+08:00,325.49,329.13,325.04,327.31,570112,0.0,0.0
2023-02-24 00:00:00+08:00,328.22,330.95,324.13,324.58,1203234,0.0,0.0
2023-03-01 00:00:00+08:00,331.86,331.86,323.67,324.13,1555862,0.0,0.0
2023-03-02 00:00:00+08:00,325.49,325.49,315.94,317.31,999759,0.0,0.0
2023-03-03 00:00:00+08:00,321.85,329.13,319.13,325.95,1101430,0.0,0.0
2023-03-06 00:00:00+08:00,326.85,328.22,321.4,322.31,1437618,0.0,0.0
2023-03-07 00:00:00+08:00,324.58,329.13,323.67,328.22,845829,0.0,0.0
2023-03-08 00:00:00+08:00,324.58,326.4,320.94,322.76,747983,0.0,0.0
2023-03-09 00:00:00+08:00,323.22,325.04,321.85,322.76,592834,0.0,0.0
2023-03-10 00:00:00+08:00,319.58,321.85,318.22,320.94,1064664,0.0,0.0
2023-03-13 00:00:00+08:00,321.85,323.67,318.67,321.85,971316,0.0,0.0
2023-03-14 00:00:00+08:00,319.13,320.94,315.49,316.85,1023968,0.0,0.0
2023-03-15 00:00:00+08:00,322.76,328.67,321.85,322.76,1144091,0.0,0.0
2023-03-16 00:00:00+08:00,322.76,328.22,322.76,326.4,666144,0.0,0.0
2023-03-17 00:00:00+08:00,328.22,330.04,325.95,330.04,959121,0.0,0.0
2023-03-20 00:00:00+08:00,329.58,329.58,324.13,325.49,510900,0.0,0.0
2023-03-21 00:00:00+08:00,328.22,329.13,326.4,328.22,377934,0.0,0.0
2023-03-22 00:00:00+08:00,329.13,336.4,328.67,335.04,683894,0.0,0.0
2023-03-23 00:00:00+08:00,334.58,345.95,332.76,344.58,1577944,0.0,0.0
2023-03-24 00:00:00+08:00,344.58,346.86,341.86,345.49,939594,0.0,0.0
2023-03-27 00:00:00+08:00,344.13,345.49,339.58,343.67,851497,0.0,0.0
2023-03-28 00:00:00+08:00,341.86,347.31,339.58,340.95,1244988,0.0,0.0
2023-03-29 00:00:00+08:00,338.67,345.04,337.76,340.95,708110,0.0,0.0
2023-03-30 00:00:00+08:00,341.4,342.31,335.04,338.22,694194,0.0,0.0
2023-03-31 00:00:00+08:00,338.22,341.86,335.49,337.31,1223527,0.0,0.0
2023-04-06 00:00:00+08:00,327.31,329.58,323.67,325.95,1472000,0.0,0.0
2023-04-07 00:00:00+08:00,323.67,325.49,320.04,320.94,721499,0.0,0.0
2023-04-10 00:00:00+08:00,325.49,326.4,322.31,325.49,477519,0.0,0.0
2023-04-11 00:00:00+08:00,328.22,331.86,325.95,331.4,1088993,0.0,0.0
2023-04-12 00:00:00+08:00,332.76,338.67,331.4,338.22,937264,0.0,0.0
2023-04-13 00:00:00+08:00,338.22,340.49,335.04,337.31,561380,0.0,0.0
2023-04-14 00:00:00+08:00,343.67,345.49,335.95,338.67,810480,0.0,0.0
2023-04-17 00:00:00+08:00,338.67,343.22,338.22,341.86,636993,0.0,0.0
2023-04-18 00:00:00+08:00,341.86,341.86,336.4,337.31,426648,0.0,0.0
2023-04-19 00:00:00+08:00,337.31,342.77,335.95,340.04,719006,0.0,0.0
2023-04-20 00:00:00+08:00,336.4,337.76,332.31,333.67,703888,0.0,0.0
2023-04-21 00:00:00+08:00,336.86,336.86,325.04,325.49,1147109,0.0,0.0
2023-04-24 00:00:00+08:00,325.49,333.67,325.49,333.67,490690,0.0,0.0
2023-04-25 00:00:00+08:00,328.67,332.76,324.13,325.49,677709,0.0,0.0
2023-04-26 00:00:00+08:00,344.58,344.58,326.4,330.04,1085639,0.0,0.0
2023-04-27 00:00:00+08:00,332.31,335.49,330.49,333.22,605648,0.0,0.0
2023-04-28 00:00:00+08:00,334.58,337.76,332.76,337.31,691975,0.0,0.0
2023-05-02 00:00:00+08:00,338.67,340.49,333.67,336.4,854580,0.0,0.0
2023-05-03 00:00:00+08:00,337.31,339.13,334.58,338.22,656616,0.0,0.0
2023-05-04 00:00:00+08:00,342.77,348.22,340.04,345.49,1997474,0.0,0.0
2023-05-05 00:00:00+08:00,349.13,349.13,340.95,345.49,639499,0.0,0.0
2023-05-08 00:00:00+08:00,346.4,349.58,345.04,346.86,444327,0.0,0.0
2023-05-09 00:00:00+08:00,349.58,352.31,343.67,350.04,1184536,0.0,0.0
2023-05-10 00:00:00+08:00,350.04,350.04,343.67,349.13,1039398,0.0,0.0
2023-05-11 00:00:00+08:00,349.13,356.4,347.77,349.58,1024684,0.0,0.0
2023-05-12 00:00:00+08:00,347.31,354.59,347.31,354.13,800782,0.0,0.0
2023-05-15 00:00:00+08:00,358.22,358.22,347.31,350.95,528531,0.0,0.0
2023-05-16 00:00:00+08:00,354.59,360.04,354.13,359.13,1336159,0.0,0.0
2023-05-17 00:00:00+08:00,359.13,370.04,358.22,369.13,1636180,0.0,0.0
2023-05-18 00:00:00+08:00,364.59,368.22,357.77,357.77,1845487,0.0,0.0
2023-05-19 00:00:00+08:00,360.04,365.04,356.4,360.04,1490861,0.0,0.0
2023-05-22 00:00:00+08:00,360.04,367.77,360.04,365.04,978832,0.0,0.0
2023-05-23 00:00:00+08:00,364.59,365.5,360.95,361.86,677890,0.0,0.0
2023-05-24 00:00:00+08:00,360.04,363.68,358.22,363.68,830368,0.0,0.0
2023-05-25 00:00:00+08:00,362.77,366.4,361.4,365.5,780582,0.0,0.0
2023-05-26 00:00:00+08:00,360.04,365.04,358.68,363.68,1361656,0.0,0.0
2023-05-29 00:00:00+08:00,363.68,369.59,363.68,365.95,785525,0.0,0.0
2023-05-30 00:00:00+08:00,365.95,367.77,361.4,364.59,864514,0.0,0.0
2023-05-31 00:00:00+08:00,361.86,370.04,358.68,370.04,3733594,0.0,0.0
2023-06-01 00:00:00+08:00,364.59,364.59,359.13,360.49,931105,0.0,0.0
2023-06-02 00:00:00+08:00,359.13,361.86,356.4,360.04,1158025,0.0,0.0
2023-06-05 00:00:00+08:00,359.13,360.04,355.95,358.22,906657,0.0,0.0
2023-06-06 00:00:00+08:00,358.68,363.22,356.86,360.95,852444,0.0,0.0
2023-06-07 00:00:00+08:00,362.77,364.59,360.49,364.13,952615,0.0,0.0
2023-06-08 00:00:00+08:00,364.59,365.95,357.77,359.13,653347,0.0,0.0
2023-06-09 00:00:00+08:00,363.68,368.22,361.86,368.22,1105016,0.0,0.0
2023-06-12 00:00:00+08:00,365.04,372.31,361.86,363.22,658259,0.0,0.0
2023-06-13 00:00:00+08:00,365.5,372.77,364.59,372.31,982288,0.0,0.0
2023-06-14 00:00:00+08:00,372.77,375.04,369.13,371.86,660999,0.0,0.0
2023-06-15 00:00:00+08:00,373.22,381.86,371.86,376.41,1458676,0.0,0.0
2023-06-16 00:00:00+08:00,376.41,378.68,374.59,378.68,1624621,0.0,0.0
2023-06-19 00:00:00+08:00,381.41,385.95,378.68,381.41,1050641,0.0,0.0
2023-06-20 00:00:00+08:00,382.32,382.32,369.59,370.95,1051470,0.0,0.0
2023-06-21 00:00:00+08:00,373.68,381.86,371.41,380.04,1226248,0.0,0.0
2023-06-26 00:00:00+08:00,368.22,378.22,365.04,367.77,1419990,0.0,0.0
2023-06-27 00:00:00+08:00,365.5,371.86,365.5,367.77,668086,0.0,0.0
2023-06-28 00:00:00+08:00,365.5,371.41,365.5,369.59,365220,0.0,0.0
2023-06-29 00:00:00+08:00,372.77,372.77,362.77,364.59,701495,0.0,0.0
2023-06-30 00:00:00+08:00,362.77,372.31,361.86,372.31,1167295,0.0,0.0
2023-07-03 00:00:00+08:00,372.31,390.95,370.5,390.95,2602440,0.0,0.0
2023-07-04 00:00:00+08:00,388.0,391.5,383.5,387.5,1628389,0.0,0.0
2023-07-05 00:00:00+08:00,395.5,395.5,386.5,387.5,1124961,0.0,0.0
2023-07-06 00:00:00+08:00,383.5,384.0,379.5,382.0,1541071,0.0,0.0
2023-07-07 00:00:00+08:00,375.0,377.0,370.0,374.5,1860976,0.0,0.0
2023-07-10 00:00:00+08:00,373.5,374.0,366.5,370.5,1474451,0.0,0.0
2023-07-11 00:00:00+08:00,374.0,380.5,372.5,379.0,668922,0.0,0.0
2023-07-12 00:00:00+08:00,375.0,383.0,375.0,383.0,766164,0.0,0.0
2023-07-13 00:00:00+08:00,385.5,397.0,384.5,390.0,1371740,0.0,0.0
2023-07-14 00:00:00+08:00,393.5,402.5,392.0,400.0,1282472,0.0,0.0
2023-07-17 00:00:00+08:00,409.5,410.5,402.0,403.0,1427638,0.0,0.0
2023-07-18 00:00:00+08:00,398.5,406.0,398.0,400.5,647014,0.0,0.0
2023-07-19 00:00:00+08:00,399.5,404.0,398.0,400.0,1183472,0.0,0.0
2023-07-20 00:00:00+08:00,398.0,400.0,396.0,396.5,910214,0.0,0.0
2023-07-21 00:00:00+08:00,395.5,405.0,391.0,402.5,632618,0.0,0.0
2023-07-24 00:00:00+08:00,398.5,404.0,398.5,400.0,1001776,0.0,0.0
2023-07-25 00:00:00+08:00,402.5,410.0,402.5,407.0,834583,0.0,0.0
2023-07-26 00:00:00+08:00,407.0,409.5,400.0,400.0,330117,0.0,0.0
2023-07-27 00:00:00+08:00,404.5,404.5,394.0,395.0,846482,0.0,0.0
2023-07-28 00:00:00+08:00,392.0,402.5,392.0,402.0,658406,0.0,0.0
2023-07-31 00:00:00+08:00,403.0,403.5,391.5,391.5,1043873,0.0,0.0
2023-08-01 00:00:00+08:00,397.5,399.0,390.5,396.0,1013057,0.0,0.0
2023-08-02 00:00:00+08:00,392.0,393.0,380.0,382.0,1653801,0.0,0.0
2023-08-04 00:00:00+08:00,373.0,373.0,350.0,353.0,2869201,0.0,0.0
2023-08-07 00:00:00+08:00,352.0,363.0,352.0,357.5,1071210,0.0,0.0
2023-08-08 00:00:00+08:00,351.5,357.0,348.5,354.5,1577121,0.0,0.0
2023-08-09 00:00:00+08:00,354.0,355.5,348.5,352.0,1182383,0.0,0.0
2023-08-10 00:00:00+08:00,352.0,355.0,343.5,347.0,1413639,0.0,0.0
2023-08-11 00:00:00+08:00,347.0,354.0,347.0,348.0,1078007,0.0,0.0
2023-08-14 00:00:00+08:00,350.0,353.0,345.5,347.5,743997,0.0,0.0
2023-08-15 00:00:00+08:00,349.0,349.0,345.0,345.0,956010,0.0,0.0
2023-08-16 00:00:00+08:00,338.0,349.0,338.0,349.0,1010804,0.0,0.0
2023-08-17 00:00:00+08:00,340.0,349.5,340.0,349.0,1112825,0.0,0.0
2023-08-18 00:00:00+08:00,347.0,351.0,343.5,345.5,1168496,0.0,0.0
2023-08-21 00:00:00+08:00,348.0,350.0,345.0,346.0,672020,0.0,0.0
2023-08-22 00:00:00+08:00,347.0,350.0,346.5,347.5,717302,0.0,0.0
2023-08-23 00:00:00+08:00,346.0,350.0,344.0,347.5,468395,0.0,0.0
2023-08-24 00:00:00+08:00,350.5,352.0,347.0,349.5,943041,0.0,0.0
2023-08-25 00:00:00+08:00,349.5,349.5,345.0,345.0,498105,0.0,0.0
2023-08-28 00:00:00+08:00,345.5,345.5,342.0,345.0,676512,0.0,0.0
2023-08-29 00:00:00+08:00,345.5,347.5,341.0,346.5,721494,0.0,0.0
2023-08-30 00:00:00+08:00,347.0,354.0,347.0,349.5,1150987,0.0,0.0
2023-08-31 00:00:00+08:00,350.0,350.0,343.0,344.0,1718308,0.0,0.0
2023-09-01 00:00:00+08:00,344.5,347.5,344.5,344.5,751037,0.0,0.0
2023-09-04 00:00:00+08:00,344.0,346.5,343.5,346.0,738448,0.0,0.0
2023-09-05 00:00:00+08:00,344.0,346.0,342.0,346.0,527266,0.0,0.0
2023-09-06 00:00:00+08:00,345.5,347.0,343.5,344.0,775570,0.0,0.0
2023-09-07 00:00:00+08:00,343.5,346.5,342.5,344.0,630234,0.0,0.0
2023-09-08 00:00:00+08:00,342.5,347.0,342.0,345.0,459329,0.0,0.0
2023-09-11 00:00:00+08:00,346.0,346.0,333.5,339.0,1335412,0.0,0.0
2023-09-12 00:00:00+08:00,342.0,347.5,340.0,346.0,785340,0.0,0.0
2023-09-13 00:00:00+08:00,344.0,351.0,343.5,347.0,897179,0.0,0.0
2023-09-14 00:00:00+08:00,347.0,353.5,346.5,352.5,828674,0.0,0.0
2023-09-15 00:00:00+08:00,350.0,353.0,349.5,351.0,1448037,0.0,0.0
2023-09-18 00:00:00+08:00,348.0,351.0,344.0,345.0,774137,0.0,0.0
2023-09-19 00:00:00+08:00,345.5,346.5,341.5,345.0,892939,0.0,0.0
2023-09-20 00:00:00+08:00,343.5,345.0,341.0,342.5,1264962,0.0,0.0
2023-09-21 00:00:00+08:00,339.0,340.5,333.0,336.5,1443472,0.0,0.0
2023-09-22 00:00:00+08:00,336.5,347.5,336.5,347.0,717577,0.0,0.0
2023-09-25 00:00:00+08:00,345.0,352.0,344.0,349.5,822129,0.0,0.0
2023-09-26 00:00:00+08:00,344.0,347.5,343.0,346.0,881005,0.0,0.0
2023-09-27 00:00:00+08:00,343.0,346.5,342.5,346.5,679946,0.0,0.0
2023-09-28 00:00:00+08:00,346.5,351.0,343.5,345.0,934029,0.0,0.0
2023-10-02 00:00:00+08:00,344.0,347.0,342.5,344.5,736016,0.0,0.0
2023-10-03 00:00:00+08:00,341.5,346.0,341.5,343.5,387010,0.0,0.0
2023-10-04 00:00:00+08:00,341.0,345.5,340.5,343.5,655912,0.0,0.0
2023-10-05 00:00:00+08:00,347.5,349.5,345.0,346.0,578099,0.0,0.0
2023-10-06 00:00:00+08:00,349.0,350.0,345.0,345.5,305102,0.0,0.0
2023-10-11 00:00:00+08:00,350.0,350.0,334.0,343.5,2217080,0.0,0.0
2023-10-12 00:00:00+08:00,347.0,354.0,344.0,353.0,1388276,0.0,0.0
2023-10-13 00:00:00+08:00,348.5,350.0,343.5,345.0,905515,0.0,0.0
2023-10-16 00:00:00+08:00,346.0,346.5,342.0,344.5,526809,0.0,0.0
2023-10-17 00:00:00+08:00,346.0,346.5,342.0,343.0,635039,0.0,0.0
2023-10-18 00:00:00+08:00,352.0,352.5,341.0,343.0,938030,0.0,0.0
2023-10-19 00:00:00+08:00,340.5,342.0,335.0,339.0,1138029,0.0,0.0
2023-10-20 00:00:00+08:00,334.0,336.5,330.0,333.0,1134981,0.0,0.0
2023-10-23 00:00:00+08:00,326.0,333.5,325.0,333.0,997342,0.0,0.0
2023-10-24 00:00:00+08:00,333.0,336.0,330.5,336.0,541034,0.0,0.0
2023-10-25 00:00:00+08:00,337.5,339.0,335.5,336.0,503764,0.0,0.0
2023-10-26 00:00:00+08:00,336.0,336.0,328.0,330.5,1000286,0.0,0.0
2023-10-27 00:00:00+08:00,333.0,336.5,332.0,333.5,319788,0.0,0.0
2023-10-30 00:00:00+08:00,331.5,336.5,331.5,332.5,452200,0.0,0.0
2023-10-31 00:00:00+08:00,330.5,334.0,330.0,331.5,914209,0.0,0.0
2023-11-01 00:00:00+08:00,333.0,334.5,331.0,331.5,659018,0.0,0.0
2023-11-02 00:00:00+08:00,325.0,333.0,321.5,331.5,1318041,0.0,0.0
2023-11-03 00:00:00+08:00,334.5,342.5,334.0,338.5,575016,0.0,0.0
2023-11-06 00:00:00+08:00,344.5,346.0,343.0,345.0,732678,0.0,0.0
2023-11-07 00:00:00+08:00,346.0,347.5,341.5,344.5,550861,0.0,0.0
2023-11-08 00:00:00+08:00,345.5,347.5,345.0,345.0,608303,0.0,0.0
2023-11-09 00:00:00+08:00,341.5,344.0,341.5,341.5,511714,0.0,0.0
2023-11-10 00:00:00+08:00,338.0,341.5,335.0,340.0,697896,0.0,0.0
2023-11-13 00:00:00+08:00,345.5,348.5,341.0,342.5,500565,0.0,0.0
2023-11-14 00:00:00+08:00,346.5,346.5,341.5,342.5,872991,0.0,0.0
2023-11-15 00:00:00+08:00,351.5,355.0,347.5,353.0,1079292,0.0,0.0
2023-11-16 00:00:00+08:00,354.5,359.0,344.5,346.5,1066827,0.0,0.0
2023-11-17 00:00:00+08:00,346.5,350.5,343.0,348.0,871742,0.0,0.0
2023-11-20 00:00:00+08:00,348.0,349.5,342.5,344.5,970177,0.0,0.0
2023-11-21 00:00:00+08:00,347.0,352.5,346.0,352.5,1257157,0.0,0.0
2023-11-22 00:00:00+08:00,352.5,352.5,344.0,345.0,553675,0.0,0.0
2023-11-23 00:00:00+08:00,343.5,348.0,341.5,346.0,649102,0.0,0.0
2023-11-24 00:00:00+08:00,349.5,352.0,345.0,348.0,756469,0.0,0.0
2023-11-27 00:00:00+08:00,350.0,351.5,343.5,345.5,825699,0.0,0.0
2023-11-28 00:00:00+08:00,345.5,353.0,344.0,349.5,1094138,0.0,0.0
2023-11-29 00:00:00+08:00,350.5,356.0,350.5,354.0,1231671,0.0,0.0
2023-11-30 00:00:00+08:00,352.0,353.5,348.5,353.5,3395746,0.0,0.0
2023-12-01 00:00:00+08:00,353.0,355.0,351.5,354.5,499892,0.0,0.0
2023-12-04 00:00:00+08:00,355.0,357.5,354.5,356.5,388470,0.0,0.0
2023-12-05 00:00:00+08:00,353.5,357.0,349.5,351.0,706373,0.0,0.0
2023-12-06 00:00:00+08:00,351.0,354.0,349.0,350.0,389500,0.0,0.0
2023-12-07 00:00:00+08:00,352.5,353.0,349.5,351.5,392025,0.0,0.0
2023-12-08 00:00:00+08:00,353.0,354.0,350.5,352.0,542070,0.0,0.0
2023-12-11 00:00:00+08:00,357.0,363.5,354.5,363.5,1076990,0.0,0.0
2023-12-12 00:00:00+08:00,367.0,368.0,360.5,364.5,884804,0.0,0.0
2023-12-13 00:00:00+08:00,369.5,369.5,359.5,366.0,994660,0.0,0.0
2023-12-14 00:00:00+08:00,372.0,373.0,364.0,367.5,1245211,0.0,0.0
2023-12-15 00:00:00+08:00,361.0,368.0,360.5,365.0,3146903,0.0,0.0
2023-12-18 00:00:00+08:00,360.0,364.0,359.5,362.0,493260,0.0,0.0
2023-12-19 00:00:00+08:00,359.0,361.5,358.0,360.5,638063,0.0,0.0
2023-12-20 00:00:00+08:00,360.0,362.5,358.0,358.0,678752,0.0,0.0
2023-12-21 00:00:00+08:00,352.0,361.0,352.0,359.5,598101,0.0,0.0
2023-12-22 00:00:00+08:00,355.0,361.0,355.0,359.5,696269,0.0,0.0
2023-12-25 00:00:00+08:00,360.0,364.5,360.0,364.0,160750,0.0,0.0
2023-12-26 00:00:00+08:00,366.0,366.0,361.0,362.0,430450,0.0,0.0
2023-12-27 00:00:00+08:00,361.5,370.0,361.5,367.5,940329,0.0,0.0
2023-12-28 00:00:00+08:00,368.0,371.0,365.0,369.0,808593,0.0,0.0
2023-12-29 00:00:00+08:00,368.5,372.0,368.0,372.0,517157,0.0,0.0
2024-01-02 00:00:00+08:00,371.5,372.0,367.0,369.5,460038,0.0,0.0
2024-01-03 00:00:00+08:00,365.5,367.0,359.5,360.0,772417,0.0,0.0
2024-01-04 00:00:00+08:00,360.0,362.0,359.0,360.0,639158,0.0,0.0
2024-01-05 00:00:00+08:00,357.5,362.0,357.5,358.5,888180,0.0,0.0
2024-01-08 00:00:00+08:00,361.0,367.0,359.5,361.0,891500,0.0,0.0
2024-01-09 00:00:00+08:00,362.0,362.5,360.0,360.0,523455,0.0,0.0
2024-01-10 00:00:00+08:00,363.0,363.0,358.0,360.0,574215,0.0,0.0
2024-01-11 00:00:00+08:00,360.0,360.0,357.5,359.0,563139,0.0,0.0
2024-01-12 00:00:00+08:00,353.5,355.0,350.0,354.5,697319,0.0,0.0
2024-01-15 00:00:00+08:00,355.0,356.5,353.0,354.0,330952,0.0,0.0
2024-01-16 00:00:00+08:00,346.0,348.0,340.0,340.5,1375103,0.0,0.0
2024-01-17 00:00:00+08:00,336.0,339.0,331.5,331.5,2411309,0.0,0.0
2024-01-18 00:00:00+08:00,332.0,335.5,331.5,331.5,817247,0.0,0.0
2024-01-19 00:00:00+08:00,329.5,336.5,329.5,334.5,1378442,0.0,0.0
2024-01-22 00:00:00+08:00,339.5,345.0,335.5,337.5,1221238,0.0,0.0
2024-01-23 00:00:00+08:00,342.0,344.0,337.5,340.5,1004201,0.0,0.0
2024-01-24 00:00:00+08:00,341.5,342.5,338.0,338.5,510775,0.0,0.0
2024-01-25 00:00:00+08:00,341.0,341.0,336.0,336.0,528129,0.0,0.0
2024-01-26 00:00:00+08:00,336.0,339.0,334.5,337.0,342041,0.0,0.0
2024-01-29 00:00:00+08:00,335.0,340.0,333.5,338.0,483247,0.0,0.0
2024-01-30 00:00:00+08:00,339.5,341.5,337.0,337.5,554902,0.0,0.0
2024-01-31 00:00:00+08:00,340.0,340.0,336.0,337.5,627199,0.0,0.0
2024-02-01 00:00:00+08:00,339.5,351.5,339.5,350.5,1521353,0.0,0.0
2024-02-02 00:00:00+08:00,352.5,365.5,352.0,365.0,1888758,0.0,0.0
2024-02-05 00:00:00+08:00,369.5,372.0,363.0,370.5,2260504,0.0,0.0
2024-02-15 00:00:00+08:00,400.0,400.0,373.0,383.5,4345762,0.0,0.0
2024-02-16 00:00:00+08:00,380.0,381.5,376.0,380.5,1476816,0.0,0.0
2024-02-19 00:00:00+08:00,384.0,390.0,384.0,390.0,1419037,0.0,0.0
2024-02-20 00:00:00+08:00,384.5,391.0,383.0,391.0,1343809,0.0,0.0
2024-02-21 00:00:00+08:00,388.0,392.0,385.0,392.0,1273691,0.0,0.0
2024-02-22 00:00:00+08:00,392.0,392.0,386.5,387.0,861309,0.0,0.0
2024-02-23 00:00:00+08:00,385.5,387.0,379.5,380.0,1669670,0.0,0.0
2024-02-26 00:00:00+08:00,378.5,381.5,377.0,381.5,807737,0.0,0.0
2024-02-27 00:00:00+08:00,380.0,381.5,373.0,378.5,1041142,0.0,0.0
2024-02-29 00:00:00+08:00,380.0,390.0,377.0,390.0,2246467,0.0,0.0
2024-03-01 00:00:00+08:00,387.5,394.0,386.0,392.0,842539,0.0,0.0
2024-03-04 00:00:00+08:00,389.0,390.5,387.0,387.0,564162,0.0,0.0
2024-03-05 00:00:00+08:00,387.0,394.0,385.5,389.5,1145214,0.0,0.0
2024-03-06 00:00:00+08:00,389.0,392.5,386.5,390.5,780579,0.0,0.0
2024-03-07 00:00:00+08:00,398.0,400.0,389.0,397.0,2016411,0.0,0.0
2024-03-08 00:00:00+08:00,391.0,396.0,388.0,393.0,1570414,0.0,0.0
2024-03-11 00:00:00+08:00,400.0,432.0,396.5,406.5,3259137,0.0,0.0
2024-03-12 00:00:00+08:00,406.5,409.5,403.5,404.0,1122912,0.0,0.0
2024-03-13 00:00:00+08:00,396.0,398.0,392.0,395.0,1702339,0.0,0.0
2024-03-14 00:00:00+08:00,395.0,395.0,389.5,393.0,1179173,0.0,0.0
2024-03-15 00:00:00+08:00,388.0,392.5,387.5,392.0,1768045,0.0,0.0
2024-03-18 00:00:00+08:00,393.0,398.0,388.5,389.5,729001,0.0,0.0
2024-03-19 00:00:00+08:00,388.0,395.0,384.0,392.5,1303018,0.0,0.0
2024-03-20 00:00:00+08:00,392.0,397.5,391.5,395.0,824082,0.0,0.0
2024-03-21 00:00:00+08:00,398.0,402.0,395.0,400.0,921906,0.0,0.0
2024-03-22 00:00:00+08:00,396.5,401.0,396.0,400.0,628523,0.0,0.0
2024-03-25 00:00:00+08:00,400.0,406.5,399.0,400.5,556399,0.0,0.0
2024-03-26 00:00:00+08:00,400.0,412.0,400.0,404.5,1098711,0.0,0.0
2024-03-27 00:00:00+08:00,400.5,408.0,400.5,406.0,470604,0.0,0.0
2024-03-28 00:00:00+08:00,404.0,408.0,402.5,407.0,833494,0.0,0.0
2024-03-29 00:00:00+08:00,406.0,410.0,402.0,403.0,441000,0.0,0.0
2024-04-01 00:00:00+08:00,406.0,406.5,398.0,400.0,911253,0.0,0.0
2024-04-02 00:00:00+08:00,398.5,401.0,393.5,395.5,996561,0.0,0.0
2024-04-03 00:00:00+08:00,395.5,395.5,387.5,390.5,1125525,0.0,0.0
2024-04-08 00:00:00+08:00,386.0,390.5,380.5,389.0,2883296,0.0,0.0
2024-04-09 00:00:00+08:00,387.0,394.5,387.0,394.5,963376,0.0,0.0
2024-04-10 00:00:00+08:00,392.0,393.5,383.5,384.0,922416,0.0,0.0
2024-04-11 00:00:00+08:00,383.5,386.0,382.5,386.0,550219,0.0,0.0
2024-04-12 00:00:00+08:00,379.5,383.5,378.0,378.5,1398164,0.0,0.0
2024-04-15 00:00:00+08:00,381.0,381.0,374.0,374.5,1171758,0.0,0.0
2024-04-16 00:00:00+08:00,371.5,372.0,364.0,365.0,1094315,0.0,0.0
2024-04-17 00:00:00+08:00,368.5,373.0,366.0,371.0,568922,0.0,0.0
2024-04-18 00:00:00+08:00,369.5,373.0,364.0,372.0,681590,0.0,0.0
2024-04-19 00:00:00+08:00,365.5,369.0,359.5,365.0,1192361,0.0,0.0
2024-04-22 00:00:00+08:00,371.5,371.5,365.5,368.5,832335,0.0,0.0
2024-04-23 00:00:00+08:00,375.0,375.0,363.5,366.5,1176029,0.0,0.0
2024-04-24 00:00:00+08:00,370.0,373.5,369.5,373.5,614286,0.0,0.0
2024-04-25 00:00:00+08:00,375.0,375.0,364.5,365.0,783125,0.0,0.0
2024-04-26 00:00:00+08:00,366.5,373.0,366.5,368.0,1063102,0.0,0.0
2024-04-29 00:00:00+08:00,371.0,383.5,371.0,380.0,1222277,0.0,0.0
2024-04-30 00:00:00+08:00,378.5,382.5,378.5,380.0,478769,0.0,0.0
2024-05-02 00:00:00+08:00,366.5,372.0,357.5,357.5,2816896,0.0,0.0
2024-05-03 00:00:00+08:00,358.5,360.0,353.5,357.0,1510914,0.0,0.0
2024-05-06 00:00:00+08:00,351.0,354.5,347.5,350.0,1423051,0.0,0.0
2024-05-07 00:00:00+08:00,348.5,354.5,348.5,353.0,1858601,0.0,0.0
2024-05-08 00:00:00+08:00,352.5,357.5,351.5,356.5,633575,0.0,0.0
2024-05-09 00:00:00+08:00,354.0,360.0,354.0,355.5,367046,0.0,0.0
2024-05-10 00:00:00+08:00,354.5,354.5,350.0,352.0,726103,0.0,0.0
2024-05-13 00:00:00+08:00,350.0,354.0,349.5,352.0,615214,0.0,0.0
2024-05-14 00:00:00+08:00,349.5,353.0,348.5,349.5,659383,0.0,0.0
2024-05-15 00:00:00+08:00,354.0,361.5,354.0,355.0,740217,0.0,0.0
2024-05-16 00:00:00+08:00,358.5,359.5,355.0,357.5,870236,0.0,0.0
2024-05-17 00:00:00+08:00,353.0,356.5,351.0,351.0,1016098,0.0,0.0
2024-05-20 00:00:00+08:00,351.0,354.0,350.0,352.5,506247,0.0,0.0
2024-05-21 00:00:00+08:00,352.5,353.0,349.0,350.0,835565,0.0,0.0
2024-05-22 00:00:00+08:00,352.0,361.0,350.5,358.0,551471,0.0,0.0
2024-05-23 00:00:00+08:00,358.5,363.5,358.5,361.5,724236,0.0,0.0
2024-05-24 00:00:00+08:00,356.5,359.0,355.0,356.0,1003906,0.0,0.0
2024-05-27 00:00:00+08:00,357.0,360.5,356.0,359.0,773148,0.0,0.0
2024-05-28 00:00:00+08:00,363.0,366.0,361.0,364.0,953312,0.0,0.0
2024-05-29 00:00:00+08:00,361.5,366.0,358.5,359.0,1081800,0.0,0.0
2024-05-30 00:00:00+08:00,357.5,358.5,350.0,351.5,1133205,0.0,0.0
2024-05-31 00:00:00+08:00,351.5,356.5,351.5,353.0,1636553,0.0,0.0
2024-06-03 00:00:00+08:00,375.0,383.5,362.0,362.0,1977894,0.0,0.0
2024-06-04 00:00:00+08:00,363.0,373.5,361.0,362.0,1730446,0.0,0.0
2024-06-05 00:00:00+08:00,359.5,365.5,359.5,361.0,898319,0.0,0.0
2024-06-06 00:00:00+08:00,361.0,364.0,357.0,360.0,1155106,0.0,0.0
2024-06-07 00:00:00+08:00,360.0,361.0,357.5,359.5,538020,0.0,0.0
2024-06-11 00:00:00+08:00,354.0,354.5,350.5,350.5,990400,0.0,0.0
2024-06-12 00:00:00+08:00,349.0,354.5,349.0,349.5,1718455,0.0,0.0
2024-06-13 00:00:00+08:00,353.5,361.0,351.0,358.0,2185730,0.0,0.0
2024-06-14 00:00:00+08:00,358.5,364.0,358.0,361.5,832715,0.0,0.0
2024-06-17 00:00:00+08:00,363.5,371.0,363.0,367.5,1045708,0.0,0.0
2024-06-18 00:00:00+08:00,368.5,372.0,367.0,370.0,915887,0.0,0.0
2024-06-19 00:00:00+08:00,371.0,374.5,370.0,370.0,1032886,0.0,0.0
2024-06-20 00:00:00+08:00,370.5,377.0,366.0,375.0,1246623,0.0,0.0
2024-06-21 00:00:00+08:00,375.0,378.0,371.0,372.5,1501316,0.0,0.0
2024-06-24 00:00:00+08:00,372.5,377.0,372.0,375.0,997702,0.0,0.0
2024-06-25 00:00:00+08:00,374.0,375.0,366.0,372.0,947200,0.0,0.0
2024-06-26 00:00:00+08:00,369.5,376.0,369.0,370.5,738710,0.0,0.0
2024-06-27 00:00:00+08:00,366.0,371.5,360.0,370.0,1217150,0.0,0.0
2024-06-28 00:00:00+08:00,368.0,375.0,368.0,370.0,1123201,0.0,0.0
2024-07-01 00:00:00+08:00,372.0,373.0,368.0,368.0,759125,0.0,0.0
2024-07-02 00:00:00+08:00,367.0,368.0,363.0,365.5,1239149,0.0,0.0
2024-07-03 00:00:00+08:00,369.5,373.0,368.5,369.0,439250,0.0,0.0
2024-07-04 00:00:00+08:00,373.0,374.0,370.0,371.0,826456,0.0,0.0
2024-07-05 00:00:00+08:00,372.5,378.0,372.5,374.0,484378,0.0,0.0
2024-07-08 00:00:00+08:00,373.5,375.0,369.0,375.0,438807,0.0,0.0
2024-07-09 00:00:00+08:00,375.0,377.0,372.0,373.5,675369,0.0,0.0
2024-07-10 00:00:00+08:00,375.0,376.0,372.5,372.5,786518,0.0,0.0
2024-07-11 00:00:00+08:00,368.0,381.0,368.0,378.5,1226422,0.0,0.0
2024-07-12 00:00:00+08:00,378.5,381.0,373.0,376.0,719517,0.0,0.0
2024-07-15 00:00:00+08:00,380.5,380.5,374.0,374.5,335746,0.0,0.0
2024-07-16 00:00:00+08:00,374.5,382.5,374.5,380.0,864662,0.0,0.0
2024-07-17 00:00:00+08:00,377.5,378.0,374.0,374.5,1187686,0.0,0.0
2024-07-18 00:00:00+08:00,367.0,372.0,360.5,370.5,1150075,0.0,0.0
2024-07-19 00:00:00+08:00,367.5,371.5,366.0,367.5,770559,0.0,0.0
2024-07-22 00:00:00+08:00,373.5,381.5,369.0,373.0,1611868,0.0,0.0
2024-07-23 00:00:00+08:00,373.0,377.0,369.5,371.0,825166,0.0,0.0
2024-07-26 00:00:00+08:00,358.0,358.0,349.0,350.0,2459143,0.0,0.0
2024-07-29 00:00:00+08:00,354.0,360.5,353.0,354.0,1183328,0.0,0.0
2024-07-30 00:00:00+08:00,356.0,356.5,340.0,344.5,1408244,0.0,0.0
2024-07-31 00:00:00+08:00,344.0,352.0,343.5,346.5,1166400,0.0,0.0
2024-08-01 00:00:00+08:00,348.5,354.5,348.0,352.0,1527200,0.0,0.0
2024-08-02 00:00:00+08:00,343.0,348.5,340.5,347.0,1069445,0.0,0.0
2024-08-05 00:00:00+08:00,338.0,338.0,319.0,327.0,1962892,0.0,0.0
2024-08-06 00:00:00+08:00,327.0,332.5,315.0,324.0,1593306,0.0,0.0
2024-08-07 00:00:00+08:00,322.5,339.0,322.5,338.5,375596,0.0,0.0
2024-08-08 00:00:00+08:00,334.0,339.5,334.0,336.5,487861,0.0,0.0
2024-08-09 00:00:00+08:00,340.0,350.5,339.5,346.0,626286,0.0,0.0
