Date,Open,High,Low,Close,Volume,Dividends,Stock Splits
2000-09-11 00:00:00+08:00,31.99,31.99,31.99,31.99,270241819,0.0,0.0
2000-09-12 00:00:00+08:00,31.99,31.99,31.99,31.99,0,0.0,0.0
2000-09-13 00:00:00+08:00,34.17,34.17,34.17,34.17,4826912004,0.0,0.0
2000-09-14 00:00:00+08:00,36.35,36.35,32.96,33.2,29547245384,0.0,0.0
2000-09-15 00:00:00+08:00,33.2,34.41,32.71,32.71,13043405115,0.0,0.0
2000-09-18 00:00:00+08:00,32.47,33.44,32.23,33.2,6233472071,0.0,0.0
2000-09-19 00:00:00+08:00,33.44,33.68,31.99,32.23,6430414699,0.0,0.0
2000-09-20 00:00:00+08:00,32.96,32.96,31.99,32.23,6590645836,0.0,0.0
2000-09-21 00:00:00+08:00,32.71,33.2,31.74,32.71,6577135645,0.0,0.0
2000-09-22 00:00:00+08:00,31.02,31.5,30.53,30.53,7080499,0.0,0.0
2000-09-25 00:00:00+08:00,30.78,31.02,28.6,28.6,3956330136,0.0,0.0
2000-09-26 00:00:00+08:00,27.14,27.62,26.65,26.65,2377144,0.0,0.0
2000-09-27 00:00:00+08:00,25.44,26.65,25.2,25.44,7221993,0.0,0.0
2000-09-28 00:00:00+08:00,25.44,26.17,25.44,25.69,4013649,0.0,0.0
2000-09-29 00:00:00+08:00,25.69,25.93,23.89,23.99,3234763,0.0,0.0
2000-10-02 00:00:00+08:00,21.81,22.44,21.81,21.86,2349150531,0.0,0.0
2000-10-03 00:00:00+08:00,21.56,23.16,21.37,23.02,3835161259,0.0,0.0
2000-10-04 00:00:00+08:00,22.25,22.25,22.25,22.25,213073230,0.0,0.0
2000-10-05 00:00:00+08:00,21.47,21.56,21.47,21.47,3863163,0.0,0.0
2000-10-06 00:00:00+08:00,20.98,22.97,20.98,22.97,5346868682,0.0,0.0
2000-10-09 00:00:00+08:00,21.42,21.42,21.42,21.42,369547,0.0,0.0
2000-10-10 00:00:00+08:00,21.42,21.42,21.42,21.42,0,0.0,0.0
2000-10-11 00:00:00+08:00,20.69,20.69,20.69,20.69,130809,0.0,0.0
2000-10-12 00:00:00+08:00,19.29,19.29,19.29,19.29,270320,0.0,0.0
2000-10-13 00:00:00+08:00,17.98,18.17,17.98,18.17,3910785,0.0,0.0
2000-10-16 00:00:00+08:00,18.17,18.17,18.17,18.17,0,0.0,0.0
2000-10-17 00:00:00+08:00,15.75,15.75,15.75,15.75,1662231519,0.0,0.0
2000-10-18 00:00:00+08:00,14.68,14.68,14.68,14.68,1374173,0.0,0.0
2000-10-19 00:00:00+08:00,13.67,13.67,13.67,13.67,1376069907,0.0,0.0
2000-10-20 00:00:00+08:00,13.28,14.54,13.23,14.54,8668054370,0.0,0.0
2000-10-23 00:00:00+08:00,13.57,13.57,13.57,13.57,703280033,0.0,0.0
2000-10-24 00:00:00+08:00,13.14,14.49,13.14,14.49,10491300209,0.0,0.0
2000-10-25 00:00:00+08:00,14.49,15.46,14.3,15.46,6792855,0.0,0.0
2000-10-26 00:00:00+08:00,14.93,15.02,14.93,14.93,6725604,0.0,0.0
2000-10-27 00:00:00+08:00,14.93,14.93,14.93,14.93,0,0.0,0.0
2000-10-30 00:00:00+08:00,14.3,14.3,14.3,14.3,26215,0.0,0.0
2000-10-31 00:00:00+08:00,13.81,13.81,13.81,13.81,2961283,0.0,0.0
2000-11-01 00:00:00+08:00,13.42,13.62,13.37,13.42,3264072,0.0,0.0
2000-11-02 00:00:00+08:00,13.04,13.42,13.04,13.42,2898105,0.0,0.0
2000-11-03 00:00:00+08:00,12.99,13.91,12.99,13.91,5235284,0.0,0.0
2000-11-06 00:00:00+08:00,13.42,13.76,12.99,13.67,2772421648,0.0,0.0
2000-11-07 00:00:00+08:00,13.67,13.86,13.37,13.57,2181498164,0.0,0.0
2000-11-08 00:00:00+08:00,13.57,14.35,13.57,14.1,4084023075,0.0,0.0
2000-11-09 00:00:00+08:00,13.23,13.81,13.23,13.62,4278613707,0.0,0.0
2000-11-10 00:00:00+08:00,13.57,14.35,13.57,14.1,5372279804,0.0,0.0
2000-11-13 00:00:00+08:00,13.57,13.57,13.14,13.14,3964318834,0.0,0.0
2000-11-14 00:00:00+08:00,12.84,13.09,12.5,13.09,2088677,0.0,0.0
2000-11-15 00:00:00+08:00,13.33,13.47,12.6,12.6,1336557837,0.0,0.0
2000-11-16 00:00:00+08:00,12.45,12.65,12.11,12.5,2502179,0.0,0.0
2000-11-17 00:00:00+08:00,12.11,12.21,11.73,12.21,1886809,0.0,0.0
2000-11-20 00:00:00+08:00,11.54,11.54,11.1,11.1,752119,0.0,0.0
2000-11-21 00:00:00+08:00,10.71,11.1,10.71,10.95,2185247386,0.0,0.0
2000-11-22 00:00:00+08:00,11.1,11.34,10.81,10.81,1681751,0.0,0.0
2000-11-23 00:00:00+08:00,10.57,10.66,10.47,10.47,974284,0.0,0.0
2000-11-24 00:00:00+08:00,10.27,11.19,10.27,11.19,2075653,0.0,0.0
2000-11-27 00:00:00+08:00,11.63,11.97,11.34,11.97,2263795,0.0,0.0
2000-11-28 00:00:00+08:00,11.97,12.65,11.63,12.07,2806609,0.0,0.0
2000-11-29 00:00:00+08:00,11.88,11.92,11.68,11.68,1428171715,0.0,0.0
2000-11-30 00:00:00+08:00,11.54,11.73,11.29,11.29,1528657,0.0,0.0
2000-12-01 00:00:00+08:00,10.9,11.1,10.9,11.1,864448,0.0,0.0
2000-12-04 00:00:00+08:00,11.34,11.34,10.95,10.95,366291,0.0,0.0
2000-12-05 00:00:00+08:00,11.34,11.34,10.81,11.24,818866,0.0,0.0
2000-12-06 00:00:00+08:00,11.83,11.83,11.44,11.78,1352203,0.0,0.0
2000-12-07 00:00:00+08:00,11.63,11.63,11.39,11.54,1041380,0.0,0.0
2000-12-08 00:00:00+08:00,11.54,11.73,11.44,11.63,641451,0.0,0.0
2000-12-11 00:00:00+08:00,11.68,11.78,11.54,11.63,734211422,0.0,0.0
2000-12-12 00:00:00+08:00,11.83,11.88,11.63,11.68,844158370,0.0,0.0
2000-12-13 00:00:00+08:00,11.73,11.78,11.54,11.63,610659,0.0,0.0
2000-12-14 00:00:00+08:00,11.58,11.73,11.44,11.58,745606164,0.0,0.0
2000-12-15 00:00:00+08:00,11.39,11.49,11.19,11.19,711419485,0.0,0.0
2000-12-18 00:00:00+08:00,10.57,10.9,10.52,10.9,781422,0.0,0.0
2000-12-19 00:00:00+08:00,10.57,10.66,10.57,10.57,432324,0.0,0.0
2000-12-20 00:00:00+08:00,10.23,10.42,10.23,10.23,1037046,0.0,0.0
2000-12-21 00:00:00+08:00,9.89,9.89,9.89,9.89,293033,0.0,0.0
2000-12-22 00:00:00+08:00,9.54,9.89,9.54,9.59,902072,0.0,0.0
2000-12-25 00:00:00+08:00,9.59,9.59,9.59,9.59,0,0.0,0.0
2000-12-26 00:00:00+08:00,9.59,9.98,9.5,9.89,964719,0.0,0.0
2000-12-27 00:00:00+08:00,9.69,9.79,9.54,9.54,420014,0.0,0.0
2000-12-28 00:00:00+08:00,9.45,9.69,9.31,9.54,849797,0.0,0.0
2000-12-29 00:00:00+08:00,9.59,9.84,9.4,9.45,694004,0.0,0.0
2001-01-01 00:00:00+08:00,9.45,9.45,9.45,9.45,0,0.0,0.0
2001-01-02 00:00:00+08:00,9.69,10.03,9.4,10.03,1058176,0.0,0.0
2001-01-03 00:00:00+08:00,9.93,10.71,9.79,10.71,2531892934,0.0,0.0
2001-01-04 00:00:00+08:00,11.34,11.44,11.15,11.44,2885160596,0.0,0.0
2001-01-05 00:00:00+08:00,11.83,12.02,11.44,11.78,4441586593,0.0,0.0
2001-01-08 00:00:00+08:00,10.95,11.39,10.95,10.95,3040677,0.0,0.0
2001-01-09 00:00:00+08:00,10.95,11.68,10.71,11.68,4081683335,0.0,0.0
2001-01-10 00:00:00+08:00,11.97,12.07,11.24,11.88,3687337,0.0,0.0
2001-01-11 00:00:00+08:00,11.88,12.16,11.39,11.54,4709698,0.0,0.0
2001-01-12 00:00:00+08:00,11.68,11.88,11.39,11.63,2903695897,0.0,0.0
2001-01-15 00:00:00+08:00,11.15,11.63,11.15,11.58,1292602835,0.0,0.0
2001-01-16 00:00:00+08:00,11.49,12.11,11.49,12.07,5080873693,0.0,0.0
2001-01-17 00:00:00+08:00,11.73,12.6,11.73,12.26,7778410,0.0,0.0
2001-01-18 00:00:00+08:00,12.36,12.36,11.54,11.63,6493055755,0.0,0.0
2001-01-19 00:00:00+08:00,11.63,11.63,11.63,11.63,0,0.0,0.0
2001-01-29 00:00:00+08:00,11.68,12.26,11.54,11.78,5149248277,0.0,0.0
2001-01-30 00:00:00+08:00,11.78,12.02,11.54,11.92,3001983366,0.0,0.0
2001-01-31 00:00:00+08:00,11.92,12.36,11.78,12.11,7527719711,0.0,0.0
2001-02-01 00:00:00+08:00,12.02,12.36,11.92,12.31,5007475225,0.0,0.0
2001-02-02 00:00:00+08:00,12.7,13.14,12.7,13.14,6860242971,0.0,0.0
2001-02-05 00:00:00+08:00,13.96,14.01,13.96,14.01,11536257,0.0,0.0
2001-02-06 00:00:00+08:00,14.98,14.98,14.3,14.49,24798654004,0.0,0.0
2001-02-07 00:00:00+08:00,13.52,13.81,13.52,13.52,5163752,0.0,0.0
2001-02-08 00:00:00+08:00,12.99,13.57,12.84,13.57,5893243956,0.0,0.0
2001-02-09 00:00:00+08:00,13.28,13.67,13.04,13.52,8404584192,0.0,0.0
2001-02-12 00:00:00+08:00,13.33,14.45,13.33,14.45,21693119060,0.0,0.0
2001-02-13 00:00:00+08:00,15.02,15.02,14.01,14.49,29463730,0.0,0.0
2001-02-14 00:00:00+08:00,14.59,15.46,14.15,15.07,39202451,0.0,0.0
2001-02-15 00:00:00+08:00,15.27,15.36,14.63,15.17,26303381,0.0,0.0
2001-02-16 00:00:00+08:00,15.41,15.75,14.78,15.22,24440013151,0.0,0.0
2001-02-19 00:00:00+08:00,14.45,15.32,14.45,14.88,15502511175,0.0,0.0
2001-02-20 00:00:00+08:00,14.78,15.41,14.35,14.54,24737232456,0.0,0.0
2001-02-21 00:00:00+08:00,14.49,14.49,13.81,14.2,8211448,0.0,0.0
2001-02-22 00:00:00+08:00,14.01,14.15,13.28,13.52,8331254,0.0,0.0
2001-02-23 00:00:00+08:00,13.09,13.52,12.6,12.6,17142455,0.0,0.0
2001-02-26 00:00:00+08:00,12.6,12.84,12.21,12.6,9004598,0.0,0.0
2001-02-27 00:00:00+08:00,12.84,13.47,12.84,13.47,19665799,0.0,0.0
2001-02-28 00:00:00+08:00,13.47,13.47,13.47,13.47,0,0.0,0.0
2001-03-01 00:00:00+08:00,13.04,14.15,12.89,13.57,19245182226,0.0,0.0
2001-03-02 00:00:00+08:00,13.57,13.62,12.99,13.18,13410450157,0.0,0.0
2001-03-05 00:00:00+08:00,13.33,14.1,13.33,14.1,21206063368,0.0,0.0
2001-03-06 00:00:00+08:00,14.98,15.07,14.49,14.59,39318982979,0.0,0.0
2001-03-07 00:00:00+08:00,15.17,15.17,14.49,15.02,18602739,0.0,0.0
2001-03-08 00:00:00+08:00,14.78,14.98,14.49,14.63,13284182633,0.0,0.0
2001-03-09 00:00:00+08:00,14.49,14.49,14.1,14.4,7247051402,0.0,0.0
2001-03-12 00:00:00+08:00,14.06,14.06,13.81,13.81,8102374,0.0,0.0
2001-03-13 00:00:00+08:00,12.89,13.81,12.89,13.62,21425920,0.0,0.0
2001-03-14 00:00:00+08:00,13.62,13.62,13.62,13.62,0,0.0,0.0
2001-03-15 00:00:00+08:00,15.55,15.55,15.36,15.55,56686064,0.0,0.0
2001-03-16 00:00:00+08:00,15.55,16.58,15.12,16.14,71390758,0.0,0.0
2001-03-19 00:00:00+08:00,15.94,16.14,15.02,15.02,25195502,0.0,0.0
2001-03-20 00:00:00+08:00,14.93,15.27,14.54,14.73,18748946,0.0,0.0
2001-03-21 00:00:00+08:00,14.49,15.22,14.45,14.98,24215486348,0.0,0.0
2001-03-22 00:00:00+08:00,15.17,15.94,15.07,15.75,48175819689,0.0,0.0
2001-03-23 00:00:00+08:00,16.28,16.28,15.51,15.94,60731113,0.0,0.0
2001-03-26 00:00:00+08:00,16.33,17.06,16.24,17.06,74213633875,0.0,0.0
2001-03-27 00:00:00+08:00,17.16,17.45,16.62,16.91,53220700,0.0,0.0
2001-03-28 00:00:00+08:00,17.06,17.4,16.72,16.77,38100597336,0.0,0.0
2001-03-29 00:00:00+08:00,16.81,17.93,16.62,17.93,58445192,0.0,0.0
2001-03-30 00:00:00+08:00,17.69,18.22,17.3,17.35,49178679603,0.0,0.0
2001-04-02 00:00:00+08:00,17.45,17.45,16.14,16.14,24848583,0.0,0.0
2001-04-03 00:00:00+08:00,15.02,15.46,15.02,15.02,13374087,0.0,0.0
2001-04-04 00:00:00+08:00,14.25,15.02,14.25,14.73,20585061,0.0,0.0
2001-04-05 00:00:00+08:00,14.73,14.73,14.73,14.73,0,0.0,0.0
2001-04-06 00:00:00+08:00,15.22,15.75,15.02,15.75,22433043174,0.0,0.0
2001-04-09 00:00:00+08:00,15.51,15.94,15.27,15.7,14126911,0.0,0.0
2001-04-10 00:00:00+08:00,15.85,16.24,15.22,15.32,21494538982,0.0,0.0
2001-04-11 00:00:00+08:00,15.9,16.14,15.55,15.85,19330617670,0.0,0.0
2001-04-12 00:00:00+08:00,16.14,16.91,15.99,16.81,37631027,0.0,0.0
2001-04-13 00:00:00+08:00,17.06,17.5,16.67,16.81,57556635616,0.0,0.0
2001-04-16 00:00:00+08:00,16.81,16.91,16.28,16.77,15818743,0.0,0.0
2001-04-17 00:00:00+08:00,16.62,17.06,16.43,16.53,26528740438,0.0,0.0
2001-04-18 00:00:00+08:00,16.62,17.59,16.58,17.35,63924316,0.0,0.0
2001-04-19 00:00:00+08:00,18.42,18.56,17.98,18.56,83131469,0.0,0.0
2001-04-20 00:00:00+08:00,18.56,19.1,18.22,18.9,81784280,0.0,0.0
2001-04-23 00:00:00+08:00,19.1,19.1,18.56,18.9,48272928,0.0,0.0
2001-04-24 00:00:00+08:00,18.9,20.21,18.9,19.82,87419802,0.0,0.0
2001-04-25 00:00:00+08:00,19.87,20.02,18.85,19.15,43409780147,0.0,0.0
2001-04-27 00:00:00+08:00,18.07,18.56,17.89,17.98,36379010,0.0,0.0
2001-04-30 00:00:00+08:00,18.03,18.46,17.89,18.27,30846587,0.0,0.0
2001-05-01 00:00:00+08:00,18.27,18.27,18.27,18.27,0,0.0,0.0
2001-05-02 00:00:00+08:00,18.51,18.66,17.06,17.59,39835632890,0.0,0.0
2001-05-03 00:00:00+08:00,17.84,18.8,17.64,18.8,44434627980,0.0,0.0
2001-05-04 00:00:00+08:00,18.9,19.19,18.03,18.76,43054312,0.0,0.0
2001-05-07 00:00:00+08:00,18.76,18.85,17.84,18.17,23211226757,0.0,0.0
2001-05-08 00:00:00+08:00,18.12,18.17,16.91,17.16,30375031,0.0,0.0
2001-05-09 00:00:00+08:00,17.16,17.69,16.86,17.45,25672348989,0.0,0.0
2001-05-10 00:00:00+08:00,17.45,17.79,17.35,17.45,27473219,0.0,0.0
2001-05-11 00:00:00+08:00,17.59,18.66,17.3,18.66,48607635943,0.0,0.0
2001-05-14 00:00:00+08:00,18.8,19.38,18.37,18.9,51623911,0.0,0.0
2001-05-15 00:00:00+08:00,18.9,19.0,18.42,18.42,20990391,0.0,0.0
2001-05-16 00:00:00+08:00,18.42,18.8,18.22,18.37,34466478,0.0,0.0
2001-05-17 00:00:00+08:00,18.66,18.8,18.17,18.37,39939121,0.0,0.0
2001-05-18 00:00:00+08:00,18.66,19.48,18.42,18.85,72791733741,0.0,0.0
2001-05-21 00:00:00+08:00,18.85,19.24,18.71,19.24,69463704099,0.0,0.0
2001-05-22 00:00:00+08:00,19.34,19.38,18.17,18.17,37082241,0.0,0.0
2001-05-23 00:00:00+08:00,18.03,18.8,17.54,18.37,71314521,0.0,0.0
2001-05-24 00:00:00+08:00,18.07,18.42,17.54,18.37,58568104,0.0,0.0
2001-05-25 00:00:00+08:00,18.37,18.9,18.12,18.22,62388185,0.0,0.0
2001-05-28 00:00:00+08:00,17.93,17.98,17.45,17.5,19170653722,0.0,0.0
2001-05-29 00:00:00+08:00,17.69,17.93,17.2,17.25,43026750,0.0,0.0
2001-05-30 00:00:00+08:00,17.25,17.4,17.06,17.25,21146107682,0.0,0.0
2001-05-31 00:00:00+08:00,17.25,17.69,17.16,17.16,24192531,0.0,0.0
2001-06-01 00:00:00+08:00,17.3,17.45,15.99,15.99,38211235543,0.0,0.0
2001-06-04 00:00:00+08:00,15.65,15.7,15.22,15.27,17480453177,0.0,0.0
2001-06-05 00:00:00+08:00,15.51,16.33,15.17,16.33,35137036,0.0,0.0
2001-06-06 00:00:00+08:00,16.81,17.16,16.67,16.77,38704604,0.0,0.0
2001-06-07 00:00:00+08:00,16.72,16.96,16.58,16.77,19427449083,0.0,0.0
2001-06-08 00:00:00+08:00,17.06,17.4,16.48,16.48,29517192777,0.0,0.0
2001-06-11 00:00:00+08:00,16.72,17.59,16.58,17.59,46307308,0.0,0.0
2001-06-12 00:00:00+08:00,17.89,18.22,17.69,17.79,44222147,0.0,0.0
2001-06-13 00:00:00+08:00,17.93,17.98,17.3,17.35,24844546737,0.0,0.0
2001-06-14 00:00:00+08:00,17.11,17.5,16.72,17.35,17907110727,0.0,0.0
2001-06-15 00:00:00+08:00,17.16,17.4,17.06,17.25,11088170480,0.0,0.0
2001-06-18 00:00:00+08:00,17.25,17.4,16.72,16.96,9279392055,0.0,0.0
2001-06-19 00:00:00+08:00,16.77,16.91,16.28,16.38,9624759,0.0,0.0
2001-06-20 00:00:00+08:00,16.38,16.72,16.24,16.33,10909081,0.0,0.0
2001-06-21 00:00:00+08:00,16.53,16.58,15.75,16.43,20595414491,0.0,0.0
2001-06-22 00:00:00+08:00,16.38,16.67,16.33,16.43,13999569,0.0,0.0
2001-06-25 00:00:00+08:00,16.43,16.43,16.43,16.43,0,0.0,0.0
2001-06-26 00:00:00+08:00,16.43,16.58,15.75,15.8,9287486158,0.0,0.0
2001-06-27 00:00:00+08:00,15.94,16.09,15.41,15.46,16604234606,0.0,0.0
2001-06-28 00:00:00+08:00,15.46,15.9,15.17,15.7,18899305,0.0,0.0
2001-06-29 00:00:00+08:00,16.14,16.33,15.8,15.8,17077483,0.0,0.0
2001-07-02 00:00:00+08:00,15.46,15.75,15.32,15.46,6518697297,0.0,0.0
2001-07-03 00:00:00+08:00,15.41,15.7,14.54,14.73,16224450298,0.0,0.0
2001-07-04 00:00:00+08:00,14.54,14.59,13.72,13.72,16593229,0.0,0.0
2001-07-05 00:00:00+08:00,13.37,13.81,13.18,13.52,12618511,0.0,0.0
2001-07-06 00:00:00+08:00,13.52,14.15,13.37,13.86,18552272,0.0,0.0
2001-07-09 00:00:00+08:00,13.72,13.86,13.57,13.62,8899278051,0.0,0.0
2001-07-10 00:00:00+08:00,13.86,14.15,13.42,13.42,18026439,0.0,0.0
2001-07-11 00:00:00+08:00,13.33,13.42,12.5,12.55,19219932889,0.0,0.0
2001-07-12 00:00:00+08:00,12.6,12.84,12.31,12.55,31070888,0.0,0.0
2001-07-13 00:00:00+08:00,12.8,12.94,11.68,11.68,33658537646,0.0,0.0
2001-07-16 00:00:00+08:00,11.73,11.78,10.9,11.05,30100980605,0.0,0.0
2001-07-17 00:00:00+08:00,11.05,11.58,10.9,11.29,23844782781,0.0,0.0
2001-07-18 00:00:00+08:00,11.49,11.54,11.05,11.29,21822850233,0.0,0.0
2001-07-19 00:00:00+08:00,11.29,12.07,11.15,12.07,33558449718,0.0,0.0
2001-07-20 00:00:00+08:00,12.07,12.31,11.73,12.02,29635398064,0.0,0.0
2001-07-23 00:00:00+08:00,12.26,12.31,11.78,12.02,17639098341,0.0,0.0
2001-07-24 00:00:00+08:00,12.02,12.02,11.24,11.24,15556665924,0.0,0.0
2001-07-25 00:00:00+08:00,11.15,11.92,11.15,11.92,15999895305,0.0,0.0
2001-07-26 00:00:00+08:00,11.92,12.75,11.54,12.75,28559544142,0.0,0.0
2001-07-27 00:00:00+08:00,12.84,13.33,12.6,12.75,44841377517,0.0,0.0
2001-07-30 00:00:00+08:00,12.75,12.75,12.75,12.75,0,0.0,0.0
2001-07-31 00:00:00+08:00,12.6,12.75,12.5,12.55,11298171,0.0,0.0
2001-08-01 00:00:00+08:00,12.6,12.75,11.68,11.73,18517222776,0.0,0.0
2001-08-02 00:00:00+08:00,11.73,12.36,11.44,12.31,21252054153,0.0,0.0
2001-08-03 00:00:00+08:00,12.41,13.09,12.31,12.7,30176664,0.0,0.0
2001-08-06 00:00:00+08:00,12.84,13.37,12.75,13.33,25989134355,0.0,0.0
2001-08-07 00:00:00+08:00,13.18,13.23,12.75,12.89,10669879125,0.0,0.0
2001-08-08 00:00:00+08:00,13.04,13.23,12.84,13.18,13147889402,0.0,0.0
2001-08-09 00:00:00+08:00,12.75,13.04,12.36,12.5,11810386598,0.0,0.0
2001-08-10 00:00:00+08:00,12.5,12.6,11.92,12.6,12338335652,0.0,0.0
2001-08-13 00:00:00+08:00,12.6,12.6,12.6,12.6,0,0.0,0.0
2001-08-14 00:00:00+08:00,12.99,13.6,12.93,13.55,23241066,0.0,1.16
2001-08-15 00:00:00+08:00,13.6,14.45,13.49,14.34,25397138,0.0,0.0
2001-08-16 00:00:00+08:00,14.5,15.29,14.05,15.29,38691077,0.0,0.0
2001-08-17 00:00:00+08:00,15.91,16.13,15.46,15.68,42255078,0.0,0.0
2001-08-20 00:00:00+08:00,15.29,15.35,14.62,14.62,24623590,0.0,0.0
2001-08-21 00:00:00+08:00,14.56,15.12,14.22,14.79,29509754,0.0,0.0
2001-08-22 00:00:00+08:00,14.62,14.9,14.39,14.45,15899744,0.0,0.0
2001-08-23 00:00:00+08:00,14.56,15.01,14.45,14.5,24794468,0.0,0.0
2001-08-24 00:00:00+08:00,14.62,14.95,14.22,14.79,25889676,0.0,0.0
2001-08-27 00:00:00+08:00,14.84,14.95,14.56,14.67,16275497,0.0,0.0
2001-08-28 00:00:00+08:00,14.67,15.35,14.62,15.29,29084010,0.0,0.0
2001-08-29 00:00:00+08:00,15.29,15.8,15.12,15.12,42671022,0.0,0.0
2001-08-30 00:00:00+08:00,15.12,15.29,14.34,14.62,33004214,0.0,0.0
2001-08-31 00:00:00+08:00,14.34,14.95,14.34,14.62,29697993,0.0,0.0
2001-09-03 00:00:00+08:00,14.5,14.5,13.6,13.6,29466914,0.0,0.0
2001-09-04 00:00:00+08:00,13.38,13.38,12.82,12.93,36720909,0.0,0.0
2001-09-05 00:00:00+08:00,12.82,13.16,12.65,12.65,25837775,0.0,0.0
2001-09-06 00:00:00+08:00,12.65,12.65,11.81,11.81,8827430,0.0,0.0
2001-09-07 00:00:00+08:00,11.02,11.52,11.02,11.02,33544202,0.0,0.0
2001-09-10 00:00:00+08:00,11.02,11.52,11.02,11.41,21955984,0.0,0.0
2001-09-11 00:00:00+08:00,11.24,11.3,10.63,10.63,9954949,0.0,0.0
2001-09-12 00:00:00+08:00,10.63,10.63,10.63,10.63,0,0.0,0.0
2001-09-13 00:00:00+08:00,9.89,9.89,9.89,9.89,915914,0.0,0.0
2001-09-14 00:00:00+08:00,9.22,9.22,9.22,9.22,2122508,0.0,0.0
2001-09-17 00:00:00+08:00,9.22,9.22,9.22,9.22,0,0.0,0.0
2001-09-20 00:00:00+08:00,8.66,8.66,8.66,8.66,738415,0.0,0.0
2001-09-21 00:00:00+08:00,8.38,8.38,8.38,8.38,151887,0.0,0.0
2001-09-24 00:00:00+08:00,8.38,8.38,8.38,8.38,0,0.0,0.0
2001-09-25 00:00:00+08:00,8.15,8.35,7.42,7.81,61007714,0.0,0.0
2001-09-26 00:00:00+08:00,7.98,8.35,7.98,8.35,37967990,0.0,0.0
2001-09-27 00:00:00+08:00,8.71,8.88,8.35,8.49,62049969,0.0,0.0
2001-09-28 00:00:00+08:00,8.49,8.49,8.49,8.49,0,0.0,0.0
2001-10-02 00:00:00+08:00,8.43,8.43,7.9,7.9,13509846,0.0,0.0
2001-10-03 00:00:00+08:00,7.76,7.9,7.36,7.36,19242332,0.0,0.0
2001-10-04 00:00:00+08:00,7.56,7.62,6.86,6.86,49993567,0.0,0.0
2001-10-05 00:00:00+08:00,6.38,7.08,6.38,7.03,48936891,0.0,0.0
2001-10-08 00:00:00+08:00,6.86,6.91,6.55,6.72,19447340,0.0,0.0
2001-10-09 00:00:00+08:00,6.77,7.0,6.77,6.86,54376740,0.0,0.0
2001-10-10 00:00:00+08:00,6.86,6.86,6.86,6.86,0,0.0,0.0
2001-10-11 00:00:00+08:00,6.97,7.34,6.97,7.34,51613327,0.0,0.0
2001-10-12 00:00:00+08:00,7.81,7.84,7.65,7.84,49780937,0.0,0.0
2001-10-15 00:00:00+08:00,7.65,7.73,7.31,7.31,30351345,0.0,0.0
2001-10-16 00:00:00+08:00,6.8,7.14,6.8,7.14,44295900,0.0,0.0
2001-10-17 00:00:00+08:00,7.11,7.48,7.06,7.39,73389106,0.0,0.0
2001-10-18 00:00:00+08:00,7.22,7.9,7.08,7.9,86041864,0.0,0.0
2001-10-19 00:00:00+08:00,8.1,8.43,8.07,8.43,85244373,0.0,0.0
2001-10-22 00:00:00+08:00,8.66,8.99,8.32,8.94,94418242,0.0,0.0
2001-10-23 00:00:00+08:00,8.94,9.28,8.6,8.88,77880911,0.0,0.0
2001-10-24 00:00:00+08:00,8.99,9.33,8.71,9.05,64319876,0.0,0.0
2001-10-25 00:00:00+08:00,9.05,9.5,9.05,9.39,65934592,0.0,0.0
2001-10-26 00:00:00+08:00,9.5,9.61,9.11,9.16,64063123,0.0,0.0
2001-10-29 00:00:00+08:00,9.16,9.44,8.88,9.11,47854118,0.0,0.0
2001-10-30 00:00:00+08:00,8.99,9.56,8.99,9.44,85021871,0.0,0.0
2001-10-31 00:00:00+08:00,9.33,9.39,8.83,8.83,39431633,0.0,0.0
2001-11-01 00:00:00+08:00,8.71,8.94,8.6,8.66,53271077,0.0,0.0
2001-11-02 00:00:00+08:00,8.88,9.16,8.77,9.11,65992712,0.0,0.0
2001-11-05 00:00:00+08:00,9.39,9.73,9.28,9.73,67424040,0.0,0.0
2001-11-06 00:00:00+08:00,10.06,10.4,9.61,9.67,130751507,0.0,0.0
2001-11-07 00:00:00+08:00,10.18,10.34,10.01,10.34,139020172,0.0,0.0
2001-11-08 00:00:00+08:00,10.12,10.34,9.67,10.29,94234976,0.0,0.0
2001-11-09 00:00:00+08:00,10.29,10.29,10.29,10.29,0,0.0,0.0
2001-11-12 00:00:00+08:00,10.34,10.91,10.29,10.91,109098080,0.0,0.0
2001-11-13 00:00:00+08:00,10.91,11.36,10.57,10.68,115181891,0.0,0.0
2001-11-14 00:00:00+08:00,11.02,11.19,10.57,11.19,165705055,0.0,0.0
2001-11-15 00:00:00+08:00,11.19,11.81,11.02,11.64,156437543,0.0,0.0
2001-11-16 00:00:00+08:00,11.75,12.42,11.75,12.42,138375447,0.0,0.0
2001-11-19 00:00:00+08:00,12.42,13.27,12.37,13.27,135147589,0.0,0.0
2001-11-20 00:00:00+08:00,13.49,13.66,12.71,12.71,175023621,0.0,0.0
2001-11-21 00:00:00+08:00,12.42,13.55,12.42,13.55,145926798,0.0,0.0
2001-11-22 00:00:00+08:00,13.38,13.55,12.87,13.04,100119575,0.0,0.0
2001-11-23 00:00:00+08:00,13.04,13.49,12.76,13.21,125469215,0.0,0.0
2001-11-26 00:00:00+08:00,13.27,14.11,13.27,14.11,119980295,0.0,0.0
2001-11-27 00:00:00+08:00,14.79,15.07,13.89,14.95,117273034466,0.0,0.0
2001-11-28 00:00:00+08:00,14.9,15.97,14.67,14.67,144886938,0.0,0.0
2001-11-29 00:00:00+08:00,14.22,14.95,14.22,14.67,82305412,0.0,0.0
2001-11-30 00:00:00+08:00,14.67,14.79,13.72,14.05,83460933,0.0,0.0
2001-12-03 00:00:00+08:00,14.34,14.9,14.34,14.84,90289934,0.0,0.0
2001-12-04 00:00:00+08:00,14.73,15.29,14.39,14.67,123811610,0.0,0.0
2001-12-05 00:00:00+08:00,15.18,15.68,14.73,15.46,167997101,0.0,0.0
2001-12-06 00:00:00+08:00,16.02,16.53,15.8,16.53,180179485,0.0,0.0
2001-12-07 00:00:00+08:00,16.7,17.65,16.36,17.65,164641120,0.0,0.0
2001-12-10 00:00:00+08:00,18.16,18.72,17.71,18.1,190881748,0.0,0.0
2001-12-11 00:00:00+08:00,17.88,18.1,17.43,18.1,87727949,0.0,0.0
2001-12-12 00:00:00+08:00,17.88,19.34,17.88,19.34,110903624,0.0,0.0
2001-12-13 00:00:00+08:00,20.52,20.69,19.4,19.4,108963121,0.0,0.0
2001-12-14 00:00:00+08:00,18.05,20.46,18.05,19.79,91766401,0.0,0.0
2001-12-17 00:00:00+08:00,19.68,19.68,18.44,18.72,71038831,0.0,0.0
2001-12-18 00:00:00+08:00,18.72,19.06,17.43,17.43,100911828,0.0,0.0
2001-12-19 00:00:00+08:00,17.43,18.1,16.47,17.43,166027841,0.0,0.0
2001-12-20 00:00:00+08:00,17.82,18.61,17.37,18.61,132167506,0.0,0.0
2001-12-21 00:00:00+08:00,18.33,19.9,18.33,19.11,173966098,0.0,0.0
2001-12-24 00:00:00+08:00,19.73,20.18,19.23,19.51,135601521,0.0,0.0
2001-12-25 00:00:00+08:00,19.9,20.35,19.45,19.96,85447554,0.0,0.0
2001-12-26 00:00:00+08:00,20.24,20.97,20.13,20.91,91038101,0.0,0.0
2001-12-27 00:00:00+08:00,21.25,21.93,19.68,19.68,98567807,0.0,0.0
2001-12-28 00:00:00+08:00,20.18,21.03,20.01,21.03,66352955,0.0,0.0
2001-12-31 00:00:00+08:00,21.59,21.7,21.03,21.03,85664684,0.0,0.0
2002-01-01 00:00:00+08:00,21.03,21.03,21.03,21.03,0,0.0,0.0
2002-01-02 00:00:00+08:00,21.03,22.32,21.03,21.03,140722783,0.0,0.0
2002-01-04 00:00:00+08:00,20.24,20.63,19.56,20.46,150354941,0.0,0.0
2002-01-07 00:00:00+08:00,20.97,21.03,20.29,20.74,131576498,0.0,0.0
2002-01-08 00:00:00+08:00,20.74,21.14,20.13,20.29,87874013,0.0,0.0
2002-01-09 00:00:00+08:00,20.69,21.7,20.58,21.7,192035212,0.0,0.0
2002-01-10 00:00:00+08:00,21.98,23.22,21.98,23.22,201117496,0.0,0.0
2002-01-11 00:00:00+08:00,23.89,24.79,22.09,22.37,254017599,0.0,0.0
2002-01-14 00:00:00+08:00,22.49,23.89,22.15,23.89,189241686,0.0,0.0
2002-01-15 00:00:00+08:00,24.17,24.96,23.5,24.17,216581939988,0.0,0.0
2002-01-16 00:00:00+08:00,24.12,24.23,23.16,23.16,62296354,0.0,0.0
2002-01-17 00:00:00+08:00,21.7,23.33,21.7,23.33,75625281,0.0,0.0
2002-01-18 00:00:00+08:00,23.61,24.9,23.39,23.95,103055668,0.0,0.0
2002-01-21 00:00:00+08:00,24.85,25.58,24.85,25.58,49375685,0.0,0.0
2002-01-22 00:00:00+08:00,27.32,27.32,26.93,27.32,110588392,0.0,0.0
2002-01-23 00:00:00+08:00,27.32,28.67,26.98,27.32,212794773,0.0,0.0
2002-01-24 00:00:00+08:00,28.0,29.23,27.83,29.23,202865295,0.0,0.0
2002-01-25 00:00:00+08:00,30.36,30.64,28.95,29.51,147630702,0.0,0.0
2002-01-28 00:00:00+08:00,29.23,29.23,28.39,28.95,60009661,0.0,0.0
2002-01-29 00:00:00+08:00,28.67,28.67,27.04,27.43,62209609,0.0,0.0
2002-01-30 00:00:00+08:00,27.43,29.23,27.43,28.39,83850662,0.0,0.0
2002-01-31 00:00:00+08:00,28.39,28.39,28.39,28.39,0,0.0,0.0
2002-02-01 00:00:00+08:00,27.83,28.67,27.72,27.72,62558279,0.0,0.0
2002-02-04 00:00:00+08:00,28.39,28.95,27.83,28.39,67603622,0.0,0.0
2002-02-05 00:00:00+08:00,28.67,30.36,28.67,30.36,86160403,0.0,0.0
2002-02-06 00:00:00+08:00,30.92,32.33,30.92,32.33,111746120,0.0,0.0
2002-02-07 00:00:00+08:00,32.33,32.33,32.33,32.33,0,0.0,0.0
2002-02-18 00:00:00+08:00,33.73,34.57,33.45,34.57,72470751,0.0,0.0
2002-02-19 00:00:00+08:00,35.14,35.14,33.73,33.73,99303360573,0.0,0.0
2002-02-20 00:00:00+08:00,33.17,33.45,31.48,31.48,91389251,0.0,0.0
2002-02-21 00:00:00+08:00,31.48,32.04,30.64,30.92,82800059,0.0,0.0
2002-02-22 00:00:00+08:00,30.08,30.36,28.95,30.08,83195816,0.0,0.0
2002-02-25 00:00:00+08:00,30.36,31.2,29.8,30.36,90893429,0.0,0.0
2002-02-26 00:00:00+08:00,31.76,32.33,31.48,32.33,107846521,0.0,0.0
2002-02-27 00:00:00+08:00,32.33,33.73,32.04,33.45,82380605,0.0,0.0
2002-02-28 00:00:00+08:00,33.45,33.45,33.45,33.45,0,0.0,0.0
2002-03-01 00:00:00+08:00,32.89,32.89,31.2,31.48,53433959,0.0,0.0
2002-03-04 00:00:00+08:00,33.17,33.17,31.76,31.76,52360924,0.0,0.0
2002-03-05 00:00:00+08:00,32.04,33.73,31.76,33.73,85403462,0.0,0.0
2002-03-06 00:00:00+08:00,33.73,34.01,32.89,34.01,55650675,0.0,0.0
2002-03-07 00:00:00+08:00,33.73,33.73,31.76,31.76,93577772,0.0,0.0
2002-03-08 00:00:00+08:00,30.92,32.61,29.8,30.36,102025234,0.0,0.0
2002-03-11 00:00:00+08:00,30.36,31.2,29.51,30.36,81692248,0.0,0.0
2002-03-12 00:00:00+08:00,30.36,31.48,30.36,30.64,63483979,0.0,0.0
2002-03-13 00:00:00+08:00,31.2,31.48,28.67,28.95,87730805,0.0,0.0
2002-03-14 00:00:00+08:00,28.95,30.08,28.67,30.08,62955886,0.0,0.0
2002-03-15 00:00:00+08:00,30.36,30.64,28.67,28.95,65979620,0.0,0.0
2002-03-18 00:00:00+08:00,29.51,29.8,28.95,29.51,41039844,0.0,0.0
2002-03-19 00:00:00+08:00,29.51,29.51,27.55,27.66,56221150,0.0,0.0
2002-03-20 00:00:00+08:00,27.55,28.39,26.42,28.11,61102370,0.0,0.0
2002-03-21 00:00:00+08:00,27.55,28.95,27.55,28.11,85688319,0.0,0.0
2002-03-22 00:00:00+08:00,28.67,28.95,27.77,28.05,67026599,0.0,0.0
2002-03-25 00:00:00+08:00,28.39,29.51,28.39,29.51,104118193,0.0,0.0
2002-03-26 00:00:00+08:00,29.8,30.08,29.23,29.51,73670005,0.0,0.0
2002-03-27 00:00:00+08:00,29.8,30.08,27.94,28.11,67072535,0.0,0.0
2002-03-28 00:00:00+08:00,26.48,28.0,26.48,27.72,69285071,0.0,0.0
2002-03-29 00:00:00+08:00,27.49,28.39,26.7,28.39,84064675,0.0,0.0
2002-04-01 00:00:00+08:00,28.39,29.51,28.39,29.23,54931835,0.0,0.0
2002-04-02 00:00:00+08:00,29.8,30.08,28.67,28.95,59478419,0.0,0.0
2002-04-03 00:00:00+08:00,28.67,29.23,28.39,28.67,31092460,0.0,0.0
2002-04-04 00:00:00+08:00,28.67,28.95,28.0,28.39,45675624,0.0,0.0
2002-04-08 00:00:00+08:00,28.39,29.51,28.11,28.67,46580848,0.0,0.0
2002-04-09 00:00:00+08:00,28.95,29.23,28.11,28.39,37936703,0.0,0.0
2002-04-10 00:00:00+08:00,28.39,28.95,28.11,28.11,32472739,0.0,0.0
2002-04-11 00:00:00+08:00,28.11,28.95,28.11,28.39,59544377,0.0,0.0
2002-04-12 00:00:00+08:00,28.95,30.36,28.95,30.36,134401862,0.0,0.0
2002-04-15 00:00:00+08:00,31.48,32.33,31.2,31.48,166761640,0.0,0.0
2002-04-16 00:00:00+08:00,31.76,31.76,30.92,31.76,88190516,0.0,0.0
2002-04-17 00:00:00+08:00,32.33,32.33,30.64,31.2,121875088,0.0,0.0
2002-04-18 00:00:00+08:00,30.92,30.92,29.51,29.8,80281340,0.0,0.0
2002-04-19 00:00:00+08:00,29.51,30.64,29.51,30.08,78179462,0.0,0.0
2002-04-22 00:00:00+08:00,30.36,31.48,30.08,30.92,78635172,0.0,0.0
2002-04-23 00:00:00+08:00,30.64,30.92,30.08,30.36,40055331,0.0,0.0
2002-04-24 00:00:00+08:00,30.64,31.76,30.64,30.92,105736355,0.0,0.0
2002-04-25 00:00:00+08:00,31.2,31.2,30.36,30.92,46283720,0.0,0.0
2002-04-26 00:00:00+08:00,30.92,30.92,30.08,30.36,37273847,0.0,0.0
2002-04-29 00:00:00+08:00,29.8,30.08,28.95,29.23,58218903,0.0,0.0
2002-04-30 00:00:00+08:00,30.08,30.08,29.23,29.51,63146743,0.0,0.0
2002-05-01 00:00:00+08:00,29.51,29.51,29.51,29.51,0,0.0,0.0
2002-05-02 00:00:00+08:00,29.8,29.8,27.49,28.39,101704307,0.0,0.0
2002-05-03 00:00:00+08:00,28.11,28.67,27.55,28.39,71846898,0.0,0.0
2002-05-06 00:00:00+08:00,27.6,27.94,26.48,26.76,57522442,0.0,0.0
2002-05-07 00:00:00+08:00,26.2,28.39,26.2,27.83,102661987,0.0,0.0
2002-05-08 00:00:00+08:00,28.11,28.67,27.66,28.0,92278586889,0.0,0.0
2002-05-09 00:00:00+08:00,28.67,28.95,27.27,27.32,70183276,0.0,0.0
2002-05-10 00:00:00+08:00,27.32,28.95,26.2,28.95,99760293,0.0,0.0
2002-05-13 00:00:00+08:00,28.39,28.39,27.55,28.0,49627271,0.0,0.0
2002-05-14 00:00:00+08:00,28.39,28.67,27.94,28.05,61779486,0.0,0.0
2002-05-15 00:00:00+08:00,28.39,28.95,27.27,28.11,138815679,0.0,0.0
2002-05-16 00:00:00+08:00,28.11,28.11,26.98,26.98,62707739,0.0,0.0
2002-05-17 00:00:00+08:00,26.98,27.27,26.2,26.31,97212435,0.0,0.0
2002-05-20 00:00:00+08:00,25.3,25.47,24.51,24.51,74481442,0.0,0.0
2002-05-21 00:00:00+08:00,23.05,23.61,22.82,22.82,111679367,0.0,0.0
2002-05-22 00:00:00+08:00,23.56,23.84,23.05,23.44,122179745,0.0,0.0
2002-05-23 00:00:00+08:00,23.44,24.17,23.33,23.39,101320463,0.0,0.0
2002-05-24 00:00:00+08:00,24.17,25.02,24.06,25.02,92436584114,0.0,0.0
2002-05-27 00:00:00+08:00,25.24,25.8,25.13,25.64,143365115,0.0,0.0
2002-05-28 00:00:00+08:00,26.25,26.31,25.58,25.86,114886022,0.0,0.0
2002-05-29 00:00:00+08:00,25.19,25.47,24.62,24.62,53788369,0.0,0.0
2002-05-30 00:00:00+08:00,24.62,25.07,24.17,24.51,89545923,0.0,0.0
2002-05-31 00:00:00+08:00,24.62,25.07,23.95,25.07,77826378,0.0,0.0
2002-06-03 00:00:00+08:00,24.68,24.68,24.06,24.12,40125754,0.0,0.0
2002-06-04 00:00:00+08:00,22.43,23.56,22.43,23.27,56365403,0.0,0.0
2002-06-05 00:00:00+08:00,23.84,23.84,23.05,23.05,88682955,0.0,0.0
2002-06-06 00:00:00+08:00,23.33,24.12,23.11,23.44,105314481,0.0,0.0
2002-06-07 00:00:00+08:00,23.33,23.78,22.71,22.94,82841389,0.0,0.0
2002-06-10 00:00:00+08:00,23.56,24.23,23.33,23.89,97318350,0.0,0.0
2002-06-11 00:00:00+08:00,24.4,24.4,23.33,23.33,77872370,0.0,0.0
2002-06-12 00:00:00+08:00,23.44,23.89,23.33,23.67,70587696,0.0,0.0
2002-06-13 00:00:00+08:00,24.06,24.17,23.61,23.95,117650268478,0.0,0.0
2002-06-14 00:00:00+08:00,23.39,23.72,22.32,22.54,102275007,0.0,0.0
2002-06-17 00:00:00+08:00,22.37,22.66,21.36,21.42,87803812,0.0,0.0
2002-06-18 00:00:00+08:00,21.81,21.93,21.19,21.31,75238281,0.0,0.0
2002-06-19 00:00:00+08:00,21.08,21.64,21.08,21.19,81942302,0.0,0.0
2002-06-20 00:00:00+08:00,20.8,20.97,20.07,20.35,72493222,0.0,0.0
2002-06-21 00:00:00+08:00,19.79,20.35,19.51,20.01,115445231,0.0,0.0
2002-06-24 00:00:00+08:00,20.01,20.07,18.66,18.66,87879869,0.0,0.0
2002-06-25 00:00:00+08:00,18.66,19.4,18.44,18.89,139750541,0.0,0.0
2002-06-26 00:00:00+08:00,18.78,19.11,17.77,17.88,106238452,0.0,0.0
2002-06-27 00:00:00+08:00,18.05,18.44,17.99,18.27,110634193,0.0,0.0
2002-06-28 00:00:00+08:00,18.55,18.66,17.37,17.71,104119826,0.0,0.0
2002-07-01 00:00:00+08:00,17.43,17.43,16.47,16.47,56152273,0.0,0.0
2002-07-02 00:00:00+08:00,15.8,16.25,15.35,15.63,88936478,0.0,0.0
2002-07-03 00:00:00+08:00,14.9,16.58,14.56,16.53,163823359906,0.0,0.0
2002-07-04 00:00:00+08:00,16.81,17.54,16.75,17.15,163205401,0.0,0.0
2002-07-05 00:00:00+08:00,17.43,18.33,17.26,18.33,164585384,0.0,0.0
2002-07-08 00:00:00+08:00,19.11,19.56,18.95,19.56,135708891,0.0,0.0
2002-07-09 00:00:00+08:00,19.56,20.74,19.23,20.69,209441746,0.0,0.0
2002-07-10 00:00:00+08:00,20.13,20.24,19.28,19.28,120540973,0.0,0.0
2002-07-11 00:00:00+08:00,18.33,19.96,18.33,19.45,132754783,0.0,0.0
2002-07-12 00:00:00+08:00,19.9,20.8,19.79,20.8,161967627,0.0,0.0
2002-07-15 00:00:00+08:00,21.19,21.59,20.24,20.41,163481738,0.0,0.0
2002-07-16 00:00:00+08:00,20.8,20.8,19.73,19.9,109612607,0.0,0.0
2002-07-17 00:00:00+08:00,19.62,20.29,19.45,20.29,96904259,0.0,0.0
2002-07-18 00:00:00+08:00,20.35,21.42,20.01,20.41,166480844,0.0,0.0
2002-07-19 00:00:00+08:00,19.96,20.24,19.68,19.85,77512470,0.0,0.0
2002-07-22 00:00:00+08:00,19.17,19.56,18.5,18.5,102343854,0.0,0.0
2002-07-23 00:00:00+08:00,18.21,18.61,17.32,18.61,85989282,0.0,0.0
2002-07-24 00:00:00+08:00,17.99,18.27,17.37,17.54,68286410,0.0,0.0
2002-07-25 00:00:00+08:00,18.38,18.5,17.71,17.71,84118422,0.0,0.0
2002-07-26 00:00:00+08:00,16.47,16.75,16.47,16.47,78723410,0.0,0.0
2002-07-29 00:00:00+08:00,16.19,17.03,16.02,16.42,58482332,0.0,0.0
2002-07-30 00:00:00+08:00,17.2,17.54,16.98,17.54,85172471,0.0,0.0
2002-07-31 00:00:00+08:00,17.54,17.65,16.92,17.03,78966846,0.0,0.0
2002-08-01 00:00:00+08:00,16.7,17.54,16.7,17.32,77501746,0.0,0.0
2002-08-02 00:00:00+08:00,16.75,17.15,16.58,17.03,54768513,0.0,0.0
2002-08-05 00:00:00+08:00,15.85,16.02,15.85,15.85,33798859,0.0,0.0
2002-08-06 00:00:00+08:00,14.79,15.52,14.79,14.79,82128338677,0.0,0.0
2002-08-07 00:00:00+08:00,15.24,15.63,15.07,15.07,90545575,0.0,0.0
2002-08-08 00:00:00+08:00,14.73,14.84,14.05,14.67,111800052,0.0,0.0
2002-08-09 00:00:00+08:00,15.12,15.35,14.9,15.12,125825151,0.0,0.0
2002-08-12 00:00:00+08:00,15.12,15.12,14.45,14.45,64879884,0.0,0.0
2002-08-13 00:00:00+08:00,14.45,14.95,14.34,14.67,56384065,0.0,0.0
2002-08-14 00:00:00+08:00,14.67,15.18,14.56,15.18,85507842,0.0,0.0
2002-08-15 00:00:00+08:00,15.57,16.19,15.46,15.85,177341047,0.0,0.0
2002-08-16 00:00:00+08:00,16.08,16.19,15.63,15.74,125382104,0.0,0.0
2002-08-19 00:00:00+08:00,16.13,16.25,15.46,15.46,119108404,0.0,0.0
2002-08-20 00:00:00+08:00,15.57,15.74,15.12,15.12,90023606,0.0,0.0
2002-08-21 00:00:00+08:00,14.84,15.18,14.67,15.01,59250184,0.0,0.0
2002-08-22 00:00:00+08:00,15.18,15.85,15.18,15.63,124811568,0.0,0.0
2002-08-23 00:00:00+08:00,15.63,15.63,15.63,15.63,0,0.0,0.0
2002-08-26 00:00:00+08:00,15.68,15.97,15.46,15.91,84650247,0.0,0.0
2002-08-27 00:00:00+08:00,15.91,16.42,15.74,15.74,199082825,0.0,0.0
2002-08-28 00:00:00+08:00,15.57,15.85,15.4,15.46,86242842,0.0,0.0
2002-08-29 00:00:00+08:00,15.35,15.52,14.79,15.12,87985849961,0.0,0.0
2002-08-30 00:00:00+08:00,15.18,15.35,14.9,14.9,95557392,0.0,0.0
2002-09-02 00:00:00+08:00,15.07,15.18,14.17,14.22,96188157,0.0,0.0
2002-09-03 00:00:00+08:00,14.5,14.5,13.77,13.77,109413186,0.0,0.0
2002-09-04 00:00:00+08:00,13.27,13.72,12.99,12.99,88471864,0.0,0.0
2002-09-05 00:00:00+08:00,13.04,13.38,12.82,12.82,108027008,0.0,0.0
2002-09-06 00:00:00+08:00,12.82,12.82,12.82,12.82,0,0.0,0.0
2002-09-09 00:00:00+08:00,12.93,13.27,12.71,13.21,79385999,0.0,0.0
2002-09-10 00:00:00+08:00,12.99,13.77,12.99,13.66,113620855,0.0,0.0
2002-09-11 00:00:00+08:00,13.72,13.83,13.16,13.16,73142960,0.0,0.0
2002-09-12 00:00:00+08:00,12.99,13.32,12.93,13.32,74827551,0.0,0.0
2002-09-13 00:00:00+08:00,13.16,13.89,13.16,13.44,122561934,0.0,0.0
2002-09-16 00:00:00+08:00,13.55,13.55,12.54,12.54,88213692,0.0,0.0
2002-09-17 00:00:00+08:00,12.26,12.99,11.92,12.87,126996084,0.0,0.0
2002-09-18 00:00:00+08:00,12.31,12.54,11.97,11.97,72232090,0.0,0.0
2002-09-19 00:00:00+08:00,11.92,12.31,11.81,11.97,115221959,0.0,0.0
2002-09-20 00:00:00+08:00,11.64,12.26,11.52,12.14,96651968,0.0,0.0
2002-09-23 00:00:00+08:00,12.2,12.37,11.81,11.81,85099324,0.0,0.0
2002-09-24 00:00:00+08:00,11.81,11.92,11.19,11.3,119917828,0.0,0.0
2002-09-25 00:00:00+08:00,11.3,11.36,10.51,10.68,102988878,0.0,0.0
2002-09-26 00:00:00+08:00,10.96,11.19,10.51,10.57,122290651,0.0,0.0
2002-09-27 00:00:00+08:00,10.57,10.85,10.4,10.63,103864704,0.0,0.0
2002-09-30 00:00:00+08:00,10.4,11.13,10.29,11.13,89636926,0.0,0.0
2002-10-01 00:00:00+08:00,10.96,11.3,10.74,10.79,88702535,0.0,0.0
2002-10-02 00:00:00+08:00,11.02,11.19,10.51,10.51,92418493,0.0,0.0
2002-10-03 00:00:00+08:00,10.34,10.46,9.89,9.89,59827830,0.0,0.0
2002-10-04 00:00:00+08:00,9.56,10.4,9.56,10.18,139143950,0.0,0.0
2002-10-07 00:00:00+08:00,9.84,10.06,9.56,9.56,61366506,0.0,0.0
2002-10-08 00:00:00+08:00,9.56,9.95,9.5,9.78,95615747,0.0,0.0
2002-10-09 00:00:00+08:00,9.84,10.01,9.67,9.67,95939181,0.0,0.0
2002-10-10 00:00:00+08:00,9.67,9.67,9.67,9.67,0,0.0,0.0
2002-10-11 00:00:00+08:00,9.67,9.73,8.99,8.99,108070586,0.0,0.0
2002-10-14 00:00:00+08:00,8.88,9.16,8.77,8.99,88479232,0.0,0.0
2002-10-15 00:00:00+08:00,9.16,9.61,9.16,9.61,74742302,0.0,0.0
2002-10-16 00:00:00+08:00,10.12,10.23,10.01,10.23,153324574,0.0,0.0
2002-10-17 00:00:00+08:00,10.34,10.91,10.23,10.57,342288843,0.0,0.0
2002-10-18 00:00:00+08:00,11.02,11.3,10.91,11.3,226146134,0.0,0.0
2002-10-21 00:00:00+08:00,11.47,12.09,11.47,11.92,317860412,0.0,0.0
2002-10-22 00:00:00+08:00,12.26,12.26,11.13,11.13,240246820,0.0,0.0
2002-10-23 00:00:00+08:00,10.85,11.86,10.68,11.86,266823569,0.0,0.0
2002-10-24 00:00:00+08:00,11.81,11.97,11.24,11.52,170340372,0.0,0.0
2002-10-25 00:00:00+08:00,11.24,11.69,11.13,11.36,100649288,0.0,0.0
2002-10-28 00:00:00+08:00,11.64,11.81,11.36,11.47,162717083,0.0,0.0
2002-10-29 00:00:00+08:00,11.58,11.92,11.58,11.92,180467330,0.0,0.0
2002-10-30 00:00:00+08:00,11.92,12.03,11.52,11.52,155132302,0.0,0.0
2002-10-31 00:00:00+08:00,11.92,12.31,11.81,12.31,73047349,0.0,0.0
2002-11-01 00:00:00+08:00,13.16,13.16,12.71,12.71,417015606,0.0,0.0
2002-11-04 00:00:00+08:00,13.55,13.55,12.87,13.49,258566421,0.0,0.0
2002-11-05 00:00:00+08:00,13.49,13.49,12.99,13.16,137904829,0.0,0.0
2002-11-06 00:00:00+08:00,13.16,14.05,12.93,14.05,212880123,0.0,0.0
2002-11-07 00:00:00+08:00,14.28,14.56,13.94,14.11,305017774,0.0,0.0
2002-11-08 00:00:00+08:00,13.94,14.62,13.77,14.5,206451908,0.0,0.0
2002-11-11 00:00:00+08:00,14.05,14.28,13.49,13.49,119192576,0.0,0.0
2002-11-12 00:00:00+08:00,12.87,13.72,12.76,13.49,206352246,0.0,0.0
2002-11-13 00:00:00+08:00,13.49,13.72,12.82,13.21,157018833,0.0,0.0
2002-11-14 00:00:00+08:00,13.72,14.11,13.55,13.55,266333388,0.0,0.0
2002-11-15 00:00:00+08:00,14.39,14.45,14.17,14.45,255230870,0.0,0.0
2002-11-18 00:00:00+08:00,14.45,15.07,14.34,14.79,234007798,0.0,0.0
2002-11-19 00:00:00+08:00,14.79,14.84,14.39,14.39,118487868468,0.0,0.0
2002-11-20 00:00:00+08:00,14.22,14.39,13.77,13.83,100200682,0.0,0.0
2002-11-21 00:00:00+08:00,14.05,14.22,13.55,13.6,139230537,0.0,0.0
2002-11-22 00:00:00+08:00,14.17,14.39,14.0,14.11,130073918,0.0,0.0
2002-11-25 00:00:00+08:00,14.22,14.62,14.11,14.62,108414752,0.0,0.0
2002-11-26 00:00:00+08:00,14.56,14.62,13.77,13.77,120990488,0.0,0.0
2002-11-27 00:00:00+08:00,13.49,13.6,12.93,13.27,120967913,0.0,0.0
2002-11-28 00:00:00+08:00,13.49,13.6,13.1,13.1,149632862,0.0,0.0
2002-11-29 00:00:00+08:00,13.21,13.44,13.1,13.16,68002714,0.0,0.0
2002-12-02 00:00:00+08:00,13.16,13.16,13.16,13.16,0,0.0,0.0
2002-12-03 00:00:00+08:00,13.6,14.39,13.49,14.22,166997549,0.0,0.0
2002-12-04 00:00:00+08:00,13.94,14.11,13.55,13.55,78156614,0.0,0.0
2002-12-05 00:00:00+08:00,13.49,13.72,13.16,13.49,81508890,0.0,0.0
2002-12-06 00:00:00+08:00,13.32,13.49,13.21,13.27,52234827,0.0,0.0
2002-12-09 00:00:00+08:00,13.55,13.89,13.38,13.49,138145836,0.0,0.0
2002-12-10 00:00:00+08:00,13.27,13.44,13.04,13.32,83606027,0.0,0.0
2002-12-11 00:00:00+08:00,13.32,13.72,13.21,13.21,115025655,0.0,0.0
2002-12-12 00:00:00+08:00,13.21,13.38,12.31,12.31,138467043,0.0,0.0
2002-12-13 00:00:00+08:00,11.81,11.97,11.47,11.47,105675931,0.0,0.0
2002-12-16 00:00:00+08:00,11.24,11.47,11.02,11.36,59941449,0.0,0.0
2002-12-17 00:00:00+08:00,11.75,11.81,11.13,11.24,79850738,0.0,0.0
2002-12-18 00:00:00+08:00,11.24,11.52,11.13,11.24,53670671,0.0,0.0
2002-12-19 00:00:00+08:00,11.19,11.52,11.13,11.19,64793101,0.0,0.0
2002-12-20 00:00:00+08:00,11.36,11.41,10.46,11.19,132120218,0.0,0.0
2002-12-23 00:00:00+08:00,11.19,11.3,10.68,10.68,44745239,0.0,0.0
2002-12-24 00:00:00+08:00,10.85,11.41,10.85,11.41,108545585,0.0,0.0
2002-12-25 00:00:00+08:00,11.58,11.75,11.3,11.41,152234537,0.0,0.0
2002-12-26 00:00:00+08:00,11.69,12.2,11.58,12.2,138744417,0.0,0.0
2002-12-27 00:00:00+08:00,12.2,12.31,11.92,11.92,87339966,0.0,0.0
2002-12-30 00:00:00+08:00,11.3,11.58,11.24,11.3,55905450,0.0,0.0
2002-12-31 00:00:00+08:00,11.41,11.75,11.3,11.47,80084507,0.0,0.0
2003-01-01 00:00:00+08:00,11.47,11.47,11.47,11.47,0,0.0,0.0
2003-01-02 00:00:00+08:00,11.58,12.2,11.58,11.92,80564595,0.0,0.0
2003-01-03 00:00:00+08:00,12.65,12.65,12.37,12.65,97747304,0.0,0.0
2003-01-06 00:00:00+08:00,12.87,12.87,12.54,12.71,88897428,0.0,0.0
2003-01-07 00:00:00+08:00,13.04,13.27,12.71,12.71,107049043,0.0,0.0
2003-01-08 00:00:00+08:00,12.82,13.21,12.65,13.04,108681784,0.0,0.0
2003-01-09 00:00:00+08:00,12.93,13.77,12.87,13.44,151921089,0.0,0.0
2003-01-10 00:00:00+08:00,13.94,14.05,13.38,13.38,151950981,0.0,0.0
2003-01-13 00:00:00+08:00,13.72,14.0,13.6,13.94,116196570,0.0,0.0
2003-01-14 00:00:00+08:00,14.22,14.39,14.0,14.11,161142282,0.0,0.0
2003-01-15 00:00:00+08:00,14.28,14.34,13.72,13.77,85940173,0.0,0.0
2003-01-16 00:00:00+08:00,13.66,14.17,13.49,13.6,139505112,0.0,0.0
2003-01-17 00:00:00+08:00,13.49,13.72,13.04,13.04,73687841,0.0,0.0
2003-01-20 00:00:00+08:00,12.82,13.21,12.82,13.04,58173482,0.0,0.0
2003-01-21 00:00:00+08:00,13.16,13.44,12.99,13.04,68020789,0.0,0.0
2003-01-22 00:00:00+08:00,13.1,13.21,12.2,12.48,85327355,0.0,0.0
2003-01-23 00:00:00+08:00,12.48,13.04,12.48,12.71,96850005,0.0,0.0
2003-01-24 00:00:00+08:00,12.82,12.99,12.37,12.37,50686596,0.0,0.0
2003-01-27 00:00:00+08:00,12.26,12.65,11.92,12.37,55113993,0.0,0.0
2003-01-28 00:00:00+08:00,12.37,12.82,12.37,12.71,55552258,0.0,0.0
2003-01-29 00:00:00+08:00,12.71,12.71,12.71,12.71,0,0.0,0.0
2003-02-06 00:00:00+08:00,12.82,12.99,12.37,12.37,73917722,0.0,0.0
2003-02-07 00:00:00+08:00,12.37,13.21,12.37,13.21,148569796,0.0,0.0
2003-02-10 00:00:00+08:00,13.27,13.72,13.27,13.49,150142593,0.0,0.0
2003-02-11 00:00:00+08:00,13.77,13.77,13.1,13.1,91304954,0.0,0.0
2003-02-12 00:00:00+08:00,13.32,13.49,13.1,13.49,89504435,0.0,0.0
2003-02-13 00:00:00+08:00,13.55,13.66,13.21,13.27,78117104,0.0,0.0
2003-02-14 00:00:00+08:00,13.32,13.44,12.93,12.99,69041374,0.0,0.0
2003-02-17 00:00:00+08:00,13.49,13.66,13.27,13.55,89177323,0.0,0.0
2003-02-18 00:00:00+08:00,13.55,13.66,13.27,13.32,68314242,0.0,0.0
2003-02-19 00:00:00+08:00,13.55,13.55,13.04,13.27,69245588,0.0,0.0
2003-02-20 00:00:00+08:00,13.49,14.11,13.49,13.77,178738298,0.0,0.0
2003-02-21 00:00:00+08:00,13.94,13.94,13.49,13.49,69543490,0.0,0.0
2003-02-24 00:00:00+08:00,13.6,13.6,13.27,13.44,51186019,0.0,0.0
2003-02-25 00:00:00+08:00,13.21,13.27,12.71,12.76,63701873,0.0,0.0
2003-02-26 00:00:00+08:00,12.76,12.99,12.71,12.76,46060667,0.0,0.0
2003-02-27 00:00:00+08:00,12.54,12.71,12.48,12.59,32978963,0.0,0.0
2003-02-28 00:00:00+08:00,12.59,12.59,12.59,12.59,0,0.0,0.0
2003-03-03 00:00:00+08:00,12.82,13.16,12.71,13.1,49191163,0.0,0.0
2003-03-04 00:00:00+08:00,12.87,12.99,12.71,12.76,30415892,0.0,0.0
2003-03-05 00:00:00+08:00,12.54,12.65,11.92,11.92,87381954,0.0,0.0
2003-03-06 00:00:00+08:00,11.75,12.03,11.58,11.81,56893732,0.0,0.0
2003-03-07 00:00:00+08:00,11.69,12.14,11.64,11.81,68741935,0.0,0.0
2003-03-10 00:00:00+08:00,11.92,11.97,11.47,11.52,42405109,0.0,0.0
2003-03-11 00:00:00+08:00,11.3,11.52,11.13,11.13,69759534,0.0,0.0
2003-03-12 00:00:00+08:00,11.13,11.47,11.13,11.3,59189494,0.0,0.0
2003-03-13 00:00:00+08:00,11.3,11.64,11.24,11.52,67854995,0.0,0.0
2003-03-14 00:00:00+08:00,12.03,12.03,11.64,11.64,72165985,0.0,0.0
2003-03-17 00:00:00+08:00,11.58,11.58,11.24,11.3,26615116,0.0,0.0
2003-03-18 00:00:00+08:00,11.86,12.09,11.69,12.09,79434797,0.0,0.0
2003-03-19 00:00:00+08:00,12.09,12.42,11.97,12.31,101202773,0.0,0.0
2003-03-20 00:00:00+08:00,12.48,12.59,12.09,12.48,78350170,0.0,0.0
2003-03-21 00:00:00+08:00,12.42,12.42,12.2,12.26,28958889,0.0,0.0
2003-03-24 00:00:00+08:00,12.26,12.37,11.97,11.97,28518996,0.0,0.0
2003-03-25 00:00:00+08:00,11.47,11.69,11.41,11.52,32500796,0.0,0.0
2003-03-26 00:00:00+08:00,11.58,11.75,11.47,11.64,22118410,0.0,0.0
2003-03-27 00:00:00+08:00,11.52,11.75,11.52,11.69,29009820,0.0,0.0
2003-03-28 00:00:00+08:00,11.69,11.69,11.41,11.47,23479681,0.0,0.0
2003-03-31 00:00:00+08:00,11.3,11.36,10.74,10.79,61516024,0.0,0.0
2003-04-01 00:00:00+08:00,10.68,11.02,10.68,11.02,37782800,0.0,0.0
2003-04-02 00:00:00+08:00,11.02,11.08,10.85,10.91,27963807,0.0,0.0
2003-04-03 00:00:00+08:00,11.24,11.36,11.13,11.19,50148948,0.0,0.0
2003-04-04 00:00:00+08:00,11.19,11.75,11.13,11.64,65561757,0.0,0.0
2003-04-07 00:00:00+08:00,11.75,12.09,11.58,11.86,80641810,0.0,0.0
2003-04-08 00:00:00+08:00,11.81,11.92,11.64,11.64,52948101,0.0,0.0
2003-04-09 00:00:00+08:00,11.52,11.52,11.3,11.36,35387170,0.0,0.0
2003-04-10 00:00:00+08:00,11.3,11.64,11.3,11.47,50053942,0.0,0.0
2003-04-11 00:00:00+08:00,11.64,11.64,11.41,11.47,36275018,0.0,0.0
2003-04-14 00:00:00+08:00,11.47,11.52,11.19,11.19,32807402,0.0,0.0
2003-04-15 00:00:00+08:00,11.36,11.41,11.24,11.3,22180122,0.0,0.0
2003-04-16 00:00:00+08:00,11.47,11.92,11.47,11.75,91525483,0.0,0.0
2003-04-17 00:00:00+08:00,11.75,11.81,11.47,11.47,33080011,0.0,0.0
2003-04-18 00:00:00+08:00,11.75,11.92,11.69,11.69,75132942,0.0,0.0
2003-04-21 00:00:00+08:00,11.75,12.03,11.64,11.97,70043256,0.0,0.0
2003-04-22 00:00:00+08:00,11.97,11.97,11.58,11.64,43404905,0.0,0.0
2003-04-23 00:00:00+08:00,11.81,11.86,11.47,11.52,49072654,0.0,0.0
2003-04-24 00:00:00+08:00,11.47,11.47,10.96,11.08,66959654,0.0,0.0
2003-04-25 00:00:00+08:00,10.96,11.3,10.85,10.96,61343583,0.0,0.0
2003-04-28 00:00:00+08:00,10.68,10.79,10.23,10.4,51820489,0.0,0.0
2003-04-29 00:00:00+08:00,10.51,10.74,10.12,10.29,55113439,0.0,0.0
2003-04-30 00:00:00+08:00,10.4,10.57,9.84,9.95,60392793,0.0,0.0
2003-05-01 00:00:00+08:00,9.95,9.95,9.95,9.95,0,0.0,0.0
2003-05-02 00:00:00+08:00,9.89,10.12,9.67,9.95,44648835,0.0,0.0
2003-05-05 00:00:00+08:00,9.95,10.23,9.84,10.01,36518515,0.0,0.0
2003-05-06 00:00:00+08:00,10.01,10.46,10.01,10.18,70111307,0.0,0.0
2003-05-07 00:00:00+08:00,10.29,10.34,10.12,10.34,44830660,0.0,0.0
2003-05-08 00:00:00+08:00,10.23,10.29,10.06,10.06,25633800,0.0,0.0
2003-05-09 00:00:00+08:00,10.06,10.29,10.01,10.12,33091213,0.0,0.0
2003-05-12 00:00:00+08:00,10.18,10.4,10.12,10.23,32012424,0.0,0.0
2003-05-13 00:00:00+08:00,10.51,10.85,10.46,10.68,81119996,0.0,0.0
2003-05-14 00:00:00+08:00,10.68,10.79,10.57,10.68,29894306,0.0,0.0
2003-05-15 00:00:00+08:00,10.57,10.63,10.46,10.51,37642772,0.0,0.0
2003-05-16 00:00:00+08:00,10.63,10.68,10.29,10.34,22236622,0.0,0.0
2003-05-19 00:00:00+08:00,10.23,10.29,10.12,10.18,16211802,0.0,0.0
2003-05-20 00:00:00+08:00,10.01,10.23,9.95,10.18,27705053,0.0,0.0
2003-05-21 00:00:00+08:00,10.18,10.18,10.01,10.01,16727184,0.0,0.0
2003-05-22 00:00:00+08:00,10.06,10.46,10.01,10.4,51968984,0.0,0.0
2003-05-23 00:00:00+08:00,10.51,10.68,10.46,10.51,54035962,0.0,0.0
2003-05-26 00:00:00+08:00,10.68,11.24,10.68,11.24,128061917,0.0,0.0
2003-05-27 00:00:00+08:00,11.36,11.52,11.24,11.41,98822171,0.0,0.0
2003-05-28 00:00:00+08:00,11.81,11.92,11.24,11.24,96720761,0.0,0.0
2003-05-29 00:00:00+08:00,11.41,11.52,11.19,11.47,63027292,0.0,0.0
2003-05-30 00:00:00+08:00,11.58,12.26,11.58,12.26,274830494,0.0,0.0
2003-06-02 00:00:00+08:00,12.71,13.04,12.54,12.99,201465656,0.0,0.0
2003-06-03 00:00:00+08:00,12.99,13.1,12.71,12.93,113904992,0.0,0.0
2003-06-04 00:00:00+08:00,12.93,12.93,12.93,12.93,0,0.0,0.0
2003-06-05 00:00:00+08:00,13.21,13.38,12.93,12.99,136996144,0.0,0.0
2003-06-06 00:00:00+08:00,13.04,13.16,12.71,12.93,74154721,0.0,0.0
2003-06-09 00:00:00+08:00,12.93,13.77,12.71,13.6,191071889,0.0,0.0
2003-06-10 00:00:00+08:00,13.6,13.94,13.49,13.94,173096664,0.0,0.0
2003-06-11 00:00:00+08:00,14.0,14.11,13.32,13.38,143577573,0.0,0.0
2003-06-12 00:00:00+08:00,13.44,13.66,13.04,13.44,135826936,0.0,0.0
2003-06-13 00:00:00+08:00,13.38,13.6,13.21,13.32,93454696,0.0,0.0
2003-06-16 00:00:00+08:00,13.32,13.49,13.1,13.16,85733786,0.0,0.0
2003-06-17 00:00:00+08:00,13.44,13.94,13.44,13.44,186872625,0.0,0.0
2003-06-18 00:00:00+08:00,13.55,13.89,13.32,13.38,165173894,0.0,0.0
2003-06-19 00:00:00+08:00,13.49,14.28,13.38,14.28,266571470,0.0,0.0
2003-06-20 00:00:00+08:00,14.5,14.84,14.17,14.45,301367025,0.0,0.0
2003-06-23 00:00:00+08:00,14.34,14.34,13.49,13.49,129224226,0.0,0.0
2003-06-24 00:00:00+08:00,13.21,13.6,13.16,13.55,99343040,0.0,0.0
2003-06-25 00:00:00+08:00,13.55,13.77,13.38,13.49,65320981,0.0,0.0
2003-06-26 00:00:00+08:00,13.49,13.89,13.38,13.6,112290664,0.0,0.0
2003-06-27 00:00:00+08:00,13.66,13.72,13.27,13.32,75117098,0.0,0.0
2003-06-30 00:00:00+08:00,13.32,13.49,13.16,13.49,48425139,0.0,0.0
2003-07-01 00:00:00+08:00,13.55,14.39,13.55,14.39,207781911,0.0,0.0
2003-07-02 00:00:00+08:00,15.26,15.32,15.08,15.32,193617368,0.45,1.05
2003-07-03 00:00:00+08:00,16.11,16.17,15.44,15.44,336422433,0.0,0.0
2003-07-04 00:00:00+08:00,15.68,16.47,15.5,16.47,285929174,0.0,0.0
2003-07-07 00:00:00+08:00,16.83,17.61,16.77,17.61,288159591,0.0,0.0
2003-07-08 00:00:00+08:00,17.92,18.82,17.86,18.76,438915074,0.0,0.0
2003-07-09 00:00:00+08:00,18.7,19.0,18.1,18.58,276976825,0.0,0.0
2003-07-10 00:00:00+08:00,18.16,18.7,17.92,17.98,189209162,0.0,0.0
2003-07-11 00:00:00+08:00,17.61,19.12,17.37,19.12,320359211,0.0,0.0
2003-07-14 00:00:00+08:00,19.36,20.33,19.12,19.12,386793312,0.0,0.0
2003-07-15 00:00:00+08:00,19.6,19.79,19.12,19.36,284266560,0.0,0.0
2003-07-16 00:00:00+08:00,19.54,20.39,19.18,20.27,352404863,0.0,0.0
2003-07-17 00:00:00+08:00,19.91,20.39,19.36,19.42,224131066,0.0,0.0
2003-07-18 00:00:00+08:00,19.3,19.79,19.18,19.42,221397792,0.0,0.0
2003-07-21 00:00:00+08:00,19.73,20.03,18.46,18.64,210095987,0.0,0.0
2003-07-22 00:00:00+08:00,18.7,18.88,18.28,18.88,149219400,0.0,0.0
2003-07-23 00:00:00+08:00,19.06,19.42,18.88,18.88,171933140,0.0,0.0
2003-07-24 00:00:00+08:00,19.0,19.85,18.88,19.85,208432407,0.0,0.0
2003-07-25 00:00:00+08:00,19.73,20.21,19.73,19.91,214320613,0.0,0.0
2003-07-28 00:00:00+08:00,20.81,20.81,19.6,19.67,272769770,0.0,0.0
2003-07-29 00:00:00+08:00,19.79,19.91,19.3,19.54,178265610,0.0,0.0
2003-07-30 00:00:00+08:00,19.6,19.73,19.3,19.3,91190593,0.0,0.0
2003-07-31 00:00:00+08:00,19.3,19.6,19.18,19.54,92061906,0.0,0.0
2003-08-01 00:00:00+08:00,19.79,20.39,19.79,20.03,213647372,0.0,0.0
2003-08-04 00:00:00+08:00,20.15,20.57,20.03,20.45,131719584,0.0,0.0
2003-08-05 00:00:00+08:00,20.69,20.75,19.6,19.6,161102892,0.0,0.0
2003-08-06 00:00:00+08:00,19.3,19.79,19.3,19.73,84736958,0.0,0.0
2003-08-07 00:00:00+08:00,21.05,21.05,20.57,21.05,325331936,0.0,0.0
2003-08-08 00:00:00+08:00,21.41,22.44,21.29,21.9,353429930,0.0,0.0
2003-08-11 00:00:00+08:00,22.02,22.8,21.6,22.8,218879065,0.0,0.0
2003-08-12 00:00:00+08:00,22.8,23.22,22.56,22.98,225689259,0.0,0.0
2003-08-13 00:00:00+08:00,23.59,24.55,23.53,24.55,214637254,0.0,0.0
2003-08-14 00:00:00+08:00,25.03,26.24,24.37,24.97,498724189,0.0,0.0
2003-08-15 00:00:00+08:00,24.91,25.4,24.73,25.34,241333727,0.0,0.0
2003-08-18 00:00:00+08:00,25.52,25.64,24.73,25.03,128746488,0.0,0.0
2003-08-19 00:00:00+08:00,25.34,25.58,23.65,24.43,266968853,0.0,0.0
2003-08-20 00:00:00+08:00,24.43,24.67,23.89,24.67,142110351426,0.0,0.0
2003-08-21 00:00:00+08:00,24.73,26.36,24.37,26.36,317888660,0.0,0.0
2003-08-22 00:00:00+08:00,26.96,27.27,26.48,26.84,313466319,0.0,0.0
2003-08-25 00:00:00+08:00,26.84,27.08,26.36,27.08,127550950,0.0,0.0
2003-08-26 00:00:00+08:00,26.84,26.84,25.4,25.58,138339468,0.0,0.0
2003-08-27 00:00:00+08:00,25.58,26.06,25.58,25.58,93582355,0.0,0.0
2003-08-28 00:00:00+08:00,26.06,26.12,25.7,26.0,99651441,0.0,0.0
2003-08-29 00:00:00+08:00,26.42,27.45,26.24,27.45,197604307,0.0,0.0
2003-09-01 00:00:00+08:00,27.81,27.81,26.6,26.84,118294082,0.0,0.0
2003-09-02 00:00:00+08:00,26.96,27.21,26.42,27.08,145696165,0.0,0.0
2003-09-03 00:00:00+08:00,27.15,27.33,26.18,26.18,131690755,0.0,0.0
2003-09-04 00:00:00+08:00,26.06,26.18,25.64,25.76,113829537,0.0,0.0
2003-09-05 00:00:00+08:00,26.18,26.54,25.82,25.88,135004190,0.0,0.0
2003-09-08 00:00:00+08:00,25.88,26.96,25.64,26.72,150168637,0.0,0.0
2003-09-09 00:00:00+08:00,27.08,27.15,26.0,26.0,153551900,0.0,0.0
2003-09-10 00:00:00+08:00,25.76,26.78,25.76,26.78,150978935,0.0,0.0
2003-09-11 00:00:00+08:00,26.78,26.78,26.78,26.78,0,0.0,0.0
2003-09-12 00:00:00+08:00,26.66,26.66,26.3,26.54,48283691,0.0,0.0
2003-09-15 00:00:00+08:00,26.66,27.08,26.6,27.02,78534736,0.0,0.0
2003-09-16 00:00:00+08:00,27.02,27.51,26.9,27.15,72440585,0.0,0.0
2003-09-17 00:00:00+08:00,27.45,27.69,27.21,27.21,82814879,0.0,0.0
2003-09-18 00:00:00+08:00,27.33,29.08,27.33,29.08,108142785,0.0,0.0
2003-09-19 00:00:00+08:00,29.08,29.32,28.47,28.71,203095339,0.0,0.0
2003-09-22 00:00:00+08:00,28.53,28.53,27.21,27.33,111862762,0.0,0.0
2003-09-23 00:00:00+08:00,27.02,27.75,27.02,27.75,111789879,0.0,0.0
2003-09-24 00:00:00+08:00,27.81,28.11,27.27,27.45,129397989,0.0,0.0
2003-09-25 00:00:00+08:00,25.94,26.96,25.94,26.54,144568563679,0.0,0.0
2003-09-26 00:00:00+08:00,26.54,26.84,26.36,26.36,70711874,0.0,0.0
2003-09-29 00:00:00+08:00,26.12,26.66,26.06,26.36,71031347,0.0,0.0
2003-09-30 00:00:00+08:00,26.6,26.78,26.06,26.06,64735525,0.0,0.0
2003-10-01 00:00:00+08:00,26.0,26.36,25.88,26.24,98268681,0.0,0.0
2003-10-02 00:00:00+08:00,26.66,27.39,26.48,27.02,120974628,0.0,0.0
2003-10-03 00:00:00+08:00,27.15,27.57,27.02,27.33,103637053,0.0,0.0
2003-10-06 00:00:00+08:00,27.69,27.81,26.72,27.08,121385213,0.0,0.0
2003-10-07 00:00:00+08:00,27.27,27.45,27.02,27.15,78588263,0.0,0.0
2003-10-08 00:00:00+08:00,27.15,27.27,26.0,26.24,123918903,0.0,0.0
2003-10-09 00:00:00+08:00,26.24,27.02,26.06,26.84,102059734,0.0,0.0
2003-10-10 00:00:00+08:00,26.84,26.84,26.84,26.84,0,0.0,0.0
2003-10-13 00:00:00+08:00,27.15,27.39,26.96,27.15,104169640,0.0,0.0
2003-10-14 00:00:00+08:00,27.51,27.93,27.27,27.27,134758104,0.0,0.0
2003-10-15 00:00:00+08:00,27.69,27.69,27.08,27.39,84291940,0.0,0.0
2003-10-16 00:00:00+08:00,27.57,29.2,27.57,28.83,233488227,0.0,0.0
2003-10-17 00:00:00+08:00,29.2,29.44,28.71,29.02,151886798,0.0,0.0
2003-10-20 00:00:00+08:00,29.02,29.2,28.41,28.89,91449195,0.0,0.0
2003-10-21 00:00:00+08:00,29.2,29.8,29.14,29.44,183036645,0.0,0.0
2003-10-22 00:00:00+08:00,29.74,30.1,29.26,30.1,160108450,0.0,0.0
2003-10-23 00:00:00+08:00,29.62,29.86,29.44,29.44,104968603,0.0,0.0
2003-10-24 00:00:00+08:00,29.56,29.74,28.95,28.95,99837521,0.0,0.0
2003-10-27 00:00:00+08:00,29.44,29.86,29.26,29.5,88892168,0.0,0.0
2003-10-28 00:00:00+08:00,29.86,29.98,29.26,29.5,133568221,0.0,0.0
2003-10-29 00:00:00+08:00,29.8,29.98,29.32,29.44,106696331,0.0,0.0
2003-10-30 00:00:00+08:00,29.56,29.68,28.83,28.95,114210486,0.0,0.0
2003-10-31 00:00:00+08:00,28.77,28.77,27.27,27.63,169110243,0.0,0.0
2003-11-03 00:00:00+08:00,27.63,27.93,27.45,27.75,72736644350,0.0,0.0
2003-11-04 00:00:00+08:00,27.93,28.05,26.96,27.15,107358376,0.0,0.0
2003-11-05 00:00:00+08:00,27.15,27.57,27.15,27.27,71465301,0.0,0.0
2003-11-06 00:00:00+08:00,27.69,27.69,26.9,27.02,75099901,0.0,0.0
2003-11-07 00:00:00+08:00,27.45,27.93,27.33,27.87,75454557,0.0,0.0
2003-11-10 00:00:00+08:00,27.99,27.99,27.75,27.87,54611119,0.0,0.0
2003-11-11 00:00:00+08:00,27.87,27.87,27.27,27.45,62649750,0.0,0.0
2003-11-12 00:00:00+08:00,27.27,27.45,26.3,26.54,103933741,0.0,0.0
2003-11-13 00:00:00+08:00,26.84,27.08,26.54,26.84,72166646,0.0,0.0
2003-11-14 00:00:00+08:00,26.84,26.96,26.6,26.72,36748283,0.0,0.0
2003-11-17 00:00:00+08:00,26.48,26.48,25.76,25.82,69572380,0.0,0.0
2003-11-18 00:00:00+08:00,25.64,26.06,24.55,25.03,142962897,0.0,0.0
2003-11-19 00:00:00+08:00,24.43,24.43,23.28,23.83,184940400,0.0,0.0
2003-11-20 00:00:00+08:00,23.83,24.19,23.65,23.77,109752345,0.0,0.0
2003-11-21 00:00:00+08:00,23.53,24.19,23.28,24.07,91563356,0.0,0.0
2003-11-24 00:00:00+08:00,24.19,24.19,23.53,23.65,47347752,0.0,0.0
2003-11-25 00:00:00+08:00,24.13,24.19,23.89,23.89,74511108409,0.0,0.0
2003-11-26 00:00:00+08:00,24.19,24.49,23.95,24.01,78910504,0.0,0.0
2003-11-27 00:00:00+08:00,24.01,24.19,23.83,24.01,51874599,0.0,0.0
2003-11-28 00:00:00+08:00,24.43,24.97,24.31,24.67,91460786,0.0,0.0
2003-12-01 00:00:00+08:00,24.73,25.09,24.55,25.03,57190787,0.0,0.0
2003-12-02 00:00:00+08:00,25.28,25.34,24.79,24.91,63413149,0.0,0.0
2003-12-03 00:00:00+08:00,25.03,25.4,24.91,25.15,54735411,0.0,0.0
2003-12-04 00:00:00+08:00,25.58,25.76,25.46,25.64,73351359,0.0,0.0
2003-12-05 00:00:00+08:00,25.94,26.12,25.82,25.94,96871210310,0.0,0.0
2003-12-08 00:00:00+08:00,25.64,25.76,25.21,25.34,48021555,0.0,0.0
2003-12-09 00:00:00+08:00,25.4,25.52,24.85,25.09,47037534,0.0,0.0
2003-12-10 00:00:00+08:00,24.67,24.97,24.43,24.73,43998990,0.0,0.0
2003-12-11 00:00:00+08:00,24.73,24.97,24.67,24.91,41673199,0.0,0.0
2003-12-12 00:00:00+08:00,25.21,25.46,24.91,24.97,46817047,0.0,0.0
2003-12-15 00:00:00+08:00,25.28,25.34,24.91,25.34,33192230,0.0,0.0
2003-12-16 00:00:00+08:00,25.15,25.28,25.03,25.03,23784070,0.0,0.0
2003-12-17 00:00:00+08:00,24.97,24.97,23.28,23.65,117554589,0.0,0.0
2003-12-18 00:00:00+08:00,23.53,23.59,23.22,23.28,58894637,0.0,0.0
2003-12-19 00:00:00+08:00,23.47,23.71,23.28,23.47,46424404,0.0,0.0
2003-12-22 00:00:00+08:00,23.47,23.83,23.16,23.71,46474605,0.0,0.0
2003-12-23 00:00:00+08:00,23.83,23.95,23.59,23.83,30704555,0.0,0.0
2003-12-24 00:00:00+08:00,23.83,24.61,23.83,24.19,91319866,0.0,0.0
2003-12-25 00:00:00+08:00,24.07,24.07,23.34,23.47,51429647,0.0,0.0
2003-12-26 00:00:00+08:00,23.47,23.71,23.34,23.65,21246461,0.0,0.0
2003-12-29 00:00:00+08:00,23.65,23.71,23.41,23.53,15474004,0.0,0.0
2003-12-30 00:00:00+08:00,23.83,24.07,23.71,23.89,54729703,0.0,0.0
2003-12-31 00:00:00+08:00,24.07,24.13,23.89,23.95,21421778,0.0,0.0
2004-01-01 00:00:00+08:00,23.95,23.95,23.95,23.95,0,0.0,0.0
2004-01-02 00:00:00+08:00,24.13,24.97,24.13,24.97,76880279,0.0,0.0
2004-01-05 00:00:00+08:00,25.34,25.52,25.09,25.34,77255114,0.0,0.0
2004-01-06 00:00:00+08:00,25.7,25.94,25.21,25.46,84517462469,0.0,0.0
2004-01-07 00:00:00+08:00,25.64,25.76,25.4,25.52,54756180,0.0,0.0
2004-01-08 00:00:00+08:00,25.88,26.24,25.76,25.76,75003290,0.0,0.0
2004-01-09 00:00:00+08:00,26.18,26.3,25.82,26.06,75547501,0.0,0.0
2004-01-12 00:00:00+08:00,26.24,26.84,26.24,26.72,114633779,0.0,0.0
2004-01-13 00:00:00+08:00,26.96,27.15,26.72,27.15,143969424,0.0,0.0
2004-01-14 00:00:00+08:00,27.02,27.33,26.84,27.02,68226826,0.0,0.0
2004-01-15 00:00:00+08:00,27.02,27.21,26.66,26.72,64342385,0.0,0.0
2004-01-16 00:00:00+08:00,26.84,27.02,26.72,26.9,65221361,0.0,0.0
2004-01-19 00:00:00+08:00,26.9,26.9,26.9,26.9,0,0.0,0.0
2004-01-27 00:00:00+08:00,27.75,28.77,27.63,28.77,220599147403,0.0,0.0
2004-01-28 00:00:00+08:00,29.14,29.68,28.95,29.44,208766043510,0.0,0.0
2004-01-29 00:00:00+08:00,29.44,29.86,28.47,28.47,120588457,0.0,0.0
2004-01-30 00:00:00+08:00,28.77,29.14,28.59,28.89,90046950,0.0,0.0
2004-02-02 00:00:00+08:00,28.89,29.26,28.53,28.71,64193089,0.0,0.0
2004-02-03 00:00:00+08:00,28.23,28.47,27.99,28.17,63544881,0.0,0.0
2004-02-04 00:00:00+08:00,28.29,28.83,28.29,28.35,48589766,0.0,0.0
2004-02-05 00:00:00+08:00,28.35,29.2,28.23,28.65,60650827,0.0,0.0
2004-02-06 00:00:00+08:00,29.38,29.62,28.95,28.95,81924507,0.0,0.0
2004-02-09 00:00:00+08:00,29.32,29.56,29.02,29.56,86617502,0.0,0.0
2004-02-10 00:00:00+08:00,29.74,29.74,29.02,29.02,52245773,0.0,0.0
2004-02-11 00:00:00+08:00,27.93,28.23,27.39,27.45,135432268,0.0,0.0
2004-02-12 00:00:00+08:00,27.45,27.87,26.96,27.51,77570001,0.0,0.0
2004-02-13 00:00:00+08:00,27.63,27.93,27.45,27.69,48791985636,0.0,0.0
2004-02-16 00:00:00+08:00,27.69,27.87,27.27,27.27,44574821,0.0,0.0
2004-02-17 00:00:00+08:00,27.33,27.93,27.33,27.81,44456961,0.0,0.0
2004-02-18 00:00:00+08:00,28.29,29.68,28.11,29.62,123709833,0.0,0.0
2004-02-19 00:00:00+08:00,30.46,31.67,30.46,31.67,238556857,0.0,0.0
2004-02-20 00:00:00+08:00,31.37,32.27,31.07,31.97,133839251,0.0,0.0
2004-02-23 00:00:00+08:00,31.97,31.97,30.76,31.37,72613603,0.0,0.0
2004-02-24 00:00:00+08:00,30.76,31.67,30.76,31.37,59927568,0.0,0.0
2004-02-25 00:00:00+08:00,31.37,33.18,31.37,32.88,118552791,0.0,0.0
2004-02-26 00:00:00+08:00,33.78,33.78,32.57,32.88,116532163,0.0,0.0
2004-02-27 00:00:00+08:00,33.18,33.78,33.18,33.48,103942877,0.0,0.0
2004-03-01 00:00:00+08:00,34.08,35.59,34.08,35.29,131615651,0.0,0.0
2004-03-02 00:00:00+08:00,36.19,36.49,35.59,35.89,105741197,0.0,0.0
2004-03-03 00:00:00+08:00,35.59,37.1,34.99,35.89,130893446,0.0,0.0
2004-03-04 00:00:00+08:00,35.89,36.49,35.59,36.19,81488338,0.0,0.0
2004-03-05 00:00:00+08:00,37.4,37.4,35.59,35.59,112912449,0.0,0.0
2004-03-08 00:00:00+08:00,36.19,36.49,35.59,35.89,81466512,0.0,0.0
2004-03-09 00:00:00+08:00,35.59,36.8,35.29,36.8,65803540,0.0,0.0
2004-03-10 00:00:00+08:00,36.8,38.0,36.19,36.49,113953193,0.0,0.0
2004-03-11 00:00:00+08:00,35.89,36.8,35.59,36.8,80404431,0.0,0.0
2004-03-12 00:00:00+08:00,36.19,36.8,35.59,36.19,86153035,0.0,0.0
2004-03-15 00:00:00+08:00,36.8,37.1,34.69,34.69,92485886,0.0,0.0
2004-03-16 00:00:00+08:00,34.69,35.59,34.08,34.99,84137523,0.0,0.0
2004-03-17 00:00:00+08:00,35.59,36.49,35.59,35.59,81537941,0.0,0.0
2004-03-18 00:00:00+08:00,36.19,38.0,36.19,38.0,134154041,0.0,0.0
2004-03-19 00:00:00+08:00,38.0,38.91,37.7,38.0,110603934063,0.0,0.0
2004-03-22 00:00:00+08:00,35.59,35.59,35.59,35.59,8704965,0.0,0.0
2004-03-23 00:00:00+08:00,33.18,37.4,33.18,35.59,312272158,0.0,0.0
2004-03-24 00:00:00+08:00,36.19,36.49,34.38,34.99,106698565,0.0,0.0
2004-03-25 00:00:00+08:00,35.29,35.59,33.48,33.78,87782658,0.0,0.0
2004-03-26 00:00:00+08:00,34.38,34.69,33.78,34.38,84083658,0.0,0.0
2004-03-29 00:00:00+08:00,36.19,36.49,35.89,36.49,85991789,0.0,0.0
2004-03-30 00:00:00+08:00,37.1,38.3,37.1,38.0,152331962,0.0,0.0
2004-03-31 00:00:00+08:00,38.61,39.21,37.7,38.3,140707273342,0.0,0.0
2004-04-01 00:00:00+08:00,38.0,39.81,37.7,39.51,124260213519,0.0,0.0
2004-04-02 00:00:00+08:00,39.81,39.81,38.91,38.91,81751806,0.0,0.0
2004-04-05 00:00:00+08:00,39.21,40.11,38.61,39.51,135880745,0.0,0.0
2004-04-06 00:00:00+08:00,39.81,39.81,37.7,37.7,141167243252,0.0,0.0
2004-04-07 00:00:00+08:00,38.0,38.61,37.7,38.0,73296597219,0.0,0.0
2004-04-08 00:00:00+08:00,38.61,39.21,38.3,39.21,98545562,0.0,0.0
2004-04-09 00:00:00+08:00,38.91,39.51,38.61,39.21,93818132,0.0,0.0
2004-04-12 00:00:00+08:00,39.81,41.92,39.81,41.92,159946269,0.0,0.0
2004-04-13 00:00:00+08:00,42.23,42.53,40.72,41.32,145060793,0.0,0.0
2004-04-14 00:00:00+08:00,41.02,44.04,40.72,44.04,213708861,0.0,0.0
2004-04-15 00:00:00+08:00,44.94,45.54,43.73,44.04,263473081,0.0,0.0
2004-04-16 00:00:00+08:00,44.04,47.05,43.73,47.05,218785528,0.0,0.0
2004-04-19 00:00:00+08:00,47.65,47.96,46.75,47.35,144929589,0.0,0.0
2004-04-20 00:00:00+08:00,47.65,47.65,45.54,46.15,119906962,0.0,0.0
2004-04-21 00:00:00+08:00,44.94,45.84,44.64,45.24,117088689,0.0,0.0
2004-04-22 00:00:00+08:00,45.54,46.15,42.23,43.73,193125414,0.0,0.0
2004-04-23 00:00:00+08:00,44.04,44.34,43.13,43.73,96160835,0.0,0.0
2004-04-26 00:00:00+08:00,44.04,46.15,44.04,45.54,134023577,0.0,0.0
2004-04-27 00:00:00+08:00,46.15,46.45,44.64,45.24,122036921,0.0,0.0
2004-04-28 00:00:00+08:00,45.24,47.05,44.94,45.24,171495792,0.0,0.0
2004-04-29 00:00:00+08:00,44.04,45.24,44.04,44.04,107279106,0.0,0.0
2004-04-30 00:00:00+08:00,42.83,43.43,41.02,41.02,278033184,0.0,0.0
2004-05-03 00:00:00+08:00,41.02,41.02,38.61,38.91,144689255,0.0,0.0
2004-05-04 00:00:00+08:00,39.81,41.32,39.51,41.32,109273079,0.0,0.0
2004-05-05 00:00:00+08:00,41.62,41.62,38.61,38.61,132664859,0.0,0.0
2004-05-06 00:00:00+08:00,39.81,40.72,38.61,40.11,131804188,0.0,0.0
2004-05-07 00:00:00+08:00,39.81,41.32,39.51,41.02,98229719,0.0,0.0
2004-05-10 00:00:00+08:00,40.11,40.42,39.21,39.21,52691662,0.0,0.0
2004-05-11 00:00:00+08:00,39.51,39.51,36.8,38.61,124757223,0.0,0.0
2004-05-12 00:00:00+08:00,39.51,41.02,39.21,39.81,116853378,0.0,0.0
2004-05-13 00:00:00+08:00,39.81,40.42,39.21,39.51,67635336,0.0,0.0
2004-05-14 00:00:00+08:00,39.81,40.11,37.7,38.0,102152009,0.0,0.0
2004-05-17 00:00:00+08:00,36.49,36.8,35.59,35.59,107195427,0.0,0.0
2004-05-18 00:00:00+08:00,35.59,37.1,34.99,35.89,131005479,0.0,0.0
2004-05-19 00:00:00+08:00,37.4,38.3,37.1,38.3,107236469,0.0,0.0
2004-05-20 00:00:00+08:00,38.0,39.51,37.7,38.0,119991850858,0.0,0.0
2004-05-21 00:00:00+08:00,38.3,40.42,38.0,40.11,106040908,0.0,0.0
2004-05-24 00:00:00+08:00,39.81,41.02,39.21,39.81,79772170,0.0,0.0
2004-05-25 00:00:00+08:00,39.81,41.62,39.81,40.72,103865520,0.0,0.0
2004-05-26 00:00:00+08:00,42.23,42.53,41.02,41.32,178827337,0.0,0.0
2004-05-27 00:00:00+08:00,42.26,42.58,41.29,41.62,163444455,1.09,1.05
2004-05-28 00:00:00+08:00,41.94,41.94,40.65,41.62,100535240,0.0,0.0
2004-05-31 00:00:00+08:00,40.65,40.65,38.71,38.71,119847187,0.0,0.0
2004-06-01 00:00:00+08:00,38.39,38.39,36.45,38.07,105191654,0.0,0.0
2004-06-02 00:00:00+08:00,36.78,37.42,36.13,36.45,93768798,0.0,0.0
2004-06-03 00:00:00+08:00,36.78,37.1,34.2,34.2,195086616,0.0,0.0
2004-06-04 00:00:00+08:00,34.2,35.16,33.87,34.84,136769665,0.0,0.0
2004-06-07 00:00:00+08:00,35.81,36.78,35.49,36.45,104815308,0.0,0.0
2004-06-08 00:00:00+08:00,37.42,37.74,36.13,36.13,112159468,0.0,0.0
2004-06-09 00:00:00+08:00,36.13,36.78,35.81,36.13,61848222,0.0,0.0
2004-06-10 00:00:00+08:00,35.81,36.13,34.52,34.84,67639123,0.0,0.0
2004-06-11 00:00:00+08:00,33.23,33.87,32.58,32.91,108706269,0.0,0.0
2004-06-14 00:00:00+08:00,32.91,33.23,30.71,31.55,109772485,0.0,0.0
2004-06-15 00:00:00+08:00,31.55,33.55,31.16,33.55,145224121,0.0,0.0
2004-06-16 00:00:00+08:00,34.2,34.2,32.0,32.0,107097623,0.0,0.0
2004-06-17 00:00:00+08:00,32.58,34.2,32.58,34.2,153895440,0.0,0.0
2004-06-18 00:00:00+08:00,32.26,33.23,32.26,32.91,127528080,0.0,0.0
2004-06-21 00:00:00+08:00,33.23,33.55,31.42,31.68,111379164,0.0,0.0
2004-06-22 00:00:00+08:00,31.68,31.68,31.68,31.68,0,0.0,0.0
2004-06-23 00:00:00+08:00,32.58,33.23,32.2,32.58,99275946,0.0,0.0
2004-06-24 00:00:00+08:00,33.23,33.55,32.58,33.23,65560682,0.0,0.0
2004-06-25 00:00:00+08:00,32.91,34.2,32.58,33.55,92400165,0.0,0.0
2004-06-28 00:00:00+08:00,33.55,33.55,32.13,32.26,70978535,0.0,0.0
2004-06-29 00:00:00+08:00,31.94,32.58,31.36,32.2,50081699,0.0,0.0
2004-06-30 00:00:00+08:00,32.91,33.55,32.58,32.91,75324740,0.0,0.0
2004-07-01 00:00:00+08:00,33.23,33.23,32.58,32.58,46145605,0.0,0.0
2004-07-02 00:00:00+08:00,31.61,32.2,31.61,31.87,48822872,0.0,0.0
2004-07-05 00:00:00+08:00,31.36,31.49,29.81,30.39,77300959,0.0,0.0
2004-07-06 00:00:00+08:00,29.87,30.58,29.87,30.45,51709682,0.0,0.0
2004-07-07 00:00:00+08:00,29.68,31.16,29.68,30.84,77128869,0.0,0.0
2004-07-08 00:00:00+08:00,31.16,31.74,30.9,30.9,66916805465,0.0,0.0
2004-07-09 00:00:00+08:00,31.29,32.58,31.03,32.26,100697815,0.0,0.0
2004-07-12 00:00:00+08:00,32.58,32.58,31.61,31.61,73179883,0.0,0.0
2004-07-13 00:00:00+08:00,30.32,30.71,30.0,30.32,89282215,0.0,0.0
2004-07-14 00:00:00+08:00,30.32,30.65,29.81,29.81,73975321,0.0,0.0
2004-07-15 00:00:00+08:00,29.55,29.61,28.97,29.16,96804810,0.0,0.0
2004-07-16 00:00:00+08:00,28.97,29.49,28.39,28.39,72947986,0.0,0.0
2004-07-19 00:00:00+08:00,28.26,28.65,27.81,28.45,79287247,0.0,0.0
2004-07-20 00:00:00+08:00,27.1,27.68,26.52,26.52,103591109,0.0,0.0
2004-07-21 00:00:00+08:00,27.1,27.16,25.81,26.71,157042717,0.0,0.0
2004-07-22 00:00:00+08:00,25.29,26.13,25.29,26.0,88396439,0.0,0.0
2004-07-23 00:00:00+08:00,26.0,26.97,26.0,26.07,113169677,0.0,0.0
2004-07-26 00:00:00+08:00,25.74,25.94,25.42,25.74,52402736,0.0,0.0
2004-07-27 00:00:00+08:00,25.74,27.16,25.61,26.45,144441369,0.0,0.0
2004-07-28 00:00:00+08:00,26.97,26.97,26.26,26.26,93599414,0.0,0.0
2004-07-29 00:00:00+08:00,26.13,26.39,25.49,25.49,77793102,0.0,0.0
2004-07-30 00:00:00+08:00,25.94,26.19,25.42,25.55,83840285,0.0,0.0
2004-08-02 00:00:00+08:00,25.42,25.42,24.0,24.19,104347183,0.0,0.0
2004-08-03 00:00:00+08:00,24.19,24.9,23.74,24.78,129634865,0.0,0.0
2004-08-04 00:00:00+08:00,24.71,25.16,24.45,25.16,90625061,0.0,0.0
2004-08-05 00:00:00+08:00,25.16,26.9,24.32,26.58,210944220,0.0,0.0
2004-08-06 00:00:00+08:00,25.81,26.78,25.81,25.94,128807530,0.0,0.0
2004-08-09 00:00:00+08:00,25.23,25.42,24.84,25.29,66285765,0.0,0.0
2004-08-10 00:00:00+08:00,25.55,25.94,25.29,25.29,105619976,0.0,0.0
2004-08-11 00:00:00+08:00,25.74,25.81,24.97,25.03,71239046,0.0,0.0
2004-08-12 00:00:00+08:00,25.03,25.29,24.84,25.03,60881374,0.0,0.0
2004-08-13 00:00:00+08:00,24.84,25.1,24.45,24.78,51919148,0.0,0.0
2004-08-16 00:00:00+08:00,24.65,24.78,24.26,24.26,30466454,0.0,0.0
2004-08-17 00:00:00+08:00,24.45,24.71,24.19,24.39,68013645,0.0,0.0
2004-08-18 00:00:00+08:00,24.71,26.07,24.58,26.07,162141168,0.0,0.0
2004-08-19 00:00:00+08:00,26.97,27.87,26.84,27.87,238032697,0.0,0.0
2004-08-20 00:00:00+08:00,28.2,28.58,27.94,28.52,200189395,0.0,0.0
2004-08-23 00:00:00+08:00,28.52,28.52,27.87,28.2,88944102,0.0,0.0
2004-08-24 00:00:00+08:00,28.2,28.2,28.2,28.2,0,0.0,0.0
2004-08-26 00:00:00+08:00,28.9,29.81,28.9,29.1,162177301,0.0,0.0
2004-08-27 00:00:00+08:00,29.29,29.55,29.1,29.29,98878250,0.0,0.0
2004-08-30 00:00:00+08:00,29.03,29.1,28.13,28.13,90609765,0.0,0.0
2004-08-31 00:00:00+08:00,27.81,29.16,27.74,28.2,139670804,0.0,0.0
2004-09-01 00:00:00+08:00,28.32,29.55,28.32,29.1,160565984,0.0,0.0
2004-09-02 00:00:00+08:00,29.1,29.29,28.78,29.29,91804921,0.0,0.0
2004-09-03 00:00:00+08:00,29.29,29.74,28.52,28.52,139671865,0.0,0.0
2004-09-06 00:00:00+08:00,28.32,28.52,27.55,28.0,77679551,0.0,0.0
2004-09-07 00:00:00+08:00,28.0,28.45,27.87,28.13,59260293,0.0,0.0
2004-09-08 00:00:00+08:00,28.13,28.71,28.0,28.0,96322774,0.0,0.0
2004-09-09 00:00:00+08:00,27.74,28.58,27.68,28.32,98783569353,0.0,0.0
2004-09-10 00:00:00+08:00,28.71,28.78,27.68,27.68,96968492,0.0,0.0
2004-09-13 00:00:00+08:00,28.07,28.2,27.68,27.94,67042662,0.0,0.0
2004-09-14 00:00:00+08:00,28.13,28.65,28.07,28.58,88804718,0.0,0.0
2004-09-15 00:00:00+08:00,28.65,28.78,28.32,28.39,63777342,0.0,0.0
2004-09-16 00:00:00+08:00,28.13,28.97,28.13,28.9,78956163,0.0,0.0
2004-09-17 00:00:00+08:00,29.16,29.49,28.9,28.9,130612410,0.0,0.0
2004-09-20 00:00:00+08:00,29.16,29.23,28.58,28.65,59124022,0.0,0.0
2004-09-21 00:00:00+08:00,28.97,29.23,28.65,29.23,73563925,0.0,0.0
2004-09-22 00:00:00+08:00,29.61,29.87,29.55,29.81,125077891419,0.0,0.0
2004-09-23 00:00:00+08:00,29.81,30.39,29.81,30.2,121141953,0.0,0.0
2004-09-24 00:00:00+08:00,30.45,30.45,29.74,29.81,85151511,0.0,0.0
2004-09-27 00:00:00+08:00,29.94,30.0,29.42,29.49,40450154,0.0,0.0
2004-09-28 00:00:00+08:00,29.49,29.49,29.49,29.49,0,0.0,0.0
2004-09-29 00:00:00+08:00,29.49,29.68,29.23,29.29,43236020,0.0,0.0
2004-09-30 00:00:00+08:00,29.36,29.61,27.29,27.49,132367034,0.0,0.0
2004-10-01 00:00:00+08:00,27.29,27.42,26.26,27.1,112687878,0.0,0.0
2004-10-04 00:00:00+08:00,27.68,28.07,27.23,28.07,91800760,0.0,0.0
2004-10-05 00:00:00+08:00,28.45,28.65,28.2,28.32,72972534,0.0,0.0
2004-10-06 00:00:00+08:00,28.71,29.61,28.26,28.78,117810961,0.0,0.0
2004-10-07 00:00:00+08:00,29.23,29.23,28.65,28.78,47514117,0.0,0.0
2004-10-08 00:00:00+08:00,28.78,29.42,28.78,29.16,86262944,0.0,0.0
2004-10-11 00:00:00+08:00,28.84,28.84,28.13,28.13,52960598,0.0,0.0
2004-10-12 00:00:00+08:00,27.1,27.68,26.65,26.78,95938948,0.0,0.0
2004-10-13 00:00:00+08:00,26.52,26.97,26.39,26.45,68508995,0.0,0.0
2004-10-14 00:00:00+08:00,26.19,26.84,26.19,26.45,57002536,0.0,0.0
2004-10-15 00:00:00+08:00,26.65,26.9,26.13,26.19,62427915,0.0,0.0
2004-10-18 00:00:00+08:00,26.26,26.32,25.49,25.49,52078778,0.0,0.0
2004-10-19 00:00:00+08:00,25.68,26.39,25.68,26.26,54000634,0.0,0.0
2004-10-20 00:00:00+08:00,26.19,26.19,25.61,25.81,42381422,0.0,0.0
2004-10-21 00:00:00+08:00,25.74,26.13,25.68,25.81,52389032,0.0,0.0
2004-10-22 00:00:00+08:00,26.0,26.39,25.87,25.87,44522606,0.0,0.0
2004-10-25 00:00:00+08:00,25.87,25.87,25.87,25.87,0,0.0,0.0
2004-10-26 00:00:00+08:00,25.16,25.42,24.07,24.07,77869514,0.0,0.0
2004-10-27 00:00:00+08:00,24.07,24.07,23.1,23.42,70772353,0.0,0.0
2004-10-28 00:00:00+08:00,23.16,23.68,22.84,23.36,144805222,0.0,0.0
2004-10-29 00:00:00+08:00,23.23,23.61,22.97,22.97,52957511,0.0,0.0
2004-11-01 00:00:00+08:00,22.97,23.1,21.42,21.42,82008075,0.0,0.0
2004-11-02 00:00:00+08:00,21.42,22.78,21.29,22.78,90361925,0.0,0.0
2004-11-03 00:00:00+08:00,22.78,23.81,22.65,23.61,127320863,0.0,0.0
2004-11-04 00:00:00+08:00,23.61,23.94,23.29,23.87,106604998,0.0,0.0
2004-11-05 00:00:00+08:00,24.52,24.58,23.81,23.87,93278234,0.0,0.0
2004-11-08 00:00:00+08:00,23.87,23.87,23.03,23.23,46949558,0.0,0.0
2004-11-09 00:00:00+08:00,23.36,24.0,23.36,23.87,63757522,0.0,0.0
2004-11-10 00:00:00+08:00,24.13,24.45,23.94,24.39,76690333,0.0,0.0
2004-11-11 00:00:00+08:00,24.26,24.45,23.81,24.19,52164777,0.0,0.0
2004-11-12 00:00:00+08:00,24.45,25.36,24.45,25.03,121862184,0.0,0.0
2004-11-15 00:00:00+08:00,25.42,25.42,24.84,25.03,60247621,0.0,0.0
2004-11-16 00:00:00+08:00,25.03,25.36,25.03,25.16,56089146,0.0,0.0
2004-11-17 00:00:00+08:00,25.16,26.9,25.16,26.9,178464785,0.0,0.0
2004-11-18 00:00:00+08:00,27.36,27.42,26.9,26.9,135128734,0.0,0.0
2004-11-19 00:00:00+08:00,26.9,27.16,26.78,26.9,60668242,0.0,0.0
2004-11-22 00:00:00+08:00,26.32,26.45,25.23,25.23,77773882,0.0,0.0
2004-11-23 00:00:00+08:00,25.29,25.55,24.84,25.49,73974156,0.0,0.0
2004-11-24 00:00:00+08:00,25.81,26.71,25.81,26.32,87455901,0.0,0.0
2004-11-25 00:00:00+08:00,26.65,26.65,26.19,26.58,78228885,0.0,0.0
2004-11-26 00:00:00+08:00,26.97,28.07,26.26,26.26,165825470,0.0,0.0
2004-11-29 00:00:00+08:00,26.65,26.9,26.52,26.9,86214624,0.0,0.0
2004-11-30 00:00:00+08:00,26.84,27.29,26.45,27.29,68155610,0.0,0.0
2004-12-01 00:00:00+08:00,26.78,27.29,26.78,27.23,46107019,0.0,0.0
2004-12-02 00:00:00+08:00,27.68,27.74,27.1,27.42,92443479827,0.0,0.0
2004-12-03 00:00:00+08:00,27.42,27.68,27.23,27.55,56087358,0.0,0.0
2004-12-06 00:00:00+08:00,27.23,27.61,27.1,27.36,44731015,0.0,0.0
2004-12-07 00:00:00+08:00,27.16,27.36,26.97,27.29,52718882,0.0,0.0
2004-12-08 00:00:00+08:00,27.1,27.16,26.58,26.58,47022624,0.0,0.0
2004-12-09 00:00:00+08:00,26.58,26.9,26.45,26.45,54912863,0.0,0.0
2004-12-10 00:00:00+08:00,26.52,26.9,26.52,26.78,47836438,0.0,0.0
2004-12-13 00:00:00+08:00,27.1,28.2,27.03,27.42,148778123,0.0,0.0
2004-12-14 00:00:00+08:00,27.87,27.94,27.68,27.87,70742876745,0.0,0.0
2004-12-15 00:00:00+08:00,28.58,29.81,28.45,29.81,219955732,0.0,0.0
2004-12-16 00:00:00+08:00,29.81,29.94,29.49,29.81,105727048,0.0,0.0
2004-12-17 00:00:00+08:00,29.74,29.74,29.23,29.42,62749393,0.0,0.0
2004-12-20 00:00:00+08:00,28.65,29.16,28.45,28.9,64576694,0.0,0.0
2004-12-21 00:00:00+08:00,28.9,29.42,28.78,29.36,65449126,0.0,0.0
2004-12-22 00:00:00+08:00,29.23,29.36,28.65,28.65,78181003,0.0,0.0
2004-12-23 00:00:00+08:00,28.58,28.9,28.58,28.78,46590417,0.0,0.0
2004-12-24 00:00:00+08:00,28.71,29.81,28.65,29.61,81417992,0.0,0.0
2004-12-27 00:00:00+08:00,29.68,29.74,29.1,29.23,35487577,0.0,0.0
2004-12-28 00:00:00+08:00,29.29,29.68,29.29,29.29,37936088,0.0,0.0
2004-12-29 00:00:00+08:00,29.61,30.13,29.61,29.68,93501003,0.0,0.0
2004-12-30 00:00:00+08:00,29.87,29.87,29.49,29.49,37133648,0.0,0.0
2004-12-31 00:00:00+08:00,29.49,29.74,29.42,29.61,52344538,0.0,0.0
2005-01-03 00:00:00+08:00,29.74,29.74,28.07,28.45,100067384,0.0,0.0
2005-01-04 00:00:00+08:00,28.07,28.26,27.87,28.07,58235601,0.0,0.0
2005-01-05 00:00:00+08:00,27.74,28.26,27.74,27.94,51608606434,0.0,0.0
2005-01-06 00:00:00+08:00,28.0,28.07,27.55,27.68,43841840,0.0,0.0
2005-01-07 00:00:00+08:00,27.68,27.81,26.97,26.97,56774968,0.0,0.0
2005-01-10 00:00:00+08:00,26.97,27.36,26.97,27.16,42255257,0.0,0.0
2005-01-11 00:00:00+08:00,27.36,27.87,27.1,27.81,62489162,0.0,0.0
2005-01-12 00:00:00+08:00,27.74,27.94,27.23,27.23,38230854384,0.0,0.0
2005-01-13 00:00:00+08:00,27.23,27.36,26.19,26.78,79032162,0.0,0.0
2005-01-14 00:00:00+08:00,26.45,27.23,26.26,27.1,70560563,0.0,0.0
2005-01-17 00:00:00+08:00,28.84,28.84,28.26,28.52,122372409,0.0,0.0
2005-01-18 00:00:00+08:00,28.65,28.9,28.39,28.9,76655095,0.0,0.0
2005-01-19 00:00:00+08:00,29.1,29.23,28.78,28.97,101586686,0.0,0.0
2005-01-20 00:00:00+08:00,28.65,29.87,28.65,29.23,132603111,0.0,0.0
2005-01-21 00:00:00+08:00,29.36,29.49,29.03,29.36,64919268,0.0,0.0
2005-01-24 00:00:00+08:00,29.49,29.61,28.07,28.39,85560231,0.0,0.0
2005-01-25 00:00:00+08:00,28.26,28.84,28.26,28.84,63553627,0.0,0.0
2005-01-26 00:00:00+08:00,28.9,29.16,28.65,28.84,64202687,0.0,0.0
2005-01-27 00:00:00+08:00,29.36,29.61,28.9,28.97,85734882,0.0,0.0
2005-01-28 00:00:00+08:00,28.97,29.81,28.84,29.42,79573963,0.0,0.0
2005-01-31 00:00:00+08:00,29.87,31.42,29.74,31.16,186744677,0.0,0.0
2005-02-01 00:00:00+08:00,31.29,31.61,30.84,30.9,115035382,0.0,0.0
2005-02-02 00:00:00+08:00,31.29,31.87,31.1,31.1,128152998,0.0,0.0
2005-02-03 00:00:00+08:00,31.23,31.68,31.03,31.61,103179414,0.0,0.0
2005-02-04 00:00:00+08:00,31.61,31.61,31.61,31.61,0,0.0,0.0
2005-02-14 00:00:00+08:00,32.58,32.58,31.74,32.2,116895435137,0.0,0.0
2005-02-15 00:00:00+08:00,32.2,32.2,31.81,31.94,48120479,0.0,0.0
2005-02-16 00:00:00+08:00,32.0,32.07,31.29,31.81,54760666,0.0,0.0
2005-02-17 00:00:00+08:00,31.81,32.0,31.16,31.16,58550969,0.0,0.0
2005-02-18 00:00:00+08:00,31.16,31.68,31.1,31.61,64688605,0.0,0.0
2005-02-21 00:00:00+08:00,31.81,32.0,31.16,31.23,50666884,0.0,0.0
2005-02-22 00:00:00+08:00,31.23,31.55,31.16,31.23,41348455,0.0,0.0
2005-02-23 00:00:00+08:00,30.97,31.42,30.9,31.23,45610646,0.0,0.0
2005-02-24 00:00:00+08:00,31.16,31.23,30.71,30.78,49065726,0.0,0.0
2005-02-25 00:00:00+08:00,31.29,32.07,31.29,31.36,97904858,0.0,0.0
2005-02-28 00:00:00+08:00,31.36,31.36,31.36,31.36,0,0.0,0.0
2005-03-01 00:00:00+08:00,31.68,32.13,31.42,32.1,83465343,0.0,0.0
2005-03-02 00:00:00+08:00,32.0,32.0,30.65,31.16,64125423,0.0,0.0
2005-03-03 00:00:00+08:00,30.84,30.84,29.42,30.1,77449890,0.0,0.0
2005-03-04 00:00:00+08:00,29.68,30.0,29.55,29.55,46421330156,0.0,0.0
2005-03-07 00:00:00+08:00,29.68,29.84,29.45,29.45,29781353,0.0,0.0
2005-03-08 00:00:00+08:00,29.68,29.81,28.71,29.03,42222217,0.0,0.0
2005-03-09 00:00:00+08:00,28.71,29.23,28.71,29.03,39225507,0.0,0.0
2005-03-10 00:00:00+08:00,29.03,29.55,29.03,29.49,47042692,0.0,0.0
2005-03-11 00:00:00+08:00,29.87,29.94,29.36,29.49,55872564,0.0,0.0
2005-03-14 00:00:00+08:00,29.16,29.32,28.74,28.78,35116817,0.0,0.0
2005-03-15 00:00:00+08:00,28.74,28.9,27.49,27.84,60355424771,0.0,0.0
2005-03-16 00:00:00+08:00,27.61,28.32,27.55,28.07,45627709,0.0,0.0
2005-03-17 00:00:00+08:00,27.74,28.13,27.68,27.87,38881183,0.0,0.0
2005-03-18 00:00:00+08:00,27.87,27.97,27.42,27.42,35751078,0.0,0.0
2005-03-21 00:00:00+08:00,27.42,27.61,27.1,27.1,31966657,0.0,0.0
2005-03-22 00:00:00+08:00,27.1,28.1,26.65,27.9,63333225,0.0,0.0
2005-03-23 00:00:00+08:00,27.87,28.16,27.61,28.03,49896946,0.0,0.0
2005-03-24 00:00:00+08:00,28.13,28.9,28.13,28.49,71546974,0.0,0.0
2005-03-25 00:00:00+08:00,28.9,29.1,28.78,28.94,50995516,0.0,0.0
2005-03-28 00:00:00+08:00,29.13,29.13,28.45,28.45,27915834,0.0,0.0
2005-03-29 00:00:00+08:00,28.39,28.87,28.26,28.52,42500382,0.0,0.0
2005-03-30 00:00:00+08:00,28.2,28.68,28.2,28.26,35798023,0.0,0.0
2005-03-31 00:00:00+08:00,28.97,30.0,28.9,29.74,95578812,0.0,0.0
2005-04-01 00:00:00+08:00,30.13,31.49,29.68,31.2,120237666,0.0,0.0
2005-04-04 00:00:00+08:00,31.2,32.26,30.87,31.23,149799432,0.0,0.0
2005-04-05 00:00:00+08:00,31.23,31.23,31.23,31.23,0,0.0,0.0
2005-04-06 00:00:00+08:00,31.23,32.13,31.23,31.42,104139753,0.0,0.0
2005-04-07 00:00:00+08:00,32.32,32.65,31.55,31.68,120199199,0.0,0.0
2005-04-08 00:00:00+08:00,31.87,31.94,31.36,31.87,54169875,0.0,0.0
2005-04-11 00:00:00+08:00,31.36,31.55,30.71,30.97,43293136,0.0,0.0
2005-04-12 00:00:00+08:00,30.65,31.42,30.65,31.32,33093820,0.0,0.0
2005-04-13 00:00:00+08:00,31.23,31.26,30.94,31.0,36457788,0.0,0.0
2005-04-14 00:00:00+08:00,30.87,31.55,30.74,31.1,59097602,0.0,0.0
2005-04-15 00:00:00+08:00,30.97,31.87,30.78,31.61,98030266,0.0,0.0
2005-04-18 00:00:00+08:00,31.29,31.39,29.68,30.2,99307435,0.0,0.0
2005-04-19 00:00:00+08:00,30.32,30.58,30.2,30.23,73632822,0.0,0.0
2005-04-20 00:00:00+08:00,30.39,30.45,29.16,29.32,71211980,0.0,0.0
2005-04-21 00:00:00+08:00,28.9,30.13,28.9,29.94,67592865,0.0,0.0
2005-04-22 00:00:00+08:00,30.42,30.68,30.2,30.45,60543329,0.0,0.0
2005-04-25 00:00:00+08:00,30.52,30.9,30.26,30.84,37682838,0.0,0.0
2005-04-26 00:00:00+08:00,30.9,31.78,30.9,31.61,86361213,0.0,0.0
2005-04-27 00:00:00+08:00,32.2,32.2,31.61,31.94,111333969,0.0,0.0
2005-04-28 00:00:00+08:00,31.94,32.91,31.68,32.71,101558134,0.0,0.0
2005-04-29 00:00:00+08:00,32.58,32.71,31.81,31.9,64354489,0.0,0.0
2005-05-02 00:00:00+08:00,31.9,31.9,31.9,31.9,0,0.0,0.0
2005-05-03 00:00:00+08:00,32.65,32.78,32.0,32.0,80711222,0.0,0.0
2005-05-04 00:00:00+08:00,32.13,32.58,32.13,32.52,68646630,0.0,0.0
2005-05-05 00:00:00+08:00,32.91,34.71,32.91,34.0,154808938,0.0,0.0
2005-05-06 00:00:00+08:00,34.52,34.78,34.13,34.78,129372044869,0.0,0.0
2005-05-09 00:00:00+08:00,34.78,34.91,34.32,34.78,69859548,0.0,0.0
2005-05-10 00:00:00+08:00,34.84,34.97,34.07,34.26,70838401,0.0,0.0
2005-05-11 00:00:00+08:00,33.87,33.87,33.42,33.61,51495385,0.0,0.0
2005-05-12 00:00:00+08:00,33.74,34.13,33.55,34.07,61754595,0.0,0.0
2005-05-13 00:00:00+08:00,34.07,34.97,33.81,34.65,74714584,0.0,0.0
2005-05-16 00:00:00+08:00,34.84,34.84,32.71,32.78,101570168,0.0,0.0
2005-05-17 00:00:00+08:00,33.1,33.87,32.65,32.78,70327296,0.0,0.0
2005-05-18 00:00:00+08:00,32.91,33.23,32.78,32.91,42355355,0.0,0.0
2005-05-19 00:00:00+08:00,33.74,33.74,33.29,33.74,56181349,0.0,0.0
2005-05-20 00:00:00+08:00,33.87,33.87,33.1,33.16,42345607,0.0,0.0
2005-05-23 00:00:00+08:00,33.16,33.16,32.2,32.52,50534456,0.0,0.0
2005-05-24 00:00:00+08:00,32.58,32.84,32.58,32.71,32971516,0.0,0.0
2005-05-25 00:00:00+08:00,33.03,33.55,32.58,33.03,67208191,0.0,0.0
2005-05-26 00:00:00+08:00,33.03,33.42,32.65,33.42,53189741,0.0,0.0
2005-05-27 00:00:00+08:00,33.87,34.2,33.61,33.74,61769768,0.0,0.0
2005-05-30 00:00:00+08:00,33.74,33.74,33.29,33.29,41573642,0.0,0.0
2005-05-31 00:00:00+08:00,33.03,33.61,32.91,33.55,53633917,0.0,0.0
2005-06-01 00:00:00+08:00,33.36,33.49,32.78,32.84,61162454,0.0,0.0
2005-06-02 00:00:00+08:00,32.91,33.1,32.65,32.71,59204752,0.0,0.0
2005-06-03 00:00:00+08:00,32.84,33.68,32.78,33.55,82306628,0.0,0.0
2005-06-06 00:00:00+08:00,33.55,33.68,33.16,33.23,39140426,0.0,0.0
2005-06-07 00:00:00+08:00,33.03,33.23,32.78,33.16,30753857,0.0,0.0
2005-06-08 00:00:00+08:00,33.16,33.74,33.16,33.68,42845662,0.0,0.0
2005-06-09 00:00:00+08:00,33.87,34.58,33.61,33.61,65559085,0.0,0.0
2005-06-10 00:00:00+08:00,33.81,34.2,33.42,34.2,53365600,0.0,0.0
2005-06-13 00:00:00+08:00,34.2,34.39,33.94,34.26,38036146,0.0,0.0
2005-06-14 00:00:00+08:00,34.32,34.39,33.87,33.87,44427435,0.0,0.0
2005-06-15 00:00:00+08:00,34.07,34.65,34.0,34.26,48926847,0.0,0.0
2005-06-16 00:00:00+08:00,34.45,35.55,34.2,35.55,67158789,0.0,0.0
2005-06-17 00:00:00+08:00,35.81,36.39,35.36,35.36,99715070,0.0,0.0
2005-06-20 00:00:00+08:00,35.49,36.0,35.36,35.94,45690795,0.0,0.0
2005-06-21 00:00:00+08:00,35.81,35.81,35.1,35.29,41972151,0.0,0.0
2005-06-22 00:00:00+08:00,35.29,35.81,35.16,35.68,42803522,0.0,0.0
2005-06-23 00:00:00+08:00,35.68,35.68,35.1,35.16,36114854,0.0,0.0
2005-06-24 00:00:00+08:00,34.78,34.84,34.2,34.32,47225409,0.0,0.0
2005-06-27 00:00:00+08:00,33.94,34.26,33.81,34.07,30702693,0.0,0.0
2005-06-28 00:00:00+08:00,34.13,34.58,34.13,34.2,29449864,0.0,0.0
2005-06-29 00:00:00+08:00,34.65,34.84,33.94,33.94,44673395584,0.0,0.0
2005-06-30 00:00:00+08:00,34.39,34.39,34.0,34.13,33067024,0.0,0.0
2005-07-01 00:00:00+08:00,34.39,35.42,34.0,35.16,45298931,0.0,0.0
2005-07-04 00:00:00+08:00,35.36,35.55,34.84,35.16,37745174,0.0,0.0
2005-07-05 00:00:00+08:00,35.16,35.29,34.71,34.71,25020690,0.0,0.0
2005-07-06 00:00:00+08:00,35.16,35.68,34.97,35.03,45952408,0.0,0.0
2005-07-07 00:00:00+08:00,34.84,34.84,34.07,34.32,53104875,0.0,0.0
2005-07-08 00:00:00+08:00,34.32,34.71,34.13,34.71,35812441344,0.0,0.0
2005-07-11 00:00:00+08:00,34.39,34.58,33.42,33.49,73591652,0.0,0.0
2005-07-12 00:00:00+08:00,33.94,34.39,33.87,34.2,49745634,0.0,0.0
2005-07-13 00:00:00+08:00,34.2,35.03,34.2,34.58,110474769,0.0,0.0
2005-07-14 00:00:00+08:00,35.9,36.55,35.62,36.34,99913340,1.2,0.0
2005-07-15 00:00:00+08:00,36.27,36.27,35.83,36.05,40716534,0.0,0.0
2005-07-18 00:00:00+08:00,36.05,36.05,36.05,36.05,0,0.0,0.0
2005-07-19 00:00:00+08:00,35.33,35.69,35.22,35.54,70235022,0.0,0.0
2005-07-20 00:00:00+08:00,35.65,36.01,35.47,35.47,50007618,0.0,0.0
2005-07-21 00:00:00+08:00,35.54,37.2,35.54,36.84,119287363,0.0,0.0
2005-07-22 00:00:00+08:00,36.84,37.35,36.48,36.48,62052490,0.0,0.0
2005-07-25 00:00:00+08:00,36.48,36.91,36.34,36.63,46834393,0.0,0.0
2005-07-26 00:00:00+08:00,36.48,36.7,36.27,36.34,36049213,0.0,0.0
2005-07-27 00:00:00+08:00,36.34,36.99,36.34,36.7,40583893,0.0,0.0
2005-07-28 00:00:00+08:00,37.06,37.13,36.05,36.63,50155837,0.0,0.0
2005-07-29 00:00:00+08:00,37.13,37.2,35.8,35.87,55704499,0.0,0.0
2005-08-01 00:00:00+08:00,35.83,36.01,35.26,35.69,52472733,0.0,0.0
2005-08-02 00:00:00+08:00,35.83,36.41,35.76,36.41,32870179,0.0,0.0
2005-08-03 00:00:00+08:00,37.13,38.21,36.84,37.92,101013746706,0.0,0.0
2005-08-04 00:00:00+08:00,38.5,38.86,38.14,38.28,90300092,0.0,0.0
2005-08-05 00:00:00+08:00,38.28,38.28,38.28,38.28,0,0.0,0.0
2005-08-08 00:00:00+08:00,37.85,38.14,37.49,37.71,37574435,0.0,0.0
2005-08-09 00:00:00+08:00,37.71,38.57,37.49,38.28,44928081,0.0,0.0
2005-08-10 00:00:00+08:00,38.28,38.64,37.71,37.71,37136154,0.0,0.0
2005-08-11 00:00:00+08:00,37.92,38.43,37.71,37.85,28447734,0.0,0.0
2005-08-12 00:00:00+08:00,38.07,38.14,37.49,37.49,27826650,0.0,0.0
2005-08-15 00:00:00+08:00,37.13,37.49,36.48,36.91,40988794,0.0,0.0
2005-08-16 00:00:00+08:00,37.06,37.2,36.12,36.63,31674281,0.0,0.0
2005-08-17 00:00:00+08:00,36.34,36.91,36.34,36.55,21117609,0.0,0.0
2005-08-18 00:00:00+08:00,36.84,37.71,36.63,36.63,40839520,0.0,0.0
2005-08-19 00:00:00+08:00,36.63,36.91,36.41,36.48,34425989,0.0,0.0
2005-08-22 00:00:00+08:00,36.77,37.35,36.7,37.35,34848986,0.0,0.0
2005-08-23 00:00:00+08:00,37.35,37.49,36.77,36.77,30186239,0.0,0.0
2005-08-24 00:00:00+08:00,36.7,37.35,36.34,36.91,34501363,0.0,0.0
2005-08-25 00:00:00+08:00,36.77,38.28,36.55,37.35,89713013,0.0,0.0
2005-08-26 00:00:00+08:00,37.49,37.78,36.91,36.91,48508457,0.0,0.0
2005-08-29 00:00:00+08:00,36.63,37.06,36.41,36.7,46610493,0.0,0.0
2005-08-30 00:00:00+08:00,38.92,39.07,37.02,37.4,62584746,0.0,1.05
2005-08-31 00:00:00+08:00,37.4,37.78,36.49,36.72,46542313,0.0,0.0
2005-09-01 00:00:00+08:00,36.72,36.72,36.72,36.72,0,0.0,0.0
2005-09-02 00:00:00+08:00,37.02,37.78,37.02,37.78,29546732,0.0,0.0
2005-09-05 00:00:00+08:00,37.63,37.82,37.33,37.59,22255610,0.0,0.0
2005-09-06 00:00:00+08:00,38.77,39.15,38.16,38.16,56381263,0.0,0.0
2005-09-07 00:00:00+08:00,38.62,38.62,37.82,37.93,40981757,0.0,0.0
2005-09-08 00:00:00+08:00,37.93,38.09,37.02,37.25,44382758,0.0,0.0
2005-09-09 00:00:00+08:00,37.4,37.4,36.3,36.57,41081377,0.0,0.0
2005-09-12 00:00:00+08:00,36.87,37.17,36.72,36.91,27348096,0.0,0.0
2005-09-13 00:00:00+08:00,36.87,36.87,36.41,36.68,25970681,0.0,0.0
2005-09-14 00:00:00+08:00,36.49,37.02,36.34,36.34,28600050,0.0,0.0
2005-09-15 00:00:00+08:00,36.03,36.03,33.83,33.83,106652251,0.0,0.0
2005-09-16 00:00:00+08:00,32.92,33.45,32.23,32.88,104761080,0.0,0.0
2005-09-19 00:00:00+08:00,33.07,33.53,32.99,33.07,38262854,0.0,0.0
2005-09-20 00:00:00+08:00,33.14,34.29,33.14,34.06,50831592,0.0,0.0
2005-09-21 00:00:00+08:00,34.06,34.06,33.07,33.07,36648305,0.0,0.0
2005-09-22 00:00:00+08:00,32.31,32.92,30.9,31.4,85150154,0.0,0.0
2005-09-23 00:00:00+08:00,31.17,31.55,30.33,30.79,74594270,0.0,0.0
2005-09-26 00:00:00+08:00,31.4,31.62,31.17,31.4,38664230,0.0,0.0
2005-09-27 00:00:00+08:00,31.4,32.54,31.02,31.78,55659886,0.0,0.0
2005-09-28 00:00:00+08:00,31.93,32.0,31.51,31.59,34537433,0.0,0.0
2005-09-29 00:00:00+08:00,33.18,34.34,33.14,34.26,53079696,0.0,0.0
2005-09-30 00:00:00+08:00,34.58,35.14,34.26,34.34,61533365,0.0,0.0
2005-10-03 00:00:00+08:00,34.14,34.18,33.34,33.46,40384196,0.0,0.0
2005-10-04 00:00:00+08:00,33.14,33.3,32.58,33.1,43626239,0.0,0.0
2005-10-05 00:00:00+08:00,33.1,34.18,33.1,34.02,55072003,0.0,0.0
2005-10-06 00:00:00+08:00,33.42,33.74,33.38,33.42,36872211,0.0,0.0
2005-10-07 00:00:00+08:00,33.54,34.1,33.46,33.46,32708545,0.0,0.0
2005-10-10 00:00:00+08:00,31.85,31.85,31.85,31.85,0,0.0,0.0
2005-10-11 00:00:00+08:00,33.78,34.26,33.62,33.78,24256694,0.0,0.0
2005-10-12 00:00:00+08:00,31.46,32.18,31.42,31.42,82877038,0.0,0.0
2005-10-13 00:00:00+08:00,30.91,31.11,30.51,30.63,59736472,0.0,0.0
2005-10-14 00:00:00+08:00,31.07,31.15,30.51,30.51,32805797,0.0,0.0
2005-10-17 00:00:00+08:00,30.79,30.91,29.47,29.63,44175214,0.0,0.0
2005-10-18 00:00:00+08:00,29.79,30.03,29.47,29.55,29130210,0.0,0.0
2005-10-19 00:00:00+08:00,29.15,29.15,27.79,28.79,93906527,0.0,0.0
2005-10-20 00:00:00+08:00,29.87,30.71,29.59,30.59,78385260,0.0,0.0
2005-10-21 00:00:00+08:00,30.11,31.38,30.07,30.91,72178389,0.0,0.0
2005-10-24 00:00:00+08:00,31.23,31.58,31.07,31.27,44366991,0.0,0.0
2005-10-25 00:00:00+08:00,32.3,32.3,31.15,31.15,65762472,0.0,0.0
2005-10-26 00:00:00+08:00,31.54,31.94,31.31,31.31,78526139,0.0,0.0
2005-10-27 00:00:00+08:00,31.23,31.74,30.87,31.19,42618270,0.0,0.0
2005-10-28 00:00:00+08:00,31.15,31.9,31.11,31.74,45587642,0.0,0.0
2005-10-31 00:00:00+08:00,32.42,33.9,32.38,33.86,83315128,0.0,0.0
2005-11-01 00:00:00+08:00,34.34,34.34,33.62,33.9,62720387,0.0,0.0
2005-11-02 00:00:00+08:00,34.26,34.3,33.42,33.98,42089291,0.0,0.0
2005-11-03 00:00:00+08:00,34.38,34.74,34.06,34.22,57739621,0.0,0.0
2005-11-04 00:00:00+08:00,35.54,35.86,35.26,35.42,88470402,0.0,0.0
2005-11-07 00:00:00+08:00,35.38,35.38,34.42,34.62,41394892,0.0,0.0
2005-11-08 00:00:00+08:00,34.9,35.1,34.66,34.94,32908503,0.0,0.0
2005-11-09 00:00:00+08:00,35.06,36.74,35.06,36.58,80033094,0.0,0.0
2005-11-10 00:00:00+08:00,36.66,36.66,36.22,36.34,51102841,0.0,0.0
2005-11-11 00:00:00+08:00,36.74,36.9,36.1,36.54,46368387,0.0,0.0
2005-11-14 00:00:00+08:00,36.22,36.74,36.02,36.74,31697849,0.0,0.0
2005-11-15 00:00:00+08:00,36.58,36.58,35.9,35.94,33076649,0.0,0.0
2005-11-16 00:00:00+08:00,35.86,36.58,35.82,35.94,34311842,0.0,0.0
2005-11-17 00:00:00+08:00,36.18,36.34,35.7,35.94,32040504,0.0,0.0
2005-11-18 00:00:00+08:00,36.42,36.98,35.86,36.42,72418338,0.0,0.0
2005-11-21 00:00:00+08:00,36.58,37.13,36.58,36.78,39027210,0.0,0.0
2005-11-22 00:00:00+08:00,36.66,36.74,35.98,35.98,27542363,0.0,0.0
2005-11-23 00:00:00+08:00,36.02,36.3,35.14,35.74,40186056,0.0,0.0
2005-11-24 00:00:00+08:00,35.62,35.98,35.3,35.3,31807826,0.0,0.0
2005-11-25 00:00:00+08:00,35.54,36.78,35.54,36.66,50085783,0.0,0.0
2005-11-28 00:00:00+08:00,37.53,38.61,37.53,38.57,72714639,0.0,0.0
2005-11-29 00:00:00+08:00,38.57,38.89,37.69,37.69,40280582,0.0,0.0
2005-11-30 00:00:00+08:00,38.17,38.69,37.97,38.33,43745304,0.0,0.0
2005-12-01 00:00:00+08:00,38.17,38.29,37.57,38.01,35629746,0.0,0.0
2005-12-02 00:00:00+08:00,38.97,39.05,38.21,38.49,55298318,0.0,0.0
2005-12-05 00:00:00+08:00,39.05,39.13,37.97,39.13,51621822,0.0,0.0
2005-12-06 00:00:00+08:00,36.42,37.69,36.42,36.42,94826332,0.0,0.0
2005-12-07 00:00:00+08:00,35.94,36.34,35.26,36.02,78870612,0.0,0.0
2005-12-08 00:00:00+08:00,36.02,36.42,35.94,36.02,38425519,0.0,0.0
2005-12-09 00:00:00+08:00,36.18,36.22,35.82,35.98,35438877,0.0,0.0
2005-12-12 00:00:00+08:00,35.9,35.9,34.74,35.54,44355175,0.0,0.0
2005-12-13 00:00:00+08:00,35.54,36.38,35.54,36.38,29671005,0.0,0.0
2005-12-14 00:00:00+08:00,36.58,37.06,36.42,36.62,35830613,0.0,0.0
2005-12-15 00:00:00+08:00,36.38,36.9,36.18,36.86,29985484,0.0,0.0
2005-12-16 00:00:00+08:00,37.37,38.25,37.13,37.61,74443365,0.0,0.0
2005-12-19 00:00:00+08:00,37.65,38.33,37.65,37.69,38908144,0.0,0.0
2005-12-20 00:00:00+08:00,36.86,37.41,36.86,36.98,35857880,0.0,0.0
2005-12-21 00:00:00+08:00,36.7,36.9,36.38,36.38,33299329,0.0,0.0
2005-12-22 00:00:00+08:00,34.97,35.12,34.21,34.25,34593492574,0.0,0.0
2005-12-23 00:00:00+08:00,36.1,36.74,36.1,36.62,26939763,0.0,0.0
2005-12-26 00:00:00+08:00,35.43,36.11,35.2,35.69,44100473438,0.0,0.0
2005-12-27 00:00:00+08:00,37.61,39.65,37.53,38.33,86834384,0.0,0.0
2005-12-28 00:00:00+08:00,38.17,38.61,37.73,38.09,35182568,0.0,0.0
2005-12-29 00:00:00+08:00,38.17,39.53,38.17,38.65,86753492,0.0,0.0
2005-12-30 00:00:00+08:00,39.05,39.89,39.05,39.13,67632077,0.0,0.0
2006-01-02 00:00:00+08:00,39.05,40.57,38.57,39.45,90850808,0.0,0.0
2006-01-03 00:00:00+08:00,39.45,40.25,38.93,39.93,63549303,0.0,0.0
2006-01-04 00:00:00+08:00,40.41,40.89,37.57,38.33,89232059,0.0,0.0
2006-01-05 00:00:00+08:00,38.33,38.73,37.53,38.05,76129373,0.0,0.0
2006-01-06 00:00:00+08:00,38.05,38.65,37.29,38.05,61940552,0.0,0.0
2006-01-09 00:00:00+08:00,38.81,39.21,38.45,39.13,57150654,0.0,0.0
2006-01-10 00:00:00+08:00,39.13,39.29,38.21,38.33,49972171,0.0,0.0
2006-01-11 00:00:00+08:00,38.57,39.85,38.33,39.81,58602166,0.0,0.0
2006-01-12 00:00:00+08:00,39.93,40.17,38.41,38.41,62181410,0.0,0.0
2006-01-13 00:00:00+08:00,38.49,38.81,37.93,37.93,65940616,0.0,0.0
2006-01-16 00:00:00+08:00,38.09,39.45,37.61,39.45,42817319,0.0,0.0
2006-01-17 00:00:00+08:00,39.57,40.25,38.73,38.73,47539957,0.0,0.0
2006-01-18 00:00:00+08:00,37.93,38.65,37.53,37.77,80592975,0.0,0.0
2006-01-19 00:00:00+08:00,37.93,39.05,37.89,38.37,57722352,0.0,0.0
2006-01-20 00:00:00+08:00,38.97,38.97,37.77,37.77,47173671,0.0,0.0
2006-01-23 00:00:00+08:00,37.25,37.57,36.18,36.38,58119541,0.0,0.0
2006-01-24 00:00:00+08:00,36.54,37.21,36.54,36.94,27320592,0.0,0.0
2006-01-25 00:00:00+08:00,37.06,37.45,36.98,37.09,28423086,0.0,0.0
2006-02-03 00:00:00+08:00,37.77,38.97,37.77,38.97,52838838,0.0,0.0
2006-02-06 00:00:00+08:00,38.81,39.69,38.37,39.69,42051117,0.0,0.0
2006-02-07 00:00:00+08:00,39.53,40.25,38.97,39.13,41742091,0.0,0.0
2006-02-08 00:00:00+08:00,39.21,39.69,38.65,38.73,50148497,0.0,0.0
2006-02-09 00:00:00+08:00,41.37,41.37,41.37,41.37,94101031,0.0,0.0
2006-02-10 00:00:00+08:00,42.49,42.65,41.45,41.53,153181278,0.0,0.0
2006-02-13 00:00:00+08:00,41.69,42.17,41.37,41.93,40054266,0.0,0.0
2006-02-14 00:00:00+08:00,41.53,42.49,41.37,42.49,53546870,0.0,0.0
2006-02-15 00:00:00+08:00,42.73,43.28,42.41,42.49,66111489,0.0,0.0
2006-02-16 00:00:00+08:00,42.96,44.08,42.8,43.6,74875092,0.0,0.0
2006-02-17 00:00:00+08:00,44.16,44.24,43.44,43.92,55409204,0.0,0.0
2006-02-20 00:00:00+08:00,43.44,44.08,42.73,44.08,51029220,0.0,0.0
2006-02-21 00:00:00+08:00,44.08,44.24,43.6,43.68,43236321,0.0,0.0
2006-02-22 00:00:00+08:00,43.6,43.68,40.97,42.25,85629184,0.0,0.0
2006-02-23 00:00:00+08:00,42.25,42.49,41.37,41.69,60349979,0.0,0.0
2006-02-24 00:00:00+08:00,41.69,42.49,41.45,42.41,48817869,0.0,0.0
2006-02-27 00:00:00+08:00,42.17,43.36,41.85,42.41,54605737,0.0,0.0
2006-03-01 00:00:00+08:00,41.53,43.36,41.53,43.36,62766741,0.0,0.0
2006-03-02 00:00:00+08:00,43.76,43.84,42.8,42.8,40207870,0.0,0.0
2006-03-03 00:00:00+08:00,42.73,42.96,40.41,40.89,120152801,0.0,0.0
2006-03-06 00:00:00+08:00,40.25,41.13,39.53,41.13,73161818,0.0,0.0
2006-03-07 00:00:00+08:00,40.49,40.73,40.17,40.25,48321610,0.0,0.0
2006-03-08 00:00:00+08:00,39.81,40.41,39.13,39.13,79965835,0.0,0.0
2006-03-09 00:00:00+08:00,39.53,39.89,39.21,39.77,35740632,0.0,0.0
2006-03-10 00:00:00+08:00,39.89,40.33,39.57,39.57,40295124,0.0,0.0
2006-03-13 00:00:00+08:00,39.69,40.01,39.61,39.69,22591591,0.0,0.0
2006-03-14 00:00:00+08:00,39.53,39.53,38.65,38.65,44582400,0.0,0.0
2006-03-15 00:00:00+08:00,38.65,39.13,38.25,38.89,57568748,0.0,0.0
2006-03-16 00:00:00+08:00,38.97,39.45,38.49,38.49,42973649,0.0,0.0
2006-03-17 00:00:00+08:00,37.85,38.33,37.13,37.97,65225312,0.0,0.0
2006-03-20 00:00:00+08:00,37.97,38.49,37.45,37.45,54311254,0.0,0.0
2006-03-21 00:00:00+08:00,37.69,38.41,37.53,37.89,44167942,0.0,0.0
2006-03-22 00:00:00+08:00,37.65,38.25,37.49,37.53,33470202,0.0,0.0
2006-03-23 00:00:00+08:00,38.21,38.53,37.61,37.77,43080899,0.0,0.0
2006-03-24 00:00:00+08:00,38.09,38.57,37.85,38.41,29412877,0.0,0.0
2006-03-27 00:00:00+08:00,38.81,38.89,37.81,38.01,24789309,0.0,0.0
2006-03-28 00:00:00+08:00,38.01,38.37,37.85,38.09,20348428,0.0,0.0
2006-03-29 00:00:00+08:00,38.01,38.45,37.97,38.29,23364155,0.0,0.0
2006-03-30 00:00:00+08:00,38.73,38.97,38.33,38.49,34651771,0.0,0.0
2006-03-31 00:00:00+08:00,38.41,39.21,38.37,38.97,32098674,0.0,0.0
2006-04-03 00:00:00+08:00,39.13,39.85,38.77,39.77,35936954,0.0,0.0
2006-04-04 00:00:00+08:00,40.33,40.57,40.09,40.49,55255600,0.0,0.0
2006-04-06 00:00:00+08:00,40.49,40.81,39.77,39.93,40353294,0.0,0.0
2006-04-07 00:00:00+08:00,38.97,39.53,38.81,38.81,53577773,0.0,0.0
2006-04-10 00:00:00+08:00,38.81,40.57,38.81,39.85,54895676,0.0,0.0
2006-04-11 00:00:00+08:00,39.77,39.77,38.53,38.73,43034545,0.0,0.0
2006-04-12 00:00:00+08:00,37.53,38.57,37.53,38.25,37088529,0.0,0.0
2006-04-13 00:00:00+08:00,38.73,39.37,38.49,39.09,34810828,0.0,0.0
2006-04-14 00:00:00+08:00,39.25,39.61,38.73,39.61,25843631,0.0,0.0
2006-04-17 00:00:00+08:00,39.93,40.65,39.85,40.25,52102630,0.0,0.0
2006-04-18 00:00:00+08:00,40.33,40.49,39.89,40.25,31740567,0.0,0.0
2006-04-19 00:00:00+08:00,40.65,41.69,40.65,41.05,65578874,0.0,0.0
2006-04-20 00:00:00+08:00,41.37,43.68,40.49,43.28,102497439,0.0,0.0
2006-04-21 00:00:00+08:00,44.32,45.04,43.28,43.28,152964051,0.0,0.0
2006-04-24 00:00:00+08:00,43.28,43.68,42.8,43.04,52441649,0.0,0.0
2006-04-25 00:00:00+08:00,43.04,43.28,41.37,41.45,61348859,0.0,0.0
2006-04-26 00:00:00+08:00,41.53,42.25,41.45,42.17,30533550,0.0,0.0
2006-04-27 00:00:00+08:00,42.49,42.49,41.13,41.13,34919896,0.0,0.0
2006-04-28 00:00:00+08:00,41.93,42.49,41.53,41.77,39487113,0.0,0.0
2006-05-02 00:00:00+08:00,42.17,42.65,41.13,41.93,50319370,0.0,0.0
2006-05-03 00:00:00+08:00,42.57,43.52,42.41,43.12,62143236,0.0,0.0
2006-05-04 00:00:00+08:00,43.28,43.36,42.49,42.49,49613156,0.0,0.0
2006-05-05 00:00:00+08:00,42.88,43.68,42.73,43.44,60540847,0.0,0.0
2006-05-08 00:00:00+08:00,43.92,44.4,43.6,43.84,58443109,0.0,0.0
2006-05-09 00:00:00+08:00,43.76,43.76,42.49,42.57,40111526,0.0,0.0
2006-05-10 00:00:00+08:00,42.73,44.24,42.09,44.0,73349051,0.0,0.0
2006-05-11 00:00:00+08:00,43.84,44.72,43.52,44.0,64273695,0.0,0.0
2006-05-12 00:00:00+08:00,42.96,43.6,42.96,42.96,38928140,0.0,0.0
2006-05-15 00:00:00+08:00,42.33,43.44,42.25,43.12,49380478,0.0,0.0
2006-05-16 00:00:00+08:00,42.8,43.28,42.09,42.17,48502481,0.0,0.0
2006-05-17 00:00:00+08:00,41.93,42.01,41.13,41.61,58838480,0.0,0.0
2006-05-18 00:00:00+08:00,38.39,39.15,38.39,38.62,60465805565,0.0,0.0
2006-05-19 00:00:00+08:00,38.39,39.15,38.39,38.39,58916161998,0.0,0.0
2006-05-22 00:00:00+08:00,40.89,41.29,39.13,39.13,60022775,0.0,0.0
2006-05-23 00:00:00+08:00,38.65,39.45,38.57,38.81,43443550,0.0,0.0
2006-05-24 00:00:00+08:00,38.97,39.37,38.33,38.97,44310639,0.0,0.0
2006-05-25 00:00:00+08:00,38.89,38.89,37.93,37.93,59260209,0.0,0.0
2006-05-26 00:00:00+08:00,38.73,38.81,37.13,37.13,67409397,0.0,0.0
2006-05-29 00:00:00+08:00,35.96,36.34,35.58,36.15,21830631,0.0,0.0
2006-05-30 00:00:00+08:00,37.77,38.17,37.37,37.97,20781064,0.0,0.0
2006-06-01 00:00:00+08:00,37.13,37.45,36.5,36.9,39837039,0.0,0.0
2006-06-02 00:00:00+08:00,36.9,37.53,36.62,37.41,59756468,0.0,0.0
2006-06-05 00:00:00+08:00,37.57,37.81,35.7,35.94,63531125,0.0,0.0
2006-06-06 00:00:00+08:00,35.94,36.3,35.38,35.94,52882465,0.0,0.0
2006-06-07 00:00:00+08:00,35.26,35.3,33.42,33.42,105174146,0.0,0.0
2006-06-08 00:00:00+08:00,32.86,33.58,31.94,31.94,102435634,0.0,0.0
2006-06-09 00:00:00+08:00,32.94,34.1,32.5,33.98,68121973,0.0,0.0
2006-06-12 00:00:00+08:00,33.86,33.86,33.18,33.74,31509707,0.0,0.0
2006-06-13 00:00:00+08:00,32.38,33.06,32.38,32.38,47328184,0.0,0.0
2006-06-14 00:00:00+08:00,32.38,33.14,32.38,33.14,38159212,0.0,0.0
2006-06-15 00:00:00+08:00,33.54,34.02,32.82,32.82,40718671,0.0,0.0
2006-06-16 00:00:00+08:00,34.58,35.1,34.26,34.58,63682911,0.0,0.0
2006-06-19 00:00:00+08:00,34.58,34.74,34.02,34.74,27238791,0.0,0.0
2006-06-20 00:00:00+08:00,34.34,34.34,33.22,33.66,41684830,0.0,0.0
2006-06-21 00:00:00+08:00,34.02,34.9,33.7,34.38,42739153,0.0,0.0
2006-06-22 00:00:00+08:00,35.54,35.86,35.06,35.7,49840380,0.0,0.0
2006-06-23 00:00:00+08:00,35.3,35.38,34.74,34.98,27739594,0.0,0.0
2006-06-26 00:00:00+08:00,35.54,35.82,35.26,35.62,26327166,0.0,0.0
2006-06-27 00:00:00+08:00,35.7,36.58,35.66,35.94,37172147,0.0,0.0
2006-06-28 00:00:00+08:00,35.14,35.46,34.82,35.38,28680305,0.0,0.0
2006-06-29 00:00:00+08:00,35.62,36.34,35.62,36.22,27245153,0.0,0.0
2006-06-30 00:00:00+08:00,37.25,37.41,36.46,36.5,46162975,0.0,0.0
2006-07-03 00:00:00+08:00,36.54,36.54,36.18,36.3,16998227,0.0,0.0
2006-07-04 00:00:00+08:00,36.34,36.82,35.38,35.7,24196706,0.0,0.0
2006-07-05 00:00:00+08:00,35.3,35.62,34.86,35.42,23578655,0.0,0.0
2006-07-06 00:00:00+08:00,35.3,35.82,35.06,35.54,25208311,0.0,0.0
2006-07-07 00:00:00+08:00,35.54,36.46,35.22,35.94,20907401,0.0,0.0
2006-07-10 00:00:00+08:00,35.5,35.7,34.94,35.26,40624145,0.0,0.0
2006-07-11 00:00:00+08:00,35.14,35.78,35.14,35.38,25862718,0.0,0.0
2006-07-12 00:00:00+08:00,35.94,37.37,35.94,36.66,60497220,0.0,0.0
2006-07-13 00:00:00+08:00,36.58,37.09,36.42,36.66,37348474,0.0,0.0
2006-07-14 00:00:00+08:00,35.62,36.1,35.62,35.82,31593326,0.0,0.0
2006-07-17 00:00:00+08:00,36.42,36.5,35.54,35.66,39887937,0.0,0.0
2006-07-18 00:00:00+08:00,36.02,36.54,35.98,36.18,30798948,0.0,0.0
2006-07-19 00:00:00+08:00,36.74,37.49,36.42,37.13,50253929,0.0,0.0
2006-07-20 00:00:00+08:00,38.33,39.29,38.09,39.09,81634573,0.0,0.0
2006-07-21 00:00:00+08:00,38.89,39.09,38.05,38.09,53898614,0.0,0.0
2006-07-24 00:00:00+08:00,37.69,38.73,37.53,38.73,40810470,0.0,0.0
2006-07-25 00:00:00+08:00,39.53,39.53,38.17,38.17,42205630,0.0,0.0
2006-07-26 00:00:00+08:00,36.87,37.06,35.81,36.87,60318767534,0.0,0.0
2006-07-27 00:00:00+08:00,36.87,36.91,36.53,36.79,30163202960,0.0,0.0
2006-07-28 00:00:00+08:00,38.25,38.73,38.05,38.49,19705837,0.0,0.0
2006-07-31 00:00:00+08:00,38.49,38.65,37.53,37.65,33139363,0.0,0.0
2006-08-01 00:00:00+08:00,38.13,38.3,37.89,38.09,26800164,0.29,1.03
2006-08-02 00:00:00+08:00,38.09,38.75,38.05,38.75,24977071,0.0,0.0
2006-08-03 00:00:00+08:00,39.29,39.79,38.88,39.46,50819803,0.0,0.0
2006-08-04 00:00:00+08:00,40.12,40.12,38.96,39.42,37900202,0.0,0.0
2006-08-07 00:00:00+08:00,39.95,40.08,39.42,39.95,36208591,0.0,0.0
2006-08-08 00:00:00+08:00,40.12,40.37,40.04,40.33,29276251,0.0,0.0
2006-08-09 00:00:00+08:00,40.2,40.7,39.79,40.7,32018832,0.0,0.0
2006-08-10 00:00:00+08:00,40.45,41.69,40.45,41.15,67505599,0.0,0.0
2006-08-11 00:00:00+08:00,41.36,41.86,40.99,40.99,37187202,0.0,0.0
2006-08-14 00:00:00+08:00,41.36,41.53,40.91,41.19,26798399,0.0,0.0
2006-08-15 00:00:00+08:00,41.69,41.86,41.44,41.77,34640520,0.0,0.0
2006-08-16 00:00:00+08:00,42.19,42.19,41.61,41.86,35627955,0.0,0.0
2006-08-17 00:00:00+08:00,42.02,42.02,41.03,41.11,37197791,0.0,0.0
2006-08-18 00:00:00+08:00,41.28,41.44,40.95,41.15,20543762,0.0,0.0
2006-08-21 00:00:00+08:00,40.95,41.03,39.04,39.54,34414,0.0,0.0
2006-08-22 00:00:00+08:00,39.95,40.53,39.66,40.53,25590,0.0,0.0
2006-08-23 00:00:00+08:00,39.71,40.41,39.37,39.79,23254575,0.0,0.0
2006-08-24 00:00:00+08:00,39.54,40.08,39.42,39.42,20903792,0.0,0.0
2006-08-25 00:00:00+08:00,39.54,39.75,38.88,38.88,20285211,0.0,0.0
2006-08-28 00:00:00+08:00,39.04,39.54,39.0,39.29,23718732,0.0,0.0
2006-08-29 00:00:00+08:00,39.71,40.12,39.54,39.95,19094819,0.0,0.0
2006-08-30 00:00:00+08:00,39.62,40.74,39.62,40.49,43189464,0.0,0.0
2006-08-31 00:00:00+08:00,40.95,40.95,40.28,40.28,29480974,0.0,0.0
2006-09-01 00:00:00+08:00,39.79,40.12,39.62,39.83,24631160,0.0,0.0
2006-09-04 00:00:00+08:00,40.62,40.95,40.37,40.7,29493328,0.0,0.0
2006-09-05 00:00:00+08:00,40.7,40.95,40.28,40.28,19051580,0.0,0.0
2006-09-06 00:00:00+08:00,40.53,40.82,40.16,40.45,21945055,0.0,0.0
2006-09-07 00:00:00+08:00,39.91,40.24,39.87,40.2,15138902,0.0,0.0
2006-09-08 00:00:00+08:00,39.87,40.78,39.87,40.41,23097504,0.0,0.0
2006-09-11 00:00:00+08:00,40.45,40.99,39.62,39.71,35479707,0.0,0.0
2006-09-12 00:00:00+08:00,39.71,39.95,39.04,39.21,35803557,0.0,0.0
2006-09-13 00:00:00+08:00,39.71,39.83,39.33,39.5,31104638,0.0,0.0
2006-09-14 00:00:00+08:00,39.5,39.58,38.88,39.29,44656056,0.0,0.0
2006-09-15 00:00:00+08:00,39.29,39.5,39.21,39.42,26978414,0.0,0.0
2006-09-18 00:00:00+08:00,39.87,40.33,39.75,40.33,61438919,0.0,0.0
2006-09-19 00:00:00+08:00,40.33,40.33,39.46,39.83,42358219,0.0,0.0
2006-09-20 00:00:00+08:00,39.62,39.75,39.09,39.09,39385325,0.0,0.0
2006-09-21 00:00:00+08:00,39.5,39.5,38.88,39.17,36003868,0.0,0.0
2006-09-22 00:00:00+08:00,39.17,39.29,38.67,39.13,29314196,0.0,0.0
2006-09-25 00:00:00+08:00,39.29,40.12,39.29,39.87,37714892,0.0,0.0
2006-09-26 00:00:00+08:00,39.87,40.04,39.46,39.66,21009683,0.0,0.0
2006-09-27 00:00:00+08:00,40.04,40.04,39.58,39.66,27453159,0.0,0.0
2006-09-28 00:00:00+08:00,39.75,39.75,38.84,39.25,36031223,0.0,0.0
2006-09-29 00:00:00+08:00,38.88,39.25,38.67,38.75,25698896,0.0,0.0
2006-10-02 00:00:00+08:00,38.75,39.0,37.93,38.38,47054491,0.0,0.0
2006-10-03 00:00:00+08:00,37.97,38.38,37.89,37.97,40938395,0.0,0.0
2006-10-04 00:00:00+08:00,37.64,38.13,37.31,37.35,53178528,0.0,0.0
2006-10-05 00:00:00+08:00,37.47,37.97,36.85,37.89,60786806,0.0,0.0
2006-10-09 00:00:00+08:00,37.15,37.15,37.15,37.15,0,0.0,0.0
2006-10-11 00:00:00+08:00,37.89,38.8,37.89,38.63,34432267,0.0,0.0
2006-10-12 00:00:00+08:00,38.96,39.25,38.88,38.92,30252215,0.0,0.0
2006-10-13 00:00:00+08:00,39.46,39.46,38.8,38.88,28393825,0.0,0.0
2006-10-16 00:00:00+08:00,39.04,39.58,39.0,39.37,23704613,0.0,0.0
2006-10-17 00:00:00+08:00,39.37,39.5,39.13,39.29,18633310,0.0,0.0
2006-10-18 00:00:00+08:00,39.13,39.25,38.71,38.71,21292060,0.0,0.0
2006-10-19 00:00:00+08:00,38.8,39.37,38.71,38.71,15480401,0.0,0.0
2006-10-20 00:00:00+08:00,39.29,39.29,38.8,39.04,13048435,0.0,0.0
2006-10-23 00:00:00+08:00,39.04,39.04,38.22,38.42,16322236,0.0,0.0
2006-10-24 00:00:00+08:00,38.38,38.84,38.09,38.09,26543378,0.0,0.0
2006-10-25 00:00:00+08:00,37.97,37.97,37.51,37.51,23108093,0.0,0.0
2006-10-26 00:00:00+08:00,36.21,36.7,36.17,36.21,71314630323,0.0,0.0
2006-10-27 00:00:00+08:00,36.98,38.05,36.98,37.22,29720112,0.0,0.0
2006-10-30 00:00:00+08:00,37.22,37.64,37.06,37.18,26313064,0.0,0.0
2006-10-31 00:00:00+08:00,37.18,37.39,37.06,37.06,21735038,0.0,0.0
2006-11-01 00:00:00+08:00,37.43,37.47,37.22,37.22,20373454,0.0,0.0
2006-11-02 00:00:00+08:00,37.1,37.22,36.65,36.85,41366372,0.0,0.0
2006-11-03 00:00:00+08:00,36.77,37.64,36.73,36.85,56827360,0.0,0.0
2006-11-06 00:00:00+08:00,36.23,36.77,36.23,36.44,36143291,0.0,0.0
2006-11-07 00:00:00+08:00,37.22,37.31,36.81,36.85,31266122,0.0,0.0
2006-11-08 00:00:00+08:00,36.85,36.93,36.4,36.4,32768011,0.0,0.0
2006-11-09 00:00:00+08:00,36.4,36.65,35.57,35.65,39560928,0.0,0.0
2006-11-10 00:00:00+08:00,35.65,36.31,35.65,35.65,33496895,0.0,0.0
2006-11-13 00:00:00+08:00,35.65,35.86,35.4,35.4,20852611,0.0,0.0
2006-11-14 00:00:00+08:00,35.57,36.56,35.57,36.31,28490892,0.0,0.0
2006-11-15 00:00:00+08:00,36.56,36.73,35.98,36.19,27174312,0.0,0.0
2006-11-16 00:00:00+08:00,36.23,36.6,35.98,36.07,17972373,0.0,0.0
2006-11-17 00:00:00+08:00,35.94,36.11,35.49,35.78,34390793,0.0,0.0
2006-11-20 00:00:00+08:00,35.65,35.74,35.57,35.57,24016992,0.0,0.0
2006-11-21 00:00:00+08:00,35.57,36.07,35.57,35.78,20589648,0.0,0.0
2006-11-22 00:00:00+08:00,35.94,36.11,35.78,35.82,18612131,0.0,0.0
2006-11-23 00:00:00+08:00,35.74,36.31,35.74,35.94,17887660,0.0,0.0
2006-11-24 00:00:00+08:00,35.98,36.6,35.86,36.36,28645317,0.0,0.0
2006-11-27 00:00:00+08:00,36.44,36.6,36.15,36.31,22342147,0.0,0.0
2006-11-28 00:00:00+08:00,35.74,35.9,35.69,35.74,33285996,0.0,0.0
2006-11-29 00:00:00+08:00,35.74,36.07,35.57,35.65,31380838,0.0,0.0
2006-11-30 00:00:00+08:00,35.9,36.27,35.9,35.98,23425766,0.0,0.0
2006-12-01 00:00:00+08:00,35.98,36.15,35.69,35.98,26177171,0.0,0.0
2006-12-04 00:00:00+08:00,35.86,35.94,35.65,35.65,20537585,0.0,0.0
2006-12-05 00:00:00+08:00,35.9,36.69,35.9,36.23,40325991,0.0,0.0
2006-12-06 00:00:00+08:00,36.52,37.22,36.52,37.06,47891031,0.0,0.0
2006-12-07 00:00:00+08:00,37.31,37.35,37.02,37.06,37342509,0.0,0.0
2006-12-08 00:00:00+08:00,36.23,36.52,36.02,36.15,34848772,0.0,0.0
2006-12-11 00:00:00+08:00,35.94,36.23,35.78,35.9,18922745,0.0,0.0
2006-12-12 00:00:00+08:00,35.9,35.9,34.87,35.24,42142907,0.0,0.0
2006-12-13 00:00:00+08:00,34.83,35.24,34.41,34.83,50058269,0.0,0.0
2006-12-14 00:00:00+08:00,34.99,35.28,34.95,35.07,25276214,0.0,0.0
2006-12-15 00:00:00+08:00,35.4,35.45,35.2,35.28,21998883,0.0,0.0
2006-12-18 00:00:00+08:00,35.49,36.23,35.28,35.86,28175866,0.0,0.0
2006-12-19 00:00:00+08:00,35.86,36.6,35.78,36.27,43888346,0.0,0.0
2006-12-20 00:00:00+08:00,36.6,37.27,36.56,36.98,54505697,0.0,0.0
2006-12-21 00:00:00+08:00,36.98,37.22,36.56,36.56,28757385,0.0,0.0
2006-12-22 00:00:00+08:00,36.56,36.89,36.52,36.56,15278326,0.0,0.0
2006-12-25 00:00:00+08:00,36.6,36.85,36.44,36.44,9873465,0.0,0.0
2006-12-26 00:00:00+08:00,36.44,37.02,36.44,36.56,12658402,0.0,0.0
2006-12-27 00:00:00+08:00,36.73,37.1,36.73,36.73,16837573,0.0,0.0
2006-12-28 00:00:00+08:00,37.22,37.39,36.89,37.06,17442917,0.0,0.0
2006-12-29 00:00:00+08:00,37.14,37.72,37.02,37.47,30143676,0.0,0.0
2007-01-02 00:00:00+08:00,37.72,37.72,36.81,36.85,24234951,0.0,0.0
2007-01-03 00:00:00+08:00,36.89,37.18,36.77,36.81,16793451,0.0,0.0
2007-01-04 00:00:00+08:00,37.06,38.09,37.06,37.8,39312084,0.0,0.0
2007-01-05 00:00:00+08:00,38.05,38.3,37.39,37.6,27550226,0.0,0.0
2007-01-08 00:00:00+08:00,37.47,37.47,37.06,37.06,19914592,0.0,0.0
2007-01-09 00:00:00+08:00,37.06,37.22,36.44,36.56,26476313,0.0,0.0
2007-01-10 00:00:00+08:00,36.23,36.23,35.74,35.98,27267849,0.0,0.0
2007-01-11 00:00:00+08:00,35.98,36.48,35.98,36.27,19474262,0.0,0.0
2007-01-12 00:00:00+08:00,36.65,37.31,36.6,37.18,25594769,0.0,0.0
2007-01-15 00:00:00+08:00,37.51,37.55,36.65,36.65,22038592,0.0,0.0
2007-01-16 00:00:00+08:00,36.77,37.35,36.77,36.98,16099864,0.0,0.0
2007-01-17 00:00:00+08:00,36.77,36.98,36.31,36.65,19467202,0.0,0.0
2007-01-18 00:00:00+08:00,36.65,36.81,36.56,36.69,10745303,0.0,0.0
2007-01-19 00:00:00+08:00,36.4,36.73,36.23,36.23,21477369,0.0,0.0
2007-01-22 00:00:00+08:00,36.4,36.48,35.82,36.4,17394383,0.0,0.0
2007-01-23 00:00:00+08:00,36.31,36.56,36.15,36.23,13984689,0.0,0.0
2007-01-24 00:00:00+08:00,36.4,36.69,36.31,36.4,20849964,0.0,0.0
2007-01-25 00:00:00+08:00,37.06,37.51,36.89,37.14,37676066,0.0,0.0
2007-01-26 00:00:00+08:00,36.81,36.98,36.48,36.48,17414679,0.0,0.0
2007-01-29 00:00:00+08:00,36.81,36.81,36.07,36.11,15454811,0.0,0.0
2007-01-30 00:00:00+08:00,36.11,36.23,35.82,35.82,15018010,0.0,0.0
2007-01-31 00:00:00+08:00,35.82,36.19,35.74,36.15,21073218,0.0,0.0
2007-02-01 00:00:00+08:00,36.56,37.39,36.56,37.14,31507025,0.0,0.0
2007-02-02 00:00:00+08:00,37.55,38.3,37.55,37.93,59616709,0.0,0.0
2007-02-05 00:00:00+08:00,38.05,38.42,37.93,37.97,37185437,0.0,0.0
2007-02-06 00:00:00+08:00,38.46,39.5,38.34,39.46,76833725,0.0,0.0
2007-02-07 00:00:00+08:00,39.71,39.79,38.96,39.13,60512372,0.0,0.0
2007-02-08 00:00:00+08:00,39.37,39.5,38.51,38.88,25868322,0.0,0.0
2007-02-09 00:00:00+08:00,39.29,39.87,39.21,39.79,57588894,0.0,0.0
2007-02-12 00:00:00+08:00,40.12,40.2,39.71,39.79,43027980,0.0,0.0
2007-02-13 00:00:00+08:00,39.87,39.91,38.8,38.92,29342433,0.0,0.0
2007-02-14 00:00:00+08:00,39.37,39.83,39.21,39.79,30719900,0.0,0.0
2007-02-26 00:00:00+08:00,40.7,40.78,40.12,40.2,43168286,0.0,0.0
2007-02-27 00:00:00+08:00,39.79,40.04,39.33,39.46,35380875,0.0,0.0
2007-03-01 00:00:00+08:00,37.75,38.08,37.31,37.8,50121567807,0.0,0.0
2007-03-02 00:00:00+08:00,38.3,38.67,38.26,38.26,22696882,0.0,0.0
2007-03-05 00:00:00+08:00,37.39,37.64,36.69,37.14,38135810,0.0,0.0
2007-03-06 00:00:00+08:00,37.72,37.89,37.31,37.68,20140494,0.0,0.0
2007-03-07 00:00:00+08:00,37.8,37.89,37.22,37.31,23680787,0.0,0.0
2007-03-08 00:00:00+08:00,37.89,38.75,37.89,38.71,45876452,0.0,0.0
2007-03-09 00:00:00+08:00,39.46,39.58,38.88,39.25,46089116,0.0,0.0
2007-03-12 00:00:00+08:00,39.46,39.79,39.17,39.21,37901084,0.0,0.0
2007-03-13 00:00:00+08:00,39.37,39.71,39.29,39.33,20176673,0.0,0.0
2007-03-14 00:00:00+08:00,38.05,38.38,38.05,38.05,27254613,0.0,0.0
2007-03-15 00:00:00+08:00,38.09,38.75,38.09,38.71,26185113,0.0,0.0
2007-03-16 00:00:00+08:00,38.71,38.71,38.13,38.51,20184615,0.0,0.0
2007-03-19 00:00:00+08:00,38.63,40.37,38.34,39.79,62836682,0.0,0.0
2007-03-20 00:00:00+08:00,40.53,40.57,39.83,40.0,55162222,0.0,0.0
2007-03-21 00:00:00+08:00,40.12,40.2,39.54,39.95,25385634,0.0,0.0
2007-03-22 00:00:00+08:00,40.08,40.33,39.71,39.71,26432192,0.0,0.0
2007-03-23 00:00:00+08:00,39.71,39.87,39.54,39.71,27983497,0.0,0.0
2007-03-26 00:00:00+08:00,39.87,40.04,39.62,40.04,23452239,0.0,0.0
2007-03-27 00:00:00+08:00,39.62,39.83,39.25,39.37,27951730,0.0,0.0
2007-03-28 00:00:00+08:00,38.71,38.8,38.09,38.26,40881920,0.0,0.0
2007-03-29 00:00:00+08:00,38.05,39.04,38.05,38.88,33276289,0.0,0.0
2007-03-30 00:00:00+08:00,38.88,39.13,38.59,39.13,12118358,0.0,0.0
2007-04-02 00:00:00+08:00,38.84,39.91,38.75,39.58,27472572,0.0,0.0
2007-04-03 00:00:00+08:00,39.62,40.78,39.62,40.53,42790607,0.0,0.0
2007-04-04 00:00:00+08:00,40.86,41.53,40.86,41.53,71911552,0.0,0.0
2007-04-09 00:00:00+08:00,41.69,42.35,41.32,42.19,56577633,0.0,0.0
2007-04-10 00:00:00+08:00,41.94,41.94,41.24,41.69,29281546,0.0,0.0
2007-04-11 00:00:00+08:00,41.61,43.35,41.61,43.18,61711589,0.0,0.0
2007-04-12 00:00:00+08:00,42.93,43.51,42.85,43.35,39760356,0.0,0.0
2007-04-13 00:00:00+08:00,43.35,43.43,42.85,43.18,38516135,0.0,0.0
2007-04-16 00:00:00+08:00,43.01,43.35,42.27,42.85,22126835,0.0,0.0
2007-04-17 00:00:00+08:00,43.1,43.43,42.35,42.77,25074138,0.0,0.0
2007-04-18 00:00:00+08:00,42.77,43.01,42.19,42.35,15650709,0.0,0.0
2007-04-19 00:00:00+08:00,42.35,42.77,41.77,42.02,36262419,0.0,0.0
2007-04-20 00:00:00+08:00,42.19,43.18,42.02,43.1,27897019,0.0,0.0
2007-04-23 00:00:00+08:00,43.68,44.09,43.59,43.68,46337078,0.0,0.0
2007-04-24 00:00:00+08:00,43.18,45.0,43.18,44.67,66062832,0.0,0.0
2007-04-25 00:00:00+08:00,44.67,45.08,44.26,44.67,55330765,0.0,0.0
2007-04-26 00:00:00+08:00,44.83,44.92,44.01,44.42,35553831,0.0,0.0
2007-04-27 00:00:00+08:00,44.5,44.83,44.01,44.01,29217129,0.0,0.0
2007-04-30 00:00:00+08:00,43.92,44.09,43.18,43.59,25762430,0.0,0.0
2007-05-02 00:00:00+08:00,43.76,44.17,43.59,44.17,24513797,0.0,0.0
2007-05-03 00:00:00+08:00,44.59,44.83,43.92,44.67,34631695,0.0,0.0
2007-05-04 00:00:00+08:00,44.83,45.0,44.5,44.67,20202263,0.0,0.0
2007-05-07 00:00:00+08:00,44.92,45.5,44.83,45.41,31514966,0.0,0.0
2007-05-08 00:00:00+08:00,45.5,45.5,45.17,45.33,14784167,0.0,0.0
2007-05-09 00:00:00+08:00,45.08,45.08,44.26,44.59,25176499,0.0,0.0
2007-05-10 00:00:00+08:00,44.59,44.75,43.59,43.84,41196946,0.0,0.0
2007-05-11 00:00:00+08:00,43.1,43.26,42.27,42.35,49530578,0.0,0.0
2007-05-14 00:00:00+08:00,42.6,42.93,42.35,42.77,20316979,0.0,0.0
2007-05-15 00:00:00+08:00,42.19,42.52,41.77,42.02,25927444,0.0,0.0
2007-05-16 00:00:00+08:00,42.1,42.68,41.86,42.44,21741215,0.0,0.0
2007-05-17 00:00:00+08:00,43.01,44.01,42.85,43.84,51538098,0.0,0.0
2007-05-18 00:00:00+08:00,43.84,43.84,43.35,43.59,22167426,0.0,0.0
2007-05-21 00:00:00+08:00,43.84,44.34,43.43,43.68,22628053,0.0,0.0
2007-05-22 00:00:00+08:00,43.68,44.01,43.26,43.43,16873752,0.0,0.0
2007-05-23 00:00:00+08:00,43.92,44.17,43.76,44.09,21076748,0.0,0.0
2007-05-24 00:00:00+08:00,43.84,43.92,43.18,43.26,11689498,0.0,0.0
2007-05-25 00:00:00+08:00,43.01,43.26,42.77,43.1,13337870,0.0,0.0
2007-05-28 00:00:00+08:00,43.18,43.51,42.93,43.1,5742829,0.0,0.0
2007-05-29 00:00:00+08:00,43.35,43.59,42.52,42.68,12624870,0.0,0.0
2007-05-30 00:00:00+08:00,42.68,42.93,42.1,42.27,19050697,0.0,0.0
2007-05-31 00:00:00+08:00,43.01,43.18,42.19,42.19,18585659,0.0,0.0
2007-06-01 00:00:00+08:00,42.68,43.76,42.68,43.68,17682937,0.0,0.0
2007-06-04 00:00:00+08:00,44.01,44.26,43.43,43.84,19306601,0.0,0.0
2007-06-05 00:00:00+08:00,43.84,44.17,43.43,44.17,22369502,0.0,0.0
2007-06-06 00:00:00+08:00,44.26,45.33,43.92,44.67,58390137,0.0,0.0
2007-06-07 00:00:00+08:00,44.34,45.0,44.17,44.75,18086206,0.0,0.0
2007-06-08 00:00:00+08:00,44.59,45.58,44.26,45.25,41846412,0.0,0.0
2007-06-11 00:00:00+08:00,45.58,45.58,45.0,45.25,27341091,0.0,0.0
2007-06-12 00:00:00+08:00,45.5,46.49,45.33,45.66,41261363,0.0,0.0
2007-06-13 00:00:00+08:00,46.32,46.49,45.74,45.74,29303606,0.0,0.0
2007-06-14 00:00:00+08:00,46.32,47.81,46.32,47.4,52590832,0.0,0.0
2007-06-15 00:00:00+08:00,47.48,47.81,46.82,47.4,28658553,0.0,0.0
2007-06-20 00:00:00+08:00,47.81,48.47,47.15,48.31,48911115,0.0,0.0
2007-06-21 00:00:00+08:00,48.39,49.14,47.81,48.89,55897283,0.0,0.0
2007-06-22 00:00:00+08:00,48.72,48.89,47.81,47.98,33650438,0.0,0.0
2007-06-25 00:00:00+08:00,47.15,47.73,46.49,46.49,27025182,0.0,0.0
2007-06-26 00:00:00+08:00,46.74,47.15,46.08,46.16,28360293,0.0,0.0
2007-06-27 00:00:00+08:00,46.74,47.07,46.32,46.9,19453084,0.0,0.0
2007-06-28 00:00:00+08:00,47.07,47.07,45.99,46.74,26523082,0.0,0.0
2007-06-29 00:00:00+08:00,46.74,46.82,46.08,46.32,18948336,0.0,0.0
2007-07-02 00:00:00+08:00,46.32,46.41,45.83,46.16,10732949,0.0,0.0
2007-07-03 00:00:00+08:00,46.65,47.23,46.65,47.07,21671503,0.0,0.0
2007-07-04 00:00:00+08:00,47.32,47.32,46.41,46.57,12205718,0.0,0.0
2007-07-05 00:00:00+08:00,46.41,47.07,46.16,46.9,23980812,0.0,0.0
2007-07-06 00:00:00+08:00,47.15,47.32,46.49,46.9,19739872,0.0,0.0
2007-07-09 00:00:00+08:00,47.32,47.9,47.32,47.9,28419416,0.0,0.0
2007-07-10 00:00:00+08:00,47.28,47.93,47.28,47.69,38182246939,0.0,0.0
2007-07-11 00:00:00+08:00,48.56,48.56,47.73,48.06,18641252,0.0,0.0
2007-07-12 00:00:00+08:00,48.8,48.8,47.15,47.15,25265625,0.0,0.0
2007-07-13 00:00:00+08:00,48.06,48.06,46.49,46.9,42892969,0.0,0.0
2007-07-16 00:00:00+08:00,46.65,46.65,45.91,46.08,35510592,0.0,0.0
2007-07-17 00:00:00+08:00,45.83,47.4,45.25,47.4,42534704,0.0,0.0
2007-07-18 00:00:00+08:00,46.99,47.15,46.08,46.32,23599604,0.0,0.0
2007-07-19 00:00:00+08:00,45.91,46.82,45.66,45.83,23632254,0.0,0.0
2007-07-20 00:00:00+08:00,46.08,47.07,45.5,46.57,45270225,0.0,0.0
2007-07-23 00:00:00+08:00,46.08,46.24,45.83,45.91,29553333,0.0,0.0
2007-07-24 00:00:00+08:00,46.16,46.16,44.83,45.0,50144747,0.0,0.0
2007-07-25 00:00:00+08:00,44.67,44.67,43.35,43.68,66236670,0.0,0.0
2007-07-26 00:00:00+08:00,43.84,45.33,43.84,44.67,62733438,0.0,0.0
2007-07-27 00:00:00+08:00,45.0,47.65,44.83,45.33,149560640,0.0,0.0
2007-07-30 00:00:00+08:00,45.66,47.07,45.5,45.99,70958532,0.0,0.0
2007-07-31 00:00:00+08:00,47.98,47.98,46.16,46.32,57092970,0.0,0.0
2007-08-01 00:00:00+08:00,45.74,46.08,43.43,43.51,61545693,0.0,0.0
2007-08-02 00:00:00+08:00,43.92,44.75,42.68,43.92,41409611,0.0,0.0
2007-08-03 00:00:00+08:00,45.41,45.74,44.5,45.41,33369826,0.0,0.0
2007-08-06 00:00:00+08:00,44.34,44.59,43.68,43.84,25099728,0.0,0.0
2007-08-07 00:00:00+08:00,44.5,44.67,43.01,43.1,18000610,0.0,0.0
2007-08-08 00:00:00+08:00,44.5,44.5,43.68,44.42,13532887,0.0,0.0
2007-08-09 00:00:00+08:00,45.08,45.91,44.83,45.58,38792335,0.0,0.0
2007-08-10 00:00:00+08:00,44.69,45.45,44.43,44.85,32165540,0.2,1.01
2007-08-13 00:00:00+08:00,44.85,45.28,43.92,44.01,25513017,0.0,0.0
2007-08-14 00:00:00+08:00,43.75,44.69,43.33,43.84,26803896,0.0,0.0
2007-08-15 00:00:00+08:00,43.16,43.16,41.47,41.47,54755912,0.0,0.0
2007-08-16 00:00:00+08:00,40.62,40.92,38.59,38.93,72448387,0.0,0.0
2007-08-17 00:00:00+08:00,39.1,39.18,37.07,38.85,47300484,0.0,0.0
2007-08-20 00:00:00+08:00,41.38,41.51,40.54,41.05,36352243,0.0,0.0
2007-08-21 00:00:00+08:00,40.62,40.96,39.27,39.78,58374178,0.0,0.0
2007-08-22 00:00:00+08:00,40.2,40.88,40.07,40.2,31940588,0.0,0.0
2007-08-23 00:00:00+08:00,41.47,42.99,41.13,41.77,54652953,0.0,0.0
2007-08-24 00:00:00+08:00,41.47,42.06,41.3,41.3,21003595,0.0,0.0
2007-08-27 00:00:00+08:00,42.32,42.32,41.6,41.94,20877276,0.0,0.0
2007-08-28 00:00:00+08:00,41.26,41.64,40.88,41.3,22247752,0.0,0.0
2007-08-29 00:00:00+08:00,39.95,40.28,38.93,39.1,56622148,0.0,0.0
2007-08-30 00:00:00+08:00,39.61,39.9,38.04,39.73,44073288,0.0,0.0
2007-08-31 00:00:00+08:00,39.78,40.45,39.31,40.45,26010507,0.0,0.0
2007-09-03 00:00:00+08:00,40.88,41.0,39.69,39.69,15301927,0.0,0.0
2007-09-04 00:00:00+08:00,40.12,40.37,39.44,39.78,16863613,0.0,0.0
2007-09-05 00:00:00+08:00,40.79,40.88,40.28,40.37,21521850,0.0,0.0
2007-09-06 00:00:00+08:00,40.62,41.72,40.37,41.3,34615786,0.0,0.0
2007-09-07 00:00:00+08:00,42.32,43.33,42.32,42.74,48746233,0.0,0.0
2007-09-10 00:00:00+08:00,42.15,42.23,41.6,41.6,29059472,0.0,0.0
2007-09-11 00:00:00+08:00,41.72,41.89,40.88,41.05,41843667,0.0,0.0
2007-09-12 00:00:00+08:00,42.23,42.99,42.23,42.82,41026918,0.0,0.0
2007-09-13 00:00:00+08:00,43.59,43.59,42.23,42.57,34222986,0.0,0.0
2007-09-14 00:00:00+08:00,42.74,43.16,42.15,42.57,36629972,0.0,0.0
2007-09-17 00:00:00+08:00,42.4,42.49,41.55,41.85,16596266,0.0,0.0
2007-09-18 00:00:00+08:00,41.85,41.85,41.85,41.85,0,0.0,0.0
2007-09-19 00:00:00+08:00,43.08,43.08,41.98,42.06,34086284,0.0,0.0
2007-09-20 00:00:00+08:00,43.08,44.43,42.74,43.67,46576311,0.0,0.0
2007-09-21 00:00:00+08:00,44.01,45.28,43.08,44.43,49520587,0.0,0.0
2007-09-26 00:00:00+08:00,45.02,46.89,45.02,46.63,66757966,0.0,0.0
2007-09-27 00:00:00+08:00,47.82,48.75,47.39,48.41,78638893,0.0,0.0
2007-09-28 00:00:00+08:00,48.66,48.75,47.39,47.65,62925996,0.0,0.0
2007-10-01 00:00:00+08:00,49.09,49.42,48.24,48.58,30159141,0.0,0.0
2007-10-02 00:00:00+08:00,49.42,49.76,47.9,47.9,60189368,0.0,0.0
2007-10-03 00:00:00+08:00,47.31,48.16,46.89,47.65,51275212,0.0,0.0
2007-10-04 00:00:00+08:00,47.39,48.49,47.14,47.14,45661795,0.0,0.0
2007-10-05 00:00:00+08:00,47.48,48.49,47.39,47.82,34319023,0.0,0.0
2007-10-08 00:00:00+08:00,51.12,51.12,50.69,51.12,57686344,0.0,0.0
2007-10-09 00:00:00+08:00,53.32,54.67,52.81,52.81,179679544,0.0,0.0
2007-10-11 00:00:00+08:00,54.16,54.16,52.56,52.89,60095926,0.0,0.0
2007-10-12 00:00:00+08:00,51.79,52.64,50.95,51.2,50005099,0.0,0.0
2007-10-15 00:00:00+08:00,52.22,54.76,51.71,54.67,104053278,0.0,0.0
2007-10-16 00:00:00+08:00,55.01,55.94,53.74,53.74,93148297,0.0,0.0
2007-10-17 00:00:00+08:00,53.49,55.01,53.06,54.42,50966336,0.0,0.0
2007-10-18 00:00:00+08:00,56.53,58.23,56.11,57.55,121763056,0.0,0.0
2007-10-19 00:00:00+08:00,57.8,59.5,57.21,58.73,97309044,0.0,0.0
2007-10-22 00:00:00+08:00,57.3,58.9,56.79,58.9,113740057,0.0,0.0
2007-10-23 00:00:00+08:00,56.28,57.97,56.28,56.87,135402069,0.0,0.0
2007-10-24 00:00:00+08:00,57.3,58.14,55.01,55.01,108516844,0.0,0.0
2007-10-25 00:00:00+08:00,55.18,56.36,55.18,55.52,88412192,0.0,0.0
2007-10-26 00:00:00+08:00,55.77,56.11,54.67,55.6,61998501,0.0,0.0
2007-10-29 00:00:00+08:00,56.53,58.48,56.11,58.4,95318218,0.0,0.0
2007-10-30 00:00:00+08:00,58.9,59.24,57.72,57.97,63073080,0.0,0.0
2007-10-31 00:00:00+08:00,58.31,59.24,58.14,58.4,61821135,0.0,0.0
2007-11-01 00:00:00+08:00,59.16,59.33,56.7,57.21,83644940,0.0,0.0
2007-11-02 00:00:00+08:00,55.86,57.46,55.86,56.28,65424693,0.0,0.0
2007-11-05 00:00:00+08:00,56.28,60.0,55.69,59.41,85877156,0.0,0.0
2007-11-06 00:00:00+08:00,60.09,60.09,59.07,59.24,74887386,0.0,0.0
2007-11-07 00:00:00+08:00,60.93,61.36,59.58,59.58,80133093,0.0,0.0
2007-11-08 00:00:00+08:00,57.97,58.73,56.7,56.87,84756722,0.0,0.0
2007-11-09 00:00:00+08:00,56.96,58.14,56.45,57.38,72959720,0.0,0.0
2007-11-12 00:00:00+08:00,55.86,56.11,53.4,53.4,66193856,0.0,0.0
2007-11-13 00:00:00+08:00,52.47,53.91,51.37,53.74,80632314,0.0,0.0
2007-11-14 00:00:00+08:00,55.43,56.03,54.33,54.33,48453795,0.0,0.0
2007-11-15 00:00:00+08:00,54.33,55.52,53.83,55.01,28608703,0.0,0.0
2007-11-16 00:00:00+08:00,53.74,54.16,52.3,52.98,50230051,0.0,0.0
2007-11-19 00:00:00+08:00,53.4,54.84,53.4,53.4,33548995,0.0,0.0
2007-11-20 00:00:00+08:00,52.47,56.03,51.88,56.03,57402559,0.0,0.0
2007-11-21 00:00:00+08:00,55.52,56.03,53.32,53.32,59083642,0.0,0.0
2007-11-22 00:00:00+08:00,52.98,54.76,52.98,53.83,65003341,0.0,0.0
2007-11-23 00:00:00+08:00,54.5,54.5,51.63,51.63,56386814,0.0,0.0
2007-11-26 00:00:00+08:00,53.23,53.23,51.88,52.47,38254818,0.0,0.0
2007-11-27 00:00:00+08:00,50.78,52.39,50.19,51.63,55062193,0.0,0.0
2007-11-28 00:00:00+08:00,52.05,52.13,50.36,50.36,43385454,0.0,0.0
2007-11-29 00:00:00+08:00,51.63,51.96,50.36,51.63,53810248,0.0,0.0
2007-11-30 00:00:00+08:00,52.47,53.66,52.39,52.89,39565596,0.0,0.0
2007-12-03 00:00:00+08:00,54.0,54.25,53.32,53.49,31006172,0.0,0.0
2007-12-04 00:00:00+08:00,53.49,54.67,53.49,54.42,25461105,0.0,0.0
2007-12-05 00:00:00+08:00,54.16,54.67,53.91,54.42,28653693,0.0,0.0
2007-12-06 00:00:00+08:00,55.01,55.26,53.91,54.0,28085257,0.0,0.0
2007-12-07 00:00:00+08:00,54.59,54.67,53.49,53.66,36608342,0.0,0.0
2007-12-10 00:00:00+08:00,53.23,53.49,52.39,52.39,19762033,0.0,0.0
2007-12-11 00:00:00+08:00,52.89,52.89,51.96,52.39,24011895,0.0,0.0
2007-12-12 00:00:00+08:00,50.78,51.12,49.34,49.85,90294002,0.0,0.0
2007-12-13 00:00:00+08:00,49.59,50.02,46.38,46.38,101063146,0.0,0.0
2007-12-14 00:00:00+08:00,46.38,47.56,45.7,47.56,69664173,0.0,0.0
2007-12-17 00:00:00+08:00,46.55,47.06,44.26,44.26,76610864,0.0,0.0
2007-12-18 00:00:00+08:00,43.25,46.04,42.91,44.94,110506804,0.0,0.0
2007-12-19 00:00:00+08:00,45.7,47.31,45.28,46.97,51941416,0.0,0.0
2007-12-20 00:00:00+08:00,47.39,47.82,45.28,45.7,36543452,0.0,0.0
2007-12-21 00:00:00+08:00,46.12,48.75,45.96,48.32,60345104,0.0,0.0
2007-12-24 00:00:00+08:00,49.09,50.1,49.09,49.51,50422990,0.0,0.0
2007-12-25 00:00:00+08:00,50.36,51.63,49.85,51.54,54641706,0.0,0.0
2007-12-26 00:00:00+08:00,50.78,51.46,50.1,50.95,42774622,0.0,0.0
2007-12-27 00:00:00+08:00,51.37,52.22,50.78,51.12,49512800,0.0,0.0
2007-12-28 00:00:00+08:00,51.71,54.16,51.29,53.32,62142990,0.0,0.0
2007-12-31 00:00:00+08:00,53.66,53.74,52.56,53.74,35581350,0.0,0.0
2008-01-02 00:00:00+08:00,53.15,53.49,51.29,51.46,36231980,0.0,0.0
2008-01-03 00:00:00+08:00,50.02,50.19,49.09,49.34,52475245,0.0,0.0
2008-01-04 00:00:00+08:00,48.83,50.02,48.66,49.93,38485826,0.0,0.0
2008-01-07 00:00:00+08:00,46.55,47.56,46.46,46.46,60444602,0.0,0.0
2008-01-08 00:00:00+08:00,45.7,47.39,45.7,46.21,48471099,0.0,0.0
2008-01-09 00:00:00+08:00,45.7,48.24,44.85,47.9,68988452,0.0,0.0
2008-01-10 00:00:00+08:00,48.75,49.09,47.39,47.73,36177472,0.0,0.0
2008-01-11 00:00:00+08:00,49.93,49.93,48.32,48.32,44036084,0.0,0.0
2008-01-14 00:00:00+08:00,49.26,49.42,47.82,48.83,49617489,0.0,0.0
2008-01-15 00:00:00+08:00,49.85,51.63,49.85,50.44,79053324,0.0,0.0
2008-01-16 00:00:00+08:00,47.39,48.83,46.97,47.48,58192486,0.0,0.0
2008-01-17 00:00:00+08:00,48.16,48.66,46.89,48.49,46875670,0.0,0.0
2008-01-18 00:00:00+08:00,47.56,49.76,46.97,49.76,56390275,0.0,0.0
2008-01-21 00:00:00+08:00,49.76,49.93,48.41,48.41,49257566,0.0,0.0
2008-01-22 00:00:00+08:00,45.02,46.12,45.02,45.02,64236774,0.0,0.0
2008-01-23 00:00:00+08:00,46.12,46.12,43.33,43.92,66760562,0.0,0.0
2008-01-24 00:00:00+08:00,45.7,46.04,44.09,45.11,54025683,0.0,0.0
2008-01-25 00:00:00+08:00,46.38,48.24,46.12,48.07,53054064,0.0,0.0
2008-01-28 00:00:00+08:00,47.9,47.9,44.85,44.94,57958882,0.0,0.0
2008-01-29 00:00:00+08:00,45.79,46.38,45.53,45.96,35838314,0.0,0.0
2008-01-30 00:00:00+08:00,46.46,47.39,45.53,45.96,41280422,0.0,0.0
2008-01-31 00:00:00+08:00,46.8,46.97,44.43,44.94,92906041,0.0,0.0
2008-02-01 00:00:00+08:00,45.7,45.7,44.6,45.02,56808166,0.0,0.0
2008-02-12 00:00:00+08:00,44.69,45.36,42.82,43.25,75567433,0.0,0.0
2008-02-13 00:00:00+08:00,44.01,45.11,43.75,44.6,31303801,0.0,0.0
2008-02-14 00:00:00+08:00,46.8,46.89,46.12,46.89,67200949,0.0,0.0
2008-02-15 00:00:00+08:00,46.12,47.31,46.12,47.06,41621311,0.0,0.0
2008-02-18 00:00:00+08:00,47.14,47.22,45.87,46.04,42170713,0.0,0.0
2008-02-19 00:00:00+08:00,46.21,47.06,45.45,47.06,53291994,0.0,0.0
2008-02-20 00:00:00+08:00,46.38,46.72,44.94,45.02,54261018,0.0,0.0
2008-02-21 00:00:00+08:00,46.29,46.89,46.04,46.55,50918750,0.0,0.0
2008-02-22 00:00:00+08:00,46.38,48.75,45.96,48.24,96251769,0.0,0.0
2008-02-25 00:00:00+08:00,50.69,50.78,49.76,50.27,95236890,0.0,0.0
2008-02-26 00:00:00+08:00,51.63,52.47,51.2,51.79,93943416,0.0,0.0
2008-02-27 00:00:00+08:00,51.79,52.22,51.2,51.88,82186213,0.0,0.0
2008-02-29 00:00:00+08:00,51.37,51.88,50.53,51.37,142799529,0.0,0.0
2008-03-03 00:00:00+08:00,49.09,49.68,48.66,49.26,44598464,0.0,0.0
2008-03-04 00:00:00+08:00,49.76,50.86,49.42,50.78,54739473,0.0,0.0
2008-03-05 00:00:00+08:00,50.69,51.29,49.26,49.68,65241271,0.0,0.0
2008-03-06 00:00:00+08:00,50.1,51.46,50.1,51.46,77429343,0.0,0.0
2008-03-07 00:00:00+08:00,50.86,53.49,50.78,51.71,123107577,0.0,0.0
2008-03-10 00:00:00+08:00,51.79,51.79,49.85,49.85,83891522,0.0,0.0
2008-03-11 00:00:00+08:00,48.66,49.85,48.66,49.34,65270688,0.0,0.0
2008-03-12 00:00:00+08:00,50.44,50.78,49.34,49.34,77656891,0.0,0.0
2008-03-13 00:00:00+08:00,48.66,49.93,48.66,48.66,69477290,0.0,0.0
2008-03-14 00:00:00+08:00,49.51,49.59,48.07,48.32,54770620,0.0,0.0
2008-03-17 00:00:00+08:00,47.39,47.82,46.55,47.39,71505319,0.0,0.0
2008-03-18 00:00:00+08:00,47.9,48.58,47.82,48.24,46231096,0.0,0.0
2008-03-19 00:00:00+08:00,49.09,49.09,48.07,48.24,43580989,0.0,0.0
2008-03-20 00:00:00+08:00,47.99,47.99,46.72,47.56,80434183,0.0,0.0
2008-03-21 00:00:00+08:00,48.07,48.41,47.82,48.32,85562223,0.0,0.0
2008-03-24 00:00:00+08:00,50.69,50.69,47.22,47.39,164273793,0.0,0.0
2008-03-25 00:00:00+08:00,47.22,47.22,45.87,46.63,136617675,0.0,0.0
2008-03-26 00:00:00+08:00,45.96,46.46,43.92,44.52,144947821,0.0,0.0
2008-03-27 00:00:00+08:00,43.16,44.09,42.99,43.67,178973541,0.0,0.0
2008-03-28 00:00:00+08:00,44.01,45.02,43.92,44.77,95209203,0.0,0.0
2008-03-31 00:00:00+08:00,44.69,45.11,44.01,44.6,51596202,0.0,0.0
2008-04-01 00:00:00+08:00,45.36,45.7,44.77,44.77,58507419,0.0,0.0
2008-04-02 00:00:00+08:00,46.12,46.97,45.7,46.72,93039282,0.0,0.0
2008-04-03 00:00:00+08:00,46.97,47.31,46.38,46.8,61949185,0.0,0.0
2008-04-07 00:00:00+08:00,47.22,47.39,46.55,46.97,54216027,0.0,0.0
2008-04-08 00:00:00+08:00,46.8,47.22,45.96,45.96,53208069,0.0,0.0
2008-04-09 00:00:00+08:00,46.55,47.06,46.12,46.38,50178139,0.0,0.0
2008-04-10 00:00:00+08:00,46.38,47.14,46.38,46.8,40715446,0.0,0.0
2008-04-11 00:00:00+08:00,46.97,47.99,46.63,47.99,86206797,0.0,0.0
2008-04-14 00:00:00+08:00,47.39,47.39,46.04,46.38,59046439,0.0,0.0
2008-04-15 00:00:00+08:00,45.7,46.63,45.62,45.79,55698115,0.0,0.0
2008-04-16 00:00:00+08:00,45.87,46.55,45.11,46.38,62620580,0.0,0.0
2008-04-17 00:00:00+08:00,46.97,47.73,46.72,47.06,98650969,0.0,0.0
2008-04-18 00:00:00+08:00,47.65,49.42,47.31,48.92,139844871,0.0,0.0
2008-04-21 00:00:00+08:00,50.1,50.1,49.26,49.34,79336244,0.0,0.0
2008-04-22 00:00:00+08:00,49.51,50.1,48.41,49.42,82001925,0.0,0.0
2008-04-23 00:00:00+08:00,52.39,52.39,50.69,50.69,221086286,0.0,0.0
2008-04-24 00:00:00+08:00,50.95,51.37,49.93,50.1,100097583,0.0,0.0
2008-04-25 00:00:00+08:00,50.36,51.96,50.27,51.2,129792112,0.0,0.0
2008-04-28 00:00:00+08:00,51.46,51.71,51.03,51.2,83653592,0.0,0.0
2008-04-29 00:00:00+08:00,51.2,51.46,49.93,50.02,70191080,0.0,0.0
2008-04-30 00:00:00+08:00,50.1,50.95,50.1,50.36,53027242,0.0,0.0
2008-05-02 00:00:00+08:00,51.63,52.13,51.29,52.13,88362876,0.0,0.0
2008-05-05 00:00:00+08:00,52.47,52.56,51.46,51.46,58580961,0.0,0.0
2008-05-06 00:00:00+08:00,51.88,52.89,51.2,52.73,63733227,0.0,0.0
2008-05-07 00:00:00+08:00,53.23,53.74,52.73,53.06,79410651,0.0,0.0
2008-05-08 00:00:00+08:00,51.46,51.54,50.44,50.69,133760785,0.0,0.0
2008-05-09 00:00:00+08:00,50.69,51.03,49.93,49.93,56926699,0.0,0.0
2008-05-12 00:00:00+08:00,49.93,50.61,49.42,50.61,37714068,0.0,0.0
2008-05-13 00:00:00+08:00,50.78,51.46,50.53,51.37,39609721,0.0,0.0
2008-05-14 00:00:00+08:00,52.05,52.05,51.2,51.79,29776723,0.0,0.0
2008-05-15 00:00:00+08:00,52.05,52.3,51.63,51.96,46467296,0.0,0.0
2008-05-16 00:00:00+08:00,51.71,51.79,51.03,51.03,81269966,0.0,0.0
2008-05-19 00:00:00+08:00,50.36,50.61,49.59,49.93,107620497,0.0,0.0
2008-05-20 00:00:00+08:00,49.93,49.93,49.09,49.17,77497694,0.0,0.0
2008-05-21 00:00:00+08:00,49.09,49.51,48.75,48.83,45746584,0.0,0.0
2008-05-22 00:00:00+08:00,48.41,49.09,48.41,49.09,43688274,0.0,0.0
2008-05-23 00:00:00+08:00,49.17,49.34,47.56,47.56,53308432,0.0,0.0
2008-05-26 00:00:00+08:00,47.39,47.73,46.97,47.39,38180410,0.0,0.0
2008-05-27 00:00:00+08:00,48.24,48.58,48.07,48.41,28466810,0.0,0.0
2008-05-28 00:00:00+08:00,48.58,48.66,47.39,47.39,29762880,0.0,0.0
2008-05-29 00:00:00+08:00,47.99,48.07,47.22,47.56,36031254,0.0,0.0
2008-05-30 00:00:00+08:00,48.16,49.42,47.82,49.42,43673565,0.0,0.0
2008-06-02 00:00:00+08:00,48.66,48.92,48.41,48.75,25083013,0.0,0.0
2008-06-03 00:00:00+08:00,47.82,48.24,46.55,46.63,59220344,0.0,0.0
2008-06-04 00:00:00+08:00,46.12,46.29,45.53,46.12,54940200,0.0,0.0
2008-06-05 00:00:00+08:00,45.96,46.8,45.62,46.63,44190090,0.0,0.0
2008-06-06 00:00:00+08:00,47.31,47.39,46.72,46.72,34253268,0.0,0.0
2008-06-09 00:00:00+08:00,45.28,45.96,45.28,45.87,29695394,0.0,0.0
2008-06-10 00:00:00+08:00,46.12,46.21,44.94,44.94,30468883,0.0,0.0
2008-06-11 00:00:00+08:00,45.11,45.36,44.09,44.94,52141278,0.0,0.0
2008-06-12 00:00:00+08:00,44.35,45.19,44.18,44.52,43205492,0.0,0.0
2008-06-13 00:00:00+08:00,45.02,45.28,44.52,44.52,35554528,0.0,0.0
2008-06-16 00:00:00+08:00,45.19,45.19,44.18,44.85,30090790,0.0,0.0
2008-06-17 00:00:00+08:00,44.35,44.43,42.99,44.35,55219659,0.0,0.0
2008-06-18 00:00:00+08:00,44.35,44.52,44.01,44.01,21787466,0.0,0.0
2008-06-19 00:00:00+08:00,43.25,43.75,42.99,43.16,37586018,0.0,0.0
2008-06-20 00:00:00+08:00,43.5,43.75,43.08,43.25,43665778,0.0,0.0
2008-06-23 00:00:00+08:00,42.57,43.25,42.4,42.82,42348944,0.0,0.0
2008-06-24 00:00:00+08:00,42.57,42.82,40.54,40.58,104370806,0.0,0.0
2008-06-25 00:00:00+08:00,39.95,41.68,39.18,41.68,81469827,0.0,0.0
2008-06-26 00:00:00+08:00,41.85,42.32,41.38,41.47,38672709,0.0,0.0
2008-06-27 00:00:00+08:00,38.93,40.5,38.93,39.86,69786166,0.0,0.0
2008-06-30 00:00:00+08:00,40.41,41.05,40.03,40.37,36666310,0.0,0.0
2008-07-01 00:00:00+08:00,40.79,41.3,40.45,40.62,36421459,0.0,0.0
2008-07-02 00:00:00+08:00,40.88,41.47,40.28,40.62,39484267,0.0,0.0
2008-07-03 00:00:00+08:00,40.2,41.47,39.57,40.79,41597950,0.0,0.0
2008-07-04 00:00:00+08:00,41.05,41.17,39.73,39.73,33621672,0.0,0.0
2008-07-07 00:00:00+08:00,39.69,40.37,38.93,40.33,38758364,0.0,0.0
2008-07-08 00:00:00+08:00,39.52,39.57,37.53,38.0,89015236,0.0,0.0
2008-07-09 00:00:00+08:00,36.56,37.24,35.38,35.38,185714314,0.0,0.0
2008-07-10 00:00:00+08:00,34.7,35.5,34.4,34.87,101551984,0.0,0.0
2008-07-11 00:00:00+08:00,35.59,36.81,35.29,36.73,73879428,0.0,0.0
2008-07-14 00:00:00+08:00,36.73,36.77,35.38,35.59,48869091,0.0,0.0
2008-07-15 00:00:00+08:00,34.7,34.87,33.22,33.26,79155417,0.0,0.0
2008-07-16 00:00:00+08:00,33.64,34.11,33.34,33.43,44914262,0.0,0.0
2008-07-17 00:00:00+08:00,34.87,35.0,34.49,34.78,50852130,0.0,0.0
2008-07-18 00:00:00+08:00,35.12,35.12,32.41,32.54,63516062,0.0,0.0
2008-07-21 00:00:00+08:00,33.26,34.57,33.22,34.4,40998367,0.0,0.0
2008-07-22 00:00:00+08:00,33.85,34.15,33.6,34.02,35828797,0.0,0.0
2008-07-23 00:00:00+08:00,34.15,35.5,33.43,35.21,80345932,0.0,0.0
2008-07-24 00:00:00+08:00,35.55,36.6,35.21,35.93,62550499,0.0,0.0
2008-07-25 00:00:00+08:00,34.19,34.7,33.68,34.36,66970806,0.0,0.0
2008-07-28 00:00:00+08:00,34.36,34.36,34.36,34.36,0,0.0,0.0
2008-07-29 00:00:00+08:00,33.34,33.47,32.71,32.84,63956449,0.0,0.0
2008-07-30 00:00:00+08:00,33.01,33.34,32.67,32.67,70233475,0.0,0.0
2008-07-31 00:00:00+08:00,32.49,33.24,31.83,32.11,73640880,2.27,1.05
2008-08-01 00:00:00+08:00,31.83,33.33,30.9,33.0,65398408,0.0,0.0
2008-08-04 00:00:00+08:00,33.05,33.56,32.67,33.24,35244128,0.0,0.0
2008-08-05 00:00:00+08:00,33.52,33.61,32.21,32.21,44224904,0.0,0.0
2008-08-06 00:00:00+08:00,33.24,34.45,32.91,34.45,60742808,0.0,0.0
2008-08-07 00:00:00+08:00,34.36,34.36,33.56,33.7,41871560,0.0,0.0
2008-08-08 00:00:00+08:00,33.66,36.0,33.66,35.15,65427248,0.0,0.0
2008-08-11 00:00:00+08:00,35.67,36.23,35.48,35.72,43776648,0.0,0.0
2008-08-12 00:00:00+08:00,36.04,36.75,35.62,36.37,60100088,0.0,0.0
2008-08-13 00:00:00+08:00,36.42,36.79,35.44,36.04,56431640,0.0,0.0
2008-08-14 00:00:00+08:00,35.86,36.14,35.2,36.04,38357200,0.0,0.0
2008-08-15 00:00:00+08:00,36.28,36.65,35.48,35.62,41381280,0.0,0.0
2008-08-18 00:00:00+08:00,35.67,36.14,35.06,35.44,29214096,0.0,0.0
2008-08-19 00:00:00+08:00,35.39,35.39,33.56,34.03,56515688,0.0,0.0
2008-08-20 00:00:00+08:00,33.84,34.13,33.42,33.94,26099376,0.0,0.0
2008-08-21 00:00:00+08:00,33.94,34.41,33.7,33.7,24391224,0.0,0.0
2008-08-22 00:00:00+08:00,33.7,34.13,33.0,33.61,42299216,0.0,0.0
2008-08-25 00:00:00+08:00,33.98,34.36,33.94,34.27,24382984,0.0,0.0
2008-08-26 00:00:00+08:00,33.7,34.03,33.61,33.98,17147440,0.0,0.0
2008-08-27 00:00:00+08:00,33.7,35.01,33.61,34.78,35922280,0.0,0.0
2008-08-28 00:00:00+08:00,35.11,36.14,35.11,35.39,77088496,0.0,0.0
2008-08-29 00:00:00+08:00,36.04,36.51,35.48,35.62,65673624,0.0,0.0
2008-09-01 00:00:00+08:00,35.39,35.39,33.84,33.84,46976240,0.0,0.0
2008-09-02 00:00:00+08:00,33.7,34.17,33.0,33.0,62605872,0.0,0.0
2008-09-03 00:00:00+08:00,32.81,32.95,31.83,32.91,76539712,0.0,0.0
2008-09-04 00:00:00+08:00,32.11,33.05,31.64,31.92,60021808,0.0,0.0
2008-09-05 00:00:00+08:00,31.08,31.92,30.99,31.64,45936352,0.0,0.0
2008-09-08 00:00:00+08:00,33.8,33.84,32.91,33.84,42093216,0.0,0.0
2008-09-09 00:00:00+08:00,33.66,33.66,31.74,31.92,75241088,0.0,0.0
2008-09-10 00:00:00+08:00,31.92,33.05,31.92,32.72,57566288,0.0,0.0
2008-09-11 00:00:00+08:00,32.35,32.44,31.83,31.88,35973368,0.0,0.0
2008-09-12 00:00:00+08:00,32.39,32.58,31.55,32.11,32969888,0.0,0.0
2008-09-15 00:00:00+08:00,31.64,32.3,31.04,31.08,35432824,0.0,0.0
2008-09-16 00:00:00+08:00,29.82,30.43,28.93,29.07,77825976,0.0,0.0
2008-09-17 00:00:00+08:00,31.08,31.08,30.71,31.08,80501504,0.0,0.0
2008-09-18 00:00:00+08:00,30.43,32.11,29.87,31.08,129380360,0.0,0.0
2008-09-19 00:00:00+08:00,33.24,33.24,32.49,33.24,53541048,0.0,0.0
2008-09-22 00:00:00+08:00,34.55,35.48,34.55,35.11,115808256,0.0,0.0
2008-09-23 00:00:00+08:00,34.73,35.58,34.45,35.58,75618480,0.0,0.0
2008-09-24 00:00:00+08:00,35.48,35.53,34.55,35.15,47148456,0.0,0.0
2008-09-25 00:00:00+08:00,34.13,35.06,34.13,34.36,35371024,0.0,0.0
2008-09-26 00:00:00+08:00,34.64,34.78,33.47,34.17,55286280,0.0,0.0
2008-09-29 00:00:00+08:00,34.17,34.17,34.17,34.17,0,0.0,0.0
2008-09-30 00:00:00+08:00,31.78,33.89,31.78,33.24,66603920,0.0,0.0
2008-10-01 00:00:00+08:00,34.36,34.36,33.24,33.24,53057360,0.0,0.0
2008-10-02 00:00:00+08:00,30.94,33.84,30.94,33.33,37739200,0.0,0.0
2008-10-03 00:00:00+08:00,35.62,35.62,32.02,33.7,29031168,0.0,0.0
2008-10-06 00:00:00+08:00,36.04,36.04,32.3,32.53,35704744,0.0,0.0
2008-10-07 00:00:00+08:00,34.78,34.78,31.74,32.77,29593136,0.0,0.0
2008-10-08 00:00:00+08:00,30.47,31.92,30.47,30.47,45564728,0.0,0.0
2008-10-09 00:00:00+08:00,32.58,32.58,28.37,28.93,91937800,0.0,0.0
2008-10-13 00:00:00+08:00,27.95,30.94,27.95,27.95,66778608,0.0,0.0
2008-10-14 00:00:00+08:00,29.87,29.87,29.16,29.87,48612704,0.0,0.0
2008-10-15 00:00:00+08:00,31.92,31.92,28.88,29.58,29317096,0.0,0.0
2008-10-16 00:00:00+08:00,31.64,31.64,28.55,28.55,10786984,0.0,0.0
2008-10-17 00:00:00+08:00,30.52,30.52,27.57,27.57,28848240,0.0,0.0
2008-10-20 00:00:00+08:00,26.64,26.64,26.64,26.64,13128792,0.0,0.0
2008-10-21 00:00:00+08:00,28.46,28.46,25.75,25.75,49154072,0.0,0.0
2008-10-22 00:00:00+08:00,24.86,24.86,24.86,24.86,17094704,0.0,0.0
2008-10-23 00:00:00+08:00,24.01,24.01,24.01,24.01,4121648,0.0,0.0
2008-10-24 00:00:00+08:00,23.22,23.22,23.22,23.22,7158088,0.0,0.0
2008-10-27 00:00:00+08:00,21.63,21.63,21.63,21.63,11409104,0.0,0.0
2008-10-28 00:00:00+08:00,20.13,21.63,20.13,21.35,109536792,0.0,0.0
2008-10-29 00:00:00+08:00,22.09,22.09,19.89,19.89,84464120,0.0,0.0
2008-10-30 00:00:00+08:00,19.57,21.06,18.77,20.83,82033320,0.0,0.0
2008-10-31 00:00:00+08:00,20.5,21.91,20.04,21.3,87248416,0.0,0.0
2008-11-03 00:00:00+08:00,22.0,22.75,21.63,22.75,55175864,0.0,0.0
2008-11-04 00:00:00+08:00,22.66,22.98,21.53,22.42,80150480,0.0,0.0
2008-11-05 00:00:00+08:00,23.03,23.5,22.33,22.47,64596656,0.0,0.0
2008-11-06 00:00:00+08:00,20.92,21.16,20.92,20.92,37206896,0.0,0.0
2008-11-07 00:00:00+08:00,19.47,21.25,19.47,20.78,55724648,0.0,0.0
2008-11-10 00:00:00+08:00,20.78,21.25,20.32,20.88,28787264,0.0,0.0
2008-11-11 00:00:00+08:00,20.69,20.69,19.99,20.22,36751224,0.0,0.0
2008-11-12 00:00:00+08:00,20.55,21.11,20.22,20.27,36053296,0.0,0.0
2008-11-13 00:00:00+08:00,18.91,19.1,18.86,18.86,37936136,0.0,0.0
2008-11-14 00:00:00+08:00,19.57,19.57,18.86,19.15,41415888,0.0,0.0
2008-11-17 00:00:00+08:00,17.88,18.26,17.83,17.83,53140584,0.0,0.0
2008-11-18 00:00:00+08:00,16.99,17.32,16.66,17.13,46634280,0.0,0.0
2008-11-19 00:00:00+08:00,16.95,18.3,16.9,18.16,45680912000,0.0,0.0
2008-11-20 00:00:00+08:00,17.41,18.07,17.23,17.32,45118120,0.0,0.0
2008-11-21 00:00:00+08:00,16.66,18.49,16.66,18.49,55249200000,0.0,0.0
2008-11-24 00:00:00+08:00,18.35,18.58,17.79,18.16,47915600,0.0,0.0
2008-11-25 00:00:00+08:00,18.96,19.01,17.93,18.26,57190544,0.0,0.0
2008-11-26 00:00:00+08:00,18.26,18.49,17.83,18.26,44814888,0.0,0.0
2008-11-27 00:00:00+08:00,18.54,19.52,18.44,19.19,65281400,0.0,0.0
2008-11-28 00:00:00+08:00,19.19,19.33,18.68,19.24,36394432,0.0,0.0
2008-12-01 00:00:00+08:00,18.91,20.18,18.72,19.24,67630624,0.0,0.0
2008-12-02 00:00:00+08:00,18.16,18.82,18.16,18.26,29932624,0.0,0.0
2008-12-03 00:00:00+08:00,18.63,18.82,18.07,18.07,35776432,0.0,0.0
2008-12-04 00:00:00+08:00,18.3,19.1,18.3,18.4,43715672,0.0,0.0
2008-12-05 00:00:00+08:00,18.72,18.96,18.54,18.58,36569120,0.0,0.0
2008-12-08 00:00:00+08:00,18.63,19.85,18.63,19.85,72196408,0.0,0.0
2008-12-09 00:00:00+08:00,19.94,20.22,19.38,19.85,70195736,0.0,0.0
2008-12-10 00:00:00+08:00,20.46,21.21,20.36,21.21,47854624,0.0,0.0
2008-12-11 00:00:00+08:00,21.53,22.47,21.35,22.0,144719944,0.0,0.0
2008-12-12 00:00:00+08:00,22.14,22.75,20.78,21.72,94291968,0.0,0.0
2008-12-15 00:00:00+08:00,22.38,22.94,22.19,22.38,71720960,0.0,0.0
2008-12-16 00:00:00+08:00,22.09,22.61,22.0,22.38,31188400,0.0,0.0
2008-12-17 00:00:00+08:00,22.94,23.12,22.28,22.52,63001392,0.0,0.0
2008-12-18 00:00:00+08:00,22.89,22.89,22.05,22.52,30963448,0.0,0.0
2008-12-19 00:00:00+08:00,21.67,21.67,21.67,21.67,49561952000,0.0,0.0
2008-12-22 00:00:00+08:00,22.8,22.98,21.53,21.53,66384736,0.0,0.0
2008-12-23 00:00:00+08:00,21.44,21.44,20.22,20.41,31846776,0.0,0.0
2008-12-24 00:00:00+08:00,19.8,20.83,19.8,20.69,23477408,0.0,0.0
2008-12-25 00:00:00+08:00,20.69,20.92,20.41,20.6,8481432,0.0,0.0
2008-12-26 00:00:00+08:00,20.5,21.44,20.5,21.11,23143688,0.0,0.0
2008-12-29 00:00:00+08:00,21.11,21.11,20.41,20.69,12176248,0.0,0.0
2008-12-30 00:00:00+08:00,21.06,22.09,21.06,22.09,24902928,0.0,0.0
2008-12-31 00:00:00+08:00,22.66,23.5,22.61,23.12,82002832,0.0,0.0
2009-01-02 00:00:00+08:00,23.12,23.12,23.12,23.12,0,0.0,0.0
2009-01-05 00:00:00+08:00,24.34,24.72,24.34,24.72,74177304,0.0,0.0
2009-01-06 00:00:00+08:00,25.18,25.84,24.53,25.75,99918240,0.0,0.0
2009-01-07 00:00:00+08:00,26.03,26.21,25.04,25.65,79370976,0.0,0.0
2009-01-08 00:00:00+08:00,24.53,24.81,23.87,23.87,58738840,0.0,0.0
2009-01-09 00:00:00+08:00,23.87,24.53,23.64,23.87,48755256,0.0,0.0
2009-01-12 00:00:00+08:00,23.5,23.69,22.19,22.19,65564032,0.0,0.0
2009-01-13 00:00:00+08:00,22.0,23.12,21.67,22.94,57234216,0.0,0.0
2009-01-14 00:00:00+08:00,22.47,23.55,22.47,23.41,58990984,0.0,0.0
2009-01-15 00:00:00+08:00,22.28,22.42,22.05,22.05,31699280,0.0,0.0
2009-01-16 00:00:00+08:00,22.8,23.31,22.66,22.84,50345576,0.0,0.0
2009-01-19 00:00:00+08:00,23.41,23.5,23.12,23.17,26045816,0.0,0.0
2009-01-20 00:00:00+08:00,22.52,22.56,21.86,22.05,43189136,0.0,0.0
2009-01-21 00:00:00+08:00,21.11,21.95,21.11,21.58,59519992,0.0,0.0
2009-02-02 00:00:00+08:00,22.0,22.47,21.81,21.81,61198480,0.0,0.0
2009-02-03 00:00:00+08:00,22.28,23.22,22.28,22.98,42358544,0.0,0.0
2009-02-04 00:00:00+08:00,23.45,23.97,23.31,23.87,57193840,0.0,0.0
2009-02-05 00:00:00+08:00,23.69,24.11,23.41,23.55,42378320,0.0,0.0
2009-02-06 00:00:00+08:00,24.53,25.18,24.25,25.18,32852056,0.0,0.0
2009-02-09 00:00:00+08:00,26.03,26.49,25.75,26.03,92109192,0.0,0.0
2009-02-10 00:00:00+08:00,26.03,26.21,25.47,25.93,48391872,0.0,0.0
2009-02-11 00:00:00+08:00,25.09,25.65,24.95,25.56,50238456,0.0,0.0
2009-02-12 00:00:00+08:00,25.32,25.37,23.87,24.34,56062488,0.0,0.0
2009-02-13 00:00:00+08:00,24.81,25.65,24.62,25.47,51483520,0.0,0.0
2009-02-16 00:00:00+08:00,25.0,25.28,24.53,24.81,28956184,0.0,0.0
2009-02-17 00:00:00+08:00,24.62,25.37,24.58,24.58,40786352,0.0,0.0
2009-02-18 00:00:00+08:00,24.44,24.53,24.06,24.34,56546176,0.0,0.0
2009-02-19 00:00:00+08:00,24.11,25.47,23.87,25.04,45542480,0.0,0.0
2009-02-20 00:00:00+08:00,24.81,24.81,23.87,23.87,44407008,0.0,0.0
2009-02-23 00:00:00+08:00,23.41,23.87,22.8,23.69,46698552,0.0,0.0
2009-02-24 00:00:00+08:00,22.98,24.44,22.94,23.87,59529056,0.0,0.0
2009-02-25 00:00:00+08:00,24.53,24.9,24.15,24.2,52934584,0.0,0.0
2009-02-26 00:00:00+08:00,24.53,24.62,23.73,23.83,39319632,0.0,0.0
2009-02-27 00:00:00+08:00,23.83,24.34,23.5,24.34,31653960,0.0,0.0
2009-03-02 00:00:00+08:00,23.69,23.92,22.7,22.7,45113176,0.0,0.0
2009-03-03 00:00:00+08:00,22.09,23.83,22.09,23.41,53338344,0.0,0.0
2009-03-04 00:00:00+08:00,23.22,24.29,23.22,24.06,48230368,0.0,0.0
2009-03-05 00:00:00+08:00,24.76,25.18,24.39,24.62,42902384,0.0,0.0
2009-03-06 00:00:00+08:00,24.15,24.67,24.01,24.34,47253928,0.0,0.0
2009-03-09 00:00:00+08:00,24.2,24.44,23.5,24.2,34051800,0.0,0.0
2009-03-10 00:00:00+08:00,23.41,24.15,23.41,23.92,30280352,0.0,0.0
2009-03-11 00:00:00+08:00,24.53,24.58,23.41,23.41,80648176,0.0,0.0
2009-03-12 00:00:00+08:00,23.41,23.87,23.31,23.41,46733160,0.0,0.0
2009-03-13 00:00:00+08:00,24.34,25.04,24.11,25.04,85926720,0.0,0.0
2009-03-16 00:00:00+08:00,25.37,26.35,25.18,25.75,74948568,0.0,0.0
2009-03-17 00:00:00+08:00,26.03,26.03,25.04,25.56,43320976,0.0,0.0
2009-03-18 00:00:00+08:00,26.21,26.4,25.79,26.12,81172240,0.0,0.0
2009-03-19 00:00:00+08:00,26.59,27.34,26.49,26.68,87307744,0.0,0.0
2009-03-20 00:00:00+08:00,27.06,27.24,25.75,25.75,68016256,0.0,0.0
2009-03-23 00:00:00+08:00,25.89,26.64,25.89,26.49,36532040,0.0,0.0
2009-03-24 00:00:00+08:00,27.15,27.15,26.21,26.59,60334104,0.0,0.0
2009-03-25 00:00:00+08:00,26.21,27.01,26.21,27.01,57006792,0.0,0.0
2009-03-26 00:00:00+08:00,27.06,28.32,27.06,27.48,86844656,0.0,0.0
2009-03-27 00:00:00+08:00,28.37,28.7,27.67,27.99,66924456,0.0,0.0
2009-03-30 00:00:00+08:00,28.04,28.27,26.68,26.87,52261376,0.0,0.0
2009-03-31 00:00:00+08:00,26.68,27.34,26.03,26.26,59384856,0.0,0.0
2009-04-02 00:00:00+08:00,27.24,27.62,26.96,27.57,66622048,0.0,0.0
2009-04-03 00:00:00+08:00,28.04,28.27,27.06,27.15,68920184,0.0,0.0
2009-04-06 00:00:00+08:00,27.62,28.55,27.62,28.27,92697528,0.0,0.0
2009-04-07 00:00:00+08:00,28.18,28.18,27.43,27.85,55117360,0.0,0.0
2009-04-08 00:00:00+08:00,27.99,28.32,27.1,27.15,93636064,0.0,0.0
2009-04-09 00:00:00+08:00,27.62,28.46,27.57,28.46,58646552,0.0,0.0
2009-04-10 00:00:00+08:00,29.49,30.33,29.21,30.33,74342928,0.0,0.0
2009-04-13 00:00:00+08:00,30.33,31.32,29.68,31.13,57087544,0.0,0.0
2009-04-14 00:00:00+08:00,30.99,30.99,30.05,30.8,26239456,0.0,0.0
2009-04-15 00:00:00+08:00,30.24,30.43,29.21,29.77,39899728,0.0,0.0
2009-04-16 00:00:00+08:00,30.43,31.27,30.05,30.43,48049912,0.0,0.0
2009-04-17 00:00:00+08:00,31.18,31.36,29.35,29.96,81601544,0.0,0.0
2009-04-20 00:00:00+08:00,30.29,31.22,29.68,31.22,59640296,0.0,0.0
2009-04-21 00:00:00+08:00,30.66,33.14,30.61,32.77,89431192,0.0,0.0
2009-04-22 00:00:00+08:00,32.95,33.24,32.02,32.21,59810040,0.0,0.0
2009-04-23 00:00:00+08:00,32.95,33.56,32.39,33.0,63174432,0.0,0.0
2009-04-24 00:00:00+08:00,32.91,33.19,32.21,32.77,57825024,0.0,0.0
2009-04-27 00:00:00+08:00,33.05,33.24,30.47,30.99,66993672,0.0,0.0
2009-04-28 00:00:00+08:00,30.99,31.36,29.58,29.77,58078816,0.0,0.0
2009-04-29 00:00:00+08:00,29.96,30.47,29.91,30.01,37768040,0.0,0.0
2009-04-30 00:00:00+08:00,32.07,32.07,32.07,32.07,18027472,0.0,0.0
2009-05-04 00:00:00+08:00,34.27,34.27,34.27,34.27,37208544,0.0,0.0
2009-05-05 00:00:00+08:00,36.65,36.65,34.64,35.53,96590928,0.0,0.0
2009-05-06 00:00:00+08:00,34.64,36.04,34.64,35.76,65174280,0.0,0.0
2009-05-07 00:00:00+08:00,35.25,35.58,33.98,34.92,56347592,0.0,0.0
2009-05-08 00:00:00+08:00,33.89,35.44,33.84,34.64,60575536,0.0,0.0
2009-05-11 00:00:00+08:00,34.64,34.83,34.17,34.31,34151504,0.0,0.0
2009-05-12 00:00:00+08:00,33.8,33.98,32.58,32.77,48108416,0.0,0.0
2009-05-13 00:00:00+08:00,32.72,33.1,32.3,32.77,45174152,0.0,0.0
2009-05-14 00:00:00+08:00,31.88,32.16,30.8,30.94,90908624,0.0,0.0
2009-05-15 00:00:00+08:00,31.74,32.86,31.5,32.39,69585152,0.0,0.0
2009-05-18 00:00:00+08:00,32.63,32.63,31.74,32.35,47548920,0.0,0.0
2009-05-19 00:00:00+08:00,33.61,33.7,32.3,32.53,50429624,0.0,0.0
2009-05-20 00:00:00+08:00,32.58,34.27,32.3,33.61,77712264,0.0,0.0
2009-05-21 00:00:00+08:00,33.98,34.83,33.7,33.7,72764968,0.0,0.0
2009-05-22 00:00:00+08:00,33.33,33.42,32.77,32.77,36573240,0.0,0.0
2009-05-25 00:00:00+08:00,33.1,33.33,31.55,31.55,58686928,0.0,0.0
2009-05-26 00:00:00+08:00,31.55,31.78,30.71,30.85,62170800,0.0,0.0
2009-05-27 00:00:00+08:00,31.55,32.07,31.22,31.46,53241936,0.0,0.0
2009-06-01 00:00:00+08:00,32.67,32.67,31.69,32.07,53051592,0.0,0.0
2009-06-02 00:00:00+08:00,32.63,33.52,31.88,32.11,60142936,0.0,0.0
2009-06-03 00:00:00+08:00,32.3,33.14,32.21,32.39,73432408,0.0,0.0
2009-06-04 00:00:00+08:00,32.39,32.86,31.83,31.88,48208120,0.0,0.0
2009-06-05 00:00:00+08:00,32.11,32.95,32.11,32.77,38780736,0.0,0.0
2009-06-08 00:00:00+08:00,33.33,33.89,32.86,32.86,74403904,0.0,0.0
2009-06-09 00:00:00+08:00,33.61,33.61,32.07,32.58,71848680,0.0,0.0
2009-06-10 00:00:00+08:00,33.24,33.56,32.95,33.1,50947096,0.0,0.0
2009-06-11 00:00:00+08:00,33.1,33.7,32.3,33.7,52972488,0.0,0.0
2009-06-12 00:00:00+08:00,33.7,33.7,32.39,32.39,45257376,0.0,0.0
2009-06-15 00:00:00+08:00,31.74,31.78,30.57,31.08,45192280,0.0,0.0
2009-06-16 00:00:00+08:00,31.27,31.41,29.63,29.96,50479064,0.0,0.0
2009-06-17 00:00:00+08:00,30.01,30.66,29.91,30.1,33262408,0.0,0.0
2009-06-18 00:00:00+08:00,30.24,30.8,29.4,29.58,41963024,0.0,0.0
2009-06-19 00:00:00+08:00,29.63,29.87,29.07,29.49,27750672,0.0,0.0
2009-06-22 00:00:00+08:00,30.15,30.8,29.82,30.71,27721008,0.0,0.0
2009-06-23 00:00:00+08:00,30.05,30.29,29.68,29.68,28006112,0.0,0.0
2009-06-24 00:00:00+08:00,29.96,31.36,29.58,30.47,37630432,0.0,0.0
2009-06-25 00:00:00+08:00,30.47,30.8,30.29,30.52,22959936,0.0,0.0
2009-06-26 00:00:00+08:00,31.08,31.08,30.1,30.1,26004616,0.0,0.0
2009-06-29 00:00:00+08:00,30.38,30.38,29.58,29.58,28264848,0.0,0.0
2009-06-30 00:00:00+08:00,30.05,30.15,29.77,29.96,18146952,0.0,0.0
2009-07-01 00:00:00+08:00,30.24,31.13,30.05,30.8,45265616,0.0,0.0
2009-07-02 00:00:00+08:00,31.55,32.58,31.36,31.88,61222376,0.0,0.0
2009-07-03 00:00:00+08:00,31.08,31.74,31.08,31.6,28123944,0.0,0.0
2009-07-06 00:00:00+08:00,32.07,32.39,31.64,31.64,26771760,0.0,0.0
2009-07-07 00:00:00+08:00,31.46,32.25,31.46,31.83,32789432,0.0,0.0
2009-07-08 00:00:00+08:00,31.83,32.25,31.6,32.11,31951424,0.0,0.0
2009-07-09 00:00:00+08:00,32.49,34.31,32.49,33.7,97819512,0.0,0.0
2009-07-10 00:00:00+08:00,33.98,34.36,33.7,33.8,49850352,0.0,0.0
2009-07-13 00:00:00+08:00,34.31,34.31,32.77,33.1,50775704,0.0,0.0
2009-07-14 00:00:00+08:00,33.61,35.39,33.38,35.25,63022816,0.0,0.0
2009-07-15 00:00:00+08:00,35.48,35.9,34.78,35.2,73929280,0.0,0.0
2009-07-16 00:00:00+08:00,36.04,36.04,35.15,35.2,50300256,0.0,0.0
2009-07-17 00:00:00+08:00,35.95,36.42,35.62,35.76,46660648,0.0,0.0
2009-07-20 00:00:00+08:00,36.14,36.79,35.76,36.33,51829600,0.0,0.0
2009-07-21 00:00:00+08:00,36.7,36.79,36.23,36.42,45290336,0.0,0.0
2009-07-22 00:00:00+08:00,36.47,36.51,35.11,35.62,60953752,0.0,0.0
2009-07-23 00:00:00+08:00,35.9,36.14,35.39,35.76,40071120,0.0,0.0
2009-07-24 00:00:00+08:00,36.14,36.33,34.17,34.41,96925472,0.0,0.0
2009-07-27 00:00:00+08:00,34.41,34.83,33.8,34.27,51707648,0.0,0.0
2009-07-28 00:00:00+08:00,34.17,34.73,34.17,34.45,40573760,0.0,0.0
2009-07-29 00:00:00+08:00,35.06,35.06,34.45,34.64,31589688,0.0,0.0
2009-07-30 00:00:00+08:00,34.45,34.5,33.8,34.22,29747224,0.0,0.0
2009-07-31 00:00:00+08:00,34.31,34.64,33.98,34.08,46916912,0.0,0.0
2009-08-03 00:00:00+08:00,34.36,34.55,33.98,34.45,24066568,0.0,0.0
2009-08-04 00:00:00+08:00,34.92,35.48,34.17,34.17,51468688,0.0,0.0
2009-08-05 00:00:00+08:00,34.45,34.5,32.81,32.95,59916336,0.0,0.0
2009-08-06 00:00:00+08:00,32.63,33.05,32.35,32.67,57875288,0.0,0.0
2009-08-07 00:00:00+08:00,32.67,32.67,32.67,32.67,0,0.0,0.0
2009-08-10 00:00:00+08:00,32.44,32.49,31.5,31.74,40461696,0.0,0.0
2009-08-11 00:00:00+08:00,31.46,32.39,30.99,32.11,52381680,0.0,0.0
2009-08-12 00:00:00+08:00,32.34,34.29,32.25,33.85,76959200,0.3,1.0
2009-08-13 00:00:00+08:00,34.04,34.53,34.04,34.29,38767200,0.0,0.0
2009-08-14 00:00:00+08:00,34.87,34.87,34.29,34.58,22804800,0.0,0.0
2009-08-17 00:00:00+08:00,34.19,34.24,33.8,33.8,24376000,0.0,0.0
2009-08-18 00:00:00+08:00,33.51,33.66,32.68,32.73,19882400,0.0,0.0
2009-08-19 00:00:00+08:00,33.07,33.41,32.73,32.83,18849600,0.0,0.0
2009-08-20 00:00:00+08:00,33.02,33.02,32.25,32.68,23835200,0.0,0.0
2009-08-21 00:00:00+08:00,32.83,33.07,32.05,32.39,32490400,0.0,0.0
2009-08-24 00:00:00+08:00,32.73,32.98,32.49,32.88,21950400,0.0,0.0
2009-08-25 00:00:00+08:00,32.68,32.68,32.1,32.2,24440000,0.0,0.0
2009-08-26 00:00:00+08:00,32.39,32.44,30.98,31.23,61642400,0.0,0.0
2009-08-27 00:00:00+08:00,31.08,32.05,30.79,31.37,42662400,0.0,0.0
2009-08-28 00:00:00+08:00,31.57,32.3,31.57,32.15,25268800,0.0,0.0
2009-08-31 00:00:00+08:00,32.54,32.54,31.66,32.25,21989600,0.0,0.0
2009-09-01 00:00:00+08:00,31.91,32.73,31.76,32.59,37589600,0.0,0.0
2009-09-02 00:00:00+08:00,31.57,31.91,31.47,31.81,57149600,0.0,0.0
2009-09-03 00:00:00+08:00,32.0,32.83,32.0,32.54,60343200,0.0,0.0
2009-09-04 00:00:00+08:00,32.64,32.83,31.86,32.34,62506400,0.0,0.0
2009-09-07 00:00:00+08:00,32.34,32.39,31.91,32.05,36488000,0.0,0.0
2009-09-08 00:00:00+08:00,32.34,33.66,32.34,33.02,74220000,0.0,0.0
2009-09-09 00:00:00+08:00,33.07,33.12,32.44,32.44,38140800,0.0,0.0
2009-09-10 00:00:00+08:00,33.51,33.51,32.54,32.54,41184800,0.0,0.0
2009-09-11 00:00:00+08:00,32.25,32.3,31.86,31.91,35432000,0.0,0.0
2009-09-14 00:00:00+08:00,31.28,31.37,30.69,30.69,63792800,0.0,0.0
2009-09-15 00:00:00+08:00,30.5,30.89,30.3,30.79,54054400,0.0,0.0
2009-09-16 00:00:00+08:00,31.08,31.13,30.74,30.79,47126400,0.0,0.0
2009-09-17 00:00:00+08:00,31.08,31.32,30.89,30.89,37398400,0.0,0.0
2009-09-18 00:00:00+08:00,30.89,31.57,30.89,31.52,43682400,0.0,0.0
2009-09-21 00:00:00+08:00,31.76,32.34,31.62,31.66,41150400,0.0,0.0
2009-09-22 00:00:00+08:00,32.0,32.2,31.62,31.86,38164800,0.0,0.0
2009-09-23 00:00:00+08:00,32.05,32.54,31.47,31.66,41961600,0.0,0.0
2009-09-24 00:00:00+08:00,31.66,31.71,30.98,31.08,35856000,0.0,0.0
2009-09-25 00:00:00+08:00,30.74,30.89,30.6,30.6,36878400,0.0,0.0
2009-09-28 00:00:00+08:00,30.26,30.5,29.77,29.96,35652800,0.0,0.0
2009-09-29 00:00:00+08:00,30.4,31.03,30.4,30.79,46198400,0.0,0.0
2009-09-30 00:00:00+08:00,31.08,31.08,30.35,30.35,37491200,0.0,0.0
2009-10-01 00:00:00+08:00,30.11,30.35,30.06,30.21,37422400,0.0,0.0
2009-10-02 00:00:00+08:00,29.82,30.69,29.82,30.01,46742400,0.0,0.0
2009-10-05 00:00:00+08:00,29.82,30.06,29.82,29.92,24746400,0.0,0.0
2009-10-06 00:00:00+08:00,30.3,30.79,30.21,30.6,40217600,0.0,0.0
2009-10-07 00:00:00+08:00,30.98,31.47,30.79,31.23,50648000,0.0,0.0
2009-10-08 00:00:00+08:00,31.28,31.76,30.64,30.69,44224800,0.0,0.0
2009-10-09 00:00:00+08:00,30.89,31.08,30.69,30.98,27860800,0.0,0.0
2009-10-12 00:00:00+08:00,31.13,31.37,31.08,31.32,19571200,0.0,0.0
2009-10-13 00:00:00+08:00,30.98,32.0,30.74,31.91,61158400,0.0,0.0
2009-10-14 00:00:00+08:00,32.05,32.1,31.62,31.62,45112800,0.0,0.0
2009-10-15 00:00:00+08:00,31.96,32.83,31.86,32.25,84412800,0.0,0.0
2009-10-16 00:00:00+08:00,31.86,31.96,31.42,31.47,59716800,0.0,0.0
2009-10-19 00:00:00+08:00,31.08,31.52,31.08,31.28,41885600,0.0,0.0
2009-10-20 00:00:00+08:00,32.05,32.05,31.42,31.76,43464800,0.0,0.0
2009-10-21 00:00:00+08:00,31.86,31.86,31.08,31.13,59614400,0.0,0.0
2009-10-22 00:00:00+08:00,30.89,30.94,30.26,30.4,54207200,0.0,0.0
2009-10-23 00:00:00+08:00,30.6,30.89,30.55,30.64,37388000,0.0,0.0
2009-10-26 00:00:00+08:00,30.69,30.84,30.35,30.4,22585600,0.0,0.0
2009-10-27 00:00:00+08:00,30.11,30.21,29.92,30.01,39032800,0.0,0.0
2009-10-28 00:00:00+08:00,29.67,29.82,29.19,29.28,68298400,0.0,0.0
2009-10-29 00:00:00+08:00,28.65,28.99,28.31,28.56,63544800,0.0,0.0
2009-10-30 00:00:00+08:00,29.04,29.14,28.56,28.56,30316800,0.0,0.0
2009-11-02 00:00:00+08:00,28.17,28.22,27.88,28.07,40868800,0.0,0.0
2009-11-03 00:00:00+08:00,28.02,28.46,27.83,28.17,32504800,0.0,0.0
2009-11-04 00:00:00+08:00,28.22,29.53,28.22,29.28,50120000,0.0,0.0
2009-11-05 00:00:00+08:00,29.43,29.48,28.75,28.94,37841600,0.0,0.0
2009-11-06 00:00:00+08:00,29.24,29.38,28.75,28.8,44098400,0.0,0.0
2009-11-09 00:00:00+08:00,29.14,29.24,28.99,28.99,21501600,0.0,0.0
2009-11-10 00:00:00+08:00,29.24,30.01,29.24,29.96,62276000,0.0,0.0
2009-11-11 00:00:00+08:00,29.96,30.35,29.77,30.3,39215200,0.0,0.0
2009-11-12 00:00:00+08:00,30.45,30.89,30.11,30.21,54843200,0.0,0.0
2009-11-13 00:00:00+08:00,30.4,30.98,30.35,30.74,67984000,0.0,0.0
2009-11-16 00:00:00+08:00,30.79,31.52,30.79,30.79,79513600,0.0,0.0
2009-11-17 00:00:00+08:00,31.37,31.47,30.89,31.03,60152000,0.0,0.0
2009-11-18 00:00:00+08:00,31.03,31.37,30.55,30.79,43012800,0.0,0.0
2009-11-19 00:00:00+08:00,30.69,30.98,30.45,30.45,25885600,0.0,0.0
2009-11-20 00:00:00+08:00,30.3,30.79,30.01,30.64,28349600,0.0,0.0
2009-11-23 00:00:00+08:00,30.69,31.08,30.69,30.74,22435200,0.0,0.0
2009-11-24 00:00:00+08:00,30.4,30.98,30.4,30.6,24042400,0.0,0.0
2009-11-25 00:00:00+08:00,30.69,31.91,30.69,31.86,83696800,0.0,0.0
2009-11-26 00:00:00+08:00,32.34,33.46,32.34,32.64,144517600,0.0,0.0
2009-11-27 00:00:00+08:00,32.2,32.88,31.86,31.96,75949600,0.0,0.0
2009-11-30 00:00:00+08:00,32.83,32.88,32.15,32.15,60092800,0.0,0.0
2009-12-01 00:00:00+08:00,32.54,33.41,32.39,33.36,96688800,0.0,0.0
2009-12-02 00:00:00+08:00,33.9,34.19,33.56,33.56,92226400,0.0,0.0
2009-12-03 00:00:00+08:00,34.0,34.0,33.27,33.56,46361600,0.0,0.0
2009-12-04 00:00:00+08:00,32.88,33.32,32.88,33.07,33023200,0.0,0.0
2009-12-07 00:00:00+08:00,33.51,34.63,33.46,34.19,69991200,0.0,0.0
2009-12-08 00:00:00+08:00,34.48,34.48,33.61,34.04,29832800,0.0,0.0
2009-12-09 00:00:00+08:00,34.0,34.19,33.66,34.19,25531200,0.0,0.0
2009-12-10 00:00:00+08:00,34.19,34.43,33.32,33.7,62523200,0.0,0.0
2009-12-11 00:00:00+08:00,34.0,34.38,34.0,34.38,35542400,0.0,0.0
2009-12-14 00:00:00+08:00,34.68,34.87,34.38,34.77,35504800,0.0,0.0
2009-12-15 00:00:00+08:00,34.97,34.97,34.14,34.34,32448800,0.0,0.0
2009-12-16 00:00:00+08:00,34.04,34.14,33.51,33.66,31381600,0.0,0.0
2009-12-17 00:00:00+08:00,34.19,34.68,34.04,34.29,41535200,0.0,0.0
2009-12-18 00:00:00+08:00,34.43,34.87,34.38,34.87,53165600,0.0,0.0
2009-12-21 00:00:00+08:00,35.65,37.3,35.65,36.86,112980000,0.0,0.0
2009-12-22 00:00:00+08:00,36.96,37.35,36.57,37.2,74598400,0.0,0.0
2009-12-23 00:00:00+08:00,37.4,37.54,36.62,36.72,47017600,0.0,0.0
2009-12-24 00:00:00+08:00,36.91,37.3,36.76,36.81,36035200,0.0,0.0
2009-12-25 00:00:00+08:00,37.15,37.15,36.67,36.91,20957600,0.0,0.0
2009-12-28 00:00:00+08:00,37.4,37.49,37.06,37.15,25348000,0.0,0.0
2009-12-29 00:00:00+08:00,37.15,37.25,36.96,36.96,20220800,0.0,0.0
2009-12-30 00:00:00+08:00,37.01,37.69,36.96,37.4,41961600,0.0,0.0
2009-12-31 00:00:00+08:00,37.64,37.78,37.44,37.69,24939200,0.0,0.0
2010-01-04 00:00:00+08:00,37.88,39.39,37.88,38.76,96197600,0.0,0.0
2010-01-05 00:00:00+08:00,39.39,39.53,38.37,38.8,64832000,0.0,0.0
2010-01-06 00:00:00+08:00,39.0,40.79,39.0,40.79,99959200,0.0,0.0
2010-01-07 00:00:00+08:00,40.79,40.94,39.82,39.97,53579200,0.0,0.0
2010-01-08 00:00:00+08:00,40.11,40.75,38.71,40.5,61091200,0.0,0.0
2010-01-11 00:00:00+08:00,40.5,40.94,40.11,40.41,58493600,0.0,0.0
2010-01-12 00:00:00+08:00,39.82,40.02,39.34,39.68,41917600,0.0,0.0
2010-01-13 00:00:00+08:00,38.85,39.24,38.37,38.56,56774400,0.0,0.0
2010-01-14 00:00:00+08:00,38.56,39.24,38.56,39.14,34480800,0.0,0.0
2010-01-15 00:00:00+08:00,39.73,40.31,39.53,39.77,42109600,0.0,0.0
2010-01-18 00:00:00+08:00,38.85,39.14,38.61,38.85,43580800,0.0,0.0
2010-01-19 00:00:00+08:00,38.85,38.95,37.69,37.78,57356000,0.0,0.0
2010-01-20 00:00:00+08:00,37.78,38.12,37.1,37.35,40412000,0.0,0.0
2010-01-21 00:00:00+08:00,37.35,37.98,36.91,37.1,41976800,0.0,0.0
2010-01-22 00:00:00+08:00,36.72,37.35,36.52,37.01,52545600,0.0,0.0
2010-01-25 00:00:00+08:00,36.81,37.4,36.67,37.01,27434400,0.0,0.0
2010-01-26 00:00:00+08:00,37.3,37.4,35.4,35.84,58693600,0.0,0.0
2010-01-27 00:00:00+08:00,35.45,36.13,35.36,35.6,37118400,0.0,0.0
2010-01-28 00:00:00+08:00,35.94,37.3,35.89,36.91,60086400,0.0,0.0
2010-01-29 00:00:00+08:00,35.36,35.55,34.34,34.82,78612800,0.0,0.0
2010-02-01 00:00:00+08:00,34.63,34.68,33.27,33.32,79592800,0.0,0.0
2010-02-02 00:00:00+08:00,33.85,34.09,33.46,33.7,44650400,0.0,0.0
2010-02-03 00:00:00+08:00,34.0,34.53,33.8,34.38,36761600,0.0,0.0
2010-02-04 00:00:00+08:00,34.38,34.38,33.75,34.29,28148800,0.0,0.0
2010-02-05 00:00:00+08:00,32.59,33.02,32.54,32.64,50527200,0.0,0.0
2010-02-08 00:00:00+08:00,33.9,34.48,33.56,33.9,32559200,0.0,0.0
2010-02-09 00:00:00+08:00,34.48,35.21,34.0,35.16,51860800,0.0,0.0
2010-02-10 00:00:00+08:00,35.94,35.94,35.02,35.26,55052000,0.0,0.0
2010-02-22 00:00:00+08:00,36.23,36.23,34.53,34.53,46073600,0.0,0.0
2010-02-23 00:00:00+08:00,33.22,33.95,33.07,33.61,50220800,0.0,0.0
2010-02-24 00:00:00+08:00,32.83,33.17,32.83,32.83,51046400,0.0,0.0
2010-02-25 00:00:00+08:00,33.02,33.22,31.76,31.86,64972000,0.0,0.0
2010-02-26 00:00:00+08:00,32.05,32.39,31.91,32.05,35112800,0.0,0.0
2010-03-01 00:00:00+08:00,32.39,33.41,32.25,33.27,55657600,0.0,0.0
2010-03-02 00:00:00+08:00,33.56,33.7,33.07,33.07,31510400,0.0,0.0
2010-03-03 00:00:00+08:00,33.32,33.36,32.59,32.78,28529600,0.0,0.0
2010-03-04 00:00:00+08:00,33.22,33.22,32.44,32.44,41000800,0.0,0.0
2010-03-05 00:00:00+08:00,32.88,33.22,32.68,33.12,43228800,0.0,0.0
2010-03-08 00:00:00+08:00,33.61,34.34,33.41,34.34,56425600,0.0,0.0
2010-03-09 00:00:00+08:00,34.34,34.48,34.0,34.48,25328000,0.0,0.0
2010-03-10 00:00:00+08:00,34.72,34.72,33.8,34.0,33505600,0.0,0.0
2010-03-11 00:00:00+08:00,34.09,34.48,33.61,33.7,38558400,0.0,0.0
2010-03-12 00:00:00+08:00,33.9,33.95,33.41,33.7,28473600,0.0,0.0
2010-03-15 00:00:00+08:00,33.95,34.24,33.61,33.75,27107200,0.0,0.0
2010-03-16 00:00:00+08:00,34.09,34.72,33.8,34.68,48729600,0.0,0.0
2010-03-17 00:00:00+08:00,35.36,35.94,35.26,35.94,96910400,0.0,0.0
2010-03-18 00:00:00+08:00,35.94,35.99,35.6,35.74,42936800,0.0,0.0
2010-03-19 00:00:00+08:00,35.74,35.94,35.36,35.74,24349600,0.0,0.0
2010-03-22 00:00:00+08:00,35.74,36.18,35.5,35.7,41580000,0.0,0.0
2010-03-23 00:00:00+08:00,35.79,35.89,35.06,35.16,42924000,0.0,0.0
2010-03-24 00:00:00+08:00,35.45,35.45,34.97,35.02,34236000,0.0,0.0
2010-03-25 00:00:00+08:00,34.77,35.02,34.38,34.68,35121600,0.0,0.0
2010-03-26 00:00:00+08:00,34.68,35.31,34.24,35.16,36568000,0.0,0.0
2010-03-29 00:00:00+08:00,35.16,35.26,34.68,34.72,32336800,0.0,0.0
2010-03-30 00:00:00+08:00,34.97,35.02,34.58,34.97,25948800,0.0,0.0
2010-03-31 00:00:00+08:00,34.58,35.26,34.29,35.06,42746400,0.0,0.0
2010-04-01 00:00:00+08:00,35.11,35.45,34.77,35.31,36216800,0.0,0.0
2010-04-02 00:00:00+08:00,35.5,35.89,35.5,35.74,35478400,0.0,0.0
2010-04-06 00:00:00+08:00,36.23,36.28,35.74,35.94,42741600,0.0,0.0
2010-04-07 00:00:00+08:00,35.99,36.04,35.36,35.7,23503200,0.0,0.0
2010-04-08 00:00:00+08:00,35.11,35.5,34.92,35.02,42836000,0.0,0.0
2010-04-09 00:00:00+08:00,34.77,34.92,34.58,34.72,28370400,0.0,0.0
2010-04-12 00:00:00+08:00,34.97,35.94,34.92,35.4,29310400,0.0,0.0
2010-04-13 00:00:00+08:00,34.72,35.16,34.58,34.68,19195200,0.0,0.0
2010-04-14 00:00:00+08:00,35.06,35.11,34.38,34.92,19789600,0.0,0.0
2010-04-15 00:00:00+08:00,34.92,34.97,34.48,34.63,22495200,0.0,0.0
2010-04-16 00:00:00+08:00,34.58,35.06,34.34,34.68,23744000,0.0,0.0
2010-04-19 00:00:00+08:00,34.43,34.63,33.56,33.56,31320000,0.0,0.0
2010-04-20 00:00:00+08:00,33.85,34.14,33.66,33.75,23312800,0.0,0.0
2010-04-21 00:00:00+08:00,34.04,34.97,34.04,34.97,28831200,0.0,0.0
2010-04-22 00:00:00+08:00,35.21,35.6,35.06,35.31,55702400,0.0,0.0
2010-04-23 00:00:00+08:00,37.74,37.74,36.52,36.57,124957600,0.0,0.0
2010-04-26 00:00:00+08:00,37.1,37.2,36.67,36.67,45272800,0.0,0.0
2010-04-27 00:00:00+08:00,36.67,36.76,36.08,36.18,32957600,0.0,0.0
2010-04-28 00:00:00+08:00,35.21,35.84,35.21,35.55,35893600,0.0,0.0
2010-04-29 00:00:00+08:00,35.55,36.23,35.36,35.99,30493600,0.0,0.0
2010-04-30 00:00:00+08:00,36.47,36.52,35.5,35.55,45622400,0.0,0.0
2010-05-03 00:00:00+08:00,36.67,36.67,35.5,35.84,62259200,0.0,0.0
2010-05-04 00:00:00+08:00,36.04,36.33,35.26,35.5,34368800,0.0,0.0
2010-05-05 00:00:00+08:00,34.63,34.82,33.8,34.0,57712800,0.0,0.0
2010-05-06 00:00:00+08:00,33.61,33.95,32.3,32.54,60788000,0.0,0.0
2010-05-07 00:00:00+08:00,31.18,32.83,31.18,32.83,55225600,0.0,0.0
2010-05-10 00:00:00+08:00,33.41,33.41,32.83,33.36,25556000,0.0,0.0
2010-05-11 00:00:00+08:00,33.56,33.66,32.34,32.34,38784000,0.0,0.0
2010-05-12 00:00:00+08:00,32.34,32.64,31.76,31.96,40188000,0.0,0.0
2010-05-13 00:00:00+08:00,32.34,32.83,32.05,32.83,28137600,0.0,0.0
2010-05-14 00:00:00+08:00,32.83,33.32,32.59,33.22,22423200,0.0,0.0
2010-05-17 00:00:00+08:00,32.54,32.78,31.66,31.76,34356000,0.0,0.0
2010-05-18 00:00:00+08:00,31.66,31.66,30.3,30.55,61200800,0.0,0.0
2010-05-19 00:00:00+08:00,30.11,30.11,29.14,29.96,89076800,0.0,0.0
2010-05-20 00:00:00+08:00,29.96,30.55,29.53,29.53,45892000,0.0,0.0
2010-05-21 00:00:00+08:00,28.75,29.53,28.65,29.19,55504800,0.0,0.0
2010-05-24 00:00:00+08:00,29.92,30.01,29.53,29.92,20256000,0.0,0.0
2010-05-25 00:00:00+08:00,29.62,29.62,28.17,28.94,54999200,0.0,0.0
2010-05-26 00:00:00+08:00,29.38,29.38,28.36,28.8,40998400,0.0,0.0
2010-05-27 00:00:00+08:00,28.94,29.62,28.85,29.48,27468000,0.0,0.0
2010-05-28 00:00:00+08:00,30.21,30.69,29.82,30.06,44070400,0.0,0.0
2010-05-31 00:00:00+08:00,30.16,30.55,29.92,30.55,20662400,0.0,0.0
2010-06-01 00:00:00+08:00,30.4,30.4,29.82,30.06,21247200,0.0,0.0
2010-06-02 00:00:00+08:00,29.62,29.87,28.8,29.04,30355200,0.0,0.0
2010-06-03 00:00:00+08:00,29.53,29.96,29.43,29.92,27003200,0.0,0.0
2010-06-04 00:00:00+08:00,30.16,30.21,29.82,29.82,16700000,0.0,0.0
2010-06-07 00:00:00+08:00,28.46,28.99,28.26,28.8,38105600,0.0,0.0
2010-06-08 00:00:00+08:00,28.8,29.19,28.56,28.56,33534400,0.0,0.0
2010-06-09 00:00:00+08:00,28.36,28.56,27.73,27.78,65663200,0.0,0.0
2010-06-10 00:00:00+08:00,28.51,28.85,28.22,28.65,33157600,0.0,0.0
2010-06-11 00:00:00+08:00,29.58,29.62,29.24,29.53,46607200,0.0,0.0
2010-06-14 00:00:00+08:00,29.92,29.96,29.04,29.96,43555200,0.0,0.0
2010-06-15 00:00:00+08:00,29.92,30.69,29.67,30.4,49969600,0.0,0.0
2010-06-17 00:00:00+08:00,30.79,30.79,30.4,30.45,37638400,0.0,0.0
2010-06-18 00:00:00+08:00,30.69,30.69,29.82,29.96,18220800,0.0,0.0
2010-06-21 00:00:00+08:00,30.11,30.55,29.77,30.3,46733600,0.0,0.0
2010-06-22 00:00:00+08:00,30.16,30.21,29.92,29.96,18067200,0.0,0.0
2010-06-23 00:00:00+08:00,29.62,29.62,29.24,29.43,39151200,0.0,0.0
2010-06-24 00:00:00+08:00,29.38,29.58,29.28,29.48,12957600,0.0,0.0
2010-06-25 00:00:00+08:00,29.24,29.72,29.19,29.58,20504800,0.0,0.0
2010-06-28 00:00:00+08:00,29.72,29.87,29.38,29.38,16798400,0.0,0.0
2010-06-29 00:00:00+08:00,29.38,29.77,28.65,28.65,47255200,0.0,0.0
2010-06-30 00:00:00+08:00,27.97,28.17,27.78,27.97,43090400,0.0,0.0
2010-07-01 00:00:00+08:00,28.17,28.17,27.73,27.97,10232800,0.0,0.0
2010-07-02 00:00:00+08:00,27.63,27.97,27.59,27.63,23111200,0.0,0.0
2010-07-05 00:00:00+08:00,27.83,28.7,27.78,28.26,28471200,0.0,0.0
2010-07-06 00:00:00+08:00,28.17,28.75,28.07,28.65,27900000,0.0,0.0
2010-07-07 00:00:00+08:00,28.65,29.14,28.46,28.51,33103200,0.0,0.0
2010-07-08 00:00:00+08:00,29.14,30.21,28.99,29.82,65761600,0.0,0.0
2010-07-09 00:00:00+08:00,30.11,30.35,29.87,30.21,35572000,0.0,0.0
2010-07-12 00:00:00+08:00,31.08,31.37,30.45,30.45,47110400,0.0,0.0
2010-07-13 00:00:00+08:00,30.5,30.69,29.77,29.77,30052800,0.0,0.0
2010-07-14 00:00:00+08:00,30.01,30.6,29.87,30.26,32147200,0.0,0.0
2010-07-15 00:00:00+08:00,30.26,30.26,29.43,29.58,26888800,0.0,0.0
2010-07-16 00:00:00+08:00,29.48,29.62,29.09,29.09,28242400,0.0,0.0
2010-07-19 00:00:00+08:00,28.65,28.65,28.31,28.46,31214400,0.0,0.0
2010-07-20 00:00:00+08:00,28.7,29.33,28.51,29.09,30337600,0.0,0.0
2010-07-21 00:00:00+08:00,29.33,29.38,28.75,28.85,22979200,0.0,0.0
2010-07-22 00:00:00+08:00,28.65,28.7,28.36,28.46,21764000,0.0,0.0
2010-07-23 00:00:00+08:00,28.85,29.24,28.8,29.14,35108000,0.0,0.0
2010-07-26 00:00:00+08:00,29.62,30.06,29.58,29.92,42704800,0.0,0.0
2010-07-27 00:00:00+08:00,30.3,30.35,29.72,29.72,31123200,0.0,0.0
2010-07-28 00:00:00+08:00,29.87,30.01,29.58,29.92,24126400,0.0,0.0
2010-07-29 00:00:00+08:00,30.4,30.5,29.82,29.96,55685600,0.0,0.0
2010-07-30 00:00:00+08:00,29.87,29.87,29.38,29.48,24884800,0.0,0.0
2010-08-02 00:00:00+08:00,29.62,30.11,29.62,29.87,22760800,0.0,0.0
2010-08-03 00:00:00+08:00,29.82,30.11,29.14,30.11,58066400,0.0,0.0
2010-08-04 00:00:00+08:00,29.58,29.82,29.28,29.33,38373600,0.0,0.0
2010-08-05 00:00:00+08:00,29.43,29.62,29.14,29.19,31326400,0.0,0.0
2010-08-06 00:00:00+08:00,28.94,29.96,28.94,29.62,59081600,0.0,0.0
2010-08-09 00:00:00+08:00,29.38,30.4,29.38,30.01,58201600,0.0,0.0
2010-08-10 00:00:00+08:00,30.3,30.5,29.48,29.48,35420000,0.0,0.0
2010-08-11 00:00:00+08:00,29.33,29.72,29.19,29.33,30262400,0.0,0.0
2010-08-12 00:00:00+08:00,28.9,29.04,28.65,28.75,32098400,0.0,0.0
2010-08-13 00:00:00+08:00,28.75,28.94,28.7,28.8,28245600,0.0,0.0
2010-08-16 00:00:00+08:00,28.6,28.7,28.51,28.56,21647200,0.0,0.0
2010-08-17 00:00:00+08:00,28.41,28.46,28.07,28.12,45080800,0.0,0.0
2010-08-18 00:00:00+08:00,28.12,28.65,27.97,28.02,41869600,0.0,0.0
2010-08-19 00:00:00+08:00,27.92,28.36,27.88,28.26,24616800,0.0,0.0
2010-08-20 00:00:00+08:00,28.31,28.56,28.07,28.07,28118400,0.0,0.0
2010-08-23 00:00:00+08:00,27.44,27.59,26.91,27.49,54718400,0.0,0.0
2010-08-24 00:00:00+08:00,27.49,27.73,27.2,27.2,34920000,0.0,0.0
2010-08-25 00:00:00+08:00,27.2,27.2,26.37,26.52,58029600,0.0,0.0
2010-08-26 00:00:00+08:00,26.52,27.54,26.52,26.86,35570400,0.0,0.0
2010-08-27 00:00:00+08:00,26.86,27.25,26.71,27.15,21643200,0.0,0.0
2010-08-30 00:00:00+08:00,27.44,27.68,27.15,27.15,25773600,0.0,0.0
2010-08-31 00:00:00+08:00,27.2,27.44,26.71,26.86,23245600,0.0,0.0
2010-09-01 00:00:00+08:00,26.91,27.29,26.71,26.71,25125600,0.0,0.0
2010-09-02 00:00:00+08:00,27.15,27.2,26.86,27.05,19582400,0.0,0.0
2010-09-03 00:00:00+08:00,27.2,28.51,27.2,28.36,72327200,0.0,0.0
2010-09-06 00:00:00+08:00,28.65,28.8,28.02,28.17,34614400,0.0,0.0
2010-09-07 00:00:00+08:00,28.36,28.6,27.97,28.12,24088800,0.0,0.0
2010-09-08 00:00:00+08:00,28.22,28.6,28.17,28.22,33258400,0.0,0.0
2010-09-09 00:00:00+08:00,28.65,29.28,28.51,29.19,82145600,0.0,0.0
2010-09-10 00:00:00+08:00,30.06,30.21,29.53,29.53,74596000,0.0,0.0
2010-09-13 00:00:00+08:00,29.92,29.92,29.33,29.67,38605600,0.0,0.0
2010-09-14 00:00:00+08:00,29.92,29.92,29.33,29.58,28052800,0.0,0.0
2010-09-15 00:00:00+08:00,29.77,30.3,29.58,29.92,65153600,0.0,0.0
2010-09-16 00:00:00+08:00,30.11,30.11,29.14,29.67,46962400,0.0,0.0
2010-09-17 00:00:00+08:00,29.82,29.96,29.58,29.72,25568800,0.0,0.0
2010-09-20 00:00:00+08:00,29.92,30.01,29.58,29.72,22676800,0.0,0.0
2010-09-21 00:00:00+08:00,29.87,30.01,29.62,29.72,33360000,0.0,0.0
2010-09-23 00:00:00+08:00,29.72,30.45,29.43,30.16,42376000,0.0,0.0
2010-09-24 00:00:00+08:00,29.92,29.92,29.48,29.53,31666400,0.0,0.0
2010-09-27 00:00:00+08:00,29.92,30.26,29.62,29.62,30741600,0.0,0.0
2010-09-28 00:00:00+08:00,29.92,30.55,29.92,30.3,58466400,0.0,0.0
2010-09-29 00:00:00+08:00,31.08,32.25,30.98,31.86,136677600,0.0,0.0
2010-09-30 00:00:00+08:00,32.05,32.39,31.42,31.47,109048000,0.0,0.0
2010-10-01 00:00:00+08:00,31.86,31.96,31.37,31.76,30078400,0.0,0.0
2010-10-04 00:00:00+08:00,32.05,32.05,30.94,30.94,38748800,0.0,0.0
2010-10-05 00:00:00+08:00,30.94,31.03,30.55,30.74,27400800,0.0,0.0
2010-10-06 00:00:00+08:00,31.13,31.66,30.74,31.23,48376000,0.0,0.0
2010-10-07 00:00:00+08:00,31.37,31.37,30.94,31.03,27916000,0.0,0.0
2010-10-08 00:00:00+08:00,29.92,30.26,29.62,29.82,105813600,0.0,0.0
2010-10-11 00:00:00+08:00,29.82,29.87,29.28,29.43,32879200,0.0,0.0
2010-10-12 00:00:00+08:00,29.43,29.62,29.04,29.04,39680800,0.0,0.0
2010-10-13 00:00:00+08:00,29.19,29.48,29.14,29.19,17631200,0.0,0.0
2010-10-14 00:00:00+08:00,29.62,29.92,29.62,29.77,26514400,0.0,0.0
2010-10-15 00:00:00+08:00,29.87,30.21,29.72,29.96,25770400,0.0,0.0
2010-10-18 00:00:00+08:00,30.11,30.11,29.33,29.33,25636000,0.0,0.0
2010-10-19 00:00:00+08:00,29.24,29.82,28.94,29.24,36296800,0.0,0.0
2010-10-20 00:00:00+08:00,28.94,29.43,28.9,29.04,35624800,0.0,0.0
2010-10-21 00:00:00+08:00,28.94,29.24,28.12,28.26,74468000,0.0,0.0
2010-10-22 00:00:00+08:00,28.65,28.8,28.26,28.6,48831200,0.0,0.0
2010-10-25 00:00:00+08:00,28.85,29.33,28.85,29.14,45928000,0.0,0.0
2010-10-26 00:00:00+08:00,29.62,29.92,29.58,29.87,54700000,0.0,0.0
2010-10-27 00:00:00+08:00,30.21,30.26,29.82,29.87,38203200,0.0,0.0
2010-10-28 00:00:00+08:00,29.92,30.21,29.43,30.16,52136000,0.0,0.0
2010-10-29 00:00:00+08:00,30.01,30.01,29.67,29.67,23060800,0.0,0.0
2010-11-01 00:00:00+08:00,29.92,30.21,29.28,29.82,33978400,0.0,0.0
2010-11-02 00:00:00+08:00,29.62,30.06,29.62,29.67,22841600,0.0,0.0
2010-11-03 00:00:00+08:00,30.11,30.26,29.62,29.77,31866400,0.0,0.0
2010-11-04 00:00:00+08:00,30.01,30.55,30.01,30.06,36886400,0.0,0.0
2010-11-05 00:00:00+08:00,30.3,30.5,30.01,30.26,28337600,0.0,0.0
2010-11-08 00:00:00+08:00,30.35,30.35,29.48,29.62,19910400,0.0,0.0
2010-11-09 00:00:00+08:00,29.28,29.87,29.28,29.77,16985600,0.0,0.0
2010-11-10 00:00:00+08:00,29.72,29.82,29.38,29.48,15873600,0.0,0.0
2010-11-11 00:00:00+08:00,29.33,29.67,29.33,29.38,19064000,0.0,0.0
2010-11-12 00:00:00+08:00,29.19,29.33,28.85,28.9,24525600,0.0,0.0
2010-11-15 00:00:00+08:00,28.65,28.8,28.17,28.17,41621600,0.0,0.0
2010-11-16 00:00:00+08:00,28.17,28.65,28.17,28.31,22316000,0.0,0.0
2010-11-17 00:00:00+08:00,27.88,28.51,27.78,28.36,18330400,0.0,0.0
2010-11-18 00:00:00+08:00,28.26,28.41,28.17,28.26,18774400,0.0,0.0
2010-11-19 00:00:00+08:00,28.46,28.94,28.36,28.36,35589600,0.0,0.0
2010-11-22 00:00:00+08:00,28.56,29.33,28.56,29.14,41228800,0.0,0.0
2010-11-23 00:00:00+08:00,29.33,29.96,29.24,29.62,57368800,0.0,0.0
2010-11-24 00:00:00+08:00,30.01,30.06,29.33,29.33,29472000,0.0,0.0
2010-11-25 00:00:00+08:00,29.72,30.3,29.67,30.11,48690400,0.0,0.0
2010-11-26 00:00:00+08:00,30.11,30.16,29.58,29.58,21323200,0.0,0.0
2010-11-29 00:00:00+08:00,29.96,30.06,29.62,29.92,39963200,0.0,0.0
2010-11-30 00:00:00+08:00,29.62,30.3,29.62,29.62,49451200,0.0,0.0
2010-12-01 00:00:00+08:00,29.82,29.96,29.58,29.72,26232800,0.0,0.0
2010-12-02 00:00:00+08:00,29.92,30.06,29.14,29.33,45010400,0.0,0.0
2010-12-03 00:00:00+08:00,29.53,29.58,28.85,29.14,42600800,0.0,0.0
2010-12-06 00:00:00+08:00,29.43,29.58,29.24,29.48,27605600,0.0,0.0
2010-12-07 00:00:00+08:00,29.62,30.11,29.48,29.87,40283200,0.0,0.0
2010-12-08 00:00:00+08:00,29.96,30.21,29.87,29.92,31606400,0.0,0.0
2010-12-09 00:00:00+08:00,29.72,29.72,29.14,29.19,60160000,0.0,0.0
2010-12-10 00:00:00+08:00,29.14,29.48,28.9,29.24,44813600,0.0,0.0
2010-12-13 00:00:00+08:00,29.72,30.55,29.72,30.11,61187200,0.0,0.0
2010-12-14 00:00:00+08:00,30.3,30.4,29.62,29.77,34726400,0.0,0.0
2010-12-15 00:00:00+08:00,29.62,30.21,29.62,30.11,36441600,0.0,0.0
2010-12-16 00:00:00+08:00,30.16,30.55,29.96,30.5,44318400,0.0,0.0
2010-12-17 00:00:00+08:00,30.64,30.69,30.06,30.11,36208000,0.0,0.0
2010-12-20 00:00:00+08:00,30.45,30.45,29.62,29.67,24494400,0.0,0.0
2010-12-21 00:00:00+08:00,29.77,29.92,29.62,29.77,12036000,0.0,0.0
2010-12-22 00:00:00+08:00,29.82,29.92,29.53,29.58,21060000,0.0,0.0
2010-12-23 00:00:00+08:00,29.72,30.11,29.62,29.72,21698400,0.0,0.0
2010-12-24 00:00:00+08:00,29.82,29.87,29.62,29.67,13365600,0.0,0.0
2010-12-27 00:00:00+08:00,29.67,29.72,29.43,29.43,15220800,0.0,0.0
2010-12-28 00:00:00+08:00,29.48,29.77,29.48,29.48,14120800,0.0,0.0
2010-12-29 00:00:00+08:00,29.58,29.62,29.28,29.28,16064000,0.0,0.0
2010-12-30 00:00:00+08:00,29.24,29.82,29.24,29.43,23951200,0.0,0.0
2010-12-31 00:00:00+08:00,29.62,29.77,29.43,29.43,17356800,0.0,0.0
2011-01-03 00:00:00+08:00,29.62,29.67,29.43,29.48,19344800,0.0,0.0
2011-01-04 00:00:00+08:00,29.58,29.72,29.33,29.33,28755200,0.0,0.0
2011-01-05 00:00:00+08:00,29.53,29.62,29.09,29.19,27479200,0.0,0.0
2011-01-06 00:00:00+08:00,29.19,29.28,28.85,29.04,22029600,0.0,0.0
2011-01-07 00:00:00+08:00,29.04,29.14,28.46,28.65,29562400,0.0,0.0
2011-01-10 00:00:00+08:00,28.65,28.65,28.07,28.17,41433600,0.0,0.0
2011-01-11 00:00:00+08:00,28.02,28.51,27.92,28.26,40784800,0.0,0.0
2011-01-12 00:00:00+08:00,28.46,28.9,28.36,28.51,29991200,0.0,0.0
2011-01-13 00:00:00+08:00,28.75,28.85,28.41,28.46,23571200,0.0,0.0
2011-01-14 00:00:00+08:00,28.46,28.56,28.22,28.31,13820800,0.0,0.0
2011-01-17 00:00:00+08:00,28.36,28.41,27.97,27.97,24260800,0.0,0.0
2011-01-18 00:00:00+08:00,28.02,28.31,28.02,28.02,20197600,0.0,0.0
2011-01-19 00:00:00+08:00,28.17,28.94,28.17,28.9,39838400,0.0,0.0
2011-01-20 00:00:00+08:00,28.75,28.75,28.26,28.26,31538400,0.0,0.0
2011-01-21 00:00:00+08:00,27.88,28.07,27.63,27.73,56049600,0.0,0.0
2011-01-24 00:00:00+08:00,27.73,27.92,27.63,27.78,20262400,0.0,0.0
2011-01-25 00:00:00+08:00,27.97,28.17,27.88,27.88,16711200,0.0,0.0
2011-01-26 00:00:00+08:00,28.02,28.41,27.92,28.31,25252800,0.0,0.0
2011-01-27 00:00:00+08:00,28.51,28.56,28.02,28.07,28054400,0.0,0.0
2011-01-28 00:00:00+08:00,27.97,28.46,27.88,28.12,38198400,0.0,0.0
2011-02-08 00:00:00+08:00,28.41,28.41,27.2,27.39,40967200,0.0,0.0
2011-02-09 00:00:00+08:00,27.2,27.39,26.71,26.81,47353600,0.0,0.0
2011-02-10 00:00:00+08:00,26.71,26.71,26.23,26.23,38428000,0.0,0.0
2011-02-11 00:00:00+08:00,26.23,26.52,25.25,25.55,44540000,0.0,0.0
2011-02-14 00:00:00+08:00,25.93,26.13,25.79,25.84,27304000,0.0,0.0
2011-02-15 00:00:00+08:00,25.89,26.03,25.5,25.74,22048800,0.0,0.0
2011-02-16 00:00:00+08:00,25.89,26.52,25.89,26.13,25152000,0.0,0.0
2011-02-17 00:00:00+08:00,26.37,26.91,26.32,26.42,37687200,0.0,0.0
2011-02-18 00:00:00+08:00,26.71,26.86,26.27,26.32,21295200,0.0,0.0
2011-02-21 00:00:00+08:00,26.32,26.52,25.84,25.89,20272800,0.0,0.0
2011-02-22 00:00:00+08:00,25.79,25.79,25.11,25.4,41486400,0.0,0.0
2011-02-23 00:00:00+08:00,25.25,25.64,25.01,25.06,42716800,0.0,0.0
2011-02-24 00:00:00+08:00,25.25,25.69,25.21,25.45,21812000,0.0,0.0
2011-02-25 00:00:00+08:00,25.74,26.37,25.5,26.13,42711200,0.0,0.0
2011-03-01 00:00:00+08:00,26.27,26.61,26.23,26.23,38513600,0.0,0.0
2011-03-02 00:00:00+08:00,25.98,26.18,25.74,25.74,22459200,0.0,0.0
2011-03-03 00:00:00+08:00,26.23,26.71,26.18,26.32,31289600,0.0,0.0
2011-03-04 00:00:00+08:00,26.71,26.86,26.42,26.47,20392800,0.0,0.0
2011-03-07 00:00:00+08:00,26.23,26.23,25.84,25.93,17105600,0.0,0.0
2011-03-08 00:00:00+08:00,25.79,26.37,25.79,26.27,17808000,0.0,0.0
2011-03-09 00:00:00+08:00,26.71,26.91,26.18,26.27,39485600,0.0,0.0
2011-03-10 00:00:00+08:00,25.93,26.08,25.84,25.93,22493600,0.0,0.0
2011-03-11 00:00:00+08:00,25.69,25.84,25.55,25.74,17976800,0.0,0.0
2011-03-14 00:00:00+08:00,25.74,25.89,24.43,25.06,35852000,0.0,0.0
2011-03-15 00:00:00+08:00,25.3,25.3,23.31,23.65,50936000,0.0,0.0
2011-03-16 00:00:00+08:00,24.14,24.38,23.85,23.89,35173600,0.0,0.0
2011-03-17 00:00:00+08:00,23.41,24.38,23.41,24.28,35799200,0.0,0.0
2011-03-18 00:00:00+08:00,24.57,24.77,24.14,24.77,27568800,0.0,0.0
2011-03-21 00:00:00+08:00,24.77,24.82,24.38,24.38,15362400,0.0,0.0
2011-03-22 00:00:00+08:00,24.57,24.62,24.28,24.28,22675200,0.0,0.0
2011-03-23 00:00:00+08:00,24.28,24.28,23.8,24.09,43482400,0.0,0.0
2011-03-24 00:00:00+08:00,24.28,24.38,23.89,24.19,34892000,0.0,0.0
2011-03-25 00:00:00+08:00,24.38,24.53,24.19,24.23,35697600,0.0,0.0
2011-03-28 00:00:00+08:00,23.99,24.09,23.85,23.94,17836000,0.0,0.0
2011-03-29 00:00:00+08:00,23.85,23.99,23.75,23.94,15919200,0.0,0.0
2011-03-30 00:00:00+08:00,24.19,24.19,23.7,23.8,29025600,0.0,0.0
2011-03-31 00:00:00+08:00,24.53,25.3,24.28,24.96,99623200,0.0,0.0
2011-04-01 00:00:00+08:00,24.67,24.67,24.19,24.33,47869600,0.0,0.0
2011-04-06 00:00:00+08:00,24.91,25.01,24.57,24.91,39207200,0.0,0.0
2011-04-07 00:00:00+08:00,25.06,25.06,24.62,24.87,20313600,0.0,0.0
2011-04-08 00:00:00+08:00,24.87,25.5,24.77,25.25,36982400,0.0,0.0
2011-04-11 00:00:00+08:00,25.21,25.3,24.96,25.06,15022400,0.0,0.0
2011-04-12 00:00:00+08:00,24.82,24.87,24.53,24.53,21426400,0.0,0.0
2011-04-13 00:00:00+08:00,24.28,25.06,24.19,24.77,40255200,0.0,0.0
2011-04-14 00:00:00+08:00,25.01,25.01,24.43,24.57,26895200,0.0,0.0
2011-04-15 00:00:00+08:00,24.67,24.77,24.28,24.33,15680800,0.0,0.0
2011-04-18 00:00:00+08:00,24.38,24.38,23.8,23.89,37476800,0.0,0.0
2011-04-19 00:00:00+08:00,23.7,24.28,23.7,24.09,23341600,0.0,0.0
2011-04-20 00:00:00+08:00,24.43,24.53,24.09,24.28,34507200,0.0,0.0
2011-04-21 00:00:00+08:00,24.28,24.38,23.94,23.94,31425600,0.0,0.0
2011-04-22 00:00:00+08:00,24.14,24.28,23.99,24.04,13302400,0.0,0.0
2011-04-25 00:00:00+08:00,24.14,24.28,24.04,24.09,13466400,0.0,0.0
2011-04-26 00:00:00+08:00,24.09,24.43,24.09,24.19,19382400,0.0,0.0
2011-04-27 00:00:00+08:00,24.38,24.38,24.14,24.14,30620800,0.0,0.0
2011-04-28 00:00:00+08:00,24.14,24.14,23.31,23.46,65388800,0.0,0.0
2011-04-29 00:00:00+08:00,23.31,23.31,21.95,22.29,70824800,0.0,0.0
2011-05-03 00:00:00+08:00,22.34,22.63,21.9,22.53,28988000,0.0,0.0
2011-05-04 00:00:00+08:00,22.53,22.63,22.19,22.34,14404800,0.0,0.0
2011-05-05 00:00:00+08:00,22.34,22.53,22.24,22.39,14569600,0.0,0.0
2011-05-06 00:00:00+08:00,22.34,22.83,22.19,22.68,32559200,0.0,0.0
2011-05-09 00:00:00+08:00,22.92,23.26,22.87,23.17,29620000,0.0,0.0
2011-05-10 00:00:00+08:00,23.41,23.46,23.17,23.21,25450400,0.0,0.0
2011-05-11 00:00:00+08:00,23.31,23.36,22.73,22.73,21647200,0.0,0.0
2011-05-12 00:00:00+08:00,22.39,22.53,22.24,22.24,29411200,0.0,0.0
2011-05-13 00:00:00+08:00,22.34,22.73,22.1,22.19,36481600,0.0,0.0
2011-05-16 00:00:00+08:00,22.0,22.19,21.42,21.47,44770400,0.0,0.0
2011-05-17 00:00:00+08:00,21.37,21.37,20.88,20.88,37436800,0.0,0.0
2011-05-18 00:00:00+08:00,21.03,21.66,21.03,21.66,28483200,0.0,0.0
2011-05-19 00:00:00+08:00,21.66,21.66,21.08,21.08,33040800,0.0,0.0
2011-05-20 00:00:00+08:00,21.42,21.76,21.27,21.47,48702400,0.0,0.0
2011-05-23 00:00:00+08:00,21.47,21.76,20.98,20.98,43436000,0.0,0.0
2011-05-24 00:00:00+08:00,21.22,21.81,21.22,21.81,39434400,0.0,0.0
2011-05-25 00:00:00+08:00,21.85,22.68,21.85,22.49,81312800,0.0,0.0
2011-05-26 00:00:00+08:00,22.73,22.78,22.24,22.58,45272000,0.0,0.0
2011-05-27 00:00:00+08:00,22.63,22.73,22.24,22.34,31375200,0.0,0.0
2011-05-30 00:00:00+08:00,22.39,22.58,22.24,22.34,26355200,0.0,0.0
2011-05-31 00:00:00+08:00,22.49,22.92,22.39,22.87,29623200,0.0,0.0
2011-06-01 00:00:00+08:00,22.87,23.12,22.73,22.87,39588800,0.0,0.0
2011-06-02 00:00:00+08:00,22.63,22.78,22.49,22.53,41004800,0.0,0.0
2011-06-03 00:00:00+08:00,22.53,22.92,22.44,22.73,37872800,0.0,0.0
2011-06-07 00:00:00+08:00,22.58,22.68,22.29,22.44,37666400,0.0,0.0
2011-06-08 00:00:00+08:00,22.44,22.53,21.95,22.05,40218400,0.0,0.0
2011-06-09 00:00:00+08:00,21.95,22.1,21.76,21.9,31413600,0.0,0.0
2011-06-10 00:00:00+08:00,22.0,22.15,21.66,21.66,37855200,0.0,0.0
2011-06-13 00:00:00+08:00,21.66,22.0,21.56,21.66,23280000,0.0,0.0
2011-06-14 00:00:00+08:00,21.76,21.9,21.66,21.81,23455200,0.0,0.0
2011-06-15 00:00:00+08:00,22.0,22.05,21.42,21.76,39044000,0.0,0.0
2011-06-16 00:00:00+08:00,21.42,21.51,20.98,20.98,28872800,0.0,0.0
2011-06-17 00:00:00+08:00,21.08,21.22,19.86,19.91,57275200,0.0,0.0
2011-06-20 00:00:00+08:00,19.96,20.06,18.65,18.89,81728000,0.0,0.0
2011-06-21 00:00:00+08:00,18.89,19.52,18.36,19.33,75624800,0.0,0.0
2011-06-22 00:00:00+08:00,19.43,19.67,18.94,19.62,41838400,0.0,0.0
2011-06-23 00:00:00+08:00,19.77,19.77,18.94,18.94,53954400,0.0,0.0
2011-06-24 00:00:00+08:00,18.94,19.38,18.89,19.18,26683200,0.0,0.0
2011-06-27 00:00:00+08:00,19.09,19.13,18.79,18.84,16868000,0.0,0.0
2011-06-28 00:00:00+08:00,19.13,19.28,18.79,18.79,17508800,0.0,0.0
2011-06-29 00:00:00+08:00,18.94,19.04,18.75,18.79,20052000,0.0,0.0
2011-06-30 00:00:00+08:00,18.84,19.04,18.79,19.04,20427200,0.0,0.0
2011-07-01 00:00:00+08:00,19.13,19.18,18.89,18.99,18152000,0.0,0.0
2011-07-04 00:00:00+08:00,18.99,19.04,18.7,18.7,25255200,0.0,0.0
2011-07-05 00:00:00+08:00,18.5,18.55,17.73,17.73,54232000,0.0,0.0
2011-07-06 00:00:00+08:00,17.73,18.11,17.73,17.97,38652000,0.0,0.0
2011-07-07 00:00:00+08:00,18.14,18.43,18.09,18.19,29639200,0.4,0.0
2011-07-08 00:00:00+08:00,18.19,18.38,18.04,18.24,33326400,0.0,0.0
2011-07-11 00:00:00+08:00,18.24,18.38,17.79,17.79,32932000,0.0,0.0
2011-07-12 00:00:00+08:00,17.49,17.64,17.05,17.1,39937600,0.0,0.0
2011-07-13 00:00:00+08:00,17.15,17.64,17.15,17.15,40784000,0.0,0.0
2011-07-14 00:00:00+08:00,17.25,17.45,16.7,17.05,24060000,0.0,0.0
2011-07-15 00:00:00+08:00,17.05,17.59,17.0,17.45,34636000,0.0,0.0
2011-07-18 00:00:00+08:00,17.2,17.2,16.8,16.8,23052800,0.0,0.0
2011-07-19 00:00:00+08:00,16.8,17.1,16.75,17.1,20580800,0.0,0.0
2011-07-20 00:00:00+08:00,17.54,17.54,17.35,17.4,24927200,0.0,0.0
2011-07-21 00:00:00+08:00,17.59,17.59,17.3,17.45,24274400,0.0,0.0
2011-07-22 00:00:00+08:00,17.69,17.89,17.54,17.59,33182400,0.0,0.0
2011-07-25 00:00:00+08:00,17.59,17.64,17.15,17.25,19504800,0.0,0.0
2011-07-26 00:00:00+08:00,17.45,17.59,17.3,17.49,20071200,0.0,0.0
2011-07-27 00:00:00+08:00,17.59,17.74,17.49,17.54,15288000,0.0,0.0
2011-07-28 00:00:00+08:00,16.8,16.95,16.36,16.51,59429600,0.0,0.0
2011-07-29 00:00:00+08:00,16.31,16.61,15.37,15.57,62344800,0.0,0.0
2011-08-01 00:00:00+08:00,15.62,16.01,15.62,15.76,27033600,0.0,0.0
2011-08-02 00:00:00+08:00,15.57,15.57,15.12,15.17,35488800,0.0,0.0
2011-08-03 00:00:00+08:00,14.78,16.11,14.53,15.86,100848800,0.0,0.0
2011-08-04 00:00:00+08:00,15.86,15.96,15.07,15.07,47947200,0.0,0.0
2011-08-05 00:00:00+08:00,14.04,14.18,14.04,14.04,57429600,0.0,0.0
2011-08-08 00:00:00+08:00,13.54,13.84,13.1,13.1,68135200,0.0,0.0
2011-08-09 00:00:00+08:00,12.21,12.85,12.21,12.31,88800000,0.0,0.0
2011-08-10 00:00:00+08:00,13.0,13.15,12.85,13.15,54948800,0.0,0.0
2011-08-11 00:00:00+08:00,12.95,13.89,12.85,13.39,109221600,0.0,0.0
2011-08-12 00:00:00+08:00,13.64,14.04,13.39,13.44,68732800,0.0,0.0
2011-08-15 00:00:00+08:00,13.74,13.84,13.64,13.69,25608800,0.0,0.0
2011-08-16 00:00:00+08:00,13.94,13.94,13.39,13.54,24649600,0.0,0.0
2011-08-17 00:00:00+08:00,13.54,13.59,13.15,13.15,24600000,0.0,0.0
2011-08-18 00:00:00+08:00,12.95,13.34,12.85,13.34,32704800,0.0,0.0
2011-08-19 00:00:00+08:00,12.75,12.9,12.45,12.45,54118400,0.0,0.0
2011-08-22 00:00:00+08:00,12.36,12.7,11.76,12.11,44260800,0.0,0.0
2011-08-23 00:00:00+08:00,11.96,12.55,11.96,12.36,40104000,0.0,0.0
2011-08-24 00:00:00+08:00,12.35,12.45,12.16,12.21,32801600,0.0,0.0
2011-08-25 00:00:00+08:00,12.21,12.5,11.86,11.86,34257600,0.0,0.0
2011-08-26 00:00:00+08:00,12.16,12.4,12.06,12.11,29612800,0.0,0.0
2011-08-29 00:00:00+08:00,12.26,12.85,12.21,12.7,32389600,0.0,0.0
2011-08-30 00:00:00+08:00,12.9,13.15,12.8,12.8,50915200,0.0,0.0
2011-08-31 00:00:00+08:00,12.65,13.69,12.55,13.64,78686400,0.0,0.0
2011-09-01 00:00:00+08:00,13.79,14.53,13.74,13.84,119996000,0.0,0.0
2011-09-02 00:00:00+08:00,13.79,14.04,13.64,13.99,44412800,0.0,0.0
2011-09-05 00:00:00+08:00,13.44,13.44,13.05,13.05,25275200,0.0,0.0
2011-09-06 00:00:00+08:00,12.65,12.95,12.21,12.4,62217600,0.0,0.0
2011-09-07 00:00:00+08:00,12.65,12.7,12.5,12.6,26586400,0.0,0.0
2011-09-08 00:00:00+08:00,12.75,12.95,12.55,12.65,26466400,0.0,0.0
2011-09-09 00:00:00+08:00,12.75,12.85,12.6,12.75,17329600,0.0,0.0
2011-09-13 00:00:00+08:00,12.4,12.5,12.21,12.21,24976800,0.0,0.0
2011-09-14 00:00:00+08:00,12.45,12.55,11.86,11.86,31646400,0.0,0.0
2011-09-15 00:00:00+08:00,12.21,12.65,12.11,12.45,73399200,0.0,0.0
2011-09-16 00:00:00+08:00,12.65,12.8,12.5,12.65,39740800,0.0,0.0
2011-09-19 00:00:00+08:00,12.6,12.8,12.45,12.45,20208800,0.0,0.0
2011-09-20 00:00:00+08:00,12.45,12.95,12.45,12.75,35653600,0.0,0.0
2011-09-21 00:00:00+08:00,12.95,13.64,12.65,13.44,79601600,0.0,0.0
2011-09-22 00:00:00+08:00,13.1,13.15,12.85,12.85,53775200,0.0,0.0
2011-09-23 00:00:00+08:00,12.21,12.95,12.21,12.6,56342400,0.0,0.0
2011-09-26 00:00:00+08:00,11.91,11.91,11.91,11.91,19770400,0.0,0.0
2011-09-27 00:00:00+08:00,12.26,12.4,12.11,12.21,37799200,0.0,0.0
2011-09-28 00:00:00+08:00,12.35,12.45,12.11,12.21,33072800,0.0,0.0
2011-09-29 00:00:00+08:00,11.86,12.4,11.76,12.31,46452800,0.0,0.0
2011-09-30 00:00:00+08:00,12.31,12.55,12.26,12.31,23887200,0.0,0.0
2011-10-03 00:00:00+08:00,12.06,12.26,11.96,12.01,22899200,0.0,0.0
2011-10-04 00:00:00+08:00,11.76,12.16,11.71,11.96,27876800,0.0,0.0
2011-10-05 00:00:00+08:00,12.16,12.21,11.76,11.76,27389600,0.0,0.0
2011-10-06 00:00:00+08:00,12.16,12.26,12.01,12.06,26488000,0.0,0.0
2011-10-07 00:00:00+08:00,12.11,12.16,12.11,12.16,12301600,0.0,0.0
2011-10-11 00:00:00+08:00,12.45,12.65,12.35,12.6,42303200,0.0,0.0
2011-10-12 00:00:00+08:00,12.7,12.8,12.55,12.6,28815200,0.0,0.0
2011-10-13 00:00:00+08:00,12.7,12.95,12.55,12.7,33396000,0.0,0.0
2011-10-14 00:00:00+08:00,12.8,12.8,12.6,12.65,13757600,0.0,0.0
2011-10-17 00:00:00+08:00,12.75,12.85,12.55,12.6,22955200,0.0,0.0
2011-10-18 00:00:00+08:00,12.4,12.45,11.91,12.01,34689600,0.0,0.0
2011-10-19 00:00:00+08:00,12.16,12.16,11.96,12.11,17907200,0.0,0.0
2011-10-20 00:00:00+08:00,12.01,12.06,11.61,11.76,40034400,0.0,0.0
2011-10-21 00:00:00+08:00,11.76,11.96,11.56,11.91,25819200,0.0,0.0
2011-10-24 00:00:00+08:00,12.16,12.31,12.06,12.26,32593600,0.0,0.0
2011-10-25 00:00:00+08:00,12.4,12.8,12.31,12.5,44593600,0.0,0.0
2011-10-26 00:00:00+08:00,11.96,12.26,11.96,12.16,50379200,0.0,0.0
2011-10-27 00:00:00+08:00,12.16,12.35,12.01,12.21,22297600,0.0,0.0
2011-10-28 00:00:00+08:00,12.55,13.05,12.55,13.05,119813600,0.0,0.0
2011-10-31 00:00:00+08:00,13.1,13.15,12.7,13.0,67265600,0.0,0.0
2011-11-01 00:00:00+08:00,12.9,13.84,12.75,13.54,88202400,0.0,0.0
2011-11-02 00:00:00+08:00,13.2,14.28,13.1,14.04,139940800,0.0,0.0
2011-11-03 00:00:00+08:00,14.04,14.43,13.84,13.84,124856800,0.0,0.0
2011-11-04 00:00:00+08:00,14.33,14.78,14.23,14.78,69890400,0.0,0.0
2011-11-07 00:00:00+08:00,15.02,15.02,14.68,14.78,86608800,0.0,0.0
2011-11-08 00:00:00+08:00,14.83,14.92,14.48,14.73,46344000,0.0,0.0
2011-11-09 00:00:00+08:00,14.92,15.27,14.28,14.28,70288800,0.0,0.0
2011-11-10 00:00:00+08:00,13.89,14.13,13.34,13.54,101676000,0.0,0.0
2011-11-11 00:00:00+08:00,13.74,14.48,13.49,14.48,80603200,0.0,0.0
2011-11-14 00:00:00+08:00,14.83,15.17,14.48,14.58,70725600,0.0,0.0
2011-11-15 00:00:00+08:00,14.63,14.92,14.53,14.83,44791200,0.0,0.0
2011-11-16 00:00:00+08:00,14.83,14.83,14.13,14.33,65666400,0.0,0.0
2011-11-17 00:00:00+08:00,14.13,14.48,13.94,14.48,39112000,0.0,0.0
2011-11-18 00:00:00+08:00,14.13,14.23,13.59,13.59,59632800,0.0,0.0
2011-11-21 00:00:00+08:00,13.34,13.79,13.1,13.2,48272000,0.0,0.0
2011-11-22 00:00:00+08:00,13.34,13.84,13.15,13.54,56507200,0.0,0.0
2011-11-23 00:00:00+08:00,13.15,13.34,12.6,12.6,83349600,0.0,0.0
2011-11-24 00:00:00+08:00,12.55,13.44,12.55,13.15,68714400,0.0,0.0
2011-11-25 00:00:00+08:00,13.34,13.39,12.85,12.85,51522400,0.0,0.0
2011-11-28 00:00:00+08:00,13.34,13.74,13.29,13.74,25356800,0.0,0.0
2011-11-29 00:00:00+08:00,14.04,14.13,13.79,13.94,65736000,0.0,0.0
2011-11-30 00:00:00+08:00,13.84,14.08,13.64,13.89,62144800,0.0,0.0
2011-12-01 00:00:00+08:00,14.83,14.83,14.83,14.83,36314400,0.0,0.0
2011-12-02 00:00:00+08:00,14.78,14.92,14.48,14.58,71006400,0.0,0.0
2011-12-05 00:00:00+08:00,14.78,15.22,14.38,14.38,77859200,0.0,0.0
2011-12-06 00:00:00+08:00,14.43,14.63,13.79,13.84,54172000,0.0,0.0
2011-12-07 00:00:00+08:00,13.99,14.33,13.94,14.28,42829600,0.0,0.0
2011-12-08 00:00:00+08:00,13.84,13.94,13.29,13.64,57933600,0.0,0.0
2011-12-09 00:00:00+08:00,13.15,13.69,12.95,13.44,44952000,0.0,0.0
2011-12-12 00:00:00+08:00,13.64,13.74,13.15,13.15,20800000,0.0,0.0
2011-12-13 00:00:00+08:00,13.15,13.39,13.1,13.2,31189600,0.0,0.0
2011-12-14 00:00:00+08:00,13.2,13.24,12.75,13.05,33003200,0.0,0.0
2011-12-15 00:00:00+08:00,12.85,12.95,12.5,12.5,40208000,0.0,0.0
2011-12-16 00:00:00+08:00,12.6,12.8,12.45,12.55,32180800,0.0,0.0
2011-12-19 00:00:00+08:00,12.5,12.85,12.45,12.6,36732000,0.0,0.0
2011-12-20 00:00:00+08:00,12.95,13.2,12.7,12.7,43441600,0.0,0.0
2011-12-21 00:00:00+08:00,13.54,13.54,13.24,13.54,58680800,0.0,0.0
2011-12-22 00:00:00+08:00,13.54,13.54,13.24,13.24,24410400,0.0,0.0
2011-12-23 00:00:00+08:00,13.54,13.69,13.24,13.59,46828800,0.0,0.0
2011-12-26 00:00:00+08:00,13.49,13.69,13.39,13.39,21052000,0.0,0.0
2011-12-27 00:00:00+08:00,13.59,13.69,13.39,13.44,25531200,0.0,0.0
2011-12-28 00:00:00+08:00,13.39,13.54,13.1,13.1,25970400,0.0,0.0
2011-12-29 00:00:00+08:00,12.95,13.24,12.9,13.1,26869600,0.0,0.0
2011-12-30 00:00:00+08:00,13.24,13.34,12.85,12.85,33935200,0.0,0.0
2012-01-02 00:00:00+08:00,13.0,13.05,12.55,12.7,28604800,0.0,0.0
2012-01-03 00:00:00+08:00,12.9,13.05,12.85,12.9,30643200,0.0,0.0
2012-01-04 00:00:00+08:00,13.2,13.24,12.9,12.95,30876800,0.0,0.0
2012-01-05 00:00:00+08:00,13.2,13.2,12.95,13.0,35738400,0.0,0.0
2012-01-06 00:00:00+08:00,13.0,13.05,12.65,12.75,29300000,0.0,0.0
2012-01-09 00:00:00+08:00,12.95,13.05,12.7,12.7,24061600,0.0,0.0
2012-01-10 00:00:00+08:00,12.95,13.54,12.9,13.54,91441600,0.0,0.0
2012-01-11 00:00:00+08:00,13.79,14.48,13.79,14.13,130700000,0.0,0.0
2012-01-12 00:00:00+08:00,14.38,14.38,13.99,14.08,59596000,0.0,0.0
2012-01-13 00:00:00+08:00,14.28,14.33,13.64,13.74,54663200,0.0,0.0
2012-01-16 00:00:00+08:00,14.13,14.13,13.74,14.08,48884000,0.0,0.0
2012-01-17 00:00:00+08:00,14.18,14.92,13.99,14.78,92400800,0.0,0.0
2012-01-18 00:00:00+08:00,14.83,15.12,14.63,14.63,80565600,0.0,0.0
2012-01-30 00:00:00+08:00,15.12,15.57,15.12,15.57,96314400,0.0,0.0
2012-01-31 00:00:00+08:00,15.76,16.16,15.42,15.62,83340800,0.0,0.0
2012-02-01 00:00:00+08:00,15.62,15.86,15.42,15.67,41560800,0.0,0.0
2012-02-02 00:00:00+08:00,15.91,16.75,15.91,16.75,118828800,0.0,0.0
2012-02-03 00:00:00+08:00,16.95,17.79,16.65,17.2,144788000,0.0,0.0
2012-02-06 00:00:00+08:00,16.51,16.75,16.21,16.51,74222400,0.0,0.0
2012-02-07 00:00:00+08:00,16.75,16.9,16.51,16.61,64479200,0.0,0.0
2012-02-08 00:00:00+08:00,16.8,17.05,16.65,16.7,106952800,0.0,0.0
2012-02-09 00:00:00+08:00,16.21,16.41,16.01,16.11,136931200,0.0,0.0
2012-02-10 00:00:00+08:00,16.31,16.61,16.21,16.26,74264800,0.0,0.0
2012-02-13 00:00:00+08:00,16.41,16.41,16.06,16.11,39888800,0.0,0.0
2012-02-14 00:00:00+08:00,16.31,16.36,15.86,16.06,51200000,0.0,0.0
2012-02-15 00:00:00+08:00,16.26,16.9,15.91,16.7,111859200,0.0,0.0
2012-02-16 00:00:00+08:00,16.56,16.65,15.62,15.81,72353600,0.0,0.0
2012-02-17 00:00:00+08:00,16.21,16.21,15.07,15.42,114246400,0.0,0.0
2012-02-20 00:00:00+08:00,15.62,15.81,15.32,15.42,56282400,0.0,0.0
2012-02-21 00:00:00+08:00,15.32,15.32,14.53,14.73,119814400,0.0,0.0
2012-02-22 00:00:00+08:00,14.53,14.97,14.33,14.97,84060000,0.0,0.0
2012-02-23 00:00:00+08:00,14.92,14.97,14.68,14.73,47176000,0.0,0.0
2012-02-24 00:00:00+08:00,14.97,15.72,14.97,15.72,151119200,0.0,0.0
2012-02-29 00:00:00+08:00,15.91,16.01,15.52,15.72,83089600,0.0,0.0
2012-03-01 00:00:00+08:00,15.72,15.96,15.62,15.62,40772800,0.0,0.0
2012-03-02 00:00:00+08:00,15.81,15.86,15.22,15.32,52314400,0.0,0.0
2012-03-05 00:00:00+08:00,15.37,15.91,15.37,15.47,58068000,0.0,0.0
2012-03-06 00:00:00+08:00,15.57,15.86,15.22,15.52,64358400,0.0,0.0
2012-03-07 00:00:00+08:00,15.17,15.52,15.17,15.17,43420000,0.0,0.0
2012-03-08 00:00:00+08:00,15.22,15.42,15.17,15.27,31238400,0.0,0.0
2012-03-09 00:00:00+08:00,15.62,16.01,15.62,15.81,69989600,0.0,0.0
2012-03-12 00:00:00+08:00,15.91,15.91,15.42,15.47,24183200,0.0,0.0
2012-03-13 00:00:00+08:00,15.62,15.72,15.42,15.67,33373600,0.0,0.0
2012-03-14 00:00:00+08:00,15.57,15.67,14.78,15.17,120968000,0.0,0.0
2012-03-15 00:00:00+08:00,14.97,15.17,14.92,15.02,37527200,0.0,0.0
2012-03-16 00:00:00+08:00,15.32,15.32,15.07,15.32,34544000,0.0,0.0
2012-03-19 00:00:00+08:00,15.52,15.72,15.12,15.12,34004000,0.0,0.0
2012-03-20 00:00:00+08:00,15.27,15.32,14.92,14.97,25371200,0.0,0.0
2012-03-21 00:00:00+08:00,15.12,15.37,15.02,15.07,30538400,0.0,0.0
2012-03-22 00:00:00+08:00,15.07,15.22,14.92,14.97,31120800,0.0,0.0
2012-03-23 00:00:00+08:00,14.92,15.02,14.33,14.48,61718400,0.0,0.0
2012-03-26 00:00:00+08:00,14.48,14.48,13.84,13.94,49492000,0.0,0.0
2012-03-27 00:00:00+08:00,14.18,14.28,14.08,14.13,23398400,0.0,0.0
2012-03-28 00:00:00+08:00,14.13,14.68,14.13,14.18,65017600,0.0,0.0
2012-03-29 00:00:00+08:00,14.04,14.04,13.44,13.54,50344800,0.0,0.0
2012-03-30 00:00:00+08:00,13.39,13.49,12.85,13.49,74126400,0.0,0.0
2012-04-02 00:00:00+08:00,13.49,13.84,13.39,13.84,39193600,0.0,0.0
2012-04-03 00:00:00+08:00,14.04,14.08,13.54,13.64,45937600,0.0,0.0
2012-04-05 00:00:00+08:00,13.44,14.43,13.34,14.28,68878400,0.0,0.0
2012-04-06 00:00:00+08:00,14.38,14.58,14.18,14.28,38443200,0.0,0.0
2012-04-09 00:00:00+08:00,13.84,14.13,13.64,13.74,21413600,0.0,0.0
2012-04-10 00:00:00+08:00,14.13,14.68,13.84,14.53,42003200,0.0,0.0
2012-04-11 00:00:00+08:00,14.33,14.58,14.18,14.38,24219200,0.0,0.0
2012-04-12 00:00:00+08:00,14.38,14.68,14.18,14.43,32279200,0.0,0.0
2012-04-13 00:00:00+08:00,14.78,15.07,14.68,15.02,70527200,0.0,0.0
2012-04-16 00:00:00+08:00,14.88,14.97,14.63,14.63,31804000,0.0,0.0
2012-04-17 00:00:00+08:00,14.53,14.58,14.08,14.08,46941600,0.0,0.0
2012-04-18 00:00:00+08:00,14.28,14.33,13.99,13.99,27220000,0.0,0.0
2012-04-19 00:00:00+08:00,14.04,14.43,13.94,14.13,35155200,0.0,0.0
2012-04-20 00:00:00+08:00,14.18,14.48,14.04,14.04,41926400,0.0,0.0
2012-04-23 00:00:00+08:00,14.04,14.13,13.59,13.64,34122400,0.0,0.0
2012-04-24 00:00:00+08:00,13.49,13.49,13.24,13.29,34544000,0.0,0.0
2012-04-25 00:00:00+08:00,13.54,13.89,13.44,13.84,26906400,0.0,0.0
2012-04-26 00:00:00+08:00,14.04,14.04,13.39,13.49,28869600,0.0,0.0
2012-04-27 00:00:00+08:00,13.64,13.69,13.0,13.24,41068000,0.0,0.0
2012-04-30 00:00:00+08:00,13.0,13.1,12.65,12.95,32466400,0.0,0.0
2012-05-02 00:00:00+08:00,13.1,13.64,13.05,13.54,43763200,0.0,0.0
2012-05-03 00:00:00+08:00,13.54,13.74,13.44,13.64,27293600,0.0,0.0
2012-05-04 00:00:00+08:00,13.64,13.89,13.49,13.84,33458400,0.0,0.0
2012-05-07 00:00:00+08:00,13.59,13.64,13.44,13.49,20515200,0.0,0.0
2012-05-08 00:00:00+08:00,13.49,13.64,13.2,13.2,30304800,0.0,0.0
2012-05-09 00:00:00+08:00,12.95,13.1,12.85,12.95,24420000,0.0,0.0
2012-05-10 00:00:00+08:00,13.1,13.2,12.9,12.9,29252800,0.0,0.0
2012-05-11 00:00:00+08:00,13.0,13.05,12.85,12.9,24356800,0.0,0.0
2012-05-14 00:00:00+08:00,12.9,13.0,12.65,12.8,28001600,0.0,0.0
2012-05-15 00:00:00+08:00,12.65,12.65,12.4,12.5,39584800,0.0,0.0
2012-05-16 00:00:00+08:00,12.5,12.8,12.26,12.26,40705600,0.0,0.0
2012-05-17 00:00:00+08:00,12.45,12.75,12.4,12.7,45583200,0.0,0.0
2012-05-18 00:00:00+08:00,12.4,12.5,11.91,11.96,57533600,0.0,0.0
2012-05-21 00:00:00+08:00,11.96,12.21,11.96,12.01,13811200,0.0,0.0
2012-05-22 00:00:00+08:00,12.16,12.31,12.06,12.21,22316000,0.0,0.0
2012-05-23 00:00:00+08:00,12.06,12.11,11.71,11.71,38442400,0.0,0.0
2012-05-24 00:00:00+08:00,11.86,11.96,11.66,11.76,27423200,0.0,0.0
2012-05-25 00:00:00+08:00,11.81,11.96,11.71,11.71,16442400,0.0,0.0
2012-05-28 00:00:00+08:00,11.86,12.01,11.71,11.96,15298400,0.0,0.0
2012-05-29 00:00:00+08:00,12.06,12.6,12.01,12.4,46324000,0.0,0.0
2012-05-30 00:00:00+08:00,12.45,12.55,12.35,12.4,38244000,0.0,0.0
2012-05-31 00:00:00+08:00,12.16,12.21,11.91,12.06,42088000,0.0,0.0
2012-06-01 00:00:00+08:00,11.91,12.01,11.76,11.76,24334400,0.0,0.0
2012-06-04 00:00:00+08:00,11.42,11.47,10.97,10.97,43088000,0.0,0.0
2012-06-05 00:00:00+08:00,11.17,11.37,11.17,11.17,48148000,0.0,0.0
2012-06-06 00:00:00+08:00,11.37,11.56,11.22,11.51,44242400,0.0,0.0
2012-06-07 00:00:00+08:00,11.86,11.96,11.42,11.56,34292800,0.0,0.0
2012-06-08 00:00:00+08:00,11.66,11.66,11.12,11.12,36008800,0.0,0.0
2012-06-11 00:00:00+08:00,11.32,11.86,11.22,11.81,40872000,0.0,0.0
2012-06-12 00:00:00+08:00,11.66,11.71,11.47,11.71,39032800,0.0,0.0
2012-06-13 00:00:00+08:00,11.76,11.81,11.61,11.76,20083200,0.0,0.0
2012-06-14 00:00:00+08:00,11.81,11.91,11.66,11.71,27696800,0.0,0.0
2012-06-15 00:00:00+08:00,11.71,11.96,11.71,11.81,29993600,0.0,0.0
2012-06-18 00:00:00+08:00,12.21,12.26,12.06,12.06,24871200,0.0,0.0
2012-06-19 00:00:00+08:00,12.06,12.11,11.71,11.86,27812000,0.0,0.0
2012-06-20 00:00:00+08:00,11.91,12.06,11.86,12.01,21821600,0.0,0.0
2012-06-21 00:00:00+08:00,11.96,12.01,11.86,11.91,14849600,0.0,0.0
2012-06-22 00:00:00+08:00,11.71,11.86,11.61,11.76,17640800,0.0,0.0
2012-06-25 00:00:00+08:00,11.66,11.81,11.56,11.66,15324000,0.0,0.0
2012-06-26 00:00:00+08:00,11.66,11.76,11.51,11.51,19404000,0.0,0.0
2012-06-27 00:00:00+08:00,11.56,11.76,11.56,11.76,11797600,0.0,0.0
2012-06-28 00:00:00+08:00,11.86,12.01,11.66,11.66,23940800,0.0,0.0
2012-06-29 00:00:00+08:00,11.66,11.91,11.66,11.91,24800800,0.0,0.0
2012-07-02 00:00:00+08:00,12.01,12.06,11.86,11.86,14162400,0.0,0.0
2012-07-03 00:00:00+08:00,11.96,12.11,11.91,12.01,29178400,0.0,0.0
2012-07-04 00:00:00+08:00,12.11,12.26,12.01,12.01,25810400,0.0,0.0
2012-07-05 00:00:00+08:00,12.01,12.11,11.91,11.91,23413600,0.0,0.0
2012-07-06 00:00:00+08:00,12.01,12.16,11.86,11.96,26170400,0.0,0.0
2012-07-09 00:00:00+08:00,11.86,11.91,11.61,11.61,28296000,0.0,0.0
2012-07-10 00:00:00+08:00,11.61,11.66,11.27,11.27,39825600,0.0,0.0
2012-07-11 00:00:00+08:00,11.27,11.47,11.27,11.37,27703200,0.0,0.0
2012-07-12 00:00:00+08:00,11.37,11.47,11.07,11.07,37858400,0.0,0.0
2012-07-13 00:00:00+08:00,11.07,11.22,11.07,11.07,22665600,0.0,0.0
2012-07-16 00:00:00+08:00,11.17,11.17,10.77,10.87,51181600,0.0,0.0
2012-07-17 00:00:00+08:00,10.87,10.92,10.58,10.82,38464000,0.0,0.0
2012-07-18 00:00:00+08:00,10.87,10.87,10.43,10.43,38184000,0.0,0.0
2012-07-19 00:00:00+08:00,10.48,10.53,10.13,10.23,66672800,0.0,0.0
2012-07-20 00:00:00+08:00,10.23,10.38,10.13,10.23,27820800,0.0,0.0
2012-07-23 00:00:00+08:00,9.98,10.03,9.87,9.88,36130400,0.0,0.0
2012-07-24 00:00:00+08:00,9.88,9.98,9.2,9.57,90521600,0.0,0.0
2012-07-25 00:00:00+08:00,9.35,9.64,9.35,9.39,45915200,0.0,0.0
2012-07-26 00:00:00+08:00,9.09,9.19,8.93,8.95,94762400,0.0,0.0
2012-07-27 00:00:00+08:00,9.09,9.11,8.96,8.96,59629600,0.0,0.0
2012-07-30 00:00:00+08:00,9.07,9.07,8.78,8.82,58696000,0.0,0.0
2012-07-31 00:00:00+08:00,8.81,9.19,8.81,9.18,93728800,0.0,0.0
2012-08-01 00:00:00+08:00,9.01,9.08,8.89,8.89,61906400,0.0,0.0
2012-08-02 00:00:00+08:00,8.89,8.89,8.89,8.89,0,0.0,0.0
2012-08-03 00:00:00+08:00,8.7,8.74,8.27,8.27,118361600,0.0,0.0
2012-08-06 00:00:00+08:00,8.43,8.43,8.11,8.11,65869600,0.0,0.0
2012-08-07 00:00:00+08:00,8.15,8.26,8.09,8.17,43017600,0.0,0.0
2012-08-08 00:00:00+08:00,8.41,8.74,8.29,8.68,101946400,0.0,0.0
2012-08-09 00:00:00+08:00,8.76,8.88,8.69,8.82,50897600,0.0,0.0
2012-08-10 00:00:00+08:00,8.82,8.87,8.67,8.87,35816800,0.0,0.0
2012-08-13 00:00:00+08:00,9.13,9.31,9.13,9.16,68442400,0.0,0.0
2012-08-14 00:00:00+08:00,9.27,9.35,9.16,9.19,42638400,0.0,0.0
2012-08-15 00:00:00+08:00,9.19,9.22,9.07,9.16,24285600,0.0,0.0
2012-08-16 00:00:00+08:00,9.12,9.12,8.9,9.12,49430400,0.0,0.0
2012-08-17 00:00:00+08:00,9.12,9.18,8.97,8.97,23997600,0.0,0.0
2012-08-20 00:00:00+08:00,8.97,8.99,8.9,8.91,17801600,0.0,0.0
2012-08-21 00:00:00+08:00,9.19,9.46,9.19,9.3,60579200,0.0,0.0
2012-08-22 00:00:00+08:00,9.34,9.82,9.32,9.72,85542400,0.0,0.0
2012-08-23 00:00:00+08:00,9.69,9.78,9.54,9.6,58407200,0.0,0.0
2012-08-24 00:00:00+08:00,9.39,9.49,9.31,9.31,43154400,0.0,0.0
2012-08-27 00:00:00+08:00,9.32,9.39,9.13,9.14,46055200,0.0,0.0
2012-08-28 00:00:00+08:00,9.12,9.12,8.93,8.98,36962400,0.0,0.0
2012-08-29 00:00:00+08:00,9.05,9.19,9.05,9.12,31086400,0.0,0.0
2012-08-30 00:00:00+08:00,9.27,9.48,9.19,9.19,75280000,0.0,0.0
2012-08-31 00:00:00+08:00,9.13,9.17,8.98,8.98,44247200,0.0,0.0
2012-09-03 00:00:00+08:00,8.99,9.11,8.96,9.09,22653600,0.0,0.0
2012-09-04 00:00:00+08:00,9.34,9.45,9.27,9.45,67741600,0.0,0.0
2012-09-05 00:00:00+08:00,9.49,9.74,9.49,9.59,99623200,0.0,0.0
2012-09-06 00:00:00+08:00,9.59,9.65,9.41,9.41,60540000,0.0,0.0
2012-09-07 00:00:00+08:00,9.56,10.03,9.56,9.93,155740800,0.0,0.0
2012-09-10 00:00:00+08:00,10.13,10.63,10.08,10.63,165375200,0.0,0.0
2012-09-11 00:00:00+08:00,10.72,10.72,10.43,10.63,77610400,0.0,0.0
2012-09-12 00:00:00+08:00,10.72,11.27,10.48,11.17,166495200,0.0,0.0
2012-09-13 00:00:00+08:00,10.58,10.87,10.43,10.67,203235200,0.0,0.0
2012-09-14 00:00:00+08:00,11.07,11.42,11.02,11.42,161231200,0.0,0.0
2012-09-17 00:00:00+08:00,11.51,11.56,11.07,11.17,115308800,0.0,0.0
2012-09-18 00:00:00+08:00,11.12,11.51,11.02,11.51,58948000,0.0,0.0
2012-09-19 00:00:00+08:00,11.51,11.56,11.22,11.27,94159200,0.0,0.0
2012-09-20 00:00:00+08:00,11.17,11.27,10.72,10.77,82270400,0.0,0.0
2012-09-21 00:00:00+08:00,11.02,11.37,11.02,11.32,116608000,0.0,0.0
2012-09-24 00:00:00+08:00,11.37,11.47,11.17,11.27,52795200,0.0,0.0
2012-09-25 00:00:00+08:00,11.32,11.42,11.22,11.22,40103200,0.0,0.0
2012-09-26 00:00:00+08:00,11.07,11.07,10.63,10.67,71606400,0.0,0.0
2012-09-27 00:00:00+08:00,10.67,10.97,10.63,10.97,51753600,0.0,0.0
2012-09-28 00:00:00+08:00,10.87,11.02,10.38,10.48,75708000,0.0,0.0
2012-10-01 00:00:00+08:00,10.48,10.48,10.13,10.28,38376800,0.0,0.0
2012-10-02 00:00:00+08:00,10.33,10.53,10.33,10.53,33980000,0.0,0.0
2012-10-03 00:00:00+08:00,10.63,10.72,10.48,10.48,29400000,0.0,0.0
2012-10-04 00:00:00+08:00,10.33,10.48,10.08,10.28,36360800,0.0,0.0
2012-10-05 00:00:00+08:00,10.48,10.67,10.38,10.58,32990400,0.0,0.0
2012-10-08 00:00:00+08:00,10.63,10.63,10.28,10.33,31691200,0.0,0.0
2012-10-09 00:00:00+08:00,10.18,10.33,10.08,10.08,28401600,0.0,0.0
2012-10-11 00:00:00+08:00,10.03,10.33,10.03,10.13,55661600,0.0,0.0
2012-10-12 00:00:00+08:00,10.28,10.43,10.03,10.23,26914400,0.0,0.0
2012-10-15 00:00:00+08:00,10.28,10.53,10.23,10.53,31044800,0.0,0.0
2012-10-16 00:00:00+08:00,10.67,11.22,10.67,11.22,89995200,0.0,0.0
2012-10-17 00:00:00+08:00,11.51,11.91,11.51,11.76,169132000,0.0,0.0
2012-10-18 00:00:00+08:00,11.76,11.86,11.51,11.56,76576800,0.0,0.0
2012-10-19 00:00:00+08:00,11.47,11.61,11.37,11.51,55010400,0.0,0.0
2012-10-22 00:00:00+08:00,11.37,11.61,11.37,11.51,49765600,0.0,0.0
2012-10-23 00:00:00+08:00,11.76,11.91,11.61,11.61,70969600,0.0,0.0
2012-10-24 00:00:00+08:00,11.61,11.61,11.42,11.42,37397600,0.0,0.0
2012-10-25 00:00:00+08:00,11.56,11.61,10.92,10.97,71974400,0.0,0.0
2012-10-26 00:00:00+08:00,10.87,11.02,10.23,10.23,112512800,0.0,0.0
2012-10-29 00:00:00+08:00,10.28,10.67,10.23,10.48,52751200,0.0,0.0
2012-10-30 00:00:00+08:00,10.87,11.17,10.72,11.07,91794400,0.0,0.0
2012-10-31 00:00:00+08:00,11.17,11.17,10.87,10.97,49842400,0.0,0.0
2012-11-01 00:00:00+08:00,10.97,11.61,10.92,11.61,83075200,0.0,0.0
2012-11-02 00:00:00+08:00,11.86,12.06,11.56,11.86,109242400,0.0,0.0
2012-11-05 00:00:00+08:00,11.76,11.81,11.61,11.66,54520800,0.0,0.0
2012-11-06 00:00:00+08:00,11.66,11.71,11.22,11.61,57669600,0.0,0.0
2012-11-07 00:00:00+08:00,11.66,11.76,11.42,11.71,53427200,0.0,0.0
2012-11-08 00:00:00+08:00,11.56,11.91,11.51,11.81,71217600,0.0,0.0
2012-11-09 00:00:00+08:00,11.76,11.91,11.66,11.76,64610400,0.0,0.0
2012-11-12 00:00:00+08:00,11.91,12.26,11.91,11.91,67830400,0.0,0.0
2012-11-13 00:00:00+08:00,11.96,12.01,11.37,11.37,66814400,0.0,0.0
2012-11-14 00:00:00+08:00,11.37,11.56,11.27,11.56,43633600,0.0,0.0
2012-11-15 00:00:00+08:00,11.47,11.61,11.32,11.37,32608000,0.0,0.0
2012-11-16 00:00:00+08:00,11.37,11.51,11.12,11.12,43327200,0.0,0.0
2012-11-19 00:00:00+08:00,11.22,11.32,11.07,11.22,36512000,0.0,0.0
2012-11-20 00:00:00+08:00,11.42,11.51,11.12,11.12,45184000,0.0,0.0
2012-11-21 00:00:00+08:00,11.22,11.27,10.87,10.87,56006400,0.0,0.0
2012-11-22 00:00:00+08:00,11.07,11.32,10.92,11.32,43388800,0.0,0.0
2012-11-23 00:00:00+08:00,11.47,11.76,11.42,11.71,72072000,0.0,0.0
2012-11-26 00:00:00+08:00,11.96,12.06,11.86,11.91,97996800,0.0,0.0
2012-11-27 00:00:00+08:00,11.81,11.81,11.51,11.71,106869600,0.0,0.0
2012-11-28 00:00:00+08:00,11.56,12.21,11.51,12.06,148776800,0.0,0.0
2012-11-29 00:00:00+08:00,12.21,12.26,11.76,11.81,132040000,0.0,0.0
2012-11-30 00:00:00+08:00,11.86,12.31,11.86,12.21,115868000,0.0,0.0
2012-12-03 00:00:00+08:00,12.36,13.0,12.36,12.85,184287200,0.0,0.0
2012-12-04 00:00:00+08:00,12.85,13.59,12.7,13.29,164576800,0.0,0.0
2012-12-05 00:00:00+08:00,13.24,13.34,12.85,12.95,135881600,0.0,0.0
2012-12-06 00:00:00+08:00,13.05,13.29,12.55,12.65,113292000,0.0,0.0
2012-12-07 00:00:00+08:00,12.8,13.15,12.8,13.15,145096000,0.0,0.0
2012-12-10 00:00:00+08:00,13.34,13.59,13.0,13.0,142328800,0.0,0.0
2012-12-11 00:00:00+08:00,13.15,13.15,12.45,12.65,120067200,0.0,0.0
2012-12-12 00:00:00+08:00,12.9,13.15,12.8,12.9,94352800,0.0,0.0
2012-12-13 00:00:00+08:00,13.15,13.79,13.15,13.79,241079200,0.0,0.0
2012-12-14 00:00:00+08:00,13.64,14.04,13.39,13.49,236630400,0.0,0.0
2012-12-17 00:00:00+08:00,13.49,13.79,13.29,13.79,117733600,0.0,0.0
2012-12-18 00:00:00+08:00,13.89,14.23,13.69,13.69,149591200,0.0,0.0
2012-12-19 00:00:00+08:00,13.84,14.13,13.59,13.89,135352000,0.0,0.0
2012-12-20 00:00:00+08:00,13.94,14.28,13.84,13.99,125660800,0.0,0.0
2012-12-21 00:00:00+08:00,13.79,13.84,13.05,13.15,157008000,0.0,0.0
2012-12-24 00:00:00+08:00,12.9,12.9,12.36,12.36,111853600,0.0,0.0
2012-12-25 00:00:00+08:00,12.45,13.15,12.36,12.95,105274400,0.0,0.0
2012-12-26 00:00:00+08:00,12.95,13.1,12.75,12.75,59660000,0.0,0.0
2012-12-27 00:00:00+08:00,12.75,13.0,12.7,12.9,50951200,0.0,0.0
2012-12-28 00:00:00+08:00,13.2,13.2,12.8,12.85,39303200,0.0,0.0
2013-01-02 00:00:00+08:00,12.95,13.64,12.95,13.54,114304800,0.0,0.0
2013-01-03 00:00:00+08:00,13.79,13.94,13.44,13.59,92957600,0.0,0.0
2013-01-04 00:00:00+08:00,13.74,14.08,13.59,13.59,152776800,0.0,0.0
2013-01-07 00:00:00+08:00,13.59,13.59,12.85,12.9,122548800,0.0,0.0
2013-01-08 00:00:00+08:00,12.95,13.2,12.8,13.05,97553600,0.0,0.0
2013-01-09 00:00:00+08:00,12.9,12.9,12.5,12.75,125921600,0.0,0.0
2013-01-10 00:00:00+08:00,12.75,12.85,12.55,12.55,116852000,0.0,0.0
2013-01-11 00:00:00+08:00,12.5,12.5,12.26,12.31,110248800,0.0,0.0
2013-01-14 00:00:00+08:00,12.16,12.45,12.11,12.45,72966400,0.0,0.0
2013-01-15 00:00:00+08:00,12.36,12.45,12.06,12.06,84953600,0.0,0.0
2013-01-16 00:00:00+08:00,11.91,12.01,11.56,11.56,128688800,0.0,0.0
2013-01-17 00:00:00+08:00,11.86,12.01,11.51,11.51,96068000,0.0,0.0
2013-01-18 00:00:00+08:00,11.51,11.71,11.37,11.37,147558400,0.0,0.0
2013-01-21 00:00:00+08:00,11.42,11.61,11.37,11.56,62695200,0.0,0.0
2013-01-22 00:00:00+08:00,11.61,11.61,11.37,11.51,47670400,0.0,0.0
2013-01-23 00:00:00+08:00,11.51,11.81,11.51,11.66,98160800,0.0,0.0
2013-01-24 00:00:00+08:00,11.66,11.86,11.61,11.76,97618400,0.0,0.0
2013-01-25 00:00:00+08:00,11.76,11.96,11.76,11.86,64617600,0.0,0.0
2013-01-28 00:00:00+08:00,11.81,11.96,11.56,11.61,50391200,0.0,0.0
2013-01-29 00:00:00+08:00,11.61,12.06,11.56,12.06,68269600,0.0,0.0
2013-01-30 00:00:00+08:00,12.06,12.11,11.76,11.76,66438400,0.0,0.0
2013-01-31 00:00:00+08:00,11.81,11.96,11.71,11.91,55082400,0.0,0.0
2013-02-01 00:00:00+08:00,11.96,11.96,11.56,11.61,55476000,0.0,0.0
2013-02-04 00:00:00+08:00,11.66,11.71,11.42,11.42,49980000,0.0,0.0
2013-02-05 00:00:00+08:00,11.32,11.32,10.97,10.97,71600000,0.0,0.0
2013-02-06 00:00:00+08:00,10.97,11.17,10.97,11.17,47696800,0.0,0.0
2013-02-18 00:00:00+08:00,11.42,11.91,11.37,11.91,119123200,0.0,0.0
2013-02-19 00:00:00+08:00,12.16,12.7,12.16,12.7,153838400,0.0,0.0
2013-02-20 00:00:00+08:00,12.95,12.95,12.55,12.6,128877600,0.0,0.0
2013-02-21 00:00:00+08:00,12.5,12.75,12.45,12.65,72657600,0.0,0.0
2013-02-22 00:00:00+08:00,12.75,13.29,12.75,12.85,145595200,0.0,0.0
2013-02-25 00:00:00+08:00,12.9,13.1,12.9,13.0,60897600,0.0,0.0
2013-02-26 00:00:00+08:00,12.85,12.85,12.6,12.75,60775200,0.0,0.0
2013-02-27 00:00:00+08:00,12.8,13.05,12.75,12.75,74304800,0.0,0.0
2013-03-01 00:00:00+08:00,13.05,13.1,12.85,12.9,59417600,0.0,0.0
2013-03-04 00:00:00+08:00,12.95,13.05,12.55,12.55,47694400,0.0,0.0
2013-03-05 00:00:00+08:00,12.65,13.34,12.65,13.2,115316800,0.0,0.0
2013-03-06 00:00:00+08:00,13.39,13.49,12.95,12.95,114600800,0.0,0.0
2013-03-07 00:00:00+08:00,12.85,13.1,12.85,13.0,75930400,0.0,0.0
2013-03-08 00:00:00+08:00,13.2,13.34,13.15,13.15,72588800,0.0,0.0
2013-03-11 00:00:00+08:00,13.24,13.99,13.15,13.79,168819200,0.0,0.0
2013-03-12 00:00:00+08:00,13.89,13.99,13.44,13.44,106442400,0.0,0.0
2013-03-13 00:00:00+08:00,13.64,13.64,13.15,13.15,84055200,0.0,0.0
2013-03-14 00:00:00+08:00,13.15,13.24,12.85,12.9,58856000,0.0,0.0
2013-03-15 00:00:00+08:00,13.05,13.1,12.5,12.55,115221600,0.0,0.0
2013-03-18 00:00:00+08:00,12.45,12.75,12.45,12.5,84649600,0.0,0.0
2013-03-19 00:00:00+08:00,12.55,12.7,12.5,12.6,77299200,0.0,0.0
2013-03-20 00:00:00+08:00,12.5,12.6,12.26,12.6,63456800,0.0,0.0
2013-03-21 00:00:00+08:00,12.65,12.7,12.4,12.5,67724000,0.0,0.0
2013-03-22 00:00:00+08:00,12.5,12.6,12.36,12.36,49559200,0.0,0.0
2013-03-25 00:00:00+08:00,12.6,13.2,12.6,13.0,123356800,0.0,0.0
2013-03-26 00:00:00+08:00,12.95,13.05,12.8,13.0,69437600,0.0,0.0
2013-03-27 00:00:00+08:00,13.15,13.44,13.1,13.24,135468000,0.0,0.0
2013-03-28 00:00:00+08:00,13.2,13.2,12.7,12.85,78788800,0.0,0.0
2013-03-29 00:00:00+08:00,13.15,13.2,12.95,13.05,53643200,0.0,0.0
2013-04-01 00:00:00+08:00,13.2,13.2,12.8,12.85,39687200,0.0,0.0
2013-04-02 00:00:00+08:00,12.75,13.05,12.75,12.95,30505600,0.0,0.0
2013-04-03 00:00:00+08:00,12.95,13.05,12.85,13.05,27428800,0.0,0.0
2013-04-08 00:00:00+08:00,12.75,13.0,12.7,12.7,81576000,0.0,0.0
2013-04-09 00:00:00+08:00,12.95,13.0,12.45,12.65,73661600,0.0,0.0
2013-04-10 00:00:00+08:00,12.9,13.05,12.85,12.9,60244800,0.0,0.0
2013-04-11 00:00:00+08:00,13.05,13.15,13.0,13.1,41262400,0.0,0.0
2013-04-12 00:00:00+08:00,13.2,13.2,12.85,13.0,33620800,0.0,0.0
2013-04-15 00:00:00+08:00,12.85,12.95,12.65,12.7,22181600,0.0,0.0
2013-04-16 00:00:00+08:00,12.45,12.8,12.4,12.75,19533600,0.0,0.0
2013-04-17 00:00:00+08:00,12.75,12.85,12.65,12.75,20355200,0.0,0.0
2013-04-18 00:00:00+08:00,12.8,13.29,12.8,13.0,81408000,0.0,0.0
2013-04-19 00:00:00+08:00,13.1,13.2,13.0,13.0,46289600,0.0,0.0
2013-04-22 00:00:00+08:00,13.1,13.15,12.8,12.8,30716000,0.0,0.0
2013-04-23 00:00:00+08:00,12.85,13.0,12.8,12.85,32139200,0.0,0.0
2013-04-24 00:00:00+08:00,13.0,13.49,13.0,13.29,133196800,0.0,0.0
2013-04-25 00:00:00+08:00,13.24,13.34,13.1,13.2,61865600,0.0,0.0
2013-04-26 00:00:00+08:00,13.39,13.44,13.05,13.05,50879200,0.0,0.0
2013-04-29 00:00:00+08:00,13.24,13.54,13.1,13.49,94409600,0.0,0.0
2013-04-30 00:00:00+08:00,13.69,13.84,13.34,13.39,119279200,0.0,0.0
2013-05-02 00:00:00+08:00,14.04,14.04,13.44,13.44,182764000,0.0,0.0
2013-05-03 00:00:00+08:00,13.34,13.54,13.15,13.49,169157600,0.0,0.0
2013-05-06 00:00:00+08:00,13.69,13.69,13.49,13.49,86309600,0.0,0.0
2013-05-07 00:00:00+08:00,13.49,13.54,13.24,13.29,59138400,0.0,0.0
2013-05-08 00:00:00+08:00,13.34,13.64,13.29,13.59,93424000,0.0,0.0
2013-05-09 00:00:00+08:00,13.59,13.64,13.24,13.29,96556800,0.0,0.0
2013-05-10 00:00:00+08:00,13.39,13.39,13.1,13.1,79490400,0.0,0.0
2013-05-13 00:00:00+08:00,13.1,13.24,13.0,13.2,57456800,0.0,0.0
2013-05-14 00:00:00+08:00,13.29,13.39,13.2,13.2,80972800,0.0,0.0
2013-05-15 00:00:00+08:00,13.44,13.54,13.29,13.49,81653600,0.0,0.0
2013-05-16 00:00:00+08:00,13.59,13.89,13.54,13.54,158008000,0.0,0.0
2013-05-17 00:00:00+08:00,13.59,13.64,13.34,13.34,54647200,0.0,0.0
2013-05-20 00:00:00+08:00,13.34,13.44,13.29,13.34,31636000,0.0,0.0
2013-05-21 00:00:00+08:00,13.44,13.74,13.39,13.54,89719200,0.0,0.0
2013-05-22 00:00:00+08:00,13.59,13.99,13.44,13.84,155803200,0.0,0.0
2013-05-23 00:00:00+08:00,13.69,13.79,13.44,13.44,141373600,0.0,0.0
2013-05-24 00:00:00+08:00,13.49,13.64,13.44,13.49,80440000,0.0,0.0
2013-05-27 00:00:00+08:00,13.59,13.79,13.54,13.74,49077600,0.0,0.0
2013-05-28 00:00:00+08:00,13.79,13.89,13.59,13.64,52371200,0.0,0.0
2013-05-29 00:00:00+08:00,13.79,13.94,13.69,13.84,84590400,0.0,0.0
2013-05-30 00:00:00+08:00,13.64,13.74,13.39,13.44,80907200,0.0,0.0
2013-05-31 00:00:00+08:00,13.69,13.74,13.44,13.64,79428800,0.0,0.0
2013-06-03 00:00:00+08:00,13.39,13.49,13.34,13.34,52343200,0.0,0.0
2013-06-04 00:00:00+08:00,13.34,13.44,13.05,13.05,68756000,0.0,0.0
2013-06-05 00:00:00+08:00,12.85,13.05,12.5,12.5,100663200,0.0,0.0
2013-06-06 00:00:00+08:00,12.4,12.65,12.35,12.65,65816000,0.0,0.0
2013-06-07 00:00:00+08:00,12.75,12.75,12.16,12.16,63720800,0.0,0.0
2013-06-10 00:00:00+08:00,12.6,12.65,12.4,12.5,53982400,0.0,0.0
2013-06-11 00:00:00+08:00,12.45,12.7,12.36,12.7,43122400,0.0,0.0
2013-06-13 00:00:00+08:00,12.65,12.65,12.26,12.26,50139200,0.0,0.0
2013-06-14 00:00:00+08:00,12.36,12.4,12.06,12.16,51329600,0.0,0.0
2013-06-17 00:00:00+08:00,12.06,12.26,12.01,12.01,39076000,0.0,0.0
2013-06-18 00:00:00+08:00,12.01,12.26,11.91,12.11,59948800,0.0,0.0
2013-06-19 00:00:00+08:00,12.16,12.26,11.96,12.01,35023200,0.0,0.0
2013-06-20 00:00:00+08:00,11.86,11.86,11.17,11.27,110289600,0.0,0.0
2013-06-21 00:00:00+08:00,10.63,10.82,10.53,10.77,135118400,0.0,0.0
2013-06-24 00:00:00+08:00,10.67,10.87,10.18,10.18,116500800,0.0,0.0
2013-06-25 00:00:00+08:00,10.18,10.33,9.98,9.98,90176000,0.0,0.0
2013-06-26 00:00:00+08:00,10.33,10.38,10.08,10.08,83006400,0.0,0.0
2013-06-27 00:00:00+08:00,10.28,10.72,10.23,10.58,102226400,0.0,0.0
2013-06-28 00:00:00+08:00,10.63,10.77,10.48,10.77,52872800,0.0,0.0
2013-07-01 00:00:00+08:00,10.77,11.27,10.63,11.02,92772000,0.0,0.0
2013-07-02 00:00:00+08:00,11.12,11.12,10.77,10.77,48084800,0.0,0.0
2013-07-03 00:00:00+08:00,10.77,10.92,10.33,10.33,76356000,0.0,0.0
2013-07-04 00:00:00+08:00,10.33,10.48,10.23,10.28,35583200,0.0,0.0
2013-07-05 00:00:00+08:00,10.48,10.67,10.38,10.53,42188000,0.0,0.0
2013-07-08 00:00:00+08:00,10.58,10.63,10.23,10.23,35538400,0.0,0.0
2013-07-09 00:00:00+08:00,10.28,10.43,10.23,10.38,28168000,0.0,0.0
2013-07-10 00:00:00+08:00,10.58,10.77,10.43,10.53,61621600,0.0,0.0
2013-07-11 00:00:00+08:00,10.63,10.77,10.58,10.72,44041600,0.0,0.0
2013-07-12 00:00:00+08:00,10.67,10.77,10.63,10.72,38758400,0.0,0.0
2013-07-15 00:00:00+08:00,10.72,10.97,10.72,10.87,49514400,0.0,0.0
2013-07-16 00:00:00+08:00,11.02,11.17,10.92,11.07,51748000,0.0,0.0
2013-07-17 00:00:00+08:00,11.07,11.17,10.77,10.77,48425600,0.0,0.0
2013-07-18 00:00:00+08:00,10.53,10.53,10.13,10.28,109776800,0.0,0.0
2013-07-19 00:00:00+08:00,10.18,10.38,10.03,10.33,66993600,0.0,0.0
2013-07-22 00:00:00+08:00,10.58,10.77,10.53,10.53,67799200,0.0,0.0
2013-07-23 00:00:00+08:00,10.63,10.67,10.43,10.67,56064000,0.0,0.0
2013-07-24 00:00:00+08:00,10.58,10.67,10.48,10.53,23429600,0.0,0.0
2013-07-25 00:00:00+08:00,10.53,10.63,10.43,10.53,20459200,0.0,0.0
2013-07-26 00:00:00+08:00,10.58,10.67,10.53,10.58,21303200,0.0,0.0
2013-07-29 00:00:00+08:00,10.63,10.77,10.53,10.58,23316800,0.0,0.0
2013-07-30 00:00:00+08:00,10.67,10.82,10.53,10.82,44370400,0.0,0.0
2013-07-31 00:00:00+08:00,10.92,10.92,10.48,10.48,60230400,0.0,0.0
2013-08-01 00:00:00+08:00,10.97,11.17,10.87,11.17,125386400,0.0,0.0
2013-08-02 00:00:00+08:00,11.42,11.42,10.87,10.87,105948800,0.0,0.0
2013-08-05 00:00:00+08:00,10.97,11.07,10.87,11.02,31887200,0.0,0.0
2013-08-06 00:00:00+08:00,10.82,10.92,10.72,10.77,38504800,0.0,0.0
2013-08-07 00:00:00+08:00,10.72,10.77,10.58,10.58,41579200,0.0,0.0
2013-08-08 00:00:00+08:00,10.67,10.72,10.58,10.58,29812000,0.0,0.0
2013-08-09 00:00:00+08:00,10.63,10.72,10.38,10.43,36767200,0.0,0.0
2013-08-12 00:00:00+08:00,10.53,10.58,10.38,10.58,23384800,0.0,0.0
2013-08-13 00:00:00+08:00,10.67,10.72,10.53,10.72,33812000,0.0,0.0
2013-08-14 00:00:00+08:00,10.72,10.77,10.58,10.72,31813600,0.0,0.0
2013-08-15 00:00:00+08:00,10.67,11.17,10.63,10.97,106193600,0.0,0.0
2013-08-16 00:00:00+08:00,11.07,11.27,10.97,11.22,112926400,0.0,0.0
2013-08-19 00:00:00+08:00,11.22,11.32,11.07,11.07,47160800,0.0,0.0
2013-08-20 00:00:00+08:00,11.07,11.27,11.02,11.07,49211200,0.0,0.0
2013-08-22 00:00:00+08:00,10.97,11.27,10.87,11.27,50659200,0.0,0.0
2013-08-23 00:00:00+08:00,11.47,11.56,11.32,11.51,86246400,0.0,0.0
2013-08-26 00:00:00+08:00,11.66,11.81,11.56,11.56,58657600,0.0,0.0
2013-08-27 00:00:00+08:00,11.61,11.76,11.37,11.37,50374400,0.0,0.0
2013-08-28 00:00:00+08:00,11.22,11.37,11.22,11.27,37864000,0.0,0.0
2013-08-29 00:00:00+08:00,11.37,11.47,11.27,11.27,29530400,0.0,0.0
2013-08-30 00:00:00+08:00,11.37,11.66,11.27,11.66,66768000,0.0,0.0
2013-09-02 00:00:00+08:00,11.71,11.81,11.61,11.71,46507200,0.0,0.0
2013-09-03 00:00:00+08:00,11.86,11.86,11.56,11.61,40868800,0.0,0.0
2013-09-04 00:00:00+08:00,11.56,11.61,11.27,11.42,59431200,0.0,0.0
2013-09-05 00:00:00+08:00,11.37,11.51,11.32,11.51,35373600,0.0,0.0
2013-09-06 00:00:00+08:00,11.37,11.42,11.22,11.27,64645600,0.0,0.0
2013-09-09 00:00:00+08:00,11.27,11.32,11.17,11.32,32292800,0.0,0.0
2013-09-10 00:00:00+08:00,11.27,11.37,11.07,11.17,44370400,0.0,0.0
2013-09-11 00:00:00+08:00,11.32,11.51,11.32,11.47,62218400,0.0,0.0
2013-09-12 00:00:00+08:00,11.42,11.42,11.12,11.22,44461600,0.0,0.0
2013-09-13 00:00:00+08:00,11.32,11.47,11.22,11.37,35301600,0.0,0.0
2013-09-16 00:00:00+08:00,11.32,11.42,11.27,11.42,27289600,0.0,0.0
2013-09-17 00:00:00+08:00,11.32,11.42,11.22,11.27,28652000,0.0,0.0
2013-09-18 00:00:00+08:00,11.37,11.42,11.27,11.42,22258400,0.0,0.0
2013-09-23 00:00:00+08:00,11.27,11.37,11.22,11.22,34297600,0.0,0.0
2013-09-24 00:00:00+08:00,11.22,11.37,11.22,11.27,28246400,0.0,0.0
2013-09-25 00:00:00+08:00,11.32,11.37,11.17,11.22,37188800,0.0,0.0
2013-09-26 00:00:00+08:00,11.17,11.22,11.02,11.02,43903200,0.0,0.0
2013-09-27 00:00:00+08:00,11.02,11.22,11.02,11.07,26264800,0.0,0.0
2013-09-30 00:00:00+08:00,11.07,11.12,10.97,10.97,27436800,0.0,0.0
2013-10-01 00:00:00+08:00,10.97,11.12,10.97,10.97,21868000,0.0,0.0
2013-10-02 00:00:00+08:00,10.97,11.07,10.48,10.53,94428000,0.0,0.0
2013-10-03 00:00:00+08:00,10.63,10.72,10.43,10.67,72277600,0.0,0.0
2013-10-04 00:00:00+08:00,10.53,10.58,10.38,10.43,74340000,0.0,0.0
2013-10-07 00:00:00+08:00,10.33,10.33,10.03,10.18,84254400,0.0,0.0
2013-10-08 00:00:00+08:00,10.03,10.33,9.98,10.18,57102400,0.0,0.0
2013-10-09 00:00:00+08:00,10.08,10.23,10.03,10.03,36271200,0.0,0.0
2013-10-11 00:00:00+08:00,10.18,10.23,9.93,9.93,40984000,0.0,0.0
2013-10-14 00:00:00+08:00,9.98,10.08,9.45,9.49,85890400,0.0,0.0
2013-10-15 00:00:00+08:00,9.49,9.88,9.49,9.88,50623200,0.0,0.0
2013-10-16 00:00:00+08:00,9.88,9.93,9.76,9.78,27348000,0.0,0.0
2013-10-17 00:00:00+08:00,9.87,10.13,9.84,9.98,60348000,0.0,0.0
2013-10-18 00:00:00+08:00,9.98,10.18,9.93,10.13,50526400,0.0,0.0
2013-10-21 00:00:00+08:00,10.13,10.13,9.88,9.93,30936000,0.0,0.0
2013-10-22 00:00:00+08:00,9.83,9.93,9.8,9.87,30411200,0.0,0.0
2013-10-23 00:00:00+08:00,9.88,9.98,9.72,9.74,33697600,0.0,0.0
2013-10-24 00:00:00+08:00,9.67,9.76,9.65,9.76,36300800,0.0,0.0
2013-10-25 00:00:00+08:00,9.76,9.76,9.59,9.6,43321600,0.0,0.0
2013-10-28 00:00:00+08:00,9.59,9.68,9.57,9.68,19659200,0.0,0.0
2013-10-29 00:00:00+08:00,9.7,9.98,9.7,9.88,43357600,0.0,0.0
2013-10-30 00:00:00+08:00,9.88,10.03,9.75,9.79,47052800,0.0,0.0
2013-10-31 00:00:00+08:00,9.69,9.73,9.6,9.62,47902400,0.0,0.0
2013-11-01 00:00:00+08:00,9.59,9.6,9.47,9.49,51142400,0.0,0.0
2013-11-04 00:00:00+08:00,9.48,9.48,9.29,9.31,41400000,0.0,0.0
2013-11-05 00:00:00+08:00,9.3,9.6,9.3,9.45,52015200,0.0,0.0
2013-11-06 00:00:00+08:00,9.45,9.56,8.92,8.99,88701600,0.0,0.0
2013-11-07 00:00:00+08:00,8.99,9.14,8.91,9.09,66652800,0.0,0.0
2013-11-08 00:00:00+08:00,8.99,9.04,8.93,8.95,29320000,0.0,0.0
2013-11-11 00:00:00+08:00,8.95,8.98,8.65,8.65,72350400,0.0,0.0
2013-11-12 00:00:00+08:00,8.66,8.78,8.45,8.53,65548000,0.0,0.0
2013-11-13 00:00:00+08:00,8.55,8.68,8.54,8.56,65496000,0.0,0.0
2013-11-14 00:00:00+08:00,8.7,9.02,8.68,8.96,138700800,0.0,0.0
2013-11-15 00:00:00+08:00,9.14,9.14,8.71,8.75,80611200,0.0,0.0
2013-11-18 00:00:00+08:00,8.75,8.76,8.45,8.47,61333600,0.0,0.0
2013-11-19 00:00:00+08:00,8.47,8.59,8.33,8.34,93496000,0.0,0.0
2013-11-20 00:00:00+08:00,8.34,8.52,8.34,8.45,50968800,0.0,0.0
2013-11-21 00:00:00+08:00,8.54,8.54,8.43,8.46,46642400,0.0,0.0
2013-11-22 00:00:00+08:00,8.5,8.52,8.4,8.4,26055200,0.0,0.0
2013-11-25 00:00:00+08:00,8.48,8.73,8.45,8.63,48456800,0.0,0.0
2013-11-26 00:00:00+08:00,8.8,9.08,8.8,9.04,103103200,0.0,0.0
2013-11-27 00:00:00+08:00,9.14,9.19,8.93,8.95,70308800,0.0,0.0
2013-11-28 00:00:00+08:00,9.04,9.25,8.98,9.12,58290400,0.0,0.0
2013-11-29 00:00:00+08:00,9.19,9.33,9.12,9.12,63212000,0.0,0.0
2013-12-02 00:00:00+08:00,9.24,9.27,9.07,9.07,43610400,0.0,0.0
2013-12-03 00:00:00+08:00,9.09,9.17,9.07,9.1,28945600,0.0,0.0
2013-12-04 00:00:00+08:00,9.1,9.11,8.9,8.9,70277600,0.0,0.0
2013-12-05 00:00:00+08:00,8.93,8.97,8.83,8.93,33889600,0.0,0.0
2013-12-06 00:00:00+08:00,8.95,9.04,8.93,8.96,29776800,0.0,0.0
2013-12-09 00:00:00+08:00,9.13,9.13,9.0,9.02,28566400,0.0,0.0
2013-12-10 00:00:00+08:00,9.04,9.11,9.02,9.03,21120800,0.0,0.0
2013-12-11 00:00:00+08:00,9.1,9.11,8.91,8.91,29864800,0.0,0.0
2013-12-12 00:00:00+08:00,8.9,8.97,8.86,8.91,12814400,0.0,0.0
2013-12-13 00:00:00+08:00,8.93,9.01,8.91,9.01,17412800,0.0,0.0
2013-12-16 00:00:00+08:00,9.01,9.06,8.92,8.92,16375200,0.0,0.0
2013-12-17 00:00:00+08:00,8.95,8.99,8.86,8.86,22532000,0.0,0.0
2013-12-18 00:00:00+08:00,8.9,8.97,8.87,8.88,16048000,0.0,0.0
2013-12-19 00:00:00+08:00,8.97,8.98,8.86,8.86,15237600,0.0,0.0
2013-12-20 00:00:00+08:00,8.86,8.96,8.82,8.86,23476800,0.0,0.0
2013-12-23 00:00:00+08:00,8.95,9.04,8.91,9.01,48980800,0.0,0.0
2013-12-24 00:00:00+08:00,9.05,9.06,8.99,9.01,19804800,0.0,0.0
2013-12-25 00:00:00+08:00,9.06,9.27,9.05,9.18,62340000,0.0,0.0
2013-12-26 00:00:00+08:00,9.24,9.25,9.12,9.21,33613600,0.0,0.0
2013-12-27 00:00:00+08:00,9.24,9.28,9.19,9.21,32777600,0.0,0.0
2013-12-30 00:00:00+08:00,9.24,9.3,9.23,9.27,33399200,0.0,0.0
2013-12-31 00:00:00+08:00,9.33,9.57,9.29,9.41,60626400,0.0,0.0
2014-01-02 00:00:00+08:00,9.47,9.58,9.34,9.36,50200800,0.0,0.0
2014-01-03 00:00:00+08:00,9.36,9.47,9.28,9.45,36052000,0.0,0.0
2014-01-06 00:00:00+08:00,9.54,9.55,9.24,9.26,43120800,0.0,0.0
2014-01-07 00:00:00+08:00,9.29,9.43,9.29,9.33,29262400,0.0,0.0
2014-01-08 00:00:00+08:00,9.39,9.42,9.3,9.31,23578400,0.0,0.0
2014-01-09 00:00:00+08:00,9.3,9.57,9.28,9.44,66487200,0.0,0.0
2014-01-10 00:00:00+08:00,9.49,9.59,9.45,9.47,47050400,0.0,0.0
2014-01-13 00:00:00+08:00,9.56,9.6,9.44,9.44,42516800,0.0,0.0
2014-01-14 00:00:00+08:00,9.36,9.36,9.21,9.26,45532800,0.0,0.0
2014-01-15 00:00:00+08:00,9.31,9.35,9.26,9.26,29101600,0.0,0.0
2014-01-16 00:00:00+08:00,9.36,9.37,9.23,9.25,29060800,0.0,0.0
2014-01-17 00:00:00+08:00,9.25,9.3,9.22,9.26,18024800,0.0,0.0
2014-01-20 00:00:00+08:00,9.31,9.33,9.25,9.29,18351200,0.0,0.0
2014-01-21 00:00:00+08:00,9.3,9.33,9.15,9.15,34576800,0.0,0.0
2014-01-22 00:00:00+08:00,9.12,9.15,9.0,9.0,43805600,0.0,0.0
2014-01-23 00:00:00+08:00,9.0,9.12,9.0,9.05,25460000,0.0,0.0
2014-01-24 00:00:00+08:00,9.04,9.1,8.99,9.1,23686400,0.0,0.0
2014-01-27 00:00:00+08:00,9.0,9.03,8.91,8.91,35210400,0.0,0.0
2014-02-05 00:00:00+08:00,8.73,8.88,8.7,8.7,63645600,0.0,0.0
2014-02-06 00:00:00+08:00,8.79,8.79,8.7,8.7,25795200,0.0,0.0
2014-02-07 00:00:00+08:00,8.79,8.99,8.77,8.95,44922400,0.0,0.0
2014-02-10 00:00:00+08:00,9.04,9.07,8.91,8.91,27774400,0.0,0.0
2014-02-11 00:00:00+08:00,8.92,8.97,8.92,8.97,15883200,0.0,0.0
2014-02-12 00:00:00+08:00,9.02,9.12,9.02,9.12,38820800,0.0,0.0
2014-02-13 00:00:00+08:00,9.16,9.34,9.13,9.13,68819200,0.0,0.0
2014-02-14 00:00:00+08:00,9.2,9.25,9.14,9.17,34405600,0.0,0.0
2014-02-17 00:00:00+08:00,9.27,9.31,9.19,9.19,24378400,0.0,0.0
2014-02-18 00:00:00+08:00,9.19,9.19,9.06,9.14,18287200,0.0,0.0
2014-02-19 00:00:00+08:00,9.14,9.17,9.07,9.09,17429600,0.0,0.0
2014-02-20 00:00:00+08:00,9.09,9.13,9.05,9.12,15808800,0.0,0.0
2014-02-21 00:00:00+08:00,9.46,9.76,9.29,9.76,175661600,0.0,0.0
2014-02-24 00:00:00+08:00,10.03,10.38,9.98,10.13,211811200,0.0,0.0
2014-02-25 00:00:00+08:00,10.28,10.38,10.03,10.08,89254400,0.0,0.0
2014-02-26 00:00:00+08:00,10.08,10.23,10.08,10.13,63867200,0.0,0.0
2014-02-27 00:00:00+08:00,10.18,10.23,10.13,10.18,46441600,0.0,0.0
2014-03-03 00:00:00+08:00,10.13,10.13,9.98,10.03,40665600,0.0,0.0
2014-03-04 00:00:00+08:00,9.98,10.18,9.88,9.93,61469600,0.0,0.0
2014-03-05 00:00:00+08:00,10.13,10.18,9.93,9.98,39815200,0.0,0.0
2014-03-06 00:00:00+08:00,10.08,10.13,9.98,10.08,34310400,0.0,0.0
2014-03-07 00:00:00+08:00,10.18,10.28,10.03,10.03,56231200,0.0,0.0
2014-03-10 00:00:00+08:00,9.98,10.03,9.75,9.78,45573600,0.0,0.0
2014-03-11 00:00:00+08:00,9.84,9.93,9.74,9.81,39212000,0.0,0.0
2014-03-12 00:00:00+08:00,9.87,9.93,9.82,9.84,38419200,0.0,0.0
2014-03-13 00:00:00+08:00,9.93,10.08,9.84,9.84,49020800,0.0,0.0
2014-03-14 00:00:00+08:00,9.83,9.98,9.8,9.93,43868000,0.0,0.0
2014-03-17 00:00:00+08:00,10.13,10.58,10.03,10.53,140860800,0.0,0.0
2014-03-18 00:00:00+08:00,10.67,10.87,10.38,10.38,109840000,0.0,0.0
2014-03-19 00:00:00+08:00,10.48,10.48,10.28,10.33,53128800,0.0,0.0
2014-03-20 00:00:00+08:00,10.28,10.28,10.03,10.03,47345600,0.0,0.0
2014-03-21 00:00:00+08:00,10.18,10.28,10.08,10.08,43457600,0.0,0.0
2014-03-24 00:00:00+08:00,10.08,10.28,9.88,10.23,42199200,0.0,0.0
2014-03-25 00:00:00+08:00,10.23,10.33,10.18,10.33,41344000,0.0,0.0
2014-03-26 00:00:00+08:00,10.38,10.92,10.33,10.63,127666400,0.0,0.0
2014-03-27 00:00:00+08:00,10.72,10.77,10.43,10.43,59624000,0.0,0.0
2014-03-28 00:00:00+08:00,10.48,10.63,10.43,10.48,32060000,0.0,0.0
2014-03-31 00:00:00+08:00,10.67,10.67,10.53,10.63,30018400,0.0,0.0
2014-04-01 00:00:00+08:00,10.67,10.87,10.63,10.87,75089600,0.0,0.0
2014-04-02 00:00:00+08:00,11.07,11.27,10.97,11.07,78693600,0.0,0.0
2014-04-03 00:00:00+08:00,11.17,11.76,11.07,11.66,238104800,0.0,0.0
2014-04-07 00:00:00+08:00,11.66,11.91,11.56,11.71,134620000,0.0,0.0
2014-04-08 00:00:00+08:00,11.71,11.81,11.42,11.47,66244800,0.0,0.0
2014-04-09 00:00:00+08:00,11.66,11.91,11.61,11.86,103100800,0.0,0.0
2014-04-10 00:00:00+08:00,12.06,12.06,11.71,11.81,103644000,0.0,0.0
2014-04-11 00:00:00+08:00,11.66,11.81,11.66,11.76,71146400,0.0,0.0
2014-04-14 00:00:00+08:00,11.76,11.81,11.51,11.56,39164000,0.0,0.0
2014-04-15 00:00:00+08:00,11.66,11.71,11.07,11.07,104097600,0.0,0.0
2014-04-16 00:00:00+08:00,11.07,11.56,11.07,11.56,93447200,0.0,0.0
2014-04-17 00:00:00+08:00,11.61,11.66,11.37,11.42,50556000,0.0,0.0
2014-04-18 00:00:00+08:00,11.56,11.56,11.42,11.51,25760800,0.0,0.0
2014-04-21 00:00:00+08:00,11.51,11.76,11.47,11.61,34515200,0.0,0.0
2014-04-22 00:00:00+08:00,11.81,12.11,11.81,12.01,106949600,0.0,0.0
2014-04-23 00:00:00+08:00,12.11,12.16,11.71,11.76,70576800,0.0,0.0
2014-04-24 00:00:00+08:00,11.76,11.86,11.56,11.86,64021600,0.0,0.0
2014-04-25 00:00:00+08:00,11.81,11.86,11.27,11.37,86236000,0.0,0.0
2014-04-28 00:00:00+08:00,11.17,11.66,11.07,11.56,68249600,0.0,0.0
2014-04-29 00:00:00+08:00,11.56,11.61,11.37,11.56,36493600,0.0,0.0
2014-04-30 00:00:00+08:00,11.56,11.61,11.17,11.27,42307200,0.0,0.0
2014-05-02 00:00:00+08:00,11.56,11.71,11.47,11.56,65564000,0.0,0.0
2014-05-05 00:00:00+08:00,11.66,11.76,11.56,11.56,34942400,0.0,0.0
2014-05-06 00:00:00+08:00,11.56,11.61,11.42,11.47,34525600,0.0,0.0
2014-05-07 00:00:00+08:00,11.47,11.66,11.42,11.56,48476800,0.0,0.0
2014-05-08 00:00:00+08:00,11.61,11.61,11.42,11.42,35235200,0.0,0.0
2014-05-09 00:00:00+08:00,11.51,11.51,11.17,11.17,45308000,0.0,0.0
2014-05-12 00:00:00+08:00,11.27,11.32,10.72,10.77,83965600,0.0,0.0
2014-05-13 00:00:00+08:00,10.87,11.02,10.82,10.97,48168800,0.0,0.0
2014-05-14 00:00:00+08:00,11.12,11.17,11.02,11.17,35222400,0.0,0.0
2014-05-15 00:00:00+08:00,11.12,11.22,11.07,11.07,19328800,0.0,0.0
2014-05-16 00:00:00+08:00,10.97,11.02,10.77,10.97,45995200,0.0,0.0
2014-05-19 00:00:00+08:00,11.02,11.22,11.02,11.07,39496000,0.0,0.0
2014-05-20 00:00:00+08:00,11.12,11.12,10.97,11.12,25017600,0.0,0.0
2014-05-21 00:00:00+08:00,11.22,11.27,11.07,11.07,36370400,0.0,0.0
2014-05-22 00:00:00+08:00,11.12,11.27,11.07,11.22,35318400,0.0,0.0
2014-05-23 00:00:00+08:00,11.27,11.51,11.22,11.42,51376000,0.0,0.0
2014-05-26 00:00:00+08:00,11.51,11.51,11.27,11.27,45058400,0.0,0.0
2014-05-27 00:00:00+08:00,11.27,11.37,11.22,11.27,23591200,0.0,0.0
2014-05-28 00:00:00+08:00,11.32,11.42,11.27,11.37,18519200,0.0,0.0
2014-05-29 00:00:00+08:00,11.47,11.47,11.32,11.37,25537600,0.0,0.0
2014-05-30 00:00:00+08:00,11.47,11.47,11.32,11.32,43148800,0.0,0.0
2014-06-03 00:00:00+08:00,11.37,11.47,11.32,11.47,28799200,0.0,0.0
2014-06-04 00:00:00+08:00,11.56,11.91,11.56,11.81,118675200,0.0,0.0
2014-06-05 00:00:00+08:00,11.76,11.76,11.56,11.61,72337600,0.0,0.0
2014-06-06 00:00:00+08:00,11.71,11.91,11.61,11.86,81913600,0.0,0.0
2014-06-09 00:00:00+08:00,11.96,12.11,11.86,11.86,67523200,0.0,0.0
2014-06-10 00:00:00+08:00,11.91,11.96,11.76,11.76,49218400,0.0,0.0
2014-06-11 00:00:00+08:00,11.86,12.06,11.81,12.01,57026400,0.0,0.0
2014-06-12 00:00:00+08:00,12.06,12.11,11.91,11.91,36090400,0.0,0.0
2014-06-13 00:00:00+08:00,11.81,11.91,11.76,11.81,32036800,0.0,0.0
2014-06-16 00:00:00+08:00,11.81,11.91,11.66,11.66,36668000,0.0,0.0
2014-06-17 00:00:00+08:00,11.66,11.71,11.42,11.47,71167200,0.0,0.0
2014-06-18 00:00:00+08:00,11.47,11.51,11.37,11.47,47250400,0.0,0.0
2014-06-19 00:00:00+08:00,11.56,11.76,11.51,11.51,45364000,0.0,0.0
2014-06-20 00:00:00+08:00,11.56,11.66,11.47,11.47,38637600,0.0,0.0
2014-06-23 00:00:00+08:00,11.61,11.66,11.37,11.37,28093600,0.0,0.0
2014-06-24 00:00:00+08:00,11.42,11.47,11.32,11.47,24360000,0.0,0.0
2014-06-25 00:00:00+08:00,11.47,11.56,11.42,11.47,33128800,0.0,0.0
2014-06-26 00:00:00+08:00,11.51,12.26,11.51,12.16,195066400,0.0,0.0
2014-06-27 00:00:00+08:00,12.21,12.26,11.86,11.86,87413600,0.0,0.0
2014-06-30 00:00:00+08:00,12.01,12.55,12.01,12.5,125627200,0.0,0.0
2014-07-01 00:00:00+08:00,12.55,12.85,12.4,12.45,105270400,0.0,0.0
2014-07-02 00:00:00+08:00,12.65,13.05,12.5,12.65,162528800,0.0,0.0
2014-07-03 00:00:00+08:00,12.7,13.34,12.7,13.2,150216000,0.0,0.0
2014-07-04 00:00:00+08:00,13.29,13.29,12.9,13.05,80844000,0.0,0.0
2014-07-07 00:00:00+08:00,13.15,13.44,13.05,13.15,84838400,0.0,0.0
2014-07-08 00:00:00+08:00,13.29,13.44,13.05,13.1,59592000,0.0,0.0
2014-07-09 00:00:00+08:00,13.1,13.2,12.75,12.75,59837600,0.0,0.0
2014-07-10 00:00:00+08:00,12.75,13.05,12.75,13.05,58448000,0.0,0.0
2014-07-11 00:00:00+08:00,13.05,13.05,12.75,12.8,43141600,0.0,0.0
2014-07-14 00:00:00+08:00,12.95,13.69,12.9,13.64,126612000,0.0,0.0
2014-07-15 00:00:00+08:00,13.74,13.84,13.54,13.64,90320800,0.0,0.0
2014-07-16 00:00:00+08:00,13.69,13.69,13.29,13.59,67800000,0.0,0.0
2014-07-17 00:00:00+08:00,13.59,13.84,13.49,13.59,67082400,0.0,0.0
2014-07-18 00:00:00+08:00,13.64,13.79,13.59,13.74,48402400,0.0,0.0
2014-07-21 00:00:00+08:00,13.84,13.99,13.44,13.44,46748800,0.0,0.0
2014-07-22 00:00:00+08:00,13.44,13.44,13.15,13.29,64502400,0.0,0.0
2014-07-23 00:00:00+08:00,13.29,13.29,13.29,13.29,0,0.0,0.0
2014-07-24 00:00:00+08:00,13.41,13.91,13.36,13.86,109389600,0.15,0.0
2014-07-25 00:00:00+08:00,13.96,13.96,13.66,13.86,56243200,0.0,0.0
2014-07-28 00:00:00+08:00,13.96,14.06,13.76,13.86,48636000,0.0,0.0
2014-07-29 00:00:00+08:00,14.06,14.16,12.92,13.26,103224800,0.0,0.0
2014-07-30 00:00:00+08:00,13.26,13.76,13.01,13.76,67302400,0.0,0.0
2014-07-31 00:00:00+08:00,14.06,14.06,13.56,13.61,112265600,0.0,0.0
2014-08-01 00:00:00+08:00,13.46,13.76,13.36,13.76,58946400,0.0,0.0
2014-08-04 00:00:00+08:00,13.81,13.91,13.71,13.71,45259200,0.0,0.0
2014-08-05 00:00:00+08:00,13.86,13.96,13.46,13.46,83619200,0.0,0.0
2014-08-06 00:00:00+08:00,13.46,13.56,12.67,12.96,103348000,0.0,0.0
2014-08-07 00:00:00+08:00,13.16,13.21,12.92,13.21,50136000,0.0,0.0
2014-08-08 00:00:00+08:00,13.31,13.36,13.06,13.36,46099200,0.0,0.0
2014-08-11 00:00:00+08:00,13.56,13.86,13.46,13.86,58920000,0.0,0.0
2014-08-12 00:00:00+08:00,13.86,13.86,13.66,13.66,35498400,0.0,0.0
2014-08-13 00:00:00+08:00,13.71,13.86,13.61,13.86,32758400,0.0,0.0
2014-08-14 00:00:00+08:00,13.96,13.96,13.71,13.86,41355200,0.0,0.0
2014-08-15 00:00:00+08:00,13.91,13.96,13.76,13.96,45451200,0.0,0.0
2014-08-18 00:00:00+08:00,14.06,14.16,13.86,13.86,44133600,0.0,0.0
2014-08-19 00:00:00+08:00,14.01,14.06,13.86,13.91,32084000,0.0,0.0
2014-08-20 00:00:00+08:00,14.01,14.06,13.81,13.91,27045600,0.0,0.0
2014-08-21 00:00:00+08:00,13.86,13.96,13.56,13.61,37812800,0.0,0.0
2014-08-22 00:00:00+08:00,13.71,13.76,13.56,13.66,46047200,0.0,0.0
2014-08-25 00:00:00+08:00,13.76,13.91,13.61,13.66,36873600,0.0,0.0
2014-08-26 00:00:00+08:00,13.71,13.81,13.61,13.71,22814400,0.0,0.0
2014-08-27 00:00:00+08:00,13.81,14.61,13.81,14.61,192501600,0.0,0.0
2014-08-28 00:00:00+08:00,14.91,15.21,14.86,14.86,188706400,0.0,0.0
2014-08-29 00:00:00+08:00,14.86,14.96,14.71,14.81,57488000,0.0,0.0
2014-09-01 00:00:00+08:00,14.96,15.16,14.81,14.81,64483200,0.0,0.0
2014-09-02 00:00:00+08:00,14.81,14.81,14.16,14.26,82260800,0.0,0.0
2014-09-03 00:00:00+08:00,14.36,14.46,14.16,14.41,57619200,0.0,0.0
2014-09-04 00:00:00+08:00,14.46,14.66,14.31,14.36,60374400,0.0,0.0
2014-09-05 00:00:00+08:00,14.46,14.51,14.31,14.46,29184000,0.0,0.0
2014-09-09 00:00:00+08:00,14.61,14.86,14.61,14.66,55672800,0.0,0.0
2014-09-10 00:00:00+08:00,14.61,14.71,14.41,14.51,51440000,0.0,0.0
2014-09-11 00:00:00+08:00,14.61,14.86,14.51,14.76,53892000,0.0,0.0
2014-09-12 00:00:00+08:00,14.86,14.86,14.46,14.46,35925600,0.0,0.0
2014-09-15 00:00:00+08:00,14.36,14.41,14.21,14.21,34095200,0.0,0.0
2014-09-16 00:00:00+08:00,14.21,14.31,13.46,13.51,79940000,0.0,0.0
2014-09-17 00:00:00+08:00,13.66,13.91,13.61,13.76,57181600,0.0,0.0
2014-09-18 00:00:00+08:00,13.76,13.91,13.61,13.71,37480000,0.0,0.0
2014-09-19 00:00:00+08:00,13.81,13.86,13.56,13.61,47587200,0.0,0.0
2014-09-22 00:00:00+08:00,13.61,13.61,13.06,13.26,62896800,0.0,0.0
2014-09-23 00:00:00+08:00,13.26,13.36,13.16,13.21,32860000,0.0,0.0
2014-09-24 00:00:00+08:00,13.36,13.61,13.36,13.51,37036000,0.0,0.0
2014-09-25 00:00:00+08:00,13.61,13.66,13.06,13.16,39225600,0.0,0.0
2014-09-26 00:00:00+08:00,12.96,13.21,12.92,13.11,35407200,0.0,0.0
2014-09-29 00:00:00+08:00,13.36,13.36,13.06,13.11,29296000,0.0,0.0
2014-09-30 00:00:00+08:00,13.11,13.26,12.62,12.82,67034400,0.0,0.0
2014-10-01 00:00:00+08:00,12.72,13.01,12.62,12.92,39967200,0.0,0.0
2014-10-02 00:00:00+08:00,12.62,12.82,12.62,12.67,44100800,0.0,0.0
2014-10-03 00:00:00+08:00,12.72,13.01,12.72,12.92,53536000,0.0,0.0
2014-10-06 00:00:00+08:00,12.96,13.11,12.92,12.92,31525600,0.0,0.0
2014-10-07 00:00:00+08:00,12.87,12.87,12.67,12.77,25356800,0.0,0.0
2014-10-08 00:00:00+08:00,12.77,12.92,12.67,12.72,33704800,0.0,0.0
2014-10-09 00:00:00+08:00,12.87,12.92,12.77,12.77,27643200,0.0,0.0
2014-10-13 00:00:00+08:00,12.07,12.27,11.92,12.02,56389600,0.0,0.0
2014-10-14 00:00:00+08:00,12.02,12.27,12.02,12.17,52616800,0.0,0.0
2014-10-15 00:00:00+08:00,12.17,12.27,11.97,12.02,37180000,0.0,0.0
2014-10-16 00:00:00+08:00,12.02,12.02,11.72,11.77,55921600,0.0,0.0
2014-10-17 00:00:00+08:00,11.92,11.97,11.57,11.57,40149600,0.0,0.0
2014-10-20 00:00:00+08:00,11.82,11.87,11.47,11.62,62828000,0.0,0.0
2014-10-21 00:00:00+08:00,11.77,11.92,11.62,11.92,31841600,0.0,0.0
2014-10-22 00:00:00+08:00,12.17,12.72,12.17,12.72,105044000,0.0,0.0
2014-10-23 00:00:00+08:00,12.82,13.01,12.77,12.96,88702400,0.0,0.0
2014-10-24 00:00:00+08:00,13.06,13.06,12.62,12.62,56705600,0.0,0.0
2014-10-27 00:00:00+08:00,12.77,12.96,12.72,12.87,41711200,0.0,0.0
2014-10-28 00:00:00+08:00,13.06,13.26,12.96,13.16,45760800,0.0,0.0
2014-10-29 00:00:00+08:00,13.31,13.66,13.21,13.66,91737600,0.0,0.0
2014-10-30 00:00:00+08:00,14.06,14.06,13.71,13.91,119727200,0.0,0.0
2014-10-31 00:00:00+08:00,14.06,14.36,13.76,14.36,95733600,0.0,0.0
2014-11-03 00:00:00+08:00,14.51,14.66,14.31,14.31,70314400,0.0,0.0
2014-11-04 00:00:00+08:00,14.56,14.76,14.36,14.76,79509600,0.0,0.0
2014-11-05 00:00:00+08:00,14.86,14.86,14.61,14.61,49392000,0.0,0.0
2014-11-06 00:00:00+08:00,14.71,14.81,14.11,14.21,62030400,0.0,0.0
2014-11-07 00:00:00+08:00,14.26,14.86,14.26,14.86,86668800,0.0,0.0
2014-11-10 00:00:00+08:00,14.91,15.01,14.56,14.61,63014400,0.0,0.0
2014-11-11 00:00:00+08:00,14.56,14.56,13.76,13.96,136398400,0.0,0.0
2014-11-12 00:00:00+08:00,13.86,14.21,13.81,14.21,73428000,0.0,0.0
2014-11-13 00:00:00+08:00,14.26,14.26,13.96,14.01,37376800,0.0,0.0
2014-11-14 00:00:00+08:00,14.06,14.31,13.91,14.21,46710400,0.0,0.0
2014-11-17 00:00:00+08:00,14.31,14.31,13.96,13.96,32099200,0.0,0.0
2014-11-18 00:00:00+08:00,14.06,14.16,13.61,13.76,53807200,0.0,0.0
2014-11-19 00:00:00+08:00,13.96,14.41,13.86,14.26,76376000,0.0,0.0
2014-11-20 00:00:00+08:00,14.36,14.66,14.31,14.61,77908000,0.0,0.0
2014-11-21 00:00:00+08:00,14.61,14.71,14.46,14.56,50526400,0.0,0.0
2014-11-24 00:00:00+08:00,14.76,14.86,14.46,14.46,44099200,0.0,0.0
2014-11-25 00:00:00+08:00,14.56,14.66,14.46,14.56,32412800,0.0,0.0
2014-11-26 00:00:00+08:00,14.61,14.61,14.31,14.31,36088800,0.0,0.0
2014-11-27 00:00:00+08:00,14.46,14.66,14.46,14.56,35452000,0.0,0.0
2014-11-28 00:00:00+08:00,14.66,14.71,14.46,14.56,41299200,0.0,0.0
2014-12-01 00:00:00+08:00,14.16,14.66,14.06,14.66,46472000,0.0,0.0
2014-12-02 00:00:00+08:00,14.51,14.61,14.26,14.26,34976800,0.0,0.0
2014-12-03 00:00:00+08:00,14.46,15.26,14.41,15.16,134420000,0.0,0.0
2014-12-04 00:00:00+08:00,15.26,15.36,15.01,15.21,74764000,0.0,0.0
2014-12-05 00:00:00+08:00,15.16,15.26,15.01,15.11,44786400,0.0,0.0
2014-12-08 00:00:00+08:00,15.11,15.16,14.66,14.71,52524000,0.0,0.0
2014-12-09 00:00:00+08:00,14.71,14.91,14.71,14.71,36486400,0.0,0.0
2014-12-10 00:00:00+08:00,14.61,14.66,14.01,14.06,103494400,0.0,0.0
2014-12-11 00:00:00+08:00,13.96,14.36,13.86,14.31,43507200,0.0,0.0
2014-12-12 00:00:00+08:00,14.31,14.46,14.26,14.41,27724000,0.0,0.0
2014-12-15 00:00:00+08:00,14.16,14.21,14.01,14.16,35494400,0.0,0.0
2014-12-16 00:00:00+08:00,14.06,14.46,14.06,14.36,27420000,0.0,0.0
2014-12-17 00:00:00+08:00,14.26,14.46,14.01,14.46,45014400,0.0,0.0
2014-12-18 00:00:00+08:00,14.61,14.76,14.41,14.41,44572800,0.0,0.0
2014-12-19 00:00:00+08:00,14.66,14.71,14.26,14.26,35106400,0.0,0.0
2014-12-22 00:00:00+08:00,14.51,15.11,14.46,15.06,80522400,0.0,0.0
2014-12-23 00:00:00+08:00,15.16,15.26,15.06,15.11,68096800,0.0,0.0
2014-12-24 00:00:00+08:00,15.26,16.16,15.26,16.16,199412000,0.0,0.0
2014-12-25 00:00:00+08:00,16.31,16.46,16.06,16.16,115252000,0.0,0.0
2014-12-26 00:00:00+08:00,16.31,16.51,16.21,16.51,71837600,0.0,0.0
2014-12-29 00:00:00+08:00,16.36,16.75,16.26,16.46,62618400,0.0,0.0
2014-12-30 00:00:00+08:00,16.61,16.65,16.26,16.26,40125600,0.0,0.0
2014-12-31 00:00:00+08:00,16.26,16.36,16.11,16.16,35600800,0.0,0.0
2015-01-05 00:00:00+08:00,16.01,17.25,15.96,17.25,108365600,0.0,0.0
2015-01-06 00:00:00+08:00,17.2,17.55,17.05,17.15,141077600,0.0,0.0
2015-01-07 00:00:00+08:00,17.15,18.25,16.85,17.65,143857600,0.0,0.0
2015-01-08 00:00:00+08:00,18.25,18.85,18.25,18.85,152996000,0.0,0.0
2015-01-09 00:00:00+08:00,18.95,18.95,18.45,18.45,109448800,0.0,0.0
2015-01-12 00:00:00+08:00,18.45,19.1,18.3,18.3,105848000,0.0,0.0
2015-01-13 00:00:00+08:00,18.35,18.55,18.1,18.2,60493600,0.0,0.0
2015-01-14 00:00:00+08:00,18.3,18.65,18.2,18.25,59606400,0.0,0.0
2015-01-15 00:00:00+08:00,18.55,18.55,18.1,18.1,47422400,0.0,0.0
2015-01-16 00:00:00+08:00,18.15,18.25,17.55,17.75,74655200,0.0,0.0
2015-01-19 00:00:00+08:00,18.25,18.7,18.2,18.45,69808800,0.0,0.0
2015-01-20 00:00:00+08:00,18.45,18.7,18.2,18.55,50734400,0.0,0.0
2015-01-21 00:00:00+08:00,18.25,18.25,17.25,17.25,135268000,0.0,0.0
2015-01-22 00:00:00+08:00,17.25,17.6,17.05,17.45,143601600,0.0,0.0
2015-01-23 00:00:00+08:00,17.8,17.85,17.4,17.4,63360800,0.0,0.0
2015-01-26 00:00:00+08:00,17.55,18.1,17.45,17.95,55978400,0.0,0.0
2015-01-27 00:00:00+08:00,18.35,18.6,17.8,17.8,80328800,0.0,0.0
2015-01-28 00:00:00+08:00,17.8,18.15,17.8,18.15,49306400,0.0,0.0
2015-01-29 00:00:00+08:00,18.2,18.45,18.1,18.4,77035200,0.0,0.0
2015-01-30 00:00:00+08:00,17.65,17.7,17.15,17.25,160122400,0.0,0.0
2015-02-02 00:00:00+08:00,17.05,17.2,16.56,16.61,126575200,0.0,0.0
2015-02-03 00:00:00+08:00,16.7,17.15,16.65,17.15,81545600,0.0,0.0
2015-02-04 00:00:00+08:00,17.3,17.35,16.8,16.85,54424800,0.0,0.0
2015-02-05 00:00:00+08:00,16.85,16.95,16.65,16.95,38364800,0.0,0.0
2015-02-06 00:00:00+08:00,17.2,17.2,16.95,17.15,32269600,0.0,0.0
2015-02-09 00:00:00+08:00,17.25,17.25,17.0,17.2,36660800,0.0,0.0
2015-02-10 00:00:00+08:00,17.2,17.25,16.51,16.75,58008800,0.0,0.0
2015-02-11 00:00:00+08:00,16.95,17.2,16.8,16.9,69411200,0.0,0.0
2015-02-12 00:00:00+08:00,17.1,17.1,16.85,17.0,29605600,0.0,0.0
2015-02-13 00:00:00+08:00,17.1,17.35,17.05,17.35,50068000,0.0,0.0
2015-02-24 00:00:00+08:00,17.3,17.3,16.46,16.56,102744000,0.0,0.0
2015-02-25 00:00:00+08:00,16.56,16.65,16.31,16.56,67481600,0.0,0.0
2015-02-26 00:00:00+08:00,16.56,16.75,16.51,16.51,34117600,0.0,0.0
2015-03-02 00:00:00+08:00,16.51,16.51,15.36,15.41,133012000,0.0,0.0
2015-03-03 00:00:00+08:00,15.46,15.71,15.31,15.61,77148800,0.0,0.0
2015-03-04 00:00:00+08:00,15.41,15.66,15.36,15.66,50299200,0.0,0.0
2015-03-05 00:00:00+08:00,15.61,15.71,15.36,15.41,55514400,0.0,0.0
2015-03-06 00:00:00+08:00,15.21,15.41,15.11,15.41,59484000,0.0,0.0
2015-03-09 00:00:00+08:00,15.11,15.21,15.01,15.06,51509600,0.0,0.0
2015-03-10 00:00:00+08:00,15.06,15.21,15.01,15.01,49228000,0.0,0.0
2015-03-11 00:00:00+08:00,14.91,15.21,14.81,15.11,71299200,0.0,0.0
2015-03-12 00:00:00+08:00,15.26,16.16,15.21,15.96,152212000,0.0,0.0
2015-03-13 00:00:00+08:00,15.96,16.01,15.76,15.76,66377600,0.0,0.0
2015-03-16 00:00:00+08:00,15.91,16.41,15.91,16.11,83530400,0.0,0.0
2015-03-17 00:00:00+08:00,16.46,16.56,16.06,16.06,64880800,0.0,0.0
2015-03-18 00:00:00+08:00,16.21,16.26,15.96,16.16,49064800,0.0,0.0
2015-03-19 00:00:00+08:00,16.36,16.46,16.21,16.31,38019200,0.0,0.0
2015-03-20 00:00:00+08:00,16.16,16.16,15.76,15.76,59116000,0.0,0.0
2015-03-23 00:00:00+08:00,15.81,16.21,15.76,16.16,46683200,0.0,0.0
2015-03-24 00:00:00+08:00,16.16,16.31,16.01,16.11,33818400,0.0,0.0
2015-03-25 00:00:00+08:00,16.16,16.21,15.76,15.81,32661600,0.0,0.0
2015-03-26 00:00:00+08:00,15.56,15.66,15.31,15.66,58909600,0.0,0.0
2015-03-27 00:00:00+08:00,15.76,15.81,15.41,15.46,30407200,0.0,0.0
2015-03-30 00:00:00+08:00,15.46,15.61,15.16,15.31,27176800,0.0,0.0
2015-03-31 00:00:00+08:00,15.36,15.91,15.36,15.71,46921600,0.0,0.0
2015-04-01 00:00:00+08:00,15.81,16.11,15.71,15.71,62241600,0.0,0.0
2015-04-02 00:00:00+08:00,15.81,15.86,15.61,15.76,33989600,0.0,0.0
2015-04-07 00:00:00+08:00,15.76,15.81,15.06,15.16,85841600,0.0,0.0
2015-04-08 00:00:00+08:00,14.96,15.31,14.91,15.06,67388000,0.0,0.0
2015-04-09 00:00:00+08:00,15.16,15.41,15.06,15.06,34969600,0.0,0.0
2015-04-10 00:00:00+08:00,15.26,15.26,14.66,14.86,65607200,0.0,0.0
2015-04-13 00:00:00+08:00,15.01,15.31,14.96,15.31,38702400,0.0,0.0
2015-04-14 00:00:00+08:00,15.31,15.41,15.11,15.21,43784000,0.0,0.0
2015-04-15 00:00:00+08:00,15.11,15.21,14.91,15.06,44034400,0.0,0.0
2015-04-16 00:00:00+08:00,15.06,15.21,15.06,15.11,21925600,0.0,0.0
2015-04-17 00:00:00+08:00,15.21,15.41,15.06,15.31,50324000,0.0,0.0
2015-04-20 00:00:00+08:00,15.26,15.56,15.21,15.56,58426400,0.0,0.0
2015-04-21 00:00:00+08:00,15.86,16.31,15.51,15.51,126696000,0.0,0.0
2015-04-22 00:00:00+08:00,15.51,15.51,15.11,15.11,65012800,0.0,0.0
2015-04-23 00:00:00+08:00,15.36,15.56,15.21,15.26,62467200,0.0,0.0
2015-04-24 00:00:00+08:00,15.51,15.96,15.41,15.91,99284000,0.0,0.0
2015-04-27 00:00:00+08:00,16.11,16.16,15.86,15.91,70618400,0.0,0.0
2015-04-28 00:00:00+08:00,15.91,16.11,15.66,15.96,69063200,0.0,0.0
2015-04-29 00:00:00+08:00,16.11,16.16,15.36,15.36,119508800,0.0,0.0
2015-04-30 00:00:00+08:00,15.46,15.56,15.26,15.41,54768000,0.0,0.0
2015-05-04 00:00:00+08:00,15.46,15.56,15.26,15.41,35883200,0.0,0.0
2015-05-05 00:00:00+08:00,15.51,15.51,15.31,15.41,21919200,0.0,0.0
2015-05-06 00:00:00+08:00,15.41,15.51,15.16,15.21,45723200,0.0,0.0
2015-05-07 00:00:00+08:00,15.21,15.51,15.16,15.41,40684800,0.0,0.0
2015-05-08 00:00:00+08:00,15.26,15.41,15.06,15.16,39996000,0.0,0.0
2015-05-11 00:00:00+08:00,15.36,15.46,15.06,15.26,38928000,0.0,0.0
2015-05-12 00:00:00+08:00,15.01,15.21,15.01,15.11,20464000,0.0,0.0
2015-05-13 00:00:00+08:00,15.11,15.41,15.06,15.41,26332000,0.0,0.0
2015-05-14 00:00:00+08:00,15.41,15.56,15.16,15.16,30615200,0.0,0.0
2015-05-15 00:00:00+08:00,15.31,15.41,15.21,15.26,22188000,0.0,0.0
2015-05-18 00:00:00+08:00,15.26,15.46,15.26,15.31,29638400,0.0,0.0
2015-05-19 00:00:00+08:00,15.41,16.26,15.41,16.11,137627200,0.0,0.0
2015-05-20 00:00:00+08:00,16.21,16.31,16.01,16.06,80262400,0.0,0.0
2015-05-21 00:00:00+08:00,15.96,16.21,15.76,16.16,51416800,0.0,0.0
2015-05-22 00:00:00+08:00,16.26,17.05,16.21,16.56,154243200,0.0,0.0
2015-05-25 00:00:00+08:00,16.61,16.85,16.56,16.65,52489600,0.0,0.0
2015-05-26 00:00:00+08:00,16.75,16.85,16.51,16.65,42045600,0.0,0.0
2015-05-27 00:00:00+08:00,16.7,17.4,16.65,17.05,113720800,0.0,0.0
2015-05-28 00:00:00+08:00,17.35,17.45,16.85,16.9,95737600,0.0,0.0
2015-05-29 00:00:00+08:00,17.05,17.1,16.65,16.8,68509600,0.0,0.0
2015-06-01 00:00:00+08:00,16.56,16.65,15.96,16.11,62747200,0.0,0.0
2015-06-02 00:00:00+08:00,16.11,16.46,16.01,16.26,49948000,0.0,0.0
2015-06-03 00:00:00+08:00,16.26,16.7,16.11,16.21,46276800,0.0,0.0
2015-06-04 00:00:00+08:00,16.11,16.41,15.76,15.76,73348800,0.0,0.0
2015-06-05 00:00:00+08:00,15.76,15.86,15.16,15.56,79537600,0.0,0.0
2015-06-08 00:00:00+08:00,15.71,15.76,15.26,15.56,41713600,0.0,0.0
2015-06-09 00:00:00+08:00,15.36,15.36,14.46,14.46,90990400,0.0,0.0
2015-06-10 00:00:00+08:00,14.81,15.21,14.76,14.96,57313600,0.0,0.0
2015-06-11 00:00:00+08:00,15.11,15.11,14.56,14.71,46905600,0.0,0.0
2015-06-12 00:00:00+08:00,14.46,14.96,14.46,14.51,40884000,0.0,0.0
2015-06-15 00:00:00+08:00,14.26,14.51,14.01,14.36,39938400,0.0,0.0
2015-06-16 00:00:00+08:00,14.26,14.46,14.26,14.46,26359200,0.0,0.0
2015-06-17 00:00:00+08:00,14.41,14.91,14.36,14.61,51378400,0.0,0.0
2015-06-18 00:00:00+08:00,14.71,14.76,14.46,14.46,37240800,0.0,0.0
2015-06-22 00:00:00+08:00,14.66,14.86,14.56,14.76,35785600,0.0,0.0
2015-06-23 00:00:00+08:00,14.86,14.86,14.41,14.46,45356000,0.0,0.0
2015-06-24 00:00:00+08:00,14.46,14.51,13.76,13.96,78032000,0.0,0.0
2015-06-25 00:00:00+08:00,14.06,14.41,13.91,14.06,57820800,0.0,0.0
2015-06-26 00:00:00+08:00,14.06,14.16,13.96,14.01,19601600,0.0,0.0
2015-06-29 00:00:00+08:00,13.66,13.66,13.16,13.21,54146400,0.0,0.0
2015-06-30 00:00:00+08:00,13.21,13.61,13.21,13.61,68524000,0.0,0.0
2015-07-01 00:00:00+08:00,13.61,13.96,13.46,13.81,34904800,0.0,0.0
2015-07-02 00:00:00+08:00,13.86,14.01,13.76,13.96,33544000,0.0,0.0
2015-07-03 00:00:00+08:00,14.06,14.06,13.71,13.71,46539200,0.0,0.0
2015-07-06 00:00:00+08:00,13.56,13.76,13.4,13.4,40861600,0.5,0.0
2015-07-07 00:00:00+08:00,13.4,13.61,13.05,13.1,58530400,0.0,0.0
2015-07-08 00:00:00+08:00,13.05,13.2,12.53,13.05,94690400,0.0,0.0
2015-07-09 00:00:00+08:00,13.05,13.46,12.74,13.2,67211200,0.0,0.0
2015-07-10 00:00:00+08:00,13.2,13.2,13.2,13.2,0,0.0,0.0
2015-07-13 00:00:00+08:00,13.46,13.46,12.99,13.1,46778400,0.0,0.0
2015-07-14 00:00:00+08:00,13.2,13.56,13.1,13.1,45308800,0.0,0.0
2015-07-15 00:00:00+08:00,13.25,13.35,13.05,13.1,26051200,0.0,0.0
2015-07-16 00:00:00+08:00,13.15,13.25,12.53,12.79,70872000,0.0,0.0
2015-07-17 00:00:00+08:00,12.79,12.79,12.27,12.38,71774400,0.0,0.0
2015-07-20 00:00:00+08:00,12.38,12.43,11.71,11.76,93712800,0.0,0.0
2015-07-21 00:00:00+08:00,11.71,11.92,11.45,11.92,78522400,0.0,0.0
2015-07-22 00:00:00+08:00,11.92,12.07,11.61,11.61,64008800,0.0,0.0
2015-07-23 00:00:00+08:00,11.56,11.66,11.3,11.4,50594400,0.0,0.0
2015-07-24 00:00:00+08:00,11.56,11.86,11.5,11.81,53912000,0.0,0.0
2015-07-27 00:00:00+08:00,11.71,11.76,11.25,11.25,72150400,0.0,0.0
2015-07-28 00:00:00+08:00,11.35,11.86,11.3,11.76,81166400,0.0,0.0
2015-07-29 00:00:00+08:00,11.56,11.61,10.94,10.94,121496000,0.0,0.0
2015-07-30 00:00:00+08:00,10.94,11.2,10.73,10.79,109601600,0.0,0.0
2015-07-31 00:00:00+08:00,10.99,11.04,10.32,10.37,117042400,0.0,0.0
2015-08-03 00:00:00+08:00,10.58,10.63,10.32,10.53,58600800,0.0,0.0
2015-08-04 00:00:00+08:00,10.73,10.89,10.58,10.68,100012800,0.0,0.0
2015-08-05 00:00:00+08:00,10.68,10.79,10.48,10.48,68152000,0.0,0.0
2015-08-06 00:00:00+08:00,10.43,10.48,9.96,9.97,100520800,0.0,0.0
2015-08-07 00:00:00+08:00,9.78,10.18,9.78,9.98,46840000,0.0,0.0
2015-08-10 00:00:00+08:00,10.05,10.06,9.88,9.99,39401600,0.0,0.0
2015-08-11 00:00:00+08:00,10.08,10.21,9.94,9.95,36875200,0.0,0.0
2015-08-12 00:00:00+08:00,9.97,10.12,9.95,10.01,40938400,0.0,0.0
2015-08-13 00:00:00+08:00,10.14,10.37,10.07,10.37,47056000,0.0,0.0
2015-08-14 00:00:00+08:00,10.32,10.37,9.96,10.06,48820800,0.0,0.0
2015-08-17 00:00:00+08:00,10.19,10.24,10.06,10.06,38271200,0.0,0.0
2015-08-18 00:00:00+08:00,10.13,10.32,10.01,10.01,55404000,0.0,0.0
2015-08-19 00:00:00+08:00,9.81,9.96,9.5,9.5,81812800,0.0,0.0
2015-08-20 00:00:00+08:00,9.55,9.72,9.52,9.57,49780800,0.0,0.0
2015-08-21 00:00:00+08:00,9.39,9.45,9.19,9.19,72393600,0.0,0.0
2015-08-24 00:00:00+08:00,8.9,9.06,8.52,8.83,87660800,0.0,0.0
2015-08-25 00:00:00+08:00,9.02,9.59,8.98,9.59,88269600,0.0,0.0
2015-08-26 00:00:00+08:00,9.55,9.59,9.31,9.49,53634400,0.0,0.0
2015-08-27 00:00:00+08:00,9.6,10.13,9.6,9.74,90840800,0.0,0.0
2015-08-28 00:00:00+08:00,10.06,10.24,9.96,10.19,89347200,0.0,0.0
2015-08-31 00:00:00+08:00,10.12,10.84,9.98,10.79,132991200,0.0,0.0
2015-09-01 00:00:00+08:00,10.48,10.84,10.32,10.32,70945600,0.0,0.0
2015-09-02 00:00:00+08:00,10.08,10.53,10.07,10.27,75448800,0.0,0.0
2015-09-03 00:00:00+08:00,10.37,10.63,10.27,10.58,81095200,0.0,0.0
2015-09-04 00:00:00+08:00,10.58,10.89,10.43,10.48,74239200,0.0,0.0
2015-09-07 00:00:00+08:00,10.37,10.58,10.27,10.43,40457600,0.0,0.0
2015-09-08 00:00:00+08:00,10.58,10.73,10.53,10.53,42724800,0.0,0.0
2015-09-09 00:00:00+08:00,10.89,11.25,10.79,11.09,125433600,0.0,0.0
2015-09-10 00:00:00+08:00,11.04,11.09,10.84,11.04,52036000,0.0,0.0
2015-09-11 00:00:00+08:00,11.04,11.25,11.04,11.14,44111200,0.0,0.0
2015-09-14 00:00:00+08:00,11.25,11.5,11.09,11.14,48820000,0.0,0.0
2015-09-15 00:00:00+08:00,11.14,11.2,10.94,11.09,33526400,0.0,0.0
2015-09-16 00:00:00+08:00,11.2,11.4,11.14,11.25,74123200,0.0,0.0
2015-09-17 00:00:00+08:00,11.45,11.45,11.2,11.4,60128000,0.0,0.0
2015-09-18 00:00:00+08:00,11.4,11.4,11.25,11.3,34628000,0.0,0.0
2015-09-21 00:00:00+08:00,10.99,11.04,10.63,10.63,48127200,0.0,0.0
2015-09-22 00:00:00+08:00,10.79,10.84,10.32,10.58,82144000,0.0,0.0
2015-09-23 00:00:00+08:00,10.27,10.43,10.17,10.17,68072800,0.0,0.0
2015-09-24 00:00:00+08:00,10.17,10.25,9.98,9.98,56274400,0.0,0.0
2015-09-25 00:00:00+08:00,10.12,10.2,9.99,10.16,31887200,0.0,0.0
2015-09-29 00:00:00+08:00,10.16,10.16,10.16,10.16,0,0.0,0.0
2015-09-30 00:00:00+08:00,9.91,9.99,9.84,9.97,51014400,0.0,0.0
2015-10-01 00:00:00+08:00,10.07,10.23,10.01,10.13,33585600,0.0,0.0
2015-10-02 00:00:00+08:00,10.24,10.37,10.18,10.25,34427200,0.0,0.0
2015-10-05 00:00:00+08:00,10.32,10.37,10.23,10.23,33184000,0.0,0.0
2015-10-06 00:00:00+08:00,10.32,10.43,10.12,10.12,44811200,0.0,0.0
2015-10-07 00:00:00+08:00,10.13,10.32,10.07,10.26,32818400,0.0,0.0
2015-10-08 00:00:00+08:00,10.32,10.37,10.22,10.22,26795200,0.0,0.0
2015-10-12 00:00:00+08:00,10.27,10.48,10.23,10.48,67488000,0.0,0.0
2015-10-13 00:00:00+08:00,10.48,10.63,10.43,10.58,38779200,0.0,0.0
2015-10-14 00:00:00+08:00,10.58,10.89,10.48,10.63,43884800,0.0,0.0
2015-10-15 00:00:00+08:00,10.79,10.89,10.58,10.73,40044800,0.0,0.0
2015-10-16 00:00:00+08:00,10.79,10.79,10.48,10.63,42868000,0.0,0.0
2015-10-19 00:00:00+08:00,10.58,10.73,10.58,10.63,24768000,0.0,0.0
2015-10-20 00:00:00+08:00,10.63,10.73,10.48,10.48,34615200,0.0,0.0
2015-10-21 00:00:00+08:00,10.21,10.22,10.0,10.07,78735200,0.0,0.0
2015-10-22 00:00:00+08:00,10.0,10.15,10.0,10.07,33895200,0.0,0.0
2015-10-23 00:00:00+08:00,10.19,10.21,10.03,10.05,49064800,0.0,0.0
2015-10-26 00:00:00+08:00,10.07,10.15,10.05,10.1,40127200,0.0,0.0
2015-10-27 00:00:00+08:00,10.11,10.21,10.06,10.21,38052000,0.0,0.0
2015-10-28 00:00:00+08:00,10.17,10.17,10.07,10.13,46954400,0.0,0.0
2015-10-29 00:00:00+08:00,10.18,10.21,10.01,10.04,47430400,0.0,0.0
2015-10-30 00:00:00+08:00,10.07,10.08,9.76,9.83,43377600,0.0,0.0
2015-11-02 00:00:00+08:00,9.78,10.0,9.76,9.99,24172000,0.0,0.0
2015-11-03 00:00:00+08:00,10.09,10.18,10.08,10.11,31425600,0.0,0.0
2015-11-04 00:00:00+08:00,10.16,10.23,10.14,10.22,49360000,0.0,0.0
2015-11-05 00:00:00+08:00,10.22,10.43,10.16,10.43,54514400,0.0,0.0
2015-11-06 00:00:00+08:00,10.21,10.26,10.03,10.03,60638400,0.0,0.0
2015-11-09 00:00:00+08:00,9.99,10.1,9.84,9.84,31853600,0.0,0.0
2015-11-10 00:00:00+08:00,9.8,9.88,9.66,9.68,38505600,0.0,0.0
2015-11-11 00:00:00+08:00,9.66,9.77,9.43,9.48,49376800,0.0,0.0
2015-11-12 00:00:00+08:00,9.5,9.56,9.44,9.48,24542400,0.0,0.0
2015-11-13 00:00:00+08:00,9.38,9.41,9.24,9.24,51560000,0.0,0.0
2015-11-16 00:00:00+08:00,9.05,9.17,8.99,9.13,33195200,0.0,0.0
2015-11-17 00:00:00+08:00,9.27,9.4,9.23,9.24,34284000,0.0,0.0
2015-11-18 00:00:00+08:00,9.35,9.41,9.2,9.21,30452800,0.0,0.0
2015-11-19 00:00:00+08:00,9.27,9.43,9.27,9.36,25545600,0.0,0.0
2015-11-20 00:00:00+08:00,9.37,9.43,9.31,9.31,23020800,0.0,0.0
2015-11-23 00:00:00+08:00,9.43,9.44,9.36,9.4,15085600,0.0,0.0
2015-11-24 00:00:00+08:00,9.31,9.33,9.15,9.15,27009600,0.0,0.0
2015-11-25 00:00:00+08:00,9.09,9.12,8.91,8.99,34307200,0.0,0.0
2015-11-26 00:00:00+08:00,9.12,9.36,9.04,9.2,27580000,0.0,0.0
2015-11-27 00:00:00+08:00,9.27,9.3,9.12,9.12,26876800,0.0,0.0
2015-11-30 00:00:00+08:00,9.06,9.07,8.91,8.98,46220800,0.0,0.0
2015-12-01 00:00:00+08:00,9.1,9.2,9.01,9.15,25229600,0.0,0.0
2015-12-02 00:00:00+08:00,9.09,9.14,9.01,9.07,25584800,0.0,0.0
2015-12-03 00:00:00+08:00,8.99,9.04,8.96,8.97,28033600,0.0,0.0
2015-12-04 00:00:00+08:00,8.94,9.03,8.93,8.99,25012000,0.0,0.0
2015-12-07 00:00:00+08:00,9.05,9.22,9.05,9.13,32381600,0.0,0.0
2015-12-08 00:00:00+08:00,9.12,9.14,8.96,8.97,26980800,0.0,0.0
2015-12-09 00:00:00+08:00,8.96,8.97,8.77,8.82,33795200,0.0,0.0
2015-12-10 00:00:00+08:00,8.79,8.8,8.58,8.72,45257600,0.0,0.0
2015-12-11 00:00:00+08:00,8.73,8.8,8.56,8.56,39288000,0.0,0.0
2015-12-14 00:00:00+08:00,8.4,8.44,8.25,8.33,36633600,0.0,0.0
2015-12-15 00:00:00+08:00,8.37,9.01,8.37,8.92,55877600,0.0,0.0
2015-12-16 00:00:00+08:00,9.15,9.34,9.04,9.04,72636800,0.0,0.0
2015-12-17 00:00:00+08:00,9.04,9.1,8.91,9.01,41992000,0.0,0.0
2015-12-18 00:00:00+08:00,8.83,8.94,8.74,8.91,41092000,0.0,0.0
2015-12-21 00:00:00+08:00,8.89,9.79,8.86,9.79,156045600,0.0,0.0
2015-12-22 00:00:00+08:00,9.91,10.03,9.6,9.81,157508800,0.0,0.0
2015-12-23 00:00:00+08:00,9.94,10.43,9.88,10.17,171652000,0.0,0.0
2015-12-24 00:00:00+08:00,10.37,10.53,10.22,10.22,87344000,0.0,0.0
2015-12-25 00:00:00+08:00,10.22,10.32,10.1,10.25,39073600,0.0,0.0
2015-12-28 00:00:00+08:00,10.21,10.26,10.05,10.06,39842400,0.0,0.0
2015-12-29 00:00:00+08:00,10.06,10.2,9.86,10.12,43694400,0.0,0.0
2015-12-30 00:00:00+08:00,10.18,10.32,9.96,9.96,49639200,0.0,0.0
2015-12-31 00:00:00+08:00,10.0,10.04,9.88,9.99,17386400,0.0,0.0
2016-01-04 00:00:00+08:00,10.1,10.14,9.67,9.72,39280000,0.0,0.0
2016-01-05 00:00:00+08:00,9.72,9.79,9.45,9.45,48401600,0.0,0.0
2016-01-06 00:00:00+08:00,9.5,9.53,9.29,9.34,40651200,0.0,0.0
2016-01-07 00:00:00+08:00,9.35,9.43,9.24,9.33,49178400,0.0,0.0
2016-01-08 00:00:00+08:00,9.3,9.38,9.27,9.37,32963200,0.0,0.0
2016-01-11 00:00:00+08:00,9.08,9.27,9.02,9.27,47155200,0.0,0.0
2016-01-12 00:00:00+08:00,9.33,10.09,9.29,9.79,143566400,0.0,0.0
2016-01-13 00:00:00+08:00,10.06,10.17,9.86,9.86,83644000,0.0,0.0
2016-01-14 00:00:00+08:00,9.68,9.82,9.57,9.69,40548000,0.0,0.0
2016-01-15 00:00:00+08:00,9.69,9.76,9.27,9.31,63997600,0.0,0.0
2016-01-18 00:00:00+08:00,9.09,9.41,9.09,9.34,34544800,0.0,0.0
2016-01-19 00:00:00+08:00,9.34,9.4,9.25,9.3,19589600,0.0,0.0
2016-01-20 00:00:00+08:00,9.25,9.33,8.94,8.99,42598400,0.0,0.0
2016-01-21 00:00:00+08:00,9.07,9.32,9.05,9.05,29652800,0.0,0.0
2016-01-22 00:00:00+08:00,9.36,9.38,9.1,9.12,28258400,0.0,0.0
2016-01-25 00:00:00+08:00,9.24,9.24,9.1,9.11,35532800,0.0,0.0
2016-01-26 00:00:00+08:00,9.09,9.18,9.04,9.06,35471200,0.0,0.0
2016-01-27 00:00:00+08:00,9.12,9.17,8.97,8.97,23852800,0.0,0.0
2016-01-28 00:00:00+08:00,9.01,9.13,8.99,9.0,26378400,0.0,0.0
2016-01-29 00:00:00+08:00,8.9,8.9,8.63,8.81,75577600,0.0,0.0
2016-02-01 00:00:00+08:00,8.94,9.25,8.94,9.09,50782400,0.0,0.0
2016-02-02 00:00:00+08:00,8.96,9.06,8.82,8.84,69448000,0.0,0.0
2016-02-03 00:00:00+08:00,8.77,8.8,8.63,8.63,48391200,0.0,0.0
2016-02-15 00:00:00+08:00,8.53,8.56,8.43,8.48,30813600,0.0,0.0
2016-02-16 00:00:00+08:00,8.57,8.87,8.57,8.85,29970400,0.0,0.0
2016-02-17 00:00:00+08:00,8.93,8.93,8.71,8.71,38416800,0.0,0.0
2016-02-18 00:00:00+08:00,8.84,9.01,8.81,8.89,63684000,0.0,0.0
2016-02-19 00:00:00+08:00,8.8,8.86,8.71,8.72,34183200,0.0,0.0
2016-02-22 00:00:00+08:00,8.81,8.81,8.63,8.63,35010400,0.0,0.0
2016-02-23 00:00:00+08:00,8.68,8.9,8.65,8.8,62338400,0.0,0.0
2016-02-24 00:00:00+08:00,8.93,9.51,8.93,9.2,134332000,0.0,0.0
2016-02-25 00:00:00+08:00,9.3,9.5,9.27,9.35,98404800,0.0,0.0
2016-02-26 00:00:00+08:00,9.39,9.4,9.12,9.25,42285600,0.0,0.0
2016-03-01 00:00:00+08:00,9.35,9.4,9.25,9.29,31988000,0.0,0.0
2016-03-02 00:00:00+08:00,9.44,9.57,9.38,9.43,73037600,0.0,0.0
2016-03-03 00:00:00+08:00,9.5,9.7,9.4,9.44,74220800,0.0,0.0
2016-03-04 00:00:00+08:00,9.43,9.47,9.3,9.33,69842400,0.0,0.0
2016-03-07 00:00:00+08:00,9.4,9.4,9.19,9.19,58016800,0.0,0.0
2016-03-08 00:00:00+08:00,9.21,9.56,9.21,9.55,85596800,0.0,0.0
2016-03-09 00:00:00+08:00,9.63,9.63,9.5,9.55,69320000,0.0,0.0
2016-03-10 00:00:00+08:00,9.6,10.07,9.52,9.96,129864800,0.0,0.0
2016-03-11 00:00:00+08:00,9.95,10.04,9.88,9.96,63187200,0.0,0.0
2016-03-14 00:00:00+08:00,10.06,10.32,10.0,10.1,83724800,0.0,0.0
2016-03-15 00:00:00+08:00,10.2,10.32,10.05,10.05,117644000,0.0,0.0
2016-03-16 00:00:00+08:00,10.22,10.43,10.21,10.32,107464000,0.0,0.0
2016-03-17 00:00:00+08:00,10.43,10.63,10.13,10.13,96080000,0.0,0.0
2016-03-18 00:00:00+08:00,10.17,10.32,10.12,10.2,45462400,0.0,0.0
2016-03-21 00:00:00+08:00,10.25,10.26,10.1,10.22,23242400,0.0,0.0
2016-03-22 00:00:00+08:00,10.24,10.24,9.77,10.01,63453600,0.0,0.0
2016-03-23 00:00:00+08:00,9.9,10.14,9.9,9.98,29313600,0.0,0.0
2016-03-24 00:00:00+08:00,9.98,10.06,9.8,9.8,40072000,0.0,0.0
2016-03-25 00:00:00+08:00,9.86,9.89,9.76,9.81,18660800,0.0,0.0
2016-03-28 00:00:00+08:00,9.86,10.26,9.86,9.99,54310400,0.0,0.0
2016-03-29 00:00:00+08:00,9.99,10.2,9.86,9.86,50760000,0.0,0.0
2016-03-30 00:00:00+08:00,10.05,10.12,9.99,10.01,53247200,0.0,0.0
2016-03-31 00:00:00+08:00,10.03,10.08,9.88,9.93,42192800,0.0,0.0
2016-04-01 00:00:00+08:00,9.87,9.9,9.69,9.77,36222400,0.0,0.0
2016-04-06 00:00:00+08:00,9.62,9.63,9.45,9.45,37500000,0.0,0.0
2016-04-07 00:00:00+08:00,9.47,9.51,9.25,9.25,35350400,0.0,0.0
2016-04-08 00:00:00+08:00,9.53,10.07,9.49,9.97,106740000,0.0,0.0
2016-04-11 00:00:00+08:00,9.94,10.12,9.79,10.12,63620800,0.0,0.0
2016-04-12 00:00:00+08:00,10.2,10.26,9.95,9.95,46765600,0.0,0.0
2016-04-13 00:00:00+08:00,10.08,10.2,10.08,10.13,35405600,0.0,0.0
2016-04-14 00:00:00+08:00,10.26,10.37,10.15,10.15,42172800,0.0,0.0
2016-04-15 00:00:00+08:00,10.14,10.2,10.06,10.17,19971200,0.0,0.0
2016-04-18 00:00:00+08:00,10.17,10.32,10.12,10.25,30927200,0.0,0.0
2016-04-19 00:00:00+08:00,10.32,10.37,10.09,10.09,43952000,0.0,0.0
2016-04-20 00:00:00+08:00,10.17,10.17,9.99,10.08,29926400,0.0,0.0
2016-04-21 00:00:00+08:00,10.22,10.32,10.1,10.16,26967200,0.0,0.0
2016-04-22 00:00:00+08:00,10.2,10.26,10.08,10.17,32596000,0.0,0.0
2016-04-25 00:00:00+08:00,10.13,10.13,9.98,10.0,24980000,0.0,0.0
2016-04-26 00:00:00+08:00,9.91,10.0,9.77,9.78,31505600,0.0,0.0
2016-04-27 00:00:00+08:00,9.82,10.05,9.78,9.83,29069600,0.0,0.0
2016-04-28 00:00:00+08:00,9.95,9.97,9.68,9.8,27689600,0.0,0.0
2016-04-29 00:00:00+08:00,9.66,9.7,9.56,9.66,28336000,0.0,0.0
2016-05-03 00:00:00+08:00,9.6,9.6,9.25,9.27,56638400,0.0,0.0
2016-05-04 00:00:00+08:00,9.15,9.27,8.94,8.96,52573600,0.0,0.0
2016-05-05 00:00:00+08:00,8.95,9.06,8.8,8.91,45140800,0.0,0.0
2016-05-06 00:00:00+08:00,8.94,8.95,8.83,8.86,32484000,0.0,0.0
2016-05-09 00:00:00+08:00,8.97,9.22,8.97,9.05,40966400,0.0,0.0
2016-05-10 00:00:00+08:00,9.01,9.03,8.95,8.96,24176000,0.0,0.0
2016-05-11 00:00:00+08:00,9.02,9.11,8.81,8.81,32591200,0.0,0.0
2016-05-12 00:00:00+08:00,8.81,9.01,8.78,8.99,30568000,0.0,0.0
2016-05-13 00:00:00+08:00,8.94,8.94,8.73,8.81,32337600,0.0,0.0
2016-05-16 00:00:00+08:00,8.74,8.86,8.73,8.81,24460000,0.0,0.0
2016-05-17 00:00:00+08:00,8.81,8.85,8.74,8.78,27590400,0.0,0.0
2016-05-18 00:00:00+08:00,8.73,8.75,8.64,8.68,34987200,0.0,0.0
2016-05-19 00:00:00+08:00,8.67,8.76,8.64,8.64,31428800,0.0,0.0
2016-05-20 00:00:00+08:00,8.66,8.86,8.64,8.78,36305600,0.0,0.0
2016-05-23 00:00:00+08:00,8.86,9.44,8.85,9.32,78970400,0.0,0.0
2016-05-24 00:00:00+08:00,9.16,9.27,9.13,9.13,33453600,0.0,0.0
2016-05-25 00:00:00+08:00,9.35,9.36,9.19,9.2,27961600,0.0,0.0
2016-05-26 00:00:00+08:00,9.24,9.28,9.15,9.21,17618400,0.0,0.0
2016-05-27 00:00:00+08:00,9.29,9.32,9.21,9.27,24017600,0.0,0.0
2016-05-30 00:00:00+08:00,9.27,9.27,9.15,9.16,26934400,0.0,0.0
2016-05-31 00:00:00+08:00,9.17,9.35,9.16,9.31,39612800,0.0,0.0
2016-06-01 00:00:00+08:00,9.36,9.66,9.36,9.57,55117600,0.0,0.0
2016-06-02 00:00:00+08:00,9.58,9.63,9.39,9.45,35100000,0.0,0.0
2016-06-03 00:00:00+08:00,9.46,9.54,9.37,9.4,24251200,0.0,0.0
2016-06-06 00:00:00+08:00,9.5,9.88,9.5,9.54,54224000,0.0,0.0
2016-06-07 00:00:00+08:00,9.66,9.69,9.51,9.59,25787200,0.0,0.0
2016-06-08 00:00:00+08:00,9.59,9.63,9.5,9.56,27604800,0.0,0.0
2016-06-13 00:00:00+08:00,9.51,9.57,9.3,9.3,31084800,0.0,0.0
2016-06-14 00:00:00+08:00,9.29,9.51,9.29,9.5,20363200,0.0,0.0
2016-06-15 00:00:00+08:00,9.49,9.55,9.37,9.52,20763200,0.0,0.0
2016-06-16 00:00:00+08:00,9.55,9.55,9.33,9.38,38272800,0.0,0.0
2016-06-17 00:00:00+08:00,9.53,9.65,9.43,9.44,44620800,0.0,0.0
2016-06-20 00:00:00+08:00,9.75,9.75,9.6,9.66,29280800,0.0,0.0
2016-06-21 00:00:00+08:00,9.72,9.75,9.57,9.57,36509600,0.0,0.0
2016-06-22 00:00:00+08:00,9.6,9.69,9.57,9.69,23638400,0.0,0.0
2016-06-23 00:00:00+08:00,9.76,9.76,9.63,9.68,27450400,0.0,0.0
2016-06-24 00:00:00+08:00,9.76,9.85,9.52,9.6,65349600,0.0,0.0
2016-06-27 00:00:00+08:00,9.51,9.81,9.51,9.8,34415200,0.0,0.0
2016-06-28 00:00:00+08:00,9.76,9.99,9.73,9.96,10532800,0.0,0.0
2016-06-29 00:00:00+08:00,10.27,10.63,10.24,10.53,184024000,0.0,0.0
2016-06-30 00:00:00+08:00,10.84,11.3,10.79,11.25,197649600,0.0,0.0
2016-07-01 00:00:00+08:00,11.66,11.71,11.14,11.3,128526400,0.0,0.0
2016-07-04 00:00:00+08:00,11.3,11.61,11.2,11.5,77208800,0.0,0.0
2016-07-05 00:00:00+08:00,11.5,11.71,11.4,11.56,61738400,0.0,0.0
2016-07-06 00:00:00+08:00,11.45,11.5,11.3,11.3,75894400,0.0,0.0
2016-07-07 00:00:00+08:00,11.49,11.8,11.38,11.49,120379200,0.35,0.0
2016-07-08 00:00:00+08:00,11.49,11.49,11.49,11.49,0,0.0,0.0
2016-07-11 00:00:00+08:00,11.7,11.7,11.7,11.7,88000,0.0,0.0
2016-07-12 00:00:00+08:00,11.7,11.75,11.38,11.49,54185600,0.0,0.0
2016-07-13 00:00:00+08:00,11.91,11.91,11.91,11.91,264800,0.0,0.0
2016-07-14 00:00:00+08:00,11.86,12.02,11.7,11.75,50242400,0.0,0.0
2016-07-15 00:00:00+08:00,11.8,11.96,11.75,11.86,45215200,0.0,0.0
2016-07-18 00:00:00+08:00,12.02,12.49,12.02,12.38,95192800,0.0,0.0
2016-07-19 00:00:00+08:00,12.65,12.91,12.38,12.91,169984800,0.0,0.0
2016-07-20 00:00:00+08:00,12.96,13.02,12.75,12.91,80308000,0.0,0.0
2016-07-21 00:00:00+08:00,13.18,13.91,13.18,13.44,186130400,0.0,0.0
2016-07-22 00:00:00+08:00,13.54,13.54,13.02,13.28,92840800,0.0,0.0
2016-07-25 00:00:00+08:00,13.39,13.49,12.7,12.96,98692000,0.0,0.0
2016-07-26 00:00:00+08:00,12.96,13.23,12.86,13.12,91192000,0.0,0.0
2016-07-27 00:00:00+08:00,13.23,13.7,13.12,13.33,142772000,0.0,0.0
2016-07-28 00:00:00+08:00,14.02,14.07,13.54,13.6,162420000,0.0,0.0
2016-07-29 00:00:00+08:00,13.7,13.75,13.44,13.65,81392800,0.0,0.0
2016-08-01 00:00:00+08:00,13.75,13.81,13.49,13.6,49138400,0.0,0.0
2016-08-02 00:00:00+08:00,13.65,13.75,13.6,13.75,47670400,0.0,0.0
2016-08-03 00:00:00+08:00,13.7,13.86,13.54,13.75,72403200,0.0,0.0
2016-08-04 00:00:00+08:00,13.81,13.86,13.6,13.7,36627200,0.0,0.0
2016-08-05 00:00:00+08:00,13.81,14.18,13.7,14.07,111075200,0.0,0.0
2016-08-08 00:00:00+08:00,14.39,14.49,14.28,14.33,79886400,0.0,0.0
2016-08-09 00:00:00+08:00,14.33,14.33,13.97,14.07,54304000,0.0,0.0
2016-08-10 00:00:00+08:00,14.02,14.02,13.49,13.7,68752000,0.0,0.0
2016-08-11 00:00:00+08:00,13.65,13.65,13.18,13.39,94188000,0.0,0.0
2016-08-12 00:00:00+08:00,13.49,13.54,13.23,13.39,41970400,0.0,0.0
2016-08-15 00:00:00+08:00,13.39,13.39,12.81,12.81,91107200,0.0,0.0
2016-08-16 00:00:00+08:00,12.75,13.12,12.75,13.12,84117600,0.0,0.0
2016-08-17 00:00:00+08:00,13.18,13.33,12.81,12.96,55361600,0.0,0.0
2016-08-18 00:00:00+08:00,12.96,12.96,12.75,12.91,38810400,0.0,0.0
2016-08-19 00:00:00+08:00,13.18,13.65,13.18,13.39,103963200,0.0,0.0
2016-08-22 00:00:00+08:00,13.54,13.6,13.23,13.33,62911200,0.0,0.0
2016-08-23 00:00:00+08:00,13.33,13.49,13.18,13.28,50472000,0.0,0.0
2016-08-24 00:00:00+08:00,13.39,13.44,12.96,12.96,53920000,0.0,0.0
2016-08-25 00:00:00+08:00,13.23,13.65,13.18,13.54,98548000,0.0,0.0
2016-08-26 00:00:00+08:00,13.65,13.65,13.49,13.54,36747200,0.0,0.0
2016-08-29 00:00:00+08:00,13.44,13.49,13.02,13.23,43916000,0.0,0.0
2016-08-30 00:00:00+08:00,13.39,13.54,13.28,13.44,33732000,0.0,0.0
2016-08-31 00:00:00+08:00,13.49,13.49,13.07,13.23,68353600,0.0,0.0
2016-09-01 00:00:00+08:00,12.96,13.02,12.75,12.81,60776000,0.0,0.0
2016-09-02 00:00:00+08:00,12.81,12.81,12.17,12.44,87040000,0.0,0.0
2016-09-05 00:00:00+08:00,12.6,12.91,12.54,12.91,70779200,0.0,0.0
2016-09-06 00:00:00+08:00,12.81,12.91,12.7,12.86,27509600,0.0,0.0
2016-09-07 00:00:00+08:00,12.86,12.91,12.75,12.81,24735200,0.0,0.0
2016-09-08 00:00:00+08:00,12.7,12.81,12.6,12.75,36386400,0.0,0.0
2016-09-09 00:00:00+08:00,12.44,12.54,12.33,12.38,45191200,0.0,0.0
2016-09-12 00:00:00+08:00,11.86,12.17,11.86,11.91,57954400,0.0,0.0
2016-09-13 00:00:00+08:00,12.23,12.38,11.91,12.07,86563200,0.0,0.0
2016-09-14 00:00:00+08:00,12.02,12.07,11.75,11.8,63802400,0.0,0.0
2016-09-19 00:00:00+08:00,11.91,12.07,11.8,12.02,45797600,0.0,0.0
2016-09-20 00:00:00+08:00,11.96,12.44,11.96,12.38,75295200,0.0,0.0
2016-09-21 00:00:00+08:00,12.54,12.75,12.44,12.54,109559200,0.0,0.0
2016-09-22 00:00:00+08:00,12.65,12.7,12.28,12.33,38115200,0.0,0.0
2016-09-23 00:00:00+08:00,12.33,12.54,12.28,12.38,27039200,0.0,0.0
2016-09-26 00:00:00+08:00,12.38,12.44,12.23,12.23,27770400,0.0,0.0
2016-09-27 00:00:00+08:00,12.23,12.23,12.23,12.23,0,0.0,0.0
2016-09-29 00:00:00+08:00,12.38,12.44,12.12,12.28,38836000,0.0,0.0
2016-09-30 00:00:00+08:00,12.12,12.17,12.02,12.07,27679200,0.0,0.0
2016-10-03 00:00:00+08:00,12.28,12.86,12.23,12.81,120492000,0.0,0.0
2016-10-04 00:00:00+08:00,12.7,12.81,12.65,12.81,40354400,0.0,0.0
2016-10-05 00:00:00+08:00,12.75,12.96,12.65,12.91,38065600,0.0,0.0
2016-10-06 00:00:00+08:00,13.07,13.12,12.91,12.96,43296800,0.0,0.0
2016-10-07 00:00:00+08:00,12.96,12.96,12.65,12.65,40778400,0.0,0.0
2016-10-11 00:00:00+08:00,12.81,12.86,12.17,12.28,64458400,0.0,0.0
2016-10-12 00:00:00+08:00,12.23,12.44,12.07,12.33,46939200,0.0,0.0
2016-10-13 00:00:00+08:00,12.38,12.44,12.23,12.44,42276000,0.0,0.0
2016-10-14 00:00:00+08:00,12.44,12.44,12.17,12.23,39224800,0.0,0.0
2016-10-17 00:00:00+08:00,12.23,12.33,12.12,12.23,31326400,0.0,0.0
2016-10-18 00:00:00+08:00,12.33,12.38,12.23,12.38,26248000,0.0,0.0
2016-10-19 00:00:00+08:00,12.38,12.7,12.38,12.6,47128000,0.0,0.0
2016-10-20 00:00:00+08:00,12.65,12.7,12.54,12.65,28412800,0.0,0.0
2016-10-21 00:00:00+08:00,12.75,13.28,12.75,13.12,136595200,0.0,0.0
2016-10-24 00:00:00+08:00,13.33,13.6,13.33,13.49,90424800,0.0,0.0
2016-10-25 00:00:00+08:00,13.7,13.86,13.6,13.7,99324000,0.0,0.0
2016-10-26 00:00:00+08:00,13.6,13.81,13.6,13.81,44737600,0.0,0.0
2016-10-27 00:00:00+08:00,13.91,13.97,13.49,13.54,59757600,0.0,0.0
2016-10-28 00:00:00+08:00,13.65,13.65,13.02,13.02,114062400,0.0,0.0
2016-10-31 00:00:00+08:00,12.86,12.91,12.6,12.65,99447200,0.0,0.0
2016-11-01 00:00:00+08:00,12.75,13.02,12.7,12.91,52875200,0.0,0.0
2016-11-02 00:00:00+08:00,12.7,12.86,12.65,12.75,47549600,0.0,0.0
2016-11-03 00:00:00+08:00,12.65,12.86,12.6,12.6,39462400,0.0,0.0
2016-11-04 00:00:00+08:00,12.65,12.81,12.54,12.65,41197600,0.0,0.0
2016-11-07 00:00:00+08:00,12.7,12.81,12.6,12.65,27344000,0.0,0.0
2016-11-08 00:00:00+08:00,12.86,13.02,12.81,12.91,39261600,0.0,0.0
2016-11-09 00:00:00+08:00,12.91,12.96,12.12,12.12,93199200,0.0,0.0
2016-11-10 00:00:00+08:00,12.49,12.75,12.44,12.44,57479200,0.0,0.0
2016-11-11 00:00:00+08:00,12.17,12.23,11.96,12.07,56653600,0.0,0.0
2016-11-14 00:00:00+08:00,11.96,12.07,11.86,11.96,33147200,0.0,0.0
2016-11-15 00:00:00+08:00,11.96,12.23,11.96,12.02,48018400,0.0,0.0
2016-11-16 00:00:00+08:00,12.23,12.28,12.02,12.02,37035200,0.0,0.0
2016-11-17 00:00:00+08:00,12.12,12.33,12.07,12.28,49384800,0.0,0.0
2016-11-18 00:00:00+08:00,12.28,12.38,12.12,12.28,35456800,0.0,0.0
2016-11-21 00:00:00+08:00,12.28,12.49,12.28,12.38,40027200,0.0,0.0
2016-11-22 00:00:00+08:00,12.38,12.49,12.28,12.38,42465600,0.0,0.0
2016-11-23 00:00:00+08:00,12.38,12.49,12.28,12.28,24125600,0.0,0.0
2016-11-24 00:00:00+08:00,12.28,12.33,12.12,12.17,23004000,0.0,0.0
2016-11-25 00:00:00+08:00,12.17,12.28,12.12,12.28,16584000,0.0,0.0
2016-11-28 00:00:00+08:00,12.33,12.33,12.12,12.12,26482400,0.0,0.0
2016-11-29 00:00:00+08:00,12.12,12.28,12.07,12.17,25865600,0.0,0.0
2016-11-30 00:00:00+08:00,12.17,12.28,12.07,12.07,37271200,0.0,0.0
2016-12-01 00:00:00+08:00,12.17,12.28,12.07,12.07,32034400,0.0,0.0
2016-12-02 00:00:00+08:00,12.02,12.02,11.91,11.96,31594400,0.0,0.0
2016-12-05 00:00:00+08:00,11.96,12.23,11.96,12.17,25172800,0.0,0.0
2016-12-06 00:00:00+08:00,12.17,12.23,12.07,12.12,21647200,0.0,0.0
2016-12-07 00:00:00+08:00,12.17,12.44,12.12,12.44,45026400,0.0,0.0
2016-12-08 00:00:00+08:00,12.6,12.7,12.54,12.65,74994400,0.0,0.0
2016-12-09 00:00:00+08:00,12.6,12.65,12.44,12.54,27224000,0.0,0.0
2016-12-12 00:00:00+08:00,12.49,12.6,12.33,12.38,23121600,0.0,0.0
2016-12-13 00:00:00+08:00,12.33,12.6,12.33,12.38,49480800,0.0,0.0
2016-12-14 00:00:00+08:00,12.44,12.54,12.33,12.33,21516800,0.0,0.0
2016-12-15 00:00:00+08:00,12.33,12.54,12.28,12.54,27874400,0.0,0.0
2016-12-16 00:00:00+08:00,12.6,12.65,12.49,12.54,35112800,0.0,0.0
2016-12-19 00:00:00+08:00,12.54,12.54,12.33,12.38,19109600,0.0,0.0
2016-12-20 00:00:00+08:00,12.44,12.6,12.44,12.49,29256800,0.0,0.0
2016-12-21 00:00:00+08:00,12.6,12.86,12.6,12.75,83062400,0.0,0.0
2016-12-22 00:00:00+08:00,12.81,12.86,12.7,12.7,32825600,0.0,0.0
2016-12-23 00:00:00+08:00,12.81,12.96,12.65,12.65,36657600,0.0,0.0
2016-12-26 00:00:00+08:00,12.75,12.75,12.54,12.54,13539200,0.0,0.0
2016-12-27 00:00:00+08:00,12.6,12.65,12.44,12.49,14523200,0.0,0.0
2016-12-28 00:00:00+08:00,12.49,12.6,12.44,12.54,23015200,0.0,0.0
2016-12-29 00:00:00+08:00,12.49,12.54,12.38,12.38,19651200,0.0,0.0
2016-12-30 00:00:00+08:00,12.44,12.49,12.33,12.44,20088800,0.0,0.0
2017-01-03 00:00:00+08:00,12.44,12.75,12.38,12.65,43867200,0.0,0.0
2017-01-04 00:00:00+08:00,12.7,12.75,12.54,12.6,34605600,0.0,0.0
2017-01-05 00:00:00+08:00,12.6,12.91,12.49,12.91,82163200,0.0,0.0
2017-01-06 00:00:00+08:00,13.07,13.28,13.07,13.23,87432800,0.0,0.0
2017-01-09 00:00:00+08:00,13.54,13.81,13.39,13.54,98925600,0.0,0.0
2017-01-10 00:00:00+08:00,13.6,13.7,13.39,13.49,56559200,0.0,0.0
2017-01-11 00:00:00+08:00,13.6,13.65,13.39,13.49,40927200,0.0,0.0
2017-01-12 00:00:00+08:00,13.49,13.75,13.49,13.6,64515200,0.0,0.0
2017-01-13 00:00:00+08:00,13.6,13.81,13.54,13.75,66642400,0.0,0.0
2017-01-16 00:00:00+08:00,13.7,13.81,13.49,13.54,48581600,0.0,0.0
2017-01-17 00:00:00+08:00,13.54,13.6,13.49,13.54,18868800,0.0,0.0
2017-01-18 00:00:00+08:00,13.54,13.81,13.49,13.65,56344000,0.0,0.0
2017-01-19 00:00:00+08:00,13.65,13.7,13.54,13.54,34198400,0.0,0.0
2017-01-20 00:00:00+08:00,13.54,13.6,13.44,13.49,35042400,0.0,0.0
2017-01-23 00:00:00+08:00,13.6,13.6,13.39,13.54,32144800,0.0,0.0
2017-01-24 00:00:00+08:00,13.49,13.6,13.44,13.6,49110400,0.0,0.0
2017-02-02 00:00:00+08:00,13.81,14.39,13.7,14.12,146094400,0.0,0.0
2017-02-03 00:00:00+08:00,14.18,14.23,13.81,13.86,60416000,0.0,0.0
2017-02-06 00:00:00+08:00,13.97,14.12,13.75,13.91,53763200,0.0,0.0
2017-02-07 00:00:00+08:00,13.86,13.91,13.6,13.6,69944000,0.0,0.0
2017-02-08 00:00:00+08:00,13.54,13.54,13.02,13.07,119335200,0.0,0.0
2017-02-09 00:00:00+08:00,13.02,13.28,12.81,13.28,85325600,0.0,0.0
2017-02-10 00:00:00+08:00,13.33,13.39,12.96,13.02,62480000,0.0,0.0
2017-02-13 00:00:00+08:00,13.12,13.18,12.02,12.54,129528800,0.0,0.0
2017-02-14 00:00:00+08:00,12.33,12.7,12.33,12.44,78540800,0.0,0.0
2017-02-15 00:00:00+08:00,12.44,12.86,12.44,12.65,131880000,0.0,0.0
2017-02-16 00:00:00+08:00,12.81,12.81,12.44,12.49,52239200,0.0,0.0
2017-02-17 00:00:00+08:00,12.54,12.65,12.44,12.6,53276000,0.0,0.0
2017-02-20 00:00:00+08:00,12.49,12.6,12.33,12.38,46189600,0.0,0.0
2017-02-21 00:00:00+08:00,12.44,12.6,12.38,12.49,47184000,0.0,0.0
2017-02-22 00:00:00+08:00,12.75,13.07,12.7,12.86,115499200,0.0,0.0
2017-02-23 00:00:00+08:00,12.91,12.96,12.75,12.86,60381600,0.0,0.0
2017-02-24 00:00:00+08:00,12.91,12.91,12.65,12.86,35615200,0.0,0.0
2017-03-01 00:00:00+08:00,12.81,12.86,12.54,12.54,51505600,0.0,0.0
2017-03-02 00:00:00+08:00,12.65,12.75,12.6,12.6,41952000,0.0,0.0
2017-03-03 00:00:00+08:00,12.6,12.65,12.38,12.54,37299200,0.0,0.0
2017-03-06 00:00:00+08:00,12.6,12.75,12.54,12.7,39327200,0.0,0.0
2017-03-07 00:00:00+08:00,12.7,12.75,12.6,12.7,39002400,0.0,0.0
2017-03-08 00:00:00+08:00,12.65,12.86,12.65,12.86,68659200,0.0,0.0
2017-03-09 00:00:00+08:00,12.96,12.96,12.7,12.75,45264800,0.0,0.0
2017-03-10 00:00:00+08:00,12.7,12.7,12.54,12.54,45784000,0.0,0.0
2017-03-13 00:00:00+08:00,12.49,12.6,12.49,12.49,25473600,0.0,0.0
2017-03-14 00:00:00+08:00,12.6,12.7,12.54,12.6,37658400,0.0,0.0
2017-03-15 00:00:00+08:00,12.7,12.75,12.54,12.6,32204000,0.0,0.0
2017-03-16 00:00:00+08:00,12.7,12.81,12.65,12.75,50171200,0.0,0.0
2017-03-17 00:00:00+08:00,12.81,12.86,12.65,12.75,34966400,0.0,0.0
2017-03-20 00:00:00+08:00,12.75,12.81,12.6,12.7,26389600,0.0,0.0
2017-03-21 00:00:00+08:00,12.7,12.81,12.6,12.6,41979200,0.0,0.0
2017-03-22 00:00:00+08:00,12.49,12.54,12.44,12.54,49027200,0.0,0.0
2017-03-23 00:00:00+08:00,12.7,12.81,12.6,12.65,50357600,0.0,0.0
2017-03-24 00:00:00+08:00,12.65,12.7,12.54,12.54,33827200,0.0,0.0
2017-03-27 00:00:00+08:00,12.54,12.65,12.49,12.6,27598400,0.0,0.0
2017-03-28 00:00:00+08:00,12.65,12.65,12.33,12.44,58341600,0.0,0.0
2017-03-29 00:00:00+08:00,12.44,12.75,12.44,12.7,98740800,0.0,0.0
2017-03-30 00:00:00+08:00,12.65,12.7,12.54,12.54,30552000,0.0,0.0
2017-03-31 00:00:00+08:00,12.54,12.75,12.49,12.49,52523200,0.0,0.0
2017-04-05 00:00:00+08:00,12.54,12.6,12.49,12.49,40716800,0.0,0.0
2017-04-06 00:00:00+08:00,12.54,12.7,12.49,12.7,52884800,0.0,0.0
2017-04-07 00:00:00+08:00,12.81,12.86,12.54,12.81,82406400,0.0,0.0
2017-04-10 00:00:00+08:00,12.86,13.33,12.86,13.18,178467200,0.0,0.0
2017-04-11 00:00:00+08:00,13.28,13.39,12.96,13.02,93908000,0.0,0.0
2017-04-12 00:00:00+08:00,13.18,13.6,13.07,13.49,126726400,0.0,0.0
2017-04-13 00:00:00+08:00,13.6,13.97,13.44,13.54,157262400,0.0,0.0
2017-04-14 00:00:00+08:00,13.49,13.86,13.44,13.54,97559200,0.0,0.0
2017-04-17 00:00:00+08:00,14.02,14.07,13.6,13.81,117303200,0.0,0.0
2017-04-18 00:00:00+08:00,13.97,13.97,13.7,13.7,65133600,0.0,0.0
2017-04-19 00:00:00+08:00,13.6,13.75,13.18,13.18,126811200,0.0,0.0
2017-04-20 00:00:00+08:00,13.23,13.33,13.02,13.07,60731200,0.0,0.0
2017-04-21 00:00:00+08:00,13.28,13.39,13.07,13.12,68487200,0.0,0.0
2017-04-24 00:00:00+08:00,13.12,13.18,12.75,12.91,56503200,0.0,0.0
2017-04-25 00:00:00+08:00,12.96,13.39,12.91,13.39,100784000,0.0,0.0
2017-04-26 00:00:00+08:00,13.49,13.54,13.23,13.39,48940000,0.0,0.0
2017-04-27 00:00:00+08:00,13.44,13.54,13.18,13.28,86278400,0.0,0.0
2017-04-28 00:00:00+08:00,13.65,13.7,13.28,13.28,162072000,0.0,0.0
2017-05-02 00:00:00+08:00,13.39,13.39,13.12,13.39,68060800,0.0,0.0
2017-05-03 00:00:00+08:00,13.33,13.39,13.23,13.23,36109600,0.0,0.0
2017-05-04 00:00:00+08:00,13.28,13.39,13.18,13.28,39120800,0.0,0.0
2017-05-05 00:00:00+08:00,13.28,13.33,13.07,13.07,47016800,0.0,0.0
2017-05-08 00:00:00+08:00,13.12,13.18,12.75,12.81,83191200,0.0,0.0
2017-05-09 00:00:00+08:00,12.28,12.44,12.17,12.23,137722400,0.0,0.0
2017-05-10 00:00:00+08:00,12.23,12.49,12.23,12.38,68238400,0.0,0.0
2017-05-11 00:00:00+08:00,12.49,12.49,12.07,12.07,94654400,0.0,0.0
2017-05-12 00:00:00+08:00,12.07,12.23,12.02,12.12,41050400,0.0,0.0
2017-05-15 00:00:00+08:00,12.23,12.28,12.17,12.23,30780000,0.0,0.0
2017-05-16 00:00:00+08:00,12.28,12.44,12.23,12.38,53764000,0.0,0.0
2017-05-17 00:00:00+08:00,12.44,12.49,12.28,12.38,47941600,0.0,0.0
2017-05-18 00:00:00+08:00,12.23,12.33,12.17,12.23,33080800,0.0,0.0
2017-05-19 00:00:00+08:00,12.38,12.65,12.38,12.54,99174400,0.0,0.0
2017-05-22 00:00:00+08:00,12.6,12.6,12.38,12.38,43793600,0.0,0.0
2017-05-23 00:00:00+08:00,12.44,12.6,12.44,12.54,34684000,0.0,0.0
2017-05-24 00:00:00+08:00,12.6,12.65,12.49,12.54,27508000,0.0,0.0
2017-05-25 00:00:00+08:00,12.6,12.6,12.49,12.54,35172800,0.0,0.0
2017-05-26 00:00:00+08:00,12.54,12.54,12.38,12.38,47763200,0.0,0.0
2017-05-31 00:00:00+08:00,12.44,12.49,12.38,12.38,36776800,0.0,0.0
2017-06-01 00:00:00+08:00,12.44,12.49,12.38,12.44,24803200,0.0,0.0
2017-06-02 00:00:00+08:00,12.49,12.54,12.44,12.49,23340800,0.0,0.0
2017-06-05 00:00:00+08:00,12.49,12.7,12.44,12.65,67674400,0.0,0.0
2017-06-06 00:00:00+08:00,12.7,12.91,12.7,12.91,86805600,0.0,0.0
2017-06-07 00:00:00+08:00,13.02,13.33,13.02,13.23,141998400,0.0,0.0
2017-06-08 00:00:00+08:00,13.33,13.33,13.07,13.07,70784000,0.0,0.0
2017-06-09 00:00:00+08:00,13.07,13.18,12.81,12.81,61205600,0.0,0.0
2017-06-12 00:00:00+08:00,12.7,12.86,12.65,12.86,32982400,0.0,0.0
2017-06-13 00:00:00+08:00,12.81,12.91,12.81,12.81,23309600,0.0,0.0
2017-06-14 00:00:00+08:00,12.91,12.91,12.54,12.7,49714400,0.0,0.0
2017-06-15 00:00:00+08:00,12.81,13.02,12.65,13.02,57521600,0.0,0.0
2017-06-16 00:00:00+08:00,13.07,13.23,13.02,13.23,100139200,0.0,0.0
2017-06-19 00:00:00+08:00,13.23,13.28,13.12,13.12,49367200,0.0,0.0
2017-06-20 00:00:00+08:00,13.18,13.33,13.12,13.18,63171200,0.0,0.0
2017-06-21 00:00:00+08:00,13.12,13.49,13.07,13.44,113764800,0.0,0.0
2017-06-22 00:00:00+08:00,13.49,13.6,13.39,13.39,74574400,0.0,0.0
2017-06-23 00:00:00+08:00,13.49,13.7,13.44,13.54,123669600,0.0,0.0
2017-06-26 00:00:00+08:00,13.7,13.91,13.7,13.86,131464000,0.0,0.0
2017-06-27 00:00:00+08:00,14.12,14.33,13.91,14.12,180716000,0.0,0.0
2017-06-28 00:00:00+08:00,15.18,15.18,14.55,14.7,240510400,0.0,0.0
2017-06-29 00:00:00+08:00,14.97,14.97,14.44,14.49,114030400,0.0,0.0
2017-06-30 00:00:00+08:00,14.39,14.65,14.33,14.65,145436800,0.0,0.0
2017-07-03 00:00:00+08:00,14.65,14.81,14.54,14.76,121041600,0.56,0.0
2017-07-04 00:00:00+08:00,14.76,14.87,14.27,14.32,102833600,0.0,0.0
2017-07-05 00:00:00+08:00,14.43,14.49,14.21,14.43,59996800,0.0,0.0
2017-07-06 00:00:00+08:00,14.38,14.49,14.21,14.32,75717600,0.0,0.0
2017-07-07 00:00:00+08:00,14.1,14.21,13.94,13.94,109512800,0.0,0.0
2017-07-10 00:00:00+08:00,14.0,14.05,13.83,13.89,71814400,0.0,0.0
2017-07-11 00:00:00+08:00,14.0,14.27,14.0,14.21,88238400,0.0,0.0
2017-07-12 00:00:00+08:00,14.27,14.32,14.05,14.05,69548000,0.0,0.0
2017-07-13 00:00:00+08:00,13.94,13.94,13.67,13.67,121250400,0.0,0.0
2017-07-14 00:00:00+08:00,13.61,13.83,13.56,13.61,63220800,0.0,0.0
2017-07-17 00:00:00+08:00,13.78,13.78,13.4,13.45,67672000,0.0,0.0
2017-07-18 00:00:00+08:00,13.5,13.83,13.45,13.78,76843200,0.0,0.0
2017-07-19 00:00:00+08:00,13.83,13.94,13.67,13.67,80620800,0.0,0.0
2017-07-20 00:00:00+08:00,13.4,13.5,13.29,13.29,104348000,0.0,0.0
2017-07-21 00:00:00+08:00,13.18,13.34,13.01,13.29,130900000,0.0,0.0
2017-07-24 00:00:00+08:00,13.29,13.4,13.12,13.23,56775200,0.0,0.0
2017-07-25 00:00:00+08:00,13.23,13.4,13.12,13.34,56047200,0.0,0.0
2017-07-26 00:00:00+08:00,13.34,13.4,13.12,13.18,60719200,0.0,0.0
2017-07-27 00:00:00+08:00,13.4,13.5,13.29,13.34,96758400,0.0,0.0
2017-07-28 00:00:00+08:00,13.29,13.29,13.12,13.18,62328800,0.0,0.0
2017-07-31 00:00:00+08:00,13.23,13.34,13.12,13.29,39760000,0.0,0.0
2017-08-01 00:00:00+08:00,13.34,13.4,13.29,13.34,40915200,0.0,0.0
2017-08-02 00:00:00+08:00,13.23,13.29,13.12,13.18,59394400,0.0,0.0
2017-08-03 00:00:00+08:00,13.18,13.23,13.12,13.18,43951200,0.0,0.0
2017-08-04 00:00:00+08:00,13.12,13.4,13.07,13.29,62442400,0.0,0.0
2017-08-07 00:00:00+08:00,13.18,13.29,13.12,13.12,56531200,0.0,0.0
2017-08-08 00:00:00+08:00,13.18,13.18,13.07,13.07,56638400,0.0,0.0
2017-08-09 00:00:00+08:00,13.07,13.12,12.85,12.85,85888000,0.0,0.0
2017-08-10 00:00:00+08:00,12.85,13.01,12.74,12.74,61876800,0.0,0.0
2017-08-11 00:00:00+08:00,12.74,13.07,12.74,13.07,67180000,0.0,0.0
2017-08-14 00:00:00+08:00,13.07,13.12,12.85,12.85,47219200,0.0,0.0
2017-08-15 00:00:00+08:00,13.01,13.12,12.96,12.96,67323200,0.0,0.0
2017-08-16 00:00:00+08:00,12.8,12.85,12.63,12.74,71967200,0.0,0.0
2017-08-17 00:00:00+08:00,12.8,13.07,12.8,13.01,86927200,0.0,0.0
2017-08-18 00:00:00+08:00,12.91,12.96,12.8,12.85,30487200,0.0,0.0
2017-08-21 00:00:00+08:00,12.91,13.12,12.85,13.07,65000386,0.0,0.0
2017-08-22 00:00:00+08:00,13.23,13.4,13.23,13.4,116999336,0.0,0.0
2017-08-23 00:00:00+08:00,13.45,13.45,13.18,13.18,69147207,0.0,0.0
2017-08-24 00:00:00+08:00,13.18,13.29,13.12,13.18,55049027,0.0,0.0
2017-08-25 00:00:00+08:00,13.23,13.29,13.12,13.23,58324222,0.0,0.0
2017-08-28 00:00:00+08:00,13.34,13.56,13.34,13.45,128017130,0.0,0.0
2017-08-29 00:00:00+08:00,13.45,13.5,13.29,13.34,44474795,0.0,0.0
2017-08-30 00:00:00+08:00,13.34,13.5,13.29,13.45,75770325,0.0,0.0
2017-08-31 00:00:00+08:00,13.5,13.56,13.4,13.5,63356849,0.0,0.0
2017-09-01 00:00:00+08:00,13.5,13.56,13.4,13.5,47250114,0.0,0.0
2017-09-04 00:00:00+08:00,13.45,13.5,13.29,13.34,43826756,0.0,0.0
2017-09-05 00:00:00+08:00,13.4,13.67,13.4,13.67,91854179,0.0,0.0
2017-09-06 00:00:00+08:00,13.5,13.56,13.29,13.34,75616737,0.0,0.0
2017-09-07 00:00:00+08:00,13.45,13.5,13.29,13.29,61676442,0.0,0.0
2017-09-08 00:00:00+08:00,13.4,13.56,13.4,13.45,57029045,0.0,0.0
2017-09-11 00:00:00+08:00,13.5,13.5,13.34,13.4,36718596,0.0,0.0
2017-09-12 00:00:00+08:00,13.45,13.5,13.34,13.4,43386964,0.0,0.0
2017-09-13 00:00:00+08:00,13.45,13.56,13.34,13.5,46976920,0.0,0.0
2017-09-14 00:00:00+08:00,13.56,13.56,13.45,13.5,27097490,0.0,0.0
2017-09-15 00:00:00+08:00,13.56,13.56,13.45,13.56,45543907,0.0,0.0
2017-09-18 00:00:00+08:00,13.72,14.27,13.72,14.21,243540160,0.0,0.0
2017-09-19 00:00:00+08:00,14.27,14.32,13.72,13.72,185889734,0.0,0.0
2017-09-20 00:00:00+08:00,13.72,13.94,13.61,13.83,104771116,0.0,0.0
2017-09-21 00:00:00+08:00,13.89,13.94,13.72,13.78,58900864,0.0,0.0
2017-09-22 00:00:00+08:00,13.78,13.89,13.56,13.56,71746069,0.0,0.0
2017-09-25 00:00:00+08:00,13.61,13.67,13.4,13.4,43253420,0.0,0.0
2017-09-26 00:00:00+08:00,13.34,13.5,13.18,13.23,55842818,0.0,0.0
2017-09-27 00:00:00+08:00,13.34,13.5,13.29,13.29,43195317,0.0,0.0
2017-09-28 00:00:00+08:00,13.4,13.4,13.12,13.12,57901952,0.0,0.0
2017-09-29 00:00:00+08:00,13.12,13.29,13.01,13.23,75495699,0.0,0.0
2017-10-02 00:00:00+08:00,13.29,13.34,13.23,13.23,19909325,0.0,0.0
2017-10-03 00:00:00+08:00,13.23,13.34,13.23,13.23,24746696,0.0,0.0
2017-10-05 00:00:00+08:00,13.34,13.5,13.29,13.45,46549840,0.0,0.0
2017-10-06 00:00:00+08:00,13.45,13.56,13.34,13.45,29765502,0.0,0.0
2017-10-11 00:00:00+08:00,13.12,13.34,13.12,13.29,53855276,0.0,0.0
2017-10-12 00:00:00+08:00,13.29,13.34,13.18,13.18,35888580,0.0,0.0
2017-10-13 00:00:00+08:00,13.23,13.4,13.23,13.29,35241286,0.0,0.0
2017-10-16 00:00:00+08:00,13.4,13.5,13.34,13.4,42093580,0.0,0.0
2017-10-17 00:00:00+08:00,13.45,13.45,13.29,13.34,22714523,0.0,0.0
2017-10-18 00:00:00+08:00,13.4,13.45,13.29,13.34,26703769,0.0,0.0
2017-10-19 00:00:00+08:00,13.45,13.78,13.4,13.67,121841341,0.0,0.0
2017-10-20 00:00:00+08:00,13.56,13.72,13.5,13.72,65726062,0.0,0.0
2017-10-23 00:00:00+08:00,13.61,13.72,13.45,13.45,67214648,0.0,0.0
2017-10-24 00:00:00+08:00,13.4,13.4,13.29,13.34,46938889,0.0,0.0
2017-10-25 00:00:00+08:00,13.45,13.56,13.4,13.56,49006100,0.0,0.0
2017-10-26 00:00:00+08:00,13.72,13.83,13.61,13.67,90444713,0.0,0.0
2017-10-27 00:00:00+08:00,13.61,13.67,13.45,13.45,101047778,0.0,0.0
2017-10-30 00:00:00+08:00,13.56,13.61,13.34,13.45,38800539,0.0,0.0
2017-10-31 00:00:00+08:00,13.45,13.45,13.34,13.45,26842912,0.0,0.0
2017-11-01 00:00:00+08:00,13.45,13.61,13.4,13.56,53076256,0.0,0.0
2017-11-02 00:00:00+08:00,13.61,13.67,13.45,13.45,48997777,0.0,0.0
2017-11-03 00:00:00+08:00,13.5,13.61,13.45,13.61,40369296,0.0,0.0
2017-11-06 00:00:00+08:00,13.67,13.67,13.5,13.67,49390936,0.0,0.0
2017-11-07 00:00:00+08:00,13.67,13.72,13.56,13.61,25163700,0.0,0.0
2017-11-08 00:00:00+08:00,13.5,13.56,13.4,13.5,50283089,0.0,0.0
2017-11-09 00:00:00+08:00,13.56,13.61,13.5,13.5,40962519,0.0,0.0
2017-11-10 00:00:00+08:00,13.5,13.56,13.4,13.4,35797875,0.0,0.0
2017-11-13 00:00:00+08:00,13.4,13.45,13.29,13.29,32059624,0.0,0.0
2017-11-14 00:00:00+08:00,13.34,13.45,13.29,13.34,42892720,0.0,0.0
2017-11-15 00:00:00+08:00,13.4,13.45,13.34,13.34,27267815,0.0,0.0
2017-11-16 00:00:00+08:00,13.5,13.67,13.4,13.5,67555097,0.0,0.0
2017-11-17 00:00:00+08:00,13.72,13.72,13.5,13.56,47950311,0.0,0.0
2017-11-20 00:00:00+08:00,13.67,13.78,13.67,13.78,81394060,0.0,0.0
2017-11-21 00:00:00+08:00,13.83,13.89,13.72,13.83,54774536,0.0,0.0
2017-11-22 00:00:00+08:00,13.94,14.21,13.94,14.05,194504620,0.0,0.0
2017-11-23 00:00:00+08:00,14.16,14.21,13.94,14.1,90445521,0.0,0.0
2017-11-24 00:00:00+08:00,14.16,14.65,14.1,14.49,187304119,0.0,0.0
2017-11-27 00:00:00+08:00,14.59,14.65,14.21,14.21,102173744,0.0,0.0
2017-11-28 00:00:00+08:00,14.27,14.49,14.21,14.32,78365199,0.0,0.0
2017-11-29 00:00:00+08:00,14.43,14.54,14.1,14.21,97533046,0.0,0.0
2017-11-30 00:00:00+08:00,13.94,14.05,13.83,13.89,94437709,0.0,0.0
2017-12-01 00:00:00+08:00,13.94,13.94,13.67,13.67,57822779,0.0,0.0
2017-12-04 00:00:00+08:00,13.67,13.89,13.56,13.67,118223620,0.0,0.0
2017-12-05 00:00:00+08:00,13.67,13.83,13.61,13.72,52405113,0.0,0.0
2017-12-06 00:00:00+08:00,13.83,13.94,13.61,13.72,58105849,0.0,0.0
2017-12-07 00:00:00+08:00,13.72,13.78,13.45,13.5,61951745,0.0,0.0
2017-12-08 00:00:00+08:00,13.61,13.61,13.4,13.61,49196384,0.0,0.0
2017-12-11 00:00:00+08:00,13.67,13.94,13.61,13.83,60397746,0.0,0.0
2017-12-12 00:00:00+08:00,13.83,13.89,13.61,13.67,28952036,0.0,0.0
2017-12-13 00:00:00+08:00,13.61,13.78,13.56,13.72,28725166,0.0,0.0
2017-12-14 00:00:00+08:00,13.72,13.78,13.67,13.72,24089260,0.0,0.0
2017-12-15 00:00:00+08:00,13.72,13.72,13.5,13.72,38169370,0.0,0.0
2017-12-18 00:00:00+08:00,13.67,13.72,13.56,13.61,15115842,0.0,0.0
2017-12-19 00:00:00+08:00,13.61,13.61,13.45,13.45,27683299,0.0,0.0
2017-12-20 00:00:00+08:00,13.45,13.61,13.4,13.45,35690489,0.0,0.0
2017-12-21 00:00:00+08:00,13.45,13.5,13.4,13.4,19213197,0.0,0.0
2017-12-22 00:00:00+08:00,13.5,13.56,13.45,13.56,15150018,0.0,0.0
2017-12-25 00:00:00+08:00,13.61,13.61,13.5,13.56,13714324,0.0,0.0
2017-12-26 00:00:00+08:00,13.56,13.61,13.4,13.45,20120666,0.0,0.0
2017-12-27 00:00:00+08:00,13.45,13.5,13.4,13.45,20294419,0.0,0.0
2017-12-28 00:00:00+08:00,13.5,13.61,13.45,13.61,25763878,0.0,0.0
2017-12-29 00:00:00+08:00,13.67,13.67,13.5,13.5,18452850,0.0,0.0
2018-01-02 00:00:00+08:00,13.5,13.56,13.45,13.45,29037076,0.0,0.0
2018-01-03 00:00:00+08:00,13.5,13.67,13.5,13.56,32316145,0.0,0.0
2018-01-04 00:00:00+08:00,13.67,13.83,13.61,13.61,60018848,0.0,0.0
2018-01-05 00:00:00+08:00,13.67,13.67,13.5,13.61,31028590,0.0,0.0
2018-01-08 00:00:00+08:00,13.72,13.78,13.61,13.72,29087170,0.0,0.0
2018-01-09 00:00:00+08:00,13.67,13.67,13.45,13.45,44435244,0.0,0.0
2018-01-10 00:00:00+08:00,13.5,13.5,13.45,13.5,20828651,0.0,0.0
2018-01-11 00:00:00+08:00,13.5,13.56,13.45,13.5,20383421,0.0,0.0
2018-01-12 00:00:00+08:00,13.56,13.83,13.5,13.72,96637672,0.0,0.0
2018-01-15 00:00:00+08:00,13.94,14.0,13.83,13.89,59806976,0.0,0.0
2018-01-16 00:00:00+08:00,13.89,14.27,13.83,14.21,143995390,0.0,0.0
2018-01-17 00:00:00+08:00,14.32,14.43,14.21,14.32,114305296,0.0,0.0
2018-01-18 00:00:00+08:00,14.43,14.43,14.21,14.21,81900334,0.0,0.0
2018-01-19 00:00:00+08:00,14.32,14.38,14.21,14.38,72997404,0.0,0.0
2018-01-22 00:00:00+08:00,14.49,14.81,14.43,14.76,177623148,0.0,0.0
2018-01-23 00:00:00+08:00,14.81,14.87,14.32,14.38,115473942,0.0,0.0
2018-01-24 00:00:00+08:00,14.92,15.3,14.7,15.03,309123357,0.0,0.0
2018-01-25 00:00:00+08:00,15.47,15.63,15.25,15.3,226964901,0.0,0.0
2018-01-26 00:00:00+08:00,15.41,15.57,15.14,15.57,127606150,0.0,0.0
2018-01-29 00:00:00+08:00,15.68,15.74,15.47,15.52,92254352,0.0,0.0
2018-01-30 00:00:00+08:00,15.47,15.47,14.98,15.03,118462674,0.0,0.0
2018-01-31 00:00:00+08:00,14.87,15.14,14.7,15.14,114135808,0.0,0.0
2018-02-01 00:00:00+08:00,14.92,14.98,14.7,14.7,118885465,0.0,0.0
2018-02-02 00:00:00+08:00,14.54,14.81,14.54,14.7,61474014,0.0,0.0
2018-02-05 00:00:00+08:00,14.32,14.54,14.32,14.54,78519517,0.0,0.0
2018-02-06 00:00:00+08:00,14.27,14.32,13.61,13.94,175168779,0.0,0.0
2018-02-07 00:00:00+08:00,14.32,14.54,14.27,14.49,149377196,0.0,0.0
2018-02-08 00:00:00+08:00,14.43,15.14,14.38,15.03,228905224,0.0,0.0
2018-02-09 00:00:00+08:00,14.49,14.76,14.49,14.54,163692418,0.0,0.0
2018-02-12 00:00:00+08:00,14.59,14.65,14.27,14.27,88489545,0.0,0.0
2018-02-21 00:00:00+08:00,14.7,14.87,14.59,14.59,102374913,0.0,0.0
2018-02-22 00:00:00+08:00,14.49,14.59,14.43,14.49,55645720,0.0,0.0
2018-02-23 00:00:00+08:00,14.54,14.59,14.43,14.49,40665280,0.0,0.0
2018-02-26 00:00:00+08:00,14.49,14.54,14.38,14.43,38055606,0.0,0.0
2018-02-27 00:00:00+08:00,14.49,14.54,14.27,14.27,41103717,0.0,0.0
2018-03-01 00:00:00+08:00,14.05,14.49,14.0,14.38,72655985,0.0,0.0
2018-03-02 00:00:00+08:00,14.21,14.27,14.1,14.16,31118706,0.0,0.0
2018-03-05 00:00:00+08:00,14.16,14.27,14.1,14.16,35909224,0.0,0.0
2018-03-06 00:00:00+08:00,14.27,14.27,14.16,14.21,19576848,0.0,0.0
2018-03-07 00:00:00+08:00,14.16,14.21,14.1,14.1,26050017,0.0,0.0
2018-03-08 00:00:00+08:00,14.16,14.98,14.16,14.87,138288353,0.0,0.0
2018-03-09 00:00:00+08:00,14.76,14.92,14.7,14.7,107855881,0.0,0.0
2018-03-12 00:00:00+08:00,14.81,14.87,14.54,14.65,48117275,0.0,0.0
2018-03-13 00:00:00+08:00,14.65,14.76,14.59,14.76,26456331,0.0,0.0
2018-03-14 00:00:00+08:00,14.7,15.03,14.7,14.7,55788177,0.0,0.0
2018-03-15 00:00:00+08:00,14.76,14.81,14.65,14.76,35948239,0.0,0.0
2018-03-16 00:00:00+08:00,14.76,14.87,14.7,14.87,33509404,0.0,0.0
2018-03-19 00:00:00+08:00,14.92,15.3,14.92,15.08,90328268,0.0,0.0
2018-03-20 00:00:00+08:00,15.03,15.36,14.98,15.25,88979551,0.0,0.0
2018-03-21 00:00:00+08:00,15.25,15.36,15.08,15.08,55655030,0.0,0.0
2018-03-22 00:00:00+08:00,15.14,15.19,14.81,14.92,48108590,0.0,0.0
2018-03-23 00:00:00+08:00,14.59,14.81,14.54,14.76,44905460,0.0,0.0
2018-03-26 00:00:00+08:00,14.92,15.03,14.87,14.87,123286148,0.0,0.0
2018-03-27 00:00:00+08:00,14.98,15.08,14.87,14.87,42690312,0.0,0.0
2018-03-28 00:00:00+08:00,14.87,14.92,14.76,14.76,33499220,0.0,0.0
2018-03-29 00:00:00+08:00,14.76,14.87,14.7,14.7,34697929,0.0,0.0
2018-03-30 00:00:00+08:00,14.81,14.92,14.76,14.87,30909837,0.0,0.0
2018-04-02 00:00:00+08:00,14.87,15.08,14.76,14.98,53150465,0.0,0.0
2018-04-03 00:00:00+08:00,14.87,14.92,14.81,14.87,28564513,0.0,0.0
2018-04-09 00:00:00+08:00,14.7,14.76,14.54,14.54,67258691,0.0,0.0
2018-04-10 00:00:00+08:00,14.43,14.49,14.27,14.49,40061475,0.0,0.0
2018-04-11 00:00:00+08:00,14.59,14.65,14.49,14.49,18841668,0.0,0.0
2018-04-12 00:00:00+08:00,14.54,14.7,14.54,14.65,23997868,0.0,0.0
2018-04-13 00:00:00+08:00,14.7,14.76,14.54,14.54,21052072,0.0,0.0
2018-04-16 00:00:00+08:00,14.54,14.59,14.21,14.27,35952705,0.0,0.0
2018-04-17 00:00:00+08:00,14.21,14.27,13.67,13.72,90823041,0.0,0.0
2018-04-18 00:00:00+08:00,13.78,13.94,13.72,13.89,35666616,0.0,0.0
2018-04-19 00:00:00+08:00,14.0,14.05,13.89,14.0,49291388,0.0,0.0
2018-04-20 00:00:00+08:00,13.83,13.89,13.72,13.78,28325201,0.0,0.0
2018-04-23 00:00:00+08:00,13.67,13.72,13.5,13.5,45325764,0.0,0.0
2018-04-24 00:00:00+08:00,13.5,13.56,13.12,13.18,55573893,0.0,0.0
2018-04-25 00:00:00+08:00,13.01,13.34,12.96,13.23,66556900,0.0,0.0
2018-04-26 00:00:00+08:00,13.29,13.34,13.01,13.07,64423326,0.0,0.0
2018-04-27 00:00:00+08:00,13.4,13.78,13.4,13.67,86236270,0.0,0.0
2018-04-30 00:00:00+08:00,13.67,13.67,13.45,13.5,41361315,0.0,0.0
2018-05-02 00:00:00+08:00,13.45,13.56,13.4,13.45,29587708,0.0,0.0
2018-05-03 00:00:00+08:00,13.4,13.61,13.4,13.45,35163563,0.0,0.0
2018-05-04 00:00:00+08:00,13.45,13.67,13.45,13.5,22140026,0.0,0.0
2018-05-07 00:00:00+08:00,13.56,13.61,13.4,13.4,26461328,0.0,0.0
2018-05-08 00:00:00+08:00,13.4,13.94,13.4,13.94,78818530,0.0,0.0
2018-05-09 00:00:00+08:00,13.89,14.05,13.72,13.72,39581149,0.0,0.0
2018-05-10 00:00:00+08:00,13.78,13.83,13.67,13.72,22854907,0.0,0.0
2018-05-11 00:00:00+08:00,13.83,13.94,13.72,13.78,26788110,0.0,0.0
2018-05-14 00:00:00+08:00,13.89,13.94,13.78,13.83,23556954,0.0,0.0
2018-05-15 00:00:00+08:00,13.94,14.0,13.83,13.94,21277020,0.0,0.0
2018-05-16 00:00:00+08:00,13.94,14.21,13.89,14.0,33392983,0.0,0.0
2018-05-17 00:00:00+08:00,13.94,14.16,13.89,14.0,30901095,0.0,0.0
2018-05-18 00:00:00+08:00,13.94,14.05,13.89,13.89,24090588,0.0,0.0
2018-05-21 00:00:00+08:00,13.89,14.05,13.89,13.89,17999379,0.0,0.0
2018-05-22 00:00:00+08:00,14.0,14.05,13.89,13.94,16413512,0.0,0.0
2018-05-23 00:00:00+08:00,14.0,14.05,13.94,13.94,26381909,0.0,0.0
2018-05-24 00:00:00+08:00,13.94,14.0,13.89,13.89,19707809,0.0,0.0
2018-05-25 00:00:00+08:00,13.89,13.94,13.83,13.83,23102095,0.0,0.0
2018-05-28 00:00:00+08:00,13.83,13.89,13.83,13.89,18241311,0.0,0.0
2018-05-29 00:00:00+08:00,13.83,14.05,13.83,14.0,22901081,0.0,0.0
2018-05-30 00:00:00+08:00,13.89,13.94,13.83,13.94,27441146,0.0,0.0
2018-05-31 00:00:00+08:00,14.0,14.32,14.0,14.32,66981061,0.0,0.0
2018-06-01 00:00:00+08:00,14.38,14.65,14.38,14.43,61312864,0.0,0.0
2018-06-04 00:00:00+08:00,14.54,14.59,14.49,14.54,32282573,0.0,0.0
2018-06-05 00:00:00+08:00,14.49,14.54,14.21,14.27,43383867,0.0,0.0
2018-06-06 00:00:00+08:00,14.27,14.54,14.27,14.43,27956935,0.0,0.0
2018-06-07 00:00:00+08:00,14.43,14.76,14.38,14.54,60583311,0.0,0.0
2018-06-08 00:00:00+08:00,14.54,14.59,14.49,14.49,37082049,0.0,0.0
2018-06-11 00:00:00+08:00,14.54,14.59,14.43,14.49,24690890,0.0,0.0
2018-06-12 00:00:00+08:00,14.49,14.59,14.43,14.54,26485156,0.0,0.0
2018-06-13 00:00:00+08:00,14.49,14.59,14.49,14.49,28056018,0.0,0.0
2018-06-14 00:00:00+08:00,14.49,14.59,14.49,14.49,22156556,0.0,0.0
2018-06-15 00:00:00+08:00,14.59,14.81,14.59,14.7,85199756,0.0,0.0
2018-06-19 00:00:00+08:00,14.38,14.49,14.32,14.32,70995024,0.0,0.0
2018-06-20 00:00:00+08:00,14.21,14.76,14.21,14.7,72576272,0.0,0.0
2018-06-21 00:00:00+08:00,14.59,14.65,14.38,14.43,39668132,0.0,0.0
2018-06-22 00:00:00+08:00,14.27,14.32,14.0,14.1,48654013,0.0,0.0
2018-06-25 00:00:00+08:00,14.05,14.16,14.0,14.0,25002124,0.0,0.0
2018-06-26 00:00:00+08:00,13.94,14.0,13.83,13.83,20496018,0.0,0.0
2018-06-27 00:00:00+08:00,13.94,14.05,13.89,13.89,21846209,0.0,0.0
2018-06-28 00:00:00+08:00,13.78,13.83,13.72,13.72,31274085,0.0,0.0
2018-06-29 00:00:00+08:00,13.94,14.1,13.89,14.05,24356700,0.0,0.0
2018-07-02 00:00:00+08:00,14.1,14.21,14.05,14.05,27165739,0.0,0.0
2018-07-03 00:00:00+08:00,14.1,14.16,13.94,13.94,20981891,0.0,0.0
2018-07-04 00:00:00+08:00,13.89,14.0,13.89,13.94,13329302,0.0,0.0
2018-07-05 00:00:00+08:00,14.0,14.1,13.94,13.94,16617066,0.0,0.0
2018-07-06 00:00:00+08:00,14.27,14.38,14.05,14.16,49925012,0.0,0.0
2018-07-09 00:00:00+08:00,14.43,14.7,14.38,14.7,102445588,0.0,0.0
2018-07-10 00:00:00+08:00,14.92,14.92,14.49,14.59,116499877,0.0,0.0
2018-07-11 00:00:00+08:00,14.54,14.65,14.43,14.59,93560484,0.0,0.0
2018-07-12 00:00:00+08:00,14.41,14.53,14.35,14.35,86667708,1.5,0.0
2018-07-13 00:00:00+08:00,14.41,14.47,14.3,14.41,35163401,0.0,0.0
2018-07-16 00:00:00+08:00,14.41,14.47,14.35,14.35,33068135,0.0,0.0
2018-07-17 00:00:00+08:00,14.35,14.47,14.24,14.35,41244416,0.0,0.0
2018-07-18 00:00:00+08:00,14.47,14.65,14.41,14.59,46835831,0.0,0.0
2018-07-19 00:00:00+08:00,14.71,14.83,14.65,14.83,32299770,0.0,0.0
2018-07-20 00:00:00+08:00,14.89,15.07,14.83,14.89,44105791,0.0,0.0
2018-07-23 00:00:00+08:00,14.95,15.01,14.83,14.83,27710672,0.0,0.0
2018-07-24 00:00:00+08:00,14.83,14.89,14.71,14.71,25093910,0.0,0.0
2018-07-25 00:00:00+08:00,14.77,14.95,14.77,14.89,25555844,0.0,0.0
2018-07-26 00:00:00+08:00,14.89,14.89,14.71,14.77,24876098,0.0,0.0
2018-07-27 00:00:00+08:00,14.83,15.19,14.83,15.19,105468150,0.0,0.0
2018-07-30 00:00:00+08:00,15.31,15.55,15.25,15.55,87458851,0.0,0.0
2018-07-31 00:00:00+08:00,15.67,15.79,15.55,15.79,93996530,0.0,0.0
2018-08-01 00:00:00+08:00,15.91,15.97,15.73,15.85,75918384,0.0,0.0
2018-08-02 00:00:00+08:00,15.91,15.91,15.61,15.73,58723298,0.0,0.0
2018-08-03 00:00:00+08:00,15.79,15.85,15.67,15.79,38152520,0.0,0.0
2018-08-06 00:00:00+08:00,15.85,15.97,15.79,15.97,35410639,0.0,0.0
2018-08-07 00:00:00+08:00,16.09,16.09,15.85,15.97,46454583,0.0,0.0
2018-08-08 00:00:00+08:00,16.09,16.09,15.91,15.97,29307500,0.0,0.0
2018-08-09 00:00:00+08:00,16.03,16.03,15.85,15.85,29736428,0.0,0.0
2018-08-10 00:00:00+08:00,15.79,15.79,15.43,15.43,37598236,0.0,0.0
2018-08-13 00:00:00+08:00,15.25,15.43,15.19,15.31,29607585,0.0,0.0
2018-08-14 00:00:00+08:00,15.49,15.67,15.43,15.55,28424464,0.0,0.0
2018-08-15 00:00:00+08:00,15.43,15.55,15.25,15.31,37990835,0.0,0.0
2018-08-16 00:00:00+08:00,15.25,15.49,15.19,15.31,24718812,0.0,0.0
2018-08-17 00:00:00+08:00,15.49,15.67,15.37,15.67,28078720,0.0,0.0
2018-08-20 00:00:00+08:00,15.85,15.85,15.67,15.73,38681298,0.0,0.0
2018-08-21 00:00:00+08:00,15.73,15.79,15.49,15.61,24540234,0.0,0.0
2018-08-22 00:00:00+08:00,15.61,15.67,15.43,15.55,17541572,0.0,0.0
2018-08-23 00:00:00+08:00,15.55,15.67,15.49,15.67,16144482,0.0,0.0
2018-08-24 00:00:00+08:00,15.55,15.67,15.37,15.43,18602025,0.0,0.0
2018-08-27 00:00:00+08:00,15.61,15.61,15.43,15.55,14002462,0.0,0.0
2018-08-28 00:00:00+08:00,15.61,15.67,15.49,15.55,15582125,0.0,0.0
2018-08-29 00:00:00+08:00,15.55,15.67,15.49,15.67,16375442,0.0,0.0
2018-08-30 00:00:00+08:00,15.91,16.09,15.79,15.79,79594579,0.0,0.0
2018-08-31 00:00:00+08:00,15.79,15.91,15.67,15.91,23162274,0.0,0.0
2018-09-03 00:00:00+08:00,15.91,16.03,15.67,15.67,14278770,0.0,0.0
2018-09-04 00:00:00+08:00,15.73,15.79,15.67,15.79,10421529,0.0,0.0
2018-09-05 00:00:00+08:00,15.79,15.85,15.61,15.67,21689867,0.0,0.0
2018-09-06 00:00:00+08:00,15.55,15.67,15.43,15.61,20385227,0.0,0.0
2018-09-07 00:00:00+08:00,15.55,15.55,15.25,15.43,30981348,0.0,0.0
2018-09-10 00:00:00+08:00,15.37,15.37,15.07,15.07,28754644,0.0,0.0
2018-09-11 00:00:00+08:00,15.07,15.31,15.01,15.25,14097885,0.0,0.0
2018-09-12 00:00:00+08:00,15.31,15.43,15.13,15.43,24129764,0.0,0.0
2018-09-13 00:00:00+08:00,15.49,15.55,15.25,15.43,13340660,0.0,0.0
2018-09-14 00:00:00+08:00,15.55,15.67,15.37,15.67,37182212,0.0,0.0
2018-09-17 00:00:00+08:00,15.61,15.67,15.43,15.49,13851884,0.0,0.0
2018-09-18 00:00:00+08:00,15.37,15.49,15.31,15.31,11309670,0.0,0.0
2018-09-19 00:00:00+08:00,15.43,15.43,15.31,15.43,13804181,0.0,0.0
2018-09-20 00:00:00+08:00,15.49,15.49,15.25,15.25,18290861,0.0,0.0
2018-09-21 00:00:00+08:00,15.31,15.37,15.13,15.37,24416561,0.0,0.0
2018-09-25 00:00:00+08:00,15.31,15.37,15.19,15.25,15578763,0.0,0.0
2018-09-26 00:00:00+08:00,15.31,15.37,15.25,15.31,15080148,0.0,0.0
2018-09-27 00:00:00+08:00,15.37,15.61,15.31,15.55,34612936,0.0,0.0
2018-09-28 00:00:00+08:00,15.55,15.61,15.43,15.43,14970672,0.0,0.0
2018-10-01 00:00:00+08:00,15.43,15.55,15.25,15.31,23520335,0.0,0.0
2018-10-02 00:00:00+08:00,15.31,15.37,15.19,15.25,14109358,0.0,0.0
2018-10-03 00:00:00+08:00,15.25,15.37,15.19,15.31,9868752,0.0,0.0
2018-10-04 00:00:00+08:00,15.25,15.25,15.01,15.01,22160153,0.0,0.0
2018-10-05 00:00:00+08:00,14.95,15.01,14.71,14.83,29312183,0.0,0.0
2018-10-08 00:00:00+08:00,14.65,15.01,14.65,14.83,18660492,0.0,0.0
2018-10-09 00:00:00+08:00,14.95,15.01,14.77,14.95,18492843,0.0,0.0
2018-10-11 00:00:00+08:00,14.24,14.35,13.46,13.52,78391444,0.0,0.0
2018-10-12 00:00:00+08:00,13.64,14.18,13.58,14.18,26085501,0.0,0.0
2018-10-15 00:00:00+08:00,14.12,14.18,13.88,14.0,18516498,0.0,0.0
2018-10-16 00:00:00+08:00,13.88,14.06,13.76,13.82,17678869,0.0,0.0
2018-10-17 00:00:00+08:00,14.06,14.12,13.88,14.0,17232913,0.0,0.0
2018-10-18 00:00:00+08:00,14.0,14.06,13.76,13.76,12229047,0.0,0.0
2018-10-19 00:00:00+08:00,13.58,13.94,13.4,13.76,48311442,0.0,0.0
2018-10-22 00:00:00+08:00,13.76,14.06,13.52,13.94,20152015,0.0,0.0
2018-10-23 00:00:00+08:00,13.76,13.94,13.46,13.58,27944621,0.0,0.0
2018-10-24 00:00:00+08:00,13.7,14.12,13.58,14.06,34771355,0.0,0.0
2018-10-25 00:00:00+08:00,13.64,14.0,13.52,13.52,38806307,0.0,0.0
2018-10-26 00:00:00+08:00,13.7,14.0,13.64,13.76,31517360,0.0,0.0
2018-10-29 00:00:00+08:00,13.88,14.24,13.82,14.24,34338855,0.0,0.0
2018-10-30 00:00:00+08:00,14.3,14.3,14.0,14.06,17830074,0.0,0.0
2018-10-31 00:00:00+08:00,14.59,14.59,14.24,14.59,46641319,0.0,0.0
2018-11-01 00:00:00+08:00,14.3,14.53,14.0,14.06,69596642,0.0,0.0
2018-11-02 00:00:00+08:00,14.24,14.3,14.0,14.0,23284210,0.0,0.0
2018-11-05 00:00:00+08:00,13.94,14.06,13.82,13.94,28414647,0.0,0.0
2018-11-06 00:00:00+08:00,14.0,14.3,13.94,14.24,42037328,0.0,0.0
2018-11-07 00:00:00+08:00,14.35,14.47,14.24,14.41,20740192,0.0,0.0
2018-11-08 00:00:00+08:00,14.59,14.65,14.41,14.59,30863725,0.0,0.0
2018-11-09 00:00:00+08:00,14.59,14.59,14.47,14.59,21779485,0.0,0.0
2018-11-12 00:00:00+08:00,14.47,14.83,14.47,14.77,25788276,0.0,0.0
2018-11-13 00:00:00+08:00,14.47,14.83,14.47,14.83,22856314,0.0,0.0
2018-11-14 00:00:00+08:00,14.89,15.01,14.77,15.01,31294257,0.0,0.0
2018-11-15 00:00:00+08:00,15.07,15.13,14.89,15.07,24634987,0.0,0.0
2018-11-16 00:00:00+08:00,15.19,15.25,15.01,15.25,28771447,0.0,0.0
2018-11-19 00:00:00+08:00,15.25,15.25,15.13,15.25,13830832,0.0,0.0
2018-11-20 00:00:00+08:00,15.13,15.13,14.83,14.83,15776198,0.0,0.0
2018-11-21 00:00:00+08:00,14.71,15.01,14.65,15.01,26896519,0.0,0.0
2018-11-22 00:00:00+08:00,14.95,15.01,14.77,14.83,9567059,0.0,0.0
2018-11-23 00:00:00+08:00,14.71,15.01,14.71,14.95,18893584,0.0,0.0
2018-11-26 00:00:00+08:00,15.01,15.19,14.95,15.07,12723083,0.0,0.0
2018-11-27 00:00:00+08:00,15.01,15.25,14.95,15.19,22270875,0.0,0.0
2018-11-28 00:00:00+08:00,15.19,15.31,15.13,15.31,16045423,0.0,0.0
2018-11-29 00:00:00+08:00,15.43,15.43,15.19,15.19,19722180,0.0,0.0
2018-11-30 00:00:00+08:00,15.19,15.37,15.01,15.01,32061777,0.0,0.0
2018-12-03 00:00:00+08:00,15.19,15.37,15.13,15.19,22286989,0.0,0.0
2018-12-04 00:00:00+08:00,15.19,15.37,15.19,15.25,24158759,0.0,0.0
2018-12-05 00:00:00+08:00,15.01,15.13,14.95,15.01,13154425,0.0,0.0
2018-12-06 00:00:00+08:00,15.01,15.07,14.77,14.95,27336744,0.0,0.0
2018-12-07 00:00:00+08:00,14.95,15.13,14.95,15.01,17428095,0.0,0.0
2018-12-10 00:00:00+08:00,14.83,14.89,14.59,14.77,14724004,0.0,0.0
2018-12-11 00:00:00+08:00,14.83,14.89,14.71,14.77,12527772,0.0,0.0
2018-12-12 00:00:00+08:00,14.89,14.89,14.77,14.83,13809020,0.0,0.0
2018-12-13 00:00:00+08:00,14.83,14.89,14.83,14.89,11780368,0.0,0.0
2018-12-14 00:00:00+08:00,14.83,14.89,14.71,14.83,13895716,0.0,0.0
2018-12-17 00:00:00+08:00,14.71,14.77,14.65,14.71,9769921,0.0,0.0
2018-12-18 00:00:00+08:00,14.71,14.89,14.59,14.83,22901257,0.0,0.0
2018-12-19 00:00:00+08:00,14.83,14.89,14.77,14.89,10963225,0.0,0.0
2018-12-20 00:00:00+08:00,14.71,14.83,14.71,14.77,11590857,0.0,0.0
2018-12-21 00:00:00+08:00,14.77,14.77,14.59,14.59,19825520,0.0,0.0
2018-12-24 00:00:00+08:00,14.77,14.77,14.59,14.59,12628955,0.0,0.0
2018-12-25 00:00:00+08:00,14.35,14.53,14.35,14.35,11580628,0.0,0.0
2018-12-26 00:00:00+08:00,14.35,14.47,14.24,14.35,11270711,0.0,0.0
2018-12-27 00:00:00+08:00,14.53,14.59,14.47,14.59,8795496,0.0,0.0
2018-12-28 00:00:00+08:00,14.59,14.71,14.47,14.71,9059044,0.0,0.0
2019-01-02 00:00:00+08:00,14.71,14.71,14.3,14.3,12540469,0.0,0.0
2019-01-03 00:00:00+08:00,14.24,14.35,14.24,14.24,12870976,0.0,0.0
2019-01-04 00:00:00+08:00,14.18,14.41,14.06,14.24,16835854,0.0,0.0
2019-01-07 00:00:00+08:00,14.47,14.53,14.3,14.47,12454409,0.0,0.0
2019-01-08 00:00:00+08:00,14.53,14.59,14.47,14.53,9705678,0.0,0.0
2019-01-09 00:00:00+08:00,14.71,14.89,14.71,14.89,23525697,0.0,0.0
2019-01-10 00:00:00+08:00,14.83,14.95,14.71,14.89,19973684,0.0,0.0
2019-01-11 00:00:00+08:00,14.89,14.95,14.83,14.89,13927985,0.0,0.0
2019-01-14 00:00:00+08:00,14.95,14.95,14.83,14.89,8443592,0.0,0.0
2019-01-15 00:00:00+08:00,14.95,15.01,14.89,15.01,17184403,0.0,0.0
2019-01-16 00:00:00+08:00,14.95,15.07,14.77,14.83,17888481,0.0,0.0
2019-01-17 00:00:00+08:00,14.83,14.95,14.77,14.89,12095066,0.0,0.0
2019-01-18 00:00:00+08:00,14.89,14.95,14.83,14.89,12922540,0.0,0.0
2019-01-21 00:00:00+08:00,14.95,14.95,14.83,14.89,14471916,0.0,0.0
2019-01-22 00:00:00+08:00,14.89,14.89,14.65,14.71,12283853,0.0,0.0
2019-01-23 00:00:00+08:00,14.77,14.83,14.71,14.83,8749989,0.0,0.0
2019-01-24 00:00:00+08:00,14.89,14.95,14.83,14.89,13330988,0.0,0.0
2019-01-25 00:00:00+08:00,14.95,15.13,14.89,15.13,26408446,0.0,0.0
2019-01-28 00:00:00+08:00,15.07,15.07,14.89,15.07,13662311,0.0,0.0
2019-01-29 00:00:00+08:00,15.01,15.25,14.95,15.25,33557970,0.0,0.0
2019-01-30 00:00:00+08:00,14.71,14.77,14.24,14.24,93937203,0.0,0.0
2019-02-11 00:00:00+08:00,13.76,13.82,13.46,13.46,106191334,0.0,0.0
2019-02-12 00:00:00+08:00,13.04,13.16,12.86,13.1,118819161,0.0,0.0
2019-02-13 00:00:00+08:00,12.86,13.22,12.86,13.1,85681816,0.0,0.0
2019-02-14 00:00:00+08:00,13.22,13.4,13.1,13.22,57915470,0.0,0.0
2019-02-15 00:00:00+08:00,13.16,13.22,13.04,13.04,44230696,0.0,0.0
2019-02-18 00:00:00+08:00,13.1,13.28,13.04,13.16,29470148,0.0,0.0
2019-02-19 00:00:00+08:00,13.22,13.28,13.1,13.16,15389146,0.0,0.0
2019-02-20 00:00:00+08:00,13.22,13.34,13.16,13.28,35503087,0.0,0.0
2019-02-21 00:00:00+08:00,13.28,13.34,13.04,13.1,50286283,0.0,0.0
2019-02-22 00:00:00+08:00,13.1,13.22,13.04,13.22,45092739,0.0,0.0
2019-02-25 00:00:00+08:00,13.22,13.28,13.16,13.22,34719092,0.0,0.0
2019-02-26 00:00:00+08:00,13.22,13.34,13.16,13.28,34091267,0.0,0.0
2019-02-27 00:00:00+08:00,13.46,13.76,13.46,13.58,75289248,0.0,0.0
2019-03-04 00:00:00+08:00,13.52,13.76,13.4,13.64,40886398,0.0,0.0
2019-03-05 00:00:00+08:00,13.7,13.76,13.58,13.64,27635657,0.0,0.0
2019-03-06 00:00:00+08:00,13.76,14.0,13.76,14.0,61283912,0.0,0.0
2019-03-07 00:00:00+08:00,14.0,14.06,13.76,13.88,28759984,0.0,0.0
2019-03-08 00:00:00+08:00,13.82,13.94,13.64,13.82,30548761,0.0,0.0
2019-03-11 00:00:00+08:00,13.76,14.12,13.7,13.76,35510379,0.0,0.0
2019-03-12 00:00:00+08:00,13.88,14.06,13.88,13.94,31045208,0.0,0.0
2019-03-13 00:00:00+08:00,13.82,14.0,13.82,13.88,30877067,0.0,0.0
2019-03-14 00:00:00+08:00,13.88,13.94,13.64,13.64,36574356,0.0,0.0
2019-03-15 00:00:00+08:00,13.64,13.88,13.64,13.7,93174582,0.0,0.0
2019-03-18 00:00:00+08:00,13.82,13.88,13.76,13.82,15421607,0.0,0.0
2019-03-19 00:00:00+08:00,13.82,13.82,13.64,13.64,27498614,0.0,0.0
2019-03-20 00:00:00+08:00,13.7,13.82,13.58,13.7,36649259,0.0,0.0
2019-03-21 00:00:00+08:00,13.7,13.76,13.64,13.64,23254464,0.0,0.0
2019-03-22 00:00:00+08:00,13.76,13.94,13.7,13.88,56144573,0.0,0.0
2019-03-25 00:00:00+08:00,13.76,13.88,13.64,13.76,29288696,0.0,0.0
2019-03-26 00:00:00+08:00,13.88,13.88,13.76,13.82,15013288,0.0,0.0
2019-03-27 00:00:00+08:00,13.82,13.82,13.64,13.64,24652903,0.0,0.0
2019-03-28 00:00:00+08:00,13.64,13.7,13.4,13.4,33291409,0.0,0.0
2019-03-29 00:00:00+08:00,13.46,13.58,13.4,13.58,22290777,0.0,0.0
2019-04-01 00:00:00+08:00,13.58,13.64,13.52,13.52,11758893,0.0,0.0
2019-04-02 00:00:00+08:00,13.58,13.58,13.4,13.46,20116648,0.0,0.0
2019-04-03 00:00:00+08:00,13.52,13.58,13.46,13.52,18712026,0.0,0.0
2019-04-08 00:00:00+08:00,13.64,13.76,13.58,13.76,19663393,0.0,0.0
2019-04-09 00:00:00+08:00,13.76,13.88,13.7,13.82,32066936,0.0,0.0
2019-04-10 00:00:00+08:00,13.7,13.76,13.64,13.64,19779104,0.0,0.0
2019-04-11 00:00:00+08:00,13.82,13.82,13.64,13.7,22559888,0.0,0.0
2019-04-12 00:00:00+08:00,13.7,13.76,13.64,13.64,19449450,0.0,0.0
2019-04-15 00:00:00+08:00,13.7,13.76,13.64,13.64,19248256,0.0,0.0
2019-04-16 00:00:00+08:00,13.64,13.7,13.52,13.52,17654398,0.0,0.0
2019-04-17 00:00:00+08:00,13.58,13.76,13.52,13.64,27593880,0.0,0.0
2019-04-18 00:00:00+08:00,13.7,13.7,13.46,13.52,25915140,0.0,0.0
2019-04-19 00:00:00+08:00,13.58,13.64,13.46,13.46,14723897,0.0,0.0
2019-04-22 00:00:00+08:00,13.52,13.58,13.4,13.4,13718292,0.0,0.0
2019-04-23 00:00:00+08:00,13.46,13.52,13.34,13.46,11377554,0.0,0.0
2019-04-24 00:00:00+08:00,13.46,13.46,13.28,13.28,20344258,0.0,0.0
2019-04-25 00:00:00+08:00,13.28,13.4,13.22,13.28,28222951,0.0,0.0
2019-04-26 00:00:00+08:00,13.1,13.1,12.86,12.98,52001236,0.0,0.0
2019-04-29 00:00:00+08:00,12.98,13.04,12.92,12.98,32344516,0.0,0.0
2019-04-30 00:00:00+08:00,12.98,13.22,12.92,13.22,27821417,0.0,0.0
2019-05-02 00:00:00+08:00,13.16,13.22,12.98,12.98,25268216,0.0,0.0
2019-05-03 00:00:00+08:00,13.04,13.16,12.98,13.04,14083403,0.0,0.0
2019-05-06 00:00:00+08:00,12.98,12.98,12.8,12.8,22890687,0.0,0.0
2019-05-07 00:00:00+08:00,12.86,13.04,12.86,12.86,18506328,0.0,0.0
2019-05-08 00:00:00+08:00,12.74,12.74,12.62,12.62,22213740,0.0,0.0
2019-05-09 00:00:00+08:00,12.56,12.62,12.32,12.38,30898409,0.0,0.0
2019-05-10 00:00:00+08:00,12.32,12.5,12.08,12.08,30377901,0.0,0.0
2019-05-13 00:00:00+08:00,12.08,12.26,12.08,12.14,21703951,0.0,0.0
2019-05-14 00:00:00+08:00,12.02,12.08,11.91,12.02,24507393,0.0,0.0
2019-05-15 00:00:00+08:00,12.02,12.2,12.02,12.08,23050478,0.0,0.0
2019-05-16 00:00:00+08:00,12.08,12.08,11.71,11.79,35796291,0.0,0.0
2019-05-17 00:00:00+08:00,11.76,11.9,11.44,11.5,31250950,0.0,0.0
2019-05-20 00:00:00+08:00,11.48,11.58,11.4,11.42,27987488,0.0,0.0
2019-05-21 00:00:00+08:00,11.4,11.4,11.04,11.09,42167134,0.0,0.0
2019-05-22 00:00:00+08:00,11.04,11.28,11.01,11.21,26614580,0.0,0.0
2019-05-23 00:00:00+08:00,11.21,11.21,10.91,10.99,31747219,0.0,0.0
2019-05-24 00:00:00+08:00,10.95,11.17,10.95,10.96,30578724,0.0,0.0
2019-05-27 00:00:00+08:00,11.01,11.11,10.91,11.02,18038487,0.0,0.0
2019-05-28 00:00:00+08:00,10.98,10.98,10.77,10.8,69606311,0.0,0.0
2019-05-29 00:00:00+08:00,10.77,10.77,10.62,10.66,37764378,0.0,0.0
2019-05-30 00:00:00+08:00,10.66,10.85,10.66,10.79,26139487,0.0,0.0
2019-05-31 00:00:00+08:00,10.78,11.15,10.78,11.12,38657413,0.0,0.0
2019-06-03 00:00:00+08:00,11.03,11.07,10.9,11.07,13465711,0.0,0.0
2019-06-04 00:00:00+08:00,11.03,11.04,10.92,10.96,20200543,0.0,0.0
2019-06-05 00:00:00+08:00,11.11,11.13,11.02,11.07,20184713,0.0,0.0
2019-06-06 00:00:00+08:00,11.05,11.05,10.84,10.84,22910175,0.0,0.0
2019-06-10 00:00:00+08:00,10.89,10.99,10.89,10.9,17489702,0.0,0.0
2019-06-11 00:00:00+08:00,10.97,11.17,10.92,11.14,24446636,0.0,0.0
2019-06-12 00:00:00+08:00,11.17,11.27,10.98,11.01,30852629,0.0,0.0
2019-06-13 00:00:00+08:00,10.93,11.01,10.89,10.96,16581326,0.0,0.0
2019-06-14 00:00:00+08:00,10.93,10.99,10.86,10.99,26663772,0.0,0.0
2019-06-17 00:00:00+08:00,10.99,11.02,10.9,10.9,11638478,0.0,0.0
2019-06-18 00:00:00+08:00,10.89,10.92,10.83,10.83,20709047,0.0,0.0
2019-06-19 00:00:00+08:00,10.95,10.99,10.8,10.99,28109166,0.0,0.0
2019-06-20 00:00:00+08:00,10.99,11.05,10.96,11.01,24471441,0.0,0.0
2019-06-21 00:00:00+08:00,11.07,11.14,10.96,11.03,44498516,0.0,0.0
2019-06-24 00:00:00+08:00,11.07,11.07,10.95,10.95,21480684,0.0,0.0
2019-06-25 00:00:00+08:00,10.98,11.03,10.86,10.86,31004108,0.0,0.0
2019-06-26 00:00:00+08:00,10.87,10.93,10.86,10.86,25281937,0.0,0.0
2019-06-27 00:00:00+08:00,10.93,11.36,10.9,11.29,59422968,0.0,0.0
2019-06-28 00:00:00+08:00,11.3,11.38,11.08,11.12,35930771,0.0,0.0
2019-07-01 00:00:00+08:00,11.3,11.34,11.13,11.21,38602744,0.0,0.0
2019-07-02 00:00:00+08:00,11.21,11.22,11.13,11.17,12962709,0.0,0.0
2019-07-03 00:00:00+08:00,11.17,11.24,11.14,11.14,16964840,0.0,0.0
2019-07-04 00:00:00+08:00,11.2,11.21,11.12,11.18,12768069,0.0,0.0
2019-07-05 00:00:00+08:00,11.22,11.34,11.21,11.33,35586880,0.0,0.0
2019-07-08 00:00:00+08:00,11.33,11.33,11.09,11.15,37316358,0.0,0.0
2019-07-09 00:00:00+08:00,11.14,11.14,11.01,11.02,37216485,0.0,0.0
2019-07-10 00:00:00+08:00,11.07,11.21,11.04,11.12,58873237,0.0,0.0
2019-07-11 00:00:00+08:00,11.14,11.32,11.14,11.29,56994676,0.5,0.0
2019-07-12 00:00:00+08:00,11.24,11.25,11.15,11.16,28841228,0.0,0.0
2019-07-15 00:00:00+08:00,11.16,11.16,11.02,11.16,22971851,0.0,0.0
2019-07-16 00:00:00+08:00,11.19,11.21,11.11,11.15,23202454,0.0,0.0
2019-07-17 00:00:00+08:00,11.2,11.62,11.2,11.56,75710246,0.0,0.0
2019-07-18 00:00:00+08:00,11.56,11.6,11.34,11.36,40718639,0.0,0.0
2019-07-19 00:00:00+08:00,11.43,11.44,11.26,11.26,32441796,0.0,0.0
2019-07-22 00:00:00+08:00,11.27,11.32,11.2,11.2,18326807,0.0,0.0
2019-07-23 00:00:00+08:00,11.23,11.25,11.15,11.16,24301218,0.0,0.0
2019-07-24 00:00:00+08:00,11.16,11.2,11.12,11.12,20076812,0.0,0.0
2019-07-25 00:00:00+08:00,11.1,11.11,11.01,11.01,36747584,0.0,0.0
2019-07-26 00:00:00+08:00,10.93,10.93,10.69,10.74,58893105,0.0,0.0
2019-07-29 00:00:00+08:00,10.69,10.71,10.62,10.66,38367528,0.0,0.0
2019-07-30 00:00:00+08:00,10.66,10.68,10.5,10.5,44281160,0.0,0.0
2019-07-31 00:00:00+08:00,10.44,10.45,10.15,10.34,72014679,0.0,0.0
2019-08-01 00:00:00+08:00,10.21,10.21,10.12,10.12,49690875,0.0,0.0
2019-08-02 00:00:00+08:00,10.02,10.18,9.91,10.18,55389701,0.0,0.0
2019-08-05 00:00:00+08:00,10.0,10.05,9.89,9.89,44402021,0.0,0.0
2019-08-06 00:00:00+08:00,9.6,9.73,9.39,9.71,54103417,0.0,0.0
2019-08-07 00:00:00+08:00,9.7,9.7,9.39,9.4,45857578,0.0,0.0
2019-08-08 00:00:00+08:00,9.35,9.71,9.35,9.57,44972843,0.0,0.0
2019-08-12 00:00:00+08:00,9.46,9.46,9.31,9.31,37293594,0.0,0.0
2019-08-13 00:00:00+08:00,9.23,9.27,9.09,9.09,48338427,0.0,0.0
2019-08-14 00:00:00+08:00,9.19,9.2,8.89,8.89,69582117,0.0,0.0
2019-08-15 00:00:00+08:00,8.74,8.86,8.65,8.79,64547696,0.0,0.0
2019-08-16 00:00:00+08:00,8.84,9.4,8.82,9.27,86593900,0.0,0.0
2019-08-19 00:00:00+08:00,9.48,9.8,9.41,9.75,72583037,0.0,0.0
2019-08-20 00:00:00+08:00,9.91,9.96,9.64,9.64,65975776,0.0,0.0
2019-08-21 00:00:00+08:00,9.86,9.94,9.76,9.84,41299048,0.0,0.0
2019-08-22 00:00:00+08:00,9.88,9.9,9.52,9.55,48935374,0.0,0.0
2019-08-23 00:00:00+08:00,9.55,9.71,9.54,9.7,30865751,0.0,0.0
2019-08-26 00:00:00+08:00,9.62,9.71,9.55,9.56,34761878,0.0,0.0
2019-08-27 00:00:00+08:00,9.65,9.66,9.31,9.31,57312088,0.0,0.0
2019-08-28 00:00:00+08:00,9.34,9.46,9.34,9.4,39489361,0.0,0.0
2019-08-29 00:00:00+08:00,9.5,9.85,9.46,9.79,62104288,0.0,0.0
2019-08-30 00:00:00+08:00,9.85,10.36,9.85,10.23,91455476,0.0,0.0
2019-09-02 00:00:00+08:00,10.3,10.3,10.09,10.15,31149552,0.0,0.0
2019-09-03 00:00:00+08:00,10.18,10.24,9.93,9.93,38294809,0.0,0.0
2019-09-04 00:00:00+08:00,9.95,10.11,9.95,10.05,28502549,0.0,0.0
2019-09-05 00:00:00+08:00,10.14,10.16,9.99,10.05,35993508,0.0,0.0
2019-09-06 00:00:00+08:00,10.1,10.23,10.01,10.2,48915236,0.0,0.0
2019-09-10 00:00:00+08:00,10.34,10.59,10.25,10.26,135931200,0.0,0.0
2019-09-11 00:00:00+08:00,10.38,10.8,10.38,10.76,135896155,0.0,0.0
2019-09-12 00:00:00+08:00,10.99,11.0,10.65,10.69,76529027,0.0,0.0
2019-09-16 00:00:00+08:00,10.79,10.79,10.48,10.6,39996753,0.0,0.0
2019-09-17 00:00:00+08:00,10.45,10.52,10.32,10.32,56785040,0.0,0.0
2019-09-18 00:00:00+08:00,10.31,10.43,10.31,10.38,29214067,0.0,0.0
2019-09-19 00:00:00+08:00,10.38,10.43,10.12,10.14,42679048,0.0,0.0
2019-09-20 00:00:00+08:00,10.14,10.49,10.14,10.49,90318026,0.0,0.0
2019-09-23 00:00:00+08:00,10.38,10.44,10.27,10.44,28371482,0.0,0.0
2019-09-24 00:00:00+08:00,10.36,10.48,10.34,10.38,19973772,0.0,0.0
2019-09-25 00:00:00+08:00,10.24,10.27,10.18,10.19,28449283,0.0,0.0
2019-09-26 00:00:00+08:00,10.18,10.24,10.0,10.0,39385779,0.0,0.0
2019-09-27 00:00:00+08:00,9.98,9.99,9.79,9.82,28761145,0.0,0.0
2019-10-01 00:00:00+08:00,9.71,10.1,9.71,9.96,29852492,0.0,0.0
2019-10-02 00:00:00+08:00,9.7,9.84,9.69,9.69,42061146,0.0,0.0
2019-10-03 00:00:00+08:00,9.52,9.88,9.41,9.88,40519542,0.0,0.0
2019-10-04 00:00:00+08:00,9.85,10.1,9.79,10.04,42479951,0.0,0.0
2019-10-07 00:00:00+08:00,10.04,10.06,9.93,10.01,15343241,0.0,0.0
2019-10-08 00:00:00+08:00,10.02,10.15,10.01,10.02,22709989,0.0,0.0
2019-10-09 00:00:00+08:00,9.96,10.05,9.86,9.86,31926060,0.0,0.0
2019-10-14 00:00:00+08:00,10.0,10.34,9.94,10.24,52311003,0.0,0.0
2019-10-15 00:00:00+08:00,10.26,10.35,10.24,10.25,30345200,0.0,0.0
2019-10-16 00:00:00+08:00,10.34,10.4,10.29,10.31,39273974,0.0,0.0
2019-10-17 00:00:00+08:00,10.46,10.46,10.31,10.38,24983072,0.0,0.0
2019-10-18 00:00:00+08:00,10.38,10.46,10.27,10.45,34010619,0.0,0.0
2019-10-21 00:00:00+08:00,10.39,10.45,10.35,10.39,15980676,0.0,0.0
2019-10-22 00:00:00+08:00,10.39,10.44,10.27,10.27,18827538,0.0,0.0
2019-10-23 00:00:00+08:00,10.27,10.29,10.04,10.04,47262336,0.0,0.0
2019-10-24 00:00:00+08:00,10.04,10.24,10.0,10.24,41974478,0.0,0.0
2019-10-25 00:00:00+08:00,10.23,10.35,10.12,10.31,25185272,0.0,0.0
2019-10-28 00:00:00+08:00,10.31,10.35,10.25,10.25,12792737,0.0,0.0
2019-10-29 00:00:00+08:00,10.26,10.31,10.12,10.12,21472629,0.0,0.0
2019-10-30 00:00:00+08:00,10.18,10.23,10.12,10.12,17367423,0.0,0.0
2019-10-31 00:00:00+08:00,9.94,9.95,9.59,9.75,91958055,0.0,0.0
2019-11-01 00:00:00+08:00,9.61,9.69,9.5,9.65,37654793,0.0,0.0
2019-11-04 00:00:00+08:00,9.69,10.0,9.69,9.9,35526291,0.0,0.0
2019-11-05 00:00:00+08:00,9.91,10.05,9.9,10.05,28129101,0.0,0.0
2019-11-06 00:00:00+08:00,10.07,10.32,9.96,10.27,52238124,0.0,0.0
2019-11-07 00:00:00+08:00,10.25,10.4,10.15,10.25,37742648,0.0,0.0
2019-11-08 00:00:00+08:00,10.23,10.34,10.04,10.05,35751524,0.0,0.0
2019-11-11 00:00:00+08:00,10.05,10.07,9.81,9.81,26772284,0.0,0.0
2019-11-12 00:00:00+08:00,9.94,9.94,9.76,9.76,13560635,0.0,0.0
2019-11-13 00:00:00+08:00,9.71,9.81,9.7,9.7,19374080,0.0,0.0
2019-11-14 00:00:00+08:00,9.74,9.75,9.61,9.64,28057090,0.0,0.0
2019-11-15 00:00:00+08:00,9.81,10.07,9.8,9.84,47672698,0.0,0.0
2019-11-18 00:00:00+08:00,9.84,9.94,9.84,9.9,19694974,0.0,0.0
2019-11-19 00:00:00+08:00,9.9,9.99,9.85,9.94,15564472,0.0,0.0
2019-11-20 00:00:00+08:00,9.95,10.05,9.94,10.02,28874730,0.0,0.0
2019-11-21 00:00:00+08:00,10.0,10.02,9.9,9.93,23423332,0.0,0.0
2019-11-22 00:00:00+08:00,9.95,10.09,9.95,10.02,27597194,0.0,0.0
2019-11-25 00:00:00+08:00,10.09,10.2,10.02,10.16,47102179,0.0,0.0
2019-11-26 00:00:00+08:00,10.19,10.23,10.0,10.0,64613528,0.0,0.0
2019-11-27 00:00:00+08:00,10.07,10.66,10.06,10.38,106883251,0.0,0.0
2019-11-28 00:00:00+08:00,10.4,10.57,10.31,10.57,75917951,0.0,0.0
2019-11-29 00:00:00+08:00,10.6,11.01,10.52,10.98,150536117,0.0,0.0
2019-12-02 00:00:00+08:00,11.06,11.09,10.71,10.74,81538173,0.0,0.0
2019-12-03 00:00:00+08:00,10.64,10.79,10.49,10.54,49773980,0.0,0.0
2019-12-04 00:00:00+08:00,10.54,10.65,10.46,10.6,40752604,0.0,0.0
2019-12-05 00:00:00+08:00,10.66,10.69,10.45,10.45,32185479,0.0,0.0
2019-12-06 00:00:00+08:00,10.49,10.55,10.25,10.26,43224368,0.0,0.0
2019-12-09 00:00:00+08:00,10.81,11.29,10.75,11.29,217648420,0.0,0.0
2019-12-10 00:00:00+08:00,11.34,11.89,11.27,11.73,234094058,0.0,0.0
2019-12-11 00:00:00+08:00,11.76,11.81,11.51,11.61,109548579,0.0,0.0
2019-12-12 00:00:00+08:00,11.69,11.75,11.52,11.66,80770633,0.0,0.0
2019-12-13 00:00:00+08:00,11.77,12.12,11.68,11.98,156432793,0.0,0.0
2019-12-16 00:00:00+08:00,12.25,12.75,12.2,12.62,514115,0.0,0.0
2019-12-17 00:00:00+08:00,12.69,12.75,12.39,12.75,98517411,0.0,0.0
2019-12-18 00:00:00+08:00,12.56,13.0,12.5,12.88,87531557,0.0,0.0
2019-12-19 00:00:00+08:00,12.88,13.0,12.5,12.69,74259398,0.0,0.0
2019-12-20 00:00:00+08:00,12.75,12.88,12.56,12.56,69732348,0.0,0.0
2019-12-23 00:00:00+08:00,12.75,12.81,12.56,12.75,31052668,0.0,0.0
2019-12-24 00:00:00+08:00,12.75,12.81,12.5,12.5,30951820,0.0,0.0
2019-12-25 00:00:00+08:00,12.56,12.81,12.56,12.69,49644857,0.0,0.0
2019-12-26 00:00:00+08:00,12.75,12.81,12.56,12.62,18907067,0.0,0.0
2019-12-27 00:00:00+08:00,12.62,13.06,12.62,12.69,60419740,0.0,0.0
2019-12-30 00:00:00+08:00,12.69,12.81,12.56,12.62,28064710,0.0,0.0
2019-12-31 00:00:00+08:00,12.62,12.69,12.56,12.56,21239320,0.0,0.0
2020-01-02 00:00:00+08:00,12.69,12.75,12.62,12.69,27294720,0.0,0.0
2020-01-03 00:00:00+08:00,12.75,12.81,12.36,12.56,51887718,0.0,0.0
2020-01-06 00:00:00+08:00,12.62,12.75,12.36,12.45,53631657,0.0,0.0
2020-01-07 00:00:00+08:00,12.56,12.75,12.48,12.56,52841986,0.0,0.0
2020-01-08 00:00:00+08:00,12.45,12.94,12.31,12.94,116149244,0.0,0.0
2020-01-09 00:00:00+08:00,12.94,13.0,12.62,12.69,82840727,0.0,0.0
2020-01-10 00:00:00+08:00,12.69,12.75,12.56,12.56,41042256,0.0,0.0
2020-01-13 00:00:00+08:00,12.69,13.12,12.62,12.94,74913503,0.0,0.0
2020-01-14 00:00:00+08:00,13.06,13.25,12.94,13.06,69665756,0.0,0.0
2020-01-15 00:00:00+08:00,13.06,13.12,12.75,12.88,45336132,0.0,0.0
2020-01-16 00:00:00+08:00,13.0,13.0,12.81,12.88,26222890,0.0,0.0
2020-01-17 00:00:00+08:00,12.94,13.12,12.88,13.06,34570265,0.0,0.0
2020-01-20 00:00:00+08:00,13.12,13.25,13.06,13.19,35767456,0.0,0.0
2020-01-30 00:00:00+08:00,12.69,12.69,11.89,12.19,95455972,0.0,0.0
2020-01-31 00:00:00+08:00,12.25,12.81,12.25,12.62,81845170,0.0,0.0
2020-02-03 00:00:00+08:00,12.49,13.81,12.27,13.75,168404768,0.0,0.0
2020-02-04 00:00:00+08:00,12.25,14.12,12.2,14.12,145685623,0.0,0.0
2020-02-05 00:00:00+08:00,14.12,14.56,13.62,13.88,158799522,0.0,0.0
2020-02-06 00:00:00+08:00,14.0,14.19,13.75,14.0,71099758,0.0,0.0
2020-02-07 00:00:00+08:00,13.62,14.06,13.44,13.81,108615006,0.0,0.0
2020-02-10 00:00:00+08:00,13.94,14.38,13.88,14.38,135706700,0.0,0.0
2020-02-11 00:00:00+08:00,14.38,14.44,14.06,14.12,82595116,0.0,0.0
2020-02-12 00:00:00+08:00,14.12,14.19,13.88,13.88,70492328,0.0,0.0
2020-02-13 00:00:00+08:00,13.88,14.0,13.5,13.62,67998809,0.0,0.0
2020-02-14 00:00:00+08:00,13.56,13.75,13.5,13.69,39115540,0.0,0.0
2020-02-17 00:00:00+08:00,13.62,13.62,13.0,13.12,61282706,0.0,0.0
2020-02-18 00:00:00+08:00,13.25,13.56,13.12,13.12,66489456,0.0,0.0
2020-02-19 00:00:00+08:00,13.38,13.56,13.25,13.5,67213166,0.0,0.0
2020-02-20 00:00:00+08:00,13.62,13.62,13.31,13.44,36903836,0.0,0.0
2020-02-21 00:00:00+08:00,13.38,13.44,13.0,13.12,53824277,0.0,0.0
2020-02-24 00:00:00+08:00,13.19,13.5,13.19,13.44,51608949,0.0,0.0
2020-02-25 00:00:00+08:00,13.25,13.38,13.12,13.12,37813192,0.0,0.0
2020-02-26 00:00:00+08:00,12.81,12.94,12.39,12.49,104253754,0.0,0.0
2020-02-27 00:00:00+08:00,12.44,12.48,11.75,11.88,111276234,0.0,0.0
2020-03-02 00:00:00+08:00,11.49,11.96,11.4,11.66,58721184,0.0,0.0
2020-03-03 00:00:00+08:00,12.01,12.04,11.57,11.59,63172400,0.0,0.0
2020-03-04 00:00:00+08:00,11.64,12.05,11.59,11.98,61613216,0.0,0.0
2020-03-05 00:00:00+08:00,12.15,12.19,11.94,12.05,46534376,0.0,0.0
2020-03-06 00:00:00+08:00,11.91,11.95,11.62,11.68,42833224,0.0,0.0
2020-03-09 00:00:00+08:00,11.49,11.65,11.25,11.25,52274372,0.0,0.0
2020-03-10 00:00:00+08:00,11.12,11.56,11.06,11.24,68342852,0.0,0.0
2020-03-11 00:00:00+08:00,11.24,11.31,10.9,10.94,50094484,0.0,0.0
2020-03-12 00:00:00+08:00,10.81,10.82,10.01,10.05,108100088,0.0,0.0
2020-03-13 00:00:00+08:00,9.32,9.71,9.12,9.61,104957929,0.0,0.0
2020-03-16 00:00:00+08:00,9.75,9.96,9.4,9.48,75183016,0.0,0.0
2020-03-17 00:00:00+08:00,9.19,9.48,9.05,9.06,93012761,0.0,0.0
2020-03-18 00:00:00+08:00,9.2,9.26,8.88,8.88,89874280,0.0,0.0
2020-03-19 00:00:00+08:00,8.69,8.71,7.99,7.99,121867530,0.0,0.0
2020-03-20 00:00:00+08:00,8.2,8.69,8.2,8.34,121840232,0.0,0.0
2020-03-23 00:00:00+08:00,7.76,7.82,7.62,7.62,67240552,0.0,0.0
2020-03-24 00:00:00+08:00,7.81,7.99,7.69,7.74,65221761,0.0,0.0
2020-03-25 00:00:00+08:00,8.11,8.35,8.0,8.24,101242556,0.0,0.0
2020-03-26 00:00:00+08:00,8.27,8.32,7.95,8.19,86404959,0.0,0.0
2020-03-27 00:00:00+08:00,8.5,8.57,8.39,8.46,90454446,0.0,0.0
2020-03-30 00:00:00+08:00,8.0,8.1,7.75,8.1,63635083,0.0,0.0
2020-03-31 00:00:00+08:00,8.26,8.27,7.66,7.93,128022412,0.0,0.0
2020-04-01 00:00:00+08:00,8.1,8.71,8.0,8.71,120235216,0.0,0.0
2020-04-06 00:00:00+08:00,8.88,9.27,8.75,8.99,176055280,0.0,0.0
2020-04-07 00:00:00+08:00,9.15,9.31,8.94,9.01,105588903,0.0,0.0
2020-04-08 00:00:00+08:00,9.06,9.34,9.04,9.25,65909283,0.0,0.0
2020-04-09 00:00:00+08:00,9.3,9.43,9.06,9.26,97274724,0.0,0.0
2020-04-10 00:00:00+08:00,9.21,9.31,9.11,9.3,49742383,0.0,0.0
2020-04-13 00:00:00+08:00,9.36,9.56,9.16,9.19,60870418,0.0,0.0
2020-04-14 00:00:00+08:00,9.31,9.4,9.27,9.36,51840096,0.0,0.0
2020-04-15 00:00:00+08:00,9.45,9.52,9.38,9.45,47431293,0.0,0.0
2020-04-16 00:00:00+08:00,9.38,9.39,9.26,9.27,41111491,0.0,0.0
2020-04-17 00:00:00+08:00,9.4,9.55,9.19,9.21,71140433,0.0,0.0
2020-04-20 00:00:00+08:00,9.21,9.32,9.06,9.26,39356043,0.0,0.0
2020-04-21 00:00:00+08:00,9.26,9.26,8.82,8.84,69552044,0.0,0.0
2020-04-22 00:00:00+08:00,8.77,9.23,8.7,9.16,75923152,0.0,0.0
2020-04-23 00:00:00+08:00,9.24,9.34,9.11,9.19,39038982,0.0,0.0
2020-04-24 00:00:00+08:00,9.21,9.39,9.18,9.31,53706128,0.0,0.0
2020-04-27 00:00:00+08:00,9.5,10.16,9.39,9.96,127133064,0.0,0.0
2020-04-28 00:00:00+08:00,10.04,10.18,9.76,9.77,84631610,0.0,0.0
2020-04-29 00:00:00+08:00,9.85,9.89,9.7,9.79,42259900,0.0,0.0
2020-04-30 00:00:00+08:00,9.85,9.91,9.79,9.88,50516860,0.0,0.0
2020-05-04 00:00:00+08:00,9.44,9.46,9.31,9.35,77645018,0.0,0.0
2020-05-05 00:00:00+08:00,9.43,9.46,9.3,9.35,44278738,0.0,0.0
2020-05-06 00:00:00+08:00,9.3,9.31,9.12,9.12,61673873,0.0,0.0
2020-05-07 00:00:00+08:00,9.12,9.24,9.12,9.15,46725547,0.0,0.0
2020-05-08 00:00:00+08:00,9.27,9.27,9.15,9.24,40028351,0.0,0.0
2020-05-11 00:00:00+08:00,9.45,10.05,9.43,9.79,151899102,0.0,0.0
2020-05-12 00:00:00+08:00,9.89,10.15,9.85,10.02,150937607,0.0,0.0
2020-05-13 00:00:00+08:00,10.02,10.04,9.76,9.79,77743092,0.0,0.0
2020-05-14 00:00:00+08:00,9.73,9.79,9.56,9.57,51409468,0.0,0.0
2020-05-15 00:00:00+08:00,9.73,9.76,9.48,9.51,50162858,0.0,0.0
2020-05-18 00:00:00+08:00,9.51,9.56,9.38,9.38,37433880,0.0,0.0
2020-05-19 00:00:00+08:00,9.57,9.73,9.45,9.57,38006260,0.0,0.0
2020-05-20 00:00:00+08:00,9.65,9.85,9.54,9.54,50335014,0.0,0.0
2020-05-21 00:00:00+08:00,9.62,9.8,9.59,9.66,37295118,0.0,0.0
2020-05-22 00:00:00+08:00,9.64,9.65,9.45,9.45,34747056,0.0,0.0
2020-05-25 00:00:00+08:00,9.48,9.56,9.29,9.5,31402814,0.0,0.0
2020-05-26 00:00:00+08:00,9.6,9.75,9.52,9.64,38826383,0.0,0.0
2020-05-27 00:00:00+08:00,9.74,9.84,9.64,9.65,37401632,0.0,0.0
2020-05-28 00:00:00+08:00,9.73,9.79,9.54,9.62,37738594,0.0,0.0
2020-05-29 00:00:00+08:00,9.54,9.64,9.45,9.48,70529264,0.0,0.0
2020-06-01 00:00:00+08:00,9.62,9.81,9.55,9.71,42985898,0.0,0.0
2020-06-02 00:00:00+08:00,9.9,9.98,9.75,9.79,52943056,0.0,0.0
2020-06-03 00:00:00+08:00,10.07,10.76,10.01,10.76,255703312,0.0,0.0
2020-06-04 00:00:00+08:00,11.01,11.04,10.55,10.61,172839389,0.0,0.0
2020-06-05 00:00:00+08:00,10.64,11.34,10.62,11.21,162330191,0.0,0.0
2020-06-08 00:00:00+08:00,11.4,11.61,11.26,11.36,119132350,0.0,0.0
2020-06-09 00:00:00+08:00,11.38,11.4,11.12,11.24,62064016,0.0,0.0
2020-06-10 00:00:00+08:00,11.52,11.98,11.41,11.98,162722116,0.0,0.0
2020-06-11 00:00:00+08:00,11.91,12.19,11.44,11.49,139621754,0.0,0.0
2020-06-12 00:00:00+08:00,10.94,11.44,10.93,11.38,92206094,0.0,0.0
2020-06-15 00:00:00+08:00,11.56,11.59,11.12,11.14,70123888,0.0,0.0
2020-06-16 00:00:00+08:00,11.38,11.41,11.19,11.24,42057489,0.0,0.0
2020-06-17 00:00:00+08:00,11.27,11.31,11.06,11.12,39955725,0.0,0.0
2020-06-18 00:00:00+08:00,11.44,11.75,11.4,11.56,146682035,0.0,0.0
2020-06-19 00:00:00+08:00,11.75,12.21,11.56,11.56,219066339,0.0,0.0
2020-06-22 00:00:00+08:00,11.62,11.69,11.44,11.5,59009079,0.0,0.0
2020-06-23 00:00:00+08:00,11.7,11.88,11.59,11.71,88069088,0.0,0.0
2020-06-24 00:00:00+08:00,11.86,11.94,11.68,11.68,70346374,0.0,0.0
2020-06-29 00:00:00+08:00,11.59,11.65,11.52,11.62,55205552,0.0,0.0
2020-06-30 00:00:00+08:00,11.69,11.7,11.51,11.57,42129937,0.0,0.0
2020-07-01 00:00:00+08:00,11.66,11.68,11.5,11.54,45121213,0.0,0.0
2020-07-02 00:00:00+08:00,11.6,11.89,11.54,11.85,82247032,0.0,0.0
2020-07-03 00:00:00+08:00,11.91,11.94,11.45,11.85,128673108,0.0,0.0
2020-07-06 00:00:00+08:00,11.9,13.0,11.9,12.75,260934356,0.0,0.0
2020-07-07 00:00:00+08:00,12.94,13.25,12.56,12.75,196918404,0.0,0.0
2020-07-08 00:00:00+08:00,12.75,12.81,12.56,12.62,57495660,0.0,0.0
2020-07-09 00:00:00+08:00,12.75,12.81,12.36,12.39,73642408,0.0,0.0
2020-07-10 00:00:00+08:00,12.4,12.44,11.94,11.95,80520828,0.0,0.0
2020-07-13 00:00:00+08:00,12.29,12.62,12.26,12.38,78322369,0.0,0.0
2020-07-14 00:00:00+08:00,12.38,12.5,12.14,12.34,48468488,0.0,0.0
2020-07-15 00:00:00+08:00,12.62,12.75,12.25,12.25,93493001,0.0,0.0
2020-07-16 00:00:00+08:00,12.38,12.4,12.21,12.21,33225994,0.0,0.0
2020-07-17 00:00:00+08:00,12.39,12.56,12.19,12.25,52554292,0.0,0.0
2020-07-20 00:00:00+08:00,12.26,12.3,12.06,12.19,25894946,0.0,0.0
2020-07-21 00:00:00+08:00,12.27,12.5,12.27,12.31,50924677,0.0,0.0
2020-07-22 00:00:00+08:00,12.46,12.56,12.41,12.46,50716154,0.0,0.0
2020-07-23 00:00:00+08:00,12.46,12.62,12.38,12.39,59913472,0.0,0.0
2020-07-24 00:00:00+08:00,12.36,12.38,11.68,11.77,129910852,0.0,0.0
2020-07-27 00:00:00+08:00,11.89,12.09,11.66,11.69,69674311,0.0,0.0
2020-07-28 00:00:00+08:00,11.7,11.93,11.62,11.64,50144735,0.0,0.0
2020-07-29 00:00:00+08:00,11.73,11.88,11.64,11.68,37855149,0.0,0.0
2020-07-30 00:00:00+08:00,11.85,12.24,11.68,12.24,77870586,0.0,0.0
2020-07-31 00:00:00+08:00,12.48,12.69,12.38,12.49,161129192,0.0,0.0
2020-08-03 00:00:00+08:00,12.81,12.88,12.56,12.56,79231872,0.0,0.0
2020-08-04 00:00:00+08:00,12.75,13.0,12.56,12.88,106552659,0.0,0.0
2020-08-05 00:00:00+08:00,13.06,13.25,12.75,12.75,80071421,0.0,0.0
2020-08-06 00:00:00+08:00,12.75,12.81,12.45,12.56,51966900,0.0,0.0
2020-08-07 00:00:00+08:00,12.56,12.75,12.38,12.41,50574104,0.0,0.0
2020-08-10 00:00:00+08:00,12.62,12.81,12.5,12.5,57910008,0.0,0.0
2020-08-11 00:00:00+08:00,12.56,12.62,12.39,12.39,41425328,0.0,0.0
2020-08-12 00:00:00+08:00,12.39,12.49,12.26,12.26,38161048,0.0,0.0
2020-08-13 00:00:00+08:00,12.38,12.43,12.15,12.18,34260384,0.0,0.0
2020-08-14 00:00:00+08:00,12.1,12.41,12.04,12.31,40287730,0.0,0.0
2020-08-17 00:00:00+08:00,12.34,12.48,12.18,12.44,35920527,0.0,0.0
2020-08-18 00:00:00+08:00,12.5,12.56,12.4,12.4,27697274,0.0,0.0
2020-08-19 00:00:00+08:00,12.45,12.75,12.44,12.56,65561950,0.0,0.0
2020-08-20 00:00:00+08:00,12.56,12.62,11.32,11.56,144922835,0.0,0.0
2020-08-21 00:00:00+08:00,11.82,12.11,11.79,12.09,86749775,0.0,0.0
2020-08-24 00:00:00+08:00,12.23,12.62,12.14,12.16,111013585,0.0,0.0
2020-08-25 00:00:00+08:00,12.29,12.62,12.27,12.43,74496877,0.0,0.0
2020-08-26 00:00:00+08:00,12.56,12.75,12.38,12.49,100074875,0.0,0.0
2020-08-27 00:00:00+08:00,12.69,13.62,12.69,13.38,376743278,0.0,0.0
2020-08-28 00:00:00+08:00,13.38,13.44,12.94,13.06,142246422,0.0,0.0
2020-08-31 00:00:00+08:00,13.38,13.62,12.94,13.06,134012610,0.0,0.0
2020-09-01 00:00:00+08:00,13.25,13.5,13.06,13.44,123650806,0.0,0.0
2020-09-02 00:00:00+08:00,13.5,13.56,13.12,13.5,101106778,0.0,0.0
2020-09-03 00:00:00+08:00,14.12,14.81,14.06,14.81,532304062,0.0,0.0
2020-09-04 00:00:00+08:00,14.44,15.56,14.38,15.5,453735426,0.0,0.0
2020-09-07 00:00:00+08:00,15.56,15.75,15.0,15.12,222558822,0.0,0.0
2020-09-08 00:00:00+08:00,15.31,15.44,14.62,14.75,145526076,0.0,0.0
2020-09-09 00:00:00+08:00,14.56,15.56,14.44,15.5,236892909,0.0,0.0
2020-09-10 00:00:00+08:00,15.75,16.19,15.25,15.31,269464970,0.0,0.0
2020-09-11 00:00:00+08:00,15.44,15.75,15.0,15.12,141255910,0.0,0.0
2020-09-14 00:00:00+08:00,15.31,15.44,15.0,15.25,69682106,0.0,0.0
2020-09-15 00:00:00+08:00,15.38,15.75,15.31,15.44,96814252,0.0,0.0
2020-09-16 00:00:00+08:00,15.62,15.69,14.88,14.94,142084251,0.0,0.0
2020-09-17 00:00:00+08:00,14.94,15.12,14.69,15.12,88139034,0.0,0.0
2020-09-18 00:00:00+08:00,15.06,15.12,14.75,14.88,75412231,0.0,0.0
2020-09-21 00:00:00+08:00,15.06,15.12,14.62,14.62,89314152,0.0,0.0
2020-09-22 00:00:00+08:00,14.75,14.94,14.5,14.62,94319870,0.0,0.0
2020-09-23 00:00:00+08:00,14.88,15.0,14.56,14.75,67004556,0.0,0.0
2020-09-24 00:00:00+08:00,14.5,14.56,13.88,13.94,146086112,0.0,0.0
2020-09-25 00:00:00+08:00,14.06,14.25,13.25,13.44,146649669,0.0,0.0
2020-09-28 00:00:00+08:00,13.69,13.81,13.44,13.75,66785012,0.0,0.0
2020-09-29 00:00:00+08:00,13.94,14.0,13.62,13.81,54757236,0.0,0.0
2020-09-30 00:00:00+08:00,13.88,14.0,13.69,14.0,41788920,0.0,0.0
2020-10-05 00:00:00+08:00,14.06,14.12,13.75,13.94,54754440,0.0,0.0
2020-10-06 00:00:00+08:00,14.06,14.5,13.94,14.5,98090436,0.0,0.0
2020-10-07 00:00:00+08:00,14.38,14.44,14.19,14.44,69505164,0.0,0.0
2020-10-08 00:00:00+08:00,14.62,14.62,14.19,14.38,72666079,0.0,0.0
2020-10-12 00:00:00+08:00,14.56,14.56,14.0,14.12,96165497,0.0,0.0
2020-10-13 00:00:00+08:00,14.19,14.69,14.19,14.69,118496319,0.0,0.0
2020-10-14 00:00:00+08:00,14.62,15.0,14.5,14.5,115075503,0.0,0.0
2020-10-15 00:00:00+08:00,14.62,14.75,14.38,14.56,76982783,0.0,0.0
2020-10-16 00:00:00+08:00,14.56,14.62,14.12,14.12,60691237,0.0,0.0
2020-10-19 00:00:00+08:00,14.25,14.5,14.12,14.25,44102125,0.0,0.0
2020-10-20 00:00:00+08:00,14.25,14.38,14.06,14.12,37600666,0.0,0.0
2020-10-21 00:00:00+08:00,14.31,14.62,14.25,14.44,81307820,0.0,0.0
2020-10-22 00:00:00+08:00,14.5,14.5,14.25,14.38,39465832,0.0,0.0
2020-10-23 00:00:00+08:00,14.44,14.5,14.38,14.44,36657760,0.0,0.0
2020-10-26 00:00:00+08:00,14.56,14.94,14.5,14.75,106734816,0.0,0.0
2020-10-27 00:00:00+08:00,14.56,14.81,14.44,14.75,63943816,0.0,0.0
2020-10-28 00:00:00+08:00,14.75,14.75,14.25,14.31,59699107,0.0,0.0
2020-10-29 00:00:00+08:00,14.0,14.88,13.81,14.75,158093505,0.0,0.0
2020-10-30 00:00:00+08:00,14.56,14.81,14.38,14.44,144510892,0.0,0.0
2020-11-02 00:00:00+08:00,14.56,14.69,14.38,14.44,55632824,0.0,0.0
2020-11-03 00:00:00+08:00,14.62,14.81,14.5,14.75,54726049,0.0,0.0
2020-11-04 00:00:00+08:00,14.81,15.0,14.5,14.56,86838218,0.0,0.0
2020-11-05 00:00:00+08:00,14.69,14.69,14.5,14.62,43754820,0.0,0.0
2020-11-06 00:00:00+08:00,14.62,14.69,14.25,14.31,88969456,0.0,0.0
2020-11-09 00:00:00+08:00,14.5,14.56,14.12,14.44,88453863,0.0,0.0
2020-11-10 00:00:00+08:00,14.56,14.56,14.0,14.0,109883212,0.0,0.0
2020-11-11 00:00:00+08:00,14.0,14.06,13.56,13.69,125470244,0.0,0.0
2020-11-12 00:00:00+08:00,13.75,13.81,13.25,13.38,87032281,0.0,0.0
2020-11-13 00:00:00+08:00,13.31,13.38,12.94,13.19,140360484,0.0,0.0
2020-11-16 00:00:00+08:00,13.38,13.5,13.25,13.31,64772331,0.0,0.0
2020-11-17 00:00:00+08:00,13.31,13.44,13.0,13.12,86375390,0.0,0.0
2020-11-18 00:00:00+08:00,13.06,13.62,13.06,13.62,118050732,0.0,0.0
2020-11-19 00:00:00+08:00,13.88,14.19,13.75,14.06,152654486,0.0,0.0
2020-11-20 00:00:00+08:00,14.12,14.25,13.94,14.12,73527855,0.0,0.0
2020-11-23 00:00:00+08:00,14.25,14.5,14.12,14.38,83656474,0.0,0.0
2020-11-24 00:00:00+08:00,14.5,14.94,14.5,14.75,152535043,0.0,0.0
2020-11-25 00:00:00+08:00,14.94,15.0,14.56,14.62,91746615,0.0,0.0
2020-11-26 00:00:00+08:00,14.75,15.25,14.69,15.12,157111356,0.0,0.0
2020-11-27 00:00:00+08:00,15.25,15.38,14.94,15.0,119894704,0.0,0.0
2020-11-30 00:00:00+08:00,15.19,15.5,15.06,15.25,176699531,0.0,0.0
2020-12-01 00:00:00+08:00,15.56,16.75,15.5,16.44,399927948,0.0,0.0
2020-12-02 00:00:00+08:00,16.75,17.5,16.56,17.31,368831517,0.0,0.0
2020-12-03 00:00:00+08:00,17.56,17.81,17.12,17.5,245960984,0.0,0.0
2020-12-04 00:00:00+08:00,17.88,19.25,17.81,19.25,384683168,0.0,0.0
2020-12-07 00:00:00+08:00,19.5,20.62,18.56,19.0,565436946,0.0,0.0
2020-12-08 00:00:00+08:00,19.0,19.19,18.25,18.56,261463064,0.0,0.0
2020-12-09 00:00:00+08:00,18.81,19.69,18.62,19.5,223071160,0.0,0.0
2020-12-10 00:00:00+08:00,19.31,19.69,18.75,18.88,198985852,0.0,0.0
2020-12-11 00:00:00+08:00,19.25,19.5,18.12,18.56,226468749,0.0,0.0
2020-12-14 00:00:00+08:00,19.06,20.0,18.56,19.0,381051702,0.0,0.0
2020-12-15 00:00:00+08:00,19.19,19.31,18.19,18.19,212219929,0.0,0.0
2020-12-16 00:00:00+08:00,18.56,18.69,18.12,18.44,99291388,0.0,0.0
2020-12-17 00:00:00+08:00,18.56,19.06,18.31,18.75,144537566,0.0,0.0
2020-12-18 00:00:00+08:00,18.62,18.81,18.12,18.12,130964456,0.0,0.0
2020-12-21 00:00:00+08:00,18.38,18.62,17.69,18.31,91127116,0.0,0.0
2020-12-22 00:00:00+08:00,18.5,19.0,18.0,18.06,185393324,0.0,0.0
2020-12-23 00:00:00+08:00,18.25,18.5,18.06,18.19,88065504,0.0,0.0
2020-12-24 00:00:00+08:00,18.25,18.5,18.12,18.25,60438552,0.0,0.0
2020-12-25 00:00:00+08:00,18.5,19.12,18.44,18.94,175906010,0.0,0.0
2020-12-28 00:00:00+08:00,19.19,19.69,18.94,19.38,240087602,0.0,0.0
2020-12-29 00:00:00+08:00,19.56,19.69,18.81,18.88,148154825,0.0,0.0
2020-12-30 00:00:00+08:00,18.75,18.81,18.12,18.31,158750716,0.0,0.0
2020-12-31 00:00:00+08:00,18.31,18.38,17.38,17.5,226076960,0.0,0.0
2021-01-04 00:00:00+08:00,17.56,18.06,17.5,17.75,102830218,0.0,0.0
2021-01-05 00:00:00+08:00,17.75,17.75,17.25,17.5,85069468,0.0,0.0
2021-01-06 00:00:00+08:00,17.5,17.62,16.25,16.88,217870967,0.0,0.0
2021-01-07 00:00:00+08:00,17.38,17.44,17.0,17.25,152611196,0.0,0.0
2021-01-08 00:00:00+08:00,17.38,17.44,16.75,17.38,109786527,0.0,0.0
2021-01-11 00:00:00+08:00,17.69,17.81,17.5,17.69,115150894,0.0,0.0
2021-01-12 00:00:00+08:00,17.81,17.81,17.19,17.38,93574399,0.0,0.0
2021-01-13 00:00:00+08:00,17.88,19.06,17.81,18.81,454387831,0.0,0.0
2021-01-14 00:00:00+08:00,19.06,19.19,18.44,18.5,227200114,0.0,0.0
2021-01-15 00:00:00+08:00,18.69,18.81,18.0,18.38,138673514,0.0,0.0
2021-01-18 00:00:00+08:00,18.62,18.81,18.31,18.5,145330538,0.0,0.0
2021-01-19 00:00:00+08:00,18.62,18.69,18.19,18.38,84248272,0.0,0.0
2021-01-20 00:00:00+08:00,18.31,18.44,17.12,17.19,186579716,0.0,0.0
2021-01-21 00:00:00+08:00,17.69,18.5,17.5,17.62,160368512,0.0,0.0
2021-01-22 00:00:00+08:00,17.75,18.12,17.62,18.12,94204558,0.0,0.0
2021-01-25 00:00:00+08:00,18.12,18.56,18.06,18.38,103973168,0.0,0.0
2021-01-26 00:00:00+08:00,18.25,18.38,17.75,17.75,100397166,0.0,0.0
2021-01-27 00:00:00+08:00,17.94,18.0,17.5,18.0,96703695,0.0,0.0
2021-01-28 00:00:00+08:00,17.56,18.25,17.5,18.12,99261523,0.0,0.0
2021-01-29 00:00:00+08:00,18.5,19.19,18.44,18.44,406773456,0.0,0.0
2021-02-01 00:00:00+08:00,19.0,19.81,18.94,19.81,489251980,0.0,0.0
2021-02-02 00:00:00+08:00,20.5,20.94,19.94,20.56,615771935,0.0,0.0
2021-02-03 00:00:00+08:00,20.69,21.94,20.44,21.94,563368242,0.0,0.0
2021-02-04 00:00:00+08:00,21.5,21.94,20.5,20.56,500153843,0.0,0.0
2021-02-05 00:00:00+08:00,20.75,21.0,20.0,20.12,348766852,0.0,0.0
2021-02-17 00:00:00+08:00,21.0,21.06,20.44,20.75,181954773,0.0,0.0
2021-02-18 00:00:00+08:00,20.75,20.81,20.38,20.5,128639732,0.0,0.0
2021-02-19 00:00:00+08:00,20.62,21.44,20.56,21.31,265906853,0.0,0.0
2021-02-22 00:00:00+08:00,21.75,22.81,21.69,22.56,254728187,0.0,0.0
2021-02-23 00:00:00+08:00,22.5,22.75,22.0,22.38,154552812,0.0,0.0
2021-02-24 00:00:00+08:00,22.56,23.94,22.5,22.81,278447312,0.0,0.0
2021-02-25 00:00:00+08:00,24.19,25.06,23.94,24.81,501271387,0.0,0.0
2021-02-26 00:00:00+08:00,24.25,24.38,23.62,23.62,351315738,0.0,0.0
2021-03-02 00:00:00+08:00,24.56,24.62,23.38,23.44,216844102,0.0,0.0
2021-03-03 00:00:00+08:00,24.0,24.19,23.44,24.0,171185980,0.0,0.0
2021-03-04 00:00:00+08:00,23.75,24.38,23.69,23.81,170451526,0.0,0.0
2021-03-05 00:00:00+08:00,23.56,23.62,22.94,23.12,153139929,0.0,0.0
2021-03-08 00:00:00+08:00,23.38,23.69,22.75,22.75,124985092,0.0,0.0
2021-03-09 00:00:00+08:00,22.88,23.31,22.62,23.0,101713553,0.0,0.0
2021-03-10 00:00:00+08:00,23.56,23.69,22.94,23.0,95589898,0.0,0.0
2021-03-11 00:00:00+08:00,23.12,23.25,22.88,23.06,68496090,0.0,0.0
2021-03-12 00:00:00+08:00,23.19,23.31,22.81,23.25,99740003,0.0,0.0
2021-03-15 00:00:00+08:00,23.25,23.31,22.94,23.0,55657159,0.0,0.0
2021-03-16 00:00:00+08:00,23.19,23.38,22.94,23.0,60718736,0.0,0.0
2021-03-17 00:00:00+08:00,23.12,23.38,22.94,23.31,72861337,0.0,0.0
2021-03-18 00:00:00+08:00,23.56,24.31,23.5,23.88,169981331,0.0,0.0
2021-03-19 00:00:00+08:00,23.69,24.0,23.38,23.88,112970915,0.0,0.0
2021-03-22 00:00:00+08:00,24.12,25.25,23.62,25.0,368222477,0.0,0.0
2021-03-23 00:00:00+08:00,25.38,26.0,24.62,24.69,301922068,0.0,0.0
2021-03-24 00:00:00+08:00,24.75,25.69,24.69,25.62,230622575,0.0,0.0
2021-03-25 00:00:00+08:00,25.75,26.0,24.31,24.38,271279416,0.0,0.0
2021-03-26 00:00:00+08:00,24.62,25.31,24.25,25.19,158081376,0.0,0.0
2021-03-29 00:00:00+08:00,25.25,27.44,25.25,26.62,361986568,0.0,0.0
2021-03-30 00:00:00+08:00,26.94,27.31,26.44,26.88,197652088,0.0,0.0
2021-03-31 00:00:00+08:00,27.0,27.06,26.31,26.31,124258923,0.0,0.0
2021-04-01 00:00:00+08:00,26.44,26.69,25.88,26.31,122159980,0.0,0.0
2021-04-07 00:00:00+08:00,26.69,29.0,26.62,29.0,297410309,0.0,0.0
2021-04-08 00:00:00+08:00,29.25,29.69,28.5,29.19,200847361,0.0,0.0
2021-04-09 00:00:00+08:00,30.0,31.88,30.0,30.75,257407200,0.0,0.0
2021-04-12 00:00:00+08:00,32.06,33.81,31.5,33.81,286879379,0.0,0.0
2021-04-13 00:00:00+08:00,32.81,33.75,31.75,32.0,317877116,0.0,0.0
2021-04-14 00:00:00+08:00,32.12,33.0,29.12,31.0,337409276,0.0,0.0
2021-04-15 00:00:00+08:00,31.56,32.75,31.12,31.62,210993463,0.0,0.0
2021-04-16 00:00:00+08:00,31.75,32.31,31.38,32.31,107201424,0.0,0.0
2021-04-19 00:00:00+08:00,32.62,34.0,32.0,34.0,260452586,0.0,0.0
2021-04-20 00:00:00+08:00,34.06,34.5,33.06,33.62,218713496,0.0,0.0
2021-04-21 00:00:00+08:00,34.38,36.88,34.12,36.38,350062380,0.0,0.0
2021-04-22 00:00:00+08:00,38.12,39.38,34.5,35.0,548535188,0.0,0.0
2021-04-23 00:00:00+08:00,35.0,36.62,33.81,36.06,248422989,0.0,0.0
2021-04-26 00:00:00+08:00,36.69,38.0,35.94,37.75,259904956,0.0,0.0
2021-04-27 00:00:00+08:00,39.06,40.0,38.12,38.88,296499975,0.0,0.0
2021-04-28 00:00:00+08:00,39.62,42.19,39.44,41.69,364078420,0.0,0.0
2021-04-29 00:00:00+08:00,44.0,44.44,40.62,41.44,391184640,0.0,0.0
2021-05-03 00:00:00+08:00,38.75,39.56,37.31,37.31,372542631,0.0,0.0
2021-05-04 00:00:00+08:00,36.25,38.12,33.62,34.25,461141451,0.0,0.0
2021-05-05 00:00:00+08:00,34.25,35.56,32.94,33.75,293118591,0.0,0.0
2021-05-06 00:00:00+08:00,34.5,35.19,31.31,32.12,334296693,0.0,0.0
2021-05-07 00:00:00+08:00,33.06,35.25,31.69,35.19,334630548,0.0,0.0
2021-05-10 00:00:00+08:00,34.94,35.0,33.31,33.56,229770190,0.0,0.0
2021-05-11 00:00:00+08:00,31.06,31.75,30.25,30.25,291741072,0.0,0.0
2021-05-12 00:00:00+08:00,29.81,30.25,27.25,27.5,470830512,0.0,0.0
2021-05-13 00:00:00+08:00,25.75,28.44,25.12,27.25,378082304,0.0,0.0
2021-05-14 00:00:00+08:00,28.5,29.62,26.69,27.31,333975876,0.0,0.0
2021-05-17 00:00:00+08:00,24.75,27.25,24.62,25.0,302355098,0.0,0.0
2021-05-18 00:00:00+08:00,26.81,27.5,26.44,27.5,251480298,0.0,0.0
2021-05-19 00:00:00+08:00,27.75,29.94,27.31,29.06,586562014,0.0,0.0
2021-05-20 00:00:00+08:00,28.44,28.94,27.06,27.31,281595925,0.0,0.0
2021-05-21 00:00:00+08:00,28.12,28.5,26.69,27.12,292701240,0.0,0.0
2021-05-24 00:00:00+08:00,26.75,28.62,26.12,28.25,248838497,0.0,0.0
2021-05-25 00:00:00+08:00,28.94,29.88,28.5,28.56,357782912,0.0,0.0
2021-05-26 00:00:00+08:00,28.69,29.0,27.75,27.75,181802197,0.0,0.0
2021-05-27 00:00:00+08:00,27.31,28.81,27.19,28.12,265767002,0.0,0.0
2021-05-28 00:00:00+08:00,29.0,29.62,28.75,29.38,259950096,0.0,0.0
2021-05-31 00:00:00+08:00,30.31,32.31,29.69,32.31,590611393,0.0,0.0
2021-06-01 00:00:00+08:00,32.88,33.5,32.12,32.12,529116230,0.0,0.0
2021-06-02 00:00:00+08:00,32.56,33.06,30.88,31.19,315980304,0.0,0.0
2021-06-03 00:00:00+08:00,31.62,31.81,30.38,31.06,319616302,0.0,0.0
2021-06-04 00:00:00+08:00,31.19,31.5,30.44,30.5,195451308,0.0,0.0
2021-06-07 00:00:00+08:00,31.38,32.5,30.62,31.62,411154843,0.0,0.0
2021-06-08 00:00:00+08:00,31.62,31.81,30.94,31.06,157092655,0.0,0.0
2021-06-09 00:00:00+08:00,31.06,31.56,29.75,29.81,250019855,0.0,0.0
2021-06-10 00:00:00+08:00,29.94,30.19,28.12,28.44,282811476,0.0,0.0
2021-06-11 00:00:00+08:00,28.38,29.25,28.06,28.81,184762824,0.0,0.0
2021-06-15 00:00:00+08:00,28.5,28.69,27.75,27.75,205422042,0.0,0.0
2021-06-16 00:00:00+08:00,27.12,27.12,26.0,26.0,304190099,0.0,0.0
2021-06-17 00:00:00+08:00,26.62,28.56,26.56,28.56,337349884,0.0,0.0
2021-06-18 00:00:00+08:00,28.56,29.5,28.06,28.12,431707729,0.0,0.0
2021-06-21 00:00:00+08:00,28.38,29.12,28.25,28.88,231232137,0.0,0.0
2021-06-22 00:00:00+08:00,29.88,30.19,28.62,29.38,201652272,0.0,0.0
2021-06-23 00:00:00+08:00,29.94,30.44,29.38,30.25,249339313,0.0,0.0
2021-06-24 00:00:00+08:00,30.38,30.44,29.5,29.56,155608388,0.0,0.0
2021-06-25 00:00:00+08:00,29.75,29.94,28.81,28.81,118300057,0.0,0.0
2021-06-28 00:00:00+08:00,29.25,29.56,28.44,29.38,122866468,0.0,0.0
2021-06-29 00:00:00+08:00,29.5,29.56,28.06,28.06,162374099,0.0,0.0
2021-06-30 00:00:00+08:00,28.25,28.5,27.69,28.31,109175746,0.0,0.0
2021-07-01 00:00:00+08:00,28.5,28.81,27.75,27.81,115870989,0.0,0.0
2021-07-02 00:00:00+08:00,27.88,28.94,27.88,28.25,145767621,0.0,0.0
2021-07-05 00:00:00+08:00,28.25,28.38,27.75,28.12,100272964,0.0,0.0
2021-07-06 00:00:00+08:00,28.31,28.38,27.5,27.5,88145615,0.0,0.0
2021-07-07 00:00:00+08:00,27.56,28.0,27.19,27.19,84054308,0.0,0.0
2021-07-08 00:00:00+08:00,27.5,29.5,27.5,27.81,296515360,0.0,0.0
2021-07-09 00:00:00+08:00,27.94,28.31,27.62,27.81,138889865,0.0,0.0
2021-07-12 00:00:00+08:00,28.5,28.5,27.62,27.62,81437409,0.0,0.0
2021-07-13 00:00:00+08:00,27.88,28.38,27.44,27.44,106953243,0.0,0.0
2021-07-14 00:00:00+08:00,27.88,27.88,25.69,26.06,178809804,0.0,0.0
2021-07-15 00:00:00+08:00,26.06,27.0,25.44,27.0,113873836,0.0,0.0
2021-07-16 00:00:00+08:00,26.94,27.69,26.38,26.69,114978042,0.0,0.0
2021-07-19 00:00:00+08:00,26.44,26.56,26.0,26.12,59833370,0.0,0.0
2021-07-20 00:00:00+08:00,25.81,25.94,25.06,25.12,122117929,0.0,0.0
2021-07-21 00:00:00+08:00,25.5,25.56,23.81,23.94,219927099,0.0,0.0
2021-07-22 00:00:00+08:00,24.5,25.5,24.38,24.62,174823492,0.0,0.0
2021-07-23 00:00:00+08:00,25.12,25.94,24.56,25.88,139621332,0.0,0.0
2021-07-26 00:00:00+08:00,26.44,27.0,26.0,26.44,155003280,0.0,0.0
2021-07-27 00:00:00+08:00,26.44,26.62,25.56,25.62,78172185,0.0,0.0
2021-07-28 00:00:00+08:00,25.44,26.62,24.75,26.56,140058640,0.0,0.0
2021-07-29 00:00:00+08:00,27.38,27.38,25.88,26.31,186184443,0.0,0.0
2021-07-30 00:00:00+08:00,26.62,26.94,25.69,25.81,164881966,0.0,0.0
2021-08-02 00:00:00+08:00,25.81,26.69,25.12,26.62,114195688,0.0,0.0
2021-08-03 00:00:00+08:00,26.88,27.25,26.38,26.69,112099551,0.0,0.0
2021-08-04 00:00:00+08:00,27.19,29.31,27.0,29.25,579174175,0.0,0.0
2021-08-05 00:00:00+08:00,29.25,29.31,27.69,27.88,327736938,0.0,0.0
2021-08-06 00:00:00+08:00,27.62,27.62,27.0,27.0,131683172,0.0,0.0
2021-08-09 00:00:00+08:00,26.62,27.81,26.25,27.0,121521324,0.0,0.0
2021-08-10 00:00:00+08:00,27.25,27.25,26.38,26.44,64448920,0.0,0.0
2021-08-11 00:00:00+08:00,26.38,26.81,25.81,26.06,89399365,0.0,0.0
2021-08-12 00:00:00+08:00,26.19,26.31,25.88,25.94,45071903,0.0,0.0
2021-08-13 00:00:00+08:00,26.0,26.06,25.5,25.5,74386280,0.0,0.0
2021-08-16 00:00:00+08:00,25.12,25.56,24.75,24.88,110044102,0.0,0.0
2021-08-17 00:00:00+08:00,24.88,24.88,24.88,24.88,0,0.0,0.0
2021-08-18 00:00:00+08:00,24.75,25.88,24.62,25.88,96141352,0.0,0.0
2021-08-19 00:00:00+08:00,25.38,25.5,24.69,24.69,104983116,0.0,0.0
2021-08-20 00:00:00+08:00,24.69,24.81,23.75,23.81,150177381,0.0,0.0
2021-08-23 00:00:00+08:00,23.5,24.0,23.5,23.81,118607911,0.0,0.0
2021-08-24 00:00:00+08:00,23.69,23.75,22.0,22.25,265145328,0.0,0.0
2021-08-25 00:00:00+08:00,22.38,22.94,22.19,22.5,127697828,0.0,0.0
2021-08-26 00:00:00+08:00,22.75,22.75,22.31,22.38,74273842,0.0,0.0
2021-08-27 00:00:00+08:00,22.5,23.12,22.44,22.62,121146041,0.0,0.0
2021-08-30 00:00:00+08:00,22.69,22.81,22.38,22.5,67955881,0.0,0.0
2021-08-31 00:00:00+08:00,22.5,22.5,21.75,22.0,133215402,0.0,0.0
2021-09-01 00:00:00+08:00,22.12,22.62,22.0,22.25,84145068,0.0,0.0
2021-09-02 00:00:00+08:00,22.31,22.31,21.56,21.56,119580166,0.0,0.0
2021-09-03 00:00:00+08:00,21.69,21.88,21.5,21.56,66448169,0.0,0.0
2021-09-06 00:00:00+08:00,20.94,21.31,20.31,21.19,163478751,0.0,0.0
2021-09-07 00:00:00+08:00,21.75,22.31,21.62,22.0,143111582,0.0,0.0
2021-09-08 00:00:00+08:00,21.62,21.94,21.31,21.88,77077899,0.0,0.0
2021-09-09 00:00:00+08:00,22.06,22.25,21.88,22.12,54383167,0.0,0.0
2021-09-10 00:00:00+08:00,22.38,22.81,22.31,22.38,96946326,0.0,0.0
2021-09-13 00:00:00+08:00,22.38,22.62,22.0,22.44,52290468,0.0,0.0
2021-09-14 00:00:00+08:00,22.62,22.69,22.0,22.06,41630671,0.0,0.0
2021-09-15 00:00:00+08:00,22.0,22.62,21.88,22.25,71234252,0.0,0.0
2021-09-16 00:00:00+08:00,22.38,22.44,21.81,22.0,54381045,0.0,0.0
2021-09-17 00:00:00+08:00,21.81,22.31,21.69,21.81,77929947,0.0,0.0
2021-09-22 00:00:00+08:00,21.12,21.19,20.38,21.19,157897108,0.0,0.0
2021-09-23 00:00:00+08:00,21.44,21.44,20.75,21.06,110613963,0.0,0.0
2021-09-24 00:00:00+08:00,21.12,22.0,20.94,21.88,102268450,0.0,0.0
2021-09-27 00:00:00+08:00,21.94,22.81,21.88,22.69,133043051,0.0,0.0
2021-09-28 00:00:00+08:00,22.56,22.75,22.12,22.44,82967494,0.0,0.0
2021-09-29 00:00:00+08:00,22.06,22.69,21.94,22.62,85946836,0.0,0.0
2021-09-30 00:00:00+08:00,23.0,23.31,22.06,22.06,155336288,0.0,0.0
2021-10-01 00:00:00+08:00,22.0,22.5,21.5,21.56,88290044,0.0,0.0
2021-10-04 00:00:00+08:00,21.81,22.0,21.0,21.0,69158016,0.0,0.0
2021-10-05 00:00:00+08:00,20.75,22.44,20.62,22.31,123714432,0.0,0.0
2021-10-06 00:00:00+08:00,22.19,22.44,21.75,21.88,82257990,0.0,0.0
2021-10-07 00:00:00+08:00,22.12,22.19,21.75,21.75,57190784,0.0,0.0
2021-10-08 00:00:00+08:00,22.0,22.31,21.31,21.38,65323500,0.0,0.0
2021-10-12 00:00:00+08:00,21.56,21.75,21.19,21.31,56927770,0.0,0.0
2021-10-13 00:00:00+08:00,21.44,21.5,21.0,21.0,47083719,0.0,0.0
2021-10-14 00:00:00+08:00,21.25,21.44,21.0,21.31,34948788,0.0,0.0
2021-10-15 00:00:00+08:00,21.5,21.81,21.38,21.69,54888300,0.0,0.0
2021-10-18 00:00:00+08:00,21.75,21.88,21.44,21.56,38417600,0.0,0.0
2021-10-19 00:00:00+08:00,21.69,22.12,21.62,22.0,43485025,0.0,0.0
2021-10-20 00:00:00+08:00,22.19,22.19,21.25,21.25,69440293,0.0,0.0
2021-10-21 00:00:00+08:00,21.25,21.5,20.88,21.5,71521620,0.0,0.0
2021-10-22 00:00:00+08:00,21.25,21.38,21.0,21.06,47535379,0.0,0.0
2021-10-25 00:00:00+08:00,21.0,21.44,20.94,21.44,26655072,0.0,0.0
2021-10-26 00:00:00+08:00,21.5,21.56,21.38,21.56,28530805,0.0,0.0
2021-10-27 00:00:00+08:00,21.56,22.12,21.5,22.0,58160590,0.0,0.0
2021-10-28 00:00:00+08:00,22.88,24.19,22.81,23.94,344598307,0.0,0.0
2021-10-29 00:00:00+08:00,24.0,24.5,23.56,24.0,200610576,0.0,0.0
2021-11-01 00:00:00+08:00,24.5,24.56,23.88,24.0,87646948,0.0,0.0
2021-11-02 00:00:00+08:00,24.06,24.38,23.62,23.75,66578913,0.0,0.0
2021-11-03 00:00:00+08:00,23.75,25.0,23.75,24.94,125896269,0.0,0.0
2021-11-04 00:00:00+08:00,25.0,25.19,24.44,24.5,89104000,0.0,0.0
2021-11-05 00:00:00+08:00,25.56,26.0,24.94,25.88,248462021,0.0,0.0
2021-11-08 00:00:00+08:00,26.06,26.75,25.38,26.38,146204726,0.0,0.0
2021-11-09 00:00:00+08:00,26.44,26.44,25.62,25.69,116020896,0.0,0.0
2021-11-10 00:00:00+08:00,25.62,26.06,25.0,25.0,98847248,0.0,0.0
2021-11-11 00:00:00+08:00,24.75,25.5,24.69,24.88,73373930,0.0,0.0
2021-11-12 00:00:00+08:00,25.12,25.38,24.88,25.38,45345247,0.0,0.0
2021-11-15 00:00:00+08:00,25.5,25.5,25.12,25.38,48542556,0.0,0.0
2021-11-16 00:00:00+08:00,25.38,25.38,24.44,24.5,90884888,0.0,0.0
2021-11-17 00:00:00+08:00,24.5,25.25,24.5,25.12,81084949,0.0,0.0
2021-11-18 00:00:00+08:00,25.5,27.62,25.38,26.88,291805682,0.0,0.0
2021-11-19 00:00:00+08:00,27.62,27.94,27.0,27.31,195031340,0.0,0.0
2021-11-22 00:00:00+08:00,27.69,28.12,27.31,27.31,112432292,0.0,0.0
2021-11-23 00:00:00+08:00,26.94,27.06,26.25,26.31,91766843,0.0,0.0
2021-11-24 00:00:00+08:00,26.25,26.56,26.12,26.44,49277625,0.0,0.0
2021-11-25 00:00:00+08:00,26.62,26.75,26.19,26.31,56695670,0.0,0.0
2021-11-26 00:00:00+08:00,26.31,26.69,25.62,25.69,67586058,0.0,0.0
2021-11-29 00:00:00+08:00,25.12,25.81,24.81,25.81,73103770,0.0,0.0
2021-11-30 00:00:00+08:00,26.12,26.31,25.12,25.12,163301948,0.0,0.0
2021-12-01 00:00:00+08:00,25.0,25.81,25.0,25.62,58898237,0.0,0.0
2021-12-02 00:00:00+08:00,25.56,26.0,25.44,25.62,46560859,0.0,0.0
2021-12-03 00:00:00+08:00,26.0,26.5,25.88,26.06,82314498,0.0,0.0
2021-12-06 00:00:00+08:00,26.06,26.5,25.81,26.38,52629412,0.0,0.0
2021-12-07 00:00:00+08:00,26.75,27.38,26.5,27.38,127794732,0.0,0.0
2021-12-08 00:00:00+08:00,27.56,27.75,27.12,27.38,108946620,0.0,0.0
2021-12-09 00:00:00+08:00,27.88,28.81,27.62,27.75,242102756,0.0,0.0
2021-12-10 00:00:00+08:00,28.06,28.38,27.5,27.75,101851638,0.0,0.0
2021-12-13 00:00:00+08:00,28.06,28.25,27.5,27.5,63366190,0.0,0.0
2021-12-14 00:00:00+08:00,27.31,27.44,26.94,26.94,63550788,0.0,0.0
2021-12-15 00:00:00+08:00,27.0,28.69,26.94,28.62,139019248,0.0,0.0
2021-12-16 00:00:00+08:00,28.94,29.38,28.69,28.94,207703996,0.0,0.0
2021-12-17 00:00:00+08:00,28.56,29.31,28.44,28.88,146776880,0.0,0.0
2021-12-20 00:00:00+08:00,28.88,29.06,28.56,28.56,92757740,0.0,0.0
2021-12-21 00:00:00+08:00,28.5,28.5,27.75,27.94,97213252,0.0,0.0
2021-12-22 00:00:00+08:00,28.06,28.44,27.75,27.81,63690904,0.0,0.0
2021-12-23 00:00:00+08:00,27.94,28.31,27.75,27.75,50755092,0.0,0.0
2021-12-24 00:00:00+08:00,28.06,28.25,27.81,28.06,39728672,0.0,0.0
2021-12-27 00:00:00+08:00,28.12,28.75,28.12,28.38,58297280,0.0,0.0
2021-12-28 00:00:00+08:00,28.62,28.75,28.25,28.31,41056725,0.0,0.0
2021-12-29 00:00:00+08:00,28.38,28.56,28.12,28.44,31333818,0.0,0.0
2021-12-30 00:00:00+08:00,28.5,28.94,28.44,28.62,67451042,0.0,0.0
2022-01-03 00:00:00+08:00,28.94,29.0,28.19,28.25,58673491,0.0,0.0
2022-01-04 00:00:00+08:00,28.44,29.06,28.38,28.69,68932685,0.0,0.0
2022-01-05 00:00:00+08:00,28.81,28.81,28.38,28.5,38954664,0.0,0.0
2022-01-06 00:00:00+08:00,28.38,28.38,27.88,28.0,54372721,0.0,0.0
2022-01-07 00:00:00+08:00,28.25,28.31,27.31,27.31,79856828,0.0,0.0
2022-01-10 00:00:00+08:00,27.25,28.38,27.06,28.12,79158944,0.0,0.0
2022-01-11 00:00:00+08:00,28.38,28.88,28.25,28.56,143563057,0.0,0.0
2022-01-12 00:00:00+08:00,29.0,29.12,28.25,28.31,75057555,0.0,0.0
2022-01-13 00:00:00+08:00,28.31,28.38,27.88,28.0,48721864,0.0,0.0
2022-01-14 00:00:00+08:00,27.75,27.81,27.06,27.5,77639329,0.0,0.0
2022-01-17 00:00:00+08:00,27.56,27.69,27.19,27.38,51297518,0.0,0.0
2022-01-18 00:00:00+08:00,27.5,27.75,27.31,27.31,34010376,0.0,0.0
2022-01-19 00:00:00+08:00,27.06,27.38,27.0,27.19,29585299,0.0,0.0
2022-01-20 00:00:00+08:00,27.69,28.62,27.62,27.94,98620866,0.0,0.0
2022-01-21 00:00:00+08:00,26.56,26.88,26.25,26.38,181703240,0.0,0.0
2022-01-24 00:00:00+08:00,25.75,25.94,25.19,25.38,109588676,0.0,0.0
2022-01-25 00:00:00+08:00,25.12,25.31,24.44,24.5,124530180,0.0,0.0
2022-01-26 00:00:00+08:00,24.75,25.31,24.69,25.19,64555391,0.0,0.0
2022-02-07 00:00:00+08:00,25.69,26.12,25.19,26.06,62135505,0.0,0.0
2022-02-08 00:00:00+08:00,25.88,26.19,25.75,25.88,54524559,0.0,0.0
2022-02-09 00:00:00+08:00,26.62,27.31,26.44,27.12,115413128,0.0,0.0
2022-02-10 00:00:00+08:00,27.31,27.5,26.88,27.38,72342783,0.0,0.0
2022-02-11 00:00:00+08:00,26.44,27.06,26.38,27.0,96756689,0.0,0.0
2022-02-14 00:00:00+08:00,26.38,26.38,26.0,26.19,78225559,0.0,0.0
2022-02-15 00:00:00+08:00,26.38,26.38,25.5,25.5,73093403,0.0,0.0
2022-02-16 00:00:00+08:00,26.06,26.12,25.44,25.56,58128663,0.0,0.0
2022-02-17 00:00:00+08:00,25.69,25.81,25.56,25.75,37024064,0.0,0.0
2022-02-18 00:00:00+08:00,25.44,25.69,25.31,25.5,41580294,0.0,0.0
2022-02-21 00:00:00+08:00,25.38,26.5,25.19,26.38,68365826,0.0,0.0
2022-02-22 00:00:00+08:00,26.0,26.0,25.44,25.75,64629696,0.0,0.0
2022-02-23 00:00:00+08:00,26.12,26.25,25.81,25.88,45081632,0.0,0.0
2022-02-24 00:00:00+08:00,25.75,26.0,25.31,25.44,58987192,0.0,0.0
2022-02-25 00:00:00+08:00,25.62,25.81,25.38,25.69,47351400,0.0,0.0
2022-03-01 00:00:00+08:00,25.94,26.38,25.75,26.19,60814836,0.0,0.0
2022-03-02 00:00:00+08:00,26.0,26.38,25.88,26.25,38963520,0.0,0.0
2022-03-03 00:00:00+08:00,26.44,26.75,26.38,26.38,46218799,0.0,0.0
2022-03-04 00:00:00+08:00,26.19,27.0,26.12,26.5,75386578,0.0,0.0
2022-03-07 00:00:00+08:00,26.38,26.44,25.81,25.88,69345044,0.0,0.0
2022-03-08 00:00:00+08:00,25.62,26.88,25.56,26.5,129561212,0.0,0.0
2022-03-09 00:00:00+08:00,26.88,27.0,26.31,26.31,80580691,0.0,0.0
2022-03-10 00:00:00+08:00,26.69,27.0,26.38,26.56,69097886,0.0,0.0
2022-03-11 00:00:00+08:00,26.69,27.0,26.5,26.88,73373727,0.0,0.0
2022-03-14 00:00:00+08:00,27.06,28.0,27.06,27.88,139206750,0.0,0.0
2022-03-15 00:00:00+08:00,27.75,27.75,27.25,27.69,91933172,0.0,0.0
2022-03-16 00:00:00+08:00,28.0,28.12,25.69,26.44,158250291,0.0,0.0
2022-03-17 00:00:00+08:00,26.75,26.81,26.19,26.56,88895869,0.0,0.0
2022-03-18 00:00:00+08:00,26.31,26.44,26.0,26.31,68382460,0.0,0.0
2022-03-21 00:00:00+08:00,26.38,26.5,26.19,26.38,41300343,0.0,0.0
2022-03-22 00:00:00+08:00,26.25,26.5,26.19,26.44,27891944,0.0,0.0
2022-03-23 00:00:00+08:00,26.56,26.75,26.38,26.62,49684402,0.0,0.0
2022-03-24 00:00:00+08:00,26.5,26.62,26.31,26.31,31691276,0.0,0.0
2022-03-25 00:00:00+08:00,26.31,26.38,25.75,25.81,60398483,0.0,0.0
2022-03-28 00:00:00+08:00,25.62,25.62,25.19,25.56,54721747,0.0,0.0
2022-03-29 00:00:00+08:00,25.25,25.31,24.75,25.06,170232942,0.0,0.0
2022-03-30 00:00:00+08:00,25.12,25.31,25.0,25.0,55809636,0.0,0.0
2022-03-31 00:00:00+08:00,25.0,25.12,24.62,24.81,71378195,0.0,0.0
2022-04-01 00:00:00+08:00,24.69,24.69,24.44,24.62,53448423,0.0,0.0
2022-04-06 00:00:00+08:00,24.44,25.12,24.44,25.12,61831221,0.0,0.0
2022-04-07 00:00:00+08:00,25.0,25.06,24.38,24.38,49047167,0.0,0.0
2022-04-08 00:00:00+08:00,24.5,24.75,24.44,24.62,27957260,0.0,0.0
2022-04-11 00:00:00+08:00,24.75,24.75,23.75,23.75,66838443,0.0,0.0
2022-04-12 00:00:00+08:00,23.75,24.12,23.5,23.81,48381070,0.0,0.0
2022-04-13 00:00:00+08:00,24.25,24.56,24.06,24.44,27705050,0.0,0.0
2022-04-14 00:00:00+08:00,24.5,24.69,24.25,24.31,32350768,0.0,0.0
2022-04-15 00:00:00+08:00,24.06,24.25,23.81,23.81,24741520,0.0,0.0
2022-04-18 00:00:00+08:00,23.5,23.56,22.94,23.0,51026028,0.0,0.0
2022-04-19 00:00:00+08:00,23.38,23.69,23.19,23.19,30570213,0.0,0.0
2022-04-20 00:00:00+08:00,23.25,23.62,22.88,23.56,52644412,0.0,0.0
2022-04-21 00:00:00+08:00,23.25,23.31,22.94,23.19,47151712,0.0,0.0
2022-04-22 00:00:00+08:00,22.88,23.31,22.75,23.06,42541980,0.0,0.0
2022-04-25 00:00:00+08:00,22.62,22.62,22.12,22.12,70827143,0.0,0.0
2022-04-26 00:00:00+08:00,22.19,22.25,21.25,21.25,92333306,0.0,0.0
2022-04-27 00:00:00+08:00,20.38,20.5,19.75,20.38,108451128,0.0,0.0
2022-04-28 00:00:00+08:00,20.62,21.5,20.25,21.38,97094236,0.0,0.0
2022-04-29 00:00:00+08:00,21.44,21.56,21.0,21.44,58654168,0.0,0.0
2022-05-03 00:00:00+08:00,21.31,22.12,21.19,22.12,45361707,0.0,0.0
2022-05-04 00:00:00+08:00,22.25,22.44,21.81,22.06,32638296,0.0,0.0
2022-05-05 00:00:00+08:00,22.31,22.75,22.31,22.56,39638940,0.0,0.0
2022-05-06 00:00:00+08:00,21.88,22.5,21.75,22.44,40273701,0.0,0.0
2022-05-09 00:00:00+08:00,21.94,22.25,21.5,21.62,47075362,0.0,0.0
2022-05-10 00:00:00+08:00,21.12,21.75,21.06,21.75,68793600,0.0,0.0
2022-05-11 00:00:00+08:00,21.69,21.75,21.31,21.38,27338296,0.0,0.0
2022-05-12 00:00:00+08:00,21.25,21.81,21.25,21.38,38938883,0.0,0.0
2022-05-13 00:00:00+08:00,21.56,21.69,21.12,21.25,37241240,0.0,0.0
2022-05-16 00:00:00+08:00,21.25,21.62,20.81,21.44,37975042,0.0,0.0
2022-05-17 00:00:00+08:00,21.44,21.56,21.31,21.44,24414434,0.0,0.0
2022-05-18 00:00:00+08:00,21.75,22.62,21.69,22.56,94406516,0.0,0.0
2022-05-19 00:00:00+08:00,21.69,21.88,21.5,21.56,67892912,0.0,0.0
2022-05-20 00:00:00+08:00,21.56,21.62,21.31,21.5,31327638,0.0,0.0
2022-05-23 00:00:00+08:00,21.44,21.56,21.25,21.31,42131460,0.0,0.0
2022-05-24 00:00:00+08:00,21.31,21.56,21.06,21.06,34958964,0.0,0.0
2022-05-25 00:00:00+08:00,21.12,21.31,20.88,21.31,45322671,0.0,0.0
2022-05-26 00:00:00+08:00,21.38,21.5,21.12,21.19,26206323,0.0,0.0
2022-05-27 00:00:00+08:00,21.44,21.81,21.38,21.69,43829773,0.0,0.0
2022-05-30 00:00:00+08:00,21.88,21.94,21.62,21.75,30007267,0.0,0.0
2022-05-31 00:00:00+08:00,21.88,22.5,21.5,22.5,66862800,0.0,0.0
2022-06-01 00:00:00+08:00,22.12,22.31,21.94,22.0,39812368,0.0,0.0
2022-06-02 00:00:00+08:00,22.0,22.19,21.88,22.12,24779457,0.0,0.0
2022-06-06 00:00:00+08:00,22.12,22.44,21.94,22.19,26614929,0.0,0.0
2022-06-07 00:00:00+08:00,22.31,22.44,22.12,22.31,23838844,0.0,0.0
2022-06-08 00:00:00+08:00,22.5,22.5,22.19,22.25,18775384,0.0,0.0
2022-06-09 00:00:00+08:00,22.31,22.81,22.25,22.56,39853994,0.0,0.0
2022-06-10 00:00:00+08:00,22.44,22.44,22.12,22.19,21611520,0.0,0.0
2022-06-13 00:00:00+08:00,21.75,21.75,21.44,21.5,29705967,0.0,0.0
2022-06-14 00:00:00+08:00,21.25,21.38,21.06,21.25,33094379,0.0,0.0
2022-06-15 00:00:00+08:00,21.12,22.06,21.12,21.75,49603162,0.0,0.0
2022-06-16 00:00:00+08:00,21.88,22.0,21.12,21.38,41134268,0.0,0.0
2022-06-17 00:00:00+08:00,21.06,21.56,20.62,21.56,60861548,0.0,0.0
2022-06-20 00:00:00+08:00,21.38,21.5,20.56,20.56,48605894,0.0,0.0
2022-06-21 00:00:00+08:00,20.75,21.06,20.44,20.94,41767348,0.0,0.0
2022-06-22 00:00:00+08:00,21.0,21.06,20.25,20.31,42196094,0.0,0.0
2022-06-23 00:00:00+08:00,20.38,20.44,18.94,18.94,77038814,0.0,0.0
2022-06-24 00:00:00+08:00,19.12,20.31,19.12,20.12,60231649,0.0,0.0
2022-06-27 00:00:00+08:00,20.19,21.12,20.06,20.94,38970075,0.0,0.0
2022-06-28 00:00:00+08:00,21.19,21.25,20.88,21.06,30255063,0.0,0.0
2022-06-29 00:00:00+08:00,21.31,21.44,20.94,20.94,38305763,0.0,0.0
2022-06-30 00:00:00+08:00,21.12,21.19,20.38,20.38,41777411,0.0,0.0
2022-07-01 00:00:00+08:00,20.38,20.5,18.81,18.81,64808552,0.0,0.0
2022-07-04 00:00:00+08:00,17.56,18.25,17.56,18.06,46301352,0.0,0.0
2022-07-05 00:00:00+08:00,18.5,18.88,18.19,18.56,31975173,0.0,0.0
2022-07-06 00:00:00+08:00,19.38,20.31,18.62,18.69,96883621,0.0,0.0
2022-07-07 00:00:00+08:00,18.88,19.25,18.31,19.0,41748192,0.0,0.0
2022-07-08 00:00:00+08:00,19.0,19.75,19.0,19.44,36374167,0.0,0.0
2022-07-11 00:00:00+08:00,19.25,19.38,18.38,18.44,40460059,0.0,0.0
2022-07-12 00:00:00+08:00,18.12,18.31,17.75,17.81,31268139,0.0,0.0
2022-07-13 00:00:00+08:00,18.38,19.12,18.38,18.69,48587772,0.0,0.0
2022-07-14 00:00:00+08:00,18.19,18.38,17.88,18.25,39762477,0.0,0.0
2022-07-15 00:00:00+08:00,18.06,18.06,17.62,17.88,41384824,0.0,0.0
2022-07-18 00:00:00+08:00,17.88,18.69,17.88,18.31,50444305,0.0,0.0
2022-07-19 00:00:00+08:00,18.31,18.5,18.12,18.19,35713804,0.0,0.0
2022-07-20 00:00:00+08:00,18.56,18.75,18.31,18.62,47391308,0.0,0.0
2022-07-21 00:00:00+08:00,18.56,18.69,18.06,18.5,47749399,0.0,0.0
2022-07-22 00:00:00+08:00,18.56,19.0,18.5,18.56,47572298,0.0,0.0
2022-07-25 00:00:00+08:00,18.38,18.5,17.94,18.06,36469413,0.0,0.0
2022-07-26 00:00:00+08:00,17.88,18.19,17.81,17.88,23366357,0.0,0.0
2022-07-27 00:00:00+08:00,17.81,17.88,16.81,17.12,75544036,0.0,0.0
2022-07-28 00:00:00+08:00,17.25,17.5,16.5,16.56,68952451,0.0,0.0
2022-07-29 00:00:00+08:00,16.56,16.75,16.25,16.69,65093770,0.0,0.0
2022-08-01 00:00:00+08:00,16.62,17.19,16.44,16.94,33356616,0.0,0.0
2022-08-02 00:00:00+08:00,16.88,17.38,16.75,17.38,58649324,0.0,0.0
2022-08-03 00:00:00+08:00,17.12,17.62,17.06,17.31,44373885,0.0,0.0
2022-08-04 00:00:00+08:00,17.38,17.44,17.06,17.31,24593138,0.0,0.0
2022-08-05 00:00:00+08:00,17.5,17.62,17.38,17.44,20240852,0.0,0.0
2022-08-08 00:00:00+08:00,17.62,18.12,17.62,17.75,46935857,0.0,0.0
2022-08-09 00:00:00+08:00,17.75,18.06,17.69,18.06,27727745,0.0,0.0
2022-08-10 00:00:00+08:00,17.81,18.12,17.75,17.94,20268760,0.0,0.0
2022-08-11 00:00:00+08:00,18.31,19.38,18.25,19.12,91121352,0.0,0.0
2022-08-12 00:00:00+08:00,19.0,19.25,18.88,18.88,34663675,0.0,0.0
2022-08-15 00:00:00+08:00,19.0,19.25,18.88,19.06,24148138,0.0,0.0
2022-08-16 00:00:00+08:00,19.25,19.94,19.19,19.81,66463352,0.0,0.0
2022-08-17 00:00:00+08:00,20.0,20.25,19.81,20.19,58073871,0.0,0.0
2022-08-18 00:00:00+08:00,20.0,20.0,19.62,19.62,27532225,0.0,0.0
2022-08-19 00:00:00+08:00,19.62,21.44,19.62,21.19,135856518,0.0,0.0
2022-08-22 00:00:00+08:00,20.81,21.19,20.75,21.0,29972800,0.0,0.0
2022-08-23 00:00:00+08:00,21.0,21.0,19.69,20.0,77345028,0.0,0.0
2022-08-24 00:00:00+08:00,20.38,20.5,20.06,20.19,35804000,0.0,0.0
2022-08-25 00:00:00+08:00,20.38,20.38,19.94,20.12,31301116,0.0,0.0
2022-08-26 00:00:00+08:00,20.31,20.31,20.0,20.19,20056890,0.0,0.0
2022-08-29 00:00:00+08:00,19.62,20.06,19.25,19.69,48559004,0.0,0.0
2022-08-30 00:00:00+08:00,20.19,20.88,20.19,20.5,55334338,0.0,0.0
2022-08-31 00:00:00+08:00,20.25,20.94,20.19,20.94,42963519,0.0,0.0
2022-09-01 00:00:00+08:00,20.81,21.56,20.56,21.38,78667677,0.0,0.0
2022-09-02 00:00:00+08:00,21.31,21.69,20.88,21.12,50832712,0.0,0.0
2022-09-05 00:00:00+08:00,21.12,21.81,21.0,21.75,62030966,0.0,0.0
2022-09-06 00:00:00+08:00,21.69,22.12,21.56,21.88,53494856,0.0,0.0
2022-09-07 00:00:00+08:00,21.75,22.0,21.38,21.75,54319352,0.0,0.0
2022-09-08 00:00:00+08:00,21.81,22.0,21.62,21.69,44478980,0.0,0.0
2022-09-12 00:00:00+08:00,21.88,22.0,21.56,21.56,31024955,0.0,0.0
2022-09-13 00:00:00+08:00,21.75,21.88,21.5,21.69,27487866,0.0,0.0
2022-09-14 00:00:00+08:00,21.31,21.5,21.19,21.31,34939098,0.0,0.0
2022-09-15 00:00:00+08:00,21.62,22.5,21.56,22.5,112070338,0.0,0.0
2022-09-16 00:00:00+08:00,22.56,22.69,22.25,22.62,77599013,0.0,0.0
2022-09-19 00:00:00+08:00,22.62,22.62,22.06,22.44,48643047,0.0,0.0
2022-09-20 00:00:00+08:00,22.5,22.56,21.38,21.38,79941005,0.0,0.0
2022-09-21 00:00:00+08:00,21.44,21.81,20.38,21.0,127992565,0.0,0.0
2022-09-22 00:00:00+08:00,20.56,20.88,20.06,20.31,60460892,0.0,0.0
2022-09-23 00:00:00+08:00,20.25,20.44,19.75,19.75,43433701,0.0,0.0
2022-09-26 00:00:00+08:00,19.5,19.5,18.81,18.88,34682696,0.0,0.0
2022-09-27 00:00:00+08:00,19.06,19.25,18.75,18.81,33904370,0.0,0.0
2022-09-28 00:00:00+08:00,18.69,18.75,18.25,18.38,36379968,0.0,0.0
2022-09-29 00:00:00+08:00,18.38,18.38,18.38,18.38,0,0.0,0.0
2022-10-11 00:00:00+08:00,16.15,16.7,15.9,16.45,70800120,0.0,0.0
2022-10-12 00:00:00+08:00,16.45,16.55,15.3,16.45,76378662,0.0,0.0
2022-10-13 00:00:00+08:00,16.3,17.15,16.25,16.8,79244609,0.0,0.0
2022-10-14 00:00:00+08:00,17.1,17.45,16.95,17.15,63803326,0.0,0.0
2022-10-17 00:00:00+08:00,17.4,18.3,17.35,18.0,108806964,0.0,0.0
2022-10-18 00:00:00+08:00,18.95,18.95,18.0,18.2,72330160,0.0,0.0
2022-10-19 00:00:00+08:00,18.0,18.25,17.65,18.15,62504582,0.0,0.0
2022-10-20 00:00:00+08:00,17.7,18.7,17.35,18.7,86486072,0.0,0.0
2022-10-21 00:00:00+08:00,18.45,18.7,17.85,17.9,57849894,0.0,0.0
2022-10-24 00:00:00+08:00,17.9,18.1,17.05,17.1,63012705,0.0,0.0
2022-10-25 00:00:00+08:00,17.2,17.4,16.7,16.85,54423064,0.0,0.0
2022-10-26 00:00:00+08:00,16.95,17.3,16.55,17.15,49586530,0.0,0.0
2022-10-27 00:00:00+08:00,16.5,17.4,15.9,17.4,114125366,0.0,0.0
2022-10-28 00:00:00+08:00,17.0,17.25,16.7,17.2,43449107,0.0,0.0
2022-10-31 00:00:00+08:00,17.4,17.45,16.9,16.9,37527335,0.0,0.0
2022-11-01 00:00:00+08:00,17.25,17.55,17.1,17.5,45265274,0.0,0.0
2022-11-02 00:00:00+08:00,17.35,18.05,17.3,18.05,48647587,0.0,0.0
2022-11-03 00:00:00+08:00,17.7,18.05,17.55,17.6,38136693,0.0,0.0
2022-11-04 00:00:00+08:00,17.3,17.95,17.2,17.9,45988083,0.0,0.0
2022-11-07 00:00:00+08:00,17.85,18.0,17.65,17.8,31249486,0.0,0.0
2022-11-08 00:00:00+08:00,18.15,18.3,17.7,17.7,35996090,0.0,0.0
2022-11-09 00:00:00+08:00,17.85,18.0,17.75,17.9,27887207,0.0,0.0
2022-11-10 00:00:00+08:00,17.75,17.75,17.3,17.35,41059294,0.0,0.0
2022-11-11 00:00:00+08:00,17.85,18.1,17.6,17.7,58204673,0.0,0.0
2022-11-14 00:00:00+08:00,17.7,18.05,17.65,17.95,34941170,0.0,0.0
2022-11-15 00:00:00+08:00,17.85,18.1,17.7,18.1,39159695,0.0,0.0
2022-11-16 00:00:00+08:00,18.05,18.05,17.55,17.55,49824309,0.0,0.0
2022-11-17 00:00:00+08:00,17.4,17.4,16.95,17.05,57464459,0.0,0.0
2022-11-18 00:00:00+08:00,17.25,17.25,16.65,16.7,55844402,0.0,0.0
2022-11-21 00:00:00+08:00,16.65,16.65,16.3,16.35,42519128,0.0,0.0
2022-11-22 00:00:00+08:00,16.35,16.4,16.0,16.05,49092366,0.0,0.0
2022-11-23 00:00:00+08:00,16.2,16.6,16.2,16.5,40168399,0.0,0.0
2022-11-24 00:00:00+08:00,16.7,16.7,16.25,16.3,38915714,0.0,0.0
2022-11-25 00:00:00+08:00,16.3,16.55,16.2,16.3,38490889,0.0,0.0
2022-11-28 00:00:00+08:00,16.15,16.25,15.95,16.0,41564534,0.0,0.0
2022-11-29 00:00:00+08:00,15.95,16.2,15.85,16.15,23332440,0.0,0.0
2022-11-30 00:00:00+08:00,16.05,16.4,15.9,16.1,44425794,0.0,0.0
2022-12-01 00:00:00+08:00,16.35,16.45,16.15,16.35,46311014,0.0,0.0
2022-12-02 00:00:00+08:00,16.25,16.35,16.1,16.3,30912909,0.0,0.0
2022-12-05 00:00:00+08:00,16.25,16.65,16.2,16.55,47579195,0.0,0.0
2022-12-06 00:00:00+08:00,16.55,16.55,16.0,16.0,42924134,0.0,0.0
2022-12-07 00:00:00+08:00,15.9,16.05,15.65,15.65,48936908,0.0,0.0
2022-12-08 00:00:00+08:00,15.7,15.85,15.5,15.65,22462811,0.0,0.0
2022-12-09 00:00:00+08:00,15.75,15.8,15.65,15.7,18658491,0.0,0.0
2022-12-12 00:00:00+08:00,15.6,15.7,15.4,15.7,32473281,0.0,0.0
2022-12-13 00:00:00+08:00,15.9,15.95,15.4,15.45,38970668,0.0,0.0
2022-12-14 00:00:00+08:00,15.6,15.95,15.45,15.75,32254987,0.0,0.0
2022-12-15 00:00:00+08:00,15.65,15.75,15.5,15.5,39168178,0.0,0.0
2022-12-16 00:00:00+08:00,15.2,15.4,15.05,15.05,166891214,0.0,0.0
2022-12-19 00:00:00+08:00,15.1,15.25,14.95,14.95,64796189,0.0,0.0
2022-12-20 00:00:00+08:00,14.9,15.15,14.8,14.8,67069821,0.0,0.0
2022-12-21 00:00:00+08:00,14.95,15.0,14.65,14.65,68314936,0.0,0.0
2022-12-22 00:00:00+08:00,14.85,15.55,14.85,15.3,80711253,0.0,0.0
2022-12-23 00:00:00+08:00,15.15,15.45,15.0,15.4,36339186,0.0,0.0
2022-12-26 00:00:00+08:00,15.5,15.65,15.35,15.5,18548761,0.0,0.0
2022-12-27 00:00:00+08:00,15.6,15.7,15.45,15.5,17731511,0.0,0.0
2022-12-28 00:00:00+08:00,15.5,15.55,15.1,15.15,22175084,0.0,0.0
2022-12-29 00:00:00+08:00,15.15,15.2,15.0,15.1,25839072,0.0,0.0
2022-12-30 00:00:00+08:00,15.2,15.25,15.0,15.0,14923705,0.0,0.0
2023-01-03 00:00:00+08:00,15.0,15.45,15.0,15.45,31530495,0.0,0.0
2023-01-04 00:00:00+08:00,15.4,15.95,15.4,15.7,42424521,0.0,0.0
2023-01-05 00:00:00+08:00,15.85,15.9,15.5,15.55,28076586,0.0,0.0
2023-01-06 00:00:00+08:00,15.65,16.05,15.6,15.95,44971270,0.0,0.0
2023-01-09 00:00:00+08:00,16.05,16.1,15.85,16.05,35622183,0.0,0.0
2023-01-10 00:00:00+08:00,16.0,16.05,15.8,16.0,25723717,0.0,0.0
2023-01-11 00:00:00+08:00,16.1,16.25,15.95,16.1,29356881,0.0,0.0
2023-01-12 00:00:00+08:00,16.15,16.2,15.9,15.95,17584208,0.0,0.0
2023-01-13 00:00:00+08:00,16.05,16.05,15.8,15.9,19543626,0.0,0.0
2023-01-16 00:00:00+08:00,15.95,16.05,15.85,15.9,13980458,0.0,0.0
2023-01-17 00:00:00+08:00,15.95,16.0,15.8,15.85,20265618,0.0,0.0
2023-01-30 00:00:00+08:00,16.2,16.65,16.1,16.65,79982544,0.0,0.0
2023-01-31 00:00:00+08:00,16.5,16.95,16.4,16.75,54029324,0.0,0.0
2023-02-01 00:00:00+08:00,16.75,16.8,16.35,16.65,36271513,0.0,0.0
2023-02-02 00:00:00+08:00,16.7,16.85,16.6,16.8,24813880,0.0,0.0
2023-02-03 00:00:00+08:00,16.85,16.85,16.5,16.5,25503172,0.0,0.0
2023-02-06 00:00:00+08:00,16.45,16.7,16.45,16.5,19097580,0.0,0.0
2023-02-07 00:00:00+08:00,16.65,17.1,16.65,17.0,58377565,0.0,0.0
2023-02-08 00:00:00+08:00,17.1,17.9,16.9,17.7,112087961,0.0,0.0
2023-02-09 00:00:00+08:00,17.35,17.85,17.1,17.65,67852192,0.0,0.0
2023-02-10 00:00:00+08:00,17.6,17.65,17.15,17.15,55574173,0.0,0.0
2023-02-13 00:00:00+08:00,17.1,17.25,16.5,16.55,57722040,0.0,0.0
2023-02-14 00:00:00+08:00,16.75,17.25,16.7,17.15,55086255,0.0,0.0
2023-02-15 00:00:00+08:00,17.0,17.6,16.9,17.25,57492033,0.0,0.0
2023-02-16 00:00:00+08:00,17.5,18.0,17.4,17.95,80688937,0.0,0.0
2023-02-17 00:00:00+08:00,17.8,18.35,17.7,18.2,78085097,0.0,0.0
2023-02-20 00:00:00+08:00,18.5,18.95,18.2,18.85,117929814,0.0,0.0
2023-02-21 00:00:00+08:00,18.6,18.9,18.45,18.6,55097921,0.0,0.0
2023-02-22 00:00:00+08:00,18.4,18.75,18.35,18.75,54289496,0.0,0.0
2023-02-23 00:00:00+08:00,18.7,18.75,18.15,18.3,73916076,0.0,0.0
2023-02-24 00:00:00+08:00,18.15,18.8,18.15,18.6,87431395,0.0,0.0
2023-03-01 00:00:00+08:00,18.7,18.95,18.4,18.65,64378712,0.0,0.0
2023-03-02 00:00:00+08:00,18.55,18.65,18.15,18.25,53798537,0.0,0.0
2023-03-03 00:00:00+08:00,18.55,19.2,18.45,18.95,95967854,0.0,0.0
2023-03-06 00:00:00+08:00,19.05,19.4,19.0,19.25,62947836,0.0,0.0
2023-03-07 00:00:00+08:00,19.05,19.15,18.65,19.15,49471625,0.0,0.0
2023-03-08 00:00:00+08:00,18.95,19.25,18.8,19.25,31471336,0.0,0.0
2023-03-09 00:00:00+08:00,19.35,19.35,18.5,18.5,50736374,0.0,0.0
2023-03-10 00:00:00+08:00,18.3,18.45,18.0,18.15,51759902,0.0,0.0
2023-03-13 00:00:00+08:00,18.05,18.3,17.85,18.25,29911751,0.0,0.0
2023-03-14 00:00:00+08:00,18.0,18.05,17.55,17.65,45401805,0.0,0.0
2023-03-15 00:00:00+08:00,17.9,17.9,17.45,17.45,34203993,0.0,0.0
2023-03-16 00:00:00+08:00,17.55,17.8,17.4,17.75,35936470,0.0,0.0
2023-03-17 00:00:00+08:00,17.8,18.1,17.5,18.0,72306398,0.0,0.0
2023-03-20 00:00:00+08:00,17.95,18.1,17.85,18.0,15407673,0.0,0.0
2023-03-21 00:00:00+08:00,18.4,18.7,18.15,18.25,39913621,0.0,0.0
2023-03-22 00:00:00+08:00,18.4,18.45,18.1,18.15,18801870,0.0,0.0
2023-03-23 00:00:00+08:00,18.1,18.3,18.0,18.1,18214041,0.0,0.0
2023-03-24 00:00:00+08:00,18.2,18.55,18.15,18.5,30940648,0.0,0.0
2023-03-27 00:00:00+08:00,18.55,18.75,18.4,18.45,24936530,0.0,0.0
2023-03-28 00:00:00+08:00,18.45,18.65,18.05,18.15,31509064,0.0,0.0
2023-03-29 00:00:00+08:00,18.2,18.5,18.2,18.5,30237391,0.0,0.0
2023-03-30 00:00:00+08:00,18.5,18.55,18.15,18.35,24194867,0.0,0.0
2023-03-31 00:00:00+08:00,18.3,18.55,18.25,18.4,26154925,0.0,0.0
2023-04-06 00:00:00+08:00,18.35,18.7,18.05,18.6,29340404,0.0,0.0
2023-04-07 00:00:00+08:00,18.7,18.75,18.4,18.5,15877549,0.0,0.0
2023-04-10 00:00:00+08:00,18.45,18.6,18.35,18.55,15305811,0.0,0.0
2023-04-11 00:00:00+08:00,18.65,18.75,18.55,18.7,23417488,0.0,0.0
2023-04-12 00:00:00+08:00,18.65,18.85,18.4,18.8,29545999,0.0,0.0
2023-04-13 00:00:00+08:00,18.95,19.3,18.7,18.85,71460766,0.0,0.0
2023-04-14 00:00:00+08:00,19.05,19.3,18.85,19.1,41902079,0.0,0.0
2023-04-17 00:00:00+08:00,19.1,19.2,18.85,19.1,28819951,0.0,0.0
2023-04-18 00:00:00+08:00,19.1,19.15,18.7,18.75,29127020,0.0,0.0
2023-04-19 00:00:00+08:00,18.8,18.85,18.2,18.25,41108436,0.0,0.0
2023-04-20 00:00:00+08:00,18.15,18.25,18.0,18.1,27937161,0.0,0.0
2023-04-21 00:00:00+08:00,18.25,18.75,18.1,18.25,46080857,0.0,0.0
2023-04-24 00:00:00+08:00,18.2,18.4,18.2,18.35,15002049,0.0,0.0
2023-04-25 00:00:00+08:00,18.45,18.5,17.9,17.95,31440216,0.0,0.0
2023-04-26 00:00:00+08:00,17.95,18.1,17.8,17.9,19283009,0.0,0.0
2023-04-27 00:00:00+08:00,17.9,18.0,17.6,17.7,20749952,0.0,0.0
2023-04-28 00:00:00+08:00,17.8,17.85,17.0,17.0,98522364,0.0,0.0
2023-05-02 00:00:00+08:00,17.2,17.45,17.1,17.3,38077144,0.0,0.0
2023-05-03 00:00:00+08:00,17.25,17.35,17.05,17.05,25755087,0.0,0.0
2023-05-04 00:00:00+08:00,17.05,17.2,16.9,17.1,20894573,0.0,0.0
2023-05-05 00:00:00+08:00,17.15,17.4,17.1,17.3,16165156,0.0,0.0
2023-05-08 00:00:00+08:00,17.5,17.6,17.2,17.25,29190242,0.0,0.0
2023-05-09 00:00:00+08:00,17.4,17.95,17.35,17.7,51012539,0.0,0.0
2023-05-10 00:00:00+08:00,17.6,17.7,17.45,17.55,21801195,0.0,0.0
2023-05-11 00:00:00+08:00,17.55,17.55,17.1,17.1,23526220,0.0,0.0
2023-05-12 00:00:00+08:00,17.1,17.1,16.9,16.95,21601515,0.0,0.0
2023-05-15 00:00:00+08:00,16.95,17.1,16.8,17.05,15806071,0.0,0.0
2023-05-16 00:00:00+08:00,17.05,17.15,16.95,17.05,17324067,0.0,0.0
2023-05-17 00:00:00+08:00,17.1,17.4,17.05,17.25,29014923,0.0,0.0
2023-05-18 00:00:00+08:00,17.3,17.35,17.05,17.25,26154024,0.0,0.0
2023-05-19 00:00:00+08:00,17.3,17.4,17.25,17.4,20092491,0.0,0.0
2023-05-22 00:00:00+08:00,17.55,17.85,17.5,17.8,41375126,0.0,0.0
2023-05-23 00:00:00+08:00,17.9,17.9,17.55,17.6,37463231,0.0,0.0
2023-05-24 00:00:00+08:00,17.5,17.75,17.45,17.65,19656729,0.0,0.0
2023-05-25 00:00:00+08:00,17.7,17.75,17.5,17.5,21838814,0.0,0.0
2023-05-26 00:00:00+08:00,17.5,17.7,17.4,17.4,21214975,0.0,0.0
2023-05-29 00:00:00+08:00,17.5,17.9,17.45,17.65,36037023,0.0,0.0
2023-05-30 00:00:00+08:00,17.7,17.75,17.55,17.6,20863886,0.0,0.0
2023-05-31 00:00:00+08:00,17.75,17.8,17.6,17.6,43909937,0.0,0.0
2023-06-01 00:00:00+08:00,17.7,17.75,17.6,17.6,14598484,0.0,0.0
2023-06-02 00:00:00+08:00,17.65,17.8,17.5,17.75,26817707,0.0,0.0
2023-06-05 00:00:00+08:00,17.85,18.75,17.75,18.5,78724594,0.0,0.0
2023-06-06 00:00:00+08:00,18.5,18.75,18.25,18.7,45839409,0.0,0.0
2023-06-07 00:00:00+08:00,18.75,18.9,18.5,18.55,35411136,0.0,0.0
2023-06-08 00:00:00+08:00,18.55,18.55,18.15,18.25,29355488,0.0,0.0
2023-06-09 00:00:00+08:00,18.35,18.35,18.1,18.25,23489153,0.0,0.0
2023-06-12 00:00:00+08:00,18.35,18.6,18.35,18.45,30019792,0.0,0.0
2023-06-13 00:00:00+08:00,18.5,18.6,18.3,18.55,32977095,0.0,0.0
2023-06-14 00:00:00+08:00,18.5,18.55,18.35,18.35,20526694,0.0,0.0
2023-06-15 00:00:00+08:00,18.4,18.45,18.2,18.4,26465991,0.0,0.0
2023-06-16 00:00:00+08:00,18.6,18.9,18.6,18.65,79831831,0.0,0.0
2023-06-19 00:00:00+08:00,18.6,20.35,18.55,20.2,183541701,0.0,0.0
2023-06-20 00:00:00+08:00,20.2,20.2,19.6,19.6,91137152,0.0,0.0
2023-06-21 00:00:00+08:00,19.75,20.5,19.75,20.1,92273503,0.0,0.0
2023-06-26 00:00:00+08:00,20.05,20.4,19.65,19.7,66281934,0.0,0.0
2023-06-27 00:00:00+08:00,19.6,19.65,18.85,18.85,66902413,0.0,0.0
2023-06-28 00:00:00+08:00,19.1,19.15,18.7,18.7,34098125,0.0,0.0
2023-06-29 00:00:00+08:00,18.95,19.1,18.7,18.75,27493882,0.0,0.0
2023-06-30 00:00:00+08:00,18.7,18.75,18.55,18.6,27012917,0.0,0.0
2023-07-03 00:00:00+08:00,18.8,18.95,18.55,18.55,29519824,0.0,0.0
2023-07-04 00:00:00+08:00,18.6,18.85,18.5,18.75,29787321,0.0,0.0
2023-07-05 00:00:00+08:00,18.65,18.85,18.55,18.65,25653210,0.0,0.0
2023-07-06 00:00:00+08:00,19.1,19.6,18.8,18.9,93835641,0.0,0.0
2023-07-07 00:00:00+08:00,18.75,18.75,18.4,18.4,48150070,0.0,0.0
2023-07-10 00:00:00+08:00,18.4,18.7,18.35,18.6,30312923,0.0,0.0
2023-07-11 00:00:00+08:00,18.9,19.35,18.9,19.25,63584927,0.0,0.0
2023-07-12 00:00:00+08:00,19.35,19.55,18.9,19.05,44773809,0.0,0.0
2023-07-13 00:00:00+08:00,19.25,19.35,19.0,19.05,28517080,0.0,0.0
2023-07-14 00:00:00+08:00,19.2,19.3,18.95,19.1,30720233,0.0,0.0
2023-07-17 00:00:00+08:00,19.15,19.5,19.1,19.45,39480175,0.0,0.0
2023-07-18 00:00:00+08:00,19.55,19.6,19.0,19.0,44179247,0.0,0.0
2023-07-19 00:00:00+08:00,19.1,19.2,18.65,18.85,40329595,0.0,0.0
2023-07-20 00:00:00+08:00,18.95,19.2,18.8,19.15,26278896,0.0,0.0
2023-07-21 00:00:00+08:00,19.2,19.4,19.0,19.2,43601490,0.0,0.0
2023-07-24 00:00:00+08:00,19.35,19.4,18.9,18.9,33728004,0.0,0.0
2023-07-25 00:00:00+08:00,19.1,19.3,19.0,19.15,29304145,0.0,0.0
2023-07-26 00:00:00+08:00,19.25,20.0,19.25,19.8,96983203,0.0,0.0
2023-07-27 00:00:00+08:00,19.9,21.65,19.6,21.4,282257902,0.0,0.0
2023-07-28 00:00:00+08:00,21.4,21.6,20.85,21.25,139241600,0.0,0.0
2023-07-31 00:00:00+08:00,21.5,21.55,20.6,20.7,83257966,0.0,0.0
2023-08-01 00:00:00+08:00,20.8,21.25,20.75,20.95,49221335,0.0,0.0
2023-08-02 00:00:00+08:00,20.8,21.0,20.2,20.5,60808082,0.0,0.0
2023-08-04 00:00:00+08:00,20.5,20.9,20.4,20.85,35919716,0.0,0.0
2023-08-07 00:00:00+08:00,20.75,20.8,20.2,20.4,45158068,0.0,0.0
2023-08-08 00:00:00+08:00,20.55,20.8,20.35,20.4,38519300,0.0,0.0
2023-08-09 00:00:00+08:00,20.6,20.6,20.3,20.4,35135396,0.0,0.0
2023-08-10 00:00:00+08:00,19.75,19.8,18.9,18.95,59826294,0.0,0.0
2023-08-11 00:00:00+08:00,19.0,19.05,18.5,18.5,32071056,0.0,0.0
2023-08-14 00:00:00+08:00,18.45,18.45,18.0,18.1,31863946,0.0,0.0
2023-08-15 00:00:00+08:00,18.4,18.8,18.35,18.5,36954908,0.0,0.0
2023-08-16 00:00:00+08:00,18.35,18.35,18.0,18.05,27719773,0.0,0.0
2023-08-17 00:00:00+08:00,17.9,18.0,17.55,17.9,32792287,0.0,0.0
2023-08-18 00:00:00+08:00,18.0,18.1,17.6,17.65,29435563,0.0,0.0
2023-08-21 00:00:00+08:00,17.7,17.9,17.7,17.8,11493688,0.0,0.0
2023-08-22 00:00:00+08:00,18.05,18.1,17.7,17.7,21325168,0.0,0.0
2023-08-23 00:00:00+08:00,17.85,18.0,17.75,17.8,12356193,0.0,0.0
2023-08-24 00:00:00+08:00,17.9,18.1,17.75,17.9,20975316,0.0,0.0
2023-08-25 00:00:00+08:00,17.75,17.85,17.7,17.7,15761105,0.0,0.0
2023-08-28 00:00:00+08:00,17.75,18.1,17.65,17.7,16802871,0.0,0.0
2023-08-29 00:00:00+08:00,17.85,17.9,17.7,17.75,11723709,0.0,0.0
2023-08-30 00:00:00+08:00,17.85,17.9,17.6,17.75,21452005,0.0,0.0
2023-08-31 00:00:00+08:00,17.85,18.1,17.75,17.8,39941211,0.0,0.0
2023-09-01 00:00:00+08:00,17.9,18.0,17.8,17.9,13231062,0.0,0.0
2023-09-04 00:00:00+08:00,17.9,17.95,17.4,17.45,39930381,0.0,0.0
2023-09-05 00:00:00+08:00,17.4,17.55,17.2,17.55,29786859,0.0,0.0
2023-09-06 00:00:00+08:00,16.95,17.1,16.8,16.85,109579638,0.0,0.0
2023-09-07 00:00:00+08:00,16.6,16.65,16.35,16.45,60626364,0.0,0.0
2023-09-08 00:00:00+08:00,16.45,16.7,16.35,16.55,47302366,0.0,0.0
2023-09-11 00:00:00+08:00,16.75,17.1,16.65,16.7,48180083,0.0,0.0
2023-09-12 00:00:00+08:00,16.7,16.9,16.45,16.85,35622555,0.0,0.0
2023-09-13 00:00:00+08:00,16.9,17.05,16.75,16.75,16514328,0.0,0.0
2023-09-14 00:00:00+08:00,16.85,16.95,16.8,16.95,12630307,0.0,0.0
2023-09-15 00:00:00+08:00,16.95,17.2,16.75,17.0,47863776,0.0,0.0
2023-09-18 00:00:00+08:00,16.9,17.15,16.9,17.0,11479776,0.0,0.0
2023-09-19 00:00:00+08:00,17.05,17.1,16.8,16.85,13296186,0.0,0.0
2023-09-20 00:00:00+08:00,16.85,16.85,16.65,16.7,17403495,0.0,0.0
2023-09-21 00:00:00+08:00,16.6,16.8,16.5,16.5,20626388,0.0,0.0
2023-09-22 00:00:00+08:00,16.45,16.7,16.45,16.65,11311066,0.0,0.0
2023-09-25 00:00:00+08:00,16.7,16.8,16.6,16.7,11830591,0.0,0.0
2023-09-26 00:00:00+08:00,16.65,16.7,16.45,16.45,15168474,0.0,0.0
2023-09-27 00:00:00+08:00,16.4,16.55,16.35,16.4,12113388,0.0,0.0
2023-09-28 00:00:00+08:00,16.45,16.5,16.4,16.4,11257469,0.0,0.0
2023-10-02 00:00:00+08:00,16.5,16.5,16.0,16.05,35787727,0.0,0.0
2023-10-03 00:00:00+08:00,16.8,17.2,16.2,16.2,104441002,0.0,0.0
2023-10-04 00:00:00+08:00,16.15,16.2,15.7,15.8,47364410,0.0,0.0
2023-10-05 00:00:00+08:00,15.75,16.1,15.75,15.95,24055160,0.0,0.0
2023-10-06 00:00:00+08:00,15.95,15.95,15.7,15.7,26297570,0.0,0.0
2023-10-11 00:00:00+08:00,15.7,15.8,15.5,15.6,31857871,0.0,0.0
2023-10-12 00:00:00+08:00,15.75,16.05,15.7,16.0,27900048,0.0,0.0
2023-10-13 00:00:00+08:00,16.0,16.15,15.75,16.1,21691156,0.0,0.0
2023-10-16 00:00:00+08:00,15.9,15.95,15.7,15.75,23448478,0.0,0.0
2023-10-17 00:00:00+08:00,15.85,15.9,15.7,15.7,20278183,0.0,0.0
2023-10-18 00:00:00+08:00,15.65,15.9,15.55,15.7,45047192,0.0,0.0
2023-10-19 00:00:00+08:00,15.6,15.75,15.35,15.4,23818957,0.0,0.0
2023-10-20 00:00:00+08:00,15.25,15.45,15.05,15.3,31146901,0.0,0.0
2023-10-23 00:00:00+08:00,15.15,15.25,15.0,15.0,34238076,0.0,0.0
2023-10-24 00:00:00+08:00,15.0,15.25,14.95,15.2,31215277,0.0,0.0
2023-10-25 00:00:00+08:00,15.4,15.85,15.35,15.75,59328862,0.0,0.0
2023-10-26 00:00:00+08:00,15.4,15.6,15.3,15.5,26493929,0.0,0.0
2023-10-27 00:00:00+08:00,15.5,15.6,15.35,15.35,25618970,0.0,0.0
2023-10-30 00:00:00+08:00,15.4,15.7,15.35,15.65,24472649,0.0,0.0
2023-10-31 00:00:00+08:00,15.75,15.9,15.45,15.6,31536183,0.0,0.0
2023-11-01 00:00:00+08:00,15.7,15.7,15.2,15.2,34253581,0.0,0.0
2023-11-02 00:00:00+08:00,15.3,16.0,15.3,15.9,48262553,0.0,0.0
2023-11-03 00:00:00+08:00,16.0,16.3,15.95,16.25,36917576,0.0,0.0
2023-11-06 00:00:00+08:00,16.35,16.45,16.15,16.3,24302780,0.0,0.0
2023-11-07 00:00:00+08:00,16.2,16.2,15.9,15.95,26554887,0.0,0.0
2023-11-08 00:00:00+08:00,15.8,16.05,15.8,15.9,21134163,0.0,0.0
2023-11-09 00:00:00+08:00,15.9,16.15,15.9,16.0,18974200,0.0,0.0
2023-11-10 00:00:00+08:00,15.85,15.9,15.7,15.8,13705714,0.0,0.0
2023-11-13 00:00:00+08:00,15.9,15.9,15.7,15.9,14957743,0.0,0.0
2023-11-14 00:00:00+08:00,15.95,15.95,15.75,15.9,14566482,0.0,0.0
2023-11-15 00:00:00+08:00,16.05,16.35,15.95,16.35,39700925,0.0,0.0
2023-11-16 00:00:00+08:00,16.45,16.5,16.25,16.5,24284746,0.0,0.0
2023-11-17 00:00:00+08:00,16.55,16.6,16.4,16.6,20999021,0.0,0.0
2023-11-20 00:00:00+08:00,16.6,16.8,16.35,16.4,25206370,0.0,0.0
2023-11-21 00:00:00+08:00,16.45,16.6,16.4,16.55,21053789,0.0,0.0
2023-11-22 00:00:00+08:00,16.4,16.5,16.25,16.3,16407273,0.0,0.0
2023-11-23 00:00:00+08:00,16.35,16.5,16.25,16.35,14198779,0.0,0.0
2023-11-24 00:00:00+08:00,16.45,16.55,16.3,16.45,14242795,0.0,0.0
2023-11-27 00:00:00+08:00,16.5,16.55,16.25,16.3,15779152,0.0,0.0
2023-11-28 00:00:00+08:00,16.4,16.75,16.35,16.7,38852351,0.0,0.0
2023-11-29 00:00:00+08:00,16.65,16.7,16.45,16.5,22880189,0.0,0.0
2023-11-30 00:00:00+08:00,16.5,16.5,16.2,16.35,50582179,0.0,0.0
2023-12-01 00:00:00+08:00,16.45,16.8,16.4,16.45,27948751,0.0,0.0
2023-12-04 00:00:00+08:00,16.75,17.25,16.75,16.85,66339665,0.0,0.0
2023-12-05 00:00:00+08:00,16.8,17.05,16.7,17.05,31923330,0.0,0.0
2023-12-06 00:00:00+08:00,16.95,17.0,16.6,16.65,28651188,0.0,0.0
2023-12-07 00:00:00+08:00,16.65,16.8,16.6,16.65,11945179,0.0,0.0
2023-12-08 00:00:00+08:00,16.75,16.8,16.55,16.6,14855769,0.0,0.0
2023-12-11 00:00:00+08:00,16.6,16.7,16.5,16.6,12937150,0.0,0.0
2023-12-12 00:00:00+08:00,16.6,16.65,16.2,16.2,27847701,0.0,0.0
2023-12-13 00:00:00+08:00,16.35,16.4,16.1,16.2,18464720,0.0,0.0
2023-12-14 00:00:00+08:00,16.3,16.4,16.15,16.25,17371456,0.0,0.0
2023-12-15 00:00:00+08:00,16.35,16.55,16.3,16.3,46741132,0.0,0.0
2023-12-18 00:00:00+08:00,16.3,16.4,16.2,16.3,26199204,0.0,0.0
2023-12-19 00:00:00+08:00,16.3,16.35,15.9,16.0,47992052,0.0,0.0
2023-12-20 00:00:00+08:00,16.05,16.6,16.0,16.5,45747164,0.0,0.0
2023-12-21 00:00:00+08:00,16.3,16.6,16.3,16.6,33395544,0.0,0.0
2023-12-22 00:00:00+08:00,16.65,17.4,16.65,17.0,88046156,0.0,0.0
2023-12-25 00:00:00+08:00,17.05,17.25,16.95,17.15,28810295,0.0,0.0
2023-12-26 00:00:00+08:00,17.25,18.0,17.25,18.0,106702180,0.0,0.0
2023-12-27 00:00:00+08:00,18.1,18.15,17.8,17.95,42923238,0.0,0.0
2023-12-28 00:00:00+08:00,18.05,18.15,17.9,18.1,33976455,0.0,0.0
2023-12-29 00:00:00+08:00,18.15,18.4,18.05,18.15,35081371,0.0,0.0
2024-01-02 00:00:00+08:00,18.3,18.5,18.15,18.35,30037607,0.0,0.0
2024-01-03 00:00:00+08:00,18.1,18.15,17.75,17.75,33487292,0.0,0.0
2024-01-04 00:00:00+08:00,17.75,18.0,17.7,17.95,22576388,0.0,0.0
2024-01-05 00:00:00+08:00,18.1,18.95,18.1,18.8,101728034,0.0,0.0
2024-01-08 00:00:00+08:00,19.35,19.7,18.9,19.2,132442119,0.0,0.0
2024-01-09 00:00:00+08:00,19.3,19.5,18.75,18.8,50921654,0.0,0.0
2024-01-10 00:00:00+08:00,18.8,18.8,18.25,18.35,38389817,0.0,0.0
2024-01-11 00:00:00+08:00,18.5,18.95,18.25,18.3,41143289,0.0,0.0
2024-01-12 00:00:00+08:00,18.35,18.6,18.2,18.25,21980106,0.0,0.0
2024-01-15 00:00:00+08:00,18.15,18.6,18.0,18.05,37599979,0.0,0.0
2024-01-16 00:00:00+08:00,18.0,18.55,17.9,18.45,51677735,0.0,0.0
2024-01-17 00:00:00+08:00,18.3,18.5,18.1,18.1,44980732,0.0,0.0
2024-01-18 00:00:00+08:00,18.3,18.95,18.15,18.25,100038137,0.0,0.0
2024-01-19 00:00:00+08:00,18.3,18.35,17.7,18.3,66542604,0.0,0.0
2024-01-22 00:00:00+08:00,18.4,18.65,18.1,18.35,43964746,0.0,0.0
2024-01-23 00:00:00+08:00,18.65,19.75,18.65,19.2,184277638,0.0,0.0
2024-01-24 00:00:00+08:00,19.1,19.4,18.85,18.95,68720210,0.0,0.0
2024-01-25 00:00:00+08:00,18.95,19.0,18.8,18.95,30692728,0.0,0.0
2024-01-26 00:00:00+08:00,19.05,19.3,18.8,19.0,41363783,0.0,0.0
2024-01-29 00:00:00+08:00,19.1,19.1,18.65,18.9,36643806,0.0,0.0
2024-01-30 00:00:00+08:00,18.95,18.95,18.5,18.5,32441927,0.0,0.0
2024-01-31 00:00:00+08:00,18.55,18.6,18.25,18.4,27382719,0.0,0.0
2024-02-01 00:00:00+08:00,18.45,18.6,17.65,17.8,71045990,0.0,0.0
2024-02-02 00:00:00+08:00,18.05,18.3,17.95,18.05,26829189,0.0,0.0
2024-02-05 00:00:00+08:00,17.9,18.15,17.7,18.05,26708082,0.0,0.0
2024-02-15 00:00:00+08:00,18.2,18.3,17.7,17.85,34986794,0.0,0.0
2024-02-16 00:00:00+08:00,17.9,18.05,17.8,17.9,18546339,0.0,0.0
2024-02-19 00:00:00+08:00,18.05,18.45,18.0,18.25,29512731,0.0,0.0
2024-02-20 00:00:00+08:00,18.35,18.4,18.1,18.1,16882712,0.0,0.0
2024-02-21 00:00:00+08:00,18.2,18.4,17.9,17.9,22630960,0.0,0.0
2024-02-22 00:00:00+08:00,18.05,18.05,17.8,17.8,14703107,0.0,0.0
2024-02-23 00:00:00+08:00,17.85,18.05,17.7,17.85,23027414,0.0,0.0
2024-02-26 00:00:00+08:00,17.85,17.85,17.55,17.55,19437032,0.0,0.0
2024-02-27 00:00:00+08:00,17.55,17.55,17.15,17.25,28767749,0.0,0.0
2024-02-29 00:00:00+08:00,17.2,17.5,17.15,17.5,27868019,0.0,0.0
2024-03-01 00:00:00+08:00,17.5,17.6,17.1,17.1,36319631,0.0,0.0
2024-03-04 00:00:00+08:00,17.15,17.4,17.05,17.3,23930606,0.0,0.0
2024-03-05 00:00:00+08:00,17.3,17.55,17.05,17.1,31956494,0.0,0.0
2024-03-06 00:00:00+08:00,17.15,17.3,17.1,17.1,20408180,0.0,0.0
2024-03-07 00:00:00+08:00,17.25,17.4,16.9,16.9,35604731,0.0,0.0
2024-03-08 00:00:00+08:00,16.9,17.0,16.7,16.75,30833750,0.0,0.0
2024-03-11 00:00:00+08:00,17.05,17.6,17.0,17.55,48807493,0.0,0.0
2024-03-12 00:00:00+08:00,17.65,18.0,17.5,18.0,47151148,0.0,0.0
2024-03-13 00:00:00+08:00,17.85,18.05,17.75,18.0,30057106,0.0,0.0
2024-03-14 00:00:00+08:00,17.9,18.15,17.9,18.15,31317217,0.0,0.0
2024-03-15 00:00:00+08:00,18.25,18.35,17.85,18.35,65359079,0.0,0.0
2024-03-18 00:00:00+08:00,18.2,18.2,17.75,17.85,28695828,0.0,0.0
2024-03-19 00:00:00+08:00,17.8,17.9,17.75,17.8,14838429,0.0,0.0
2024-03-20 00:00:00+08:00,17.9,18.0,17.7,17.85,24075591,0.0,0.0
2024-03-21 00:00:00+08:00,18.05,18.35,18.0,18.2,34805530,0.0,0.0
2024-03-22 00:00:00+08:00,18.35,18.5,18.1,18.4,40144350,0.0,0.0
2024-03-25 00:00:00+08:00,18.45,18.45,18.05,18.4,28156931,0.0,0.0
2024-03-26 00:00:00+08:00,18.35,18.45,18.0,18.1,20324589,0.0,0.0
2024-03-27 00:00:00+08:00,18.1,18.2,18.0,18.05,20060696,0.0,0.0
2024-03-28 00:00:00+08:00,18.05,18.2,18.0,18.1,14523919,0.0,0.0
2024-03-29 00:00:00+08:00,18.15,18.3,17.95,17.95,13291000,0.0,0.0
2024-04-01 00:00:00+08:00,18.0,18.3,17.95,18.2,17907311,0.0,0.0
2024-04-02 00:00:00+08:00,18.2,18.25,18.0,18.05,13723794,0.0,0.0
2024-04-03 00:00:00+08:00,18.0,18.0,17.65,17.7,36027993,0.0,0.0
2024-04-08 00:00:00+08:00,17.7,18.2,17.6,18.15,28144765,0.0,0.0
2024-04-09 00:00:00+08:00,18.3,18.95,18.05,18.9,101851018,0.0,0.0
2024-04-10 00:00:00+08:00,18.9,19.35,18.7,18.7,57015374,0.0,0.0
2024-04-11 00:00:00+08:00,18.7,18.7,18.0,18.15,57963305,0.0,0.0
2024-04-12 00:00:00+08:00,18.05,18.15,17.85,17.9,34384568,0.0,0.0
2024-04-15 00:00:00+08:00,17.85,18.15,17.85,17.9,26616964,0.0,0.0
2024-04-16 00:00:00+08:00,17.85,17.9,17.45,17.6,42860181,0.0,0.0
2024-04-17 00:00:00+08:00,17.7,17.8,17.5,17.55,31826872,0.0,0.0
2024-04-18 00:00:00+08:00,17.55,17.95,17.55,17.65,27209407,0.0,0.0
2024-04-19 00:00:00+08:00,17.5,17.85,16.9,17.15,57096231,0.0,0.0
2024-04-22 00:00:00+08:00,17.25,17.25,16.75,16.85,37900857,0.0,0.0
2024-04-23 00:00:00+08:00,17.25,17.8,17.2,17.35,52910743,0.0,0.0
2024-04-24 00:00:00+08:00,17.05,17.25,16.8,17.25,69869801,0.0,0.0
2024-04-25 00:00:00+08:00,17.25,17.6,17.25,17.45,45001139,0.0,0.0
2024-04-26 00:00:00+08:00,17.55,18.6,17.5,18.25,86564855,0.0,0.0
2024-04-29 00:00:00+08:00,18.4,18.55,18.25,18.4,44848845,0.0,0.0
2024-04-30 00:00:00+08:00,18.45,18.8,18.3,18.3,51925461,0.0,0.0
2024-05-02 00:00:00+08:00,18.15,18.2,17.5,17.9,64897659,0.0,0.0
2024-05-03 00:00:00+08:00,18.1,18.25,17.85,18.25,34659225,0.0,0.0
2024-05-06 00:00:00+08:00,18.2,18.25,18.0,18.0,25989234,0.0,0.0
2024-05-07 00:00:00+08:00,17.95,18.15,17.7,17.85,24920212,0.0,0.0
2024-05-08 00:00:00+08:00,17.85,17.95,17.7,17.7,17055226,0.0,0.0
2024-05-09 00:00:00+08:00,17.75,17.9,17.5,17.5,19223699,0.0,0.0
2024-05-10 00:00:00+08:00,17.6,17.6,17.15,17.5,32942047,0.0,0.0
2024-05-13 00:00:00+08:00,17.7,17.8,17.5,17.75,21979592,0.0,0.0
2024-05-14 00:00:00+08:00,17.8,17.9,17.7,17.75,12361379,0.0,0.0
2024-05-15 00:00:00+08:00,17.95,18.45,17.8,18.15,59651782,0.0,0.0
2024-05-16 00:00:00+08:00,18.3,18.7,18.05,18.6,77899551,0.0,0.0
2024-05-17 00:00:00+08:00,18.5,18.6,18.1,18.1,40435051,0.0,0.0
2024-05-20 00:00:00+08:00,18.25,18.5,18.2,18.2,39319569,0.0,0.0
2024-05-21 00:00:00+08:00,18.25,18.3,17.85,17.9,34399029,0.0,0.0
2024-05-22 00:00:00+08:00,18.0,19.0,17.95,18.4,111163561,0.0,0.0
2024-05-23 00:00:00+08:00,18.25,18.4,17.95,18.0,56331838,0.0,0.0
2024-05-24 00:00:00+08:00,17.95,18.2,17.85,18.2,22672030,0.0,0.0
2024-05-27 00:00:00+08:00,18.3,18.55,18.05,18.35,48505897,0.0,0.0
2024-05-28 00:00:00+08:00,18.35,18.35,18.05,18.3,38149069,0.0,0.0
2024-05-29 00:00:00+08:00,18.25,18.3,17.9,17.95,38511466,0.0,0.0
2024-05-30 00:00:00+08:00,17.85,18.45,17.8,18.0,40929360,0.0,0.0
2024-05-31 00:00:00+08:00,18.05,18.15,17.8,17.8,44630857,0.0,0.0
2024-06-03 00:00:00+08:00,18.0,18.1,17.8,17.8,21741972,0.0,0.0
2024-06-04 00:00:00+08:00,17.7,17.75,17.45,17.5,41474707,0.0,0.0
2024-06-05 00:00:00+08:00,17.5,17.7,17.5,17.5,16581361,0.0,0.0
2024-06-06 00:00:00+08:00,17.65,17.9,17.45,17.45,28423614,0.0,0.0
2024-06-07 00:00:00+08:00,17.55,18.05,17.55,18.05,41901563,0.0,0.0
2024-06-11 00:00:00+08:00,18.0,18.2,17.85,17.95,42442945,0.0,0.0
2024-06-12 00:00:00+08:00,18.0,18.1,17.65,17.65,36594838,0.0,0.0
2024-06-13 00:00:00+08:00,17.8,18.15,17.7,17.95,27693425,0.0,0.0
2024-06-14 00:00:00+08:00,18.0,18.3,17.8,18.3,46292940,0.0,0.0
2024-06-17 00:00:00+08:00,18.4,18.85,18.35,18.55,87750433,0.0,0.0
2024-06-18 00:00:00+08:00,18.55,18.6,18.25,18.45,34805183,0.0,0.0
2024-06-19 00:00:00+08:00,18.5,18.5,18.15,18.25,39404806,0.0,0.0
2024-06-20 00:00:00+08:00,18.25,18.4,18.15,18.15,29349892,0.0,0.0
2024-06-21 00:00:00+08:00,18.2,19.55,18.15,18.85,333846709,0.0,0.0
2024-06-24 00:00:00+08:00,18.95,19.0,18.35,18.35,153710000,0.0,0.0
2024-06-25 00:00:00+08:00,18.35,18.45,17.75,17.95,156912761,0.0,0.0
2024-06-26 00:00:00+08:00,17.95,18.05,17.55,17.7,147232219,0.0,0.0
2024-06-27 00:00:00+08:00,17.6,17.9,17.55,17.7,98738157,0.0,0.0
2024-06-28 00:00:00+08:00,17.85,18.0,17.8,17.8,23076723,0.0,0.0
2024-07-01 00:00:00+08:00,17.9,17.95,17.7,17.7,20073516,0.0,0.0
2024-07-02 00:00:00+08:00,17.65,17.7,17.55,17.6,22479031,0.0,0.0
2024-07-03 00:00:00+08:00,17.7,17.85,17.65,17.85,25693778,0.0,0.0
2024-07-04 00:00:00+08:00,18.0,18.15,17.9,18.0,51088031,0.0,0.0
2024-07-05 00:00:00+08:00,18.1,18.45,18.0,18.45,55250340,0.0,0.0
2024-07-08 00:00:00+08:00,18.45,18.45,18.1,18.4,39311329,0.0,0.0
2024-07-09 00:00:00+08:00,18.4,18.45,18.05,18.25,36893114,0.0,0.0
2024-07-10 00:00:00+08:00,18.35,18.7,18.25,18.65,82244056,0.0,0.0
2024-07-11 00:00:00+08:00,18.55,19.1,18.4,18.9,94460950,0.0,0.0
2024-07-12 00:00:00+08:00,18.85,20.1,18.85,19.75,204296867,0.0,0.0
2024-07-15 00:00:00+08:00,19.8,19.8,19.0,19.1,80408717,0.0,0.0
2024-07-16 00:00:00+08:00,19.1,19.25,18.9,18.9,23954629,0.0,0.0
2024-07-17 00:00:00+08:00,18.95,19.7,18.9,19.2,84006847,0.0,0.0
2024-07-18 00:00:00+08:00,19.1,19.35,18.85,19.15,50251044,0.0,0.0
2024-07-19 00:00:00+08:00,19.25,19.3,19.0,19.0,61782691,0.0,0.0
2024-07-22 00:00:00+08:00,19.2,19.25,18.4,18.4,58668650,0.0,0.0
2024-07-23 00:00:00+08:00,18.45,18.65,17.9,17.9,95557077,0.0,0.0
2024-07-25 00:00:00+08:00,17.9,17.9,17.9,17.9,0,0.0,0.0
2024-07-26 00:00:00+08:00,17.75,18.15,17.4,18.05,94615107,0.0,0.0
2024-07-29 00:00:00+08:00,18.15,18.3,17.75,17.8,43209970,0.0,0.0
2024-07-30 00:00:00+08:00,17.8,18.2,17.65,18.2,40433013,0.0,0.0
2024-07-31 00:00:00+08:00,18.15,18.55,17.85,17.85,58961127,0.0,0.0
2024-08-01 00:00:00+08:00,17.95,18.15,17.7,17.85,52760767,0.0,0.0
2024-08-02 00:00:00+08:00,17.8,17.9,17.6,17.75,56101923,0.0,0.0
2024-08-05 00:00:00+08:00,16.3,16.4,15.2,15.3,166966669,0.0,0.0
2024-08-06 00:00:00+08:00,15.45,15.6,14.4,14.75,92476833,0.0,0.0
2024-08-07 00:00:00+08:00,14.8,15.25,14.75,15.0,89561052,0.0,0.0
2024-08-08 00:00:00+08:00,14.95,15.3,14.75,15.05,36913155,0.0,0.0
2024-08-09 00:00:00+08:00,15.15,15.65,15.15,15.6,40134106,0.0,0.0
