Date,Open,High,Low,Close,Volume,Dividends,Stock Splits
2000-01-04 00:00:00+08:00,24.21,24.65,23.04,23.19,4612866,0.0,0.0
2000-01-05 00:00:00+08:00,22.6,23.19,21.57,23.19,9254940,0.0,0.0
2000-01-06 00:00:00+08:00,23.19,24.21,23.04,24.07,7131089,0.0,0.0
2000-01-07 00:00:00+08:00,23.92,24.36,22.89,24.36,3744752,0.0,0.0
2000-01-10 00:00:00+08:00,24.65,25.97,24.65,25.97,6645808,0.0,0.0
2000-01-11 00:00:00+08:00,27.29,27.74,26.71,27.74,3726303,0.0,0.0
2000-01-12 00:00:00+08:00,29.64,29.64,28.47,29.64,4001050,0.0,0.0
2000-01-13 00:00:00+08:00,31.7,31.7,31.7,31.7,1140624,0.0,0.0
2000-01-14 00:00:00+08:00,33.9,33.9,29.79,30.08,7290037,0.0,0.0
2000-01-17 00:00:00+08:00,32.58,34.34,32.58,34.34,5094633,0.0,0.0
2000-01-18 00:00:00+08:00,35.51,36.69,35.51,36.69,4293830,0.0,0.0
2000-01-19 00:00:00+08:00,36.69,39.18,34.34,36.98,6043978,0.0,0.0
2000-01-20 00:00:00+08:00,36.98,36.98,34.63,35.81,2847951,0.0,0.0
2000-01-21 00:00:00+08:00,35.81,36.1,34.78,35.51,2432774,0.0,0.0
2000-01-24 00:00:00+08:00,36.69,36.69,33.75,36.25,4186978,0.0,0.0
2000-01-25 00:00:00+08:00,35.22,38.74,35.22,38.74,6242030,0.0,0.0
2000-01-26 00:00:00+08:00,41.38,41.38,38.74,39.62,6919896,0.0,0.0
2000-01-27 00:00:00+08:00,38.45,39.62,38.45,38.74,1959617,0.0,0.0
2000-01-28 00:00:00+08:00,38.74,40.5,37.57,40.21,5981043,0.0,0.0
2000-01-31 00:00:00+08:00,42.56,45.2,41.09,44.61,6586482,0.0,0.0
2000-02-01 00:00:00+08:00,45.78,47.55,45.49,47.55,5788215,0.0,0.0
2000-02-02 00:00:00+08:00,47.55,47.55,47.55,47.55,0,0.0,0.0
2000-02-09 00:00:00+08:00,50.77,50.77,49.31,50.77,2322725,0.0,0.0
2000-02-10 00:00:00+08:00,51.65,54.3,51.36,54.3,3254176,0.0,0.0
2000-02-11 00:00:00+08:00,57.82,57.82,52.83,55.76,5004238,0.0,0.0
2000-02-14 00:00:00+08:00,52.83,55.76,51.95,51.95,4768648,0.0,0.0
2000-02-15 00:00:00+08:00,51.95,55.47,51.95,54.3,6429617,0.0,0.0
2000-02-16 00:00:00+08:00,55.47,55.47,53.12,54.0,2432344,0.0,0.0
2000-02-17 00:00:00+08:00,54.3,56.35,54.3,54.88,4992827,0.0,0.0
2000-02-18 00:00:00+08:00,55.47,56.64,53.12,54.88,3095413,0.0,0.0
2000-02-21 00:00:00+08:00,61.63,62.81,59.87,61.34,4005419,0.0,0.0
2000-02-22 00:00:00+08:00,61.05,63.1,57.23,63.1,8080505,0.0,0.0
2000-02-23 00:00:00+08:00,63.98,67.5,63.98,67.5,8265919,0.0,0.0
2000-02-24 00:00:00+08:00,67.8,68.97,63.69,67.5,7624356,0.0,0.0
2000-02-25 00:00:00+08:00,64.27,67.21,62.81,62.81,2319652,0.0,0.0
2000-02-28 00:00:00+08:00,62.81,62.81,62.81,62.81,0,0.0,0.0
2000-02-29 00:00:00+08:00,62.81,62.81,58.7,58.7,4375473,0.0,0.0
2000-03-01 00:00:00+08:00,58.11,62.81,57.23,62.51,7850249,0.0,0.0
2000-03-02 00:00:00+08:00,57.23,59.29,54.88,56.35,5711388,0.0,0.0
2000-03-03 00:00:00+08:00,56.35,58.11,55.47,57.82,3464031,0.0,0.0
2000-03-06 00:00:00+08:00,60.17,63.69,59.87,63.69,5890596,0.0,0.0
2000-03-07 00:00:00+08:00,64.57,67.5,59.29,60.46,8192963,0.0,0.0
2000-03-08 00:00:00+08:00,60.46,62.81,57.82,62.81,8270326,0.0,0.0
2000-03-09 00:00:00+08:00,62.81,64.27,60.75,62.51,7432960,0.0,0.0
2000-03-10 00:00:00+08:00,61.63,61.63,58.41,58.41,6223446,0.0,0.0
2000-03-13 00:00:00+08:00,54.59,54.59,54.59,54.59,628394,0.0,0.0
2000-03-14 00:00:00+08:00,50.77,50.77,50.77,50.77,2415819,0.0,0.0
2000-03-15 00:00:00+08:00,48.43,54.3,48.43,48.72,4970257,0.0,0.0
2000-03-16 00:00:00+08:00,45.49,47.55,45.49,46.67,4963529,0.0,0.0
2000-03-17 00:00:00+08:00,46.96,49.89,46.96,48.43,4934802,0.0,0.0
2000-03-20 00:00:00+08:00,46.96,48.43,46.96,48.43,10323476,0.0,0.0
2000-03-21 00:00:00+08:00,49.01,51.65,49.01,51.65,1718408,0.0,0.0
2000-03-22 00:00:00+08:00,55.18,55.18,55.18,55.18,2557791,0.0,0.0
2000-03-23 00:00:00+08:00,58.99,58.99,58.99,58.99,1944906,0.0,0.0
2000-03-24 00:00:00+08:00,63.1,63.1,60.17,63.1,15143053,0.0,0.0
2000-03-27 00:00:00+08:00,63.1,67.5,61.63,67.5,8555240,0.0,0.0
2000-03-28 00:00:00+08:00,68.97,68.97,63.1,67.5,6943950,0.0,0.0
2000-03-29 00:00:00+08:00,65.16,72.2,63.69,71.91,8238685,0.0,0.0
2000-03-30 00:00:00+08:00,70.44,73.37,69.85,69.85,3496540,0.0,0.0
2000-03-31 00:00:00+08:00,65.45,68.97,65.45,66.92,3394582,0.0,0.0
2000-04-03 00:00:00+08:00,66.92,66.92,66.92,66.92,0,0.0,0.0
2000-04-05 00:00:00+08:00,70.73,76.01,70.73,73.37,5048084,0.0,0.0
2000-04-06 00:00:00+08:00,73.37,73.37,68.38,70.14,3597290,0.0,0.0
2000-04-07 00:00:00+08:00,69.85,74.84,69.85,73.96,4656691,0.0,0.0
2000-04-10 00:00:00+08:00,81.88,84.23,80.71,84.23,6339780,0.0,0.0
2000-04-11 00:00:00+08:00,90.1,90.1,88.05,90.1,6399708,0.0,0.0
2000-04-12 00:00:00+08:00,96.27,96.27,89.52,96.27,13371808,0.0,0.0
2000-04-13 00:00:00+08:00,89.81,90.4,89.81,89.81,4633325,0.0,0.0
2000-04-14 00:00:00+08:00,83.65,83.65,83.65,83.65,2758156,0.0,0.0
2000-04-17 00:00:00+08:00,72.79,79.24,72.79,79.24,11750937,0.0,0.0
2000-04-18 00:00:00+08:00,82.18,83.35,73.96,73.96,8429463,0.0,0.0
2000-04-19 00:00:00+08:00,74.84,74.84,68.97,68.97,8372632,0.0,0.0
2000-04-20 00:00:00+08:00,65.45,73.67,64.57,72.2,12691042,0.0,0.0
2000-04-21 00:00:00+08:00,71.61,71.61,68.38,68.38,4946435,0.0,0.0
2000-04-24 00:00:00+08:00,68.38,68.38,63.69,63.69,2496716,0.0,0.0
2000-04-25 00:00:00+08:00,59.29,66.92,59.29,64.86,7103491,0.0,0.0
2000-04-26 00:00:00+08:00,66.04,66.04,60.46,60.46,5073935,0.0,0.0
2000-04-27 00:00:00+08:00,59.29,61.34,56.64,57.52,5391829,0.0,0.0
2000-04-28 00:00:00+08:00,59.29,61.34,58.99,61.34,3460806,0.0,0.0
2000-05-01 00:00:00+08:00,61.34,61.34,61.34,61.34,0,0.0,0.0
2000-05-02 00:00:00+08:00,68.97,69.85,66.04,66.04,9272278,0.0,0.0
2000-05-03 00:00:00+08:00,65.74,67.5,61.63,63.39,5764066,0.0,0.0
2000-05-04 00:00:00+08:00,63.1,64.86,58.99,58.99,5638834,0.0,0.0
2000-05-05 00:00:00+08:00,56.06,63.1,56.06,63.1,4425387,0.0,0.0
2000-05-08 00:00:00+08:00,66.04,66.04,62.81,65.16,2767254,0.0,0.0
2000-05-09 00:00:00+08:00,65.16,65.16,65.16,65.16,0,0.0,0.0
2000-05-10 00:00:00+08:00,68.09,69.26,65.74,67.21,4562526,0.0,0.0
2000-05-11 00:00:00+08:00,65.16,65.16,62.51,62.51,5055597,0.0,0.0
2000-05-12 00:00:00+08:00,62.51,63.1,58.41,59.58,11425241,0.0,0.0
2000-05-15 00:00:00+08:00,59.58,60.75,55.47,55.47,4694318,0.0,0.0
2000-05-16 00:00:00+08:00,55.47,58.11,52.83,56.94,4758701,0.0,0.0
2000-05-17 00:00:00+08:00,58.11,60.75,58.11,60.75,4674404,0.0,0.0
2000-05-18 00:00:00+08:00,61.93,64.27,58.7,64.27,5872797,0.0,0.0
2000-05-19 00:00:00+08:00,63.39,66.04,62.22,65.16,4087231,0.0,0.0
2000-05-22 00:00:00+08:00,63.98,64.27,59.29,59.87,3037229,0.0,0.0
2000-05-23 00:00:00+08:00,59.29,59.29,55.76,55.76,4004073,0.0,0.0
2000-05-24 00:00:00+08:00,51.95,55.76,51.95,52.83,2835113,0.0,0.0
2000-05-25 00:00:00+08:00,55.18,55.18,49.31,49.31,3200920,0.0,0.0
2000-05-26 00:00:00+08:00,47.55,49.6,47.55,49.31,4175366,0.0,0.0
2000-05-29 00:00:00+08:00,50.19,52.54,50.19,52.24,2698419,0.0,0.0
2000-05-30 00:00:00+08:00,52.24,52.24,52.24,52.24,0,0.0,0.0
2000-05-31 00:00:00+08:00,52.83,53.12,51.36,53.12,5173642,0.0,0.0
2000-06-01 00:00:00+08:00,53.12,54.0,51.36,52.24,2554137,0.0,0.0
2000-06-02 00:00:00+08:00,53.42,54.0,49.6,51.36,8764758,0.0,0.0
2000-06-05 00:00:00+08:00,50.19,50.77,47.25,47.25,10058933,0.0,0.0
2000-06-06 00:00:00+08:00,47.25,47.25,47.25,47.25,0,0.0,0.0
2000-06-07 00:00:00+08:00,47.25,50.48,47.25,50.48,8857330,0.0,0.0
2000-06-08 00:00:00+08:00,52.24,54.0,51.65,54.0,6030011,0.0,0.0
2000-06-09 00:00:00+08:00,55.76,57.23,52.83,56.94,12976124,0.0,0.0
2000-06-12 00:00:00+08:00,56.94,56.94,54.59,55.18,3859555,0.0,0.0
2000-06-13 00:00:00+08:00,54.3,58.99,53.71,58.99,9556765,0.0,0.0
2000-06-14 00:00:00+08:00,60.17,62.81,59.58,60.75,11071614,0.0,0.0
2000-06-15 00:00:00+08:00,60.75,60.75,57.52,57.52,4153380,0.0,0.0
2000-06-16 00:00:00+08:00,58.11,58.7,55.76,57.23,4336347,0.0,0.0
2000-06-19 00:00:00+08:00,54.0,54.0,50.77,51.65,5746299,0.0,0.0
2000-06-20 00:00:00+08:00,55.18,55.18,51.65,52.83,9781306,0.0,0.0
2000-06-21 00:00:00+08:00,52.24,53.42,51.36,52.54,3688904,0.0,0.0
2000-06-22 00:00:00+08:00,54.88,54.88,51.95,52.54,7505933,0.0,0.0
2000-06-23 00:00:00+08:00,52.83,53.71,51.65,51.95,5958393,0.0,0.0
2000-06-26 00:00:00+08:00,51.65,51.95,48.43,48.43,7138918,0.0,0.0
2000-06-27 00:00:00+08:00,49.31,49.89,47.25,47.55,6499555,0.0,0.0
2000-06-28 00:00:00+08:00,47.55,48.72,45.78,48.72,5212174,0.0,0.0
2000-06-29 00:00:00+08:00,48.72,49.6,47.55,48.72,3826561,0.0,0.0
2000-06-30 00:00:00+08:00,48.72,49.6,47.25,49.6,4431912,0.0,0.0
2000-07-03 00:00:00+08:00,49.6,49.6,49.6,49.6,0,0.0,0.0
2000-07-14 00:00:00+08:00,49.6,49.6,49.6,49.6,0,0.0,1.3
2000-07-17 00:00:00+08:00,64.48,64.48,64.48,64.48,0,0.0,0.0
2001-08-01 00:00:00+08:00,68.75,68.75,68.75,68.75,0,0.0,1.17
2001-08-02 00:00:00+08:00,68.75,68.75,68.75,68.75,0,0.0,0.0
2001-09-21 00:00:00+08:00,15.19,15.19,15.19,15.19,192705,0.0,0.0
2001-09-24 00:00:00+08:00,15.19,15.19,15.19,15.19,0,0.0,0.0
2001-09-25 00:00:00+08:00,15.19,15.33,13.66,13.66,4003982,0.0,0.0
2001-09-26 00:00:00+08:00,13.66,14.59,13.39,14.59,3215662,0.0,0.0
2001-09-27 00:00:00+08:00,14.39,15.19,13.99,14.66,3531289,0.0,0.0
2001-09-28 00:00:00+08:00,14.66,14.66,14.66,14.66,0,0.0,0.0
2001-10-02 00:00:00+08:00,15.66,15.66,14.59,14.59,2897636,0.0,0.0
2001-10-03 00:00:00+08:00,13.79,14.46,13.66,13.79,2546008,0.0,0.0
2001-10-04 00:00:00+08:00,14.53,14.53,12.86,12.86,4090905,0.0,0.0
2001-10-05 00:00:00+08:00,12.19,12.86,11.99,12.46,2451871,0.0,0.0
2001-10-08 00:00:00+08:00,11.66,12.33,11.6,11.6,1152136,0.0,0.0
2001-10-09 00:00:00+08:00,11.0,12.33,11.0,12.19,3019717,0.0,0.0
2001-10-10 00:00:00+08:00,12.19,12.19,12.19,12.19,0,0.0,0.0
2001-10-11 00:00:00+08:00,12.86,12.99,12.66,12.99,2109033,0.0,0.0
2001-10-12 00:00:00+08:00,13.86,13.86,13.46,13.86,5067976,0.0,0.0
2001-10-15 00:00:00+08:00,13.59,13.66,13.06,13.13,1954737,0.0,0.0
2001-10-16 00:00:00+08:00,13.26,13.99,13.26,13.99,2453117,0.0,0.0
2001-10-17 00:00:00+08:00,14.53,14.93,14.39,14.93,6878686,0.0,0.0
2001-10-18 00:00:00+08:00,13.93,14.86,13.93,14.66,2360541,0.0,0.0
2001-10-19 00:00:00+08:00,14.39,15.59,14.13,15.13,4302978,0.0,0.0
2001-10-22 00:00:00+08:00,15.46,16.13,15.13,16.13,3418484,0.0,0.0
2001-10-23 00:00:00+08:00,16.59,17.19,16.06,16.06,5693626,0.0,0.0
2001-10-24 00:00:00+08:00,15.86,16.73,15.86,16.39,4112124,0.0,0.0
2001-10-25 00:00:00+08:00,16.59,16.66,16.06,16.13,2557610,0.0,0.0
2001-10-26 00:00:00+08:00,16.33,16.99,15.99,15.99,4939837,0.0,0.0
2001-10-29 00:00:00+08:00,15.99,16.19,15.59,15.73,2985701,0.0,0.0
2001-10-30 00:00:00+08:00,15.06,15.53,14.66,14.66,3105741,0.0,0.0
2001-10-31 00:00:00+08:00,14.66,15.33,14.46,14.73,3573254,0.0,0.0
2001-11-01 00:00:00+08:00,15.13,15.19,14.79,14.99,1968700,0.0,0.0
2001-11-02 00:00:00+08:00,15.53,15.99,15.19,15.73,7473490,0.0,0.0
2001-11-05 00:00:00+08:00,15.79,16.79,15.39,16.79,7451109,0.0,0.0
2001-11-06 00:00:00+08:00,17.46,17.93,17.06,17.13,11198871,0.0,0.0
2001-11-07 00:00:00+08:00,17.59,18.06,17.26,17.79,7495653,0.0,0.0
2001-11-08 00:00:00+08:00,17.99,18.33,16.59,16.86,7395879,0.0,0.0
2001-11-09 00:00:00+08:00,16.86,16.86,16.86,16.86,0,0.0,0.0
2001-11-12 00:00:00+08:00,16.06,16.93,16.06,16.93,4503173,0.0,0.0
2001-11-13 00:00:00+08:00,17.33,18.06,17.06,17.99,11195274,0.0,0.0
2001-11-14 00:00:00+08:00,18.66,19.19,18.26,19.19,9415175,0.0,0.0
2001-11-15 00:00:00+08:00,19.39,20.52,19.39,20.52,11841608,0.0,0.0
2001-11-16 00:00:00+08:00,21.92,21.92,21.39,21.92,8532011588,0.0,0.0
2001-11-19 00:00:00+08:00,23.12,23.46,22.86,23.46,5504515,0.0,0.0
2001-11-20 00:00:00+08:00,25.06,25.06,22.66,22.72,18690077,0.0,0.0
2001-11-21 00:00:00+08:00,22.32,24.26,22.06,24.26,15849619,0.0,0.0
2001-11-22 00:00:00+08:00,24.19,24.99,22.66,23.99,18314187,0.0,0.0
2001-11-23 00:00:00+08:00,23.99,24.12,22.92,23.92,7339269,0.0,0.0
2001-11-26 00:00:00+08:00,24.26,25.59,24.12,24.92,10332329,0.0,0.0
2001-11-27 00:00:00+08:00,25.19,25.39,23.19,23.59,9394428,0.0,0.0
2001-11-28 00:00:00+08:00,23.19,23.99,22.32,22.32,6276154,0.0,0.0
2001-11-29 00:00:00+08:00,21.99,22.26,21.19,21.99,5433790,0.0,0.0
2001-11-30 00:00:00+08:00,22.32,22.99,21.66,21.92,7887797,0.0,0.0
2001-12-03 00:00:00+08:00,22.66,23.46,22.39,23.26,7967305,0.0,0.0
2001-12-04 00:00:00+08:00,22.86,24.86,22.46,24.86,16746379,0.0,0.0
2001-12-05 00:00:00+08:00,26.59,26.59,26.59,26.59,8986066,0.0,0.0
2001-12-06 00:00:00+08:00,28.39,28.39,28.39,28.39,4017526,0.0,0.0
2001-12-07 00:00:00+08:00,28.99,30.32,28.25,30.32,24561649,0.0,0.0
2001-12-10 00:00:00+08:00,30.32,30.99,29.32,29.32,15523556,0.0,0.0
2001-12-11 00:00:00+08:00,27.99,29.32,27.99,28.65,8265634,0.0,0.0
2001-12-12 00:00:00+08:00,29.65,30.39,29.19,29.92,14412246,0.0,0.0
2001-12-13 00:00:00+08:00,29.92,31.99,28.59,29.65,23903045,0.0,0.0
2001-12-14 00:00:00+08:00,29.52,30.52,29.32,29.92,11311471,0.0,0.0
2001-12-17 00:00:00+08:00,29.85,29.92,27.86,27.86,7570083,0.0,0.0
2001-12-18 00:00:00+08:00,27.99,28.85,25.92,26.32,9326313,0.0,0.0
2001-12-19 00:00:00+08:00,26.99,27.06,24.66,25.19,8123991647,0.0,0.0
2001-12-20 00:00:00+08:00,25.32,26.32,24.12,26.19,13047846,0.0,0.0
2001-12-21 00:00:00+08:00,25.39,26.12,24.39,24.39,5962214,0.0,0.0
2001-12-24 00:00:00+08:00,24.79,25.66,24.39,25.19,6805021,0.0,0.0
2001-12-25 00:00:00+08:00,25.59,26.92,25.19,26.92,9221814,0.0,0.0
2001-12-26 00:00:00+08:00,26.92,28.79,26.92,27.79,23064086,0.0,0.0
2001-12-27 00:00:00+08:00,28.39,29.72,27.52,28.92,31166509,0.0,0.0
2001-12-28 00:00:00+08:00,29.72,30.52,28.65,28.65,16092295,0.0,0.0
2001-12-31 00:00:00+08:00,28.99,29.99,28.65,29.32,14079736,0.0,0.0
2002-01-01 00:00:00+08:00,29.32,29.32,29.32,29.32,0,0.0,0.0
2002-01-02 00:00:00+08:00,29.45,30.25,28.79,28.99,15360115,0.0,0.0
2002-01-03 00:00:00+08:00,28.99,28.99,28.99,28.99,0,0.0,0.0
2002-01-04 00:00:00+08:00,28.05,28.45,27.52,27.66,11110349,0.0,0.0
2002-01-07 00:00:00+08:00,27.86,28.79,27.86,28.65,9852251,0.0,0.0
2002-01-08 00:00:00+08:00,28.65,30.45,28.65,29.65,19307895,0.0,0.0
2002-01-09 00:00:00+08:00,30.45,31.72,29.99,31.72,32169616,0.0,0.0
2002-01-10 00:00:00+08:00,31.59,31.59,29.99,30.32,14631644936,0.0,0.0
2002-01-11 00:00:00+08:00,30.39,30.92,28.25,28.25,9349842,0.0,0.0
2002-01-14 00:00:00+08:00,26.72,27.59,26.32,26.32,4899541,0.0,0.0
2002-01-15 00:00:00+08:00,25.99,27.32,25.92,26.79,9752878,0.0,0.0
2002-01-16 00:00:00+08:00,27.32,27.66,26.32,26.72,9266690,0.0,0.0
2002-01-17 00:00:00+08:00,26.32,27.86,26.12,27.52,12420095,0.0,0.0
2002-01-18 00:00:00+08:00,27.72,28.32,26.99,27.26,9419573,0.0,0.0
2002-01-21 00:00:00+08:00,27.26,28.85,27.06,28.45,12857694,0.0,0.0
2002-01-22 00:00:00+08:00,28.59,28.85,27.66,27.79,8988063,0.0,0.0
2002-01-23 00:00:00+08:00,27.79,28.85,26.66,26.66,16107761,0.0,0.0
2002-01-24 00:00:00+08:00,26.72,27.12,25.72,26.32,10976665,0.0,0.0
2002-01-25 00:00:00+08:00,26.99,27.06,26.46,26.79,11205142,0.0,0.0
2002-01-28 00:00:00+08:00,27.06,27.66,26.79,26.99,9808329,0.0,0.0
2002-01-29 00:00:00+08:00,27.32,27.32,26.26,26.26,5794927,0.0,0.0
2002-01-30 00:00:00+08:00,25.39,26.26,25.39,25.79,3893893,0.0,0.0
2002-01-31 00:00:00+08:00,25.79,25.79,25.79,25.79,0,0.0,0.0
2002-02-01 00:00:00+08:00,25.66,26.19,24.66,24.86,5836414,0.0,0.0
2002-02-04 00:00:00+08:00,24.99,25.12,24.06,24.39,3235950,0.0,0.0
2002-02-05 00:00:00+08:00,24.26,24.39,23.99,24.19,2249998,0.0,0.0
2002-02-06 00:00:00+08:00,24.19,25.32,24.19,25.19,5590109,0.0,0.0
2002-02-07 00:00:00+08:00,25.19,25.19,25.19,25.19,0,0.0,0.0
2002-02-18 00:00:00+08:00,25.92,26.59,25.39,25.86,8163360,0.0,0.0
2002-02-19 00:00:00+08:00,26.32,26.99,25.79,25.92,9533028,0.0,0.0
2002-02-20 00:00:00+08:00,25.92,26.46,24.46,24.46,6106752,0.0,0.0
2002-02-21 00:00:00+08:00,24.72,24.86,23.99,24.06,4501957,0.0,0.0
2002-02-22 00:00:00+08:00,22.39,22.39,22.39,22.39,1033237,0.0,0.0
2002-02-25 00:00:00+08:00,20.86,20.86,20.86,20.86,342450,0.0,0.0
2002-02-26 00:00:00+08:00,19.46,20.86,19.46,19.92,14577276,0.0,0.0
2002-02-27 00:00:00+08:00,19.73,21.26,19.59,21.26,9392380,0.0,0.0
2002-02-28 00:00:00+08:00,21.26,21.26,21.26,21.26,0,0.0,0.0
2002-03-01 00:00:00+08:00,21.79,22.26,20.99,21.26,15097527,0.0,0.0
2002-03-04 00:00:00+08:00,21.99,22.72,21.99,22.72,7626788,0.0,0.0
2002-03-05 00:00:00+08:00,23.86,24.26,23.59,24.26,4311680,0.0,0.0
2002-03-06 00:00:00+08:00,24.39,24.66,23.32,24.52,8940305,0.0,0.0
2002-03-07 00:00:00+08:00,24.66,25.52,23.99,25.06,9453054653,0.0,0.0
2002-03-08 00:00:00+08:00,25.39,26.59,25.12,25.32,9128199,0.0,0.0
2002-03-11 00:00:00+08:00,26.26,27.06,26.12,26.92,16172242,0.0,0.0
2002-03-12 00:00:00+08:00,26.92,27.32,25.99,25.99,8394549,0.0,0.0
2002-03-13 00:00:00+08:00,25.66,26.19,24.72,25.12,6174815,0.0,0.0
2002-03-14 00:00:00+08:00,24.52,24.86,24.32,24.72,4268572,0.0,0.0
2002-03-15 00:00:00+08:00,24.72,25.32,24.32,24.32,6344705,0.0,0.0
2002-03-18 00:00:00+08:00,24.86,24.99,23.99,24.86,3747494,0.0,0.0
2002-03-19 00:00:00+08:00,24.92,25.32,24.66,24.72,4672950,0.0,0.0
2002-03-20 00:00:00+08:00,24.59,24.99,23.32,24.79,9312914,0.0,0.0
2002-03-21 00:00:00+08:00,24.12,25.32,24.12,24.99,6851218,0.0,0.0
2002-03-22 00:00:00+08:00,25.59,25.59,24.39,24.39,5562033,0.0,0.0
2002-03-25 00:00:00+08:00,24.46,24.86,24.32,24.46,4515068,0.0,0.0
2002-03-26 00:00:00+08:00,24.46,24.86,24.32,24.32,3633700,0.0,0.0
2002-03-27 00:00:00+08:00,24.39,24.66,23.66,23.66,3242641715,0.0,0.0
2002-03-28 00:00:00+08:00,23.66,23.99,23.32,23.32,2693213,0.0,0.0
2002-03-29 00:00:00+08:00,23.39,24.66,23.39,24.59,4305264,0.0,0.0
2002-04-01 00:00:00+08:00,24.86,26.26,24.79,26.26,5159210,0.0,0.0
2002-04-02 00:00:00+08:00,28.05,28.05,27.66,28.05,18899949,0.0,0.0
2002-04-03 00:00:00+08:00,28.65,29.92,28.59,29.12,14956702,0.0,0.0
2002-04-04 00:00:00+08:00,27.99,29.05,27.79,27.99,6841338,0.0,0.0
2002-04-05 00:00:00+08:00,27.99,27.99,27.99,27.99,0,0.0,0.0
2002-04-08 00:00:00+08:00,27.99,28.65,27.12,27.32,3179511,0.0,0.0
2002-04-09 00:00:00+08:00,27.99,27.99,26.72,26.92,2446516,0.0,0.0
2002-04-10 00:00:00+08:00,26.66,28.52,26.06,27.99,3018173,0.0,0.0
2002-04-11 00:00:00+08:00,27.99,29.92,27.66,29.25,17503632,0.0,0.0
2002-04-12 00:00:00+08:00,28.72,29.45,28.45,29.25,10439151,0.0,0.0
2002-04-15 00:00:00+08:00,29.99,31.12,29.85,30.32,12025170,0.0,0.0
2002-04-16 00:00:00+08:00,30.85,30.92,29.45,29.72,5518220,0.0,0.0
2002-04-17 00:00:00+08:00,30.52,30.85,29.39,30.39,10101907,0.0,0.0
2002-04-18 00:00:00+08:00,30.79,30.79,29.52,29.65,3842907,0.0,0.0
2002-04-19 00:00:00+08:00,29.65,29.99,28.65,28.99,3606269,0.0,0.0
2002-04-22 00:00:00+08:00,29.32,30.99,29.25,30.92,9536617,0.0,0.0
2002-04-23 00:00:00+08:00,30.79,30.79,29.65,29.99,5301457,0.0,0.0
2002-04-24 00:00:00+08:00,30.45,30.85,29.92,30.12,9296229,0.0,0.0
2002-04-25 00:00:00+08:00,29.99,29.99,28.72,28.85,5713613,0.0,0.0
2002-04-26 00:00:00+08:00,29.19,29.45,28.72,28.92,3846228,0.0,0.0
2002-04-29 00:00:00+08:00,28.99,29.39,28.39,28.65,3142712,0.0,0.0
2002-04-30 00:00:00+08:00,28.65,28.65,26.66,27.26,3909170,0.0,0.0
2002-05-01 00:00:00+08:00,27.26,27.26,27.26,27.26,0,0.0,0.0
2002-05-02 00:00:00+08:00,27.39,27.52,25.39,25.39,3447949,0.0,0.0
2002-05-03 00:00:00+08:00,23.99,24.92,23.66,24.59,3616115,0.0,0.0
2002-05-06 00:00:00+08:00,23.92,23.92,22.92,22.92,1453248,0.0,0.0
2002-05-07 00:00:00+08:00,21.32,23.26,21.32,22.79,6926507,0.0,0.0
2002-05-08 00:00:00+08:00,23.66,23.72,22.66,23.12,5831206,0.0,0.0
2002-05-09 00:00:00+08:00,24.72,24.72,24.19,24.72,11563516,0.0,0.0
2002-05-10 00:00:00+08:00,24.46,25.26,23.19,24.92,4949148,0.0,0.0
2002-05-13 00:00:00+08:00,24.19,24.52,23.99,23.99,1777611,0.0,0.0
2002-05-14 00:00:00+08:00,24.39,25.06,24.39,24.66,4046623696,0.0,0.0
2002-05-15 00:00:00+08:00,25.19,26.32,24.99,26.32,7064039,0.0,0.0
2002-05-16 00:00:00+08:00,26.32,26.92,26.06,26.26,5292931,0.0,0.0
2002-05-17 00:00:00+08:00,26.32,26.99,25.39,25.39,6329658,0.0,0.0
2002-05-20 00:00:00+08:00,24.66,25.06,23.79,24.06,3328035808,0.0,0.0
2002-05-21 00:00:00+08:00,23.32,24.66,23.32,24.32,4481359,0.0,0.0
2002-05-22 00:00:00+08:00,24.66,25.26,24.46,24.59,3669393588,0.0,0.0
2002-05-23 00:00:00+08:00,24.66,24.99,24.32,24.59,3288031628,0.0,0.0
2002-05-24 00:00:00+08:00,24.72,26.19,24.72,26.19,5481686,0.0,0.0
2002-05-27 00:00:00+08:00,25.66,26.59,25.66,26.39,3818962,0.0,0.0
2002-05-28 00:00:00+08:00,26.59,26.92,25.32,25.39,4287032,0.0,0.0
2002-05-29 00:00:00+08:00,25.39,25.59,24.79,25.12,7909595,0.0,0.0
2002-05-30 00:00:00+08:00,25.32,26.06,24.66,24.66,11464398,0.0,0.0
2002-05-31 00:00:00+08:00,24.66,24.66,23.39,24.06,3501332,0.0,0.0
2002-06-03 00:00:00+08:00,23.99,24.32,23.66,23.79,2373565,0.0,0.0
2002-06-04 00:00:00+08:00,23.32,24.12,23.32,24.06,1793198,0.0,0.0
2002-06-05 00:00:00+08:00,24.52,24.79,23.99,24.06,2593845,0.0,0.0
2002-06-06 00:00:00+08:00,23.99,24.79,23.99,23.99,2598415,0.0,0.0
2002-06-07 00:00:00+08:00,23.46,23.92,22.66,22.66,1886908,0.0,0.0
2002-06-10 00:00:00+08:00,22.79,23.19,22.32,22.66,4352661,0.0,0.0
2002-06-11 00:00:00+08:00,22.99,22.99,21.32,21.46,2154117,0.0,0.0
2002-06-12 00:00:00+08:00,21.32,21.46,20.06,20.32,4662053,0.0,0.0
2002-06-13 00:00:00+08:00,20.66,21.46,20.66,21.46,4399587,0.0,0.0
2002-06-14 00:00:00+08:00,21.32,21.46,20.79,20.99,1705551,0.0,0.0
2002-06-17 00:00:00+08:00,21.59,21.66,20.79,20.99,2697066,0.0,0.0
2002-06-18 00:00:00+08:00,21.72,21.72,20.99,20.99,3469325,0.0,0.0
2002-06-19 00:00:00+08:00,20.99,21.06,20.06,20.06,2381970,0.0,0.0
2002-06-20 00:00:00+08:00,19.33,20.12,19.33,20.12,1632875,0.0,0.0
2002-06-21 00:00:00+08:00,19.73,20.12,19.26,19.59,3073980,0.0,0.0
2002-06-24 00:00:00+08:00,19.26,19.59,18.26,18.26,2616660,0.0,0.0
2002-06-25 00:00:00+08:00,17.66,18.26,16.99,16.99,3102944,0.0,0.0
2002-06-26 00:00:00+08:00,16.33,16.86,15.86,15.86,2940138,0.0,0.0
2002-06-27 00:00:00+08:00,16.13,16.26,15.19,16.26,3757850,0.0,0.0
2002-06-28 00:00:00+08:00,16.26,16.79,16.19,16.26,4754101,0.0,0.0
2002-07-01 00:00:00+08:00,15.99,15.99,15.13,15.13,1620576,0.0,0.0
2002-07-02 00:00:00+08:00,14.19,15.13,14.19,14.66,1657166,0.0,0.0
2002-07-03 00:00:00+08:00,13.93,14.86,13.66,14.73,8171765,0.0,0.0
2002-07-04 00:00:00+08:00,14.66,15.59,14.13,14.73,6936788279,0.0,0.0
2002-07-05 00:00:00+08:00,14.79,15.73,14.79,15.73,4417717,0.0,0.0
2002-07-08 00:00:00+08:00,16.79,16.79,16.73,16.79,2497265,0.0,0.0
2002-07-09 00:00:00+08:00,17.13,17.33,16.39,17.33,13075727,0.0,0.0
2002-07-10 00:00:00+08:00,16.99,17.19,16.13,16.13,5174365,0.0,0.0
2002-07-11 00:00:00+08:00,15.46,16.46,15.39,15.99,4685507,0.0,0.0
2002-07-12 00:00:00+08:00,16.46,17.06,16.39,17.06,4779327,0.0,0.0
2002-07-15 00:00:00+08:00,17.26,18.19,17.19,17.53,10687549,0.0,0.0
2002-07-16 00:00:00+08:00,17.86,18.06,16.86,17.26,4552688,0.0,0.0
2002-07-17 00:00:00+08:00,16.99,17.19,16.26,16.79,3468814,0.0,0.0
2002-07-18 00:00:00+08:00,16.33,17.06,16.13,16.33,4351053,0.0,0.0
2002-07-19 00:00:00+08:00,15.99,16.06,15.66,15.79,2086603,0.0,0.0
2002-07-22 00:00:00+08:00,15.33,16.13,15.33,15.93,2308041,0.0,0.0
2002-07-23 00:00:00+08:00,15.93,16.66,15.59,16.66,3487836,0.0,0.0
2002-07-24 00:00:00+08:00,16.33,16.53,15.79,16.26,2138023,0.0,0.0
2002-07-25 00:00:00+08:00,17.13,17.13,16.13,16.19,3864006,0.0,0.0
2002-07-26 00:00:00+08:00,15.59,15.79,15.06,15.06,1960954,0.0,0.0
2002-07-29 00:00:00+08:00,15.06,15.66,15.06,15.33,1897268,0.0,0.0
2002-07-30 00:00:00+08:00,15.86,16.39,15.79,16.39,5140000,0.0,0.0
2002-07-31 00:00:00+08:00,16.33,16.99,15.99,16.39,5313593,0.0,0.0
2002-08-01 00:00:00+08:00,16.39,16.79,16.13,16.26,2089865,0.0,0.0
2002-08-02 00:00:00+08:00,15.19,16.26,15.19,16.13,2828231,0.0,0.0
2002-08-05 00:00:00+08:00,15.06,15.46,15.06,15.06,1796165,0.0,0.0
2002-08-06 00:00:00+08:00,14.13,15.06,14.13,14.53,2686765,0.0,0.0
2002-08-07 00:00:00+08:00,15.19,15.46,15.06,15.46,2494417,0.0,0.0
2002-08-08 00:00:00+08:00,15.46,15.99,15.26,15.26,4748107,0.0,0.0
2002-08-09 00:00:00+08:00,15.66,16.06,15.39,15.93,5239491,0.0,0.0
2002-08-12 00:00:00+08:00,15.93,16.13,15.73,15.73,2086830,0.0,0.0
2002-08-13 00:00:00+08:00,15.73,15.99,15.59,15.93,2826203,0.0,0.0
2002-08-14 00:00:00+08:00,15.66,16.93,15.66,16.86,5002980,0.0,0.0
2002-08-15 00:00:00+08:00,17.19,17.53,16.66,16.66,6112177,0.0,0.0
2002-08-16 00:00:00+08:00,16.86,17.79,16.86,17.66,15132762,0.0,0.0
2002-08-19 00:00:00+08:00,16.86,17.06,16.46,16.46,2251158,0.0,0.0
2002-08-20 00:00:00+08:00,15.99,16.13,15.33,15.46,6658637,0.0,0.0
2002-08-21 00:00:00+08:00,15.39,15.86,15.26,15.73,4462849,0.0,0.0
2002-08-22 00:00:00+08:00,15.93,16.26,15.66,15.73,4068469,0.0,0.0
2002-08-23 00:00:00+08:00,15.73,15.73,15.73,15.73,0,0.0,0.0
2002-08-26 00:00:00+08:00,15.86,15.93,15.46,15.66,1258945,0.0,0.0
2002-08-27 00:00:00+08:00,15.86,16.06,15.73,15.73,2070155,0.0,0.0
2002-08-28 00:00:00+08:00,15.53,15.73,15.19,15.19,1317577,0.0,0.0
2002-08-29 00:00:00+08:00,14.73,15.19,14.73,15.06,1487425,0.0,0.0
2002-08-30 00:00:00+08:00,15.19,15.59,15.06,15.06,1530271,0.0,0.0
2002-09-02 00:00:00+08:00,15.06,15.26,14.13,14.19,1621603,0.0,0.0
2002-09-03 00:00:00+08:00,14.19,14.53,13.79,13.93,1626777,0.0,0.0
2002-09-04 00:00:00+08:00,13.33,13.99,13.33,13.39,1645279,0.0,0.0
2002-09-05 00:00:00+08:00,13.66,13.86,13.33,13.33,1860649,0.0,0.0
2002-09-06 00:00:00+08:00,13.33,13.33,13.33,13.33,0,0.0,0.0
2002-09-09 00:00:00+08:00,13.39,14.26,13.39,14.26,1847314,0.0,0.0
2002-09-10 00:00:00+08:00,14.39,14.86,13.99,14.66,3157859,0.0,0.0
2002-09-11 00:00:00+08:00,14.66,14.93,14.33,14.39,1642235,0.0,0.0
2002-09-12 00:00:00+08:00,14.39,14.66,14.26,14.26,1172545,0.0,0.0
2002-09-13 00:00:00+08:00,14.13,14.19,13.73,13.86,1131721,0.0,0.0
2002-09-16 00:00:00+08:00,13.86,14.13,13.66,13.66,1020317279,0.0,0.0
2002-09-17 00:00:00+08:00,13.59,14.46,13.59,14.33,1290926,0.0,0.0
2002-09-18 00:00:00+08:00,13.93,13.99,13.46,13.59,811826,0.0,0.0
2002-09-19 00:00:00+08:00,13.99,14.19,13.73,13.73,1235928,0.0,0.0
2002-09-20 00:00:00+08:00,13.53,13.73,13.39,13.73,755655,0.0,0.0
2002-09-23 00:00:00+08:00,13.73,13.99,13.39,13.46,729156,0.0,0.0
2002-09-24 00:00:00+08:00,13.46,13.66,12.53,12.53,1598049,0.0,0.0
2002-09-25 00:00:00+08:00,11.66,12.26,11.66,11.66,1998076,0.0,0.0
2002-09-26 00:00:00+08:00,11.66,12.13,11.0,11.2,2110327,0.0,0.0
2002-09-27 00:00:00+08:00,11.2,11.73,11.06,11.33,2505426,0.0,0.0
2002-09-30 00:00:00+08:00,11.2,11.73,11.0,11.73,1290567,0.0,0.0
2002-10-01 00:00:00+08:00,11.73,12.19,11.66,11.8,2654878,0.0,0.0
2002-10-02 00:00:00+08:00,12.33,12.39,11.99,11.99,2271266699,0.0,0.0
2002-10-03 00:00:00+08:00,11.99,11.99,11.26,11.46,1185984,0.0,0.0
2002-10-04 00:00:00+08:00,11.4,11.73,11.33,11.4,3088248,0.0,0.0
2002-10-07 00:00:00+08:00,11.33,11.33,10.66,10.66,1550884,0.0,0.0
2002-10-08 00:00:00+08:00,10.33,11.0,10.13,10.8,2760822,0.0,0.0
2002-10-09 00:00:00+08:00,10.86,11.06,10.46,10.46,2150110,0.0,0.0
2002-10-10 00:00:00+08:00,10.46,10.46,10.46,10.46,0,0.0,0.0
2002-10-11 00:00:00+08:00,10.66,10.8,10.0,10.06,1457608,0.0,0.0
2002-10-14 00:00:00+08:00,10.2,10.46,10.06,10.33,2099933,0.0,0.0
2002-10-15 00:00:00+08:00,10.86,11.0,10.8,11.0,1523711,0.0,0.0
2002-10-16 00:00:00+08:00,11.73,11.73,11.53,11.73,3888986,0.0,0.0
2002-10-17 00:00:00+08:00,11.73,12.26,11.73,11.99,5382259,0.0,0.0
2002-10-18 00:00:00+08:00,12.26,12.79,12.26,12.79,8396852,0.0,0.0
2002-10-21 00:00:00+08:00,13.13,13.53,12.66,12.93,5344188,0.0,0.0
2002-10-22 00:00:00+08:00,13.19,13.26,12.06,12.13,3568565,0.0,0.0
2002-10-23 00:00:00+08:00,12.26,12.93,11.99,12.93,3087398,0.0,0.0
2002-10-24 00:00:00+08:00,13.06,13.79,12.93,13.79,10807944,0.0,0.0
2002-10-25 00:00:00+08:00,13.79,14.73,13.46,14.73,12319442,0.0,0.0
2002-10-28 00:00:00+08:00,15.39,15.39,14.33,14.46,8266503,0.0,0.0
2002-10-29 00:00:00+08:00,14.46,14.46,13.66,13.73,3470535,0.0,0.0
2002-10-30 00:00:00+08:00,13.73,14.66,13.73,14.66,15254772,0.0,0.0
2002-10-31 00:00:00+08:00,14.66,14.86,14.13,14.66,7201469598,0.0,0.0
2002-11-01 00:00:00+08:00,14.33,14.66,13.86,13.93,3866218,0.0,0.0
2002-11-04 00:00:00+08:00,14.39,14.66,14.19,14.19,4124947,0.0,0.0
2002-11-05 00:00:00+08:00,14.33,14.53,13.93,13.93,2701602,0.0,0.0
2002-11-06 00:00:00+08:00,14.06,14.46,13.59,14.33,9256865,0.0,0.0
2002-11-07 00:00:00+08:00,14.46,14.93,14.33,14.33,8404244,0.0,0.0
2002-11-08 00:00:00+08:00,14.13,14.93,13.99,14.66,10889331877,0.0,0.0
2002-11-11 00:00:00+08:00,14.79,14.79,13.66,13.73,4937428,0.0,0.0
2002-11-12 00:00:00+08:00,13.59,14.13,13.59,13.93,3193449233,0.0,0.0
2002-11-13 00:00:00+08:00,13.99,14.26,13.46,13.66,3858939,0.0,0.0
2002-11-14 00:00:00+08:00,13.93,14.13,13.53,13.66,2884749085,0.0,0.0
2002-11-15 00:00:00+08:00,14.13,14.19,13.73,13.93,4168604,0.0,0.0
2002-11-18 00:00:00+08:00,13.93,14.33,13.79,13.99,3573366,0.0,0.0
2002-11-19 00:00:00+08:00,14.06,14.46,13.99,14.06,2316984,0.0,0.0
2002-11-20 00:00:00+08:00,13.99,14.13,13.46,13.46,2739604985,0.0,0.0
2002-11-21 00:00:00+08:00,13.59,13.86,12.99,12.99,3287382,0.0,0.0
2002-11-22 00:00:00+08:00,13.33,13.59,13.19,13.26,1999838,0.0,0.0
2002-11-25 00:00:00+08:00,13.39,13.39,12.99,13.26,1061933,0.0,0.0
2002-11-26 00:00:00+08:00,13.06,13.59,13.06,13.06,1361038,0.0,0.0
2002-11-27 00:00:00+08:00,12.79,13.06,12.33,12.46,2034915,0.0,0.0
2002-11-28 00:00:00+08:00,12.66,12.79,12.46,12.59,1958481,0.0,0.0
2002-11-29 00:00:00+08:00,12.73,12.99,12.46,12.66,1322497,0.0,0.0
2002-12-02 00:00:00+08:00,12.66,12.66,12.66,12.66,0,0.0,0.0
2002-12-03 00:00:00+08:00,13.19,13.93,13.06,13.93,11597425,0.0,0.0
2002-12-04 00:00:00+08:00,14.33,14.46,13.93,13.99,16568345,0.0,0.0
2002-12-05 00:00:00+08:00,14.26,14.66,13.93,14.66,12047216,0.0,0.0
2002-12-06 00:00:00+08:00,14.66,14.73,14.39,14.39,6738688,0.0,0.0
2002-12-09 00:00:00+08:00,14.99,15.39,14.66,14.66,15009759,0.0,0.0
2002-12-10 00:00:00+08:00,14.66,15.33,14.53,15.19,10280155,0.0,0.0
2002-12-11 00:00:00+08:00,15.39,15.46,14.33,14.33,11066919,0.0,0.0
2002-12-12 00:00:00+08:00,14.39,14.39,13.33,13.66,4880243,0.0,0.0
2002-12-13 00:00:00+08:00,13.53,14.13,13.53,13.53,3977772825,0.0,0.0
2002-12-16 00:00:00+08:00,13.46,13.79,12.99,13.33,1941004,0.0,0.0
2002-12-17 00:00:00+08:00,13.73,13.86,13.33,13.33,3491274,0.0,0.0
2002-12-18 00:00:00+08:00,13.53,13.59,12.39,12.39,4240770520,0.0,0.0
2002-12-19 00:00:00+08:00,12.39,12.93,12.13,12.66,2917718,0.0,0.0
2002-12-20 00:00:00+08:00,12.66,12.79,11.8,12.66,4271362,0.0,0.0
2002-12-23 00:00:00+08:00,12.66,12.66,12.06,12.06,1453599,0.0,0.0
2002-12-24 00:00:00+08:00,12.13,12.59,12.13,12.19,2707973,0.0,0.0
2002-12-25 00:00:00+08:00,12.19,12.39,11.99,12.06,1971371619,0.0,0.0
2002-12-26 00:00:00+08:00,12.06,12.53,12.06,12.53,2101327,0.0,0.0
2002-12-27 00:00:00+08:00,12.53,12.53,12.13,12.13,1366699,0.0,0.0
2002-12-30 00:00:00+08:00,11.93,11.99,11.66,11.66,1277606,0.0,0.0
2002-12-31 00:00:00+08:00,11.66,11.93,11.53,11.86,1205663,0.0,0.0
2003-01-01 00:00:00+08:00,11.86,11.86,11.86,11.86,0,0.0,0.0
2003-01-02 00:00:00+08:00,11.99,12.19,11.86,11.93,1160337,0.0,0.0
2003-01-03 00:00:00+08:00,12.33,12.73,12.13,12.73,8454124,0.0,0.0
2003-01-06 00:00:00+08:00,12.93,13.53,12.73,13.19,8329179,0.0,0.0
2003-01-07 00:00:00+08:00,13.46,13.79,13.19,13.19,4694197,0.0,0.0
2003-01-08 00:00:00+08:00,13.33,13.79,13.06,13.39,4148081,0.0,0.0
2003-01-09 00:00:00+08:00,13.33,13.73,13.19,13.46,2671627,0.0,0.0
2003-01-10 00:00:00+08:00,13.73,14.39,13.73,14.39,8932137,0.0,0.0
2003-01-13 00:00:00+08:00,14.53,14.93,14.39,14.46,8343340,0.0,0.0
2003-01-14 00:00:00+08:00,14.53,14.79,14.13,14.33,5008619,0.0,0.0
2003-01-15 00:00:00+08:00,14.86,14.86,14.13,14.19,2948199,0.0,0.0
2003-01-16 00:00:00+08:00,14.06,14.13,13.46,13.46,2298081,0.0,0.0
2003-01-17 00:00:00+08:00,13.33,13.73,13.13,13.33,2973937,0.0,0.0
2003-01-20 00:00:00+08:00,13.19,13.73,12.99,13.06,2062389,0.0,0.0
2003-01-21 00:00:00+08:00,13.19,13.59,13.19,13.26,2889465,0.0,0.0
2003-01-22 00:00:00+08:00,13.33,13.46,12.59,13.26,2484679,0.0,0.0
2003-01-23 00:00:00+08:00,13.26,14.06,13.26,13.79,4786082,0.0,0.0
2003-01-24 00:00:00+08:00,13.99,14.13,13.33,13.33,2060965467,0.0,0.0
2003-01-27 00:00:00+08:00,13.06,13.26,12.79,12.86,1316774,0.0,0.0
2003-01-28 00:00:00+08:00,12.99,13.26,12.66,12.66,1509156,0.0,0.0
2003-02-06 00:00:00+08:00,12.66,12.66,11.8,11.8,1934237,0.0,0.0
2003-02-07 00:00:00+08:00,11.6,12.33,11.53,12.13,2358069,0.0,0.0
2003-02-10 00:00:00+08:00,12.13,12.26,11.8,12.13,1123948,0.0,0.0
2003-02-11 00:00:00+08:00,12.33,12.59,12.26,12.26,2365497,0.0,0.0
2003-02-12 00:00:00+08:00,12.26,12.53,12.06,12.06,1002793,0.0,0.0
2003-02-13 00:00:00+08:00,12.06,12.33,11.99,12.06,1746481,0.0,0.0
2003-02-14 00:00:00+08:00,12.19,12.86,12.06,12.73,3674742,0.0,0.0
2003-02-17 00:00:00+08:00,13.19,13.46,12.99,13.46,2806744,0.0,0.0
2003-02-18 00:00:00+08:00,13.39,13.39,12.66,12.66,1750962,0.0,0.0
2003-02-19 00:00:00+08:00,13.53,13.53,13.33,13.53,6166728,0.0,0.0
2003-02-20 00:00:00+08:00,13.46,13.99,13.19,13.73,7385844,0.0,0.0
2003-02-21 00:00:00+08:00,13.86,13.99,13.19,13.33,2493503,0.0,0.0
2003-02-24 00:00:00+08:00,13.39,13.53,12.73,12.99,1652866,0.0,0.0
2003-02-25 00:00:00+08:00,12.73,12.79,12.39,12.46,1333670,0.0,0.0
2003-02-26 00:00:00+08:00,12.59,12.86,12.53,12.66,1149831,0.0,0.0
2003-02-27 00:00:00+08:00,12.53,12.99,12.39,12.79,1426436,0.0,0.0
2003-02-28 00:00:00+08:00,12.79,12.79,12.79,12.79,0,0.0,0.0
2003-03-03 00:00:00+08:00,12.99,13.06,12.79,12.86,929807,0.0,0.0
2003-03-04 00:00:00+08:00,12.66,12.99,12.66,12.79,706864,0.0,0.0
2003-03-05 00:00:00+08:00,12.66,13.13,12.66,12.73,3011550,0.0,0.0
2003-03-06 00:00:00+08:00,12.86,12.86,12.26,12.46,1514292,0.0,0.0
2003-03-07 00:00:00+08:00,11.99,12.53,11.99,12.19,871483,0.0,0.0
2003-03-10 00:00:00+08:00,12.66,12.66,12.19,12.59,964557,0.0,0.0
2003-03-11 00:00:00+08:00,12.39,12.73,12.33,12.39,789274,0.0,0.0
2003-03-12 00:00:00+08:00,12.46,12.73,12.46,12.53,760779,0.0,0.0
2003-03-13 00:00:00+08:00,12.66,12.79,12.33,12.53,1411211,0.0,0.0
2003-03-14 00:00:00+08:00,12.99,13.13,12.66,12.66,2024695,0.0,0.0
2003-03-17 00:00:00+08:00,12.59,12.86,12.53,12.66,1959863,0.0,0.0
2003-03-18 00:00:00+08:00,13.53,13.53,13.33,13.53,6573069,0.0,0.0
2003-03-19 00:00:00+08:00,13.53,14.33,13.26,13.86,10802820,0.0,0.0
2003-03-20 00:00:00+08:00,14.26,14.79,14.26,14.79,17384123,0.0,0.0
2003-03-21 00:00:00+08:00,14.99,15.26,14.59,15.19,14308714,0.0,0.0
2003-03-24 00:00:00+08:00,15.33,15.33,14.66,14.73,5716057,0.0,0.0
2003-03-25 00:00:00+08:00,14.46,15.06,14.39,15.06,8393199,0.0,0.0
2003-03-26 00:00:00+08:00,15.19,15.33,14.93,15.06,9021420,0.0,0.0
2003-03-27 00:00:00+08:00,15.06,15.06,14.66,14.93,4527129,0.0,0.0
2003-03-28 00:00:00+08:00,14.86,14.86,13.93,13.93,7067137,0.0,0.0
2003-03-31 00:00:00+08:00,13.53,13.53,12.99,12.99,5549785,0.0,0.0
2003-04-01 00:00:00+08:00,12.99,13.33,12.86,12.99,5385760,0.0,0.0
2003-04-02 00:00:00+08:00,13.06,13.13,12.53,12.59,3882738,0.0,0.0
2003-04-03 00:00:00+08:00,13.06,13.46,12.99,13.46,11308167,0.0,0.0
2003-04-04 00:00:00+08:00,13.33,14.19,13.33,13.93,7799084,0.0,0.0
2003-04-07 00:00:00+08:00,14.13,14.46,13.86,14.26,7283122,0.0,0.0
2003-04-08 00:00:00+08:00,14.19,14.19,13.73,13.99,3077978,0.0,0.0
2003-04-09 00:00:00+08:00,13.93,13.93,13.53,13.73,1788333,0.0,0.0
2003-04-10 00:00:00+08:00,13.73,14.26,13.73,13.93,3536700,0.0,0.0
2003-04-11 00:00:00+08:00,13.99,14.13,13.79,14.06,2035495,0.0,0.0
2003-04-14 00:00:00+08:00,14.13,14.26,13.53,13.59,2019837,0.0,0.0
2003-04-15 00:00:00+08:00,13.86,13.99,13.66,13.86,1211081,0.0,0.0
2003-04-16 00:00:00+08:00,14.13,14.53,13.99,14.39,3526113,0.0,0.0
2003-04-17 00:00:00+08:00,14.26,14.39,14.13,14.19,1802906,0.0,0.0
2003-04-18 00:00:00+08:00,14.46,15.13,14.46,15.13,9181323,0.0,0.0
2003-04-21 00:00:00+08:00,15.33,16.13,15.33,16.13,13469477,0.0,0.0
2003-04-22 00:00:00+08:00,16.13,16.13,15.46,15.73,10070321,0.0,0.0
2003-04-23 00:00:00+08:00,16.06,16.13,15.19,15.59,14180304,0.0,0.0
2003-04-24 00:00:00+08:00,15.19,15.26,14.53,14.53,2222527,0.0,0.0
2003-04-25 00:00:00+08:00,13.53,14.26,13.53,13.53,6148373,0.0,0.0
2003-04-28 00:00:00+08:00,12.66,13.19,12.59,13.06,4527590,0.0,0.0
2003-04-29 00:00:00+08:00,13.33,13.53,12.79,12.99,4626382,0.0,0.0
2003-04-30 00:00:00+08:00,13.06,13.39,12.59,12.59,3666124,0.0,0.0
2003-05-01 00:00:00+08:00,12.59,12.59,12.59,12.59,0,0.0,0.0
2003-05-02 00:00:00+08:00,12.73,12.93,12.46,12.93,3233773,0.0,0.0
2003-05-05 00:00:00+08:00,12.93,13.66,12.66,13.46,3169406,0.0,0.0
2003-05-06 00:00:00+08:00,13.66,13.66,13.13,13.26,2316700,0.0,0.0
2003-05-07 00:00:00+08:00,13.46,13.59,13.19,13.33,2309808,0.0,0.0
2003-05-08 00:00:00+08:00,13.19,13.26,12.66,12.73,1965198,0.0,0.0
2003-05-09 00:00:00+08:00,12.66,12.99,12.53,12.66,3281135,0.0,0.0
2003-05-12 00:00:00+08:00,12.86,13.13,12.53,12.86,7361224,0.0,0.0
2003-05-13 00:00:00+08:00,13.06,13.53,13.06,13.33,7997845,0.0,0.0
2003-05-14 00:00:00+08:00,13.33,13.39,13.06,13.19,2439660,0.0,0.0
2003-05-15 00:00:00+08:00,13.13,13.19,12.79,12.93,2829704,0.0,0.0
2003-05-16 00:00:00+08:00,13.06,13.13,12.73,12.86,2051543,0.0,0.0
2003-05-19 00:00:00+08:00,12.59,12.86,12.59,12.79,1683103,0.0,0.0
2003-05-20 00:00:00+08:00,12.53,12.73,12.53,12.53,2764615,0.0,0.0
2003-05-21 00:00:00+08:00,12.53,12.79,12.06,12.19,3732144,0.0,0.0
2003-05-22 00:00:00+08:00,12.19,12.46,12.06,12.39,4575357532,0.0,0.0
2003-05-23 00:00:00+08:00,12.53,12.93,12.39,12.73,5887612,0.0,0.0
2003-05-26 00:00:00+08:00,13.06,13.59,12.93,13.59,10036830,0.0,0.0
2003-05-27 00:00:00+08:00,14.13,14.26,13.66,13.73,6171968,0.0,0.0
2003-05-28 00:00:00+08:00,14.26,14.33,13.53,13.59,6036890,0.0,0.0
2003-05-29 00:00:00+08:00,13.79,13.93,13.59,13.59,2998250,0.0,0.0
2003-05-30 00:00:00+08:00,13.66,14.26,13.66,13.86,6305603,0.0,0.0
2003-06-02 00:00:00+08:00,14.13,14.59,13.99,14.39,9050013,0.0,0.0
2003-06-03 00:00:00+08:00,14.39,14.93,14.19,14.59,7875364,0.0,0.0
2003-06-04 00:00:00+08:00,14.59,14.59,14.59,14.59,0,0.0,0.0
2003-06-05 00:00:00+08:00,15.26,15.33,14.73,14.79,9147392,0.0,0.0
2003-06-06 00:00:00+08:00,14.99,15.79,14.66,15.79,16380924,0.0,0.0
2003-06-09 00:00:00+08:00,15.99,16.86,15.93,16.73,24247738,0.0,0.0
2003-06-10 00:00:00+08:00,16.99,17.66,16.33,17.33,29899542,0.0,0.0
2003-06-11 00:00:00+08:00,17.33,17.33,16.33,16.39,12842785,0.0,0.0
2003-06-12 00:00:00+08:00,16.66,16.93,16.39,16.39,10515417,0.0,0.0
2003-06-13 00:00:00+08:00,16.59,17.19,16.39,16.86,17534922,0.0,0.0
2003-06-16 00:00:00+08:00,16.93,17.59,16.93,16.99,27720733,0.0,0.0
2003-06-17 00:00:00+08:00,17.26,17.26,16.33,16.53,15602513,0.0,0.0
2003-06-18 00:00:00+08:00,16.86,17.66,16.79,17.59,37938344,0.0,0.0
2003-06-19 00:00:00+08:00,18.06,18.79,17.99,18.79,38530744,0.0,0.0
2003-06-20 00:00:00+08:00,19.33,19.99,18.66,18.79,51523186,0.0,0.0
2003-06-23 00:00:00+08:00,18.86,19.59,17.59,17.59,22838020,0.0,0.0
2003-06-24 00:00:00+08:00,17.59,18.26,17.39,18.13,32493762,0.0,0.0
2003-06-25 00:00:00+08:00,18.13,18.26,17.33,17.33,13983096,0.0,0.0
2003-06-26 00:00:00+08:00,17.19,17.33,16.39,16.59,13225996,0.0,0.0
2003-06-27 00:00:00+08:00,17.13,17.19,16.53,16.53,10385550,0.0,0.0
2003-06-30 00:00:00+08:00,16.53,16.99,16.46,16.73,6847671,0.0,0.0
2003-07-01 00:00:00+08:00,16.66,17.86,16.66,17.86,18283309,0.0,0.0
2003-07-02 00:00:00+08:00,18.33,18.86,17.86,18.06,31871267,0.0,0.0
2003-07-03 00:00:00+08:00,18.66,18.73,17.39,17.39,21391005,0.0,0.0
2003-07-04 00:00:00+08:00,17.46,18.46,17.19,18.33,16686609,0.0,0.0
2003-07-07 00:00:00+08:00,18.99,19.59,18.66,19.59,36042024,0.0,0.0
2003-07-08 00:00:00+08:00,19.99,20.92,19.59,19.59,38651887,0.0,0.0
2003-07-09 00:00:00+08:00,19.66,19.66,18.79,19.06,17443457,0.0,0.0
2003-07-10 00:00:00+08:00,18.93,19.33,18.33,18.33,11597240,0.0,0.0
2003-07-11 00:00:00+08:00,17.99,19.06,17.99,18.99,11863643,0.0,0.0
2003-07-14 00:00:00+08:00,19.26,19.66,18.73,18.99,16681469,0.0,0.0
2003-07-15 00:00:00+08:00,19.19,19.26,18.33,18.39,9785618,0.0,0.0
2003-07-16 00:00:00+08:00,18.53,18.99,18.19,18.26,11406940,0.0,0.0
2003-07-17 00:00:00+08:00,18.26,18.73,17.66,17.66,10566126,0.0,0.0
2003-07-18 00:00:00+08:00,17.73,17.99,17.39,17.39,9165540,0.0,0.0
2003-07-21 00:00:00+08:00,17.66,17.93,17.33,17.33,9210875,0.0,0.0
2003-07-22 00:00:00+08:00,17.59,17.79,17.26,17.73,5424773,0.0,0.0
2003-07-23 00:00:00+08:00,17.99,18.33,17.79,17.79,7529669,0.0,0.0
2003-07-24 00:00:00+08:00,18.06,18.66,17.99,18.53,9561404,0.0,0.0
2003-07-25 00:00:00+08:00,18.53,18.73,17.99,18.06,6613509,0.0,0.0
2003-07-28 00:00:00+08:00,18.39,18.46,17.46,17.53,7987224,0.0,0.0
2003-07-29 00:00:00+08:00,17.66,17.79,17.33,17.33,4384181,0.0,0.0
2003-07-30 00:00:00+08:00,17.46,17.59,16.66,16.79,5812016,0.0,0.0
2003-07-31 00:00:00+08:00,16.93,17.06,16.66,16.79,2796494,0.0,0.0
2003-08-01 00:00:00+08:00,16.86,17.19,16.79,16.99,2796993,0.0,0.0
2003-08-04 00:00:00+08:00,16.86,16.99,16.19,16.26,4036578,0.0,0.0
2003-08-05 00:00:00+08:00,16.33,16.59,15.19,15.19,6960997,0.0,0.0
2003-08-06 00:00:00+08:00,15.87,16.23,15.52,15.8,9541326,0.24,1.02
2003-08-07 00:00:00+08:00,15.87,16.51,15.73,16.3,7367202,0.0,0.0
2003-08-08 00:00:00+08:00,16.3,16.58,15.8,15.8,4155663,0.0,0.0
2003-08-11 00:00:00+08:00,15.8,15.95,15.31,15.31,3403157,0.0,0.0
2003-08-12 00:00:00+08:00,15.59,16.3,15.52,15.95,6015508,0.0,0.0
2003-08-13 00:00:00+08:00,16.23,16.65,16.16,16.65,5816859,0.0,0.0
2003-08-14 00:00:00+08:00,16.65,17.22,16.3,16.65,9674367,0.0,0.0
2003-08-15 00:00:00+08:00,16.87,17.22,16.8,17.15,10387762154,0.0,0.0
2003-08-18 00:00:00+08:00,17.5,18.28,17.36,18.28,17873885,0.0,0.0
2003-08-19 00:00:00+08:00,19.13,19.42,18.64,18.92,25511245,0.0,0.0
2003-08-20 00:00:00+08:00,19.13,19.13,18.43,18.92,6480697,0.0,0.0
2003-08-21 00:00:00+08:00,18.71,18.92,18.28,18.85,2690444,0.0,0.0
2003-08-22 00:00:00+08:00,19.06,19.28,18.43,18.43,6897604,0.0,0.0
2003-08-25 00:00:00+08:00,18.64,18.71,18.14,18.43,2193724414,0.0,0.0
2003-08-26 00:00:00+08:00,18.43,18.64,17.79,17.93,3248113,0.0,0.0
2003-08-27 00:00:00+08:00,18.07,18.43,17.86,17.93,4464983,0.0,0.0
2003-08-28 00:00:00+08:00,18.07,18.21,17.43,17.5,2873859,0.0,0.0
2003-08-29 00:00:00+08:00,17.86,18.64,17.65,18.43,6051026,0.0,0.0
2003-09-01 00:00:00+08:00,18.64,19.21,18.57,19.13,10150703,0.0,0.0
2003-09-02 00:00:00+08:00,19.42,19.84,18.99,19.84,13884160,0.0,0.0
2003-09-03 00:00:00+08:00,19.84,20.55,19.49,19.84,28350942,0.0,0.0
2003-09-04 00:00:00+08:00,19.84,20.2,18.99,19.28,6619059,0.0,0.0
2003-09-05 00:00:00+08:00,19.49,19.63,18.85,18.85,4072489,0.0,0.0
2003-09-08 00:00:00+08:00,18.85,19.49,18.71,19.28,3935869,0.0,0.0
2003-09-09 00:00:00+08:00,19.49,19.99,19.21,19.28,13050921,0.0,0.0
2003-09-10 00:00:00+08:00,18.99,19.56,18.99,19.28,3453191,0.0,0.0
2003-09-11 00:00:00+08:00,19.28,19.28,19.28,19.28,0,0.0,0.0
2003-09-12 00:00:00+08:00,19.42,19.56,19.06,19.49,3293677,0.0,0.0
2003-09-15 00:00:00+08:00,19.49,19.56,19.21,19.35,1778773,0.0,0.0
2003-09-16 00:00:00+08:00,19.13,19.99,19.13,19.91,5582371,0.0,0.0
2003-09-17 00:00:00+08:00,20.2,20.55,19.91,19.91,14626852,0.0,0.0
2003-09-18 00:00:00+08:00,19.91,20.13,19.7,20.06,3989711,0.0,0.0
2003-09-19 00:00:00+08:00,20.2,20.27,19.49,19.49,4093144,0.0,0.0
2003-09-22 00:00:00+08:00,19.49,19.7,18.85,18.85,3787257,0.0,0.0
2003-09-23 00:00:00+08:00,18.78,18.99,18.64,18.78,3843303,0.0,0.0
2003-09-24 00:00:00+08:00,18.85,18.92,18.14,18.36,4353549,0.0,0.0
2003-09-25 00:00:00+08:00,17.86,18.14,17.72,18.0,3093870,0.0,0.0
2003-09-26 00:00:00+08:00,18.0,18.43,18.0,18.07,3047497,0.0,0.0
2003-09-29 00:00:00+08:00,17.93,18.07,17.5,17.79,2788381,0.0,0.0
2003-09-30 00:00:00+08:00,17.79,17.93,17.65,17.65,1911630,0.0,0.0
2003-10-01 00:00:00+08:00,17.65,17.65,17.15,17.15,1955081,0.0,0.0
2003-10-02 00:00:00+08:00,17.65,18.28,17.5,18.28,4749917,0.0,0.0
2003-10-03 00:00:00+08:00,18.43,18.99,18.43,18.57,9048776,0.0,0.0
2003-10-06 00:00:00+08:00,18.78,18.92,18.14,18.43,4156151,0.0,0.0
2003-10-07 00:00:00+08:00,18.43,18.5,18.14,18.14,1481964,0.0,0.0
2003-10-08 00:00:00+08:00,18.14,18.85,18.07,18.43,3115257,0.0,0.0
2003-10-09 00:00:00+08:00,18.5,19.21,18.36,19.06,7913421,0.0,0.0
2003-10-10 00:00:00+08:00,19.06,19.06,19.06,19.06,0,0.0,0.0
2003-10-13 00:00:00+08:00,19.13,19.21,18.57,18.78,3444892,0.0,0.0
2003-10-14 00:00:00+08:00,18.85,19.56,18.85,19.06,9839534,0.0,0.0
2003-10-15 00:00:00+08:00,19.77,20.2,19.63,20.2,14665726,0.0,0.0
2003-10-16 00:00:00+08:00,20.27,20.84,20.27,20.55,23283823,0.0,0.0
2003-10-17 00:00:00+08:00,20.69,20.84,20.2,20.34,7499097,0.0,0.0
2003-10-20 00:00:00+08:00,20.34,21.12,20.13,20.69,10035887,0.0,0.0
2003-10-21 00:00:00+08:00,20.98,20.98,20.2,20.2,5800763,0.0,0.0
2003-10-22 00:00:00+08:00,20.2,20.55,19.84,20.41,3906888,0.0,0.0
2003-10-23 00:00:00+08:00,20.06,20.62,19.99,20.13,2647201,0.0,0.0
2003-10-24 00:00:00+08:00,20.13,20.41,19.99,19.99,2465741,0.0,0.0
2003-10-27 00:00:00+08:00,20.62,20.69,19.99,19.99,4714069,0.0,0.0
2003-10-28 00:00:00+08:00,20.06,20.27,19.99,20.13,3498987,0.0,0.0
2003-10-29 00:00:00+08:00,20.55,20.91,20.27,20.27,6796744,0.0,0.0
2003-10-30 00:00:00+08:00,20.41,20.48,20.13,20.41,2246613,0.0,0.0
2003-10-31 00:00:00+08:00,20.41,20.41,19.84,19.84,1966257,0.0,0.0
2003-11-03 00:00:00+08:00,19.7,20.06,19.49,19.84,1736348,0.0,0.0
2003-11-04 00:00:00+08:00,20.2,20.69,20.06,20.41,5378857,0.0,0.0
2003-11-05 00:00:00+08:00,20.41,21.05,20.34,20.69,9907296,0.0,0.0
2003-11-06 00:00:00+08:00,20.91,22.11,20.62,21.26,30205749664,0.0,0.0
2003-11-07 00:00:00+08:00,21.47,22.11,21.12,21.97,15192940,0.0,0.0
2003-11-10 00:00:00+08:00,21.97,22.68,21.62,21.69,11224318,0.0,0.0
2003-11-11 00:00:00+08:00,21.69,21.76,21.12,21.4,9088002,0.0,0.0
2003-11-12 00:00:00+08:00,21.4,21.54,20.84,20.91,5885718,0.0,0.0
2003-11-13 00:00:00+08:00,21.12,21.83,20.91,20.91,21387651,0.0,0.0
2003-11-14 00:00:00+08:00,20.91,21.05,20.62,20.76,8666700,0.0,0.0
2003-11-17 00:00:00+08:00,20.62,20.62,19.84,19.91,7315221,0.0,0.0
2003-11-18 00:00:00+08:00,19.91,19.99,18.85,18.85,10059835,0.0,0.0
2003-11-19 00:00:00+08:00,18.71,18.71,17.65,18.0,12500465,0.0,0.0
2003-11-20 00:00:00+08:00,18.28,18.36,17.86,17.86,11643442,0.0,0.0
2003-11-21 00:00:00+08:00,17.86,18.36,17.72,18.28,9245645,0.0,0.0
2003-11-24 00:00:00+08:00,18.28,18.28,17.86,17.86,3603142,0.0,0.0
2003-11-25 00:00:00+08:00,18.36,18.57,18.14,18.14,9526926,0.0,0.0
2003-11-26 00:00:00+08:00,18.28,18.28,18.0,18.14,2355180,0.0,0.0
2003-11-27 00:00:00+08:00,18.14,18.21,17.58,17.65,3997404,0.0,0.0
2003-11-28 00:00:00+08:00,17.79,18.14,17.72,17.79,3481806475,0.0,0.0
2003-12-01 00:00:00+08:00,17.79,18.57,17.79,18.36,5825223,0.0,0.0
2003-12-02 00:00:00+08:00,18.64,18.92,18.43,18.43,5287769,0.0,0.0
2003-12-03 00:00:00+08:00,18.71,19.42,18.64,19.21,13367704036,0.0,0.0
2003-12-04 00:00:00+08:00,19.35,19.35,18.85,18.85,5578507,0.0,0.0
2003-12-05 00:00:00+08:00,18.85,19.13,18.28,18.28,5222593,0.0,0.0
2003-12-08 00:00:00+08:00,18.0,18.28,18.0,18.14,2056161,0.0,0.0
2003-12-09 00:00:00+08:00,18.43,18.43,18.14,18.14,1840691,0.0,0.0
2003-12-10 00:00:00+08:00,18.07,18.36,17.93,18.21,1926383,0.0,0.0
2003-12-11 00:00:00+08:00,18.28,18.57,18.21,18.28,3237400,0.0,0.0
2003-12-12 00:00:00+08:00,18.57,18.57,18.07,18.07,2078432,0.0,0.0
2003-12-15 00:00:00+08:00,18.43,18.5,18.28,18.5,1374294,0.0,0.0
2003-12-16 00:00:00+08:00,18.21,18.43,18.21,18.28,987890,0.0,0.0
2003-12-17 00:00:00+08:00,18.43,18.57,18.0,18.0,6216849,0.0,0.0
2003-12-18 00:00:00+08:00,18.0,18.5,17.93,18.28,2868318,0.0,0.0
2003-12-19 00:00:00+08:00,18.5,18.57,18.0,18.36,1281300,0.0,0.0
2003-12-22 00:00:00+08:00,18.43,18.85,18.21,18.36,2373472,0.0,0.0
2003-12-23 00:00:00+08:00,18.71,18.85,18.5,18.64,5555972,0.0,0.0
2003-12-24 00:00:00+08:00,18.92,19.06,18.64,18.64,3935136,0.0,0.0
2003-12-25 00:00:00+08:00,18.64,18.78,18.28,18.64,2377648,0.0,0.0
2003-12-26 00:00:00+08:00,18.78,18.78,18.43,18.64,1720998,0.0,0.0
2003-12-29 00:00:00+08:00,18.71,18.92,18.43,18.43,1811525051,0.0,0.0
2003-12-30 00:00:00+08:00,18.71,18.78,18.43,18.5,1615030317,0.0,0.0
2003-12-31 00:00:00+08:00,18.71,18.99,18.5,18.71,4572259,0.0,0.0
2004-01-01 00:00:00+08:00,18.71,18.71,18.71,18.71,0,0.0,0.0
2004-01-02 00:00:00+08:00,18.99,19.13,18.78,18.78,4394018,0.0,0.0
2004-01-05 00:00:00+08:00,18.85,19.06,18.71,18.85,4596027,0.0,0.0
2004-01-06 00:00:00+08:00,19.13,19.56,18.85,18.85,10318232,0.0,0.0
2004-01-07 00:00:00+08:00,19.06,19.35,18.85,19.13,5099228,0.0,0.0
2004-01-08 00:00:00+08:00,19.35,19.7,19.35,19.35,9913451,0.0,0.0
2004-01-09 00:00:00+08:00,19.84,19.84,19.21,19.21,6507935,0.0,0.0
2004-01-12 00:00:00+08:00,19.28,19.63,19.21,19.21,3551126348,0.0,0.0
2004-01-13 00:00:00+08:00,19.42,19.49,19.06,19.13,2535694,0.0,0.0
2004-01-14 00:00:00+08:00,19.13,19.7,19.13,19.42,5479503,0.0,0.0
2004-01-15 00:00:00+08:00,19.56,19.56,18.71,18.85,5259198,0.0,0.0
2004-01-16 00:00:00+08:00,18.99,19.06,18.43,18.5,4810436,0.0,0.0
2004-01-19 00:00:00+08:00,18.5,18.5,18.5,18.5,0,0.0,0.0
2004-01-27 00:00:00+08:00,18.64,18.85,18.57,18.57,3813216,0.0,0.0
2004-01-28 00:00:00+08:00,18.57,19.49,18.57,19.06,9750533,0.0,0.0
2004-01-29 00:00:00+08:00,19.13,19.56,18.99,19.13,5956984,0.0,0.0
2004-01-30 00:00:00+08:00,19.28,19.7,19.06,19.35,7872311,0.0,0.0
2004-02-02 00:00:00+08:00,19.42,20.55,19.35,19.84,15319415,0.0,0.0
2004-02-03 00:00:00+08:00,19.7,19.7,18.99,19.28,5307302,0.0,0.0
2004-02-04 00:00:00+08:00,19.35,20.2,19.35,19.91,30977793,0.0,0.0
2004-02-05 00:00:00+08:00,19.99,20.55,19.91,20.06,25629489,0.0,0.0
2004-02-06 00:00:00+08:00,20.13,20.27,19.7,19.7,9033291,0.0,0.0
2004-02-09 00:00:00+08:00,20.06,20.91,19.99,19.99,16773441,0.0,0.0
2004-02-10 00:00:00+08:00,20.2,20.34,19.99,20.06,8455579,0.0,0.0
2004-02-11 00:00:00+08:00,20.34,20.34,19.99,19.99,8441214,0.0,0.0
2004-02-12 00:00:00+08:00,20.27,20.69,19.63,19.99,15115083423,0.0,0.0
2004-02-13 00:00:00+08:00,20.27,20.27,19.63,19.84,6124689308,0.0,0.0
2004-02-16 00:00:00+08:00,20.06,20.91,20.06,20.13,15894966,0.0,0.0
2004-02-17 00:00:00+08:00,20.41,20.48,19.84,20.06,8733104,0.0,0.0
2004-02-18 00:00:00+08:00,20.27,20.41,20.06,20.2,8809708,0.0,0.0
2004-02-19 00:00:00+08:00,20.34,20.41,19.7,19.91,9784064,0.0,0.0
2004-02-20 00:00:00+08:00,19.91,19.99,19.49,19.49,9064502,0.0,0.0
2004-02-23 00:00:00+08:00,19.84,20.48,19.7,20.27,12366257,0.0,0.0
2004-02-24 00:00:00+08:00,20.13,20.13,19.77,19.77,2407978,0.0,0.0
2004-02-25 00:00:00+08:00,19.99,20.2,19.7,20.06,2993069,0.0,0.0
2004-02-26 00:00:00+08:00,20.2,20.55,20.13,20.41,8351431,0.0,0.0
2004-02-27 00:00:00+08:00,20.55,20.76,20.27,20.27,7310327,0.0,0.0
2004-03-01 00:00:00+08:00,20.55,20.55,20.13,20.13,8966512,0.0,0.0
2004-03-02 00:00:00+08:00,20.27,21.47,20.2,21.4,33888525,0.0,0.0
2004-03-03 00:00:00+08:00,21.4,22.25,21.12,21.19,28181722,0.0,0.0
2004-03-04 00:00:00+08:00,21.54,22.18,21.19,22.11,19220388734,0.0,0.0
2004-03-05 00:00:00+08:00,22.25,22.39,21.47,21.47,15340950,0.0,0.0
2004-03-08 00:00:00+08:00,21.83,21.83,21.19,21.19,11261837,0.0,0.0
2004-03-09 00:00:00+08:00,21.62,21.97,21.33,21.69,10430524,0.0,0.0
2004-03-10 00:00:00+08:00,21.69,21.76,20.84,20.98,7434633,0.0,0.0
2004-03-11 00:00:00+08:00,20.55,20.91,20.41,20.69,6631274,0.0,0.0
2004-03-12 00:00:00+08:00,20.34,20.76,20.34,20.55,3379577,0.0,0.0
2004-03-15 00:00:00+08:00,20.91,20.91,20.41,20.41,3076975,0.0,0.0
2004-03-16 00:00:00+08:00,20.41,20.69,19.77,20.2,5420986,0.0,0.0
2004-03-17 00:00:00+08:00,20.41,20.41,19.63,19.7,4153196436,0.0,0.0
2004-03-18 00:00:00+08:00,19.7,20.34,19.7,20.06,3015632,0.0,0.0
2004-03-19 00:00:00+08:00,20.13,20.2,19.63,19.84,5195022486,0.0,0.0
2004-03-22 00:00:00+08:00,18.5,18.5,18.5,18.5,120375,0.0,0.0
2004-03-23 00:00:00+08:00,17.22,18.07,17.22,17.22,8399506,0.0,0.0
2004-03-24 00:00:00+08:00,17.72,17.93,16.8,17.36,7851285,0.0,0.0
2004-03-25 00:00:00+08:00,17.36,17.5,16.8,17.22,6363748,0.0,0.0
2004-03-26 00:00:00+08:00,17.22,17.29,16.87,16.87,3531081621,0.0,0.0
2004-03-29 00:00:00+08:00,17.5,18.0,17.43,18.0,4646346,0.0,0.0
2004-03-30 00:00:00+08:00,18.36,18.36,17.86,18.07,3261870,0.0,0.0
2004-03-31 00:00:00+08:00,18.14,18.57,18.14,18.5,6484120,0.0,0.0
2004-04-01 00:00:00+08:00,18.5,18.85,17.93,18.71,10047822,0.0,0.0
2004-04-02 00:00:00+08:00,18.92,19.28,18.78,18.85,13473112,0.0,0.0
2004-04-05 00:00:00+08:00,19.13,19.28,18.92,18.92,6363655,0.0,0.0
2004-04-06 00:00:00+08:00,19.13,19.49,18.99,18.99,11177292,0.0,0.0
2004-04-07 00:00:00+08:00,18.99,19.13,18.64,18.78,2998561,0.0,0.0
2004-04-08 00:00:00+08:00,18.92,19.28,18.71,18.92,7559510268,0.0,0.0
2004-04-09 00:00:00+08:00,18.99,20.2,18.92,20.2,26316914,0.0,0.0
2004-04-12 00:00:00+08:00,21.54,21.54,21.54,21.54,7621374,0.0,0.0
2004-04-13 00:00:00+08:00,23.03,23.03,23.03,23.03,9370200,0.0,0.0
2004-04-14 00:00:00+08:00,24.1,24.59,23.53,24.59,78933701,0.0,0.0
2004-04-15 00:00:00+08:00,24.95,25.16,23.95,24.73,73317905285,0.0,0.0
2004-04-16 00:00:00+08:00,23.74,25.8,23.53,25.8,44289654,0.0,0.0
2004-04-19 00:00:00+08:00,25.8,25.8,24.02,24.02,39715232,0.0,0.0
2004-04-20 00:00:00+08:00,24.31,24.45,23.1,23.46,25305647,0.0,0.0
2004-04-21 00:00:00+08:00,23.6,24.17,23.39,23.39,19856915,0.0,0.0
2004-04-22 00:00:00+08:00,23.88,24.02,21.83,22.18,19884853147,0.0,0.0
2004-04-23 00:00:00+08:00,22.61,22.82,22.25,22.82,14700068,0.0,0.0
2004-04-26 00:00:00+08:00,22.82,23.6,22.47,22.82,19163206,0.0,0.0
2004-04-27 00:00:00+08:00,22.96,22.96,21.97,22.04,8153314,0.0,0.0
2004-04-28 00:00:00+08:00,22.11,22.54,21.83,22.04,9486019,0.0,0.0
2004-04-29 00:00:00+08:00,21.97,22.68,21.9,22.32,20686691,0.0,0.0
2004-04-30 00:00:00+08:00,22.32,22.32,20.76,21.12,13132792,0.0,0.0
2004-05-03 00:00:00+08:00,21.12,21.4,19.91,20.91,11799787,0.0,0.0
2004-05-04 00:00:00+08:00,22.25,22.32,21.62,22.32,13772891,0.0,0.0
2004-05-05 00:00:00+08:00,22.68,23.1,22.25,22.68,50109723346,0.0,0.0
2004-05-06 00:00:00+08:00,23.25,23.74,22.11,22.75,30245817,0.0,0.0
2004-05-07 00:00:00+08:00,22.32,22.89,22.18,22.68,8827146726,0.0,0.0
2004-05-10 00:00:00+08:00,22.32,23.32,22.18,22.68,16246562485,0.0,0.0
2004-05-11 00:00:00+08:00,23.03,23.32,22.11,22.61,13614135,0.0,0.0
2004-05-12 00:00:00+08:00,22.89,23.03,22.39,22.54,13112114,0.0,0.0
2004-05-13 00:00:00+08:00,22.54,22.61,20.98,20.98,11144156,0.0,0.0
2004-05-14 00:00:00+08:00,20.41,20.76,19.56,19.56,10126059,0.0,0.0
2004-05-17 00:00:00+08:00,18.57,18.99,18.21,18.21,3251016,0.0,0.0
2004-05-18 00:00:00+08:00,17.22,18.57,17.08,17.29,8398418,0.0,0.0
2004-05-19 00:00:00+08:00,17.72,18.5,17.72,18.5,8985716,0.0,0.0
2004-05-20 00:00:00+08:00,18.36,19.13,18.07,18.14,10309528,0.0,0.0
2004-05-21 00:00:00+08:00,18.28,19.28,17.86,19.28,10169516,0.0,0.0
2004-05-24 00:00:00+08:00,19.13,19.99,18.57,19.56,10596855,0.0,0.0
2004-05-25 00:00:00+08:00,19.56,20.2,19.42,19.91,14795181,0.0,0.0
2004-05-26 00:00:00+08:00,20.55,20.76,19.84,19.91,9080419,0.0,0.0
2004-05-27 00:00:00+08:00,20.13,20.13,19.56,19.56,3039111,0.0,0.0
2004-05-28 00:00:00+08:00,19.84,20.06,19.56,19.99,6220305,0.0,0.0
2004-05-31 00:00:00+08:00,19.99,19.99,19.28,19.42,4195643,0.0,0.0
2004-06-01 00:00:00+08:00,19.42,19.99,19.21,19.7,3076370,0.0,0.0
2004-06-02 00:00:00+08:00,19.56,19.56,18.36,18.36,7249514,0.0,0.0
2004-06-03 00:00:00+08:00,17.72,18.21,17.08,17.08,6652659,0.0,0.0
2004-06-04 00:00:00+08:00,16.73,17.29,15.95,16.16,6660705,0.0,0.0
2004-06-07 00:00:00+08:00,16.65,17.22,16.44,17.22,6828318,0.0,0.0
2004-06-08 00:00:00+08:00,17.64,18.07,17.49,17.93,10943778,0.2,1.02
2004-06-09 00:00:00+08:00,17.93,18.07,17.49,17.71,2611649,0.0,0.0
2004-06-10 00:00:00+08:00,17.49,17.71,17.2,17.27,2237702,0.0,0.0
2004-06-11 00:00:00+08:00,16.98,17.13,16.54,16.69,2642323,0.0,0.0
2004-06-14 00:00:00+08:00,16.91,16.98,15.52,15.81,2856387,0.0,0.0
2004-06-15 00:00:00+08:00,15.6,16.4,15.52,16.4,2944814,0.0,0.0
2004-06-16 00:00:00+08:00,16.69,16.98,16.03,16.11,4761789,0.0,0.0
2004-06-17 00:00:00+08:00,16.33,16.91,16.18,16.91,5259088,0.0,0.0
2004-06-18 00:00:00+08:00,16.84,16.84,16.18,16.18,1775396,0.0,0.0
2004-06-21 00:00:00+08:00,16.76,16.76,15.74,15.81,2859882,0.0,0.0
2004-06-22 00:00:00+08:00,15.81,15.81,15.81,15.81,0,0.0,0.0
2004-06-23 00:00:00+08:00,16.47,16.47,16.11,16.47,4113379,0.0,0.0
2004-06-24 00:00:00+08:00,16.62,17.27,16.47,17.27,8543286,0.0,0.0
2004-06-25 00:00:00+08:00,17.2,17.86,17.13,17.56,8813515,0.0,0.0
2004-06-28 00:00:00+08:00,17.64,18.0,16.98,16.98,5345347,0.0,0.0
2004-06-29 00:00:00+08:00,16.98,17.27,16.84,17.13,3093538,0.0,0.0
2004-06-30 00:00:00+08:00,17.56,17.71,17.13,17.2,4035115,0.0,0.0
2004-07-01 00:00:00+08:00,17.42,17.64,16.91,17.56,4004689,0.0,0.0
2004-07-02 00:00:00+08:00,17.13,18.07,17.05,17.71,8703283,0.0,0.0
2004-07-05 00:00:00+08:00,17.64,17.64,16.91,17.27,3002007,0.0,0.0
2004-07-06 00:00:00+08:00,17.49,17.56,17.13,17.56,2780295,0.0,0.0
2004-07-07 00:00:00+08:00,17.05,17.71,17.05,17.27,3116778,0.0,0.0
2004-07-08 00:00:00+08:00,17.27,17.56,16.62,16.69,4099128,0.0,0.0
2004-07-09 00:00:00+08:00,16.69,16.84,16.4,16.76,4834184,0.0,0.0
2004-07-12 00:00:00+08:00,16.91,16.91,16.33,16.33,3315579,0.0,0.0
2004-07-13 00:00:00+08:00,16.33,16.33,15.81,15.81,3673693,0.0,0.0
2004-07-14 00:00:00+08:00,15.89,16.03,15.38,15.38,3813310,0.0,0.0
2004-07-15 00:00:00+08:00,15.38,15.38,14.36,14.36,6726245,0.0,0.0
2004-07-16 00:00:00+08:00,14.21,14.72,13.92,14.36,4320268,0.0,0.0
2004-07-19 00:00:00+08:00,14.5,14.72,13.48,14.28,6771099,0.0,0.0
2004-07-20 00:00:00+08:00,14.28,14.28,13.34,13.34,4191480,0.0,0.0
2004-07-21 00:00:00+08:00,13.48,13.85,13.48,13.56,4384892,0.0,0.0
2004-07-22 00:00:00+08:00,13.12,13.56,12.75,13.56,2324404,0.0,0.0
2004-07-23 00:00:00+08:00,13.85,14.5,13.7,14.5,9430902,0.0,0.0
2004-07-26 00:00:00+08:00,14.28,14.43,14.07,14.28,3421669,0.0,0.0
2004-07-27 00:00:00+08:00,14.43,14.65,13.77,14.58,6973080,0.0,0.0
2004-07-28 00:00:00+08:00,14.72,15.16,14.65,14.79,6870042,0.0,0.0
2004-07-29 00:00:00+08:00,14.79,14.87,14.58,14.58,2132914,0.0,0.0
2004-07-30 00:00:00+08:00,14.79,15.01,14.43,14.43,2709444,0.0,0.0
2004-08-02 00:00:00+08:00,14.28,14.43,13.48,13.48,3017624,0.0,0.0
2004-08-03 00:00:00+08:00,13.48,13.77,13.48,13.77,2456087,0.0,0.0
2004-08-04 00:00:00+08:00,13.56,13.63,12.97,13.26,2272123,0.0,0.0
2004-08-05 00:00:00+08:00,13.48,14.14,13.12,14.14,6872731,0.0,0.0
2004-08-06 00:00:00+08:00,13.85,14.5,13.77,14.14,6175657307,0.0,0.0
2004-08-09 00:00:00+08:00,13.92,14.21,13.63,14.21,2309192,0.0,0.0
2004-08-10 00:00:00+08:00,14.28,14.79,14.28,14.43,6490685,0.0,0.0
2004-08-11 00:00:00+08:00,14.72,15.01,14.21,14.28,7319492,0.0,0.0
2004-08-12 00:00:00+08:00,14.28,14.36,13.92,14.07,3536306,0.0,0.0
2004-08-13 00:00:00+08:00,13.92,14.36,13.77,14.21,4731766,0.0,0.0
2004-08-16 00:00:00+08:00,14.21,14.36,14.07,14.07,2007504,0.0,0.0
2004-08-17 00:00:00+08:00,14.28,14.43,13.85,13.85,2702698,0.0,0.0
2004-08-18 00:00:00+08:00,13.99,14.28,13.19,14.28,5110215,0.0,0.0
2004-08-19 00:00:00+08:00,14.5,15.23,14.28,15.23,15044640,0.0,0.0
2004-08-20 00:00:00+08:00,15.67,16.25,15.6,16.25,18284363,0.0,0.0
2004-08-23 00:00:00+08:00,16.54,16.54,15.89,16.33,7748009,0.0,0.0
2004-08-24 00:00:00+08:00,16.33,16.33,16.33,16.33,0,0.0,0.0
2004-08-26 00:00:00+08:00,16.54,16.98,16.33,16.4,10931658809,0.0,0.0
2004-08-27 00:00:00+08:00,16.33,17.13,16.11,16.69,11021758,0.0,0.0
2004-08-30 00:00:00+08:00,16.69,16.91,16.33,16.33,3069614,0.0,0.0
2004-08-31 00:00:00+08:00,16.11,16.84,16.03,16.47,9351182,0.0,0.0
2004-09-01 00:00:00+08:00,16.69,17.2,16.54,17.13,9298567,0.0,0.0
2004-09-02 00:00:00+08:00,17.2,17.35,16.76,16.76,5535102,0.0,0.0
2004-09-03 00:00:00+08:00,16.91,16.98,16.18,16.18,4306529,0.0,0.0
2004-09-06 00:00:00+08:00,16.18,16.54,16.03,16.4,2505876178,0.0,0.0
2004-09-07 00:00:00+08:00,16.62,16.69,16.33,16.54,2193645,0.0,0.0
2004-09-08 00:00:00+08:00,16.54,17.2,16.25,16.4,8292049,0.0,0.0
2004-09-09 00:00:00+08:00,16.25,16.76,16.25,16.4,4822928,0.0,0.0
2004-09-10 00:00:00+08:00,16.62,16.76,15.89,15.89,9307739,0.0,0.0
2004-09-13 00:00:00+08:00,16.03,16.18,15.6,15.81,6109135,0.0,0.0
2004-09-14 00:00:00+08:00,15.89,16.25,15.89,15.89,5962679,0.0,0.0
2004-09-15 00:00:00+08:00,16.11,16.11,15.74,15.74,2376778,0.0,0.0
2004-09-16 00:00:00+08:00,15.67,15.81,15.16,15.67,4902929,0.0,0.0
2004-09-17 00:00:00+08:00,15.89,16.33,15.67,15.67,7180307272,0.0,0.0
2004-09-20 00:00:00+08:00,15.81,15.89,15.09,15.09,2715884,0.0,0.0
2004-09-21 00:00:00+08:00,15.16,15.52,15.01,15.23,4080218,0.0,0.0
2004-09-22 00:00:00+08:00,15.38,15.52,15.23,15.38,2589709,0.0,0.0
2004-09-23 00:00:00+08:00,15.38,15.52,15.23,15.45,1498716,0.0,0.0
2004-09-24 00:00:00+08:00,15.67,15.67,15.3,15.3,1707216,0.0,0.0
2004-09-27 00:00:00+08:00,15.3,15.38,14.72,14.72,2459815,0.0,0.0
2004-09-28 00:00:00+08:00,14.72,14.72,14.72,14.72,0,0.0,0.0
2004-09-29 00:00:00+08:00,14.72,14.94,14.5,14.58,2283904,0.0,0.0
2004-09-30 00:00:00+08:00,14.65,14.87,14.28,14.43,2064727,0.0,0.0
2004-10-01 00:00:00+08:00,14.43,14.65,14.07,14.21,2943124,0.0,0.0
2004-10-04 00:00:00+08:00,14.5,15.16,14.43,15.16,2968404,0.0,0.0
2004-10-05 00:00:00+08:00,15.45,15.67,15.23,15.3,3928778,0.0,0.0
2004-10-06 00:00:00+08:00,15.3,15.6,15.09,15.23,3345515,0.0,0.0
2004-10-07 00:00:00+08:00,15.52,15.6,15.16,15.3,3959210,0.0,0.0
2004-10-08 00:00:00+08:00,15.23,15.45,15.01,15.01,1927246,0.0,0.0
2004-10-11 00:00:00+08:00,14.94,14.94,14.65,14.79,1120046,0.0,0.0
2004-10-12 00:00:00+08:00,14.79,15.09,14.58,14.72,2318462,0.0,0.0
2004-10-13 00:00:00+08:00,14.79,14.94,14.58,14.58,1140244,0.0,0.0
2004-10-14 00:00:00+08:00,14.58,14.79,14.43,14.58,1753805,0.0,0.0
2004-10-15 00:00:00+08:00,14.58,14.72,14.36,14.36,1306762,0.0,0.0
2004-10-18 00:00:00+08:00,14.5,14.5,14.07,14.07,1003998,0.0,0.0
2004-10-19 00:00:00+08:00,14.21,14.58,14.21,14.43,1293582,0.0,0.0
2004-10-20 00:00:00+08:00,14.43,14.43,14.28,14.28,627782,0.0,0.0
2004-10-21 00:00:00+08:00,14.28,14.72,14.21,14.28,1286030,0.0,0.0
2004-10-22 00:00:00+08:00,14.58,14.65,14.28,14.28,923154,0.0,0.0
2004-10-25 00:00:00+08:00,14.28,14.28,14.28,14.28,0,0.0,0.0
2004-10-26 00:00:00+08:00,14.21,14.21,13.48,13.56,1438055,0.0,0.0
2004-10-27 00:00:00+08:00,13.34,13.7,13.34,13.48,875876,0.0,0.0
2004-10-28 00:00:00+08:00,13.85,13.92,13.63,13.7,1683773,0.0,0.0
2004-10-29 00:00:00+08:00,13.7,13.85,13.19,13.34,2052717,0.0,0.0
2004-11-01 00:00:00+08:00,13.34,13.48,12.54,12.61,2074626,0.0,0.0
2004-11-02 00:00:00+08:00,12.54,12.83,12.54,12.83,3227208,0.0,0.0
2004-11-03 00:00:00+08:00,12.83,13.7,12.75,13.63,4952824,0.0,0.0
2004-11-04 00:00:00+08:00,13.63,13.7,13.26,13.34,2230326,0.0,0.0
2004-11-05 00:00:00+08:00,13.63,13.77,13.34,13.41,1699177,0.0,0.0
2004-11-08 00:00:00+08:00,13.41,13.41,13.12,13.19,1000538,0.0,0.0
2004-11-09 00:00:00+08:00,13.19,13.34,12.75,12.9,1743855,0.0,0.0
2004-11-10 00:00:00+08:00,13.05,13.34,13.05,13.26,2421043,0.0,0.0
2004-11-11 00:00:00+08:00,13.19,13.19,12.9,13.05,1006419,0.0,0.0
2004-11-12 00:00:00+08:00,13.19,13.34,13.19,13.19,1386670,0.0,0.0
2004-11-15 00:00:00+08:00,13.41,13.48,13.12,13.12,641086,0.0,0.0
2004-11-16 00:00:00+08:00,13.26,13.34,13.05,13.19,770153,0.0,0.0
2004-11-17 00:00:00+08:00,13.26,14.07,13.12,14.07,5685776,0.0,0.0
2004-11-18 00:00:00+08:00,14.21,14.36,13.92,14.14,4736429,0.0,0.0
2004-11-19 00:00:00+08:00,14.21,14.21,13.92,13.92,1406458,0.0,0.0
2004-11-22 00:00:00+08:00,13.77,13.77,13.19,13.41,1954937437,0.0,0.0
2004-11-23 00:00:00+08:00,13.41,13.56,13.12,13.19,2317637,0.0,0.0
2004-11-24 00:00:00+08:00,13.26,13.63,13.19,13.26,3393857,0.0,0.0
2004-11-25 00:00:00+08:00,13.26,13.26,12.97,13.05,1210041,0.0,0.0
2004-11-26 00:00:00+08:00,13.12,13.41,12.9,12.9,1659893,0.0,0.0
2004-11-29 00:00:00+08:00,13.12,13.12,12.75,12.97,927760,0.0,0.0
2004-11-30 00:00:00+08:00,12.9,12.97,12.75,12.83,614391,0.0,0.0
2004-12-01 00:00:00+08:00,12.83,13.05,12.75,12.83,1476143013,0.0,0.0
2004-12-02 00:00:00+08:00,13.12,13.34,12.97,13.12,3623845,0.0,0.0
2004-12-03 00:00:00+08:00,13.26,13.34,13.05,13.05,1237511,0.0,0.0
2004-12-06 00:00:00+08:00,13.05,13.19,12.97,13.05,963654,0.0,0.0
2004-12-07 00:00:00+08:00,13.12,13.41,13.05,13.34,5788537,0.0,0.0
2004-12-08 00:00:00+08:00,13.34,13.34,12.97,13.05,2940476,0.0,0.0
2004-12-09 00:00:00+08:00,13.12,13.19,12.9,12.9,3028951,0.0,0.0
2004-12-10 00:00:00+08:00,12.9,12.97,12.68,12.75,2638756,0.0,0.0
2004-12-13 00:00:00+08:00,12.9,13.12,12.75,12.75,1845694,0.0,0.0
2004-12-14 00:00:00+08:00,13.12,13.26,12.97,13.12,2843421,0.0,0.0
2004-12-15 00:00:00+08:00,13.19,13.34,13.05,13.34,3467675,0.0,0.0
2004-12-16 00:00:00+08:00,13.41,13.56,13.19,13.48,4048713,0.0,0.0
2004-12-17 00:00:00+08:00,13.48,13.48,13.26,13.26,1234769,0.0,0.0
2004-12-20 00:00:00+08:00,12.97,13.12,12.9,12.97,1233296,0.0,0.0
2004-12-21 00:00:00+08:00,13.05,13.26,13.05,13.12,943863,0.0,0.0
2004-12-22 00:00:00+08:00,13.34,13.34,13.05,13.05,1074703,0.0,0.0
2004-12-23 00:00:00+08:00,13.05,13.19,12.97,13.05,826937,0.0,0.0
2004-12-24 00:00:00+08:00,13.12,13.19,13.05,13.12,858364,0.0,0.0
2004-12-27 00:00:00+08:00,13.12,13.19,12.9,12.9,619593,0.0,0.0
2004-12-28 00:00:00+08:00,12.97,13.05,12.9,12.97,754985,0.0,0.0
2004-12-29 00:00:00+08:00,13.19,13.41,13.12,13.26,3998532,0.0,0.0
2004-12-30 00:00:00+08:00,13.41,13.41,13.12,13.19,1012516,0.0,0.0
2004-12-31 00:00:00+08:00,13.19,13.34,13.05,13.34,2739557,0.0,0.0
2005-01-03 00:00:00+08:00,13.41,13.85,13.34,13.77,8464067,0.0,0.0
2005-01-04 00:00:00+08:00,13.77,13.77,13.41,13.48,3540240,0.0,0.0
2005-01-05 00:00:00+08:00,13.34,13.63,13.26,13.41,3121760,0.0,0.0
2005-01-06 00:00:00+08:00,13.41,13.63,13.12,13.12,2671745,0.0,0.0
2005-01-07 00:00:00+08:00,13.19,13.34,12.9,12.9,2379700,0.0,0.0
2005-01-10 00:00:00+08:00,12.97,13.12,12.83,12.9,1814581,0.0,0.0
2005-01-11 00:00:00+08:00,13.05,13.12,12.9,13.12,1226282,0.0,0.0
2005-01-12 00:00:00+08:00,13.05,13.05,12.61,12.68,2714950,0.0,0.0
2005-01-13 00:00:00+08:00,12.75,12.83,12.03,12.32,3009055936,0.0,0.0
2005-01-14 00:00:00+08:00,12.24,12.24,11.95,12.1,3155031,0.0,0.0
2005-01-17 00:00:00+08:00,12.17,12.46,12.03,12.1,3478099,0.0,0.0
2005-01-18 00:00:00+08:00,12.1,12.17,11.59,11.66,3724389,0.0,0.0
2005-01-19 00:00:00+08:00,11.66,11.66,11.08,11.15,4470164,0.0,0.0
2005-01-20 00:00:00+08:00,10.93,11.52,10.93,11.44,3191701,0.0,0.0
2005-01-21 00:00:00+08:00,11.44,11.44,11.15,11.15,1381353,0.0,0.0
2005-01-24 00:00:00+08:00,11.15,11.3,11.0,11.08,1636210,0.0,0.0
2005-01-25 00:00:00+08:00,11.15,11.22,10.93,11.0,1339157,0.0,0.0
2005-01-26 00:00:00+08:00,11.15,11.37,11.08,11.22,2047849,0.0,0.0
2005-01-27 00:00:00+08:00,11.37,11.37,10.86,10.9,4003654,0.0,0.0
2005-01-28 00:00:00+08:00,10.9,11.3,10.75,11.15,3488326,0.0,0.0
2005-01-31 00:00:00+08:00,11.3,11.73,11.0,11.59,5853147,0.0,0.0
2005-02-01 00:00:00+08:00,11.66,11.81,11.52,11.52,4077209,0.0,0.0
2005-02-02 00:00:00+08:00,11.73,11.81,11.44,11.44,2594731,0.0,0.0
2005-02-03 00:00:00+08:00,11.59,11.59,11.3,11.3,1971399,0.0,0.0
2005-02-04 00:00:00+08:00,11.3,11.3,11.3,11.3,0,0.0,0.0
2005-02-14 00:00:00+08:00,11.59,11.66,11.37,11.37,4150363,0.0,0.0
2005-02-15 00:00:00+08:00,11.52,11.95,11.44,11.88,15164875,0.0,0.0
2005-02-16 00:00:00+08:00,12.03,12.39,11.95,12.17,15102641,0.0,0.0
2005-02-17 00:00:00+08:00,12.17,12.24,11.81,11.81,4571605,0.0,0.0
2005-02-18 00:00:00+08:00,11.81,12.24,11.66,12.24,6450440,0.0,0.0
2005-02-21 00:00:00+08:00,12.32,12.61,12.17,12.24,11816921,0.0,0.0
2005-02-22 00:00:00+08:00,12.32,12.46,12.1,12.24,4495551,0.0,0.0
2005-02-23 00:00:00+08:00,12.24,12.46,12.1,12.24,5344498,0.0,0.0
2005-02-24 00:00:00+08:00,12.32,12.32,11.88,11.95,3353192,0.0,0.0
2005-02-25 00:00:00+08:00,12.24,12.32,11.95,11.95,3088129,0.0,0.0
2005-02-28 00:00:00+08:00,11.95,11.95,11.95,11.95,0,0.0,0.0
2005-03-01 00:00:00+08:00,11.95,12.06,11.95,11.95,1891471,0.0,0.0
2005-03-02 00:00:00+08:00,12.1,12.1,11.73,11.81,2530049,0.0,0.0
2005-03-03 00:00:00+08:00,11.95,11.95,11.73,11.81,1140636,0.0,0.0
2005-03-04 00:00:00+08:00,11.95,12.1,11.81,11.88,2174342,0.0,0.0
2005-03-07 00:00:00+08:00,12.03,12.68,11.99,12.43,13161524,0.0,0.0
2005-03-08 00:00:00+08:00,12.46,12.54,11.99,12.03,4843311,0.0,0.0
2005-03-09 00:00:00+08:00,12.03,12.5,12.03,12.35,4889567,0.0,0.0
2005-03-10 00:00:00+08:00,12.32,12.9,12.21,12.61,10612222,0.0,0.0
2005-03-11 00:00:00+08:00,12.83,12.97,12.61,12.61,10138654,0.0,0.0
2005-03-14 00:00:00+08:00,12.61,13.45,12.54,13.12,20874097,0.0,0.0
2005-03-15 00:00:00+08:00,13.12,13.23,12.24,12.43,20936430,0.0,0.0
2005-03-16 00:00:00+08:00,12.39,12.61,12.28,12.28,6033447,0.0,0.0
2005-03-17 00:00:00+08:00,12.13,12.72,12.06,12.68,7460224,0.0,0.0
2005-03-18 00:00:00+08:00,12.61,12.9,12.54,12.54,16489558,0.0,0.0
2005-03-21 00:00:00+08:00,12.64,12.86,12.54,12.54,7379031,0.0,0.0
2005-03-22 00:00:00+08:00,12.54,12.61,12.17,12.17,8102142,0.0,0.0
2005-03-23 00:00:00+08:00,12.17,12.28,11.92,12.1,3252123,0.0,0.0
2005-03-24 00:00:00+08:00,12.28,12.5,12.1,12.1,4580029,0.0,0.0
2005-03-25 00:00:00+08:00,12.24,12.32,12.17,12.32,1801244,0.0,0.0
2005-03-28 00:00:00+08:00,12.54,13.15,12.54,13.15,11939206,0.0,0.0
2005-03-29 00:00:00+08:00,13.3,13.34,12.86,13.12,18817809,0.0,0.0
2005-03-30 00:00:00+08:00,13.34,13.67,12.9,12.9,23992958,0.0,0.0
2005-03-31 00:00:00+08:00,13.19,13.26,13.01,13.05,11351349,0.0,0.0
2005-04-01 00:00:00+08:00,13.15,13.41,13.01,13.41,7352246,0.0,0.0
2005-04-04 00:00:00+08:00,13.41,13.92,13.41,13.41,16963256,0.0,0.0
2005-04-05 00:00:00+08:00,13.41,13.41,13.41,13.41,0,0.0,0.0
2005-04-06 00:00:00+08:00,13.41,13.48,13.05,13.05,5495205,0.0,0.0
2005-04-07 00:00:00+08:00,13.3,13.3,12.57,12.75,8711555,0.0,0.0
2005-04-08 00:00:00+08:00,12.83,13.01,12.68,12.68,6175386,0.0,0.0
2005-04-11 00:00:00+08:00,12.68,12.86,12.64,12.75,3158707,0.0,0.0
2005-04-12 00:00:00+08:00,12.75,12.86,12.64,12.75,2671481,0.0,0.0
2005-04-13 00:00:00+08:00,12.83,12.94,12.68,12.79,3604994,0.0,0.0
2005-04-14 00:00:00+08:00,12.68,12.83,12.32,12.35,3839700,0.0,0.0
2005-04-15 00:00:00+08:00,12.17,12.32,11.95,11.95,4344133,0.0,0.0
2005-04-18 00:00:00+08:00,11.73,11.95,11.15,11.15,3604861,0.0,0.0
2005-04-19 00:00:00+08:00,11.15,11.44,11.15,11.15,2287050,0.0,0.0
2005-04-20 00:00:00+08:00,11.3,11.37,10.6,10.64,3033071,0.0,0.0
2005-04-21 00:00:00+08:00,10.57,11.0,10.57,10.82,4078940,0.0,0.0
2005-04-22 00:00:00+08:00,11.0,11.11,10.79,10.82,2740498,0.0,0.0
2005-04-25 00:00:00+08:00,10.82,10.93,10.71,10.75,1155294,0.0,0.0
2005-04-26 00:00:00+08:00,10.93,11.22,10.82,11.15,2285054,0.0,0.0
2005-04-27 00:00:00+08:00,11.15,11.22,10.93,10.93,1490194,0.0,0.0
2005-04-28 00:00:00+08:00,10.93,11.08,10.9,10.93,1713088,0.0,0.0
2005-04-29 00:00:00+08:00,10.93,11.08,10.82,10.86,1498583,0.0,0.0
2005-05-02 00:00:00+08:00,10.86,10.86,10.86,10.86,0,0.0,0.0
2005-05-03 00:00:00+08:00,10.97,11.08,10.86,10.86,1367185,0.0,0.0
2005-05-04 00:00:00+08:00,11.04,11.04,10.75,10.86,1372927,0.0,0.0
2005-05-05 00:00:00+08:00,11.11,11.59,11.08,11.59,6212365,0.0,0.0
2005-05-06 00:00:00+08:00,11.73,12.03,11.59,11.88,7796536,0.0,0.0
2005-05-09 00:00:00+08:00,11.88,11.88,11.52,11.59,2419381,0.0,0.0
2005-05-10 00:00:00+08:00,11.66,11.81,11.59,11.62,1711904,0.0,0.0
2005-05-11 00:00:00+08:00,11.37,11.59,11.37,11.44,1106485,0.0,0.0
2005-05-12 00:00:00+08:00,11.52,11.52,11.3,11.33,1218190,0.0,0.0
2005-05-13 00:00:00+08:00,11.33,11.55,11.15,11.37,2779952,0.0,0.0
2005-05-16 00:00:00+08:00,11.48,11.66,11.22,11.22,3169257,0.0,0.0
2005-05-17 00:00:00+08:00,11.37,11.48,11.26,11.26,1517841,0.0,0.0
2005-05-18 00:00:00+08:00,11.37,11.59,11.33,11.44,1872875,0.0,0.0
2005-05-19 00:00:00+08:00,11.66,11.92,11.62,11.77,4202915,0.0,0.0
2005-05-20 00:00:00+08:00,11.99,12.21,11.77,11.81,4681881,0.0,0.0
2005-05-23 00:00:00+08:00,11.81,11.84,11.52,11.52,1702166,0.0,0.0
2005-05-24 00:00:00+08:00,11.55,11.95,11.55,11.81,3785809,0.0,0.0
2005-05-25 00:00:00+08:00,11.88,12.06,11.55,11.66,4078549,0.0,0.0
2005-05-26 00:00:00+08:00,11.7,12.03,11.55,12.03,3943084,0.0,0.0
2005-05-27 00:00:00+08:00,12.21,12.61,12.21,12.54,9524938,0.0,0.0
2005-05-30 00:00:00+08:00,12.75,12.75,12.39,12.43,4792794,0.0,0.0
2005-05-31 00:00:00+08:00,12.46,12.68,12.35,12.39,6397007,0.0,0.0
2005-06-01 00:00:00+08:00,12.39,12.54,12.17,12.24,4422597,0.0,0.0
2005-06-02 00:00:00+08:00,12.46,13.08,12.39,12.86,24462851,0.0,0.0
2005-06-03 00:00:00+08:00,13.34,13.48,13.23,13.37,15970717,0.0,0.0
2005-06-06 00:00:00+08:00,13.48,13.48,13.26,13.48,6071340,0.0,0.0
2005-06-07 00:00:00+08:00,13.48,13.48,12.9,12.97,5930531,0.0,0.0
2005-06-08 00:00:00+08:00,12.97,13.3,12.97,13.08,4467226,0.0,0.0
2005-06-09 00:00:00+08:00,13.05,13.12,12.46,12.61,4924228,0.0,0.0
2005-06-10 00:00:00+08:00,12.9,12.94,12.61,12.75,2954265,0.0,0.0
2005-06-13 00:00:00+08:00,12.75,12.97,12.72,12.83,2907356,0.0,0.0
2005-06-14 00:00:00+08:00,12.9,13.19,12.83,12.94,4720548089,0.0,0.0
2005-06-15 00:00:00+08:00,12.97,13.3,12.97,13.3,5814330,0.0,0.0
2005-06-16 00:00:00+08:00,13.48,13.63,13.26,13.41,11103279,0.0,0.0
2005-06-17 00:00:00+08:00,13.59,13.74,13.19,13.19,10586127,0.0,0.0
2005-06-20 00:00:00+08:00,13.26,13.34,13.15,13.3,2892928,0.0,0.0
2005-06-21 00:00:00+08:00,13.23,13.37,13.15,13.19,4066464,0.0,0.0
2005-06-22 00:00:00+08:00,13.34,13.63,13.19,13.59,8501557,0.0,0.0
2005-06-23 00:00:00+08:00,13.77,14.07,13.74,14.03,20156962,0.0,0.0
2005-06-24 00:00:00+08:00,13.85,13.96,13.7,13.81,5625087,0.0,0.0
2005-06-27 00:00:00+08:00,13.56,14.76,13.56,13.81,5709552,0.0,0.0
2005-06-28 00:00:00+08:00,13.74,14.76,13.74,14.58,14652209,0.0,0.0
2005-06-29 00:00:00+08:00,14.79,14.94,13.99,13.99,8071276,0.0,0.0
2005-06-30 00:00:00+08:00,14.14,14.36,13.7,13.77,5385586721,0.0,0.0
2005-07-01 00:00:00+08:00,13.99,14.07,13.7,13.92,4010347,0.0,0.0
2005-07-04 00:00:00+08:00,14.07,14.07,13.88,13.96,2506378,0.0,0.0
2005-07-05 00:00:00+08:00,13.99,14.03,13.7,13.74,3590696,0.0,0.0
2005-07-06 00:00:00+08:00,13.99,14.07,13.7,13.74,3495036,0.0,0.0
2005-07-07 00:00:00+08:00,13.81,13.99,13.63,13.63,3148296,0.0,0.0
2005-07-08 00:00:00+08:00,13.63,13.96,13.34,13.34,6470402,0.0,0.0
2005-07-11 00:00:00+08:00,13.56,13.77,13.48,13.59,3996019,0.0,0.0
2005-07-12 00:00:00+08:00,13.77,13.99,13.67,13.81,6994548,0.0,0.0
2005-07-13 00:00:00+08:00,13.88,14.21,13.85,14.03,8688966,0.0,0.0
2005-07-14 00:00:00+08:00,14.14,14.36,14.1,14.18,6399504,0.0,0.0
2005-07-15 00:00:00+08:00,14.25,14.25,13.85,13.85,4518242,0.0,0.0
2005-07-18 00:00:00+08:00,13.85,13.85,13.85,13.85,0,0.0,0.0
2005-07-19 00:00:00+08:00,13.88,14.03,13.59,13.92,8399432,0.0,0.0
2005-07-20 00:00:00+08:00,14.14,14.18,13.56,13.7,13725724,0.0,0.0
2005-07-21 00:00:00+08:00,13.48,13.74,13.26,13.26,6616228,0.0,0.0
2005-07-22 00:00:00+08:00,13.26,13.26,12.35,12.54,18022560,0.0,0.0
2005-07-25 00:00:00+08:00,12.46,12.54,12.35,12.5,7881013,0.0,0.0
2005-07-26 00:00:00+08:00,12.54,12.72,12.5,12.68,4279900,0.0,0.0
2005-07-27 00:00:00+08:00,12.61,12.72,12.39,12.5,3479563,0.0,0.0
2005-07-28 00:00:00+08:00,12.54,12.61,12.43,12.46,3093039,0.0,0.0
2005-07-29 00:00:00+08:00,12.61,12.61,12.32,12.32,4609677,0.0,0.0
2005-08-01 00:00:00+08:00,12.32,12.32,11.92,12.03,2843720,0.0,0.0
2005-08-02 00:00:00+08:00,12.1,12.17,11.59,11.73,4748321,0.0,0.0
2005-08-03 00:00:00+08:00,11.73,12.17,11.73,12.13,8329383,0.0,0.0
2005-08-04 00:00:00+08:00,12.5,12.73,12.46,12.65,8390633,0.19,1.02
2005-08-05 00:00:00+08:00,12.65,12.65,12.65,12.65,0,0.0,0.0
2005-08-08 00:00:00+08:00,12.5,12.77,12.5,12.61,4487542,0.0,0.0
2005-08-09 00:00:00+08:00,12.65,12.73,12.57,12.61,2984564,0.0,0.0
2005-08-10 00:00:00+08:00,12.8,12.92,12.73,12.73,5279668,0.0,0.0
2005-08-11 00:00:00+08:00,12.8,13.15,12.77,12.84,12444013,0.0,0.0
2005-08-12 00:00:00+08:00,13.03,13.15,12.73,12.73,5851269,0.0,0.0
2005-08-15 00:00:00+08:00,12.73,12.73,12.19,12.27,3518037,0.0,0.0
2005-08-16 00:00:00+08:00,12.27,12.34,11.92,12.19,3193322,0.0,0.0
2005-08-17 00:00:00+08:00,12.11,12.27,12.04,12.11,1939654,0.0,0.0
2005-08-18 00:00:00+08:00,12.19,12.57,12.19,12.46,5916942,0.0,0.0
2005-08-19 00:00:00+08:00,12.57,12.57,12.42,12.57,3521000,0.0,0.0
2005-08-22 00:00:00+08:00,12.65,12.73,12.38,12.46,2364920,0.0,0.0
2005-08-23 00:00:00+08:00,12.57,12.73,12.38,12.42,2798118,0.0,0.0
2005-08-24 00:00:00+08:00,12.34,12.34,11.65,11.69,6978735,0.0,0.0
2005-08-25 00:00:00+08:00,11.69,11.92,11.58,11.69,2382166,0.0,0.0
2005-08-26 00:00:00+08:00,11.73,11.96,11.73,11.81,1931548,0.0,0.0
2005-08-29 00:00:00+08:00,11.77,11.77,11.39,11.58,2799192,0.0,0.0
2005-08-30 00:00:00+08:00,11.58,11.65,10.93,11.04,5422754,0.0,0.0
2005-08-31 00:00:00+08:00,11.04,11.19,10.73,10.89,3267969,0.0,0.0
2005-09-01 00:00:00+08:00,10.89,10.89,10.89,10.89,0,0.0,0.0
2005-09-02 00:00:00+08:00,11.08,11.16,10.96,11.16,1757631,0.0,0.0
2005-09-05 00:00:00+08:00,11.31,11.39,11.16,11.39,2679378,0.0,0.0
2005-09-06 00:00:00+08:00,11.65,12.15,11.65,12.15,6851486,0.0,0.0
2005-09-07 00:00:00+08:00,12.65,12.69,12.23,12.27,12574865,0.0,0.0
2005-09-08 00:00:00+08:00,12.11,12.5,12.11,12.34,4591914,0.0,0.0
2005-09-09 00:00:00+08:00,12.34,12.5,12.11,12.19,2321774,0.0,0.0
2005-09-12 00:00:00+08:00,12.34,12.34,12.08,12.19,1923093,0.0,0.0
2005-09-13 00:00:00+08:00,12.19,12.27,12.11,12.27,1958266,0.0,0.0
2005-09-14 00:00:00+08:00,12.31,12.38,12.08,12.08,2446427,0.0,0.0
2005-09-15 00:00:00+08:00,12.23,12.27,11.88,11.92,4346414,0.0,0.0
2005-09-16 00:00:00+08:00,11.92,12.0,11.54,11.54,4404377,0.0,0.0
2005-09-19 00:00:00+08:00,11.65,11.77,11.65,11.69,1549667,0.0,0.0
2005-09-20 00:00:00+08:00,11.69,12.27,11.58,12.19,4610335,0.0,0.0
2005-09-21 00:00:00+08:00,12.15,12.34,11.92,12.11,2459176,0.0,0.0
2005-09-22 00:00:00+08:00,11.88,12.04,11.65,11.73,1920821,0.0,0.0
2005-09-23 00:00:00+08:00,11.73,11.88,11.65,11.81,2057662,0.0,0.0
2005-09-26 00:00:00+08:00,11.96,12.42,11.88,12.42,2769319,0.0,0.0
2005-09-27 00:00:00+08:00,12.34,12.38,12.11,12.11,2336978,0.0,0.0
2005-09-28 00:00:00+08:00,12.11,12.27,11.96,11.96,1632845,0.0,0.0
2005-09-29 00:00:00+08:00,12.68,12.96,12.68,12.88,2334938,0.0,0.0
2005-09-30 00:00:00+08:00,13.0,13.29,12.92,13.04,5126580,0.0,0.0
2005-10-03 00:00:00+08:00,13.16,13.33,13.12,13.16,4685565,0.0,0.0
2005-10-04 00:00:00+08:00,13.25,13.25,12.96,13.16,2868339,0.0,0.0
2005-10-05 00:00:00+08:00,13.2,13.41,13.08,13.12,4882540,0.0,0.0
2005-10-06 00:00:00+08:00,13.08,13.49,13.0,13.0,4531297,0.0,0.0
2005-10-07 00:00:00+08:00,13.08,13.41,13.0,13.08,4601022,0.0,0.0
2005-10-10 00:00:00+08:00,12.42,12.42,12.42,12.42,0,0.0,0.0
2005-10-11 00:00:00+08:00,13.33,13.33,12.92,12.92,1592360,0.0,0.0
2005-10-12 00:00:00+08:00,12.92,13.04,12.48,12.48,2392462,0.0,0.0
2005-10-13 00:00:00+08:00,12.28,12.56,12.28,12.36,1479927,0.0,0.0
2005-10-14 00:00:00+08:00,12.44,12.68,12.44,12.52,1628094,0.0,0.0
2005-10-17 00:00:00+08:00,12.68,12.72,12.36,12.36,3100177,0.0,0.0
2005-10-18 00:00:00+08:00,12.48,12.84,12.44,12.76,3306740,0.0,0.0
2005-10-19 00:00:00+08:00,12.52,12.76,12.28,12.76,2758521,0.0,0.0
2005-10-20 00:00:00+08:00,12.76,13.0,12.56,12.92,4879053,0.0,0.0
2005-10-21 00:00:00+08:00,12.84,12.92,12.72,12.88,2069980,0.0,0.0
2005-10-24 00:00:00+08:00,12.92,12.92,12.44,12.76,1542680,0.0,0.0
2005-10-25 00:00:00+08:00,13.0,13.33,12.84,12.84,5317454,0.0,0.0
2005-10-26 00:00:00+08:00,12.96,12.96,12.32,12.32,2646960,0.0,0.0
2005-10-27 00:00:00+08:00,12.32,12.52,12.11,12.15,2049934,0.0,0.0
2005-10-28 00:00:00+08:00,12.11,12.28,11.51,11.67,3309354,0.0,0.0
2005-10-31 00:00:00+08:00,11.75,12.24,11.75,12.2,1907868,0.0,0.0
2005-11-01 00:00:00+08:00,12.44,13.0,12.36,12.68,4266339,0.0,0.0
2005-11-02 00:00:00+08:00,13.08,13.2,12.84,12.92,5120479,0.0,0.0
2005-11-03 00:00:00+08:00,13.16,13.16,12.72,12.72,3647524,0.0,0.0
2005-11-04 00:00:00+08:00,12.92,13.04,12.84,12.84,3889820,0.0,0.0
2005-11-07 00:00:00+08:00,13.08,13.08,12.72,12.72,3311097,0.0,0.0
2005-11-08 00:00:00+08:00,12.76,13.12,12.76,12.84,4805841,0.0,0.0
2005-11-09 00:00:00+08:00,12.92,13.73,12.84,13.73,14190917,0.0,0.0
2005-11-10 00:00:00+08:00,13.97,14.21,13.81,13.93,15542723,0.0,0.0
2005-11-11 00:00:00+08:00,14.09,14.21,13.77,13.97,9169797,0.0,0.0
2005-11-14 00:00:00+08:00,14.05,14.38,13.89,14.13,12761541,0.0,0.0
2005-11-15 00:00:00+08:00,14.13,14.21,13.77,13.81,4437167,0.0,0.0
2005-11-16 00:00:00+08:00,13.81,14.3,13.81,14.09,7383948,0.0,0.0
2005-11-17 00:00:00+08:00,14.21,14.5,13.97,14.46,9531499,0.0,0.0
2005-11-18 00:00:00+08:00,14.62,15.1,14.54,14.54,16646132,0.0,0.0
2005-11-21 00:00:00+08:00,14.7,14.82,14.54,14.62,8157903,0.0,0.0
2005-11-22 00:00:00+08:00,14.7,14.82,14.34,14.42,3637065,0.0,0.0
2005-11-23 00:00:00+08:00,14.54,14.7,14.21,14.34,3610918,0.0,0.0
2005-11-24 00:00:00+08:00,14.46,14.78,14.46,14.66,6528066,0.0,0.0
2005-11-25 00:00:00+08:00,14.7,14.82,14.38,14.46,6444395,0.0,0.0
2005-11-28 00:00:00+08:00,14.54,15.1,14.42,14.98,9900173,0.0,0.0
2005-11-29 00:00:00+08:00,15.02,15.1,14.86,14.94,3446191,0.0,0.0
2005-11-30 00:00:00+08:00,15.3,15.55,14.94,15.06,18667305,0.0,0.0
2005-12-01 00:00:00+08:00,15.06,15.47,14.94,15.26,14849825,0.0,0.0
2005-12-02 00:00:00+08:00,15.59,15.71,15.18,15.26,7665466,0.0,0.0
2005-12-05 00:00:00+08:00,15.47,15.87,15.18,15.75,13844032,0.0,0.0
2005-12-06 00:00:00+08:00,15.75,16.23,15.71,15.79,11648545,0.0,0.0
2005-12-07 00:00:00+08:00,15.99,16.07,15.35,15.59,7554776,0.0,0.0
2005-12-08 00:00:00+08:00,16.07,16.68,15.99,16.31,32166195,0.0,0.0
2005-12-09 00:00:00+08:00,16.4,17.45,16.23,17.2,17797477,0.0,0.0
2005-12-12 00:00:00+08:00,17.61,18.37,17.61,18.17,15956720,0.0,0.0
2005-12-13 00:00:00+08:00,17.97,18.17,17.53,17.77,7634961,0.0,0.0
2005-12-14 00:00:00+08:00,18.01,18.78,17.89,18.21,19142311,0.0,0.0
2005-12-15 00:00:00+08:00,18.29,18.66,18.09,18.45,9570720,0.0,0.0
2005-12-16 00:00:00+08:00,18.54,18.86,18.33,18.49,10356877,0.0,0.0
2005-12-19 00:00:00+08:00,18.78,19.3,18.54,18.9,8364465,0.0,0.0
2005-12-20 00:00:00+08:00,18.9,18.98,18.45,18.49,5266031,0.0,0.0
2005-12-21 00:00:00+08:00,18.49,19.79,18.49,19.79,15967178,0.0,0.0
2005-12-22 00:00:00+08:00,19.17,19.82,18.86,19.32,17451488570,0.0,0.0
2005-12-23 00:00:00+08:00,20.68,21.77,20.68,21.77,17255360,0.0,0.0
2005-12-26 00:00:00+08:00,20.93,21.47,20.09,20.66,20584088,0.0,0.0
2005-12-27 00:00:00+08:00,21.73,21.81,20.43,21.24,17229213,0.0,0.0
2005-12-28 00:00:00+08:00,21.04,22.53,21.04,22.53,21369175,0.0,0.0
2005-12-29 00:00:00+08:00,22.94,24.11,22.78,23.7,37625715,0.0,0.0
2005-12-30 00:00:00+08:00,23.83,23.99,23.18,23.58,16686224,0.0,0.0
2006-01-02 00:00:00+08:00,22.9,24.63,22.86,24.63,27643614,0.0,0.0
2006-01-03 00:00:00+08:00,24.96,26.33,24.96,26.33,27913801,0.0,0.0
2006-01-04 00:00:00+08:00,26.33,28.15,26.33,28.15,37180343,0.0,0.0
2006-01-05 00:00:00+08:00,28.75,28.95,27.06,27.82,22684375,0.0,0.0
2006-01-06 00:00:00+08:00,27.78,27.78,26.25,26.37,21188760,0.0,0.0
2006-01-09 00:00:00+08:00,28.11,28.19,28.11,28.19,8084691,0.0,0.0
2006-01-10 00:00:00+08:00,29.32,30.13,28.99,30.13,44946039,0.0,0.0
2006-01-11 00:00:00+08:00,30.21,30.81,28.91,29.88,25878683,0.0,0.0
2006-01-12 00:00:00+08:00,30.29,30.29,27.86,27.9,17488070,0.0,0.0
2006-01-13 00:00:00+08:00,27.9,29.84,27.26,29.32,31298982,0.0,0.0
2006-01-16 00:00:00+08:00,29.32,30.04,29.08,29.56,14685098,0.0,0.0
2006-01-17 00:00:00+08:00,29.88,30.69,28.91,28.91,21791015,0.0,0.0
2006-01-18 00:00:00+08:00,28.27,28.87,27.22,27.5,10034395,0.0,0.0
2006-01-19 00:00:00+08:00,27.9,28.23,25.6,26.21,15290839,0.0,0.0
2006-01-20 00:00:00+08:00,26.65,27.22,25.93,26.49,14393121,0.0,0.0
2006-01-23 00:00:00+08:00,25.2,25.68,24.67,24.67,13125857,0.0,0.0
2006-01-24 00:00:00+08:00,24.71,25.4,24.07,25.12,18648131,0.0,0.0
2006-01-25 00:00:00+08:00,25.76,26.81,25.04,26.41,16502323,0.0,0.0
2006-02-03 00:00:00+08:00,26.81,27.06,25.93,26.89,11024500,0.0,0.0
2006-02-06 00:00:00+08:00,26.81,27.46,26.57,27.42,9103558,0.0,0.0
2006-02-07 00:00:00+08:00,27.58,28.79,27.46,27.46,13107554,0.0,0.0
2006-02-08 00:00:00+08:00,27.46,27.86,26.65,26.77,7005686,0.0,0.0
2006-02-09 00:00:00+08:00,27.06,27.38,26.01,26.33,5135295,0.0,0.0
2006-02-10 00:00:00+08:00,26.33,26.65,24.63,24.88,10742111,0.0,0.0
2006-02-13 00:00:00+08:00,24.71,25.32,24.51,24.88,6860134,0.0,0.0
2006-02-14 00:00:00+08:00,24.88,26.53,24.71,26.53,13657516,0.0,0.0
2006-02-15 00:00:00+08:00,26.65,27.3,26.41,26.57,20360767,0.0,0.0
2006-02-16 00:00:00+08:00,26.89,27.3,26.65,26.81,11994558,0.0,0.0
2006-02-17 00:00:00+08:00,27.18,28.11,26.81,26.81,13997428,0.0,0.0
2006-02-20 00:00:00+08:00,26.25,26.81,25.68,26.09,5881360,0.0,0.0
2006-02-21 00:00:00+08:00,26.49,26.49,24.75,25.2,10531191,0.0,0.0
2006-02-22 00:00:00+08:00,25.08,25.2,23.46,23.5,16219934,0.0,0.0
2006-02-23 00:00:00+08:00,23.34,23.42,22.45,22.86,11169181,0.0,0.0
2006-02-24 00:00:00+08:00,22.86,23.3,22.65,23.26,9216862,0.0,0.0
2006-02-27 00:00:00+08:00,23.1,24.07,22.78,23.26,9595995,0.0,0.0
2006-03-01 00:00:00+08:00,23.26,24.88,23.26,24.88,18130417,0.0,0.0
2006-03-02 00:00:00+08:00,25.52,26.01,25.52,25.93,26738923,0.0,0.0
2006-03-03 00:00:00+08:00,25.88,25.88,24.43,24.79,13045673,0.0,0.0
2006-03-06 00:00:00+08:00,24.88,25.68,24.79,25.68,11102941,0.0,0.0
2006-03-07 00:00:00+08:00,25.36,25.44,24.23,24.31,10031781,0.0,0.0
2006-03-08 00:00:00+08:00,24.31,24.63,23.1,24.03,10355133,0.0,0.0
2006-03-09 00:00:00+08:00,24.03,24.35,23.62,24.11,5555392,0.0,0.0
2006-03-10 00:00:00+08:00,24.23,25.6,24.11,25.2,16368973,0.0,0.0
2006-03-13 00:00:00+08:00,25.52,26.13,25.12,25.52,18116472,0.0,0.0
2006-03-14 00:00:00+08:00,25.44,25.44,24.27,24.43,9741547,0.0,0.0
2006-03-15 00:00:00+08:00,24.83,25.44,24.43,25.24,11344366,0.0,0.0
2006-03-16 00:00:00+08:00,25.68,26.89,25.52,26.57,31225770,0.0,0.0
2006-03-17 00:00:00+08:00,26.81,28.03,26.33,27.38,38311642,0.0,0.0
2006-03-20 00:00:00+08:00,27.94,28.19,27.06,27.14,19496169,0.0,0.0
2006-03-21 00:00:00+08:00,27.5,27.54,26.21,26.25,12798147,0.0,0.0
2006-03-22 00:00:00+08:00,26.01,27.38,25.93,26.81,16497094,0.0,0.0
2006-03-23 00:00:00+08:00,27.14,27.38,26.33,26.77,10071001,0.0,0.0
2006-03-24 00:00:00+08:00,27.06,27.74,26.85,27.22,20590862,0.0,0.0
2006-03-27 00:00:00+08:00,27.22,27.22,25.32,25.68,24302883,0.0,0.0
2006-03-28 00:00:00+08:00,25.44,25.44,24.47,24.96,17172561,0.0,0.0
2006-03-29 00:00:00+08:00,25.12,25.64,25.12,25.36,16475304,0.0,0.0
2006-03-30 00:00:00+08:00,25.6,26.33,25.52,25.93,19036851,0.0,0.0
2006-03-31 00:00:00+08:00,26.13,26.73,26.09,26.29,15182765,0.0,0.0
2006-04-03 00:00:00+08:00,26.57,26.85,25.93,26.29,13095352,0.0,0.0
2006-04-04 00:00:00+08:00,26.41,27.62,26.17,27.22,23989989,0.0,0.0
2006-04-06 00:00:00+08:00,27.38,27.54,26.41,27.18,14181330,0.0,0.0
2006-04-07 00:00:00+08:00,27.38,28.07,27.18,27.62,24348204,0.0,0.0
2006-04-10 00:00:00+08:00,27.62,28.83,27.3,28.51,24604446,0.0,0.0
2006-04-11 00:00:00+08:00,28.83,28.87,27.78,28.51,17838441,0.0,0.0
2006-04-12 00:00:00+08:00,28.27,29.24,28.15,28.75,22947590,0.0,0.0
2006-04-13 00:00:00+08:00,28.27,28.27,26.77,27.26,30401264,0.0,0.0
2006-04-14 00:00:00+08:00,27.34,27.82,26.98,27.46,11790611,0.0,0.0
2006-04-17 00:00:00+08:00,27.66,28.27,26.49,27.26,12540162,0.0,0.0
2006-04-18 00:00:00+08:00,27.06,27.22,26.09,26.65,7478949,0.0,0.0
2006-04-19 00:00:00+08:00,27.3,27.3,26.49,26.69,7554776,0.0,0.0
2006-04-20 00:00:00+08:00,27.14,28.55,26.85,28.55,24716879,0.0,0.0
2006-04-21 00:00:00+08:00,29.48,30.25,28.83,29.16,47641808,0.0,0.0
2006-04-24 00:00:00+08:00,29.03,29.48,28.43,28.51,12776357,0.0,0.0
2006-04-25 00:00:00+08:00,28.75,29.48,28.31,28.59,14427113,0.0,0.0
2006-04-26 00:00:00+08:00,28.71,28.91,27.7,28.59,11240649,0.0,0.0
2006-04-27 00:00:00+08:00,28.75,28.91,27.3,27.54,10776974,0.0,0.0
2006-04-28 00:00:00+08:00,27.86,28.11,27.34,28.11,8412402,0.0,0.0
2006-05-02 00:00:00+08:00,28.27,28.59,27.54,28.11,8833371,0.0,0.0
2006-05-03 00:00:00+08:00,28.51,29.24,28.43,28.75,16661820,0.0,0.0
2006-05-04 00:00:00+08:00,29.03,29.12,28.07,28.27,11673820,0.0,0.0
2006-05-05 00:00:00+08:00,28.39,28.43,27.3,27.38,9100943,0.0,0.0
2006-05-08 00:00:00+08:00,27.42,27.42,26.13,26.25,15667358,0.0,0.0
2006-05-09 00:00:00+08:00,26.09,26.09,24.43,25.28,17436647,0.0,0.0
2006-05-10 00:00:00+08:00,25.28,25.28,24.07,25.2,9628243,0.0,0.0
2006-05-11 00:00:00+08:00,25.2,26.13,25.2,25.84,11126474,0.0,0.0
2006-05-12 00:00:00+08:00,25.44,26.21,25.28,25.28,7475463,0.0,0.0
2006-05-15 00:00:00+08:00,25.28,25.68,25.04,25.04,3895050,0.0,0.0
2006-05-16 00:00:00+08:00,25.2,25.4,24.88,24.88,3841884,0.0,0.0
2006-05-17 00:00:00+08:00,25.12,26.09,24.47,25.93,10013478,0.0,0.0
2006-05-18 00:00:00+08:00,24.15,24.57,24.15,24.46,3871681801,0.0,0.0
2006-05-19 00:00:00+08:00,24.53,24.88,24.34,24.53,4084683270,0.0,0.0
2006-05-22 00:00:00+08:00,26.37,26.37,24.79,24.79,10855415,0.0,0.0
2006-05-23 00:00:00+08:00,24.51,24.71,23.83,23.83,9613427,0.0,0.0
2006-05-24 00:00:00+08:00,23.99,24.23,22.86,23.38,7968772,0.0,0.0
2006-05-25 00:00:00+08:00,23.42,23.74,23.02,23.42,3031323,0.0,0.0
2006-05-26 00:00:00+08:00,23.74,24.07,23.18,23.18,4175696,0.0,0.0
2006-05-29 00:00:00+08:00,22.08,22.23,21.47,21.7,5697807,0.0,0.0
2006-05-30 00:00:00+08:00,23.26,23.42,22.61,22.86,5408969,0.0,0.0
2006-06-01 00:00:00+08:00,23.46,23.7,23.1,23.7,2945038,0.0,0.0
2006-06-02 00:00:00+08:00,24.15,24.15,23.46,23.46,3817480,0.0,0.0
2006-06-05 00:00:00+08:00,23.34,23.34,21.85,21.85,5947599,0.0,0.0
2006-06-06 00:00:00+08:00,21.4,21.4,20.35,20.51,11394046,0.0,0.0
2006-06-07 00:00:00+08:00,20.35,20.35,19.1,19.1,12215937,0.0,0.0
2006-06-08 00:00:00+08:00,18.54,18.54,17.77,17.77,19958102,0.0,0.0
2006-06-09 00:00:00+08:00,18.17,18.33,17.45,18.33,15294326,0.0,0.0
2006-06-12 00:00:00+08:00,18.17,18.9,17.93,18.9,9087869,0.0,0.0
2006-06-13 00:00:00+08:00,18.58,19.38,18.21,18.41,21224494,0.0,0.0
2006-06-14 00:00:00+08:00,18.54,18.74,18.01,18.58,14611886,0.0,0.0
2006-06-15 00:00:00+08:00,19.26,19.26,18.37,18.45,8441164,0.0,0.0
2006-06-16 00:00:00+08:00,18.98,19.14,18.7,18.82,10203480,0.0,0.0
2006-06-19 00:00:00+08:00,18.82,18.82,18.25,18.33,5418556,0.0,0.0
2006-06-20 00:00:00+08:00,18.09,18.45,17.08,17.36,8632038,0.0,0.0
2006-06-21 00:00:00+08:00,17.12,17.77,16.15,16.23,7631474,0.0,0.0
2006-06-22 00:00:00+08:00,16.96,17.36,16.68,17.36,9171540,0.0,0.0
2006-06-23 00:00:00+08:00,16.96,17.45,16.8,17.45,7941754,0.0,0.0
2006-06-26 00:00:00+08:00,17.77,18.66,17.61,18.66,12663925,0.0,0.0
2006-06-27 00:00:00+08:00,18.9,19.59,18.82,19.14,21298578,0.0,0.0
2006-06-28 00:00:00+08:00,18.58,19.1,18.58,19.02,5503098,0.0,0.0
2006-06-29 00:00:00+08:00,19.14,19.54,19.14,19.22,8292997,0.0,0.0
2006-06-30 00:00:00+08:00,19.87,19.91,19.46,19.71,11042803,0.0,0.0
2006-07-03 00:00:00+08:00,19.71,20.59,19.63,20.51,10076231,0.0,0.0
2006-07-04 00:00:00+08:00,20.59,20.84,19.83,19.99,11282485,0.0,0.0
2006-07-05 00:00:00+08:00,19.87,20.31,19.5,19.54,6194254,0.0,0.0
2006-07-06 00:00:00+08:00,19.46,19.87,19.46,19.87,3210867,0.0,0.0
2006-07-07 00:00:00+08:00,19.95,20.15,19.71,19.71,4761391,0.0,0.0
2006-07-10 00:00:00+08:00,19.54,20.15,19.38,20.15,3953445,0.0,0.0
2006-07-11 00:00:00+08:00,20.27,20.68,20.27,20.39,7133807,0.0,0.0
2006-07-12 00:00:00+08:00,20.59,20.64,19.87,19.87,5435116,0.0,0.0
2006-07-13 00:00:00+08:00,19.71,20.03,19.3,19.38,6377284,0.0,0.0
2006-07-14 00:00:00+08:00,19.02,19.06,18.33,18.54,7213992,0.0,0.0
2006-07-17 00:00:00+08:00,18.25,18.41,17.53,17.73,5037679,0.0,0.0
2006-07-18 00:00:00+08:00,17.73,17.85,16.84,17.61,11598865,0.0,0.0
2006-07-19 00:00:00+08:00,17.69,18.05,17.53,17.65,5472593,0.0,0.0
2006-07-20 00:00:00+08:00,18.13,18.78,18.01,18.7,6160263,0.0,0.0
2006-07-21 00:00:00+08:00,18.25,18.74,18.25,18.49,5660853,0.0,0.0
2006-07-24 00:00:00+08:00,18.01,18.82,17.97,18.66,7968772,0.0,0.0
2006-07-25 00:00:00+08:00,18.98,19.26,18.74,18.74,5415070,0.0,0.0
2006-07-26 00:00:00+08:00,17.86,18.09,17.4,17.63,4535477,0.0,0.0
2006-07-27 00:00:00+08:00,17.79,18.13,17.56,18.13,4713591,0.0,0.0
2006-07-28 00:00:00+08:00,19.3,19.71,19.3,19.71,11469873,0.0,0.0
2006-07-31 00:00:00+08:00,20.11,20.76,20.03,20.31,14923036,0.0,0.0
2006-08-01 00:00:00+08:00,20.68,20.72,19.95,20.03,6931603,0.0,0.0
2006-08-02 00:00:00+08:00,19.87,20.19,19.71,20.15,6357238,0.0,0.0
2006-08-03 00:00:00+08:00,20.19,20.59,20.11,20.11,11749647,0.0,0.0
2006-08-04 00:00:00+08:00,20.35,20.55,19.99,20.11,7505097,0.0,0.0
2006-08-07 00:00:00+08:00,20.15,20.43,19.95,20.03,4883411,0.0,0.0
2006-08-08 00:00:00+08:00,20.03,20.19,19.38,19.79,9306634,0.0,0.0
2006-08-09 00:00:00+08:00,19.75,20.47,19.54,20.43,10844956,0.0,0.0
2006-08-10 00:00:00+08:00,20.43,21.24,20.03,20.84,20413062,0.0,0.0
2006-08-11 00:00:00+08:00,21.16,21.16,20.68,20.68,9364157,0.0,0.0
2006-08-14 00:00:00+08:00,20.68,21.32,20.59,21.2,10220040,0.0,0.0
2006-08-15 00:00:00+08:00,21.2,21.56,21.0,21.56,11365284,0.0,0.0
2006-08-16 00:00:00+08:00,22.45,22.69,21.85,22.01,29909698,0.0,0.0
2006-08-17 00:00:00+08:00,22.45,22.45,21.4,21.56,11209273,0.0,0.0
2006-08-18 00:00:00+08:00,21.56,21.73,21.08,21.08,6664031,0.0,0.0
2006-08-21 00:00:00+08:00,21.12,21.16,19.63,19.63,10458,0.0,0.0
2006-08-22 00:00:00+08:00,19.63,19.95,19.3,19.95,6972,0.0,0.0
2006-08-23 00:00:00+08:00,19.87,19.87,18.94,19.75,6268337,0.0,0.0
2006-08-24 00:00:00+08:00,19.63,19.87,19.46,19.79,4209687,0.0,0.0
2006-08-25 00:00:00+08:00,19.79,20.03,19.22,19.38,4846805,0.0,0.0
2006-08-28 00:00:00+08:00,19.34,19.34,18.78,18.9,5147497,0.0,0.0
2006-08-29 00:00:00+08:00,18.98,19.95,18.98,19.95,16123190,0.0,0.0
2006-08-30 00:00:00+08:00,20.12,20.34,19.82,20.17,22782965,0.48,1.05
2006-08-31 00:00:00+08:00,20.34,20.55,20.04,20.34,8842299,0.0,0.0
2006-09-01 00:00:00+08:00,20.34,20.42,20.17,20.3,4222162,0.0,0.0
2006-09-04 00:00:00+08:00,20.51,21.29,20.51,20.94,10470599,0.0,0.0
2006-09-05 00:00:00+08:00,20.94,21.12,20.68,20.73,5172004,0.0,0.0
2006-09-06 00:00:00+08:00,20.6,21.12,20.51,21.07,7377822,0.0,0.0
2006-09-07 00:00:00+08:00,20.77,21.46,20.77,21.07,9881499,0.0,0.0
2006-09-08 00:00:00+08:00,21.42,21.72,21.25,21.38,11137474,0.0,0.0
2006-09-11 00:00:00+08:00,21.38,21.9,21.2,21.29,9193112,0.0,0.0
2006-09-12 00:00:00+08:00,21.29,21.38,20.51,20.51,6669577,0.0,0.0
2006-09-13 00:00:00+08:00,20.77,20.99,20.51,20.77,6523957,0.0,0.0
2006-09-14 00:00:00+08:00,20.81,20.86,19.91,19.99,5910035,0.0,0.0
2006-09-15 00:00:00+08:00,19.99,20.6,19.73,20.6,3901136,0.0,0.0
2006-09-18 00:00:00+08:00,21.38,21.72,21.16,21.72,12036018,0.0,0.0
2006-09-19 00:00:00+08:00,21.9,22.59,21.55,22.16,16376497,0.0,0.0
2006-09-20 00:00:00+08:00,22.33,22.76,22.07,22.42,10488802,0.0,0.0
2006-09-21 00:00:00+08:00,22.68,22.89,22.07,22.33,9424780,0.0,0.0
2006-09-22 00:00:00+08:00,22.33,22.68,22.24,22.33,6624898,0.0,0.0
2006-09-25 00:00:00+08:00,22.33,22.5,21.55,21.9,6135084,0.0,0.0
2006-09-26 00:00:00+08:00,23.41,23.41,22.2,22.2,27099451,0.0,0.0
2006-09-27 00:00:00+08:00,22.33,22.5,22.11,22.42,6106126,0.0,0.0
2006-09-28 00:00:00+08:00,22.37,22.42,21.46,21.64,7374512,0.0,0.0
2006-09-29 00:00:00+08:00,21.72,22.24,21.64,22.2,3681878,0.0,0.0
2006-10-02 00:00:00+08:00,22.42,22.72,22.33,22.72,7737735,0.0,0.0
2006-10-03 00:00:00+08:00,22.68,22.76,22.37,22.46,4023589,0.0,0.0
2006-10-04 00:00:00+08:00,22.59,22.72,22.16,22.16,3235915,0.0,0.0
2006-10-05 00:00:00+08:00,22.33,23.54,22.33,23.45,18479719,0.0,0.0
2006-10-09 00:00:00+08:00,23.45,23.45,23.45,23.45,0,0.0,0.0
2006-10-11 00:00:00+08:00,23.5,24.32,23.37,23.8,19541258,0.0,0.0
2006-10-12 00:00:00+08:00,23.97,24.06,23.28,23.32,6370890,0.0,0.0
2006-10-13 00:00:00+08:00,23.63,24.15,23.58,23.89,10230657,0.0,0.0
2006-10-16 00:00:00+08:00,23.89,24.36,23.8,24.1,8738048,0.0,0.0
2006-10-17 00:00:00+08:00,24.23,24.8,23.97,24.1,9438019,0.0,0.0
2006-10-18 00:00:00+08:00,23.71,24.06,22.76,23.45,6881389,0.0,0.0
2006-10-19 00:00:00+08:00,23.37,23.8,23.06,23.19,10303467,0.0,0.0
2006-10-20 00:00:00+08:00,23.28,23.67,23.19,23.67,5265499,0.0,0.0
2006-10-23 00:00:00+08:00,23.8,23.97,23.63,23.89,5227439,0.0,0.0
2006-10-24 00:00:00+08:00,24.15,24.28,23.93,23.97,7577222,0.0,0.0
2006-10-25 00:00:00+08:00,24.06,24.19,23.76,23.8,4248639,0.0,0.0
2006-10-26 00:00:00+08:00,23.89,24.41,23.89,23.97,6202103,0.0,0.0
2006-10-27 00:00:00+08:00,24.15,24.32,23.8,23.84,3177171,0.0,0.0
2006-10-30 00:00:00+08:00,23.63,23.8,23.32,23.45,2552493,0.0,0.0
2006-10-31 00:00:00+08:00,23.5,23.54,23.28,23.28,2579796,0.0,0.0
2006-11-01 00:00:00+08:00,23.28,23.54,22.85,23.02,4846013,0.0,0.0
2006-11-02 00:00:00+08:00,22.93,23.02,22.5,22.89,3628097,0.0,0.0
2006-11-03 00:00:00+08:00,22.93,23.45,22.93,23.37,4003732,0.0,0.0
2006-11-06 00:00:00+08:00,22.5,23.02,22.5,22.72,3432834,0.0,0.0
2006-11-07 00:00:00+08:00,23.11,23.76,22.93,23.76,6346896,0.0,0.0
2006-11-08 00:00:00+08:00,24.06,24.75,23.89,23.89,16654500,0.0,0.0
2006-11-09 00:00:00+08:00,24.32,24.49,23.97,24.06,9492626,0.0,0.0
2006-11-10 00:00:00+08:00,24.41,24.58,23.89,24.1,5755313,0.0,0.0
2006-11-13 00:00:00+08:00,24.15,24.41,23.89,24.02,3896171,0.0,0.0
2006-11-14 00:00:00+08:00,24.23,25.66,24.23,25.66,27916083,0.0,0.0
2006-11-15 00:00:00+08:00,26.4,27.44,26.4,27.0,29163785,0.0,0.0
2006-11-16 00:00:00+08:00,27.26,27.44,26.57,26.74,11216904,0.0,0.0
2006-11-17 00:00:00+08:00,27.0,27.35,26.44,26.92,10459016,0.0,0.0
2006-11-20 00:00:00+08:00,26.92,27.26,26.31,26.48,7127950,0.0,0.0
2006-11-21 00:00:00+08:00,26.66,27.87,26.53,27.57,14054846,0.0,0.0
2006-11-22 00:00:00+08:00,27.61,28.04,27.18,27.26,15146171,0.0,0.0
2006-11-23 00:00:00+08:00,27.18,27.52,26.57,26.66,7794825,0.0,0.0
2006-11-24 00:00:00+08:00,26.66,27.09,26.44,26.66,9028461,0.0,0.0
2006-11-27 00:00:00+08:00,26.83,27.0,26.44,26.83,7925553,0.0,0.0
2006-11-28 00:00:00+08:00,26.48,27.09,26.4,26.57,13912535,0.0,0.0
2006-11-29 00:00:00+08:00,26.83,27.09,26.4,26.4,7947892,0.0,0.0
2006-11-30 00:00:00+08:00,26.53,26.7,26.18,26.35,6322901,0.0,0.0
2006-12-01 00:00:00+08:00,26.35,27.09,26.31,26.44,10584779,0.0,0.0
2006-12-04 00:00:00+08:00,26.61,26.61,26.18,26.27,4704530,0.0,0.0
2006-12-05 00:00:00+08:00,26.48,27.39,26.35,26.57,13388798,0.0,0.0
2006-12-06 00:00:00+08:00,26.83,27.13,26.61,26.74,7659961,0.0,0.0
2006-12-07 00:00:00+08:00,26.79,27.0,26.14,26.22,7227237,0.0,0.0
2006-12-08 00:00:00+08:00,26.22,26.57,26.14,26.53,3375744,0.0,0.0
2006-12-11 00:00:00+08:00,26.57,26.66,26.31,26.35,4244502,0.0,0.0
2006-12-12 00:00:00+08:00,26.35,26.53,24.67,25.06,8153912,0.0,0.0
2006-12-13 00:00:00+08:00,25.06,25.36,24.41,24.97,7345553,0.0,0.0
2006-12-14 00:00:00+08:00,25.53,25.7,25.06,25.53,7602871,0.0,0.0
2006-12-15 00:00:00+08:00,25.79,25.88,25.27,25.36,8551058,0.0,0.0
2006-12-18 00:00:00+08:00,25.36,25.57,25.27,25.4,5045414,0.0,0.0
2006-12-19 00:00:00+08:00,25.19,25.62,24.84,25.23,5849635,0.0,0.0
2006-12-20 00:00:00+08:00,25.23,25.83,25.1,25.53,5385470,0.0,0.0
2006-12-21 00:00:00+08:00,25.79,25.92,25.4,25.49,5348238,0.0,0.0
2006-12-22 00:00:00+08:00,25.62,25.62,25.36,25.62,2487956,0.0,0.0
2006-12-25 00:00:00+08:00,25.7,25.79,25.36,25.44,3462620,0.0,0.0
2006-12-26 00:00:00+08:00,25.44,26.14,25.44,25.7,7260332,0.0,0.0
2006-12-27 00:00:00+08:00,25.88,26.57,25.88,25.96,8564165,0.0,0.0
2006-12-28 00:00:00+08:00,26.14,26.4,25.79,25.88,4055030368,0.0,0.0
2006-12-29 00:00:00+08:00,25.88,26.74,25.83,26.74,9466977,0.0,0.0
2007-01-02 00:00:00+08:00,26.83,27.05,26.4,26.44,7453941,0.0,0.0
2007-01-03 00:00:00+08:00,26.35,26.7,25.88,26.01,6571945,0.0,0.0
2007-01-04 00:00:00+08:00,26.01,26.31,25.96,26.22,3934231,0.0,0.0
2007-01-05 00:00:00+08:00,26.31,26.57,26.05,26.22,4617654,0.0,0.0
2007-01-08 00:00:00+08:00,26.18,26.18,25.53,25.62,4309865,0.0,0.0
2007-01-09 00:00:00+08:00,25.62,25.92,25.53,25.62,3793575,0.0,0.0
2007-01-10 00:00:00+08:00,25.44,25.49,24.75,24.93,7710432,0.0,0.0
2007-01-11 00:00:00+08:00,25.1,25.19,24.06,24.23,5690777,0.0,0.0
2007-01-12 00:00:00+08:00,24.41,24.93,24.41,24.88,3362506,0.0,0.0
2007-01-15 00:00:00+08:00,25.06,25.79,25.01,25.75,6655511,0.0,0.0
2007-01-16 00:00:00+08:00,25.7,25.7,25.14,25.36,3204475,0.0,0.0
2007-01-17 00:00:00+08:00,25.19,25.7,25.1,25.31,3467584,0.0,0.0
2007-01-18 00:00:00+08:00,25.4,26.14,25.4,25.7,5575770,0.0,0.0
2007-01-19 00:00:00+08:00,25.53,25.79,25.36,25.44,2532635,0.0,0.0
2007-01-22 00:00:00+08:00,25.53,26.05,25.49,25.62,3772890,0.0,0.0
2007-01-23 00:00:00+08:00,25.66,25.96,25.31,25.53,3025759,0.0,0.0
2007-01-24 00:00:00+08:00,25.79,25.88,25.36,25.36,3216885,0.0,0.0
2007-01-25 00:00:00+08:00,25.53,26.18,25.53,25.88,10644351,0.0,0.0
2007-01-26 00:00:00+08:00,25.96,26.22,25.57,25.96,3978083,0.0,0.0
2007-01-29 00:00:00+08:00,26.05,26.09,25.31,25.4,2864418,0.0,0.0
2007-01-30 00:00:00+08:00,25.4,25.49,25.01,25.1,2451551,0.0,0.0
2007-01-31 00:00:00+08:00,25.1,25.27,24.45,24.62,3887070,0.0,0.0
2007-02-01 00:00:00+08:00,24.88,25.06,24.71,25.06,2714661,0.0,0.0
2007-02-02 00:00:00+08:00,25.27,25.66,25.27,25.53,4696256,0.0,0.0
2007-02-05 00:00:00+08:00,25.62,25.79,25.53,25.75,2847870,0.0,0.0
2007-02-06 00:00:00+08:00,25.79,25.79,25.53,25.79,1851695,0.0,0.0
2007-02-07 00:00:00+08:00,25.75,26.57,25.62,26.05,12172537,0.0,0.0
2007-02-08 00:00:00+08:00,26.35,26.48,25.53,25.53,5651062,0.0,0.0
2007-02-09 00:00:00+08:00,25.7,25.79,25.27,25.4,3736485,0.0,0.0
2007-02-12 00:00:00+08:00,25.4,25.49,24.58,25.19,6677851,0.0,0.0
2007-02-13 00:00:00+08:00,24.88,25.23,24.75,24.88,5134772,0.0,0.0
2007-02-14 00:00:00+08:00,25.31,25.53,25.19,25.49,6979848,0.0,0.0
2007-02-26 00:00:00+08:00,26.09,27.26,25.96,27.26,27030777,0.0,0.0
2007-02-27 00:00:00+08:00,27.26,27.78,26.87,27.18,20453040,0.0,0.0
2007-03-01 00:00:00+08:00,26.48,26.74,26.18,26.31,10785007,0.0,0.0
2007-03-02 00:00:00+08:00,26.48,28.13,26.48,28.13,25901392,0.0,0.0
2007-03-05 00:00:00+08:00,26.83,27.0,25.36,25.4,16693387,0.0,0.0
2007-03-06 00:00:00+08:00,25.53,26.22,25.53,25.88,8608148,0.0,0.0
2007-03-07 00:00:00+08:00,26.18,26.31,25.62,25.88,6145840,0.0,0.0
2007-03-08 00:00:00+08:00,25.96,27.0,25.96,26.48,9532341,0.0,0.0
2007-03-09 00:00:00+08:00,26.83,27.78,26.14,27.26,13444233,0.0,0.0
2007-03-12 00:00:00+08:00,27.87,27.95,27.09,27.18,11286404,0.0,0.0
2007-03-13 00:00:00+08:00,27.18,27.61,26.83,26.87,5603901,0.0,0.0
2007-03-14 00:00:00+08:00,26.22,26.53,26.14,26.14,9208832,0.0,0.0
2007-03-15 00:00:00+08:00,26.74,27.95,26.61,27.69,26985271,0.0,0.0
2007-03-16 00:00:00+08:00,27.52,27.87,27.26,27.39,10675792,0.0,0.0
2007-03-19 00:00:00+08:00,27.39,28.39,27.39,27.69,11655419,0.0,0.0
2007-03-20 00:00:00+08:00,28.3,28.65,27.95,27.95,16522118,0.0,0.0
2007-03-21 00:00:00+08:00,28.39,28.43,27.87,28.04,8498933,0.0,0.0
2007-03-22 00:00:00+08:00,28.82,29.34,28.39,28.47,16389736,0.0,0.0
2007-03-23 00:00:00+08:00,28.56,28.69,27.91,27.95,8906835,0.0,0.0
2007-03-26 00:00:00+08:00,27.95,28.39,27.69,27.69,8310288,0.0,0.0
2007-03-27 00:00:00+08:00,28.13,28.13,27.39,27.48,9455394,0.0,0.0
2007-03-28 00:00:00+08:00,27.65,28.04,27.61,28.04,8311116,0.0,0.0
2007-03-29 00:00:00+08:00,28.08,28.47,27.74,28.04,12038500,0.0,0.0
2007-03-30 00:00:00+08:00,28.13,28.47,27.74,27.74,6482587,0.0,0.0
2007-04-02 00:00:00+08:00,27.82,28.34,27.65,27.69,5459935,0.0,0.0
2007-04-03 00:00:00+08:00,27.74,28.08,27.52,28.0,7786551,0.0,0.0
2007-04-04 00:00:00+08:00,28.26,28.34,27.87,27.91,5798337,0.0,0.0
2007-04-09 00:00:00+08:00,28.0,28.13,27.26,27.26,6864841,0.0,0.0
2007-04-10 00:00:00+08:00,27.26,27.69,27.26,27.39,8479903,0.0,0.0
2007-04-11 00:00:00+08:00,27.57,28.13,27.48,27.69,10652625,0.0,0.0
2007-04-12 00:00:00+08:00,27.69,28.65,27.69,28.39,19825879,0.0,0.0
2007-04-13 00:00:00+08:00,28.69,28.69,27.61,27.61,8230859,0.0,0.0
2007-04-16 00:00:00+08:00,28.13,28.21,27.57,27.57,4747554,0.0,0.0
2007-04-17 00:00:00+08:00,27.87,27.91,26.83,27.13,5430149,0.0,0.0
2007-04-18 00:00:00+08:00,27.13,27.39,27.05,27.22,2508641,0.0,0.0
2007-04-19 00:00:00+08:00,27.13,27.57,27.05,27.18,4492718,0.0,0.0
2007-04-20 00:00:00+08:00,27.22,27.48,27.13,27.31,2979425,0.0,0.0
2007-04-23 00:00:00+08:00,27.57,27.61,27.22,27.31,3365815,0.0,0.0
2007-04-24 00:00:00+08:00,27.35,27.69,27.31,27.61,2864418,0.0,0.0
2007-04-25 00:00:00+08:00,27.69,27.69,27.13,27.13,3342648,0.0,0.0
2007-04-26 00:00:00+08:00,27.35,27.52,27.22,27.48,3325273,0.0,0.0
2007-04-27 00:00:00+08:00,27.61,27.61,27.22,27.26,2301794,0.0,0.0
2007-04-30 00:00:00+08:00,27.18,27.18,25.96,26.27,5861219,0.0,0.0
2007-05-02 00:00:00+08:00,26.31,26.7,26.05,26.05,3385673,0.0,0.0
2007-05-03 00:00:00+08:00,26.27,26.31,25.06,25.62,5253088,0.0,0.0
2007-05-04 00:00:00+08:00,25.62,25.83,25.53,25.79,5057825,0.0,0.0
2007-05-07 00:00:00+08:00,25.88,26.05,25.66,25.79,3621478,0.0,0.0
2007-05-08 00:00:00+08:00,25.88,26.18,25.83,26.05,2311723,0.0,0.0
2007-05-09 00:00:00+08:00,26.14,26.22,25.88,26.05,2091637,0.0,0.0
2007-05-10 00:00:00+08:00,26.4,26.4,25.88,26.01,2161965,0.0,0.0
2007-05-11 00:00:00+08:00,26.01,26.09,25.7,26.05,3269011,0.0,0.0
2007-05-14 00:00:00+08:00,26.14,26.18,25.49,26.01,5644443,0.0,0.0
2007-05-15 00:00:00+08:00,26.01,26.05,25.75,25.96,1981595,0.0,0.0
2007-05-16 00:00:00+08:00,25.96,26.14,25.53,26.05,3520537,0.0,0.0
2007-05-17 00:00:00+08:00,26.14,26.22,25.4,25.53,7194969,0.0,0.0
2007-05-18 00:00:00+08:00,25.44,25.66,25.1,25.1,3248326,0.0,0.0
2007-05-21 00:00:00+08:00,25.23,25.4,25.14,25.27,2209126,0.0,0.0
2007-05-22 00:00:00+08:00,25.31,25.49,25.27,25.36,2434176,0.0,0.0
2007-05-23 00:00:00+08:00,25.44,25.7,25.4,25.49,2835459,0.0,0.0
2007-05-24 00:00:00+08:00,25.66,25.66,25.14,25.23,2433349,0.0,0.0
2007-05-25 00:00:00+08:00,25.23,25.31,25.01,25.19,3812605,0.0,0.0
2007-05-28 00:00:00+08:00,25.27,25.36,25.06,25.06,2629440,0.0,0.0
2007-05-29 00:00:00+08:00,25.1,25.31,25.1,25.19,1478543,0.0,0.0
2007-05-30 00:00:00+08:00,25.19,25.31,25.01,25.06,1784676,0.0,0.0
2007-05-31 00:00:00+08:00,25.53,26.79,25.53,26.79,14916157,0.0,0.0
2007-06-01 00:00:00+08:00,27.26,27.87,27.26,27.26,23921452,0.0,0.0
2007-06-04 00:00:00+08:00,27.87,28.91,27.78,28.39,22175662,0.0,0.0
2007-06-05 00:00:00+08:00,28.39,28.95,28.13,28.78,14201293,0.0,0.0
2007-06-06 00:00:00+08:00,28.82,29.08,28.39,28.78,13018128,0.0,0.0
2007-06-07 00:00:00+08:00,28.69,30.46,28.65,30.2,23770040,0.0,0.0
2007-06-08 00:00:00+08:00,30.12,30.29,29.51,29.82,7207380,0.0,0.0
2007-06-11 00:00:00+08:00,29.86,30.12,29.21,29.21,7616937,0.0,0.0
2007-06-12 00:00:00+08:00,29.38,30.07,29.38,29.43,6017595,0.0,0.0
2007-06-13 00:00:00+08:00,29.43,30.55,29.21,30.29,15012961,0.0,0.0
2007-06-14 00:00:00+08:00,30.46,30.64,29.64,30.38,7477936,0.0,0.0
2007-06-15 00:00:00+08:00,30.38,30.46,29.6,29.69,5850463,0.0,0.0
2007-06-20 00:00:00+08:00,30.03,30.38,29.69,29.69,5198481,0.0,0.0
2007-06-21 00:00:00+08:00,29.86,30.29,29.86,30.16,3953261,0.0,0.0
2007-06-22 00:00:00+08:00,30.29,31.03,30.03,30.29,7073343,0.0,0.0
2007-06-25 00:00:00+08:00,30.9,31.33,30.51,30.68,6360961,0.0,0.0
2007-06-26 00:00:00+08:00,30.81,31.07,30.03,30.68,5807438,0.0,0.0
2007-06-27 00:00:00+08:00,30.59,30.85,30.2,30.29,2338199,0.0,0.0
2007-06-28 00:00:00+08:00,30.64,30.64,30.12,30.51,2406872,0.0,0.0
2007-06-29 00:00:00+08:00,30.64,30.85,30.07,30.12,4324758,0.0,0.0
2007-07-02 00:00:00+08:00,30.29,30.46,30.03,30.03,3070438,0.0,0.0
2007-07-03 00:00:00+08:00,30.29,30.38,29.64,29.77,4954401,0.0,0.0
2007-07-04 00:00:00+08:00,30.03,30.2,29.82,30.03,4430664,0.0,0.0
2007-07-05 00:00:00+08:00,30.29,32.02,30.16,31.89,12708685,0.0,0.0
2007-07-06 00:00:00+08:00,31.71,32.75,31.43,31.8,13910053,1.99,0.0
2007-07-09 00:00:00+08:00,31.8,31.8,31.03,31.07,12275133,0.0,0.0
2007-07-10 00:00:00+08:00,31.34,31.43,30.8,30.98,7795653,0.0,0.0
2007-07-11 00:00:00+08:00,30.71,31.3,30.53,30.66,10613737,0.0,0.0
2007-07-12 00:00:00+08:00,30.8,31.16,30.62,30.66,5422703,0.0,0.0
2007-07-13 00:00:00+08:00,31.52,31.52,30.98,31.16,7650032,0.0,0.0
2007-07-16 00:00:00+08:00,31.16,31.98,30.94,31.43,8861329,0.0,0.0
2007-07-17 00:00:00+08:00,31.43,32.61,31.43,32.02,11158159,0.0,0.0
2007-07-18 00:00:00+08:00,32.43,33.06,32.07,32.43,15727825,0.0,0.0
2007-07-19 00:00:00+08:00,32.61,32.79,32.25,32.25,6835055,0.0,0.0
2007-07-20 00:00:00+08:00,32.61,33.25,32.43,32.48,15732789,0.0,0.0
2007-07-23 00:00:00+08:00,32.25,34.74,32.07,34.74,23984333,0.0,0.0
2007-07-24 00:00:00+08:00,35.24,37.05,34.78,35.87,23456460,0.0,0.0
2007-07-25 00:00:00+08:00,35.69,36.96,35.15,35.96,8349175,0.0,0.0
2007-07-26 00:00:00+08:00,36.69,37.5,34.78,34.97,10837960,0.0,0.0
2007-07-27 00:00:00+08:00,34.42,37.41,34.33,36.6,21760313,0.0,0.0
2007-07-30 00:00:00+08:00,37.28,38.41,36.32,37.23,14989794,0.0,0.0
2007-07-31 00:00:00+08:00,37.59,38.32,36.42,36.96,12848513,0.0,0.0
2007-08-01 00:00:00+08:00,36.96,38.68,36.78,36.87,15450650,0.0,0.0
2007-08-02 00:00:00+08:00,37.59,38.05,34.88,36.42,8449289,0.0,0.0
2007-08-03 00:00:00+08:00,37.05,37.96,36.42,36.51,6399021,0.0,0.0
2007-08-06 00:00:00+08:00,36.05,36.23,35.06,35.78,4667297,0.0,0.0
2007-08-07 00:00:00+08:00,36.19,36.51,34.6,34.6,4168382,0.0,0.0
2007-08-08 00:00:00+08:00,35.33,35.6,34.88,35.51,3195373,0.0,0.0
2007-08-09 00:00:00+08:00,36.14,36.42,34.97,34.97,4431492,0.0,0.0
2007-08-10 00:00:00+08:00,33.97,34.24,33.38,33.61,5243987,0.0,0.0
2007-08-13 00:00:00+08:00,34.15,34.15,33.34,33.56,2718798,0.0,0.0
2007-08-14 00:00:00+08:00,33.61,35.1,33.61,34.6,5710634,0.0,0.0
2007-08-15 00:00:00+08:00,34.6,35.06,32.88,32.97,4393432,0.0,0.0
2007-08-16 00:00:00+08:00,32.52,33.43,30.75,31.25,4851805,0.0,0.0
2007-08-17 00:00:00+08:00,31.25,32.16,30.17,30.8,4251948,0.0,0.0
2007-08-20 00:00:00+08:00,32.61,32.79,31.8,32.57,3111807,0.0,0.0
2007-08-21 00:00:00+08:00,32.61,33.34,31.98,33.34,4354544,0.0,0.0
2007-08-22 00:00:00+08:00,33.25,33.25,31.48,31.8,4853460,0.0,0.0
2007-08-23 00:00:00+08:00,32.34,32.88,31.98,32.75,4611862,0.0,0.0
2007-08-24 00:00:00+08:00,32.43,33.02,31.8,31.89,2543391,0.0,0.0
2007-08-27 00:00:00+08:00,32.61,32.7,32.07,32.07,1917886,0.0,0.0
2007-08-28 00:00:00+08:00,32.16,32.61,31.98,32.07,2010553,0.0,0.0
2007-08-29 00:00:00+08:00,30.35,31.21,29.85,30.26,6166525,0.0,0.0
2007-08-30 00:00:00+08:00,30.62,30.62,29.89,30.03,4485272,0.0,0.0
2007-08-31 00:00:00+08:00,30.21,30.8,30.17,30.44,2605445,0.0,0.0
2007-09-03 00:00:00+08:00,30.8,31.52,30.71,31.07,2617029,0.0,0.0
2007-09-04 00:00:00+08:00,31.25,32.07,31.25,31.75,5809093,0.0,0.0
2007-09-05 00:00:00+08:00,32.61,32.61,31.34,31.34,2896686,0.0,0.0
2007-09-06 00:00:00+08:00,31.34,31.34,30.89,31.3,2192579,0.0,0.0
2007-09-07 00:00:00+08:00,33.15,33.15,31.71,31.71,3570180,0.0,0.0
2007-09-10 00:00:00+08:00,31.25,31.84,30.98,31.71,2790780,0.0,0.0
2007-09-11 00:00:00+08:00,31.93,31.93,31.3,31.43,2106530,0.0,0.0
2007-09-12 00:00:00+08:00,31.71,31.89,31.43,31.43,2014690,0.0,0.0
2007-09-13 00:00:00+08:00,31.52,31.61,30.71,30.8,3096914,0.0,0.0
2007-09-14 00:00:00+08:00,30.89,30.98,30.44,30.62,3139938,0.0,0.0
2007-09-17 00:00:00+08:00,30.8,30.8,29.85,30.17,3225159,0.0,0.0
2007-09-18 00:00:00+08:00,30.17,30.17,30.17,30.17,0,0.0,0.0
2007-09-19 00:00:00+08:00,30.17,30.66,29.4,29.4,6284842,0.0,0.0
2007-09-20 00:00:00+08:00,29.4,29.85,29.4,29.44,2499540,0.0,0.0
2007-09-21 00:00:00+08:00,29.49,30.12,28.99,30.12,3624788,0.0,0.0
2007-09-26 00:00:00+08:00,30.35,32.16,30.35,31.89,9098789,0.0,0.0
2007-09-27 00:00:00+08:00,31.84,31.98,31.66,31.8,4659851,0.0,0.0
2007-09-28 00:00:00+08:00,31.89,32.11,31.25,31.25,3182135,0.0,0.0
2007-10-01 00:00:00+08:00,31.89,31.98,31.39,31.48,2209126,0.0,0.0
2007-10-02 00:00:00+08:00,31.8,32.61,31.8,32.16,6499135,0.0,0.0
2007-10-03 00:00:00+08:00,32.29,32.48,31.8,31.98,3328583,0.0,0.0
2007-10-04 00:00:00+08:00,31.8,32.52,31.75,32.34,4993288,0.0,0.0
2007-10-05 00:00:00+08:00,32.43,32.61,31.93,31.98,2499540,0.0,0.0
2007-10-08 00:00:00+08:00,32.34,32.52,31.89,31.93,4080679,0.0,0.0
2007-10-09 00:00:00+08:00,31.93,32.07,31.16,31.43,3692634,0.0,0.0
2007-10-11 00:00:00+08:00,31.43,31.52,31.16,31.25,3294660,0.0,0.0
2007-10-12 00:00:00+08:00,31.25,31.25,30.07,30.21,3890380,0.0,0.0
2007-10-15 00:00:00+08:00,30.62,30.62,29.67,30.17,2623648,0.0,0.0
2007-10-16 00:00:00+08:00,29.89,30.71,29.8,30.57,2143763,0.0,0.0
2007-10-17 00:00:00+08:00,30.84,30.84,30.53,30.8,1780539,0.0,0.0
2007-10-18 00:00:00+08:00,30.98,31.52,30.94,31.25,3426215,0.0,0.0
2007-10-19 00:00:00+08:00,31.34,31.39,30.94,30.94,2135489,0.0,0.0
2007-10-22 00:00:00+08:00,29.71,30.26,29.62,29.62,2984389,0.0,0.0
2007-10-23 00:00:00+08:00,29.89,30.17,29.53,30.07,3456001,0.0,0.0
2007-10-24 00:00:00+08:00,30.35,30.57,29.58,29.62,4837739,0.0,0.0
2007-10-25 00:00:00+08:00,29.89,30.39,29.8,29.98,2024619,0.0,0.0
2007-10-26 00:00:00+08:00,30.26,30.71,29.98,29.98,2711351,0.0,0.0
2007-10-29 00:00:00+08:00,30.35,30.62,29.98,30.35,2124733,0.0,0.0
2007-10-30 00:00:00+08:00,30.44,30.48,30.07,30.35,3850665,0.0,0.0
2007-10-31 00:00:00+08:00,30.35,30.35,29.58,29.67,3099396,0.0,0.0
2007-11-01 00:00:00+08:00,29.67,30.07,27.63,27.81,11339357,0.0,0.0
2007-11-02 00:00:00+08:00,27.36,27.36,25.91,25.95,10183495,0.0,0.0
2007-11-05 00:00:00+08:00,25.95,26.41,25.32,26.0,4802989,0.0,0.0
2007-11-06 00:00:00+08:00,26.13,26.18,25.59,25.91,3242534,0.0,0.0
2007-11-07 00:00:00+08:00,26.0,26.18,25.73,26.0,4344616,0.0,0.0
2007-11-08 00:00:00+08:00,25.55,25.73,24.19,24.28,5565014,0.0,0.0
2007-11-09 00:00:00+08:00,24.46,25.55,24.19,25.23,4641648,0.0,0.0
2007-11-12 00:00:00+08:00,24.55,25.09,24.46,24.64,2416801,0.0,0.0
2007-11-13 00:00:00+08:00,24.64,25.68,24.64,25.68,2989354,0.0,0.0
2007-11-14 00:00:00+08:00,26.54,26.86,26.18,26.45,5372232,0.0,0.0
2007-11-15 00:00:00+08:00,26.22,26.54,25.91,26.13,2123905,0.0,0.0
2007-11-16 00:00:00+08:00,25.73,26.45,25.68,26.41,1965874,0.0,0.0
2007-11-19 00:00:00+08:00,26.72,26.72,26.09,26.09,1179028,0.0,0.0
2007-11-20 00:00:00+08:00,25.77,26.13,25.18,26.13,1476888,0.0,0.0
2007-11-21 00:00:00+08:00,26.13,26.32,25.55,25.55,1308928,0.0,0.0
2007-11-22 00:00:00+08:00,25.23,25.55,24.82,25.0,1306446,0.0,0.0
2007-11-23 00:00:00+08:00,25.18,25.36,24.14,24.46,1748271,0.0,0.0
2007-11-26 00:00:00+08:00,25.0,25.18,24.46,24.73,1138486,0.0,0.0
2007-11-27 00:00:00+08:00,23.01,24.28,23.01,23.82,2282764,0.0,0.0
2007-11-28 00:00:00+08:00,24.19,24.46,23.91,24.01,1366018,0.0,0.0
2007-11-29 00:00:00+08:00,24.01,24.32,23.37,23.55,4074060,0.0,0.0
2007-11-30 00:00:00+08:00,24.1,25.18,23.78,25.18,4007869,0.0,0.0
2007-12-03 00:00:00+08:00,25.18,25.45,24.91,25.05,1492608,0.0,0.0
2007-12-04 00:00:00+08:00,25.32,25.32,24.59,25.23,1586103,0.0,0.0
2007-12-05 00:00:00+08:00,25.0,26.0,24.73,25.86,6872287,0.0,0.0
2007-12-06 00:00:00+08:00,25.86,26.04,25.0,25.0,2964532,0.0,0.0
2007-12-07 00:00:00+08:00,25.55,25.55,24.82,24.91,1383393,0.0,0.0
2007-12-10 00:00:00+08:00,24.91,24.91,24.14,24.19,1437173,0.0,0.0
2007-12-11 00:00:00+08:00,24.28,24.32,23.46,23.73,2244704,0.0,0.0
2007-12-12 00:00:00+08:00,23.46,23.55,23.19,23.55,1423935,0.0,0.0
2007-12-13 00:00:00+08:00,23.55,23.55,22.47,22.56,2051923,0.0,0.0
2007-12-14 00:00:00+08:00,22.83,22.83,21.02,21.74,4304901,0.0,0.0
2007-12-17 00:00:00+08:00,21.74,22.1,20.25,20.25,5258053,0.0,0.0
2007-12-18 00:00:00+08:00,19.48,20.16,18.84,18.93,7747664,0.0,0.0
2007-12-19 00:00:00+08:00,19.29,19.88,18.93,19.39,4256085,0.0,0.0
2007-12-20 00:00:00+08:00,19.66,19.66,18.12,18.21,3101878,0.0,0.0
2007-12-21 00:00:00+08:00,18.34,19.48,17.85,19.48,5653544,0.0,0.0
2007-12-24 00:00:00+08:00,19.93,19.93,19.39,19.43,3351750,0.0,0.0
2007-12-25 00:00:00+08:00,19.57,19.88,19.29,19.52,4382676,0.0,0.0
2007-12-26 00:00:00+08:00,19.52,19.52,18.89,19.2,2434176,0.0,0.0
2007-12-27 00:00:00+08:00,19.2,20.02,19.2,19.84,4419908,0.0,0.0
2007-12-28 00:00:00+08:00,19.57,20.25,19.48,20.2,3381536,0.0,0.0
2007-12-31 00:00:00+08:00,20.61,21.11,20.34,20.83,4399223,0.0,0.0
2008-01-02 00:00:00+08:00,20.74,21.47,20.7,20.83,3685187,0.0,0.0
2008-01-03 00:00:00+08:00,20.56,20.61,20.25,20.38,1950981,0.0,0.0
2008-01-04 00:00:00+08:00,20.2,20.61,20.06,20.47,1824391,0.0,0.0
2008-01-07 00:00:00+08:00,19.75,20.02,19.34,19.34,2316687,0.0,0.0
2008-01-08 00:00:00+08:00,19.48,19.75,19.39,19.48,1695318,0.0,0.0
2008-01-09 00:00:00+08:00,19.11,19.79,18.93,19.79,1571210,0.0,0.0
2008-01-10 00:00:00+08:00,20.11,20.38,19.57,19.57,1743307,0.0,0.0
2008-01-11 00:00:00+08:00,19.66,20.02,19.66,19.88,1800397,0.0,0.0
2008-01-14 00:00:00+08:00,20.11,20.38,19.57,19.57,1595204,0.0,0.0
2008-01-15 00:00:00+08:00,19.93,20.47,19.75,20.16,1487644,0.0,0.0
2008-01-16 00:00:00+08:00,19.84,19.84,19.07,19.75,2317514,0.0,0.0
2008-01-17 00:00:00+08:00,19.75,20.11,19.61,20.11,1888100,0.0,0.0
2008-01-18 00:00:00+08:00,19.61,20.2,19.57,20.16,1222880,0.0,0.0
2008-01-21 00:00:00+08:00,20.11,20.25,19.88,20.16,1356089,0.0,0.0
2008-01-22 00:00:00+08:00,19.34,19.39,18.75,18.75,2402735,0.0,0.0
2008-01-23 00:00:00+08:00,18.84,19.2,17.62,17.94,2454861,0.0,0.0
2008-01-24 00:00:00+08:00,18.12,18.57,17.75,17.94,2259597,0.0,0.0
2008-01-25 00:00:00+08:00,18.34,18.57,18.07,18.52,3918511,0.0,0.0
2008-01-28 00:00:00+08:00,18.07,18.3,17.75,17.75,1244392,0.0,0.0
2008-01-29 00:00:00+08:00,17.8,18.07,17.48,17.71,1345333,0.0,0.0
2008-01-30 00:00:00+08:00,17.85,17.98,17.39,17.48,1720140,0.0,0.0
2008-01-31 00:00:00+08:00,17.39,17.62,17.12,17.12,2082536,0.0,0.0
2008-02-01 00:00:00+08:00,17.39,17.8,17.3,17.62,2018827,0.0,0.0
2008-02-12 00:00:00+08:00,17.62,17.8,17.26,17.39,1769783,0.0,0.0
2008-02-13 00:00:00+08:00,17.66,17.8,17.39,17.39,1410697,0.0,0.0
2008-02-14 00:00:00+08:00,17.62,18.3,17.62,18.25,1855832,0.0,0.0
2008-02-15 00:00:00+08:00,17.89,18.57,17.89,18.39,3564389,0.0,0.0
2008-02-18 00:00:00+08:00,18.57,18.66,18.34,18.48,2941365,0.0,0.0
2008-02-19 00:00:00+08:00,18.66,19.16,18.48,19.02,2990181,0.0,0.0
2008-02-20 00:00:00+08:00,18.98,19.07,18.62,18.71,1839284,0.0,0.0
2008-02-21 00:00:00+08:00,18.84,19.16,18.8,18.93,1970839,0.0,0.0
2008-02-22 00:00:00+08:00,18.75,19.07,18.66,18.98,1368500,0.0,0.0
2008-02-25 00:00:00+08:00,19.11,19.57,19.11,19.43,2829668,0.0,0.0
2008-02-26 00:00:00+08:00,19.66,19.79,19.34,19.48,3026586,0.0,0.0
2008-02-27 00:00:00+08:00,19.61,20.2,19.48,20.02,3589210,0.0,0.0
2008-02-29 00:00:00+08:00,20.02,20.38,19.84,20.29,2516915,0.0,0.0
2008-03-03 00:00:00+08:00,19.93,20.2,19.57,20.2,1873207,0.0,0.0
2008-03-04 00:00:00+08:00,20.38,20.74,20.34,20.61,3005074,0.0,0.0
2008-03-05 00:00:00+08:00,20.56,20.74,19.93,20.16,2749411,0.0,0.0
2008-03-06 00:00:00+08:00,20.38,20.7,20.38,20.65,3155659,0.0,0.0
2008-03-07 00:00:00+08:00,20.29,20.65,20.25,20.34,2229811,0.0,0.0
2008-03-10 00:00:00+08:00,20.56,20.56,20.25,20.38,1687044,0.0,0.0
2008-03-11 00:00:00+08:00,20.25,20.29,19.93,20.29,1275832,0.0,0.0
2008-03-12 00:00:00+08:00,20.65,21.29,20.52,21.02,7444840,0.0,0.0
2008-03-13 00:00:00+08:00,21.02,21.02,20.43,20.52,2269526,0.0,0.0
2008-03-14 00:00:00+08:00,20.65,20.74,19.97,19.97,2036202,0.0,0.0
2008-03-17 00:00:00+08:00,19.02,19.57,19.02,19.39,1362708,0.0,0.0
2008-03-18 00:00:00+08:00,19.29,19.43,18.84,19.39,1231981,0.0,0.0
2008-03-19 00:00:00+08:00,19.75,19.75,19.02,19.02,3479995,0.0,0.0
2008-03-20 00:00:00+08:00,19.11,19.29,18.8,19.2,1712693,0.0,0.0
2008-03-21 00:00:00+08:00,19.39,19.57,19.16,19.2,4494373,0.0,0.0
2008-03-24 00:00:00+08:00,20.38,20.47,19.66,19.79,3446899,0.0,0.0
2008-03-25 00:00:00+08:00,19.97,20.38,19.84,20.16,3250808,0.0,0.0
2008-03-26 00:00:00+08:00,20.25,20.34,19.93,20.02,2281109,0.0,0.0
2008-03-27 00:00:00+08:00,19.93,20.34,19.79,20.29,1773920,0.0,0.0
2008-03-28 00:00:00+08:00,20.38,20.65,20.29,20.43,3055545,0.0,0.0
2008-03-31 00:00:00+08:00,20.02,20.43,20.02,20.2,1498400,0.0,0.0
2008-04-01 00:00:00+08:00,20.2,20.56,20.2,20.29,3640508,0.0,0.0
2008-04-02 00:00:00+08:00,20.56,20.88,20.47,20.61,4197341,0.0,0.0
2008-04-03 00:00:00+08:00,20.61,21.11,20.52,20.83,4333032,0.0,0.0
2008-04-07 00:00:00+08:00,20.93,21.47,20.74,21.38,7055140,0.0,0.0
2008-04-08 00:00:00+08:00,21.38,21.47,21.02,21.15,3153177,0.0,0.0
2008-04-09 00:00:00+08:00,21.2,21.56,21.15,21.29,3306243,0.0,0.0
2008-04-10 00:00:00+08:00,21.29,21.38,21.06,21.2,3490751,0.0,0.0
2008-04-11 00:00:00+08:00,21.29,21.42,21.2,21.29,3753033,0.0,0.0
2008-04-14 00:00:00+08:00,21.11,21.29,21.02,21.2,1973321,0.0,0.0
2008-04-15 00:00:00+08:00,21.2,21.33,21.11,21.11,1530668,0.0,0.0
2008-04-16 00:00:00+08:00,21.2,21.38,20.93,21.24,2114804,0.0,0.0
2008-04-17 00:00:00+08:00,21.38,21.7,21.11,21.11,5070235,0.0,0.0
2008-04-18 00:00:00+08:00,21.11,21.24,20.97,21.15,1472751,0.0,0.0
2008-04-21 00:00:00+08:00,21.29,21.42,21.15,21.2,2302621,0.0,0.0
2008-04-22 00:00:00+08:00,21.29,21.29,20.97,21.02,1560454,0.0,0.0
2008-04-23 00:00:00+08:00,20.83,21.15,20.7,21.02,2424247,0.0,0.0
2008-04-24 00:00:00+08:00,21.02,21.47,20.88,21.29,3216885,0.0,0.0
2008-04-25 00:00:00+08:00,21.56,22.1,21.42,21.47,7268606,0.0,0.0
2008-04-28 00:00:00+08:00,21.47,21.6,21.38,21.42,1520739,0.0,0.0
2008-04-29 00:00:00+08:00,21.29,21.56,20.83,21.06,2351437,0.0,0.0
2008-04-30 00:00:00+08:00,21.11,21.51,20.79,20.88,5257225,0.0,0.0
2008-05-02 00:00:00+08:00,20.29,20.29,19.43,19.43,6505754,0.0,0.0
2008-05-05 00:00:00+08:00,19.02,19.02,18.57,18.71,3244189,0.0,0.0
2008-05-06 00:00:00+08:00,18.57,19.07,18.57,19.02,2173549,0.0,0.0
2008-05-07 00:00:00+08:00,19.29,19.29,18.8,18.84,2147900,0.0,0.0
2008-05-08 00:00:00+08:00,18.84,19.2,18.71,18.75,2683220,0.0,0.0
2008-05-09 00:00:00+08:00,19.02,19.02,18.52,18.62,2807328,0.0,0.0
2008-05-12 00:00:00+08:00,19.02,19.02,18.57,18.84,3440280,0.0,0.0
2008-05-13 00:00:00+08:00,18.98,18.98,18.66,18.75,3369952,0.0,0.0
2008-05-14 00:00:00+08:00,18.84,18.89,18.62,18.75,3531293,0.0,0.0
2008-05-15 00:00:00+08:00,18.84,19.29,18.75,18.98,5267981,0.0,0.0
2008-05-16 00:00:00+08:00,19.07,19.34,19.07,19.11,3398084,0.0,0.0
2008-05-19 00:00:00+08:00,19.29,19.29,19.02,19.25,1873207,0.0,0.0
2008-05-20 00:00:00+08:00,19.39,19.66,19.11,19.16,3775373,0.0,0.0
2008-05-21 00:00:00+08:00,19.16,19.29,19.02,19.07,1596859,0.0,0.0
2008-05-22 00:00:00+08:00,18.84,19.02,18.8,19.02,1435518,0.0,0.0
2008-05-23 00:00:00+08:00,19.02,19.2,18.66,18.66,1519085,0.0,0.0
2008-05-26 00:00:00+08:00,18.66,18.66,17.94,18.03,2243049,0.0,0.0
2008-05-27 00:00:00+08:00,18.12,18.3,17.66,17.75,2251323,0.0,0.0
2008-05-28 00:00:00+08:00,17.85,17.94,17.62,17.62,1615062,0.0,0.0
2008-05-29 00:00:00+08:00,17.62,17.75,17.08,17.21,4088953,0.0,0.0
2008-05-30 00:00:00+08:00,17.39,17.39,16.89,17.17,2551665,0.0,0.0
2008-06-02 00:00:00+08:00,17.21,17.26,16.89,16.98,2406045,0.0,0.0
2008-06-03 00:00:00+08:00,16.98,17.08,16.85,16.89,1402423,0.0,0.0
2008-06-04 00:00:00+08:00,17.03,17.03,16.85,16.94,1846730,0.0,0.0
2008-06-05 00:00:00+08:00,16.98,17.48,16.76,17.44,3455173,0.0,0.0
2008-06-06 00:00:00+08:00,17.48,17.48,17.26,17.3,1373464,0.0,0.0
2008-06-09 00:00:00+08:00,17.03,17.75,16.98,17.75,2507814,0.0,0.0
2008-06-10 00:00:00+08:00,17.75,17.75,17.21,17.21,1404905,0.0,0.0
2008-06-11 00:00:00+08:00,17.39,17.39,16.85,16.89,2144590,0.0,0.0
2008-06-12 00:00:00+08:00,16.67,16.67,15.76,15.85,2800709,0.0,0.0
2008-06-13 00:00:00+08:00,15.9,16.08,15.58,15.99,1701937,0.0,0.0
2008-06-16 00:00:00+08:00,16.26,16.26,16.03,16.03,640398,0.0,0.0
2008-06-17 00:00:00+08:00,16.03,16.12,15.76,15.85,1241082,0.0,0.0
2008-06-18 00:00:00+08:00,15.67,15.94,15.63,15.85,2093292,0.0,0.0
2008-06-19 00:00:00+08:00,15.85,15.85,15.4,15.49,2012208,0.0,0.0
2008-06-20 00:00:00+08:00,15.63,15.67,15.13,15.13,2370467,0.0,0.0
2008-06-23 00:00:00+08:00,14.95,14.95,14.63,14.63,2296002,0.0,0.0
2008-06-24 00:00:00+08:00,14.63,14.9,14.49,14.49,1691181,0.0,0.0
2008-06-25 00:00:00+08:00,14.49,14.9,14.45,14.86,1171581,0.0,0.0
2008-06-26 00:00:00+08:00,15.04,15.17,14.9,15.04,878686,0.0,0.0
2008-06-27 00:00:00+08:00,14.49,14.49,14.18,14.22,1720140,0.0,0.0
2008-06-30 00:00:00+08:00,14.31,14.4,13.68,13.95,1028443,0.0,0.0
2008-07-01 00:00:00+08:00,13.95,14.04,13.59,13.59,1701110,0.0,0.0
2008-07-02 00:00:00+08:00,13.59,13.95,13.45,13.9,2679910,0.0,0.0
2008-07-03 00:00:00+08:00,13.77,14.86,13.59,14.86,1488471,0.0,0.0
2008-07-04 00:00:00+08:00,14.86,14.86,14.4,14.4,1107873,0.0,0.0
2008-07-07 00:00:00+08:00,14.4,14.9,14.4,14.9,790155,0.0,0.0
2008-07-08 00:00:00+08:00,14.86,14.86,14.36,14.4,1256802,0.0,0.0
2008-07-09 00:00:00+08:00,14.49,14.77,14.04,14.18,1725104,0.0,0.0
2008-07-10 00:00:00+08:00,14.13,14.31,13.95,14.31,1484334,0.0,0.0
2008-07-11 00:00:00+08:00,14.31,14.63,14.18,14.49,1025961,0.0,0.0
2008-07-14 00:00:00+08:00,14.31,14.58,14.31,14.4,944877,0.0,0.0
2008-07-15 00:00:00+08:00,14.31,14.31,13.68,13.68,1269213,0.0,0.0
2008-07-16 00:00:00+08:00,13.68,13.86,13.59,13.63,1233636,0.0,0.0
2008-07-17 00:00:00+08:00,13.77,14.22,13.77,14.13,1064848,0.0,0.0
2008-07-18 00:00:00+08:00,14.4,14.45,13.59,13.68,1867415,0.0,0.0
2008-07-21 00:00:00+08:00,14.13,14.13,13.77,14.09,773608,0.0,0.0
2008-07-22 00:00:00+08:00,14.04,14.22,13.9,14.0,560969,0.0,0.0
2008-07-23 00:00:00+08:00,14.27,14.77,14.18,14.77,1859141,0.0,0.0
2008-07-24 00:00:00+08:00,14.86,14.95,14.58,14.81,1022652,0.0,0.0
2008-07-25 00:00:00+08:00,14.31,14.58,14.31,14.58,993693,0.0,0.0
2008-07-28 00:00:00+08:00,14.58,14.58,14.58,14.58,0,0.0,0.0
2008-07-29 00:00:00+08:00,14.22,14.31,13.95,13.95,1138486,0.0,0.0
2008-07-30 00:00:00+08:00,14.27,14.31,14.09,14.09,494778,0.0,0.0
2008-07-31 00:00:00+08:00,14.31,14.31,13.86,13.9,1050783,0.0,0.0
2008-08-01 00:00:00+08:00,13.86,13.86,13.63,13.81,1039199,0.0,0.0
2008-08-04 00:00:00+08:00,13.77,13.81,13.41,13.59,2219882,0.0,0.0
2008-08-05 00:00:00+08:00,13.59,13.59,12.77,13.27,3839909,0.0,0.0
2008-08-06 00:00:00+08:00,13.54,13.77,13.27,13.77,1571210,0.0,0.0
2008-08-07 00:00:00+08:00,13.68,13.9,13.59,13.63,1204677,0.0,0.0
2008-08-08 00:00:00+08:00,13.63,14.45,13.63,14.45,2521879,0.0,0.0
2008-08-11 00:00:00+08:00,14.86,14.99,14.67,14.77,2834632,0.0,0.0
2008-08-12 00:00:00+08:00,14.9,14.9,14.58,14.63,1761509,0.0,0.0
2008-08-13 00:00:00+08:00,14.58,14.81,14.45,14.77,1615889,0.0,0.0
2008-08-14 00:00:00+08:00,14.77,14.95,14.58,14.95,1766474,0.0,0.0
2008-08-15 00:00:00+08:00,15.35,15.76,15.04,15.04,5235713,0.0,0.0
2008-08-18 00:00:00+08:00,14.86,15.04,14.36,14.36,1404078,0.0,0.0
2008-08-19 00:00:00+08:00,14.04,14.58,13.95,14.54,1304791,0.0,0.0
2008-08-20 00:00:00+08:00,14.4,14.67,14.4,14.58,625505,0.0,0.0
2008-08-21 00:00:00+08:00,14.49,14.54,14.13,14.18,1447929,0.0,0.0
2008-08-22 00:00:00+08:00,14.04,14.31,13.9,13.95,1035890,0.0,0.0
2008-08-25 00:00:00+08:00,14.13,14.45,14.04,14.31,1140141,0.0,0.0
2008-08-26 00:00:00+08:00,14.31,14.31,13.95,14.04,855519,0.0,0.0
2008-08-27 00:00:00+08:00,14.09,14.36,14.04,14.27,1179028,0.0,0.0
2008-08-28 00:00:00+08:00,14.31,14.45,14.22,14.22,1456203,0.0,0.0
2008-08-29 00:00:00+08:00,14.4,14.54,14.22,14.27,1327130,0.0,0.0
2008-09-01 00:00:00+08:00,14.18,14.18,13.72,13.72,1171581,0.0,0.0
2008-09-02 00:00:00+08:00,13.72,13.9,13.09,13.13,1696973,0.0,0.0
2008-09-03 00:00:00+08:00,13.13,13.23,12.55,12.68,2169412,0.0,0.0
2008-09-04 00:00:00+08:00,12.41,12.91,11.82,11.82,3992148,0.0,0.0
2008-09-05 00:00:00+08:00,11.23,11.64,11.14,11.46,2541737,0.0,0.0
2008-09-08 00:00:00+08:00,11.96,12.23,11.87,12.23,1327130,0.0,0.0
2008-09-09 00:00:00+08:00,12.23,12.23,11.41,11.41,2037857,0.0,0.0
2008-09-10 00:00:00+08:00,11.14,11.91,11.14,11.87,1518257,0.0,0.0
2008-09-11 00:00:00+08:00,12.14,12.14,11.55,11.59,1692009,0.0,0.0
2008-09-12 00:00:00+08:00,11.91,11.91,11.23,11.55,2572350,0.0,0.0
2008-09-15 00:00:00+08:00,11.41,11.67,10.84,10.94,1926632,0.41,1.12
2008-09-16 00:00:00+08:00,10.18,10.42,10.18,10.18,3371607,0.0,0.0
2008-09-17 00:00:00+08:00,10.63,10.84,9.59,9.9,2137912,0.0,0.0
2008-09-18 00:00:00+08:00,9.21,9.48,9.21,9.46,2906940,0.0,0.0
2008-09-19 00:00:00+08:00,10.12,10.12,10.0,10.12,1179028,0.0,0.0
2008-09-22 00:00:00+08:00,10.79,10.79,10.68,10.79,2270146,0.0,0.0
2008-09-23 00:00:00+08:00,10.63,11.46,10.63,11.46,2195534,0.0,0.0
2008-09-24 00:00:00+08:00,11.46,11.98,11.1,11.67,2471822,0.0,0.0
2008-09-25 00:00:00+08:00,11.36,12.25,11.36,12.09,2602579,0.0,0.0
2008-09-26 00:00:00+08:00,12.35,12.35,11.26,11.31,3299949,0.0,0.0
2008-09-29 00:00:00+08:00,11.31,11.31,11.31,11.31,0,0.0,0.0
2008-09-30 00:00:00+08:00,10.53,10.73,10.53,10.53,2161552,0.0,0.0
2008-10-01 00:00:00+08:00,11.05,11.26,10.84,11.26,1594200,0.0,0.0
2008-10-02 00:00:00+08:00,11.26,12.04,11.15,11.26,1043839,0.0,0.0
2008-10-03 00:00:00+08:00,11.26,12.04,10.99,11.93,1533623,0.0,0.0
2008-10-06 00:00:00+08:00,11.52,12.51,11.36,11.36,1031280,0.0,0.0
2008-10-07 00:00:00+08:00,11.05,11.72,11.05,11.57,1061568,0.0,0.0
2008-10-08 00:00:00+08:00,11.26,12.3,10.79,10.79,1312740,0.0,0.0
2008-10-09 00:00:00+08:00,10.63,11.05,10.11,10.16,1700578,0.0,0.0
2008-10-13 00:00:00+08:00,9.81,9.96,9.81,9.9,1269893,0.0,0.0
2008-10-14 00:00:00+08:00,10.58,10.58,10.58,10.58,709928,0.0,0.0
2008-10-15 00:00:00+08:00,10.68,10.73,10.47,10.73,1606758,0.0,0.0
2008-10-16 00:00:00+08:00,10.36,10.42,10.36,10.36,1192325,0.0,0.0
2008-10-17 00:00:00+08:00,10.73,10.73,10.37,10.37,1263244,0.0,0.0
2008-10-20 00:00:00+08:00,10.37,10.53,10.03,10.53,811874,0.0,0.0
2008-10-21 00:00:00+08:00,10.94,10.99,10.42,10.53,1239605,0.0,0.0
2008-10-22 00:00:00+08:00,10.22,10.53,10.16,10.16,1010595,0.0,0.0
2008-10-23 00:00:00+08:00,9.81,9.85,9.81,9.81,299189,0.0,0.0
2008-10-24 00:00:00+08:00,9.47,9.5,9.47,9.47,808181,0.0,0.0
2008-10-27 00:00:00+08:00,8.83,9.17,8.82,8.82,1169424,0.0,0.0
2008-10-28 00:00:00+08:00,8.2,9.38,8.2,8.9,2030056,0.0,0.0
2008-10-29 00:00:00+08:00,9.51,9.51,8.75,8.75,1461965,0.0,0.0
2008-10-30 00:00:00+08:00,8.86,9.36,8.86,9.36,1495208,0.0,0.0
2008-10-31 00:00:00+08:00,9.66,9.9,9.19,9.9,1625227,0.0,0.0
2008-11-03 00:00:00+08:00,9.59,9.83,9.45,9.8,2117966,0.0,0.0
2008-11-04 00:00:00+08:00,9.43,9.58,9.34,9.38,2178543,0.0,0.0
2008-11-05 00:00:00+08:00,9.48,9.59,9.33,9.38,1299442,0.0,0.0
2008-11-06 00:00:00+08:00,8.72,8.96,8.72,8.72,1174595,0.0,0.0
2008-11-07 00:00:00+08:00,8.13,8.8,8.13,8.71,1111064,0.0,0.0
2008-11-10 00:00:00+08:00,8.71,8.76,8.55,8.65,559964,0.0,0.0
2008-11-11 00:00:00+08:00,8.64,8.65,8.21,8.38,698108,0.0,0.0
2008-11-12 00:00:00+08:00,8.27,8.55,8.23,8.32,670775,0.0,0.0
2008-11-13 00:00:00+08:00,8.23,8.23,7.74,7.74,1147262,0.0,0.0
2008-11-14 00:00:00+08:00,7.95,8.01,7.38,7.5,1669551,0.0,0.0
2008-11-17 00:00:00+08:00,7.3,7.3,6.98,6.98,1518109,0.0,0.0
2008-11-18 00:00:00+08:00,6.61,6.83,6.5,6.5,1883047,0.0,0.0
2008-11-19 00:00:00+08:00,6.31,6.86,6.2,6.51,1614146047,0.0,0.0
2008-11-20 00:00:00+08:00,6.07,6.23,6.07,6.07,1398434,0.0,0.0
2008-11-21 00:00:00+08:00,5.65,6.19,5.65,6.19,1860146,0.0,0.0
2008-11-24 00:00:00+08:00,6.19,6.32,5.99,6.04,557748,0.0,0.0
2008-11-25 00:00:00+08:00,6.25,6.46,6.25,6.36,1039406,0.0,0.0
2008-11-26 00:00:00+08:00,6.35,6.42,6.22,6.25,844379,0.0,0.0
2008-11-27 00:00:00+08:00,6.42,6.68,6.41,6.67,2408291,0.0,0.0
2008-11-28 00:00:00+08:00,6.63,6.83,6.57,6.78,1427244,0.0,0.0
2008-12-01 00:00:00+08:00,6.78,7.08,6.72,6.97,1278758,0.0,0.0
2008-12-02 00:00:00+08:00,6.51,6.67,6.49,6.49,1185677,0.0,0.0
2008-12-03 00:00:00+08:00,6.53,6.6,6.21,6.25,1303136,0.0,0.0
2008-12-04 00:00:00+08:00,6.38,6.38,6.07,6.07,964793930,0.0,0.0
2008-12-05 00:00:00+08:00,6.04,6.14,5.95,6.1,463928,0.0,0.0
2008-12-08 00:00:00+08:00,6.16,6.46,6.16,6.37,1642956,0.0,0.0
2008-12-09 00:00:00+08:00,6.46,6.54,6.38,6.46,933028127,0.0,0.0
2008-12-10 00:00:00+08:00,6.64,6.91,6.51,6.91,2686057,0.0,0.0
2008-12-11 00:00:00+08:00,7.0,7.28,6.99,7.16,3461733,0.0,0.0
2008-12-12 00:00:00+08:00,6.96,7.11,6.66,6.74,2314471,0.0,0.0
2008-12-15 00:00:00+08:00,7.2,7.21,7.07,7.21,2864832,0.0,0.0
2008-12-16 00:00:00+08:00,7.4,7.46,7.24,7.35,2719300,0.0,0.0
2008-12-17 00:00:00+08:00,7.45,7.5,7.09,7.2,2767318,0.0,0.0
2008-12-18 00:00:00+08:00,7.19,7.24,6.99,7.13,883532,0.0,0.0
2008-12-19 00:00:00+08:00,7.3,7.3,7.3,7.3,2077335783,0.0,0.0
2008-12-22 00:00:00+08:00,7.3,7.4,6.96,7.0,1458271,0.0,0.0
2008-12-23 00:00:00+08:00,6.93,6.93,6.51,6.61,2001984,0.0,0.0
2008-12-24 00:00:00+08:00,6.5,6.65,6.42,6.61,867280,0.0,0.0
2008-12-25 00:00:00+08:00,6.59,6.62,6.46,6.51,678162,0.0,0.0
2008-12-26 00:00:00+08:00,6.51,6.61,6.48,6.59,924163,0.0,0.0
2008-12-29 00:00:00+08:00,6.59,6.59,6.46,6.59,434378,0.0,0.0
2008-12-30 00:00:00+08:00,6.59,6.83,6.59,6.73,1882308,0.0,0.0
2008-12-31 00:00:00+08:00,6.82,6.83,6.67,6.72,1692452,0.0,0.0
2009-01-02 00:00:00+08:00,6.72,6.72,6.72,6.72,0,0.0,0.0
2009-01-05 00:00:00+08:00,7.08,7.08,6.77,6.85,1301659192,0.0,0.0
2009-01-06 00:00:00+08:00,6.88,7.18,6.86,7.02,1857191,0.0,0.0
2009-01-07 00:00:00+08:00,7.16,7.39,7.06,7.19,3282958,0.0,0.0
2009-01-08 00:00:00+08:00,7.09,7.11,6.69,6.69,1642218,0.0,0.0
2009-01-09 00:00:00+08:00,6.63,6.86,6.63,6.77,797100,0.0,0.0
2009-01-12 00:00:00+08:00,6.72,6.82,6.65,6.67,642703,0.0,0.0
2009-01-13 00:00:00+08:00,6.65,6.77,6.61,6.72,418126,0.0,0.0
2009-01-14 00:00:00+08:00,6.77,6.81,6.69,6.72,658955,0.0,0.0
2009-01-15 00:00:00+08:00,6.58,6.58,6.32,6.32,947802,0.0,0.0
2009-01-16 00:00:00+08:00,6.54,6.54,6.32,6.38,771982,0.0,0.0
2009-01-19 00:00:00+08:00,6.78,6.96,6.76,6.79,5703808528,0.0,0.0
2009-01-20 00:00:00+08:00,6.72,6.72,6.39,6.44,1557263,0.0,0.0
2009-01-21 00:00:00+08:00,6.31,6.48,6.26,6.45,766811,0.0,0.0
2009-02-02 00:00:00+08:00,6.46,6.47,6.33,6.41,531892,0.0,0.0
2009-02-03 00:00:00+08:00,6.46,6.68,6.46,6.67,747604,0.0,0.0
2009-02-04 00:00:00+08:00,6.79,6.83,6.67,6.68,996559,0.0,0.0
2009-02-05 00:00:00+08:00,6.65,6.93,6.63,6.69,831820,0.0,0.0
2009-02-06 00:00:00+08:00,6.93,6.93,6.77,6.77,1367407,0.0,0.0
2009-02-09 00:00:00+08:00,7.03,7.03,6.78,6.83,1677677,0.0,0.0
2009-02-10 00:00:00+08:00,6.88,6.98,6.83,6.92,1179767,0.0,0.0
2009-02-11 00:00:00+08:00,6.77,7.14,6.73,7.14,1844632,0.0,0.0
2009-02-12 00:00:00+08:00,7.23,7.61,7.09,7.19,4285428,0.0,0.0
2009-02-13 00:00:00+08:00,7.28,7.69,7.28,7.69,3753535,0.0,0.0
2009-02-16 00:00:00+08:00,8.21,8.21,7.9,8.18,7458315,0.0,0.0
2009-02-17 00:00:00+08:00,8.13,8.34,7.82,8.31,8242117,0.0,0.0
2009-02-18 00:00:00+08:00,7.93,8.24,7.93,7.97,3359787,0.0,0.0
2009-02-19 00:00:00+08:00,8.02,8.02,7.57,7.82,2655030,0.0,0.0
2009-02-20 00:00:00+08:00,7.8,7.97,7.71,7.8,2672759,0.0,0.0
2009-02-23 00:00:00+08:00,7.7,7.84,7.57,7.74,1589028,0.0,0.0
2009-02-24 00:00:00+08:00,7.71,7.71,7.5,7.56,1264722,0.0,0.0
2009-02-25 00:00:00+08:00,7.81,7.96,7.72,7.86,3075372,0.0,0.0
2009-02-26 00:00:00+08:00,7.98,8.09,7.71,7.77,3591013,0.0,0.0
2009-02-27 00:00:00+08:00,7.78,7.99,7.77,7.87,3863608,0.0,0.0
2009-03-02 00:00:00+08:00,7.87,8.32,7.87,7.94,4412491,0.0,0.0
2009-03-03 00:00:00+08:00,7.92,7.94,7.5,7.92,1603803,0.0,0.0
2009-03-04 00:00:00+08:00,8.02,8.47,7.92,8.47,6008907,0.0,0.0
2009-03-05 00:00:00+08:00,8.81,8.86,8.34,8.44,7074909,0.0,0.0
2009-03-06 00:00:00+08:00,8.25,8.62,8.25,8.6,4050509,0.0,0.0
2009-03-09 00:00:00+08:00,8.75,9.19,8.67,9.19,8554604,0.0,0.0
2009-03-10 00:00:00+08:00,9.57,9.83,9.38,9.83,11576049,0.0,0.0
2009-03-11 00:00:00+08:00,10.14,10.18,9.41,9.48,8337415,0.0,0.0
2009-03-12 00:00:00+08:00,9.5,9.63,9.38,9.4,4328275,0.0,0.0
2009-03-13 00:00:00+08:00,9.74,9.74,9.19,9.38,5334438,0.0,0.0
2009-03-16 00:00:00+08:00,9.38,9.55,9.22,9.3,4613428,0.0,0.0
2009-03-17 00:00:00+08:00,9.3,9.54,9.23,9.48,3634598,0.0,0.0
2009-03-18 00:00:00+08:00,9.54,9.83,9.48,9.54,6162565,0.0,0.0
2009-03-19 00:00:00+08:00,9.64,9.7,9.4,9.41,3743193,0.0,0.0
2009-03-20 00:00:00+08:00,9.41,9.48,9.08,9.08,3370130,0.0,0.0
2009-03-23 00:00:00+08:00,9.23,9.48,9.15,9.42,2044092,0.0,0.0
2009-03-24 00:00:00+08:00,9.53,10.08,9.48,10.0,10272174,0.0,0.0
2009-03-25 00:00:00+08:00,10.2,10.58,10.0,10.41,12286717,0.0,0.0
2009-03-26 00:00:00+08:00,10.58,10.99,10.27,10.68,9981110,0.0,0.0
2009-03-27 00:00:00+08:00,10.84,11.05,10.58,10.68,6153700,0.0,0.0
2009-03-30 00:00:00+08:00,10.42,10.58,9.94,9.94,3695175,0.0,0.0
2009-03-31 00:00:00+08:00,9.85,10.11,9.69,9.81,2688273,0.0,0.0
2009-04-02 00:00:00+08:00,10.28,10.36,10.11,10.22,3608004,0.0,0.0
2009-04-03 00:00:00+08:00,10.4,10.68,10.27,10.47,4313500,0.0,0.0
2009-04-06 00:00:00+08:00,10.68,10.99,10.53,10.63,4680654,0.0,0.0
2009-04-07 00:00:00+08:00,10.47,10.84,10.42,10.73,3908671,0.0,0.0
2009-04-08 00:00:00+08:00,10.73,11.15,10.53,10.73,6189160,0.0,0.0
2009-04-09 00:00:00+08:00,10.84,11.1,10.84,11.05,5380240,0.0,0.0
2009-04-10 00:00:00+08:00,11.46,11.67,11.2,11.46,6416692,0.0,0.0
2009-04-13 00:00:00+08:00,11.57,11.93,11.26,11.72,5788763,0.0,0.0
2009-04-14 00:00:00+08:00,11.72,11.78,11.46,11.57,2886255,0.0,0.0
2009-04-15 00:00:00+08:00,11.57,11.93,11.36,11.93,4383680,0.0,0.0
2009-04-16 00:00:00+08:00,12.09,12.25,11.93,12.19,5307105,0.0,0.0
2009-04-17 00:00:00+08:00,12.35,12.66,11.36,11.46,9155199,0.0,0.0
2009-04-20 00:00:00+08:00,11.36,11.46,10.68,11.05,3855482,0.0,0.0
2009-04-21 00:00:00+08:00,10.68,11.46,10.63,11.46,2822724,0.0,0.0
2009-04-22 00:00:00+08:00,11.46,11.72,11.31,11.36,4212293,0.0,0.0
2009-04-23 00:00:00+08:00,11.46,11.67,11.1,11.26,2808687,0.0,0.0
2009-04-24 00:00:00+08:00,11.26,11.78,11.26,11.67,5483664,0.0,0.0
2009-04-27 00:00:00+08:00,11.88,11.88,10.94,11.05,5319663,0.0,0.0
2009-04-28 00:00:00+08:00,10.84,11.1,10.32,10.32,5506565,0.0,0.0
2009-04-29 00:00:00+08:00,10.32,10.42,9.9,10.06,3961121,0.0,0.0
2009-04-30 00:00:00+08:00,10.68,10.73,10.42,10.73,4341572,0.0,0.0
2009-05-04 00:00:00+08:00,11.05,11.46,11.05,11.46,5795412,0.0,0.0
2009-05-05 00:00:00+08:00,11.78,11.78,10.73,10.94,4599392,0.0,0.0
2009-05-06 00:00:00+08:00,10.94,11.52,10.73,11.26,4631158,0.0,0.0
2009-05-07 00:00:00+08:00,11.78,12.04,11.52,12.04,6234962,0.0,0.0
2009-05-08 00:00:00+08:00,12.87,12.87,12.51,12.87,10488624,0.0,0.0
2009-05-11 00:00:00+08:00,13.34,13.44,12.61,12.71,11728230,0.0,0.0
2009-05-12 00:00:00+08:00,12.51,12.61,12.04,12.25,5264997,0.0,0.0
2009-05-13 00:00:00+08:00,12.35,12.71,12.35,12.51,3424058,0.0,0.0
2009-05-14 00:00:00+08:00,12.14,12.82,12.04,12.51,4645194,0.0,0.0
2009-05-15 00:00:00+08:00,12.56,12.82,12.35,12.45,5110600,0.0,0.0
2009-05-18 00:00:00+08:00,12.45,12.61,12.25,12.35,2963823,0.0,0.0
2009-05-19 00:00:00+08:00,12.61,12.77,12.14,12.25,4734582,0.0,0.0
2009-05-20 00:00:00+08:00,12.3,12.51,12.14,12.19,2964562,0.0,0.0
2009-05-21 00:00:00+08:00,12.09,12.35,12.09,12.19,2918760,0.0,0.0
2009-05-22 00:00:00+08:00,11.98,12.71,11.88,12.51,4594221,0.0,0.0
2009-05-25 00:00:00+08:00,12.82,13.34,12.4,13.34,8525793,0.0,0.0
2009-05-26 00:00:00+08:00,13.7,13.96,13.08,13.13,13492340,0.0,0.0
2009-05-27 00:00:00+08:00,13.44,13.86,13.24,13.81,8145342,0.0,0.0
2009-06-01 00:00:00+08:00,13.81,13.81,13.24,13.34,6760206,0.0,0.0
2009-06-02 00:00:00+08:00,13.55,13.55,12.61,12.77,6513467,0.0,0.0
2009-06-03 00:00:00+08:00,12.61,13.24,12.56,12.77,2766579,0.0,0.0
2009-06-04 00:00:00+08:00,12.87,13.08,12.71,12.92,1961353,0.0,0.0
2009-06-05 00:00:00+08:00,13.03,13.55,12.92,13.44,6992909,0.0,0.0
2009-06-08 00:00:00+08:00,13.5,13.5,12.66,12.77,2724471,0.0,0.0
2009-06-09 00:00:00+08:00,12.61,12.77,11.88,11.88,4398455,0.0,0.0
2009-06-10 00:00:00+08:00,11.98,12.19,11.72,12.09,2018975,0.0,0.0
2009-06-11 00:00:00+08:00,12.09,12.4,11.93,12.3,5098042,0.0,0.0
2009-06-12 00:00:00+08:00,12.45,12.51,11.78,11.88,2649120,0.0,0.0
2009-06-15 00:00:00+08:00,11.57,11.57,11.1,11.1,3319157,0.0,0.0
2009-06-16 00:00:00+08:00,10.63,10.89,10.34,10.53,3926401,0.0,0.0
2009-06-17 00:00:00+08:00,10.58,10.84,10.42,10.42,2194056,0.0,0.0
2009-06-18 00:00:00+08:00,10.68,10.68,10.32,10.35,2041876,0.0,0.0
2009-06-19 00:00:00+08:00,10.35,10.53,10.33,10.53,1341551,0.0,0.0
2009-06-22 00:00:00+08:00,10.73,11.05,10.53,10.99,1968741,0.0,0.0
2009-06-23 00:00:00+08:00,10.94,11.2,10.79,10.94,3005931,0.0,0.0
2009-06-24 00:00:00+08:00,10.94,11.2,10.73,10.94,3124129,0.0,0.0
2009-06-25 00:00:00+08:00,10.94,11.31,10.89,11.26,4647410,0.0,0.0
2009-06-26 00:00:00+08:00,11.52,11.52,11.1,11.26,5214024,0.0,0.0
2009-06-29 00:00:00+08:00,11.26,11.41,10.89,10.94,1529929,0.0,0.0
2009-06-30 00:00:00+08:00,11.05,11.2,10.94,10.94,1586812,0.0,0.0
2009-07-01 00:00:00+08:00,11.05,11.36,10.99,11.26,1509983,0.0,0.0
2009-07-02 00:00:00+08:00,11.36,11.72,11.31,11.46,4763393,0.0,0.0
2009-07-03 00:00:00+08:00,11.41,11.78,11.15,11.78,3548166,0.0,0.0
2009-07-06 00:00:00+08:00,11.88,12.3,11.83,11.93,5277555,0.0,0.0
2009-07-07 00:00:00+08:00,12.09,12.3,11.98,12.09,3121913,0.0,0.0
2009-07-08 00:00:00+08:00,12.09,12.09,11.78,11.83,2016020,0.0,0.0
2009-07-09 00:00:00+08:00,12.09,12.51,11.98,12.51,5603339,0.0,0.0
2009-07-10 00:00:00+08:00,12.61,12.71,12.3,12.4,4753050,0.0,0.0
2009-07-13 00:00:00+08:00,12.51,12.56,11.67,11.72,4139158,0.0,0.0
2009-07-14 00:00:00+08:00,11.88,12.14,11.83,12.04,3739499,0.0,0.0
2009-07-15 00:00:00+08:00,12.25,12.4,11.98,12.19,4685086,0.0,0.0
2009-07-16 00:00:00+08:00,12.4,12.45,11.98,11.98,2880345,0.0,0.0
2009-07-17 00:00:00+08:00,12.19,12.51,11.98,12.4,6668602,0.0,0.0
2009-07-20 00:00:00+08:00,12.51,12.82,12.35,12.71,8129090,0.0,0.0
2009-07-21 00:00:00+08:00,12.82,12.87,12.4,12.45,4350437,0.0,0.0
2009-07-22 00:00:00+08:00,12.51,12.82,12.3,12.61,8901073,0.0,0.0
2009-07-23 00:00:00+08:00,12.66,12.77,12.45,12.51,6749863,0.0,0.0
2009-07-24 00:00:00+08:00,12.71,12.71,12.19,12.19,4838005,0.0,0.0
2009-07-27 00:00:00+08:00,12.35,12.51,12.14,12.25,2925408,0.0,0.0
2009-07-28 00:00:00+08:00,12.3,12.87,12.3,12.82,7954748,0.0,0.0
2009-07-29 00:00:00+08:00,13.03,13.7,12.82,13.7,18506904,0.0,0.0
2009-07-30 00:00:00+08:00,13.76,13.76,13.03,13.5,11758518,0.0,0.0
2009-07-31 00:00:00+08:00,13.76,14.43,13.76,14.02,20553952,0.0,0.0
2009-08-03 00:00:00+08:00,14.28,14.96,14.07,14.96,22644585,0.0,0.0
2009-08-04 00:00:00+08:00,15.22,15.48,13.91,14.07,16340920,0.0,0.0
2009-08-05 00:00:00+08:00,14.17,14.23,13.34,13.44,8068514,0.0,0.0
2009-08-06 00:00:00+08:00,13.55,13.76,13.24,13.55,5182997,0.0,0.0
2009-08-07 00:00:00+08:00,13.55,13.55,13.55,13.55,0,0.0,0.0
2009-08-10 00:00:00+08:00,13.5,13.86,13.44,13.7,3526742,0.0,0.0
2009-08-11 00:00:00+08:00,13.7,13.81,13.29,13.7,3251931,0.0,0.0
2009-08-12 00:00:00+08:00,13.55,14.02,13.5,13.7,4292077,0.0,0.0
2009-08-13 00:00:00+08:00,14.02,14.33,13.96,14.23,5966799,0.0,0.0
2009-08-14 00:00:00+08:00,14.33,14.69,14.17,14.28,8157162,0.0,0.0
2009-08-17 00:00:00+08:00,14.28,14.64,14.07,14.28,4581663,0.0,0.0
2009-08-18 00:00:00+08:00,14.12,14.17,13.5,13.65,4724239,0.0,0.0
2009-08-19 00:00:00+08:00,13.96,13.96,13.65,13.81,2021191,0.0,0.0
2009-08-20 00:00:00+08:00,13.7,13.81,12.97,13.08,4526996,0.0,0.0
2009-08-21 00:00:00+08:00,13.24,13.5,12.35,12.71,4998312,0.0,0.0
2009-08-24 00:00:00+08:00,13.03,13.29,12.97,13.24,1951750,0.0,0.0
2009-08-25 00:00:00+08:00,13.5,13.5,12.71,12.71,2561948,0.0,0.0
2009-08-26 00:00:00+08:00,12.77,13.34,12.61,13.13,6491304,0.0,0.0
2009-08-27 00:00:00+08:00,13.13,13.7,13.03,13.24,4613428,0.0,0.0
2009-08-28 00:00:00+08:00,13.34,13.76,13.29,13.55,5462979,0.0,0.0
2009-08-31 00:00:00+08:00,13.55,13.6,13.13,13.13,2265714,0.0,0.0
2009-09-01 00:00:00+08:00,13.18,13.76,13.18,13.76,3813373,0.0,0.0
2009-09-02 00:00:00+08:00,13.65,14.07,13.55,13.76,3820761,0.0,0.0
2009-09-03 00:00:00+08:00,13.96,14.07,13.6,13.7,2827156,0.0,0.0
2009-09-04 00:00:00+08:00,13.76,13.96,13.7,13.7,2860399,0.0,0.0
2009-09-07 00:00:00+08:00,13.86,14.28,13.81,14.12,3496454,0.0,0.0
2009-09-08 00:00:00+08:00,14.17,14.64,14.02,14.49,9280785,0.0,0.0
2009-09-09 00:00:00+08:00,14.59,14.64,13.81,13.86,3817067,0.0,0.0
2009-09-10 00:00:00+08:00,14.12,14.28,13.6,13.65,2793174,0.0,0.0
2009-09-11 00:00:00+08:00,13.65,13.91,13.65,13.76,1365190,0.0,0.0
2009-09-14 00:00:00+08:00,13.65,13.86,13.6,13.65,1447929,0.0,0.0
2009-09-15 00:00:00+08:00,13.65,14.59,13.65,14.59,8518406,0.0,0.0
2009-09-16 00:00:00+08:00,14.75,15.32,14.59,14.59,15925009,0.0,0.0
2009-09-17 00:00:00+08:00,14.8,14.85,14.38,14.43,5297501,0.0,0.0
2009-09-18 00:00:00+08:00,14.59,15.11,14.49,15.11,7894171,0.0,0.0
2009-09-21 00:00:00+08:00,15.11,15.58,14.96,15.11,7070476,0.0,0.0
2009-09-22 00:00:00+08:00,15.42,15.42,14.8,14.85,4152455,0.0,0.0
2009-09-23 00:00:00+08:00,15.01,15.42,14.64,14.75,9174407,0.0,0.0
2009-09-24 00:00:00+08:00,14.75,14.9,14.59,14.75,2814597,0.0,0.0
2009-09-25 00:00:00+08:00,14.75,14.8,14.49,14.54,4133986,0.0,0.0
2009-09-28 00:00:00+08:00,14.43,14.54,14.17,14.23,2771012,0.0,0.0
2009-09-29 00:00:00+08:00,14.38,14.64,14.38,14.49,2300435,0.0,0.0
2009-09-30 00:00:00+08:00,14.64,14.64,14.38,14.49,2597408,0.0,0.0
2009-10-01 00:00:00+08:00,14.49,14.59,14.33,14.33,2112056,0.0,0.0
2009-10-02 00:00:00+08:00,14.12,14.28,14.02,14.07,2666849,0.0,0.0
2009-10-05 00:00:00+08:00,14.07,14.23,14.02,14.17,1309046,0.0,0.0
2009-10-06 00:00:00+08:00,14.28,14.54,14.28,14.38,2211786,0.0,0.0
2009-10-07 00:00:00+08:00,14.59,14.8,14.49,14.54,3839229,0.0,0.0
2009-10-08 00:00:00+08:00,14.64,15.01,14.54,14.59,7440585,0.0,0.0
2009-10-09 00:00:00+08:00,14.64,14.8,14.38,14.49,2877390,0.0,0.0
2009-10-12 00:00:00+08:00,14.59,14.64,14.43,14.49,2023407,0.0,0.0
2009-10-13 00:00:00+08:00,14.49,14.69,14.38,14.54,2556777,0.0,0.0
2009-10-14 00:00:00+08:00,14.69,14.85,14.64,14.8,3631643,0.0,0.0
2009-10-15 00:00:00+08:00,15.01,15.01,14.59,14.59,3749103,0.0,0.0
2009-10-16 00:00:00+08:00,14.75,15.22,14.69,14.96,6370151,0.0,0.0
2009-10-19 00:00:00+08:00,15.06,15.42,15.06,15.37,5100258,0.0,0.0
2009-10-20 00:00:00+08:00,15.53,15.53,15.01,15.01,4642239,0.0,0.0
2009-10-21 00:00:00+08:00,15.01,15.42,15.01,15.32,6741737,0.0,0.0
2009-10-22 00:00:00+08:00,15.22,15.22,14.59,14.69,4117734,0.0,0.0
2009-10-23 00:00:00+08:00,14.69,14.9,14.59,14.69,2400164,0.0,0.0
2009-10-26 00:00:00+08:00,14.75,14.9,14.59,14.64,2505066,0.0,0.0
2009-10-27 00:00:00+08:00,14.75,14.9,14.49,14.59,10142894,0.0,0.0
2009-10-28 00:00:00+08:00,14.54,14.59,14.17,14.23,3700346,0.0,0.0
2009-10-29 00:00:00+08:00,13.96,13.96,13.29,13.55,4549158,0.0,0.0
2009-10-30 00:00:00+08:00,13.76,13.76,13.29,13.39,2749588,0.0,0.0
2009-11-02 00:00:00+08:00,12.92,13.24,12.77,13.03,4497446,0.0,0.0
2009-11-03 00:00:00+08:00,13.24,13.24,12.97,13.08,2054434,0.0,0.0
2009-11-04 00:00:00+08:00,13.18,13.96,13.13,13.81,5248006,0.0,0.0
2009-11-05 00:00:00+08:00,13.55,14.02,13.55,13.86,4822492,0.0,0.0
2009-11-06 00:00:00+08:00,14.07,14.07,13.5,13.55,2951264,0.0,0.0
2009-11-09 00:00:00+08:00,13.65,13.76,13.39,13.44,2122398,0.0,0.0
2009-11-10 00:00:00+08:00,13.55,13.7,13.55,13.6,1442758,0.0,0.0
2009-11-11 00:00:00+08:00,13.6,13.7,13.39,13.55,1846849,0.0,0.0
2009-11-12 00:00:00+08:00,13.65,13.7,13.55,13.55,1588290,0.0,0.0
2009-11-13 00:00:00+08:00,13.55,13.76,13.55,13.7,1278758,0.0,0.0
2009-11-16 00:00:00+08:00,13.76,13.96,13.76,13.91,2176326,0.0,0.0
2009-11-17 00:00:00+08:00,14.07,14.17,13.96,14.17,4857212,0.0,0.0
2009-11-18 00:00:00+08:00,14.28,14.9,14.12,14.59,12304446,0.0,0.0
2009-11-19 00:00:00+08:00,14.59,14.75,14.28,14.38,3881337,0.0,0.0
2009-11-20 00:00:00+08:00,14.43,14.59,14.28,14.49,4251446,0.0,0.0
2009-11-23 00:00:00+08:00,14.49,14.69,14.38,14.38,3010363,0.0,0.0
2009-11-24 00:00:00+08:00,14.59,14.59,14.28,14.28,2672021,0.0,0.0
2009-11-25 00:00:00+08:00,14.38,14.49,14.23,14.28,1543227,0.0,0.0
2009-11-26 00:00:00+08:00,14.38,14.43,14.02,14.02,3254147,0.0,0.0
2009-11-27 00:00:00+08:00,13.7,13.96,13.55,13.55,2574507,0.0,0.0
2009-11-30 00:00:00+08:00,13.76,13.91,13.76,13.91,909388,0.0,0.0
2009-12-01 00:00:00+08:00,13.91,14.23,13.76,13.96,2197011,0.0,0.0
2009-12-02 00:00:00+08:00,14.02,14.49,13.91,14.07,3192093,0.0,0.0
2009-12-03 00:00:00+08:00,14.17,14.28,13.76,13.86,2021191,0.0,0.0
2009-12-04 00:00:00+08:00,13.86,13.96,13.76,13.86,1394001,0.0,0.0
2009-12-07 00:00:00+08:00,13.86,14.23,13.86,14.12,2622525,0.0,0.0
2009-12-08 00:00:00+08:00,14.17,14.43,14.12,14.23,3439571,0.0,0.0
2009-12-09 00:00:00+08:00,14.43,14.69,14.33,14.38,4781861,0.0,0.0
2009-12-10 00:00:00+08:00,14.49,14.59,13.86,14.07,3147030,0.0,0.0
2009-12-11 00:00:00+08:00,14.23,14.43,14.17,14.28,2041876,0.0,0.0
2009-12-14 00:00:00+08:00,14.43,14.9,14.38,14.85,8612965,0.0,0.0
2009-12-15 00:00:00+08:00,14.9,15.27,14.59,14.69,5624024,0.0,0.0
2009-12-16 00:00:00+08:00,14.69,15.06,14.59,14.75,5120204,0.0,0.0
2009-12-17 00:00:00+08:00,14.85,15.06,14.59,14.64,4388852,0.0,0.0
2009-12-18 00:00:00+08:00,14.59,15.11,14.54,14.9,7383702,0.0,0.0
2009-12-21 00:00:00+08:00,15.22,15.95,15.11,15.95,13587637,0.0,0.0
2009-12-22 00:00:00+08:00,16.57,16.62,15.84,15.95,18611805,0.0,0.0
2009-12-23 00:00:00+08:00,16.0,16.57,15.84,16.57,14230341,0.0,0.0
2009-12-24 00:00:00+08:00,17.72,17.72,17.72,17.72,8550172,0.0,0.0
2009-12-25 00:00:00+08:00,18.92,18.92,18.92,18.92,13646736,0.0,0.0
2009-12-28 00:00:00+08:00,19.59,19.75,19.02,19.23,33922922,0.0,0.0
2009-12-29 00:00:00+08:00,19.18,19.64,18.97,19.44,16722109,0.0,0.0
2009-12-30 00:00:00+08:00,19.44,20.48,19.07,20.48,19374185,0.0,0.0
2009-12-31 00:00:00+08:00,20.48,21.26,20.11,21.05,22267089,0.0,0.0
2010-01-04 00:00:00+08:00,20.95,21.05,19.91,20.11,13597241,0.0,0.0
2010-01-05 00:00:00+08:00,20.32,20.43,18.76,18.92,13475349,0.0,0.0
2010-01-06 00:00:00+08:00,18.97,19.49,18.76,19.02,10328318,0.0,0.0
2010-01-07 00:00:00+08:00,19.18,20.01,19.07,19.28,14854576,0.0,0.0
2010-01-08 00:00:00+08:00,19.49,19.7,18.76,19.44,9188443,0.0,0.0
2010-01-11 00:00:00+08:00,19.44,19.54,18.97,19.07,7819558,0.0,0.0
2010-01-12 00:00:00+08:00,19.12,19.38,18.92,19.18,5572312,0.0,0.0
2010-01-13 00:00:00+08:00,19.07,19.49,18.92,19.18,9937525,0.0,0.0
2010-01-14 00:00:00+08:00,19.28,19.7,19.18,19.33,8180063,0.0,0.0
2010-01-15 00:00:00+08:00,19.64,19.8,19.33,19.54,9056947,0.0,0.0
2010-01-18 00:00:00+08:00,19.49,20.17,19.33,19.8,11522121,0.0,0.0
2010-01-19 00:00:00+08:00,19.8,20.06,19.12,19.23,5739268,0.0,0.0
2010-01-20 00:00:00+08:00,19.54,19.59,19.12,19.44,4130293,0.0,0.0
2010-01-21 00:00:00+08:00,19.44,19.54,18.81,18.86,5137195,0.0,0.0
2010-01-22 00:00:00+08:00,18.24,18.55,17.82,18.45,5344781,0.0,0.0
2010-01-25 00:00:00+08:00,18.19,18.45,17.77,17.77,3563679,0.0,0.0
2010-01-26 00:00:00+08:00,18.24,18.24,16.57,16.57,6116025,0.0,0.0
2010-01-27 00:00:00+08:00,16.31,16.57,15.74,16.21,4580924,0.0,0.0
2010-01-28 00:00:00+08:00,16.47,17.2,16.36,16.88,4196040,0.0,0.0
2010-01-29 00:00:00+08:00,16.47,16.73,16.15,16.67,2039660,0.0,0.0
2010-02-01 00:00:00+08:00,16.88,17.82,16.78,17.82,5211807,0.0,0.0
2010-02-02 00:00:00+08:00,18.34,18.34,17.46,17.51,8528010,0.0,0.0
2010-02-03 00:00:00+08:00,17.93,18.24,17.61,18.08,4648149,0.0,0.0
2010-02-04 00:00:00+08:00,18.13,18.65,17.93,18.29,4623032,0.0,0.0
2010-02-05 00:00:00+08:00,17.61,17.93,17.04,17.2,3288130,0.0,0.0
2010-02-08 00:00:00+08:00,17.61,18.55,17.56,18.55,6873972,0.0,0.0
2010-02-09 00:00:00+08:00,18.71,19.38,18.71,19.28,10402192,0.0,0.0
2010-02-10 00:00:00+08:00,19.8,19.91,19.02,19.28,9449957,0.0,0.0
2010-02-22 00:00:00+08:00,19.91,19.91,18.45,18.55,6910909,0.0,0.0
2010-02-23 00:00:00+08:00,18.55,18.86,18.45,18.76,3362003,0.0,0.0
2010-02-24 00:00:00+08:00,18.34,19.07,18.34,18.45,4398455,0.0,0.0
2010-02-25 00:00:00+08:00,18.55,18.92,18.34,18.34,4187176,0.0,0.0
2010-02-26 00:00:00+08:00,18.76,19.28,18.45,18.86,8248027,0.0,0.0
2010-03-01 00:00:00+08:00,18.97,19.18,18.76,18.86,3952256,0.0,0.0
2010-03-02 00:00:00+08:00,18.97,19.28,18.55,18.55,4230023,0.0,0.0
2010-03-03 00:00:00+08:00,18.55,18.76,18.03,18.24,3471337,0.0,0.0
2010-03-04 00:00:00+08:00,18.34,18.71,18.24,18.34,3455085,0.0,0.0
2010-03-05 00:00:00+08:00,18.55,18.86,18.39,18.81,4463464,0.0,0.0
2010-03-08 00:00:00+08:00,18.92,19.59,18.86,19.38,10592048,0.0,0.0
2010-03-09 00:00:00+08:00,19.7,20.06,19.49,19.59,13284754,0.0,0.0
2010-03-10 00:00:00+08:00,19.8,19.8,19.12,19.18,5833087,0.0,0.0
2010-03-11 00:00:00+08:00,19.18,19.38,18.86,18.86,5093609,0.0,0.0
2010-03-12 00:00:00+08:00,19.07,19.07,18.6,18.65,3891680,0.0,0.0
2010-03-15 00:00:00+08:00,18.65,19.02,18.6,18.65,2720039,0.0,0.0
2010-03-16 00:00:00+08:00,18.86,19.18,18.65,19.02,3828148,0.0,0.0
2010-03-17 00:00:00+08:00,19.23,19.23,18.97,19.02,3497193,0.0,0.0
2010-03-18 00:00:00+08:00,19.18,20.32,19.12,20.32,17820615,0.0,0.0
2010-03-19 00:00:00+08:00,20.74,20.84,19.59,19.59,20338240,0.0,0.0
2010-03-22 00:00:00+08:00,19.8,20.95,19.75,20.95,18772112,0.0,0.0
2010-03-23 00:00:00+08:00,21.47,22.2,20.9,21.1,27696086,0.0,0.0
2010-03-24 00:00:00+08:00,21.16,21.31,20.58,20.69,9390857,0.0,0.0
2010-03-25 00:00:00+08:00,20.48,21.05,20.32,20.48,7835811,0.0,0.0
2010-03-26 00:00:00+08:00,20.48,21.0,20.22,20.58,7412513,0.0,0.0
2010-03-29 00:00:00+08:00,20.84,20.95,20.48,20.63,6663431,0.0,0.0
2010-03-30 00:00:00+08:00,20.84,20.9,20.11,20.22,5358817,0.0,0.0
2010-03-31 00:00:00+08:00,20.27,20.63,20.17,20.37,3983283,0.0,0.0
2010-04-01 00:00:00+08:00,20.53,20.69,20.27,20.53,6219448,0.0,0.0
2010-04-02 00:00:00+08:00,21.26,21.94,21.16,21.94,16275911,0.0,0.0
2010-04-06 00:00:00+08:00,22.15,22.2,21.36,21.47,17474146,0.0,0.0
2010-04-07 00:00:00+08:00,21.73,22.41,21.16,22.41,13168772,0.0,0.0
2010-04-08 00:00:00+08:00,22.41,23.97,22.41,23.08,54662298,0.0,0.0
2010-04-09 00:00:00+08:00,23.34,23.55,22.82,23.34,15910973,0.0,0.0
2010-04-12 00:00:00+08:00,23.34,23.71,23.29,23.34,13502682,0.0,0.0
2010-04-13 00:00:00+08:00,23.34,23.66,22.61,22.61,14614485,0.0,0.0
2010-04-14 00:00:00+08:00,23.14,24.18,23.14,23.76,24710101,0.0,0.0
2010-04-15 00:00:00+08:00,23.81,23.97,23.29,23.66,13279583,0.0,0.0
2010-04-16 00:00:00+08:00,23.66,24.44,23.66,23.97,10422877,0.0,0.0
2010-04-19 00:00:00+08:00,23.34,23.92,22.3,22.3,10422138,0.0,0.0
2010-04-20 00:00:00+08:00,22.35,23.45,21.62,22.82,8647685,0.0,0.0
2010-04-21 00:00:00+08:00,22.51,23.5,22.51,22.98,7876441,0.0,0.0
2010-04-22 00:00:00+08:00,22.82,23.76,22.15,23.6,5699376,0.0,0.0
2010-04-23 00:00:00+08:00,23.66,25.22,23.29,25.12,41131544,0.0,0.0
2010-04-26 00:00:00+08:00,25.01,25.32,24.6,24.91,13398520,0.0,0.0
2010-04-27 00:00:00+08:00,24.39,24.39,23.19,23.19,23480838,0.0,0.0
2010-04-28 00:00:00+08:00,21.57,22.82,21.57,22.72,9846660,0.0,0.0
2010-04-29 00:00:00+08:00,22.61,22.93,22.15,22.2,5855250,0.0,0.0
2010-04-30 00:00:00+08:00,22.51,22.67,21.0,21.26,9701867,0.0,0.0
2010-05-03 00:00:00+08:00,21.57,21.78,21.16,21.57,4284689,0.0,0.0
2010-05-04 00:00:00+08:00,21.73,22.2,21.36,21.89,8693487,0.0,0.0
2010-05-05 00:00:00+08:00,21.89,22.61,21.83,22.25,25388264,0.0,0.0
2010-05-06 00:00:00+08:00,22.56,22.67,21.36,22.2,8999325,0.0,0.0
2010-05-07 00:00:00+08:00,21.0,22.09,20.74,21.89,7221179,0.0,0.0
2010-05-10 00:00:00+08:00,22.09,22.51,21.68,22.46,10063110,0.0,0.0
2010-05-11 00:00:00+08:00,22.51,22.61,21.68,21.68,8448964,0.0,0.0
2010-05-12 00:00:00+08:00,22.09,23.19,21.68,21.68,22858081,0.0,0.0
2010-05-13 00:00:00+08:00,21.89,22.25,21.73,21.83,9580714,0.0,0.0
2010-05-14 00:00:00+08:00,21.68,21.99,21.68,21.89,3636815,0.0,0.0
2010-05-17 00:00:00+08:00,21.52,21.68,21.0,21.05,3414454,0.0,0.0
2010-05-18 00:00:00+08:00,21.16,21.36,20.43,20.63,3845878,0.0,0.0
2010-05-19 00:00:00+08:00,19.96,20.63,19.85,20.37,4410275,0.0,0.0
2010-05-20 00:00:00+08:00,20.63,20.63,19.59,19.59,3254147,0.0,0.0
2010-05-21 00:00:00+08:00,18.24,18.76,18.24,18.24,7378531,0.0,0.0
2010-05-24 00:00:00+08:00,18.34,18.71,18.13,18.6,5245051,0.0,0.0
2010-05-25 00:00:00+08:00,18.24,18.24,17.35,17.35,6773503,0.0,0.0
2010-05-26 00:00:00+08:00,17.82,18.08,17.25,17.87,6170691,0.0,0.0
2010-05-27 00:00:00+08:00,17.87,18.76,17.66,18.45,5248006,0.0,0.0
2010-05-28 00:00:00+08:00,18.86,19.07,18.45,18.45,5130546,0.0,0.0
2010-05-31 00:00:00+08:00,18.24,19.02,18.24,18.76,3079066,0.0,0.0
2010-06-01 00:00:00+08:00,18.76,18.86,18.45,18.65,2388345,0.0,0.0
2010-06-02 00:00:00+08:00,18.24,18.86,18.03,18.03,2392777,0.0,0.0
2010-06-03 00:00:00+08:00,18.65,19.28,18.39,19.28,4377032,0.0,0.0
2010-06-04 00:00:00+08:00,19.49,19.49,18.97,19.07,4065284,0.0,0.0
2010-06-07 00:00:00+08:00,18.24,18.34,18.03,18.29,2399426,0.0,0.0
2010-06-08 00:00:00+08:00,18.34,18.97,18.29,18.65,3506058,0.0,0.0
2010-06-09 00:00:00+08:00,18.76,18.81,17.77,17.93,2242813,0.0,0.0
2010-06-10 00:00:00+08:00,18.03,18.24,17.87,18.13,1291316,0.0,0.0
2010-06-11 00:00:00+08:00,18.65,18.97,18.55,18.6,2526489,0.0,0.0
2010-06-14 00:00:00+08:00,18.81,18.97,18.65,18.76,1580164,0.0,0.0
2010-06-15 00:00:00+08:00,18.86,19.18,18.76,18.97,1990903,0.0,0.0
2010-06-17 00:00:00+08:00,19.28,19.96,19.18,19.33,5201465,0.0,0.0
2010-06-18 00:00:00+08:00,19.44,19.54,19.23,19.33,1907425,0.0,0.0
2010-06-21 00:00:00+08:00,19.64,19.7,19.38,19.38,1948056,0.0,0.0
2010-06-22 00:00:00+08:00,19.75,20.01,19.38,19.54,2602579,0.0,0.0
2010-06-23 00:00:00+08:00,19.54,19.8,19.33,19.49,1977605,0.0,0.0
2010-06-24 00:00:00+08:00,19.49,19.7,19.38,19.38,2033750,0.0,0.0
2010-06-25 00:00:00+08:00,19.02,19.12,18.65,18.71,2145299,0.0,0.0
2010-06-28 00:00:00+08:00,18.76,18.92,18.55,18.55,1505551,0.0,0.0
2010-06-29 00:00:00+08:00,18.65,18.86,18.13,18.24,1326776,0.0,0.0
2010-06-30 00:00:00+08:00,17.4,17.87,17.4,17.82,2234687,0.0,0.0
2010-07-01 00:00:00+08:00,17.82,17.98,17.82,17.93,312486,0.0,0.0
2010-07-02 00:00:00+08:00,17.82,18.39,17.82,18.39,2346975,0.0,0.0
2010-07-05 00:00:00+08:00,18.5,18.97,18.29,18.76,1925894,0.0,0.0
2010-07-06 00:00:00+08:00,18.86,19.38,18.6,18.86,3984761,0.0,0.0
2010-07-07 00:00:00+08:00,19.07,19.12,18.71,18.76,1869749,0.0,0.0
2010-07-08 00:00:00+08:00,19.8,19.8,18.92,18.92,3229769,0.0,0.0
2010-07-09 00:00:00+08:00,18.97,19.18,18.86,18.86,1426506,0.0,0.0
2010-07-12 00:00:00+08:00,19.02,19.23,18.86,18.86,1586073,0.0,0.0
2010-07-13 00:00:00+08:00,18.97,19.18,18.34,18.55,2448921,0.0,0.0
2010-07-14 00:00:00+08:00,18.76,18.97,18.6,18.81,2006416,0.0,0.0
2010-07-15 00:00:00+08:00,18.81,18.97,18.65,18.71,1419857,0.0,0.0
2010-07-16 00:00:00+08:00,18.71,18.81,18.29,18.29,1509245,0.0,0.0
2010-07-19 00:00:00+08:00,18.24,18.55,17.98,18.34,992866,0.0,0.0
2010-07-20 00:00:00+08:00,18.39,18.97,18.39,18.97,3360526,0.0,0.0
2010-07-21 00:00:00+08:00,19.18,19.49,18.97,19.18,6803791,0.0,0.0
2010-07-22 00:00:00+08:00,19.28,19.38,18.92,19.02,1415425,0.0,0.0
2010-07-23 00:00:00+08:00,19.28,19.7,19.12,19.33,5677952,0.0,0.0
2010-07-26 00:00:00+08:00,19.44,19.49,19.18,19.33,2227299,0.0,0.0
2010-07-27 00:00:00+08:00,19.49,19.54,19.18,19.18,1524758,0.0,0.0
2010-07-28 00:00:00+08:00,19.12,19.23,18.81,18.92,1913335,0.0,0.0
2010-07-29 00:00:00+08:00,18.81,19.18,18.76,19.07,1614146,0.0,0.0
2010-07-30 00:00:00+08:00,19.07,19.59,18.97,19.28,4148022,0.0,0.0
2010-08-02 00:00:00+08:00,19.38,19.49,18.97,19.02,2804994,0.0,0.0
2010-08-03 00:00:00+08:00,19.12,19.28,18.86,19.07,2536093,0.0,0.0
2010-08-04 00:00:00+08:00,19.18,19.49,19.07,19.23,3147769,0.0,0.0
2010-08-05 00:00:00+08:00,19.38,19.44,18.55,18.86,3594706,0.0,0.0
2010-08-06 00:00:00+08:00,18.97,19.07,18.71,18.97,1227046,0.0,0.0
2010-08-09 00:00:00+08:00,19.07,19.38,18.97,19.28,3099012,0.0,0.0
2010-08-10 00:00:00+08:00,19.64,19.85,19.28,19.28,6547449,0.0,0.0
2010-08-11 00:00:00+08:00,19.18,19.49,19.02,19.23,2285660,0.0,0.0
2010-08-12 00:00:00+08:00,19.02,19.18,18.86,18.97,1462704,0.0,0.0
2010-08-13 00:00:00+08:00,19.07,19.7,19.07,19.59,5030078,0.0,0.0
2010-08-16 00:00:00+08:00,19.59,19.8,19.23,19.38,3621301,0.0,0.0
2010-08-17 00:00:00+08:00,19.38,20.32,19.38,19.96,10923742,0.0,0.0
2010-08-18 00:00:00+08:00,20.32,21.21,19.7,20.79,16841046,0.0,0.0
2010-08-19 00:00:00+08:00,20.79,20.79,20.11,20.22,6223881,0.0,0.0
2010-08-20 00:00:00+08:00,20.01,20.22,19.7,19.7,4011356,0.0,0.0
2010-08-23 00:00:00+08:00,19.7,20.22,19.44,19.7,6407827,0.0,0.0
2010-08-24 00:00:00+08:00,19.96,20.11,19.59,19.75,5042636,0.0,0.0
2010-08-25 00:00:00+08:00,20.01,20.43,18.39,19.28,26128481,0.0,0.0
2010-08-26 00:00:00+08:00,19.28,19.49,18.5,18.5,10993922,0.0,0.0
2010-08-27 00:00:00+08:00,18.34,18.6,18.29,18.45,3458778,0.0,0.0
2010-08-30 00:00:00+08:00,18.76,18.81,17.87,17.93,6011124,0.0,0.0
2010-08-31 00:00:00+08:00,17.72,17.72,16.94,16.94,5502871,0.0,0.0
2010-09-01 00:00:00+08:00,16.99,17.56,16.99,17.2,3662670,0.0,0.0
2010-09-02 00:00:00+08:00,17.72,17.82,17.3,17.4,2794651,0.0,0.0
2010-09-03 00:00:00+08:00,17.51,17.87,17.51,17.87,2782832,0.0,0.0
2010-09-06 00:00:00+08:00,18.24,18.24,17.66,18.24,5898835,0.0,0.0
2010-09-07 00:00:00+08:00,18.45,18.55,18.08,18.19,7428765,0.0,0.0
2010-09-08 00:00:00+08:00,18.13,18.19,17.82,17.82,2391300,0.0,0.0
2010-09-09 00:00:00+08:00,18.24,18.65,18.13,18.13,5134979,0.0,0.0
2010-09-10 00:00:00+08:00,18.24,18.39,18.03,18.08,2739985,0.0,0.0
2010-09-13 00:00:00+08:00,18.24,18.39,18.19,18.39,2737768,0.0,0.0
2010-09-14 00:00:00+08:00,18.55,18.55,18.29,18.29,2595192,0.0,0.0
2010-09-15 00:00:00+08:00,18.29,18.55,18.24,18.39,2255372,0.0,0.0
2010-09-16 00:00:00+08:00,18.55,18.55,18.08,18.08,1817299,0.0,0.0
2010-09-17 00:00:00+08:00,18.13,18.34,18.08,18.08,2177804,0.0,0.0
2010-09-20 00:00:00+08:00,18.24,18.24,17.98,18.03,1441280,0.0,0.0
2010-09-21 00:00:00+08:00,18.13,18.34,18.03,18.19,3382688,0.0,0.0
2010-09-23 00:00:00+08:00,18.13,18.39,17.93,18.24,4988708,0.0,0.0
2010-09-24 00:00:00+08:00,18.24,18.34,18.08,18.08,1831335,0.0,0.0
2010-09-27 00:00:00+08:00,18.55,19.07,18.24,18.81,8291613,0.0,0.0
2010-09-28 00:00:00+08:00,18.92,18.97,18.65,18.65,4247014,0.0,0.0
2010-09-29 00:00:00+08:00,18.86,19.49,18.71,19.38,11714932,0.0,0.0
2010-09-30 00:00:00+08:00,19.44,19.7,19.02,19.02,6718098,0.0,0.0
2010-10-01 00:00:00+08:00,19.07,19.12,18.76,18.81,2904724,0.0,0.0
2010-10-04 00:00:00+08:00,18.81,18.97,18.34,18.34,3243066,0.0,0.0
2010-10-05 00:00:00+08:00,18.24,18.39,17.98,18.13,2278272,0.0,0.0
2010-10-06 00:00:00+08:00,18.34,18.39,18.03,18.19,2306345,0.0,0.0
2010-10-07 00:00:00+08:00,18.19,18.34,18.08,18.13,1580164,0.0,0.0
2010-10-08 00:00:00+08:00,18.24,18.76,18.03,18.55,5733358,0.0,0.0
2010-10-11 00:00:00+08:00,18.45,18.5,18.13,18.13,1829858,0.0,0.0
2010-10-12 00:00:00+08:00,18.13,18.34,17.98,18.08,1508506,0.0,0.0
2010-10-13 00:00:00+08:00,18.24,18.29,18.03,18.08,808181,0.0,0.0
2010-10-14 00:00:00+08:00,18.29,18.29,18.08,18.13,1210794,0.0,0.0
2010-10-15 00:00:00+08:00,18.13,18.24,17.66,17.72,2730381,0.0,0.0
2010-10-18 00:00:00+08:00,17.72,18.08,17.61,17.72,2109840,0.0,0.0
2010-10-19 00:00:00+08:00,17.82,17.87,17.72,17.72,1045316,0.0,0.0
2010-10-20 00:00:00+08:00,17.61,18.55,17.61,18.55,4227806,0.0,0.0
2010-10-21 00:00:00+08:00,18.55,18.55,18.03,18.03,1615623,0.0,0.0
2010-10-22 00:00:00+08:00,18.08,18.81,18.08,18.45,3735067,0.0,0.0
2010-10-25 00:00:00+08:00,18.5,18.71,18.39,18.45,1459010,0.0,0.0
2010-10-26 00:00:00+08:00,18.5,18.65,18.24,18.29,1996813,0.0,0.0
2010-10-27 00:00:00+08:00,18.34,18.5,18.03,18.03,2247245,0.0,0.0
2010-10-28 00:00:00+08:00,18.08,18.24,18.03,18.19,1507028,0.0,0.0
2010-10-29 00:00:00+08:00,18.55,19.33,18.55,18.65,9582930,0.0,0.0
2010-11-01 00:00:00+08:00,18.86,19.7,18.86,19.33,14555386,0.0,0.0
2010-11-02 00:00:00+08:00,19.33,19.33,18.55,18.55,5704547,0.0,0.0
2010-11-03 00:00:00+08:00,18.86,18.86,18.19,18.24,4548419,0.0,0.0
2010-11-04 00:00:00+08:00,18.45,18.71,18.34,18.5,2136434,0.0,0.0
2010-11-05 00:00:00+08:00,18.76,18.81,18.39,18.45,3947824,0.0,0.0
2010-11-08 00:00:00+08:00,18.45,18.6,18.03,18.08,3462472,0.0,0.0
2010-11-09 00:00:00+08:00,18.08,18.24,18.03,18.24,2168939,0.0,0.0
2010-11-10 00:00:00+08:00,18.24,18.65,18.19,18.5,3588797,0.0,0.0
2010-11-11 00:00:00+08:00,18.86,19.28,18.81,18.97,9848876,0.0,0.0
2010-11-12 00:00:00+08:00,18.92,18.97,18.55,18.55,3076111,0.0,0.0
2010-11-15 00:00:00+08:00,18.55,19.07,18.39,18.76,3712905,0.0,0.0
2010-11-16 00:00:00+08:00,18.76,18.97,18.6,18.76,2678669,0.0,0.0
2010-11-17 00:00:00+08:00,18.65,18.92,18.5,18.81,2285660,0.0,0.0
2010-11-18 00:00:00+08:00,19.02,19.02,18.71,18.76,1645173,0.0,0.0
2010-11-19 00:00:00+08:00,18.86,18.97,18.39,18.39,2773967,0.0,0.0
2010-11-22 00:00:00+08:00,18.55,18.71,18.5,18.6,1648128,0.0,0.0
2010-11-23 00:00:00+08:00,18.71,18.76,18.5,18.6,1628920,0.0,0.0
2010-11-24 00:00:00+08:00,18.55,18.71,18.39,18.5,1676938,0.0,0.0
2010-11-25 00:00:00+08:00,18.71,18.92,18.65,18.76,3179535,0.0,0.0
2010-11-26 00:00:00+08:00,18.86,18.86,18.6,18.6,2290092,0.0,0.0
2010-11-29 00:00:00+08:00,18.81,18.92,18.6,18.81,1988687,0.0,0.0
2010-11-30 00:00:00+08:00,18.86,19.07,18.71,18.81,4169446,0.0,0.0
2010-12-01 00:00:00+08:00,18.92,19.28,18.92,19.07,3626472,0.0,0.0
2010-12-02 00:00:00+08:00,19.28,19.8,19.23,19.28,7220440,0.0,0.0
2010-12-03 00:00:00+08:00,19.33,19.91,19.23,19.85,12491348,0.0,0.0
2010-12-06 00:00:00+08:00,19.96,20.17,19.54,19.7,6543755,0.0,0.0
2010-12-07 00:00:00+08:00,19.75,19.96,19.54,19.8,4444257,0.0,0.0
2010-12-08 00:00:00+08:00,20.01,20.01,19.59,19.59,2988940,0.0,0.0
2010-12-09 00:00:00+08:00,19.7,20.06,19.49,19.91,7806261,0.0,0.0
2010-12-10 00:00:00+08:00,19.91,21.26,19.91,21.26,26762319,0.0,0.0
2010-12-13 00:00:00+08:00,21.78,22.72,21.78,22.72,21270529,0.0,0.0
2010-12-14 00:00:00+08:00,23.45,23.76,22.2,22.51,36000997,0.0,0.0
2010-12-15 00:00:00+08:00,22.72,23.19,22.15,22.93,18894743,0.0,0.0
2010-12-16 00:00:00+08:00,23.03,23.03,22.41,22.56,10566931,0.0,0.0
2010-12-17 00:00:00+08:00,22.67,23.08,21.99,21.99,10827706,0.0,0.0
2010-12-20 00:00:00+08:00,22.3,22.46,21.78,21.99,9614696,0.0,0.0
2010-12-21 00:00:00+08:00,22.2,22.61,22.09,22.2,6843683,0.0,0.0
2010-12-22 00:00:00+08:00,22.41,22.51,21.94,22.09,7398477,0.0,0.0
2010-12-23 00:00:00+08:00,22.09,22.72,21.99,22.51,16062415,0.0,0.0
2010-12-24 00:00:00+08:00,22.61,22.72,21.89,22.3,8372136,0.0,0.0
2010-12-27 00:00:00+08:00,22.3,23.34,22.3,22.46,23465324,0.0,0.0
2010-12-28 00:00:00+08:00,22.61,23.14,22.09,22.15,11129850,0.0,0.0
2010-12-29 00:00:00+08:00,22.15,22.25,20.63,20.63,17290200,0.0,0.0
2010-12-30 00:00:00+08:00,20.63,20.79,20.22,20.37,6395268,0.0,0.0
2010-12-31 00:00:00+08:00,20.43,20.9,20.43,20.63,4343788,0.0,0.0
2011-01-03 00:00:00+08:00,20.69,21.05,20.32,20.32,6694458,0.0,0.0
2011-01-04 00:00:00+08:00,20.48,20.95,20.48,20.58,6145574,0.0,0.0
2011-01-05 00:00:00+08:00,20.63,20.74,19.91,20.11,3679661,0.0,0.0
2011-01-06 00:00:00+08:00,20.43,20.69,20.11,20.53,3488328,0.0,0.0
2011-01-07 00:00:00+08:00,21.0,21.16,20.37,20.53,5551628,0.0,0.0
2011-01-10 00:00:00+08:00,20.53,20.53,20.17,20.22,2943877,0.0,0.0
2011-01-11 00:00:00+08:00,20.22,20.63,20.17,20.37,2255372,0.0,0.0
2011-01-12 00:00:00+08:00,20.48,20.84,20.43,20.74,3413715,0.0,0.0
2011-01-13 00:00:00+08:00,20.9,21.16,20.48,20.48,4363734,0.0,0.0
2011-01-14 00:00:00+08:00,20.53,20.69,20.32,20.43,1880092,0.0,0.0
2011-01-17 00:00:00+08:00,20.53,20.58,20.22,20.37,2312254,0.0,0.0
2011-01-18 00:00:00+08:00,20.37,21.0,20.37,20.74,6801575,0.0,0.0
2011-01-19 00:00:00+08:00,21.0,21.0,20.69,20.69,3450652,0.0,0.0
2011-01-20 00:00:00+08:00,20.69,21.89,20.69,21.73,13023979,0.0,0.0
2011-01-21 00:00:00+08:00,21.62,22.15,21.16,21.57,9492803,0.0,0.0
2011-01-24 00:00:00+08:00,21.52,21.89,21.36,21.57,4416185,0.0,0.0
2011-01-25 00:00:00+08:00,21.73,22.2,21.62,21.62,7349720,0.0,0.0
2011-01-26 00:00:00+08:00,21.78,21.89,21.21,21.26,5397970,0.0,0.0
2011-01-27 00:00:00+08:00,21.31,21.62,21.16,21.21,3794905,0.0,0.0
2011-01-28 00:00:00+08:00,21.26,21.68,21.21,21.21,3387121,0.0,0.0
2011-02-08 00:00:00+08:00,21.36,21.78,21.1,21.47,3728418,0.0,0.0
2011-02-09 00:00:00+08:00,21.57,21.68,20.84,20.84,3511968,0.0,0.0
2011-02-10 00:00:00+08:00,20.84,21.0,20.58,20.63,2978598,0.0,0.0
2011-02-11 00:00:00+08:00,20.63,20.74,19.28,19.49,3969986,0.0,0.0
2011-02-14 00:00:00+08:00,19.64,20.01,19.64,19.8,2631390,0.0,0.0
2011-02-15 00:00:00+08:00,19.8,20.69,19.49,20.37,4318671,0.0,0.0
2011-02-16 00:00:00+08:00,20.63,20.84,20.27,20.58,4099266,0.0,0.0
2011-02-17 00:00:00+08:00,20.58,20.58,19.64,19.7,4194563,0.0,0.0
2011-02-18 00:00:00+08:00,20.17,20.17,19.8,20.01,1890434,0.0,0.0
2011-02-21 00:00:00+08:00,20.06,20.11,19.59,19.64,2106146,0.0,0.0
2011-02-22 00:00:00+08:00,19.44,19.44,18.76,18.92,3175841,0.0,0.0
2011-02-23 00:00:00+08:00,18.65,19.23,18.6,18.92,2601840,0.0,0.0
2011-02-24 00:00:00+08:00,19.07,19.23,18.81,19.07,1860885,0.0,0.0
2011-02-25 00:00:00+08:00,19.23,19.28,18.6,19.18,2320381,0.0,0.0
2011-03-01 00:00:00+08:00,19.23,19.59,19.23,19.49,2188885,0.0,0.0
2011-03-02 00:00:00+08:00,19.23,19.49,19.12,19.18,1472308,0.0,0.0
2011-03-03 00:00:00+08:00,19.28,20.48,19.23,20.48,8159378,0.0,0.0
2011-03-04 00:00:00+08:00,20.79,20.84,20.06,20.11,5050023,0.0,0.0
2011-03-07 00:00:00+08:00,20.01,20.58,19.91,20.22,2612183,0.0,0.0
2011-03-08 00:00:00+08:00,20.01,20.32,19.96,20.17,1772236,0.0,0.0
2011-03-09 00:00:00+08:00,20.17,20.74,20.01,20.32,4133248,0.0,0.0
2011-03-10 00:00:00+08:00,20.32,20.48,19.64,19.7,1914813,0.0,0.0
2011-03-11 00:00:00+08:00,19.28,19.44,19.12,19.28,1518848,0.0,0.0
2011-03-14 00:00:00+08:00,20.58,20.58,19.28,19.8,5603339,0.0,0.0
2011-03-15 00:00:00+08:00,20.11,20.32,18.45,18.92,4968762,0.0,0.0
2011-03-16 00:00:00+08:00,19.07,19.28,18.29,18.5,3871734,0.0,0.0
2011-03-17 00:00:00+08:00,17.77,17.77,17.25,17.56,8062604,0.0,0.0
2011-03-18 00:00:00+08:00,17.72,18.08,17.66,17.93,4797375,0.0,0.0
2011-03-21 00:00:00+08:00,17.98,18.65,17.93,18.6,4100004,0.0,0.0
2011-03-22 00:00:00+08:00,18.76,19.07,18.39,18.76,8693487,0.0,0.0
2011-03-23 00:00:00+08:00,18.76,19.07,18.65,18.81,3743193,0.0,0.0
2011-03-24 00:00:00+08:00,19.07,19.44,18.97,19.28,7713180,0.0,0.0
2011-03-25 00:00:00+08:00,19.38,19.44,18.86,18.92,3753535,0.0,0.0
2011-03-28 00:00:00+08:00,18.97,18.97,18.6,18.6,1858668,0.0,0.0
2011-03-29 00:00:00+08:00,18.76,18.76,18.45,18.6,1301659,0.0,0.0
2011-03-30 00:00:00+08:00,18.65,18.81,18.65,18.71,1090379,0.0,0.0
2011-03-31 00:00:00+08:00,18.76,18.97,18.6,18.92,2300435,0.0,0.0
2011-04-01 00:00:00+08:00,18.76,18.92,18.65,18.71,1148740,0.0,0.0
2011-04-06 00:00:00+08:00,18.97,19.54,18.97,19.23,4264743,0.0,0.0
2011-04-07 00:00:00+08:00,19.33,19.44,19.12,19.38,4037950,0.0,0.0
2011-04-08 00:00:00+08:00,19.59,19.8,19.38,19.64,5670565,0.0,0.0
2011-04-11 00:00:00+08:00,19.7,19.7,19.23,19.28,1861623,0.0,0.0
2011-04-12 00:00:00+08:00,19.02,19.38,18.6,18.76,1996074,0.0,0.0
2011-04-13 00:00:00+08:00,18.76,19.12,18.76,19.02,1063046,0.0,0.0
2011-04-14 00:00:00+08:00,19.02,19.07,18.81,18.97,881316,0.0,0.0
2011-04-15 00:00:00+08:00,19.18,19.18,18.81,18.86,1326776,0.0,0.0
2011-04-18 00:00:00+08:00,18.86,18.86,18.55,18.55,817046,0.0,0.0
2011-04-19 00:00:00+08:00,18.65,18.65,18.24,18.39,1346722,0.0,0.0
2011-04-20 00:00:00+08:00,18.6,18.76,18.45,18.76,1481911,0.0,0.0
2011-04-21 00:00:00+08:00,18.86,19.33,18.81,19.07,3941175,0.0,0.0
2011-04-22 00:00:00+08:00,19.07,19.12,18.71,18.81,1707227,0.0,0.0
2011-04-25 00:00:00+08:00,18.81,18.97,18.71,18.76,1030541,0.0,0.0
2011-04-26 00:00:00+08:00,18.76,19.07,18.71,19.07,1829858,0.0,0.0
2011-04-27 00:00:00+08:00,19.18,19.18,18.92,18.92,1522542,0.0,0.0
2011-04-28 00:00:00+08:00,18.97,19.12,18.55,18.55,2488075,0.0,0.0
2011-04-29 00:00:00+08:00,18.55,18.65,18.08,18.24,2352146,0.0,0.0
2011-05-03 00:00:00+08:00,18.24,18.29,17.77,17.82,1673245,0.0,0.0
2011-05-04 00:00:00+08:00,17.82,18.03,17.72,17.93,1107370,0.0,0.0
2011-05-05 00:00:00+08:00,17.93,18.08,17.77,17.77,1120667,0.0,0.0
2011-05-06 00:00:00+08:00,17.77,17.87,17.72,17.72,1517371,0.0,0.0
2011-05-09 00:00:00+08:00,17.82,18.03,17.72,17.82,1032757,0.0,0.0
2011-05-10 00:00:00+08:00,18.03,18.19,17.87,18.08,1360758,0.0,0.0
2011-05-11 00:00:00+08:00,18.08,18.19,18.03,18.03,1220397,0.0,0.0
2011-05-12 00:00:00+08:00,17.93,17.98,17.72,17.82,844379,0.0,0.0
2011-05-13 00:00:00+08:00,17.87,18.03,17.82,17.82,844379,0.0,0.0
2011-05-16 00:00:00+08:00,17.82,17.98,17.72,17.72,659694,0.0,0.0
2011-05-17 00:00:00+08:00,17.56,17.93,17.46,17.66,2306345,0.0,0.0
2011-05-18 00:00:00+08:00,17.66,17.77,17.56,17.72,797838,0.0,0.0
2011-05-19 00:00:00+08:00,17.72,17.87,17.61,17.61,659694,0.0,0.0
2011-05-20 00:00:00+08:00,17.72,17.72,17.09,17.14,1818038,0.0,0.0
2011-05-23 00:00:00+08:00,17.25,17.25,16.57,16.78,1266199,0.0,0.0
2011-05-24 00:00:00+08:00,16.67,16.78,16.05,16.47,1524019,0.0,0.0
2011-05-25 00:00:00+08:00,16.57,16.83,16.31,16.78,1085208,0.0,0.0
2011-05-26 00:00:00+08:00,16.78,16.88,16.57,16.62,672991,0.0,0.0
2011-05-27 00:00:00+08:00,16.52,16.78,16.52,16.67,709928,0.0,0.0
2011-05-30 00:00:00+08:00,16.67,16.83,16.67,16.67,507514,0.0,0.0
2011-05-31 00:00:00+08:00,16.78,16.94,16.78,16.94,1018721,0.0,0.0
2011-06-01 00:00:00+08:00,16.99,17.2,16.94,17.04,1583857,0.0,0.0
2011-06-02 00:00:00+08:00,16.78,16.83,16.67,16.73,1653299,0.0,0.0
2011-06-03 00:00:00+08:00,16.83,16.83,16.73,16.73,791190,0.0,0.0
2011-06-07 00:00:00+08:00,16.73,16.73,16.52,16.62,1372578,0.0,0.0
2011-06-08 00:00:00+08:00,16.67,16.94,16.67,16.73,1176812,0.0,0.0
2011-06-09 00:00:00+08:00,16.73,16.88,16.67,16.67,805226,0.0,0.0
2011-06-10 00:00:00+08:00,16.78,16.83,16.26,16.36,1524019,0.0,0.0
2011-06-13 00:00:00+08:00,16.31,16.31,15.74,15.95,1674722,0.0,0.0
2011-06-14 00:00:00+08:00,16.05,16.26,15.95,16.05,1770758,0.0,0.0
2011-06-15 00:00:00+08:00,16.1,16.1,15.42,15.68,3542256,0.0,0.0
2011-06-16 00:00:00+08:00,15.48,15.53,14.96,14.96,3044345,0.0,0.0
2011-06-17 00:00:00+08:00,14.96,15.06,14.43,14.54,2802778,0.0,0.0
2011-06-20 00:00:00+08:00,14.59,14.75,13.65,13.86,2522795,0.0,0.0
2011-06-21 00:00:00+08:00,14.07,14.28,13.86,13.96,1721263,0.0,0.0
2011-06-22 00:00:00+08:00,14.28,14.75,14.23,14.59,1792182,0.0,0.0
2011-06-23 00:00:00+08:00,14.59,14.59,13.96,14.02,1681371,0.0,0.0
2011-06-24 00:00:00+08:00,14.17,14.23,13.96,14.23,1555046,0.0,0.0
2011-06-27 00:00:00+08:00,14.07,14.07,13.91,13.96,1273587,0.0,0.0
2011-06-28 00:00:00+08:00,14.12,14.43,14.07,14.23,1469353,0.0,0.0
2011-06-29 00:00:00+08:00,14.38,14.54,14.33,14.38,1456055,0.0,0.0
2011-06-30 00:00:00+08:00,14.54,14.54,14.28,14.33,1157604,0.0,0.0
2011-07-01 00:00:00+08:00,14.49,15.11,14.49,14.59,2407552,0.0,0.0
2011-07-04 00:00:00+08:00,14.69,14.75,14.33,14.33,1509245,0.0,0.0
2011-07-05 00:00:00+08:00,14.28,14.33,14.07,14.07,1430938,0.0,0.0
2011-07-06 00:00:00+08:00,14.07,14.33,14.07,14.33,974397,0.0,0.0
2011-07-07 00:00:00+08:00,14.33,14.38,14.17,14.17,1007640,0.0,0.0
2011-07-08 00:00:00+08:00,14.49,14.69,14.33,14.33,1544704,0.0,0.0
2011-07-11 00:00:00+08:00,14.23,14.23,13.96,13.96,1077821,0.0,0.0
2011-07-12 00:00:00+08:00,13.86,13.86,13.55,13.55,1562434,0.0,0.0
2011-07-13 00:00:00+08:00,13.39,13.7,13.34,13.39,1577947,0.0,0.0
2011-07-14 00:00:00+08:00,13.5,13.6,13.24,13.34,1186415,0.0,0.0
2011-07-15 00:00:00+08:00,13.13,13.91,13.13,13.81,1943623,0.0,0.0
2011-07-18 00:00:00+08:00,13.81,13.96,13.39,13.81,1536578,0.0,0.0
2011-07-19 00:00:00+08:00,13.76,13.86,13.55,13.76,1155388,0.0,0.0
2011-07-20 00:00:00+08:00,13.86,14.69,13.86,14.69,4112563,0.0,0.0
2011-07-21 00:00:00+08:00,14.75,14.75,14.38,14.43,1181983,0.0,0.0
2011-07-22 00:00:00+08:00,14.59,14.85,14.54,14.69,2156380,0.0,0.0
2011-07-25 00:00:00+08:00,15.01,15.01,14.28,14.28,873190,0.0,0.0
2011-07-26 00:00:00+08:00,14.28,14.69,14.28,14.54,905694,0.0,0.0
2011-07-27 00:00:00+08:00,14.38,14.59,14.38,14.49,757208,0.0,0.0
2011-07-28 00:00:00+08:00,14.17,14.38,14.17,14.23,798577,0.0,0.0
2011-07-29 00:00:00+08:00,14.23,14.28,13.91,13.91,1030541,0.0,0.0
2011-08-01 00:00:00+08:00,14.02,14.28,14.02,14.17,1009118,0.0,0.0
2011-08-02 00:00:00+08:00,14.07,14.07,13.86,14.07,702541,0.0,0.0
2011-08-03 00:00:00+08:00,13.6,13.86,13.44,13.81,1047532,0.0,0.0
2011-08-04 00:00:00+08:00,13.76,13.86,13.55,13.55,945586,0.0,0.0
2011-08-05 00:00:00+08:00,12.61,12.82,12.61,12.61,2789480,0.0,0.0
2011-08-08 00:00:00+08:00,12.45,12.51,11.78,11.78,2674976,0.0,0.0
2011-08-09 00:00:00+08:00,10.99,11.67,10.99,11.31,4268437,0.0,0.0
2011-08-10 00:00:00+08:00,11.83,11.88,11.57,11.88,2115011,0.0,0.0
2011-08-11 00:00:00+08:00,11.57,11.57,11.1,11.46,1317911,0.0,0.0
2011-08-12 00:00:00+08:00,11.57,11.78,11.57,11.72,1994596,0.0,0.0
2011-08-15 00:00:00+08:00,11.83,12.04,11.78,11.93,2340327,0.0,0.0
2011-08-16 00:00:00+08:00,12.06,12.23,11.95,12.12,2221104,0.13,1.0
2011-08-17 00:00:00+08:00,12.12,12.12,11.95,12.06,1012761,0.0,0.0
2011-08-18 00:00:00+08:00,11.95,12.01,11.57,11.63,1073213,0.0,0.0
2011-08-19 00:00:00+08:00,10.92,11.24,10.84,10.85,1637202,0.0,0.0
2011-08-22 00:00:00+08:00,11.13,11.13,10.6,10.7,1874034,0.0,0.0
2011-08-23 00:00:00+08:00,10.92,11.35,10.8,11.3,1590262,0.0,0.0
2011-08-24 00:00:00+08:00,11.57,11.57,11.03,11.19,1011338,0.0,0.0
2011-08-25 00:00:00+08:00,11.35,11.35,10.92,10.92,706230,0.0,0.0
2011-08-26 00:00:00+08:00,10.7,11.03,10.7,10.92,938084,0.0,0.0
2011-08-29 00:00:00+08:00,11.08,11.3,11.03,11.19,938084,0.0,0.0
2011-08-30 00:00:00+08:00,11.3,11.52,11.19,11.24,898967,0.0,0.0
2011-08-31 00:00:00+08:00,11.24,11.41,11.13,11.41,1219011,0.0,0.0
2011-09-01 00:00:00+08:00,11.52,11.73,11.35,11.46,1792957,0.0,0.0
2011-09-02 00:00:00+08:00,11.46,11.52,11.19,11.35,724721,0.0,0.0
2011-09-05 00:00:00+08:00,11.13,11.13,10.92,10.92,1119442,0.0,0.0
2011-09-06 00:00:00+08:00,10.75,11.19,10.75,10.92,1482158,0.0,0.0
2011-09-07 00:00:00+08:00,11.08,11.3,10.97,11.3,2388238,0.0,0.0
2011-09-08 00:00:00+08:00,11.3,11.41,11.08,11.08,1002093,0.0,0.0
2011-09-09 00:00:00+08:00,11.08,11.52,11.08,11.24,1118731,0.0,0.0
2011-09-13 00:00:00+08:00,11.13,11.19,10.97,11.03,783752,0.0,0.0
2011-09-14 00:00:00+08:00,11.13,11.19,10.76,10.83,711919,0.0,0.0
2011-09-15 00:00:00+08:00,11.08,11.24,10.97,11.08,891855,0.0,0.0
2011-09-16 00:00:00+08:00,11.35,11.46,11.24,11.3,1694099,0.0,0.0
2011-09-19 00:00:00+08:00,11.3,11.3,11.08,11.13,451617,0.0,0.0
2011-09-20 00:00:00+08:00,11.13,11.24,11.08,11.08,699118,0.0,0.0
2011-09-21 00:00:00+08:00,11.24,11.35,11.08,11.35,1401081,0.0,0.0
2011-09-22 00:00:00+08:00,11.24,11.24,10.92,11.08,1184162,0.0,0.0
2011-09-23 00:00:00+08:00,10.73,10.89,10.69,10.74,1339917,0.0,0.0
2011-09-26 00:00:00+08:00,10.22,10.22,10.05,10.05,4759408,0.0,0.0
2011-09-27 00:00:00+08:00,10.27,10.44,10.26,10.34,640799,0.0,0.0
2011-09-28 00:00:00+08:00,10.59,10.59,10.27,10.32,721165,0.0,0.0
2011-09-29 00:00:00+08:00,10.24,10.42,10.21,10.36,526294,0.0,0.0
2011-09-30 00:00:00+08:00,10.37,10.46,10.29,10.42,856295,0.0,0.0
2011-10-03 00:00:00+08:00,10.29,10.37,10.23,10.23,768816,0.0,0.0
2011-10-04 00:00:00+08:00,10.05,10.22,10.05,10.18,558298,0.0,0.0
2011-10-05 00:00:00+08:00,10.35,10.35,10.15,10.18,359160,0.0,0.0
2011-10-06 00:00:00+08:00,10.41,10.42,10.29,10.29,447350,0.0,0.0
2011-10-07 00:00:00+08:00,10.38,10.4,10.38,10.4,4787857,0.0,0.0
2011-10-11 00:00:00+08:00,10.53,10.65,10.48,10.49,1547590,0.0,0.0
2011-10-12 00:00:00+08:00,10.49,10.52,10.4,10.5,1412460,0.0,0.0
2011-10-13 00:00:00+08:00,10.63,11.19,10.51,11.19,6114972,0.0,0.0
2011-10-14 00:00:00+08:00,11.19,11.19,10.78,10.8,3176258,0.0,0.0
2011-10-17 00:00:00+08:00,10.86,10.97,10.77,10.8,2657075,0.0,0.0
2011-10-18 00:00:00+08:00,10.61,10.69,10.47,10.48,2014854,0.0,0.0
2011-10-19 00:00:00+08:00,10.61,10.61,10.39,10.4,1539766,0.0,0.0
2011-10-20 00:00:00+08:00,10.42,10.42,10.13,10.15,1933776,0.0,0.0
2011-10-21 00:00:00+08:00,10.21,10.21,10.1,10.12,1260973,0.0,0.0
2011-10-24 00:00:00+08:00,10.16,10.29,10.16,10.27,1628667,0.0,0.0
2011-10-25 00:00:00+08:00,10.41,10.41,10.28,10.28,1335649,0.0,0.0
2011-10-26 00:00:00+08:00,10.21,10.36,10.17,10.33,1556124,0.0,0.0
2011-10-27 00:00:00+08:00,10.4,10.54,10.34,10.4,1985694,0.0,0.0
2011-10-28 00:00:00+08:00,10.64,10.68,10.42,10.45,2115134,0.0,0.0
2011-10-31 00:00:00+08:00,10.48,10.62,10.28,10.28,1276619,0.0,0.0
2011-11-01 00:00:00+08:00,10.18,10.35,10.16,10.28,1063257,0.0,0.0
2011-11-02 00:00:00+08:00,10.16,10.28,10.1,10.26,1063257,0.0,0.0
2011-11-03 00:00:00+08:00,10.29,10.36,10.23,10.23,1022718,0.0,0.0
2011-11-04 00:00:00+08:00,10.3,10.63,10.3,10.54,1753129,0.0,0.0
2011-11-07 00:00:00+08:00,10.62,10.64,10.52,10.53,993558,0.0,0.0
2011-11-08 00:00:00+08:00,10.54,11.03,10.54,10.7,5434345,0.0,0.0
2011-11-09 00:00:00+08:00,10.84,10.91,10.64,10.7,2030500,0.0,0.0
2011-11-10 00:00:00+08:00,10.46,10.51,10.13,10.18,2488519,0.0,0.0
2011-11-11 00:00:00+08:00,10.24,10.36,10.18,10.29,907502,0.0,0.0
2011-11-14 00:00:00+08:00,10.44,10.5,10.39,10.44,800821,0.0,0.0
2011-11-15 00:00:00+08:00,10.44,10.44,10.32,10.32,747480,0.0,0.0
2011-11-16 00:00:00+08:00,10.36,10.39,10.16,10.21,508514,0.0,0.0
2011-11-17 00:00:00+08:00,10.21,10.25,10.16,10.2,438104,0.0,0.0
2011-11-18 00:00:00+08:00,10.15,10.2,10.05,10.05,747480,0.0,0.0
2011-11-21 00:00:00+08:00,10.04,10.05,9.35,9.35,2587377,0.0,0.0
2011-11-22 00:00:00+08:00,8.96,9.26,8.77,8.9,1243904,0.0,0.0
2011-11-23 00:00:00+08:00,8.83,9.02,8.41,8.41,1295111,0.0,0.0
2011-11-24 00:00:00+08:00,8.41,8.79,8.32,8.54,1227546,0.0,0.0
2011-11-25 00:00:00+08:00,8.44,8.7,8.44,8.6,662846,0.0,0.0
2011-11-28 00:00:00+08:00,8.73,8.83,8.73,8.73,579635,0.0,0.0
2011-11-29 00:00:00+08:00,8.87,8.97,8.81,8.9,669958,0.0,0.0
2011-11-30 00:00:00+08:00,8.9,8.95,8.51,8.62,725432,0.0,0.0
2011-12-01 00:00:00+08:00,8.95,9.22,8.86,9.11,1068235,0.0,0.0
2011-12-02 00:00:00+08:00,9.11,9.16,8.95,8.98,611639,0.0,0.0
2011-12-05 00:00:00+08:00,9.15,9.15,8.87,8.87,288750,0.0,0.0
2011-12-06 00:00:00+08:00,8.85,8.95,8.77,8.82,401121,0.0,0.0
2011-12-07 00:00:00+08:00,8.82,8.95,8.79,8.84,348492,0.0,0.0
2011-12-08 00:00:00+08:00,8.81,8.81,8.48,8.58,504246,0.0,0.0
2011-12-09 00:00:00+08:00,8.53,8.68,8.48,8.51,881187,0.0,0.0
2011-12-12 00:00:00+08:00,8.68,8.72,8.56,8.6,310798,0.0,0.0
2011-12-13 00:00:00+08:00,8.53,8.59,8.43,8.53,273815,0.0,0.0
2011-12-14 00:00:00+08:00,8.41,8.6,8.41,8.59,371962,0.0,0.0
2011-12-15 00:00:00+08:00,8.51,8.51,8.39,8.39,339957,0.0,0.0
2011-12-16 00:00:00+08:00,8.45,8.46,8.35,8.35,531984,0.0,0.0
2011-12-19 00:00:00+08:00,8.31,8.31,7.8,7.8,944485,0.0,0.0
2011-12-20 00:00:00+08:00,7.82,7.91,7.77,7.79,579635,0.0,0.0
2011-12-21 00:00:00+08:00,8.17,8.33,8.13,8.33,778062,0.0,0.0
2011-12-22 00:00:00+08:00,8.33,8.33,8.19,8.2,378363,0.0,0.0
2011-12-23 00:00:00+08:00,8.3,8.66,8.3,8.62,588880,0.0,0.0
2011-12-26 00:00:00+08:00,8.87,8.95,8.66,8.72,570389,0.0,0.0
2011-12-27 00:00:00+08:00,8.71,8.95,8.6,8.82,776639,0.0,0.0
2011-12-28 00:00:00+08:00,8.82,9.04,8.7,8.91,822157,0.0,0.0
2011-12-29 00:00:00+08:00,8.91,8.92,8.81,8.85,445216,0.0,0.0
2011-12-30 00:00:00+08:00,8.95,8.95,8.79,8.81,955153,0.0,0.0
2012-01-02 00:00:00+08:00,8.81,8.81,8.81,8.81,0,0.0,0.0
2012-01-06 00:00:00+08:00,8.86,8.9,8.82,8.83,583191,0.0,0.0
2012-01-09 00:00:00+08:00,8.87,8.87,8.72,8.75,511359,0.0,0.0
2012-01-10 00:00:00+08:00,8.83,8.85,8.77,8.77,695562,0.0,0.0
2012-01-11 00:00:00+08:00,8.77,8.82,8.73,8.77,579635,0.0,0.0
2012-01-12 00:00:00+08:00,8.77,8.96,8.67,8.71,2121535,0.0,0.0
2012-01-13 00:00:00+08:00,8.73,8.84,8.29,8.33,2024811,0.0,0.0
2012-01-16 00:00:00+08:00,8.53,8.53,8.27,8.27,1780155,0.0,0.0
2012-01-17 00:00:00+08:00,8.34,8.55,8.31,8.43,1212610,0.0,0.0
2012-01-18 00:00:00+08:00,8.53,8.72,8.46,8.6,1629379,0.0,0.0
2012-01-30 00:00:00+08:00,8.93,9.05,8.84,9.01,2499898,0.0,0.0
2012-01-31 00:00:00+08:00,9.01,9.39,8.98,9.28,2889641,0.0,0.0
2012-02-01 00:00:00+08:00,9.33,9.92,9.29,9.92,3403844,0.0,0.0
2012-02-02 00:00:00+08:00,10.23,10.29,10.04,10.24,2798606,0.0,0.0
2012-02-03 00:00:00+08:00,10.24,10.64,10.05,10.51,2977119,0.0,0.0
2012-02-06 00:00:00+08:00,10.77,10.81,10.3,10.34,1625111,0.0,0.0
2012-02-07 00:00:00+08:00,10.34,10.42,10.06,10.18,1615866,0.0,0.0
2012-02-08 00:00:00+08:00,10.26,10.64,10.26,10.6,1858388,0.0,0.0
2012-02-09 00:00:00+08:00,10.6,11.08,10.53,10.97,4570227,0.0,0.0
2012-02-10 00:00:00+08:00,11.03,11.68,10.97,11.52,5994778,0.0,0.0
2012-02-13 00:00:00+08:00,11.57,11.95,11.41,11.68,6448529,0.0,0.0
2012-02-14 00:00:00+08:00,11.68,11.79,10.97,11.19,3463586,0.0,0.0
2012-02-15 00:00:00+08:00,11.19,11.79,11.03,11.68,7367411,0.0,0.0
2012-02-16 00:00:00+08:00,11.63,11.68,11.03,11.08,3907380,0.0,0.0
2012-02-17 00:00:00+08:00,11.35,11.46,10.92,10.97,2574575,0.0,0.0
2012-02-20 00:00:00+08:00,11.24,11.24,10.84,11.08,2027656,0.0,0.0
2012-02-21 00:00:00+08:00,11.24,11.24,10.92,10.97,1622978,0.0,0.0
2012-02-22 00:00:00+08:00,10.97,11.19,10.97,11.08,1330671,0.0,0.0
2012-02-23 00:00:00+08:00,11.08,11.52,11.03,11.24,2735308,0.0,0.0
2012-02-24 00:00:00+08:00,11.24,11.41,11.13,11.13,1443042,0.0,0.0
2012-02-29 00:00:00+08:00,11.24,11.35,11.08,11.08,1381167,0.0,0.0
2012-03-01 00:00:00+08:00,11.08,11.35,11.03,11.19,1547590,0.0,0.0
2012-03-02 00:00:00+08:00,11.35,11.35,11.24,11.24,1570348,0.0,0.0
2012-03-05 00:00:00+08:00,11.57,11.57,11.24,11.24,1536922,0.0,0.0
2012-03-06 00:00:00+08:00,11.19,11.3,10.86,10.88,2372592,0.0,0.0
2012-03-07 00:00:00+08:00,10.66,10.88,10.63,10.76,1406059,0.0,0.0
2012-03-08 00:00:00+08:00,10.81,11.08,10.78,10.97,1137933,0.0,0.0
2012-03-09 00:00:00+08:00,10.97,11.24,10.92,11.13,1305068,0.0,0.0
2012-03-12 00:00:00+08:00,11.19,11.3,10.92,11.03,1888970,0.0,0.0
2012-03-13 00:00:00+08:00,11.08,11.13,10.91,10.92,1634357,0.0,0.0
2012-03-14 00:00:00+08:00,11.13,11.68,11.08,11.63,11699383,0.0,0.0
2012-03-15 00:00:00+08:00,11.35,11.46,11.13,11.3,3361172,0.0,0.0
2012-03-16 00:00:00+08:00,11.24,11.41,11.13,11.19,1758107,0.0,0.0
2012-03-19 00:00:00+08:00,11.24,11.24,11.03,11.03,1454421,0.0,0.0
2012-03-20 00:00:00+08:00,11.03,11.13,10.86,10.86,1789401,0.0,0.0
2012-03-21 00:00:00+08:00,10.81,10.97,10.81,10.88,947330,0.0,0.0
2012-03-22 00:00:00+08:00,10.88,11.08,10.88,10.97,1383300,0.0,0.0
2012-03-23 00:00:00+08:00,10.89,11.08,10.86,11.03,813622,0.0,0.0
2012-03-26 00:00:00+08:00,10.97,10.97,10.88,10.89,805799,0.0,0.0
2012-03-27 00:00:00+08:00,10.91,10.97,10.65,10.65,1324270,0.0,0.0
2012-03-28 00:00:00+08:00,10.54,10.7,10.33,10.34,2024100,0.0,0.0
2012-03-29 00:00:00+08:00,10.34,10.34,9.62,9.62,2440868,0.0,0.0
2012-03-30 00:00:00+08:00,9.51,9.82,9.5,9.82,1361964,0.0,0.0
2012-04-02 00:00:00+08:00,9.82,9.82,9.63,9.63,439526,0.0,0.0
2012-04-03 00:00:00+08:00,9.64,9.72,9.1,9.13,960131,0.0,0.0
2012-04-05 00:00:00+08:00,8.95,8.95,8.67,8.94,1348451,0.0,0.0
2012-04-06 00:00:00+08:00,9.04,9.23,8.91,9.15,802243,0.0,0.0
2012-04-09 00:00:00+08:00,8.95,9.13,8.87,8.99,539096,0.0,0.0
2012-04-10 00:00:00+08:00,9.06,9.25,9.02,9.07,538385,0.0,0.0
2012-04-11 00:00:00+08:00,8.86,9.07,8.86,8.98,383341,0.0,0.0
2012-04-12 00:00:00+08:00,9.07,9.15,8.96,9.02,688450,0.0,0.0
2012-04-13 00:00:00+08:00,9.14,9.41,9.14,9.29,1051166,0.0,0.0
2012-04-16 00:00:00+08:00,9.16,9.44,9.16,9.3,825002,0.0,0.0
2012-04-17 00:00:00+08:00,9.3,9.39,9.02,9.04,1233947,0.0,0.0
2012-04-18 00:00:00+08:00,9.11,9.15,8.86,8.89,1267373,0.0,0.0
2012-04-19 00:00:00+08:00,8.89,8.94,8.74,8.86,954442,0.0,0.0
2012-04-20 00:00:00+08:00,8.86,8.92,8.69,8.69,1150735,0.0,0.0
2012-04-23 00:00:00+08:00,8.65,8.73,8.55,8.55,1055433,0.0,0.0
2012-04-24 00:00:00+08:00,8.55,8.67,8.48,8.57,554031,0.0,0.0
2012-04-25 00:00:00+08:00,8.62,8.74,8.62,8.73,689872,0.0,0.0
2012-04-26 00:00:00+08:00,8.94,8.94,8.65,8.67,544074,0.0,0.0
2012-04-27 00:00:00+08:00,8.75,8.78,8.57,8.59,743924,0.0,0.0
2012-04-30 00:00:00+08:00,8.5,8.51,8.44,8.46,1083170,0.0,0.0
2012-05-02 00:00:00+08:00,8.58,8.98,8.58,8.95,1656405,0.0,0.0
2012-05-03 00:00:00+08:00,8.95,8.95,8.83,8.84,591014,0.0,0.0
2012-05-04 00:00:00+08:00,8.74,8.91,8.74,8.85,600260,0.0,0.0
2012-05-07 00:00:00+08:00,8.72,8.8,8.7,8.7,591725,0.0,0.0
2012-05-08 00:00:00+08:00,8.73,8.81,8.68,8.68,514203,0.0,0.0
2012-05-09 00:00:00+08:00,8.68,8.73,8.57,8.58,505669,0.0,0.0
2012-05-10 00:00:00+08:00,8.57,8.69,8.51,8.51,649333,0.0,0.0
2012-05-11 00:00:00+08:00,8.51,8.6,8.35,8.35,749613,0.0,0.0
2012-05-14 00:00:00+08:00,8.46,8.5,8.37,8.39,447350,0.0,0.0
2012-05-15 00:00:00+08:00,8.31,8.38,8.24,8.35,595992,0.0,0.0
2012-05-16 00:00:00+08:00,8.35,8.39,8.22,8.34,571100,0.0,0.0
2012-05-17 00:00:00+08:00,8.35,8.39,8.3,8.39,736812,0.0,0.0
2012-05-18 00:00:00+08:00,8.31,8.31,8.03,8.03,896834,0.0,0.0
2012-05-21 00:00:00+08:00,8.26,8.26,8.13,8.13,474376,0.0,0.0
2012-05-22 00:00:00+08:00,8.17,8.31,8.17,8.26,549764,0.0,0.0
2012-05-23 00:00:00+08:00,8.2,8.2,8.07,8.08,716187,0.0,0.0
2012-05-24 00:00:00+08:00,8.09,8.18,7.88,8.0,372673,0.0,0.0
2012-05-25 00:00:00+08:00,7.91,8.03,7.9,7.91,327156,0.0,0.0
2012-05-28 00:00:00+08:00,7.97,8.02,7.92,7.97,381919,0.0,0.0
2012-05-29 00:00:00+08:00,7.97,8.44,7.97,8.42,987157,0.0,0.0
2012-05-30 00:00:00+08:00,8.42,8.42,8.26,8.38,453751,0.0,0.0
2012-05-31 00:00:00+08:00,8.25,8.37,8.2,8.35,270259,0.0,0.0
2012-06-01 00:00:00+08:00,8.35,8.35,8.12,8.12,390453,0.0,0.0
2012-06-04 00:00:00+08:00,7.67,7.78,7.55,7.58,1451576,0.0,0.0
2012-06-05 00:00:00+08:00,7.62,7.83,7.62,7.67,563988,0.0,0.0
2012-06-06 00:00:00+08:00,7.73,7.85,7.68,7.79,446639,0.0,0.0
2012-06-07 00:00:00+08:00,7.97,8.0,7.75,7.76,529850,0.0,0.0
2012-06-08 00:00:00+08:00,7.75,7.86,7.73,7.75,412501,0.0,0.0
2012-06-11 00:00:00+08:00,7.89,7.94,7.8,7.82,568966,0.0,0.0
2012-06-12 00:00:00+08:00,7.75,7.79,7.68,7.73,561854,0.0,0.0
2012-06-13 00:00:00+08:00,7.75,7.96,7.75,7.9,1033386,0.0,0.0
2012-06-14 00:00:00+08:00,7.9,7.9,7.84,7.85,357737,0.0,0.0
2012-06-15 00:00:00+08:00,7.85,7.91,7.85,7.86,466552,0.0,0.0
2012-06-18 00:00:00+08:00,7.97,8.13,7.92,8.02,692006,0.0,0.0
2012-06-19 00:00:00+08:00,8.1,8.1,7.98,7.98,290173,0.0,0.0
2012-06-20 00:00:00+08:00,7.98,8.06,7.97,8.06,369117,0.0,0.0
2012-06-21 00:00:00+08:00,8.07,8.14,8.05,8.11,477221,0.0,0.0
2012-06-22 00:00:00+08:00,8.05,8.06,7.98,8.05,310798,0.0,0.0
2012-06-25 00:00:00+08:00,8.02,8.15,7.98,7.99,248211,0.0,0.0
2012-06-26 00:00:00+08:00,7.96,8.02,7.8,7.91,596704,0.0,0.0
2012-06-27 00:00:00+08:00,7.99,7.99,7.86,7.86,272392,0.0,0.0
2012-06-28 00:00:00+08:00,7.89,7.97,7.8,7.8,429570,0.0,0.0
2012-06-29 00:00:00+08:00,7.84,7.94,7.8,7.9,389031,0.0,0.0
2012-07-02 00:00:00+08:00,7.95,8.0,7.95,7.98,459440,0.0,0.0
2012-07-03 00:00:00+08:00,7.98,8.09,7.98,8.05,581057,0.0,0.0
2012-07-04 00:00:00+08:00,8.09,8.23,8.09,8.2,860562,0.0,0.0
2012-07-05 00:00:00+08:00,8.24,8.24,8.0,8.03,566122,0.0,0.0
2012-07-06 00:00:00+08:00,8.06,8.08,7.99,8.0,400410,0.0,0.0
2012-07-09 00:00:00+08:00,8.0,8.0,7.91,7.94,241810,0.0,0.0
2012-07-10 00:00:00+08:00,7.94,8.01,7.82,7.82,654312,0.0,0.0
2012-07-11 00:00:00+08:00,7.85,7.95,7.82,7.89,305108,0.0,0.0
2012-07-12 00:00:00+08:00,7.86,7.9,7.73,7.74,527716,0.0,0.0
2012-07-13 00:00:00+08:00,7.75,7.83,7.7,7.71,382630,0.0,0.0
2012-07-16 00:00:00+08:00,7.72,7.76,7.64,7.64,555454,0.0,0.0
2012-07-17 00:00:00+08:00,7.61,7.67,7.58,7.64,655023,0.0,0.0
2012-07-18 00:00:00+08:00,7.64,7.64,7.42,7.44,1248882,0.0,0.0
2012-07-19 00:00:00+08:00,7.46,7.58,7.4,7.44,1142201,0.0,0.0
2012-07-20 00:00:00+08:00,7.44,7.49,7.4,7.44,739657,0.0,0.0
2012-07-23 00:00:00+08:00,7.42,7.59,7.22,7.59,935239,0.0,0.0
2012-07-24 00:00:00+08:00,7.44,7.44,7.18,7.27,945196,0.0,0.0
2012-07-25 00:00:00+08:00,7.28,7.38,7.18,7.23,972933,0.0,0.0
2012-07-26 00:00:00+08:00,7.31,7.32,7.23,7.23,487177,0.0,0.0
2012-07-27 00:00:00+08:00,7.34,7.38,7.29,7.31,687027,0.0,0.0
2012-07-30 00:00:00+08:00,7.42,7.46,7.34,7.39,481488,0.0,0.0
2012-07-31 00:00:00+08:00,7.34,7.46,7.34,7.35,928838,0.0,0.0
2012-08-01 00:00:00+08:00,7.34,7.42,7.34,7.37,285194,0.0,0.0
2012-08-02 00:00:00+08:00,7.37,7.37,7.37,7.37,0,0.0,0.0
2012-08-03 00:00:00+08:00,7.34,7.37,7.23,7.24,560432,0.0,0.0
2012-08-06 00:00:00+08:00,7.35,7.41,7.26,7.26,447350,0.0,0.0
2012-08-07 00:00:00+08:00,7.27,7.35,7.25,7.26,442371,0.0,0.0
2012-08-08 00:00:00+08:00,7.27,7.39,7.27,7.31,472953,0.0,0.0
2012-08-09 00:00:00+08:00,7.34,7.6,7.34,7.56,1120864,0.0,0.0
2012-08-10 00:00:00+08:00,7.63,7.73,7.53,7.54,948041,0.0,0.0
2012-08-13 00:00:00+08:00,7.54,7.7,7.53,7.55,908213,0.0,0.0
2012-08-14 00:00:00+08:00,7.64,7.67,7.56,7.58,731833,0.0,0.0
2012-08-15 00:00:00+08:00,7.55,7.65,7.55,7.62,542652,0.0,0.0
2012-08-16 00:00:00+08:00,7.64,7.83,7.64,7.75,1323559,0.0,0.0
2012-08-17 00:00:00+08:00,7.86,7.86,7.75,7.75,677781,0.0,0.0
2012-08-20 00:00:00+08:00,7.77,7.8,7.64,7.65,771661,0.0,0.0
2012-08-21 00:00:00+08:00,7.66,7.83,7.66,7.74,817890,0.0,0.0
2012-08-22 00:00:00+08:00,7.82,7.86,7.76,7.8,449483,0.0,0.0
2012-08-23 00:00:00+08:00,7.76,7.87,7.74,7.79,524160,0.0,0.0
2012-08-24 00:00:00+08:00,7.73,7.77,7.7,7.73,689872,0.0,0.0
2012-08-27 00:00:00+08:00,7.75,7.78,7.72,7.73,305819,0.0,0.0
2012-08-28 00:00:00+08:00,7.68,7.77,7.65,7.65,604527,0.0,0.0
2012-08-29 00:00:00+08:00,7.65,7.79,7.62,7.62,1053300,0.0,0.0
2012-08-30 00:00:00+08:00,7.62,7.72,7.6,7.6,520604,0.0,0.0
2012-08-31 00:00:00+08:00,7.63,7.64,7.56,7.56,390453,0.0,0.0
2012-09-03 00:00:00+08:00,7.6,7.76,7.58,7.71,726855,0.0,0.0
2012-09-04 00:00:00+08:00,7.75,7.77,7.68,7.7,452328,0.0,0.0
2012-09-05 00:00:00+08:00,7.71,7.88,7.7,7.7,1419572,0.0,0.0
2012-09-06 00:00:00+08:00,7.73,7.82,7.72,7.73,672803,0.0,0.0
2012-09-07 00:00:00+08:00,7.8,7.94,7.78,7.8,1508473,0.0,0.0
2012-09-10 00:00:00+08:00,7.87,8.08,7.8,7.99,1719702,0.0,0.0
2012-09-11 00:00:00+08:00,7.97,8.06,7.94,7.94,929549,0.0,0.0
2012-09-12 00:00:00+08:00,7.97,8.29,7.96,8.13,4922986,0.0,0.0
2012-09-13 00:00:00+08:00,8.12,8.38,8.09,8.12,2724640,0.0,0.0
2012-09-14 00:00:00+08:00,8.23,8.34,8.18,8.19,1551857,0.0,0.0
2012-09-17 00:00:00+08:00,8.24,8.35,8.23,8.23,1141489,0.0,0.0
2012-09-18 00:00:00+08:00,8.23,8.56,8.23,8.34,2996322,0.0,0.0
2012-09-19 00:00:00+08:00,8.41,8.45,8.33,8.37,1842030,0.0,0.0
2012-09-20 00:00:00+08:00,8.37,8.49,8.25,8.27,1091705,0.0,0.0
2012-09-21 00:00:00+08:00,8.27,8.85,8.27,8.69,6483378,0.0,0.0
2012-09-24 00:00:00+08:00,8.71,9.2,8.63,8.81,11031558,0.0,0.0
2012-09-25 00:00:00+08:00,8.81,8.91,8.68,8.7,2559640,0.0,0.0
2012-09-26 00:00:00+08:00,8.68,8.68,8.42,8.42,2199768,0.0,0.0
2012-09-27 00:00:00+08:00,8.31,8.54,8.31,8.43,1327826,0.0,0.0
2012-09-28 00:00:00+08:00,8.43,8.51,8.3,8.3,1145046,0.0,0.0
2012-10-01 00:00:00+08:00,8.3,8.39,8.26,8.3,959420,0.0,0.0
2012-10-02 00:00:00+08:00,8.35,8.46,8.32,8.32,1090282,0.0,0.0
2012-10-03 00:00:00+08:00,8.33,8.38,8.24,8.25,955864,0.0,0.0
2012-10-04 00:00:00+08:00,8.26,8.27,8.13,8.18,1325693,0.0,0.0
2012-10-05 00:00:00+08:00,8.2,8.25,8.09,8.09,1014894,0.0,0.0
2012-10-08 00:00:00+08:00,8.09,8.13,7.91,7.92,2154251,0.0,0.0
2012-10-09 00:00:00+08:00,7.92,8.05,7.82,7.84,1415305,0.0,0.0
2012-10-11 00:00:00+08:00,7.67,7.75,7.65,7.67,832114,0.0,0.0
2012-10-12 00:00:00+08:00,7.7,7.75,7.64,7.68,953019,0.0,0.0
2012-10-15 00:00:00+08:00,7.68,7.72,7.65,7.65,617329,0.0,0.0
2012-10-16 00:00:00+08:00,7.73,7.8,7.67,7.73,538385,0.0,0.0
2012-10-17 00:00:00+08:00,7.8,7.85,7.68,7.68,857717,0.0,0.0
2012-10-18 00:00:00+08:00,7.77,7.77,7.64,7.66,519182,0.0,0.0
2012-10-19 00:00:00+08:00,7.67,7.71,7.56,7.58,713342,0.0,0.0
2012-10-22 00:00:00+08:00,7.49,7.51,7.4,7.49,502824,0.0,0.0
2012-10-23 00:00:00+08:00,7.49,7.56,7.49,7.49,346358,0.0,0.0
2012-10-24 00:00:00+08:00,7.49,7.73,7.43,7.54,3090201,0.0,0.0
2012-10-25 00:00:00+08:00,7.55,7.62,7.39,7.4,973644,0.0,0.0
2012-10-26 00:00:00+08:00,7.47,7.47,7.15,7.15,1345606,0.0,0.0
2012-10-29 00:00:00+08:00,7.15,7.2,6.81,6.82,1602353,0.0,0.0
2012-10-30 00:00:00+08:00,6.86,7.1,6.86,7.1,854161,0.0,0.0
2012-10-31 00:00:00+08:00,7.26,7.26,7.0,7.08,505669,0.0,0.0
2012-11-01 00:00:00+08:00,6.93,7.19,6.86,7.19,646488,0.0,0.0
2012-11-02 00:00:00+08:00,7.29,7.3,6.98,6.98,952308,0.0,0.0
2012-11-05 00:00:00+08:00,6.89,6.93,6.83,6.84,800821,0.0,0.0
2012-11-06 00:00:00+08:00,6.86,6.93,6.86,6.88,887588,0.0,0.0
2012-11-07 00:00:00+08:00,6.89,7.02,6.89,7.0,613773,0.0,0.0
2012-11-08 00:00:00+08:00,6.93,7.0,6.89,6.98,523449,0.0,0.0
2012-11-09 00:00:00+08:00,6.89,7.17,6.89,7.11,992136,0.0,0.0
2012-11-12 00:00:00+08:00,7.12,7.17,7.02,7.03,487177,0.0,0.0
2012-11-13 00:00:00+08:00,7.03,7.04,6.88,6.88,1328537,0.0,0.0
2012-11-14 00:00:00+08:00,6.88,6.94,6.84,6.89,379785,0.0,0.0
2012-11-15 00:00:00+08:00,6.78,6.93,6.78,6.88,535540,0.0,0.0
2012-11-16 00:00:00+08:00,6.82,6.96,6.81,6.84,708363,0.0,0.0
2012-11-19 00:00:00+08:00,6.93,6.93,6.83,6.87,481488,0.0,0.0
2012-11-20 00:00:00+08:00,6.94,6.94,6.84,6.86,630130,0.0,0.0
2012-11-21 00:00:00+08:00,6.84,6.84,6.77,6.79,795131,0.0,0.0
2012-11-22 00:00:00+08:00,6.83,6.86,6.74,6.74,660712,0.0,0.0
2012-11-23 00:00:00+08:00,6.78,6.93,6.78,6.9,724010,0.0,0.0
2012-11-26 00:00:00+08:00,6.98,7.1,6.95,7.1,721165,0.0,0.0
2012-11-27 00:00:00+08:00,7.07,7.15,6.99,7.12,704096,0.0,0.0
2012-11-28 00:00:00+08:00,7.2,7.29,7.12,7.18,1049744,0.0,0.0
2012-11-29 00:00:00+08:00,7.28,7.36,7.25,7.25,1065390,0.0,0.0
2012-11-30 00:00:00+08:00,7.26,7.62,7.26,7.41,1433796,0.0,0.0
2012-12-03 00:00:00+08:00,7.47,7.85,7.47,7.68,2248841,0.0,0.0
2012-12-04 00:00:00+08:00,7.7,7.8,7.64,7.77,1020584,0.0,0.0
2012-12-05 00:00:00+08:00,7.77,8.0,7.72,7.89,1728237,0.0,0.0
2012-12-06 00:00:00+08:00,7.97,8.02,7.82,7.82,1489271,0.0,0.0
2012-12-07 00:00:00+08:00,7.82,7.89,7.73,7.73,854872,0.0,0.0
2012-12-10 00:00:00+08:00,7.67,7.77,7.64,7.64,469397,0.0,0.0
2012-12-11 00:00:00+08:00,7.65,7.7,7.44,7.49,670669,0.0,0.0
2012-12-12 00:00:00+08:00,7.53,7.75,7.53,7.68,690583,0.0,0.0
2012-12-13 00:00:00+08:00,7.68,7.86,7.68,7.8,1148602,0.0,0.0
2012-12-14 00:00:00+08:00,7.78,7.79,7.65,7.68,1090282,0.0,0.0
2012-12-17 00:00:00+08:00,7.68,7.79,7.63,7.67,1500650,0.0,0.0
2012-12-18 00:00:00+08:00,7.67,7.84,7.67,7.8,877631,0.0,0.0
2012-12-19 00:00:00+08:00,7.94,8.08,7.88,7.96,2443001,0.0,0.0
2012-12-20 00:00:00+08:00,7.96,8.0,7.84,7.85,1003515,0.0,0.0
2012-12-21 00:00:00+08:00,7.95,7.95,7.66,7.68,1098817,0.0,0.0
2012-12-24 00:00:00+08:00,7.73,7.78,7.67,7.67,416057,0.0,0.0
2012-12-25 00:00:00+08:00,7.68,7.8,7.68,7.75,691294,0.0,0.0
2012-12-26 00:00:00+08:00,7.76,7.86,7.76,7.79,742501,0.0,0.0
2012-12-27 00:00:00+08:00,7.79,7.86,7.77,7.78,551186,0.0,0.0
2012-12-28 00:00:00+08:00,7.82,7.85,7.75,7.76,651467,0.0,0.0
2013-01-02 00:00:00+08:00,7.79,7.89,7.79,7.83,781618,0.0,0.0
2013-01-03 00:00:00+08:00,7.91,7.91,7.83,7.88,1406770,0.0,0.0
2013-01-04 00:00:00+08:00,7.86,8.15,7.65,8.07,4210355,0.0,0.0
2013-01-07 00:00:00+08:00,8.02,8.07,7.9,7.94,1336361,0.0,0.0
2013-01-08 00:00:00+08:00,7.94,7.96,7.87,7.87,601682,0.0,0.0
2013-01-09 00:00:00+08:00,7.87,7.94,7.87,7.87,551897,0.0,0.0
2013-01-10 00:00:00+08:00,7.88,8.0,7.86,7.86,1016317,0.0,0.0
2013-01-11 00:00:00+08:00,7.87,7.99,7.87,7.95,1104507,0.0,0.0
2013-01-14 00:00:00+08:00,7.95,8.0,7.91,7.96,652889,0.0,0.0
2013-01-15 00:00:00+08:00,7.92,8.02,7.91,7.91,603104,0.0,0.0
2013-01-16 00:00:00+08:00,7.94,7.96,7.89,7.9,451617,0.0,0.0
2013-01-17 00:00:00+08:00,7.87,7.94,7.64,7.65,1552568,0.0,0.0
2013-01-18 00:00:00+08:00,7.68,7.77,7.66,7.67,963687,0.0,0.0
2013-01-21 00:00:00+08:00,7.67,7.74,7.56,7.68,434548,0.0,0.0
2013-01-22 00:00:00+08:00,7.68,7.73,7.63,7.66,428147,0.0,0.0
2013-01-23 00:00:00+08:00,7.73,7.73,7.64,7.64,433837,0.0,0.0
2013-01-24 00:00:00+08:00,7.64,7.68,7.59,7.64,468686,0.0,0.0
2013-01-25 00:00:00+08:00,7.63,7.64,7.56,7.59,696273,0.0,0.0
2013-01-28 00:00:00+08:00,7.65,7.65,7.55,7.56,514915,0.0,0.0
2013-01-29 00:00:00+08:00,7.58,7.74,7.56,7.71,567544,0.0,0.0
2013-01-30 00:00:00+08:00,7.73,7.75,7.65,7.66,733967,0.0,0.0
2013-01-31 00:00:00+08:00,7.67,7.7,7.59,7.59,743213,0.0,0.0
2013-02-01 00:00:00+08:00,7.59,7.65,7.56,7.6,447350,0.0,0.0
2013-02-04 00:00:00+08:00,7.59,7.7,7.59,7.59,1005649,0.0,0.0
2013-02-05 00:00:00+08:00,7.54,7.66,7.53,7.56,583902,0.0,0.0
2013-02-06 00:00:00+08:00,7.64,7.66,7.55,7.55,653600,0.0,0.0
2013-02-18 00:00:00+08:00,7.63,7.65,7.55,7.55,728988,0.0,0.0
2013-02-19 00:00:00+08:00,7.59,7.7,7.59,7.7,868385,0.0,0.0
2013-02-20 00:00:00+08:00,7.73,7.76,7.66,7.68,680626,0.0,0.0
2013-02-21 00:00:00+08:00,7.67,7.68,7.61,7.64,578923,0.0,0.0
2013-02-22 00:00:00+08:00,7.64,7.78,7.6,7.64,1003515,0.0,0.0
2013-02-25 00:00:00+08:00,7.84,7.92,7.8,7.84,1423839,0.0,0.0
2013-02-26 00:00:00+08:00,7.8,7.83,7.75,7.75,885454,0.0,0.0
2013-02-27 00:00:00+08:00,7.77,7.83,7.73,7.73,775217,0.0,0.0
2013-03-01 00:00:00+08:00,7.77,7.82,7.75,7.75,1356275,0.0,0.0
2013-03-04 00:00:00+08:00,7.74,7.78,7.64,7.68,1032675,0.0,0.0
2013-03-05 00:00:00+08:00,7.7,7.77,7.66,7.74,739657,0.0,0.0
2013-03-06 00:00:00+08:00,7.8,7.8,7.72,7.74,688450,0.0,0.0
2013-03-07 00:00:00+08:00,7.75,7.87,7.75,7.78,900390,0.0,0.0
2013-03-08 00:00:00+08:00,7.86,7.86,7.8,7.8,738945,0.0,0.0
2013-03-11 00:00:00+08:00,7.83,7.89,7.76,7.85,1064679,0.0,0.0
2013-03-12 00:00:00+08:00,7.85,7.89,7.79,7.79,807933,0.0,0.0
2013-03-13 00:00:00+08:00,7.79,7.84,7.78,7.8,546208,0.0,0.0
2013-03-14 00:00:00+08:00,7.82,7.82,7.71,7.73,638665,0.0,0.0
2013-03-15 00:00:00+08:00,7.75,7.79,7.68,7.68,470108,0.0,0.0
2013-03-18 00:00:00+08:00,7.66,7.67,7.48,7.49,1039075,0.0,0.0
2013-03-19 00:00:00+08:00,7.53,7.6,7.52,7.53,339957,0.0,0.0
2013-03-20 00:00:00+08:00,7.51,7.59,7.46,7.5,576790,0.0,0.0
2013-03-21 00:00:00+08:00,7.51,7.58,7.5,7.55,670669,0.0,0.0
2013-03-22 00:00:00+08:00,7.54,7.63,7.54,7.59,453039,0.0,0.0
2013-03-25 00:00:00+08:00,7.61,7.86,7.59,7.76,2462915,0.0,0.0
2013-03-26 00:00:00+08:00,7.76,7.82,7.72,7.73,465130,0.0,0.0
2013-03-27 00:00:00+08:00,7.77,7.77,7.67,7.68,509936,0.0,0.0
2013-03-28 00:00:00+08:00,7.7,7.73,7.65,7.68,281638,0.0,0.0
2013-03-29 00:00:00+08:00,7.75,7.75,7.63,7.65,599548,0.0,0.0
2013-04-01 00:00:00+08:00,7.67,7.7,7.62,7.64,559721,0.0,0.0
2013-04-02 00:00:00+08:00,7.64,7.66,7.62,7.62,341380,0.0,0.0
2013-04-03 00:00:00+08:00,7.64,7.64,7.59,7.59,607372,0.0,0.0
2013-04-08 00:00:00+08:00,7.51,7.52,7.18,7.24,1507051,0.0,0.0
2013-04-09 00:00:00+08:00,7.24,7.29,7.17,7.27,551897,0.0,0.0
2013-04-10 00:00:00+08:00,7.23,7.35,7.23,7.25,757437,0.0,0.0
2013-04-11 00:00:00+08:00,7.28,7.46,7.28,7.37,869097,0.0,0.0
2013-04-12 00:00:00+08:00,7.37,7.54,7.36,7.41,553320,0.0,0.0
2013-04-15 00:00:00+08:00,7.4,7.52,7.32,7.32,470820,0.0,0.0
2013-04-16 00:00:00+08:00,7.3,7.31,7.23,7.25,563988,0.0,0.0
2013-04-17 00:00:00+08:00,7.26,7.37,7.23,7.32,790864,0.0,0.0
2013-04-18 00:00:00+08:00,7.32,7.59,7.27,7.58,1581016,0.0,0.0
2013-04-19 00:00:00+08:00,7.75,7.82,7.71,7.75,2184121,0.0,0.0
2013-04-22 00:00:00+08:00,7.75,8.23,7.75,8.13,4629968,0.0,0.0
2013-04-23 00:00:00+08:00,8.18,8.51,8.13,8.24,6671849,0.0,0.0
2013-04-24 00:00:00+08:00,8.27,8.44,8.19,8.34,5549561,0.0,0.0
2013-04-25 00:00:00+08:00,8.41,8.57,8.35,8.48,4984150,0.0,0.0
2013-04-26 00:00:00+08:00,8.51,8.54,8.23,8.23,3210396,0.0,0.0
2013-04-29 00:00:00+08:00,8.3,8.35,8.2,8.23,1338494,0.0,0.0
2013-04-30 00:00:00+08:00,8.3,8.37,8.21,8.25,1329960,0.0,0.0
2013-05-02 00:00:00+08:00,8.24,8.3,8.19,8.19,1445887,0.0,0.0
2013-05-03 00:00:00+08:00,8.24,8.24,8.0,8.01,1755263,0.0,0.0
2013-05-06 00:00:00+08:00,8.06,8.21,8.06,8.15,1546167,0.0,0.0
2013-05-07 00:00:00+08:00,8.14,8.24,8.11,8.17,1218300,0.0,0.0
2013-05-08 00:00:00+08:00,8.13,8.27,8.13,8.21,1059700,0.0,0.0
2013-05-09 00:00:00+08:00,8.3,8.49,8.25,8.3,2720373,0.0,0.0
2013-05-10 00:00:00+08:00,8.44,8.44,8.31,8.35,1332093,0.0,0.0
2013-05-13 00:00:00+08:00,8.35,8.35,8.21,8.23,1058278,0.0,0.0
2013-05-14 00:00:00+08:00,8.22,8.31,8.21,8.21,1029119,0.0,0.0
2013-05-15 00:00:00+08:00,8.29,8.3,8.19,8.22,1000670,0.0,0.0
2013-05-16 00:00:00+08:00,8.24,8.37,8.24,8.35,2030500,0.0,0.0
2013-05-17 00:00:00+08:00,8.37,8.73,8.37,8.57,3323478,0.0,0.0
2013-05-20 00:00:00+08:00,8.59,8.95,8.51,8.86,3591604,0.0,0.0
2013-05-21 00:00:00+08:00,8.95,9.2,8.94,8.97,4607921,0.0,0.0
2013-05-22 00:00:00+08:00,9.09,9.6,9.02,9.6,8254999,0.0,0.0
2013-05-23 00:00:00+08:00,9.6,9.67,9.16,9.19,6121373,0.0,0.0
2013-05-24 00:00:00+08:00,9.17,9.23,8.74,8.84,4060290,0.0,0.0
2013-05-27 00:00:00+08:00,8.73,9.05,8.71,8.99,2074595,0.0,0.0
2013-05-28 00:00:00+08:00,8.99,9.14,8.96,8.99,1413171,0.0,0.0
2013-05-29 00:00:00+08:00,9.06,9.19,9.02,9.08,1714013,0.0,0.0
2013-05-30 00:00:00+08:00,9.06,9.32,8.95,9.08,2864037,0.0,0.0
2013-05-31 00:00:00+08:00,9.28,9.38,9.09,9.17,2976408,0.0,0.0
2013-06-03 00:00:00+08:00,9.06,9.16,8.96,9.15,1124420,0.0,0.0
2013-06-04 00:00:00+08:00,9.15,9.22,9.04,9.11,1547590,0.0,0.0
2013-06-05 00:00:00+08:00,9.04,9.13,8.97,8.97,1094550,0.0,0.0
2013-06-06 00:00:00+08:00,8.9,8.94,8.82,8.86,1491404,0.0,0.0
2013-06-07 00:00:00+08:00,8.97,9.06,8.78,8.86,1977871,0.0,0.0
2013-06-10 00:00:00+08:00,8.9,8.98,8.9,8.92,735389,0.0,0.0
2013-06-11 00:00:00+08:00,8.94,9.03,8.91,8.91,921726,0.0,0.0
2013-06-13 00:00:00+08:00,8.85,8.85,8.55,8.61,1519853,0.0,0.0
2013-06-14 00:00:00+08:00,8.54,8.68,8.17,8.24,2070328,0.0,0.0
2013-06-17 00:00:00+08:00,8.24,8.44,8.24,8.43,808644,0.0,0.0
2013-06-18 00:00:00+08:00,8.51,8.57,8.46,8.55,1007782,0.0,0.0
2013-06-19 00:00:00+08:00,8.56,8.57,8.42,8.46,1061834,0.0,0.0
2013-06-20 00:00:00+08:00,8.3,8.39,8.1,8.17,2605157,0.0,0.0
2013-06-21 00:00:00+08:00,7.89,8.02,7.89,7.98,1472913,0.0,0.0
2013-06-24 00:00:00+08:00,7.97,8.1,7.97,7.99,1814293,0.0,0.0
2013-06-25 00:00:00+08:00,7.97,8.02,7.82,7.89,734678,0.0,0.0
2013-06-26 00:00:00+08:00,7.95,8.05,7.89,7.97,869097,0.0,0.0
2013-06-27 00:00:00+08:00,8.19,8.41,8.13,8.3,1715435,0.0,0.0
2013-06-28 00:00:00+08:00,8.46,8.46,8.19,8.19,901101,0.0,0.0
2013-07-01 00:00:00+08:00,8.3,8.46,8.22,8.35,1223990,0.0,0.0
2013-07-02 00:00:00+08:00,8.39,8.45,8.34,8.35,448772,0.0,0.0
2013-07-03 00:00:00+08:00,8.37,8.42,8.24,8.25,369117,0.0,0.0
2013-07-04 00:00:00+08:00,8.26,8.32,8.21,8.24,355604,0.0,0.0
2013-07-05 00:00:00+08:00,8.27,8.41,8.26,8.27,778773,0.0,0.0
2013-07-08 00:00:00+08:00,8.3,8.3,8.18,8.21,436682,0.0,0.0
2013-07-09 00:00:00+08:00,8.22,8.24,8.1,8.21,1106640,0.0,0.0
2013-07-10 00:00:00+08:00,8.29,8.3,8.18,8.2,485755,0.0,0.0
2013-07-11 00:00:00+08:00,8.26,8.35,8.21,8.22,812200,0.0,0.0
2013-07-12 00:00:00+08:00,8.22,8.3,8.22,8.25,523449,0.0,0.0
2013-07-15 00:00:00+08:00,8.27,8.39,8.27,8.35,536251,0.0,0.0
2013-07-16 00:00:00+08:00,8.39,8.44,8.34,8.35,559721,0.0,0.0
2013-07-17 00:00:00+08:00,8.35,8.41,8.3,8.32,417479,0.0,0.0
2013-07-18 00:00:00+08:00,8.32,8.32,8.22,8.23,299418,0.0,0.0
2013-07-19 00:00:00+08:00,8.2,8.22,8.07,8.12,773795,0.0,0.0
2013-07-22 00:00:00+08:00,8.13,8.29,8.03,8.24,377651,0.0,0.0
2013-07-23 00:00:00+08:00,8.25,8.32,8.25,8.3,347781,0.0,0.0
2013-07-24 00:00:00+08:00,8.3,8.68,8.21,8.57,2929468,0.0,0.0
2013-07-25 00:00:00+08:00,8.62,8.69,8.51,8.53,1044765,0.0,0.0
2013-07-26 00:00:00+08:00,8.54,8.65,8.38,8.46,715475,0.0,0.0
2013-07-29 00:00:00+08:00,8.46,8.51,8.35,8.38,270259,0.0,0.0
2013-07-30 00:00:00+08:00,8.39,8.46,8.34,8.39,330712,0.0,0.0
2013-07-31 00:00:00+08:00,8.39,8.58,8.34,8.34,1443753,0.0,0.0
2013-08-01 00:00:00+08:00,8.35,8.45,8.35,8.38,346358,0.0,0.0
2013-08-02 00:00:00+08:00,8.5,8.5,8.36,8.36,314354,0.0,0.0
2013-08-05 00:00:00+08:00,8.36,8.41,8.32,8.35,874075,0.0,0.0
2013-08-06 00:00:00+08:00,8.36,8.46,8.36,8.36,498557,0.0,0.0
2013-08-07 00:00:00+08:00,8.3,8.3,8.17,8.19,591725,0.0,0.0
2013-08-08 00:00:00+08:00,8.19,8.24,8.18,8.2,347781,0.0,0.0
2013-08-09 00:00:00+08:00,8.24,8.44,8.24,8.33,1345606,0.0,0.0
2013-08-12 00:00:00+08:00,8.39,8.39,8.23,8.27,640799,0.0,0.0
2013-08-13 00:00:00+08:00,8.29,8.3,8.23,8.25,1005649,0.0,0.0
2013-08-14 00:00:00+08:00,8.25,8.27,8.18,8.2,736812,0.0,0.0
2013-08-15 00:00:00+08:00,8.18,8.33,8.18,8.31,894700,0.0,0.0
2013-08-16 00:00:00+08:00,8.3,8.34,8.27,8.3,476509,0.0,0.0
2013-08-19 00:00:00+08:00,8.31,8.36,8.27,8.33,436682,0.0,0.0
2013-08-20 00:00:00+08:00,8.32,8.34,8.22,8.26,556165,0.0,0.0
2013-08-22 00:00:00+08:00,8.23,8.26,8.21,8.22,334268,0.0,0.0
2013-08-23 00:00:00+08:00,8.21,8.3,8.21,8.25,327867,0.0,0.0
2013-08-26 00:00:00+08:00,8.33,8.37,8.25,8.26,304397,0.0,0.0
2013-08-27 00:00:00+08:00,8.34,8.34,8.13,8.17,661424,0.0,0.0
2013-08-28 00:00:00+08:00,8.11,8.13,8.02,8.03,732544,0.0,0.0
2013-08-29 00:00:00+08:00,8.03,8.15,8.03,8.14,555454,0.0,0.0
2013-08-30 00:00:00+08:00,8.14,8.27,8.1,8.21,2047569,0.0,0.0
2013-09-02 00:00:00+08:00,8.21,8.26,8.14,8.23,413212,0.0,0.0
2013-09-03 00:00:00+08:00,8.27,8.46,8.27,8.36,1568215,0.0,0.0
2013-09-04 00:00:00+08:00,8.41,8.59,8.35,8.45,1358408,0.0,0.0
2013-09-05 00:00:00+08:00,8.47,8.55,8.45,8.48,869808,0.0,0.0
2013-09-06 00:00:00+08:00,8.51,8.82,8.48,8.74,2977830,0.0,0.0
2013-09-09 00:00:00+08:00,8.83,8.83,8.56,8.59,1418861,0.0,0.0
2013-09-10 00:00:00+08:00,8.62,8.63,8.45,8.49,955153,0.0,0.0
2013-09-11 00:00:00+08:00,8.51,8.51,8.35,8.41,829269,0.0,0.0
2013-09-12 00:00:00+08:00,8.35,8.48,8.35,8.45,685605,0.0,0.0
2013-09-13 00:00:00+08:00,8.42,8.46,8.35,8.38,311509,0.0,0.0
2013-09-16 00:00:00+08:00,8.36,8.45,8.36,8.39,938795,0.0,0.0
2013-09-17 00:00:00+08:00,8.37,8.44,8.35,8.39,638665,0.0,0.0
2013-09-18 00:00:00+08:00,8.39,8.45,8.31,8.42,639376,0.0,0.0
2013-09-23 00:00:00+08:00,8.51,8.67,8.49,8.58,1332805,0.0,0.0
2013-09-24 00:00:00+08:00,8.58,8.65,8.51,8.59,945196,0.0,0.0
2013-09-25 00:00:00+08:00,8.59,8.71,8.57,8.71,1047610,0.0,0.0
2013-09-26 00:00:00+08:00,8.68,8.69,8.55,8.55,972933,0.0,0.0
2013-09-27 00:00:00+08:00,8.57,8.93,8.55,8.73,8966919,0.0,0.0
2013-09-30 00:00:00+08:00,8.73,8.74,8.63,8.67,1188429,0.0,0.0
2013-10-01 00:00:00+08:00,8.69,8.74,8.65,8.66,1140067,0.0,0.0
2013-10-02 00:00:00+08:00,8.73,8.73,8.67,8.71,945907,0.0,0.0
2013-10-03 00:00:00+08:00,8.73,9.22,8.73,8.98,4324149,0.0,0.0
2013-10-04 00:00:00+08:00,8.98,9.06,8.86,8.86,1935198,0.0,0.0
2013-10-07 00:00:00+08:00,8.87,8.93,8.81,8.82,2159229,0.0,0.0
2013-10-08 00:00:00+08:00,8.82,8.89,8.79,8.82,1322848,0.0,0.0
2013-10-09 00:00:00+08:00,8.81,8.85,8.66,8.66,1684853,0.0,0.0
2013-10-11 00:00:00+08:00,8.79,8.82,8.66,8.66,1408193,0.0,0.0
2013-10-14 00:00:00+08:00,8.72,8.73,8.47,8.54,1566792,0.0,0.0
2013-10-15 00:00:00+08:00,8.56,8.68,8.55,8.58,547630,0.0,0.0
2013-10-16 00:00:00+08:00,8.58,8.61,8.54,8.54,745346,0.0,0.0
2013-10-17 00:00:00+08:00,8.58,8.66,8.58,8.62,702674,0.0,0.0
2013-10-18 00:00:00+08:00,8.71,8.79,8.65,8.79,1883280,0.0,0.0
2013-10-21 00:00:00+08:00,8.83,8.83,8.77,8.77,1145757,0.0,0.0
2013-10-22 00:00:00+08:00,8.77,8.93,8.71,8.79,3438694,0.0,0.0
2013-10-23 00:00:00+08:00,8.81,8.81,8.63,8.63,1289421,0.0,0.0
2013-10-24 00:00:00+08:00,8.63,8.75,8.61,8.69,487889,0.0,0.0
2013-10-25 00:00:00+08:00,8.71,8.74,8.59,8.6,1214744,0.0,0.0
2013-10-28 00:00:00+08:00,8.62,8.7,8.56,8.57,618751,0.0,0.0
2013-10-29 00:00:00+08:00,8.57,8.65,8.57,8.62,450195,0.0,0.0
2013-10-30 00:00:00+08:00,8.62,8.69,8.58,8.69,689872,0.0,0.0
2013-10-31 00:00:00+08:00,8.68,8.68,8.58,8.58,721876,0.0,0.0
2013-11-01 00:00:00+08:00,8.58,8.63,8.47,8.5,1281598,0.0,0.0
2013-11-04 00:00:00+08:00,8.51,8.51,8.37,8.37,1339206,0.0,0.0
2013-11-05 00:00:00+08:00,8.38,8.42,8.26,8.26,1482158,0.0,0.0
2013-11-06 00:00:00+08:00,8.27,8.31,8.14,8.2,1758107,0.0,0.0
2013-11-07 00:00:00+08:00,8.19,8.36,8.19,8.25,795131,0.0,0.0
2013-11-08 00:00:00+08:00,8.21,8.24,8.09,8.11,1438064,0.0,0.0
2013-11-11 00:00:00+08:00,8.12,8.22,8.12,8.15,527005,0.0,0.0
2013-11-12 00:00:00+08:00,8.23,8.23,8.09,8.1,837803,0.0,0.0
2013-11-13 00:00:00+08:00,8.1,8.19,8.05,8.05,842071,0.0,0.0
2013-11-14 00:00:00+08:00,8.18,8.18,8.09,8.13,797264,0.0,0.0
2013-11-15 00:00:00+08:00,8.15,8.22,8.12,8.13,1167093,0.0,0.0
2013-11-18 00:00:00+08:00,8.19,8.21,8.1,8.1,985735,0.0,0.0
2013-11-19 00:00:00+08:00,8.17,8.19,8.09,8.1,541229,0.0,0.0
2013-11-20 00:00:00+08:00,8.11,8.17,8.1,8.1,554742,0.0,0.0
2013-11-21 00:00:00+08:00,8.1,8.1,7.95,7.96,1233947,0.0,0.0
2013-11-22 00:00:00+08:00,8.02,8.02,7.92,7.92,1460822,0.0,0.0
2013-11-25 00:00:00+08:00,7.95,8.03,7.95,8.03,642221,0.0,0.0
2013-11-26 00:00:00+08:00,8.19,8.24,8.05,8.21,566122,0.0,0.0
2013-11-27 00:00:00+08:00,8.14,8.2,8.13,8.17,426014,0.0,0.0
2013-11-28 00:00:00+08:00,8.19,8.43,8.19,8.3,1099528,0.0,0.0
2013-11-29 00:00:00+08:00,8.41,8.41,8.29,8.34,819312,0.0,0.0
2013-12-02 00:00:00+08:00,8.38,8.44,8.32,8.37,331423,0.0,0.0
2013-12-03 00:00:00+08:00,8.32,8.42,8.32,8.35,418190,0.0,0.0
2013-12-04 00:00:00+08:00,8.32,8.42,8.32,8.36,514915,0.0,0.0
2013-12-05 00:00:00+08:00,8.36,8.46,8.34,8.35,807933,0.0,0.0
2013-12-06 00:00:00+08:00,8.33,8.43,8.33,8.35,485044,0.0,0.0
2013-12-09 00:00:00+08:00,8.41,8.49,8.38,8.46,827135,0.0,0.0
2013-12-10 00:00:00+08:00,8.46,8.65,8.41,8.41,1853409,0.0,0.0
2013-12-11 00:00:00+08:00,8.46,8.51,8.36,8.38,957286,0.0,0.0
2013-12-12 00:00:00+08:00,8.35,8.46,8.34,8.42,803665,0.0,0.0
2013-12-13 00:00:00+08:00,8.42,8.49,8.35,8.41,480777,0.0,0.0
2013-12-16 00:00:00+08:00,8.43,8.56,8.42,8.5,861273,0.0,0.0
2013-12-17 00:00:00+08:00,8.61,8.61,8.44,8.48,482910,0.0,0.0
2013-12-18 00:00:00+08:00,8.48,8.51,8.41,8.42,780195,0.0,0.0
2013-12-19 00:00:00+08:00,8.51,8.51,8.42,8.42,477932,0.0,0.0
2013-12-20 00:00:00+08:00,8.5,8.5,8.42,8.43,370539,0.0,0.0
2013-12-23 00:00:00+08:00,8.44,8.59,8.44,8.48,1140778,0.0,0.0
2013-12-24 00:00:00+08:00,8.48,8.55,8.48,8.51,738234,0.0,0.0
2013-12-25 00:00:00+08:00,8.56,8.58,8.51,8.54,507091,0.0,0.0
2013-12-26 00:00:00+08:00,8.57,8.61,8.55,8.57,627997,0.0,0.0
2013-12-27 00:00:00+08:00,8.57,8.7,8.57,8.65,1036942,0.0,0.0
2013-12-30 00:00:00+08:00,8.65,8.77,8.62,8.71,2007742,0.0,0.0
2013-12-31 00:00:00+08:00,8.75,8.82,8.71,8.73,1842030,0.0,0.0
2014-01-02 00:00:00+08:00,8.74,8.9,8.74,8.79,1571060,0.0,0.0
2014-01-03 00:00:00+08:00,8.83,8.83,8.69,8.71,1165671,0.0,0.0
2014-01-06 00:00:00+08:00,8.73,8.8,8.66,8.72,1221145,0.0,0.0
2014-01-07 00:00:00+08:00,8.63,8.78,8.63,8.77,1145046,0.0,0.0
2014-01-08 00:00:00+08:00,8.81,8.94,8.77,8.91,2169897,0.0,0.0
2014-01-09 00:00:00+08:00,8.91,9.1,8.91,8.92,2805718,0.0,0.0
2014-01-10 00:00:00+08:00,9.01,9.06,8.95,8.98,1888259,0.0,0.0
2014-01-13 00:00:00+08:00,9.09,9.43,9.09,9.3,9170325,0.0,0.0
2014-01-14 00:00:00+08:00,9.28,9.33,9.17,9.3,2659209,0.0,0.0
2014-01-15 00:00:00+08:00,9.33,9.48,9.26,9.32,2967162,0.0,0.0
2014-01-16 00:00:00+08:00,9.39,9.45,9.28,9.28,1680586,0.0,0.0
2014-01-17 00:00:00+08:00,9.38,9.38,9.06,9.08,2158518,0.0,0.0
2014-01-20 00:00:00+08:00,9.08,9.19,9.08,9.17,1370499,0.0,0.0
2014-01-21 00:00:00+08:00,9.48,9.8,9.48,9.8,12753394,0.0,0.0
2014-01-22 00:00:00+08:00,9.81,9.94,9.56,9.66,10827441,0.0,0.0
2014-01-23 00:00:00+08:00,9.61,9.72,9.52,9.61,2554661,0.0,0.0
2014-01-24 00:00:00+08:00,9.52,9.61,9.38,9.4,2215415,0.0,0.0
2014-01-27 00:00:00+08:00,9.18,9.33,9.17,9.33,2302893,0.0,0.0
2014-02-05 00:00:00+08:00,9.17,9.35,9.17,9.18,1665650,0.0,0.0
2014-02-06 00:00:00+08:00,9.23,9.41,9.18,9.33,1986405,0.0,0.0
2014-02-07 00:00:00+08:00,9.48,9.9,9.41,9.67,6282106,0.0,0.0
2014-02-10 00:00:00+08:00,9.72,9.8,9.49,9.52,4623567,0.0,0.0
2014-02-11 00:00:00+08:00,9.64,9.72,9.5,9.62,3177680,0.0,0.0
2014-02-12 00:00:00+08:00,9.75,9.77,9.57,9.62,3110826,0.0,0.0
2014-02-13 00:00:00+08:00,9.72,9.72,9.51,9.52,2282268,0.0,0.0
2014-02-14 00:00:00+08:00,9.55,10.15,9.55,9.99,9389377,0.0,0.0
2014-02-17 00:00:00+08:00,10.04,10.1,9.84,9.88,6173291,0.0,0.0
2014-02-18 00:00:00+08:00,9.88,10.03,9.85,9.88,2567463,0.0,0.0
2014-02-19 00:00:00+08:00,9.99,10.15,9.92,9.92,5511156,0.0,0.0
2014-02-20 00:00:00+08:00,10.01,10.04,9.89,9.91,2253109,0.0,0.0
2014-02-21 00:00:00+08:00,10.02,10.44,10.02,10.17,9648257,0.0,0.0
2014-02-24 00:00:00+08:00,10.24,10.35,10.17,10.17,3588759,0.0,0.0
2014-02-25 00:00:00+08:00,10.24,10.33,10.21,10.21,2514834,0.0,0.0
2014-02-26 00:00:00+08:00,10.32,10.32,10.1,10.15,2505588,0.0,0.0
2014-02-27 00:00:00+08:00,10.15,10.23,10.0,10.02,3098736,0.0,0.0
2014-03-03 00:00:00+08:00,10.0,10.0,9.89,9.91,1996362,0.0,0.0
2014-03-04 00:00:00+08:00,9.91,10.12,9.91,9.94,2225372,0.0,0.0
2014-03-05 00:00:00+08:00,10.06,10.15,9.93,9.96,2784382,0.0,0.0
2014-03-06 00:00:00+08:00,10.03,10.03,9.91,9.92,2226083,0.0,0.0
2014-03-07 00:00:00+08:00,9.96,10.03,9.64,9.66,3317788,0.0,0.0
2014-03-10 00:00:00+08:00,9.66,9.75,9.61,9.69,1857677,0.0,0.0
2014-03-11 00:00:00+08:00,9.73,9.79,9.72,9.77,1652849,0.0,0.0
2014-03-12 00:00:00+08:00,9.77,9.77,9.67,9.7,1557547,0.0,0.0
2014-03-13 00:00:00+08:00,9.7,9.77,9.63,9.64,1864078,0.0,0.0
2014-03-14 00:00:00+08:00,9.62,9.79,9.61,9.7,1543322,0.0,0.0
2014-03-17 00:00:00+08:00,9.73,9.84,9.72,9.76,951597,0.0,0.0
2014-03-18 00:00:00+08:00,9.82,9.86,9.79,9.8,1370499,0.0,0.0
2014-03-19 00:00:00+08:00,9.85,9.85,9.62,9.63,2176298,0.0,0.0
2014-03-20 00:00:00+08:00,9.63,9.67,9.57,9.57,2137893,0.0,0.0
2014-03-21 00:00:00+08:00,9.58,9.77,9.58,9.77,1105929,0.0,0.0
2014-03-24 00:00:00+08:00,9.77,9.78,9.56,9.6,1478602,0.0,0.0
2014-03-25 00:00:00+08:00,9.6,9.77,9.6,9.68,938795,0.0,0.0
2014-03-26 00:00:00+08:00,9.72,9.79,9.72,9.74,714053,0.0,0.0
2014-03-27 00:00:00+08:00,9.74,9.89,9.74,9.74,1070369,0.0,0.0
2014-03-28 00:00:00+08:00,9.74,9.77,9.48,9.52,1569637,0.0,0.0
2014-03-31 00:00:00+08:00,9.55,9.65,9.53,9.65,884743,0.0,0.0
2014-04-01 00:00:00+08:00,9.64,9.67,9.63,9.65,773795,0.0,0.0
2014-04-02 00:00:00+08:00,9.67,9.74,9.62,9.64,1610887,0.0,0.0
2014-04-03 00:00:00+08:00,9.66,9.74,9.66,9.68,790152,0.0,0.0
2014-04-07 00:00:00+08:00,9.68,9.8,9.68,9.73,691294,0.0,0.0
2014-04-08 00:00:00+08:00,9.73,9.97,9.73,9.9,2336320,0.0,0.0
2014-04-09 00:00:00+08:00,10.04,10.04,9.9,9.98,2557506,0.0,0.0
2014-04-10 00:00:00+08:00,10.04,10.04,9.86,9.91,1650715,0.0,0.0
2014-04-11 00:00:00+08:00,9.88,9.91,9.74,9.75,1395391,0.0,0.0
2014-04-14 00:00:00+08:00,9.75,9.92,9.75,9.75,1743172,0.0,0.0
2014-04-15 00:00:00+08:00,9.75,9.93,9.75,9.86,1633646,0.0,0.0
2014-04-16 00:00:00+08:00,9.88,9.94,9.86,9.92,1018450,0.0,0.0
2014-04-17 00:00:00+08:00,9.97,9.97,9.85,9.89,1191985,0.0,0.0
2014-04-18 00:00:00+08:00,9.89,9.94,9.86,9.9,996403,0.0,0.0
2014-04-21 00:00:00+08:00,9.91,9.99,9.9,9.92,1329960,0.0,0.0
2014-04-22 00:00:00+08:00,9.93,10.06,9.93,9.99,1550435,0.0,0.0
2014-04-23 00:00:00+08:00,10.08,10.69,10.05,10.39,9267049,0.0,0.0
2014-04-24 00:00:00+08:00,10.39,10.48,10.22,10.24,2801451,0.0,0.0
2014-04-25 00:00:00+08:00,10.26,10.37,9.75,9.82,3854751,0.0,0.0
2014-04-28 00:00:00+08:00,9.8,9.92,9.67,9.82,1846297,0.0,0.0
2014-04-29 00:00:00+08:00,9.91,9.97,9.82,9.85,1322848,0.0,0.0
2014-04-30 00:00:00+08:00,9.93,9.96,9.81,9.82,1259550,0.0,0.0
2014-05-02 00:00:00+08:00,9.85,9.92,9.84,9.88,1337072,0.0,0.0
2014-05-05 00:00:00+08:00,9.89,10.04,9.89,10.01,985024,0.0,0.0
2014-05-06 00:00:00+08:00,10.03,10.06,9.97,9.99,1081748,0.0,0.0
2014-05-07 00:00:00+08:00,9.99,10.02,9.94,9.99,593148,0.0,0.0
2014-05-08 00:00:00+08:00,9.99,10.02,9.94,9.96,1518430,0.0,0.0
2014-05-09 00:00:00+08:00,10.01,10.04,9.96,10.04,819312,0.0,0.0
2014-05-12 00:00:00+08:00,10.13,10.37,10.04,10.05,2047569,0.0,0.0
2014-05-13 00:00:00+08:00,10.06,10.17,9.9,9.94,1418150,0.0,0.0
2014-05-14 00:00:00+08:00,9.94,10.0,9.92,9.94,642221,0.0,0.0
2014-05-15 00:00:00+08:00,9.93,10.04,9.91,9.97,1215455,0.0,0.0
2014-05-16 00:00:00+08:00,9.97,9.99,9.91,9.92,1270218,0.0,0.0
2014-05-19 00:00:00+08:00,9.94,10.1,9.93,10.03,1249593,0.0,0.0
2014-05-20 00:00:00+08:00,10.13,10.17,10.04,10.1,869097,0.0,0.0
2014-05-21 00:00:00+08:00,10.1,10.1,10.01,10.04,935950,0.0,0.0
2014-05-22 00:00:00+08:00,10.08,10.35,10.05,10.26,2826343,0.0,0.0
2014-05-23 00:00:00+08:00,10.27,10.59,10.27,10.46,4590141,0.0,0.0
2014-05-26 00:00:00+08:00,10.57,10.58,10.4,10.5,2914533,0.0,0.0
2014-05-27 00:00:00+08:00,10.5,11.19,10.5,11.19,16226226,0.0,0.0
2014-05-28 00:00:00+08:00,11.19,11.24,10.92,11.08,8155430,0.0,0.0
2014-05-29 00:00:00+08:00,11.08,11.46,10.97,11.3,6102170,0.0,0.0
2014-05-30 00:00:00+08:00,11.35,11.63,11.19,11.35,5738031,0.0,0.0
2014-06-03 00:00:00+08:00,11.46,11.57,11.35,11.41,3600849,0.0,0.0
2014-06-04 00:00:00+08:00,11.46,12.17,11.46,12.17,11055028,0.0,0.0
2014-06-05 00:00:00+08:00,12.66,12.99,12.39,12.99,8927091,0.0,0.0
2014-06-06 00:00:00+08:00,13.75,13.86,13.1,13.32,27454079,0.0,0.0
2014-06-09 00:00:00+08:00,13.59,14.25,13.32,14.25,18663539,0.0,0.0
2014-06-10 00:00:00+08:00,14.35,14.9,13.86,14.08,18336383,0.0,0.0
2014-06-11 00:00:00+08:00,14.08,14.19,13.48,13.7,10183797,0.0,0.0
2014-06-12 00:00:00+08:00,13.81,14.41,13.81,13.86,11791129,0.0,0.0
2014-06-13 00:00:00+08:00,13.64,13.86,13.48,13.59,5943571,0.0,0.0
2014-06-16 00:00:00+08:00,13.59,13.81,13.32,13.7,6654779,0.0,0.0
2014-06-17 00:00:00+08:00,13.7,13.92,13.37,13.37,6092213,0.0,0.0
2014-06-18 00:00:00+08:00,13.37,13.81,13.32,13.54,8915712,0.0,0.0
2014-06-19 00:00:00+08:00,13.64,14.03,13.64,13.7,6101459,0.0,0.0
2014-06-20 00:00:00+08:00,13.86,13.92,13.54,13.54,4743762,0.0,0.0
2014-06-23 00:00:00+08:00,13.64,13.7,12.72,12.88,6802711,0.0,0.0
2014-06-24 00:00:00+08:00,12.88,13.15,12.83,12.88,4186885,0.0,0.0
2014-06-25 00:00:00+08:00,12.77,13.04,12.61,12.61,4095851,0.0,0.0
2014-06-26 00:00:00+08:00,12.72,13.21,12.66,13.1,6248679,0.0,0.0
2014-06-27 00:00:00+08:00,13.1,13.21,12.83,12.88,2889641,0.0,0.0
2014-06-30 00:00:00+08:00,12.94,13.32,12.88,12.94,3813501,0.0,0.0
2014-07-01 00:00:00+08:00,12.99,13.26,12.94,13.04,3189771,0.0,0.0
2014-07-02 00:00:00+08:00,13.32,13.32,12.72,12.83,5094388,0.0,0.0
2014-07-03 00:00:00+08:00,12.77,12.99,12.77,12.83,3034016,0.0,0.0
2014-07-04 00:00:00+08:00,12.99,12.99,12.77,12.99,3262314,0.0,0.0
2014-07-07 00:00:00+08:00,13.04,13.32,13.04,13.21,3802121,0.0,0.0
2014-07-08 00:00:00+08:00,13.32,13.92,13.1,13.7,7476937,0.0,0.0
2014-07-09 00:00:00+08:00,13.7,13.92,13.37,13.43,3611517,0.0,0.0
2014-07-10 00:00:00+08:00,13.43,13.64,13.04,13.04,3245956,0.0,0.0
2014-07-11 00:00:00+08:00,12.99,13.26,12.44,12.61,5659087,0.0,0.0
2014-07-14 00:00:00+08:00,12.61,12.77,12.61,12.66,1908884,0.0,0.0
2014-07-15 00:00:00+08:00,12.77,12.88,12.66,12.66,1605909,0.0,0.0
2014-07-16 00:00:00+08:00,12.66,12.83,12.33,12.39,2357656,0.0,0.0
2014-07-17 00:00:00+08:00,12.39,12.61,12.28,12.44,2827054,0.0,0.0
2014-07-18 00:00:00+08:00,12.44,12.72,12.28,12.55,1858388,0.0,0.0
2014-07-21 00:00:00+08:00,12.66,12.77,12.5,12.61,1750995,0.0,0.0
2014-07-22 00:00:00+08:00,12.61,12.77,12.61,12.72,1471490,0.0,0.0
2014-07-23 00:00:00+08:00,12.72,12.72,12.72,12.72,0,0.0,0.0
2014-07-24 00:00:00+08:00,12.83,12.83,12.5,12.61,1354141,0.0,0.0
2014-07-25 00:00:00+08:00,12.61,12.77,12.44,12.61,2451536,0.0,0.0
2014-07-28 00:00:00+08:00,12.66,12.66,12.28,12.44,2031212,0.0,0.0
2014-07-29 00:00:00+08:00,12.55,12.77,12.17,12.17,5641307,0.0,0.0
2014-07-30 00:00:00+08:00,12.28,12.33,12.17,12.28,1253149,0.0,0.0
2014-07-31 00:00:00+08:00,12.33,12.33,12.17,12.23,1031963,0.0,0.0
2014-08-01 00:00:00+08:00,12.12,12.12,11.41,11.84,5136349,0.0,0.0
2014-08-04 00:00:00+08:00,11.79,12.06,11.73,11.95,1172071,0.0,0.0
2014-08-05 00:00:00+08:00,12.06,12.06,11.68,11.73,857717,0.0,0.0
2014-08-06 00:00:00+08:00,11.68,12.01,11.57,11.84,4376778,0.0,0.0
2014-08-07 00:00:00+08:00,11.84,12.06,11.73,11.79,1630801,0.0,0.0
2014-08-08 00:00:00+08:00,12.12,12.28,11.79,11.95,2142871,0.0,0.0
2014-08-11 00:00:00+08:00,12.01,12.17,12.01,12.17,1144334,0.0,0.0
2014-08-12 00:00:00+08:00,12.17,12.17,12.01,12.01,862696,0.0,0.0
2014-08-13 00:00:00+08:00,12.44,12.83,12.39,12.83,5883829,0.0,0.0
2014-08-14 00:00:00+08:00,13.21,13.32,12.99,13.1,8558685,0.0,0.0
2014-08-15 00:00:00+08:00,13.1,13.15,12.61,12.72,3368284,0.0,0.0
2014-08-18 00:00:00+08:00,12.72,12.72,12.28,12.5,2569597,0.0,0.0
2014-08-19 00:00:00+08:00,12.5,13.04,12.44,12.88,2371169,0.0,0.0
2014-08-20 00:00:00+08:00,12.94,13.1,12.72,12.72,3022637,0.0,0.0
2014-08-21 00:00:00+08:00,12.83,13.04,12.66,12.72,1651426,0.0,0.0
2014-08-22 00:00:00+08:00,12.77,13.1,12.77,12.83,3350504,0.0,0.0
2014-08-25 00:00:00+08:00,12.99,13.1,12.88,12.99,1933776,0.0,0.0
2014-08-26 00:00:00+08:00,13.1,13.1,12.83,12.88,1824250,0.0,0.0
2014-08-27 00:00:00+08:00,12.94,13.37,12.88,13.21,4717447,0.0,0.0
2014-08-28 00:00:00+08:00,13.32,13.37,12.99,12.99,1934487,0.0,0.0
2014-08-29 00:00:00+08:00,12.99,13.21,12.88,12.88,2027656,0.0,0.0
2014-09-01 00:00:00+08:00,12.94,13.21,12.94,13.04,1952267,0.0,0.0
2014-09-02 00:00:00+08:00,13.1,13.32,12.94,12.99,2142871,0.0,0.0
2014-09-03 00:00:00+08:00,13.04,13.15,12.88,12.94,1168515,0.0,0.0
2014-09-04 00:00:00+08:00,12.94,13.32,12.88,13.32,2503454,0.0,0.0
2014-09-05 00:00:00+08:00,13.43,13.54,13.1,13.15,7062302,0.0,0.0
2014-09-09 00:00:00+08:00,13.15,13.21,12.94,12.99,1236791,0.0,0.0
2014-09-10 00:00:00+08:00,12.99,13.04,12.44,12.72,2999878,0.0,0.0
2014-09-11 00:00:00+08:00,12.83,12.88,12.66,12.77,1571771,0.0,0.0
2014-09-12 00:00:00+08:00,12.77,12.77,12.23,12.28,3649211,0.0,0.0
2014-09-15 00:00:00+08:00,12.5,12.5,12.33,12.39,1262395,0.0,0.0
2014-09-16 00:00:00+08:00,12.55,12.61,12.33,12.39,1668495,0.0,0.0
2014-09-17 00:00:00+08:00,12.44,12.66,12.39,12.44,1662094,0.0,0.0
2014-09-18 00:00:00+08:00,12.5,12.61,12.5,12.55,613061,0.0,0.0
2014-09-19 00:00:00+08:00,12.66,12.77,12.5,12.77,1620844,0.0,0.0
2014-09-22 00:00:00+08:00,12.72,12.72,12.44,12.44,911058,0.0,0.0
2014-09-23 00:00:00+08:00,12.33,12.55,12.33,12.44,824290,0.0,0.0
2014-09-24 00:00:00+08:00,12.44,12.55,12.44,12.44,631553,0.0,0.0
2014-09-25 00:00:00+08:00,12.55,12.55,12.23,12.28,1390413,0.0,0.0
2014-09-26 00:00:00+08:00,12.23,12.39,12.06,12.39,588880,0.0,0.0
2014-09-29 00:00:00+08:00,12.44,12.5,12.39,12.39,669958,0.0,0.0
2014-09-30 00:00:00+08:00,12.39,12.55,12.12,12.55,1691254,0.0,0.0
2014-10-01 00:00:00+08:00,12.55,12.66,12.28,12.44,881187,0.0,0.0
2014-10-02 00:00:00+08:00,12.28,12.55,12.28,12.5,652178,0.0,0.0
2014-10-03 00:00:00+08:00,12.5,12.99,12.44,12.83,2977119,0.0,0.0
2014-10-06 00:00:00+08:00,12.94,12.94,12.55,12.55,884743,0.0,0.0
2014-10-07 00:00:00+08:00,12.5,12.61,12.39,12.39,1001381,0.0,0.0
2014-10-08 00:00:00+08:00,12.33,12.5,12.33,12.44,618040,0.0,0.0
2014-10-09 00:00:00+08:00,12.61,12.88,12.44,12.72,3529017,0.0,0.0
2014-10-13 00:00:00+08:00,12.44,12.5,11.84,11.84,2424510,0.0,0.0
2014-10-14 00:00:00+08:00,11.73,11.95,11.35,11.68,1576038,0.0,0.0
2014-10-15 00:00:00+08:00,11.63,11.68,10.87,10.89,3169857,0.0,0.0
2014-10-16 00:00:00+08:00,10.37,10.69,10.15,10.5,3066732,0.0,0.0
2014-10-17 00:00:00+08:00,10.66,10.81,10.37,10.39,2112289,0.0,0.0
2014-10-20 00:00:00+08:00,10.5,10.84,10.5,10.76,1142912,0.0,0.0
2014-10-21 00:00:00+08:00,10.8,11.03,10.7,10.87,746769,0.0,0.0
2014-10-22 00:00:00+08:00,11.03,11.52,10.97,11.24,2073173,0.0,0.0
2014-10-23 00:00:00+08:00,11.24,11.52,11.24,11.41,1406059,0.0,0.0
2014-10-24 00:00:00+08:00,11.52,11.52,11.08,11.13,1465801,0.0,0.0
2014-10-27 00:00:00+08:00,11.24,11.35,10.72,10.84,978623,0.0,0.0
2014-10-28 00:00:00+08:00,10.89,11.13,10.89,11.08,1167093,0.0,0.0
2014-10-29 00:00:00+08:00,11.3,11.35,11.13,11.24,833536,0.0,0.0
2014-10-30 00:00:00+08:00,11.35,11.46,11.19,11.35,778773,0.0,0.0
2014-10-31 00:00:00+08:00,11.35,11.63,11.3,11.46,927416,0.0,0.0
2014-11-03 00:00:00+08:00,11.57,11.63,11.41,11.46,1102373,0.0,0.0
2014-11-04 00:00:00+08:00,11.57,11.68,11.41,11.46,913903,0.0,0.0
2014-11-05 00:00:00+08:00,11.46,11.68,11.46,11.52,886166,0.0,0.0
2014-11-06 00:00:00+08:00,11.52,11.68,11.24,11.35,837803,0.0,0.0
2014-11-07 00:00:00+08:00,11.46,11.63,11.3,11.63,854161,0.0,0.0
2014-11-10 00:00:00+08:00,11.63,11.73,11.52,11.57,770239,0.0,0.0
2014-11-11 00:00:00+08:00,11.63,11.95,11.57,11.95,3053930,0.0,0.0
2014-11-12 00:00:00+08:00,12.12,12.23,11.84,12.06,2139315,0.0,0.0
2014-11-13 00:00:00+08:00,12.12,12.12,11.68,11.79,1353430,0.0,0.0
2014-11-14 00:00:00+08:00,11.9,11.95,11.79,11.79,869097,0.0,0.0
2014-11-17 00:00:00+08:00,11.95,11.95,11.68,11.79,541229,0.0,0.0
2014-11-18 00:00:00+08:00,11.57,11.68,11.24,11.57,1138645,0.0,0.0
2014-11-19 00:00:00+08:00,11.57,11.63,11.46,11.57,753881,0.0,0.0
2014-11-20 00:00:00+08:00,11.68,12.01,11.68,12.01,2096643,0.0,0.0
2014-11-21 00:00:00+08:00,12.23,12.83,12.23,12.44,6516094,0.0,0.0
2014-11-24 00:00:00+08:00,12.44,12.55,12.33,12.39,1838474,0.0,0.0
2014-11-25 00:00:00+08:00,12.33,12.55,12.33,12.39,985735,0.0,0.0
2014-11-26 00:00:00+08:00,12.44,12.99,12.39,12.61,3053219,0.0,0.0
2014-11-27 00:00:00+08:00,12.66,12.83,12.61,12.66,2245285,0.0,0.0
2014-11-28 00:00:00+08:00,12.77,12.83,12.55,12.55,1482158,0.0,0.0
2014-12-01 00:00:00+08:00,12.01,12.66,12.01,12.61,1433085,0.0,0.0
2014-12-02 00:00:00+08:00,12.55,13.26,12.5,13.1,3558888,0.0,0.0
2014-12-03 00:00:00+08:00,13.1,13.32,12.99,13.15,3894578,0.0,0.0
2014-12-04 00:00:00+08:00,13.21,13.54,13.21,13.32,2910977,0.0,0.0
2014-12-05 00:00:00+08:00,13.43,13.43,13.21,13.32,1661383,0.0,0.0
2014-12-08 00:00:00+08:00,13.43,13.81,13.32,13.59,3641388,0.0,0.0
2014-12-09 00:00:00+08:00,13.64,13.7,13.32,13.48,2870438,0.0,0.0
2014-12-10 00:00:00+08:00,13.48,13.54,13.04,13.04,3104426,0.0,0.0
2014-12-11 00:00:00+08:00,12.88,13.37,12.83,13.21,2049703,0.0,0.0
2014-12-12 00:00:00+08:00,13.32,13.32,13.1,13.15,1024140,0.0,0.0
2014-12-15 00:00:00+08:00,12.99,13.26,12.88,13.21,3337702,0.0,0.0
2014-12-16 00:00:00+08:00,13.1,13.32,13.1,13.15,1495671,0.0,0.0
2014-12-17 00:00:00+08:00,13.15,13.26,12.88,12.99,1689120,0.0,0.0
2014-12-18 00:00:00+08:00,13.1,13.21,12.99,12.99,1211188,0.0,0.0
2014-12-19 00:00:00+08:00,13.21,13.32,12.88,13.1,2170609,0.0,0.0
2014-12-22 00:00:00+08:00,13.15,13.43,13.04,13.32,5387406,0.0,0.0
2014-12-23 00:00:00+08:00,13.37,13.43,13.26,13.26,956575,0.0,0.0
2014-12-24 00:00:00+08:00,13.37,13.43,13.21,13.26,1494960,0.0,0.0
2014-12-25 00:00:00+08:00,13.37,13.81,13.37,13.43,4260140,0.0,0.0
2014-12-26 00:00:00+08:00,13.54,13.54,13.26,13.37,1526965,0.0,0.0
2014-12-29 00:00:00+08:00,13.32,13.59,13.32,13.37,1883280,0.0,0.0
2014-12-30 00:00:00+08:00,13.37,13.54,13.26,13.26,837803,0.0,0.0
2014-12-31 00:00:00+08:00,13.26,13.37,13.21,13.26,679915,0.0,0.0
2015-01-05 00:00:00+08:00,13.32,13.32,13.15,13.32,1136511,0.0,0.0
2015-01-06 00:00:00+08:00,13.15,13.21,12.94,12.94,1451576,0.0,0.0
2015-01-07 00:00:00+08:00,12.94,12.99,12.61,12.77,1773754,0.0,0.0
2015-01-08 00:00:00+08:00,12.88,13.04,12.88,12.94,1169227,0.0,0.0
2015-01-09 00:00:00+08:00,13.04,13.1,12.94,13.04,680626,0.0,0.0
2015-01-12 00:00:00+08:00,13.04,13.04,12.83,12.83,684182,0.0,0.0
2015-01-13 00:00:00+08:00,12.83,12.99,12.83,12.88,568255,0.0,0.0
2015-01-14 00:00:00+08:00,12.88,13.37,12.66,13.21,3063887,0.0,0.0
2015-01-15 00:00:00+08:00,13.21,13.64,12.99,13.59,6614241,0.0,0.0
2015-01-16 00:00:00+08:00,13.75,13.92,13.1,13.1,10182375,0.0,0.0
2015-01-19 00:00:00+08:00,13.21,13.32,12.88,13.04,1546878,0.0,0.0
2015-01-20 00:00:00+08:00,13.04,13.21,13.04,13.1,1142912,0.0,0.0
2015-01-21 00:00:00+08:00,13.1,13.21,12.99,12.99,820023,0.0,0.0
2015-01-22 00:00:00+08:00,13.04,13.15,13.04,13.04,914614,0.0,0.0
2015-01-23 00:00:00+08:00,13.15,13.26,13.04,13.04,1150024,0.0,0.0
2015-01-26 00:00:00+08:00,13.04,13.64,12.99,13.59,5329798,0.0,0.0
2015-01-27 00:00:00+08:00,13.75,14.03,13.59,13.7,9417825,0.0,0.0
2015-01-28 00:00:00+08:00,13.54,13.75,13.32,13.7,2745265,0.0,0.0
2015-01-29 00:00:00+08:00,13.7,13.81,13.59,13.64,2706149,0.0,0.0
2015-01-30 00:00:00+08:00,13.86,13.92,13.43,13.43,3021214,0.0,0.0
2015-02-02 00:00:00+08:00,13.48,13.7,13.32,13.43,2924490,0.0,0.0
2015-02-03 00:00:00+08:00,13.54,13.64,13.37,13.43,1794379,0.0,0.0
2015-02-04 00:00:00+08:00,13.59,13.64,13.43,13.48,1943022,0.0,0.0
2015-02-05 00:00:00+08:00,13.54,13.59,13.43,13.54,1705478,0.0,0.0
2015-02-06 00:00:00+08:00,13.75,14.46,13.64,14.46,20110848,0.0,0.0
2015-02-09 00:00:00+08:00,14.85,15.45,14.85,15.45,33424676,0.0,0.0
2015-02-10 00:00:00+08:00,15.77,16.16,15.39,15.66,24962003,0.0,0.0
2015-02-11 00:00:00+08:00,15.72,16.1,15.5,15.94,12308889,0.0,0.0
2015-02-12 00:00:00+08:00,15.83,16.05,15.61,15.94,7235837,0.0,0.0
2015-02-13 00:00:00+08:00,15.94,16.05,15.5,15.61,7278510,0.0,0.0
2015-02-24 00:00:00+08:00,16.32,16.7,16.16,16.7,4334105,0.0,0.0
2015-02-25 00:00:00+08:00,17.36,17.36,16.59,16.65,16248274,0.0,0.0
2015-02-26 00:00:00+08:00,16.7,16.97,16.59,16.92,7111375,0.0,0.0
2015-03-02 00:00:00+08:00,16.92,16.92,16.1,16.37,8140495,0.0,0.0
2015-03-03 00:00:00+08:00,16.48,16.48,16.05,16.21,7282066,0.0,0.0
2015-03-04 00:00:00+08:00,16.05,16.48,15.94,16.21,5194668,0.0,0.0
2015-03-05 00:00:00+08:00,16.37,16.87,16.26,16.54,9922072,0.0,0.0
2015-03-06 00:00:00+08:00,16.48,16.48,16.16,16.21,5624238,0.0,0.0
2015-03-09 00:00:00+08:00,16.16,16.26,15.88,16.05,3912359,0.0,0.0
2015-03-10 00:00:00+08:00,16.16,16.54,15.99,16.05,4725981,0.0,0.0
2015-03-11 00:00:00+08:00,15.88,16.1,15.88,15.88,2972141,0.0,0.0
2015-03-12 00:00:00+08:00,15.88,16.16,15.66,15.83,4475636,0.0,0.0
2015-03-13 00:00:00+08:00,15.99,16.32,15.94,16.1,4661973,0.0,0.0
2015-03-16 00:00:00+08:00,16.1,16.16,15.83,15.83,3177680,0.0,0.0
2015-03-17 00:00:00+08:00,15.94,16.05,14.85,15.17,11090588,0.0,0.0
2015-03-18 00:00:00+08:00,15.23,15.5,15.01,15.39,5012599,0.0,0.0
2015-03-19 00:00:00+08:00,15.45,15.77,15.45,15.72,4841197,0.0,0.0
2015-03-20 00:00:00+08:00,15.83,15.83,15.56,15.72,4377489,0.0,0.0
2015-03-23 00:00:00+08:00,15.72,15.94,15.61,15.72,4514752,0.0,0.0
2015-03-24 00:00:00+08:00,15.72,16.1,15.72,15.77,4546046,0.0,0.0
2015-03-25 00:00:00+08:00,15.77,15.99,15.77,15.94,3785052,0.0,0.0
2015-03-26 00:00:00+08:00,15.83,16.16,15.77,16.16,6669004,0.0,0.0
2015-03-27 00:00:00+08:00,16.26,16.26,15.39,15.45,8756401,0.0,0.0
2015-03-30 00:00:00+08:00,15.45,15.61,14.95,15.28,3317077,0.0,0.0
2015-03-31 00:00:00+08:00,15.5,15.66,15.45,15.56,1987117,0.0,0.0
2015-04-01 00:00:00+08:00,15.5,15.56,15.23,15.28,2139315,0.0,0.0
2015-04-02 00:00:00+08:00,15.28,15.61,15.28,15.61,2109445,0.0,0.0
2015-04-07 00:00:00+08:00,15.88,15.88,15.61,15.77,2553239,0.0,0.0
2015-04-08 00:00:00+08:00,15.83,16.59,15.83,16.32,8010343,0.0,0.0
2015-04-09 00:00:00+08:00,16.48,16.48,15.94,15.99,3861863,0.0,0.0
2015-04-10 00:00:00+08:00,16.05,16.32,15.94,16.05,2341299,0.0,0.0
2015-04-13 00:00:00+08:00,16.05,16.37,16.05,16.37,2630049,0.0,0.0
2015-04-14 00:00:00+08:00,16.37,16.59,16.32,16.48,2166341,0.0,0.0
2015-04-15 00:00:00+08:00,16.37,16.37,15.83,15.83,4521153,0.0,0.0
2015-04-16 00:00:00+08:00,15.99,15.99,15.72,15.83,1492115,0.0,0.0
2015-04-17 00:00:00+08:00,15.83,15.83,15.28,15.45,3186926,0.0,0.0
2015-04-20 00:00:00+08:00,15.34,15.39,15.17,15.28,2217548,0.0,0.0
2015-04-21 00:00:00+08:00,15.28,15.45,14.41,14.74,4088027,0.0,0.0
2015-04-22 00:00:00+08:00,14.74,15.17,14.63,15.17,1701922,0.0,0.0
2015-04-23 00:00:00+08:00,15.23,15.5,15.23,15.28,2274445,0.0,0.0
2015-04-24 00:00:00+08:00,15.28,15.45,14.95,15.39,2007031,0.0,0.0
2015-04-27 00:00:00+08:00,15.28,15.39,15.12,15.12,1495671,0.0,0.0
2015-04-28 00:00:00+08:00,15.06,15.06,14.74,14.85,2469316,0.0,0.0
2015-04-29 00:00:00+08:00,15.72,15.72,15.12,15.39,5654109,0.0,0.0
2015-04-30 00:00:00+08:00,15.28,15.45,14.85,15.45,3592315,0.0,0.0
2015-05-04 00:00:00+08:00,15.45,15.45,15.17,15.34,1081748,0.0,0.0
2015-05-05 00:00:00+08:00,15.23,15.28,14.85,14.9,2278712,0.0,0.0
2015-05-06 00:00:00+08:00,14.79,15.12,14.74,15.06,1211899,0.0,0.0
2015-05-07 00:00:00+08:00,14.95,15.39,14.95,15.23,1482870,0.0,0.0
2015-05-08 00:00:00+08:00,15.34,15.39,15.01,15.12,1472913,0.0,0.0
2015-05-11 00:00:00+08:00,15.23,15.28,14.41,14.41,2876839,0.0,0.0
2015-05-12 00:00:00+08:00,14.35,14.35,13.75,14.08,3304275,0.0,0.0
2015-05-13 00:00:00+08:00,14.08,14.3,13.97,14.3,2829188,0.0,0.0
2015-05-14 00:00:00+08:00,14.35,14.63,14.35,14.52,2083130,0.0,0.0
2015-05-15 00:00:00+08:00,14.52,14.52,14.08,14.19,2799317,0.0,0.0
2015-05-18 00:00:00+08:00,14.19,14.3,13.32,13.75,2930179,0.0,0.0
2015-05-19 00:00:00+08:00,13.81,14.3,13.81,14.3,5109323,0.0,0.0
2015-05-20 00:00:00+08:00,14.3,14.46,14.03,14.3,1758107,0.0,0.0
2015-05-21 00:00:00+08:00,14.3,14.95,14.08,14.9,3989880,0.0,0.0
2015-05-22 00:00:00+08:00,15.28,15.94,15.17,15.94,8282736,0.0,0.0
2015-05-25 00:00:00+08:00,15.94,16.48,15.56,15.56,10566427,0.0,0.0
2015-05-26 00:00:00+08:00,15.72,16.21,15.56,16.05,4898805,0.0,0.0
2015-05-27 00:00:00+08:00,16.21,16.26,15.61,16.16,3635698,0.0,0.0
2015-05-28 00:00:00+08:00,16.16,16.26,15.88,15.99,2511989,0.0,0.0
2015-05-29 00:00:00+08:00,16.1,16.1,15.66,15.94,2698325,0.0,0.0
2015-06-01 00:00:00+08:00,16.05,16.65,15.94,16.48,5673311,0.0,0.0
2015-06-02 00:00:00+08:00,16.76,17.08,16.21,16.26,8152585,0.0,0.0
2015-06-03 00:00:00+08:00,16.37,17.03,15.94,16.81,11372227,0.0,0.0
2015-06-04 00:00:00+08:00,16.81,16.87,15.34,15.34,9734313,0.0,0.0
2015-06-05 00:00:00+08:00,15.39,16.43,15.34,16.21,8006787,0.0,0.0
2015-06-08 00:00:00+08:00,16.37,17.03,15.94,16.59,7512497,0.0,0.0
2015-06-09 00:00:00+08:00,16.48,16.76,14.95,15.61,6355361,0.0,0.0
2015-06-10 00:00:00+08:00,15.61,16.05,15.61,15.83,3504836,0.0,0.0
2015-06-11 00:00:00+08:00,16.05,16.05,15.56,15.61,2395350,0.0,0.0
2015-06-12 00:00:00+08:00,15.61,15.77,14.74,14.74,6154089,0.0,0.0
2015-06-15 00:00:00+08:00,14.74,14.9,14.19,14.52,4613610,0.0,0.0
2015-06-16 00:00:00+08:00,14.52,14.57,14.03,14.14,3696151,0.0,0.0
2015-06-17 00:00:00+08:00,14.19,14.35,14.14,14.14,1856254,0.0,0.0
2015-06-18 00:00:00+08:00,14.19,14.9,14.19,14.35,4504796,0.0,0.0
2015-06-22 00:00:00+08:00,14.52,14.85,14.35,14.74,3277249,0.0,0.0
2015-06-23 00:00:00+08:00,14.85,15.17,14.63,14.68,2044013,0.0,0.0
2015-06-24 00:00:00+08:00,15.01,15.01,14.52,14.52,3324189,0.0,0.0
2015-06-25 00:00:00+08:00,14.52,14.74,14.41,14.41,1970048,0.0,0.0
2015-06-26 00:00:00+08:00,14.52,14.74,14.25,14.3,1817849,0.0,0.0
2015-06-29 00:00:00+08:00,14.14,14.14,13.64,13.64,3046106,0.0,0.0
2015-06-30 00:00:00+08:00,13.54,13.81,13.37,13.7,2295070,0.0,0.0
2015-07-01 00:00:00+08:00,13.75,14.03,13.75,13.97,1031252,0.0,0.0
2015-07-02 00:00:00+08:00,14.08,14.14,13.86,13.86,982890,0.0,0.0
2015-07-03 00:00:00+08:00,13.92,13.97,13.54,13.7,1379744,0.0,0.0
2015-07-06 00:00:00+08:00,13.43,13.59,13.21,13.21,1832784,0.0,0.0
2015-07-07 00:00:00+08:00,13.32,13.59,13.26,13.32,1338494,0.0,0.0
2015-07-08 00:00:00+08:00,13.43,13.43,12.01,12.33,3834837,0.0,0.0
2015-07-09 00:00:00+08:00,12.06,12.23,11.57,12.23,3413090,0.0,0.0
2015-07-10 00:00:00+08:00,12.23,12.23,12.23,12.23,0,0.0,0.0
2015-07-13 00:00:00+08:00,12.33,12.66,12.33,12.66,2475717,0.0,0.0
2015-07-14 00:00:00+08:00,12.78,13.23,12.78,12.78,2403174,0.42,0.0
2015-07-15 00:00:00+08:00,12.89,12.89,12.22,12.27,2554661,0.0,0.0
2015-07-16 00:00:00+08:00,12.33,12.5,12.22,12.38,1564659,0.0,0.0
2015-07-17 00:00:00+08:00,12.38,12.38,11.99,12.05,2068194,0.0,0.0
2015-07-20 00:00:00+08:00,12.1,12.22,11.66,11.71,2009875,0.0,0.0
2015-07-21 00:00:00+08:00,11.71,11.88,11.54,11.77,1288710,0.0,0.0
2015-07-22 00:00:00+08:00,11.71,11.88,11.66,11.66,1123709,0.0,0.0
2015-07-23 00:00:00+08:00,11.66,11.71,11.26,11.32,1563236,0.0,0.0
2015-07-24 00:00:00+08:00,11.32,11.43,11.17,11.21,1901772,0.0,0.0
2015-07-27 00:00:00+08:00,11.19,11.26,10.5,10.5,2122958,0.0,0.0
2015-07-28 00:00:00+08:00,10.5,10.92,10.5,10.68,1858388,0.0,0.0
2015-07-29 00:00:00+08:00,10.85,10.86,10.6,10.78,1871190,0.0,0.0
2015-07-30 00:00:00+08:00,11.82,11.82,11.82,11.82,909635,0.0,0.0
2015-07-31 00:00:00+08:00,12.5,12.72,12.22,12.27,6423637,0.0,0.0
2015-08-03 00:00:00+08:00,12.33,12.38,11.99,11.99,2528347,0.0,0.0
2015-08-04 00:00:00+08:00,12.1,12.55,11.94,12.05,3278672,0.0,0.0
2015-08-05 00:00:00+08:00,12.22,12.44,11.99,12.33,2106600,0.0,0.0
2015-08-06 00:00:00+08:00,12.44,12.55,12.16,12.22,1850565,0.0,0.0
2015-08-07 00:00:00+08:00,12.33,13.39,12.27,13.39,8126270,0.0,0.0
2015-08-10 00:00:00+08:00,13.39,13.62,13.06,13.62,5241608,0.0,0.0
2015-08-11 00:00:00+08:00,13.67,13.73,13.23,13.28,4419450,0.0,0.0
2015-08-12 00:00:00+08:00,13.28,13.62,13.23,13.56,3231021,0.0,0.0
2015-08-13 00:00:00+08:00,13.73,14.29,13.62,13.67,5501199,0.0,0.0
2015-08-14 00:00:00+08:00,13.67,13.79,13.62,13.79,2140027,0.0,0.0
2015-08-17 00:00:00+08:00,13.84,13.84,13.62,13.79,1504917,0.0,0.0
2015-08-18 00:00:00+08:00,13.84,13.95,13.51,13.51,2002052,0.0,0.0
2015-08-19 00:00:00+08:00,13.51,13.51,13.11,13.34,3235288,0.0,0.0
2015-08-20 00:00:00+08:00,13.34,13.45,13.23,13.23,1695521,0.0,0.0
2015-08-21 00:00:00+08:00,12.95,12.95,12.33,12.33,3377530,0.0,0.0
2015-08-24 00:00:00+08:00,11.94,12.1,11.19,11.38,5020422,0.0,0.0
2015-08-25 00:00:00+08:00,11.38,12.05,11.26,11.82,3092335,0.0,0.0
2015-08-26 00:00:00+08:00,11.66,11.94,11.54,11.94,1814293,0.0,0.0
2015-08-27 00:00:00+08:00,12.1,12.5,12.05,12.44,2519812,0.0,0.0
2015-08-28 00:00:00+08:00,12.61,12.95,12.61,12.66,2317829,0.0,0.0
2015-08-31 00:00:00+08:00,12.66,12.83,12.61,12.78,1423128,0.0,0.0
2015-09-01 00:00:00+08:00,12.66,12.89,12.55,12.61,1960802,0.0,0.0
2015-09-02 00:00:00+08:00,12.33,13.0,12.27,13.0,2061082,0.0,0.0
2015-09-03 00:00:00+08:00,13.06,13.28,12.95,13.23,1811448,0.0,0.0
2015-09-04 00:00:00+08:00,13.23,13.34,12.89,12.89,1392546,0.0,0.0
2015-09-07 00:00:00+08:00,12.78,12.95,12.72,12.83,832825,0.0,0.0
2015-09-08 00:00:00+08:00,13.45,14.07,13.45,13.67,4940766,0.0,0.0
2015-09-09 00:00:00+08:00,13.73,13.9,13.62,13.73,2899597,0.0,0.0
2015-09-10 00:00:00+08:00,13.79,14.51,13.73,14.51,5813420,0.0,0.0
2015-09-11 00:00:00+08:00,14.51,14.51,14.23,14.46,2938714,0.0,0.0
2015-09-14 00:00:00+08:00,14.57,14.91,14.46,14.51,3492034,0.0,0.0
2015-09-15 00:00:00+08:00,14.57,14.63,14.29,14.29,1324981,0.0,0.0
2015-09-16 00:00:00+08:00,14.46,14.63,14.35,14.63,1780866,0.0,0.0
2015-09-17 00:00:00+08:00,14.85,14.91,14.51,14.57,4004816,0.0,0.0
2015-09-18 00:00:00+08:00,14.63,14.85,14.57,14.68,3440116,0.0,0.0
2015-09-21 00:00:00+08:00,14.57,14.74,14.4,14.63,3477099,0.0,0.0
2015-09-22 00:00:00+08:00,14.63,14.85,14.51,14.57,2969296,0.0,0.0
2015-09-23 00:00:00+08:00,14.57,14.57,14.57,14.57,0,0.0,0.0
2015-10-05 00:00:00+08:00,13.32,13.32,12.86,13.14,3592318,0.0,0.0
2015-10-06 00:00:00+08:00,13.51,14.01,13.42,13.78,6405621,0.0,0.0
2015-10-07 00:00:00+08:00,13.78,13.97,13.65,13.78,2561727,0.0,0.0
2015-10-08 00:00:00+08:00,13.83,13.87,13.37,13.42,2197377,0.0,0.0
2015-10-12 00:00:00+08:00,13.51,13.74,13.51,13.6,1473882,0.0,0.0
2015-10-13 00:00:00+08:00,13.74,13.78,13.55,13.6,1361107,0.0,0.0
2015-10-14 00:00:00+08:00,13.65,13.69,13.55,13.6,1230982,0.0,0.0
2015-10-15 00:00:00+08:00,13.74,13.83,13.6,13.65,1329010,0.0,0.0
2015-10-16 00:00:00+08:00,13.69,14.01,13.69,13.87,3415348,0.0,0.0
2015-10-19 00:00:00+08:00,13.87,14.01,13.74,13.83,1432242,0.0,0.0
2015-10-20 00:00:00+08:00,13.83,13.97,13.78,13.97,1585790,0.0,0.0
2015-10-21 00:00:00+08:00,14.06,14.84,14.01,14.47,6900096,0.0,0.0
2015-10-22 00:00:00+08:00,14.43,14.79,14.2,14.52,3709430,0.0,0.0
2015-10-23 00:00:00+08:00,14.98,15.94,14.79,15.67,15276677,0.0,0.0
2015-10-26 00:00:00+08:00,15.71,17.23,15.71,17.23,15785032,0.0,0.0
2015-10-27 00:00:00+08:00,17.23,17.69,17.0,17.46,9001181,0.0,0.0
2015-10-28 00:00:00+08:00,17.41,17.46,16.36,17.04,9002049,0.0,0.0
2015-10-29 00:00:00+08:00,17.14,17.6,16.77,16.77,5073140,0.0,0.0
2015-10-30 00:00:00+08:00,16.77,16.82,15.85,16.54,6286773,0.0,0.0
2015-11-02 00:00:00+08:00,16.54,17.23,16.54,16.91,3807458,0.0,0.0
2015-11-03 00:00:00+08:00,17.0,17.04,16.72,16.91,2885305,0.0,0.0
2015-11-04 00:00:00+08:00,17.0,17.23,16.91,17.04,3456120,0.0,0.0
2015-11-05 00:00:00+08:00,17.04,17.32,16.91,17.04,3490820,0.0,0.0
2015-11-06 00:00:00+08:00,17.04,17.09,16.63,16.95,1918042,0.0,0.0
2015-11-09 00:00:00+08:00,16.95,17.04,16.08,16.17,3594053,0.0,0.0
2015-11-10 00:00:00+08:00,16.03,16.77,15.85,16.59,2926945,0.0,0.0
2015-11-11 00:00:00+08:00,16.54,16.54,16.08,16.13,1867727,0.0,0.0
2015-11-12 00:00:00+08:00,16.13,16.49,15.53,15.76,2706600,0.0,0.0
2015-11-13 00:00:00+08:00,15.67,16.49,15.57,16.4,2897450,0.0,0.0
2015-11-16 00:00:00+08:00,16.13,16.86,16.13,16.54,3389323,0.0,0.0
2015-11-17 00:00:00+08:00,16.72,17.09,16.68,16.91,4033008,0.0,0.0
2015-11-18 00:00:00+08:00,16.91,17.27,16.72,16.82,2164412,0.0,0.0
2015-11-19 00:00:00+08:00,17.04,17.04,16.82,16.86,1571042,0.0,0.0
2015-11-20 00:00:00+08:00,16.86,17.0,16.45,16.54,1548487,0.0,0.0
2015-11-23 00:00:00+08:00,16.68,16.68,15.94,16.13,2441145,0.0,0.0
2015-11-24 00:00:00+08:00,16.13,16.31,16.03,16.13,1018445,0.0,0.0
2015-11-25 00:00:00+08:00,16.13,16.22,15.62,15.8,2401240,0.0,0.0
2015-11-26 00:00:00+08:00,15.71,16.03,15.71,15.99,1330745,0.0,0.0
2015-11-27 00:00:00+08:00,15.99,16.08,15.76,15.85,892657,0.0,0.0
2015-11-30 00:00:00+08:00,15.71,16.03,15.62,15.85,1092182,0.0,0.0
2015-12-01 00:00:00+08:00,15.9,16.63,15.9,16.59,1914572,0.0,0.0
2015-12-02 00:00:00+08:00,16.68,16.95,16.26,16.36,2471507,0.0,0.0
2015-12-03 00:00:00+08:00,16.22,16.77,16.17,16.63,1722855,0.0,0.0
2015-12-04 00:00:00+08:00,16.54,18.15,16.49,17.5,9744629,0.0,0.0
2015-12-07 00:00:00+08:00,17.92,18.06,17.55,17.6,4341838,0.0,0.0
2015-12-08 00:00:00+08:00,17.78,18.38,17.41,17.41,4789468,0.0,0.0
2015-12-09 00:00:00+08:00,17.46,17.73,16.54,16.77,4394755,0.0,0.0
2015-12-10 00:00:00+08:00,16.54,17.23,16.22,17.09,2548715,0.0,0.0
2015-12-11 00:00:00+08:00,17.27,18.1,16.59,16.91,6451598,0.0,0.0
2015-12-14 00:00:00+08:00,16.59,17.64,16.54,17.32,3090035,0.0,0.0
2015-12-15 00:00:00+08:00,17.78,17.87,17.46,17.55,3386720,0.0,0.0
2015-12-16 00:00:00+08:00,17.83,18.19,17.5,17.64,5951051,0.0,0.0
2015-12-17 00:00:00+08:00,17.92,19.2,17.83,18.93,13388129,0.0,0.0
2015-12-18 00:00:00+08:00,18.74,19.57,18.61,18.79,8725316,0.0,0.0
2015-12-21 00:00:00+08:00,18.74,19.3,18.61,19.16,3507303,0.0,0.0
2015-12-22 00:00:00+08:00,19.02,19.07,18.06,18.15,4370465,0.0,0.0
2015-12-23 00:00:00+08:00,18.19,18.38,17.96,18.01,2231210,0.0,0.0
2015-12-24 00:00:00+08:00,18.24,18.42,17.69,17.96,3494290,0.0,0.0
2015-12-25 00:00:00+08:00,18.15,18.56,17.87,18.29,2536570,0.0,0.0
2015-12-28 00:00:00+08:00,18.29,18.47,18.01,18.24,1276092,0.0,0.0
2015-12-29 00:00:00+08:00,18.24,18.24,17.87,17.92,1416627,0.0,0.0
2015-12-30 00:00:00+08:00,17.96,18.52,17.96,18.01,1533740,0.0,0.0
2015-12-31 00:00:00+08:00,18.1,18.33,18.01,18.29,1456532,0.0,0.0
2016-01-04 00:00:00+08:00,18.29,18.33,17.46,17.46,1933657,0.0,0.0
2016-01-05 00:00:00+08:00,17.14,18.01,17.04,17.69,2893980,0.0,0.0
2016-01-06 00:00:00+08:00,17.78,17.83,17.04,17.27,2258970,0.0,0.0
2016-01-07 00:00:00+08:00,17.09,17.41,16.08,16.26,3599258,0.0,0.0
2016-01-08 00:00:00+08:00,16.03,16.77,15.94,16.77,1574512,0.0,0.0
2016-01-11 00:00:00+08:00,16.54,16.54,15.99,16.13,1487762,0.0,0.0
2016-01-12 00:00:00+08:00,15.85,16.63,15.85,16.36,2462832,0.0,0.0
2016-01-13 00:00:00+08:00,16.4,16.63,15.9,15.94,1593597,0.0,0.0
2016-01-14 00:00:00+08:00,15.67,15.94,15.44,15.76,1742807,0.0,0.0
2016-01-15 00:00:00+08:00,16.08,16.08,15.21,15.25,1841702,0.0,0.0
2016-01-18 00:00:00+08:00,14.89,15.67,14.61,15.62,2808965,0.0,0.0
2016-01-19 00:00:00+08:00,15.57,16.82,15.57,16.59,2904390,0.0,0.0
2016-01-20 00:00:00+08:00,16.36,16.49,15.9,16.08,1723722,0.0,0.0
2016-01-21 00:00:00+08:00,16.08,16.31,15.71,15.71,1833895,0.0,0.0
2016-01-22 00:00:00+08:00,15.9,16.17,15.8,15.99,1424435,0.0,0.0
2016-01-25 00:00:00+08:00,16.22,16.4,16.13,16.31,940370,0.0,0.0
2016-01-26 00:00:00+08:00,16.22,16.31,15.99,16.31,613322,0.0,0.0
2016-01-27 00:00:00+08:00,16.45,16.54,16.13,16.13,765135,0.0,0.0
2016-01-28 00:00:00+08:00,16.08,17.0,16.03,16.54,1939730,0.0,0.0
2016-01-29 00:00:00+08:00,16.63,17.23,16.54,17.14,2085470,0.0,0.0
2016-02-01 00:00:00+08:00,17.5,17.5,17.18,17.18,1342022,0.0,0.0
2016-02-02 00:00:00+08:00,17.18,17.18,16.82,17.0,966395,0.0,0.0
2016-02-03 00:00:00+08:00,16.95,17.0,16.4,16.4,2159207,0.0,0.0
2016-02-15 00:00:00+08:00,16.36,17.69,16.36,17.64,3235775,0.0,0.0
2016-02-16 00:00:00+08:00,17.83,18.19,17.64,17.87,3438770,0.0,0.0
2016-02-17 00:00:00+08:00,17.87,17.87,17.5,17.73,1344625,0.0,0.0
2016-02-18 00:00:00+08:00,17.78,18.01,17.64,17.78,1489497,0.0,0.0
2016-02-19 00:00:00+08:00,17.87,18.24,17.87,17.92,2577342,0.0,0.0
2016-02-22 00:00:00+08:00,18.01,18.06,17.73,17.87,1760157,0.0,0.0
2016-02-23 00:00:00+08:00,17.92,18.1,17.69,17.69,1461737,0.0,0.0
2016-02-24 00:00:00+08:00,17.69,17.73,17.5,17.55,868367,0.0,0.0
2016-02-25 00:00:00+08:00,17.64,17.92,17.6,17.92,1086977,0.0,0.0
2016-02-26 00:00:00+08:00,18.24,19.11,18.24,18.97,7686918,0.0,0.0
2016-03-01 00:00:00+08:00,19.62,20.67,19.62,20.54,11473556,0.0,0.0
2016-03-02 00:00:00+08:00,20.58,20.63,19.85,19.94,5262255,0.0,0.0
2016-03-03 00:00:00+08:00,20.26,21.04,19.94,20.86,6808141,0.0,0.0
2016-03-04 00:00:00+08:00,21.13,22.19,20.86,20.86,10214814,0.0,0.0
2016-03-07 00:00:00+08:00,20.95,21.32,20.44,20.9,3953198,0.0,0.0
2016-03-08 00:00:00+08:00,20.9,21.32,20.22,21.32,3755408,0.0,0.0
2016-03-09 00:00:00+08:00,21.0,22.47,21.0,22.1,10357084,0.0,0.0
2016-03-10 00:00:00+08:00,23.43,24.3,22.51,24.3,31603897,0.0,0.0
2016-03-11 00:00:00+08:00,24.63,25.91,24.35,25.27,19210790,0.0,0.0
2016-03-14 00:00:00+08:00,25.27,26.0,24.81,25.73,9015929,0.0,0.0
2016-03-15 00:00:00+08:00,25.73,25.77,24.81,25.04,7152538,0.0,0.0
2016-03-16 00:00:00+08:00,25.13,25.87,25.13,25.73,5837408,0.0,0.0
2016-03-17 00:00:00+08:00,25.82,26.46,23.8,24.21,15337402,0.0,0.0
2016-03-18 00:00:00+08:00,23.89,24.3,23.61,24.3,6346631,0.0,0.0
2016-03-21 00:00:00+08:00,24.49,24.86,24.35,24.76,3571498,0.0,0.0
2016-03-22 00:00:00+08:00,24.81,25.22,24.63,24.81,2829785,0.0,0.0
2016-03-23 00:00:00+08:00,24.72,24.81,23.8,24.12,3079625,0.0,0.0
2016-03-24 00:00:00+08:00,24.12,24.12,23.25,23.52,3550678,0.0,0.0
2016-03-25 00:00:00+08:00,23.52,23.71,23.11,23.71,1920645,0.0,0.0
2016-03-28 00:00:00+08:00,23.61,23.66,22.79,22.79,3049263,0.0,0.0
2016-03-29 00:00:00+08:00,22.65,23.34,22.6,22.97,3392793,0.0,0.0
2016-03-30 00:00:00+08:00,23.34,25.27,23.06,25.27,9568526,0.0,0.0
2016-03-31 00:00:00+08:00,24.99,24.99,23.89,23.89,6610351,0.0,0.0
2016-04-01 00:00:00+08:00,23.25,23.57,22.88,22.97,3725045,0.0,0.0
2016-04-06 00:00:00+08:00,22.97,23.16,22.74,22.79,3294765,0.0,0.0
2016-04-07 00:00:00+08:00,22.97,23.34,22.6,22.6,2803760,0.0,0.0
2016-04-08 00:00:00+08:00,22.79,23.34,22.7,23.25,2553920,0.0,0.0
2016-04-11 00:00:00+08:00,23.48,24.3,23.34,23.98,5178975,0.0,0.0
2016-04-12 00:00:00+08:00,24.26,24.49,23.71,24.44,4871013,0.0,0.0
2016-04-13 00:00:00+08:00,24.76,24.76,24.07,24.07,4284583,0.0,0.0
2016-04-14 00:00:00+08:00,24.35,26.33,24.26,25.82,10119389,0.0,0.0
2016-04-15 00:00:00+08:00,25.54,26.1,24.95,25.73,4655873,0.0,0.0
2016-04-18 00:00:00+08:00,25.64,25.64,24.63,24.63,2316225,0.0,0.0
2016-04-19 00:00:00+08:00,24.9,24.95,24.17,24.21,1608345,0.0,0.0
2016-04-20 00:00:00+08:00,24.58,24.81,24.26,24.76,2027347,0.0,0.0
2016-04-21 00:00:00+08:00,24.9,24.9,23.84,24.07,3025840,0.0,0.0
2016-04-22 00:00:00+08:00,23.89,23.94,21.69,21.78,8155368,0.0,0.0
2016-04-25 00:00:00+08:00,21.5,23.16,20.95,22.83,5094828,0.0,0.0
2016-04-26 00:00:00+08:00,22.6,22.7,22.24,22.42,1787917,0.0,0.0
2016-04-27 00:00:00+08:00,22.24,24.17,22.1,23.57,4596883,0.0,0.0
2016-04-28 00:00:00+08:00,24.99,25.64,24.4,24.99,11731204,0.0,0.0
2016-04-29 00:00:00+08:00,24.72,25.27,24.3,24.35,4257690,0.0,0.0
2016-05-03 00:00:00+08:00,24.44,25.09,24.07,24.99,3182858,0.0,0.0
2016-05-04 00:00:00+08:00,24.63,24.76,24.07,24.17,2293670,0.0,0.0
2016-05-05 00:00:00+08:00,23.98,24.53,23.75,24.35,1811340,0.0,0.0
2016-05-06 00:00:00+08:00,24.35,24.35,23.52,23.52,1482557,0.0,0.0
2016-05-09 00:00:00+08:00,23.8,23.98,23.11,23.16,1339420,0.0,0.0
2016-05-10 00:00:00+08:00,23.25,25.45,23.25,24.81,5926761,0.0,0.0
2016-05-11 00:00:00+08:00,24.63,25.27,24.3,25.13,4742623,0.0,0.0
2016-05-12 00:00:00+08:00,24.99,25.22,24.44,24.58,2323165,0.0,0.0
2016-05-13 00:00:00+08:00,24.81,24.95,24.35,24.63,2335310,0.0,0.0
2016-05-16 00:00:00+08:00,24.81,27.06,24.49,26.65,12989947,0.0,0.0
2016-05-17 00:00:00+08:00,26.78,26.78,25.45,26.28,7298278,0.0,0.0
2016-05-18 00:00:00+08:00,26.23,27.38,25.77,26.37,6448128,0.0,0.0
2016-05-19 00:00:00+08:00,26.23,26.83,25.59,25.73,3750203,0.0,0.0
2016-05-20 00:00:00+08:00,25.73,26.0,24.99,25.54,2986803,0.0,0.0
2016-05-23 00:00:00+08:00,25.54,26.14,25.41,26.05,3794445,0.0,0.0
2016-05-24 00:00:00+08:00,26.05,28.16,26.05,27.66,14184494,0.0,0.0
2016-05-25 00:00:00+08:00,27.57,28.39,26.92,27.47,8904021,0.0,0.0
2016-05-26 00:00:00+08:00,27.66,28.71,27.52,28.48,7749378,0.0,0.0
2016-05-27 00:00:00+08:00,28.48,28.94,28.16,28.62,4019995,0.0,0.0
2016-05-30 00:00:00+08:00,28.16,28.94,28.12,28.76,2512280,0.0,0.0
2016-05-31 00:00:00+08:00,28.71,29.68,28.16,28.9,6303256,0.0,0.0
2016-06-01 00:00:00+08:00,28.67,29.22,28.58,28.71,2441145,0.0,0.0
2016-06-02 00:00:00+08:00,28.81,29.45,27.89,27.98,3463928,0.0,0.0
2016-06-03 00:00:00+08:00,28.07,28.12,27.15,27.8,2659755,0.0,0.0
2016-06-06 00:00:00+08:00,27.75,28.16,27.66,27.66,1543282,0.0,0.0
2016-06-07 00:00:00+08:00,27.93,28.48,27.8,28.35,1977032,0.0,0.0
2016-06-08 00:00:00+08:00,28.3,29.04,28.26,28.3,2893113,0.0,0.0
2016-06-13 00:00:00+08:00,27.43,27.8,27.15,27.52,2009997,0.0,0.0
2016-06-14 00:00:00+08:00,27.52,27.8,27.38,27.66,1799195,0.0,0.0
2016-06-15 00:00:00+08:00,27.75,28.67,27.38,28.67,2432470,0.0,0.0
2016-06-16 00:00:00+08:00,28.44,28.48,27.47,27.47,4157928,0.0,0.0
2016-06-17 00:00:00+08:00,27.7,28.26,27.7,28.12,2441145,0.0,0.0
2016-06-20 00:00:00+08:00,28.16,28.71,28.16,28.3,1635237,0.0,0.0
2016-06-21 00:00:00+08:00,28.39,28.67,28.21,28.3,1742807,0.0,0.0
2016-06-22 00:00:00+08:00,28.35,28.81,28.07,28.07,2222535,0.0,0.0
2016-06-23 00:00:00+08:00,27.84,28.07,27.57,27.57,2175690,0.0,0.0
2016-06-24 00:00:00+08:00,27.75,27.75,26.0,26.51,3820470,0.0,0.0
2016-06-27 00:00:00+08:00,26.51,27.2,26.51,26.65,2946030,0.0,0.0
2016-06-28 00:00:00+08:00,26.51,26.56,26.0,26.33,344397,0.0,0.0
2016-06-29 00:00:00+08:00,26.56,27.24,26.51,26.88,2996345,0.0,0.0
2016-06-30 00:00:00+08:00,27.06,27.11,26.69,26.88,2144460,0.0,0.0
2016-07-01 00:00:00+08:00,27.11,27.2,26.33,26.33,1575380,0.0,0.0
2016-07-04 00:00:00+08:00,26.33,27.06,26.33,26.92,1175462,0.0,0.0
2016-07-05 00:00:00+08:00,27.01,27.15,26.6,26.65,929092,0.0,0.0
2016-07-06 00:00:00+08:00,26.46,26.46,26.0,26.05,1472147,0.0,0.0
2016-07-07 00:00:00+08:00,26.14,26.56,26.05,26.14,1627430,0.0,0.0
2016-07-08 00:00:00+08:00,26.14,26.14,26.14,26.14,0,0.0,0.0
2016-07-11 00:00:00+08:00,26.33,26.74,26.33,26.56,2140990,0.0,0.0
2016-07-12 00:00:00+08:00,26.65,26.92,26.37,26.88,1996985,0.0,0.0
2016-07-13 00:00:00+08:00,27.57,28.3,27.2,27.34,3745865,0.0,0.0
2016-07-14 00:00:00+08:00,27.2,27.34,26.74,27.01,2158340,0.0,0.0
2016-07-15 00:00:00+08:00,27.01,27.98,27.01,27.75,4242943,0.0,0.0
2016-07-18 00:00:00+08:00,27.99,28.08,26.95,27.33,3692080,0.87,0.0
2016-07-19 00:00:00+08:00,27.42,27.42,26.86,26.95,1534607,0.0,0.0
2016-07-20 00:00:00+08:00,27.05,27.47,26.86,27.0,1572777,0.0,0.0
2016-07-21 00:00:00+08:00,27.19,27.52,27.19,27.33,851885,0.0,0.0
2016-07-22 00:00:00+08:00,27.33,27.56,27.09,27.47,1014975,0.0,0.0
2016-07-25 00:00:00+08:00,27.66,27.75,27.05,27.05,847547,0.0,0.0
2016-07-26 00:00:00+08:00,27.05,27.33,26.9,27.05,1214500,0.0,0.0
2016-07-27 00:00:00+08:00,27.28,29.07,27.23,28.69,6848046,0.0,0.0
2016-07-28 00:00:00+08:00,29.12,29.97,28.93,29.12,7172491,0.0,0.0
2016-07-29 00:00:00+08:00,30.01,31.99,29.82,31.99,12533642,0.0,0.0
2016-08-01 00:00:00+08:00,32.04,33.45,31.43,31.9,10793436,0.0,0.0
2016-08-02 00:00:00+08:00,32.18,32.27,31.76,31.95,4189158,0.0,0.0
2016-08-03 00:00:00+08:00,31.47,31.85,31.14,31.62,2997213,0.0,0.0
2016-08-04 00:00:00+08:00,31.76,31.8,31.14,31.24,2599030,0.0,0.0
2016-08-05 00:00:00+08:00,31.05,31.47,30.67,31.1,2676237,0.0,0.0
2016-08-08 00:00:00+08:00,31.47,32.13,30.91,30.91,3494290,0.0,0.0
2016-08-09 00:00:00+08:00,31.1,31.1,30.11,30.25,2130580,0.0,0.0
2016-08-10 00:00:00+08:00,30.53,30.86,29.82,30.15,5512095,0.0,0.0
2016-08-11 00:00:00+08:00,30.2,31.0,29.82,30.11,5522505,0.0,0.0
2016-08-12 00:00:00+08:00,30.2,30.44,29.82,30.25,1929320,0.0,0.0
2016-08-15 00:00:00+08:00,30.25,30.34,29.78,30.15,1638707,0.0,0.0
2016-08-16 00:00:00+08:00,30.15,30.91,29.64,29.68,4246413,0.0,0.0
2016-08-17 00:00:00+08:00,29.73,29.87,29.26,29.59,1609212,0.0,0.0
2016-08-18 00:00:00+08:00,29.82,31.1,29.59,30.81,4141445,0.0,0.0
2016-08-19 00:00:00+08:00,30.91,30.96,30.25,30.25,2626790,0.0,0.0
2016-08-22 00:00:00+08:00,30.25,30.25,29.45,29.5,2289332,0.0,0.0
2016-08-23 00:00:00+08:00,29.45,30.11,29.45,30.06,2710070,0.0,0.0
2016-08-24 00:00:00+08:00,29.82,29.92,29.12,29.17,2816772,0.0,0.0
2016-08-25 00:00:00+08:00,29.12,29.92,29.07,29.87,3876858,0.0,0.0
2016-08-26 00:00:00+08:00,30.72,31.19,30.01,30.3,10754399,0.0,0.0
2016-08-29 00:00:00+08:00,30.2,30.67,30.11,30.3,4406900,0.0,0.0
2016-08-30 00:00:00+08:00,30.3,31.1,30.25,30.86,4737418,0.0,0.0
2016-08-31 00:00:00+08:00,31.1,33.45,30.86,31.66,16253482,0.0,0.0
2016-09-01 00:00:00+08:00,32.27,32.65,31.14,31.33,7271386,0.0,0.0
2016-09-02 00:00:00+08:00,31.33,31.85,30.81,31.14,3921968,0.0,0.0
2016-09-05 00:00:00+08:00,31.57,33.08,31.43,32.51,5727235,0.0,0.0
2016-09-06 00:00:00+08:00,32.23,32.79,31.76,32.32,4059900,0.0,0.0
2016-09-07 00:00:00+08:00,32.75,33.92,32.75,33.03,5132130,0.0,0.0
2016-09-08 00:00:00+08:00,33.08,34.11,33.08,33.88,5519903,0.0,0.0
2016-09-09 00:00:00+08:00,31.03,31.25,30.51,30.77,4104916,0.0,0.0
2016-09-12 00:00:00+08:00,30.77,30.77,30.77,30.77,0,0.0,0.0
2016-09-23 00:00:00+08:00,34.17,35.69,34.17,35.69,8728458,0.0,0.0
2016-09-26 00:00:00+08:00,35.61,35.91,34.26,35.3,4786725,0.0,0.0
2016-09-27 00:00:00+08:00,35.3,35.3,35.3,35.3,0,0.0,0.0
2016-09-29 00:00:00+08:00,35.26,35.3,33.65,34.17,5053071,0.0,0.0
2016-09-30 00:00:00+08:00,33.47,33.95,33.17,33.86,4927400,0.0,0.0
2016-10-03 00:00:00+08:00,33.56,34.08,33.56,33.99,2585619,0.0,0.0
2016-10-04 00:00:00+08:00,34.08,34.21,33.73,33.99,1628086,0.0,0.0
2016-10-05 00:00:00+08:00,33.99,34.17,33.78,33.82,1025056,0.0,0.0
2016-10-06 00:00:00+08:00,33.99,35.13,33.99,34.74,3225224,0.0,0.0
2016-10-07 00:00:00+08:00,34.6,34.6,33.12,33.17,3759792,0.0,0.0
2016-10-11 00:00:00+08:00,33.3,33.47,30.94,32.51,4646049,0.0,0.0
2016-10-12 00:00:00+08:00,32.51,32.95,31.38,31.95,2935432,0.0,0.0
2016-10-13 00:00:00+08:00,31.95,32.03,31.29,31.47,1818467,0.0,0.0
2016-10-14 00:00:00+08:00,31.47,32.77,31.03,32.03,3531897,0.0,0.0
2016-10-17 00:00:00+08:00,32.16,32.91,31.82,32.43,2219862,0.0,0.0
2016-10-18 00:00:00+08:00,32.43,32.6,32.16,32.6,786846,0.0,0.0
2016-10-19 00:00:00+08:00,32.51,32.64,32.21,32.56,1291402,0.0,0.0
2016-10-20 00:00:00+08:00,32.34,32.64,32.34,32.47,745581,0.0,0.0
2016-10-21 00:00:00+08:00,32.64,34.6,32.64,33.95,6345411,0.0,0.0
2016-10-24 00:00:00+08:00,34.69,34.69,33.65,33.82,3376216,0.0,0.0
2016-10-25 00:00:00+08:00,34.13,34.65,33.91,34.56,2274257,0.0,0.0
2016-10-26 00:00:00+08:00,34.21,35.52,34.17,34.56,3538462,0.0,0.0
2016-10-27 00:00:00+08:00,35.26,35.26,33.6,33.6,4731392,0.0,0.0
2016-10-28 00:00:00+08:00,33.43,33.56,32.95,32.95,2191727,0.0,0.0
2016-10-31 00:00:00+08:00,33.21,33.38,32.86,33.38,1051316,0.0,0.0
2016-11-01 00:00:00+08:00,32.95,34.08,32.95,33.82,3027341,0.0,0.0
2016-11-02 00:00:00+08:00,33.43,33.47,31.73,31.73,3206468,0.0,0.0
2016-11-03 00:00:00+08:00,31.73,32.16,31.34,32.08,1833473,0.0,0.0
2016-11-04 00:00:00+08:00,31.86,32.03,31.07,31.07,3028278,0.0,0.0
2016-11-07 00:00:00+08:00,31.47,31.82,30.9,31.21,3266489,0.0,0.0
2016-11-08 00:00:00+08:00,31.16,31.29,30.07,30.33,3039532,0.0,0.0
2016-11-09 00:00:00+08:00,30.2,30.81,28.33,29.2,6058433,0.0,0.0
2016-11-10 00:00:00+08:00,30.33,31.12,30.2,30.77,2954189,0.0,0.0
2016-11-11 00:00:00+08:00,29.37,30.51,29.37,30.12,1470529,0.0,0.0
2016-11-14 00:00:00+08:00,30.38,30.9,28.81,30.81,2526535,0.0,0.0
2016-11-15 00:00:00+08:00,31.21,31.6,30.9,30.9,1626211,0.0,0.0
2016-11-16 00:00:00+08:00,31.12,31.16,30.55,30.77,2985138,0.0,0.0
2016-11-17 00:00:00+08:00,30.77,31.03,30.25,30.25,1281086,0.0,0.0
2016-11-18 00:00:00+08:00,30.46,30.73,30.07,30.6,1086954,0.0,0.0
2016-11-21 00:00:00+08:00,30.6,31.21,30.29,31.16,1076638,0.0,0.0
2016-11-22 00:00:00+08:00,31.12,31.77,31.07,31.47,2752554,0.0,0.0
2016-11-23 00:00:00+08:00,31.47,32.16,31.25,31.29,1837224,0.0,0.0
2016-11-24 00:00:00+08:00,31.51,31.68,31.29,31.29,522375,0.0,0.0
2016-11-25 00:00:00+08:00,31.34,31.68,31.12,31.12,433281,0.0,0.0
2016-11-28 00:00:00+08:00,31.16,31.29,30.77,30.9,513935,0.0,0.0
2016-11-29 00:00:00+08:00,30.94,31.82,30.77,31.64,1514608,0.0,0.0
2016-11-30 00:00:00+08:00,31.55,32.08,31.03,31.29,1466778,0.0,0.0
2016-12-01 00:00:00+08:00,31.29,31.34,30.94,30.94,1092581,0.0,0.0
2016-12-02 00:00:00+08:00,30.64,30.64,30.33,30.38,1180738,0.0,0.0
2016-12-05 00:00:00+08:00,30.38,30.64,30.16,30.16,745581,0.0,0.0
2016-12-06 00:00:00+08:00,30.6,30.68,30.42,30.42,591775,0.0,0.0
2016-12-07 00:00:00+08:00,30.81,31.82,30.77,31.73,2974822,0.0,0.0
2016-12-08 00:00:00+08:00,32.08,32.6,31.68,31.73,3123938,0.0,0.0
2016-12-09 00:00:00+08:00,31.86,31.9,31.42,31.42,780281,0.0,0.0
2016-12-12 00:00:00+08:00,31.51,31.64,30.99,31.12,720259,0.0,0.0
2016-12-13 00:00:00+08:00,31.29,32.16,31.12,32.16,2178597,0.0,0.0
2016-12-14 00:00:00+08:00,32.34,32.6,31.55,31.68,3517830,0.0,0.0
2016-12-15 00:00:00+08:00,31.55,31.82,31.38,31.42,1625273,0.0,0.0
2016-12-16 00:00:00+08:00,31.55,31.95,31.47,31.47,1646843,0.0,0.0
2016-12-19 00:00:00+08:00,31.47,31.55,30.94,30.99,1289527,0.0,0.0
2016-12-20 00:00:00+08:00,30.94,30.99,30.33,30.42,2115762,0.0,0.0
2016-12-21 00:00:00+08:00,30.51,30.51,29.59,29.9,3446554,0.0,0.0
2016-12-22 00:00:00+08:00,29.85,29.9,28.5,28.59,5574509,0.0,0.0
2016-12-23 00:00:00+08:00,28.15,29.03,28.15,28.37,3263676,0.0,0.0
2016-12-26 00:00:00+08:00,28.68,28.94,28.33,28.37,2089503,0.0,0.0
2016-12-27 00:00:00+08:00,28.63,28.94,28.37,28.76,1301719,0.0,0.0
2016-12-28 00:00:00+08:00,28.9,29.9,28.85,29.9,3516892,0.0,0.0
2016-12-29 00:00:00+08:00,29.9,30.51,29.64,30.46,1971335,0.0,0.0
2016-12-30 00:00:00+08:00,30.51,30.81,30.25,30.81,3087362,0.0,0.0
2017-01-03 00:00:00+08:00,30.81,31.03,29.94,30.29,2843524,0.0,0.0
2017-01-04 00:00:00+08:00,30.33,30.51,30.03,30.07,1395502,0.0,0.0
2017-01-05 00:00:00+08:00,30.12,30.25,29.85,30.07,2342719,0.0,0.0
2017-01-06 00:00:00+08:00,30.16,30.51,30.07,30.38,1174173,0.0,0.0
2017-01-09 00:00:00+08:00,30.42,30.51,30.07,30.07,1408632,0.0,0.0
2017-01-10 00:00:00+08:00,29.94,30.16,29.9,30.03,1028808,0.0,0.0
2017-01-11 00:00:00+08:00,30.07,30.07,29.94,29.99,1274521,0.0,0.0
2017-01-12 00:00:00+08:00,30.03,30.51,29.94,30.03,1886930,0.0,0.0
2017-01-13 00:00:00+08:00,29.94,30.64,29.94,30.29,2508716,0.0,0.0
2017-01-16 00:00:00+08:00,30.16,30.51,29.99,30.42,1568065,0.0,0.0
2017-01-17 00:00:00+08:00,30.42,30.51,30.16,30.29,1311097,0.0,0.0
2017-01-18 00:00:00+08:00,30.42,31.55,30.29,31.42,6177538,0.0,0.0
2017-01-19 00:00:00+08:00,31.9,34.47,31.82,33.04,13715880,0.0,0.0
2017-01-20 00:00:00+08:00,33.52,34.21,32.6,33.12,8140433,0.0,0.0
2017-01-23 00:00:00+08:00,33.65,34.26,33.38,34.17,3817000,0.0,0.0
2017-01-24 00:00:00+08:00,33.99,34.08,33.56,33.6,2618443,0.0,0.0
2017-02-02 00:00:00+08:00,33.65,34.08,33.12,33.38,2319273,0.0,0.0
2017-02-03 00:00:00+08:00,33.73,35.0,33.52,34.65,5517300,0.0,0.0
2017-02-06 00:00:00+08:00,35.08,35.08,34.13,34.87,3651941,0.0,0.0
2017-02-07 00:00:00+08:00,34.87,34.95,34.26,34.87,2571551,0.0,0.0
2017-02-08 00:00:00+08:00,34.43,35.17,32.25,33.12,7661198,0.0,0.0
2017-02-09 00:00:00+08:00,33.12,33.34,32.69,33.21,4111481,0.0,0.0
2017-02-10 00:00:00+08:00,33.17,33.56,32.38,32.51,3331200,0.0,0.0
2017-02-13 00:00:00+08:00,32.6,33.73,32.56,33.38,2872597,0.0,0.0
2017-02-14 00:00:00+08:00,33.56,33.73,32.86,33.34,1787519,0.0,0.0
2017-02-15 00:00:00+08:00,33.34,33.65,32.95,33.47,1677792,0.0,0.0
2017-02-16 00:00:00+08:00,33.56,33.65,32.73,32.73,2201105,0.0,0.0
2017-02-17 00:00:00+08:00,32.77,33.52,32.77,33.47,2302392,0.0,0.0
2017-02-20 00:00:00+08:00,34.6,35.69,34.26,35.3,8356136,0.0,0.0
2017-02-21 00:00:00+08:00,35.74,37.05,35.17,35.69,8012887,0.0,0.0
2017-02-22 00:00:00+08:00,35.35,37.48,35.35,36.87,7467066,0.0,0.0
2017-02-23 00:00:00+08:00,37.31,37.48,36.26,36.91,4632919,0.0,0.0
2017-02-24 00:00:00+08:00,37.48,39.49,37.35,37.57,11481012,0.0,0.0
2017-03-01 00:00:00+08:00,38.35,41.32,38.14,41.32,12509821,0.0,0.0
2017-03-02 00:00:00+08:00,41.84,42.01,39.97,40.45,8828806,0.0,0.0
2017-03-03 00:00:00+08:00,40.05,40.45,39.22,39.66,3623806,0.0,0.0
2017-03-06 00:00:00+08:00,41.06,42.36,40.66,41.67,7719344,0.0,0.0
2017-03-07 00:00:00+08:00,41.67,42.01,40.79,41.45,3493446,0.0,0.0
2017-03-08 00:00:00+08:00,41.49,41.67,40.62,40.97,2966381,0.0,0.0
2017-03-09 00:00:00+08:00,41.06,41.58,40.62,41.23,2969195,0.0,0.0
2017-03-10 00:00:00+08:00,40.66,41.01,39.75,40.1,2883851,0.0,0.0
2017-03-13 00:00:00+08:00,40.27,41.71,39.97,41.27,2374605,0.0,0.0
2017-03-14 00:00:00+08:00,41.1,41.1,40.31,40.66,1637465,0.0,0.0
2017-03-15 00:00:00+08:00,40.66,41.67,40.66,40.84,1836286,0.0,0.0
2017-03-16 00:00:00+08:00,41.45,41.62,40.92,41.36,1954454,0.0,0.0
2017-03-17 00:00:00+08:00,41.32,42.23,41.19,41.8,3126751,0.0,0.0
2017-03-20 00:00:00+08:00,42.62,44.89,41.93,44.28,7528025,0.0,0.0
2017-03-21 00:00:00+08:00,44.11,44.11,43.02,43.06,5153419,0.0,0.0
2017-03-22 00:00:00+08:00,42.19,42.45,41.67,42.45,2847276,0.0,0.0
2017-03-23 00:00:00+08:00,42.41,42.54,41.49,41.53,3261800,0.0,0.0
2017-03-24 00:00:00+08:00,41.53,41.58,40.1,40.53,3866706,0.0,0.0
2017-03-27 00:00:00+08:00,40.36,40.53,39.75,40.36,2086689,0.0,0.0
2017-03-28 00:00:00+08:00,40.53,40.75,38.09,39.05,3781362,0.0,0.0
2017-03-29 00:00:00+08:00,39.36,40.53,38.96,40.36,3129565,0.0,0.0
2017-03-30 00:00:00+08:00,40.36,40.71,39.92,40.58,1448021,0.0,0.0
2017-03-31 00:00:00+08:00,40.31,40.31,38.53,39.01,5524803,0.0,0.0
2017-04-05 00:00:00+08:00,39.49,40.05,38.88,39.09,2760057,0.0,0.0
2017-04-06 00:00:00+08:00,39.14,40.31,39.14,40.14,2909173,0.0,0.0
2017-04-07 00:00:00+08:00,40.1,41.01,39.57,40.71,3179270,0.0,0.0
2017-04-10 00:00:00+08:00,40.53,42.71,40.53,41.14,4586027,0.0,0.0
2017-04-11 00:00:00+08:00,41.14,41.67,40.62,41.14,2451508,0.0,0.0
2017-04-12 00:00:00+08:00,41.14,43.5,41.14,43.32,8047587,0.0,0.0
2017-04-13 00:00:00+08:00,43.67,44.54,43.1,43.67,9270528,0.0,0.0
2017-04-14 00:00:00+08:00,43.32,43.58,42.49,43.15,3153949,0.0,0.0
2017-04-17 00:00:00+08:00,44.02,45.5,43.5,43.54,4673246,0.0,0.0
2017-04-18 00:00:00+08:00,43.67,45.67,43.58,44.63,5286592,0.0,0.0
2017-04-19 00:00:00+08:00,44.28,46.72,43.58,46.11,7031909,0.0,0.0
2017-04-20 00:00:00+08:00,46.46,47.51,44.63,44.89,5882119,0.0,0.0
2017-04-21 00:00:00+08:00,45.76,49.34,44.98,49.34,14485845,0.0,0.0
2017-04-24 00:00:00+08:00,49.42,52.74,48.03,51.52,12336321,0.0,0.0
2017-04-25 00:00:00+08:00,51.52,53.78,50.64,53.0,7602114,0.0,0.0
2017-04-26 00:00:00+08:00,53.17,53.69,50.82,51.08,5689863,0.0,0.0
2017-04-27 00:00:00+08:00,51.34,51.86,50.64,50.64,5560441,0.0,0.0
2017-04-28 00:00:00+08:00,50.47,51.78,49.68,50.38,4775471,0.0,0.0
2017-05-02 00:00:00+08:00,50.9,51.08,48.9,49.25,4144306,0.0,0.0
2017-05-03 00:00:00+08:00,49.51,50.12,48.46,48.81,2747865,0.0,0.0
2017-05-04 00:00:00+08:00,48.73,50.47,48.64,50.12,3429673,0.0,0.0
2017-05-05 00:00:00+08:00,50.12,50.12,48.38,48.38,2814451,0.0,0.0
2017-05-08 00:00:00+08:00,48.29,48.73,47.07,48.2,3470938,0.0,0.0
2017-05-09 00:00:00+08:00,48.12,48.12,45.41,45.94,4681687,0.0,0.0
2017-05-10 00:00:00+08:00,46.37,48.12,46.37,47.16,3784176,0.0,0.0
2017-05-11 00:00:00+08:00,47.24,47.42,45.41,46.2,3432487,0.0,0.0
2017-05-12 00:00:00+08:00,46.29,46.72,45.59,45.85,1858794,0.0,0.0
2017-05-15 00:00:00+08:00,45.85,47.51,45.85,47.07,4670433,0.0,0.0
2017-05-16 00:00:00+08:00,46.9,47.07,45.5,45.5,3372465,0.0,0.0
2017-05-17 00:00:00+08:00,45.33,45.33,43.15,44.11,7136947,0.0,0.0
2017-05-18 00:00:00+08:00,43.28,44.8,43.23,43.93,3495322,0.0,0.0
2017-05-19 00:00:00+08:00,44.37,44.8,43.41,43.41,3358397,0.0,0.0
2017-05-22 00:00:00+08:00,43.93,45.06,43.45,44.11,3125814,0.0,0.0
2017-05-23 00:00:00+08:00,44.54,44.98,44.37,44.45,2202981,0.0,0.0
2017-05-24 00:00:00+08:00,44.8,45.85,44.72,45.24,4144306,0.0,0.0
2017-05-25 00:00:00+08:00,45.85,46.29,45.33,45.41,3749476,0.0,0.0
2017-05-26 00:00:00+08:00,45.59,45.59,44.98,45.06,1629024,0.0,0.0
2017-05-31 00:00:00+08:00,45.06,45.67,43.93,43.93,1795021,0.0,0.0
2017-06-01 00:00:00+08:00,44.72,44.72,43.28,44.19,2985138,0.0,0.0
2017-06-02 00:00:00+08:00,44.28,46.81,44.28,46.55,5013681,0.0,0.0
2017-06-05 00:00:00+08:00,46.9,48.46,46.9,47.24,5816471,0.0,0.0
2017-06-06 00:00:00+08:00,47.24,47.68,46.29,47.68,2553732,0.0,0.0
2017-06-07 00:00:00+08:00,47.33,47.85,46.29,46.37,2489959,0.0,0.0
2017-06-08 00:00:00+08:00,46.72,48.64,46.72,48.38,6835901,0.0,0.0
2017-06-09 00:00:00+08:00,49.68,49.86,47.77,47.94,7315136,0.0,0.0
2017-06-12 00:00:00+08:00,47.24,47.42,46.9,46.9,2194540,0.0,0.0
2017-06-13 00:00:00+08:00,47.42,47.59,45.94,45.94,1853167,0.0,0.0
2017-06-14 00:00:00+08:00,46.2,46.2,43.41,44.19,5025873,0.0,0.0
2017-06-15 00:00:00+08:00,44.19,44.19,43.32,43.84,2607189,0.0,0.0
2017-06-16 00:00:00+08:00,43.93,44.8,43.93,44.63,1946013,0.0,0.0
2017-06-19 00:00:00+08:00,44.54,45.85,44.54,45.67,1980713,0.0,0.0
2017-06-20 00:00:00+08:00,46.11,46.72,45.41,45.76,2439316,0.0,0.0
2017-06-21 00:00:00+08:00,48.46,49.51,47.59,48.03,8948850,0.0,0.0
2017-06-22 00:00:00+08:00,48.03,48.38,47.51,48.2,2718792,0.0,0.0
2017-06-23 00:00:00+08:00,49.07,49.25,47.51,47.51,3356522,0.0,0.0
2017-06-26 00:00:00+08:00,47.07,47.77,46.55,46.9,2823830,0.0,0.0
2017-06-27 00:00:00+08:00,47.24,48.64,47.24,47.33,2842586,0.0,0.0
2017-06-28 00:00:00+08:00,46.98,47.24,46.29,46.63,1678730,0.0,0.0
2017-06-29 00:00:00+08:00,47.07,47.85,46.63,47.51,2062305,0.0,0.0
2017-06-30 00:00:00+08:00,46.98,47.94,46.9,47.59,1020367,0.0,0.0
2017-07-03 00:00:00+08:00,47.42,47.94,46.98,46.98,1292340,0.0,0.0
2017-07-04 00:00:00+08:00,46.98,47.59,46.81,47.16,1710616,0.0,0.0
2017-07-05 00:00:00+08:00,47.07,47.24,45.85,46.11,2360538,0.0,0.0
2017-07-06 00:00:00+08:00,46.29,46.9,46.29,46.9,1006300,0.0,0.0
2017-07-07 00:00:00+08:00,47.16,47.24,46.37,46.46,1517421,0.0,0.0
2017-07-10 00:00:00+08:00,46.46,46.63,45.85,46.02,1359865,0.0,0.0
2017-07-11 00:00:00+08:00,46.02,46.55,45.41,46.02,1256702,0.0,0.0
2017-07-12 00:00:00+08:00,46.46,47.94,45.94,47.24,2028543,0.0,0.0
2017-07-13 00:00:00+08:00,47.51,47.68,46.37,47.07,2288324,0.0,0.0
2017-07-14 00:00:00+08:00,46.81,47.94,46.72,47.42,3635060,0.0,0.0
2017-07-17 00:00:00+08:00,47.51,48.05,46.98,46.98,2491835,1.29,0.0
2017-07-18 00:00:00+08:00,47.07,47.07,45.73,46.18,3811373,0.0,0.0
2017-07-19 00:00:00+08:00,46.18,47.51,46.09,47.25,3723216,0.0,0.0
2017-07-20 00:00:00+08:00,46.89,47.07,46.0,46.27,3051724,0.0,0.0
2017-07-21 00:00:00+08:00,46.18,46.53,45.82,45.82,2512468,0.0,0.0
2017-07-24 00:00:00+08:00,45.91,46.35,45.64,46.18,2429938,0.0,0.0
2017-07-25 00:00:00+08:00,46.27,47.96,46.27,47.87,3683827,0.0,0.0
2017-07-26 00:00:00+08:00,48.4,49.65,48.4,49.03,5406636,0.0,0.0
2017-07-27 00:00:00+08:00,49.47,49.47,48.58,48.76,2790068,0.0,0.0
2017-07-28 00:00:00+08:00,48.67,48.94,47.78,48.32,2150462,0.0,0.0
2017-07-31 00:00:00+08:00,48.4,49.47,48.14,48.23,3405289,0.0,0.0
2017-08-01 00:00:00+08:00,48.85,49.39,47.96,47.96,1874738,0.0,0.0
2017-08-02 00:00:00+08:00,48.49,50.63,48.49,50.37,6655836,0.0,0.0
2017-08-03 00:00:00+08:00,50.37,50.37,49.03,49.56,3471876,0.0,0.0
2017-08-04 00:00:00+08:00,52.59,53.49,51.61,51.7,8469614,0.0,0.0
2017-08-07 00:00:00+08:00,52.51,52.59,51.26,51.44,3774797,0.0,0.0
2017-08-08 00:00:00+08:00,51.88,56.52,50.99,55.71,10648212,0.0,0.0
2017-08-09 00:00:00+08:00,55.18,55.18,52.59,52.77,5594203,0.0,0.0
2017-08-10 00:00:00+08:00,53.49,53.75,50.99,51.88,3509389,0.0,0.0
2017-08-11 00:00:00+08:00,51.08,52.15,51.08,51.52,2284573,0.0,0.0
2017-08-14 00:00:00+08:00,52.15,52.59,49.65,50.19,2383046,0.0,0.0
2017-08-15 00:00:00+08:00,51.17,52.42,50.63,51.7,2142959,0.0,0.0
2017-08-16 00:00:00+08:00,52.42,53.49,51.7,52.42,3423108,0.0,0.0
2017-08-17 00:00:00+08:00,52.86,53.75,52.33,53.31,2799446,0.0,0.0
2017-08-18 00:00:00+08:00,52.95,53.49,52.15,52.59,3394973,0.0,0.0
2017-08-21 00:00:00+08:00,52.77,53.93,52.68,53.49,3310491,0.0,0.0
2017-08-22 00:00:00+08:00,54.38,54.73,53.13,53.13,1929577,0.0,0.0
2017-08-23 00:00:00+08:00,53.75,53.93,51.88,52.24,2351073,0.0,0.0
2017-08-24 00:00:00+08:00,52.33,53.93,51.97,53.84,2306300,0.0,0.0
2017-08-25 00:00:00+08:00,54.29,54.91,53.58,54.38,3233626,0.0,0.0
2017-08-28 00:00:00+08:00,55.18,59.82,55.18,59.73,12056272,0.0,0.0
2017-08-29 00:00:00+08:00,58.66,60.97,58.3,59.73,5824097,0.0,0.0
2017-08-30 00:00:00+08:00,61.51,65.43,60.08,63.29,9702923,0.0,0.0
2017-08-31 00:00:00+08:00,63.74,65.97,60.97,61.42,7719633,0.0,0.0
2017-09-01 00:00:00+08:00,61.51,62.94,60.71,62.67,2761101,0.0,0.0
2017-09-04 00:00:00+08:00,62.85,63.74,62.22,62.31,2268843,0.0,0.0
2017-09-05 00:00:00+08:00,64.18,64.72,62.4,62.49,3448132,0.0,0.0
2017-09-06 00:00:00+08:00,62.49,63.65,61.69,63.02,3310714,0.0,0.0
2017-09-07 00:00:00+08:00,63.02,63.02,63.02,63.02,0,0.0,0.0
2017-09-19 00:00:00+08:00,68.64,68.64,68.55,68.55,5933302,0.0,0.0
2017-09-20 00:00:00+08:00,67.38,69.06,65.71,65.88,4522681,0.0,0.0
2017-09-21 00:00:00+08:00,66.05,66.71,64.62,65.71,2739991,0.0,0.0
2017-09-22 00:00:00+08:00,65.88,66.8,65.71,65.71,2640881,0.0,0.0
2017-09-25 00:00:00+08:00,63.54,63.54,59.19,59.19,7395202,0.0,0.0
2017-09-26 00:00:00+08:00,58.77,59.52,56.1,56.85,6691011,0.0,0.0
2017-09-27 00:00:00+08:00,57.52,60.69,57.52,59.11,3162139,0.0,0.0
2017-09-28 00:00:00+08:00,59.52,59.78,58.77,59.69,1438245,0.0,0.0
2017-09-29 00:00:00+08:00,59.69,63.29,59.69,62.87,6030967,0.0,0.0
2017-10-02 00:00:00+08:00,66.46,66.63,64.79,66.05,3060670,0.0,0.0
2017-10-03 00:00:00+08:00,65.54,65.79,64.62,64.96,1687970,0.0,0.0
2017-10-05 00:00:00+08:00,65.63,66.3,65.29,65.88,1318301,0.0,0.0
2017-10-06 00:00:00+08:00,66.55,66.71,64.88,65.21,2220880,0.0,0.0
2017-10-11 00:00:00+08:00,65.88,68.05,65.71,66.88,4960448,0.0,0.0
2017-10-12 00:00:00+08:00,66.88,66.97,66.13,66.88,1958619,0.0,0.0
2017-10-13 00:00:00+08:00,66.97,66.97,66.13,66.21,1342443,0.0,0.0
2017-10-16 00:00:00+08:00,66.21,68.14,65.88,67.63,2221017,0.0,0.0
2017-10-17 00:00:00+08:00,67.63,71.9,67.63,69.14,6369707,0.0,0.0
2017-10-18 00:00:00+08:00,69.89,70.56,67.13,67.3,2136978,0.0,0.0
2017-10-19 00:00:00+08:00,67.8,68.97,67.8,68.05,1424388,0.0,0.0
2017-10-20 00:00:00+08:00,68.05,68.89,67.38,67.88,1345664,0.0,0.0
2017-10-23 00:00:00+08:00,68.14,69.81,68.14,68.64,1381217,0.0,0.0
2017-10-24 00:00:00+08:00,68.72,69.72,67.88,68.14,1311618,0.0,0.0
2017-10-25 00:00:00+08:00,68.3,68.89,66.97,67.13,1374586,0.0,0.0
2017-10-26 00:00:00+08:00,66.55,68.89,66.55,67.22,3428412,0.0,0.0
2017-10-27 00:00:00+08:00,67.47,68.14,65.46,65.63,1529925,0.0,0.0
2017-10-30 00:00:00+08:00,66.88,66.88,64.62,65.04,1255990,0.0,0.0
2017-10-31 00:00:00+08:00,65.38,66.8,65.04,65.04,2082283,0.0,0.0
2017-11-01 00:00:00+08:00,65.88,69.56,65.71,69.39,6186612,0.0,0.0
2017-11-02 00:00:00+08:00,69.39,69.39,67.47,67.55,2140132,0.0,0.0
2017-11-03 00:00:00+08:00,67.88,68.05,66.46,66.63,1231630,0.0,0.0
2017-11-06 00:00:00+08:00,67.38,67.38,65.88,66.21,1419196,0.0,0.0
2017-11-07 00:00:00+08:00,66.21,66.88,65.21,66.05,1086911,0.0,0.0
2017-11-08 00:00:00+08:00,66.05,67.55,65.88,67.22,1184318,0.0,0.0
2017-11-09 00:00:00+08:00,67.13,67.22,65.04,65.21,1953389,0.0,0.0
2017-11-10 00:00:00+08:00,65.21,65.63,64.37,64.79,1455302,0.0,0.0
2017-11-13 00:00:00+08:00,64.79,64.96,63.04,63.12,1890289,0.0,0.0
2017-11-14 00:00:00+08:00,63.04,66.97,63.04,66.46,2154608,0.0,0.0
2017-11-15 00:00:00+08:00,66.63,68.22,65.71,66.46,2223685,0.0,0.0
2017-11-16 00:00:00+08:00,68.39,71.48,67.88,68.22,6940609,0.0,0.0
2017-11-17 00:00:00+08:00,68.8,72.73,68.8,72.65,7988245,0.0,0.0
2017-11-20 00:00:00+08:00,73.99,74.66,71.15,72.15,4010017,0.0,0.0
2017-11-21 00:00:00+08:00,73.4,74.66,71.48,72.73,2901284,0.0,0.0
2017-11-22 00:00:00+08:00,74.41,75.24,72.32,72.73,4919348,0.0,0.0
2017-11-23 00:00:00+08:00,72.73,73.57,70.23,70.81,3643781,0.0,0.0
2017-11-24 00:00:00+08:00,71.48,76.08,71.48,73.9,7673694,0.0,0.0
2017-11-27 00:00:00+08:00,74.49,81.26,73.74,80.01,7840970,0.0,0.0
2017-11-28 00:00:00+08:00,80.84,86.95,80.68,84.02,10320500,0.0,0.0
2017-11-29 00:00:00+08:00,84.02,91.96,83.6,90.29,9141801,0.0,0.0
2017-11-30 00:00:00+08:00,86.95,93.63,84.44,93.63,8493815,0.0,0.0
2017-12-01 00:00:00+08:00,92.8,93.22,86.11,86.11,6517241,0.0,0.0
2017-12-04 00:00:00+08:00,87.36,89.87,85.69,85.69,3820024,0.0,0.0
2017-12-05 00:00:00+08:00,84.86,84.86,79.76,80.42,5332018,0.0,0.0
2017-12-06 00:00:00+08:00,82.6,82.68,77.83,79.17,3175952,0.0,0.0
2017-12-07 00:00:00+08:00,79.84,81.09,76.91,77.5,2888281,0.0,0.0
2017-12-08 00:00:00+08:00,79.34,84.44,78.59,81.93,5589165,0.0,0.0
2017-12-11 00:00:00+08:00,81.76,89.04,80.34,85.27,6703163,0.0,0.0
2017-12-12 00:00:00+08:00,85.27,85.69,81.09,81.51,2759016,0.0,0.0
2017-12-13 00:00:00+08:00,81.6,84.02,81.51,82.51,1871762,0.0,0.0
2017-12-14 00:00:00+08:00,83.6,88.2,83.43,83.6,6100290,0.0,0.0
2017-12-15 00:00:00+08:00,84.86,86.95,83.18,85.27,3109751,0.0,0.0
2017-12-18 00:00:00+08:00,86.11,93.63,86.11,93.63,9831655,0.0,0.0
2017-12-19 00:00:00+08:00,96.14,99.9,92.38,94.47,14545390,0.0,0.0
2017-12-20 00:00:00+08:00,95.31,99.07,94.05,96.98,9835645,0.0,0.0
2017-12-21 00:00:00+08:00,95.72,96.98,92.8,94.47,4742284,0.0,0.0
2017-12-22 00:00:00+08:00,96.14,98.65,93.63,96.14,7526676,0.0,0.0
2017-12-25 00:00:00+08:00,97.81,98.65,94.05,94.05,2942316,0.0,0.0
2017-12-26 00:00:00+08:00,94.05,94.05,85.27,86.11,6045731,0.0,0.0
2017-12-27 00:00:00+08:00,88.2,91.13,85.27,86.11,9681839,0.0,0.0
2017-12-28 00:00:00+08:00,86.95,88.62,84.86,88.62,3456442,0.0,0.0
2017-12-29 00:00:00+08:00,89.45,90.71,86.95,87.78,4464635,0.0,0.0
2018-01-02 00:00:00+08:00,88.62,89.04,83.52,84.86,7228166,0.0,0.0
2018-01-03 00:00:00+08:00,86.11,93.22,86.11,93.22,9884659,0.0,0.0
2018-01-04 00:00:00+08:00,93.22,99.07,93.22,97.81,11810521,0.0,0.0
2018-01-05 00:00:00+08:00,96.56,99.49,94.47,96.98,5540138,0.0,0.0
2018-01-08 00:00:00+08:00,96.14,96.14,90.29,91.96,3468462,0.0,0.0
2018-01-09 00:00:00+08:00,92.38,94.05,90.29,91.13,3538922,0.0,0.0
2018-01-10 00:00:00+08:00,91.13,92.38,84.86,87.78,6445026,0.0,0.0
2018-01-11 00:00:00+08:00,89.04,91.96,84.86,85.69,9913412,0.0,0.0
2018-01-12 00:00:00+08:00,86.11,87.36,83.6,84.44,6436370,0.0,0.0
2018-01-15 00:00:00+08:00,85.27,85.69,77.5,80.76,11559248,0.0,0.0
2018-01-16 00:00:00+08:00,81.34,84.44,79.17,80.51,11881724,0.0,0.0
2018-01-17 00:00:00+08:00,80.68,81.18,77.83,80.59,9161817,0.0,0.0
2018-01-18 00:00:00+08:00,81.93,86.11,81.68,86.11,11193260,0.0,0.0
2018-01-19 00:00:00+08:00,87.36,89.04,83.6,86.11,8965565,0.0,0.0
2018-01-22 00:00:00+08:00,85.27,91.13,84.86,90.71,9509114,0.0,0.0
2018-01-23 00:00:00+08:00,89.87,90.71,83.6,83.6,10544513,0.0,0.0
2018-01-24 00:00:00+08:00,84.44,85.27,81.09,82.18,11147935,0.0,0.0
2018-01-25 00:00:00+08:00,82.51,83.35,79.09,79.76,7072395,0.0,0.0
2018-01-26 00:00:00+08:00,80.42,80.68,74.49,77.08,12419774,0.0,0.0
2018-01-29 00:00:00+08:00,78.42,82.35,77.75,81.93,8176337,0.0,0.0
2018-01-30 00:00:00+08:00,80.68,82.68,79.84,81.51,5858181,0.0,0.0
2018-01-31 00:00:00+08:00,80.68,83.35,80.01,82.18,5066942,0.0,0.0
2018-02-01 00:00:00+08:00,81.93,82.6,81.09,81.93,3341234,0.0,0.0
2018-02-02 00:00:00+08:00,83.35,84.86,80.09,80.09,7835781,0.0,0.0
2018-02-05 00:00:00+08:00,76.24,80.42,76.24,80.42,4771180,0.0,0.0
2018-02-06 00:00:00+08:00,77.83,80.01,72.4,72.98,10288328,0.0,0.0
2018-02-07 00:00:00+08:00,76.41,78.0,74.49,74.57,7114250,0.0,0.0
2018-02-08 00:00:00+08:00,74.66,75.74,72.48,73.57,3916829,0.0,0.0
2018-02-09 00:00:00+08:00,68.89,71.81,68.14,70.39,5284829,0.0,0.0
2018-02-12 00:00:00+08:00,71.81,72.15,69.22,69.89,4294719,0.0,0.0
2018-02-21 00:00:00+08:00,72.57,73.4,71.4,72.23,4051537,0.0,0.0
2018-02-22 00:00:00+08:00,72.15,72.48,70.81,71.65,2905052,0.0,0.0
2018-02-23 00:00:00+08:00,73.99,75.24,69.64,69.64,9223918,0.0,0.0
2018-02-26 00:00:00+08:00,71.06,73.57,70.39,73.15,8549378,0.0,0.0
2018-02-27 00:00:00+08:00,75.24,75.24,71.48,72.23,6675565,0.0,0.0
2018-03-01 00:00:00+08:00,71.56,75.16,71.06,75.16,6528149,0.0,0.0
2018-03-02 00:00:00+08:00,74.41,77.42,73.82,76.16,9747263,0.0,0.0
2018-03-05 00:00:00+08:00,77.83,79.84,77.42,78.42,10230522,0.0,0.0
2018-03-06 00:00:00+08:00,79.25,80.76,79.0,79.51,8646296,0.0,0.0
2018-03-07 00:00:00+08:00,79.42,80.51,77.42,77.83,4816120,0.0,0.0
2018-03-08 00:00:00+08:00,78.25,79.34,77.75,78.59,3137438,0.0,0.0
2018-03-09 00:00:00+08:00,78.75,78.92,77.5,77.75,3319116,0.0,0.0
2018-03-12 00:00:00+08:00,79.09,79.84,78.42,79.76,4707365,0.0,0.0
2018-03-13 00:00:00+08:00,79.92,80.84,78.75,80.26,3939240,0.0,0.0
2018-03-14 00:00:00+08:00,80.26,84.44,79.59,82.35,13612544,0.0,0.0
2018-03-15 00:00:00+08:00,85.69,90.29,83.18,88.62,18833526,0.0,0.0
2018-03-16 00:00:00+08:00,89.45,90.71,87.78,87.78,12448641,0.0,0.0
2018-03-19 00:00:00+08:00,88.62,92.8,88.62,91.96,11763141,0.0,0.0
2018-03-20 00:00:00+08:00,91.13,95.31,90.29,91.54,13027156,0.0,0.0
2018-03-21 00:00:00+08:00,92.8,95.31,92.8,94.05,10525067,0.0,0.0
2018-03-22 00:00:00+08:00,98.65,103.25,98.65,99.9,28296443,0.0,0.0
2018-03-23 00:00:00+08:00,96.14,99.9,93.63,94.05,18961280,0.0,0.0
2018-03-26 00:00:00+08:00,94.89,95.72,91.96,92.8,9276003,0.0,0.0
2018-03-27 00:00:00+08:00,95.72,100.32,95.31,99.9,14536622,0.0,0.0
2018-03-28 00:00:00+08:00,98.23,98.23,94.05,96.14,9786644,0.0,0.0
2018-03-29 00:00:00+08:00,97.81,99.9,95.31,99.07,8447187,0.0,0.0
2018-03-30 00:00:00+08:00,99.9,104.5,99.07,99.49,17316538,0.0,0.0
2018-04-02 00:00:00+08:00,100.74,104.08,100.32,101.58,9868732,0.0,0.0
2018-04-03 00:00:00+08:00,99.49,100.74,97.81,100.32,8590819,0.0,0.0
2018-04-09 00:00:00+08:00,101.16,102.41,98.65,101.99,5941277,0.0,0.0
2018-04-10 00:00:00+08:00,101.58,109.94,101.16,108.26,16797119,0.0,0.0
2018-04-11 00:00:00+08:00,112.44,113.7,105.34,107.85,13838000,0.0,0.0
2018-04-12 00:00:00+08:00,107.43,109.52,105.76,107.01,5599371,0.0,0.0
2018-04-13 00:00:00+08:00,109.52,112.03,108.68,110.77,8118964,0.0,0.0
2018-04-16 00:00:00+08:00,114.53,121.64,112.44,121.64,19162741,0.0,0.0
2018-04-17 00:00:00+08:00,125.4,133.76,124.15,131.67,43419581,0.0,0.0
2018-04-18 00:00:00+08:00,130.42,141.29,129.16,141.29,25764383,0.0,0.0
2018-04-19 00:00:00+08:00,139.62,155.08,138.36,151.32,35013912,0.0,0.0
2018-04-20 00:00:00+08:00,148.81,153.83,136.69,137.11,27371062,0.0,0.0
2018-04-23 00:00:00+08:00,150.48,150.48,146.3,150.48,13291565,0.0,0.0
2018-04-24 00:00:00+08:00,155.08,160.93,142.12,143.8,23681878,0.0,0.0
2018-04-25 00:00:00+08:00,143.8,151.74,140.45,140.45,16888371,0.0,0.0
2018-04-26 00:00:00+08:00,143.8,148.39,141.29,142.96,14107885,0.0,0.0
2018-04-27 00:00:00+08:00,148.39,157.17,147.56,157.17,19093928,0.0,0.0
2018-04-30 00:00:00+08:00,158.84,162.19,153.41,156.75,27928179,0.0,0.0
2018-05-02 00:00:00+08:00,161.35,172.22,160.52,172.22,27057000,0.0,0.0
2018-05-03 00:00:00+08:00,167.62,188.1,167.2,188.1,37508669,0.0,0.0
2018-05-04 00:00:00+08:00,191.03,197.3,188.1,189.78,32021650,0.0,0.0
2018-05-07 00:00:00+08:00,200.64,208.59,196.05,208.59,27500837,0.0,0.0
2018-05-08 00:00:00+08:00,204.82,204.82,189.78,193.96,7787226,0.0,0.0
2018-05-09 00:00:00+08:00,194.79,212.35,194.79,205.66,8663987,0.0,0.0
2018-05-10 00:00:00+08:00,210.26,218.2,207.33,218.2,7156523,0.0,0.0
2018-05-11 00:00:00+08:00,225.72,236.59,211.93,216.53,8253849,0.0,0.0
2018-05-14 00:00:00+08:00,237.43,237.85,229.9,237.85,5661521,0.0,0.0
2018-05-15 00:00:00+08:00,240.77,261.26,240.77,261.26,10243091,0.0,0.0
2018-05-16 00:00:00+08:00,254.99,267.53,254.99,261.26,8208141,0.0,0.0
2018-05-17 00:00:00+08:00,235.76,236.59,235.34,235.34,6278962,0.0,0.0
2018-05-18 00:00:00+08:00,250.81,250.81,226.98,235.34,9912920,0.0,0.0
2018-05-21 00:00:00+08:00,241.61,258.75,235.76,258.75,7875530,0.0,0.0
2018-05-22 00:00:00+08:00,268.36,284.25,265.02,284.25,23493319,0.0,0.0
2018-05-23 00:00:00+08:00,287.17,287.17,255.82,255.82,34047307,0.0,0.0
2018-05-24 00:00:00+08:00,255.82,264.6,239.1,262.51,30235793,0.0,0.0
2018-05-25 00:00:00+08:00,274.63,285.92,266.69,284.25,27836774,0.0,0.0
2018-05-28 00:00:00+08:00,296.79,312.67,290.93,312.25,26246760,0.0,0.0
2018-05-29 00:00:00+08:00,307.65,313.92,299.29,306.4,18044901,0.0,0.0
2018-05-30 00:00:00+08:00,304.73,322.29,296.79,321.87,25723732,0.0,0.0
2018-05-31 00:00:00+08:00,331.9,334.83,309.33,323.96,46724019,0.0,0.0
2018-06-01 00:00:00+08:00,315.6,323.54,312.67,316.01,15804933,0.0,0.0
2018-06-04 00:00:00+08:00,322.7,324.79,316.01,316.01,13299941,0.0,0.0
2018-06-05 00:00:00+08:00,319.36,320.19,293.44,296.79,14730439,0.0,0.0
2018-06-06 00:00:00+08:00,312.67,326.47,310.16,326.47,12811924,0.0,0.0
2018-06-07 00:00:00+08:00,334.41,351.13,334.41,347.37,21980875,0.0,0.0
2018-06-08 00:00:00+08:00,347.37,347.78,339.84,340.68,9821787,0.0,0.0
2018-06-11 00:00:00+08:00,347.78,354.89,342.77,346.53,10522592,0.0,0.0
2018-06-12 00:00:00+08:00,353.22,354.47,329.81,340.26,14389302,0.0,0.0
2018-06-13 00:00:00+08:00,340.68,347.78,324.79,338.59,10928694,0.0,0.0
2018-06-14 00:00:00+08:00,334.83,343.19,329.39,329.39,7261806,0.0,0.0
2018-06-15 00:00:00+08:00,330.65,348.62,324.38,343.6,14574150,0.0,0.0
2018-06-19 00:00:00+08:00,343.19,343.19,328.97,329.39,7022405,0.0,0.0
2018-06-20 00:00:00+08:00,329.39,329.81,296.79,298.46,23002601,0.0,0.0
2018-06-21 00:00:00+08:00,299.29,311.42,289.26,292.61,17212241,0.0,0.0
2018-06-22 00:00:00+08:00,282.16,290.1,267.11,267.94,16567403,0.0,0.0
2018-06-25 00:00:00+08:00,275.05,278.39,265.85,272.54,9866052,0.0,0.0
2018-06-26 00:00:00+08:00,267.53,299.71,267.11,299.71,12149101,0.0,0.0
2018-06-27 00:00:00+08:00,308.49,326.88,305.98,311.42,21665656,0.0,0.0
2018-06-28 00:00:00+08:00,313.09,326.05,312.67,326.05,17319377,0.0,0.0
2018-06-29 00:00:00+08:00,332.74,352.8,331.06,348.62,21413057,0.0,0.0
2018-07-02 00:00:00+08:00,356.14,383.31,355.31,383.31,24805673,0.0,0.0
2018-07-03 00:00:00+08:00,397.11,410.9,367.01,376.21,27609482,0.0,0.0
2018-07-04 00:00:00+08:00,377.88,383.31,360.74,377.46,21739595,0.0,0.0
2018-07-05 00:00:00+08:00,379.97,379.97,342.35,349.46,16302146,0.0,0.0
2018-07-06 00:00:00+08:00,359.49,362.0,319.78,342.77,29561461,0.0,0.0
2018-07-09 00:00:00+08:00,354.47,371.61,331.06,331.06,27152176,0.0,0.0
2018-07-10 00:00:00+08:00,342.77,346.53,330.65,346.53,18052021,0.0,0.0
2018-07-11 00:00:00+08:00,330.23,341.51,327.72,339.84,14507772,0.0,0.0
2018-07-12 00:00:00+08:00,341.93,368.68,334.83,366.18,20323171,0.0,0.0
2018-07-13 00:00:00+08:00,375.79,377.88,364.09,364.09,16883839,0.0,0.0
2018-07-16 00:00:00+08:00,365.76,369.1,333.15,339.01,11996193,0.0,0.0
2018-07-17 00:00:00+08:00,333.15,344.86,323.12,344.44,18610736,0.0,0.0
2018-07-18 00:00:00+08:00,354.47,355.31,311.83,320.61,24526684,0.0,0.0
2018-07-19 00:00:00+08:00,323.12,328.56,305.98,319.36,20958859,0.0,0.0
2018-07-20 00:00:00+08:00,320.19,322.7,287.59,287.59,25390175,0.0,0.0
2018-07-23 00:00:00+08:00,289.26,308.91,283.41,308.91,26163147,0.0,0.0
2018-07-24 00:00:00+08:00,308.49,327.72,303.47,326.88,23741156,0.0,0.0
2018-07-25 00:00:00+08:00,328.56,346.95,326.05,346.95,19725743,0.0,0.0
2018-07-26 00:00:00+08:00,352.38,360.74,346.95,351.55,22684859,0.0,0.0
2018-07-27 00:00:00+08:00,356.98,360.32,351.96,354.47,12765449,0.0,0.0
2018-07-30 00:00:00+08:00,353.64,353.64,319.36,319.36,15845213,0.0,0.0
2018-07-31 00:00:00+08:00,314.34,324.38,287.59,290.1,33645203,0.0,0.0
2018-08-01 00:00:00+08:00,292.61,296.79,278.39,286.34,26300103,0.0,0.0
2018-08-02 00:00:00+08:00,283.41,283.41,257.91,257.91,17831854,0.0,0.0
2018-08-03 00:00:00+08:00,254.99,264.18,232.41,241.61,31917658,0.0,0.0
2018-08-06 00:00:00+08:00,252.48,257.49,243.28,243.7,14637868,0.0,0.0
2018-08-07 00:00:00+08:00,254.99,267.94,249.97,267.94,19335175,0.0,0.0
2018-08-08 00:00:00+08:00,270.92,276.85,247.22,249.76,25524376,4.02,0.0
2018-08-09 00:00:00+08:00,254.84,262.88,247.64,253.14,20933475,0.0,0.0
2018-08-10 00:00:00+08:00,247.22,250.6,228.17,229.44,25767975,0.0,0.0
2018-08-13 00:00:00+08:00,215.05,225.2,206.58,206.58,29440895,0.0,0.0
2018-08-14 00:00:00+08:00,210.81,220.12,198.11,213.35,39169725,0.0,0.0
2018-08-15 00:00:00+08:00,210.81,214.2,201.92,207.85,27680075,0.0,0.0
2018-08-16 00:00:00+08:00,209.97,228.59,209.97,228.59,31279941,0.0,0.0
2018-08-17 00:00:00+08:00,232.82,241.29,219.28,220.97,43624160,0.0,0.0
2018-08-20 00:00:00+08:00,224.36,242.56,215.47,235.79,32070809,0.0,0.0
2018-08-21 00:00:00+08:00,235.79,241.29,229.44,239.17,36743619,0.0,0.0
2018-08-22 00:00:00+08:00,237.9,238.75,231.98,232.82,17687192,0.0,0.0
2018-08-23 00:00:00+08:00,233.67,236.21,221.82,223.51,21423062,0.0,0.0
2018-08-24 00:00:00+08:00,225.63,239.6,225.63,237.48,31971892,0.0,0.0
2018-08-27 00:00:00+08:00,245.1,261.19,245.1,261.19,31356397,0.0,0.0
2018-08-28 00:00:00+08:00,264.15,268.81,254.84,256.53,43000322,0.0,0.0
2018-08-29 00:00:00+08:00,259.92,266.69,256.11,266.69,27041943,0.0,0.0
2018-08-30 00:00:00+08:00,267.54,270.5,263.73,264.57,20292524,0.0,0.0
2018-08-31 00:00:00+08:00,261.61,266.69,259.49,266.27,18813360,0.0,0.0
2018-09-03 00:00:00+08:00,265.84,266.27,240.02,240.02,23486989,0.0,0.0
2018-09-04 00:00:00+08:00,241.29,247.64,228.59,240.02,46553148,0.0,0.0
2018-09-05 00:00:00+08:00,236.21,241.29,226.05,226.05,28964025,0.0,0.0
2018-09-06 00:00:00+08:00,224.36,228.17,216.31,217.16,33614526,0.0,0.0
2018-09-07 00:00:00+08:00,213.35,217.58,196.42,201.5,37679099,0.0,0.0
2018-09-10 00:00:00+08:00,204.89,209.97,194.73,209.12,40141836,0.0,0.0
2018-09-11 00:00:00+08:00,210.81,217.58,207.43,209.12,35962951,0.0,0.0
2018-09-12 00:00:00+08:00,207.85,207.85,197.69,203.62,30300499,0.0,0.0
2018-09-13 00:00:00+08:00,209.97,212.93,197.69,197.69,27053507,0.0,0.0
2018-09-14 00:00:00+08:00,203.19,216.74,197.27,212.93,41379170,0.0,0.0
2018-09-17 00:00:00+08:00,211.66,215.89,207.85,214.2,20523300,0.0,0.0
2018-09-18 00:00:00+08:00,209.12,211.66,198.54,198.54,30104522,0.0,0.0
2018-09-19 00:00:00+08:00,203.19,205.31,187.53,187.53,41192036,0.0,0.0
2018-09-20 00:00:00+08:00,189.65,194.3,181.6,188.8,44399856,0.0,0.0
2018-09-21 00:00:00+08:00,193.03,199.38,190.49,198.96,33901945,0.0,0.0
2018-09-25 00:00:00+08:00,194.73,204.89,192.61,198.54,26461215,0.0,0.0
2018-09-26 00:00:00+08:00,196.84,201.92,192.19,192.19,21024227,0.0,0.0
2018-09-27 00:00:00+08:00,187.95,192.19,179.49,179.49,30412205,0.0,0.0
2018-09-28 00:00:00+08:00,181.18,184.14,173.98,180.33,42761814,0.0,0.0
2018-10-01 00:00:00+08:00,181.18,181.18,176.1,179.06,24207302,0.0,0.0
2018-10-02 00:00:00+08:00,182.03,184.57,176.1,176.1,27119338,0.0,0.0
2018-10-03 00:00:00+08:00,176.1,178.64,171.02,173.56,20655371,0.0,0.0
2018-10-04 00:00:00+08:00,177.79,179.49,170.17,171.87,29518361,0.0,0.0
2018-10-05 00:00:00+08:00,170.6,172.71,154.93,154.93,47350622,0.0,0.0
2018-10-08 00:00:00+08:00,154.09,155.78,139.69,145.62,51625186,0.0,0.0
2018-10-09 00:00:00+08:00,147.74,152.39,141.39,146.89,45962640,0.0,0.0
2018-10-11 00:00:00+08:00,132.92,136.31,132.5,132.5,24009779,0.0,0.0
2018-10-12 00:00:00+08:00,132.92,143.08,132.5,139.69,43391996,0.0,0.0
2018-10-15 00:00:00+08:00,138.85,146.89,137.15,142.66,36350250,0.0,0.0
2018-10-16 00:00:00+08:00,143.93,149.85,143.08,145.2,35703184,0.0,0.0
2018-10-17 00:00:00+08:00,153.24,154.09,144.35,144.35,30041933,0.0,0.0
2018-10-18 00:00:00+08:00,147.31,151.12,146.89,149.43,41016138,0.0,0.0
2018-10-19 00:00:00+08:00,143.93,144.77,136.73,138.0,39400329,0.0,0.0
2018-10-22 00:00:00+08:00,130.38,138.0,129.11,137.15,29740342,0.0,0.0
2018-10-23 00:00:00+08:00,136.73,139.27,125.73,125.73,33382140,0.0,0.0
2018-10-24 00:00:00+08:00,127.0,128.27,120.65,120.65,46427894,0.0,0.0
2018-10-25 00:00:00+08:00,113.45,114.3,108.79,108.79,33715401,0.0,0.0
2018-10-26 00:00:00+08:00,113.45,113.87,105.83,107.52,48412209,0.0,0.0
2018-10-29 00:00:00+08:00,109.64,112.6,104.98,111.33,39558897,0.0,0.0
2018-10-30 00:00:00+08:00,109.22,109.64,100.75,100.75,37494420,0.0,0.0
2018-10-31 00:00:00+08:00,103.71,110.49,103.71,110.49,44076241,0.0,0.0
2018-11-01 00:00:00+08:00,112.6,121.49,112.6,121.49,35006868,0.0,0.0
2018-11-02 00:00:00+08:00,133.34,133.34,124.46,133.34,45698697,0.0,0.0
2018-11-05 00:00:00+08:00,129.96,136.31,128.69,133.34,45940767,0.0,0.0
2018-11-06 00:00:00+08:00,131.65,134.61,120.22,120.22,42852994,0.0,0.0
2018-11-07 00:00:00+08:00,119.8,132.07,117.68,132.07,57994357,0.0,0.0
2018-11-08 00:00:00+08:00,139.69,140.96,130.38,130.38,59843598,0.0,0.0
2018-11-09 00:00:00+08:00,132.07,140.12,129.11,137.15,57667833,0.0,0.0
2018-11-12 00:00:00+08:00,128.69,133.77,128.69,130.38,46302989,0.0,0.0
2018-11-13 00:00:00+08:00,122.76,132.92,121.92,132.92,42539857,0.0,0.0
2018-11-14 00:00:00+08:00,134.61,137.58,132.92,133.77,44644872,0.0,0.0
2018-11-15 00:00:00+08:00,135.04,139.27,134.19,138.85,40148383,0.0,0.0
2018-11-16 00:00:00+08:00,141.39,147.31,140.12,140.12,61402756,0.0,0.0
2018-11-19 00:00:00+08:00,140.54,143.93,140.12,140.96,29753204,0.0,0.0
2018-11-20 00:00:00+08:00,139.69,143.08,137.58,138.85,35356191,0.0,0.0
2018-11-21 00:00:00+08:00,137.58,146.04,137.15,146.04,35890247,0.0,0.0
2018-11-22 00:00:00+08:00,148.16,151.12,138.42,140.12,42329390,0.0,0.0
2018-11-23 00:00:00+08:00,140.96,142.66,136.31,137.15,30016914,0.0,0.0
2018-11-26 00:00:00+08:00,139.27,142.23,138.0,141.39,19146656,0.0,0.0
2018-11-27 00:00:00+08:00,142.23,146.47,140.54,146.04,25189456,0.0,0.0
2018-11-28 00:00:00+08:00,147.31,156.63,146.89,150.7,40196635,0.0,0.0
2018-11-29 00:00:00+08:00,155.78,157.9,150.28,151.55,37106217,0.0,0.0
2018-11-30 00:00:00+08:00,153.24,158.74,153.24,158.74,37038838,0.0,0.0
2018-12-03 00:00:00+08:00,169.33,174.41,168.06,174.41,13378859,0.0,0.0
2018-12-04 00:00:00+08:00,181.18,182.03,175.25,178.22,46981047,0.0,0.0
2018-12-05 00:00:00+08:00,169.75,174.83,168.9,172.29,33064589,0.0,0.0
2018-12-06 00:00:00+08:00,169.33,171.87,155.36,155.36,38830150,0.0,0.0
2018-12-07 00:00:00+08:00,156.63,159.17,150.28,156.2,42762845,0.0,0.0
2018-12-10 00:00:00+08:00,150.7,151.12,140.96,141.81,30921243,0.0,0.0
2018-12-11 00:00:00+08:00,141.81,144.35,138.85,141.81,37616729,0.0,0.0
2018-12-12 00:00:00+08:00,144.77,147.31,144.35,146.04,24817135,0.0,0.0
2018-12-13 00:00:00+08:00,146.04,146.04,136.31,138.85,34038041,0.0,0.0
2018-12-14 00:00:00+08:00,135.46,140.12,132.92,140.12,29452400,0.0,0.0
2018-12-17 00:00:00+08:00,137.58,141.81,135.88,139.69,20600473,0.0,0.0
2018-12-18 00:00:00+08:00,137.15,138.0,134.19,135.88,18403797,0.0,0.0
2018-12-19 00:00:00+08:00,136.73,139.69,136.73,137.15,19063481,0.0,0.0
2018-12-20 00:00:00+08:00,135.88,137.15,129.53,131.65,22231061,0.0,0.0
2018-12-21 00:00:00+08:00,131.65,137.58,127.84,135.46,28610184,0.0,0.0
2018-12-24 00:00:00+08:00,134.61,135.88,132.5,135.46,11568346,0.0,0.0
2018-12-25 00:00:00+08:00,129.96,132.07,128.69,131.23,14148963,0.0,0.0
2018-12-26 00:00:00+08:00,132.92,135.46,126.57,126.57,19084506,0.0,0.0
2018-12-27 00:00:00+08:00,132.5,134.61,130.8,132.5,20473178,0.0,0.0
2018-12-28 00:00:00+08:00,133.77,135.04,130.38,130.38,12392495,0.0,0.0
2019-01-02 00:00:00+08:00,132.07,132.92,129.11,130.38,7938079,0.0,0.0
2019-01-03 00:00:00+08:00,130.38,132.07,122.34,122.34,15485915,0.0,0.0
2019-01-04 00:00:00+08:00,119.8,119.8,115.14,118.53,22548536,0.0,0.0
2019-01-07 00:00:00+08:00,124.46,125.3,123.19,125.3,12011087,0.0,0.0
2019-01-08 00:00:00+08:00,124.46,124.88,122.76,123.61,8342554,0.0,0.0
2019-01-09 00:00:00+08:00,126.15,135.88,125.73,133.34,28197846,0.0,0.0
2019-01-10 00:00:00+08:00,132.92,133.34,129.11,130.8,21565372,0.0,0.0
2019-01-11 00:00:00+08:00,133.34,136.31,131.23,131.23,24650843,0.0,0.0
2019-01-14 00:00:00+08:00,131.23,132.92,130.38,132.5,9181174,0.0,0.0
2019-01-15 00:00:00+08:00,133.34,137.58,133.34,137.58,20243222,0.0,0.0
2019-01-16 00:00:00+08:00,137.58,139.27,136.73,138.85,16500680,0.0,0.0
2019-01-17 00:00:00+08:00,140.96,142.23,136.31,137.58,16796748,0.0,0.0
2019-01-18 00:00:00+08:00,139.27,140.96,138.0,140.54,14291529,0.0,0.0
2019-01-21 00:00:00+08:00,143.93,145.2,142.23,142.23,13597175,0.0,0.0
2019-01-22 00:00:00+08:00,141.81,141.81,137.58,138.0,11075009,0.0,0.0
2019-01-23 00:00:00+08:00,136.73,140.54,136.31,140.54,8992121,0.0,0.0
2019-01-24 00:00:00+08:00,140.96,142.23,138.85,138.85,6932713,0.0,0.0
2019-01-25 00:00:00+08:00,141.39,149.43,140.96,148.16,25490836,0.0,0.0
2019-01-28 00:00:00+08:00,150.7,153.24,146.47,147.74,26113568,0.0,0.0
2019-01-29 00:00:00+08:00,145.62,145.62,142.66,145.2,14131638,0.0,0.0
2019-01-30 00:00:00+08:00,146.04,146.89,144.77,144.77,9454521,0.0,0.0
2019-02-11 00:00:00+08:00,148.16,148.16,143.93,144.77,12778738,0.0,0.0
2019-02-12 00:00:00+08:00,146.89,153.66,146.89,152.82,30044402,0.0,0.0
2019-02-13 00:00:00+08:00,161.71,168.06,158.74,168.06,43842087,0.0,0.0
2019-02-14 00:00:00+08:00,169.33,170.17,164.67,165.52,26617766,0.0,0.0
2019-02-15 00:00:00+08:00,164.25,164.67,156.2,156.2,25720296,0.0,0.0
2019-02-18 00:00:00+08:00,159.17,162.13,157.9,160.01,20899586,0.0,0.0
2019-02-19 00:00:00+08:00,160.86,162.98,158.74,159.59,14681662,0.0,0.0
2019-02-20 00:00:00+08:00,162.13,168.9,162.13,163.4,29477356,0.0,0.0
2019-02-21 00:00:00+08:00,164.67,167.21,161.71,167.21,18689258,0.0,0.0
2019-02-22 00:00:00+08:00,168.9,172.71,166.36,166.79,38916103,0.0,0.0
2019-02-25 00:00:00+08:00,169.33,171.02,167.63,168.48,21667086,0.0,0.0
2019-02-26 00:00:00+08:00,168.48,173.56,164.67,164.67,26422192,0.0,0.0
2019-02-27 00:00:00+08:00,160.86,161.71,152.82,153.24,34546469,0.0,0.0
2019-03-04 00:00:00+08:00,155.36,157.47,152.39,157.47,14750022,0.0,0.0
2019-03-05 00:00:00+08:00,154.93,156.2,154.09,154.51,8944975,0.0,0.0
2019-03-06 00:00:00+08:00,154.93,156.63,154.09,154.93,9746277,0.0,0.0
2019-03-07 00:00:00+08:00,154.51,155.36,146.89,150.7,12392041,0.0,0.0
2019-03-08 00:00:00+08:00,147.74,150.7,145.62,150.7,14035007,0.0,0.0
2019-03-11 00:00:00+08:00,148.16,153.66,147.74,153.24,11664925,0.0,0.0
2019-03-12 00:00:00+08:00,155.78,156.63,152.39,152.39,15550045,0.0,0.0
2019-03-13 00:00:00+08:00,153.24,156.63,152.82,156.63,9597015,0.0,0.0
2019-03-14 00:00:00+08:00,157.47,158.74,153.66,154.93,12885703,0.0,0.0
2019-03-15 00:00:00+08:00,157.05,161.28,156.63,158.32,20894436,0.0,0.0
2019-03-18 00:00:00+08:00,161.71,163.4,160.01,160.01,12591140,0.0,0.0
2019-03-19 00:00:00+08:00,161.28,161.28,157.47,158.32,8228074,0.0,0.0
2019-03-20 00:00:00+08:00,160.01,162.13,159.17,160.86,11720992,0.0,0.0
2019-03-21 00:00:00+08:00,161.71,162.55,160.01,162.55,8044786,0.0,0.0
2019-03-22 00:00:00+08:00,164.25,166.79,162.98,164.67,18422654,0.0,0.0
2019-03-25 00:00:00+08:00,159.17,160.86,157.9,159.17,11445805,0.0,0.0
2019-03-26 00:00:00+08:00,160.01,162.13,160.01,161.28,7435792,0.0,0.0
2019-03-27 00:00:00+08:00,162.98,166.79,161.71,166.79,13966900,0.0,0.0
2019-03-28 00:00:00+08:00,165.94,167.21,164.67,165.09,10684906,0.0,0.0
2019-03-29 00:00:00+08:00,166.79,170.17,165.94,169.33,13961250,0.0,0.0
2019-04-01 00:00:00+08:00,171.02,172.29,161.28,163.4,22542312,0.0,0.0
2019-04-02 00:00:00+08:00,164.67,165.52,161.28,162.55,9419692,0.0,0.0
2019-04-03 00:00:00+08:00,163.82,168.06,162.55,165.94,14252318,0.0,0.0
2019-04-08 00:00:00+08:00,168.9,170.6,165.09,165.09,11363226,0.0,0.0
2019-04-09 00:00:00+08:00,166.79,176.52,165.52,174.41,28898655,0.0,0.0
2019-04-10 00:00:00+08:00,174.41,175.68,172.29,172.71,15699410,0.0,0.0
2019-04-11 00:00:00+08:00,174.41,181.18,173.98,175.25,25683871,0.0,0.0
2019-04-12 00:00:00+08:00,177.37,180.33,172.29,174.41,17091901,0.0,0.0
2019-04-15 00:00:00+08:00,176.95,179.49,176.52,179.49,9332849,0.0,0.0
2019-04-16 00:00:00+08:00,181.18,183.72,179.06,180.33,10998906,0.0,0.0
2019-04-17 00:00:00+08:00,184.14,195.57,182.87,190.49,20533402,0.0,0.0
2019-04-18 00:00:00+08:00,194.73,197.69,184.57,186.68,19962464,0.0,0.0
2019-04-19 00:00:00+08:00,190.49,191.76,184.99,189.65,11776530,0.0,0.0
2019-04-22 00:00:00+08:00,191.34,192.61,184.14,184.57,11459004,0.0,0.0
2019-04-23 00:00:00+08:00,185.41,185.41,177.79,179.91,11638887,0.0,0.0
2019-04-24 00:00:00+08:00,181.6,182.87,175.68,176.52,10137862,0.0,0.0
2019-04-25 00:00:00+08:00,171.87,176.95,169.75,176.95,15459886,0.0,0.0
2019-04-26 00:00:00+08:00,174.83,176.52,171.87,173.14,9591386,0.0,0.0
2019-04-29 00:00:00+08:00,166.79,168.9,156.63,156.63,25932272,0.0,0.0
2019-04-30 00:00:00+08:00,155.78,161.28,153.66,160.01,14812419,0.0,0.0
2019-05-02 00:00:00+08:00,159.17,161.28,157.05,160.86,8466787,0.0,0.0
2019-05-03 00:00:00+08:00,160.86,161.71,157.47,158.74,10008469,0.0,0.0
2019-05-06 00:00:00+08:00,154.09,156.63,151.97,152.39,13983617,0.0,0.0
2019-05-07 00:00:00+08:00,153.66,156.63,152.82,152.82,10705940,0.0,0.0
2019-05-08 00:00:00+08:00,150.7,152.82,148.58,152.82,11193100,0.0,0.0
2019-05-09 00:00:00+08:00,152.82,153.24,146.47,147.31,9530033,0.0,0.0
2019-05-10 00:00:00+08:00,148.16,152.39,146.47,149.01,15093209,0.0,0.0
2019-05-13 00:00:00+08:00,148.16,150.28,138.0,138.0,15348551,0.0,0.0
2019-05-14 00:00:00+08:00,134.61,140.54,132.07,140.54,18028116,0.0,0.0
2019-05-15 00:00:00+08:00,142.23,145.62,140.54,144.35,12500114,0.0,0.0
2019-05-16 00:00:00+08:00,143.5,144.77,138.0,138.85,11796114,0.0,0.0
2019-05-17 00:00:00+08:00,141.39,141.81,137.15,138.85,10038059,0.0,0.0
2019-05-20 00:00:00+08:00,140.96,142.66,138.42,138.42,8550830,0.0,0.0
2019-05-21 00:00:00+08:00,138.0,142.66,137.58,141.81,9134992,0.0,0.0
2019-05-22 00:00:00+08:00,141.81,143.5,138.85,138.85,7903706,0.0,0.0
2019-05-23 00:00:00+08:00,136.73,136.73,132.92,132.92,10412515,0.0,0.0
2019-05-24 00:00:00+08:00,134.19,135.04,130.38,130.38,8850181,0.0,0.0
2019-05-27 00:00:00+08:00,131.65,132.5,128.69,129.96,7071390,0.0,0.0
2019-05-28 00:00:00+08:00,131.23,132.5,129.53,132.07,5748769,0.0,0.0
2019-05-29 00:00:00+08:00,130.8,136.31,130.38,135.88,11245262,0.0,0.0
2019-05-30 00:00:00+08:00,136.31,137.15,132.07,132.07,11148101,0.0,0.0
2019-05-31 00:00:00+08:00,132.07,138.0,131.65,134.61,10435811,0.0,0.0
2019-06-03 00:00:00+08:00,134.19,135.46,132.5,132.92,8300224,0.0,0.0
2019-06-04 00:00:00+08:00,135.46,137.15,133.77,134.19,9685857,0.0,0.0
2019-06-05 00:00:00+08:00,137.15,137.58,130.38,131.23,12212794,0.0,0.0
2019-06-06 00:00:00+08:00,130.38,130.8,123.61,124.03,16032280,0.0,0.0
2019-06-10 00:00:00+08:00,127.0,128.69,124.46,127.0,9262972,0.0,0.0
2019-06-11 00:00:00+08:00,125.73,129.53,124.03,127.84,9243858,0.0,0.0
2019-06-12 00:00:00+08:00,127.84,129.53,126.15,128.69,5793500,0.0,0.0
2019-06-13 00:00:00+08:00,127.84,128.69,126.15,126.57,3905668,0.0,0.0
2019-06-14 00:00:00+08:00,127.84,130.38,127.0,127.84,8347762,0.0,0.0
2019-06-17 00:00:00+08:00,127.84,131.23,127.84,131.23,6942102,0.0,0.0
2019-06-18 00:00:00+08:00,131.23,132.07,128.69,128.69,5195869,0.0,0.0
2019-06-19 00:00:00+08:00,131.23,132.07,130.38,131.23,7743253,0.0,0.0
2019-06-20 00:00:00+08:00,133.77,141.81,133.77,140.12,28393386,0.0,0.0
2019-06-21 00:00:00+08:00,141.81,141.81,136.73,137.15,12708689,0.0,0.0
2019-06-24 00:00:00+08:00,137.15,141.39,136.31,141.39,8475153,0.0,0.0
2019-06-25 00:00:00+08:00,141.39,141.81,137.15,137.58,8361009,0.0,0.0
2019-06-26 00:00:00+08:00,137.58,139.27,137.15,138.0,4016553,0.0,0.0
2019-06-27 00:00:00+08:00,138.0,140.54,138.0,138.85,6209847,0.0,0.0
2019-06-28 00:00:00+08:00,139.27,140.54,137.58,138.85,4256458,0.0,0.0
2019-07-01 00:00:00+08:00,142.23,144.77,141.39,143.5,13820639,0.0,0.0
2019-07-02 00:00:00+08:00,143.93,146.89,141.81,145.62,11614002,0.0,0.0
2019-07-03 00:00:00+08:00,146.47,148.58,144.77,146.89,13964256,0.0,0.0
2019-07-04 00:00:00+08:00,148.58,154.93,148.16,153.24,22063791,0.0,0.0
2019-07-05 00:00:00+08:00,153.66,154.93,151.12,152.39,10865422,0.0,0.0
2019-07-08 00:00:00+08:00,151.12,152.39,148.16,148.58,7678544,0.0,0.0
2019-07-09 00:00:00+08:00,145.2,146.04,142.23,142.23,12620621,0.0,0.0
2019-07-10 00:00:00+08:00,143.5,146.04,143.5,145.62,6806580,0.0,0.0
2019-07-11 00:00:00+08:00,146.89,147.74,144.35,144.35,5522077,0.0,0.0
2019-07-12 00:00:00+08:00,145.2,146.47,143.08,146.04,5856465,0.0,0.0
2019-07-15 00:00:00+08:00,145.2,146.04,141.81,143.93,7470165,0.0,0.0
2019-07-16 00:00:00+08:00,145.2,148.58,144.77,147.31,9345690,0.0,0.0
2019-07-17 00:00:00+08:00,147.31,147.31,145.2,146.04,4035687,0.0,0.0
2019-07-18 00:00:00+08:00,145.62,146.47,142.23,142.66,6615550,0.0,0.0
2019-07-19 00:00:00+08:00,144.35,145.2,141.39,143.08,5159981,0.0,0.0
2019-07-22 00:00:00+08:00,142.23,143.08,139.27,139.69,6916132,0.0,0.0
2019-07-23 00:00:00+08:00,140.54,143.08,140.12,140.12,6028119,0.0,0.0
2019-07-24 00:00:00+08:00,143.5,145.2,142.23,142.66,9029507,0.0,0.0
2019-07-25 00:00:00+08:00,143.08,145.62,141.81,145.62,8081729,0.0,0.0
2019-07-26 00:00:00+08:00,145.62,150.28,144.77,150.28,13003721,0.0,0.0
2019-07-29 00:00:00+08:00,151.55,152.82,149.43,150.7,9461761,0.0,0.0
2019-07-30 00:00:00+08:00,152.82,154.93,149.85,149.85,15485139,0.0,0.0
2019-07-31 00:00:00+08:00,150.28,150.7,147.74,149.85,7582537,0.0,0.0
2019-08-01 00:00:00+08:00,148.16,152.39,147.74,152.39,6970205,0.0,0.0
2019-08-02 00:00:00+08:00,150.28,151.55,148.16,149.43,8400962,0.0,0.0
2019-08-05 00:00:00+08:00,149.85,153.24,148.16,148.16,10315730,0.0,0.0
2019-08-06 00:00:00+08:00,143.93,147.31,142.66,145.62,8356389,0.0,0.0
2019-08-07 00:00:00+08:00,147.74,148.16,140.12,140.12,14588266,0.0,0.0
2019-08-08 00:00:00+08:00,142.78,145.13,140.9,142.31,11561541,16.33,0.0
2019-08-12 00:00:00+08:00,142.78,145.13,141.37,144.66,5143351,0.0,0.0
2019-08-13 00:00:00+08:00,144.19,144.66,140.43,140.9,6212700,0.0,0.0
2019-08-14 00:00:00+08:00,143.25,143.72,139.96,139.96,5230700,0.0,0.0
2019-08-15 00:00:00+08:00,136.2,136.2,133.38,133.85,7703275,0.0,0.0
2019-08-16 00:00:00+08:00,134.79,136.67,133.85,136.2,5661812,0.0,0.0
2019-08-19 00:00:00+08:00,137.61,141.37,136.67,140.9,7022077,0.0,0.0
2019-08-20 00:00:00+08:00,141.84,142.78,139.49,139.96,4505582,0.0,0.0
2019-08-21 00:00:00+08:00,139.49,141.84,138.55,138.55,4527210,0.0,0.0
2019-08-22 00:00:00+08:00,140.9,140.9,137.14,137.14,3366091,0.0,0.0
2019-08-23 00:00:00+08:00,136.67,140.43,136.67,139.49,4784806,0.0,0.0
2019-08-26 00:00:00+08:00,136.2,137.61,133.85,135.73,4937184,0.0,0.0
2019-08-27 00:00:00+08:00,137.14,138.08,135.26,135.26,3218148,0.0,0.0
2019-08-28 00:00:00+08:00,137.14,139.49,136.2,139.02,5138865,0.0,0.0
2019-08-29 00:00:00+08:00,139.49,139.96,137.14,138.55,3014649,0.0,0.0
2019-08-30 00:00:00+08:00,140.9,151.7,140.9,148.41,27515710,0.0,0.0
2019-09-02 00:00:00+08:00,149.35,153.58,148.88,150.29,15317574,0.0,0.0
2019-09-03 00:00:00+08:00,150.29,152.17,147.94,150.29,6977103,0.0,0.0
2019-09-04 00:00:00+08:00,151.23,152.64,149.82,151.23,6524283,0.0,0.0
2019-09-05 00:00:00+08:00,153.11,155.93,151.7,152.64,11138865,0.0,0.0
2019-09-06 00:00:00+08:00,154.99,155.93,152.64,153.11,7897329,0.0,0.0
2019-09-10 00:00:00+08:00,147.0,148.41,145.6,147.0,4450256,0.0,0.0
2019-09-11 00:00:00+08:00,147.47,148.88,147.0,148.41,3422592,0.0,0.0
2019-09-12 00:00:00+08:00,149.82,151.23,148.88,149.82,3762307,0.0,0.0
2019-09-16 00:00:00+08:00,149.35,149.82,147.0,149.35,2285217,0.0,0.0
2019-09-17 00:00:00+08:00,152.17,154.99,151.23,151.23,8451064,0.0,0.0
2019-09-18 00:00:00+08:00,152.17,153.11,151.23,153.11,4557204,0.0,0.0
2019-09-19 00:00:00+08:00,154.05,154.52,151.23,152.17,3189056,0.0,0.0
2019-09-20 00:00:00+08:00,153.11,154.05,151.7,152.17,3149967,0.0,0.0
2019-09-23 00:00:00+08:00,152.64,153.58,151.23,151.7,2920296,0.0,0.0
2019-09-24 00:00:00+08:00,152.64,152.64,149.82,149.82,3073875,0.0,0.0
2019-09-25 00:00:00+08:00,148.88,149.35,147.0,148.41,2720800,0.0,0.0
2019-09-26 00:00:00+08:00,150.76,159.22,150.76,157.34,32172068,0.0,0.0
2019-09-27 00:00:00+08:00,160.16,163.91,159.69,163.91,28740288,0.0,0.0
2019-10-01 00:00:00+08:00,166.26,177.06,165.79,171.9,41868384,0.0,0.0
2019-10-02 00:00:00+08:00,170.96,174.25,170.02,170.96,16851005,0.0,0.0
2019-10-03 00:00:00+08:00,167.67,170.96,167.67,168.61,9711406,0.0,0.0
2019-10-04 00:00:00+08:00,170.02,171.9,164.85,167.2,11554549,0.0,0.0
2019-10-07 00:00:00+08:00,170.02,173.78,170.02,171.9,14543252,0.0,0.0
2019-10-08 00:00:00+08:00,171.9,173.31,168.14,170.02,18579340,0.0,0.0
2019-10-09 00:00:00+08:00,170.02,173.78,168.14,169.08,18845253,0.0,0.0
2019-10-14 00:00:00+08:00,172.84,175.65,171.43,173.78,16041088,0.0,0.0
2019-10-15 00:00:00+08:00,175.18,180.82,173.31,174.25,21811228,0.0,0.0
2019-10-16 00:00:00+08:00,175.65,176.59,167.67,168.14,12354700,0.0,0.0
2019-10-17 00:00:00+08:00,168.61,172.84,166.73,172.84,7142737,0.0,0.0
2019-10-18 00:00:00+08:00,173.78,173.78,170.02,171.43,6553261,0.0,0.0
2019-10-21 00:00:00+08:00,172.37,175.18,171.9,172.37,8916054,0.0,0.0
2019-10-22 00:00:00+08:00,173.78,174.71,170.02,170.96,5914962,0.0,0.0
2019-10-23 00:00:00+08:00,170.49,171.43,167.67,170.96,6685933,0.0,0.0
2019-10-24 00:00:00+08:00,172.84,174.25,172.37,172.37,9416560,0.0,0.0
2019-10-25 00:00:00+08:00,172.84,175.65,170.96,174.25,9171989,0.0,0.0
2019-10-28 00:00:00+08:00,175.65,176.12,173.31,173.78,5203830,0.0,0.0
2019-10-29 00:00:00+08:00,175.18,176.12,170.02,170.96,7976043,0.0,0.0
2019-10-30 00:00:00+08:00,171.43,175.65,170.96,175.65,11793720,0.0,0.0
2019-10-31 00:00:00+08:00,177.53,179.88,171.9,172.37,16106885,0.0,0.0
2019-11-01 00:00:00+08:00,170.96,170.96,164.38,170.49,17522546,0.0,0.0
2019-11-04 00:00:00+08:00,171.9,172.37,169.55,170.96,6245543,0.0,0.0
2019-11-05 00:00:00+08:00,171.9,172.37,169.55,170.96,5387346,0.0,0.0
2019-11-06 00:00:00+08:00,171.43,174.25,168.14,169.55,8691853,0.0,0.0
2019-11-07 00:00:00+08:00,168.61,170.02,163.91,164.38,9597156,0.0,0.0
2019-11-08 00:00:00+08:00,164.85,165.79,160.62,161.56,7864887,0.0,0.0
2019-11-11 00:00:00+08:00,161.09,161.09,147.94,150.29,16762376,0.0,0.0
2019-11-12 00:00:00+08:00,153.11,154.05,151.23,153.58,8296251,0.0,0.0
2019-11-13 00:00:00+08:00,156.87,162.03,156.4,157.81,20226271,0.0,0.0
2019-11-14 00:00:00+08:00,158.75,159.69,155.46,158.28,9661679,0.0,0.0
2019-11-15 00:00:00+08:00,159.69,160.16,156.4,156.4,4758079,0.0,0.0
2019-11-18 00:00:00+08:00,158.75,158.75,155.46,155.93,2846705,0.0,0.0
2019-11-19 00:00:00+08:00,156.4,158.28,155.93,157.34,2870903,0.0,0.0
2019-11-20 00:00:00+08:00,157.81,158.28,154.99,155.46,3884468,0.0,0.0
2019-11-21 00:00:00+08:00,152.64,154.99,150.76,154.99,5063662,0.0,0.0
2019-11-22 00:00:00+08:00,153.58,155.46,152.64,153.58,2939899,0.0,0.0
2019-11-25 00:00:00+08:00,154.99,158.75,153.58,158.28,6928618,0.0,0.0
2019-11-26 00:00:00+08:00,162.97,163.91,160.62,160.62,12174987,0.0,0.0
2019-11-27 00:00:00+08:00,161.56,165.79,161.56,165.32,10835022,0.0,0.0
2019-11-28 00:00:00+08:00,165.32,165.32,162.03,162.03,6042369,0.0,0.0
2019-11-29 00:00:00+08:00,163.91,163.91,158.75,159.69,5971036,0.0,0.0
2019-12-02 00:00:00+08:00,162.03,163.91,158.75,162.5,8573762,0.0,0.0
2019-12-03 00:00:00+08:00,162.03,170.49,161.09,166.26,18954931,0.0,0.0
2019-12-04 00:00:00+08:00,167.2,169.08,163.91,164.85,11100513,0.0,0.0
2019-12-05 00:00:00+08:00,166.26,167.2,164.38,165.32,8841600,0.0,0.0
2019-12-06 00:00:00+08:00,167.67,170.02,165.32,170.02,17857036,0.0,0.0
2019-12-09 00:00:00+08:00,173.78,174.71,171.43,172.84,18826154,0.0,0.0
2019-12-10 00:00:00+08:00,171.9,173.31,170.02,171.43,5884585,0.0,0.0
2019-12-11 00:00:00+08:00,171.43,174.25,170.49,172.84,9788157,0.0,0.0
2019-12-12 00:00:00+08:00,173.78,174.71,170.96,171.43,7038938,0.0,0.0
2019-12-13 00:00:00+08:00,173.31,174.25,170.02,172.37,9458619,0.0,0.0
2019-12-16 00:00:00+08:00,173.78,176.12,172.37,175.65,50853,0.0,0.0
2019-12-17 00:00:00+08:00,176.59,177.06,173.31,173.31,7033434,0.0,0.0
2019-12-18 00:00:00+08:00,172.84,175.18,171.9,172.37,6739938,0.0,0.0
2019-12-19 00:00:00+08:00,173.78,175.18,171.9,172.84,4925693,0.0,0.0
2019-12-20 00:00:00+08:00,174.71,179.88,174.25,177.53,24794054,0.0,0.0
2019-12-23 00:00:00+08:00,178.47,179.41,175.65,178.94,10173215,0.0,0.0
2019-12-24 00:00:00+08:00,183.17,196.79,183.17,195.38,48463807,0.0,0.0
2019-12-25 00:00:00+08:00,197.26,201.02,195.85,198.67,25135620,0.0,0.0
2019-12-26 00:00:00+08:00,199.61,201.96,193.97,195.85,15183948,0.0,0.0
2019-12-27 00:00:00+08:00,197.73,205.71,197.73,205.71,21458721,0.0,0.0
2019-12-30 00:00:00+08:00,208.06,219.33,207.59,216.05,26145775,0.0,0.0
2019-12-31 00:00:00+08:00,216.98,226.38,216.05,224.5,37050848,0.0,0.0
2020-01-02 00:00:00+08:00,226.85,230.6,220.74,224.97,22450765,0.0,0.0
2020-01-03 00:00:00+08:00,232.95,246.1,230.6,240.0,38670405,0.0,0.0
2020-01-06 00:00:00+08:00,239.53,242.35,234.83,237.18,20772960,0.0,0.0
2020-01-07 00:00:00+08:00,232.95,233.89,213.7,220.74,36594697,0.0,0.0
2020-01-08 00:00:00+08:00,212.29,226.38,210.41,221.68,32773703,0.0,0.0
2020-01-09 00:00:00+08:00,227.32,229.67,222.15,222.15,18170718,0.0,0.0
2020-01-10 00:00:00+08:00,222.62,225.44,215.58,218.39,13704768,0.0,0.0
2020-01-13 00:00:00+08:00,219.8,220.27,207.59,213.7,19526856,0.0,0.0
2020-01-14 00:00:00+08:00,216.51,224.03,216.51,221.68,18939631,0.0,0.0
2020-01-15 00:00:00+08:00,223.56,225.91,214.17,215.58,17760230,0.0,0.0
2020-01-16 00:00:00+08:00,215.58,221.21,215.58,219.33,11796786,0.0,0.0
2020-01-17 00:00:00+08:00,221.68,223.09,215.11,215.58,10078150,0.0,0.0
2020-01-20 00:00:00+08:00,215.58,217.92,214.64,217.92,6355193,0.0,0.0
2020-01-30 00:00:00+08:00,198.2,202.42,196.32,196.32,14750201,0.0,0.0
2020-01-31 00:00:00+08:00,199.14,201.49,192.09,197.73,17147631,0.0,0.0
2020-02-03 00:00:00+08:00,190.21,204.3,185.99,203.36,17291638,0.0,0.0
2020-02-04 00:00:00+08:00,173.78,221.68,173.31,221.68,20886350,0.0,0.0
2020-02-05 00:00:00+08:00,224.5,229.67,217.45,220.27,24263517,0.0,0.0
2020-02-06 00:00:00+08:00,225.44,229.2,220.74,224.03,17666160,0.0,0.0
2020-02-07 00:00:00+08:00,222.15,225.44,218.86,220.74,11731418,0.0,0.0
2020-02-10 00:00:00+08:00,215.11,220.74,210.88,214.64,16933958,0.0,0.0
2020-02-11 00:00:00+08:00,220.27,226.38,219.8,226.38,18814456,0.0,0.0
2020-02-12 00:00:00+08:00,227.32,229.2,226.38,227.79,13071004,0.0,0.0
2020-02-13 00:00:00+08:00,228.26,229.67,220.27,221.21,11760206,0.0,0.0
2020-02-14 00:00:00+08:00,222.15,227.32,221.21,227.32,12135360,0.0,0.0
2020-02-17 00:00:00+08:00,224.5,228.73,222.62,224.5,9935127,0.0,0.0
2020-02-18 00:00:00+08:00,228.26,233.89,220.74,220.74,23534927,0.0,0.0
2020-02-19 00:00:00+08:00,222.62,224.03,216.05,220.74,16849126,0.0,0.0
2020-02-20 00:00:00+08:00,223.56,224.5,220.74,222.15,8976310,0.0,0.0
2020-02-21 00:00:00+08:00,223.09,225.91,221.68,224.97,12450500,0.0,0.0
2020-02-24 00:00:00+08:00,221.68,226.38,219.8,226.38,10551085,0.0,0.0
2020-02-25 00:00:00+08:00,225.91,240.47,222.62,233.42,43764405,0.0,0.0
2020-02-26 00:00:00+08:00,227.32,230.6,214.64,214.64,33961726,0.0,0.0
2020-02-27 00:00:00+08:00,215.58,217.45,199.14,200.08,25093499,0.0,0.0
2020-03-02 00:00:00+08:00,196.79,209.47,193.97,204.77,20096819,0.0,0.0
2020-03-03 00:00:00+08:00,212.29,212.76,203.83,203.83,14611573,0.0,0.0
2020-03-04 00:00:00+08:00,202.89,204.3,193.5,197.73,19654102,0.0,0.0
2020-03-05 00:00:00+08:00,201.49,203.36,197.26,201.02,13484139,0.0,0.0
2020-03-06 00:00:00+08:00,197.26,198.67,195.85,196.32,10735031,0.0,0.0
2020-03-09 00:00:00+08:00,192.56,193.5,185.99,186.46,16326036,0.0,0.0
2020-03-10 00:00:00+08:00,184.11,193.5,182.23,193.5,20421574,0.0,0.0
2020-03-11 00:00:00+08:00,193.5,195.38,183.64,185.05,16189947,0.0,0.0
2020-03-12 00:00:00+08:00,182.7,183.64,167.2,167.67,23294590,0.0,0.0
2020-03-13 00:00:00+08:00,152.64,158.75,151.23,157.81,23669427,0.0,0.0
2020-03-16 00:00:00+08:00,157.81,164.38,147.0,147.0,22424098,0.0,0.0
2020-03-17 00:00:00+08:00,143.72,150.76,139.49,140.9,25150217,0.0,0.0
2020-03-18 00:00:00+08:00,144.19,145.13,135.26,135.73,17222330,0.0,0.0
2020-03-19 00:00:00+08:00,133.38,135.73,122.58,122.58,20716838,0.0,0.0
2020-03-20 00:00:00+08:00,130.1,134.79,128.22,134.79,13898220,0.0,0.0
2020-03-23 00:00:00+08:00,129.63,137.61,125.4,137.61,12573846,0.0,0.0
2020-03-24 00:00:00+08:00,146.07,150.29,144.66,149.35,14896810,0.0,0.0
2020-03-25 00:00:00+08:00,156.4,159.22,150.76,154.05,19922908,0.0,0.0
2020-03-26 00:00:00+08:00,152.17,154.52,146.53,154.52,15552155,0.0,0.0
2020-03-27 00:00:00+08:00,159.69,160.62,150.29,150.76,17498694,0.0,0.0
2020-03-30 00:00:00+08:00,143.72,153.58,143.25,152.17,13521795,0.0,0.0
2020-03-31 00:00:00+08:00,155.46,156.4,148.88,151.23,12367084,0.0,0.0
2020-04-01 00:00:00+08:00,150.76,152.64,148.41,152.64,8956477,0.0,0.0
2020-04-06 00:00:00+08:00,156.87,157.34,151.23,156.4,18759952,0.0,0.0
2020-04-07 00:00:00+08:00,159.22,161.09,157.34,158.28,19076871,0.0,0.0
2020-04-08 00:00:00+08:00,158.28,173.78,157.34,173.78,31978700,0.0,0.0
2020-04-09 00:00:00+08:00,176.12,181.29,167.67,170.02,30823366,0.0,0.0
2020-04-10 00:00:00+08:00,170.96,174.25,169.08,169.08,7928474,0.0,0.0
2020-04-13 00:00:00+08:00,168.14,169.08,162.97,163.91,6383805,0.0,0.0
2020-04-14 00:00:00+08:00,166.73,170.02,166.26,169.08,9031268,0.0,0.0
2020-04-15 00:00:00+08:00,179.41,185.99,177.53,185.99,27844669,0.0,0.0
2020-04-16 00:00:00+08:00,185.99,189.74,184.58,186.93,27515394,0.0,0.0
2020-04-17 00:00:00+08:00,193.5,194.44,180.35,181.76,26940435,0.0,0.0
2020-04-20 00:00:00+08:00,183.17,188.8,179.88,187.87,18931977,0.0,0.0
2020-04-21 00:00:00+08:00,185.52,187.4,179.88,180.35,16081596,0.0,0.0
2020-04-22 00:00:00+08:00,184.58,198.2,180.82,198.2,38268748,0.0,0.0
2020-04-23 00:00:00+08:00,199.61,201.49,192.09,192.56,35736355,0.0,0.0
2020-04-24 00:00:00+08:00,193.5,198.2,190.21,194.91,25876957,0.0,0.0
2020-04-27 00:00:00+08:00,199.14,208.06,195.85,201.96,35599493,0.0,0.0
2020-04-28 00:00:00+08:00,203.83,206.18,200.08,200.55,26753104,0.0,0.0
2020-04-29 00:00:00+08:00,201.49,203.83,198.2,198.2,15219536,0.0,0.0
2020-04-30 00:00:00+08:00,201.96,203.83,198.2,200.08,15853381,0.0,0.0
2020-05-04 00:00:00+08:00,186.93,196.32,186.93,196.32,17726211,0.0,0.0
2020-05-05 00:00:00+08:00,197.73,204.77,194.91,194.91,31804131,0.0,0.0
2020-05-06 00:00:00+08:00,197.26,197.73,192.56,194.91,12299046,0.0,0.0
2020-05-07 00:00:00+08:00,196.79,197.73,192.56,194.44,10630944,0.0,0.0
2020-05-08 00:00:00+08:00,196.79,197.26,190.68,191.15,8810104,0.0,0.0
2020-05-11 00:00:00+08:00,192.56,195.38,191.62,192.56,6848566,0.0,0.0
2020-05-12 00:00:00+08:00,190.21,192.56,184.11,185.52,15956492,0.0,0.0
2020-05-13 00:00:00+08:00,184.11,188.8,180.35,187.4,13478131,0.0,0.0
2020-05-14 00:00:00+08:00,185.99,185.99,177.06,177.53,12705177,0.0,0.0
2020-05-15 00:00:00+08:00,180.82,182.7,173.78,177.53,12789324,0.0,0.0
2020-05-18 00:00:00+08:00,175.65,178.0,169.55,171.9,14361890,0.0,0.0
2020-05-19 00:00:00+08:00,176.12,180.35,173.31,178.94,11917669,0.0,0.0
2020-05-20 00:00:00+08:00,179.88,182.7,177.53,177.53,13771662,0.0,0.0
2020-05-21 00:00:00+08:00,179.88,180.82,176.12,178.47,6790733,0.0,0.0
2020-05-22 00:00:00+08:00,178.47,178.47,171.9,172.84,7495927,0.0,0.0
2020-05-25 00:00:00+08:00,172.84,176.59,168.14,176.59,9351126,0.0,0.0
2020-05-26 00:00:00+08:00,182.7,183.64,176.59,176.59,15376878,0.0,0.0
2020-05-27 00:00:00+08:00,178.0,181.29,177.06,179.41,9917908,0.0,0.0
2020-05-28 00:00:00+08:00,180.82,181.29,176.12,176.12,7207969,0.0,0.0
2020-05-29 00:00:00+08:00,174.71,178.94,173.78,175.65,7697737,0.0,0.0
2020-06-01 00:00:00+08:00,177.06,181.76,176.12,180.82,9105479,0.0,0.0
2020-06-02 00:00:00+08:00,181.29,182.23,177.53,178.47,7540461,0.0,0.0
2020-06-03 00:00:00+08:00,181.29,183.64,178.94,182.7,10591684,0.0,0.0
2020-06-04 00:00:00+08:00,185.99,197.26,184.58,193.5,29697459,0.0,0.0
2020-06-05 00:00:00+08:00,193.5,193.5,185.99,186.46,19232042,0.0,0.0
2020-06-08 00:00:00+08:00,188.8,189.27,184.58,185.05,10525882,0.0,0.0
2020-06-09 00:00:00+08:00,184.58,188.33,184.11,185.52,5732073,0.0,0.0
2020-06-10 00:00:00+08:00,185.99,188.33,184.58,184.58,7764593,0.0,0.0
2020-06-11 00:00:00+08:00,184.11,185.52,176.59,178.0,9788719,0.0,0.0
2020-06-12 00:00:00+08:00,171.9,177.06,171.43,176.59,7230564,0.0,0.0
2020-06-15 00:00:00+08:00,176.12,178.0,172.84,173.31,5497076,0.0,0.0
2020-06-16 00:00:00+08:00,175.18,180.82,174.25,178.0,9375865,0.0,0.0
2020-06-17 00:00:00+08:00,177.53,178.47,174.71,176.12,8049044,0.0,0.0
2020-06-18 00:00:00+08:00,176.59,178.47,175.18,178.47,5310205,0.0,0.0
2020-06-19 00:00:00+08:00,180.35,181.29,175.65,175.65,8455312,0.0,0.0
2020-06-22 00:00:00+08:00,175.65,179.41,174.71,175.65,8438455,0.0,0.0
2020-06-23 00:00:00+08:00,178.47,179.88,175.18,178.0,8566253,0.0,0.0
2020-06-24 00:00:00+08:00,179.41,180.82,175.65,177.06,9473898,0.0,0.0
2020-06-29 00:00:00+08:00,174.25,174.71,170.96,172.84,9397631,0.0,0.0
2020-06-30 00:00:00+08:00,169.55,171.43,165.32,168.14,15144798,0.0,0.0
2020-07-01 00:00:00+08:00,169.08,171.43,167.67,168.14,6119858,0.0,0.0
2020-07-02 00:00:00+08:00,169.08,170.96,168.14,170.02,3785488,0.0,0.0
2020-07-03 00:00:00+08:00,170.96,171.9,168.14,168.14,5144219,0.0,0.0
2020-07-06 00:00:00+08:00,168.61,172.84,167.2,171.43,8399748,0.0,0.0
2020-07-07 00:00:00+08:00,173.31,175.18,171.9,172.37,11518650,0.0,0.0
2020-07-08 00:00:00+08:00,174.71,176.12,172.84,173.31,7236994,0.0,0.0
2020-07-09 00:00:00+08:00,173.78,174.71,170.49,170.96,4468254,0.0,0.0
2020-07-10 00:00:00+08:00,171.9,173.78,167.2,167.67,6800602,0.0,0.0
2020-07-13 00:00:00+08:00,169.08,170.96,167.67,170.49,4362403,0.0,0.0
2020-07-14 00:00:00+08:00,170.02,170.96,167.2,167.2,4477183,0.0,0.0
2020-07-15 00:00:00+08:00,170.02,170.96,166.26,166.73,3894230,0.0,0.0
2020-07-16 00:00:00+08:00,168.14,169.08,166.26,166.73,3266122,0.0,0.0
2020-07-17 00:00:00+08:00,168.14,168.61,165.32,165.32,3602770,0.0,0.0
2020-07-20 00:00:00+08:00,165.79,166.73,162.5,166.26,3826097,0.0,0.0
2020-07-21 00:00:00+08:00,167.67,170.02,167.2,168.14,4676678,0.0,0.0
2020-07-22 00:00:00+08:00,169.08,173.78,168.61,173.78,7913376,0.0,0.0
2020-07-23 00:00:00+08:00,174.71,174.71,168.61,169.08,7303629,0.0,0.0
2020-07-24 00:00:00+08:00,169.08,171.43,166.26,166.26,6249893,0.0,0.0
2020-07-27 00:00:00+08:00,167.67,171.9,164.85,170.49,7244139,0.0,0.0
2020-07-28 00:00:00+08:00,171.9,173.78,164.38,164.38,10607532,0.0,0.0
2020-07-29 00:00:00+08:00,162.5,165.79,161.56,163.44,5233402,0.0,0.0
2020-07-30 00:00:00+08:00,164.85,166.26,162.97,166.26,2955858,0.0,0.0
2020-07-31 00:00:00+08:00,164.85,166.73,163.91,164.85,5224832,0.0,0.0
2020-08-03 00:00:00+08:00,167.67,172.84,167.2,169.08,10434605,0.0,0.0
2020-08-04 00:00:00+08:00,170.49,171.43,167.67,170.02,5292648,0.0,0.0
2020-08-05 00:00:00+08:00,171.43,173.78,170.49,173.31,12554821,0.0,0.0
2020-08-06 00:00:00+08:00,175.73,176.21,172.34,172.82,6163451,5.5,0.0
2020-08-07 00:00:00+08:00,176.21,178.63,173.31,173.31,9845754,0.0,0.0
2020-08-10 00:00:00+08:00,173.31,173.79,169.92,170.4,3613458,0.0,0.0
2020-08-11 00:00:00+08:00,173.31,177.18,171.85,173.31,11904617,0.0,0.0
2020-08-12 00:00:00+08:00,174.76,177.66,173.79,176.21,9870763,0.0,0.0
2020-08-13 00:00:00+08:00,178.15,178.63,172.82,173.31,5685763,0.0,0.0
2020-08-14 00:00:00+08:00,173.79,176.21,171.37,175.73,3669136,0.0,0.0
2020-08-17 00:00:00+08:00,177.18,179.6,176.21,177.66,9597739,0.0,0.0
2020-08-18 00:00:00+08:00,179.6,180.08,176.69,178.15,7959733,0.0,0.0
2020-08-19 00:00:00+08:00,178.63,179.11,169.43,170.4,12097188,0.0,0.0
2020-08-20 00:00:00+08:00,169.43,169.92,153.46,156.36,17196963,0.0,0.0
2020-08-21 00:00:00+08:00,158.78,160.72,155.39,159.75,7797858,0.0,0.0
2020-08-24 00:00:00+08:00,162.17,162.17,155.39,157.33,7015554,0.0,0.0
2020-08-25 00:00:00+08:00,158.3,159.27,156.85,158.3,3754206,0.0,0.0
2020-08-26 00:00:00+08:00,158.3,158.78,156.36,158.3,2990949,0.0,0.0
2020-08-27 00:00:00+08:00,159.27,160.72,156.85,157.81,4633654,0.0,0.0
2020-08-28 00:00:00+08:00,157.81,159.27,155.39,157.81,3704496,0.0,0.0
2020-08-31 00:00:00+08:00,158.78,159.75,154.91,154.91,4960540,0.0,0.0
2020-09-01 00:00:00+08:00,155.39,156.85,152.97,156.36,4164545,0.0,0.0
2020-09-02 00:00:00+08:00,157.33,157.81,154.43,155.39,2795610,0.0,0.0
2020-09-03 00:00:00+08:00,157.33,157.81,155.88,156.36,3116678,0.0,0.0
2020-09-04 00:00:00+08:00,153.94,155.88,152.49,153.94,4189781,0.0,0.0
2020-09-07 00:00:00+08:00,154.43,155.39,151.04,151.52,3050071,0.0,0.0
2020-09-08 00:00:00+08:00,153.46,156.36,152.01,154.91,6585522,0.0,0.0
2020-09-09 00:00:00+08:00,153.94,156.36,152.97,156.36,5869029,0.0,0.0
2020-09-10 00:00:00+08:00,157.33,157.81,154.43,154.43,3404179,0.0,0.0
2020-09-11 00:00:00+08:00,153.94,156.36,153.46,154.91,2255551,0.0,0.0
2020-09-14 00:00:00+08:00,155.88,160.72,154.91,159.75,6456179,0.0,0.0
2020-09-15 00:00:00+08:00,159.75,160.24,157.81,157.81,3631807,0.0,0.0
2020-09-16 00:00:00+08:00,158.78,159.27,156.36,157.81,3265162,0.0,0.0
2020-09-17 00:00:00+08:00,157.33,161.2,157.33,158.78,4597637,0.0,0.0
2020-09-18 00:00:00+08:00,159.75,160.24,157.81,159.27,2126028,0.0,0.0
2020-09-21 00:00:00+08:00,159.27,159.27,155.88,155.88,2253289,0.0,0.0
2020-09-22 00:00:00+08:00,155.88,155.88,153.46,153.46,3234221,0.0,0.0
2020-09-23 00:00:00+08:00,153.94,154.91,151.52,152.01,2972072,0.0,0.0
2020-09-24 00:00:00+08:00,149.59,150.07,144.26,144.26,8055899,0.0,0.0
2020-09-25 00:00:00+08:00,146.2,147.16,138.45,141.36,6514740,0.0,0.0
2020-09-28 00:00:00+08:00,143.29,144.26,141.84,143.78,3437165,0.0,0.0
2020-09-29 00:00:00+08:00,145.71,151.04,145.23,146.2,9466161,0.0,0.0
2020-09-30 00:00:00+08:00,146.68,150.07,144.74,149.59,4880138,0.0,0.0
2020-10-05 00:00:00+08:00,149.59,152.97,147.65,151.52,6186136,0.0,0.0
2020-10-06 00:00:00+08:00,152.97,154.91,152.01,154.43,4675150,0.0,0.0
2020-10-07 00:00:00+08:00,153.46,155.88,152.97,153.94,2512831,0.0,0.0
2020-10-08 00:00:00+08:00,157.33,158.3,155.39,155.88,4027497,0.0,0.0
2020-10-12 00:00:00+08:00,156.85,157.33,152.97,154.43,3808317,0.0,0.0
2020-10-13 00:00:00+08:00,154.91,158.3,153.94,156.85,5647370,0.0,0.0
2020-10-14 00:00:00+08:00,156.85,158.3,154.91,155.88,2552433,0.0,0.0
2020-10-15 00:00:00+08:00,155.39,156.36,153.94,154.43,2985441,0.0,0.0
2020-10-16 00:00:00+08:00,154.91,158.3,154.43,155.88,6234652,0.0,0.0
2020-10-19 00:00:00+08:00,156.36,157.81,155.39,156.85,3231290,0.0,0.0
2020-10-20 00:00:00+08:00,155.88,158.3,155.39,156.36,2410656,0.0,0.0
2020-10-21 00:00:00+08:00,156.85,158.78,155.88,156.36,3704504,0.0,0.0
2020-10-22 00:00:00+08:00,156.85,157.81,154.91,156.36,3977548,0.0,0.0
2020-10-23 00:00:00+08:00,156.85,157.33,155.39,156.36,2003931,0.0,0.0
2020-10-26 00:00:00+08:00,157.33,161.2,156.85,161.2,7833860,0.0,0.0
2020-10-27 00:00:00+08:00,161.69,161.69,157.81,159.75,8547637,0.0,0.0
2020-10-28 00:00:00+08:00,159.75,161.2,156.85,158.3,5196095,0.0,0.0
2020-10-29 00:00:00+08:00,155.39,157.81,153.94,156.85,4451410,0.0,0.0
2020-10-30 00:00:00+08:00,156.85,160.72,155.88,158.3,6454126,0.0,0.0
2020-11-02 00:00:00+08:00,158.78,160.24,157.33,159.75,3811318,0.0,0.0
2020-11-03 00:00:00+08:00,162.17,175.73,162.17,175.73,35483429,0.0,0.0
2020-11-04 00:00:00+08:00,176.69,177.18,171.85,175.24,35145145,0.0,0.0
2020-11-05 00:00:00+08:00,175.24,178.15,171.37,173.31,13533583,0.0,0.0
2020-11-06 00:00:00+08:00,175.73,175.73,172.34,172.34,9699724,0.0,0.0
2020-11-09 00:00:00+08:00,177.18,178.63,174.27,176.69,10505004,0.0,0.0
2020-11-10 00:00:00+08:00,177.18,181.05,174.27,176.21,12871404,0.0,0.0
2020-11-11 00:00:00+08:00,177.18,181.05,176.21,180.08,11127476,0.0,0.0
2020-11-12 00:00:00+08:00,181.05,184.44,179.11,179.11,12670176,0.0,0.0
2020-11-13 00:00:00+08:00,179.11,182.02,177.66,181.05,6411038,0.0,0.0
2020-11-16 00:00:00+08:00,183.96,185.89,181.05,182.02,10940632,0.0,0.0
2020-11-17 00:00:00+08:00,183.96,183.96,181.05,181.05,6113733,0.0,0.0
2020-11-18 00:00:00+08:00,182.02,183.47,180.57,181.54,4770265,0.0,0.0
2020-11-19 00:00:00+08:00,181.54,185.41,180.57,182.99,7018680,0.0,0.0
2020-11-20 00:00:00+08:00,183.96,191.7,183.47,185.41,22861141,0.0,0.0
2020-11-23 00:00:00+08:00,186.86,188.31,184.44,187.34,8605600,0.0,0.0
2020-11-24 00:00:00+08:00,188.8,192.67,185.41,185.41,21777155,0.0,0.0
2020-11-25 00:00:00+08:00,185.41,186.38,178.15,178.63,20563135,0.0,0.0
2020-11-26 00:00:00+08:00,178.63,183.47,178.15,182.5,6191788,0.0,0.0
2020-11-27 00:00:00+08:00,182.5,186.38,182.02,185.89,6171076,0.0,0.0
2020-11-30 00:00:00+08:00,186.86,190.25,186.38,188.31,10482549,0.0,0.0
2020-12-01 00:00:00+08:00,192.67,197.99,191.22,195.57,24352031,0.0,0.0
2020-12-02 00:00:00+08:00,196.54,197.03,191.22,192.67,9852653,0.0,0.0
2020-12-03 00:00:00+08:00,194.12,198.48,192.67,195.09,12843826,0.0,0.0
2020-12-04 00:00:00+08:00,196.54,197.03,194.12,196.54,8396130,0.0,0.0
2020-12-07 00:00:00+08:00,205.26,208.16,198.48,201.87,21742445,0.0,0.0
2020-12-08 00:00:00+08:00,203.32,205.26,200.9,202.84,8394895,0.0,0.0
2020-12-09 00:00:00+08:00,207.68,222.68,205.74,222.68,42428252,0.0,0.0
2020-12-10 00:00:00+08:00,222.68,236.72,220.75,227.52,61207507,0.0,0.0
2020-12-11 00:00:00+08:00,233.33,239.14,222.2,234.3,44856519,0.0,0.0
2020-12-14 00:00:00+08:00,235.27,236.24,229.46,229.94,17600256,0.0,0.0
2020-12-15 00:00:00+08:00,230.91,231.88,213.97,215.91,26434353,0.0,0.0
2020-12-16 00:00:00+08:00,222.2,226.56,220.75,223.17,15189736,0.0,0.0
2020-12-17 00:00:00+08:00,223.17,224.14,213.0,222.68,17507787,0.0,0.0
2020-12-18 00:00:00+08:00,222.68,223.17,214.94,215.42,11724328,0.0,0.0
2020-12-21 00:00:00+08:00,213.49,218.33,207.68,214.45,14489575,0.0,0.0
2020-12-22 00:00:00+08:00,213.0,217.84,208.16,208.64,10062715,0.0,0.0
2020-12-23 00:00:00+08:00,209.61,216.39,208.16,213.49,11600262,0.0,0.0
2020-12-24 00:00:00+08:00,221.72,230.43,218.81,219.78,29868350,0.0,0.0
2020-12-25 00:00:00+08:00,221.72,223.17,214.45,215.91,10328798,0.0,0.0
2020-12-28 00:00:00+08:00,215.91,217.36,212.03,215.42,10038712,0.0,0.0
2020-12-29 00:00:00+08:00,215.91,219.78,213.0,217.36,11080319,0.0,0.0
2020-12-30 00:00:00+08:00,218.33,221.72,216.87,221.23,8636600,0.0,0.0
2020-12-31 00:00:00+08:00,224.14,226.56,220.26,223.17,10954877,0.0,0.0
2021-01-04 00:00:00+08:00,223.65,225.1,220.26,222.68,6570088,0.0,0.0
2021-01-05 00:00:00+08:00,222.68,228.98,220.75,225.59,11650724,0.0,0.0
2021-01-06 00:00:00+08:00,227.04,228.01,213.49,216.87,14575756,0.0,0.0
2021-01-07 00:00:00+08:00,221.72,225.1,217.36,223.17,10099664,0.0,0.0
2021-01-08 00:00:00+08:00,227.04,238.17,224.62,230.91,36609755,0.0,0.0
2021-01-11 00:00:00+08:00,234.79,238.66,231.4,234.3,18777064,0.0,0.0
2021-01-12 00:00:00+08:00,234.79,235.27,222.68,225.1,15163552,0.0,0.0
2021-01-13 00:00:00+08:00,227.52,232.85,226.07,230.91,16456207,0.0,0.0
2021-01-14 00:00:00+08:00,230.91,233.33,223.65,232.37,19579787,0.0,0.0
2021-01-15 00:00:00+08:00,234.3,235.27,224.62,224.62,14729806,0.0,0.0
2021-01-18 00:00:00+08:00,223.17,227.04,216.39,226.07,8185635,0.0,0.0
2021-01-19 00:00:00+08:00,228.49,230.91,225.59,227.04,6897993,0.0,0.0
2021-01-20 00:00:00+08:00,227.04,227.52,216.87,218.33,10233107,0.0,0.0
2021-01-21 00:00:00+08:00,221.23,222.68,217.36,220.75,6547410,0.0,0.0
2021-01-22 00:00:00+08:00,219.29,226.07,219.29,224.14,6917001,0.0,0.0
2021-01-25 00:00:00+08:00,224.62,232.85,223.65,231.4,17618870,0.0,0.0
2021-01-26 00:00:00+08:00,234.79,237.21,224.62,224.62,19095131,0.0,0.0
2021-01-27 00:00:00+08:00,226.56,228.01,221.72,225.59,6331342,0.0,0.0
2021-01-28 00:00:00+08:00,221.72,225.1,218.81,219.78,7032126,0.0,0.0
2021-01-29 00:00:00+08:00,222.68,224.62,213.49,213.49,6944618,0.0,0.0
2021-02-01 00:00:00+08:00,214.94,221.72,208.64,221.72,8888453,0.0,0.0
2021-02-02 00:00:00+08:00,222.2,227.52,222.2,225.1,6721906,0.0,0.0
2021-02-03 00:00:00+08:00,226.56,229.46,225.59,229.46,9742214,0.0,0.0
2021-02-04 00:00:00+08:00,227.52,229.94,224.62,225.1,4961565,0.0,0.0
2021-02-05 00:00:00+08:00,227.52,229.94,226.56,228.49,5403186,0.0,0.0
2021-02-17 00:00:00+08:00,235.75,251.24,232.85,251.24,28672785,0.0,0.0
2021-02-18 00:00:00+08:00,251.73,258.02,244.95,247.37,24394852,0.0,0.0
2021-02-19 00:00:00+08:00,250.76,259.47,247.37,256.57,18937175,0.0,0.0
2021-02-22 00:00:00+08:00,260.93,278.35,258.51,270.12,24069893,0.0,0.0
2021-02-23 00:00:00+08:00,270.12,282.23,264.8,279.81,21176316,0.0,0.0
2021-02-24 00:00:00+08:00,278.35,279.81,261.89,262.86,20094993,0.0,0.0
2021-02-25 00:00:00+08:00,270.61,274.0,258.51,260.44,16907308,0.0,0.0
2021-02-26 00:00:00+08:00,250.76,255.6,244.95,245.92,20601012,0.0,0.0
2021-03-02 00:00:00+08:00,252.21,253.67,242.53,243.02,8727889,0.0,0.0
2021-03-03 00:00:00+08:00,246.89,252.7,241.08,252.21,11872649,0.0,0.0
2021-03-04 00:00:00+08:00,248.82,250.76,244.47,245.92,7993449,0.0,0.0
2021-03-05 00:00:00+08:00,240.11,246.89,239.14,241.08,8018275,0.0,0.0
2021-03-08 00:00:00+08:00,244.95,245.44,232.37,232.85,9695236,0.0,0.0
2021-03-09 00:00:00+08:00,232.37,239.14,230.43,234.3,11455747,0.0,0.0
2021-03-10 00:00:00+08:00,237.69,238.17,230.43,230.91,8725889,0.0,0.0
2021-03-11 00:00:00+08:00,236.72,252.7,235.75,249.79,21851604,0.0,0.0
2021-03-12 00:00:00+08:00,251.73,254.15,245.44,245.92,13007500,0.0,0.0
2021-03-15 00:00:00+08:00,243.98,252.21,242.53,250.76,8023970,0.0,0.0
2021-03-16 00:00:00+08:00,255.6,260.93,250.28,250.76,16962719,0.0,0.0
2021-03-17 00:00:00+08:00,251.73,253.18,245.92,247.37,6092119,0.0,0.0
2021-03-18 00:00:00+08:00,249.79,250.28,241.08,243.98,8773161,0.0,0.0
2021-03-19 00:00:00+08:00,240.11,242.05,237.69,241.08,7533165,0.0,0.0
2021-03-22 00:00:00+08:00,240.11,247.37,237.69,244.95,6801439,0.0,0.0
2021-03-23 00:00:00+08:00,245.44,246.89,240.11,241.08,4996074,0.0,0.0
2021-03-24 00:00:00+08:00,239.14,243.98,238.66,240.11,4145855,0.0,0.0
2021-03-25 00:00:00+08:00,240.59,241.56,232.85,233.82,9137010,0.0,0.0
2021-03-26 00:00:00+08:00,237.69,244.95,237.21,244.47,10757027,0.0,0.0
2021-03-29 00:00:00+08:00,245.92,246.89,242.05,243.5,5918165,0.0,0.0
2021-03-30 00:00:00+08:00,244.95,250.28,243.98,245.44,7279271,0.0,0.0
2021-03-31 00:00:00+08:00,246.89,246.89,241.56,241.56,4683625,0.0,0.0
2021-04-01 00:00:00+08:00,244.47,245.92,240.59,245.44,5518226,0.0,0.0
2021-04-07 00:00:00+08:00,248.82,251.24,246.89,251.24,9195384,0.0,0.0
2021-04-08 00:00:00+08:00,256.57,258.02,251.73,252.7,14678144,0.0,0.0
2021-04-09 00:00:00+08:00,253.67,254.63,244.95,246.4,7873693,0.0,0.0
2021-04-12 00:00:00+08:00,247.37,247.86,242.05,242.53,4864281,0.0,0.0
2021-04-13 00:00:00+08:00,243.98,245.92,238.66,238.66,5842661,0.0,0.0
2021-04-14 00:00:00+08:00,239.63,241.08,228.98,235.27,8907837,0.0,0.0
2021-04-15 00:00:00+08:00,236.72,237.69,233.33,237.21,3658945,0.0,0.0
2021-04-16 00:00:00+08:00,238.17,240.11,234.3,238.66,5445368,0.0,0.0
2021-04-19 00:00:00+08:00,240.11,243.98,238.66,242.05,5147866,0.0,0.0
2021-04-20 00:00:00+08:00,242.05,249.79,241.56,243.5,9591366,0.0,0.0
2021-04-21 00:00:00+08:00,243.98,244.95,240.11,240.11,4481806,0.0,0.0
2021-04-22 00:00:00+08:00,242.05,243.5,232.85,232.85,5162159,0.0,0.0
2021-04-23 00:00:00+08:00,235.27,239.63,235.27,236.24,3890142,0.0,0.0
2021-04-26 00:00:00+08:00,238.17,240.11,235.75,236.72,3528523,0.0,0.0
2021-04-27 00:00:00+08:00,237.69,241.08,234.3,238.17,3697699,0.0,0.0
2021-04-28 00:00:00+08:00,238.66,239.63,234.79,236.24,3473716,0.0,0.0
2021-04-29 00:00:00+08:00,236.24,239.14,234.79,234.79,3009951,0.0,0.0
2021-05-03 00:00:00+08:00,233.33,234.3,221.23,221.23,9163599,0.0,0.0
2021-05-04 00:00:00+08:00,226.56,227.52,213.0,216.87,10218099,0.0,0.0
2021-05-05 00:00:00+08:00,218.81,220.26,206.22,207.19,7692560,0.0,0.0
2021-05-06 00:00:00+08:00,209.61,214.94,207.19,211.07,5732961,0.0,0.0
2021-05-07 00:00:00+08:00,214.45,225.1,213.49,223.65,9053666,0.0,0.0
2021-05-10 00:00:00+08:00,224.62,224.62,214.94,214.94,5890212,0.0,0.0
2021-05-11 00:00:00+08:00,207.68,209.13,196.06,198.48,10659458,0.0,0.0
2021-05-12 00:00:00+08:00,198.96,201.38,178.63,183.96,15937683,0.0,0.0
2021-05-13 00:00:00+08:00,179.6,190.25,174.76,185.41,8741360,0.0,0.0
2021-05-14 00:00:00+08:00,191.7,202.84,187.83,188.8,13970812,0.0,0.0
2021-05-17 00:00:00+08:00,174.76,187.34,171.85,178.15,9388651,0.0,0.0
2021-05-18 00:00:00+08:00,185.89,189.76,181.54,188.31,9055254,0.0,0.0
2021-05-19 00:00:00+08:00,184.44,187.83,181.54,186.38,5743649,0.0,0.0
2021-05-20 00:00:00+08:00,187.34,189.28,182.5,183.47,4493018,0.0,0.0
2021-05-21 00:00:00+08:00,189.76,195.57,183.96,185.89,10378185,0.0,0.0
2021-05-24 00:00:00+08:00,181.54,192.19,181.54,192.19,6148091,0.0,0.0
2021-05-25 00:00:00+08:00,194.12,199.93,192.19,197.99,8621616,0.0,0.0
2021-05-26 00:00:00+08:00,198.96,200.42,195.09,198.96,5055523,0.0,0.0
2021-05-27 00:00:00+08:00,197.51,198.48,194.61,194.61,5117019,0.0,0.0
2021-05-28 00:00:00+08:00,197.51,201.87,196.54,200.9,4778750,0.0,0.0
2021-05-31 00:00:00+08:00,203.32,205.74,198.96,203.32,7748091,0.0,0.0
2021-06-01 00:00:00+08:00,202.35,206.22,201.38,203.8,4809810,0.0,0.0
2021-06-02 00:00:00+08:00,204.29,205.74,196.54,197.99,4814954,0.0,0.0
2021-06-03 00:00:00+08:00,199.45,201.38,197.51,199.45,2307610,0.0,0.0
2021-06-04 00:00:00+08:00,195.57,196.54,192.67,195.57,3406791,0.0,0.0
2021-06-07 00:00:00+08:00,197.51,197.51,190.25,193.15,3227608,0.0,0.0
2021-06-08 00:00:00+08:00,195.09,197.51,194.61,196.54,2046080,0.0,0.0
2021-06-09 00:00:00+08:00,197.99,200.42,195.57,198.96,3278477,0.0,0.0
2021-06-10 00:00:00+08:00,199.93,201.87,197.99,200.9,4311462,0.0,0.0
2021-06-11 00:00:00+08:00,202.35,203.32,200.42,200.42,4256288,0.0,0.0
2021-06-15 00:00:00+08:00,201.87,213.0,200.9,211.07,11440193,0.0,0.0
2021-06-16 00:00:00+08:00,209.13,210.58,204.77,205.74,7188138,0.0,0.0
2021-06-17 00:00:00+08:00,203.32,212.52,202.35,210.1,7959537,0.0,0.0
2021-06-18 00:00:00+08:00,212.03,213.49,206.71,206.71,6200926,0.0,0.0
2021-06-21 00:00:00+08:00,205.26,205.74,199.45,200.42,4335302,0.0,0.0
2021-06-22 00:00:00+08:00,203.32,204.77,199.45,199.45,3120622,0.0,0.0
2021-06-23 00:00:00+08:00,201.38,206.22,200.9,205.26,4276216,0.0,0.0
2021-06-24 00:00:00+08:00,207.68,207.68,204.29,204.29,2236118,0.0,0.0
2021-06-25 00:00:00+08:00,206.22,208.64,204.29,205.74,4102919,0.0,0.0
2021-06-28 00:00:00+08:00,206.22,207.19,204.29,206.22,2840561,0.0,0.0
2021-06-29 00:00:00+08:00,211.07,213.0,206.71,206.71,7738567,0.0,0.0
2021-06-30 00:00:00+08:00,208.16,220.26,207.68,220.26,10068939,0.0,0.0
2021-07-01 00:00:00+08:00,215.42,215.42,207.19,207.19,11839724,0.0,0.0
2021-07-02 00:00:00+08:00,206.22,206.71,201.87,204.29,5417098,0.0,0.0
2021-07-05 00:00:00+08:00,205.74,208.16,204.29,205.26,4425789,0.0,0.0
2021-07-06 00:00:00+08:00,207.19,211.55,206.71,209.13,5290250,0.0,0.0
2021-07-07 00:00:00+08:00,210.1,213.97,207.68,211.07,7749527,0.0,0.0
2021-07-08 00:00:00+08:00,210.58,212.03,205.74,206.71,5837190,0.0,0.0
2021-07-09 00:00:00+08:00,205.26,207.68,204.29,204.29,3309397,0.0,0.0
2021-07-12 00:00:00+08:00,208.16,208.64,204.77,204.77,2041975,0.0,0.0
2021-07-13 00:00:00+08:00,207.19,210.58,205.74,206.22,4385340,0.0,0.0
2021-07-14 00:00:00+08:00,207.68,210.58,206.22,207.68,3323126,0.0,0.0
2021-07-15 00:00:00+08:00,209.13,212.03,206.71,208.64,4224423,0.0,0.0
2021-07-16 00:00:00+08:00,207.19,208.16,205.74,207.19,2126590,0.0,0.0
2021-07-19 00:00:00+08:00,206.22,206.22,201.87,204.29,3411458,0.0,0.0
2021-07-20 00:00:00+08:00,202.84,203.8,198.48,199.93,3275535,0.0,0.0
2021-07-21 00:00:00+08:00,201.87,204.29,198.48,198.48,4131160,0.0,0.0
2021-07-22 00:00:00+08:00,202.84,207.68,201.38,203.8,5777670,0.0,0.0
2021-07-23 00:00:00+08:00,208.16,208.64,201.38,202.35,3349595,0.0,0.0
2021-07-26 00:00:00+08:00,205.26,205.26,200.42,202.84,2638559,0.0,0.0
2021-07-27 00:00:00+08:00,203.8,206.22,198.96,198.96,3577097,0.0,0.0
2021-07-28 00:00:00+08:00,198.96,200.9,190.73,197.03,3911065,0.0,0.0
2021-07-29 00:00:00+08:00,198.48,199.45,195.09,197.99,1805693,0.0,0.0
2021-07-30 00:00:00+08:00,197.03,197.99,193.64,193.64,1840208,0.0,0.0
2021-08-02 00:00:00+08:00,195.57,202.35,194.12,202.35,2928667,0.0,0.0
2021-08-03 00:00:00+08:00,199.93,204.29,197.99,199.93,2675773,0.0,0.0
2021-08-04 00:00:00+08:00,200.42,201.38,198.96,199.45,1094728,0.0,0.0
2021-08-05 00:00:00+08:00,199.93,202.84,198.96,201.38,1617581,0.0,0.0
2021-08-06 00:00:00+08:00,201.38,201.38,196.54,197.99,2249730,0.0,0.0
2021-08-09 00:00:00+08:00,198.96,200.42,194.61,194.61,2936988,0.0,0.0
2021-08-10 00:00:00+08:00,196.06,196.54,191.22,191.22,2521243,0.0,0.0
2021-08-11 00:00:00+08:00,193.64,193.64,187.83,188.31,2896291,0.0,0.0
2021-08-12 00:00:00+08:00,189.76,191.22,188.31,188.8,1456205,0.0,0.0
2021-08-13 00:00:00+08:00,188.31,188.8,182.02,182.02,3891249,0.0,0.0
2021-08-16 00:00:00+08:00,179.11,182.99,178.15,182.02,2315104,0.0,0.0
2021-08-17 00:00:00+08:00,182.02,182.02,182.02,182.02,0,0.0,0.0
2021-08-18 00:00:00+08:00,175.73,184.44,174.76,183.96,2831855,0.0,0.0
2021-08-19 00:00:00+08:00,179.11,179.11,170.89,171.37,6593635,0.0,0.0
2021-08-20 00:00:00+08:00,172.34,174.76,167.98,172.34,3100537,0.0,0.0
2021-08-23 00:00:00+08:00,174.76,177.18,174.76,177.18,1562845,0.0,0.0
2021-08-24 00:00:00+08:00,178.15,180.57,176.69,176.69,2143548,0.0,0.0
2021-08-25 00:00:00+08:00,177.18,183.96,177.18,182.5,2655150,0.0,0.0
2021-08-26 00:00:00+08:00,183.96,184.44,178.15,179.11,2197562,0.0,0.0
2021-08-27 00:00:00+08:00,180.08,184.92,179.6,182.99,3150795,0.0,0.0
2021-08-30 00:00:00+08:00,185.5,186.5,182.5,183.5,1519702,6.01,0.0
2021-08-31 00:00:00+08:00,184.0,184.5,179.0,180.5,2162162,0.0,0.0
2021-09-01 00:00:00+08:00,183.5,187.0,182.0,186.5,2037279,0.0,0.0
2021-09-02 00:00:00+08:00,185.0,186.0,181.0,181.0,2061509,0.0,0.0
2021-09-03 00:00:00+08:00,182.5,184.0,181.5,182.0,1028575,0.0,0.0
2021-09-06 00:00:00+08:00,182.5,183.5,179.0,179.5,1177570,0.0,0.0
2021-09-07 00:00:00+08:00,180.0,181.0,178.0,178.5,1772590,0.0,0.0
2021-09-08 00:00:00+08:00,180.0,180.5,173.5,175.0,2489267,0.0,0.0
2021-09-09 00:00:00+08:00,173.0,176.5,171.5,174.0,2222770,0.0,0.0
2021-09-10 00:00:00+08:00,174.0,175.0,171.0,175.0,1882187,0.0,0.0
2021-09-13 00:00:00+08:00,175.0,175.5,172.0,172.5,1573440,0.0,0.0
2021-09-14 00:00:00+08:00,173.5,175.5,171.5,172.0,1469562,0.0,0.0
2021-09-15 00:00:00+08:00,170.5,172.0,167.0,167.5,2966814,0.0,0.0
2021-09-16 00:00:00+08:00,170.0,171.0,167.0,168.5,2676489,0.0,0.0
2021-09-17 00:00:00+08:00,167.5,171.0,167.5,170.5,2174087,0.0,0.0
2021-09-22 00:00:00+08:00,166.0,167.0,164.0,165.0,2747176,0.0,0.0
2021-09-23 00:00:00+08:00,166.5,168.5,165.5,165.5,1527845,0.0,0.0
2021-09-24 00:00:00+08:00,166.5,168.5,166.5,166.5,1255625,0.0,0.0
2021-09-27 00:00:00+08:00,166.0,167.5,163.5,163.5,1832468,0.0,0.0
2021-09-28 00:00:00+08:00,162.0,162.5,157.5,158.0,3517208,0.0,0.0
2021-09-29 00:00:00+08:00,154.5,156.0,151.0,155.0,6146088,0.0,0.0
2021-09-30 00:00:00+08:00,155.0,155.0,151.0,153.0,4750905,0.0,0.0
2021-10-01 00:00:00+08:00,152.0,154.0,147.5,149.5,4708555,0.0,0.0
2021-10-04 00:00:00+08:00,150.0,152.0,146.0,146.0,2413922,0.0,0.0
2021-10-05 00:00:00+08:00,143.0,149.5,143.0,149.0,3158550,0.0,0.0
2021-10-06 00:00:00+08:00,150.5,150.5,143.0,143.5,3212732,0.0,0.0
2021-10-07 00:00:00+08:00,145.0,151.0,145.0,150.0,5605008,0.0,0.0
2021-10-08 00:00:00+08:00,150.0,152.5,147.0,148.0,2608697,0.0,0.0
2021-10-12 00:00:00+08:00,145.5,146.0,143.5,144.0,3805749,0.0,0.0
2021-10-13 00:00:00+08:00,144.5,145.5,138.0,138.5,4525117,0.0,0.0
2021-10-14 00:00:00+08:00,140.0,143.5,138.0,142.0,4215592,0.0,0.0
2021-10-15 00:00:00+08:00,144.0,147.0,143.5,146.0,2944052,0.0,0.0
2021-10-18 00:00:00+08:00,146.0,147.0,142.0,143.0,2277011,0.0,0.0
2021-10-19 00:00:00+08:00,143.0,146.0,141.0,145.0,3518756,0.0,0.0
2021-10-20 00:00:00+08:00,144.5,148.0,144.0,147.5,3275075,0.0,0.0
2021-10-21 00:00:00+08:00,146.5,149.0,144.5,147.5,3092144,0.0,0.0
2021-10-22 00:00:00+08:00,147.5,149.0,146.0,149.0,2475769,0.0,0.0
2021-10-25 00:00:00+08:00,148.0,152.0,146.5,151.5,2029215,0.0,0.0
2021-10-26 00:00:00+08:00,151.5,153.0,150.0,150.5,2362322,0.0,0.0
2021-10-27 00:00:00+08:00,150.5,151.5,148.0,151.5,2093706,0.0,0.0
2021-10-28 00:00:00+08:00,152.0,156.0,151.5,153.5,4630494,0.0,0.0
2021-10-29 00:00:00+08:00,154.0,154.5,150.5,151.0,2566077,0.0,0.0
2021-11-01 00:00:00+08:00,151.5,152.0,149.5,150.0,1906911,0.0,0.0
2021-11-02 00:00:00+08:00,149.0,149.0,142.5,144.0,4946205,0.0,0.0
2021-11-03 00:00:00+08:00,148.5,158.0,148.0,158.0,13728879,0.0,0.0
2021-11-04 00:00:00+08:00,162.5,164.0,155.5,157.5,16014443,0.0,0.0
2021-11-05 00:00:00+08:00,156.5,157.0,153.0,154.0,4955924,0.0,0.0
2021-11-08 00:00:00+08:00,151.0,153.0,149.0,151.5,3981866,0.0,0.0
2021-11-09 00:00:00+08:00,151.5,161.0,150.5,159.0,7304696,0.0,0.0
2021-11-10 00:00:00+08:00,158.0,161.5,156.5,159.0,4343625,0.0,0.0
2021-11-11 00:00:00+08:00,157.0,159.0,156.0,156.5,2740101,0.0,0.0
2021-11-12 00:00:00+08:00,155.0,156.5,154.0,154.5,3930596,0.0,0.0
2021-11-15 00:00:00+08:00,155.0,161.0,155.0,160.0,4590233,0.0,0.0
2021-11-16 00:00:00+08:00,160.0,161.5,159.0,160.5,3883562,0.0,0.0
2021-11-17 00:00:00+08:00,161.5,172.0,160.5,171.0,11568307,0.0,0.0
2021-11-18 00:00:00+08:00,172.0,177.5,171.5,175.0,11044445,0.0,0.0
2021-11-19 00:00:00+08:00,178.0,179.5,173.5,177.5,7196075,0.0,0.0
2021-11-22 00:00:00+08:00,178.0,184.0,177.5,183.5,8010019,0.0,0.0
2021-11-23 00:00:00+08:00,183.5,183.5,179.0,180.0,6045876,0.0,0.0
2021-11-24 00:00:00+08:00,178.0,181.5,174.0,179.5,7012244,0.0,0.0
2021-11-25 00:00:00+08:00,179.0,181.5,178.0,178.5,3597848,0.0,0.0
2021-11-26 00:00:00+08:00,178.0,179.5,172.5,173.0,4603234,0.0,0.0
2021-11-29 00:00:00+08:00,169.0,178.0,166.5,176.0,7249425,0.0,0.0
2021-11-30 00:00:00+08:00,177.5,181.5,173.0,173.5,29583857,0.0,0.0
2021-12-01 00:00:00+08:00,174.5,177.5,173.0,174.5,6529122,0.0,0.0
2021-12-02 00:00:00+08:00,175.0,176.5,171.0,171.0,5304838,0.0,0.0
2021-12-03 00:00:00+08:00,172.0,173.0,170.5,172.5,3546622,0.0,0.0
2021-12-06 00:00:00+08:00,171.0,172.5,169.0,169.0,2844680,0.0,0.0
2021-12-07 00:00:00+08:00,168.0,168.5,164.0,164.0,7735274,0.0,0.0
2021-12-08 00:00:00+08:00,166.0,167.5,164.0,164.0,4001057,0.0,0.0
2021-12-09 00:00:00+08:00,164.0,167.5,164.0,167.0,2996693,0.0,0.0
2021-12-10 00:00:00+08:00,166.0,166.0,162.5,164.0,2549759,0.0,0.0
2021-12-13 00:00:00+08:00,163.5,165.0,161.5,162.0,4241226,0.0,0.0
2021-12-14 00:00:00+08:00,161.5,165.0,160.5,162.5,4117151,0.0,0.0
2021-12-15 00:00:00+08:00,163.5,169.5,163.0,167.5,7610349,0.0,0.0
2021-12-16 00:00:00+08:00,168.5,169.5,166.0,166.0,4063974,0.0,0.0
2021-12-17 00:00:00+08:00,165.0,167.5,165.0,166.5,2813706,0.0,0.0
2021-12-20 00:00:00+08:00,165.0,167.0,164.5,165.0,2095051,0.0,0.0
2021-12-21 00:00:00+08:00,166.0,168.5,164.5,167.0,2268949,0.0,0.0
2021-12-22 00:00:00+08:00,168.0,170.0,167.0,169.0,3629842,0.0,0.0
2021-12-23 00:00:00+08:00,170.5,171.0,168.5,169.0,3147909,0.0,0.0
2021-12-24 00:00:00+08:00,170.0,171.0,166.0,166.0,2696399,0.0,0.0
2021-12-27 00:00:00+08:00,167.0,169.0,165.5,167.0,2356194,0.0,0.0
2021-12-28 00:00:00+08:00,168.0,169.5,167.0,167.5,1321496,0.0,0.0
2021-12-29 00:00:00+08:00,168.5,168.5,166.0,166.5,1331265,0.0,0.0
2021-12-30 00:00:00+08:00,167.0,168.0,166.0,167.0,1359372,0.0,0.0
2022-01-03 00:00:00+08:00,168.0,171.5,166.5,171.0,5255940,0.0,0.0
2022-01-04 00:00:00+08:00,173.5,180.5,173.0,177.0,17327304,0.0,0.0
2022-01-05 00:00:00+08:00,178.0,178.0,172.0,173.0,6679048,0.0,0.0
2022-01-06 00:00:00+08:00,170.0,173.0,170.0,171.5,2615154,0.0,0.0
2022-01-07 00:00:00+08:00,172.0,173.5,166.0,167.0,4120918,0.0,0.0
2022-01-10 00:00:00+08:00,166.0,169.0,164.5,167.5,1674705,0.0,0.0
2022-01-11 00:00:00+08:00,166.0,166.0,160.0,160.5,5784244,0.0,0.0
2022-01-12 00:00:00+08:00,161.5,162.0,155.5,156.0,4139950,0.0,0.0
2022-01-13 00:00:00+08:00,156.0,157.0,153.0,154.5,2807076,0.0,0.0
2022-01-14 00:00:00+08:00,154.5,155.0,150.5,154.5,2756449,0.0,0.0
2022-01-17 00:00:00+08:00,154.5,158.5,153.0,157.0,2297460,0.0,0.0
2022-01-18 00:00:00+08:00,160.0,163.0,157.5,157.5,4304030,0.0,0.0
2022-01-19 00:00:00+08:00,156.0,158.5,155.5,156.5,1918670,0.0,0.0
2022-01-20 00:00:00+08:00,156.5,158.5,155.5,158.5,850770,0.0,0.0
2022-01-21 00:00:00+08:00,157.0,157.0,155.0,155.5,1888509,0.0,0.0
2022-01-24 00:00:00+08:00,154.0,154.5,151.0,154.0,1445910,0.0,0.0
2022-01-25 00:00:00+08:00,152.0,153.5,151.0,151.0,1817031,0.0,0.0
2022-01-26 00:00:00+08:00,151.5,153.0,150.0,150.5,1906825,0.0,0.0
2022-02-07 00:00:00+08:00,151.0,155.5,151.0,153.5,2186444,0.0,0.0
2022-02-08 00:00:00+08:00,153.5,157.5,153.5,156.5,1684025,0.0,0.0
2022-02-09 00:00:00+08:00,157.5,159.0,156.0,158.5,1670751,0.0,0.0
2022-02-10 00:00:00+08:00,159.5,160.0,157.5,158.5,1872376,0.0,0.0
2022-02-11 00:00:00+08:00,157.0,159.5,157.0,159.5,1703560,0.0,0.0
2022-02-14 00:00:00+08:00,157.0,157.5,154.0,154.5,1627850,0.0,0.0
2022-02-15 00:00:00+08:00,154.5,157.0,154.5,155.0,1276535,0.0,0.0
2022-02-16 00:00:00+08:00,157.0,159.0,157.0,158.5,1673904,0.0,0.0
2022-02-17 00:00:00+08:00,159.0,162.0,157.5,158.5,1675927,0.0,0.0
2022-02-18 00:00:00+08:00,156.0,157.5,155.5,157.0,1838459,0.0,0.0
2022-02-21 00:00:00+08:00,156.0,158.0,154.5,157.5,1318059,0.0,0.0
2022-02-22 00:00:00+08:00,157.0,157.0,151.5,153.5,2629074,0.0,0.0
2022-02-23 00:00:00+08:00,152.0,153.5,150.5,151.5,2699979,0.0,0.0
2022-02-24 00:00:00+08:00,150.0,150.5,146.0,146.5,3681346,0.0,0.0
2022-02-25 00:00:00+08:00,148.5,149.0,146.0,146.0,2073715,0.0,0.0
2022-03-01 00:00:00+08:00,149.0,153.0,148.0,151.0,2423581,0.0,0.0
2022-03-02 00:00:00+08:00,149.0,151.5,149.0,151.0,1151946,0.0,0.0
2022-03-03 00:00:00+08:00,152.0,152.5,150.0,150.0,1460547,0.0,0.0
2022-03-04 00:00:00+08:00,148.0,149.0,147.0,148.0,1322131,0.0,0.0
2022-03-07 00:00:00+08:00,146.5,147.0,141.0,142.0,3543052,0.0,0.0
2022-03-08 00:00:00+08:00,138.0,143.0,138.0,138.0,3083776,0.0,0.0
2022-03-09 00:00:00+08:00,140.5,141.0,138.5,139.5,1946350,0.0,0.0
2022-03-10 00:00:00+08:00,142.5,144.0,141.5,142.5,1680025,0.0,0.0
2022-03-11 00:00:00+08:00,141.5,142.5,140.0,141.5,943698,0.0,0.0
2022-03-14 00:00:00+08:00,141.5,142.5,140.5,141.5,905588,0.0,0.0
2022-03-15 00:00:00+08:00,140.0,140.5,138.0,138.5,1751230,0.0,0.0
2022-03-16 00:00:00+08:00,140.0,140.5,135.5,136.0,2721606,0.0,0.0
2022-03-17 00:00:00+08:00,140.0,144.5,139.5,144.5,3537407,0.0,0.0
2022-03-18 00:00:00+08:00,142.0,144.0,140.5,144.0,2218077,0.0,0.0
2022-03-21 00:00:00+08:00,145.0,146.0,143.5,144.0,1113118,0.0,0.0
2022-03-22 00:00:00+08:00,144.0,145.5,143.5,145.0,1082657,0.0,0.0
2022-03-23 00:00:00+08:00,146.0,147.5,144.0,145.0,1629534,0.0,0.0
2022-03-24 00:00:00+08:00,143.5,144.5,143.0,144.0,1099281,0.0,0.0
2022-03-25 00:00:00+08:00,145.0,145.5,141.0,141.0,1422543,0.0,0.0
2022-03-28 00:00:00+08:00,139.5,141.0,138.0,140.0,1069022,0.0,0.0
2022-03-29 00:00:00+08:00,141.0,141.0,138.5,141.0,1009544,0.0,0.0
2022-03-30 00:00:00+08:00,142.0,144.5,142.0,143.5,1669246,0.0,0.0
2022-03-31 00:00:00+08:00,145.0,145.0,142.0,142.0,742788,0.0,0.0
2022-04-01 00:00:00+08:00,140.5,141.0,139.0,141.0,742708,0.0,0.0
2022-04-06 00:00:00+08:00,140.0,140.0,138.5,139.5,977063,0.0,0.0
2022-04-07 00:00:00+08:00,138.5,139.0,135.5,135.5,1959864,0.0,0.0
2022-04-08 00:00:00+08:00,136.5,137.5,135.5,136.0,1203841,0.0,0.0
2022-04-11 00:00:00+08:00,136.0,136.0,128.5,128.5,3435667,0.0,0.0
2022-04-12 00:00:00+08:00,128.0,129.5,126.5,128.0,1856574,0.0,0.0
2022-04-13 00:00:00+08:00,130.0,133.0,129.5,132.0,1255846,0.0,0.0
2022-04-14 00:00:00+08:00,132.5,133.0,131.0,131.5,935314,0.0,0.0
2022-04-15 00:00:00+08:00,130.5,130.5,128.0,129.0,1192429,0.0,0.0
2022-04-18 00:00:00+08:00,128.0,129.5,127.0,128.0,1149457,0.0,0.0
2022-04-19 00:00:00+08:00,129.5,131.5,128.5,129.5,1408817,0.0,0.0
2022-04-20 00:00:00+08:00,130.0,130.5,127.0,129.0,4016853,0.0,0.0
2022-04-21 00:00:00+08:00,130.0,132.0,129.5,132.0,1585625,0.0,0.0
2022-04-22 00:00:00+08:00,130.5,131.0,128.0,129.0,1337768,0.0,0.0
2022-04-25 00:00:00+08:00,125.5,126.0,120.5,121.5,3381181,0.0,0.0
2022-04-26 00:00:00+08:00,122.5,123.0,119.5,121.0,1330326,0.0,0.0
2022-04-27 00:00:00+08:00,117.5,121.5,116.0,121.0,2519501,0.0,0.0
2022-04-28 00:00:00+08:00,121.0,123.5,120.0,122.5,1489022,0.0,0.0
2022-04-29 00:00:00+08:00,124.0,124.5,121.5,122.5,1396326,0.0,0.0
2022-05-03 00:00:00+08:00,122.5,124.0,121.0,123.5,1041304,0.0,0.0
2022-05-04 00:00:00+08:00,121.0,121.0,117.0,117.5,4215729,0.0,0.0
2022-05-05 00:00:00+08:00,118.5,120.0,117.0,118.0,2285471,0.0,0.0
2022-05-06 00:00:00+08:00,114.0,115.0,112.5,113.0,3065966,0.0,0.0
2022-05-09 00:00:00+08:00,111.0,112.0,107.0,108.5,4446719,0.0,0.0
2022-05-10 00:00:00+08:00,106.5,110.0,105.0,109.5,3209085,0.0,0.0
2022-05-11 00:00:00+08:00,108.5,109.0,105.5,107.0,3173255,0.0,0.0
2022-05-12 00:00:00+08:00,105.0,108.0,104.0,104.0,2983995,0.0,0.0
2022-05-13 00:00:00+08:00,105.5,106.5,104.0,106.5,1733666,0.0,0.0
2022-05-16 00:00:00+08:00,107.5,108.5,106.0,106.5,1370313,0.0,0.0
2022-05-17 00:00:00+08:00,107.5,113.0,106.5,112.5,2970282,0.0,0.0
2022-05-18 00:00:00+08:00,113.5,115.5,112.0,113.0,3418746,0.0,0.0
2022-05-19 00:00:00+08:00,109.5,112.0,109.0,111.0,1423260,0.0,0.0
2022-05-20 00:00:00+08:00,112.5,113.0,110.0,111.5,1110141,0.0,0.0
2022-05-23 00:00:00+08:00,112.5,112.5,110.5,111.5,663610,0.0,0.0
2022-05-24 00:00:00+08:00,111.5,112.0,108.0,108.0,1036327,0.0,0.0
2022-05-25 00:00:00+08:00,109.5,112.0,108.0,111.0,1436254,0.0,0.0
2022-05-26 00:00:00+08:00,112.0,113.5,110.5,111.0,1376203,0.0,0.0
2022-05-27 00:00:00+08:00,112.5,116.5,112.5,116.0,2809213,0.0,0.0
2022-05-30 00:00:00+08:00,119.0,120.0,115.5,116.5,4302961,0.0,0.0
2022-05-31 00:00:00+08:00,116.0,117.0,115.0,116.0,1422658,0.0,0.0
2022-06-01 00:00:00+08:00,116.0,118.0,115.5,116.5,1401369,0.0,0.0
2022-06-02 00:00:00+08:00,115.5,119.0,115.0,118.0,2080243,0.0,0.0
2022-06-06 00:00:00+08:00,118.5,121.0,117.0,120.0,2387123,0.0,0.0
2022-06-07 00:00:00+08:00,119.0,119.5,118.0,118.0,1174848,0.0,0.0
2022-06-08 00:00:00+08:00,119.5,120.0,117.5,118.0,1021078,0.0,0.0
2022-06-09 00:00:00+08:00,117.5,118.5,117.0,117.0,677191,0.0,0.0
2022-06-10 00:00:00+08:00,115.5,115.5,113.0,113.5,1480685,0.0,0.0
2022-06-13 00:00:00+08:00,110.5,111.0,107.0,107.0,2053862,0.0,0.0
2022-06-14 00:00:00+08:00,105.0,108.0,105.0,107.5,1462168,0.0,0.0
2022-06-15 00:00:00+08:00,107.0,108.0,104.5,105.5,2745368,0.0,0.0
2022-06-16 00:00:00+08:00,107.0,108.0,102.5,103.0,2260622,0.0,0.0
2022-06-17 00:00:00+08:00,100.5,103.0,99.7,100.5,3157529,0.0,0.0
2022-06-20 00:00:00+08:00,100.5,101.0,94.5,94.5,4513322,0.0,0.0
2022-06-21 00:00:00+08:00,94.8,98.3,94.8,97.7,1561488,0.0,0.0
2022-06-22 00:00:00+08:00,97.9,97.9,93.1,93.1,2170481,0.0,0.0
2022-06-23 00:00:00+08:00,94.0,94.7,92.6,93.6,1987315,0.0,0.0
2022-06-24 00:00:00+08:00,95.0,96.2,94.7,95.0,1578484,0.0,0.0
2022-06-27 00:00:00+08:00,96.1,98.3,95.8,97.9,1075922,0.0,0.0
2022-06-28 00:00:00+08:00,97.7,97.7,94.8,95.2,1042637,0.0,0.0
2022-06-29 00:00:00+08:00,94.1,94.4,93.0,93.1,1585730,0.0,0.0
2022-06-30 00:00:00+08:00,92.2,92.5,89.4,89.7,2468105,0.0,0.0
2022-07-01 00:00:00+08:00,90.3,90.4,82.7,82.7,5396379,0.0,0.0
2022-07-04 00:00:00+08:00,83.8,87.4,83.6,85.8,3503176,0.0,0.0
2022-07-05 00:00:00+08:00,87.6,88.9,86.0,88.6,2448757,0.0,0.0
2022-07-06 00:00:00+08:00,88.1,89.8,87.4,87.6,1929395,0.0,0.0
2022-07-07 00:00:00+08:00,88.0,91.5,88.0,91.4,2214186,0.0,0.0
2022-07-08 00:00:00+08:00,92.6,97.5,92.2,94.5,4320238,0.0,0.0
2022-07-11 00:00:00+08:00,93.8,94.0,91.3,91.5,1900119,0.0,0.0
2022-07-12 00:00:00+08:00,90.9,92.3,90.0,90.0,1919028,0.0,0.0
2022-07-13 00:00:00+08:00,93.8,94.2,92.0,92.0,1503006,0.0,0.0
2022-07-14 00:00:00+08:00,91.8,95.9,91.0,95.9,2021207,0.0,0.0
2022-07-15 00:00:00+08:00,95.7,97.3,94.9,96.3,1565186,0.0,0.0
2022-07-18 00:00:00+08:00,97.1,99.0,96.5,99.0,2361955,0.0,0.0
2022-07-19 00:00:00+08:00,98.4,101.0,97.7,99.9,2539378,0.0,0.0
2022-07-20 00:00:00+08:00,101.0,102.0,98.7,98.8,2891873,0.0,0.0
2022-07-21 00:00:00+08:00,100.5,103.5,99.8,102.5,3067829,0.0,0.0
2022-07-22 00:00:00+08:00,103.0,104.0,101.0,102.0,2174815,0.0,0.0
2022-07-25 00:00:00+08:00,101.0,102.5,100.0,102.0,826149,0.0,0.0
2022-07-26 00:00:00+08:00,101.5,102.5,99.5,99.5,1379971,0.0,0.0
2022-07-27 00:00:00+08:00,99.5,101.5,99.2,101.5,914070,0.0,0.0
2022-07-28 00:00:00+08:00,102.5,102.5,99.6,101.0,1286372,0.0,0.0
2022-07-29 00:00:00+08:00,102.0,103.0,100.5,101.5,767941,0.0,0.0
2022-08-01 00:00:00+08:00,100.5,100.5,99.1,99.4,1139940,0.0,0.0
2022-08-02 00:00:00+08:00,98.0,98.3,95.1,96.0,1808980,0.0,0.0
2022-08-03 00:00:00+08:00,96.7,98.2,96.1,96.4,1086547,0.0,0.0
2022-08-04 00:00:00+08:00,96.7,96.8,93.0,94.7,1243097,0.0,0.0
2022-08-05 00:00:00+08:00,95.5,96.6,95.1,96.2,931588,0.0,0.0
2022-08-08 00:00:00+08:00,95.2,95.9,93.6,94.0,1505034,0.0,0.0
2022-08-09 00:00:00+08:00,93.9,94.6,92.2,93.9,2177265,0.0,0.0
2022-08-10 00:00:00+08:00,89.4,90.3,89.3,89.5,1670651,0.0,0.0
2022-08-11 00:00:00+08:00,90.5,91.9,90.5,91.5,1173898,0.0,0.0
2022-08-12 00:00:00+08:00,90.8,93.5,90.7,93.5,1191961,0.0,0.0
2022-08-15 00:00:00+08:00,93.9,95.4,93.4,94.7,1152215,0.0,0.0
2022-08-16 00:00:00+08:00,94.7,95.1,93.0,93.4,1238234,0.0,0.0
2022-08-17 00:00:00+08:00,94.0,95.0,93.2,94.8,1675471,0.0,0.0
2022-08-18 00:00:00+08:00,93.9,94.0,91.4,93.4,2314746,0.0,0.0
2022-08-19 00:00:00+08:00,92.9,95.3,92.9,94.8,1462380,0.0,0.0
2022-08-22 00:00:00+08:00,94.0,94.5,93.5,94.2,416000,0.0,0.0
2022-08-23 00:00:00+08:00,93.7,93.7,92.0,92.6,1002300,0.0,0.0
2022-08-24 00:00:00+08:00,93.2,93.6,91.5,91.7,876509,0.0,0.0
2022-08-25 00:00:00+08:00,92.5,94.2,92.1,94.0,961206,0.0,0.0
2022-08-26 00:00:00+08:00,95.0,95.3,94.4,95.0,903540,0.0,0.0
2022-08-29 00:00:00+08:00,92.0,92.5,90.1,90.2,2118361,0.0,0.0
2022-08-30 00:00:00+08:00,90.7,91.7,90.3,91.6,1084029,0.0,0.0
2022-08-31 00:00:00+08:00,90.8,93.2,90.8,93.0,1217779,0.0,0.0
2022-09-01 00:00:00+08:00,92.5,92.5,90.1,90.2,1675622,0.0,0.0
2022-09-02 00:00:00+08:00,90.7,91.1,89.8,89.9,1062549,0.0,0.0
2022-09-05 00:00:00+08:00,89.9,89.9,87.0,87.4,1454902,0.0,0.0
2022-09-06 00:00:00+08:00,87.5,88.1,86.0,86.0,1078654,0.0,0.0
2022-09-07 00:00:00+08:00,85.0,85.2,84.1,84.2,1080245,0.0,0.0
2022-09-08 00:00:00+08:00,84.9,89.0,84.3,87.4,3010111,0.0,0.0
2022-09-12 00:00:00+08:00,88.5,93.8,88.5,92.9,4273698,0.0,0.0
2022-09-13 00:00:00+08:00,93.1,93.6,92.1,92.9,2011538,0.0,0.0
2022-09-14 00:00:00+08:00,90.5,91.9,89.5,91.6,1327640,0.0,0.0
2022-09-15 00:00:00+08:00,91.5,92.8,90.5,90.5,1862663,0.0,0.0
2022-09-16 00:00:00+08:00,89.5,90.2,88.4,88.4,1727921,0.0,0.0
2022-09-19 00:00:00+08:00,88.2,88.4,86.5,87.2,1347890,0.0,0.0
2022-09-20 00:00:00+08:00,87.6,88.0,86.3,86.6,1368378,0.0,0.0
2022-09-21 00:00:00+08:00,86.0,86.5,84.8,85.4,2162318,0.0,0.0
2022-09-22 00:00:00+08:00,84.4,84.8,83.2,84.3,1409529,0.0,0.0
2022-09-23 00:00:00+08:00,84.3,85.4,83.1,83.4,1231155,0.0,0.0
2022-09-26 00:00:00+08:00,82.8,82.8,77.0,77.0,3096915,0.0,0.0
2022-09-27 00:00:00+08:00,78.7,78.7,76.6,78.1,1508087,0.0,0.0
2022-09-28 00:00:00+08:00,77.5,78.0,73.3,73.3,2001970,0.0,0.0
2022-09-29 00:00:00+08:00,75.4,76.9,73.4,75.2,2588154,0.0,0.0
2022-09-30 00:00:00+08:00,72.3,74.7,71.8,74.5,2091056,0.0,0.0
2022-10-03 00:00:00+08:00,73.1,75.3,72.4,74.0,1918785,0.0,0.0
2022-10-04 00:00:00+08:00,75.5,77.1,75.5,76.9,1298812,0.0,0.0
2022-10-05 00:00:00+08:00,78.0,79.2,77.5,78.2,1954094,0.0,0.0
2022-10-06 00:00:00+08:00,78.5,79.5,77.6,78.9,1372592,0.0,0.0
2022-10-07 00:00:00+08:00,78.7,79.4,77.9,78.4,1041103,0.0,0.0
2022-10-11 00:00:00+08:00,76.5,76.6,74.5,74.6,1418665,0.0,0.0
2022-10-12 00:00:00+08:00,74.6,75.7,73.5,74.8,1482181,0.0,0.0
2022-10-13 00:00:00+08:00,74.0,74.6,71.6,71.9,1888217,0.0,0.0
2022-10-14 00:00:00+08:00,73.1,75.8,73.1,75.3,2116198,0.0,0.0
2022-10-17 00:00:00+08:00,74.2,76.9,72.8,76.9,1978899,0.0,0.0
2022-10-18 00:00:00+08:00,77.7,79.9,76.8,79.0,2384530,0.0,0.0
2022-10-19 00:00:00+08:00,78.8,79.9,77.6,78.0,2390341,0.0,0.0
2022-10-20 00:00:00+08:00,76.7,76.9,74.8,75.3,2266146,0.0,0.0
2022-10-21 00:00:00+08:00,75.2,75.6,73.5,73.5,1172987,0.0,0.0
2022-10-24 00:00:00+08:00,75.8,77.5,75.4,76.8,1844387,0.0,0.0
2022-10-25 00:00:00+08:00,76.8,78.6,76.1,77.0,1827744,0.0,0.0
2022-10-26 00:00:00+08:00,76.6,77.9,76.3,77.0,1241290,0.0,0.0
2022-10-27 00:00:00+08:00,78.2,79.2,77.8,79.0,1325008,0.0,0.0
2022-10-28 00:00:00+08:00,78.5,79.3,73.0,73.1,3472280,0.0,0.0
2022-10-31 00:00:00+08:00,74.2,79.3,73.6,79.0,4755901,0.0,0.0
2022-11-01 00:00:00+08:00,78.5,81.7,77.8,81.5,4255623,0.0,0.0
2022-11-02 00:00:00+08:00,80.6,80.6,78.3,79.5,3858286,0.0,0.0
2022-11-03 00:00:00+08:00,78.0,81.1,78.0,80.6,2650862,0.0,0.0
2022-11-04 00:00:00+08:00,80.0,81.7,79.7,81.7,2189940,0.0,0.0
2022-11-07 00:00:00+08:00,82.0,82.5,80.2,81.4,2027777,0.0,0.0
2022-11-08 00:00:00+08:00,81.6,82.8,81.0,81.2,2282448,0.0,0.0
2022-11-09 00:00:00+08:00,82.5,84.9,81.7,84.1,4053159,0.0,0.0
2022-11-10 00:00:00+08:00,83.5,84.8,83.4,84.7,1738592,0.0,0.0
2022-11-11 00:00:00+08:00,88.2,89.7,85.2,85.6,4560823,0.0,0.0
2022-11-14 00:00:00+08:00,86.3,87.1,85.3,86.6,1558610,0.0,0.0
2022-11-15 00:00:00+08:00,86.0,88.5,86.0,88.4,2345220,0.0,0.0
2022-11-16 00:00:00+08:00,88.0,88.2,86.7,87.3,1677022,0.0,0.0
2022-11-17 00:00:00+08:00,86.8,88.8,86.8,88.4,1418358,0.0,0.0
2022-11-18 00:00:00+08:00,88.2,88.8,86.6,86.9,1383630,0.0,0.0
2022-11-21 00:00:00+08:00,86.1,87.3,85.2,85.2,1378306,0.0,0.0
2022-11-22 00:00:00+08:00,84.8,85.7,84.4,84.7,868245,0.0,0.0
2022-11-23 00:00:00+08:00,85.5,86.0,84.2,84.2,692796,0.0,0.0
2022-11-24 00:00:00+08:00,85.0,86.7,84.7,86.4,1042016,0.0,0.0
2022-11-25 00:00:00+08:00,86.6,86.7,85.2,85.2,826183,0.0,0.0
2022-11-28 00:00:00+08:00,84.4,84.8,83.3,84.1,1015058,0.0,0.0
2022-11-29 00:00:00+08:00,84.9,85.7,83.0,85.4,1225080,0.0,0.0
2022-11-30 00:00:00+08:00,85.4,87.7,84.9,87.3,1788290,0.0,0.0
2022-12-01 00:00:00+08:00,88.4,89.6,87.7,87.9,1881688,0.0,0.0
2022-12-02 00:00:00+08:00,87.6,88.8,87.3,88.4,1254410,0.0,0.0
2022-12-05 00:00:00+08:00,89.3,90.6,88.9,89.0,2842890,0.0,0.0
2022-12-06 00:00:00+08:00,88.6,88.8,85.4,85.8,2236408,0.0,0.0
2022-12-07 00:00:00+08:00,85.2,85.8,82.9,83.4,2166399,0.0,0.0
2022-12-08 00:00:00+08:00,82.7,82.9,81.6,82.4,1647527,0.0,0.0
2022-12-09 00:00:00+08:00,82.8,83.5,81.9,82.1,1411912,0.0,0.0
2022-12-12 00:00:00+08:00,81.3,84.7,80.6,84.5,2336095,0.0,0.0
2022-12-13 00:00:00+08:00,83.4,83.6,81.8,81.9,2173162,0.0,0.0
2022-12-14 00:00:00+08:00,82.4,83.2,81.9,83.2,1080418,0.0,0.0
2022-12-15 00:00:00+08:00,83.0,83.7,82.8,82.8,832966,0.0,0.0
2022-12-16 00:00:00+08:00,81.5,81.7,80.5,81.0,2911474,0.0,0.0
2022-12-19 00:00:00+08:00,80.7,81.5,80.2,80.5,1954681,0.0,0.0
2022-12-20 00:00:00+08:00,80.5,81.3,78.0,78.0,2268143,0.0,0.0
2022-12-21 00:00:00+08:00,78.5,78.8,77.2,77.5,1862299,0.0,0.0
2022-12-22 00:00:00+08:00,79.1,80.3,78.5,79.8,1727493,0.0,0.0
2022-12-23 00:00:00+08:00,78.1,79.1,77.6,78.7,840265,0.0,0.0
2022-12-26 00:00:00+08:00,79.3,79.4,78.1,79.0,465800,0.0,0.0
2022-12-27 00:00:00+08:00,79.3,80.7,79.2,79.9,749520,0.0,0.0
2022-12-28 00:00:00+08:00,79.3,79.3,78.4,78.5,579732,0.0,0.0
2022-12-29 00:00:00+08:00,78.0,79.1,77.4,78.2,873390,0.0,0.0
2022-12-30 00:00:00+08:00,79.4,79.7,78.4,79.0,628234,0.0,0.0
2023-01-03 00:00:00+08:00,78.8,79.6,78.2,79.2,548409,0.0,0.0
2023-01-04 00:00:00+08:00,79.5,81.0,79.5,80.9,1227721,0.0,0.0
2023-01-05 00:00:00+08:00,81.4,82.2,81.0,81.0,1096608,0.0,0.0
2023-01-06 00:00:00+08:00,81.2,82.7,80.5,82.4,1530773,0.0,0.0
2023-01-09 00:00:00+08:00,83.7,85.6,83.5,85.6,3036516,0.0,0.0
2023-01-10 00:00:00+08:00,86.0,86.0,84.8,86.0,1650343,0.0,0.0
2023-01-11 00:00:00+08:00,86.9,86.9,85.0,85.6,1100076,0.0,0.0
2023-01-12 00:00:00+08:00,85.8,86.4,85.2,85.8,1423316,0.0,0.0
2023-01-13 00:00:00+08:00,86.8,86.8,84.0,84.1,1064220,0.0,0.0
2023-01-16 00:00:00+08:00,84.9,85.8,84.3,84.5,1039412,0.0,0.0
2023-01-17 00:00:00+08:00,84.5,84.5,83.2,84.0,764437,0.0,0.0
2023-01-30 00:00:00+08:00,86.5,87.7,85.6,87.7,2677699,0.0,0.0
2023-01-31 00:00:00+08:00,87.7,90.0,87.6,89.9,3650706,0.0,0.0
2023-02-01 00:00:00+08:00,91.0,98.8,90.5,98.8,12863766,0.0,0.0
2023-02-02 00:00:00+08:00,102.5,104.5,99.0,101.5,14852424,0.0,0.0
2023-02-03 00:00:00+08:00,100.5,102.0,99.9,100.0,4025361,0.0,0.0
2023-02-06 00:00:00+08:00,99.3,101.0,98.3,98.7,3196816,0.0,0.0
2023-02-07 00:00:00+08:00,98.2,98.7,97.0,98.5,1972235,0.0,0.0
2023-02-08 00:00:00+08:00,99.1,99.9,98.3,98.7,2833012,0.0,0.0
2023-02-09 00:00:00+08:00,97.7,97.7,94.4,94.8,6202212,0.0,0.0
2023-02-10 00:00:00+08:00,94.8,94.8,93.0,93.0,2214473,0.0,0.0
2023-02-13 00:00:00+08:00,92.6,93.7,91.6,93.7,1556464,0.0,0.0
2023-02-14 00:00:00+08:00,94.1,95.8,93.5,95.7,4405478,0.0,0.0
2023-02-15 00:00:00+08:00,95.5,96.0,93.4,93.9,3048207,0.0,0.0
2023-02-16 00:00:00+08:00,94.5,100.5,94.3,100.5,11783615,0.0,0.0
2023-02-17 00:00:00+08:00,99.5,102.5,98.6,101.0,8548055,0.0,0.0
2023-02-20 00:00:00+08:00,101.5,102.5,100.0,100.5,3922657,0.0,0.0
2023-02-21 00:00:00+08:00,102.0,102.5,100.5,101.0,2429410,0.0,0.0
2023-02-22 00:00:00+08:00,99.5,99.8,98.1,98.1,3707978,0.0,0.0
2023-02-23 00:00:00+08:00,99.0,101.5,98.7,101.0,2869970,0.0,0.0
2023-02-24 00:00:00+08:00,101.0,101.5,99.4,100.5,3859140,0.0,0.0
2023-03-01 00:00:00+08:00,99.6,99.7,95.8,97.1,5129336,0.0,0.0
2023-03-02 00:00:00+08:00,97.8,98.5,95.9,95.9,2606267,0.0,0.0
2023-03-03 00:00:00+08:00,97.1,98.7,97.0,97.6,2659678,0.0,0.0
2023-03-06 00:00:00+08:00,98.8,102.0,98.7,102.0,4198004,0.0,0.0
2023-03-07 00:00:00+08:00,102.5,103.0,101.0,102.0,3011030,0.0,0.0
2023-03-08 00:00:00+08:00,100.5,102.0,100.0,100.5,2243719,0.0,0.0
2023-03-09 00:00:00+08:00,101.5,101.5,98.3,98.7,2719851,0.0,0.0
2023-03-10 00:00:00+08:00,97.5,97.6,94.5,95.3,3905254,0.0,0.0
2023-03-13 00:00:00+08:00,94.5,95.5,93.2,95.0,1539165,0.0,0.0
2023-03-14 00:00:00+08:00,94.2,94.3,93.2,93.5,1235325,0.0,0.0
2023-03-15 00:00:00+08:00,94.7,95.5,93.9,94.7,2353751,0.0,0.0
2023-03-16 00:00:00+08:00,94.3,95.1,91.7,92.9,2686090,0.0,0.0
2023-03-17 00:00:00+08:00,93.6,94.1,92.1,92.9,2395406,0.0,0.0
2023-03-20 00:00:00+08:00,93.2,94.3,93.2,94.1,920607,0.0,0.0
2023-03-21 00:00:00+08:00,94.8,95.2,94.2,94.2,693541,0.0,0.0
2023-03-22 00:00:00+08:00,94.9,95.4,94.3,95.2,851002,0.0,0.0
2023-03-23 00:00:00+08:00,95.4,96.9,94.7,96.2,2110030,0.0,0.0
2023-03-24 00:00:00+08:00,97.4,98.4,96.5,98.0,2618342,0.0,0.0
2023-03-27 00:00:00+08:00,98.0,98.3,96.5,96.6,1271944,0.0,0.0
2023-03-28 00:00:00+08:00,96.6,96.9,94.4,94.8,1408599,0.0,0.0
2023-03-29 00:00:00+08:00,94.6,95.3,93.3,94.1,1153317,0.0,0.0
2023-03-30 00:00:00+08:00,95.0,96.3,95.0,95.5,950431,0.0,0.0
2023-03-31 00:00:00+08:00,95.9,99.0,95.5,96.7,3266414,0.0,0.0
2023-04-06 00:00:00+08:00,96.7,96.7,93.5,94.7,1868459,0.0,0.0
2023-04-07 00:00:00+08:00,94.7,95.2,94.0,94.7,989039,0.0,0.0
2023-04-10 00:00:00+08:00,96.2,103.5,96.2,100.0,10400197,0.0,0.0
2023-04-11 00:00:00+08:00,101.5,103.0,100.0,102.5,6191908,0.0,0.0
2023-04-12 00:00:00+08:00,103.0,112.0,102.0,110.0,15448417,0.0,0.0
2023-04-13 00:00:00+08:00,110.5,113.0,107.5,109.0,12657271,0.0,0.0
2023-04-14 00:00:00+08:00,111.5,113.5,108.0,110.5,9650148,0.0,0.0
2023-04-17 00:00:00+08:00,111.5,111.5,106.5,107.0,5022283,0.0,0.0
2023-04-18 00:00:00+08:00,107.5,110.0,105.5,106.0,4341539,0.0,0.0
2023-04-19 00:00:00+08:00,107.5,108.0,102.5,103.0,4011095,0.0,0.0
2023-04-20 00:00:00+08:00,103.0,105.0,101.5,102.0,3480896,0.0,0.0
2023-04-21 00:00:00+08:00,102.5,103.5,97.0,97.1,5684870,0.0,0.0
2023-04-24 00:00:00+08:00,96.7,98.9,95.9,96.7,2997177,0.0,0.0
2023-04-25 00:00:00+08:00,97.0,97.4,92.2,93.3,3818758,0.0,0.0
2023-04-26 00:00:00+08:00,93.2,94.5,92.6,94.0,2881029,0.0,0.0
2023-04-27 00:00:00+08:00,94.0,94.8,92.2,93.7,2001388,0.0,0.0
2023-04-28 00:00:00+08:00,95.6,96.8,95.0,95.4,2879780,0.0,0.0
2023-05-02 00:00:00+08:00,95.7,96.3,94.6,95.9,1365658,0.0,0.0
2023-05-03 00:00:00+08:00,95.4,95.5,93.8,94.6,1320870,0.0,0.0
2023-05-04 00:00:00+08:00,94.0,94.9,93.6,94.3,1318836,0.0,0.0
2023-05-05 00:00:00+08:00,96.2,102.5,96.1,102.0,12349771,0.0,0.0
2023-05-08 00:00:00+08:00,102.5,104.0,98.5,99.8,9465570,0.0,0.0
2023-05-09 00:00:00+08:00,99.7,101.0,97.6,99.0,4169612,0.0,0.0
2023-05-10 00:00:00+08:00,99.6,100.5,98.5,98.7,2707932,0.0,0.0
2023-05-11 00:00:00+08:00,99.6,100.5,96.6,96.6,3316912,0.0,0.0
2023-05-12 00:00:00+08:00,96.0,96.4,94.7,95.7,2750649,0.0,0.0
2023-05-15 00:00:00+08:00,95.2,95.4,93.8,95.2,2764763,0.0,0.0
2023-05-16 00:00:00+08:00,95.9,99.0,95.9,98.2,3792451,0.0,0.0
2023-05-17 00:00:00+08:00,97.8,99.7,97.8,98.4,2602316,0.0,0.0
2023-05-18 00:00:00+08:00,99.4,100.5,99.1,100.0,3069238,0.0,0.0
2023-05-19 00:00:00+08:00,101.5,102.0,98.5,98.6,2956505,0.0,0.0
2023-05-22 00:00:00+08:00,99.0,101.0,99.0,100.5,2480357,0.0,0.0
2023-05-23 00:00:00+08:00,101.0,101.0,99.0,100.0,2129109,0.0,0.0
2023-05-24 00:00:00+08:00,100.0,100.5,99.0,100.0,1482219,0.0,0.0
2023-05-25 00:00:00+08:00,100.5,101.0,98.6,99.5,1772961,0.0,0.0
2023-05-26 00:00:00+08:00,100.0,100.5,99.1,100.5,2508779,0.0,0.0
2023-05-29 00:00:00+08:00,101.5,101.5,100.0,101.0,2219685,0.0,0.0
2023-05-30 00:00:00+08:00,102.0,102.0,99.8,100.0,1750111,0.0,0.0
2023-05-31 00:00:00+08:00,100.5,105.0,100.0,104.0,5787427,0.0,0.0
2023-06-01 00:00:00+08:00,104.0,104.0,102.5,102.5,2494436,0.0,0.0
2023-06-02 00:00:00+08:00,104.0,106.0,103.5,105.5,4450321,0.0,0.0
2023-06-05 00:00:00+08:00,106.5,106.5,102.5,104.5,5036099,0.0,0.0
2023-06-06 00:00:00+08:00,104.5,104.5,99.0,99.0,5731746,0.0,0.0
2023-06-07 00:00:00+08:00,99.4,99.8,98.2,99.1,3698269,0.0,0.0
2023-06-08 00:00:00+08:00,99.0,99.0,95.0,95.1,6487007,0.0,0.0
2023-06-09 00:00:00+08:00,96.0,96.3,95.2,96.1,2063425,0.0,0.0
2023-06-12 00:00:00+08:00,95.7,95.7,94.0,94.8,4223681,0.0,0.0
2023-06-13 00:00:00+08:00,95.5,96.4,95.0,96.1,2333568,0.0,0.0
2023-06-14 00:00:00+08:00,96.1,96.8,95.4,95.7,2064302,0.0,0.0
2023-06-15 00:00:00+08:00,95.5,96.9,95.5,96.8,1638366,0.0,0.0
2023-06-16 00:00:00+08:00,97.1,97.4,94.8,95.8,2354100,0.0,0.0
2023-06-19 00:00:00+08:00,95.9,96.1,95.1,95.3,1019151,0.0,0.0
2023-06-20 00:00:00+08:00,95.6,95.8,94.6,94.8,1367054,0.0,0.0
2023-06-21 00:00:00+08:00,95.6,97.0,94.8,94.9,3018387,0.0,0.0
2023-06-26 00:00:00+08:00,94.3,95.4,94.0,94.8,1699423,0.0,0.0
2023-06-27 00:00:00+08:00,94.8,95.2,93.3,93.6,2099081,0.0,0.0
2023-06-28 00:00:00+08:00,94.1,94.6,93.3,93.7,1250644,0.0,0.0
2023-06-29 00:00:00+08:00,94.7,98.5,94.2,96.8,4941379,0.0,0.0
2023-06-30 00:00:00+08:00,97.1,97.4,95.1,95.4,2356590,0.0,0.0
2023-07-03 00:00:00+08:00,95.9,97.1,95.8,96.5,1322148,0.0,0.0
2023-07-04 00:00:00+08:00,96.4,96.9,95.5,96.6,1035435,0.0,0.0
2023-07-05 00:00:00+08:00,96.7,98.2,95.9,96.1,1711140,0.0,0.0
2023-07-06 00:00:00+08:00,96.0,96.2,94.8,94.8,1462650,0.0,0.0
2023-07-07 00:00:00+08:00,94.2,95.3,93.3,94.7,1433769,0.0,0.0
2023-07-10 00:00:00+08:00,95.0,95.5,94.2,94.3,859893,0.0,0.0
2023-07-11 00:00:00+08:00,95.1,96.8,95.1,96.6,1513250,0.0,0.0
2023-07-12 00:00:00+08:00,96.2,96.9,95.6,95.6,1028160,0.0,0.0
2023-07-13 00:00:00+08:00,96.0,98.9,96.0,96.4,3521202,0.0,0.0
2023-07-14 00:00:00+08:00,97.5,98.2,97.1,97.9,2437982,0.0,0.0
2023-07-17 00:00:00+08:00,98.5,101.0,96.2,100.5,5121381,0.0,0.0
2023-07-18 00:00:00+08:00,102.5,102.5,98.9,99.3,4519566,0.0,0.0
2023-07-19 00:00:00+08:00,100.5,101.0,98.3,98.5,3353937,0.0,0.0
2023-07-20 00:00:00+08:00,98.0,100.5,98.0,99.8,2034919,0.0,0.0
2023-07-21 00:00:00+08:00,99.5,99.5,96.7,97.3,2704409,0.0,0.0
2023-07-24 00:00:00+08:00,97.1,97.1,94.0,94.1,3459455,0.0,0.0
2023-07-25 00:00:00+08:00,94.5,96.0,94.4,95.0,1354383,0.0,0.0
2023-07-26 00:00:00+08:00,95.6,95.6,93.5,94.0,2189647,0.0,0.0
2023-07-27 00:00:00+08:00,94.5,95.9,94.2,95.9,2150516,0.0,0.0
2023-07-28 00:00:00+08:00,93.6,97.0,93.1,95.7,2925183,0.0,0.0
2023-07-31 00:00:00+08:00,96.4,97.8,94.7,94.9,2204849,0.0,0.0
2023-08-01 00:00:00+08:00,94.9,97.4,94.6,94.7,1553284,0.0,0.0
2023-08-02 00:00:00+08:00,94.4,95.7,93.2,93.3,2291521,0.0,0.0
2023-08-04 00:00:00+08:00,93.1,93.6,92.2,93.0,4213822,0.0,0.0
2023-08-07 00:00:00+08:00,93.0,93.3,91.8,92.7,1028513,0.0,0.0
2023-08-08 00:00:00+08:00,92.8,93.0,91.3,91.3,2003180,0.0,0.0
2023-08-09 00:00:00+08:00,91.2,91.6,90.0,90.3,1619506,0.0,0.0
2023-08-10 00:00:00+08:00,91.5,91.5,90.0,90.0,1526637,0.0,0.0
2023-08-11 00:00:00+08:00,90.8,93.9,90.4,91.5,1930647,0.0,0.0
2023-08-14 00:00:00+08:00,91.5,92.3,90.7,91.1,1515983,0.0,0.0
2023-08-15 00:00:00+08:00,92.0,92.2,91.0,91.1,983986,0.0,0.0
2023-08-16 00:00:00+08:00,90.7,91.4,89.3,91.3,1449452,0.0,0.0
2023-08-17 00:00:00+08:00,90.3,94.8,90.2,94.0,3063364,0.0,0.0
2023-08-18 00:00:00+08:00,93.5,96.8,93.4,94.5,2142514,0.0,0.0
2023-08-21 00:00:00+08:00,94.9,95.9,94.4,94.9,1030580,0.0,0.0
2023-08-22 00:00:00+08:00,96.2,97.3,95.6,96.3,2825079,0.0,0.0
2023-08-23 00:00:00+08:00,96.0,96.9,95.5,95.5,890384,0.0,0.0
2023-08-24 00:00:00+08:00,96.4,96.5,94.3,95.4,1304666,0.0,0.0
2023-08-25 00:00:00+08:00,94.4,95.9,94.3,95.0,825022,0.0,0.0
2023-08-28 00:00:00+08:00,95.7,96.3,94.8,94.9,903686,0.0,0.0
2023-08-29 00:00:00+08:00,96.0,96.0,94.6,95.8,744570,0.0,0.0
2023-08-30 00:00:00+08:00,96.3,96.5,95.8,95.9,965534,0.0,0.0
2023-08-31 00:00:00+08:00,96.0,98.8,95.8,98.6,3597244,0.0,0.0
2023-09-01 00:00:00+08:00,99.9,108.0,99.4,108.0,29050087,0.0,0.0
2023-09-04 00:00:00+08:00,110.0,113.0,106.0,107.0,23669380,0.0,0.0
2023-09-05 00:00:00+08:00,107.0,110.0,106.0,107.5,10863042,0.0,0.0
2023-09-06 00:00:00+08:00,108.5,111.0,105.5,111.0,7154913,0.0,0.0
2023-09-07 00:00:00+08:00,109.5,111.0,105.5,106.5,8819887,0.0,0.0
2023-09-08 00:00:00+08:00,106.0,107.0,104.0,106.0,3762659,0.0,0.0
2023-09-11 00:00:00+08:00,106.5,108.0,104.5,105.0,3355066,0.0,0.0
2023-09-12 00:00:00+08:00,105.0,107.0,103.5,106.0,2432586,0.0,0.0
2023-09-13 00:00:00+08:00,106.5,108.0,105.0,105.5,3319137,0.0,0.0
2023-09-14 00:00:00+08:00,106.0,107.0,105.5,107.0,2008303,0.0,0.0
2023-09-15 00:00:00+08:00,107.0,109.0,106.0,108.0,3407590,0.0,0.0
2023-09-18 00:00:00+08:00,108.0,110.0,106.5,108.0,5347163,0.0,0.0
2023-09-19 00:00:00+08:00,109.0,111.0,105.0,106.0,6044977,0.0,0.0
2023-09-20 00:00:00+08:00,106.5,108.0,102.5,103.5,5185923,0.0,0.0
2023-09-21 00:00:00+08:00,102.5,102.5,98.9,99.6,4535603,0.0,0.0
2023-09-22 00:00:00+08:00,99.4,104.0,98.4,103.5,3266256,0.0,0.0
2023-09-25 00:00:00+08:00,103.5,104.0,102.5,103.0,1028223,0.0,0.0
2023-09-26 00:00:00+08:00,102.5,103.5,101.5,101.5,1145597,0.0,0.0
2023-09-27 00:00:00+08:00,101.0,102.5,100.0,102.0,968940,0.0,0.0
2023-09-28 00:00:00+08:00,102.5,103.5,101.5,102.5,975691,0.0,0.0
2023-10-02 00:00:00+08:00,103.5,104.5,103.0,103.5,1100670,0.0,0.0
2023-10-03 00:00:00+08:00,103.0,103.0,100.5,100.5,1481349,0.0,0.0
2023-10-04 00:00:00+08:00,99.6,100.0,98.8,99.3,1634111,0.0,0.0
2023-10-05 00:00:00+08:00,99.5,101.0,99.5,100.0,1044300,0.0,0.0
2023-10-06 00:00:00+08:00,100.5,100.5,99.7,99.9,721701,0.0,0.0
2023-10-11 00:00:00+08:00,101.5,102.5,100.0,102.0,2180089,0.0,0.0
2023-10-12 00:00:00+08:00,102.5,108.0,102.0,108.0,5767598,0.0,0.0
2023-10-13 00:00:00+08:00,106.5,108.5,105.5,108.0,3929480,0.0,0.0
2023-10-16 00:00:00+08:00,107.0,108.5,106.5,108.5,2564192,0.0,0.0
2023-10-17 00:00:00+08:00,109.0,109.5,107.0,107.0,2621836,0.0,0.0
2023-10-18 00:00:00+08:00,107.5,107.5,104.5,105.5,2263923,0.0,0.0
2023-10-19 00:00:00+08:00,105.0,107.0,104.0,106.0,1539591,0.0,0.0
2023-10-20 00:00:00+08:00,105.0,106.5,103.0,106.5,1992336,0.0,0.0
2023-10-23 00:00:00+08:00,105.5,108.0,105.5,106.5,1430892,0.0,0.0
2023-10-24 00:00:00+08:00,107.0,108.5,106.0,108.5,2666658,0.0,0.0
2023-10-25 00:00:00+08:00,109.5,110.0,107.5,107.5,1958071,0.0,0.0
2023-10-26 00:00:00+08:00,105.0,105.5,103.0,103.5,2200500,0.0,0.0
2023-10-27 00:00:00+08:00,104.0,106.0,102.5,103.0,1918310,0.0,0.0
2023-10-30 00:00:00+08:00,102.5,106.0,102.5,104.5,1800233,0.0,0.0
2023-10-31 00:00:00+08:00,105.0,107.5,104.0,104.5,1975521,0.0,0.0
2023-11-01 00:00:00+08:00,110.0,114.5,109.5,111.0,20423487,0.0,0.0
2023-11-02 00:00:00+08:00,112.5,122.0,111.0,118.5,22357622,0.0,0.0
2023-11-03 00:00:00+08:00,123.0,125.0,120.5,122.0,18304345,0.0,0.0
2023-11-06 00:00:00+08:00,123.5,125.0,121.0,123.5,8016310,0.0,0.0
2023-11-07 00:00:00+08:00,122.5,127.0,122.0,124.5,6578477,0.0,0.0
2023-11-08 00:00:00+08:00,127.0,127.5,122.5,123.5,6772708,0.0,0.0
2023-11-09 00:00:00+08:00,123.5,125.5,123.0,124.0,4597372,0.0,0.0
2023-11-10 00:00:00+08:00,123.0,123.5,119.5,121.5,5970364,0.0,0.0
2023-11-13 00:00:00+08:00,123.5,123.5,120.0,121.5,3689171,0.0,0.0
2023-11-14 00:00:00+08:00,122.0,122.0,116.0,116.5,7025729,0.0,0.0
2023-11-15 00:00:00+08:00,118.5,118.5,116.5,117.0,4095142,0.0,0.0
2023-11-16 00:00:00+08:00,117.5,118.5,116.5,117.0,1981662,0.0,0.0
2023-11-17 00:00:00+08:00,117.5,120.0,116.5,119.5,2527901,0.0,0.0
2023-11-20 00:00:00+08:00,118.0,118.0,115.5,116.0,4331478,0.0,0.0
2023-11-21 00:00:00+08:00,117.0,118.0,116.0,116.5,2523983,0.0,0.0
2023-11-22 00:00:00+08:00,116.5,120.5,115.5,120.0,5333649,0.0,0.0
2023-11-23 00:00:00+08:00,120.5,123.0,119.0,122.0,6973970,0.0,0.0
2023-11-24 00:00:00+08:00,122.5,129.0,122.0,124.0,18640148,0.0,0.0
2023-11-27 00:00:00+08:00,124.0,125.0,119.5,120.0,5434034,0.0,0.0
2023-11-28 00:00:00+08:00,120.5,127.5,120.5,127.0,9410745,0.0,0.0
2023-11-29 00:00:00+08:00,133.0,139.5,132.0,139.5,31477101,0.0,0.0
2023-11-30 00:00:00+08:00,140.0,141.0,136.0,136.5,19947961,0.0,0.0
2023-12-01 00:00:00+08:00,136.5,143.5,135.5,140.0,17456819,0.0,0.0
2023-12-04 00:00:00+08:00,141.5,143.5,139.5,140.5,8441067,0.0,0.0
2023-12-05 00:00:00+08:00,142.0,142.5,136.0,136.5,12792061,0.0,0.0
2023-12-06 00:00:00+08:00,137.5,138.5,133.5,134.0,6685095,0.0,0.0
2023-12-07 00:00:00+08:00,134.5,136.0,132.5,133.0,3887922,0.0,0.0
2023-12-08 00:00:00+08:00,134.0,135.5,129.5,132.5,5915875,0.0,0.0
2023-12-11 00:00:00+08:00,135.0,139.5,133.5,134.5,9426180,0.0,0.0
2023-12-12 00:00:00+08:00,136.0,136.5,131.5,132.0,3904931,0.0,0.0
2023-12-13 00:00:00+08:00,134.0,135.0,132.0,132.5,3878423,0.0,0.0
2023-12-14 00:00:00+08:00,135.5,138.5,133.5,134.0,8565516,0.0,0.0
2023-12-15 00:00:00+08:00,134.5,134.5,130.5,130.5,12688016,0.0,0.0
2023-12-18 00:00:00+08:00,130.5,131.5,127.5,128.5,5303923,0.0,0.0
2023-12-19 00:00:00+08:00,128.5,129.5,124.0,125.0,6381917,0.0,0.0
2023-12-20 00:00:00+08:00,126.0,126.5,123.5,124.5,4054892,0.0,0.0
2023-12-21 00:00:00+08:00,123.0,125.0,122.0,123.5,2292238,0.0,0.0
2023-12-22 00:00:00+08:00,124.5,124.5,121.5,122.0,2874454,0.0,0.0
2023-12-25 00:00:00+08:00,123.0,125.0,123.0,124.0,1958708,0.0,0.0
2023-12-26 00:00:00+08:00,124.5,125.5,121.5,122.5,3852165,0.0,0.0
2023-12-27 00:00:00+08:00,122.5,123.5,121.5,122.0,2649946,0.0,0.0
2023-12-28 00:00:00+08:00,123.0,124.5,122.0,123.0,3306327,0.0,0.0
2023-12-29 00:00:00+08:00,123.0,123.0,121.0,123.0,2142501,0.0,0.0
2024-01-02 00:00:00+08:00,125.0,125.5,121.0,121.0,2979204,0.0,0.0
2024-01-03 00:00:00+08:00,121.0,121.0,117.5,118.0,3662465,0.0,0.0
2024-01-04 00:00:00+08:00,118.0,119.0,115.5,116.0,2586780,0.0,0.0
2024-01-05 00:00:00+08:00,117.0,117.0,115.5,116.0,1814301,0.0,0.0
2024-01-08 00:00:00+08:00,116.5,117.5,114.0,114.0,2543688,0.0,0.0
2024-01-09 00:00:00+08:00,115.5,115.5,112.5,113.0,1609542,0.0,0.0
2024-01-10 00:00:00+08:00,113.5,113.5,111.0,111.5,1701953,0.0,0.0
2024-01-11 00:00:00+08:00,112.5,113.0,110.5,112.5,1981113,0.0,0.0
2024-01-12 00:00:00+08:00,112.5,112.5,109.0,110.0,3129654,0.0,0.0
2024-01-15 00:00:00+08:00,110.5,115.0,109.5,114.5,4466400,0.0,0.0
2024-01-16 00:00:00+08:00,112.5,113.0,111.0,111.0,2497617,0.0,0.0
2024-01-17 00:00:00+08:00,112.5,116.0,106.5,107.0,10782083,0.0,0.0
2024-01-18 00:00:00+08:00,107.5,108.5,106.0,107.0,3266050,0.0,0.0
2024-01-19 00:00:00+08:00,107.5,108.5,105.5,107.5,4255337,0.0,0.0
2024-01-22 00:00:00+08:00,108.5,109.0,107.0,108.0,2316671,0.0,0.0
2024-01-23 00:00:00+08:00,108.5,110.5,108.5,110.0,1893471,0.0,0.0
2024-01-24 00:00:00+08:00,110.0,111.0,109.0,109.0,1857271,0.0,0.0
2024-01-25 00:00:00+08:00,110.0,110.5,108.0,108.5,1279471,0.0,0.0
2024-01-26 00:00:00+08:00,108.0,109.5,107.0,108.0,1481000,0.0,0.0
2024-01-29 00:00:00+08:00,108.0,111.0,107.0,110.5,1851762,0.0,0.0
2024-01-30 00:00:00+08:00,110.5,110.5,107.5,108.0,1865829,0.0,0.0
2024-01-31 00:00:00+08:00,108.0,108.5,107.0,108.0,1327862,0.0,0.0
2024-02-01 00:00:00+08:00,108.5,108.5,107.0,108.0,854282,0.0,0.0
2024-02-02 00:00:00+08:00,109.0,109.5,108.0,109.0,1104205,0.0,0.0
2024-02-05 00:00:00+08:00,109.5,109.5,107.5,108.0,2030520,0.0,0.0
2024-02-15 00:00:00+08:00,110.0,112.0,108.5,111.5,4191506,0.0,0.0
2024-02-16 00:00:00+08:00,112.0,112.5,109.5,112.5,3150862,0.0,0.0
2024-02-19 00:00:00+08:00,112.5,115.0,111.5,114.0,4061983,0.0,0.0
2024-02-20 00:00:00+08:00,114.0,114.0,112.0,112.5,2571721,0.0,0.0
2024-02-21 00:00:00+08:00,112.5,114.5,112.0,113.0,3183189,0.0,0.0
2024-02-22 00:00:00+08:00,113.5,114.0,111.5,113.0,2418248,0.0,0.0
2024-02-23 00:00:00+08:00,114.0,114.0,111.5,111.5,2452175,0.0,0.0
2024-02-26 00:00:00+08:00,110.5,111.5,108.5,111.5,3560599,0.0,0.0
2024-02-27 00:00:00+08:00,111.0,113.0,108.5,108.5,3319936,0.0,0.0
2024-02-29 00:00:00+08:00,110.0,114.5,109.5,112.0,6221478,0.0,0.0
2024-03-01 00:00:00+08:00,112.5,113.0,110.0,110.5,2856575,0.0,0.0
2024-03-04 00:00:00+08:00,112.5,112.5,109.0,109.0,2917554,0.0,0.0
2024-03-05 00:00:00+08:00,109.5,110.5,108.0,108.0,1966562,0.0,0.0
2024-03-06 00:00:00+08:00,107.0,108.5,106.0,107.0,2542323,0.0,0.0
2024-03-07 00:00:00+08:00,107.5,108.0,104.0,104.5,3290912,0.0,0.0
2024-03-08 00:00:00+08:00,104.5,106.5,102.0,102.5,3095395,0.0,0.0
2024-03-11 00:00:00+08:00,102.0,105.0,102.0,104.0,1514080,0.0,0.0
2024-03-12 00:00:00+08:00,104.5,106.0,104.0,105.5,1297585,0.0,0.0
2024-03-13 00:00:00+08:00,105.5,106.0,103.0,103.5,2057086,0.0,0.0
2024-03-14 00:00:00+08:00,104.5,108.5,102.5,107.5,4833288,0.0,0.0
2024-03-15 00:00:00+08:00,106.5,108.0,106.0,106.5,2474760,0.0,0.0
2024-03-18 00:00:00+08:00,107.5,108.5,106.5,107.5,1361048,0.0,0.0
2024-03-19 00:00:00+08:00,107.5,108.5,107.0,108.0,1782190,0.0,0.0
2024-03-20 00:00:00+08:00,109.0,111.0,107.0,107.0,3873335,0.0,0.0
2024-03-21 00:00:00+08:00,108.0,109.5,107.0,109.0,2520881,0.0,0.0
2024-03-22 00:00:00+08:00,108.0,109.5,107.0,109.5,2057467,0.0,0.0
2024-03-25 00:00:00+08:00,110.5,112.0,109.0,109.5,4466133,0.0,0.0
2024-03-26 00:00:00+08:00,110.0,111.0,107.5,109.0,3268441,0.0,0.0
2024-03-27 00:00:00+08:00,109.5,109.5,108.5,109.0,1484172,0.0,0.0
2024-03-28 00:00:00+08:00,109.5,113.5,109.5,111.5,6807982,0.0,0.0
2024-03-29 00:00:00+08:00,113.0,117.5,112.0,112.5,10910000,0.0,0.0
2024-04-01 00:00:00+08:00,113.5,124.0,113.0,124.0,24393617,0.0,0.0
2024-04-02 00:00:00+08:00,125.0,126.0,120.5,120.5,18963047,0.0,0.0
2024-04-03 00:00:00+08:00,119.0,122.0,118.0,119.0,5653086,0.0,0.0
2024-04-08 00:00:00+08:00,121.5,123.0,118.0,118.0,5040683,0.0,0.0
2024-04-09 00:00:00+08:00,118.5,119.5,116.5,117.5,2658197,0.0,0.0
2024-04-10 00:00:00+08:00,118.0,119.5,117.5,117.5,1949563,0.0,0.0
2024-04-11 00:00:00+08:00,116.5,116.5,113.5,113.5,3463440,0.0,0.0
2024-04-12 00:00:00+08:00,114.0,116.5,113.5,114.5,2075387,0.0,0.0
2024-04-15 00:00:00+08:00,113.0,114.0,110.0,110.0,3496212,0.0,0.0
2024-04-16 00:00:00+08:00,108.5,109.5,104.5,104.5,4323881,0.0,0.0
2024-04-17 00:00:00+08:00,106.0,106.5,104.5,105.0,2684260,0.0,0.0
2024-04-18 00:00:00+08:00,104.5,107.5,103.5,106.5,1914251,0.0,0.0
2024-04-19 00:00:00+08:00,105.5,108.5,102.5,104.0,3928673,0.0,0.0
2024-04-22 00:00:00+08:00,104.5,109.0,104.0,106.5,2763090,0.0,0.0
2024-04-23 00:00:00+08:00,107.5,108.5,105.0,107.5,1940317,0.0,0.0
2024-04-24 00:00:00+08:00,108.0,110.5,108.0,110.5,3788092,0.0,0.0
2024-04-25 00:00:00+08:00,109.0,109.0,107.5,107.5,1397403,0.0,0.0
2024-04-26 00:00:00+08:00,107.5,108.5,107.0,107.0,1332298,0.0,0.0
2024-04-29 00:00:00+08:00,108.5,114.5,108.5,114.5,6132830,0.0,0.0
2024-04-30 00:00:00+08:00,114.0,114.0,111.0,111.5,3226143,0.0,0.0
2024-05-02 00:00:00+08:00,111.5,112.5,110.5,112.5,1090674,0.0,0.0
2024-05-03 00:00:00+08:00,116.5,121.0,115.5,117.0,18005236,0.0,0.0
2024-05-06 00:00:00+08:00,118.5,119.0,115.5,116.0,4466627,0.0,0.0
2024-05-07 00:00:00+08:00,117.0,117.5,113.0,115.0,2671329,0.0,0.0
2024-05-08 00:00:00+08:00,115.5,116.5,113.5,115.0,2218409,0.0,0.0
2024-05-09 00:00:00+08:00,115.0,115.5,113.0,113.0,1327100,0.0,0.0
2024-05-10 00:00:00+08:00,114.0,114.5,112.0,113.0,1185053,0.0,0.0
2024-05-13 00:00:00+08:00,114.0,115.0,113.0,114.5,1535086,0.0,0.0
2024-05-14 00:00:00+08:00,114.0,116.0,114.0,115.0,1024329,0.0,0.0
2024-05-15 00:00:00+08:00,115.5,116.0,111.0,111.5,2846973,0.0,0.0
2024-05-16 00:00:00+08:00,112.5,114.5,112.5,113.5,2253042,0.0,0.0
2024-05-17 00:00:00+08:00,114.0,114.0,111.0,112.0,1430082,0.0,0.0
2024-05-20 00:00:00+08:00,113.5,113.5,110.0,110.5,2192062,0.0,0.0
2024-05-21 00:00:00+08:00,111.0,111.0,108.5,110.0,1898005,0.0,0.0
2024-05-22 00:00:00+08:00,111.5,113.0,110.5,113.0,1258664,0.0,0.0
2024-05-23 00:00:00+08:00,113.0,113.5,109.0,109.5,4112381,0.0,0.0
2024-05-24 00:00:00+08:00,108.5,111.5,108.0,111.0,2143761,0.0,0.0
2024-05-27 00:00:00+08:00,112.5,118.0,112.5,116.5,5721903,0.0,0.0
2024-05-28 00:00:00+08:00,117.0,117.5,115.0,116.0,2050312,0.0,0.0
2024-05-29 00:00:00+08:00,117.0,117.0,114.5,114.5,1593510,0.0,0.0
2024-05-30 00:00:00+08:00,113.0,114.0,112.0,112.0,1629372,0.0,0.0
2024-05-31 00:00:00+08:00,113.0,119.0,113.0,114.5,5797838,0.0,0.0
2024-06-03 00:00:00+08:00,116.5,117.0,114.5,115.0,2337446,0.0,0.0
2024-06-04 00:00:00+08:00,115.0,115.0,111.5,112.5,2166862,0.0,0.0
2024-06-05 00:00:00+08:00,113.0,114.5,112.0,112.5,1099560,0.0,0.0
2024-06-06 00:00:00+08:00,113.5,113.5,109.5,110.5,3317183,0.0,0.0
2024-06-07 00:00:00+08:00,111.5,115.0,111.5,113.5,2412995,0.0,0.0
2024-06-11 00:00:00+08:00,113.5,114.0,110.5,111.0,1991455,0.0,0.0
2024-06-12 00:00:00+08:00,111.5,112.0,109.5,111.0,2421726,0.0,0.0
2024-06-13 00:00:00+08:00,111.5,113.0,111.0,112.5,2205987,0.0,0.0
2024-06-14 00:00:00+08:00,113.5,121.0,113.5,118.0,12908334,0.0,0.0
2024-06-17 00:00:00+08:00,117.5,120.0,116.0,119.5,4411005,0.0,0.0
2024-06-18 00:00:00+08:00,120.5,120.5,117.5,119.0,3141434,0.0,0.0
2024-06-19 00:00:00+08:00,119.5,120.0,117.0,117.0,2909372,0.0,0.0
2024-06-20 00:00:00+08:00,118.0,118.5,117.0,118.0,1890262,0.0,0.0
2024-06-21 00:00:00+08:00,119.5,123.0,118.5,121.0,13763593,0.0,0.0
2024-06-24 00:00:00+08:00,121.5,123.5,119.5,119.5,7046702,0.0,0.0
2024-06-25 00:00:00+08:00,120.5,121.5,117.0,119.5,3981395,0.0,0.0
2024-06-26 00:00:00+08:00,120.0,121.5,117.5,118.5,2383503,0.0,0.0
2024-06-27 00:00:00+08:00,117.5,118.5,116.0,116.5,2455868,0.0,0.0
2024-06-28 00:00:00+08:00,116.5,120.0,116.5,118.0,1879959,0.0,0.0
2024-07-01 00:00:00+08:00,118.5,119.0,116.0,116.5,1939085,0.0,0.0
2024-07-02 00:00:00+08:00,116.5,117.0,115.0,115.5,1618613,0.0,0.0
2024-07-03 00:00:00+08:00,116.5,120.5,116.5,118.5,3174793,0.0,0.0
2024-07-04 00:00:00+08:00,119.5,119.5,117.5,119.0,1895492,0.0,0.0
2024-07-05 00:00:00+08:00,120.0,122.0,119.0,121.5,5054028,0.0,0.0
2024-07-08 00:00:00+08:00,122.5,122.5,118.5,119.5,3229352,0.0,0.0
2024-07-09 00:00:00+08:00,120.5,121.0,116.5,118.0,3332330,0.0,0.0
2024-07-10 00:00:00+08:00,116.5,121.0,116.5,119.0,4318009,0.0,0.0
2024-07-11 00:00:00+08:00,120.0,130.0,118.0,127.0,14256373,0.0,0.0
2024-07-12 00:00:00+08:00,125.0,126.5,122.5,123.5,6299028,0.0,0.0
2024-07-15 00:00:00+08:00,125.0,125.0,121.0,124.0,4290275,0.0,0.0
2024-07-16 00:00:00+08:00,130.0,132.5,125.5,127.0,20265305,0.0,0.0
2024-07-17 00:00:00+08:00,127.0,130.0,127.0,128.0,5720119,0.0,0.0
2024-07-18 00:00:00+08:00,125.0,128.0,122.5,126.0,5407619,0.0,0.0
2024-07-19 00:00:00+08:00,124.0,125.0,120.0,120.0,4558282,0.0,0.0
2024-07-22 00:00:00+08:00,120.0,121.0,114.0,115.0,4431461,0.0,0.0
2024-07-23 00:00:00+08:00,116.0,117.0,115.0,115.5,1815115,0.0,0.0
2024-07-26 00:00:00+08:00,110.5,115.5,109.5,114.5,2022765,0.0,0.0
2024-07-29 00:00:00+08:00,115.5,117.0,111.0,111.0,2080830,0.0,0.0
2024-07-30 00:00:00+08:00,110.5,113.0,109.0,113.0,1591686,0.0,0.0
2024-07-31 00:00:00+08:00,112.5,117.0,112.5,114.0,4885154,0.0,0.0
2024-08-01 00:00:00+08:00,115.5,117.0,114.5,117.0,1507427,0.0,0.0
2024-08-02 00:00:00+08:00,115.0,116.5,112.5,113.0,2792912,0.0,0.0
2024-08-05 00:00:00+08:00,108.5,108.5,102.0,102.0,5000232,0.0,0.0
2024-08-06 00:00:00+08:00,104.5,105.5,95.1,101.0,4270124,0.0,0.0
2024-08-07 00:00:00+08:00,101.0,105.5,100.5,104.5,2119354,0.0,0.0
2024-08-08 00:00:00+08:00,103.0,105.0,102.0,103.0,1531430,0.0,0.0
2024-08-09 00:00:00+08:00,106.0,108.0,105.5,106.5,2072805,0.0,0.0
