Date,Open,High,Low,Close,Volume,Dividends,Stock Splits
2001-12-20 00:00:00+08:00,8.89,8.92,8.42,8.55,47460513,0.0,0.0
2001-12-21 00:00:00+08:00,8.26,8.68,8.13,8.21,34280032,0.0,0.0
2001-12-24 00:00:00+08:00,8.26,8.34,7.87,7.87,16577370,0.0,0.0
2001-12-25 00:00:00+08:00,7.92,8.29,7.92,8.24,28114989,0.0,0.0
2001-12-26 00:00:00+08:00,8.24,8.29,7.89,7.97,20843283,0.0,0.0
2001-12-27 00:00:00+08:00,7.97,8.18,7.95,8.08,26010466,0.0,0.0
2001-12-28 00:00:00+08:00,8.13,8.13,7.63,7.63,25931316,0.0,0.0
2001-12-31 00:00:00+08:00,7.76,8.1,7.74,7.97,23476459,0.0,0.0
2002-01-01 00:00:00+08:00,7.97,7.97,7.97,7.97,0,0.0,0.0
2002-01-02 00:00:00+08:00,8.05,8.1,7.87,7.95,18780724,0.0,0.0
2002-01-03 00:00:00+08:00,7.95,7.95,7.95,7.95,0,0.0,0.0
2002-01-04 00:00:00+08:00,8.68,8.76,8.52,8.52,39427075,0.0,0.0
2002-01-07 00:00:00+08:00,8.55,8.89,8.55,8.84,30511266,0.0,0.0
2002-01-08 00:00:00+08:00,8.92,8.97,8.68,8.71,26345102,0.0,0.0
2002-01-09 00:00:00+08:00,8.71,8.86,8.44,8.52,26591678,0.0,0.0
2002-01-10 00:00:00+08:00,8.52,8.63,8.42,8.44,15116405,0.0,0.0
2002-01-11 00:00:00+08:00,8.52,8.79,8.42,8.58,31858973,0.0,0.0
2002-01-14 00:00:00+08:00,8.71,8.92,8.55,8.79,25003928,0.0,0.0
2002-01-15 00:00:00+08:00,8.76,8.79,8.52,8.73,20614160,0.0,0.0
2002-01-16 00:00:00+08:00,8.89,9.15,8.81,8.94,49178920,0.0,0.0
2002-01-17 00:00:00+08:00,9.05,9.44,9.05,9.39,36174437,0.0,0.0
2002-01-18 00:00:00+08:00,9.7,9.7,9.39,9.39,38698158,0.0,0.0
2002-01-21 00:00:00+08:00,9.44,9.7,9.23,9.63,38557288,0.0,0.0
2002-01-22 00:00:00+08:00,9.7,9.7,9.02,9.15,22123617,0.0,0.0
2002-01-23 00:00:00+08:00,9.1,9.42,9.05,9.36,14396518,0.0,0.0
2002-01-24 00:00:00+08:00,9.44,9.57,9.23,9.31,15159854,0.0,0.0
2002-01-25 00:00:00+08:00,9.47,9.76,9.31,9.68,56510786,0.0,0.0
2002-01-28 00:00:00+08:00,9.83,9.91,9.49,9.63,38562227,0.0,0.0
2002-01-29 00:00:00+08:00,9.55,9.63,9.34,9.44,11243189,0.0,0.0
2002-01-30 00:00:00+08:00,9.36,9.39,9.18,9.34,11567420,0.0,0.0
2002-01-31 00:00:00+08:00,9.34,9.34,9.34,9.34,0,0.0,0.0
2002-02-01 00:00:00+08:00,9.34,9.39,9.18,9.28,13878265,0.0,0.0
2002-02-04 00:00:00+08:00,9.18,9.28,9.07,9.23,13934983,0.0,0.0
2002-02-05 00:00:00+08:00,9.23,9.23,9.13,9.18,7283563,0.0,0.0
2002-02-06 00:00:00+08:00,9.23,9.6,9.23,9.47,21326371,0.0,0.0
2002-02-07 00:00:00+08:00,9.47,9.47,9.47,9.47,0,0.0,0.0
2002-02-18 00:00:00+08:00,9.49,9.57,9.13,9.13,9533438,0.0,0.0
2002-02-19 00:00:00+08:00,9.21,9.26,8.89,9.07,10676204,0.0,0.0
2002-02-20 00:00:00+08:00,8.97,9.02,8.79,8.89,6500369,0.0,0.0
2002-02-21 00:00:00+08:00,8.84,8.89,8.55,8.81,12878634,0.0,0.0
2002-02-22 00:00:00+08:00,8.71,8.94,8.63,8.79,7526680,0.0,0.0
2002-02-25 00:00:00+08:00,8.89,8.92,8.55,8.79,4840401,0.0,0.0
2002-02-26 00:00:00+08:00,8.79,8.86,8.55,8.58,7152105,0.0,0.0
2002-02-27 00:00:00+08:00,8.63,8.92,8.63,8.92,10747833,0.0,0.0
2002-02-28 00:00:00+08:00,8.92,8.92,8.92,8.92,0,0.0,0.0
2002-03-01 00:00:00+08:00,8.79,9.18,8.79,9.18,14712705,0.0,0.0
2002-03-04 00:00:00+08:00,9.18,9.34,9.05,9.13,11371533,0.0,0.0
2002-03-05 00:00:00+08:00,9.18,9.28,8.94,8.94,7066130,0.0,0.0
2002-03-06 00:00:00+08:00,9.02,9.05,8.81,8.94,7611720,0.0,0.0
2002-03-07 00:00:00+08:00,8.94,9.1,8.79,8.94,11689737,0.0,0.0
2002-03-08 00:00:00+08:00,8.94,9.0,8.79,8.79,4690947,0.0,0.0
2002-03-11 00:00:00+08:00,8.79,8.92,8.79,8.92,7524198,0.0,0.0
2002-03-12 00:00:00+08:00,8.97,9.07,8.84,8.92,15824141,0.0,0.0
2002-03-13 00:00:00+08:00,8.79,8.89,8.68,8.84,7589634,0.0,0.0
2002-03-14 00:00:00+08:00,8.73,8.81,8.65,8.71,7026788,0.0,0.0
2002-03-15 00:00:00+08:00,8.73,8.79,8.55,8.65,10847509,0.0,0.0
2002-03-18 00:00:00+08:00,8.55,8.65,8.52,8.55,4819284,0.0,0.0
2002-03-19 00:00:00+08:00,8.52,8.58,8.44,8.5,4780583,0.0,0.0
2002-03-20 00:00:00+08:00,8.5,8.65,8.44,8.6,5334278,0.0,0.0
2002-03-21 00:00:00+08:00,8.5,8.65,8.47,8.6,7190650,0.0,0.0
2002-03-22 00:00:00+08:00,8.65,8.94,8.65,8.92,15613420,0.0,0.0
2002-03-25 00:00:00+08:00,9.07,9.1,8.92,9.07,19296174,0.0,0.0
2002-03-26 00:00:00+08:00,8.94,9.1,8.94,8.97,9290227,0.0,0.0
2002-03-27 00:00:00+08:00,8.97,9.23,8.92,8.94,20324262,0.0,0.0
2002-03-28 00:00:00+08:00,8.86,9.02,8.71,9.02,14943313,0.0,0.0
2002-03-29 00:00:00+08:00,9.02,9.02,8.81,8.89,7500811,0.0,0.0
2002-04-01 00:00:00+08:00,8.71,8.86,8.68,8.86,7427477,0.0,0.0
2002-04-02 00:00:00+08:00,8.79,8.81,8.65,8.76,16022335,0.0,0.0
2002-04-03 00:00:00+08:00,8.65,8.76,8.58,8.63,21886016,0.0,0.0
2002-04-04 00:00:00+08:00,8.65,8.81,8.63,8.79,17971268,0.0,0.0
2002-04-05 00:00:00+08:00,8.79,8.79,8.79,8.79,0,0.0,0.0
2002-04-08 00:00:00+08:00,8.84,9.05,8.79,8.89,17034498,0.0,0.0
2002-04-09 00:00:00+08:00,8.94,8.97,8.68,8.81,11835315,0.0,0.0
2002-04-10 00:00:00+08:00,8.81,8.92,8.79,8.84,6268008,0.0,0.0
2002-04-11 00:00:00+08:00,9.02,9.1,8.92,9.1,19517044,0.0,0.0
2002-04-12 00:00:00+08:00,9.1,9.18,8.97,9.07,10698212,0.0,0.0
2002-04-15 00:00:00+08:00,9.07,9.18,8.92,8.94,6395294,0.0,0.0
2002-04-16 00:00:00+08:00,8.97,9.23,8.97,9.23,20922957,0.0,0.0
2002-04-17 00:00:00+08:00,9.31,9.63,9.31,9.55,50196123,0.0,0.0
2002-04-18 00:00:00+08:00,9.63,9.91,9.44,9.57,73660748,0.0,0.0
2002-04-19 00:00:00+08:00,9.57,9.83,9.55,9.81,57876648,0.0,0.0
2002-04-22 00:00:00+08:00,9.76,9.76,9.52,9.7,19659066,0.0,0.0
2002-04-23 00:00:00+08:00,9.7,9.73,9.52,9.52,18256875,0.0,0.0
2002-04-24 00:00:00+08:00,9.57,9.63,9.39,9.52,11425077,0.0,0.0
2002-04-25 00:00:00+08:00,9.44,9.78,9.21,9.21,28942731,0.0,0.0
2002-04-26 00:00:00+08:00,9.21,9.44,9.18,9.44,18307122,0.0,0.0
2002-04-29 00:00:00+08:00,9.39,9.57,9.21,9.49,13958155,0.0,0.0
2002-04-30 00:00:00+08:00,9.55,9.57,9.28,9.28,13097075,0.0,0.0
2002-05-01 00:00:00+08:00,9.28,9.28,9.28,9.28,0,0.0,0.0
2002-05-02 00:00:00+08:00,9.39,9.47,8.94,9.21,10201881,0.0,0.0
2002-05-03 00:00:00+08:00,9.18,9.36,9.05,9.36,9202594,0.0,0.0
2002-05-06 00:00:00+08:00,9.13,9.28,8.73,8.73,9265277,0.0,0.0
2002-05-07 00:00:00+08:00,8.65,8.86,8.52,8.86,16178163,0.0,0.0
2002-05-08 00:00:00+08:00,8.86,9.02,8.73,8.92,10634411,0.0,0.0
2002-05-09 00:00:00+08:00,9.05,9.05,8.71,8.94,8801133,0.0,0.0
2002-05-10 00:00:00+08:00,8.92,8.92,8.71,8.89,6919483,0.0,0.0
2002-05-13 00:00:00+08:00,8.76,8.89,8.68,8.84,4016705,0.0,0.0
2002-05-14 00:00:00+08:00,8.81,8.86,8.73,8.84,4120534,0.0,0.0
2002-05-15 00:00:00+08:00,8.79,9.05,8.73,9.0,8553758,0.0,0.0
2002-05-16 00:00:00+08:00,9.02,9.02,8.89,8.97,5451193,0.0,0.0
2002-05-17 00:00:00+08:00,8.97,9.02,8.92,9.0,2863945,0.0,0.0
2002-05-20 00:00:00+08:00,9.0,9.0,8.71,8.79,9316951,0.0,0.0
2002-05-21 00:00:00+08:00,8.73,8.76,8.52,8.71,8057819,0.0,0.0
2002-05-22 00:00:00+08:00,8.55,8.79,8.55,8.79,5333188,0.0,0.0
2002-05-23 00:00:00+08:00,8.79,8.84,8.65,8.76,4422812,0.0,0.0
2002-05-24 00:00:00+08:00,8.76,9.1,8.71,9.1,6709768,0.0,0.0
2002-05-27 00:00:00+08:00,8.58,9.05,8.58,9.02,4121569,0.0,0.0
2002-05-28 00:00:00+08:00,9.0,9.02,8.79,8.94,3709763,0.0,0.0
2002-05-29 00:00:00+08:00,8.86,8.89,8.79,8.89,2156103,0.0,0.0
2002-05-30 00:00:00+08:00,8.94,9.39,8.84,9.26,11440924,0.0,0.0
2002-05-31 00:00:00+08:00,9.13,9.15,8.79,9.15,12386567,0.0,0.0
2002-06-03 00:00:00+08:00,9.1,9.1,8.84,9.02,7435131,0.0,0.0
2002-06-04 00:00:00+08:00,8.86,9.02,8.84,8.92,2715607,0.0,0.0
2002-06-05 00:00:00+08:00,8.92,9.1,8.92,9.0,3296587,0.0,0.0
2002-06-06 00:00:00+08:00,8.94,9.1,8.94,9.05,3330749,0.0,0.0
2002-06-07 00:00:00+08:00,8.92,9.05,8.86,9.05,3861022,0.0,0.0
2002-06-10 00:00:00+08:00,9.0,9.05,8.92,9.0,5403580,0.0,0.0
2002-06-11 00:00:00+08:00,9.0,9.07,8.86,8.94,6898129,0.0,0.0
2002-06-12 00:00:00+08:00,8.86,9.0,8.86,8.86,4518623,0.0,0.0
2002-06-13 00:00:00+08:00,8.86,9.05,8.81,9.0,8100620,0.0,0.0
2002-06-14 00:00:00+08:00,8.92,9.07,8.81,8.81,10459693,0.0,0.0
2002-06-17 00:00:00+08:00,8.76,8.79,8.6,8.71,20397880,0.0,0.0
2002-06-18 00:00:00+08:00,8.73,8.84,8.73,8.73,8406378,0.0,0.0
2002-06-19 00:00:00+08:00,8.6,8.71,8.5,8.58,13584103,0.0,0.0
2002-06-20 00:00:00+08:00,8.48,8.7,8.34,8.56,13778470,1.0,0.0
2002-06-21 00:00:00+08:00,8.53,9.0,8.48,8.7,21294174,0.0,0.0
2002-06-24 00:00:00+08:00,8.7,9.03,8.64,9.03,15563106,0.0,0.0
2002-06-25 00:00:00+08:00,9.03,9.22,8.89,9.14,16947524,0.0,0.0
2002-06-26 00:00:00+08:00,9.03,9.11,8.67,9.05,16574871,0.0,0.0
2002-06-27 00:00:00+08:00,9.11,9.14,8.75,9.0,14331548,0.0,0.0
2002-06-28 00:00:00+08:00,9.0,9.14,8.75,9.14,11108968,0.0,0.0
2002-07-01 00:00:00+08:00,9.14,9.14,8.81,8.84,5302087,0.0,0.0
2002-07-02 00:00:00+08:00,8.81,9.0,8.81,9.0,6134347,0.0,0.0
2002-07-03 00:00:00+08:00,9.0,9.05,8.84,9.03,12442414,0.0,0.0
2002-07-04 00:00:00+08:00,8.84,8.97,8.78,8.89,7587565,0.0,0.0
2002-07-05 00:00:00+08:00,8.81,8.89,8.48,8.89,18076613,0.0,0.0
2002-07-08 00:00:00+08:00,8.75,8.86,8.64,8.81,6781060,0.0,0.0
2002-07-09 00:00:00+08:00,8.81,8.86,8.64,8.73,4779105,0.0,0.0
2002-07-10 00:00:00+08:00,8.67,8.7,8.51,8.67,8563760,0.0,0.0
2002-07-11 00:00:00+08:00,8.64,8.75,8.53,8.75,6268173,0.0,0.0
2002-07-12 00:00:00+08:00,8.75,8.95,8.75,8.95,7508693,0.0,0.0
2002-07-15 00:00:00+08:00,8.7,8.89,8.7,8.89,6842398,0.0,0.0
2002-07-16 00:00:00+08:00,8.86,8.92,8.84,8.89,5052845,0.0,0.0
2002-07-17 00:00:00+08:00,8.89,9.0,8.89,9.0,9510304,0.0,0.0
2002-07-18 00:00:00+08:00,9.0,9.16,8.95,8.95,5066682,0.0,0.0
2002-07-19 00:00:00+08:00,8.92,8.92,8.7,8.81,4312796,0.0,0.0
2002-07-22 00:00:00+08:00,8.7,8.7,8.45,8.67,7960401,0.0,0.0
2002-07-23 00:00:00+08:00,8.59,8.75,8.48,8.73,6379077,0.0,0.0
2002-07-24 00:00:00+08:00,8.62,8.64,8.34,8.59,9426703,0.0,0.0
2002-07-25 00:00:00+08:00,8.62,8.7,8.53,8.59,6035219,0.0,0.0
2002-07-26 00:00:00+08:00,8.53,8.59,8.32,8.56,10895321,0.0,0.0
2002-07-29 00:00:00+08:00,8.48,8.64,8.43,8.62,20158600,0.0,0.0
2002-07-30 00:00:00+08:00,8.75,9.03,8.64,9.0,21315110,0.0,0.0
2002-07-31 00:00:00+08:00,9.03,9.05,8.84,9.0,14107120,0.0,0.0
2002-08-01 00:00:00+08:00,9.0,9.22,8.95,9.19,15729450,0.0,0.0
2002-08-02 00:00:00+08:00,9.19,9.27,9.05,9.27,17141614,0.0,0.0
2002-08-05 00:00:00+08:00,8.97,9.14,8.84,9.0,14903483,0.0,0.0
2002-08-06 00:00:00+08:00,8.84,8.89,8.7,8.81,15909762,0.0,0.0
2002-08-07 00:00:00+08:00,8.81,9.0,8.64,9.0,16448543,0.0,0.0
2002-08-08 00:00:00+08:00,8.89,9.05,8.78,8.97,23997342,0.0,0.0
2002-08-09 00:00:00+08:00,8.62,8.97,8.37,8.97,65625667,0.0,0.0
2002-08-12 00:00:00+08:00,8.75,8.89,8.59,8.78,39157419,0.0,0.0
2002-08-13 00:00:00+08:00,8.7,8.7,8.53,8.59,24858376,0.0,0.0
2002-08-14 00:00:00+08:00,8.59,8.59,8.4,8.56,28232108,0.0,0.0
2002-08-15 00:00:00+08:00,8.56,8.56,8.43,8.56,32939513,0.0,0.0
2002-08-16 00:00:00+08:00,8.56,8.59,8.43,8.53,18827031,0.0,0.0
2002-08-19 00:00:00+08:00,8.51,8.51,8.4,8.51,35963977,0.0,0.0
2002-08-20 00:00:00+08:00,8.48,8.51,8.37,8.43,18752874,0.0,0.0
2002-08-21 00:00:00+08:00,8.34,8.43,8.23,8.43,27668189,0.0,0.0
2002-08-22 00:00:00+08:00,8.43,8.53,8.34,8.48,24572585,0.0,0.0
2002-08-23 00:00:00+08:00,8.48,8.48,8.48,8.48,0,0.0,0.0
2002-08-26 00:00:00+08:00,8.4,8.4,8.29,8.4,10653046,0.0,0.0
2002-08-27 00:00:00+08:00,8.34,8.4,8.29,8.4,8336666,0.0,0.0
2002-08-28 00:00:00+08:00,8.34,8.34,8.26,8.34,10368041,0.0,0.0
2002-08-29 00:00:00+08:00,8.34,8.34,8.23,8.34,10259513,0.0,0.0
2002-08-30 00:00:00+08:00,8.34,8.34,8.26,8.32,6348846,0.0,0.0
2002-09-02 00:00:00+08:00,8.32,8.32,8.23,8.32,6876009,0.0,0.0
2002-09-03 00:00:00+08:00,8.32,8.32,8.26,8.29,6839447,0.0,0.0
2002-09-04 00:00:00+08:00,8.1,8.29,7.71,7.71,26016415,0.0,0.0
2002-09-05 00:00:00+08:00,8.18,8.23,8.04,8.23,34744245,0.0,0.0
2002-09-06 00:00:00+08:00,8.23,8.23,8.23,8.23,0,0.0,0.0
2002-09-09 00:00:00+08:00,8.23,8.23,8.12,8.21,12966948,0.0,0.0
2002-09-10 00:00:00+08:00,8.18,8.18,8.1,8.18,19374870,0.0,0.0
2002-09-11 00:00:00+08:00,8.15,8.18,8.07,8.15,21733810,0.0,0.0
2002-09-12 00:00:00+08:00,8.15,8.21,8.1,8.15,7990868,0.0,0.0
2002-09-13 00:00:00+08:00,8.1,8.12,8.04,8.12,8245471,0.0,0.0
2002-09-16 00:00:00+08:00,8.07,8.12,7.99,8.12,8225631,0.0,0.0
2002-09-17 00:00:00+08:00,8.07,8.53,8.07,8.48,11787464,0.0,0.0
2002-09-18 00:00:00+08:00,8.29,8.29,8.07,8.26,12577690,0.0,0.0
2002-09-19 00:00:00+08:00,8.21,8.23,8.1,8.15,8609747,0.0,0.0
2002-09-20 00:00:00+08:00,8.1,8.12,8.02,8.12,7593897,0.0,0.0
2002-09-23 00:00:00+08:00,8.12,8.15,8.02,8.07,8195091,0.0,0.0
2002-09-24 00:00:00+08:00,8.02,8.12,8.02,8.07,14708222,0.0,0.0
2002-09-25 00:00:00+08:00,8.07,8.07,7.8,7.88,9202190,0.0,0.0
2002-09-26 00:00:00+08:00,7.88,7.96,7.74,7.93,12020348,0.0,0.0
2002-09-27 00:00:00+08:00,7.93,8.04,7.88,7.99,16327251,0.0,0.0
2002-09-30 00:00:00+08:00,7.93,7.96,7.8,7.93,4992662,0.0,0.0
2002-10-01 00:00:00+08:00,7.88,7.93,7.82,7.91,4866001,0.0,0.0
2002-10-02 00:00:00+08:00,7.91,8.04,7.88,8.02,13696857,0.0,0.0
2002-10-03 00:00:00+08:00,8.02,8.1,7.96,8.04,8764847,0.0,0.0
2002-10-04 00:00:00+08:00,8.04,8.29,8.02,8.1,11121416,0.0,0.0
2002-10-07 00:00:00+08:00,8.1,8.1,7.93,7.93,3983927,0.0,0.0
2002-10-08 00:00:00+08:00,7.93,8.07,7.91,8.07,6293835,0.0,0.0
2002-10-09 00:00:00+08:00,8.07,8.07,7.96,7.96,7617517,0.0,0.0
2002-10-10 00:00:00+08:00,7.96,7.96,7.96,7.96,0,0.0,0.0
2002-10-11 00:00:00+08:00,7.96,7.99,7.69,7.69,14668802,0.0,0.0
2002-10-14 00:00:00+08:00,7.69,7.69,7.28,7.39,14842586,0.0,0.0
2002-10-15 00:00:00+08:00,7.39,7.8,7.36,7.71,19789392,0.0,0.0
2002-10-16 00:00:00+08:00,7.71,7.77,7.47,7.69,13241215,0.0,0.0
2002-10-17 00:00:00+08:00,7.55,8.04,7.55,7.99,17897215,0.0,0.0
2002-10-18 00:00:00+08:00,8.1,8.45,8.1,8.23,15731510,0.0,0.0
2002-10-21 00:00:00+08:00,8.1,8.15,7.99,8.15,10667589,0.0,0.0
2002-10-22 00:00:00+08:00,8.15,8.18,7.96,7.96,10732696,0.0,0.0
2002-10-23 00:00:00+08:00,7.96,8.26,7.96,8.18,13288339,0.0,0.0
2002-10-24 00:00:00+08:00,7.86,8.18,7.81,8.18,30038660,0.0,1.04
2002-10-25 00:00:00+08:00,8.13,8.31,8.0,8.29,20347437,0.0,0.0
2002-10-28 00:00:00+08:00,8.29,8.5,8.02,8.02,19680154,0.0,0.0
2002-10-29 00:00:00+08:00,8.15,8.18,8.05,8.05,8317062,0.0,0.0
2002-10-30 00:00:00+08:00,8.05,8.15,7.79,7.89,9133778,0.0,0.0
2002-10-31 00:00:00+08:00,7.89,8.08,7.89,7.97,6075519,0.0,0.0
2002-11-01 00:00:00+08:00,7.97,8.08,7.84,7.84,8051178,0.0,0.0
2002-11-04 00:00:00+08:00,7.89,8.1,7.89,7.94,18085444,0.0,0.0
2002-11-05 00:00:00+08:00,7.94,7.97,7.76,7.81,7318499,0.0,0.0
2002-11-06 00:00:00+08:00,7.84,7.89,7.76,7.81,10404283,0.0,0.0
2002-11-07 00:00:00+08:00,7.81,7.89,7.73,7.81,7321895,0.0,0.0
2002-11-08 00:00:00+08:00,7.81,7.89,7.79,7.84,9550319,0.0,0.0
2002-11-11 00:00:00+08:00,7.86,7.86,7.55,7.55,9778091,0.0,0.0
2002-11-12 00:00:00+08:00,7.55,7.86,7.55,7.79,22175946,0.0,0.0
2002-11-13 00:00:00+08:00,7.84,7.84,7.65,7.71,9387251,0.0,0.0
2002-11-14 00:00:00+08:00,7.76,7.79,7.65,7.65,9251089,0.0,0.0
2002-11-15 00:00:00+08:00,7.73,7.84,7.68,7.76,39792145,0.0,0.0
2002-11-18 00:00:00+08:00,7.71,7.79,7.58,7.63,18426591,0.0,0.0
2002-11-19 00:00:00+08:00,7.5,7.63,7.42,7.44,8765955,0.0,0.0
2002-11-20 00:00:00+08:00,7.44,7.6,7.42,7.58,18469305,0.0,0.0
2002-11-21 00:00:00+08:00,7.63,7.65,7.5,7.58,16751335,0.0,0.0
2002-11-22 00:00:00+08:00,7.63,7.68,7.55,7.58,10786272,0.0,0.0
2002-11-25 00:00:00+08:00,7.63,7.63,7.05,7.05,11110946,0.0,0.0
2002-11-26 00:00:00+08:00,7.34,7.44,7.34,7.36,18977023,0.0,0.0
2002-11-27 00:00:00+08:00,7.34,7.36,7.08,7.29,12541890,0.0,0.0
2002-11-28 00:00:00+08:00,7.26,7.26,6.97,7.08,21606534,0.0,0.0
2002-11-29 00:00:00+08:00,7.05,7.23,6.97,7.23,19663274,0.0,0.0
2002-12-02 00:00:00+08:00,7.23,7.23,7.23,7.23,0,0.0,0.0
2002-12-03 00:00:00+08:00,7.02,7.1,6.97,7.05,10168150,0.0,0.0
2002-12-04 00:00:00+08:00,7.05,7.05,6.97,7.0,6733244,0.0,0.0
2002-12-05 00:00:00+08:00,7.0,7.13,7.0,7.1,12062750,0.0,0.0
2002-12-06 00:00:00+08:00,7.08,7.08,6.97,7.05,14683712,0.0,0.0
2002-12-09 00:00:00+08:00,7.05,7.1,7.02,7.1,21746700,0.0,0.0
2002-12-10 00:00:00+08:00,7.08,7.23,7.0,7.23,23361316,0.0,0.0
2002-12-11 00:00:00+08:00,7.31,7.52,7.23,7.26,26023917,0.0,0.0
2002-12-12 00:00:00+08:00,7.26,7.73,7.26,7.71,36968694,0.0,0.0
2002-12-13 00:00:00+08:00,7.84,7.84,7.44,7.5,15622728,0.0,0.0
2002-12-16 00:00:00+08:00,7.58,7.6,7.47,7.5,5530264,0.0,0.0
2002-12-17 00:00:00+08:00,7.58,7.58,7.31,7.31,5825612,0.0,0.0
2002-12-18 00:00:00+08:00,7.44,7.47,7.31,7.44,6951297,0.0,0.0
2002-12-19 00:00:00+08:00,7.42,7.73,7.36,7.73,18750617,0.0,0.0
2002-12-20 00:00:00+08:00,7.68,7.97,7.65,7.76,32506683,0.0,0.0
2002-12-23 00:00:00+08:00,7.52,7.58,7.42,7.44,69599721,0.0,0.0
2002-12-24 00:00:00+08:00,7.42,7.5,7.26,7.26,41988719,0.0,0.0
2002-12-25 00:00:00+08:00,7.26,7.36,7.1,7.18,18029704,0.0,0.0
2002-12-26 00:00:00+08:00,7.15,7.21,7.1,7.18,7516798,0.0,0.0
2002-12-27 00:00:00+08:00,7.18,7.5,7.18,7.36,50766918,0.0,0.0
2002-12-30 00:00:00+08:00,7.36,7.36,7.21,7.23,16560784,0.0,0.0
2002-12-31 00:00:00+08:00,7.23,7.31,7.18,7.26,9074713,0.0,0.0
2003-01-01 00:00:00+08:00,7.26,7.26,7.26,7.26,0,0.0,0.0
2003-01-02 00:00:00+08:00,7.29,7.5,7.18,7.44,49279087,0.0,0.0
2003-01-03 00:00:00+08:00,7.58,7.71,7.44,7.5,62433018,0.0,0.0
2003-01-06 00:00:00+08:00,7.55,7.58,7.42,7.44,36415929,0.0,0.0
2003-01-07 00:00:00+08:00,7.52,7.55,7.44,7.44,28658839,0.0,0.0
2003-01-08 00:00:00+08:00,7.44,7.6,7.39,7.55,48710311,0.0,0.0
2003-01-09 00:00:00+08:00,7.52,7.6,7.47,7.52,34586110,0.0,0.0
2003-01-10 00:00:00+08:00,7.52,7.55,7.42,7.5,33224199,0.0,0.0
2003-01-13 00:00:00+08:00,7.5,7.65,7.5,7.6,42509647,0.0,0.0
2003-01-14 00:00:00+08:00,7.63,7.73,7.55,7.58,43042689,0.0,0.0
2003-01-15 00:00:00+08:00,7.63,7.63,7.44,7.58,29652589,0.0,0.0
2003-01-16 00:00:00+08:00,7.58,7.84,7.58,7.58,55469850,0.0,0.0
2003-01-17 00:00:00+08:00,7.65,7.68,7.55,7.65,21566494,0.0,0.0
2003-01-20 00:00:00+08:00,7.68,7.79,7.65,7.71,20824219,0.0,0.0
2003-01-21 00:00:00+08:00,7.71,7.79,7.65,7.68,34998667,0.0,0.0
2003-01-22 00:00:00+08:00,7.65,7.81,7.6,7.81,22000401,0.0,0.0
2003-01-23 00:00:00+08:00,7.81,8.1,7.81,8.0,89265706,0.0,0.0
2003-01-24 00:00:00+08:00,8.1,8.39,8.0,8.15,112429083,0.0,0.0
2003-01-27 00:00:00+08:00,8.21,8.29,7.89,7.89,108547034,0.0,0.0
2003-01-28 00:00:00+08:00,7.92,8.02,7.84,8.0,46007565,0.0,0.0
2003-01-29 00:00:00+08:00,8.0,8.0,8.0,8.0,0,0.0,0.0
2003-02-06 00:00:00+08:00,8.0,8.08,7.81,7.81,42632271,0.0,0.0
2003-02-07 00:00:00+08:00,7.81,7.86,7.36,7.68,37039672,0.0,0.0
2003-02-10 00:00:00+08:00,7.68,7.68,7.52,7.58,26678777,0.0,0.0
2003-02-11 00:00:00+08:00,7.63,7.68,7.5,7.52,21215116,0.0,0.0
2003-02-12 00:00:00+08:00,7.58,7.71,7.52,7.63,17808116,0.0,0.0
2003-02-13 00:00:00+08:00,7.6,7.63,7.36,7.36,20747635,0.0,0.0
2003-02-14 00:00:00+08:00,7.44,7.5,7.26,7.31,15499683,0.0,0.0
2003-02-17 00:00:00+08:00,7.5,7.52,7.39,7.5,19289781,0.0,0.0
2003-02-18 00:00:00+08:00,7.5,7.5,7.31,7.34,22587108,0.0,0.0
2003-02-19 00:00:00+08:00,7.36,7.42,7.26,7.26,19708458,0.0,0.0
2003-02-20 00:00:00+08:00,7.26,7.29,7.1,7.1,28302606,0.0,0.0
2003-02-21 00:00:00+08:00,7.1,7.15,7.0,7.08,20338066,0.0,0.0
2003-02-24 00:00:00+08:00,7.15,7.26,7.1,7.26,15604923,0.0,0.0
2003-02-25 00:00:00+08:00,7.18,7.21,7.08,7.08,14132022,0.0,0.0
2003-02-26 00:00:00+08:00,7.1,7.13,7.05,7.05,8723145,0.0,0.0
2003-02-27 00:00:00+08:00,7.05,7.21,7.02,7.18,16342768,0.0,0.0
2003-02-28 00:00:00+08:00,7.18,7.18,7.18,7.18,0,0.0,0.0
2003-03-03 00:00:00+08:00,7.23,7.42,7.21,7.36,26650308,0.0,0.0
2003-03-04 00:00:00+08:00,7.34,7.34,7.26,7.29,11000931,0.0,0.0
2003-03-05 00:00:00+08:00,7.23,7.26,7.13,7.13,9550544,0.0,0.0
2003-03-06 00:00:00+08:00,7.21,7.21,7.08,7.1,14416250,0.0,0.0
2003-03-07 00:00:00+08:00,7.05,7.13,6.97,7.1,13131772,0.0,0.0
2003-03-10 00:00:00+08:00,7.1,7.13,7.05,7.1,6595792,0.0,0.0
2003-03-11 00:00:00+08:00,7.08,7.08,6.76,6.79,18939335,0.0,0.0
2003-03-12 00:00:00+08:00,6.84,6.97,6.71,6.94,41881522,0.0,0.0
2003-03-13 00:00:00+08:00,6.94,6.97,6.84,6.92,9995699,0.0,0.0
2003-03-14 00:00:00+08:00,7.08,7.1,6.94,7.02,18845234,0.0,0.0
2003-03-17 00:00:00+08:00,6.94,7.0,6.71,6.71,14781411,0.0,0.0
2003-03-18 00:00:00+08:00,6.84,7.02,6.84,6.89,17643684,0.0,0.0
2003-03-19 00:00:00+08:00,6.89,6.94,6.84,6.89,9310298,0.0,0.0
2003-03-20 00:00:00+08:00,6.97,6.97,6.79,6.94,16274001,0.0,0.0
2003-03-21 00:00:00+08:00,6.89,7.05,6.89,6.94,13679210,0.0,0.0
2003-03-24 00:00:00+08:00,7.0,7.02,6.92,7.0,9747995,0.0,0.0
2003-03-25 00:00:00+08:00,6.87,6.97,6.87,6.92,8630005,0.0,0.0
2003-03-26 00:00:00+08:00,6.92,7.0,6.87,6.89,6359029,0.0,0.0
2003-03-27 00:00:00+08:00,6.89,7.02,6.89,6.94,9271240,0.0,0.0
2003-03-28 00:00:00+08:00,7.0,7.18,6.94,7.1,27526788,0.0,0.0
2003-03-31 00:00:00+08:00,7.1,7.1,7.0,7.1,15613639,0.0,0.0
2003-04-01 00:00:00+08:00,7.1,7.18,6.97,7.18,10814953,0.0,0.0
2003-04-02 00:00:00+08:00,7.05,7.15,7.02,7.02,6195385,0.0,0.0
2003-04-03 00:00:00+08:00,7.02,7.05,6.94,6.94,14394906,0.0,0.0
2003-04-04 00:00:00+08:00,6.94,7.15,6.92,7.1,13894813,0.0,0.0
2003-04-07 00:00:00+08:00,7.1,7.18,7.08,7.15,15740601,0.0,0.0
2003-04-08 00:00:00+08:00,7.13,7.21,7.08,7.1,13266395,0.0,0.0
2003-04-09 00:00:00+08:00,7.05,7.13,7.05,7.05,7607951,0.0,0.0
2003-04-10 00:00:00+08:00,7.02,7.1,7.0,7.02,12843907,0.0,0.0
2003-04-11 00:00:00+08:00,7.0,7.1,7.0,7.05,4978642,0.0,0.0
2003-04-14 00:00:00+08:00,7.08,7.15,7.0,7.1,15638370,0.0,0.0
2003-04-15 00:00:00+08:00,7.1,7.29,7.1,7.1,19536800,0.0,0.0
2003-04-16 00:00:00+08:00,7.23,7.26,7.15,7.23,19239451,0.0,0.0
2003-04-17 00:00:00+08:00,7.18,7.23,7.08,7.08,16550372,0.0,0.0
2003-04-18 00:00:00+08:00,7.1,7.21,7.1,7.15,16746089,0.0,0.0
2003-04-21 00:00:00+08:00,7.18,7.21,7.05,7.08,12718406,0.0,0.0
2003-04-22 00:00:00+08:00,7.05,7.08,6.97,7.0,14646911,0.0,0.0
2003-04-23 00:00:00+08:00,7.05,7.08,6.94,6.97,8985196,0.0,0.0
2003-04-24 00:00:00+08:00,6.97,6.97,6.6,6.65,27603806,0.0,0.0
2003-04-25 00:00:00+08:00,6.52,6.68,6.52,6.52,15188709,0.0,0.0
2003-04-28 00:00:00+08:00,6.31,6.44,6.1,6.34,21598592,0.0,0.0
2003-04-29 00:00:00+08:00,6.44,6.5,6.31,6.5,24966018,0.0,0.0
2003-04-30 00:00:00+08:00,6.44,6.5,6.23,6.26,16731489,0.0,0.0
2003-05-01 00:00:00+08:00,6.26,6.26,6.26,6.26,0,0.0,0.0
2003-05-02 00:00:00+08:00,6.18,6.47,6.18,6.39,12686926,0.0,0.0
2003-05-05 00:00:00+08:00,6.31,6.39,6.23,6.31,8966394,0.0,0.0
2003-05-06 00:00:00+08:00,6.44,6.5,6.37,6.39,20792755,0.0,0.0
2003-05-07 00:00:00+08:00,6.47,6.55,6.42,6.52,15029850,0.0,0.0
2003-05-08 00:00:00+08:00,6.5,6.55,6.37,6.44,23853532,0.0,0.0
2003-05-09 00:00:00+08:00,6.44,6.52,6.42,6.47,7579231,0.0,0.0
2003-05-12 00:00:00+08:00,6.5,6.6,6.47,6.5,10018084,0.0,0.0
2003-05-13 00:00:00+08:00,6.58,6.65,6.52,6.6,13073457,0.0,0.0
2003-05-14 00:00:00+08:00,6.6,6.65,6.55,6.63,9180436,0.0,0.0
2003-05-15 00:00:00+08:00,6.63,6.73,6.58,6.71,12057641,0.0,0.0
2003-05-16 00:00:00+08:00,6.76,6.79,6.68,6.76,13379035,0.0,0.0
2003-05-19 00:00:00+08:00,6.73,6.87,6.68,6.81,22113889,0.0,0.0
2003-05-20 00:00:00+08:00,6.76,6.84,6.68,6.81,11306009,0.0,0.0
2003-05-21 00:00:00+08:00,6.81,6.87,6.73,6.84,14281742,0.0,0.0
2003-05-22 00:00:00+08:00,6.73,6.89,6.65,6.87,12674077,0.0,0.0
2003-05-23 00:00:00+08:00,6.81,6.97,6.79,6.89,10086210,0.0,0.0
2003-05-26 00:00:00+08:00,6.94,7.02,6.94,6.97,6802562,0.0,0.0
2003-05-27 00:00:00+08:00,6.94,7.05,6.94,7.02,11734168,0.0,0.0
2003-05-28 00:00:00+08:00,7.0,7.15,7.0,7.1,21903992,0.0,0.0
2003-05-29 00:00:00+08:00,7.1,7.36,7.08,7.36,26723397,0.0,0.0
2003-05-30 00:00:00+08:00,7.23,7.31,7.1,7.13,21290147,0.0,0.0
2003-06-02 00:00:00+08:00,7.15,7.31,7.08,7.26,28318648,0.0,0.0
2003-06-03 00:00:00+08:00,7.31,7.42,7.29,7.31,27333129,0.0,0.0
2003-06-04 00:00:00+08:00,7.31,7.31,7.31,7.31,0,0.0,0.0
2003-06-05 00:00:00+08:00,7.42,7.44,7.26,7.36,21427181,0.0,0.0
2003-06-06 00:00:00+08:00,7.34,7.36,7.21,7.29,12612241,0.0,0.0
2003-06-09 00:00:00+08:00,7.23,7.29,7.15,7.26,11937208,0.0,0.0
2003-06-10 00:00:00+08:00,7.29,7.34,7.18,7.23,8273927,0.0,0.0
2003-06-11 00:00:00+08:00,7.31,7.39,7.23,7.34,16664386,0.0,0.0
2003-06-12 00:00:00+08:00,7.34,7.36,7.26,7.34,9139564,0.0,0.0
2003-06-13 00:00:00+08:00,7.34,7.42,7.29,7.29,13515607,0.0,0.0
2003-06-16 00:00:00+08:00,7.26,7.39,7.23,7.29,8585054,0.0,0.0
2003-06-17 00:00:00+08:00,7.36,7.47,7.34,7.47,19999397,0.0,0.0
2003-06-18 00:00:00+08:00,7.5,7.58,7.36,7.36,20239580,0.0,0.0
2003-06-19 00:00:00+08:00,7.47,7.47,7.31,7.36,20980849,0.0,0.0
2003-06-20 00:00:00+08:00,7.31,7.5,7.31,7.34,20993993,0.0,0.0
2003-06-23 00:00:00+08:00,7.36,7.42,7.31,7.34,10306473,0.0,0.0
2003-06-24 00:00:00+08:00,7.36,7.44,7.23,7.26,8932409,0.0,0.0
2003-06-25 00:00:00+08:00,7.26,7.36,7.26,7.36,10498636,0.0,0.0
2003-06-26 00:00:00+08:00,7.34,7.39,7.29,7.34,6627969,0.0,0.0
2003-06-27 00:00:00+08:00,7.36,7.39,7.23,7.29,13235933,0.0,0.0
2003-06-30 00:00:00+08:00,7.34,7.36,7.29,7.29,7318496,0.0,0.0
2003-07-01 00:00:00+08:00,7.29,7.34,7.26,7.34,12266455,0.0,0.0
2003-07-02 00:00:00+08:00,7.42,7.44,7.34,7.39,14014343,0.0,0.0
2003-07-03 00:00:00+08:00,7.5,7.89,7.39,7.73,62506343,0.0,0.0
2003-07-04 00:00:00+08:00,7.73,7.73,7.47,7.55,23057458,0.0,0.0
2003-07-07 00:00:00+08:00,7.76,8.0,7.63,7.71,47418662,0.0,0.0
2003-07-08 00:00:00+08:00,7.65,7.71,7.55,7.71,24430641,0.0,0.0
2003-07-09 00:00:00+08:00,7.71,7.84,7.6,7.6,16063914,0.0,0.0
2003-07-10 00:00:00+08:00,7.6,7.76,7.5,7.5,17771383,0.0,0.0
2003-07-11 00:00:00+08:00,7.44,7.44,7.18,7.23,17702445,0.0,0.0
2003-07-14 00:00:00+08:00,7.23,7.52,7.18,7.5,17110579,0.0,0.0
2003-07-15 00:00:00+08:00,7.5,7.5,7.31,7.36,9500467,0.0,0.0
2003-07-16 00:00:00+08:00,7.36,7.36,7.29,7.36,8429837,0.0,0.0
2003-07-17 00:00:00+08:00,7.31,7.31,7.21,7.21,15783495,0.0,0.0
2003-07-18 00:00:00+08:00,7.21,7.29,7.13,7.15,21756917,0.0,0.0
2003-07-21 00:00:00+08:00,7.15,7.15,7.0,7.0,23180332,0.0,0.0
2003-07-22 00:00:00+08:00,7.16,7.36,7.16,7.3,14023588,1.2,0.0
2003-07-23 00:00:00+08:00,7.3,7.41,7.27,7.41,13445370,0.0,0.0
2003-07-24 00:00:00+08:00,7.41,7.53,7.33,7.53,19456804,0.0,0.0
2003-07-25 00:00:00+08:00,7.53,7.61,7.47,7.58,10625006,0.0,0.0
2003-07-28 00:00:00+08:00,7.58,7.64,7.53,7.55,17703305,0.0,0.0
2003-07-29 00:00:00+08:00,7.55,7.55,7.3,7.3,17125122,0.0,0.0
2003-07-30 00:00:00+08:00,7.3,7.36,7.16,7.24,25082540,0.0,0.0
2003-07-31 00:00:00+08:00,7.24,7.33,7.16,7.3,13511892,0.0,0.0
2003-08-01 00:00:00+08:00,7.3,7.3,7.22,7.22,8505950,0.0,0.0
2003-08-04 00:00:00+08:00,7.22,7.27,7.16,7.19,12283883,0.0,0.0
2003-08-05 00:00:00+08:00,7.19,7.27,7.16,7.24,21691800,0.0,0.0
2003-08-06 00:00:00+08:00,7.19,7.22,7.16,7.16,7819011,0.0,0.0
2003-08-07 00:00:00+08:00,7.16,7.22,7.1,7.19,14245828,0.0,0.0
2003-08-08 00:00:00+08:00,7.16,7.19,7.1,7.13,15280741,0.0,0.0
2003-08-11 00:00:00+08:00,7.13,7.13,6.96,7.1,7802605,0.0,0.0
2003-08-12 00:00:00+08:00,7.1,7.3,7.1,7.27,11409224,0.0,0.0
2003-08-13 00:00:00+08:00,7.27,7.47,7.24,7.44,21009043,0.0,0.0
2003-08-14 00:00:00+08:00,7.44,7.55,7.38,7.55,18334454,0.0,0.0
2003-08-15 00:00:00+08:00,7.55,7.64,7.53,7.58,18165095,0.0,0.0
2003-08-18 00:00:00+08:00,7.58,7.72,7.55,7.72,19692119,0.0,0.0
2003-08-19 00:00:00+08:00,7.72,7.86,7.67,7.78,22535191,0.0,0.0
2003-08-20 00:00:00+08:00,7.78,7.92,7.75,7.89,33284116,0.0,0.0
2003-08-21 00:00:00+08:00,7.86,7.92,7.78,7.89,26244604,0.0,0.0
2003-08-22 00:00:00+08:00,7.89,8.2,7.83,8.11,41830939,0.0,0.0
2003-08-25 00:00:00+08:00,8.14,8.4,8.14,8.34,50403820,0.0,0.0
2003-08-26 00:00:00+08:00,8.37,8.37,8.23,8.26,36306775,0.0,0.0
2003-08-27 00:00:00+08:00,8.34,8.48,8.26,8.26,46361580,0.0,0.0
2003-08-28 00:00:00+08:00,8.34,8.45,8.28,8.42,47649181,0.0,0.0
2003-08-29 00:00:00+08:00,8.42,8.45,8.31,8.34,35781883,0.0,0.0
2003-09-01 00:00:00+08:00,8.42,8.59,8.37,8.37,34761367,0.0,0.0
2003-09-02 00:00:00+08:00,8.42,8.54,8.37,8.54,31450934,0.0,0.0
2003-09-03 00:00:00+08:00,8.56,8.76,8.54,8.76,68276828,0.0,0.0
2003-09-04 00:00:00+08:00,8.79,9.1,8.79,8.82,68518862,0.0,0.0
2003-09-05 00:00:00+08:00,8.82,8.93,8.62,8.79,44854712,0.0,0.0
2003-09-08 00:00:00+08:00,8.76,9.13,8.62,8.99,46970159,0.0,0.0
2003-09-09 00:00:00+08:00,9.1,9.27,8.7,8.7,41061275,0.0,0.0
2003-09-10 00:00:00+08:00,8.56,8.7,8.45,8.51,36250922,0.0,0.0
2003-09-11 00:00:00+08:00,8.51,8.51,8.51,8.51,0,0.0,0.0
2003-09-12 00:00:00+08:00,8.56,8.65,8.48,8.54,13238273,0.0,0.0
2003-09-15 00:00:00+08:00,8.48,8.59,8.42,8.56,22803322,0.0,0.0
2003-09-16 00:00:00+08:00,8.56,8.84,8.56,8.84,27285625,0.0,0.0
2003-09-17 00:00:00+08:00,8.84,8.87,8.65,8.73,20991477,0.0,0.0
2003-09-18 00:00:00+08:00,8.68,8.73,8.56,8.62,23020379,0.0,0.0
2003-09-19 00:00:00+08:00,8.62,8.84,8.62,8.7,29862503,0.0,0.0
2003-09-22 00:00:00+08:00,8.7,8.82,8.65,8.7,16652059,0.0,0.0
2003-09-23 00:00:00+08:00,8.7,8.84,8.65,8.76,19373221,0.0,0.0
2003-09-24 00:00:00+08:00,8.84,9.27,8.76,9.27,87002148,0.0,0.0
2003-09-25 00:00:00+08:00,9.21,9.6,9.15,9.55,91836003,0.0,0.0
2003-09-26 00:00:00+08:00,9.46,9.52,9.29,9.41,48325023,0.0,0.0
2003-09-29 00:00:00+08:00,9.38,9.43,9.32,9.41,26446151,0.0,0.0
2003-09-30 00:00:00+08:00,9.49,9.52,9.27,9.27,24413557,0.0,0.0
2003-10-01 00:00:00+08:00,9.21,9.43,9.13,9.27,48466116,0.0,0.0
2003-10-02 00:00:00+08:00,9.41,9.69,9.35,9.6,70345214,0.0,0.0
2003-10-03 00:00:00+08:00,9.6,9.74,9.49,9.69,41240762,0.0,0.0
2003-10-06 00:00:00+08:00,9.69,9.97,9.52,9.72,66663493,0.0,0.0
2003-10-07 00:00:00+08:00,9.77,9.97,9.72,9.97,59118093,0.0,0.0
2003-10-08 00:00:00+08:00,9.94,10.08,9.8,9.88,33265917,0.0,0.0
2003-10-09 00:00:00+08:00,9.83,10.0,9.72,9.8,43700468,0.0,0.0
2003-10-10 00:00:00+08:00,9.8,9.8,9.8,9.8,0,0.0,0.0
2003-10-13 00:00:00+08:00,9.8,10.16,9.69,10.0,68268103,0.0,0.0
2003-10-14 00:00:00+08:00,10.11,10.22,9.94,9.97,44614425,0.0,0.0
2003-10-15 00:00:00+08:00,9.91,10.02,9.69,9.72,25464373,0.0,0.0
2003-10-16 00:00:00+08:00,9.72,9.88,9.69,9.86,28091056,0.0,0.0
2003-10-17 00:00:00+08:00,9.88,10.16,9.77,10.0,44310565,0.0,0.0
2003-10-20 00:00:00+08:00,10.08,10.25,10.0,10.08,44219877,0.0,0.0
2003-10-21 00:00:00+08:00,10.08,10.11,9.88,10.05,36099301,0.0,0.0
2003-10-22 00:00:00+08:00,10.0,10.05,9.91,9.91,23036139,0.0,0.0
2003-10-23 00:00:00+08:00,9.77,9.8,9.46,9.74,46771891,0.0,0.0
2003-10-24 00:00:00+08:00,9.72,9.77,9.49,9.49,18875340,0.0,0.0
2003-10-27 00:00:00+08:00,9.55,9.63,9.46,9.55,13325845,0.0,0.0
2003-10-28 00:00:00+08:00,9.69,10.0,9.6,9.88,39516988,0.0,0.0
2003-10-29 00:00:00+08:00,9.94,10.22,9.86,9.91,45750633,0.0,0.0
2003-10-30 00:00:00+08:00,9.97,10.02,9.83,10.0,17049637,0.0,0.0
2003-10-31 00:00:00+08:00,10.0,10.08,9.86,10.05,19801015,0.0,0.0
2003-11-03 00:00:00+08:00,10.05,10.05,9.88,10.05,10656313,0.0,0.0
2003-11-04 00:00:00+08:00,10.11,10.11,9.88,9.88,12209106,0.0,0.0
2003-11-05 00:00:00+08:00,9.88,9.88,9.63,9.74,21975415,0.0,0.0
2003-11-06 00:00:00+08:00,9.63,9.77,9.13,9.27,31610220,0.0,0.0
2003-11-07 00:00:00+08:00,9.27,9.27,9.04,9.27,31433954,0.0,0.0
2003-11-10 00:00:00+08:00,9.21,9.49,9.04,9.41,20505650,0.0,0.0
2003-11-11 00:00:00+08:00,9.41,9.41,9.21,9.35,16851422,0.0,0.0
2003-11-12 00:00:00+08:00,9.35,9.41,9.1,9.24,18608321,0.0,0.0
2003-11-13 00:00:00+08:00,9.27,9.35,9.21,9.27,13867646,0.0,0.0
2003-11-14 00:00:00+08:00,9.27,9.38,9.21,9.24,10815335,0.0,0.0
2003-11-17 00:00:00+08:00,9.24,9.29,9.1,9.13,12782860,0.0,0.0
2003-11-18 00:00:00+08:00,9.07,9.13,8.99,9.07,24171050,0.0,0.0
2003-11-19 00:00:00+08:00,8.99,9.21,8.93,9.18,23468094,0.0,0.0
2003-11-20 00:00:00+08:00,9.18,9.21,8.99,9.13,16404050,0.0,0.0
2003-11-21 00:00:00+08:00,9.07,9.15,9.07,9.15,20411305,0.0,0.0
2003-11-24 00:00:00+08:00,9.15,9.18,9.04,9.04,11024157,0.0,0.0
2003-11-25 00:00:00+08:00,9.15,9.29,9.07,9.07,25200950,0.0,0.0
2003-11-26 00:00:00+08:00,9.04,9.13,9.04,9.04,10333833,0.0,0.0
2003-11-27 00:00:00+08:00,9.04,9.1,8.7,8.7,29878864,0.0,0.0
2003-11-28 00:00:00+08:00,8.84,8.93,8.65,8.7,18709616,0.0,0.0
2003-12-01 00:00:00+08:00,8.7,9.04,8.65,8.9,25721757,0.0,0.0
2003-12-02 00:00:00+08:00,8.99,9.13,8.96,9.13,26353845,0.0,0.0
2003-12-03 00:00:00+08:00,9.04,9.1,8.84,8.96,23335877,0.0,0.0
2003-12-04 00:00:00+08:00,9.01,9.07,8.87,8.99,14062756,0.0,0.0
2003-12-05 00:00:00+08:00,9.1,9.1,8.93,8.93,10316637,0.0,0.0
2003-12-08 00:00:00+08:00,8.93,9.07,8.84,9.07,10918795,0.0,0.0
2003-12-09 00:00:00+08:00,9.1,9.13,8.96,9.04,14647623,0.0,0.0
2003-12-10 00:00:00+08:00,8.99,8.99,8.87,8.87,18774474,0.0,0.0
2003-12-11 00:00:00+08:00,8.99,9.1,8.93,9.1,23116649,0.0,0.0
2003-12-12 00:00:00+08:00,9.15,9.24,9.04,9.18,16390320,0.0,0.0
2003-12-15 00:00:00+08:00,9.21,9.27,9.01,9.18,18886055,0.0,0.0
2003-12-16 00:00:00+08:00,9.1,9.27,9.1,9.24,21621430,0.0,0.0
2003-12-17 00:00:00+08:00,9.27,9.35,8.82,8.96,35107884,0.0,0.0
2003-12-18 00:00:00+08:00,8.96,9.15,8.93,9.07,18643451,0.0,0.0
2003-12-19 00:00:00+08:00,9.21,9.21,9.07,9.07,8001758,0.0,0.0
2003-12-22 00:00:00+08:00,9.15,9.21,9.1,9.18,8876065,0.0,0.0
2003-12-23 00:00:00+08:00,9.18,9.24,9.15,9.15,11359763,0.0,0.0
2003-12-24 00:00:00+08:00,9.18,9.27,9.13,9.24,5754368,0.0,0.0
2003-12-25 00:00:00+08:00,9.24,9.29,9.13,9.13,4680884,0.0,0.0
2003-12-26 00:00:00+08:00,9.18,9.21,9.1,9.15,3182682,0.0,0.0
2003-12-29 00:00:00+08:00,9.18,9.18,9.01,9.13,7753348,0.0,0.0
2003-12-30 00:00:00+08:00,9.13,9.24,9.07,9.18,20012824,0.0,0.0
2003-12-31 00:00:00+08:00,9.13,9.18,9.1,9.13,9908406,0.0,0.0
2004-01-01 00:00:00+08:00,9.13,9.13,9.13,9.13,0,0.0,0.0
2004-01-02 00:00:00+08:00,9.07,9.29,9.07,9.29,33702937,0.0,0.0
2004-01-05 00:00:00+08:00,9.35,9.46,9.24,9.41,29036577,0.0,0.0
2004-01-06 00:00:00+08:00,9.46,9.46,9.29,9.41,19043115,0.0,0.0
2004-01-07 00:00:00+08:00,9.41,9.55,9.29,9.32,27032476,0.0,0.0
2004-01-08 00:00:00+08:00,9.29,9.35,9.07,9.07,54289238,0.0,0.0
2004-01-09 00:00:00+08:00,9.1,9.13,8.93,9.07,63647276,0.0,0.0
2004-01-12 00:00:00+08:00,9.04,9.04,8.9,8.99,28603448,0.0,0.0
2004-01-13 00:00:00+08:00,8.99,9.13,8.99,9.04,19427298,0.0,0.0
2004-01-14 00:00:00+08:00,9.01,9.29,9.01,9.24,25534822,0.0,0.0
2004-01-15 00:00:00+08:00,9.24,9.6,9.24,9.46,60938654,0.0,0.0
2004-01-16 00:00:00+08:00,9.6,9.6,9.43,9.43,30336443,0.0,0.0
2004-01-19 00:00:00+08:00,9.43,9.43,9.43,9.43,0,0.0,0.0
2004-01-27 00:00:00+08:00,9.6,9.63,9.49,9.55,30437785,0.0,0.0
2004-01-28 00:00:00+08:00,9.13,9.55,9.13,9.43,33818057,0.0,0.0
2004-01-29 00:00:00+08:00,9.38,9.38,9.21,9.21,39803632,0.0,0.0
2004-01-30 00:00:00+08:00,9.21,9.32,9.18,9.24,25834171,0.0,0.0
2004-02-02 00:00:00+08:00,9.18,9.21,9.04,9.04,19170822,0.0,0.0
2004-02-03 00:00:00+08:00,8.99,9.04,8.82,8.87,32860647,0.0,0.0
2004-02-04 00:00:00+08:00,8.84,8.84,8.7,8.7,57133260,0.0,0.0
2004-02-05 00:00:00+08:00,8.7,8.84,8.65,8.7,50609380,0.0,0.0
2004-02-06 00:00:00+08:00,8.76,8.96,8.73,8.82,26647720,0.0,0.0
2004-02-09 00:00:00+08:00,8.96,8.96,8.82,8.9,34638625,0.0,0.0
2004-02-10 00:00:00+08:00,8.96,9.1,8.93,9.01,57262646,0.0,0.0
2004-02-11 00:00:00+08:00,9.04,9.15,8.93,9.07,49395602,0.0,0.0
2004-02-12 00:00:00+08:00,9.21,9.43,9.07,9.13,74326201,0.0,0.0
2004-02-13 00:00:00+08:00,9.24,9.6,9.18,9.55,85566829,0.0,0.0
2004-02-16 00:00:00+08:00,9.6,9.83,9.57,9.72,78531830,0.0,0.0
2004-02-17 00:00:00+08:00,9.77,9.88,9.57,9.57,61268023,0.0,0.0
2004-02-18 00:00:00+08:00,9.6,9.77,9.49,9.55,53758907,0.0,0.0
2004-02-19 00:00:00+08:00,9.57,9.72,9.49,9.66,36788754,0.0,0.0
2004-02-20 00:00:00+08:00,9.66,9.72,9.57,9.72,34376049,0.0,0.0
2004-02-23 00:00:00+08:00,9.8,10.0,9.77,9.91,51418720,0.0,0.0
2004-02-24 00:00:00+08:00,9.91,10.05,9.77,9.88,43119210,0.0,0.0
2004-02-25 00:00:00+08:00,9.91,9.94,9.83,9.83,22132152,0.0,0.0
2004-02-26 00:00:00+08:00,9.94,10.05,9.83,9.91,32185872,0.0,0.0
2004-02-27 00:00:00+08:00,9.94,10.02,9.86,9.97,40292948,0.0,0.0
2004-03-01 00:00:00+08:00,10.16,10.64,10.11,10.64,116234197,0.0,0.0
2004-03-02 00:00:00+08:00,10.67,10.73,10.45,10.73,70022653,0.0,0.0
2004-03-03 00:00:00+08:00,10.78,10.87,10.61,10.64,45032834,0.0,0.0
2004-03-04 00:00:00+08:00,10.64,10.81,10.64,10.67,34439908,0.0,0.0
2004-03-05 00:00:00+08:00,10.75,10.78,9.94,10.11,47114102,0.0,0.0
2004-03-08 00:00:00+08:00,10.25,10.42,10.02,10.28,53248491,0.0,0.0
2004-03-09 00:00:00+08:00,10.39,10.39,10.16,10.28,24672546,0.0,0.0
2004-03-10 00:00:00+08:00,10.33,10.42,10.05,10.11,32491814,0.0,0.0
2004-03-11 00:00:00+08:00,10.0,10.19,9.91,10.11,26578886,0.0,0.0
2004-03-12 00:00:00+08:00,9.86,10.11,9.86,9.88,23555215,0.0,0.0
2004-03-15 00:00:00+08:00,9.97,10.05,9.24,9.27,57315394,0.0,0.0
2004-03-16 00:00:00+08:00,9.32,9.57,9.27,9.55,74506648,0.0,0.0
2004-03-17 00:00:00+08:00,9.74,9.74,9.41,9.41,39370091,0.0,0.0
2004-03-18 00:00:00+08:00,9.27,9.77,9.24,9.74,36962338,0.0,0.0
2004-03-19 00:00:00+08:00,9.74,9.77,9.57,9.74,16918809,0.0,0.0
2004-03-22 00:00:00+08:00,9.07,9.15,9.07,9.07,72303841,0.0,0.0
2004-03-23 00:00:00+08:00,9.27,9.46,9.07,9.27,56096067,0.0,0.0
2004-03-24 00:00:00+08:00,9.35,9.35,9.13,9.27,31462842,0.0,0.0
2004-03-25 00:00:00+08:00,9.27,9.32,9.15,9.18,16187535,0.0,0.0
2004-03-26 00:00:00+08:00,9.21,9.29,9.13,9.18,20005359,0.0,0.0
2004-03-29 00:00:00+08:00,9.6,9.63,9.29,9.63,18080419,0.0,0.0
2004-03-30 00:00:00+08:00,9.63,9.63,9.41,9.55,21797643,0.0,0.0
2004-03-31 00:00:00+08:00,9.63,9.72,9.46,9.72,21645172,0.0,0.0
2004-04-01 00:00:00+08:00,9.69,9.69,9.46,9.55,15011674,0.0,0.0
2004-04-02 00:00:00+08:00,9.55,9.6,9.43,9.55,15639447,0.0,0.0
2004-04-05 00:00:00+08:00,9.66,9.66,9.49,9.6,20636028,0.0,0.0
2004-04-06 00:00:00+08:00,9.66,9.77,9.6,9.69,23135041,0.0,0.0
2004-04-07 00:00:00+08:00,9.77,9.83,9.63,9.74,24083853,0.0,0.0
2004-04-08 00:00:00+08:00,9.74,9.8,9.66,9.66,16364242,0.0,0.0
2004-04-09 00:00:00+08:00,9.66,9.66,9.49,9.55,20952360,0.0,0.0
2004-04-12 00:00:00+08:00,9.6,9.74,9.6,9.66,45746906,0.0,0.0
2004-04-13 00:00:00+08:00,9.72,9.74,9.6,9.66,27067268,0.0,0.0
2004-04-14 00:00:00+08:00,9.6,9.66,9.57,9.6,14482828,0.0,0.0
2004-04-15 00:00:00+08:00,9.63,9.8,9.49,9.52,39017011,0.0,0.0
2004-04-16 00:00:00+08:00,9.55,9.83,9.52,9.66,67492944,0.0,0.0
2004-04-19 00:00:00+08:00,9.72,9.72,9.52,9.55,29297264,0.0,0.0
2004-04-20 00:00:00+08:00,9.6,9.72,9.6,9.63,34685430,0.0,0.0
2004-04-21 00:00:00+08:00,9.66,9.88,9.63,9.72,33896177,0.0,0.0
2004-04-22 00:00:00+08:00,9.72,9.88,9.55,9.57,34165485,0.0,0.0
2004-04-23 00:00:00+08:00,9.6,9.66,9.55,9.55,23958836,0.0,0.0
2004-04-26 00:00:00+08:00,9.57,9.63,9.55,9.55,9856986,0.0,0.0
2004-04-27 00:00:00+08:00,9.57,9.66,9.52,9.63,15671770,0.0,0.0
2004-04-28 00:00:00+08:00,9.63,9.66,9.55,9.6,18257984,0.0,0.0
2004-04-29 00:00:00+08:00,9.55,9.6,9.41,9.41,34350856,0.0,0.0
2004-04-30 00:00:00+08:00,9.41,9.41,8.76,8.9,35180689,0.0,0.0
2004-05-03 00:00:00+08:00,8.9,9.07,8.9,9.04,13278773,0.0,0.0
2004-05-04 00:00:00+08:00,9.04,9.43,9.04,9.43,18779584,0.0,0.0
2004-05-05 00:00:00+08:00,9.38,9.38,8.96,8.99,26070112,0.0,0.0
2004-05-06 00:00:00+08:00,9.15,9.38,8.99,9.07,16772535,0.0,0.0
2004-05-07 00:00:00+08:00,9.07,9.43,9.07,9.35,17295673,0.0,0.0
2004-05-10 00:00:00+08:00,9.27,9.29,9.07,9.07,17166760,0.0,0.0
2004-05-11 00:00:00+08:00,9.07,9.18,8.87,9.07,25450275,0.0,0.0
2004-05-12 00:00:00+08:00,9.07,9.13,8.93,8.93,24241316,0.0,0.0
2004-05-13 00:00:00+08:00,8.79,8.99,8.79,8.93,7607673,0.0,0.0
2004-05-14 00:00:00+08:00,8.76,8.99,8.73,8.73,11427096,0.0,0.0
2004-05-17 00:00:00+08:00,8.56,8.56,8.14,8.17,27837164,0.0,0.0
2004-05-18 00:00:00+08:00,8.17,8.31,8.03,8.2,19944231,0.0,0.0
2004-05-19 00:00:00+08:00,8.28,8.68,8.28,8.51,35955254,0.0,0.0
2004-05-20 00:00:00+08:00,8.28,8.56,8.17,8.34,21965644,0.0,0.0
2004-05-21 00:00:00+08:00,8.34,8.62,8.28,8.56,18762346,0.0,0.0
2004-05-24 00:00:00+08:00,8.54,8.62,8.42,8.54,6315442,0.0,0.0
2004-05-25 00:00:00+08:00,8.51,8.59,8.45,8.45,9204150,0.0,0.0
2004-05-26 00:00:00+08:00,8.59,8.82,8.59,8.7,24976553,0.0,0.0
2004-05-27 00:00:00+08:00,8.9,9.18,8.82,9.1,32751332,0.0,0.0
2004-05-28 00:00:00+08:00,9.21,9.32,9.1,9.32,20377606,0.0,0.0
2004-05-31 00:00:00+08:00,9.13,9.21,8.99,8.99,12925317,0.0,0.0
2004-06-01 00:00:00+08:00,9.01,9.13,8.9,9.07,7055772,0.0,0.0
2004-06-02 00:00:00+08:00,8.99,8.99,8.84,8.84,11095280,0.0,0.0
2004-06-03 00:00:00+08:00,8.84,8.93,8.45,8.45,19654381,0.0,0.0
2004-06-04 00:00:00+08:00,8.42,8.51,8.37,8.48,25862135,0.0,0.0
2004-06-07 00:00:00+08:00,8.56,8.93,8.56,8.93,14902168,0.0,0.0
2004-06-08 00:00:00+08:00,9.1,9.1,8.84,9.04,17336270,0.0,0.0
2004-06-09 00:00:00+08:00,8.99,9.1,8.96,9.04,7907577,0.0,0.0
2004-06-10 00:00:00+08:00,8.93,8.99,8.76,8.76,7004375,0.0,0.0
2004-06-11 00:00:00+08:00,8.87,8.87,8.62,8.79,14423585,0.0,0.0
2004-06-14 00:00:00+08:00,8.79,8.93,8.54,8.56,8061542,0.0,0.0
2004-06-15 00:00:00+08:00,8.56,8.99,8.54,8.9,14541236,0.0,0.0
2004-06-16 00:00:00+08:00,8.93,9.04,8.59,8.62,9823975,0.0,0.0
2004-06-17 00:00:00+08:00,8.82,8.93,8.73,8.79,12448972,0.0,0.0
2004-06-18 00:00:00+08:00,8.7,8.82,8.59,8.65,6204587,0.0,0.0
2004-06-21 00:00:00+08:00,8.9,8.9,8.73,8.84,5120335,0.0,0.0
2004-06-22 00:00:00+08:00,8.84,8.84,8.84,8.84,0,0.0,0.0
2004-06-23 00:00:00+08:00,8.76,9.27,8.76,8.79,31081546,0.0,0.0
2004-06-24 00:00:00+08:00,9.04,9.04,8.82,8.84,26278435,0.0,0.0
2004-06-25 00:00:00+08:00,8.96,9.04,8.87,8.99,13399890,0.0,0.0
2004-06-28 00:00:00+08:00,9.07,9.07,8.73,8.73,13146447,0.0,0.0
2004-06-29 00:00:00+08:00,8.14,8.14,8.14,8.14,13629857,0.0,0.0
2004-06-30 00:00:00+08:00,8.14,8.26,8.11,8.23,78216502,0.0,0.0
2004-07-01 00:00:00+08:00,8.23,8.45,8.23,8.45,34320098,0.0,0.0
2004-07-02 00:00:00+08:00,8.28,8.37,8.28,8.34,9595391,0.0,0.0
2004-07-05 00:00:00+08:00,8.23,8.28,8.23,8.23,11134694,0.0,0.0
2004-07-06 00:00:00+08:00,8.34,8.42,8.26,8.4,10572175,0.0,0.0
2004-07-07 00:00:00+08:00,8.31,8.51,8.28,8.51,10130747,0.0,0.0
2004-07-08 00:00:00+08:00,8.51,8.65,8.51,8.54,14075546,0.0,0.0
2004-07-09 00:00:00+08:00,8.56,8.68,8.48,8.62,11606819,0.0,0.0
2004-07-12 00:00:00+08:00,8.7,8.7,8.54,8.54,11380717,0.0,0.0
2004-07-13 00:00:00+08:00,8.48,8.54,8.42,8.42,20202610,0.0,0.0
2004-07-14 00:00:00+08:00,8.42,8.48,8.37,8.4,31666183,0.0,0.0
2004-07-15 00:00:00+08:00,8.4,8.42,8.34,8.4,17083743,0.0,0.0
2004-07-16 00:00:00+08:00,8.37,8.51,8.37,8.42,18135741,0.0,0.0
2004-07-19 00:00:00+08:00,8.37,8.48,8.31,8.42,9413632,0.0,0.0
2004-07-20 00:00:00+08:00,8.42,8.45,8.17,8.23,20699883,0.0,0.0
2004-07-21 00:00:00+08:00,8.63,8.63,8.36,8.39,13484543,1.6,0.0
2004-07-22 00:00:00+08:00,8.15,8.33,8.12,8.3,9353622,0.0,0.0
2004-07-23 00:00:00+08:00,8.27,8.3,8.15,8.15,11351775,0.0,0.0
2004-07-26 00:00:00+08:00,8.09,8.09,7.97,7.97,17601139,0.0,0.0
2004-07-27 00:00:00+08:00,8.0,8.27,7.97,8.18,16856628,0.0,0.0
2004-07-28 00:00:00+08:00,8.21,8.33,8.18,8.3,13770463,0.0,0.0
2004-07-29 00:00:00+08:00,8.21,8.27,8.06,8.15,15223803,0.0,0.0
2004-07-30 00:00:00+08:00,8.27,8.57,8.18,8.51,18429338,0.0,0.0
2004-08-02 00:00:00+08:00,8.51,8.69,8.39,8.63,13909163,0.0,0.0
2004-08-03 00:00:00+08:00,8.63,8.66,8.42,8.42,6575135,0.0,0.0
2004-08-04 00:00:00+08:00,8.39,8.51,8.33,8.39,6180508,0.0,0.0
2004-08-05 00:00:00+08:00,8.39,8.54,8.27,8.48,16821797,0.0,0.0
2004-08-06 00:00:00+08:00,8.51,8.6,8.45,8.54,7668471,0.0,0.0
2004-08-09 00:00:00+08:00,8.54,8.57,8.48,8.54,3523543,0.0,0.0
2004-08-10 00:00:00+08:00,8.54,8.69,8.51,8.54,8462091,0.0,0.0
2004-08-11 00:00:00+08:00,8.6,8.6,8.45,8.48,5892935,0.0,0.0
2004-08-12 00:00:00+08:00,8.39,8.45,8.24,8.33,24220454,0.0,0.0
2004-08-13 00:00:00+08:00,8.21,8.39,8.21,8.33,13745632,0.0,0.0
2004-08-16 00:00:00+08:00,8.21,8.27,8.15,8.21,18665014,0.0,0.0
2004-08-17 00:00:00+08:00,8.21,8.24,8.18,8.24,17638425,0.0,0.0
2004-08-18 00:00:00+08:00,8.24,8.57,8.21,8.57,9405969,0.0,0.0
2004-08-19 00:00:00+08:00,8.69,8.88,8.69,8.82,15221861,0.0,0.0
2004-08-20 00:00:00+08:00,8.82,8.97,8.76,8.91,9586536,0.0,0.0
2004-08-23 00:00:00+08:00,8.91,9.06,8.91,9.0,9301720,0.0,0.0
2004-08-24 00:00:00+08:00,9.0,9.0,9.0,9.0,0,0.0,0.0
2004-08-26 00:00:00+08:00,9.12,9.27,9.09,9.24,37456588,0.0,0.0
2004-08-27 00:00:00+08:00,9.21,9.21,9.12,9.15,17428099,0.0,0.0
2004-08-30 00:00:00+08:00,9.12,9.36,9.12,9.36,16331653,0.0,0.0
2004-08-31 00:00:00+08:00,9.36,9.64,9.27,9.49,24437602,0.0,0.0
2004-09-01 00:00:00+08:00,9.49,9.67,9.49,9.58,9589266,0.0,0.0
2004-09-02 00:00:00+08:00,9.55,9.55,9.27,9.27,10489366,0.0,0.0
2004-09-03 00:00:00+08:00,9.27,9.3,9.15,9.15,15062684,0.0,0.0
2004-09-06 00:00:00+08:00,9.15,9.27,9.12,9.15,15262801,0.0,0.0
2004-09-07 00:00:00+08:00,9.15,9.36,9.15,9.33,10933832,0.0,0.0
2004-09-08 00:00:00+08:00,9.36,9.49,9.33,9.49,27844714,0.0,0.0
2004-09-09 00:00:00+08:00,9.52,9.52,9.39,9.45,17120710,0.0,0.0
2004-09-10 00:00:00+08:00,9.45,9.52,9.39,9.42,18356552,0.0,0.0
2004-09-13 00:00:00+08:00,9.45,9.61,9.42,9.61,14476636,0.0,0.0
2004-09-14 00:00:00+08:00,9.67,9.73,9.61,9.73,10721857,0.0,0.0
2004-09-15 00:00:00+08:00,9.73,9.76,9.61,9.64,6153987,0.0,0.0
2004-09-16 00:00:00+08:00,9.58,9.64,9.36,9.42,18064299,0.0,0.0
2004-09-17 00:00:00+08:00,9.49,9.49,9.18,9.21,7560652,0.0,0.0
2004-09-20 00:00:00+08:00,9.21,9.33,9.18,9.33,6770649,0.0,0.0
2004-09-21 00:00:00+08:00,9.3,9.58,9.3,9.58,15939674,0.0,0.0
2004-09-22 00:00:00+08:00,9.55,9.55,9.39,9.49,12493618,0.0,0.0
2004-09-23 00:00:00+08:00,9.49,9.49,9.24,9.27,12194378,0.0,0.0
2004-09-24 00:00:00+08:00,9.27,9.27,9.12,9.15,15208810,0.0,0.0
2004-09-27 00:00:00+08:00,9.09,9.33,9.09,9.33,10654311,0.0,0.0
2004-09-28 00:00:00+08:00,9.33,9.33,9.33,9.33,0,0.0,0.0
2004-09-29 00:00:00+08:00,9.33,9.42,9.27,9.36,12098106,0.0,0.0
2004-09-30 00:00:00+08:00,9.45,9.49,9.36,9.49,13716642,0.0,0.0
2004-10-01 00:00:00+08:00,9.55,9.7,9.55,9.7,14249857,0.0,0.0
2004-10-04 00:00:00+08:00,9.79,10.09,9.79,10.09,22122678,0.0,0.0
2004-10-05 00:00:00+08:00,10.03,10.09,9.82,9.82,13787488,0.0,0.0
2004-10-06 00:00:00+08:00,9.97,10.12,9.94,9.94,21468299,0.0,0.0
2004-10-07 00:00:00+08:00,10.09,10.09,9.91,10.06,11996081,0.0,0.0
2004-10-08 00:00:00+08:00,10.03,10.18,9.97,10.12,14302713,0.0,0.0
2004-10-11 00:00:00+08:00,10.12,10.18,9.97,10.12,10019816,0.0,0.0
2004-10-12 00:00:00+08:00,10.03,10.03,9.73,9.73,21534644,0.0,0.0
2004-10-13 00:00:00+08:00,9.73,9.79,9.67,9.67,8573149,0.0,0.0
2004-10-14 00:00:00+08:00,9.64,9.64,9.42,9.42,10108056,0.0,0.0
2004-10-15 00:00:00+08:00,9.36,9.39,9.24,9.3,20523519,0.0,0.0
2004-10-18 00:00:00+08:00,9.3,9.39,9.27,9.36,8705719,0.0,0.0
2004-10-19 00:00:00+08:00,9.42,9.42,9.33,9.36,5121321,0.0,0.0
2004-10-20 00:00:00+08:00,9.36,9.49,9.3,9.36,11120143,0.0,0.0
2004-10-21 00:00:00+08:00,9.27,9.55,9.24,9.45,12306375,0.0,0.0
2004-10-22 00:00:00+08:00,9.49,9.55,9.39,9.52,7255831,0.0,0.0
2004-10-25 00:00:00+08:00,9.52,9.52,9.52,9.52,0,0.0,0.0
2004-10-26 00:00:00+08:00,9.42,9.45,9.27,9.39,8330564,0.0,0.0
2004-10-27 00:00:00+08:00,9.36,9.52,9.36,9.49,9881681,0.0,0.0
2004-10-28 00:00:00+08:00,9.58,9.64,9.36,9.36,18075826,0.0,0.0
2004-10-29 00:00:00+08:00,9.42,9.64,9.42,9.58,16168139,0.0,0.0
2004-11-01 00:00:00+08:00,9.64,9.73,9.58,9.7,11296614,0.0,0.0
2004-11-02 00:00:00+08:00,9.73,10.12,9.58,10.12,18044091,0.0,0.0
2004-11-03 00:00:00+08:00,9.88,10.03,9.82,10.03,23164988,0.0,0.0
2004-11-04 00:00:00+08:00,10.0,10.0,9.88,9.88,8546488,0.0,0.0
2004-11-05 00:00:00+08:00,9.91,10.12,9.88,10.12,27196730,0.0,0.0
2004-11-08 00:00:00+08:00,10.15,10.4,10.09,10.37,42074002,0.0,0.0
2004-11-09 00:00:00+08:00,10.37,10.37,10.18,10.31,18164695,0.0,0.0
2004-11-10 00:00:00+08:00,10.28,10.31,10.12,10.18,30242940,0.0,0.0
2004-11-11 00:00:00+08:00,10.18,10.18,10.06,10.15,18059732,0.0,0.0
2004-11-12 00:00:00+08:00,10.15,10.25,10.12,10.18,14569127,0.0,0.0
2004-11-15 00:00:00+08:00,10.18,10.22,10.12,10.12,18065241,0.0,0.0
2004-11-16 00:00:00+08:00,10.12,10.15,10.03,10.06,12985862,0.0,0.0
2004-11-17 00:00:00+08:00,10.06,10.28,9.94,10.25,32002548,0.0,0.0
2004-11-18 00:00:00+08:00,10.28,10.34,10.22,10.34,19655455,0.0,0.0
2004-11-19 00:00:00+08:00,10.12,10.18,10.0,10.03,33382080,0.0,0.0
2004-11-22 00:00:00+08:00,9.91,9.97,9.73,9.73,19109196,0.0,0.0
2004-11-23 00:00:00+08:00,9.73,9.79,9.64,9.79,11014286,0.0,0.0
2004-11-24 00:00:00+08:00,9.76,9.85,9.73,9.85,9593024,0.0,0.0
2004-11-25 00:00:00+08:00,9.88,9.88,9.7,9.79,8730126,0.0,0.0
2004-11-26 00:00:00+08:00,9.79,9.88,9.3,9.52,16745632,0.0,0.0
2004-11-29 00:00:00+08:00,9.55,9.61,9.45,9.55,18095004,0.0,0.0
2004-11-30 00:00:00+08:00,9.45,9.82,9.36,9.82,24391545,0.0,0.0
2004-12-01 00:00:00+08:00,9.61,9.82,9.45,9.73,22918640,0.0,0.0
2004-12-02 00:00:00+08:00,9.79,9.85,9.73,9.79,13256115,0.0,0.0
2004-12-03 00:00:00+08:00,9.73,9.88,9.73,9.85,11106169,0.0,0.0
2004-12-06 00:00:00+08:00,9.85,9.91,9.79,9.82,17159527,0.0,0.0
2004-12-07 00:00:00+08:00,9.82,9.82,9.64,9.73,25244867,0.0,0.0
2004-12-08 00:00:00+08:00,9.7,9.73,9.61,9.7,37965282,0.0,0.0
2004-12-09 00:00:00+08:00,9.7,9.82,9.7,9.76,39720352,0.0,0.0
2004-12-10 00:00:00+08:00,9.82,9.88,9.76,9.82,24986430,0.0,0.0
2004-12-13 00:00:00+08:00,9.18,9.88,9.18,9.64,46163211,0.0,0.0
2004-12-14 00:00:00+08:00,9.64,9.7,9.49,9.7,20874808,0.0,0.0
2004-12-15 00:00:00+08:00,9.67,9.76,9.61,9.64,16957469,0.0,0.0
2004-12-16 00:00:00+08:00,9.7,9.97,9.64,9.94,22835856,0.0,0.0
2004-12-17 00:00:00+08:00,9.94,10.03,9.91,9.97,20091080,0.0,0.0
2004-12-20 00:00:00+08:00,9.85,10.09,9.76,10.09,17196305,0.0,0.0
2004-12-21 00:00:00+08:00,10.09,10.09,9.97,10.09,16835072,0.0,0.0
2004-12-22 00:00:00+08:00,10.15,10.15,9.97,10.0,8602594,0.0,0.0
2004-12-23 00:00:00+08:00,9.97,10.03,9.91,9.94,6992860,0.0,0.0
2004-12-24 00:00:00+08:00,9.94,10.0,9.91,10.0,5813458,0.0,0.0
2004-12-27 00:00:00+08:00,10.0,10.06,9.91,10.0,4096033,0.0,0.0
2004-12-28 00:00:00+08:00,9.94,9.94,9.76,9.88,29430174,0.0,0.0
2004-12-29 00:00:00+08:00,9.85,9.97,9.85,9.91,23637890,0.0,0.0
2004-12-30 00:00:00+08:00,9.91,9.91,9.82,9.82,10949487,0.0,0.0
2004-12-31 00:00:00+08:00,9.82,9.94,9.82,9.88,16265474,0.0,0.0
2005-01-03 00:00:00+08:00,9.94,10.0,9.91,9.94,11534717,0.0,0.0
2005-01-04 00:00:00+08:00,9.94,10.0,9.91,9.91,13241100,0.0,0.0
2005-01-05 00:00:00+08:00,9.88,9.88,9.76,9.76,8439807,0.0,0.0
2005-01-06 00:00:00+08:00,9.82,9.85,9.73,9.82,19433129,0.0,0.0
2005-01-07 00:00:00+08:00,9.85,9.88,9.79,9.79,13385264,0.0,0.0
2005-01-10 00:00:00+08:00,9.82,9.91,9.79,9.88,13454269,0.0,0.0
2005-01-11 00:00:00+08:00,9.88,9.91,9.79,9.88,26253569,0.0,0.0
2005-01-12 00:00:00+08:00,9.82,9.85,9.64,9.64,11904126,0.0,0.0
2005-01-13 00:00:00+08:00,9.64,9.67,9.52,9.64,15055235,0.0,0.0
2005-01-14 00:00:00+08:00,9.58,9.7,9.52,9.67,10635210,0.0,0.0
2005-01-17 00:00:00+08:00,9.7,9.73,9.67,9.7,5153862,0.0,0.0
2005-01-18 00:00:00+08:00,9.73,9.73,9.7,9.7,7262643,0.0,0.0
2005-01-19 00:00:00+08:00,9.73,9.73,9.58,9.58,10198717,0.0,0.0
2005-01-20 00:00:00+08:00,9.42,9.73,9.42,9.58,9337033,0.0,0.0
2005-01-21 00:00:00+08:00,9.52,9.58,9.45,9.45,9940503,0.0,0.0
2005-01-24 00:00:00+08:00,9.45,9.52,9.42,9.42,8529378,0.0,0.0
2005-01-25 00:00:00+08:00,9.39,9.45,9.27,9.33,8848944,0.0,0.0
2005-01-26 00:00:00+08:00,9.39,9.55,9.36,9.52,7190159,0.0,0.0
2005-01-27 00:00:00+08:00,9.52,9.58,9.52,9.58,6610234,0.0,0.0
2005-01-28 00:00:00+08:00,9.58,9.64,9.55,9.61,15669670,0.0,0.0
2005-01-31 00:00:00+08:00,9.61,9.76,9.61,9.67,31503983,0.0,0.0
2005-02-01 00:00:00+08:00,9.73,9.76,9.67,9.73,23049878,0.0,0.0
2005-02-02 00:00:00+08:00,9.79,9.88,9.76,9.88,35195151,0.0,0.0
2005-02-03 00:00:00+08:00,9.88,9.88,9.82,9.85,11489787,0.0,0.0
2005-02-04 00:00:00+08:00,9.85,9.85,9.85,9.85,0,0.0,0.0
2005-02-14 00:00:00+08:00,9.91,9.97,9.88,9.91,16871823,0.0,0.0
2005-02-15 00:00:00+08:00,9.91,9.94,9.88,9.94,11691203,0.0,0.0
2005-02-16 00:00:00+08:00,9.94,9.94,9.82,9.91,6396283,0.0,0.0
2005-02-17 00:00:00+08:00,9.82,9.85,9.7,9.7,13720892,0.0,0.0
2005-02-18 00:00:00+08:00,9.82,9.82,9.61,9.64,15880771,0.0,0.0
2005-02-21 00:00:00+08:00,9.64,9.73,8.97,8.97,21170923,0.0,0.0
2005-02-22 00:00:00+08:00,9.58,9.58,9.52,9.58,22573846,0.0,0.0
2005-02-23 00:00:00+08:00,9.58,9.79,9.49,9.79,18564915,0.0,0.0
2005-02-24 00:00:00+08:00,9.79,9.91,9.73,9.85,21866806,0.0,0.0
2005-02-25 00:00:00+08:00,9.91,9.97,9.88,9.94,22219294,0.0,0.0
2005-02-28 00:00:00+08:00,9.94,9.94,9.94,9.94,0,0.0,0.0
2005-03-01 00:00:00+08:00,9.94,9.97,9.82,9.97,19125634,0.0,0.0
2005-03-02 00:00:00+08:00,9.97,9.97,9.87,9.94,8748316,0.0,0.0
2005-03-03 00:00:00+08:00,9.88,10.0,9.82,9.97,16557182,0.0,0.0
2005-03-04 00:00:00+08:00,9.91,9.96,9.83,9.87,11591532,0.0,0.0
2005-03-07 00:00:00+08:00,9.88,9.94,9.85,9.87,9675014,0.0,0.0
2005-03-08 00:00:00+08:00,9.9,9.9,9.7,9.8,11128006,0.0,0.0
2005-03-09 00:00:00+08:00,9.79,9.82,9.77,9.77,14291568,0.0,0.0
2005-03-10 00:00:00+08:00,9.74,9.76,9.67,9.67,8106806,0.0,0.0
2005-03-11 00:00:00+08:00,9.67,9.73,9.59,9.61,8419190,0.0,0.0
2005-03-14 00:00:00+08:00,9.61,9.73,9.55,9.7,10465435,0.0,0.0
2005-03-15 00:00:00+08:00,9.58,9.65,9.58,9.61,13267892,0.0,0.0
2005-03-16 00:00:00+08:00,9.58,9.58,9.47,9.5,10341634,0.0,0.0
2005-03-17 00:00:00+08:00,9.27,9.33,9.15,9.27,32311878,0.0,0.0
2005-03-18 00:00:00+08:00,9.26,9.29,9.2,9.21,14172973,0.0,0.0
2005-03-21 00:00:00+08:00,9.21,9.27,9.18,9.24,15355633,0.0,0.0
2005-03-22 00:00:00+08:00,9.18,9.36,9.15,9.36,19461195,0.0,0.0
2005-03-23 00:00:00+08:00,9.33,9.33,9.17,9.21,18337702,0.0,0.0
2005-03-24 00:00:00+08:00,9.21,9.21,9.11,9.12,15298825,0.0,0.0
2005-03-25 00:00:00+08:00,9.12,9.24,9.12,9.24,5998748,0.0,0.0
2005-03-28 00:00:00+08:00,9.26,9.26,9.14,9.17,5665698,0.0,0.0
2005-03-29 00:00:00+08:00,9.12,9.15,9.07,9.12,6668533,0.0,0.0
2005-03-30 00:00:00+08:00,9.03,9.14,9.03,9.04,22658525,0.0,0.0
2005-03-31 00:00:00+08:00,9.06,9.15,9.04,9.07,13264933,0.0,0.0
2005-04-01 00:00:00+08:00,9.06,9.06,8.82,8.85,27523624,0.0,0.0
2005-04-04 00:00:00+08:00,8.69,8.91,8.69,8.85,19853271,0.0,0.0
2005-04-05 00:00:00+08:00,8.85,8.85,8.85,8.85,0,0.0,0.0
2005-04-06 00:00:00+08:00,8.76,9.0,8.76,8.82,26402971,0.0,0.0
2005-04-07 00:00:00+08:00,8.83,8.85,8.74,8.76,29102788,0.0,0.0
2005-04-08 00:00:00+08:00,8.79,8.91,8.77,8.88,12632534,0.0,0.0
2005-04-11 00:00:00+08:00,8.88,8.97,8.8,8.95,10318150,0.0,0.0
2005-04-12 00:00:00+08:00,8.97,9.04,8.94,9.0,14128584,0.0,0.0
2005-04-13 00:00:00+08:00,9.01,9.07,9.0,9.06,13344694,0.0,0.0
2005-04-14 00:00:00+08:00,9.0,9.12,8.97,9.12,11619365,0.0,0.0
2005-04-15 00:00:00+08:00,9.03,9.12,8.97,9.03,15126912,0.0,0.0
2005-04-18 00:00:00+08:00,9.03,9.03,8.48,8.73,24897868,0.0,0.0
2005-04-19 00:00:00+08:00,8.77,8.85,8.57,8.82,22448694,0.0,0.0
2005-04-20 00:00:00+08:00,8.82,8.85,8.63,8.73,14918634,0.0,0.0
2005-04-21 00:00:00+08:00,8.38,8.73,8.38,8.73,33393445,0.0,0.0
2005-04-22 00:00:00+08:00,8.79,8.91,8.71,8.83,14457861,0.0,0.0
2005-04-25 00:00:00+08:00,8.82,8.85,8.73,8.82,7039974,0.0,0.0
2005-04-26 00:00:00+08:00,8.21,8.82,8.21,8.63,19341723,0.0,0.0
2005-04-27 00:00:00+08:00,8.51,8.63,8.51,8.51,13930482,0.0,0.0
2005-04-28 00:00:00+08:00,8.44,8.65,8.44,8.65,19385079,0.0,0.0
2005-04-29 00:00:00+08:00,8.6,8.65,8.54,8.62,12162996,0.0,0.0
2005-05-02 00:00:00+08:00,8.62,8.62,8.62,8.62,0,0.0,0.0
2005-05-03 00:00:00+08:00,8.54,8.86,8.54,8.82,19365746,0.0,0.0
2005-05-04 00:00:00+08:00,8.88,8.88,8.74,8.82,7879520,0.0,0.0
2005-05-05 00:00:00+08:00,8.88,9.01,8.83,8.98,13632565,0.0,0.0
2005-05-06 00:00:00+08:00,8.97,8.98,8.79,8.82,13989995,0.0,0.0
2005-05-09 00:00:00+08:00,8.97,9.01,8.83,8.92,11897649,0.0,0.0
2005-05-10 00:00:00+08:00,9.09,9.09,8.83,8.97,10244238,0.0,0.0
2005-05-11 00:00:00+08:00,8.86,8.97,8.86,8.95,8284218,0.0,0.0
2005-05-12 00:00:00+08:00,8.88,8.97,8.82,8.97,16602091,0.0,0.0
2005-05-13 00:00:00+08:00,8.85,9.04,8.85,8.98,6950515,0.0,0.0
2005-05-16 00:00:00+08:00,8.97,9.06,8.94,9.01,6308513,0.0,0.0
2005-05-17 00:00:00+08:00,9.0,9.06,8.91,9.01,17060904,0.0,0.0
2005-05-18 00:00:00+08:00,9.01,9.39,8.94,9.15,28182719,0.0,0.0
2005-05-19 00:00:00+08:00,9.27,9.38,9.26,9.26,12012470,0.0,0.0
2005-05-20 00:00:00+08:00,9.26,9.32,9.0,9.03,8452394,0.0,0.0
2005-05-23 00:00:00+08:00,9.12,9.12,8.97,9.0,4086821,0.0,0.0
2005-05-24 00:00:00+08:00,8.92,9.0,8.88,8.91,14711464,0.0,0.0
2005-05-25 00:00:00+08:00,8.94,9.09,8.92,8.95,12779839,0.0,0.0
2005-05-26 00:00:00+08:00,8.95,9.18,8.94,9.12,14174150,0.0,0.0
2005-05-27 00:00:00+08:00,9.15,9.26,9.09,9.2,8121899,0.0,0.0
2005-05-30 00:00:00+08:00,9.15,9.27,9.15,9.27,5167438,0.0,0.0
2005-05-31 00:00:00+08:00,9.39,9.39,9.06,9.06,9881966,0.0,0.0
2005-06-01 00:00:00+08:00,9.17,9.17,8.94,8.94,20088892,0.0,0.0
2005-06-02 00:00:00+08:00,8.95,9.18,8.95,9.11,11013437,0.0,0.0
2005-06-03 00:00:00+08:00,9.12,9.18,9.0,9.12,9153406,0.0,0.0
2005-06-06 00:00:00+08:00,9.12,9.12,9.06,9.12,3136794,0.0,0.0
2005-06-07 00:00:00+08:00,9.07,9.23,9.04,9.12,5969117,0.0,0.0
2005-06-08 00:00:00+08:00,9.15,9.33,9.15,9.24,15661626,0.0,0.0
2005-06-09 00:00:00+08:00,9.33,9.49,9.26,9.26,19513241,0.0,0.0
2005-06-10 00:00:00+08:00,9.36,9.45,9.36,9.45,26177951,0.0,0.0
2005-06-13 00:00:00+08:00,9.45,9.58,9.36,9.56,13270517,0.0,0.0
2005-06-14 00:00:00+08:00,9.61,9.67,9.56,9.61,14951080,0.0,0.0
2005-06-15 00:00:00+08:00,9.64,9.68,9.56,9.62,15909732,0.0,0.0
2005-06-16 00:00:00+08:00,9.64,9.73,9.64,9.71,20633573,0.0,0.0
2005-06-17 00:00:00+08:00,9.73,9.77,9.62,9.73,27074757,0.0,0.0
2005-06-20 00:00:00+08:00,9.52,9.71,9.52,9.64,11738602,0.0,0.0
2005-06-21 00:00:00+08:00,9.64,9.64,9.52,9.52,9776855,0.0,0.0
2005-06-22 00:00:00+08:00,9.64,9.82,9.64,9.68,35023550,0.0,0.0
2005-06-23 00:00:00+08:00,9.79,9.8,9.71,9.79,18352413,0.0,0.0
2005-06-24 00:00:00+08:00,9.73,9.79,9.67,9.7,10341926,0.0,0.0
2005-06-27 00:00:00+08:00,9.64,9.85,9.17,9.61,40268008,0.0,0.0
2005-06-28 00:00:00+08:00,9.58,9.65,9.33,9.65,19676199,0.0,0.0
2005-06-29 00:00:00+08:00,9.67,9.68,9.39,9.45,35046011,0.0,0.0
2005-06-30 00:00:00+08:00,9.45,9.45,9.36,9.36,16676388,0.0,0.0
2005-07-01 00:00:00+08:00,9.36,9.39,9.26,9.27,11513303,0.0,0.0
2005-07-04 00:00:00+08:00,9.27,9.33,9.24,9.27,10589411,0.0,0.0
2005-07-05 00:00:00+08:00,9.27,9.29,9.21,9.23,6645187,0.0,0.0
2005-07-06 00:00:00+08:00,9.29,9.58,9.23,9.45,12445352,0.0,0.0
2005-07-07 00:00:00+08:00,9.49,9.58,9.35,9.58,6841944,0.0,0.0
2005-07-08 00:00:00+08:00,9.41,9.55,9.41,9.55,8453531,0.0,0.0
2005-07-11 00:00:00+08:00,9.55,9.58,9.52,9.58,17746408,0.0,0.0
2005-07-12 00:00:00+08:00,9.61,9.67,9.47,9.59,15762367,0.0,0.0
2005-07-13 00:00:00+08:00,9.59,9.59,9.45,9.49,9555203,0.0,0.0
2005-07-14 00:00:00+08:00,9.5,9.67,9.5,9.62,7846701,0.0,0.0
2005-07-15 00:00:00+08:00,9.62,9.73,9.62,9.68,13928321,0.0,0.0
2005-07-18 00:00:00+08:00,9.68,9.68,9.68,9.68,0,0.0,0.0
2005-07-19 00:00:00+08:00,9.7,9.7,9.53,9.68,13854074,0.0,0.0
2005-07-20 00:00:00+08:00,9.7,9.74,9.61,9.71,26261591,0.0,0.0
2005-07-21 00:00:00+08:00,9.86,10.0,9.81,9.92,27342488,1.7,0.0
2005-07-22 00:00:00+08:00,10.02,10.07,9.89,9.99,9299750,0.0,0.0
2005-07-25 00:00:00+08:00,10.19,10.22,10.09,10.09,8480848,0.0,0.0
2005-07-26 00:00:00+08:00,10.02,10.22,10.02,10.07,24593647,0.0,0.0
2005-07-27 00:00:00+08:00,10.12,10.28,10.1,10.14,27176107,0.0,0.0
2005-07-28 00:00:00+08:00,10.15,10.4,10.14,10.4,20123550,0.0,0.0
2005-07-29 00:00:00+08:00,10.35,10.4,10.19,10.25,13662469,0.0,0.0
2005-08-01 00:00:00+08:00,10.23,10.25,10.07,10.15,3816860,0.0,0.0
2005-08-02 00:00:00+08:00,10.27,10.33,10.15,10.33,4799237,0.0,0.0
2005-08-03 00:00:00+08:00,10.35,10.46,10.28,10.46,10159198,0.0,0.0
2005-08-04 00:00:00+08:00,10.46,10.5,10.32,10.43,10008837,0.0,0.0
2005-08-05 00:00:00+08:00,10.43,10.43,10.43,10.43,0,0.0,0.0
2005-08-08 00:00:00+08:00,10.4,10.4,10.23,10.28,5893119,0.0,0.0
2005-08-09 00:00:00+08:00,10.25,10.38,10.2,10.37,6268273,0.0,0.0
2005-08-10 00:00:00+08:00,10.45,10.45,10.19,10.23,6873520,0.0,0.0
2005-08-11 00:00:00+08:00,10.22,10.32,10.2,10.32,5875760,0.0,0.0
2005-08-12 00:00:00+08:00,10.33,10.48,10.33,10.43,8684915,0.0,0.0
2005-08-15 00:00:00+08:00,10.43,10.43,10.33,10.35,7960947,0.0,0.0
2005-08-16 00:00:00+08:00,10.5,10.5,10.32,10.37,7942373,0.0,0.0
2005-08-17 00:00:00+08:00,10.37,10.37,10.2,10.22,14028854,0.0,0.0
2005-08-18 00:00:00+08:00,10.12,10.19,10.0,10.1,25842901,0.0,0.0
2005-08-19 00:00:00+08:00,10.05,10.3,10.04,10.19,17264212,0.0,0.0
2005-08-22 00:00:00+08:00,10.35,10.35,10.09,10.15,5654400,0.0,0.0
2005-08-23 00:00:00+08:00,10.1,10.2,10.09,10.09,9918397,0.0,0.0
2005-08-24 00:00:00+08:00,10.09,10.09,9.97,10.0,10046532,0.0,0.0
2005-08-25 00:00:00+08:00,10.04,10.04,9.92,9.92,14619067,0.0,0.0
2005-08-26 00:00:00+08:00,9.91,10.02,9.91,9.97,14823854,0.0,0.0
2005-08-29 00:00:00+08:00,9.87,10.02,9.76,9.84,6759170,0.0,0.0
2005-08-30 00:00:00+08:00,9.96,9.96,9.81,9.82,8137958,0.0,0.0
2005-08-31 00:00:00+08:00,9.92,9.92,9.73,9.73,6114826,0.0,0.0
2005-09-01 00:00:00+08:00,9.73,9.73,9.73,9.73,0,0.0,0.0
2005-09-02 00:00:00+08:00,9.82,9.92,9.82,9.89,7484302,0.0,0.0
2005-09-05 00:00:00+08:00,9.89,9.89,9.79,9.81,9946465,0.0,0.0
2005-09-06 00:00:00+08:00,9.92,9.92,9.71,9.74,14827033,0.0,0.0
2005-09-07 00:00:00+08:00,9.74,9.76,9.68,9.69,7052210,0.0,0.0
2005-09-08 00:00:00+08:00,9.71,9.71,9.41,9.5,19017717,0.0,0.0
2005-09-09 00:00:00+08:00,9.5,9.53,9.4,9.51,7930825,0.0,0.0
2005-09-12 00:00:00+08:00,9.53,9.59,9.51,9.53,7095785,0.0,0.0
2005-09-13 00:00:00+08:00,9.59,9.68,9.56,9.64,9265060,0.0,0.0
2005-09-14 00:00:00+08:00,9.64,9.73,9.59,9.66,22534255,0.0,0.0
2005-09-15 00:00:00+08:00,9.94,9.94,9.66,9.77,21002130,0.0,0.0
2005-09-16 00:00:00+08:00,9.81,9.81,9.68,9.76,15084259,0.0,0.0
2005-09-19 00:00:00+08:00,9.73,9.76,9.68,9.71,7766725,0.0,0.0
2005-09-20 00:00:00+08:00,9.68,9.68,9.54,9.63,14304827,0.0,0.0
2005-09-21 00:00:00+08:00,9.59,9.59,9.41,9.43,16978110,0.0,0.0
2005-09-22 00:00:00+08:00,9.27,9.36,9.02,9.12,32861741,0.0,0.0
2005-09-23 00:00:00+08:00,8.9,9.1,8.87,9.08,15998032,0.0,0.0
2005-09-26 00:00:00+08:00,9.17,9.27,9.17,9.27,14269961,0.0,0.0
2005-09-27 00:00:00+08:00,9.27,9.33,9.17,9.3,12255177,0.0,0.0
2005-09-28 00:00:00+08:00,9.36,9.69,9.3,9.66,15731544,0.0,0.0
2005-09-29 00:00:00+08:00,9.73,9.76,9.56,9.73,22701280,0.0,0.0
2005-09-30 00:00:00+08:00,9.73,9.99,9.68,9.99,14915136,0.0,0.0
2005-10-03 00:00:00+08:00,9.97,9.97,9.76,9.89,7764536,0.0,0.0
2005-10-04 00:00:00+08:00,9.89,10.09,9.86,9.99,13713395,0.0,0.0
2005-10-05 00:00:00+08:00,9.96,10.07,9.94,9.99,18555632,0.0,0.0
2005-10-06 00:00:00+08:00,9.86,9.86,9.68,9.76,14783083,0.0,0.0
2005-10-07 00:00:00+08:00,9.86,9.86,9.63,9.69,8187041,0.0,0.0
2005-10-10 00:00:00+08:00,9.69,9.69,9.69,9.69,0,0.0,0.0
2005-10-11 00:00:00+08:00,9.73,9.79,9.59,9.68,9789676,0.0,0.0
2005-10-12 00:00:00+08:00,9.53,9.56,9.4,9.4,13152670,0.0,0.0
2005-10-13 00:00:00+08:00,9.23,9.5,9.23,9.35,13101764,0.0,0.0
2005-10-14 00:00:00+08:00,9.33,9.48,9.33,9.43,10667416,0.0,0.0
2005-10-17 00:00:00+08:00,9.5,9.54,9.43,9.5,13838593,0.0,0.0
2005-10-18 00:00:00+08:00,9.46,9.51,9.38,9.38,9217456,0.0,0.0
2005-10-19 00:00:00+08:00,9.28,9.35,9.07,9.1,18865341,0.0,0.0
2005-10-20 00:00:00+08:00,9.1,9.46,8.9,9.25,31486168,0.0,0.0
2005-10-21 00:00:00+08:00,9.25,9.63,9.22,9.53,24558118,0.0,0.0
2005-10-24 00:00:00+08:00,9.59,9.59,9.45,9.51,16109556,0.0,0.0
2005-10-25 00:00:00+08:00,9.56,9.61,9.36,9.51,7914959,0.0,0.0
2005-10-26 00:00:00+08:00,9.46,9.84,9.46,9.82,13256359,0.0,0.0
2005-10-27 00:00:00+08:00,9.82,9.86,9.69,9.73,9427863,0.0,0.0
2005-10-28 00:00:00+08:00,9.69,9.74,9.46,9.46,10753311,0.0,0.0
2005-10-31 00:00:00+08:00,9.46,9.59,9.46,9.53,10263393,0.0,0.0
2005-11-01 00:00:00+08:00,9.5,9.61,9.46,9.48,12812102,0.0,0.0
2005-11-02 00:00:00+08:00,9.45,9.53,9.36,9.4,13134818,0.0,0.0
2005-11-03 00:00:00+08:00,9.46,9.46,9.27,9.31,15015226,0.0,0.0
2005-11-04 00:00:00+08:00,9.45,9.51,9.36,9.46,10458400,0.0,0.0
2005-11-07 00:00:00+08:00,9.46,9.51,9.36,9.51,9209341,0.0,0.0
2005-11-08 00:00:00+08:00,9.36,9.41,9.15,9.2,14760513,0.0,0.0
2005-11-09 00:00:00+08:00,9.3,9.38,9.18,9.22,21511434,0.0,0.0
2005-11-10 00:00:00+08:00,9.3,9.3,9.17,9.2,19450320,0.0,0.0
2005-11-11 00:00:00+08:00,9.27,9.31,9.2,9.31,22639353,0.0,0.0
2005-11-14 00:00:00+08:00,9.31,9.33,9.2,9.23,10662708,0.0,0.0
2005-11-15 00:00:00+08:00,9.2,9.2,9.1,9.2,14423169,0.0,0.0
2005-11-16 00:00:00+08:00,9.13,9.27,9.13,9.2,14837131,0.0,0.0
2005-11-17 00:00:00+08:00,9.2,9.2,9.07,9.08,12859702,0.0,0.0
2005-11-18 00:00:00+08:00,9.1,9.25,9.1,9.22,15088417,0.0,0.0
2005-11-21 00:00:00+08:00,9.23,9.28,9.18,9.27,11149908,0.0,0.0
2005-11-22 00:00:00+08:00,9.2,9.28,9.2,9.2,8839713,0.0,0.0
2005-11-23 00:00:00+08:00,9.2,9.23,9.04,9.05,19350767,0.0,0.0
2005-11-24 00:00:00+08:00,9.04,9.1,8.9,8.99,28929745,0.0,0.0
2005-11-25 00:00:00+08:00,9.02,9.04,8.82,8.85,19749881,0.0,0.0
2005-11-28 00:00:00+08:00,8.89,8.92,8.84,8.89,44815321,0.0,0.0
2005-11-29 00:00:00+08:00,8.84,8.9,8.82,8.82,15056554,0.0,0.0
2005-11-30 00:00:00+08:00,8.82,8.87,8.74,8.79,17995137,0.0,0.0
2005-12-01 00:00:00+08:00,8.79,8.97,8.66,8.87,32067472,0.0,0.0
2005-12-02 00:00:00+08:00,8.87,9.04,8.87,9.04,32675294,0.0,0.0
2005-12-05 00:00:00+08:00,9.17,9.2,9.08,9.17,41453110,0.0,0.0
2005-12-06 00:00:00+08:00,9.17,9.33,9.07,9.2,62477264,0.0,0.0
2005-12-07 00:00:00+08:00,9.25,9.25,8.92,8.97,34553617,0.0,0.0
2005-12-08 00:00:00+08:00,8.87,8.9,8.74,8.87,37741562,0.0,0.0
2005-12-09 00:00:00+08:00,8.9,8.94,8.81,8.87,9722460,0.0,0.0
2005-12-12 00:00:00+08:00,8.89,9.04,8.89,9.04,7859667,0.0,0.0
2005-12-13 00:00:00+08:00,9.08,9.08,9.04,9.05,10330289,0.0,0.0
2005-12-14 00:00:00+08:00,9.07,9.2,9.07,9.18,22593559,0.0,0.0
2005-12-15 00:00:00+08:00,9.1,9.15,9.02,9.04,10559102,0.0,0.0
2005-12-16 00:00:00+08:00,9.1,9.18,9.1,9.12,17687409,0.0,0.0
2005-12-19 00:00:00+08:00,9.17,9.23,9.13,9.22,13390491,0.0,0.0
2005-12-20 00:00:00+08:00,9.27,9.27,9.12,9.13,19091171,0.0,0.0
2005-12-21 00:00:00+08:00,9.18,9.25,9.13,9.25,8186743,0.0,0.0
2005-12-22 00:00:00+08:00,9.2,9.22,9.07,9.07,8349580,0.0,0.0
2005-12-23 00:00:00+08:00,9.12,9.27,9.08,9.27,11252561,0.0,0.0
2005-12-26 00:00:00+08:00,9.27,9.27,9.13,9.27,8408538,0.0,0.0
2005-12-27 00:00:00+08:00,9.23,9.23,9.13,9.17,4758755,0.0,0.0
2005-12-28 00:00:00+08:00,9.17,9.36,9.17,9.33,48846728,0.0,0.0
2005-12-29 00:00:00+08:00,9.33,9.4,9.25,9.3,20042923,0.0,0.0
2005-12-30 00:00:00+08:00,9.3,9.3,9.23,9.27,5463444,0.0,0.0
2006-01-02 00:00:00+08:00,9.2,9.2,9.04,9.04,6284645,0.0,0.0
2006-01-03 00:00:00+08:00,9.07,9.33,9.04,9.33,11133241,0.0,0.0
2006-01-04 00:00:00+08:00,9.36,9.41,9.23,9.38,13866367,0.0,0.0
2006-01-05 00:00:00+08:00,9.4,9.51,9.36,9.38,14790043,0.0,0.0
2006-01-06 00:00:00+08:00,9.51,9.51,9.38,9.43,11983921,0.0,0.0
2006-01-09 00:00:00+08:00,9.36,9.43,9.36,9.43,14269247,0.0,0.0
2006-01-10 00:00:00+08:00,9.46,9.48,9.38,9.43,18858147,0.0,0.0
2006-01-11 00:00:00+08:00,9.5,9.53,9.36,9.53,32551852,0.0,0.0
2006-01-12 00:00:00+08:00,9.56,9.56,9.38,9.4,28771519,0.0,0.0
2006-01-13 00:00:00+08:00,9.48,9.48,9.33,9.4,13240289,0.0,0.0
2006-01-16 00:00:00+08:00,9.38,9.4,9.31,9.31,12236598,0.0,0.0
2006-01-17 00:00:00+08:00,9.33,9.36,9.31,9.31,7107250,0.0,0.0
2006-01-18 00:00:00+08:00,9.23,9.23,9.05,9.12,19634428,0.0,0.0
2006-01-19 00:00:00+08:00,9.12,9.17,8.87,9.04,17963950,0.0,0.0
2006-01-20 00:00:00+08:00,9.1,9.13,8.97,9.04,8113748,0.0,0.0
2006-01-23 00:00:00+08:00,8.9,9.04,8.9,8.97,8036541,0.0,0.0
2006-01-24 00:00:00+08:00,8.94,9.07,8.94,8.94,14134486,0.0,0.0
2006-01-25 00:00:00+08:00,8.97,9.23,8.97,9.2,19030810,0.0,0.0
2006-02-03 00:00:00+08:00,9.2,9.43,9.13,9.4,53578812,0.0,0.0
2006-02-06 00:00:00+08:00,9.4,9.41,9.33,9.4,56354051,0.0,0.0
2006-02-07 00:00:00+08:00,9.4,9.46,9.31,9.46,79944282,0.0,0.0
2006-02-08 00:00:00+08:00,9.4,9.43,9.33,9.36,16348219,0.0,0.0
2006-02-09 00:00:00+08:00,9.36,9.36,9.31,9.33,26088928,0.0,0.0
2006-02-10 00:00:00+08:00,9.43,9.5,9.2,9.31,25569536,0.0,0.0
2006-02-13 00:00:00+08:00,9.33,9.54,9.3,9.41,24216309,0.0,0.0
2006-02-14 00:00:00+08:00,9.4,9.63,9.36,9.63,19370520,0.0,0.0
2006-02-15 00:00:00+08:00,9.63,9.63,9.46,9.46,9794051,0.0,0.0
2006-02-16 00:00:00+08:00,9.56,9.58,9.5,9.54,11362054,0.0,0.0
2006-02-17 00:00:00+08:00,9.56,9.58,9.46,9.56,5998277,0.0,0.0
2006-02-20 00:00:00+08:00,9.53,9.69,9.51,9.69,12038668,0.0,0.0
2006-02-21 00:00:00+08:00,9.69,9.69,9.61,9.66,10226410,0.0,0.0
2006-02-22 00:00:00+08:00,9.4,9.63,9.4,9.63,6126020,0.0,0.0
2006-02-23 00:00:00+08:00,9.63,9.73,9.46,9.59,8696309,0.0,0.0
2006-02-24 00:00:00+08:00,9.59,9.69,9.59,9.66,9271852,0.0,0.0
2006-02-27 00:00:00+08:00,9.66,9.66,9.56,9.56,7094616,0.0,0.0
2006-03-01 00:00:00+08:00,9.46,9.56,9.46,9.53,13498581,0.0,0.0
2006-03-02 00:00:00+08:00,9.68,9.69,9.58,9.69,9834761,0.0,0.0
2006-03-03 00:00:00+08:00,9.68,9.68,9.46,9.53,21400361,0.0,0.0
2006-03-06 00:00:00+08:00,9.53,9.63,9.46,9.53,22839218,0.0,0.0
2006-03-07 00:00:00+08:00,9.4,9.41,9.02,9.04,25351953,0.0,0.0
2006-03-08 00:00:00+08:00,8.9,9.1,8.84,8.9,27211938,0.0,0.0
2006-03-09 00:00:00+08:00,8.92,9.15,8.92,9.1,11960057,0.0,0.0
2006-03-10 00:00:00+08:00,9.15,9.15,8.87,8.9,26319145,0.0,0.0
2006-03-13 00:00:00+08:00,8.9,8.97,8.89,8.97,4883690,0.0,0.0
2006-03-14 00:00:00+08:00,8.9,8.92,8.72,8.79,19342445,0.0,0.0
2006-03-15 00:00:00+08:00,8.81,8.82,8.69,8.77,40824225,0.0,0.0
2006-03-16 00:00:00+08:00,8.72,8.84,8.67,8.74,33881215,0.0,0.0
2006-03-17 00:00:00+08:00,8.74,8.79,8.66,8.72,7501707,0.0,0.0
2006-03-20 00:00:00+08:00,8.79,8.85,8.77,8.82,9951273,0.0,0.0
2006-03-21 00:00:00+08:00,8.82,8.94,8.82,8.9,9266237,0.0,0.0
2006-03-22 00:00:00+08:00,8.9,8.9,8.76,8.81,8557337,0.0,0.0
2006-03-23 00:00:00+08:00,8.72,8.87,8.71,8.71,7792286,0.0,0.0
2006-03-24 00:00:00+08:00,8.71,8.92,8.67,8.92,11033574,0.0,0.0
2006-03-27 00:00:00+08:00,8.9,8.92,8.85,8.87,4890709,0.0,0.0
2006-03-28 00:00:00+08:00,8.87,8.87,8.74,8.77,15072199,0.0,0.0
2006-03-29 00:00:00+08:00,8.87,8.94,8.79,8.87,13258538,0.0,0.0
2006-03-30 00:00:00+08:00,8.85,9.12,8.84,9.12,22710072,0.0,0.0
2006-03-31 00:00:00+08:00,9.04,9.08,9.02,9.04,26987336,0.0,0.0
2006-04-03 00:00:00+08:00,9.04,9.15,9.02,9.08,11583849,0.0,0.0
2006-04-04 00:00:00+08:00,9.04,9.08,8.99,9.08,33962633,0.0,0.0
2006-04-06 00:00:00+08:00,9.04,9.2,9.04,9.2,24431085,0.0,0.0
2006-04-07 00:00:00+08:00,9.13,9.33,9.13,9.31,8377655,0.0,0.0
2006-04-10 00:00:00+08:00,9.3,9.4,9.22,9.33,7039869,0.0,0.0
2006-04-11 00:00:00+08:00,9.31,9.31,9.13,9.18,4316570,0.0,0.0
2006-04-12 00:00:00+08:00,9.1,9.23,9.04,9.15,8167091,0.0,0.0
2006-04-13 00:00:00+08:00,9.2,9.53,9.2,9.51,13341360,0.0,0.0
2006-04-14 00:00:00+08:00,9.53,9.58,9.5,9.54,14725470,0.0,0.0
2006-04-17 00:00:00+08:00,9.53,9.68,9.53,9.68,12768625,0.0,0.0
2006-04-18 00:00:00+08:00,9.68,9.69,9.58,9.66,8422575,0.0,0.0
2006-04-19 00:00:00+08:00,9.73,9.74,9.68,9.69,6432040,0.0,0.0
2006-04-20 00:00:00+08:00,9.73,9.89,9.68,9.81,20739189,0.0,0.0
2006-04-21 00:00:00+08:00,9.81,9.82,9.59,9.76,9382749,0.0,0.0
2006-04-24 00:00:00+08:00,9.71,9.91,9.56,9.76,17269088,0.0,0.0
2006-04-25 00:00:00+08:00,9.82,9.87,9.73,9.79,8470303,0.0,0.0
2006-04-26 00:00:00+08:00,9.86,10.02,9.81,10.0,15148002,0.0,0.0
2006-04-27 00:00:00+08:00,10.12,10.55,10.09,10.35,48358219,0.0,0.0
2006-04-28 00:00:00+08:00,10.28,10.28,10.05,10.15,33823660,0.0,0.0
2006-05-02 00:00:00+08:00,9.99,10.15,9.81,10.15,27861881,0.0,0.0
2006-05-03 00:00:00+08:00,10.25,10.28,10.14,10.25,31852778,0.0,0.0
2006-05-04 00:00:00+08:00,10.25,10.51,10.09,10.32,30166859,0.0,0.0
2006-05-05 00:00:00+08:00,10.35,10.68,10.32,10.56,38512228,0.0,0.0
2006-05-08 00:00:00+08:00,10.61,10.68,10.51,10.63,18349985,0.0,0.0
2006-05-09 00:00:00+08:00,10.63,10.84,10.51,10.66,30099478,0.0,0.0
2006-05-10 00:00:00+08:00,9.92,10.58,9.92,10.19,24172792,0.0,0.0
2006-05-11 00:00:00+08:00,9.92,10.04,9.91,10.02,19833762,0.0,0.0
2006-05-12 00:00:00+08:00,9.86,10.19,9.79,10.19,9466975,0.0,0.0
2006-05-15 00:00:00+08:00,9.86,9.99,9.63,9.64,12480853,0.0,0.0
2006-05-16 00:00:00+08:00,9.66,9.69,9.36,9.36,15400679,0.0,0.0
2006-05-17 00:00:00+08:00,9.56,9.69,9.36,9.61,11822489,0.0,0.0
2006-05-18 00:00:00+08:00,9.5,9.5,9.33,9.36,19822532,0.0,0.0
2006-05-19 00:00:00+08:00,9.36,9.53,9.3,9.43,8756671,0.0,0.0
2006-05-22 00:00:00+08:00,9.43,9.45,9.2,9.2,10740188,0.0,0.0
2006-05-23 00:00:00+08:00,9.12,9.3,9.08,9.2,14495253,0.0,0.0
2006-05-24 00:00:00+08:00,9.27,9.5,9.18,9.4,23176121,0.0,0.0
2006-05-25 00:00:00+08:00,9.4,9.51,9.4,9.45,19398596,0.0,0.0
2006-05-26 00:00:00+08:00,9.51,9.56,9.38,9.45,14187829,0.0,0.0
2006-05-29 00:00:00+08:00,9.5,9.54,9.31,9.43,14999203,0.0,0.0
2006-05-30 00:00:00+08:00,9.43,9.53,9.3,9.3,20329290,0.0,0.0
2006-06-01 00:00:00+08:00,9.5,9.5,9.28,9.33,12145354,0.0,0.0
2006-06-02 00:00:00+08:00,9.36,9.59,9.28,9.48,8915296,0.0,0.0
2006-06-05 00:00:00+08:00,9.41,9.61,9.2,9.3,14766179,0.0,0.0
2006-06-06 00:00:00+08:00,9.35,9.38,9.22,9.35,10192720,0.0,0.0
2006-06-07 00:00:00+08:00,9.35,9.35,9.22,9.23,5196729,0.0,0.0
2006-06-08 00:00:00+08:00,9.25,9.33,9.13,9.17,42409073,0.0,0.0
2006-06-09 00:00:00+08:00,9.17,9.17,8.79,8.87,30707307,0.0,0.0
2006-06-12 00:00:00+08:00,8.79,8.94,8.74,8.92,14868653,0.0,0.0
2006-06-13 00:00:00+08:00,8.85,8.89,8.76,8.76,15948147,0.0,0.0
2006-06-14 00:00:00+08:00,8.87,9.08,8.77,8.94,24825542,0.0,0.0
2006-06-15 00:00:00+08:00,9.04,9.04,8.84,8.95,13123776,0.0,0.0
2006-06-16 00:00:00+08:00,9.02,9.31,9.02,9.17,20302619,0.0,0.0
2006-06-19 00:00:00+08:00,9.2,9.23,9.1,9.23,9386960,0.0,0.0
2006-06-20 00:00:00+08:00,9.22,9.22,8.89,8.95,11381707,0.0,0.0
2006-06-21 00:00:00+08:00,8.94,8.95,8.85,8.9,19204876,0.0,0.0
2006-06-22 00:00:00+08:00,9.17,9.17,9.04,9.12,9153936,0.0,0.0
2006-06-23 00:00:00+08:00,9.04,9.08,8.92,9.08,6989334,0.0,0.0
2006-06-26 00:00:00+08:00,8.94,9.13,8.94,9.1,3785947,0.0,0.0
2006-06-27 00:00:00+08:00,9.2,9.22,9.07,9.17,6022141,0.0,0.0
2006-06-28 00:00:00+08:00,9.13,9.23,9.07,9.23,8713154,0.0,0.0
2006-06-29 00:00:00+08:00,9.23,9.27,9.15,9.17,14693183,0.0,0.0
2006-06-30 00:00:00+08:00,9.27,9.3,9.07,9.2,17007988,0.0,0.0
2006-07-03 00:00:00+08:00,9.2,9.25,9.02,9.02,10901620,0.0,0.0
2006-07-04 00:00:00+08:00,9.02,9.15,9.02,9.1,12673169,0.0,0.0
2006-07-05 00:00:00+08:00,9.13,9.23,9.1,9.12,19908161,0.0,0.0
2006-07-06 00:00:00+08:00,9.07,9.12,9.04,9.12,13463487,0.0,0.0
2006-07-07 00:00:00+08:00,9.1,9.13,9.04,9.04,10451012,0.0,0.0
2006-07-10 00:00:00+08:00,9.02,9.04,8.89,8.95,17184862,0.0,0.0
2006-07-11 00:00:00+08:00,9.02,9.02,8.89,8.92,9399594,0.0,0.0
2006-07-12 00:00:00+08:00,8.95,9.08,8.87,8.94,12711070,0.0,0.0
2006-07-13 00:00:00+08:00,8.9,8.99,8.89,8.9,10056555,0.0,0.0
2006-07-14 00:00:00+08:00,8.84,8.87,8.77,8.81,14724066,0.0,0.0
2006-07-17 00:00:00+08:00,8.76,8.81,8.69,8.71,28037351,0.0,0.0
2006-07-18 00:00:00+08:00,8.77,8.89,8.74,8.87,9997597,0.0,0.0
2006-07-19 00:00:00+08:00,8.81,8.82,8.71,8.71,10505759,0.0,0.0
2006-07-20 00:00:00+08:00,9.24,9.24,8.99,9.04,15411910,1.15,0.0
2006-07-21 00:00:00+08:00,8.92,8.99,8.8,8.85,13015687,0.0,0.0
2006-07-24 00:00:00+08:00,8.8,8.82,8.71,8.75,18143632,0.0,0.0
2006-07-25 00:00:00+08:00,8.78,8.87,8.78,8.83,11771953,0.0,0.0
2006-07-26 00:00:00+08:00,8.89,8.99,8.83,8.99,9078133,0.0,0.0
2006-07-27 00:00:00+08:00,8.99,9.01,8.94,9.01,8767901,0.0,0.0
2006-07-28 00:00:00+08:00,8.99,9.1,8.97,9.08,9381345,0.0,0.0
2006-07-31 00:00:00+08:00,9.13,9.13,8.99,9.06,9993386,0.0,0.0
2006-08-01 00:00:00+08:00,9.04,9.06,8.92,8.92,11075687,0.0,0.0
2006-08-02 00:00:00+08:00,8.97,9.01,8.92,8.97,6520477,0.0,0.0
2006-08-03 00:00:00+08:00,8.92,8.97,8.82,8.83,16289261,0.0,0.0
2006-08-04 00:00:00+08:00,8.83,8.9,8.82,8.89,7096020,0.0,0.0
2006-08-07 00:00:00+08:00,8.9,8.94,8.82,8.89,5174269,0.0,0.0
2006-08-08 00:00:00+08:00,8.94,9.06,8.92,9.06,7017409,0.0,0.0
2006-08-09 00:00:00+08:00,8.99,9.01,8.89,8.96,12974978,0.0,0.0
2006-08-10 00:00:00+08:00,8.85,8.97,8.85,8.89,7664544,0.0,0.0
2006-08-11 00:00:00+08:00,8.96,8.96,8.89,8.92,7668755,0.0,0.0
2006-08-14 00:00:00+08:00,8.96,9.03,8.92,9.01,4018972,0.0,0.0
2006-08-15 00:00:00+08:00,8.96,8.96,8.85,8.87,3846309,0.0,0.0
2006-08-16 00:00:00+08:00,8.99,8.99,8.85,8.94,17130115,0.0,0.0
2006-08-17 00:00:00+08:00,8.89,8.99,8.85,8.99,29391982,0.0,0.0
2006-08-18 00:00:00+08:00,9.01,9.13,9.01,9.08,39871070,0.0,0.0
2006-08-21 00:00:00+08:00,9.1,9.13,8.83,8.83,11632981,0.0,0.0
2006-08-22 00:00:00+08:00,8.9,8.94,8.83,8.83,7632257,0.0,0.0
2006-08-23 00:00:00+08:00,8.85,8.85,8.48,8.64,14464370,0.0,0.0
2006-08-24 00:00:00+08:00,8.64,8.82,8.62,8.78,5252879,0.0,0.0
2006-08-25 00:00:00+08:00,8.92,8.97,8.82,8.96,23482141,0.0,0.0
2006-08-28 00:00:00+08:00,8.9,8.9,8.62,8.68,5763849,0.0,0.0
2006-08-29 00:00:00+08:00,8.78,8.78,8.55,8.55,9424862,0.0,0.0
2006-08-30 00:00:00+08:00,8.59,8.73,8.59,8.69,4604341,0.0,0.0
2006-08-31 00:00:00+08:00,8.69,8.8,8.57,8.57,10400477,0.0,0.0
2006-09-01 00:00:00+08:00,8.61,8.69,8.59,8.66,6583646,0.0,0.0
2006-09-04 00:00:00+08:00,8.68,8.69,8.57,8.69,5627684,0.0,0.0
2006-09-05 00:00:00+08:00,8.71,8.82,8.66,8.78,7969160,0.0,0.0
2006-09-06 00:00:00+08:00,8.82,8.9,8.78,8.82,15115716,0.0,0.0
2006-09-07 00:00:00+08:00,8.57,8.71,8.57,8.61,24807293,0.0,0.0
2006-09-08 00:00:00+08:00,8.71,9.17,8.64,8.94,20475281,0.0,0.0
2006-09-11 00:00:00+08:00,8.94,9.08,8.83,8.83,9699999,0.0,0.0
2006-09-12 00:00:00+08:00,8.92,8.92,8.75,8.87,7665947,0.0,0.0
2006-09-13 00:00:00+08:00,8.94,9.06,8.9,9.03,7462402,0.0,0.0
2006-09-14 00:00:00+08:00,9.01,9.15,8.99,9.15,15592995,0.0,0.0
2006-09-15 00:00:00+08:00,9.15,9.55,9.15,9.52,21744283,0.0,0.0
2006-09-18 00:00:00+08:00,9.76,10.15,9.69,9.95,46526309,0.0,0.0
2006-09-19 00:00:00+08:00,9.97,9.99,9.76,9.81,14561229,0.0,0.0
2006-09-20 00:00:00+08:00,9.87,9.9,9.8,9.81,15813386,0.0,0.0
2006-09-21 00:00:00+08:00,9.71,9.8,9.46,9.62,18234876,0.0,0.0
2006-09-22 00:00:00+08:00,9.64,9.66,9.46,9.48,6759117,0.0,0.0
2006-09-25 00:00:00+08:00,9.46,9.57,9.34,9.5,10904428,0.0,0.0
2006-09-26 00:00:00+08:00,9.5,9.74,9.5,9.64,8633140,0.0,0.0
2006-09-27 00:00:00+08:00,9.73,9.78,9.6,9.64,12496295,0.0,0.0
2006-09-28 00:00:00+08:00,9.69,9.76,9.32,9.57,13090086,0.0,0.0
2006-09-29 00:00:00+08:00,9.57,9.73,9.46,9.6,7548031,0.0,0.0
2006-10-02 00:00:00+08:00,9.8,10.27,9.8,10.27,34966323,0.0,0.0
2006-10-03 00:00:00+08:00,10.25,10.25,9.95,10.06,15517192,0.0,0.0
2006-10-04 00:00:00+08:00,10.15,10.18,9.85,9.85,17182054,0.0,0.0
2006-10-05 00:00:00+08:00,9.94,10.11,9.94,9.97,7614008,0.0,0.0
2006-10-09 00:00:00+08:00,9.97,9.97,9.97,9.97,0,0.0,0.0
2006-10-11 00:00:00+08:00,9.97,9.97,9.85,9.95,10007423,0.0,0.0
2006-10-12 00:00:00+08:00,9.92,9.94,9.62,9.62,10100072,0.0,0.0
2006-10-13 00:00:00+08:00,9.69,9.78,9.67,9.74,7730520,0.0,0.0
2006-10-16 00:00:00+08:00,9.81,9.85,9.67,9.73,10320462,0.0,0.0
2006-10-17 00:00:00+08:00,9.69,9.76,9.62,9.74,12253444,0.0,0.0
2006-10-18 00:00:00+08:00,9.46,9.73,9.46,9.52,19670925,0.0,0.0
2006-10-19 00:00:00+08:00,9.38,9.46,9.36,9.45,18320506,0.0,0.0
2006-10-20 00:00:00+08:00,9.45,9.45,9.27,9.27,20170665,0.0,0.0
2006-10-23 00:00:00+08:00,9.24,9.45,9.24,9.45,8407134,0.0,0.0
2006-10-24 00:00:00+08:00,9.45,9.67,9.41,9.66,23173313,0.0,0.0
2006-10-25 00:00:00+08:00,9.62,9.62,9.55,9.55,3965629,0.0,0.0
2006-10-26 00:00:00+08:00,9.46,9.62,9.46,9.53,3579594,0.0,0.0
2006-10-27 00:00:00+08:00,9.55,9.55,9.45,9.45,7619623,0.0,0.0
2006-10-30 00:00:00+08:00,9.41,9.48,9.32,9.39,9294312,0.0,0.0
2006-10-31 00:00:00+08:00,9.38,9.48,9.36,9.48,3632937,0.0,0.0
2006-11-01 00:00:00+08:00,9.48,9.48,9.31,9.34,5943531,0.0,0.0
2006-11-02 00:00:00+08:00,9.45,9.55,9.34,9.55,6540130,0.0,0.0
2006-11-03 00:00:00+08:00,9.43,9.57,9.43,9.5,9462763,0.0,0.0
2006-11-06 00:00:00+08:00,9.5,9.57,9.46,9.53,8487148,0.0,0.0
2006-11-07 00:00:00+08:00,9.59,9.71,9.5,9.64,6881244,0.0,0.0
2006-11-08 00:00:00+08:00,9.64,9.74,9.62,9.64,10557698,0.0,0.0
2006-11-09 00:00:00+08:00,9.64,10.15,9.64,10.01,34326207,0.0,0.0
2006-11-10 00:00:00+08:00,10.15,10.43,10.01,10.23,40158841,0.0,0.0
2006-11-13 00:00:00+08:00,10.15,10.15,9.83,9.9,14856020,0.0,0.0
2006-11-14 00:00:00+08:00,9.97,10.08,9.92,10.08,10773878,0.0,0.0
2006-11-15 00:00:00+08:00,9.9,10.09,9.87,9.97,9695788,0.0,0.0
2006-11-16 00:00:00+08:00,9.99,10.08,9.95,10.08,9277467,0.0,0.0
2006-11-17 00:00:00+08:00,10.11,10.18,10.06,10.08,10428552,0.0,0.0
2006-11-20 00:00:00+08:00,10.08,10.22,9.97,10.22,11258176,0.0,0.0
2006-11-21 00:00:00+08:00,9.87,10.53,9.87,10.46,27279319,0.0,0.0
2006-11-22 00:00:00+08:00,10.53,11.18,10.39,11.13,58228074,0.0,0.0
2006-11-23 00:00:00+08:00,11.02,11.02,10.62,10.67,52966772,0.0,0.0
2006-11-24 00:00:00+08:00,10.67,10.69,10.53,10.67,23000650,0.0,0.0
2006-11-27 00:00:00+08:00,10.67,10.67,10.37,10.5,35671012,0.0,0.0
2006-11-28 00:00:00+08:00,10.5,10.62,10.46,10.5,15830231,0.0,0.0
2006-11-29 00:00:00+08:00,10.5,10.79,10.5,10.57,26938205,0.0,0.0
2006-11-30 00:00:00+08:00,10.67,10.76,10.34,10.65,32120896,0.0,0.0
2006-12-01 00:00:00+08:00,10.65,10.69,10.58,10.67,18194167,0.0,0.0
2006-12-04 00:00:00+08:00,10.67,10.69,10.57,10.65,24605151,0.0,0.0
2006-12-05 00:00:00+08:00,10.67,10.71,10.5,10.6,19795860,0.0,0.0
2006-12-06 00:00:00+08:00,10.5,10.67,10.48,10.62,9975137,0.0,0.0
2006-12-07 00:00:00+08:00,10.62,10.71,10.57,10.57,37742966,0.0,0.0
2006-12-08 00:00:00+08:00,10.58,10.6,10.36,10.44,11675093,0.0,0.0
2006-12-11 00:00:00+08:00,10.41,10.5,10.3,10.43,8212011,0.0,0.0
2006-12-12 00:00:00+08:00,10.39,10.41,9.97,9.97,17826381,0.0,0.0
2006-12-13 00:00:00+08:00,10.04,10.22,10.01,10.22,8275180,0.0,0.0
2006-12-14 00:00:00+08:00,10.04,10.29,10.04,10.18,8543299,0.0,0.0
2006-12-15 00:00:00+08:00,10.32,10.48,10.29,10.43,10271331,0.0,0.0
2006-12-18 00:00:00+08:00,10.43,10.53,10.36,10.5,10814587,0.0,0.0
2006-12-19 00:00:00+08:00,10.5,10.51,10.44,10.48,15803559,0.0,0.0
2006-12-20 00:00:00+08:00,10.5,10.79,10.48,10.78,18823053,0.0,0.0
2006-12-21 00:00:00+08:00,10.78,10.79,10.62,10.69,9740709,0.0,0.0
2006-12-22 00:00:00+08:00,10.69,10.72,10.55,10.72,4805079,0.0,0.0
2006-12-25 00:00:00+08:00,10.71,10.72,10.58,10.6,2109855,0.0,0.0
2006-12-26 00:00:00+08:00,10.6,10.79,10.6,10.71,10766859,0.0,0.0
2006-12-27 00:00:00+08:00,10.74,10.9,10.74,10.74,20152409,0.0,0.0
2006-12-28 00:00:00+08:00,10.76,10.76,10.5,10.53,13581403602,0.0,0.0
2006-12-29 00:00:00+08:00,10.51,10.67,10.51,10.67,15066584,0.0,0.0
2007-01-02 00:00:00+08:00,10.71,11.02,10.71,10.88,20056960,0.0,0.0
2007-01-03 00:00:00+08:00,10.88,11.06,10.85,10.85,35336917,0.0,0.0
2007-01-04 00:00:00+08:00,10.78,10.86,10.46,10.55,35289189,0.0,0.0
2007-01-05 00:00:00+08:00,10.43,10.46,10.3,10.36,16161519,0.0,0.0
2007-01-08 00:00:00+08:00,10.32,10.32,10.23,10.29,23431606,0.0,0.0
2007-01-09 00:00:00+08:00,10.32,10.39,10.3,10.32,8846512,0.0,0.0
2007-01-10 00:00:00+08:00,10.29,10.29,10.08,10.13,25839059,0.0,0.0
2007-01-11 00:00:00+08:00,10.15,10.16,10.04,10.13,18693907,0.0,0.0
2007-01-12 00:00:00+08:00,10.15,10.39,10.15,10.37,25089449,0.0,0.0
2007-01-15 00:00:00+08:00,10.34,10.5,10.27,10.32,18115556,0.0,0.0
2007-01-16 00:00:00+08:00,10.32,10.51,10.3,10.5,9224124,0.0,0.0
2007-01-17 00:00:00+08:00,10.43,10.53,10.41,10.41,8908277,0.0,0.0
2007-01-18 00:00:00+08:00,10.46,10.67,10.34,10.57,35888595,0.0,0.0
2007-01-19 00:00:00+08:00,10.57,10.6,10.5,10.51,19596526,0.0,0.0
2007-01-22 00:00:00+08:00,10.51,10.53,10.32,10.5,13494370,0.0,0.0
2007-01-23 00:00:00+08:00,10.5,10.55,10.43,10.51,9417843,0.0,0.0
2007-01-24 00:00:00+08:00,10.53,10.6,10.5,10.6,10879160,0.0,0.0
2007-01-25 00:00:00+08:00,10.6,10.6,10.44,10.48,8501186,0.0,0.0
2007-01-26 00:00:00+08:00,10.46,10.57,10.36,10.39,8857742,0.0,0.0
2007-01-29 00:00:00+08:00,10.37,10.39,10.27,10.3,7793690,0.0,0.0
2007-01-30 00:00:00+08:00,10.3,10.43,10.3,10.41,10964790,0.0,0.0
2007-01-31 00:00:00+08:00,10.44,10.57,10.25,10.53,11873024,0.0,0.0
2007-02-01 00:00:00+08:00,10.57,10.65,10.53,10.55,19108017,0.0,0.0
2007-02-02 00:00:00+08:00,10.58,10.81,10.58,10.69,21873429,0.0,0.0
2007-02-05 00:00:00+08:00,10.69,10.74,10.64,10.69,12744761,0.0,0.0
2007-02-06 00:00:00+08:00,10.72,10.95,10.65,10.95,15894804,0.0,0.0
2007-02-07 00:00:00+08:00,10.95,10.97,10.83,10.88,7352908,0.0,0.0
2007-02-08 00:00:00+08:00,10.85,10.86,10.65,10.83,11828104,0.0,0.0
2007-02-09 00:00:00+08:00,10.72,10.92,10.72,10.81,6124616,0.0,0.0
2007-02-12 00:00:00+08:00,10.71,10.92,10.71,10.92,6036179,0.0,0.0
2007-02-13 00:00:00+08:00,10.88,11.02,10.88,10.93,11978306,0.0,0.0
2007-02-14 00:00:00+08:00,10.95,11.0,10.81,11.0,18208205,0.0,0.0
2007-02-26 00:00:00+08:00,11.06,11.09,10.81,10.88,15664587,0.0,0.0
2007-02-27 00:00:00+08:00,10.79,10.88,10.64,10.64,24127872,0.0,0.0
2007-03-01 00:00:00+08:00,10.5,10.55,10.29,10.29,25384239,0.0,0.0
2007-03-02 00:00:00+08:00,10.29,10.34,10.23,10.34,22493892,0.0,0.0
2007-03-05 00:00:00+08:00,10.29,10.3,9.8,9.9,17045889,0.0,0.0
2007-03-06 00:00:00+08:00,10.01,10.11,9.92,9.99,16299088,0.0,0.0
2007-03-07 00:00:00+08:00,10.15,10.3,9.99,10.11,19853415,0.0,0.0
2007-03-08 00:00:00+08:00,10.29,10.32,10.11,10.32,8548914,0.0,0.0
2007-03-09 00:00:00+08:00,10.27,10.43,10.15,10.36,13926729,0.0,0.0
2007-03-12 00:00:00+08:00,10.16,10.32,10.16,10.16,8659811,0.0,0.0
2007-03-13 00:00:00+08:00,10.29,10.3,10.15,10.23,10004616,0.0,0.0
2007-03-14 00:00:00+08:00,10.09,10.09,9.87,9.87,21147684,0.0,0.0
2007-03-15 00:00:00+08:00,9.94,10.09,9.94,10.06,10938118,0.0,0.0
2007-03-16 00:00:00+08:00,10.13,10.39,10.06,10.18,10177279,0.0,0.0
2007-03-19 00:00:00+08:00,10.18,10.29,10.18,10.2,3116353,0.0,0.0
2007-03-20 00:00:00+08:00,10.22,10.25,10.13,10.25,7814746,0.0,0.0
2007-03-21 00:00:00+08:00,10.16,10.25,10.15,10.2,7788075,0.0,0.0
2007-03-22 00:00:00+08:00,10.22,10.37,10.22,10.29,17023429,0.0,0.0
2007-03-23 00:00:00+08:00,10.29,10.43,10.29,10.36,10050940,0.0,0.0
2007-03-26 00:00:00+08:00,10.29,10.3,10.18,10.22,8948986,0.0,0.0
2007-03-27 00:00:00+08:00,10.25,10.43,10.2,10.23,9343444,0.0,0.0
2007-03-28 00:00:00+08:00,10.27,10.34,10.11,10.15,6893878,0.0,0.0
2007-03-29 00:00:00+08:00,10.15,10.36,10.09,10.32,9142706,0.0,0.0
2007-03-30 00:00:00+08:00,10.32,10.43,10.25,10.43,6065658,0.0,0.0
2007-04-02 00:00:00+08:00,10.25,10.39,10.25,10.27,3260940,0.0,0.0
2007-04-03 00:00:00+08:00,10.39,10.67,10.29,10.6,26830115,0.0,0.0
2007-04-04 00:00:00+08:00,10.78,10.99,10.72,10.95,39194456,0.0,0.0
2007-04-09 00:00:00+08:00,10.95,11.23,10.85,11.07,27815556,0.0,0.0
2007-04-10 00:00:00+08:00,11.02,11.02,10.74,10.92,20515991,0.0,0.0
2007-04-11 00:00:00+08:00,10.88,10.92,10.57,10.67,14576671,0.0,0.0
2007-04-12 00:00:00+08:00,10.58,10.78,10.46,10.72,25523212,0.0,0.0
2007-04-13 00:00:00+08:00,10.67,10.79,10.64,10.67,8766497,0.0,0.0
2007-04-16 00:00:00+08:00,10.78,10.92,10.64,10.78,12883733,0.0,0.0
2007-04-17 00:00:00+08:00,10.88,10.95,10.74,10.79,17917626,0.0,0.0
2007-04-18 00:00:00+08:00,10.86,10.88,10.76,10.81,6663661,0.0,0.0
2007-04-19 00:00:00+08:00,10.69,10.69,10.46,10.48,17148364,0.0,0.0
2007-04-20 00:00:00+08:00,10.43,10.46,10.29,10.37,15869536,0.0,0.0
2007-04-23 00:00:00+08:00,10.39,10.46,10.36,10.37,12348899,0.0,0.0
2007-04-24 00:00:00+08:00,10.36,10.36,10.2,10.29,23235079,0.0,0.0
2007-04-25 00:00:00+08:00,10.32,10.32,10.18,10.18,16002894,0.0,0.0
2007-04-26 00:00:00+08:00,10.25,10.29,10.18,10.22,18992908,0.0,0.0
2007-04-27 00:00:00+08:00,10.22,10.27,10.15,10.16,8664023,0.0,0.0
2007-04-30 00:00:00+08:00,10.15,10.18,10.04,10.15,11353632,0.0,0.0
2007-05-02 00:00:00+08:00,10.22,10.25,10.08,10.23,11769146,0.0,0.0
2007-05-03 00:00:00+08:00,10.32,10.32,10.2,10.23,7987409,0.0,0.0
2007-05-04 00:00:00+08:00,10.29,10.37,10.23,10.37,17239609,0.0,0.0
2007-05-07 00:00:00+08:00,10.39,10.57,10.39,10.53,11686324,0.0,0.0
2007-05-08 00:00:00+08:00,10.53,10.6,10.46,10.53,10824413,0.0,0.0
2007-05-09 00:00:00+08:00,10.5,10.5,10.43,10.46,8197973,0.0,0.0
2007-05-10 00:00:00+08:00,10.46,10.48,10.29,10.34,12058321,0.0,0.0
2007-05-11 00:00:00+08:00,10.22,10.29,10.16,10.18,15108697,0.0,0.0
2007-05-14 00:00:00+08:00,10.18,10.25,10.15,10.23,4580477,0.0,0.0
2007-05-15 00:00:00+08:00,10.16,10.22,9.95,10.04,21916946,0.0,0.0
2007-05-16 00:00:00+08:00,10.01,10.11,9.97,10.01,21428436,0.0,0.0
2007-05-17 00:00:00+08:00,10.01,10.11,9.88,9.9,22847640,0.0,0.0
2007-05-18 00:00:00+08:00,9.97,10.02,9.87,9.94,16873227,0.0,0.0
2007-05-21 00:00:00+08:00,9.94,10.01,9.87,9.97,9926005,0.0,0.0
2007-05-22 00:00:00+08:00,9.97,10.15,9.95,10.09,16089927,0.0,0.0
2007-05-23 00:00:00+08:00,10.15,10.34,10.11,10.32,21307713,0.0,0.0
2007-05-24 00:00:00+08:00,10.32,10.36,10.23,10.29,10331693,0.0,0.0
2007-05-25 00:00:00+08:00,10.15,10.18,10.01,10.02,15035701,0.0,0.0
2007-05-28 00:00:00+08:00,10.11,10.15,10.09,10.13,6628567,0.0,0.0
2007-05-29 00:00:00+08:00,10.13,10.23,10.13,10.22,10751418,0.0,0.0
2007-05-30 00:00:00+08:00,10.09,10.15,9.99,10.09,15032894,0.0,0.0
2007-05-31 00:00:00+08:00,10.13,10.27,10.09,10.09,19947467,0.0,0.0
2007-06-01 00:00:00+08:00,10.15,10.25,10.06,10.09,11567004,0.0,0.0
2007-06-04 00:00:00+08:00,10.09,10.15,10.01,10.04,7587337,0.0,0.0
2007-06-05 00:00:00+08:00,10.04,10.32,10.01,10.32,9488031,0.0,0.0
2007-06-06 00:00:00+08:00,10.22,10.23,9.97,9.97,28802401,0.0,0.0
2007-06-07 00:00:00+08:00,9.97,10.02,9.88,9.9,29105614,0.0,0.0
2007-06-08 00:00:00+08:00,9.87,10.01,9.83,9.9,18917105,0.0,0.0
2007-06-11 00:00:00+08:00,9.87,9.94,9.85,9.88,19832358,0.0,0.0
2007-06-12 00:00:00+08:00,9.87,9.9,9.69,9.74,34813313,0.0,0.0
2007-06-13 00:00:00+08:00,9.78,9.87,9.74,9.83,19798668,0.0,0.0
2007-06-14 00:00:00+08:00,9.97,10.06,9.9,10.06,35116526,0.0,0.0
2007-06-15 00:00:00+08:00,10.22,10.32,10.15,10.3,60340737,0.0,0.0
2007-06-20 00:00:00+08:00,10.43,10.78,10.39,10.78,117677422,0.0,0.0
2007-06-21 00:00:00+08:00,10.85,10.97,10.64,10.83,76133067,0.0,0.0
2007-06-22 00:00:00+08:00,10.83,10.9,10.5,10.53,42351519,0.0,0.0
2007-06-25 00:00:00+08:00,10.6,10.86,10.51,10.51,27560072,0.0,0.0
2007-06-26 00:00:00+08:00,10.58,10.67,10.32,10.32,27183863,0.0,0.0
2007-06-27 00:00:00+08:00,10.3,10.32,10.2,10.32,14604746,0.0,0.0
2007-06-28 00:00:00+08:00,10.41,10.46,10.34,10.46,17763212,0.0,0.0
2007-06-29 00:00:00+08:00,10.48,10.5,10.25,10.5,29893125,0.0,0.0
2007-07-02 00:00:00+08:00,10.48,10.53,10.34,10.53,8314486,0.0,0.0
2007-07-03 00:00:00+08:00,10.64,10.81,10.53,10.62,24630419,0.0,0.0
2007-07-04 00:00:00+08:00,10.69,10.85,10.64,10.67,13349782,0.0,0.0
2007-07-05 00:00:00+08:00,10.71,10.76,10.67,10.76,15468060,0.0,0.0
2007-07-06 00:00:00+08:00,10.79,11.23,10.79,11.02,52054326,0.0,0.0
2007-07-09 00:00:00+08:00,11.04,11.37,11.04,11.37,46536135,0.0,0.0
2007-07-10 00:00:00+08:00,11.37,11.55,11.34,11.37,57639898,0.0,0.0
2007-07-11 00:00:00+08:00,11.37,11.37,11.09,11.13,38290433,0.0,0.0
2007-07-12 00:00:00+08:00,11.11,11.65,11.11,11.65,46832329,0.0,0.0
2007-07-13 00:00:00+08:00,11.76,11.83,11.48,11.62,46477177,0.0,0.0
2007-07-16 00:00:00+08:00,11.69,11.95,11.49,11.56,51744094,0.0,0.0
2007-07-17 00:00:00+08:00,11.56,11.65,11.44,11.53,45095875,0.0,0.0
2007-07-18 00:00:00+08:00,11.53,11.93,11.48,11.79,57112083,0.0,0.0
2007-07-19 00:00:00+08:00,11.94,12.18,11.65,11.9,72852473,1.0,0.0
2007-07-20 00:00:00+08:00,12.01,12.36,11.76,12.23,59796077,0.0,0.0
2007-07-23 00:00:00+08:00,12.23,12.45,12.19,12.36,39456960,0.0,0.0
2007-07-24 00:00:00+08:00,12.39,12.56,12.36,12.52,47028856,0.0,0.0
2007-07-25 00:00:00+08:00,12.41,12.49,12.16,12.49,22043284,0.0,0.0
2007-07-26 00:00:00+08:00,12.49,12.69,12.18,12.32,39795267,0.0,0.0
2007-07-27 00:00:00+08:00,12.05,12.05,11.48,11.5,51402980,0.0,0.0
2007-07-30 00:00:00+08:00,11.46,11.48,11.17,11.26,41099362,0.0,0.0
2007-07-31 00:00:00+08:00,11.35,11.54,11.13,11.13,36907727,0.0,0.0
2007-08-01 00:00:00+08:00,10.99,11.17,10.4,10.4,66649246,0.0,0.0
2007-08-02 00:00:00+08:00,10.55,10.66,10.33,10.5,66416222,0.0,0.0
2007-08-03 00:00:00+08:00,10.57,10.81,10.57,10.66,41528914,0.0,0.0
2007-08-06 00:00:00+08:00,10.44,10.48,10.24,10.42,42688422,0.0,0.0
2007-08-07 00:00:00+08:00,10.51,10.53,10.15,10.15,56841157,0.0,0.0
2007-08-08 00:00:00+08:00,10.22,10.44,10.2,10.42,48459290,0.0,0.0
2007-08-09 00:00:00+08:00,10.51,10.51,10.26,10.5,48405947,0.0,0.0
2007-08-10 00:00:00+08:00,10.22,10.26,10.08,10.08,46154312,0.0,0.0
2007-08-13 00:00:00+08:00,10.2,10.24,10.08,10.15,17801114,0.0,0.0
2007-08-14 00:00:00+08:00,10.15,10.48,10.15,10.33,26267206,0.0,0.0
2007-08-15 00:00:00+08:00,10.2,10.24,10.06,10.08,31793820,0.0,0.0
2007-08-16 00:00:00+08:00,9.97,10.08,9.71,9.71,36991953,0.0,0.0
2007-08-17 00:00:00+08:00,9.86,9.93,9.55,9.67,44033226,0.0,0.0
2007-08-20 00:00:00+08:00,10.15,10.26,9.91,10.2,20866931,0.0,0.0
2007-08-21 00:00:00+08:00,10.22,10.3,10.11,10.22,16497018,0.0,0.0
2007-08-22 00:00:00+08:00,10.3,10.4,10.22,10.28,16979912,0.0,0.0
2007-08-23 00:00:00+08:00,10.53,10.55,10.4,10.48,23110144,0.0,0.0
2007-08-24 00:00:00+08:00,10.48,10.51,10.08,10.19,31230911,0.0,0.0
2007-08-27 00:00:00+08:00,10.28,10.3,10.02,10.09,23223849,0.0,0.0
2007-08-28 00:00:00+08:00,10.04,10.17,10.0,10.06,15615455,0.0,0.0
2007-08-29 00:00:00+08:00,9.82,9.95,9.78,9.82,25791331,0.0,0.0
2007-08-30 00:00:00+08:00,9.98,10.02,9.89,10.0,23275788,0.0,0.0
2007-08-31 00:00:00+08:00,10.11,10.39,10.04,10.39,35979840,0.0,0.0
2007-09-03 00:00:00+08:00,10.4,10.51,10.28,10.48,34514312,0.0,0.0
2007-09-04 00:00:00+08:00,11.03,11.03,10.59,10.59,52342097,0.0,0.0
2007-09-05 00:00:00+08:00,10.77,10.77,10.46,10.48,17896569,0.0,0.0
2007-09-06 00:00:00+08:00,10.48,10.86,10.48,10.81,28205802,0.0,0.0
2007-09-07 00:00:00+08:00,10.88,10.92,10.82,10.86,26392141,0.0,0.0
2007-09-10 00:00:00+08:00,10.66,10.66,10.42,10.55,24001533,0.0,0.0
2007-09-11 00:00:00+08:00,10.55,10.64,10.53,10.57,16673892,0.0,0.0
2007-09-12 00:00:00+08:00,10.75,10.86,10.66,10.72,17189073,0.0,0.0
2007-09-13 00:00:00+08:00,10.82,10.82,10.48,10.55,19642850,0.0,0.0
2007-09-14 00:00:00+08:00,10.59,10.7,10.57,10.7,20549681,0.0,0.0
2007-09-17 00:00:00+08:00,10.66,10.66,10.44,10.48,12288538,0.0,0.0
2007-09-18 00:00:00+08:00,10.48,10.48,10.48,10.48,0,0.0,0.0
2007-09-19 00:00:00+08:00,10.7,10.7,10.22,10.33,91717640,0.0,0.0
2007-09-20 00:00:00+08:00,10.33,10.46,10.09,10.09,67059145,0.0,0.0
2007-09-21 00:00:00+08:00,10.09,10.09,9.73,9.86,98214253,0.0,0.0
2007-09-26 00:00:00+08:00,9.86,9.91,9.69,9.91,72408884,0.0,0.0
2007-09-27 00:00:00+08:00,9.93,10.19,9.84,10.17,45324688,0.0,0.0
2007-09-28 00:00:00+08:00,10.13,10.26,10.11,10.17,32807336,0.0,0.0
2007-10-01 00:00:00+08:00,10.31,10.35,10.19,10.24,26771157,0.0,0.0
2007-10-02 00:00:00+08:00,10.31,10.81,10.3,10.68,96049651,0.0,0.0
2007-10-03 00:00:00+08:00,10.81,11.41,10.81,11.39,160523066,0.0,0.0
2007-10-04 00:00:00+08:00,11.39,11.59,11.17,11.19,94355310,0.0,0.0
2007-10-05 00:00:00+08:00,11.17,11.37,11.06,11.17,76899521,0.0,0.0
2007-10-08 00:00:00+08:00,11.28,11.85,11.1,11.68,86859217,0.0,0.0
2007-10-09 00:00:00+08:00,11.68,11.72,11.41,11.46,65475701,0.0,0.0
2007-10-11 00:00:00+08:00,11.54,11.79,11.28,11.34,69842806,0.0,0.0
2007-10-12 00:00:00+08:00,11.28,11.28,10.84,10.88,46661070,0.0,0.0
2007-10-15 00:00:00+08:00,10.95,11.13,10.72,11.13,36763139,0.0,0.0
2007-10-16 00:00:00+08:00,11.06,11.43,11.03,11.32,47385411,0.0,0.0
2007-10-17 00:00:00+08:00,11.39,11.39,11.1,11.1,31197221,0.0,0.0
2007-10-18 00:00:00+08:00,11.06,11.32,10.95,11.1,31219681,0.0,0.0
2007-10-19 00:00:00+08:00,10.99,11.1,10.99,10.99,16363661,0.0,0.0
2007-10-22 00:00:00+08:00,10.55,10.59,10.4,10.59,55927307,0.0,0.0
2007-10-23 00:00:00+08:00,10.61,10.75,10.53,10.73,35541866,0.0,0.0
2007-10-24 00:00:00+08:00,10.81,10.82,10.61,10.61,25705701,0.0,0.0
2007-10-25 00:00:00+08:00,10.81,10.88,10.68,10.84,25599015,0.0,0.0
2007-10-26 00:00:00+08:00,10.95,11.37,10.88,11.19,37422908,0.0,0.0
2007-10-29 00:00:00+08:00,11.5,11.57,11.35,11.5,57700259,0.0,0.0
2007-10-30 00:00:00+08:00,11.5,11.5,11.26,11.39,22127510,0.0,0.0
2007-10-31 00:00:00+08:00,11.43,11.66,11.37,11.45,72961967,0.0,0.0
2007-11-01 00:00:00+08:00,11.55,11.65,11.1,11.15,57649724,0.0,0.0
2007-11-02 00:00:00+08:00,10.82,11.04,10.62,10.72,50075021,0.0,0.0
2007-11-05 00:00:00+08:00,10.77,10.95,10.68,10.75,34983168,0.0,0.0
2007-11-06 00:00:00+08:00,10.84,11.06,10.77,10.77,37794905,0.0,0.0
2007-11-07 00:00:00+08:00,10.95,11.5,10.88,11.32,100903862,0.0,0.0
2007-11-08 00:00:00+08:00,11.1,11.48,10.97,11.3,84763399,0.0,0.0
2007-11-09 00:00:00+08:00,11.39,11.45,10.93,11.26,52718306,0.0,0.0
2007-11-12 00:00:00+08:00,11.03,11.24,10.88,10.95,35176888,0.0,0.0
2007-11-13 00:00:00+08:00,10.95,11.43,10.95,11.03,60857322,0.0,0.0
2007-11-14 00:00:00+08:00,11.32,11.54,11.17,11.35,51568624,0.0,0.0
2007-11-15 00:00:00+08:00,11.32,11.46,11.3,11.35,26529710,0.0,0.0
2007-11-16 00:00:00+08:00,11.26,11.28,11.08,11.1,34223733,0.0,0.0
2007-11-19 00:00:00+08:00,11.13,11.21,10.93,10.95,38624529,0.0,0.0
2007-11-20 00:00:00+08:00,10.62,10.7,10.19,10.48,104372560,0.0,0.0
2007-11-21 00:00:00+08:00,10.44,10.46,10.15,10.15,43286424,0.0,0.0
2007-11-22 00:00:00+08:00,10.0,10.19,9.93,10.06,35436584,0.0,0.0
2007-11-23 00:00:00+08:00,10.06,10.17,10.02,10.11,35454833,0.0,0.0
2007-11-26 00:00:00+08:00,10.22,10.33,10.15,10.3,20375614,0.0,0.0
2007-11-27 00:00:00+08:00,9.98,10.22,9.88,10.09,28514630,0.0,0.0
2007-11-28 00:00:00+08:00,10.15,10.22,10.04,10.04,11734051,0.0,0.0
2007-11-29 00:00:00+08:00,10.19,10.33,10.19,10.31,20368595,0.0,0.0
2007-11-30 00:00:00+08:00,10.33,10.44,10.2,10.31,40916873,0.0,0.0
2007-12-03 00:00:00+08:00,10.26,10.3,10.11,10.13,22231389,0.0,0.0
2007-12-04 00:00:00+08:00,10.04,10.13,9.98,10.13,18977467,0.0,0.0
2007-12-05 00:00:00+08:00,10.0,10.11,10.0,10.08,24600940,0.0,0.0
2007-12-06 00:00:00+08:00,10.15,10.28,10.08,10.22,34216714,0.0,0.0
2007-12-07 00:00:00+08:00,10.28,10.46,10.28,10.3,37699449,0.0,0.0
2007-12-10 00:00:00+08:00,10.24,10.4,10.22,10.22,23044167,0.0,0.0
2007-12-11 00:00:00+08:00,10.3,10.35,10.24,10.3,26620954,0.0,0.0
2007-12-12 00:00:00+08:00,10.11,10.3,10.11,10.24,20572141,0.0,0.0
2007-12-13 00:00:00+08:00,10.33,10.42,10.15,10.22,27748176,0.0,0.0
2007-12-14 00:00:00+08:00,10.22,10.22,9.86,10.08,30849087,0.0,0.0
2007-12-17 00:00:00+08:00,10.24,10.24,9.84,9.84,29302141,0.0,0.0
2007-12-18 00:00:00+08:00,9.75,9.88,9.66,9.75,23932749,0.0,0.0
2007-12-19 00:00:00+08:00,9.84,9.93,9.75,9.93,11444876,0.0,0.0
2007-12-20 00:00:00+08:00,9.93,10.0,9.82,9.97,16651432,0.0,0.0
2007-12-21 00:00:00+08:00,10.02,10.15,9.78,10.11,21436859,0.0,0.0
2007-12-24 00:00:00+08:00,10.04,10.22,10.04,10.22,14538769,0.0,0.0
2007-12-25 00:00:00+08:00,10.24,10.26,10.11,10.2,10290983,0.0,0.0
2007-12-26 00:00:00+08:00,10.19,10.33,10.06,10.26,10452416,0.0,0.0
2007-12-27 00:00:00+08:00,10.22,10.44,10.22,10.4,20962387,0.0,0.0
2007-12-28 00:00:00+08:00,10.08,10.51,10.08,10.46,21264196,0.0,0.0
2007-12-31 00:00:00+08:00,10.51,10.53,10.44,10.51,13042358,0.0,0.0
2008-01-02 00:00:00+08:00,10.48,10.55,10.28,10.35,17283125,0.0,0.0
2008-01-03 00:00:00+08:00,10.22,10.33,10.11,10.19,16766541,0.0,0.0
2008-01-04 00:00:00+08:00,10.22,10.79,10.13,10.75,52002387,0.0,0.0
2008-01-07 00:00:00+08:00,10.57,10.88,10.53,10.62,57335281,0.0,0.0
2008-01-08 00:00:00+08:00,11.1,11.35,11.03,11.35,112729159,0.0,0.0
2008-01-09 00:00:00+08:00,11.35,11.59,11.06,11.54,106539969,0.0,0.0
2008-01-10 00:00:00+08:00,11.54,11.54,11.13,11.13,49116251,0.0,0.0
2008-01-11 00:00:00+08:00,11.24,11.46,10.95,11.03,52646714,0.0,0.0
2008-01-14 00:00:00+08:00,11.79,11.79,11.68,11.79,90291417,0.0,0.0
2008-01-15 00:00:00+08:00,12.61,12.61,12.6,12.61,123100157,0.0,0.0
2008-01-16 00:00:00+08:00,12.81,13.14,12.41,12.54,340450343,0.0,0.0
2008-01-17 00:00:00+08:00,12.65,12.92,11.97,12.6,175189578,0.0,0.0
2008-01-18 00:00:00+08:00,12.12,13.18,12.01,12.96,231960547,0.0,0.0
2008-01-21 00:00:00+08:00,12.89,13.11,12.74,12.94,132294803,0.0,0.0
2008-01-22 00:00:00+08:00,12.05,12.21,12.05,12.05,68631359,0.0,0.0
2008-01-23 00:00:00+08:00,12.08,12.23,11.28,11.32,159755207,0.0,0.0
2008-01-24 00:00:00+08:00,11.87,12.1,11.74,11.94,108764933,0.0,0.0
2008-01-25 00:00:00+08:00,12.05,12.34,11.9,12.32,109302574,0.0,0.0
2008-01-28 00:00:00+08:00,12.27,12.41,11.68,11.72,50915874,0.0,0.0
2008-01-29 00:00:00+08:00,11.94,12.47,11.88,12.41,67794717,0.0,0.0
2008-01-30 00:00:00+08:00,12.41,12.7,12.12,12.21,75842488,0.0,0.0
2008-01-31 00:00:00+08:00,11.9,12.3,11.37,11.68,137777899,0.0,0.0
2008-02-01 00:00:00+08:00,11.87,12.19,11.72,12.08,78975686,0.0,0.0
2008-02-12 00:00:00+08:00,11.97,12.16,11.68,12.05,58383892,0.0,0.0
2008-02-13 00:00:00+08:00,12.38,12.78,12.38,12.45,98027553,0.0,0.0
2008-02-14 00:00:00+08:00,12.7,12.91,12.56,12.78,102177075,0.0,0.0
2008-02-15 00:00:00+08:00,12.6,12.76,12.43,12.74,47090621,0.0,0.0
2008-02-18 00:00:00+08:00,12.7,12.89,12.5,12.56,46399970,0.0,0.0
2008-02-19 00:00:00+08:00,12.7,12.96,12.61,12.7,98473949,0.0,0.0
2008-02-20 00:00:00+08:00,12.5,12.6,12.28,12.47,56384934,0.0,0.0
2008-02-21 00:00:00+08:00,12.54,12.56,12.25,12.47,68731026,0.0,0.0
2008-02-22 00:00:00+08:00,12.3,12.81,12.28,12.81,75967423,0.0,0.0
2008-02-25 00:00:00+08:00,12.96,12.96,12.67,12.67,111366105,0.0,0.0
2008-02-26 00:00:00+08:00,12.78,13.02,12.63,12.76,80511402,0.0,0.0
2008-02-27 00:00:00+08:00,12.83,12.92,12.61,12.72,65420954,0.0,0.0
2008-02-29 00:00:00+08:00,12.56,12.72,12.5,12.65,51463342,0.0,0.0
2008-03-03 00:00:00+08:00,12.38,12.49,12.3,12.39,52051518,0.0,0.0
2008-03-04 00:00:00+08:00,12.39,12.85,12.39,12.78,63673269,0.0,0.0
2008-03-05 00:00:00+08:00,12.7,12.83,12.56,12.56,55226830,0.0,0.0
2008-03-06 00:00:00+08:00,12.8,13.14,12.76,12.85,112861112,0.0,0.0
2008-03-07 00:00:00+08:00,12.78,12.81,12.36,12.52,54300346,0.0,0.0
2008-03-10 00:00:00+08:00,12.25,12.28,11.72,11.87,89367741,0.0,0.0
2008-03-11 00:00:00+08:00,11.76,12.27,11.76,12.27,66225310,0.0,0.0
2008-03-12 00:00:00+08:00,12.7,12.7,12.1,12.23,71569434,0.0,0.0
2008-03-13 00:00:00+08:00,12.39,12.47,11.9,11.97,49375947,0.0,0.0
2008-03-14 00:00:00+08:00,12.05,12.16,11.61,11.74,82479478,0.0,0.0
2008-03-17 00:00:00+08:00,11.61,11.92,11.57,11.79,51658465,0.0,0.0
2008-03-18 00:00:00+08:00,11.87,11.87,11.7,11.83,43511026,0.0,0.0
2008-03-19 00:00:00+08:00,12.05,12.1,11.87,11.9,54669536,0.0,0.0
2008-03-20 00:00:00+08:00,11.9,12.72,11.87,12.72,124776250,0.0,0.0
2008-03-21 00:00:00+08:00,13.02,13.14,12.83,12.94,140850736,0.0,0.0
2008-03-24 00:00:00+08:00,13.84,13.84,13.54,13.84,190195800,0.0,0.0
2008-03-25 00:00:00+08:00,12.87,13.58,12.87,13.0,140091300,0.0,0.0
2008-03-26 00:00:00+08:00,13.0,13.11,12.74,12.98,95256525,0.0,0.0
2008-03-27 00:00:00+08:00,12.96,12.96,12.58,12.78,75139203,0.0,0.0
2008-03-28 00:00:00+08:00,12.96,13.02,12.81,12.83,53065035,0.0,0.0
2008-03-31 00:00:00+08:00,12.96,12.96,12.56,12.6,41371692,0.0,0.0
2008-04-01 00:00:00+08:00,12.76,12.81,12.32,12.32,44980766,0.0,0.0
2008-04-02 00:00:00+08:00,12.6,12.7,12.47,12.67,36841750,0.0,0.0
2008-04-03 00:00:00+08:00,12.76,12.83,12.47,12.52,35970014,0.0,0.0
2008-04-07 00:00:00+08:00,12.52,12.58,12.3,12.52,88083298,0.0,0.0
2008-04-08 00:00:00+08:00,12.45,12.45,12.08,12.12,98085107,0.0,0.0
2008-04-09 00:00:00+08:00,12.05,12.28,12.05,12.19,54367727,0.0,0.0
2008-04-10 00:00:00+08:00,12.08,12.34,12.08,12.23,51299102,0.0,0.0
2008-04-11 00:00:00+08:00,12.38,12.85,12.38,12.69,135996525,0.0,0.0
2008-04-14 00:00:00+08:00,12.69,12.89,12.5,12.67,85470896,0.0,0.0
2008-04-15 00:00:00+08:00,12.85,13.14,12.78,13.09,117162241,0.0,0.0
2008-04-16 00:00:00+08:00,13.22,13.4,13.16,13.25,126359694,0.0,0.0
2008-04-17 00:00:00+08:00,13.33,13.33,13.03,13.11,70933530,0.0,0.0
2008-04-18 00:00:00+08:00,13.14,13.47,13.14,13.18,82749000,0.0,0.0
2008-04-21 00:00:00+08:00,13.18,13.25,12.85,12.85,40820013,0.0,0.0
2008-04-22 00:00:00+08:00,12.89,13.09,12.83,12.85,53365440,0.0,0.0
2008-04-23 00:00:00+08:00,12.98,13.02,12.78,12.81,41878451,0.0,0.0
2008-04-24 00:00:00+08:00,12.92,13.11,12.85,13.03,37654529,0.0,0.0
2008-04-25 00:00:00+08:00,13.11,13.14,12.69,12.74,40445209,0.0,0.0
2008-04-28 00:00:00+08:00,12.78,13.07,12.78,12.96,53948002,0.0,0.0
2008-04-29 00:00:00+08:00,12.92,13.22,12.91,12.91,65986670,0.0,0.0
2008-04-30 00:00:00+08:00,13.03,13.38,12.96,13.25,61431460,0.0,0.0
2008-05-02 00:00:00+08:00,13.51,13.51,13.29,13.43,50330505,0.0,0.0
2008-05-05 00:00:00+08:00,13.4,13.4,12.78,12.78,52892372,0.0,0.0
2008-05-06 00:00:00+08:00,12.94,12.94,12.61,12.85,35126352,0.0,0.0
2008-05-07 00:00:00+08:00,12.92,12.92,12.72,12.8,31946830,0.0,0.0
2008-05-08 00:00:00+08:00,12.74,12.83,12.63,12.67,29201070,0.0,0.0
2008-05-09 00:00:00+08:00,12.67,12.7,12.34,12.39,46378914,0.0,0.0
2008-05-12 00:00:00+08:00,12.39,12.58,12.23,12.56,23119970,0.0,0.0
2008-05-13 00:00:00+08:00,12.49,12.8,12.49,12.78,34576077,0.0,0.0
2008-05-14 00:00:00+08:00,12.87,12.92,12.67,12.67,23553733,0.0,0.0
2008-05-15 00:00:00+08:00,12.78,12.96,12.74,12.96,33123183,0.0,0.0
2008-05-16 00:00:00+08:00,13.11,13.16,12.96,13.09,44488045,0.0,0.0
2008-05-19 00:00:00+08:00,13.22,13.31,13.03,13.25,43957423,0.0,0.0
2008-05-20 00:00:00+08:00,13.29,13.33,12.63,12.7,54715860,0.0,0.0
2008-05-21 00:00:00+08:00,12.7,12.76,12.41,12.54,35533443,0.0,0.0
2008-05-22 00:00:00+08:00,12.32,12.78,12.27,12.78,52990636,0.0,0.0
2008-05-23 00:00:00+08:00,12.74,12.78,12.41,12.52,35147409,0.0,0.0
2008-05-26 00:00:00+08:00,12.45,12.6,12.34,12.34,28882416,0.0,0.0
2008-05-27 00:00:00+08:00,12.45,12.5,12.36,12.41,21573024,0.0,0.0
2008-05-28 00:00:00+08:00,12.5,12.6,12.41,12.45,30802763,0.0,0.0
2008-05-29 00:00:00+08:00,12.52,12.63,12.27,12.36,41148494,0.0,0.0
2008-05-30 00:00:00+08:00,12.45,13.22,12.38,13.22,81551590,0.0,0.0
2008-06-02 00:00:00+08:00,12.6,12.85,12.6,12.7,48897264,0.0,0.0
2008-06-03 00:00:00+08:00,12.78,12.78,12.39,12.41,23420375,0.0,0.0
2008-06-04 00:00:00+08:00,12.45,12.56,12.38,12.52,20333501,0.0,0.0
2008-06-05 00:00:00+08:00,12.52,12.6,12.27,12.6,30381634,0.0,0.0
2008-06-06 00:00:00+08:00,12.63,12.63,12.39,12.41,39104616,0.0,0.0
2008-06-09 00:00:00+08:00,12.19,12.19,11.99,12.12,31472358,0.0,0.0
2008-06-10 00:00:00+08:00,12.16,12.16,11.68,11.74,45281171,0.0,0.0
2008-06-11 00:00:00+08:00,11.83,12.05,11.79,11.88,30154225,0.0,0.0
2008-06-12 00:00:00+08:00,11.81,11.87,11.54,11.7,41016540,0.0,0.0
2008-06-13 00:00:00+08:00,11.83,11.96,11.74,11.87,25593400,0.0,0.0
2008-06-16 00:00:00+08:00,12.05,12.08,11.97,12.05,25203154,0.0,0.0
2008-06-17 00:00:00+08:00,12.23,12.23,12.01,12.16,26204037,0.0,0.0
2008-06-18 00:00:00+08:00,12.23,12.27,12.14,12.18,15282763,0.0,0.0
2008-06-19 00:00:00+08:00,12.05,12.23,11.88,12.21,33592040,0.0,0.0
2008-06-20 00:00:00+08:00,12.23,12.23,11.83,11.83,24942054,0.0,0.0
2008-06-23 00:00:00+08:00,11.68,12.21,11.66,12.05,32662749,0.0,0.0
2008-06-24 00:00:00+08:00,12.12,12.16,11.81,11.81,27238610,0.0,0.0
2008-06-25 00:00:00+08:00,11.9,12.12,11.9,12.1,32987018,0.0,0.0
2008-06-26 00:00:00+08:00,12.14,12.14,11.92,11.92,21227698,0.0,0.0
2008-06-27 00:00:00+08:00,11.34,11.65,11.3,11.57,51096960,0.0,0.0
2008-06-30 00:00:00+08:00,11.68,11.76,11.32,11.32,22843429,0.0,0.0
2008-07-01 00:00:00+08:00,11.32,11.48,11.06,11.06,29014370,0.0,0.0
2008-07-02 00:00:00+08:00,11.06,11.15,10.59,10.77,69980375,0.0,0.0
2008-07-03 00:00:00+08:00,10.77,11.01,10.24,11.01,118316134,1.5,0.0
2008-07-04 00:00:00+08:00,11.01,11.05,10.73,10.75,31489203,0.0,0.0
2008-07-07 00:00:00+08:00,10.77,10.95,10.67,10.83,20837452,0.0,0.0
2008-07-08 00:00:00+08:00,10.81,10.81,10.3,10.42,58685701,0.0,0.0
2008-07-09 00:00:00+08:00,10.52,10.71,10.34,10.38,62888566,0.0,0.0
2008-07-10 00:00:00+08:00,10.32,10.69,10.22,10.42,32450781,0.0,0.0
2008-07-11 00:00:00+08:00,10.42,10.85,10.36,10.83,32702054,0.0,0.0
2008-07-14 00:00:00+08:00,10.77,10.77,10.54,10.56,27498306,0.0,0.0
2008-07-15 00:00:00+08:00,10.04,10.06,9.83,9.83,132868941,0.0,0.0
2008-07-16 00:00:00+08:00,10.03,10.08,9.89,10.06,48403139,0.0,0.0
2008-07-17 00:00:00+08:00,10.46,10.73,10.38,10.73,44572271,0.0,0.0
2008-07-18 00:00:00+08:00,10.85,10.85,10.42,10.5,37505730,0.0,0.0
2008-07-21 00:00:00+08:00,11.18,11.22,11.09,11.22,27451982,0.0,0.0
2008-07-22 00:00:00+08:00,11.15,11.34,11.09,11.2,47259073,0.0,0.0
2008-07-23 00:00:00+08:00,11.7,11.74,11.32,11.4,74164991,0.0,0.0
2008-07-24 00:00:00+08:00,11.4,11.52,11.05,11.09,41903718,0.0,0.0
2008-07-25 00:00:00+08:00,10.85,10.99,10.81,10.91,31193009,0.0,0.0
2008-07-28 00:00:00+08:00,10.91,10.91,10.91,10.91,0,0.0,0.0
2008-07-29 00:00:00+08:00,10.61,10.73,10.44,10.71,30696077,0.0,0.0
2008-07-30 00:00:00+08:00,10.95,10.99,10.67,10.79,16850766,0.0,0.0
2008-07-31 00:00:00+08:00,10.85,10.99,10.58,10.75,17780057,0.0,0.0
2008-08-01 00:00:00+08:00,10.54,10.95,10.54,10.81,27282127,0.0,0.0
2008-08-04 00:00:00+08:00,10.89,10.97,10.69,10.73,14926208,0.0,0.0
2008-08-05 00:00:00+08:00,10.89,10.89,10.56,10.69,23469507,0.0,0.0
2008-08-06 00:00:00+08:00,10.91,11.11,10.89,11.11,25632705,0.0,0.0
2008-08-07 00:00:00+08:00,11.07,11.15,10.58,10.65,25145600,0.0,0.0
2008-08-08 00:00:00+08:00,10.58,11.2,10.58,11.05,25681837,0.0,0.0
2008-08-11 00:00:00+08:00,11.2,11.38,11.13,11.28,12789681,0.0,0.0
2008-08-12 00:00:00+08:00,11.28,11.48,11.18,11.42,19092575,0.0,0.0
2008-08-13 00:00:00+08:00,11.36,11.4,11.17,11.32,13725991,0.0,0.0
2008-08-14 00:00:00+08:00,11.32,11.52,11.2,11.22,17340679,0.0,0.0
2008-08-15 00:00:00+08:00,11.4,11.5,11.07,11.11,25486714,0.0,0.0
2008-08-18 00:00:00+08:00,10.97,10.97,10.42,10.44,55282980,0.0,0.0
2008-08-19 00:00:00+08:00,10.22,10.48,10.22,10.46,38919319,0.0,0.0
2008-08-20 00:00:00+08:00,10.42,10.61,10.28,10.54,16863400,0.0,0.0
2008-08-21 00:00:00+08:00,10.32,10.48,10.32,10.34,15562112,0.0,0.0
2008-08-22 00:00:00+08:00,10.5,10.61,10.24,10.42,15901823,0.0,0.0
2008-08-25 00:00:00+08:00,10.46,10.67,10.38,10.65,10879160,0.0,0.0
2008-08-26 00:00:00+08:00,10.46,10.54,10.46,10.48,6907915,0.0,0.0
2008-08-27 00:00:00+08:00,10.38,10.69,10.38,10.6,17806729,0.0,0.0
2008-08-28 00:00:00+08:00,10.65,10.69,10.5,10.65,17464211,0.0,0.0
2008-08-29 00:00:00+08:00,10.79,10.85,10.5,10.52,16829710,0.0,0.0
2008-09-01 00:00:00+08:00,10.58,10.58,10.34,10.4,22081186,0.0,0.0
2008-09-02 00:00:00+08:00,10.42,10.48,10.24,10.24,10397669,0.0,0.0
2008-09-03 00:00:00+08:00,10.38,10.46,10.06,10.26,27397235,0.0,0.0
2008-09-04 00:00:00+08:00,10.26,10.26,9.85,9.89,25629898,0.0,0.0
2008-09-05 00:00:00+08:00,9.61,9.87,9.57,9.67,32871909,0.0,0.0
2008-09-08 00:00:00+08:00,10.34,10.34,10.34,10.34,6446078,0.0,0.0
2008-09-09 00:00:00+08:00,10.61,10.61,10.3,10.4,46256786,0.0,0.0
2008-09-10 00:00:00+08:00,10.42,10.87,10.4,10.69,47827597,0.0,0.0
2008-09-11 00:00:00+08:00,10.71,10.71,10.08,10.36,74353096,0.0,0.0
2008-09-12 00:00:00+08:00,10.58,10.67,10.38,10.61,23840101,0.0,0.0
2008-09-15 00:00:00+08:00,10.22,10.46,9.97,10.22,34493255,0.0,0.0
2008-09-16 00:00:00+08:00,9.51,9.57,9.51,9.51,73009695,0.0,0.0
2008-09-17 00:00:00+08:00,9.87,9.95,9.04,9.24,65903848,0.0,0.0
2008-09-18 00:00:00+08:00,8.69,8.79,8.61,8.61,16883053,0.0,0.0
2008-09-19 00:00:00+08:00,8.88,9.18,8.65,9.14,44977958,0.0,0.0
2008-09-22 00:00:00+08:00,9.32,9.44,8.96,9.2,47965165,0.0,0.0
2008-09-23 00:00:00+08:00,9.04,9.26,8.96,9.26,30609044,0.0,0.0
2008-09-24 00:00:00+08:00,9.28,9.49,9.08,9.47,35336917,0.0,0.0
2008-09-25 00:00:00+08:00,9.44,9.46,9.18,9.36,38641374,0.0,0.0
2008-09-26 00:00:00+08:00,9.47,9.59,9.28,9.51,55764471,0.0,0.0
2008-09-29 00:00:00+08:00,9.51,9.51,9.51,9.51,0,0.0,0.0
2008-09-30 00:00:00+08:00,8.87,8.92,8.87,8.87,53382285,0.0,0.0
2008-10-01 00:00:00+08:00,8.92,9.02,8.59,8.85,23563559,0.0,0.0
2008-10-02 00:00:00+08:00,8.85,8.98,8.61,8.85,29779420,0.0,0.0
2008-10-03 00:00:00+08:00,8.65,8.81,8.55,8.73,21113993,0.0,0.0
2008-10-06 00:00:00+08:00,8.45,8.45,8.12,8.12,22427915,0.0,0.0
2008-10-07 00:00:00+08:00,7.57,7.86,7.57,7.84,47869710,0.0,0.0
2008-10-08 00:00:00+08:00,7.31,7.55,7.31,7.31,32410071,0.0,0.0
2008-10-09 00:00:00+08:00,6.86,7.39,6.8,7.27,63751880,0.0,0.0
2008-10-13 00:00:00+08:00,7.04,7.06,7.04,7.04,22902387,0.0,0.0
2008-10-14 00:00:00+08:00,7.53,7.53,7.47,7.53,35400086,0.0,0.0
2008-10-15 00:00:00+08:00,7.53,7.61,7.35,7.51,32592561,0.0,0.0
2008-10-16 00:00:00+08:00,7.25,7.25,7.25,7.25,8256931,0.0,0.0
2008-10-17 00:00:00+08:00,7.1,7.19,7.02,7.02,17531591,0.0,0.0
2008-10-20 00:00:00+08:00,6.8,7.49,6.8,7.49,48278204,0.0,0.0
2008-10-21 00:00:00+08:00,7.94,8.0,7.76,8.0,44532966,0.0,0.0
2008-10-22 00:00:00+08:00,7.98,8.22,7.73,7.73,48101330,0.0,0.0
2008-10-23 00:00:00+08:00,7.47,7.55,7.47,7.47,12426106,0.0,0.0
2008-10-24 00:00:00+08:00,7.21,7.27,7.21,7.21,12383994,0.0,0.0
2008-10-27 00:00:00+08:00,6.72,6.86,6.72,6.72,17927452,0.0,0.0
2008-10-28 00:00:00+08:00,6.27,6.8,6.27,6.53,42752995,0.0,0.0
2008-10-29 00:00:00+08:00,6.98,6.98,6.82,6.88,54185238,0.0,0.0
2008-10-30 00:00:00+08:00,6.92,7.35,6.92,7.35,30652561,0.0,0.0
2008-10-31 00:00:00+08:00,7.43,7.86,7.41,7.86,92541648,0.0,0.0
2008-11-03 00:00:00+08:00,8.02,8.41,7.8,8.41,115723385,0.0,0.0
2008-11-04 00:00:00+08:00,8.37,8.37,7.86,8.06,77573327,0.0,0.0
2008-11-05 00:00:00+08:00,8.14,8.51,8.0,8.2,93536916,0.0,0.0
2008-11-06 00:00:00+08:00,7.63,7.84,7.63,7.74,61438479,0.0,0.0
2008-11-07 00:00:00+08:00,7.35,8.28,7.35,8.08,80574572,0.0,0.0
2008-11-10 00:00:00+08:00,8.06,8.35,7.9,8.26,59380563,0.0,0.0
2008-11-11 00:00:00+08:00,7.86,8.22,7.74,8.04,49103617,0.0,0.0
2008-11-12 00:00:00+08:00,8.02,8.26,7.92,8.16,56925382,0.0,0.0
2008-11-13 00:00:00+08:00,7.65,7.86,7.59,7.59,31055441,0.0,0.0
2008-11-14 00:00:00+08:00,7.67,7.78,7.47,7.51,37664355,0.0,0.0
2008-11-17 00:00:00+08:00,7.27,7.65,7.27,7.55,26202633,0.0,0.0
2008-11-18 00:00:00+08:00,7.63,7.67,7.37,7.63,45090259,0.0,0.0
2008-11-19 00:00:00+08:00,7.67,7.69,7.51,7.57,34226540,0.0,0.0
2008-11-20 00:00:00+08:00,7.19,7.39,7.06,7.06,20685846,0.0,0.0
2008-11-21 00:00:00+08:00,6.66,7.35,6.57,7.14,39638045843,0.0,0.0
2008-11-24 00:00:00+08:00,7.16,7.59,6.96,7.51,35981244,0.0,0.0
2008-11-25 00:00:00+08:00,8.02,8.02,7.57,7.63,53156280,0.0,0.0
2008-11-26 00:00:00+08:00,7.1,7.78,7.1,7.61,34748740,0.0,0.0
2008-11-27 00:00:00+08:00,7.08,8.14,7.08,8.14,104577509624,0.0,0.0
2008-11-28 00:00:00+08:00,8.14,8.14,7.74,7.84,47990433,0.0,0.0
2008-12-01 00:00:00+08:00,8.37,8.37,7.71,7.9,63541316,0.0,0.0
2008-12-02 00:00:00+08:00,7.47,7.84,7.47,7.63,48846728,0.0,0.0
2008-12-03 00:00:00+08:00,8.16,8.16,7.69,7.78,40213588,0.0,0.0
2008-12-04 00:00:00+08:00,8.31,8.31,7.61,7.61,37243226768,0.0,0.0
2008-12-05 00:00:00+08:00,8.14,8.14,7.55,7.63,15529826,0.0,0.0
2008-12-08 00:00:00+08:00,7.63,8.16,7.63,8.16,89941880,0.0,0.0
2008-12-09 00:00:00+08:00,7.59,8.49,7.59,8.3,78297669122,0.0,0.0
2008-12-10 00:00:00+08:00,7.73,8.75,7.73,8.71,68075469532,0.0,0.0
2008-12-11 00:00:00+08:00,9.32,9.32,8.65,8.96,78668262461,0.0,0.0
2008-12-12 00:00:00+08:00,9.57,9.57,8.35,8.35,46341012479,0.0,0.0
2008-12-15 00:00:00+08:00,8.92,8.92,8.35,8.49,65572560,0.0,0.0
2008-12-16 00:00:00+08:00,9.08,9.08,8.33,8.94,40325889,0.0,0.0
2008-12-17 00:00:00+08:00,8.33,9.26,8.33,8.88,44381359,0.0,0.0
2008-12-18 00:00:00+08:00,9.44,9.44,8.83,9.16,26465137,0.0,0.0
2008-12-19 00:00:00+08:00,9.79,9.79,9.26,9.26,43258349708,0.0,0.0
2008-12-22 00:00:00+08:00,9.83,9.83,8.67,8.67,42086207,0.0,0.0
2008-12-23 00:00:00+08:00,8.67,8.77,8.33,8.77,44323805,0.0,0.0
2008-12-24 00:00:00+08:00,8.47,8.81,8.47,8.79,20016251,0.0,0.0
2008-12-25 00:00:00+08:00,8.18,8.79,8.18,8.71,6896685881,0.0,0.0
2008-12-26 00:00:00+08:00,9.32,9.32,8.67,8.73,8661215527,0.0,0.0
2008-12-29 00:00:00+08:00,8.12,8.79,8.12,8.73,8169898601,0.0,0.0
2008-12-30 00:00:00+08:00,8.12,9.34,8.12,9.34,29087365793,0.0,0.0
2008-12-31 00:00:00+08:00,9.99,9.99,9.22,9.4,22413878173,0.0,0.0
2009-01-02 00:00:00+08:00,9.4,9.4,9.4,9.4,0,0.0,0.0
2009-01-05 00:00:00+08:00,9.4,10.04,9.4,9.69,39400809956,0.0,0.0
2009-01-06 00:00:00+08:00,9.02,9.83,9.02,9.4,44167987,0.0,0.0
2009-01-07 00:00:00+08:00,9.4,9.49,9.14,9.28,47438754,0.0,0.0
2009-01-08 00:00:00+08:00,8.65,9.18,8.65,8.75,38373255,0.0,0.0
2009-01-09 00:00:00+08:00,8.14,8.85,8.14,8.69,27005585,0.0,0.0
2009-01-12 00:00:00+08:00,9.04,9.04,8.06,8.12,37253053,0.0,0.0
2009-01-13 00:00:00+08:00,8.67,8.67,7.96,8.28,63559565,0.0,0.0
2009-01-14 00:00:00+08:00,8.85,8.85,8.3,8.55,34762778,0.0,0.0
2009-01-15 00:00:00+08:00,8.55,8.55,7.96,7.96,55945556,0.0,0.0
2009-01-16 00:00:00+08:00,8.51,8.51,7.84,8.0,51758132,0.0,0.0
2009-01-19 00:00:00+08:00,8.59,8.59,8.02,8.14,22609001181,0.0,0.0
2009-01-20 00:00:00+08:00,8.69,8.69,7.92,7.92,31557988,0.0,0.0
2009-01-21 00:00:00+08:00,7.37,8.04,7.37,7.94,36743487,0.0,0.0
2009-02-02 00:00:00+08:00,8.49,8.49,7.67,7.71,30780303,0.0,0.0
2009-02-03 00:00:00+08:00,8.24,8.24,7.8,8.08,34028610,0.0,0.0
2009-02-04 00:00:00+08:00,7.53,8.22,7.53,8.18,24042242,0.0,0.0
2009-02-05 00:00:00+08:00,8.75,8.75,8.1,8.18,19259623,0.0,0.0
2009-02-06 00:00:00+08:00,8.75,8.75,8.18,8.26,36372893,0.0,0.0
2009-02-09 00:00:00+08:00,7.69,8.63,7.69,8.12,41961273,0.0,0.0
2009-02-10 00:00:00+08:00,8.67,8.67,8.22,8.41,28914702,0.0,0.0
2009-02-11 00:00:00+08:00,8.98,8.98,8.22,8.45,27489883,0.0,0.0
2009-02-12 00:00:00+08:00,9.04,9.04,8.2,8.2,44391186,0.0,0.0
2009-02-13 00:00:00+08:00,7.63,8.45,7.63,8.37,28454268,0.0,0.0
2009-02-16 00:00:00+08:00,8.94,8.94,8.2,8.22,20483704,0.0,0.0
2009-02-17 00:00:00+08:00,7.65,8.79,7.65,7.94,33290231,0.0,0.0
2009-02-18 00:00:00+08:00,7.39,8.04,7.39,8.0,25154022,0.0,0.0
2009-02-19 00:00:00+08:00,7.45,8.02,7.45,7.92,39864051,0.0,0.0
2009-02-20 00:00:00+08:00,8.47,8.47,7.73,7.73,29842590,0.0,0.0
2009-02-23 00:00:00+08:00,7.73,8.26,7.27,7.31,79676164,0.0,0.0
2009-02-24 00:00:00+08:00,6.8,7.43,6.8,7.33,48668450,0.0,0.0
2009-02-25 00:00:00+08:00,7.84,7.84,7.47,7.59,64323211,0.0,0.0
2009-02-26 00:00:00+08:00,7.06,7.73,7.06,7.43,37863689,0.0,0.0
2009-02-27 00:00:00+08:00,6.92,7.55,6.92,7.43,29268451,0.0,0.0
2009-03-02 00:00:00+08:00,7.94,7.94,6.92,6.92,58247727,0.0,0.0
2009-03-03 00:00:00+08:00,6.45,6.76,6.45,6.66,79043067,0.0,0.0
2009-03-04 00:00:00+08:00,6.21,6.7,6.21,6.6,82795324,0.0,0.0
2009-03-05 00:00:00+08:00,7.06,7.06,6.76,6.86,86268233,0.0,0.0
2009-03-06 00:00:00+08:00,7.33,7.33,6.68,6.8,32616425,0.0,0.0
2009-03-09 00:00:00+08:00,7.27,7.27,6.6,6.64,37754196,0.0,0.0
2009-03-10 00:00:00+08:00,7.1,7.1,6.7,6.92,40585585,0.0,0.0
2009-03-11 00:00:00+08:00,7.39,7.39,7.1,7.16,88714991,0.0,0.0
2009-03-12 00:00:00+08:00,7.65,7.65,6.84,6.88,61700983,0.0,0.0
2009-03-13 00:00:00+08:00,7.35,7.35,6.41,7.12,91205266,0.0,0.0
2009-03-16 00:00:00+08:00,7.61,7.61,7.06,7.21,59871880,0.0,0.0
2009-03-17 00:00:00+08:00,7.71,7.71,7.33,7.47,76022169,0.0,0.0
2009-03-18 00:00:00+08:00,6.96,7.59,6.96,7.59,54324210,0.0,0.0
2009-03-19 00:00:00+08:00,7.06,7.98,7.06,7.73,95431995,0.0,0.0
2009-03-20 00:00:00+08:00,8.26,8.26,7.47,7.67,58160693,0.0,0.0
2009-03-23 00:00:00+08:00,7.67,7.78,7.59,7.76,65044745,0.0,0.0
2009-03-24 00:00:00+08:00,7.76,8.08,7.76,8.02,77093240,0.0,0.0
2009-03-25 00:00:00+08:00,7.47,8.16,7.47,8.06,52064152,0.0,0.0
2009-03-26 00:00:00+08:00,8.61,8.61,7.92,8.24,56039608,0.0,0.0
2009-03-27 00:00:00+08:00,8.24,8.61,8.24,8.41,77313631,0.0,0.0
2009-03-30 00:00:00+08:00,8.41,8.41,7.84,7.9,45598422,0.0,0.0
2009-03-31 00:00:00+08:00,7.9,8.12,7.9,8.04,38350795,0.0,0.0
2009-04-02 00:00:00+08:00,8.61,8.87,8.57,8.87,93483573,0.0,0.0
2009-04-03 00:00:00+08:00,8.26,9.47,8.26,9.47,111535961,0.0,0.0
2009-04-06 00:00:00+08:00,8.83,10.12,8.83,9.93,210113789,0.0,0.0
2009-04-07 00:00:00+08:00,10.61,10.61,9.67,9.83,82817784,0.0,0.0
2009-04-08 00:00:00+08:00,9.14,10.22,9.14,9.26,170691922,0.0,0.0
2009-04-09 00:00:00+08:00,8.65,9.89,8.65,9.89,108193602,0.0,0.0
2009-04-10 00:00:00+08:00,10.54,10.58,10.12,10.42,95732401,0.0,0.0
2009-04-13 00:00:00+08:00,9.69,10.48,9.69,10.4,67147582,0.0,0.0
2009-04-14 00:00:00+08:00,11.13,11.13,10.04,10.26,38943183,0.0,0.0
2009-04-15 00:00:00+08:00,9.55,10.3,9.55,10.18,48761099,0.0,0.0
2009-04-16 00:00:00+08:00,10.89,10.89,10.4,10.73,79785657,0.0,0.0
2009-04-17 00:00:00+08:00,9.99,10.77,9.99,9.99,95972444,0.0,0.0
2009-04-20 00:00:00+08:00,9.3,10.18,9.3,9.87,67561692,0.0,0.0
2009-04-21 00:00:00+08:00,9.87,10.12,9.18,10.12,74141127,0.0,0.0
2009-04-22 00:00:00+08:00,10.83,10.83,9.83,9.89,44697206,0.0,0.0
2009-04-23 00:00:00+08:00,9.2,9.83,9.2,9.67,45719145,0.0,0.0
2009-04-24 00:00:00+08:00,9.0,10.26,9.0,9.99,64936656,0.0,0.0
2009-04-27 00:00:00+08:00,10.67,10.67,9.36,9.44,58917322,0.0,0.0
2009-04-28 00:00:00+08:00,8.79,9.71,8.79,9.38,58343183,0.0,0.0
2009-04-29 00:00:00+08:00,8.73,9.57,8.73,9.46,44490853,0.0,0.0
2009-04-30 00:00:00+08:00,10.1,10.1,10.1,10.1,28584818,0.0,0.0
2009-05-04 00:00:00+08:00,10.79,10.79,10.79,10.79,16499826,0.0,0.0
2009-05-05 00:00:00+08:00,11.54,11.54,11.54,11.54,53856757,0.0,0.0
2009-05-06 00:00:00+08:00,12.34,12.34,11.54,12.34,257184758,0.0,0.0
2009-05-07 00:00:00+08:00,11.5,12.74,11.5,12.56,159509549,0.0,0.0
2009-05-08 00:00:00+08:00,13.43,13.43,11.91,12.13,85104514,0.0,0.0
2009-05-11 00:00:00+08:00,12.97,12.97,11.28,12.5,73976887,0.0,0.0
2009-05-12 00:00:00+08:00,11.64,12.23,11.64,11.79,53326135,0.0,0.0
2009-05-13 00:00:00+08:00,12.58,12.58,11.58,11.75,58124196,0.0,0.0
2009-05-14 00:00:00+08:00,10.95,11.64,10.95,11.4,40003024,0.0,0.0
2009-05-15 00:00:00+08:00,11.91,12.07,11.64,11.95,60095078,0.0,0.0
2009-05-18 00:00:00+08:00,11.95,12.19,11.79,12.19,48108349,0.0,0.0
2009-05-19 00:00:00+08:00,12.19,13.01,12.11,12.34,92587972,0.0,0.0
2009-05-20 00:00:00+08:00,12.34,12.6,12.11,12.19,72932488,0.0,0.0
2009-05-21 00:00:00+08:00,12.19,12.27,11.79,11.95,66052647,0.0,0.0
2009-05-22 00:00:00+08:00,12.78,12.78,11.79,11.99,44874080,0.0,0.0
2009-05-25 00:00:00+08:00,12.82,12.82,11.91,11.99,44780028,0.0,0.0
2009-05-26 00:00:00+08:00,11.99,12.19,11.6,11.68,49770404,0.0,0.0
2009-05-27 00:00:00+08:00,11.68,12.42,11.68,12.4,77973399,0.0,0.0
2009-06-01 00:00:00+08:00,11.54,12.58,11.54,12.46,73297466,0.0,0.0
2009-06-02 00:00:00+08:00,12.46,13.01,12.31,12.54,96497451,0.0,0.0
2009-06-03 00:00:00+08:00,13.41,13.41,12.11,12.31,38858957,0.0,0.0
2009-06-04 00:00:00+08:00,13.15,13.15,11.81,11.97,54901157,0.0,0.0
2009-06-05 00:00:00+08:00,12.8,12.8,11.85,11.97,30776092,0.0,0.0
2009-06-08 00:00:00+08:00,11.42,12.42,11.42,11.75,39138306,0.0,0.0
2009-06-09 00:00:00+08:00,12.56,12.56,11.01,11.03,74560852,0.0,0.0
2009-06-10 00:00:00+08:00,11.03,11.79,11.03,11.2,53529680,0.0,0.0
2009-06-11 00:00:00+08:00,11.2,11.62,11.18,11.62,60926106,0.0,0.0
2009-06-12 00:00:00+08:00,11.58,11.6,11.28,11.4,33725397,0.0,0.0
2009-06-15 00:00:00+08:00,11.24,11.68,11.13,11.2,57854673,0.0,0.0
2009-06-16 00:00:00+08:00,11.44,11.52,11.11,11.44,55299825,0.0,0.0
2009-06-17 00:00:00+08:00,11.52,12.23,11.46,11.93,105529260,0.0,0.0
2009-06-18 00:00:00+08:00,11.95,12.07,11.62,11.97,53466511,0.0,0.0
2009-06-19 00:00:00+08:00,12.03,12.19,11.99,12.11,46661070,0.0,0.0
2009-06-22 00:00:00+08:00,12.11,12.17,11.85,12.03,31278639,0.0,0.0
2009-06-23 00:00:00+08:00,11.72,11.91,11.7,11.7,33366034,0.0,0.0
2009-06-24 00:00:00+08:00,11.7,12.5,11.64,12.31,140661228,0.0,0.0
2009-06-25 00:00:00+08:00,12.32,12.66,12.15,12.48,122855903,0.0,0.0
2009-06-26 00:00:00+08:00,12.56,12.62,12.38,12.38,56831330,0.0,0.0
2009-06-29 00:00:00+08:00,12.66,12.7,12.25,12.25,54188045,0.0,0.0
2009-06-30 00:00:00+08:00,12.5,12.6,11.99,12.07,54269463,0.0,0.0
2009-07-01 00:00:00+08:00,12.34,12.5,12.15,12.46,29640448,0.0,0.0
2009-07-02 00:00:00+08:00,12.23,12.64,12.23,12.52,42254659,0.0,0.0
2009-07-03 00:00:00+08:00,12.58,12.74,12.38,12.46,50376830,0.0,0.0
2009-07-06 00:00:00+08:00,12.58,12.76,12.44,12.7,65944557,0.0,0.0
2009-07-07 00:00:00+08:00,12.78,12.82,12.6,12.6,49520534,0.0,0.0
2009-07-08 00:00:00+08:00,12.58,12.66,12.42,12.58,33524659,0.0,0.0
2009-07-09 00:00:00+08:00,12.68,13.45,12.62,13.11,149224180,0.0,0.0
2009-07-10 00:00:00+08:00,13.11,13.17,12.86,12.97,42213950,0.0,0.0
2009-07-13 00:00:00+08:00,12.93,12.97,12.07,12.07,102827017,0.0,0.0
2009-07-14 00:00:00+08:00,12.07,12.27,12.05,12.19,46152908,0.0,0.0
2009-07-15 00:00:00+08:00,12.31,12.68,12.27,12.46,56362474,0.0,0.0
2009-07-16 00:00:00+08:00,12.78,12.97,12.54,12.6,57027857,0.0,0.0
2009-07-17 00:00:00+08:00,12.7,12.9,12.5,12.9,33102126,0.0,0.0
2009-07-20 00:00:00+08:00,13.21,13.29,13.01,13.19,57948725,0.0,0.0
2009-07-21 00:00:00+08:00,13.33,13.37,13.01,13.19,44697206,0.0,0.0
2009-07-22 00:00:00+08:00,13.33,13.84,13.33,13.68,105603660,0.0,0.0
2009-07-23 00:00:00+08:00,13.56,13.68,13.25,13.5,41621562,0.0,0.0
2009-07-24 00:00:00+08:00,13.6,13.64,13.29,13.29,33778740,0.0,0.0
2009-07-27 00:00:00+08:00,13.37,13.48,13.17,13.37,27936280,0.0,0.0
2009-07-28 00:00:00+08:00,13.41,13.72,13.41,13.56,32351113,0.0,0.0
2009-07-29 00:00:00+08:00,13.76,13.8,13.41,13.41,34802083,0.0,0.0
2009-07-30 00:00:00+08:00,13.52,13.52,13.15,13.37,35939131,0.0,0.0
2009-07-31 00:00:00+08:00,13.45,13.52,13.17,13.23,26960665,0.0,0.0
2009-08-03 00:00:00+08:00,13.17,13.47,13.13,13.41,22707264,0.0,0.0
2009-08-04 00:00:00+08:00,13.58,13.6,13.01,13.17,51687944,0.0,0.0
2009-08-05 00:00:00+08:00,13.37,13.39,12.82,13.03,36563805,0.0,0.0
2009-08-06 00:00:00+08:00,13.33,13.48,13.17,13.45,51697770,0.0,0.0
2009-08-07 00:00:00+08:00,13.45,13.45,13.45,13.45,0,0.0,0.0
2009-08-10 00:00:00+08:00,13.33,13.45,13.17,13.17,27739753,0.0,0.0
2009-08-11 00:00:00+08:00,13.41,13.45,12.66,12.78,81157133,0.0,0.0
2009-08-12 00:00:00+08:00,12.38,12.6,12.36,12.42,92745194,0.0,0.0
2009-08-13 00:00:00+08:00,12.5,12.72,12.5,12.64,59268262,0.0,0.0
2009-08-14 00:00:00+08:00,12.7,12.84,12.52,12.58,36393950,0.0,0.0
2009-08-17 00:00:00+08:00,12.58,12.6,12.38,12.38,20654963,0.0,0.0
2009-08-18 00:00:00+08:00,12.31,12.38,12.05,12.13,31075093,0.0,0.0
2009-08-19 00:00:00+08:00,12.19,12.27,12.11,12.15,16682315,0.0,0.0
2009-08-20 00:00:00+08:00,12.15,12.15,11.79,11.99,32314616,0.0,0.0
2009-08-21 00:00:00+08:00,12.11,12.19,11.79,11.79,42286945,0.0,0.0
2009-08-24 00:00:00+08:00,12.03,12.34,11.99,12.17,45612459,0.0,0.0
2009-08-25 00:00:00+08:00,12.13,12.17,11.99,11.99,26467944,0.0,0.0
2009-08-26 00:00:00+08:00,11.89,12.05,11.79,11.87,21483183,0.0,0.0
2009-08-27 00:00:00+08:00,11.79,12.15,11.79,11.87,35155831,0.0,0.0
2009-08-28 00:00:00+08:00,11.87,12.27,11.87,12.19,28848726,0.0,0.0
2009-08-31 00:00:00+08:00,12.19,12.34,11.91,12.09,18928335,0.0,0.0
2009-09-01 00:00:00+08:00,11.99,12.31,11.97,12.23,43525064,0.0,0.0
2009-09-02 00:00:00+08:00,12.19,12.58,12.09,12.42,42642097,0.0,0.0
2009-09-03 00:00:00+08:00,12.5,12.82,12.34,12.74,48405947,0.0,0.0
2009-09-04 00:00:00+08:00,12.9,12.93,12.7,12.82,43240100,0.0,0.0
2009-09-07 00:00:00+08:00,12.97,13.17,12.88,12.97,44864254,0.0,0.0
2009-09-08 00:00:00+08:00,13.17,13.27,12.95,13.15,59495672,0.0,0.0
2009-09-09 00:00:00+08:00,13.29,13.39,13.13,13.17,46161330,0.0,0.0
2009-09-10 00:00:00+08:00,14.07,14.07,13.7,13.88,171360113,0.0,0.0
2009-09-11 00:00:00+08:00,13.72,13.96,13.72,13.9,55156641,0.0,0.0
2009-09-14 00:00:00+08:00,13.76,13.88,13.37,13.48,55868349,0.0,0.0
2009-09-15 00:00:00+08:00,13.48,13.84,13.33,13.72,44464181,0.0,0.0
2009-09-16 00:00:00+08:00,14.0,14.04,13.84,14.0,45712126,0.0,0.0
2009-09-17 00:00:00+08:00,14.15,14.23,13.82,13.92,74266062,0.0,0.0
2009-09-18 00:00:00+08:00,13.9,14.07,13.78,13.96,26293878,0.0,0.0
2009-09-21 00:00:00+08:00,13.96,14.07,13.78,13.8,22773241,0.0,0.0
2009-09-22 00:00:00+08:00,13.86,14.07,13.84,13.86,30524818,0.0,0.0
2009-09-23 00:00:00+08:00,13.86,13.9,13.37,13.48,38071446,0.0,0.0
2009-09-24 00:00:00+08:00,13.47,13.54,13.35,13.37,21631982,0.0,0.0
2009-09-25 00:00:00+08:00,13.37,14.11,13.37,14.09,78967263,0.0,0.0
2009-09-28 00:00:00+08:00,14.05,14.07,13.76,13.88,21302098,0.0,0.0
2009-09-29 00:00:00+08:00,14.05,14.19,13.94,14.07,40846685,0.0,0.0
2009-09-30 00:00:00+08:00,14.23,14.35,14.19,14.27,49559840,0.0,0.0
2009-10-01 00:00:00+08:00,14.68,15.25,14.59,14.62,102664181,0.0,0.0
2009-10-02 00:00:00+08:00,14.35,14.72,14.31,14.66,47079391,0.0,0.0
2009-10-05 00:00:00+08:00,14.82,14.82,14.61,14.82,39252011,0.0,0.0
2009-10-06 00:00:00+08:00,14.74,15.31,14.49,15.1,94783457,0.0,0.0
2009-10-07 00:00:00+08:00,15.33,15.53,15.23,15.41,88175946,0.0,0.0
2009-10-08 00:00:00+08:00,15.41,15.47,14.96,14.98,56387741,0.0,0.0
2009-10-09 00:00:00+08:00,15.33,15.73,15.31,15.45,59224746,0.0,0.0
2009-10-12 00:00:00+08:00,15.45,15.47,15.21,15.35,31198624,0.0,0.0
2009-10-13 00:00:00+08:00,14.94,15.47,14.94,15.43,47444369,0.0,0.0
2009-10-14 00:00:00+08:00,15.51,15.53,15.16,15.21,59575686,0.0,0.0
2009-10-15 00:00:00+08:00,15.45,15.51,15.14,15.21,45194138,0.0,0.0
2009-10-16 00:00:00+08:00,15.21,15.41,15.18,15.25,30166859,0.0,0.0
2009-10-19 00:00:00+08:00,15.37,15.37,15.16,15.25,18222242,0.0,0.0
2009-10-20 00:00:00+08:00,15.41,15.55,15.33,15.45,39765788,0.0,0.0
2009-10-21 00:00:00+08:00,15.53,15.69,15.29,15.39,38242705,0.0,0.0
2009-10-22 00:00:00+08:00,15.43,15.57,15.19,15.23,32367959,0.0,0.0
2009-10-23 00:00:00+08:00,15.29,15.41,15.25,15.41,20986251,0.0,0.0
2009-10-26 00:00:00+08:00,15.59,15.9,15.53,15.55,43067437,0.0,0.0
2009-10-27 00:00:00+08:00,15.41,15.53,15.29,15.51,22147163,0.0,0.0
2009-10-28 00:00:00+08:00,15.49,15.65,15.16,15.18,25796946,0.0,0.0
2009-10-29 00:00:00+08:00,14.66,14.88,14.15,14.51,81602126,0.0,0.0
2009-10-30 00:00:00+08:00,14.78,14.78,14.49,14.51,28038755,0.0,0.0
2009-11-02 00:00:00+08:00,14.15,14.66,14.11,14.66,24025397,0.0,0.0
2009-11-03 00:00:00+08:00,14.82,15.06,14.78,15.04,36874037,0.0,0.0
2009-11-04 00:00:00+08:00,15.14,15.29,15.06,15.25,35036511,0.0,0.0
2009-11-05 00:00:00+08:00,15.33,15.33,15.04,15.23,28730810,0.0,0.0
2009-11-06 00:00:00+08:00,15.37,15.41,15.14,15.14,23018899,0.0,0.0
2009-11-09 00:00:00+08:00,15.49,15.61,15.27,15.31,37961953,0.0,0.0
2009-11-10 00:00:00+08:00,15.53,15.53,15.33,15.37,19932025,0.0,0.0
2009-11-11 00:00:00+08:00,15.37,15.57,15.29,15.47,26080506,0.0,0.0
2009-11-12 00:00:00+08:00,15.53,15.53,15.41,15.47,21686729,0.0,0.0
2009-11-13 00:00:00+08:00,15.23,15.33,15.16,15.21,33416569,0.0,0.0
2009-11-16 00:00:00+08:00,15.21,15.59,15.18,15.55,40209377,0.0,0.0
2009-11-17 00:00:00+08:00,15.69,15.8,15.02,15.1,90134195,0.0,0.0
2009-11-18 00:00:00+08:00,15.14,15.25,14.94,14.94,54338248,0.0,0.0
2009-11-19 00:00:00+08:00,14.94,15.14,14.94,15.0,28551128,0.0,0.0
2009-11-20 00:00:00+08:00,15.0,15.02,14.62,14.68,40445209,0.0,0.0
2009-11-23 00:00:00+08:00,14.7,14.84,14.55,14.61,30303024,0.0,0.0
2009-11-24 00:00:00+08:00,14.66,14.78,14.55,14.64,39593125,0.0,0.0
2009-11-25 00:00:00+08:00,14.62,15.0,14.57,14.8,64334442,0.0,0.0
2009-11-26 00:00:00+08:00,14.82,14.94,14.78,14.82,42730534,0.0,0.0
2009-11-27 00:00:00+08:00,14.55,14.55,14.13,14.13,86880273,0.0,0.0
2009-11-30 00:00:00+08:00,14.35,14.47,14.21,14.35,30419536,0.0,0.0
2009-12-01 00:00:00+08:00,14.43,14.7,14.29,14.66,24996801,0.0,0.0
2009-12-02 00:00:00+08:00,14.94,14.94,14.74,14.74,33492372,0.0,0.0
2009-12-03 00:00:00+08:00,14.94,15.06,14.76,14.78,35794543,0.0,0.0
2009-12-04 00:00:00+08:00,14.74,14.82,14.59,14.59,17406656,0.0,0.0
2009-12-07 00:00:00+08:00,14.64,14.82,14.59,14.72,24196656,0.0,0.0
2009-12-08 00:00:00+08:00,14.82,14.82,14.66,14.76,15562112,0.0,0.0
2009-12-09 00:00:00+08:00,14.76,14.78,14.66,14.76,13136410,0.0,0.0
2009-12-10 00:00:00+08:00,14.86,14.98,14.27,14.45,39531359,0.0,0.0
2009-12-11 00:00:00+08:00,14.55,14.62,14.45,14.62,25217192,0.0,0.0
2009-12-14 00:00:00+08:00,14.55,14.7,14.47,14.66,19764978,0.0,0.0
2009-12-15 00:00:00+08:00,14.66,14.88,14.66,14.88,31183183,0.0,0.0
2009-12-16 00:00:00+08:00,14.7,14.74,14.53,14.57,35026685,0.0,0.0
2009-12-17 00:00:00+08:00,14.66,14.8,14.57,14.64,24687973,0.0,0.0
2009-12-18 00:00:00+08:00,14.55,14.68,14.51,14.66,14992185,0.0,0.0
2009-12-21 00:00:00+08:00,14.74,14.86,14.66,14.84,25138581,0.0,0.0
2009-12-22 00:00:00+08:00,14.94,15.06,14.82,14.94,41545759,0.0,0.0
2009-12-23 00:00:00+08:00,15.06,15.1,14.88,14.96,26570419,0.0,0.0
2009-12-24 00:00:00+08:00,14.98,15.06,14.9,14.96,26195614,0.0,0.0
2009-12-25 00:00:00+08:00,15.02,15.14,14.98,15.0,19245585,0.0,0.0
2009-12-28 00:00:00+08:00,15.02,15.33,15.02,15.25,51205050,0.0,0.0
2009-12-29 00:00:00+08:00,15.55,15.67,15.19,15.19,44496468,0.0,0.0
2009-12-30 00:00:00+08:00,15.19,15.41,15.16,15.33,28882416,0.0,0.0
2009-12-31 00:00:00+08:00,15.51,15.51,15.31,15.45,34180216,0.0,0.0
2010-01-04 00:00:00+08:00,15.53,15.57,15.23,15.41,27933472,0.0,0.0
2010-01-05 00:00:00+08:00,15.57,15.59,15.41,15.51,30444804,0.0,0.0
2010-01-06 00:00:00+08:00,15.61,16.02,15.47,16.0,65338132,0.0,0.0
2010-01-07 00:00:00+08:00,16.08,16.1,15.65,15.75,49089579,0.0,0.0
2010-01-08 00:00:00+08:00,15.75,16.0,15.57,15.82,31633791,0.0,0.0
2010-01-11 00:00:00+08:00,15.82,16.04,15.73,15.73,37126714,0.0,0.0
2010-01-12 00:00:00+08:00,15.92,15.94,15.57,15.63,42675788,0.0,0.0
2010-01-13 00:00:00+08:00,15.49,15.49,15.23,15.25,48539304,0.0,0.0
2010-01-14 00:00:00+08:00,15.45,15.45,15.23,15.31,29070520,0.0,0.0
2010-01-15 00:00:00+08:00,15.33,15.57,15.29,15.41,35154427,0.0,0.0
2010-01-18 00:00:00+08:00,15.29,15.45,15.21,15.37,18341562,0.0,0.0
2010-01-19 00:00:00+08:00,15.47,15.59,15.21,15.31,30844876,0.0,0.0
2010-01-20 00:00:00+08:00,15.39,15.39,15.04,15.06,39625411,0.0,0.0
2010-01-21 00:00:00+08:00,15.04,15.21,15.02,15.06,25016454,0.0,0.0
2010-01-22 00:00:00+08:00,14.88,14.92,14.66,14.66,30981041,0.0,0.0
2010-01-25 00:00:00+08:00,14.64,14.8,14.53,14.62,19172590,0.0,0.0
2010-01-26 00:00:00+08:00,14.74,14.74,14.15,14.23,41801244,0.0,0.0
2010-01-27 00:00:00+08:00,14.33,14.51,14.21,14.35,19496859,0.0,0.0
2010-01-28 00:00:00+08:00,14.62,14.94,14.47,14.68,29672734,0.0,0.0
2010-01-29 00:00:00+08:00,14.55,14.78,14.37,14.7,22826584,0.0,0.0
2010-02-01 00:00:00+08:00,14.94,14.94,14.57,14.57,30121938,0.0,0.0
2010-02-02 00:00:00+08:00,14.78,14.78,14.07,14.21,28980679,0.0,0.0
2010-02-03 00:00:00+08:00,14.27,14.41,14.15,14.17,35986859,0.0,0.0
2010-02-04 00:00:00+08:00,14.23,14.23,14.04,14.05,28795383,0.0,0.0
2010-02-05 00:00:00+08:00,13.76,13.76,13.07,13.17,76788624,0.0,0.0
2010-02-08 00:00:00+08:00,12.58,13.01,12.58,12.9,22832199,0.0,0.0
2010-02-09 00:00:00+08:00,13.09,13.33,12.95,13.33,30095267,0.0,0.0
2010-02-10 00:00:00+08:00,13.56,13.68,13.52,13.62,26105773,0.0,0.0
2010-02-22 00:00:00+08:00,14.15,14.17,13.96,14.07,51876048,0.0,0.0
2010-02-23 00:00:00+08:00,13.92,13.96,13.56,13.66,38892647,0.0,0.0
2010-02-24 00:00:00+08:00,13.56,14.05,13.56,13.84,39452749,0.0,0.0
2010-02-25 00:00:00+08:00,14.07,14.07,13.68,13.86,40129362,0.0,0.0
2010-02-26 00:00:00+08:00,13.96,14.13,13.92,13.96,29247394,0.0,0.0
2010-03-01 00:00:00+08:00,14.15,14.33,14.0,14.21,19498263,0.0,0.0
2010-03-02 00:00:00+08:00,14.51,14.51,14.21,14.33,23813429,0.0,0.0
2010-03-03 00:00:00+08:00,14.43,14.57,14.41,14.51,28372850,0.0,0.0
2010-03-04 00:00:00+08:00,14.55,14.55,14.19,14.21,21428436,0.0,0.0
2010-03-05 00:00:00+08:00,14.43,14.59,14.39,14.49,25100679,0.0,0.0
2010-03-08 00:00:00+08:00,14.55,14.64,14.51,14.53,17744963,0.0,0.0
2010-03-09 00:00:00+08:00,14.55,14.59,14.49,14.59,11091128,0.0,0.0
2010-03-10 00:00:00+08:00,14.7,15.06,14.7,15.06,39945469,0.0,0.0
2010-03-11 00:00:00+08:00,15.14,15.14,14.84,15.0,33927539,0.0,0.0
2010-03-12 00:00:00+08:00,15.06,15.06,14.96,14.96,18084674,0.0,0.0
2010-03-15 00:00:00+08:00,14.98,14.98,14.64,14.88,22785875,0.0,0.0
2010-03-16 00:00:00+08:00,14.94,15.14,14.9,15.14,20159435,0.0,0.0
2010-03-17 00:00:00+08:00,15.25,15.25,15.14,15.23,30919276,0.0,0.0
2010-03-18 00:00:00+08:00,15.33,15.47,15.27,15.35,32334268,0.0,0.0
2010-03-19 00:00:00+08:00,15.39,15.41,15.19,15.25,31257582,0.0,0.0
2010-03-22 00:00:00+08:00,15.18,15.31,15.06,15.31,20151012,0.0,0.0
2010-03-23 00:00:00+08:00,15.41,15.63,15.33,15.37,41384326,0.0,0.0
2010-03-24 00:00:00+08:00,15.41,15.47,15.19,15.19,25104891,0.0,0.0
2010-03-25 00:00:00+08:00,15.16,15.27,14.82,15.18,24843791,0.0,0.0
2010-03-26 00:00:00+08:00,15.14,15.25,14.9,15.04,27769232,0.0,0.0
2010-03-29 00:00:00+08:00,15.14,15.43,15.14,15.39,22079782,0.0,0.0
2010-03-30 00:00:00+08:00,15.53,15.57,15.31,15.39,25502155,0.0,0.0
2010-03-31 00:00:00+08:00,15.04,15.27,15.02,15.18,17851649,0.0,0.0
2010-04-01 00:00:00+08:00,15.18,15.39,15.14,15.35,18792170,0.0,0.0
2010-04-02 00:00:00+08:00,15.35,15.45,15.25,15.33,12374167,0.0,0.0
2010-04-06 00:00:00+08:00,15.33,15.45,15.23,15.27,13346975,0.0,0.0
2010-04-07 00:00:00+08:00,15.29,15.37,15.18,15.25,15058161,0.0,0.0
2010-04-08 00:00:00+08:00,15.18,15.45,15.06,15.14,32373574,0.0,0.0
2010-04-09 00:00:00+08:00,15.29,15.33,15.1,15.16,16442271,0.0,0.0
2010-04-12 00:00:00+08:00,15.29,15.39,15.27,15.33,17326642,0.0,0.0
2010-04-13 00:00:00+08:00,15.33,15.33,15.16,15.16,14708625,0.0,0.0
2010-04-14 00:00:00+08:00,15.25,15.31,15.16,15.31,9740709,0.0,0.0
2010-04-15 00:00:00+08:00,15.35,15.39,15.16,15.29,20784109,0.0,0.0
2010-04-16 00:00:00+08:00,15.18,15.23,15.08,15.14,13918306,0.0,0.0
2010-04-19 00:00:00+08:00,14.74,14.92,14.55,14.57,27335470,0.0,0.0
2010-04-20 00:00:00+08:00,14.62,14.74,14.55,14.64,15296801,0.0,0.0
2010-04-21 00:00:00+08:00,14.74,14.86,14.66,14.74,12712474,0.0,0.0
2010-04-22 00:00:00+08:00,14.68,14.7,14.27,14.66,20645137,0.0,0.0
2010-04-23 00:00:00+08:00,14.66,14.76,14.55,14.68,13731606,0.0,0.0
2010-04-26 00:00:00+08:00,14.8,15.18,14.8,15.12,31998769,0.0,0.0
2010-04-27 00:00:00+08:00,15.12,15.19,15.06,15.18,12180448,0.0,0.0
2010-04-28 00:00:00+08:00,14.59,14.92,14.55,14.74,45662995,0.0,0.0
2010-04-29 00:00:00+08:00,14.78,14.9,14.78,14.78,27028045,0.0,0.0
2010-04-30 00:00:00+08:00,14.94,15.27,14.92,15.14,39671736,0.0,0.0
2010-05-03 00:00:00+08:00,15.14,15.14,14.94,15.02,11791606,0.0,0.0
2010-05-04 00:00:00+08:00,15.16,15.21,14.92,15.0,14815310,0.0,0.0
2010-05-05 00:00:00+08:00,14.72,15.0,14.72,14.8,35797351,0.0,0.0
2010-05-06 00:00:00+08:00,14.92,14.98,14.55,14.59,35186714,0.0,0.0
2010-05-07 00:00:00+08:00,14.19,14.41,14.15,14.25,59845209,0.0,0.0
2010-05-10 00:00:00+08:00,14.29,14.41,14.27,14.41,17478248,0.0,0.0
2010-05-11 00:00:00+08:00,14.55,14.96,14.49,14.7,48845325,0.0,0.0
2010-05-12 00:00:00+08:00,14.74,15.02,14.74,14.9,27298972,0.0,0.0
2010-05-13 00:00:00+08:00,15.14,15.33,15.08,15.18,33561157,0.0,0.0
2010-05-14 00:00:00+08:00,15.14,15.29,15.06,15.1,19463169,0.0,0.0
2010-05-17 00:00:00+08:00,14.86,14.94,14.72,14.84,20287177,0.0,0.0
2010-05-18 00:00:00+08:00,14.94,14.98,14.84,14.94,12621229,0.0,0.0
2010-05-19 00:00:00+08:00,14.86,15.06,14.68,14.98,21683921,0.0,0.0
2010-05-20 00:00:00+08:00,14.94,14.96,14.55,14.55,19324196,0.0,0.0
2010-05-21 00:00:00+08:00,14.17,14.27,13.96,14.19,36332184,0.0,0.0
2010-05-24 00:00:00+08:00,14.35,14.55,14.25,14.55,13669840,0.0,0.0
2010-05-25 00:00:00+08:00,14.27,14.35,14.11,14.15,26814674,0.0,0.0
2010-05-26 00:00:00+08:00,14.23,14.78,14.15,14.72,46781793,0.0,0.0
2010-05-27 00:00:00+08:00,14.7,14.7,14.39,14.59,23848523,0.0,0.0
2010-05-28 00:00:00+08:00,14.74,14.74,14.25,14.31,28445846,0.0,0.0
2010-05-31 00:00:00+08:00,14.31,14.43,14.27,14.43,13279594,0.0,0.0
2010-06-01 00:00:00+08:00,14.35,14.35,14.15,14.21,16475962,0.0,0.0
2010-06-02 00:00:00+08:00,14.11,14.33,14.11,14.25,21926772,0.0,0.0
2010-06-03 00:00:00+08:00,14.39,14.62,14.37,14.57,21688132,0.0,0.0
2010-06-04 00:00:00+08:00,14.7,14.7,14.47,14.49,5706295,0.0,0.0
2010-06-07 00:00:00+08:00,14.0,14.29,13.88,14.21,23764297,0.0,0.0
2010-06-08 00:00:00+08:00,14.15,14.27,13.88,13.98,30670810,0.0,0.0
2010-06-09 00:00:00+08:00,13.88,13.96,13.43,13.52,41931794,0.0,0.0
2010-06-10 00:00:00+08:00,13.56,13.6,13.33,13.5,44674746,0.0,0.0
2010-06-11 00:00:00+08:00,13.92,14.13,13.76,14.05,40944948,0.0,0.0
2010-06-14 00:00:00+08:00,14.33,14.45,14.29,14.43,25373009,0.0,0.0
2010-06-15 00:00:00+08:00,14.43,14.66,14.31,14.59,30255296,0.0,0.0
2010-06-17 00:00:00+08:00,14.59,14.7,14.57,14.66,22651114,0.0,0.0
2010-06-18 00:00:00+08:00,14.62,14.66,14.45,14.55,9872662,0.0,0.0
2010-06-21 00:00:00+08:00,14.78,14.94,14.72,14.88,29304949,0.0,0.0
2010-06-22 00:00:00+08:00,14.76,14.82,14.66,14.74,15253284,0.0,0.0
2010-06-23 00:00:00+08:00,14.57,14.62,14.49,14.53,14757756,0.0,0.0
2010-06-24 00:00:00+08:00,14.62,14.7,14.39,14.68,17229782,0.0,0.0
2010-06-25 00:00:00+08:00,14.55,14.76,14.51,14.55,25558306,0.0,0.0
2010-06-28 00:00:00+08:00,14.7,14.8,14.59,14.61,20063979,0.0,0.0
2010-06-29 00:00:00+08:00,14.78,14.9,14.59,14.62,31310925,0.0,0.0
2010-06-30 00:00:00+08:00,14.19,14.35,14.15,14.19,41133053,0.0,0.0
2010-07-01 00:00:00+08:00,14.19,14.27,14.15,14.17,4698393,0.0,0.0
2010-07-02 00:00:00+08:00,14.19,14.78,14.19,14.51,31155108,0.0,0.0
2010-07-05 00:00:00+08:00,14.61,14.86,14.53,14.72,29641852,0.0,0.0
2010-07-06 00:00:00+08:00,14.72,14.98,14.68,14.98,30492532,0.0,0.0
2010-07-07 00:00:00+08:00,14.86,15.1,14.7,15.1,23958017,0.0,0.0
2010-07-08 00:00:00+08:00,15.19,15.23,14.94,15.1,26535325,0.0,0.0
2010-07-09 00:00:00+08:00,15.23,15.23,15.0,15.18,25239652,0.0,0.0
2010-07-12 00:00:00+08:00,15.18,15.25,14.96,14.98,20482300,0.0,0.0
2010-07-13 00:00:00+08:00,14.98,15.14,14.94,15.14,25323878,0.0,0.0
2010-07-14 00:00:00+08:00,15.25,15.27,15.12,15.25,35706106,0.0,0.0
2010-07-15 00:00:00+08:00,15.14,15.25,15.14,15.21,20945542,0.0,0.0
2010-07-16 00:00:00+08:00,15.21,15.25,15.02,15.04,40954775,0.0,0.0
2010-07-19 00:00:00+08:00,15.02,15.23,14.94,15.1,20076613,0.0,0.0
2010-07-20 00:00:00+08:00,15.18,15.18,14.96,15.12,17370158,0.0,0.0
2010-07-21 00:00:00+08:00,15.21,15.25,14.94,15.02,19729883,0.0,0.0
2010-07-22 00:00:00+08:00,15.12,15.21,14.96,14.96,12784066,0.0,0.0
2010-07-23 00:00:00+08:00,15.14,15.21,15.06,15.16,14948668,0.0,0.0
2010-07-26 00:00:00+08:00,15.23,15.31,15.1,15.12,17917626,0.0,0.0
2010-07-27 00:00:00+08:00,15.12,15.12,15.02,15.02,9371519,0.0,0.0
2010-07-28 00:00:00+08:00,15.06,15.29,15.06,15.29,18896048,0.0,0.0
2010-07-29 00:00:00+08:00,15.41,15.57,15.27,15.53,34289710,0.0,0.0
2010-07-30 00:00:00+08:00,15.53,15.59,15.41,15.45,19426671,0.0,0.0
2010-08-02 00:00:00+08:00,15.61,15.8,15.61,15.73,48295050,0.0,0.0
2010-08-03 00:00:00+08:00,15.88,16.0,15.75,15.8,41629985,0.0,0.0
2010-08-04 00:00:00+08:00,15.92,16.04,15.84,16.0,40415730,0.0,0.0
2010-08-05 00:00:00+08:00,16.0,16.04,15.78,15.8,29595527,0.0,0.0
2010-08-06 00:00:00+08:00,15.8,15.84,15.67,15.73,28927336,0.0,0.0
2010-08-09 00:00:00+08:00,15.73,16.26,15.73,16.26,48838306,0.0,0.0
2010-08-10 00:00:00+08:00,16.35,16.37,16.16,16.2,70665411,0.0,0.0
2010-08-11 00:00:00+08:00,16.58,16.84,16.46,16.66,87597462,1.9,1.05
2010-08-12 00:00:00+08:00,16.46,16.64,16.33,16.6,23342567,0.0,0.0
2010-08-13 00:00:00+08:00,16.58,16.6,16.4,16.55,20018992,0.0,0.0
2010-08-16 00:00:00+08:00,16.6,16.91,16.35,16.77,28580607,0.0,0.0
2010-08-17 00:00:00+08:00,16.8,16.8,16.66,16.69,16361187,0.0,0.0
2010-08-18 00:00:00+08:00,16.77,16.77,16.44,16.51,28937564,0.0,0.0
2010-08-19 00:00:00+08:00,16.33,16.51,16.27,16.33,27454923,0.0,0.0
2010-08-20 00:00:00+08:00,16.33,16.51,16.27,16.33,16136585,0.0,0.0
2010-08-23 00:00:00+08:00,16.33,16.77,16.29,16.66,25878698,0.0,0.0
2010-08-24 00:00:00+08:00,16.77,16.77,16.49,16.51,15572406,0.0,0.0
2010-08-25 00:00:00+08:00,16.42,16.42,16.11,16.18,38737164,0.0,0.0
2010-08-26 00:00:00+08:00,16.18,16.2,15.98,16.09,22744965,0.0,0.0
2010-08-27 00:00:00+08:00,16.11,16.24,16.02,16.24,15318392,0.0,0.0
2010-08-30 00:00:00+08:00,16.49,16.58,16.4,16.44,24033753,0.0,0.0
2010-08-31 00:00:00+08:00,16.55,16.55,16.27,16.49,15088443,0.0,0.0
2010-09-01 00:00:00+08:00,16.64,16.64,16.55,16.58,17839817,0.0,0.0
2010-09-02 00:00:00+08:00,16.73,16.75,16.58,16.58,13207401,0.0,0.0
2010-09-03 00:00:00+08:00,16.64,16.73,16.58,16.64,15706098,0.0,0.0
2010-09-06 00:00:00+08:00,16.73,16.8,16.6,16.66,22265012,0.0,0.0
2010-09-07 00:00:00+08:00,16.73,16.73,16.46,16.6,16113858,0.0,0.0
2010-09-08 00:00:00+08:00,16.6,16.73,16.4,16.42,10565653,0.0,0.0
2010-09-09 00:00:00+08:00,16.55,16.55,16.33,16.35,11954710,0.0,0.0
2010-09-10 00:00:00+08:00,16.51,16.73,16.51,16.71,19422727,0.0,0.0
2010-09-13 00:00:00+08:00,16.86,17.33,16.82,17.28,57980744,0.0,0.0
2010-09-14 00:00:00+08:00,17.35,17.37,17.1,17.22,29405485,0.0,0.0
2010-09-15 00:00:00+08:00,17.28,17.57,17.24,17.52,35540596,0.0,0.0
2010-09-16 00:00:00+08:00,17.52,17.57,17.26,17.26,18056398,0.0,0.0
2010-09-17 00:00:00+08:00,17.44,17.57,17.3,17.48,27266418,0.0,0.0
2010-09-20 00:00:00+08:00,17.48,17.48,17.26,17.35,18190090,0.0,0.0
2010-09-21 00:00:00+08:00,17.57,17.57,17.24,17.41,16084446,0.0,0.0
2010-09-23 00:00:00+08:00,17.44,17.48,17.17,17.19,40876231,0.0,0.0
2010-09-24 00:00:00+08:00,17.19,17.24,17.04,17.15,32051243,0.0,0.0
2010-09-27 00:00:00+08:00,17.3,17.3,17.13,17.13,15768933,0.0,0.0
2010-09-28 00:00:00+08:00,17.22,17.24,16.99,17.04,20101881,0.0,0.0
2010-09-29 00:00:00+08:00,17.04,17.19,16.97,17.06,35078023,0.0,0.0
2010-09-30 00:00:00+08:00,17.04,17.08,16.88,16.97,26440203,0.0,0.0
2010-10-01 00:00:00+08:00,16.99,17.04,16.93,16.95,20162042,0.0,0.0
2010-10-04 00:00:00+08:00,16.95,17.24,16.77,17.06,44293390,0.0,0.0
2010-10-05 00:00:00+08:00,16.91,17.04,16.84,16.99,20242257,0.0,0.0
2010-10-06 00:00:00+08:00,17.17,17.3,17.08,17.15,25215587,0.0,0.0
2010-10-07 00:00:00+08:00,17.26,17.39,17.19,17.24,28008407,0.0,0.0
2010-10-08 00:00:00+08:00,17.39,17.39,16.86,16.91,32659540,0.0,0.0
2010-10-11 00:00:00+08:00,16.95,17.02,16.8,16.82,27438880,0.0,0.0
2010-10-12 00:00:00+08:00,16.77,16.8,16.58,16.64,28166163,0.0,0.0
2010-10-13 00:00:00+08:00,16.64,16.8,16.6,16.66,18088484,0.0,0.0
2010-10-14 00:00:00+08:00,16.77,16.95,16.66,16.75,27605995,0.0,0.0
2010-10-15 00:00:00+08:00,16.75,16.84,16.71,16.8,14918654,0.0,0.0
2010-10-18 00:00:00+08:00,16.77,16.77,16.44,16.6,25754365,0.0,0.0
2010-10-19 00:00:00+08:00,16.58,16.58,16.4,16.46,21461525,0.0,0.0
2010-10-20 00:00:00+08:00,16.38,16.51,16.33,16.46,15656632,0.0,0.0
2010-10-21 00:00:00+08:00,16.55,16.64,16.35,16.35,17315746,0.0,0.0
2010-10-22 00:00:00+08:00,16.35,16.44,16.33,16.38,16530976,0.0,0.0
2010-10-25 00:00:00+08:00,16.53,16.77,16.46,16.75,22801116,0.0,0.0
2010-10-26 00:00:00+08:00,16.75,16.82,16.64,16.77,14161959,0.0,0.0
2010-10-27 00:00:00+08:00,16.82,16.88,16.44,16.64,18609881,0.0,0.0
2010-10-28 00:00:00+08:00,16.73,16.82,16.44,16.73,33023182,0.0,0.0
2010-10-29 00:00:00+08:00,16.73,16.73,16.55,16.55,9935965,0.0,0.0
2010-11-01 00:00:00+08:00,16.77,16.91,16.71,16.8,19906691,0.0,0.0
2010-11-02 00:00:00+08:00,16.91,17.13,16.91,16.93,24647398,0.0,0.0
2010-11-03 00:00:00+08:00,17.04,17.04,16.73,16.84,19016304,0.0,0.0
2010-11-04 00:00:00+08:00,16.77,16.97,16.77,16.8,15212776,0.0,0.0
2010-11-05 00:00:00+08:00,17.13,17.15,17.02,17.13,39635572,0.0,0.0
2010-11-08 00:00:00+08:00,17.22,17.22,17.02,17.02,16976169,0.0,0.0
2010-11-09 00:00:00+08:00,17.04,17.13,16.93,17.06,13232802,0.0,0.0
2010-11-10 00:00:00+08:00,17.13,17.13,16.82,16.91,15256894,0.0,0.0
2010-11-11 00:00:00+08:00,16.91,17.06,16.84,17.04,14029604,0.0,0.0
2010-11-12 00:00:00+08:00,16.91,16.99,16.58,16.62,31703645,0.0,0.0
2010-11-15 00:00:00+08:00,16.58,16.6,16.46,16.51,14617848,0.0,0.0
2010-11-16 00:00:00+08:00,16.42,16.55,16.33,16.55,22123299,0.0,0.0
2010-11-17 00:00:00+08:00,16.53,16.53,16.33,16.35,31725035,0.0,0.0
2010-11-18 00:00:00+08:00,16.6,16.6,16.44,16.58,12318351,0.0,0.0
2010-11-19 00:00:00+08:00,16.69,16.69,16.35,16.46,17671366,0.0,0.0
2010-11-22 00:00:00+08:00,16.58,16.6,16.44,16.49,17224836,0.0,0.0
2010-11-23 00:00:00+08:00,16.55,16.55,16.38,16.4,14411963,0.0,0.0
2010-11-24 00:00:00+08:00,16.33,16.44,16.31,16.35,20962855,0.0,0.0
2010-11-25 00:00:00+08:00,16.35,16.51,16.35,16.46,13997518,0.0,0.0
2010-11-26 00:00:00+08:00,16.55,16.55,16.38,16.38,11690000,0.0,0.0
2010-11-29 00:00:00+08:00,16.55,16.6,16.35,16.46,15913320,0.0,0.0
2010-11-30 00:00:00+08:00,16.42,16.53,16.4,16.42,19252938,0.0,0.0
2010-12-01 00:00:00+08:00,16.53,16.88,16.51,16.8,60436661,0.0,0.0
2010-12-02 00:00:00+08:00,16.97,17.13,16.8,16.82,43678408,0.0,0.0
2010-12-03 00:00:00+08:00,16.88,16.91,16.71,16.73,19541712,0.0,0.0
2010-12-06 00:00:00+08:00,16.91,17.08,16.86,16.97,33008475,0.0,0.0
2010-12-07 00:00:00+08:00,16.99,17.06,16.88,17.02,18413355,0.0,0.0
2010-12-08 00:00:00+08:00,16.99,17.02,16.84,16.91,18030996,0.0,0.0
2010-12-09 00:00:00+08:00,16.33,16.69,16.33,16.62,278997157,0.0,0.0
2010-12-10 00:00:00+08:00,16.55,16.55,16.4,16.46,150591645,0.0,0.0
2010-12-13 00:00:00+08:00,16.53,16.6,16.46,16.51,53284156,0.0,0.0
2010-12-14 00:00:00+08:00,16.55,16.64,16.49,16.51,80196291,0.0,0.0
2010-12-15 00:00:00+08:00,16.55,16.62,16.51,16.58,52516765,0.0,0.0
2010-12-16 00:00:00+08:00,16.6,16.62,16.51,16.53,42534008,0.0,0.0
2010-12-17 00:00:00+08:00,16.53,16.69,16.51,16.58,45088856,0.0,0.0
2010-12-20 00:00:00+08:00,16.69,16.73,16.58,16.62,30492398,0.0,0.0
2010-12-21 00:00:00+08:00,16.64,16.71,16.6,16.66,26859995,0.0,0.0
2010-12-22 00:00:00+08:00,16.75,16.91,16.71,16.77,52809550,0.0,0.0
2010-12-23 00:00:00+08:00,16.77,16.86,16.71,16.73,37449713,0.0,0.0
2010-12-24 00:00:00+08:00,16.73,16.82,16.69,16.73,25212914,0.0,0.0
2010-12-27 00:00:00+08:00,16.77,17.1,16.77,17.06,66840492,0.0,0.0
2010-12-28 00:00:00+08:00,17.06,17.06,16.8,16.93,35616800,0.0,0.0
2010-12-29 00:00:00+08:00,17.04,17.28,16.95,17.1,88171000,0.0,0.0
2010-12-30 00:00:00+08:00,17.24,17.3,17.08,17.19,49104954,0.0,0.0
2010-12-31 00:00:00+08:00,17.24,17.92,17.13,17.66,151733372,0.0,0.0
2011-01-03 00:00:00+08:00,17.88,18.03,17.74,17.97,99843620,0.0,0.0
2011-01-04 00:00:00+08:00,18.05,18.05,17.57,17.57,70595891,0.0,0.0
2011-01-05 00:00:00+08:00,17.7,18.19,17.26,17.48,134070028,0.0,0.0
2011-01-06 00:00:00+08:00,17.63,17.63,17.3,17.52,38377533,0.0,0.0
2011-01-07 00:00:00+08:00,17.44,17.5,17.08,17.19,51272096,0.0,0.0
2011-01-10 00:00:00+08:00,17.35,17.52,17.28,17.37,26382716,0.0,0.0
2011-01-11 00:00:00+08:00,17.46,17.74,17.44,17.61,69026351,0.0,0.0
2011-01-12 00:00:00+08:00,17.79,17.94,17.72,17.88,69232236,0.0,0.0
2011-01-13 00:00:00+08:00,18.05,18.12,17.72,17.81,62621183,0.0,0.0
2011-01-14 00:00:00+08:00,17.94,18.05,17.74,17.79,36807993,0.0,0.0
2011-01-17 00:00:00+08:00,17.88,17.97,17.52,17.52,35981778,0.0,0.0
2011-01-18 00:00:00+08:00,17.44,17.79,17.44,17.74,32786547,0.0,0.0
2011-01-19 00:00:00+08:00,17.77,17.81,17.68,17.74,32787884,0.0,0.0
2011-01-20 00:00:00+08:00,17.7,17.74,17.61,17.66,29243718,0.0,0.0
2011-01-21 00:00:00+08:00,17.44,17.86,17.44,17.66,26834594,0.0,0.0
2011-01-24 00:00:00+08:00,17.79,17.81,17.63,17.66,15794335,0.0,0.0
2011-01-25 00:00:00+08:00,17.86,17.88,17.74,17.77,22047095,0.0,0.0
2011-01-26 00:00:00+08:00,17.86,17.86,17.77,17.77,18129928,0.0,0.0
2011-01-27 00:00:00+08:00,17.79,17.97,17.77,17.83,29699606,0.0,0.0
2011-01-28 00:00:00+08:00,17.83,17.99,17.83,17.92,26515071,0.0,0.0
2011-02-08 00:00:00+08:00,18.01,18.1,17.77,17.94,35035241,0.0,0.0
2011-02-09 00:00:00+08:00,17.97,18.08,17.63,17.68,33547253,0.0,0.0
2011-02-10 00:00:00+08:00,17.44,17.59,17.06,17.06,56909874,0.0,0.0
2011-02-11 00:00:00+08:00,17.06,17.1,16.64,16.77,58744124,0.0,0.0
2011-02-14 00:00:00+08:00,16.86,16.91,16.73,16.8,35469739,0.0,0.0
2011-02-15 00:00:00+08:00,16.77,16.97,16.58,16.8,24765046,0.0,0.0
2011-02-16 00:00:00+08:00,16.8,16.97,16.8,16.82,19890648,0.0,0.0
2011-02-17 00:00:00+08:00,16.84,16.88,16.64,16.73,22168754,0.0,0.0
2011-02-18 00:00:00+08:00,16.91,17.15,16.88,17.08,34905560,0.0,0.0
2011-02-21 00:00:00+08:00,17.08,17.08,16.91,17.02,20109902,0.0,0.0
2011-02-22 00:00:00+08:00,16.77,16.86,16.6,16.73,39806697,0.0,0.0
2011-02-23 00:00:00+08:00,16.53,16.8,16.53,16.6,34012500,0.0,0.0
2011-02-24 00:00:00+08:00,16.6,16.75,16.55,16.55,23278395,0.0,0.0
2011-02-25 00:00:00+08:00,16.69,16.77,16.46,16.58,36356115,0.0,0.0
2011-03-01 00:00:00+08:00,16.58,16.73,16.58,16.64,29699606,0.0,0.0
2011-03-02 00:00:00+08:00,16.51,16.62,16.42,16.44,31305243,0.0,0.0
2011-03-03 00:00:00+08:00,16.46,16.66,16.46,16.58,19035021,0.0,0.0
2011-03-04 00:00:00+08:00,16.71,16.73,16.62,16.71,16953442,0.0,0.0
2011-03-07 00:00:00+08:00,16.69,16.75,16.58,16.71,18119233,0.0,0.0
2011-03-08 00:00:00+08:00,16.69,16.75,16.55,16.6,20603224,0.0,0.0
2011-03-09 00:00:00+08:00,16.77,16.77,16.58,16.62,24269050,0.0,0.0
2011-03-10 00:00:00+08:00,16.75,17.04,16.75,16.77,55617076,0.0,0.0
2011-03-11 00:00:00+08:00,16.73,16.99,16.62,16.97,35544607,0.0,0.0
2011-03-14 00:00:00+08:00,16.69,16.77,16.38,16.71,34218385,0.0,0.0
2011-03-15 00:00:00+08:00,16.51,16.71,15.56,16.33,72702872,0.0,0.0
2011-03-16 00:00:00+08:00,16.55,16.6,16.31,16.49,32282530,0.0,0.0
2011-03-17 00:00:00+08:00,16.24,16.66,16.22,16.62,26081909,0.0,0.0
2011-03-18 00:00:00+08:00,16.69,16.71,16.55,16.71,23707545,0.0,0.0
2011-03-21 00:00:00+08:00,16.71,16.73,16.49,16.64,15747543,0.0,0.0
2011-03-22 00:00:00+08:00,16.77,16.95,16.69,16.69,22230252,0.0,0.0
2011-03-23 00:00:00+08:00,16.82,16.95,16.71,16.91,19720859,0.0,0.0
2011-03-24 00:00:00+08:00,16.95,16.97,16.8,16.91,12731458,0.0,0.0
2011-03-25 00:00:00+08:00,17.06,17.06,16.86,16.99,14980152,0.0,0.0
2011-03-28 00:00:00+08:00,16.99,17.04,16.88,16.99,13304996,0.0,0.0
2011-03-29 00:00:00+08:00,16.99,17.13,16.99,17.13,17433395,0.0,0.0
2011-03-30 00:00:00+08:00,17.1,17.3,17.1,17.26,27734339,0.0,0.0
2011-03-31 00:00:00+08:00,17.35,17.35,17.04,17.24,19264971,0.0,0.0
2011-04-01 00:00:00+08:00,17.24,17.24,17.1,17.17,11817007,0.0,0.0
2011-04-06 00:00:00+08:00,17.35,17.55,17.24,17.48,44007290,0.0,0.0
2011-04-07 00:00:00+08:00,17.57,17.57,17.33,17.46,17817090,0.0,0.0
2011-04-08 00:00:00+08:00,17.44,17.52,17.33,17.44,19084487,0.0,0.0
2011-04-11 00:00:00+08:00,17.52,17.59,17.44,17.55,19575135,0.0,0.0
2011-04-12 00:00:00+08:00,17.55,17.55,17.33,17.37,18767638,0.0,0.0
2011-04-13 00:00:00+08:00,17.37,17.37,17.24,17.37,9185955,0.0,0.0
2011-04-14 00:00:00+08:00,17.28,17.41,17.26,17.3,13482805,0.0,0.0
2011-04-15 00:00:00+08:00,17.44,17.5,17.3,17.33,20608572,0.0,0.0
2011-04-18 00:00:00+08:00,17.55,17.55,17.37,17.5,12453380,0.0,0.0
2011-04-19 00:00:00+08:00,17.35,17.39,17.1,17.15,19402673,0.0,0.0
2011-04-20 00:00:00+08:00,17.44,17.63,17.44,17.57,29118048,0.0,0.0
2011-04-21 00:00:00+08:00,17.74,17.99,17.7,17.83,43611563,0.0,0.0
2011-04-22 00:00:00+08:00,18.03,18.14,17.92,18.05,55034180,0.0,0.0
2011-04-25 00:00:00+08:00,18.41,18.61,18.38,18.45,57536888,0.0,0.0
2011-04-26 00:00:00+08:00,17.83,18.03,17.83,18.01,36007180,0.0,0.0
2011-04-27 00:00:00+08:00,18.1,18.52,18.01,18.41,51187870,0.0,0.0
2011-04-28 00:00:00+08:00,18.45,18.58,18.27,18.36,45225221,0.0,0.0
2011-04-29 00:00:00+08:00,18.5,18.54,18.27,18.54,39888249,0.0,0.0
2011-05-03 00:00:00+08:00,18.58,18.65,18.36,18.63,37167624,0.0,0.0
2011-05-04 00:00:00+08:00,18.63,18.63,18.19,18.34,31164867,0.0,0.0
2011-05-05 00:00:00+08:00,18.23,18.36,18.05,18.21,32761146,0.0,0.0
2011-05-06 00:00:00+08:00,18.14,18.34,18.1,18.32,19791716,0.0,0.0
2011-05-09 00:00:00+08:00,18.5,18.94,18.38,18.72,41337467,0.0,0.0
2011-05-10 00:00:00+08:00,18.78,18.91,18.58,18.61,31496423,0.0,0.0
2011-05-11 00:00:00+08:00,18.76,18.76,18.43,18.61,24749003,0.0,0.0
2011-05-12 00:00:00+08:00,18.45,18.58,18.38,18.47,21064461,0.0,0.0
2011-05-13 00:00:00+08:00,18.45,18.61,18.36,18.61,24438839,0.0,0.0
2011-05-16 00:00:00+08:00,18.61,18.65,18.36,18.36,19660698,0.0,0.0
2011-05-17 00:00:00+08:00,18.36,18.43,18.19,18.32,20819805,0.0,0.0
2011-05-18 00:00:00+08:00,18.27,18.32,18.12,18.27,21818482,0.0,0.0
2011-05-19 00:00:00+08:00,18.27,18.67,18.03,18.03,47920445,0.0,0.0
2011-05-20 00:00:00+08:00,18.23,18.23,17.94,18.01,25866666,0.0,0.0
2011-05-23 00:00:00+08:00,17.97,17.97,17.77,17.81,19518985,0.0,0.0
2011-05-24 00:00:00+08:00,17.74,17.97,17.74,17.97,14025594,0.0,0.0
2011-05-25 00:00:00+08:00,17.97,18.23,17.92,18.14,29878753,0.0,0.0
2011-05-26 00:00:00+08:00,18.34,18.47,18.23,18.34,29127406,0.0,0.0
2011-05-27 00:00:00+08:00,18.5,18.52,18.14,18.23,18325118,0.0,0.0
2011-05-30 00:00:00+08:00,18.19,18.41,18.14,18.34,16512259,0.0,0.0
2011-05-31 00:00:00+08:00,18.34,18.52,18.21,18.47,51961945,0.0,0.0
2011-06-01 00:00:00+08:00,18.47,18.61,18.36,18.56,24140706,0.0,0.0
2011-06-02 00:00:00+08:00,18.36,18.54,18.32,18.54,18968175,0.0,0.0
2011-06-03 00:00:00+08:00,18.63,18.63,18.47,18.61,13433340,0.0,0.0
2011-06-07 00:00:00+08:00,18.61,18.67,18.36,18.63,10061635,0.0,0.0
2011-06-08 00:00:00+08:00,18.54,18.65,18.5,18.52,14481482,0.0,0.0
2011-06-09 00:00:00+08:00,18.54,18.61,18.41,18.47,13787623,0.0,0.0
2011-06-10 00:00:00+08:00,18.54,18.63,18.34,18.41,18906677,0.0,0.0
2011-06-13 00:00:00+08:00,18.34,18.5,18.08,18.1,16446750,0.0,0.0
2011-06-14 00:00:00+08:00,18.27,18.27,18.1,18.12,11367803,0.0,0.0
2011-06-15 00:00:00+08:00,18.12,18.54,18.03,18.34,31515139,0.0,0.0
2011-06-16 00:00:00+08:00,18.1,18.27,18.1,18.23,14203404,0.0,0.0
2011-06-17 00:00:00+08:00,18.32,18.45,18.1,18.45,22676782,0.0,0.0
2011-06-20 00:00:00+08:00,18.63,18.67,18.45,18.58,34563310,0.0,0.0
2011-06-21 00:00:00+08:00,18.67,18.91,18.58,18.89,37620838,0.0,0.0
2011-06-22 00:00:00+08:00,19.16,19.44,19.07,19.27,52190558,0.0,0.0
2011-06-23 00:00:00+08:00,19.29,19.4,18.98,19.02,36243814,0.0,0.0
2011-06-24 00:00:00+08:00,19.42,19.51,18.91,18.91,69915401,0.0,0.0
2011-06-27 00:00:00+08:00,18.85,19.29,18.85,19.05,34040575,0.0,0.0
2011-06-28 00:00:00+08:00,19.29,19.29,18.69,18.74,25148742,0.0,0.0
2011-06-29 00:00:00+08:00,18.85,19.29,18.76,19.18,38544648,0.0,0.0
2011-06-30 00:00:00+08:00,19.22,19.49,19.22,19.49,30253090,0.0,0.0
2011-07-01 00:00:00+08:00,19.67,19.91,19.55,19.86,48638370,0.0,0.0
2011-07-04 00:00:00+08:00,19.91,20.02,19.69,20.02,29917524,0.0,0.0
2011-07-05 00:00:00+08:00,20.08,20.44,19.86,20.11,46702514,0.0,0.0
2011-07-06 00:00:00+08:00,20.31,20.44,20.13,20.44,27781131,0.0,0.0
2011-07-07 00:00:00+08:00,20.44,20.66,20.26,20.66,26992350,0.0,0.0
2011-07-08 00:00:00+08:00,20.75,20.83,20.26,20.26,26261056,0.0,0.0
2011-07-11 00:00:00+08:00,20.53,20.61,20.31,20.55,20831837,0.0,0.0
2011-07-12 00:00:00+08:00,20.31,20.39,20.0,20.17,32382798,0.0,0.0
2011-07-13 00:00:00+08:00,19.91,20.17,19.29,19.62,55423223,0.0,0.0
2011-07-14 00:00:00+08:00,19.55,19.84,19.42,19.78,33955013,0.0,0.0
2011-07-15 00:00:00+08:00,19.78,20.61,19.69,20.39,43751939,0.0,0.0
2011-07-18 00:00:00+08:00,20.26,20.72,20.08,20.72,31501770,0.0,0.0
2011-07-19 00:00:00+08:00,20.75,20.75,20.44,20.53,15223471,0.0,0.0
2011-07-20 00:00:00+08:00,20.7,21.39,20.68,21.36,42737219,0.0,0.0
2011-07-21 00:00:00+08:00,21.41,21.52,20.99,21.03,38195713,0.0,0.0
2011-07-22 00:00:00+08:00,20.88,21.12,20.7,20.79,35394872,0.0,0.0
2011-07-25 00:00:00+08:00,20.75,21.14,20.57,20.57,26961601,0.0,0.0
2011-07-26 00:00:00+08:00,20.92,21.03,20.61,21.01,20679429,0.0,0.0
2011-07-27 00:00:00+08:00,20.97,21.25,20.88,20.88,32372103,0.0,0.0
2011-07-28 00:00:00+08:00,20.66,21.1,20.66,21.1,15087106,0.0,0.0
2011-07-29 00:00:00+08:00,21.19,21.21,20.72,20.75,21006973,0.0,0.0
2011-08-01 00:00:00+08:00,21.1,21.54,20.99,21.54,34310632,0.0,0.0
2011-08-02 00:00:00+08:00,21.43,21.43,21.06,21.17,23429467,0.0,0.0
2011-08-03 00:00:00+08:00,20.53,20.88,20.33,20.81,42722513,0.0,0.0
2011-08-04 00:00:00+08:00,20.97,21.28,20.81,20.81,26615339,0.0,0.0
2011-08-05 00:00:00+08:00,19.42,20.24,19.42,19.51,62197380,0.0,0.0
2011-08-08 00:00:00+08:00,19.42,19.78,18.16,18.63,78505091,0.0,0.0
2011-08-09 00:00:00+08:00,18.1,19.33,18.08,18.96,94947831,0.0,0.0
2011-08-10 00:00:00+08:00,20.17,20.17,19.51,19.97,68020990,0.0,0.0
2011-08-11 00:00:00+08:00,19.07,19.91,19.07,19.33,63586437,0.0,0.0
2011-08-12 00:00:00+08:00,19.64,19.69,19.07,19.07,42126248,0.0,0.0
2011-08-15 00:00:00+08:00,19.42,19.58,19.25,19.58,23942843,0.0,0.0
2011-08-16 00:00:00+08:00,19.78,19.86,19.58,19.6,53314905,0.0,0.0
2011-08-17 00:00:00+08:00,19.97,20.31,19.97,20.19,60446797,1.0,1.0
2011-08-18 00:00:00+08:00,20.19,20.19,20.0,20.12,40923062,0.0,0.0
2011-08-19 00:00:00+08:00,19.83,19.83,19.4,19.47,36782242,0.0,0.0
2011-08-22 00:00:00+08:00,19.83,20.02,19.11,19.4,40362803,0.0,0.0
2011-08-23 00:00:00+08:00,19.69,20.09,19.5,20.05,43538450,0.0,0.0
2011-08-24 00:00:00+08:00,20.09,20.09,19.5,19.88,38782620,0.0,0.0
2011-08-25 00:00:00+08:00,20.16,20.19,19.33,19.57,36251270,0.0,0.0
2011-08-26 00:00:00+08:00,19.78,19.83,19.16,19.4,35232618,0.0,0.0
2011-08-29 00:00:00+08:00,19.4,19.62,19.21,19.4,28247214,0.0,0.0
2011-08-30 00:00:00+08:00,19.59,19.59,19.3,19.52,26635197,0.0,0.0
2011-08-31 00:00:00+08:00,19.52,19.73,19.3,19.73,21135751,0.0,0.0
2011-09-01 00:00:00+08:00,19.97,20.21,19.83,20.02,40437929,0.0,0.0
2011-09-02 00:00:00+08:00,20.31,20.31,20.02,20.09,22461271,0.0,0.0
2011-09-05 00:00:00+08:00,19.59,19.62,19.35,19.35,34169400,0.0,0.0
2011-09-06 00:00:00+08:00,19.11,19.11,18.52,18.61,65588441,0.0,0.0
2011-09-07 00:00:00+08:00,19.02,19.02,18.42,18.66,36099746,0.0,0.0
2011-09-08 00:00:00+08:00,18.78,18.9,18.61,18.73,33101089,0.0,0.0
2011-09-09 00:00:00+08:00,18.73,18.97,18.61,18.73,17501711,0.0,0.0
2011-09-13 00:00:00+08:00,18.64,18.64,17.44,17.44,112475710,0.0,0.0
2011-09-14 00:00:00+08:00,17.44,17.56,16.49,16.87,135795196,0.0,0.0
2011-09-15 00:00:00+08:00,17.35,17.39,16.89,16.99,49388058,0.0,0.0
2011-09-16 00:00:00+08:00,17.87,17.87,17.58,17.82,61215879,0.0,0.0
2011-09-19 00:00:00+08:00,17.39,17.39,16.72,16.84,67259030,0.0,0.0
2011-09-20 00:00:00+08:00,16.84,17.01,16.63,16.89,41028747,0.0,0.0
2011-09-21 00:00:00+08:00,16.89,17.32,16.77,17.18,43358913,0.0,0.0
2011-09-22 00:00:00+08:00,16.72,16.72,16.49,16.49,45711998,0.0,0.0
2011-09-23 00:00:00+08:00,15.55,15.63,15.34,15.34,83143632,0.0,0.0
2011-09-26 00:00:00+08:00,14.43,14.43,14.36,14.36,63453093,0.0,0.0
2011-09-27 00:00:00+08:00,15.0,15.0,14.69,14.86,72390489,0.0,0.0
2011-09-28 00:00:00+08:00,15.05,15.24,14.88,15.17,52852748,0.0,0.0
2011-09-29 00:00:00+08:00,14.98,15.41,14.74,15.29,48834166,0.0,0.0
2011-09-30 00:00:00+08:00,15.34,15.67,15.27,15.34,53410459,0.0,0.0
2011-10-03 00:00:00+08:00,14.86,14.86,14.31,14.36,69580283,0.0,0.0
2011-10-04 00:00:00+08:00,13.86,14.45,13.86,14.45,54993190,0.0,0.0
2011-10-05 00:00:00+08:00,14.45,14.57,14.1,14.22,27321514,0.0,0.0
2011-10-06 00:00:00+08:00,14.57,14.79,14.38,14.38,61833436,0.0,0.0
2011-10-07 00:00:00+08:00,15.17,15.17,15.15,15.15,73363301,0.0,0.0
2011-10-11 00:00:00+08:00,15.86,16.08,15.63,16.08,83590565,0.0,0.0
2011-10-12 00:00:00+08:00,15.91,16.01,15.63,16.01,43623762,0.0,0.0
2011-10-13 00:00:00+08:00,16.32,16.34,16.03,16.1,28564269,0.0,0.0
2011-10-14 00:00:00+08:00,15.91,15.91,15.67,15.77,25880121,0.0,0.0
2011-10-17 00:00:00+08:00,16.01,16.03,15.82,15.86,22283007,0.0,0.0
2011-10-18 00:00:00+08:00,15.53,15.6,15.31,15.43,26090218,0.0,0.0
2011-10-19 00:00:00+08:00,15.58,15.67,15.46,15.58,17478791,0.0,0.0
2011-10-20 00:00:00+08:00,15.74,15.74,15.29,15.34,20210051,0.0,0.0
2011-10-21 00:00:00+08:00,15.53,15.53,15.27,15.51,14873589,0.0,0.0
2011-10-24 00:00:00+08:00,15.86,16.58,15.82,16.58,64028631,0.0,0.0
2011-10-25 00:00:00+08:00,16.87,16.87,16.68,16.7,55613294,0.0,0.0
2011-10-26 00:00:00+08:00,16.46,16.72,16.41,16.72,30885522,0.0,0.0
2011-10-27 00:00:00+08:00,16.77,17.15,16.58,16.87,61655172,0.0,0.0
2011-10-28 00:00:00+08:00,17.51,17.63,16.96,16.99,71733458,0.0,0.0
2011-10-31 00:00:00+08:00,17.2,17.27,16.84,17.03,28759086,0.0,0.0
2011-11-01 00:00:00+08:00,16.77,17.06,16.58,16.82,34828977,0.0,0.0
2011-11-02 00:00:00+08:00,16.25,16.34,16.06,16.34,62373322,0.0,0.0
2011-11-03 00:00:00+08:00,16.34,16.34,15.7,15.7,47130471,0.0,0.0
2011-11-04 00:00:00+08:00,16.34,16.46,16.2,16.27,45040962,0.0,0.0
2011-11-07 00:00:00+08:00,16.25,16.25,16.03,16.1,20199864,0.0,0.0
2011-11-08 00:00:00+08:00,16.34,16.37,16.06,16.1,21860267,0.0,0.0
2011-11-09 00:00:00+08:00,16.34,16.34,16.01,16.03,17084063,0.0,0.0
2011-11-10 00:00:00+08:00,15.48,15.6,14.96,15.12,85357926,0.0,0.0
2011-11-11 00:00:00+08:00,15.29,15.43,15.2,15.43,27641116,0.0,0.0
2011-11-14 00:00:00+08:00,15.67,15.86,15.46,15.51,38555970,0.0,0.0
2011-11-15 00:00:00+08:00,15.36,15.48,15.17,15.27,30749277,0.0,0.0
2011-11-16 00:00:00+08:00,15.29,15.39,14.81,14.81,44297346,0.0,0.0
2011-11-17 00:00:00+08:00,14.62,14.79,14.45,14.74,36165958,0.0,0.0
2011-11-18 00:00:00+08:00,14.5,15.0,14.43,14.88,46200951,0.0,0.0
2011-11-21 00:00:00+08:00,14.86,15.2,14.74,14.74,52199537,0.0,0.0
2011-11-22 00:00:00+08:00,15.03,15.1,14.67,14.72,29502702,0.0,0.0
2011-11-23 00:00:00+08:00,14.62,14.69,14.43,14.48,28248487,0.0,0.0
2011-11-24 00:00:00+08:00,14.57,15.05,14.55,14.88,37053458,0.0,0.0
2011-11-25 00:00:00+08:00,14.98,15.08,14.34,14.55,43656869,0.0,0.0
2011-11-28 00:00:00+08:00,14.86,14.88,14.67,14.81,22346673,0.0,0.0
2011-11-29 00:00:00+08:00,15.1,15.1,14.84,15.03,30677971,0.0,0.0
2011-11-30 00:00:00+08:00,15.03,15.03,14.5,14.53,26894953,0.0,0.0
2011-12-01 00:00:00+08:00,15.53,15.53,15.29,15.53,52237737,0.0,0.0
2011-12-02 00:00:00+08:00,15.53,15.67,15.39,15.53,47919926,0.0,0.0
2011-12-05 00:00:00+08:00,15.58,15.6,15.22,15.34,17233041,0.0,0.0
2011-12-06 00:00:00+08:00,15.27,15.29,15.03,15.05,23625081,0.0,0.0
2011-12-07 00:00:00+08:00,15.2,15.27,15.0,15.24,26859301,0.0,0.0
2011-12-08 00:00:00+08:00,15.2,15.22,14.93,15.0,19693085,0.0,0.0
2011-12-09 00:00:00+08:00,14.57,14.96,14.5,14.79,25653471,0.0,0.0
2011-12-12 00:00:00+08:00,15.2,15.2,14.74,14.77,18394304,0.0,0.0
2011-12-13 00:00:00+08:00,14.5,14.6,14.36,14.48,29715345,0.0,0.0
2011-12-14 00:00:00+08:00,14.48,14.62,14.41,14.53,13620647,0.0,0.0
2011-12-15 00:00:00+08:00,14.41,14.41,14.26,14.29,20905281,0.0,0.0
2011-12-16 00:00:00+08:00,14.29,14.38,14.1,14.1,32845153,0.0,0.0
2011-12-19 00:00:00+08:00,14.0,14.0,13.43,13.43,57521993,0.0,0.0
2011-12-20 00:00:00+08:00,13.5,13.59,13.38,13.38,38128136,0.0,0.0
2011-12-21 00:00:00+08:00,14.31,14.31,14.29,14.31,23506663,0.0,0.0
2011-12-22 00:00:00+08:00,14.38,14.86,14.36,14.62,61899649,0.0,0.0
2011-12-23 00:00:00+08:00,14.96,15.63,14.93,15.51,83635131,0.0,0.0
2011-12-26 00:00:00+08:00,15.51,15.55,15.27,15.51,39825464,0.0,0.0
2011-12-27 00:00:00+08:00,15.41,15.43,15.1,15.24,24018535,0.0,0.0
2011-12-28 00:00:00+08:00,15.15,15.36,15.12,15.24,19447335,0.0,0.0
2011-12-29 00:00:00+08:00,15.2,15.31,15.1,15.31,16731355,0.0,0.0
2011-12-30 00:00:00+08:00,15.7,15.7,15.31,15.31,24860196,0.0,0.0
2012-01-02 00:00:00+08:00,15.34,15.39,13.83,13.83,30824403,0.0,0.0
2012-01-03 00:00:00+08:00,15.03,15.51,14.31,14.31,72179119,0.0,0.0
2012-01-04 00:00:00+08:00,15.53,15.65,14.43,14.43,55799198,0.0,0.0
2012-01-05 00:00:00+08:00,15.53,15.7,15.36,15.67,66543428,0.0,0.0
2012-01-06 00:00:00+08:00,15.67,15.67,15.41,15.43,25829189,0.0,0.0
2012-01-09 00:00:00+08:00,15.24,15.29,15.15,15.29,16955459,0.0,0.0
2012-01-10 00:00:00+08:00,15.29,15.46,15.29,15.39,30872789,0.0,0.0
2012-01-11 00:00:00+08:00,15.43,15.46,15.29,15.39,29069775,0.0,0.0
2012-01-12 00:00:00+08:00,15.39,15.43,15.24,15.29,23220167,0.0,0.0
2012-01-13 00:00:00+08:00,15.46,15.53,15.27,15.27,48724661,0.0,0.0
2012-01-16 00:00:00+08:00,15.53,15.53,15.0,15.0,37715582,0.0,0.0
2012-01-17 00:00:00+08:00,15.0,15.1,14.86,15.08,26281216,0.0,0.0
2012-01-18 00:00:00+08:00,15.05,15.05,14.65,14.79,45690352,0.0,0.0
2012-01-30 00:00:00+08:00,15.15,15.34,15.05,15.17,38878118,0.0,0.0
2012-01-31 00:00:00+08:00,15.2,15.82,15.2,15.77,71038229,0.0,0.0
2012-02-01 00:00:00+08:00,15.91,16.34,15.82,16.1,73187584,0.0,0.0
2012-02-02 00:00:00+08:00,16.39,16.53,16.2,16.34,52744516,0.0,0.0
2012-02-03 00:00:00+08:00,16.49,16.63,16.25,16.37,45626686,0.0,0.0
2012-02-06 00:00:00+08:00,16.58,16.68,16.34,16.37,41583912,0.0,0.0
2012-02-07 00:00:00+08:00,16.41,16.65,16.25,16.46,23049543,0.0,0.0
2012-02-08 00:00:00+08:00,16.53,16.87,16.51,16.87,41596645,0.0,0.0
2012-02-09 00:00:00+08:00,16.82,17.01,16.63,16.92,51701671,0.0,0.0
2012-02-10 00:00:00+08:00,16.96,17.27,16.82,16.92,44657694,0.0,0.0
2012-02-13 00:00:00+08:00,16.92,17.08,16.77,16.87,31746282,0.0,0.0
2012-02-14 00:00:00+08:00,16.8,16.8,16.41,16.6,29065955,0.0,0.0
2012-02-15 00:00:00+08:00,16.72,16.77,16.49,16.77,33831972,0.0,0.0
2012-02-16 00:00:00+08:00,16.53,16.63,16.17,16.2,37342501,0.0,0.0
2012-02-17 00:00:00+08:00,16.49,16.58,16.15,16.29,32917732,0.0,0.0
2012-02-20 00:00:00+08:00,16.49,16.49,16.25,16.34,13784905,0.0,0.0
2012-02-21 00:00:00+08:00,16.34,16.34,15.98,16.22,22644629,0.0,0.0
2012-02-22 00:00:00+08:00,16.2,16.46,16.03,16.25,25798629,0.0,0.0
2012-02-23 00:00:00+08:00,16.17,16.29,16.01,16.06,24939142,0.0,0.0
2012-02-24 00:00:00+08:00,16.25,16.25,16.06,16.2,22447265,0.0,0.0
2012-02-29 00:00:00+08:00,16.41,16.56,16.29,16.53,39941336,0.0,0.0
2012-03-01 00:00:00+08:00,16.53,16.56,16.39,16.41,16749182,0.0,0.0
2012-03-02 00:00:00+08:00,16.63,16.63,16.25,16.27,24366150,0.0,0.0
2012-03-05 00:00:00+08:00,16.08,16.15,15.91,15.91,22114930,0.0,0.0
2012-03-06 00:00:00+08:00,15.82,15.98,15.77,15.84,17249594,0.0,0.0
2012-03-07 00:00:00+08:00,15.58,15.67,15.55,15.58,32372753,0.0,0.0
2012-03-08 00:00:00+08:00,15.63,16.1,15.55,15.79,37395980,0.0,0.0
2012-03-09 00:00:00+08:00,15.86,16.01,15.77,15.82,18918910,0.0,0.0
2012-03-12 00:00:00+08:00,15.86,16.01,15.77,15.77,12474664,0.0,0.0
2012-03-13 00:00:00+08:00,16.01,16.77,16.01,16.6,82466228,0.0,0.0
2012-03-14 00:00:00+08:00,16.82,16.92,16.41,16.51,42575824,0.0,0.0
2012-03-15 00:00:00+08:00,16.56,16.77,16.51,16.53,21114104,0.0,0.0
2012-03-16 00:00:00+08:00,16.53,16.6,16.41,16.41,13346885,0.0,0.0
2012-03-19 00:00:00+08:00,16.63,16.65,16.41,16.53,17567923,0.0,0.0
2012-03-20 00:00:00+08:00,16.58,16.58,16.22,16.29,16863780,0.0,0.0
2012-03-21 00:00:00+08:00,16.25,16.41,16.25,16.27,13605367,0.0,0.0
2012-03-22 00:00:00+08:00,16.39,16.65,16.34,16.41,19485535,0.0,0.0
2012-03-23 00:00:00+08:00,16.49,16.53,16.39,16.49,11961518,0.0,0.0
2012-03-26 00:00:00+08:00,16.49,16.49,16.06,16.1,26115685,0.0,0.0
2012-03-27 00:00:00+08:00,16.29,16.29,16.1,16.25,13298499,0.0,0.0
2012-03-28 00:00:00+08:00,16.39,16.39,16.08,16.1,12801906,0.0,0.0
2012-03-29 00:00:00+08:00,16.1,16.1,15.77,15.82,24846190,0.0,0.0
2012-03-30 00:00:00+08:00,15.77,15.89,15.67,15.89,23710393,0.0,0.0
2012-04-02 00:00:00+08:00,15.77,15.84,15.7,15.72,16027212,0.0,0.0
2012-04-03 00:00:00+08:00,15.72,15.84,15.58,15.65,21527932,0.0,0.0
2012-04-05 00:00:00+08:00,15.29,15.34,15.12,15.29,33264074,0.0,0.0
2012-04-06 00:00:00+08:00,15.29,15.43,15.27,15.29,18839964,0.0,0.0
2012-04-09 00:00:00+08:00,15.08,15.29,15.0,15.29,15707610,0.0,0.0
2012-04-10 00:00:00+08:00,15.34,15.51,15.29,15.36,11537504,0.0,0.0
2012-04-11 00:00:00+08:00,15.22,15.34,15.12,15.29,13923696,0.0,0.0
2012-04-12 00:00:00+08:00,15.29,15.36,15.17,15.36,14486501,0.0,0.0
2012-04-13 00:00:00+08:00,15.51,15.63,15.36,15.48,21913746,0.0,0.0
2012-04-16 00:00:00+08:00,15.43,15.43,15.27,15.31,12334599,0.0,0.0
2012-04-17 00:00:00+08:00,15.34,15.39,15.1,15.12,24308851,0.0,0.0
2012-04-18 00:00:00+08:00,15.24,15.24,15.0,15.0,31896534,0.0,0.0
2012-04-19 00:00:00+08:00,15.0,15.0,14.72,14.81,31714450,0.0,0.0
2012-04-20 00:00:00+08:00,14.77,14.81,14.65,14.69,21384047,0.0,0.0
2012-04-23 00:00:00+08:00,14.65,14.77,14.55,14.72,14753897,0.0,0.0
2012-04-24 00:00:00+08:00,14.62,14.77,14.57,14.6,15935533,0.0,0.0
2012-04-25 00:00:00+08:00,14.65,14.96,14.65,14.88,17348913,0.0,0.0
2012-04-26 00:00:00+08:00,14.91,14.96,14.67,14.69,19060248,0.0,0.0
2012-04-27 00:00:00+08:00,14.72,14.81,14.53,14.69,20989320,0.0,0.0
2012-04-30 00:00:00+08:00,14.6,14.69,14.53,14.55,25643285,0.0,0.0
2012-05-02 00:00:00+08:00,14.65,15.0,14.65,14.96,27308781,0.0,0.0
2012-05-03 00:00:00+08:00,14.91,14.93,14.6,14.67,27786274,0.0,0.0
2012-05-04 00:00:00+08:00,14.65,14.96,14.6,14.79,27686955,0.0,0.0
2012-05-07 00:00:00+08:00,14.57,14.6,14.48,14.53,26278669,0.0,0.0
2012-05-08 00:00:00+08:00,14.62,14.65,14.36,14.43,21713836,0.0,0.0
2012-05-09 00:00:00+08:00,14.34,14.34,14.26,14.29,22378506,0.0,0.0
2012-05-10 00:00:00+08:00,14.29,14.5,14.29,14.43,9487468,0.0,0.0
2012-05-11 00:00:00+08:00,14.34,14.38,14.24,14.29,18288619,0.0,0.0
2012-05-14 00:00:00+08:00,14.29,14.38,14.24,14.29,9542220,0.0,0.0
2012-05-15 00:00:00+08:00,14.19,14.24,13.95,14.07,23156501,0.0,0.0
2012-05-16 00:00:00+08:00,14.14,14.17,13.88,13.91,23677287,0.0,0.0
2012-05-17 00:00:00+08:00,14.14,14.26,14.05,14.26,20853075,0.0,0.0
2012-05-18 00:00:00+08:00,13.95,14.05,13.88,13.88,24147140,0.0,0.0
2012-05-21 00:00:00+08:00,14.1,14.1,13.91,13.91,11187343,0.0,0.0
2012-05-22 00:00:00+08:00,14.05,14.1,13.91,13.95,12689854,0.0,0.0
2012-05-23 00:00:00+08:00,13.86,13.86,13.62,13.76,25137779,0.0,0.0
2012-05-24 00:00:00+08:00,13.74,13.86,13.45,13.59,22316114,0.0,0.0
2012-05-25 00:00:00+08:00,13.69,13.74,13.57,13.59,15983919,0.0,0.0
2012-05-28 00:00:00+08:00,13.59,13.79,13.57,13.69,14090500,0.0,0.0
2012-05-29 00:00:00+08:00,13.74,14.05,13.71,14.05,31776842,0.0,0.0
2012-05-30 00:00:00+08:00,13.95,13.95,13.69,13.79,32030232,0.0,0.0
2012-05-31 00:00:00+08:00,13.52,14.17,13.43,14.17,64592709,0.0,0.0
2012-06-01 00:00:00+08:00,13.76,13.86,13.64,13.67,20313189,0.0,0.0
2012-06-04 00:00:00+08:00,13.38,13.43,13.19,13.26,26833834,0.0,0.0
2012-06-05 00:00:00+08:00,13.52,13.55,13.43,13.5,16446133,0.0,0.0
2012-06-06 00:00:00+08:00,13.62,13.62,13.43,13.5,11919499,0.0,0.0
2012-06-07 00:00:00+08:00,13.76,13.81,13.67,13.76,23998162,0.0,0.0
2012-06-08 00:00:00+08:00,13.67,13.71,13.52,13.67,13334151,0.0,0.0
2012-06-11 00:00:00+08:00,13.88,13.98,13.81,13.95,18083615,0.0,0.0
2012-06-12 00:00:00+08:00,13.67,13.83,13.67,13.79,9693745,0.0,0.0
2012-06-13 00:00:00+08:00,13.74,13.86,13.69,13.71,11888939,0.0,0.0
2012-06-14 00:00:00+08:00,13.76,13.98,13.74,13.76,17219035,0.0,0.0
2012-06-15 00:00:00+08:00,13.86,14.05,13.81,13.81,38561063,0.0,0.0
2012-06-18 00:00:00+08:00,14.38,14.41,14.12,14.29,26402181,0.0,0.0
2012-06-19 00:00:00+08:00,14.29,14.29,14.12,14.19,16297155,0.0,0.0
2012-06-20 00:00:00+08:00,14.29,14.34,14.17,14.34,13238653,0.0,0.0
2012-06-21 00:00:00+08:00,14.22,14.22,14.1,14.12,12503950,0.0,0.0
2012-06-22 00:00:00+08:00,13.91,14.02,13.88,14.0,11046005,0.0,0.0
2012-06-25 00:00:00+08:00,13.98,14.02,13.86,13.91,10782429,0.0,0.0
2012-06-26 00:00:00+08:00,13.86,13.95,13.83,13.86,8356764,0.0,0.0
2012-06-27 00:00:00+08:00,13.83,14.1,13.79,14.02,13120235,0.0,0.0
2012-06-28 00:00:00+08:00,14.07,14.07,13.88,13.88,10554505,0.0,0.0
2012-06-29 00:00:00+08:00,13.88,14.24,13.88,14.24,17955011,0.0,0.0
2012-07-02 00:00:00+08:00,14.43,14.67,14.41,14.5,26780355,0.0,0.0
2012-07-03 00:00:00+08:00,14.57,14.69,14.5,14.69,22429439,0.0,0.0
2012-07-04 00:00:00+08:00,14.81,14.91,14.72,14.81,18662974,0.0,0.0
2012-07-05 00:00:00+08:00,14.81,14.81,14.6,14.69,12878305,0.0,0.0
2012-07-06 00:00:00+08:00,14.69,14.72,14.5,14.72,12151242,0.0,0.0
2012-07-09 00:00:00+08:00,14.62,14.67,14.55,14.67,6290174,0.0,0.0
2012-07-10 00:00:00+08:00,14.62,14.69,14.53,14.57,11219176,0.0,0.0
2012-07-11 00:00:00+08:00,14.38,14.77,14.38,14.74,13038742,0.0,0.0
2012-07-12 00:00:00+08:00,14.69,14.72,14.45,14.45,15505153,0.0,0.0
2012-07-13 00:00:00+08:00,14.43,14.6,14.41,14.55,9949681,0.0,0.0
2012-07-16 00:00:00+08:00,14.6,14.62,14.45,14.6,8359311,0.0,0.0
2012-07-17 00:00:00+08:00,14.57,14.77,14.57,14.74,11135137,0.0,0.0
2012-07-18 00:00:00+08:00,14.72,14.72,14.53,14.57,10241270,0.0,0.0
2012-07-19 00:00:00+08:00,14.72,14.81,14.67,14.74,11868566,0.0,0.0
2012-07-20 00:00:00+08:00,14.69,14.81,14.69,14.81,7292273,0.0,0.0
2012-07-23 00:00:00+08:00,14.72,14.72,14.48,14.5,11976798,0.0,0.0
2012-07-24 00:00:00+08:00,14.48,14.57,14.36,14.55,13983542,0.0,0.0
2012-07-25 00:00:00+08:00,14.38,14.62,14.36,14.57,13087128,0.0,0.0
2012-07-26 00:00:00+08:00,14.6,14.74,14.53,14.62,12340966,0.0,0.0
2012-07-27 00:00:00+08:00,14.81,14.93,14.72,14.91,16760641,0.0,0.0
2012-07-30 00:00:00+08:00,14.93,15.12,14.86,14.88,20676084,0.0,0.0
2012-07-31 00:00:00+08:00,14.81,15.05,14.81,15.05,22662455,0.0,0.0
2012-08-01 00:00:00+08:00,15.05,15.12,14.96,15.1,13679220,0.0,0.0
2012-08-02 00:00:00+08:00,15.1,15.1,15.1,15.1,0,0.0,0.0
2012-08-03 00:00:00+08:00,14.88,15.0,14.84,14.93,12880851,0.0,0.0
2012-08-06 00:00:00+08:00,15.1,15.2,15.1,15.15,23693840,0.0,0.0
2012-08-07 00:00:00+08:00,15.24,15.27,15.17,15.22,20808509,0.0,0.0
2012-08-08 00:00:00+08:00,15.29,15.34,15.24,15.29,41526613,0.0,0.0
2012-08-09 00:00:00+08:00,15.64,16.06,15.64,16.06,40671996,0.95,1.0
2012-08-10 00:00:00+08:00,16.06,16.06,15.83,15.96,15110865,0.0,0.0
2012-08-13 00:00:00+08:00,16.06,16.06,15.85,15.96,10367799,0.0,0.0
2012-08-14 00:00:00+08:00,15.98,16.14,15.98,16.06,14933803,0.0,0.0
2012-08-15 00:00:00+08:00,16.01,16.06,15.85,15.93,14129750,0.0,0.0
2012-08-16 00:00:00+08:00,16.01,16.03,15.88,15.88,16255701,0.0,0.0
2012-08-17 00:00:00+08:00,15.88,15.9,15.8,15.83,12764193,0.0,0.0
2012-08-20 00:00:00+08:00,15.8,15.83,15.7,15.7,9533427,0.0,0.0
2012-08-21 00:00:00+08:00,15.77,15.98,15.77,15.96,19268172,0.0,0.0
2012-08-22 00:00:00+08:00,15.8,16.01,15.77,15.98,14634254,0.0,0.0
2012-08-23 00:00:00+08:00,15.98,16.09,15.93,15.98,10451479,0.0,0.0
2012-08-24 00:00:00+08:00,15.98,15.98,15.77,15.77,14639105,0.0,0.0
2012-08-27 00:00:00+08:00,15.77,15.88,15.75,15.75,12351858,0.0,0.0
2012-08-28 00:00:00+08:00,15.67,15.75,15.51,15.54,20114671,0.0,0.0
2012-08-29 00:00:00+08:00,15.46,15.62,15.46,15.54,11739420,0.0,0.0
2012-08-30 00:00:00+08:00,15.43,15.49,15.36,15.36,20976936,0.0,0.0
2012-08-31 00:00:00+08:00,15.36,15.54,15.36,15.51,8013852,0.0,0.0
2012-09-03 00:00:00+08:00,15.54,15.62,15.38,15.54,10992366,0.0,0.0
2012-09-04 00:00:00+08:00,15.46,15.54,15.33,15.41,13141359,0.0,0.0
2012-09-05 00:00:00+08:00,15.33,15.36,15.2,15.23,19300916,0.0,0.0
2012-09-06 00:00:00+08:00,15.23,15.36,15.23,15.25,7836790,0.0,0.0
2012-09-07 00:00:00+08:00,15.59,15.59,15.49,15.54,13115891,0.0,0.0
2012-09-10 00:00:00+08:00,15.54,15.64,15.54,15.59,8942818,0.0,0.0
2012-09-11 00:00:00+08:00,15.67,15.75,15.62,15.72,12927915,0.0,0.0
2012-09-12 00:00:00+08:00,15.77,15.93,15.75,15.93,16213254,0.0,0.0
2012-09-13 00:00:00+08:00,15.93,15.98,15.83,15.88,10729199,0.0,0.0
2012-09-14 00:00:00+08:00,16.14,16.48,16.03,16.43,54940000,0.0,0.0
2012-09-17 00:00:00+08:00,16.53,16.87,16.5,16.63,42972583,0.0,0.0
2012-09-18 00:00:00+08:00,16.63,16.66,16.45,16.61,18369524,0.0,0.0
2012-09-19 00:00:00+08:00,16.61,16.84,16.58,16.76,34927200,0.0,0.0
2012-09-20 00:00:00+08:00,16.84,16.84,16.4,16.56,26340930,0.0,0.0
2012-09-21 00:00:00+08:00,16.58,16.58,16.4,16.58,18165782,0.0,0.0
2012-09-24 00:00:00+08:00,16.82,16.82,16.61,16.69,21384420,0.0,0.0
2012-09-25 00:00:00+08:00,16.69,16.76,16.58,16.61,18706668,0.0,0.0
2012-09-26 00:00:00+08:00,16.61,16.61,16.48,16.48,15627496,0.0,0.0
2012-09-27 00:00:00+08:00,16.48,16.69,16.43,16.58,14628190,0.0,0.0
2012-09-28 00:00:00+08:00,16.58,16.66,16.48,16.63,14172196,0.0,0.0
2012-10-01 00:00:00+08:00,16.58,16.58,16.48,16.53,7352903,0.0,0.0
2012-10-02 00:00:00+08:00,16.58,16.61,16.48,16.53,10829857,0.0,0.0
2012-10-03 00:00:00+08:00,16.58,16.58,16.4,16.43,7559070,0.0,0.0
2012-10-04 00:00:00+08:00,16.53,16.74,16.43,16.69,22922187,0.0,0.0
2012-10-05 00:00:00+08:00,16.74,17.02,16.71,16.87,43517108,0.0,0.0
2012-10-08 00:00:00+08:00,17.0,17.0,16.74,16.76,18688477,0.0,0.0
2012-10-09 00:00:00+08:00,16.95,17.18,16.89,16.95,48279577,0.0,0.0
2012-10-11 00:00:00+08:00,16.79,17.0,16.76,16.79,26463417,0.0,0.0
2012-10-12 00:00:00+08:00,16.87,16.95,16.63,16.74,20731961,0.0,0.0
2012-10-15 00:00:00+08:00,16.82,16.82,16.58,16.69,13103763,0.0,0.0
2012-10-16 00:00:00+08:00,16.63,16.76,16.63,16.76,12957021,0.0,0.0
2012-10-17 00:00:00+08:00,16.95,16.95,16.69,16.71,11948013,0.0,0.0
2012-10-18 00:00:00+08:00,16.74,16.84,16.69,16.84,12337305,0.0,0.0
2012-10-19 00:00:00+08:00,16.92,16.92,16.69,16.69,11625421,0.0,0.0
2012-10-22 00:00:00+08:00,16.43,16.63,16.4,16.56,11205810,0.0,0.0
2012-10-23 00:00:00+08:00,16.5,16.56,16.29,16.35,11884950,0.0,0.0
2012-10-24 00:00:00+08:00,16.16,16.5,16.11,16.45,13134082,0.0,0.0
2012-10-25 00:00:00+08:00,16.48,16.53,16.27,16.27,11093024,0.0,0.0
2012-10-26 00:00:00+08:00,16.27,16.35,15.64,15.64,25143945,0.0,0.0
2012-10-29 00:00:00+08:00,15.64,15.85,15.59,15.64,17387196,0.0,0.0
2012-10-30 00:00:00+08:00,15.72,15.9,15.7,15.8,15696623,0.0,0.0
2012-10-31 00:00:00+08:00,15.83,15.9,15.64,15.64,11528401,0.0,0.0
2012-11-01 00:00:00+08:00,15.51,15.77,15.33,15.7,20748939,0.0,0.0
2012-11-02 00:00:00+08:00,15.9,16.09,15.77,16.09,13148635,0.0,0.0
2012-11-05 00:00:00+08:00,15.98,16.11,15.88,16.01,12450091,0.0,0.0
2012-11-06 00:00:00+08:00,16.14,16.37,16.09,16.37,17205284,0.0,0.0
2012-11-07 00:00:00+08:00,16.45,16.66,16.4,16.66,17230752,0.0,0.0
2012-11-08 00:00:00+08:00,16.35,16.45,16.27,16.43,16533420,0.0,0.0
2012-11-09 00:00:00+08:00,16.4,16.61,16.19,16.61,12856362,0.0,0.0
2012-11-12 00:00:00+08:00,16.66,16.66,16.43,16.61,8639631,0.0,0.0
2012-11-13 00:00:00+08:00,16.48,16.53,16.11,16.11,15343713,0.0,0.0
2012-11-14 00:00:00+08:00,15.93,16.32,15.93,16.27,13793818,0.0,0.0
2012-11-15 00:00:00+08:00,16.09,16.16,15.83,15.96,12692641,0.0,0.0
2012-11-16 00:00:00+08:00,15.93,16.14,15.88,15.96,15705112,0.0,0.0
2012-11-19 00:00:00+08:00,15.96,16.24,15.96,16.14,13135295,0.0,0.0
2012-11-20 00:00:00+08:00,16.29,16.35,16.19,16.24,8348571,0.0,0.0
2012-11-21 00:00:00+08:00,16.19,16.35,15.9,15.98,13335399,0.0,0.0
2012-11-22 00:00:00+08:00,16.06,16.35,16.06,16.09,12761768,0.0,0.0
2012-11-23 00:00:00+08:00,16.11,16.63,16.11,16.63,21647587,0.0,0.0
2012-11-26 00:00:00+08:00,16.79,16.89,16.71,16.87,22004136,0.0,0.0
2012-11-27 00:00:00+08:00,16.89,16.89,16.69,16.84,13091636,0.0,0.0
2012-11-28 00:00:00+08:00,16.87,16.87,16.71,16.84,12247562,0.0,0.0
2012-11-29 00:00:00+08:00,16.89,16.95,16.84,16.87,25164562,0.0,0.0
2012-11-30 00:00:00+08:00,16.82,17.21,16.79,17.21,35694870,0.0,0.0
2012-12-03 00:00:00+08:00,17.21,17.44,17.02,17.23,23754134,0.0,0.0
2012-12-04 00:00:00+08:00,17.23,17.34,17.1,17.29,15337649,0.0,0.0
2012-12-05 00:00:00+08:00,17.29,17.44,17.18,17.36,18014188,0.0,0.0
2012-12-06 00:00:00+08:00,17.47,17.49,17.29,17.42,14227983,0.0,0.0
2012-12-07 00:00:00+08:00,17.42,17.49,17.31,17.42,14463256,0.0,0.0
2012-12-10 00:00:00+08:00,17.47,17.47,17.26,17.26,10337481,0.0,0.0
2012-12-11 00:00:00+08:00,17.26,17.36,17.08,17.26,21157636,0.0,0.0
2012-12-12 00:00:00+08:00,17.47,17.68,17.47,17.57,30311473,0.0,0.0
2012-12-13 00:00:00+08:00,17.57,17.7,17.49,17.7,21546929,0.0,0.0
2012-12-14 00:00:00+08:00,17.68,17.68,17.47,17.6,15948875,0.0,0.0
2012-12-17 00:00:00+08:00,17.6,17.73,17.49,17.57,16988202,0.0,0.0
2012-12-18 00:00:00+08:00,17.52,17.62,17.47,17.62,13889625,0.0,0.0
2012-12-19 00:00:00+08:00,17.7,17.99,17.7,17.99,40610146,0.0,0.0
2012-12-20 00:00:00+08:00,17.94,17.94,17.65,17.65,18905559,0.0,0.0
2012-12-21 00:00:00+08:00,17.65,17.68,17.36,17.49,16732311,0.0,0.0
2012-12-24 00:00:00+08:00,17.52,17.57,17.39,17.57,5488906,0.0,0.0
2012-12-25 00:00:00+08:00,17.57,17.91,17.52,17.78,10229546,0.0,0.0
2012-12-26 00:00:00+08:00,17.86,17.91,17.78,17.81,10149504,0.0,0.0
2012-12-27 00:00:00+08:00,17.73,17.91,17.7,17.86,14378364,0.0,0.0
2012-12-28 00:00:00+08:00,18.51,18.62,18.17,18.3,37954224,0.0,0.0
2013-01-02 00:00:00+08:00,18.43,18.43,18.25,18.3,22775445,0.0,0.0
2013-01-03 00:00:00+08:00,18.35,18.46,18.33,18.41,27131643,0.0,0.0
2013-01-04 00:00:00+08:00,18.41,18.41,18.17,18.25,16731099,0.0,0.0
2013-01-07 00:00:00+08:00,18.25,18.43,18.22,18.43,20545197,0.0,0.0
2013-01-08 00:00:00+08:00,18.41,18.46,18.22,18.3,18192462,0.0,0.0
2013-01-09 00:00:00+08:00,18.28,18.85,18.25,18.77,45000301,0.0,0.0
2013-01-10 00:00:00+08:00,18.93,19.4,18.8,19.4,64042902,0.0,0.0
2013-01-11 00:00:00+08:00,19.55,19.68,19.14,19.14,38046393,0.0,0.0
2013-01-14 00:00:00+08:00,18.98,19.19,18.85,19.19,20569452,0.0,0.0
2013-01-15 00:00:00+08:00,19.19,19.21,18.67,18.67,28210990,0.0,0.0
2013-01-16 00:00:00+08:00,18.77,18.77,18.51,18.51,19754484,0.0,0.0
2013-01-17 00:00:00+08:00,18.56,18.93,18.3,18.35,31227099,0.0,0.0
2013-01-18 00:00:00+08:00,18.67,18.93,18.56,18.93,26833306,0.0,0.0
2013-01-21 00:00:00+08:00,18.98,19.03,18.77,18.98,16871778,0.0,0.0
2013-01-22 00:00:00+08:00,19.03,19.27,18.9,19.27,23575860,0.0,0.0
2013-01-23 00:00:00+08:00,19.27,19.29,19.11,19.19,16350295,0.0,0.0
2013-01-24 00:00:00+08:00,19.11,19.19,18.82,19.03,19551955,0.0,0.0
2013-01-25 00:00:00+08:00,19.19,19.19,18.85,18.98,15015057,0.0,0.0
2013-01-28 00:00:00+08:00,19.08,19.19,18.93,19.19,18789135,0.0,0.0
2013-01-29 00:00:00+08:00,19.27,19.29,19.11,19.21,16290870,0.0,0.0
2013-01-30 00:00:00+08:00,19.29,19.53,19.29,19.4,34600970,0.0,0.0
2013-01-31 00:00:00+08:00,19.5,19.68,19.4,19.68,34446951,0.0,0.0
2013-02-01 00:00:00+08:00,19.68,19.79,19.58,19.79,19634422,0.0,0.0
2013-02-04 00:00:00+08:00,19.94,20.86,19.94,20.49,64080497,0.0,0.0
2013-02-05 00:00:00+08:00,20.44,20.83,20.36,20.65,57096270,0.0,0.0
2013-02-06 00:00:00+08:00,20.86,21.09,20.62,20.75,43420088,0.0,0.0
2013-02-18 00:00:00+08:00,21.07,21.07,20.81,20.83,37283573,0.0,0.0
2013-02-19 00:00:00+08:00,20.78,20.81,20.44,20.7,24952331,0.0,0.0
2013-02-20 00:00:00+08:00,20.91,21.01,20.67,20.86,31897750,0.0,0.0
2013-02-21 00:00:00+08:00,20.75,20.75,20.34,20.34,23617093,0.0,0.0
2013-02-22 00:00:00+08:00,20.34,20.75,20.21,20.49,30945741,0.0,0.0
2013-02-25 00:00:00+08:00,20.86,20.86,20.65,20.65,20661621,0.0,0.0
2013-02-26 00:00:00+08:00,20.49,20.75,20.34,20.47,20142564,0.0,0.0
2013-02-27 00:00:00+08:00,20.52,20.86,20.47,20.86,24298659,0.0,0.0
2013-03-01 00:00:00+08:00,20.96,21.17,20.96,21.07,32348893,0.0,0.0
2013-03-04 00:00:00+08:00,21.07,21.07,20.65,20.67,21796755,0.0,0.0
2013-03-05 00:00:00+08:00,20.86,21.07,20.73,21.04,30997890,0.0,0.0
2013-03-06 00:00:00+08:00,21.27,21.3,21.01,21.07,26379738,0.0,0.0
2013-03-07 00:00:00+08:00,21.12,21.43,21.07,21.38,36353394,0.0,0.0
2013-03-08 00:00:00+08:00,21.69,22.53,21.67,22.42,75491262,0.0,0.0
2013-03-11 00:00:00+08:00,22.47,23.05,22.42,22.94,64885763,0.0,0.0
2013-03-12 00:00:00+08:00,22.94,22.94,21.9,21.95,54642876,0.0,0.0
2013-03-13 00:00:00+08:00,22.37,22.58,21.9,22.08,41343860,0.0,0.0
2013-03-14 00:00:00+08:00,22.42,22.53,22.03,22.34,33769023,0.0,0.0
2013-03-15 00:00:00+08:00,22.63,22.63,22.13,22.34,28924087,0.0,0.0
2013-03-18 00:00:00+08:00,22.03,22.21,21.43,21.59,47613777,0.0,0.0
2013-03-19 00:00:00+08:00,21.64,21.9,21.64,21.74,30959082,0.0,0.0
2013-03-20 00:00:00+08:00,21.9,22.42,21.74,21.82,52554521,0.0,0.0
2013-03-21 00:00:00+08:00,21.9,22.16,21.8,22.0,31197993,0.0,0.0
2013-03-22 00:00:00+08:00,22.0,22.08,21.77,21.77,23256906,0.0,0.0
2013-03-25 00:00:00+08:00,22.16,22.19,21.9,21.98,20045544,0.0,0.0
2013-03-26 00:00:00+08:00,22.11,22.11,21.82,21.82,15175140,0.0,0.0
2013-03-27 00:00:00+08:00,21.85,22.42,21.85,22.42,25091797,0.0,0.0
2013-03-28 00:00:00+08:00,22.42,22.42,22.06,22.29,18547798,0.0,0.0
2013-03-29 00:00:00+08:00,22.34,22.42,22.03,22.32,14817379,0.0,0.0
2013-04-01 00:00:00+08:00,22.32,22.4,21.85,21.87,18322227,0.0,0.0
2013-04-02 00:00:00+08:00,21.82,21.85,21.27,21.3,36048993,0.0,0.0
2013-04-03 00:00:00+08:00,21.43,21.56,21.12,21.33,26258463,0.0,0.0
2013-04-08 00:00:00+08:00,20.88,21.09,20.75,20.81,35255855,0.0,0.0
2013-04-09 00:00:00+08:00,20.86,21.01,20.75,20.86,16340593,0.0,0.0
2013-04-10 00:00:00+08:00,21.22,21.56,21.14,21.33,22446789,0.0,0.0
2013-04-11 00:00:00+08:00,21.38,21.51,21.3,21.38,13115891,0.0,0.0
2013-04-12 00:00:00+08:00,21.38,21.69,21.38,21.43,14511766,0.0,0.0
2013-04-15 00:00:00+08:00,21.38,21.43,21.04,21.09,11693335,0.0,0.0
2013-04-16 00:00:00+08:00,20.75,21.14,20.67,21.07,19731442,0.0,0.0
2013-04-17 00:00:00+08:00,21.12,21.22,21.07,21.12,27006729,0.0,0.0
2013-04-18 00:00:00+08:00,21.12,21.14,20.94,21.07,23554030,0.0,0.0
2013-04-19 00:00:00+08:00,21.14,21.64,21.07,21.48,24940203,0.0,0.0
2013-04-22 00:00:00+08:00,21.64,21.8,21.54,21.8,21246167,0.0,0.0
2013-04-23 00:00:00+08:00,21.69,21.77,21.54,21.77,13465163,0.0,0.0
2013-04-24 00:00:00+08:00,21.9,22.08,21.85,22.0,21197657,0.0,0.0
2013-04-25 00:00:00+08:00,21.93,21.98,21.74,21.9,16001023,0.0,0.0
2013-04-26 00:00:00+08:00,22.0,22.27,22.0,22.06,20666472,0.0,0.0
2013-04-29 00:00:00+08:00,22.06,22.11,21.8,21.85,13494269,0.0,0.0
2013-04-30 00:00:00+08:00,21.93,22.19,21.93,21.98,18698179,0.0,0.0
2013-05-02 00:00:00+08:00,22.11,22.16,21.93,21.95,14509341,0.0,0.0
2013-05-03 00:00:00+08:00,22.19,22.21,22.06,22.08,11199746,0.0,0.0
2013-05-06 00:00:00+08:00,21.9,21.95,21.27,21.33,39487140,0.0,0.0
2013-05-07 00:00:00+08:00,21.22,21.22,20.99,21.07,28117608,0.0,0.0
2013-05-08 00:00:00+08:00,21.12,21.51,21.12,21.3,27277173,0.0,0.0
2013-05-09 00:00:00+08:00,21.38,21.64,21.33,21.38,16567377,0.0,0.0
2013-05-10 00:00:00+08:00,21.38,21.59,21.38,21.59,17318070,0.0,0.0
2013-05-13 00:00:00+08:00,21.59,21.59,21.2,21.43,13734393,0.0,0.0
2013-05-14 00:00:00+08:00,21.56,21.64,21.35,21.51,10429650,0.0,0.0
2013-05-15 00:00:00+08:00,21.54,21.98,21.51,21.98,22517129,0.0,0.0
2013-05-16 00:00:00+08:00,22.32,22.66,22.27,22.5,41311116,0.0,0.0
2013-05-17 00:00:00+08:00,22.32,22.45,22.27,22.29,16010725,0.0,0.0
2013-05-20 00:00:00+08:00,22.27,22.34,22.06,22.34,15528051,0.0,0.0
2013-05-21 00:00:00+08:00,22.37,22.42,21.87,21.9,19110514,0.0,0.0
2013-05-22 00:00:00+08:00,21.9,22.06,21.67,21.74,20836257,0.0,0.0
2013-05-23 00:00:00+08:00,21.59,21.59,20.96,21.04,41633707,0.0,0.0
2013-05-24 00:00:00+08:00,21.04,21.14,20.86,21.04,20924788,0.0,0.0
2013-05-27 00:00:00+08:00,21.14,21.17,20.99,21.09,9765063,0.0,0.0
2013-05-28 00:00:00+08:00,21.09,21.25,20.96,20.99,15889450,0.0,0.0
2013-05-29 00:00:00+08:00,21.12,21.35,21.12,21.2,16857225,0.0,0.0
2013-05-30 00:00:00+08:00,21.09,21.2,20.81,20.91,21220699,0.0,0.0
2013-05-31 00:00:00+08:00,21.22,21.25,20.7,20.7,29945223,0.0,0.0
2013-06-03 00:00:00+08:00,20.39,20.54,20.31,20.44,23163525,0.0,0.0
2013-06-04 00:00:00+08:00,20.44,20.67,20.44,20.57,15484392,0.0,0.0
2013-06-05 00:00:00+08:00,20.57,21.04,20.54,20.7,26114145,0.0,0.0
2013-06-06 00:00:00+08:00,20.62,20.88,20.6,20.6,18724860,0.0,0.0
2013-06-07 00:00:00+08:00,20.54,20.99,20.54,20.67,25430154,0.0,0.0
2013-06-10 00:00:00+08:00,20.75,21.01,20.75,20.78,15098737,0.0,0.0
2013-06-11 00:00:00+08:00,20.86,21.01,20.83,20.88,21112764,0.0,0.0
2013-06-13 00:00:00+08:00,20.54,20.67,20.39,20.57,25482303,0.0,0.0
2013-06-14 00:00:00+08:00,20.6,20.67,20.34,20.67,19083834,0.0,0.0
2013-06-17 00:00:00+08:00,20.75,20.91,20.7,20.83,12195414,0.0,0.0
2013-06-18 00:00:00+08:00,20.86,20.86,20.7,20.75,12160244,0.0,0.0
2013-06-19 00:00:00+08:00,20.91,20.91,20.65,20.65,12685365,0.0,0.0
2013-06-20 00:00:00+08:00,20.54,20.67,20.44,20.49,15965853,0.0,0.0
2013-06-21 00:00:00+08:00,20.28,20.44,20.1,20.28,31409012,0.0,0.0
2013-06-24 00:00:00+08:00,20.39,20.39,19.97,20.34,23094398,0.0,0.0
2013-06-25 00:00:00+08:00,20.28,20.34,19.76,19.76,40437936,0.0,0.0
2013-06-26 00:00:00+08:00,20.08,20.28,19.97,20.15,31299864,0.0,0.0
2013-06-27 00:00:00+08:00,20.34,20.86,20.31,20.86,30862062,0.0,0.0
2013-06-28 00:00:00+08:00,21.12,21.3,20.88,21.3,50240594,0.0,0.0
2013-07-01 00:00:00+08:00,21.6,21.66,21.31,21.36,24852885,1.0,0.0
2013-07-02 00:00:00+08:00,21.6,21.6,20.96,20.99,35333471,0.0,0.0
2013-07-03 00:00:00+08:00,19.83,20.07,19.56,19.91,121496933,0.0,0.0
2013-07-04 00:00:00+08:00,19.94,19.96,19.86,19.96,47964262,0.0,0.0
2013-07-05 00:00:00+08:00,20.04,20.39,19.99,20.26,48070984,0.0,0.0
2013-07-08 00:00:00+08:00,20.26,20.31,19.96,20.1,38377473,0.0,0.0
2013-07-09 00:00:00+08:00,20.1,20.58,20.1,20.58,34364484,0.0,0.0
2013-07-10 00:00:00+08:00,20.58,20.93,20.5,20.93,49124864,0.0,0.0
2013-07-11 00:00:00+08:00,21.17,21.6,21.09,21.47,58942075,0.0,0.0
2013-07-12 00:00:00+08:00,21.93,22.14,21.68,22.14,147789353,0.0,0.0
2013-07-15 00:00:00+08:00,21.71,21.98,21.47,21.58,69517255,0.0,0.0
2013-07-16 00:00:00+08:00,21.52,21.68,21.36,21.5,76444483,0.0,0.0
2013-07-17 00:00:00+08:00,21.58,21.87,21.41,21.66,74590188,0.0,0.0
2013-07-18 00:00:00+08:00,21.66,22.01,21.6,21.79,65829282,0.0,0.0
2013-07-19 00:00:00+08:00,22.01,22.01,21.66,21.68,43330344,0.0,0.0
2013-07-22 00:00:00+08:00,22.03,22.11,21.82,21.93,33232988,0.0,0.0
2013-07-23 00:00:00+08:00,22.11,22.3,21.95,22.19,58550357,0.0,0.0
2013-07-24 00:00:00+08:00,22.3,22.33,21.82,21.9,30186560,0.0,0.0
2013-07-25 00:00:00+08:00,21.9,21.98,21.71,21.9,17012457,0.0,0.0
2013-07-26 00:00:00+08:00,21.87,22.03,21.84,21.9,21254656,0.0,0.0
2013-07-29 00:00:00+08:00,22.11,22.11,21.87,21.93,11519912,0.0,0.0
2013-07-30 00:00:00+08:00,22.11,22.54,22.09,22.27,34917498,0.0,0.0
2013-07-31 00:00:00+08:00,22.41,22.62,22.41,22.62,41694345,0.0,0.0
2013-08-01 00:00:00+08:00,22.62,22.81,22.33,22.33,26840583,0.0,0.0
2013-08-02 00:00:00+08:00,22.73,22.84,22.54,22.65,28050907,0.0,0.0
2013-08-05 00:00:00+08:00,22.65,22.84,22.52,22.81,11860695,0.0,0.0
2013-08-06 00:00:00+08:00,22.84,22.84,22.38,22.46,17749809,0.0,0.0
2013-08-07 00:00:00+08:00,22.11,22.14,21.76,21.76,26191761,0.0,0.0
2013-08-08 00:00:00+08:00,21.79,22.06,21.76,22.03,17299878,0.0,0.0
2013-08-09 00:00:00+08:00,22.09,22.09,21.68,21.79,17207709,0.0,0.0
2013-08-12 00:00:00+08:00,21.87,21.9,21.68,21.84,7020609,0.0,0.0
2013-08-13 00:00:00+08:00,21.93,22.3,21.93,22.3,16516442,0.0,0.0
2013-08-14 00:00:00+08:00,22.09,22.19,21.95,22.14,11363467,0.0,0.0
2013-08-15 00:00:00+08:00,22.11,22.17,21.87,21.95,20163181,0.0,0.0
2013-08-16 00:00:00+08:00,21.79,22.11,21.76,21.98,16957883,0.0,0.0
2013-08-19 00:00:00+08:00,22.14,22.22,21.84,21.98,11023897,0.0,0.0
2013-08-20 00:00:00+08:00,22.09,22.25,21.9,22.14,18666648,0.0,0.0
2013-08-22 00:00:00+08:00,21.98,22.01,21.66,21.9,26350632,0.0,0.0
2013-08-23 00:00:00+08:00,21.98,22.03,21.76,21.76,13394823,0.0,0.0
2013-08-26 00:00:00+08:00,21.84,21.98,21.68,21.71,7574836,0.0,0.0
2013-08-27 00:00:00+08:00,21.66,21.76,21.41,21.44,12868490,0.0,0.0
2013-08-28 00:00:00+08:00,21.23,21.44,21.07,21.28,16942117,0.0,0.0
2013-08-29 00:00:00+08:00,21.28,21.63,21.28,21.63,12617451,0.0,0.0
2013-08-30 00:00:00+08:00,21.63,22.03,21.58,22.03,14195238,0.0,0.0
2013-09-02 00:00:00+08:00,21.98,22.01,21.76,21.95,10330204,0.0,0.0
2013-09-03 00:00:00+08:00,22.25,22.38,22.09,22.11,16454592,0.0,0.0
2013-09-04 00:00:00+08:00,22.06,22.19,22.03,22.03,12754491,0.0,0.0
2013-09-05 00:00:00+08:00,22.09,22.22,21.98,22.19,18981963,0.0,0.0
2013-09-06 00:00:00+08:00,22.03,22.11,21.82,21.95,20910235,0.0,0.0
2013-09-09 00:00:00+08:00,21.93,22.03,21.68,22.03,19587125,0.0,0.0
2013-09-10 00:00:00+08:00,22.03,22.14,21.44,21.68,35930144,0.0,0.0
2013-09-11 00:00:00+08:00,21.68,21.95,21.6,21.95,35787039,0.0,0.0
2013-09-12 00:00:00+08:00,21.79,21.93,21.71,21.87,20714982,0.0,0.0
2013-09-13 00:00:00+08:00,21.87,21.93,21.79,21.87,11159725,0.0,0.0
2013-09-16 00:00:00+08:00,21.95,22.19,21.9,22.19,22045369,0.0,0.0
2013-09-17 00:00:00+08:00,22.14,22.22,22.01,22.22,12890319,0.0,0.0
2013-09-18 00:00:00+08:00,22.25,22.38,22.14,22.22,24047619,0.0,0.0
2013-09-23 00:00:00+08:00,21.98,22.52,21.93,22.52,26504651,0.0,0.0
2013-09-24 00:00:00+08:00,22.52,22.52,22.3,22.44,18089379,0.0,0.0
2013-09-25 00:00:00+08:00,22.27,22.49,22.22,22.49,13176528,0.0,0.0
2013-09-26 00:00:00+08:00,22.49,22.49,22.11,22.22,13702862,0.0,0.0
2013-09-27 00:00:00+08:00,22.36,22.49,22.17,22.27,15262458,0.0,0.0
2013-09-30 00:00:00+08:00,22.14,22.27,21.98,21.98,12829682,0.0,0.0
2013-10-01 00:00:00+08:00,21.95,22.11,21.93,21.98,10218631,0.0,0.0
2013-10-02 00:00:00+08:00,22.19,22.25,21.87,21.87,12582281,0.0,0.0
2013-10-03 00:00:00+08:00,21.9,22.57,21.9,22.57,32938290,0.0,0.0
2013-10-04 00:00:00+08:00,22.57,22.73,22.49,22.65,18819454,0.0,0.0
2013-10-07 00:00:00+08:00,22.46,22.76,22.44,22.65,12701130,0.0,0.0
2013-10-08 00:00:00+08:00,22.65,23.08,22.54,23.08,22114496,0.0,0.0
2013-10-09 00:00:00+08:00,23.08,23.59,22.97,23.24,42118807,0.0,0.0
2013-10-11 00:00:00+08:00,23.48,23.78,23.16,23.24,30675298,0.0,0.0
2013-10-14 00:00:00+08:00,23.24,23.43,23.11,23.38,17839552,0.0,0.0
2013-10-15 00:00:00+08:00,23.51,23.59,23.22,23.4,22683276,0.0,0.0
2013-10-16 00:00:00+08:00,23.43,23.48,23.22,23.24,21519036,0.0,0.0
2013-10-17 00:00:00+08:00,23.38,23.56,23.13,23.27,19613805,0.0,0.0
2013-10-18 00:00:00+08:00,23.38,23.38,22.73,22.89,23363628,0.0,0.0
2013-10-21 00:00:00+08:00,23.05,23.19,22.87,23.05,13779265,0.0,0.0
2013-10-22 00:00:00+08:00,23.05,23.13,22.84,22.97,16446102,0.0,0.0
2013-10-23 00:00:00+08:00,22.87,22.92,22.36,22.44,31670966,0.0,0.0
2013-10-24 00:00:00+08:00,22.36,22.41,22.17,22.27,20955107,0.0,0.0
2013-10-25 00:00:00+08:00,22.17,22.3,22.06,22.17,20208053,0.0,0.0
2013-10-28 00:00:00+08:00,22.19,22.6,22.17,22.6,14546936,0.0,0.0
2013-10-29 00:00:00+08:00,22.57,22.73,22.46,22.7,15797281,0.0,0.0
2013-10-30 00:00:00+08:00,22.76,23.08,22.65,23.08,22024752,0.0,0.0
2013-10-31 00:00:00+08:00,22.79,23.11,22.76,23.11,18572053,0.0,0.0
2013-11-01 00:00:00+08:00,23.11,23.11,22.68,22.68,12796938,0.0,0.0
2013-11-04 00:00:00+08:00,22.57,22.62,22.19,22.3,16318764,0.0,0.0
2013-11-05 00:00:00+08:00,22.3,22.41,22.03,22.03,20650707,0.0,0.0
2013-11-06 00:00:00+08:00,21.93,22.22,21.87,22.17,19817547,0.0,0.0
2013-11-07 00:00:00+08:00,22.17,22.17,21.87,21.95,16869352,0.0,0.0
2013-11-08 00:00:00+08:00,21.93,22.11,21.9,22.03,12112947,0.0,0.0
2013-11-11 00:00:00+08:00,22.19,22.19,21.93,21.95,10194376,0.0,0.0
2013-11-12 00:00:00+08:00,22.17,22.17,21.98,22.14,14744614,0.0,0.0
2013-11-13 00:00:00+08:00,22.25,22.25,21.84,21.84,15051440,0.0,0.0
2013-11-14 00:00:00+08:00,21.9,22.03,21.87,21.9,10214993,0.0,0.0
2013-11-15 00:00:00+08:00,22.03,22.14,21.95,21.95,7711877,0.0,0.0
2013-11-18 00:00:00+08:00,22.03,22.44,22.03,22.41,17288964,0.0,0.0
2013-11-19 00:00:00+08:00,22.46,22.52,22.36,22.52,16020427,0.0,0.0
2013-11-20 00:00:00+08:00,22.49,22.73,22.41,22.46,15968279,0.0,0.0
2013-11-21 00:00:00+08:00,22.38,22.38,21.95,21.98,17166476,0.0,0.0
2013-11-22 00:00:00+08:00,21.98,22.22,21.98,22.14,10845623,0.0,0.0
2013-11-25 00:00:00+08:00,22.46,22.65,22.41,22.57,18944367,0.0,0.0
2013-11-26 00:00:00+08:00,22.68,22.68,22.46,22.46,19212385,0.0,0.0
2013-11-27 00:00:00+08:00,22.65,22.65,22.46,22.54,11671506,0.0,0.0
2013-11-28 00:00:00+08:00,22.68,22.87,22.52,22.54,17535152,0.0,0.0
2013-11-29 00:00:00+08:00,22.62,22.76,22.52,22.73,21340761,0.0,0.0
2013-12-02 00:00:00+08:00,22.79,22.79,22.57,22.7,8155743,0.0,0.0
2013-12-03 00:00:00+08:00,22.73,22.73,22.57,22.57,6386341,0.0,0.0
2013-12-04 00:00:00+08:00,22.57,22.76,22.57,22.57,8842160,0.0,0.0
2013-12-05 00:00:00+08:00,22.62,22.68,22.44,22.49,9030136,0.0,0.0
2013-12-06 00:00:00+08:00,22.52,22.54,22.38,22.41,11880099,0.0,0.0
2013-12-09 00:00:00+08:00,22.52,22.73,22.49,22.62,12810278,0.0,0.0
2013-12-10 00:00:00+08:00,22.79,22.87,22.68,22.81,18187611,0.0,0.0
2013-12-11 00:00:00+08:00,22.81,23.11,22.73,22.84,22831231,0.0,0.0
2013-12-12 00:00:00+08:00,22.79,22.79,22.46,22.54,10871091,0.0,0.0
2013-12-13 00:00:00+08:00,22.68,22.68,22.46,22.49,14851336,0.0,0.0
2013-12-16 00:00:00+08:00,22.49,22.54,22.19,22.19,13095274,0.0,0.0
2013-12-17 00:00:00+08:00,22.44,22.52,22.27,22.3,14502064,0.0,0.0
2013-12-18 00:00:00+08:00,22.3,22.44,22.06,22.22,13181379,0.0,0.0
2013-12-19 00:00:00+08:00,22.41,22.68,22.41,22.62,18559926,0.0,0.0
2013-12-20 00:00:00+08:00,22.49,22.81,22.49,22.65,15466200,0.0,0.0
2013-12-23 00:00:00+08:00,22.89,22.97,22.76,22.92,14201302,0.0,0.0
2013-12-24 00:00:00+08:00,23.11,23.11,22.89,22.89,9413365,0.0,0.0
2013-12-25 00:00:00+08:00,22.95,23.03,22.95,22.97,5471928,0.0,0.0
2013-12-26 00:00:00+08:00,22.95,22.97,22.81,22.87,4552663,0.0,0.0
2013-12-27 00:00:00+08:00,22.87,23.11,22.81,23.08,11723654,0.0,0.0
2013-12-30 00:00:00+08:00,23.16,23.48,23.16,23.48,24974160,0.0,0.0
2013-12-31 00:00:00+08:00,23.54,23.59,23.32,23.43,11260383,0.0,0.0
2014-01-02 00:00:00+08:00,23.46,23.73,23.35,23.4,19069281,0.0,0.0
2014-01-03 00:00:00+08:00,23.4,23.4,23.11,23.11,16714120,0.0,0.0
2014-01-06 00:00:00+08:00,22.97,23.03,22.7,22.7,17428430,0.0,0.0
2014-01-07 00:00:00+08:00,22.73,23.0,22.73,22.89,13651926,0.0,0.0
2014-01-08 00:00:00+08:00,23.05,23.08,22.84,22.84,10467245,0.0,0.0
2014-01-09 00:00:00+08:00,23.08,23.13,23.03,23.11,12967935,0.0,0.0
2014-01-10 00:00:00+08:00,23.13,23.22,22.95,22.95,14714295,0.0,0.0
2014-01-13 00:00:00+08:00,23.16,23.3,23.0,23.3,10515755,0.0,0.0
2014-01-14 00:00:00+08:00,23.11,23.32,23.0,23.27,10902622,0.0,0.0
2014-01-15 00:00:00+08:00,23.32,23.4,23.13,23.13,17145859,0.0,0.0
2014-01-16 00:00:00+08:00,23.35,23.38,23.11,23.11,13871434,0.0,0.0
2014-01-17 00:00:00+08:00,23.16,23.24,23.05,23.13,10052484,0.0,0.0
2014-01-20 00:00:00+08:00,23.22,23.46,23.13,23.43,14842847,0.0,0.0
2014-01-21 00:00:00+08:00,23.38,23.67,23.35,23.48,19709613,0.0,0.0
2014-01-22 00:00:00+08:00,23.48,23.62,23.43,23.59,12396730,0.0,0.0
2014-01-23 00:00:00+08:00,23.59,23.59,23.32,23.32,14235259,0.0,0.0
2014-01-24 00:00:00+08:00,23.16,23.43,23.11,23.27,18718796,0.0,0.0
2014-01-27 00:00:00+08:00,23.0,23.05,22.79,23.0,32545359,0.0,0.0
2014-02-05 00:00:00+08:00,22.52,22.73,22.19,22.19,47412461,0.0,0.0
2014-02-06 00:00:00+08:00,22.41,22.41,22.22,22.3,18732136,0.0,0.0
2014-02-07 00:00:00+08:00,22.52,22.52,22.36,22.44,17171327,0.0,0.0
2014-02-10 00:00:00+08:00,22.46,22.6,22.36,22.36,13444546,0.0,0.0
2014-02-11 00:00:00+08:00,22.68,22.76,22.62,22.62,12140840,0.0,0.0
2014-02-12 00:00:00+08:00,22.73,22.89,22.7,22.89,13768350,0.0,0.0
2014-02-13 00:00:00+08:00,22.84,22.97,22.7,22.79,10252588,0.0,0.0
2014-02-14 00:00:00+08:00,22.84,23.08,22.84,23.0,17150710,0.0,0.0
2014-02-17 00:00:00+08:00,23.11,23.11,22.81,22.81,9019221,0.0,0.0
2014-02-18 00:00:00+08:00,22.95,23.11,22.73,23.11,9607405,0.0,0.0
2014-02-19 00:00:00+08:00,22.89,23.22,22.89,23.22,14677913,0.0,0.0
2014-02-20 00:00:00+08:00,23.16,23.16,22.97,23.13,9116241,0.0,0.0
2014-02-21 00:00:00+08:00,23.24,23.38,23.22,23.32,10502415,0.0,0.0
2014-02-24 00:00:00+08:00,23.03,23.05,22.57,22.73,27866569,0.0,0.0
2014-02-25 00:00:00+08:00,22.68,22.73,22.57,22.68,21489930,0.0,0.0
2014-02-26 00:00:00+08:00,22.65,22.76,22.57,22.57,17456323,0.0,0.0
2014-02-27 00:00:00+08:00,22.79,22.79,22.6,22.76,16262977,0.0,0.0
2014-03-03 00:00:00+08:00,22.62,22.76,22.25,22.54,26319100,0.0,0.0
2014-03-04 00:00:00+08:00,22.41,22.52,22.3,22.36,14282556,0.0,0.0
2014-03-05 00:00:00+08:00,22.54,22.57,22.36,22.44,9837828,0.0,0.0
2014-03-06 00:00:00+08:00,22.57,22.57,22.36,22.57,20792598,0.0,0.0
2014-03-07 00:00:00+08:00,22.6,22.84,22.6,22.73,23657114,0.0,0.0
2014-03-10 00:00:00+08:00,22.57,22.65,22.3,22.3,21288613,0.0,0.0
2014-03-11 00:00:00+08:00,22.52,22.57,22.3,22.3,20579154,0.0,0.0
2014-03-12 00:00:00+08:00,22.25,22.44,22.19,22.3,18944367,0.0,0.0
2014-03-13 00:00:00+08:00,22.3,22.68,22.25,22.3,32926162,0.0,0.0
2014-03-14 00:00:00+08:00,22.25,22.44,22.19,22.22,17518173,0.0,0.0
2014-03-17 00:00:00+08:00,22.14,22.41,22.11,22.41,11985608,0.0,0.0
2014-03-18 00:00:00+08:00,22.57,22.62,22.44,22.46,24213766,0.0,0.0
2014-03-19 00:00:00+08:00,22.44,22.46,22.19,22.22,19317894,0.0,0.0
2014-03-20 00:00:00+08:00,22.14,22.14,21.76,21.76,29925819,0.0,0.0
2014-03-21 00:00:00+08:00,21.87,21.95,21.76,21.79,20291733,0.0,0.0
2014-03-24 00:00:00+08:00,21.68,21.79,21.6,21.79,23558881,0.0,0.0
2014-03-25 00:00:00+08:00,21.79,22.19,21.79,22.03,18427736,0.0,0.0
2014-03-26 00:00:00+08:00,22.25,22.25,22.03,22.09,14656083,0.0,0.0
2014-03-27 00:00:00+08:00,22.09,22.19,22.03,22.09,18563564,0.0,0.0
2014-03-28 00:00:00+08:00,22.03,22.19,21.9,22.19,21465675,0.0,0.0
2014-03-31 00:00:00+08:00,22.25,22.25,21.95,22.19,15253969,0.0,0.0
2014-04-01 00:00:00+08:00,22.19,22.25,22.11,22.25,9678957,0.0,0.0
2014-04-02 00:00:00+08:00,22.3,22.46,22.19,22.46,13171677,0.0,0.0
2014-04-03 00:00:00+08:00,22.46,22.54,22.19,22.36,20676174,0.0,0.0
2014-04-07 00:00:00+08:00,22.09,22.36,22.09,22.3,16856012,0.0,0.0
2014-04-08 00:00:00+08:00,22.27,22.33,22.14,22.14,10051272,0.0,0.0
2014-04-09 00:00:00+08:00,22.36,22.36,22.11,22.19,18117272,0.0,0.0
2014-04-10 00:00:00+08:00,22.44,22.46,22.3,22.46,19809058,0.0,0.0
2014-04-11 00:00:00+08:00,22.36,22.49,22.33,22.49,12595621,0.0,0.0
2014-04-14 00:00:00+08:00,22.49,22.49,22.33,22.38,9970017,0.0,0.0
2014-04-15 00:00:00+08:00,22.49,22.49,22.33,22.33,12565302,0.0,0.0
2014-04-16 00:00:00+08:00,22.27,22.44,22.27,22.36,19858781,0.0,0.0
2014-04-17 00:00:00+08:00,22.46,22.46,22.27,22.36,10339906,0.0,0.0
2014-04-18 00:00:00+08:00,22.3,22.36,22.25,22.33,7560283,0.0,0.0
2014-04-21 00:00:00+08:00,22.25,22.3,22.09,22.09,10573967,0.0,0.0
2014-04-22 00:00:00+08:00,22.14,22.3,22.11,22.19,8235785,0.0,0.0
2014-04-23 00:00:00+08:00,22.09,22.19,21.84,21.9,23174439,0.0,0.0
2014-04-24 00:00:00+08:00,21.9,21.9,21.74,21.84,21951987,0.0,0.0
2014-04-25 00:00:00+08:00,21.76,21.79,21.23,21.36,26514353,0.0,0.0
2014-04-28 00:00:00+08:00,20.96,21.2,20.96,21.04,28932576,0.0,0.0
2014-04-29 00:00:00+08:00,21.23,21.23,20.99,21.04,26947305,0.0,0.0
2014-04-30 00:00:00+08:00,21.07,21.17,20.96,20.96,21238890,0.0,0.0
2014-05-02 00:00:00+08:00,21.07,21.36,21.01,21.28,13956327,0.0,0.0
2014-05-05 00:00:00+08:00,21.47,21.47,20.99,21.04,12777534,0.0,0.0
2014-05-06 00:00:00+08:00,21.04,21.63,20.88,21.58,22707531,0.0,0.0
2014-05-07 00:00:00+08:00,21.58,21.6,21.28,21.33,21807670,0.0,0.0
2014-05-08 00:00:00+08:00,21.39,21.79,21.36,21.5,25234902,0.0,0.0
2014-05-09 00:00:00+08:00,21.66,21.76,21.44,21.5,19770250,0.0,0.0
2014-05-12 00:00:00+08:00,21.6,21.6,21.28,21.41,7839216,0.0,0.0
2014-05-13 00:00:00+08:00,21.44,21.5,21.17,21.2,18740625,0.0,0.0
2014-05-14 00:00:00+08:00,21.2,21.52,21.17,21.52,17139795,0.0,0.0
2014-05-15 00:00:00+08:00,21.39,21.41,21.31,21.41,7765238,0.0,0.0
2014-05-16 00:00:00+08:00,21.23,21.6,21.2,21.6,18126974,0.0,0.0
2014-05-19 00:00:00+08:00,21.71,22.03,21.68,22.03,32494423,0.0,0.0
2014-05-20 00:00:00+08:00,22.09,22.09,21.87,21.93,19783590,0.0,0.0
2014-05-21 00:00:00+08:00,21.93,21.93,21.55,21.6,15236991,0.0,0.0
2014-05-22 00:00:00+08:00,21.66,21.95,21.58,21.95,26410056,0.0,0.0
2014-05-23 00:00:00+08:00,21.79,22.3,21.79,22.3,26320313,0.0,0.0
2014-05-26 00:00:00+08:00,22.36,22.57,22.25,22.57,27257769,0.0,0.0
2014-05-27 00:00:00+08:00,22.57,22.65,22.49,22.62,20672536,0.0,0.0
2014-05-28 00:00:00+08:00,22.65,23.08,22.52,22.97,41108586,0.0,0.0
2014-05-29 00:00:00+08:00,23.05,23.22,22.97,23.16,45092470,0.0,0.0
2014-05-30 00:00:00+08:00,23.22,23.27,23.11,23.19,44771091,0.0,0.0
2014-06-03 00:00:00+08:00,23.27,23.32,22.89,23.16,27640998,0.0,0.0
2014-06-04 00:00:00+08:00,23.11,23.13,22.92,23.03,18183973,0.0,0.0
2014-06-05 00:00:00+08:00,23.03,23.19,22.89,23.16,14659722,0.0,0.0
2014-06-06 00:00:00+08:00,23.27,23.27,22.97,23.11,12337305,0.0,0.0
2014-06-09 00:00:00+08:00,23.11,23.11,22.97,23.03,9733531,0.0,0.0
2014-06-10 00:00:00+08:00,23.11,23.3,23.11,23.3,20522155,0.0,0.0
2014-06-11 00:00:00+08:00,23.38,23.43,23.19,23.27,11644825,0.0,0.0
2014-06-12 00:00:00+08:00,23.22,23.27,23.11,23.27,7054566,0.0,0.0
2014-06-13 00:00:00+08:00,23.24,23.24,23.0,23.11,10096143,0.0,0.0
2014-06-16 00:00:00+08:00,23.22,23.22,22.95,23.19,14274067,0.0,0.0
2014-06-17 00:00:00+08:00,23.27,23.27,23.08,23.24,14406257,0.0,0.0
2014-06-18 00:00:00+08:00,23.27,23.27,23.13,23.27,18985601,0.0,0.0
2014-06-19 00:00:00+08:00,23.27,23.43,23.27,23.4,23169588,0.0,0.0
2014-06-20 00:00:00+08:00,23.4,23.48,23.24,23.27,35884059,0.0,0.0
2014-06-23 00:00:00+08:00,23.5,23.64,23.45,23.59,27850803,1.5,0.0
2014-06-24 00:00:00+08:00,23.64,23.76,23.62,23.7,17316857,0.0,0.0
2014-06-25 00:00:00+08:00,23.7,24.04,23.64,24.04,20182585,0.0,0.0
2014-06-26 00:00:00+08:00,24.12,24.12,23.87,24.01,15218799,0.0,0.0
2014-06-27 00:00:00+08:00,23.92,23.95,23.81,23.87,14243748,0.0,0.0
2014-06-30 00:00:00+08:00,23.87,24.21,23.87,24.21,14383215,0.0,0.0
2014-07-01 00:00:00+08:00,24.23,24.23,24.07,24.12,8215168,0.0,0.0
2014-07-02 00:00:00+08:00,24.21,24.23,23.92,24.18,15267309,0.0,0.0
2014-07-03 00:00:00+08:00,23.95,24.18,23.95,23.98,7913193,0.0,0.0
2014-07-04 00:00:00+08:00,24.04,24.15,24.01,24.12,7943512,0.0,0.0
2014-07-07 00:00:00+08:00,24.12,24.12,24.01,24.12,9248431,0.0,0.0
2014-07-08 00:00:00+08:00,24.12,24.4,24.09,24.37,16908160,0.0,0.0
2014-07-09 00:00:00+08:00,24.57,25.07,24.54,25.05,40183258,0.0,0.0
2014-07-10 00:00:00+08:00,25.19,25.64,25.13,25.64,40456127,0.0,0.0
2014-07-11 00:00:00+08:00,25.64,25.78,25.36,25.58,29552292,0.0,0.0
2014-07-14 00:00:00+08:00,25.69,26.93,25.47,26.36,44813538,0.0,0.0
2014-07-15 00:00:00+08:00,26.53,27.26,26.53,27.23,49521433,0.0,0.0
2014-07-16 00:00:00+08:00,27.32,27.43,26.28,26.36,39143931,0.0,0.0
2014-07-17 00:00:00+08:00,26.7,26.76,26.36,26.59,26767818,0.0,0.0
2014-07-18 00:00:00+08:00,26.42,26.62,26.36,26.62,19565295,0.0,0.0
2014-07-21 00:00:00+08:00,26.9,27.04,26.45,26.76,22175133,0.0,0.0
2014-07-22 00:00:00+08:00,26.76,27.04,26.62,27.04,26730222,0.0,0.0
2014-07-23 00:00:00+08:00,27.04,27.04,27.04,27.04,0,0.0,0.0
2014-07-24 00:00:00+08:00,27.15,27.32,26.9,27.32,23248417,0.0,0.0
2014-07-25 00:00:00+08:00,27.43,27.82,27.43,27.66,33271796,0.0,0.0
2014-07-28 00:00:00+08:00,27.82,27.96,27.54,27.77,17885637,0.0,0.0
2014-07-29 00:00:00+08:00,27.8,27.94,26.53,26.65,37112575,0.0,0.0
2014-07-30 00:00:00+08:00,26.93,27.26,26.79,27.26,26314249,0.0,0.0
2014-07-31 00:00:00+08:00,27.26,27.26,26.62,26.65,23050739,0.0,0.0
2014-08-01 00:00:00+08:00,26.11,26.36,25.94,26.03,20152266,0.0,0.0
2014-08-04 00:00:00+08:00,25.69,26.11,25.69,26.03,18561138,0.0,0.0
2014-08-05 00:00:00+08:00,26.03,26.03,24.99,24.99,43144794,0.0,0.0
2014-08-06 00:00:00+08:00,24.96,25.47,24.74,25.38,23880260,0.0,0.0
2014-08-07 00:00:00+08:00,25.55,25.55,25.3,25.55,9779616,0.0,0.0
2014-08-08 00:00:00+08:00,25.55,25.58,25.3,25.5,13427568,0.0,0.0
2014-08-11 00:00:00+08:00,26.08,26.31,25.92,26.03,16704418,0.0,0.0
2014-08-12 00:00:00+08:00,26.03,26.22,25.86,26.0,15217587,0.0,0.0
2014-08-13 00:00:00+08:00,26.08,26.36,25.86,26.2,26414907,0.0,0.0
2014-08-14 00:00:00+08:00,26.36,26.67,26.2,26.62,18709094,0.0,0.0
2014-08-15 00:00:00+08:00,26.59,26.59,26.14,26.25,11449572,0.0,0.0
2014-08-18 00:00:00+08:00,26.11,26.17,25.66,25.8,19798143,0.0,0.0
2014-08-19 00:00:00+08:00,25.92,26.25,25.92,26.14,17734043,0.0,0.0
2014-08-20 00:00:00+08:00,26.45,27.21,26.36,27.21,34005510,0.0,0.0
2014-08-21 00:00:00+08:00,27.15,27.35,26.95,27.21,21617268,0.0,0.0
2014-08-22 00:00:00+08:00,27.32,27.88,27.23,27.49,42886478,0.0,0.0
2014-08-25 00:00:00+08:00,27.88,27.88,27.26,27.35,21021808,0.0,0.0
2014-08-26 00:00:00+08:00,27.37,27.49,26.98,27.26,19281512,0.0,0.0
2014-08-27 00:00:00+08:00,27.49,27.88,27.43,27.8,32808525,0.0,0.0
2014-08-28 00:00:00+08:00,27.94,27.94,27.57,27.82,18528394,0.0,0.0
2014-08-29 00:00:00+08:00,27.57,27.66,27.37,27.37,17320495,0.0,0.0
2014-09-01 00:00:00+08:00,27.49,27.77,27.46,27.71,10754667,0.0,0.0
2014-09-02 00:00:00+08:00,27.54,27.66,27.35,27.46,8635992,0.0,0.0
2014-09-03 00:00:00+08:00,27.71,28.05,27.54,28.05,26715669,0.0,0.0
2014-09-04 00:00:00+08:00,27.99,28.02,27.82,27.99,14130963,0.0,0.0
2014-09-05 00:00:00+08:00,28.05,28.05,27.82,27.96,11519912,0.0,0.0
2014-09-09 00:00:00+08:00,28.16,28.5,28.1,28.16,16917862,0.0,0.0
2014-09-10 00:00:00+08:00,28.38,28.44,27.94,28.05,21845265,0.0,0.0
2014-09-11 00:00:00+08:00,28.16,28.16,27.77,27.82,16501889,0.0,0.0
2014-09-12 00:00:00+08:00,27.82,27.82,27.43,27.49,14515404,0.0,0.0
2014-09-15 00:00:00+08:00,27.26,27.51,27.04,27.21,16125936,0.0,0.0
2014-09-16 00:00:00+08:00,27.4,27.4,27.09,27.09,10390842,0.0,0.0
2014-09-17 00:00:00+08:00,27.21,27.54,27.12,27.18,19838164,0.0,0.0
2014-09-18 00:00:00+08:00,27.21,27.54,27.18,27.49,12055947,0.0,0.0
2014-09-19 00:00:00+08:00,27.63,27.82,27.43,27.57,17328984,0.0,0.0
2014-09-22 00:00:00+08:00,27.54,27.77,27.12,27.51,16068937,0.0,0.0
2014-09-23 00:00:00+08:00,27.54,27.54,27.04,27.04,16117447,0.0,0.0
2014-09-24 00:00:00+08:00,27.04,27.26,26.93,27.01,16615887,0.0,0.0
2014-09-25 00:00:00+08:00,27.01,27.09,26.48,26.62,32688463,0.0,0.0
2014-09-26 00:00:00+08:00,26.25,26.45,25.97,26.08,34995114,0.0,0.0
2014-09-29 00:00:00+08:00,26.08,26.25,26.03,26.2,26902433,0.0,0.0
2014-09-30 00:00:00+08:00,26.22,26.22,25.58,26.2,27349938,0.0,0.0
2014-10-01 00:00:00+08:00,26.2,26.42,25.94,26.08,13569459,0.0,0.0
2014-10-02 00:00:00+08:00,26.03,26.39,25.83,26.14,14898633,0.0,0.0
2014-10-03 00:00:00+08:00,26.36,26.98,26.2,26.95,20064948,0.0,0.0
2014-10-06 00:00:00+08:00,26.98,27.01,26.7,26.81,19294852,0.0,0.0
2014-10-07 00:00:00+08:00,26.79,27.04,26.59,27.04,24086427,0.0,0.0
2014-10-08 00:00:00+08:00,26.81,27.26,26.76,26.93,18806114,0.0,0.0
2014-10-09 00:00:00+08:00,27.49,27.77,27.43,27.68,30840232,0.0,0.0
2014-10-13 00:00:00+08:00,27.07,27.49,27.04,27.15,30262963,0.0,0.0
2014-10-14 00:00:00+08:00,27.04,27.66,26.98,27.66,24938991,0.0,0.0
2014-10-15 00:00:00+08:00,27.66,27.66,27.15,27.35,27115877,0.0,0.0
2014-10-16 00:00:00+08:00,27.01,27.26,26.84,26.93,32374361,0.0,0.0
2014-10-17 00:00:00+08:00,27.09,27.15,25.97,26.03,31753433,0.0,0.0
2014-10-20 00:00:00+08:00,26.48,26.56,26.08,26.53,24629739,0.0,0.0
2014-10-21 00:00:00+08:00,26.56,26.7,26.36,26.62,8233359,0.0,0.0
2014-10-22 00:00:00+08:00,26.93,27.04,26.7,26.79,19184492,0.0,0.0
2014-10-23 00:00:00+08:00,26.79,27.15,26.76,27.09,12000161,0.0,0.0
2014-10-24 00:00:00+08:00,26.93,27.09,26.76,26.95,11077258,0.0,0.0
2014-10-27 00:00:00+08:00,26.98,27.32,26.98,27.26,13454248,0.0,0.0
2014-10-28 00:00:00+08:00,27.54,28.5,27.54,28.5,58447273,0.0,0.0
2014-10-29 00:00:00+08:00,28.61,29.0,28.22,28.72,46779405,0.0,0.0
2014-10-30 00:00:00+08:00,28.5,28.61,28.22,28.55,20499113,0.0,0.0
2014-10-31 00:00:00+08:00,28.89,28.95,28.44,28.83,22013838,0.0,0.0
2014-11-03 00:00:00+08:00,28.95,28.95,28.44,28.78,13085572,0.0,0.0
2014-11-04 00:00:00+08:00,28.95,29.06,28.55,28.61,16476421,0.0,0.0
2014-11-05 00:00:00+08:00,28.61,28.78,28.44,28.5,10703731,0.0,0.0
2014-11-06 00:00:00+08:00,28.5,28.61,28.22,28.22,8859138,0.0,0.0
2014-11-07 00:00:00+08:00,28.22,28.44,28.16,28.27,8232147,0.0,0.0
2014-11-10 00:00:00+08:00,28.16,29.11,28.16,28.83,24382338,0.0,0.0
2014-11-11 00:00:00+08:00,29.0,29.06,28.66,28.78,12445240,0.0,0.0
2014-11-12 00:00:00+08:00,28.72,28.72,27.96,28.1,17896551,0.0,0.0
2014-11-13 00:00:00+08:00,28.1,28.5,28.05,28.5,10616413,0.0,0.0
2014-11-14 00:00:00+08:00,28.5,28.66,28.22,28.5,10769220,0.0,0.0
2014-11-17 00:00:00+08:00,28.5,28.5,27.96,27.96,19701123,0.0,0.0
2014-11-18 00:00:00+08:00,27.96,28.22,27.6,27.94,13950263,0.0,0.0
2014-11-19 00:00:00+08:00,28.05,28.38,27.77,28.16,22449215,0.0,0.0
2014-11-20 00:00:00+08:00,28.22,28.5,28.16,28.5,14982313,0.0,0.0
2014-11-21 00:00:00+08:00,28.5,28.55,28.27,28.27,12605323,0.0,0.0
2014-11-24 00:00:00+08:00,28.61,28.61,28.38,28.55,12741151,0.0,0.0
2014-11-25 00:00:00+08:00,28.55,28.55,28.27,28.27,10633392,0.0,0.0
2014-11-26 00:00:00+08:00,28.44,28.5,28.22,28.33,9865721,0.0,0.0
2014-11-27 00:00:00+08:00,28.38,28.55,28.1,28.16,15905216,0.0,0.0
2014-11-28 00:00:00+08:00,28.5,28.5,28.33,28.44,15156949,0.0,0.0
2014-12-01 00:00:00+08:00,27.82,28.22,27.6,27.68,33484027,0.0,0.0
2014-12-02 00:00:00+08:00,27.68,27.68,26.65,27.07,42067872,0.0,0.0
2014-12-03 00:00:00+08:00,27.32,27.91,27.07,27.91,26886667,0.0,0.0
2014-12-04 00:00:00+08:00,27.99,28.27,27.94,28.22,18441076,0.0,0.0
2014-12-05 00:00:00+08:00,28.27,28.38,28.1,28.33,15571710,0.0,0.0
2014-12-08 00:00:00+08:00,28.44,28.72,28.1,28.72,20129224,0.0,0.0
2014-12-09 00:00:00+08:00,28.66,28.66,28.22,28.27,11928609,0.0,0.0
2014-12-10 00:00:00+08:00,28.22,28.33,27.77,28.02,23567370,0.0,0.0
2014-12-11 00:00:00+08:00,27.82,28.02,27.66,27.96,14087304,0.0,0.0
2014-12-12 00:00:00+08:00,27.99,28.02,27.77,27.91,11479891,0.0,0.0
2014-12-15 00:00:00+08:00,27.49,27.71,27.4,27.6,13634948,0.0,0.0
2014-12-16 00:00:00+08:00,27.35,27.77,27.32,27.32,13238379,0.0,0.0
2014-12-17 00:00:00+08:00,27.32,27.49,26.7,26.76,31815283,0.0,0.0
2014-12-18 00:00:00+08:00,26.93,27.07,26.7,26.79,23056803,0.0,0.0
2014-12-19 00:00:00+08:00,27.37,27.4,27.12,27.21,14386853,0.0,0.0
2014-12-22 00:00:00+08:00,27.49,27.74,27.43,27.74,11619357,0.0,0.0
2014-12-23 00:00:00+08:00,27.94,28.02,27.82,28.02,13211698,0.0,0.0
2014-12-24 00:00:00+08:00,27.99,28.16,27.88,28.16,9954252,0.0,0.0
2014-12-25 00:00:00+08:00,28.16,28.22,27.99,28.02,6529446,0.0,0.0
2014-12-26 00:00:00+08:00,28.05,28.27,28.02,28.22,6353597,0.0,0.0
2014-12-29 00:00:00+08:00,28.33,28.5,28.1,28.44,12497388,0.0,0.0
2014-12-30 00:00:00+08:00,28.5,28.61,28.44,28.55,13005531,0.0,0.0
2014-12-31 00:00:00+08:00,28.38,28.55,28.27,28.44,8489250,0.0,0.0
2015-01-05 00:00:00+08:00,28.1,28.27,27.77,28.27,13962390,0.0,0.0
2015-01-06 00:00:00+08:00,27.71,27.71,26.98,27.21,33102011,0.0,0.0
2015-01-07 00:00:00+08:00,27.21,27.71,27.18,27.49,17013669,0.0,0.0
2015-01-08 00:00:00+08:00,27.82,27.99,27.66,27.99,11328297,0.0,0.0
2015-01-09 00:00:00+08:00,28.22,28.27,27.8,27.85,14882868,0.0,0.0
2015-01-12 00:00:00+08:00,27.68,27.82,27.54,27.57,6559764,0.0,0.0
2015-01-13 00:00:00+08:00,27.63,28.27,27.63,28.22,17546067,0.0,0.0
2015-01-14 00:00:00+08:00,28.33,28.38,27.82,27.96,18921325,0.0,0.0
2015-01-15 00:00:00+08:00,27.96,28.1,27.68,27.82,12858788,0.0,0.0
2015-01-16 00:00:00+08:00,27.66,27.82,27.26,27.66,22644468,0.0,0.0
2015-01-19 00:00:00+08:00,27.66,27.88,27.46,27.63,10731624,0.0,0.0
2015-01-20 00:00:00+08:00,27.71,27.94,27.49,27.85,12357922,0.0,0.0
2015-01-21 00:00:00+08:00,28.05,28.16,27.91,28.16,15164226,0.0,0.0
2015-01-22 00:00:00+08:00,28.27,28.55,28.27,28.55,21884073,0.0,0.0
2015-01-23 00:00:00+08:00,28.89,29.17,28.44,28.5,37513995,0.0,0.0
2015-01-26 00:00:00+08:00,28.66,28.66,28.27,28.44,11364680,0.0,0.0
2015-01-27 00:00:00+08:00,28.72,28.89,28.5,28.89,22319451,0.0,0.0
2015-01-28 00:00:00+08:00,28.72,28.95,28.61,28.78,15315819,0.0,0.0
2015-01-29 00:00:00+08:00,28.78,28.78,28.38,28.66,14783422,0.0,0.0
2015-01-30 00:00:00+08:00,28.72,28.89,28.22,28.22,16621951,0.0,0.0
2015-02-02 00:00:00+08:00,28.33,28.33,28.05,28.22,11704250,0.0,0.0
2015-02-03 00:00:00+08:00,28.38,28.61,28.22,28.22,12651408,0.0,0.0
2015-02-04 00:00:00+08:00,28.72,29.0,28.5,28.89,31490266,0.0,0.0
2015-02-05 00:00:00+08:00,28.89,29.0,28.78,29.0,17269560,0.0,0.0
2015-02-06 00:00:00+08:00,29.06,29.06,28.83,28.83,11961353,0.0,0.0
2015-02-09 00:00:00+08:00,29.39,29.39,28.61,28.78,11481104,0.0,0.0
2015-02-10 00:00:00+08:00,29.17,29.9,29.0,29.62,47412461,0.0,0.0
2015-02-11 00:00:00+08:00,29.62,29.73,29.34,29.56,29159361,0.0,0.0
2015-02-12 00:00:00+08:00,29.79,30.01,29.67,29.67,26178421,0.0,0.0
2015-02-13 00:00:00+08:00,29.79,30.01,29.67,30.01,20191074,0.0,0.0
2015-02-24 00:00:00+08:00,30.57,31.36,30.57,31.13,47376078,0.0,0.0
2015-02-25 00:00:00+08:00,31.36,31.36,30.91,31.13,20300222,0.0,0.0
2015-02-26 00:00:00+08:00,31.13,31.81,30.63,31.41,43421301,0.0,0.0
2015-03-02 00:00:00+08:00,31.64,31.86,30.96,31.36,23380607,0.0,0.0
2015-03-03 00:00:00+08:00,31.19,31.25,30.52,30.96,25886148,0.0,0.0
2015-03-04 00:00:00+08:00,30.68,31.13,30.63,30.85,15064780,0.0,0.0
2015-03-05 00:00:00+08:00,30.85,30.96,30.52,30.52,16267828,0.0,0.0
2015-03-06 00:00:00+08:00,30.52,31.08,30.35,31.08,13707713,0.0,0.0
2015-03-09 00:00:00+08:00,30.91,31.13,30.68,30.85,14341981,0.0,0.0
2015-03-10 00:00:00+08:00,31.19,31.92,30.96,31.75,27992695,0.0,0.0
2015-03-11 00:00:00+08:00,31.47,33.38,31.47,32.98,72735894,0.0,0.0
2015-03-12 00:00:00+08:00,32.98,33.15,32.54,32.82,28429285,0.0,0.0
2015-03-13 00:00:00+08:00,32.98,33.15,31.86,31.86,33511920,0.0,0.0
2015-03-16 00:00:00+08:00,31.86,32.31,31.58,31.75,19691421,0.0,0.0
2015-03-17 00:00:00+08:00,31.81,32.25,31.69,31.69,18604797,0.0,0.0
2015-03-18 00:00:00+08:00,31.69,32.54,31.64,32.54,25720002,0.0,0.0
2015-03-19 00:00:00+08:00,32.54,32.7,32.31,32.54,22086603,0.0,0.0
2015-03-20 00:00:00+08:00,32.09,32.54,32.09,32.37,16146553,0.0,0.0
2015-03-23 00:00:00+08:00,32.2,32.37,31.97,31.97,18733349,0.0,0.0
2015-03-24 00:00:00+08:00,31.97,32.31,31.81,32.25,19730229,0.0,0.0
2015-03-25 00:00:00+08:00,32.14,32.31,31.53,31.81,21793117,0.0,0.0
2015-03-26 00:00:00+08:00,31.41,32.09,31.3,32.09,20496687,0.0,0.0
2015-03-27 00:00:00+08:00,31.75,31.92,31.08,31.08,27932058,0.0,0.0
2015-03-30 00:00:00+08:00,31.25,31.64,31.19,31.3,20206840,0.0,0.0
2015-03-31 00:00:00+08:00,31.69,31.69,31.02,31.53,26765392,0.0,0.0
2015-04-01 00:00:00+08:00,31.47,31.47,31.13,31.13,17845616,0.0,0.0
2015-04-02 00:00:00+08:00,31.41,32.14,31.36,32.14,29620206,0.0,0.0
2015-04-07 00:00:00+08:00,32.42,32.48,31.86,32.09,12511941,0.0,0.0
2015-04-08 00:00:00+08:00,32.09,32.31,31.64,31.69,14505702,0.0,0.0
2015-04-09 00:00:00+08:00,31.92,32.37,31.69,32.09,19350639,0.0,0.0
2015-04-10 00:00:00+08:00,32.25,32.48,32.09,32.37,22161793,0.0,0.0
2015-04-13 00:00:00+08:00,32.25,32.31,31.97,32.2,12824831,0.0,0.0
2015-04-14 00:00:00+08:00,31.97,32.25,31.97,32.03,16221744,0.0,0.0
2015-04-15 00:00:00+08:00,31.86,31.97,31.25,31.47,26148102,0.0,0.0
2015-04-16 00:00:00+08:00,31.47,32.03,31.41,31.97,21390484,0.0,0.0
2015-04-17 00:00:00+08:00,32.09,32.09,31.81,31.86,11379233,0.0,0.0
2015-04-20 00:00:00+08:00,31.81,32.25,31.69,32.25,18379226,0.0,0.0
2015-04-21 00:00:00+08:00,32.25,32.25,31.92,32.14,12390666,0.0,0.0
2015-04-22 00:00:00+08:00,31.97,32.42,31.97,32.37,16412145,0.0,0.0
2015-04-23 00:00:00+08:00,32.59,34.61,32.59,34.61,83831343,0.0,0.0
2015-04-24 00:00:00+08:00,34.84,35.17,33.99,34.33,66613932,0.0,0.0
2015-04-27 00:00:00+08:00,34.55,36.01,34.33,35.73,59012415,0.0,0.0
2015-04-28 00:00:00+08:00,35.73,37.3,35.34,36.74,56430470,0.0,0.0
2015-04-29 00:00:00+08:00,36.97,37.98,36.57,36.85,59444154,0.0,0.0
2015-04-30 00:00:00+08:00,36.85,37.53,36.35,37.08,42968945,0.0,0.0
2015-05-04 00:00:00+08:00,37.47,38.31,37.02,38.26,44341778,0.0,0.0
2015-05-05 00:00:00+08:00,38.15,38.26,37.47,37.86,34273527,0.0,0.0
2015-05-06 00:00:00+08:00,37.19,37.47,36.57,37.19,31486628,0.0,0.0
2015-05-07 00:00:00+08:00,36.74,36.91,36.13,36.13,34730734,0.0,0.0
2015-05-08 00:00:00+08:00,36.8,37.47,36.63,37.25,30369685,0.0,0.0
2015-05-11 00:00:00+08:00,38.65,38.71,36.91,36.91,51100434,0.0,0.0
2015-05-12 00:00:00+08:00,36.74,37.19,36.35,37.02,24332616,0.0,0.0
2015-05-13 00:00:00+08:00,37.02,37.25,36.63,37.25,18152442,0.0,0.0
2015-05-14 00:00:00+08:00,37.3,37.3,35.23,35.4,56466852,0.0,0.0
2015-05-15 00:00:00+08:00,35.4,35.79,34.72,35.73,39586585,0.0,0.0
2015-05-18 00:00:00+08:00,35.73,35.73,34.95,35.28,24422359,0.0,0.0
2015-05-19 00:00:00+08:00,35.62,36.85,35.56,36.46,40942440,0.0,0.0
2015-05-20 00:00:00+08:00,36.63,36.69,35.9,36.13,22694190,0.0,0.0
2015-05-21 00:00:00+08:00,35.62,35.62,34.84,34.95,40177194,0.0,0.0
2015-05-22 00:00:00+08:00,35.34,35.62,35.12,35.23,19391872,0.0,0.0
2015-05-25 00:00:00+08:00,35.28,35.51,34.84,35.45,9360004,0.0,0.0
2015-05-26 00:00:00+08:00,35.85,36.18,35.45,35.56,15729367,0.0,0.0
2015-05-27 00:00:00+08:00,35.73,36.29,35.68,36.29,30691064,0.0,0.0
2015-05-28 00:00:00+08:00,36.52,36.52,35.79,35.9,25337985,0.0,0.0
2015-05-29 00:00:00+08:00,35.9,35.9,35.45,35.45,24573953,0.0,0.0
2015-06-01 00:00:00+08:00,34.89,35.34,34.89,35.17,17045201,0.0,0.0
2015-06-02 00:00:00+08:00,35.17,35.56,34.84,35.4,22421322,0.0,0.0
2015-06-03 00:00:00+08:00,35.45,35.56,35.06,35.06,15525625,0.0,0.0
2015-06-04 00:00:00+08:00,34.78,35.51,34.27,34.5,34419057,0.0,0.0
2015-06-05 00:00:00+08:00,34.78,35.34,34.33,35.17,25176690,0.0,0.0
2015-06-08 00:00:00+08:00,34.72,35.85,34.61,35.79,23932408,0.0,0.0
2015-06-09 00:00:00+08:00,35.45,35.68,35.0,35.0,19902440,0.0,0.0
2015-06-10 00:00:00+08:00,35.34,35.56,35.06,35.12,14890144,0.0,0.0
2015-06-11 00:00:00+08:00,35.4,35.4,34.78,35.12,17901402,0.0,0.0
2015-06-12 00:00:00+08:00,35.17,35.79,34.95,35.34,24937778,0.0,0.0
2015-06-15 00:00:00+08:00,35.56,36.01,35.34,35.68,26286356,0.0,0.0
2015-06-16 00:00:00+08:00,35.73,35.85,35.23,35.23,21209784,0.0,0.0
2015-06-17 00:00:00+08:00,35.23,35.28,34.55,34.67,27263832,0.0,0.0
2015-06-18 00:00:00+08:00,34.5,35.06,34.5,34.72,18863113,0.0,0.0
2015-06-22 00:00:00+08:00,34.89,36.01,34.89,35.68,27564594,0.0,0.0
2015-06-23 00:00:00+08:00,35.9,36.97,35.9,36.35,40427021,0.0,0.0
2015-06-24 00:00:00+08:00,36.35,36.46,35.73,36.18,20432412,0.0,0.0
2015-06-25 00:00:00+08:00,36.41,36.63,36.13,36.29,29728140,0.0,0.0
2015-06-26 00:00:00+08:00,36.46,36.46,36.01,36.18,20357221,0.0,0.0
2015-06-29 00:00:00+08:00,35.4,35.79,35.12,35.17,44530967,0.0,0.0
2015-06-30 00:00:00+08:00,35.85,36.56,35.73,36.56,41312328,3.0,0.0
2015-07-01 00:00:00+08:00,36.62,36.68,36.21,36.45,15164226,0.0,0.0
2015-07-02 00:00:00+08:00,36.45,37.04,36.39,36.8,21828287,0.0,0.0
2015-07-03 00:00:00+08:00,36.92,37.04,36.33,37.04,16362423,0.0,0.0
2015-07-06 00:00:00+08:00,36.86,37.16,36.62,36.62,14813741,0.0,0.0
2015-07-07 00:00:00+08:00,37.04,37.34,36.86,36.92,16091979,0.0,0.0
2015-07-08 00:00:00+08:00,36.92,36.98,35.55,35.73,40191747,0.0,0.0
2015-07-09 00:00:00+08:00,35.14,35.37,34.42,34.66,54450049,0.0,0.0
2015-07-10 00:00:00+08:00,34.66,34.66,34.66,34.66,0,0.0,0.0
2015-07-13 00:00:00+08:00,35.25,35.97,35.02,35.79,31399310,0.0,0.0
2015-07-14 00:00:00+08:00,36.45,36.62,35.79,35.79,22509852,0.0,0.0
2015-07-15 00:00:00+08:00,36.21,36.45,35.79,36.21,20930852,0.0,0.0
2015-07-16 00:00:00+08:00,36.33,36.45,35.91,36.21,12395517,0.0,0.0
2015-07-17 00:00:00+08:00,36.21,36.33,36.03,36.27,13862945,0.0,0.0
2015-07-20 00:00:00+08:00,36.5,36.62,35.73,35.91,14553000,0.0,0.0
2015-07-21 00:00:00+08:00,36.15,36.56,35.91,36.39,12191775,0.0,0.0
2015-07-22 00:00:00+08:00,36.09,36.33,35.79,36.03,12762981,0.0,0.0
2015-07-23 00:00:00+08:00,35.91,36.15,35.73,35.91,15546242,0.0,0.0
2015-07-24 00:00:00+08:00,36.03,36.15,35.79,35.97,9055604,0.0,0.0
2015-07-27 00:00:00+08:00,35.73,35.73,34.54,34.96,22587468,0.0,0.0
2015-07-28 00:00:00+08:00,34.9,34.96,33.41,33.71,39705435,0.0,0.0
2015-07-29 00:00:00+08:00,33.83,34.12,32.46,32.93,32213065,0.0,0.0
2015-07-30 00:00:00+08:00,33.29,34.36,33.23,34.12,28628176,0.0,0.0
2015-07-31 00:00:00+08:00,34.18,34.3,33.65,34.3,20771982,0.0,0.0
2015-08-03 00:00:00+08:00,34.54,34.54,33.05,33.53,26274228,0.0,0.0
2015-08-04 00:00:00+08:00,33.88,34.42,33.65,34.12,23991833,0.0,0.0
2015-08-05 00:00:00+08:00,34.24,34.66,34.12,34.54,19453722,0.0,0.0
2015-08-06 00:00:00+08:00,34.84,34.84,33.83,34.12,15873684,0.0,0.0
2015-08-07 00:00:00+08:00,33.94,34.48,33.83,33.94,15051440,0.0,0.0
2015-08-10 00:00:00+08:00,33.94,34.66,33.94,34.66,9574661,0.0,0.0
2015-08-11 00:00:00+08:00,34.9,35.14,33.77,33.83,21572397,0.0,0.0
2015-08-12 00:00:00+08:00,33.17,33.23,30.79,31.5,74312469,0.0,0.0
2015-08-13 00:00:00+08:00,31.5,32.16,31.38,31.62,42035127,0.0,0.0
2015-08-14 00:00:00+08:00,31.86,32.16,31.68,31.86,20745301,0.0,0.0
2015-08-17 00:00:00+08:00,31.98,32.04,31.38,31.68,24550911,0.0,0.0
2015-08-18 00:00:00+08:00,31.68,31.86,30.37,30.61,35332258,0.0,0.0
2015-08-19 00:00:00+08:00,30.37,30.67,29.57,29.84,41603388,0.0,0.0
2015-08-20 00:00:00+08:00,29.54,30.67,29.48,30.61,34245634,0.0,0.0
2015-08-21 00:00:00+08:00,30.01,30.07,29.69,29.69,32783058,0.0,0.0
2015-08-24 00:00:00+08:00,29.09,30.49,27.1,29.95,68125018,0.0,0.0
2015-08-25 00:00:00+08:00,29.89,31.09,29.6,30.91,50249083,0.0,0.0
2015-08-26 00:00:00+08:00,30.67,32.57,30.13,31.8,61416085,0.0,0.0
2015-08-27 00:00:00+08:00,31.98,32.22,31.32,32.1,35779763,0.0,0.0
2015-08-28 00:00:00+08:00,32.34,32.75,32.1,32.34,27919930,0.0,0.0
2015-08-31 00:00:00+08:00,32.22,33.29,31.8,33.29,37957862,0.0,0.0
2015-09-01 00:00:00+08:00,33.05,33.05,31.44,31.44,37488528,0.0,0.0
2015-09-02 00:00:00+08:00,30.97,31.56,30.73,31.15,44467904,0.0,0.0
2015-09-03 00:00:00+08:00,31.2,31.44,30.73,31.32,19613805,0.0,0.0
2015-09-04 00:00:00+08:00,31.2,31.44,30.97,31.09,18956495,0.0,0.0
2015-09-07 00:00:00+08:00,30.91,31.26,30.85,31.03,17436919,0.0,0.0
2015-09-08 00:00:00+08:00,30.97,31.15,30.73,30.91,15800919,0.0,0.0
2015-09-09 00:00:00+08:00,31.56,31.98,31.26,31.62,35824635,0.0,0.0
2015-09-10 00:00:00+08:00,31.56,31.74,31.38,31.5,23213247,0.0,0.0
2015-09-11 00:00:00+08:00,31.44,31.68,31.38,31.68,19815122,0.0,0.0
2015-09-14 00:00:00+08:00,31.8,31.8,31.2,31.5,23916642,0.0,0.0
2015-09-15 00:00:00+08:00,31.56,31.62,31.09,31.32,19458573,0.0,0.0
2015-09-16 00:00:00+08:00,31.44,31.98,31.26,31.74,24394466,0.0,0.0
2015-09-17 00:00:00+08:00,32.1,32.93,32.04,32.93,41108586,0.0,0.0
2015-09-18 00:00:00+08:00,32.46,32.99,32.1,32.81,28639091,0.0,0.0
2015-09-21 00:00:00+08:00,32.22,32.28,31.8,31.8,24137363,0.0,0.0
2015-09-22 00:00:00+08:00,32.16,32.51,31.92,32.46,13910242,0.0,0.0
2015-09-23 00:00:00+08:00,31.98,32.04,31.68,31.68,24128874,0.0,0.0
2015-09-24 00:00:00+08:00,31.74,31.8,31.38,31.38,23460648,0.0,0.0
2015-09-25 00:00:00+08:00,31.26,31.38,30.73,31.15,24507252,0.0,0.0
2015-09-29 00:00:00+08:00,31.15,31.15,31.15,31.15,0,0.0,0.0
2015-09-30 00:00:00+08:00,30.49,30.61,29.69,30.55,54320285,0.0,0.0
2015-10-01 00:00:00+08:00,30.61,31.38,30.07,31.26,30213240,0.0,0.0
2015-10-02 00:00:00+08:00,30.67,31.26,30.55,31.03,24171320,0.0,0.0
2015-10-05 00:00:00+08:00,31.38,31.44,30.97,31.26,15565646,0.0,0.0
2015-10-06 00:00:00+08:00,31.56,32.04,31.03,31.15,20471220,0.0,0.0
2015-10-07 00:00:00+08:00,31.15,31.74,31.03,31.74,21887712,0.0,0.0
2015-10-08 00:00:00+08:00,31.98,31.98,31.03,31.03,16968798,0.0,0.0
2015-10-12 00:00:00+08:00,31.26,31.68,30.97,31.15,22485597,0.0,0.0
2015-10-13 00:00:00+08:00,31.32,31.56,31.09,31.15,24165256,0.0,0.0
2015-10-14 00:00:00+08:00,31.03,31.32,30.97,31.15,12105670,0.0,0.0
2015-10-15 00:00:00+08:00,31.26,31.44,31.09,31.09,20006736,0.0,0.0
2015-10-16 00:00:00+08:00,31.38,31.62,31.09,31.38,32150002,0.0,0.0
2015-10-19 00:00:00+08:00,31.5,31.86,31.44,31.86,20782896,0.0,0.0
2015-10-20 00:00:00+08:00,32.16,32.22,31.56,31.92,30872976,0.0,0.0
2015-10-21 00:00:00+08:00,32.04,32.1,31.62,31.68,27168025,0.0,0.0
2015-10-22 00:00:00+08:00,31.62,31.86,31.44,31.44,13862945,0.0,0.0
2015-10-23 00:00:00+08:00,31.92,32.1,31.74,32.1,21139445,0.0,0.0
2015-10-26 00:00:00+08:00,32.28,32.63,31.86,32.1,21791904,0.0,0.0
2015-10-27 00:00:00+08:00,32.22,32.22,31.62,31.92,19923057,0.0,0.0
2015-10-28 00:00:00+08:00,31.74,31.92,31.62,31.92,11080896,0.0,0.0
2015-10-29 00:00:00+08:00,31.92,31.92,31.26,31.26,16881480,0.0,0.0
2015-10-30 00:00:00+08:00,31.26,31.74,31.03,31.38,27217748,0.0,0.0
2015-11-02 00:00:00+08:00,31.2,31.68,31.09,31.62,18952857,0.0,0.0
2015-11-03 00:00:00+08:00,31.8,32.4,31.62,32.4,35420789,0.0,0.0
2015-11-04 00:00:00+08:00,32.63,33.05,32.22,32.99,45757057,0.0,0.0
2015-11-05 00:00:00+08:00,32.87,33.47,32.63,33.29,27489404,0.0,0.0
2015-11-06 00:00:00+08:00,32.99,33.05,32.4,32.4,29707524,0.0,0.0
2015-11-09 00:00:00+08:00,32.57,33.47,32.46,32.69,27115877,0.0,0.0
2015-11-10 00:00:00+08:00,32.34,32.34,31.92,31.92,21681544,0.0,0.0
2015-11-11 00:00:00+08:00,31.98,32.1,31.62,31.68,13529439,0.0,0.0
2015-11-12 00:00:00+08:00,31.62,31.8,31.38,31.44,14927739,0.0,0.0
2015-11-13 00:00:00+08:00,31.09,31.8,31.09,31.15,16803864,0.0,0.0
2015-11-16 00:00:00+08:00,30.31,31.8,30.31,31.62,24968097,0.0,0.0
2015-11-17 00:00:00+08:00,31.8,32.22,31.68,31.8,19281512,0.0,0.0
2015-11-18 00:00:00+08:00,31.92,31.98,31.15,31.38,23461861,0.0,0.0
2015-11-19 00:00:00+08:00,31.68,31.98,31.2,31.98,19199045,0.0,0.0
2015-11-20 00:00:00+08:00,31.98,31.98,31.32,31.74,13108614,0.0,0.0
2015-11-23 00:00:00+08:00,31.98,31.98,31.62,31.74,10094931,0.0,0.0
2015-11-24 00:00:00+08:00,31.74,32.04,31.62,31.86,12063224,0.0,0.0
2015-11-25 00:00:00+08:00,31.62,31.86,31.38,31.38,13226251,0.0,0.0
2015-11-26 00:00:00+08:00,31.56,31.98,31.5,31.68,15554731,0.0,0.0
2015-11-27 00:00:00+08:00,31.68,31.92,31.38,31.38,10097356,0.0,0.0
2015-11-30 00:00:00+08:00,31.03,31.03,30.49,30.97,53363425,0.0,0.0
2015-12-01 00:00:00+08:00,31.03,31.09,30.61,30.91,33914553,0.0,0.0
2015-12-02 00:00:00+08:00,30.79,31.15,30.73,30.73,18261589,0.0,0.0
2015-12-03 00:00:00+08:00,30.55,30.97,30.55,30.73,11439870,0.0,0.0
2015-12-04 00:00:00+08:00,30.55,30.61,30.19,30.31,28639091,0.0,0.0
2015-12-07 00:00:00+08:00,30.55,30.91,29.95,29.95,20506389,0.0,0.0
2015-12-08 00:00:00+08:00,29.95,30.07,29.27,29.39,34032190,0.0,0.0
2015-12-09 00:00:00+08:00,29.18,29.27,28.7,28.91,36206651,0.0,0.0
2015-12-10 00:00:00+08:00,28.67,29.15,28.35,29.06,37409699,0.0,0.0
2015-12-11 00:00:00+08:00,28.91,28.91,28.35,28.58,30644979,0.0,0.0
2015-12-14 00:00:00+08:00,27.87,28.26,27.75,27.93,23583136,0.0,0.0
2015-12-15 00:00:00+08:00,27.93,28.05,27.3,27.36,33970340,0.0,0.0
2015-12-16 00:00:00+08:00,27.54,27.63,27.36,27.36,31068229,0.0,0.0
2015-12-17 00:00:00+08:00,27.69,28.38,27.69,28.38,25660577,0.0,0.0
2015-12-18 00:00:00+08:00,27.75,27.96,27.69,27.69,22922187,0.0,0.0
2015-12-21 00:00:00+08:00,27.39,27.6,27.33,27.51,20653132,0.0,0.0
2015-12-22 00:00:00+08:00,27.57,27.72,27.45,27.48,13191081,0.0,0.0
2015-12-23 00:00:00+08:00,27.69,28.05,27.54,27.57,20215329,0.0,0.0
2015-12-24 00:00:00+08:00,27.9,28.17,27.87,27.96,12262115,0.0,0.0
2015-12-25 00:00:00+08:00,28.05,28.11,27.87,28.05,5838178,0.0,0.0
2015-12-28 00:00:00+08:00,28.11,28.17,27.93,28.02,8303699,0.0,0.0
2015-12-29 00:00:00+08:00,27.99,28.02,27.72,27.81,6683465,0.0,0.0
2015-12-30 00:00:00+08:00,27.99,28.05,27.27,27.63,26196612,0.0,0.0
2015-12-31 00:00:00+08:00,26.86,26.98,26.41,26.8,49418349,0.0,0.0
2016-01-04 00:00:00+08:00,26.83,26.83,25.93,25.93,25467750,0.0,0.0
2016-01-05 00:00:00+08:00,25.9,25.96,25.16,25.28,35785827,0.0,0.0
2016-01-06 00:00:00+08:00,24.03,24.83,24.0,24.42,70783366,0.0,0.0
2016-01-07 00:00:00+08:00,24.42,24.62,23.28,23.61,78370330,0.0,0.0
2016-01-08 00:00:00+08:00,23.46,24.09,23.22,23.61,49458370,0.0,0.0
2016-01-11 00:00:00+08:00,23.52,23.58,23.05,23.22,46821852,0.0,0.0
2016-01-12 00:00:00+08:00,23.52,23.7,23.14,23.58,52013634,0.0,0.0
2016-01-13 00:00:00+08:00,23.82,23.91,23.22,23.28,42532355,0.0,0.0
2016-01-14 00:00:00+08:00,22.69,22.99,22.54,22.63,49310415,0.0,0.0
2016-01-15 00:00:00+08:00,22.78,22.93,21.74,21.91,64458875,0.0,0.0
2016-01-18 00:00:00+08:00,21.44,22.3,21.26,22.24,53327043,0.0,0.0
2016-01-19 00:00:00+08:00,22.21,22.33,21.83,22.12,32111194,0.0,0.0
2016-01-20 00:00:00+08:00,21.97,21.97,21.26,21.26,43076880,0.0,0.0
2016-01-21 00:00:00+08:00,21.32,21.47,20.84,20.84,51136816,0.0,0.0
2016-01-22 00:00:00+08:00,21.05,21.17,20.66,20.84,50581377,0.0,0.0
2016-01-25 00:00:00+08:00,21.08,21.83,20.96,21.56,62273499,0.0,0.0
2016-01-26 00:00:00+08:00,21.32,21.35,21.02,21.05,36199374,0.0,0.0
2016-01-27 00:00:00+08:00,21.14,21.23,20.87,21.08,35979867,0.0,0.0
2016-01-28 00:00:00+08:00,21.05,21.47,20.99,21.29,66024535,0.0,0.0
2016-01-29 00:00:00+08:00,21.26,22.3,21.14,21.71,115128783,0.0,0.0
2016-02-01 00:00:00+08:00,22.6,22.99,22.33,22.87,76444483,0.0,0.0
2016-02-02 00:00:00+08:00,22.75,23.22,22.48,22.93,54601643,0.0,0.0
2016-02-03 00:00:00+08:00,22.63,22.72,22.33,22.54,59171285,0.0,0.0
2016-02-15 00:00:00+08:00,21.56,22.03,21.56,21.68,79045832,0.0,0.0
2016-02-16 00:00:00+08:00,22.03,23.02,21.91,22.84,62141310,0.0,0.0
2016-02-17 00:00:00+08:00,23.08,23.08,22.45,22.45,37068916,0.0,0.0
2016-02-18 00:00:00+08:00,22.84,22.93,22.75,22.81,30020413,0.0,0.0
2016-02-19 00:00:00+08:00,22.66,22.81,22.57,22.81,17968104,0.0,0.0
2016-02-22 00:00:00+08:00,22.99,23.08,22.72,22.84,19374894,0.0,0.0
2016-02-23 00:00:00+08:00,22.99,23.08,22.84,23.02,18100293,0.0,0.0
2016-02-24 00:00:00+08:00,22.93,23.02,22.84,22.84,20762280,0.0,0.0
2016-02-25 00:00:00+08:00,23.02,23.49,22.9,23.28,37829310,0.0,0.0
2016-02-26 00:00:00+08:00,23.43,23.73,23.4,23.49,29756034,0.0,0.0
2016-03-01 00:00:00+08:00,23.2,23.52,23.11,23.46,25707874,0.0,0.0
2016-03-02 00:00:00+08:00,23.82,24.09,23.73,23.91,30500662,0.0,0.0
2016-03-03 00:00:00+08:00,24.0,24.74,23.97,24.51,48459064,0.0,0.0
2016-03-04 00:00:00+08:00,24.68,24.83,24.3,24.68,45456295,0.0,0.0
2016-03-07 00:00:00+08:00,24.77,25.16,24.42,24.42,46057819,0.0,0.0
2016-03-08 00:00:00+08:00,24.54,24.71,24.21,24.56,38364133,0.0,0.0
2016-03-09 00:00:00+08:00,24.54,24.54,24.09,24.24,27531850,0.0,0.0
2016-03-10 00:00:00+08:00,24.06,24.3,23.79,23.91,38093690,0.0,0.0
2016-03-11 00:00:00+08:00,23.88,24.12,23.64,24.09,33336072,0.0,0.0
2016-03-14 00:00:00+08:00,24.42,24.56,24.21,24.3,35196430,0.0,0.0
2016-03-15 00:00:00+08:00,24.39,24.39,23.7,23.7,32426509,0.0,0.0
2016-03-16 00:00:00+08:00,23.88,24.18,23.79,23.94,29997371,0.0,0.0
2016-03-17 00:00:00+08:00,24.24,24.68,24.12,24.24,34399653,0.0,0.0
2016-03-18 00:00:00+08:00,24.36,24.42,24.12,24.18,40140812,0.0,0.0
2016-03-21 00:00:00+08:00,24.39,24.39,23.85,24.06,22729360,0.0,0.0
2016-03-22 00:00:00+08:00,24.0,24.03,23.73,24.03,23095611,0.0,0.0
2016-03-23 00:00:00+08:00,24.0,24.27,23.76,23.82,25874021,0.0,0.0
2016-03-24 00:00:00+08:00,23.67,23.82,23.31,23.7,28241309,0.0,0.0
2016-03-25 00:00:00+08:00,23.82,23.88,23.7,23.79,14316513,0.0,0.0
2016-03-28 00:00:00+08:00,23.82,23.94,23.76,23.79,10472096,0.0,0.0
2016-03-29 00:00:00+08:00,23.82,23.82,23.34,23.49,17737681,0.0,0.0
2016-03-30 00:00:00+08:00,23.58,23.79,23.55,23.67,20084352,0.0,0.0
2016-03-31 00:00:00+08:00,24.09,24.95,24.06,24.42,72721341,0.0,0.0
2016-04-01 00:00:00+08:00,24.27,24.33,23.94,24.06,35954399,0.0,0.0
2016-04-06 00:00:00+08:00,23.79,23.82,23.17,23.25,50540143,0.0,0.0
2016-04-07 00:00:00+08:00,23.34,23.43,23.22,23.4,22365535,0.0,0.0
2016-04-08 00:00:00+08:00,23.28,23.58,23.22,23.58,23108951,0.0,0.0
2016-04-11 00:00:00+08:00,23.46,23.49,23.28,23.37,16019214,0.0,0.0
2016-04-12 00:00:00+08:00,23.37,23.64,23.37,23.49,14702168,0.0,0.0
2016-04-13 00:00:00+08:00,23.61,23.91,23.55,23.82,22651744,0.0,0.0
2016-04-14 00:00:00+08:00,24.12,24.42,24.06,24.06,34588842,0.0,0.0
2016-04-15 00:00:00+08:00,24.15,24.45,24.15,24.27,24413870,0.0,0.0
2016-04-18 00:00:00+08:00,24.24,24.24,23.7,23.82,26955794,0.0,0.0
2016-04-19 00:00:00+08:00,24.06,24.09,23.76,23.85,16611036,0.0,0.0
2016-04-20 00:00:00+08:00,24.03,24.06,23.58,23.61,19866057,0.0,0.0
2016-04-21 00:00:00+08:00,23.67,23.73,23.46,23.46,18187611,0.0,0.0
2016-04-22 00:00:00+08:00,23.61,23.85,23.46,23.73,15526838,0.0,0.0
2016-04-25 00:00:00+08:00,23.7,23.82,23.58,23.7,9254495,0.0,0.0
2016-04-26 00:00:00+08:00,23.76,24.09,23.76,23.97,15625071,0.0,0.0
2016-04-27 00:00:00+08:00,23.64,23.7,23.37,23.52,25498068,0.0,0.0
2016-04-28 00:00:00+08:00,23.52,23.58,23.11,23.14,27594913,0.0,0.0
2016-04-29 00:00:00+08:00,22.96,23.37,22.93,23.37,22604447,0.0,0.0
2016-05-03 00:00:00+08:00,23.37,23.4,22.99,23.2,15856706,0.0,0.0
2016-05-04 00:00:00+08:00,22.99,23.17,22.54,22.63,26125060,0.0,0.0
2016-05-05 00:00:00+08:00,22.51,22.72,22.36,22.51,18772157,0.0,0.0
2016-05-06 00:00:00+08:00,22.36,22.39,21.97,22.03,28759153,0.0,0.0
2016-05-09 00:00:00+08:00,22.12,22.18,21.83,21.97,18842496,0.0,0.0
2016-05-10 00:00:00+08:00,21.97,22.12,21.8,21.97,18590244,0.0,0.0
2016-05-11 00:00:00+08:00,22.18,22.18,21.74,21.83,15677219,0.0,0.0
2016-05-12 00:00:00+08:00,21.74,21.91,21.5,21.56,23527350,0.0,0.0
2016-05-13 00:00:00+08:00,21.44,21.47,21.2,21.26,46734534,0.0,0.0
2016-05-16 00:00:00+08:00,21.26,21.56,21.17,21.44,13952688,0.0,0.0
2016-05-17 00:00:00+08:00,21.5,21.86,21.32,21.65,19522849,0.0,0.0
2016-05-18 00:00:00+08:00,21.62,21.94,21.5,21.8,19605316,0.0,0.0
2016-05-19 00:00:00+08:00,21.8,21.86,21.44,21.62,24425997,0.0,0.0
2016-05-20 00:00:00+08:00,21.65,21.94,21.53,21.71,14341981,0.0,0.0
2016-05-23 00:00:00+08:00,21.71,22.54,21.47,22.54,24413870,0.0,0.0
2016-05-24 00:00:00+08:00,22.27,22.45,22.03,22.03,23453372,0.0,0.0
2016-05-25 00:00:00+08:00,22.27,22.57,22.24,22.45,28123672,0.0,0.0
2016-05-26 00:00:00+08:00,22.42,22.45,22.21,22.27,19140833,0.0,0.0
2016-05-27 00:00:00+08:00,22.39,22.51,22.36,22.51,20164394,0.0,0.0
2016-05-30 00:00:00+08:00,22.63,23.11,22.6,22.93,34865349,0.0,0.0
2016-05-31 00:00:00+08:00,22.93,23.05,22.63,22.93,39627819,0.0,0.0
2016-06-01 00:00:00+08:00,22.78,23.34,22.78,23.22,22578979,0.0,0.0
2016-06-02 00:00:00+08:00,23.22,23.43,23.05,23.11,19716889,0.0,0.0
2016-06-03 00:00:00+08:00,23.22,23.22,23.02,23.14,13631310,0.0,0.0
2016-06-06 00:00:00+08:00,23.02,23.28,23.02,23.22,16014363,0.0,0.0
2016-06-07 00:00:00+08:00,23.22,23.37,23.17,23.31,22417683,0.0,0.0
2016-06-08 00:00:00+08:00,23.4,23.55,23.14,23.2,31171313,0.0,0.0
2016-06-13 00:00:00+08:00,22.99,23.14,22.57,22.9,29491654,0.0,0.0
2016-06-14 00:00:00+08:00,22.81,23.52,22.81,23.52,33702322,0.0,0.0
2016-06-15 00:00:00+08:00,23.58,23.76,23.4,23.7,25718789,0.0,0.0
2016-06-16 00:00:00+08:00,23.58,23.61,23.05,23.17,22444364,0.0,0.0
2016-06-17 00:00:00+08:00,23.34,23.49,23.2,23.37,17324133,0.0,0.0
2016-06-20 00:00:00+08:00,23.52,23.61,23.4,23.61,19161450,0.0,0.0
2016-06-21 00:00:00+08:00,23.61,23.7,23.55,23.67,22557150,0.0,0.0
2016-06-22 00:00:00+08:00,23.67,23.82,23.52,23.82,30596469,0.0,0.0
2016-06-23 00:00:00+08:00,23.82,23.82,23.61,23.7,16443677,0.0,0.0
2016-06-24 00:00:00+08:00,23.7,23.7,22.6,22.75,56261898,0.0,0.0
2016-06-27 00:00:00+08:00,23.05,23.5,23.05,23.34,32177895,2.0,0.0
2016-06-28 00:00:00+08:00,23.02,23.4,22.89,23.4,66533890,0.0,0.0
2016-06-29 00:00:00+08:00,23.59,23.91,23.53,23.69,21470526,0.0,0.0
2016-06-30 00:00:00+08:00,23.72,23.94,23.53,23.94,25814596,0.0,0.0
2016-07-01 00:00:00+08:00,23.94,24.16,23.85,23.91,22757253,0.0,0.0
2016-07-04 00:00:00+08:00,23.85,23.91,23.75,23.75,15866408,0.0,0.0
2016-07-05 00:00:00+08:00,23.62,23.69,23.53,23.53,19965503,0.0,0.0
2016-07-06 00:00:00+08:00,23.4,23.4,22.96,22.96,35127303,0.0,0.0
2016-07-07 00:00:00+08:00,23.15,23.21,22.92,22.92,20250499,0.0,0.0
2016-07-08 00:00:00+08:00,22.92,22.92,22.92,22.92,0,0.0,0.0
2016-07-11 00:00:00+08:00,23.34,23.5,23.21,23.21,33490091,0.0,0.0
2016-07-12 00:00:00+08:00,23.43,23.65,23.31,23.62,28643942,0.0,0.0
2016-07-13 00:00:00+08:00,23.81,24.13,23.72,24.1,35437767,0.0,0.0
2016-07-14 00:00:00+08:00,24.1,24.32,23.97,24.23,28470519,0.0,0.0
2016-07-15 00:00:00+08:00,24.32,24.86,24.29,24.8,46123308,0.0,0.0
2016-07-18 00:00:00+08:00,24.86,25.24,24.86,25.09,30911784,0.0,0.0
2016-07-19 00:00:00+08:00,25.12,25.59,24.83,25.59,50166616,0.0,0.0
2016-07-20 00:00:00+08:00,25.44,25.47,25.12,25.44,29608078,0.0,0.0
2016-07-21 00:00:00+08:00,25.53,25.56,25.37,25.47,27121941,0.0,0.0
2016-07-22 00:00:00+08:00,25.4,25.5,25.28,25.47,23501882,0.0,0.0
2016-07-25 00:00:00+08:00,25.56,25.69,24.93,25.34,18331929,0.0,0.0
2016-07-26 00:00:00+08:00,25.31,25.44,25.12,25.44,14463256,0.0,0.0
2016-07-27 00:00:00+08:00,25.47,25.56,25.18,25.37,16034980,0.0,0.0
2016-07-28 00:00:00+08:00,25.37,25.56,25.31,25.5,20997553,0.0,0.0
2016-07-29 00:00:00+08:00,25.53,25.56,25.05,25.21,21770075,0.0,0.0
2016-08-01 00:00:00+08:00,25.18,25.44,25.18,25.44,17891700,0.0,0.0
2016-08-02 00:00:00+08:00,25.4,25.44,25.31,25.31,11471402,0.0,0.0
2016-08-03 00:00:00+08:00,25.05,25.37,24.93,25.21,10718284,0.0,0.0
2016-08-04 00:00:00+08:00,25.31,25.31,25.05,25.28,10389629,0.0,0.0
2016-08-05 00:00:00+08:00,25.28,26.04,25.28,25.72,29929457,0.0,0.0
2016-08-08 00:00:00+08:00,26.07,26.48,25.88,26.48,35819784,0.0,0.0
2016-08-09 00:00:00+08:00,26.58,26.71,26.29,26.48,27673742,0.0,0.0
2016-08-10 00:00:00+08:00,26.71,26.74,26.48,26.71,24677037,0.0,0.0
2016-08-11 00:00:00+08:00,26.68,26.71,26.13,26.42,21736118,0.0,0.0
2016-08-12 00:00:00+08:00,26.42,26.83,26.39,26.52,20100118,0.0,0.0
2016-08-15 00:00:00+08:00,26.64,26.68,26.26,26.39,11244618,0.0,0.0
2016-08-16 00:00:00+08:00,26.52,26.52,26.2,26.45,15748771,0.0,0.0
2016-08-17 00:00:00+08:00,26.36,26.55,26.26,26.52,11700612,0.0,0.0
2016-08-18 00:00:00+08:00,26.42,26.71,26.39,26.61,18242185,0.0,0.0
2016-08-19 00:00:00+08:00,26.64,26.68,26.2,26.2,16669248,0.0,0.0
2016-08-22 00:00:00+08:00,26.07,26.07,25.56,25.75,17424792,0.0,0.0
2016-08-23 00:00:00+08:00,25.72,26.68,25.72,26.58,22337642,0.0,0.0
2016-08-24 00:00:00+08:00,26.68,26.77,26.42,26.45,11843716,0.0,0.0
2016-08-25 00:00:00+08:00,26.42,26.71,26.42,26.61,19517998,0.0,0.0
2016-08-26 00:00:00+08:00,26.71,26.74,26.58,26.71,17207709,0.0,0.0
2016-08-29 00:00:00+08:00,27.03,27.47,27.03,27.37,37213233,0.0,0.0
2016-08-30 00:00:00+08:00,27.47,28.46,27.47,28.36,65453330,0.0,0.0
2016-08-31 00:00:00+08:00,28.74,28.84,27.95,28.42,58470315,0.0,0.0
2016-09-01 00:00:00+08:00,28.23,28.36,27.98,28.17,33217222,0.0,0.0
2016-09-02 00:00:00+08:00,28.04,28.42,27.69,28.39,30757765,0.0,0.0
2016-09-05 00:00:00+08:00,28.61,28.93,28.52,28.55,18118485,0.0,0.0
2016-09-06 00:00:00+08:00,28.61,29.38,28.61,29.16,41301414,0.0,0.0
2016-09-07 00:00:00+08:00,29.31,29.44,29.06,29.31,35916804,0.0,0.0
2016-09-08 00:00:00+08:00,29.41,29.76,29.28,29.73,28284968,0.0,0.0
2016-09-09 00:00:00+08:00,29.57,29.57,29.03,29.19,23409713,0.0,0.0
2016-09-12 00:00:00+08:00,28.36,28.96,28.14,28.65,27614317,0.0,0.0
2016-09-13 00:00:00+08:00,28.93,28.93,28.01,28.42,26097167,0.0,0.0
2016-09-14 00:00:00+08:00,28.3,28.46,28.14,28.39,21619694,0.0,0.0
2016-09-19 00:00:00+08:00,28.49,29.12,28.49,29.06,29764523,0.0,0.0
2016-09-20 00:00:00+08:00,29.06,29.44,29.0,29.38,21480228,0.0,0.0
2016-09-21 00:00:00+08:00,29.28,29.57,29.09,29.51,19732655,0.0,0.0
2016-09-22 00:00:00+08:00,29.79,29.82,29.16,29.44,13922370,0.0,0.0
2016-09-23 00:00:00+08:00,29.76,29.76,29.44,29.54,15455286,0.0,0.0
2016-09-26 00:00:00+08:00,29.31,29.31,28.93,29.06,13719840,0.0,0.0
2016-09-27 00:00:00+08:00,29.06,29.06,29.06,29.06,0,0.0,0.0
2016-09-29 00:00:00+08:00,29.41,29.82,29.25,29.79,31692795,0.0,0.0
2016-09-30 00:00:00+08:00,29.47,29.54,29.0,29.44,24081576,0.0,0.0
2016-10-03 00:00:00+08:00,29.51,29.66,29.25,29.28,13211698,0.0,0.0
2016-10-04 00:00:00+08:00,29.12,29.54,29.09,29.54,11615719,0.0,0.0
2016-10-05 00:00:00+08:00,29.54,29.6,29.38,29.44,9894827,0.0,0.0
2016-10-06 00:00:00+08:00,29.28,29.41,29.12,29.16,10073101,0.0,0.0
2016-10-07 00:00:00+08:00,29.06,29.06,28.71,28.81,14305599,0.0,0.0
2016-10-11 00:00:00+08:00,28.93,29.0,28.36,28.61,17291389,0.0,0.0
2016-10-12 00:00:00+08:00,28.52,29.16,28.33,29.12,15690559,0.0,0.0
2016-10-13 00:00:00+08:00,29.19,29.35,28.9,28.9,25174264,0.0,0.0
2016-10-14 00:00:00+08:00,29.16,29.16,28.9,29.06,12879405,0.0,0.0
2016-10-17 00:00:00+08:00,28.96,29.03,28.49,28.65,21084871,0.0,0.0
2016-10-18 00:00:00+08:00,28.68,29.0,28.68,29.0,16247211,0.0,0.0
2016-10-19 00:00:00+08:00,28.93,29.12,28.87,28.93,11798844,0.0,0.0
2016-10-20 00:00:00+08:00,29.0,29.0,28.68,28.71,10730412,0.0,0.0
2016-10-21 00:00:00+08:00,28.65,28.77,28.49,28.55,18350120,0.0,0.0
2016-10-24 00:00:00+08:00,28.55,28.71,28.46,28.52,12446453,0.0,0.0
2016-10-25 00:00:00+08:00,28.58,28.81,28.46,28.81,9705638,0.0,0.0
2016-10-26 00:00:00+08:00,28.84,28.93,28.65,28.84,14985951,0.0,0.0
2016-10-27 00:00:00+08:00,28.84,28.96,28.61,28.9,14750678,0.0,0.0
2016-10-28 00:00:00+08:00,28.81,28.81,28.36,28.55,22051433,0.0,0.0
2016-10-31 00:00:00+08:00,28.42,28.55,28.17,28.49,20952681,0.0,0.0
2016-11-01 00:00:00+08:00,28.33,28.52,28.3,28.46,9067731,0.0,0.0
2016-11-02 00:00:00+08:00,28.3,28.33,28.11,28.3,13289314,0.0,0.0
2016-11-03 00:00:00+08:00,28.17,28.23,27.63,27.66,16663185,0.0,0.0
2016-11-04 00:00:00+08:00,27.57,27.92,27.47,27.92,9748084,0.0,0.0
2016-11-07 00:00:00+08:00,28.01,28.23,27.98,28.17,8953733,0.0,0.0
2016-11-08 00:00:00+08:00,28.23,28.3,28.01,28.3,8500164,0.0,0.0
2016-11-09 00:00:00+08:00,28.49,28.71,27.12,27.22,28935002,0.0,0.0
2016-11-10 00:00:00+08:00,28.3,28.81,28.3,28.81,41324456,0.0,0.0
2016-11-11 00:00:00+08:00,29.16,29.31,28.68,29.09,47537374,0.0,0.0
2016-11-14 00:00:00+08:00,29.35,31.09,29.31,30.84,90024858,0.0,0.0
2016-11-15 00:00:00+08:00,31.25,31.54,30.17,30.2,58912969,0.0,0.0
2016-11-16 00:00:00+08:00,30.52,30.81,30.27,30.27,33222073,0.0,0.0
2016-11-17 00:00:00+08:00,30.27,30.52,30.05,30.27,21471738,0.0,0.0
2016-11-18 00:00:00+08:00,30.14,30.2,29.66,29.95,25656939,0.0,0.0
2016-11-21 00:00:00+08:00,29.95,30.78,29.92,30.59,24167682,0.0,0.0
2016-11-22 00:00:00+08:00,30.52,30.65,30.33,30.55,16327253,0.0,0.0
2016-11-23 00:00:00+08:00,30.52,30.78,30.2,30.36,22616574,0.0,0.0
2016-11-24 00:00:00+08:00,30.71,30.97,30.68,30.81,27780464,0.0,0.0
2016-11-25 00:00:00+08:00,30.84,31.67,30.84,31.38,47829647,0.0,0.0
2016-11-28 00:00:00+08:00,31.57,31.7,31.19,31.38,35251004,0.0,0.0
2016-11-29 00:00:00+08:00,31.22,31.79,31.03,31.44,31427203,0.0,0.0
2016-11-30 00:00:00+08:00,31.73,32.05,31.41,31.44,43401897,0.0,0.0
2016-12-01 00:00:00+08:00,31.79,31.99,31.51,31.99,30019200,0.0,0.0
2016-12-02 00:00:00+08:00,32.05,32.43,31.73,32.3,28548135,0.0,0.0
2016-12-05 00:00:00+08:00,32.56,32.62,31.99,32.43,25202157,0.0,0.0
2016-12-06 00:00:00+08:00,32.75,32.75,32.24,32.43,30343005,0.0,0.0
2016-12-07 00:00:00+08:00,32.62,32.75,32.18,32.43,20499113,0.0,0.0
2016-12-08 00:00:00+08:00,32.68,32.75,32.37,32.56,26652606,0.0,0.0
2016-12-09 00:00:00+08:00,32.56,32.75,32.3,32.75,19463424,0.0,0.0
2016-12-12 00:00:00+08:00,32.94,32.94,32.56,32.68,16919075,0.0,0.0
2016-12-13 00:00:00+08:00,32.88,33.38,32.81,33.26,27471213,0.0,0.0
2016-12-14 00:00:00+08:00,33.32,33.57,32.56,32.75,32825504,0.0,0.0
2016-12-15 00:00:00+08:00,32.68,33.7,32.56,33.7,31425990,0.0,0.0
2016-12-16 00:00:00+08:00,33.83,34.15,33.32,33.64,32414382,0.0,0.0
2016-12-19 00:00:00+08:00,33.7,33.77,33.32,33.64,13197145,0.0,0.0
2016-12-20 00:00:00+08:00,33.64,33.89,33.38,33.64,12653833,0.0,0.0
2016-12-21 00:00:00+08:00,33.7,33.7,33.26,33.38,16880267,0.0,0.0
2016-12-22 00:00:00+08:00,33.19,33.19,31.79,31.92,31775262,0.0,0.0
2016-12-23 00:00:00+08:00,31.57,32.11,31.41,31.67,26161443,0.0,0.0
2016-12-26 00:00:00+08:00,31.67,32.3,31.67,32.3,5919432,0.0,0.0
2016-12-27 00:00:00+08:00,32.3,32.3,31.73,31.86,6501552,0.0,0.0
2016-12-28 00:00:00+08:00,31.86,32.37,31.76,32.37,10946281,0.0,0.0
2016-12-29 00:00:00+08:00,32.05,32.43,31.86,31.92,12778746,0.0,0.0
2016-12-30 00:00:00+08:00,32.24,32.49,32.11,32.43,9146560,0.0,0.0
2017-01-03 00:00:00+08:00,32.56,32.68,32.24,32.68,6391192,0.0,0.0
2017-01-04 00:00:00+08:00,32.68,32.75,32.43,32.49,12619876,0.0,0.0
2017-01-05 00:00:00+08:00,32.62,32.75,32.49,32.68,12328816,0.0,0.0
2017-01-06 00:00:00+08:00,33.0,33.0,32.56,32.81,8480760,0.0,0.0
2017-01-09 00:00:00+08:00,32.68,33.38,32.68,32.88,16681376,0.0,0.0
2017-01-10 00:00:00+08:00,32.88,33.07,32.62,33.07,12219669,0.0,0.0
2017-01-11 00:00:00+08:00,33.26,33.32,32.88,32.88,11475040,0.0,0.0
2017-01-12 00:00:00+08:00,33.13,33.45,33.0,33.19,18724860,0.0,0.0
2017-01-13 00:00:00+08:00,33.19,33.26,32.56,32.62,15147247,0.0,0.0
2017-01-16 00:00:00+08:00,32.56,32.56,31.99,32.05,13735606,0.0,0.0
2017-01-17 00:00:00+08:00,32.05,32.62,32.05,32.62,10473309,0.0,0.0
2017-01-18 00:00:00+08:00,32.43,32.56,31.99,32.11,18599946,0.0,0.0
2017-01-19 00:00:00+08:00,31.99,32.18,31.86,31.92,11927396,0.0,0.0
2017-01-20 00:00:00+08:00,31.79,32.3,31.79,32.11,12957021,0.0,0.0
2017-01-23 00:00:00+08:00,32.37,32.56,32.24,32.24,13474865,0.0,0.0
2017-01-24 00:00:00+08:00,32.49,32.49,32.18,32.18,11903141,0.0,0.0
2017-02-02 00:00:00+08:00,32.56,32.68,31.76,31.86,28767642,0.0,0.0
2017-02-03 00:00:00+08:00,31.79,31.92,31.41,31.41,31912303,0.0,0.0
2017-02-06 00:00:00+08:00,31.67,32.43,31.6,32.11,28291032,0.0,0.0
2017-02-07 00:00:00+08:00,32.11,32.3,31.86,32.24,11361042,0.0,0.0
2017-02-08 00:00:00+08:00,32.11,32.37,31.86,32.05,14103069,0.0,0.0
2017-02-09 00:00:00+08:00,32.3,32.3,31.99,32.24,13828988,0.0,0.0
2017-02-10 00:00:00+08:00,31.92,32.75,31.92,32.43,30464280,0.0,0.0
2017-02-13 00:00:00+08:00,32.68,32.68,32.11,32.24,14800401,0.0,0.0
2017-02-14 00:00:00+08:00,32.18,32.62,32.18,32.62,19053515,0.0,0.0
2017-02-15 00:00:00+08:00,32.49,32.75,32.37,32.56,24028215,0.0,0.0
2017-02-16 00:00:00+08:00,32.75,32.94,32.37,32.62,18664222,0.0,0.0
2017-02-17 00:00:00+08:00,32.56,32.62,32.18,32.3,15243054,0.0,0.0
2017-02-20 00:00:00+08:00,32.24,32.49,31.92,31.92,13400887,0.0,0.0
2017-02-21 00:00:00+08:00,31.99,32.43,31.92,32.11,17421153,0.0,0.0
2017-02-22 00:00:00+08:00,32.3,32.37,31.92,31.92,14652445,0.0,0.0
2017-02-23 00:00:00+08:00,31.92,31.92,31.54,31.7,28100630,0.0,0.0
2017-02-24 00:00:00+08:00,31.7,31.73,31.57,31.64,15515923,0.0,0.0
2017-03-01 00:00:00+08:00,31.64,31.67,31.48,31.54,16397592,0.0,0.0
2017-03-02 00:00:00+08:00,32.05,32.43,31.64,31.67,31885623,0.0,0.0
2017-03-03 00:00:00+08:00,31.67,31.92,31.54,31.67,16216893,0.0,0.0
2017-03-06 00:00:00+08:00,31.67,32.11,31.67,32.11,8209104,0.0,0.0
2017-03-07 00:00:00+08:00,32.18,32.18,31.99,32.18,10338693,0.0,0.0
2017-03-08 00:00:00+08:00,32.18,32.81,32.05,32.75,25399836,0.0,0.0
2017-03-09 00:00:00+08:00,32.88,32.88,32.43,32.49,15372819,0.0,0.0
2017-03-10 00:00:00+08:00,32.56,33.0,32.43,33.0,25164562,0.0,0.0
2017-03-13 00:00:00+08:00,33.07,33.57,33.07,33.26,22388577,0.0,0.0
2017-03-14 00:00:00+08:00,33.38,33.45,33.07,33.13,26302122,0.0,0.0
2017-03-15 00:00:00+08:00,33.19,33.19,32.81,33.19,12909723,0.0,0.0
2017-03-16 00:00:00+08:00,33.0,33.45,32.75,33.19,19758123,0.0,0.0
2017-03-17 00:00:00+08:00,33.19,33.51,33.19,33.51,19794505,0.0,0.0
2017-03-20 00:00:00+08:00,33.19,33.45,33.13,33.38,8397081,0.0,0.0
2017-03-21 00:00:00+08:00,33.45,33.45,32.94,33.38,18490799,0.0,0.0
2017-03-22 00:00:00+08:00,32.81,33.32,32.75,33.32,16191425,0.0,0.0
2017-03-23 00:00:00+08:00,33.45,33.96,33.26,33.77,16031342,0.0,0.0
2017-03-24 00:00:00+08:00,33.7,33.7,33.45,33.51,8119361,0.0,0.0
2017-03-27 00:00:00+08:00,32.94,32.94,32.75,32.94,27811995,0.0,0.0
2017-03-28 00:00:00+08:00,32.94,32.94,31.99,32.43,27266258,0.0,0.0
2017-03-29 00:00:00+08:00,32.3,32.37,31.86,32.11,23264183,0.0,0.0
2017-03-30 00:00:00+08:00,32.11,32.24,31.73,31.76,36135099,0.0,0.0
2017-03-31 00:00:00+08:00,31.54,31.79,31.48,31.48,37159872,0.0,0.0
2017-04-05 00:00:00+08:00,31.29,31.44,30.9,31.16,58247169,0.0,0.0
2017-04-06 00:00:00+08:00,31.13,31.38,30.97,31.03,35813720,0.0,0.0
2017-04-07 00:00:00+08:00,31.0,31.0,30.59,30.62,44846282,0.0,0.0
2017-04-10 00:00:00+08:00,30.71,30.84,30.62,30.75,16863288,0.0,0.0
2017-04-11 00:00:00+08:00,30.75,30.9,30.52,30.52,26246335,0.0,0.0
2017-04-12 00:00:00+08:00,30.52,30.62,30.33,30.4,25363453,0.0,0.0
2017-04-13 00:00:00+08:00,30.46,30.65,30.43,30.46,17033073,0.0,0.0
2017-04-14 00:00:00+08:00,30.4,30.4,30.01,30.08,20859300,0.0,0.0
2017-04-17 00:00:00+08:00,30.17,30.27,29.82,30.05,22585043,0.0,0.0
2017-04-18 00:00:00+08:00,30.08,30.17,29.28,29.57,45139767,0.0,0.0
2017-04-19 00:00:00+08:00,29.51,30.14,29.47,29.57,41168011,0.0,0.0
2017-04-20 00:00:00+08:00,29.76,30.01,29.57,29.92,27947823,0.0,0.0
2017-04-21 00:00:00+08:00,30.08,30.14,29.82,29.85,22811827,0.0,0.0
2017-04-24 00:00:00+08:00,30.14,30.14,29.82,29.89,10160419,0.0,0.0
2017-04-25 00:00:00+08:00,30.2,30.49,29.95,30.36,26099592,0.0,0.0
2017-04-26 00:00:00+08:00,30.49,30.55,29.89,29.89,42390463,0.0,0.0
2017-04-27 00:00:00+08:00,30.01,30.11,29.89,30.05,14064261,0.0,0.0
2017-04-28 00:00:00+08:00,30.05,30.11,29.92,30.08,16617100,0.0,0.0
2017-05-02 00:00:00+08:00,30.17,30.36,30.11,30.24,20617962,0.0,0.0
2017-05-03 00:00:00+08:00,30.33,30.33,30.17,30.27,11095449,0.0,0.0
2017-05-04 00:00:00+08:00,30.33,30.33,30.17,30.33,11507784,0.0,0.0
2017-05-05 00:00:00+08:00,30.36,30.36,30.24,30.27,13185018,0.0,0.0
2017-05-08 00:00:00+08:00,30.33,30.4,30.17,30.3,12567728,0.0,0.0
2017-05-09 00:00:00+08:00,30.33,30.46,30.2,30.33,13935710,0.0,0.0
2017-05-10 00:00:00+08:00,30.4,30.43,30.2,30.2,15110865,0.0,0.0
2017-05-11 00:00:00+08:00,30.33,30.4,30.2,30.4,11580549,0.0,0.0
2017-05-12 00:00:00+08:00,30.33,30.36,30.27,30.27,9654702,0.0,0.0
2017-05-15 00:00:00+08:00,30.3,30.49,30.3,30.49,17738894,0.0,0.0
2017-05-16 00:00:00+08:00,30.52,30.81,30.49,30.71,37319955,0.0,0.0
2017-05-17 00:00:00+08:00,30.71,30.75,30.46,30.65,18536883,0.0,0.0
2017-05-18 00:00:00+08:00,30.36,30.36,30.2,30.27,16161106,0.0,0.0
2017-05-19 00:00:00+08:00,30.24,30.24,30.01,30.05,15592326,0.0,0.0
2017-05-22 00:00:00+08:00,30.2,30.24,29.95,30.17,10875942,0.0,0.0
2017-05-23 00:00:00+08:00,30.08,30.17,30.01,30.11,10634604,0.0,0.0
2017-05-24 00:00:00+08:00,30.14,30.2,30.11,30.11,10691604,0.0,0.0
2017-05-25 00:00:00+08:00,30.14,30.3,30.14,30.2,9734744,0.0,0.0
2017-05-26 00:00:00+08:00,30.14,30.17,29.85,29.95,21549354,0.0,0.0
2017-05-31 00:00:00+08:00,29.89,29.92,29.16,29.16,48816825,0.0,0.0
2017-06-01 00:00:00+08:00,29.19,29.41,29.16,29.22,22500150,0.0,0.0
2017-06-02 00:00:00+08:00,29.41,29.44,29.22,29.35,19583487,0.0,0.0
2017-06-05 00:00:00+08:00,29.31,29.44,29.22,29.28,31189504,0.0,0.0
2017-06-06 00:00:00+08:00,29.25,29.25,29.12,29.19,29796054,0.0,0.0
2017-06-07 00:00:00+08:00,29.12,29.22,29.12,29.16,32789121,0.0,0.0
2017-06-08 00:00:00+08:00,29.06,29.31,29.06,29.16,31905027,0.0,0.0
2017-06-09 00:00:00+08:00,29.19,29.35,29.12,29.12,25635109,0.0,0.0
2017-06-12 00:00:00+08:00,29.28,29.57,29.25,29.25,26093529,0.0,0.0
2017-06-13 00:00:00+08:00,29.51,29.54,29.38,29.41,19319107,0.0,0.0
2017-06-14 00:00:00+08:00,29.38,29.47,29.25,29.41,18627840,0.0,0.0
2017-06-15 00:00:00+08:00,29.31,29.47,29.28,29.44,9444897,0.0,0.0
2017-06-16 00:00:00+08:00,29.44,29.47,29.38,29.47,15426180,0.0,0.0
2017-06-19 00:00:00+08:00,29.51,29.76,29.51,29.76,18761242,0.0,0.0
2017-06-20 00:00:00+08:00,29.82,30.17,29.76,30.17,21522674,0.0,0.0
2017-06-21 00:00:00+08:00,30.17,30.24,29.95,30.14,21087297,0.0,0.0
2017-06-22 00:00:00+08:00,30.05,30.14,30.01,30.05,12786023,0.0,0.0
2017-06-23 00:00:00+08:00,29.95,30.14,29.92,30.14,13118316,0.0,0.0
2017-06-26 00:00:00+08:00,30.2,30.78,30.2,30.78,40202662,0.0,0.0
2017-06-27 00:00:00+08:00,30.84,30.97,30.59,30.78,33360327,0.0,0.0
2017-06-28 00:00:00+08:00,30.71,30.84,30.43,30.43,30544321,0.0,0.0
2017-06-29 00:00:00+08:00,30.81,30.94,30.68,30.75,30807488,0.0,0.0
2017-06-30 00:00:00+08:00,30.68,30.84,30.62,30.81,43992506,0.0,0.0
2017-07-03 00:00:00+08:00,31.46,31.46,31.16,31.36,39426502,2.0,0.0
2017-07-04 00:00:00+08:00,31.46,31.86,31.43,31.46,30498237,0.0,0.0
2017-07-05 00:00:00+08:00,31.53,31.6,31.19,31.46,17630959,0.0,0.0
2017-07-06 00:00:00+08:00,31.46,31.46,31.19,31.39,13590076,0.0,0.0
2017-07-07 00:00:00+08:00,31.33,31.36,31.16,31.33,20717408,0.0,0.0
2017-07-10 00:00:00+08:00,31.23,31.33,31.09,31.09,17081583,0.0,0.0
2017-07-11 00:00:00+08:00,31.09,31.33,31.03,31.26,24281680,0.0,0.0
2017-07-12 00:00:00+08:00,31.26,31.6,31.26,31.53,22467406,0.0,0.0
2017-07-13 00:00:00+08:00,31.8,31.93,31.7,31.83,20752578,0.0,0.0
2017-07-14 00:00:00+08:00,31.86,31.86,31.6,31.63,15441945,0.0,0.0
2017-07-17 00:00:00+08:00,31.8,32.0,31.8,31.9,16961521,0.0,0.0
2017-07-18 00:00:00+08:00,31.9,31.9,31.76,31.9,11368318,0.0,0.0
2017-07-19 00:00:00+08:00,31.86,31.96,31.76,31.8,19514360,0.0,0.0
2017-07-20 00:00:00+08:00,31.9,31.9,31.76,31.8,6713784,0.0,0.0
2017-07-21 00:00:00+08:00,31.7,31.76,31.56,31.56,7771302,0.0,0.0
2017-07-24 00:00:00+08:00,31.39,31.43,31.19,31.39,17196795,0.0,0.0
2017-07-25 00:00:00+08:00,31.39,31.46,31.29,31.36,7616070,0.0,0.0
2017-07-26 00:00:00+08:00,31.46,31.5,31.36,31.46,8697843,0.0,0.0
2017-07-27 00:00:00+08:00,31.46,31.66,31.36,31.6,13706500,0.0,0.0
2017-07-28 00:00:00+08:00,31.56,31.6,31.29,31.29,9091986,0.0,0.0
2017-07-31 00:00:00+08:00,31.29,31.43,31.26,31.39,11376807,0.0,0.0
2017-08-01 00:00:00+08:00,31.39,31.46,31.13,31.33,12576217,0.0,0.0
2017-08-02 00:00:00+08:00,31.46,31.56,31.33,31.53,8091468,0.0,0.0
2017-08-03 00:00:00+08:00,31.39,31.66,31.33,31.63,14913186,0.0,0.0
2017-08-04 00:00:00+08:00,31.66,31.8,31.53,31.7,14551787,0.0,0.0
2017-08-07 00:00:00+08:00,31.96,32.2,31.86,32.03,19819973,0.0,0.0
2017-08-08 00:00:00+08:00,32.13,32.37,32.13,32.26,24969309,0.0,0.0
2017-08-09 00:00:00+08:00,32.13,32.26,32.06,32.2,16858437,0.0,0.0
2017-08-10 00:00:00+08:00,32.2,32.2,31.6,31.6,37401210,0.0,0.0
2017-08-11 00:00:00+08:00,31.26,31.83,31.26,31.66,20963596,0.0,0.0
2017-08-14 00:00:00+08:00,31.66,31.66,31.36,31.46,14041219,0.0,0.0
2017-08-15 00:00:00+08:00,31.66,31.8,31.66,31.76,8868840,0.0,0.0
2017-08-16 00:00:00+08:00,31.53,31.6,31.33,31.43,20996340,0.0,0.0
2017-08-17 00:00:00+08:00,31.63,32.06,31.6,32.06,17006393,0.0,0.0
2017-08-18 00:00:00+08:00,31.8,31.9,31.66,31.86,8069638,0.0,0.0
2017-08-21 00:00:00+08:00,31.8,31.8,31.6,31.66,6961383,0.0,0.0
2017-08-22 00:00:00+08:00,31.83,31.86,31.7,31.7,6061742,0.0,0.0
2017-08-23 00:00:00+08:00,31.83,31.86,31.56,31.76,6460213,0.0,0.0
2017-08-24 00:00:00+08:00,31.56,31.8,31.56,31.63,9522397,0.0,0.0
2017-08-25 00:00:00+08:00,31.63,31.8,31.6,31.8,4798656,0.0,0.0
2017-08-28 00:00:00+08:00,31.93,32.4,31.9,32.3,30889642,0.0,0.0
2017-08-29 00:00:00+08:00,32.26,32.3,32.03,32.23,12759659,0.0,0.0
2017-08-30 00:00:00+08:00,32.33,32.47,32.23,32.3,16877172,0.0,0.0
2017-08-31 00:00:00+08:00,32.47,32.53,32.33,32.47,20749949,0.0,0.0
2017-09-01 00:00:00+08:00,32.47,32.47,32.26,32.3,11248884,0.0,0.0
2017-09-04 00:00:00+08:00,32.2,32.2,32.03,32.1,9853138,0.0,0.0
2017-09-05 00:00:00+08:00,32.3,32.3,32.06,32.2,7943554,0.0,0.0
2017-09-06 00:00:00+08:00,32.03,32.06,31.83,31.86,12416058,0.0,0.0
2017-09-07 00:00:00+08:00,31.86,32.0,31.53,31.76,15833149,0.0,0.0
2017-09-08 00:00:00+08:00,31.66,31.9,31.53,31.9,12813637,0.0,0.0
2017-09-11 00:00:00+08:00,31.9,31.9,31.7,31.7,9766211,0.0,0.0
2017-09-12 00:00:00+08:00,31.8,31.9,31.73,31.8,8837304,0.0,0.0
2017-09-13 00:00:00+08:00,31.8,31.8,31.46,31.53,15887911,0.0,0.0
2017-09-14 00:00:00+08:00,31.5,31.76,31.39,31.53,16412663,0.0,0.0
2017-09-15 00:00:00+08:00,31.53,31.53,31.33,31.33,29783768,0.0,0.0
2017-09-18 00:00:00+08:00,31.46,31.56,31.29,31.53,14986394,0.0,0.0
2017-09-19 00:00:00+08:00,31.6,31.6,31.36,31.43,8100219,0.0,0.0
2017-09-20 00:00:00+08:00,31.43,31.43,31.19,31.19,14860284,0.0,0.0
2017-09-21 00:00:00+08:00,31.19,31.53,31.19,31.33,17396131,0.0,0.0
2017-09-22 00:00:00+08:00,31.46,31.46,31.23,31.29,12848853,0.0,0.0
2017-09-25 00:00:00+08:00,31.33,31.33,31.06,31.16,10802205,0.0,0.0
2017-09-26 00:00:00+08:00,31.33,31.6,31.23,31.39,18300511,0.0,0.0
2017-09-27 00:00:00+08:00,31.5,31.56,31.33,31.46,6804677,0.0,0.0
2017-09-28 00:00:00+08:00,31.6,31.6,31.36,31.46,11422187,0.0,0.0
2017-09-29 00:00:00+08:00,31.6,31.7,31.36,31.66,12760164,0.0,0.0
2017-10-02 00:00:00+08:00,31.7,31.8,31.63,31.76,7771919,0.0,0.0
2017-10-03 00:00:00+08:00,31.76,31.76,31.46,31.6,6474467,0.0,0.0
2017-10-05 00:00:00+08:00,31.5,31.73,31.5,31.53,4596567,0.0,0.0
2017-10-06 00:00:00+08:00,31.56,31.7,31.5,31.66,5762484,0.0,0.0
2017-10-11 00:00:00+08:00,31.8,32.0,31.6,31.73,25533003,0.0,0.0
2017-10-12 00:00:00+08:00,31.93,31.96,31.76,31.76,16612254,0.0,0.0
2017-10-13 00:00:00+08:00,31.8,31.93,31.8,31.9,13146349,0.0,0.0
2017-10-16 00:00:00+08:00,31.93,32.0,31.8,32.0,12845076,0.0,0.0
2017-10-17 00:00:00+08:00,31.96,32.23,31.96,32.0,15541569,0.0,0.0
2017-10-18 00:00:00+08:00,32.1,32.13,31.63,31.66,21943536,0.0,0.0
2017-10-19 00:00:00+08:00,31.73,31.76,31.6,31.6,6649886,0.0,0.0
2017-10-20 00:00:00+08:00,31.6,31.73,31.53,31.63,8315955,0.0,0.0
2017-10-23 00:00:00+08:00,31.66,31.8,31.63,31.66,5726780,0.0,0.0
2017-10-24 00:00:00+08:00,31.83,31.83,31.6,31.6,7961645,0.0,0.0
2017-10-25 00:00:00+08:00,31.76,31.8,31.7,31.8,6137340,0.0,0.0
2017-10-26 00:00:00+08:00,31.8,31.83,31.7,31.73,7692519,0.0,0.0
2017-10-27 00:00:00+08:00,31.8,32.16,31.8,32.0,21197060,0.0,0.0
2017-10-30 00:00:00+08:00,32.06,32.23,32.06,32.13,21142628,0.0,0.0
2017-10-31 00:00:00+08:00,32.13,32.23,32.0,32.16,16177306,0.0,0.0
2017-11-01 00:00:00+08:00,32.2,32.37,32.2,32.23,12474772,0.0,0.0
2017-11-02 00:00:00+08:00,32.16,32.47,32.13,32.37,24072432,0.0,0.0
2017-11-03 00:00:00+08:00,32.43,32.47,32.37,32.47,14802426,0.0,0.0
2017-11-06 00:00:00+08:00,32.43,32.47,32.23,32.4,10346066,0.0,0.0
2017-11-07 00:00:00+08:00,32.4,32.47,32.3,32.43,11487750,0.0,0.0
2017-11-08 00:00:00+08:00,32.4,32.43,32.33,32.33,11281773,0.0,0.0
2017-11-09 00:00:00+08:00,32.37,32.47,32.03,32.16,10074151,0.0,0.0
2017-11-10 00:00:00+08:00,32.2,32.33,32.1,32.2,5849893,0.0,0.0
2017-11-13 00:00:00+08:00,32.16,32.4,32.1,32.16,8644611,0.0,0.0
2017-11-14 00:00:00+08:00,32.37,32.47,32.16,32.2,8576383,0.0,0.0
2017-11-15 00:00:00+08:00,32.33,32.33,32.06,32.06,12969068,0.0,0.0
2017-11-16 00:00:00+08:00,32.0,32.13,31.93,32.0,6219864,0.0,0.0
2017-11-17 00:00:00+08:00,32.13,32.16,31.83,31.83,15663275,0.0,0.0
2017-11-20 00:00:00+08:00,31.9,32.2,31.9,32.13,9663683,0.0,0.0
2017-11-21 00:00:00+08:00,32.13,33.8,32.13,33.67,64491944,0.0,0.0
2017-11-22 00:00:00+08:00,34.14,34.88,33.8,34.01,63970124,0.0,0.0
2017-11-23 00:00:00+08:00,34.41,34.61,33.87,34.27,27893705,0.0,0.0
2017-11-24 00:00:00+08:00,34.01,34.14,33.74,33.87,14042804,0.0,0.0
2017-11-27 00:00:00+08:00,33.87,33.87,33.1,33.37,21239819,0.0,0.0
2017-11-28 00:00:00+08:00,33.3,33.44,32.8,33.03,22362137,0.0,0.0
2017-11-29 00:00:00+08:00,33.37,33.44,33.2,33.24,15413059,0.0,0.0
2017-11-30 00:00:00+08:00,33.44,33.47,32.83,32.83,30667775,0.0,0.0
2017-12-01 00:00:00+08:00,32.97,34.34,32.97,34.07,51875811,0.0,0.0
2017-12-04 00:00:00+08:00,34.14,34.54,33.54,34.34,31313175,0.0,0.0
2017-12-05 00:00:00+08:00,34.14,34.74,33.87,34.47,31056190,0.0,0.0
2017-12-06 00:00:00+08:00,34.47,34.47,33.67,33.87,17116615,0.0,0.0
2017-12-07 00:00:00+08:00,33.67,33.74,33.2,33.3,16688787,0.0,0.0
2017-12-08 00:00:00+08:00,33.3,33.6,33.17,33.6,13661211,0.0,0.0
2017-12-11 00:00:00+08:00,33.67,33.87,33.6,33.6,11784168,0.0,0.0
2017-12-12 00:00:00+08:00,33.47,33.54,33.17,33.2,13439315,0.0,0.0
2017-12-13 00:00:00+08:00,33.34,33.87,33.34,33.74,11277558,0.0,0.0
2017-12-14 00:00:00+08:00,34.01,34.07,33.6,33.94,9833799,0.0,0.0
2017-12-15 00:00:00+08:00,33.74,33.8,33.4,33.6,16726791,0.0,0.0
2017-12-18 00:00:00+08:00,33.6,33.87,33.4,33.87,11295406,0.0,0.0
2017-12-19 00:00:00+08:00,33.87,34.07,33.6,33.94,22221573,0.0,0.0
2017-12-20 00:00:00+08:00,33.94,34.21,33.74,33.87,18398505,0.0,0.0
2017-12-21 00:00:00+08:00,34.07,34.14,33.74,33.87,9478399,0.0,0.0
2017-12-22 00:00:00+08:00,34.01,34.14,33.87,34.14,11256579,0.0,0.0
2017-12-25 00:00:00+08:00,34.14,34.14,33.87,34.01,2973488,0.0,0.0
2017-12-26 00:00:00+08:00,34.01,34.01,33.4,33.6,10749717,0.0,0.0
2017-12-27 00:00:00+08:00,33.47,33.8,33.4,33.74,11046045,0.0,0.0
2017-12-28 00:00:00+08:00,33.8,34.07,33.67,34.01,10580246,0.0,0.0
2017-12-29 00:00:00+08:00,33.94,34.14,33.54,33.94,11196271,0.0,0.0
2018-01-02 00:00:00+08:00,33.8,34.14,33.74,34.14,7571291,0.0,0.0
2018-01-03 00:00:00+08:00,34.27,34.61,34.14,34.47,29795530,0.0,0.0
2018-01-04 00:00:00+08:00,34.61,34.74,34.27,34.74,19239337,0.0,0.0
2018-01-05 00:00:00+08:00,34.74,35.08,34.54,34.94,25510592,0.0,0.0
2018-01-08 00:00:00+08:00,34.94,35.21,34.67,35.14,19273084,0.0,0.0
2018-01-09 00:00:00+08:00,35.14,35.21,34.88,35.14,17946216,0.0,0.0
2018-01-10 00:00:00+08:00,35.41,35.81,35.34,35.48,28772018,0.0,0.0
2018-01-11 00:00:00+08:00,35.48,35.68,35.34,35.48,21351649,0.0,0.0
2018-01-12 00:00:00+08:00,35.55,35.61,35.48,35.61,11853961,0.0,0.0
2018-01-15 00:00:00+08:00,35.88,36.35,35.81,36.21,26358307,0.0,0.0
2018-01-16 00:00:00+08:00,36.15,36.82,36.08,36.68,32051553,0.0,0.0
2018-01-17 00:00:00+08:00,36.62,36.62,36.08,36.28,20116421,0.0,0.0
2018-01-18 00:00:00+08:00,36.42,36.55,35.95,36.01,20340189,0.0,0.0
2018-01-19 00:00:00+08:00,36.08,36.08,35.68,36.08,16098973,0.0,0.0
2018-01-22 00:00:00+08:00,36.08,36.21,35.81,36.21,19285080,0.0,0.0
2018-01-23 00:00:00+08:00,36.15,36.28,35.81,36.15,12213509,0.0,0.0
2018-01-24 00:00:00+08:00,36.08,36.08,35.21,35.34,26239682,0.0,0.0
2018-01-25 00:00:00+08:00,35.28,35.81,35.21,35.75,26308125,0.0,0.0
2018-01-26 00:00:00+08:00,35.61,35.75,35.34,35.61,12762310,0.0,0.0
2018-01-29 00:00:00+08:00,35.88,36.15,35.75,36.15,12872819,0.0,0.0
2018-01-30 00:00:00+08:00,36.08,36.15,35.55,35.55,11514059,0.0,0.0
2018-01-31 00:00:00+08:00,35.28,36.28,35.28,36.28,18825552,0.0,0.0
2018-02-01 00:00:00+08:00,36.35,36.48,35.81,36.15,17326770,0.0,0.0
2018-02-02 00:00:00+08:00,35.81,35.95,35.55,35.75,16404372,0.0,0.0
2018-02-05 00:00:00+08:00,34.81,35.01,34.67,34.88,19786859,0.0,0.0
2018-02-06 00:00:00+08:00,33.6,33.87,32.83,32.93,40935680,0.0,0.0
2018-02-07 00:00:00+08:00,33.87,34.21,33.54,33.6,28491642,0.0,0.0
2018-02-08 00:00:00+08:00,34.01,34.21,33.8,33.87,15314026,0.0,0.0
2018-02-09 00:00:00+08:00,32.93,34.07,32.93,33.6,19259950,0.0,0.0
2018-02-12 00:00:00+08:00,34.21,34.27,33.87,34.14,15430070,0.0,0.0
2018-02-21 00:00:00+08:00,34.61,34.74,34.34,34.74,19871863,0.0,0.0
2018-02-22 00:00:00+08:00,34.41,34.67,34.14,34.67,15551435,0.0,0.0
2018-02-23 00:00:00+08:00,34.88,35.08,34.74,35.01,14114689,0.0,0.0
2018-02-26 00:00:00+08:00,35.21,35.28,34.74,34.94,12782708,0.0,0.0
2018-02-27 00:00:00+08:00,35.34,35.34,34.94,34.94,17358110,0.0,0.0
2018-03-01 00:00:00+08:00,34.47,34.94,34.41,34.94,17775001,0.0,0.0
2018-03-02 00:00:00+08:00,34.47,34.61,34.01,34.01,32297573,0.0,0.0
2018-03-05 00:00:00+08:00,34.27,34.27,33.44,33.54,23369665,0.0,0.0
2018-03-06 00:00:00+08:00,33.94,33.94,33.6,33.67,10394454,0.0,0.0
2018-03-07 00:00:00+08:00,33.67,33.94,33.6,33.67,10881330,0.0,0.0
2018-03-08 00:00:00+08:00,33.87,33.94,33.74,33.74,7401348,0.0,0.0
2018-03-09 00:00:00+08:00,33.87,33.94,33.74,33.8,5770013,0.0,0.0
2018-03-12 00:00:00+08:00,34.01,34.94,34.01,34.67,25365363,0.0,0.0
2018-03-13 00:00:00+08:00,34.67,34.67,34.34,34.54,16374413,0.0,0.0
2018-03-14 00:00:00+08:00,34.54,34.67,34.27,34.54,10071709,0.0,0.0
2018-03-15 00:00:00+08:00,34.41,34.47,34.27,34.27,10576067,0.0,0.0
2018-03-16 00:00:00+08:00,34.14,34.61,34.01,34.61,32473190,0.0,0.0
2018-03-19 00:00:00+08:00,34.34,34.54,34.34,34.54,9107577,0.0,0.0
2018-03-20 00:00:00+08:00,34.34,34.61,34.27,34.61,11913082,0.0,0.0
2018-03-21 00:00:00+08:00,34.67,34.74,34.41,34.47,12988796,0.0,0.0
2018-03-22 00:00:00+08:00,34.67,34.94,34.47,34.67,17619311,0.0,0.0
2018-03-23 00:00:00+08:00,34.14,34.21,33.47,33.67,39622709,0.0,0.0
2018-03-26 00:00:00+08:00,33.6,33.74,33.54,33.74,11115525,0.0,0.0
2018-03-27 00:00:00+08:00,34.01,34.01,33.74,33.94,14013898,0.0,0.0
2018-03-28 00:00:00+08:00,33.67,33.8,33.54,33.67,10033015,0.0,0.0
2018-03-29 00:00:00+08:00,33.8,33.8,33.47,33.54,10471413,0.0,0.0
2018-03-30 00:00:00+08:00,33.74,33.8,33.54,33.54,9214060,0.0,0.0
2018-04-02 00:00:00+08:00,33.67,33.74,33.47,33.54,6227780,0.0,0.0
2018-04-03 00:00:00+08:00,33.44,33.47,33.34,33.4,16333437,0.0,0.0
2018-04-09 00:00:00+08:00,33.67,33.67,33.37,33.67,13328232,0.0,0.0
2018-04-10 00:00:00+08:00,33.54,34.27,33.47,34.14,29028296,0.0,0.0
2018-04-11 00:00:00+08:00,34.27,34.61,34.07,34.14,19920488,0.0,0.0
2018-04-12 00:00:00+08:00,34.34,34.41,34.01,34.14,11263097,0.0,0.0
2018-04-13 00:00:00+08:00,34.34,34.34,34.07,34.27,9832031,0.0,0.0
2018-04-16 00:00:00+08:00,34.14,34.14,33.74,33.87,10583311,0.0,0.0
2018-04-17 00:00:00+08:00,33.87,33.94,33.4,33.44,20299660,0.0,0.0
2018-04-18 00:00:00+08:00,33.67,33.74,33.4,33.47,12907624,0.0,0.0
2018-04-19 00:00:00+08:00,33.67,33.87,33.6,33.87,11568241,0.0,0.0
2018-04-20 00:00:00+08:00,33.74,33.8,33.54,33.74,11183596,0.0,0.0
2018-04-23 00:00:00+08:00,33.6,33.8,33.54,33.6,12117494,0.0,0.0
2018-04-24 00:00:00+08:00,33.6,33.74,33.47,33.6,9946519,0.0,0.0
2018-04-25 00:00:00+08:00,33.47,33.67,33.4,33.67,11457801,0.0,0.0
2018-04-26 00:00:00+08:00,33.8,33.8,33.6,33.8,12699711,0.0,0.0
2018-04-27 00:00:00+08:00,33.8,34.01,33.8,34.01,12784862,0.0,0.0
2018-04-30 00:00:00+08:00,34.07,34.21,33.87,34.14,12227376,0.0,0.0
2018-05-02 00:00:00+08:00,34.14,34.41,34.14,34.34,14397901,0.0,0.0
2018-05-03 00:00:00+08:00,34.14,34.21,33.74,33.74,13991333,0.0,0.0
2018-05-04 00:00:00+08:00,33.67,33.8,33.54,33.54,18700849,0.0,0.0
2018-05-07 00:00:00+08:00,33.8,33.8,33.54,33.67,6925035,0.0,0.0
2018-05-08 00:00:00+08:00,33.54,33.94,33.54,33.94,10680176,0.0,0.0
2018-05-09 00:00:00+08:00,33.87,34.07,33.87,33.94,8644114,0.0,0.0
2018-05-10 00:00:00+08:00,34.07,34.21,34.01,34.14,14959482,0.0,0.0
2018-05-11 00:00:00+08:00,34.34,34.67,34.21,34.67,23928086,0.0,0.0
2018-05-14 00:00:00+08:00,34.81,34.94,34.54,34.67,13609521,0.0,0.0
2018-05-15 00:00:00+08:00,34.81,35.01,34.27,34.27,17218756,0.0,0.0
2018-05-16 00:00:00+08:00,34.61,34.94,34.47,34.94,25377197,0.0,0.0
2018-05-17 00:00:00+08:00,35.08,35.34,34.94,35.14,24574021,0.0,0.0
2018-05-18 00:00:00+08:00,35.21,35.48,35.14,35.41,21647170,0.0,0.0
2018-05-21 00:00:00+08:00,35.34,35.75,35.28,35.61,21068461,0.0,0.0
2018-05-22 00:00:00+08:00,35.68,35.95,35.61,35.95,21402060,0.0,0.0
2018-05-23 00:00:00+08:00,36.01,36.01,35.28,35.68,17610932,0.0,0.0
2018-05-24 00:00:00+08:00,35.81,35.81,35.48,35.81,10671736,0.0,0.0
2018-05-25 00:00:00+08:00,35.81,35.88,35.48,35.55,8073974,0.0,0.0
2018-05-28 00:00:00+08:00,35.68,35.81,35.61,35.68,7071445,0.0,0.0
2018-05-29 00:00:00+08:00,35.61,35.61,35.34,35.34,7201457,0.0,0.0
2018-05-30 00:00:00+08:00,34.81,34.94,34.27,34.27,28381807,0.0,0.0
2018-05-31 00:00:00+08:00,34.67,34.94,34.47,34.88,32965368,0.0,0.0
2018-06-01 00:00:00+08:00,34.61,34.81,34.54,34.67,6962650,0.0,0.0
2018-06-04 00:00:00+08:00,34.94,35.34,34.88,35.34,9793871,0.0,0.0
2018-06-05 00:00:00+08:00,35.48,35.48,35.14,35.48,6167004,0.0,0.0
2018-06-06 00:00:00+08:00,35.55,35.88,35.34,35.68,13054072,0.0,0.0
2018-06-07 00:00:00+08:00,35.81,36.15,35.68,36.15,16699332,0.0,0.0
2018-06-08 00:00:00+08:00,36.15,36.15,35.81,36.01,13618124,0.0,0.0
2018-06-11 00:00:00+08:00,35.95,36.08,35.81,35.95,5919591,0.0,0.0
2018-06-12 00:00:00+08:00,35.75,36.15,35.68,35.81,13689163,0.0,0.0
2018-06-13 00:00:00+08:00,35.75,36.15,35.75,36.15,10999649,0.0,0.0
2018-06-14 00:00:00+08:00,35.88,35.88,35.41,35.41,20111914,0.0,0.0
2018-06-15 00:00:00+08:00,35.34,35.95,35.28,35.95,27714430,0.0,0.0
2018-06-19 00:00:00+08:00,35.48,36.01,35.34,35.48,28911168,0.0,0.0
2018-06-20 00:00:00+08:00,35.48,36.15,35.41,35.95,20647831,0.0,0.0
2018-06-21 00:00:00+08:00,36.15,36.28,35.95,36.08,20315396,0.0,0.0
2018-06-22 00:00:00+08:00,35.81,36.01,35.75,35.95,19106546,0.0,0.0
2018-06-25 00:00:00+08:00,35.81,35.95,35.55,35.61,31904448,0.0,0.0
2018-06-26 00:00:00+08:00,35.96,36.31,35.82,35.96,26327935,2.3,0.0
2018-06-27 00:00:00+08:00,36.03,36.17,35.68,35.68,18661753,0.0,0.0
2018-06-28 00:00:00+08:00,35.6,36.03,35.53,35.68,11720063,0.0,0.0
2018-06-29 00:00:00+08:00,35.75,36.1,35.6,36.1,12027987,0.0,0.0
2018-07-02 00:00:00+08:00,35.96,36.17,35.53,35.53,12410890,0.0,0.0
2018-07-03 00:00:00+08:00,35.6,35.75,35.18,35.32,19477122,0.0,0.0
2018-07-04 00:00:00+08:00,35.22,35.46,35.22,35.32,11584350,0.0,0.0
2018-07-05 00:00:00+08:00,35.32,35.39,34.86,35.18,14068535,0.0,0.0
2018-07-06 00:00:00+08:00,34.97,35.11,34.69,34.93,17420176,0.0,0.0
2018-07-09 00:00:00+08:00,35.32,35.53,35.18,35.39,10373243,0.0,0.0
2018-07-10 00:00:00+08:00,35.68,35.75,35.32,35.68,8682986,0.0,0.0
2018-07-11 00:00:00+08:00,35.39,35.53,35.22,35.53,11471386,0.0,0.0
2018-07-12 00:00:00+08:00,35.46,35.89,35.25,35.82,14643165,0.0,0.0
2018-07-13 00:00:00+08:00,35.89,36.03,35.82,36.03,9069531,0.0,0.0
2018-07-16 00:00:00+08:00,36.03,36.1,35.75,35.82,6785229,0.0,0.0
2018-07-17 00:00:00+08:00,35.82,36.03,35.75,35.89,9274213,0.0,0.0
2018-07-18 00:00:00+08:00,36.03,36.03,35.75,35.89,10924883,0.0,0.0
2018-07-19 00:00:00+08:00,36.03,36.03,35.68,35.89,9971298,0.0,0.0
2018-07-20 00:00:00+08:00,35.75,36.03,35.68,36.03,10689798,0.0,0.0
2018-07-23 00:00:00+08:00,35.96,36.03,35.75,36.03,9095306,0.0,0.0
2018-07-24 00:00:00+08:00,35.89,35.96,35.46,35.53,21135714,0.0,0.0
2018-07-25 00:00:00+08:00,35.53,35.68,35.39,35.46,12761190,0.0,0.0
2018-07-26 00:00:00+08:00,35.6,35.68,35.25,35.53,15249473,0.0,0.0
2018-07-27 00:00:00+08:00,35.53,35.53,35.32,35.46,10214418,0.0,0.0
2018-07-30 00:00:00+08:00,35.53,35.68,35.39,35.6,10953990,0.0,0.0
2018-07-31 00:00:00+08:00,35.6,36.03,35.53,35.82,22141255,0.0,0.0
2018-08-01 00:00:00+08:00,35.89,36.03,35.82,36.03,7295300,0.0,0.0
2018-08-02 00:00:00+08:00,35.96,35.96,35.46,35.46,10823853,0.0,0.0
2018-08-03 00:00:00+08:00,35.68,35.89,35.6,35.89,8960356,0.0,0.0
2018-08-06 00:00:00+08:00,35.89,35.96,35.6,35.6,8286498,0.0,0.0
2018-08-07 00:00:00+08:00,35.68,35.89,35.6,35.68,9347744,0.0,0.0
2018-08-08 00:00:00+08:00,35.89,36.03,35.75,35.82,7655162,0.0,0.0
2018-08-09 00:00:00+08:00,35.89,35.96,35.6,35.6,9046813,0.0,0.0
2018-08-10 00:00:00+08:00,35.89,36.03,35.82,35.96,13457493,0.0,0.0
2018-08-13 00:00:00+08:00,35.82,35.82,35.29,35.39,17642490,0.0,0.0
2018-08-14 00:00:00+08:00,35.53,35.6,35.32,35.53,7586982,0.0,0.0
2018-08-15 00:00:00+08:00,35.46,35.53,35.29,35.39,11935424,0.0,0.0
2018-08-16 00:00:00+08:00,35.29,35.29,34.97,35.11,20231939,0.0,0.0
2018-08-17 00:00:00+08:00,35.25,35.39,35.11,35.25,13924806,0.0,0.0
2018-08-20 00:00:00+08:00,35.11,35.39,35.11,35.25,9801848,0.0,0.0
2018-08-21 00:00:00+08:00,35.29,35.39,35.25,35.32,10637275,0.0,0.0
2018-08-22 00:00:00+08:00,35.39,35.46,35.25,35.39,10224623,0.0,0.0
2018-08-23 00:00:00+08:00,35.39,35.46,35.25,35.39,7063900,0.0,0.0
2018-08-24 00:00:00+08:00,35.32,35.39,35.07,35.22,12869865,0.0,0.0
2018-08-27 00:00:00+08:00,35.39,35.89,35.32,35.82,15679437,0.0,0.0
2018-08-28 00:00:00+08:00,35.89,35.89,35.75,35.89,7289983,0.0,0.0
2018-08-29 00:00:00+08:00,35.89,35.96,35.68,35.96,6048027,0.0,0.0
2018-08-30 00:00:00+08:00,35.82,35.89,35.68,35.68,8648880,0.0,0.0
2018-08-31 00:00:00+08:00,35.68,35.96,35.6,35.96,16770828,0.0,0.0
2018-09-03 00:00:00+08:00,35.82,35.89,35.6,35.75,8394291,0.0,0.0
2018-09-04 00:00:00+08:00,35.75,36.03,35.75,35.96,9062526,0.0,0.0
2018-09-05 00:00:00+08:00,35.68,35.75,35.46,35.46,10936135,0.0,0.0
2018-09-06 00:00:00+08:00,35.39,35.75,35.39,35.39,7902040,0.0,0.0
2018-09-07 00:00:00+08:00,35.25,35.32,34.97,34.97,18872028,0.0,0.0
2018-09-10 00:00:00+08:00,35.04,35.11,34.9,34.9,12853275,0.0,0.0
2018-09-11 00:00:00+08:00,35.15,35.18,34.9,35.18,14349270,0.0,0.0
2018-09-12 00:00:00+08:00,35.18,35.22,35.04,35.11,8112190,0.0,0.0
2018-09-13 00:00:00+08:00,35.22,35.46,35.18,35.25,7044631,0.0,0.0
2018-09-14 00:00:00+08:00,35.46,35.6,35.32,35.39,7990995,0.0,0.0
2018-09-17 00:00:00+08:00,35.39,35.46,35.32,35.32,7100201,0.0,0.0
2018-09-18 00:00:00+08:00,35.39,35.53,35.29,35.32,13022405,0.0,0.0
2018-09-19 00:00:00+08:00,35.39,35.53,35.29,35.53,11920049,0.0,0.0
2018-09-20 00:00:00+08:00,35.6,35.75,35.53,35.6,19596903,0.0,0.0
2018-09-21 00:00:00+08:00,35.75,36.38,35.68,36.1,43024372,0.0,0.0
2018-09-25 00:00:00+08:00,36.17,36.45,36.1,36.1,16417952,0.0,0.0
2018-09-26 00:00:00+08:00,36.1,36.31,35.96,36.03,11890788,0.0,0.0
2018-09-27 00:00:00+08:00,36.03,36.73,36.03,36.66,23824633,0.0,0.0
2018-09-28 00:00:00+08:00,36.66,36.81,36.17,36.59,25296156,0.0,0.0
2018-10-01 00:00:00+08:00,36.73,37.16,36.66,37.09,19454549,0.0,0.0
2018-10-02 00:00:00+08:00,37.09,37.16,36.52,36.81,19422382,0.0,0.0
2018-10-03 00:00:00+08:00,36.66,37.02,36.52,36.59,16750175,0.0,0.0
2018-10-04 00:00:00+08:00,36.59,36.66,36.17,36.45,16078761,0.0,0.0
2018-10-05 00:00:00+08:00,36.24,36.66,35.46,35.96,34799311,0.0,0.0
2018-10-08 00:00:00+08:00,35.96,36.45,35.82,36.45,16185075,0.0,0.0
2018-10-09 00:00:00+08:00,36.52,36.73,36.31,36.38,20835075,0.0,0.0
2018-10-11 00:00:00+08:00,35.32,35.68,35.04,35.07,44775086,0.0,0.0
2018-10-12 00:00:00+08:00,34.97,35.53,34.69,35.39,22730545,0.0,0.0
2018-10-15 00:00:00+08:00,35.22,35.53,35.04,35.29,28635721,0.0,0.0
2018-10-16 00:00:00+08:00,35.25,35.29,34.97,35.11,15692099,0.0,0.0
2018-10-17 00:00:00+08:00,35.29,35.46,35.15,35.15,12482896,0.0,0.0
2018-10-18 00:00:00+08:00,35.25,35.32,35.04,35.04,10300385,0.0,0.0
2018-10-19 00:00:00+08:00,34.79,35.46,34.72,35.46,15337027,0.0,0.0
2018-10-22 00:00:00+08:00,35.25,35.6,35.22,35.32,7283907,0.0,0.0
2018-10-23 00:00:00+08:00,35.15,35.25,34.9,35.0,11957522,0.0,0.0
2018-10-24 00:00:00+08:00,34.83,35.18,34.62,34.72,15724133,0.0,0.0
2018-10-25 00:00:00+08:00,34.37,34.62,33.91,33.91,20454807,0.0,0.0
2018-10-26 00:00:00+08:00,33.91,34.05,32.78,33.27,26165918,0.0,0.0
2018-10-29 00:00:00+08:00,33.34,33.41,32.96,33.13,15551172,0.0,0.0
2018-10-30 00:00:00+08:00,33.56,33.7,33.27,33.56,11109241,0.0,0.0
2018-10-31 00:00:00+08:00,34.05,34.23,33.66,34.23,14466727,0.0,0.0
2018-11-01 00:00:00+08:00,33.87,34.26,33.77,34.12,14568178,0.0,0.0
2018-11-02 00:00:00+08:00,34.23,34.54,33.98,34.54,9706734,0.0,0.0
2018-11-05 00:00:00+08:00,34.26,34.76,34.19,34.76,10301940,0.0,0.0
2018-11-06 00:00:00+08:00,34.9,35.25,34.72,35.18,16120132,0.0,0.0
2018-11-07 00:00:00+08:00,35.18,35.53,34.93,35.53,15631826,0.0,0.0
2018-11-08 00:00:00+08:00,35.68,35.96,35.39,35.96,14980762,0.0,0.0
2018-11-09 00:00:00+08:00,35.6,36.1,35.46,36.1,14149381,0.0,0.0
2018-11-12 00:00:00+08:00,35.6,36.17,35.6,35.96,5904177,0.0,0.0
2018-11-13 00:00:00+08:00,35.11,36.03,35.11,36.03,8236893,0.0,0.0
2018-11-14 00:00:00+08:00,35.96,36.17,35.75,36.17,6902655,0.0,0.0
2018-11-15 00:00:00+08:00,36.17,36.17,35.82,36.1,7876755,0.0,0.0
2018-11-16 00:00:00+08:00,36.31,36.31,35.96,36.1,7294230,0.0,0.0
2018-11-19 00:00:00+08:00,36.24,36.38,36.03,36.38,10374237,0.0,0.0
2018-11-20 00:00:00+08:00,36.17,36.31,35.68,35.68,7320471,0.0,0.0
2018-11-21 00:00:00+08:00,35.68,35.89,35.25,35.82,11345655,0.0,0.0
2018-11-22 00:00:00+08:00,35.82,35.89,35.53,35.89,4484687,0.0,0.0
2018-11-23 00:00:00+08:00,35.68,35.75,35.39,35.39,5212502,0.0,0.0
2018-11-26 00:00:00+08:00,35.68,36.1,35.22,35.25,13010371,0.0,0.0
2018-11-27 00:00:00+08:00,35.32,35.39,34.69,34.69,17015149,0.0,0.0
2018-11-28 00:00:00+08:00,34.69,34.72,34.47,34.51,17063407,0.0,0.0
2018-11-29 00:00:00+08:00,34.83,34.86,34.33,34.33,19027931,0.0,0.0
2018-11-30 00:00:00+08:00,34.26,34.62,34.23,34.47,24494871,0.0,0.0
2018-12-03 00:00:00+08:00,34.79,34.83,34.62,34.72,16343619,0.0,0.0
2018-12-04 00:00:00+08:00,34.16,34.47,34.16,34.44,21227390,0.0,0.0
2018-12-05 00:00:00+08:00,34.26,34.26,34.01,34.16,12953246,0.0,0.0
2018-12-06 00:00:00+08:00,34.23,34.23,33.84,33.91,16054550,0.0,0.0
2018-12-07 00:00:00+08:00,33.91,33.98,33.84,33.91,11704090,0.0,0.0
2018-12-10 00:00:00+08:00,33.59,33.77,33.41,33.56,9268142,0.0,0.0
2018-12-11 00:00:00+08:00,33.56,33.63,33.31,33.38,14096124,0.0,0.0
2018-12-12 00:00:00+08:00,33.73,33.73,33.45,33.59,9542974,0.0,0.0
2018-12-13 00:00:00+08:00,33.66,33.94,33.63,33.94,11961404,0.0,0.0
2018-12-14 00:00:00+08:00,33.94,33.94,33.52,33.52,15403745,0.0,0.0
2018-12-17 00:00:00+08:00,33.73,33.84,33.52,33.73,7277883,0.0,0.0
2018-12-18 00:00:00+08:00,33.56,33.66,33.2,33.24,21606793,0.0,0.0
2018-12-19 00:00:00+08:00,33.31,33.41,33.2,33.41,10170190,0.0,0.0
2018-12-20 00:00:00+08:00,33.2,33.45,33.13,33.24,10051639,0.0,0.0
2018-12-21 00:00:00+08:00,33.13,33.41,33.13,33.41,13291938,0.0,0.0
2018-12-24 00:00:00+08:00,33.2,33.2,32.85,33.1,8169570,0.0,0.0
2018-12-25 00:00:00+08:00,32.6,32.85,32.57,32.85,6001443,0.0,0.0
2018-12-26 00:00:00+08:00,32.92,33.06,32.85,32.85,2632977,0.0,0.0
2018-12-27 00:00:00+08:00,33.1,33.2,32.88,33.17,7017345,0.0,0.0
2018-12-28 00:00:00+08:00,33.17,33.24,32.81,33.24,12236497,0.0,0.0
2019-01-02 00:00:00+08:00,33.27,33.45,32.57,32.57,12476979,0.0,0.0
2019-01-03 00:00:00+08:00,32.57,32.67,32.28,32.35,9198764,0.0,0.0
2019-01-04 00:00:00+08:00,31.9,32.35,31.79,32.0,11448402,0.0,0.0
2019-01-07 00:00:00+08:00,32.5,32.57,32.21,32.46,10209971,0.0,0.0
2019-01-08 00:00:00+08:00,32.71,32.71,32.28,32.28,6860182,0.0,0.0
2019-01-09 00:00:00+08:00,32.78,33.38,32.67,33.24,18306575,0.0,0.0
2019-01-10 00:00:00+08:00,33.06,33.13,32.85,33.13,8641738,0.0,0.0
2019-01-11 00:00:00+08:00,32.92,32.96,32.28,32.46,23530606,0.0,0.0
2019-01-14 00:00:00+08:00,32.21,32.32,31.68,31.79,30071134,0.0,0.0
2019-01-15 00:00:00+08:00,31.72,31.72,31.4,31.51,27107689,0.0,0.0
2019-01-16 00:00:00+08:00,31.44,31.44,31.01,31.08,34406242,0.0,0.0
2019-01-17 00:00:00+08:00,30.91,31.26,30.91,31.12,21534864,0.0,0.0
2019-01-18 00:00:00+08:00,31.19,31.22,30.94,31.19,13309451,0.0,0.0
2019-01-21 00:00:00+08:00,31.22,31.44,31.19,31.3,13973717,0.0,0.0
2019-01-22 00:00:00+08:00,31.22,31.44,31.15,31.26,13632867,0.0,0.0
2019-01-23 00:00:00+08:00,31.15,31.33,31.12,31.3,5610432,0.0,0.0
2019-01-24 00:00:00+08:00,31.19,31.3,31.12,31.12,15099673,0.0,0.0
2019-01-25 00:00:00+08:00,31.15,31.26,30.94,31.08,27947788,0.0,0.0
2019-01-28 00:00:00+08:00,31.37,31.51,31.26,31.51,19021624,0.0,0.0
2019-01-29 00:00:00+08:00,31.51,31.68,31.44,31.61,22442397,0.0,0.0
2019-01-30 00:00:00+08:00,31.65,31.65,31.37,31.47,20525824,0.0,0.0
2019-02-11 00:00:00+08:00,31.72,31.75,31.19,31.19,25516378,0.0,0.0
2019-02-12 00:00:00+08:00,31.4,31.4,31.12,31.3,24467791,0.0,0.0
2019-02-13 00:00:00+08:00,31.44,31.54,31.3,31.51,14982707,0.0,0.0
2019-02-14 00:00:00+08:00,31.51,31.75,31.44,31.44,20600472,0.0,0.0
2019-02-15 00:00:00+08:00,31.51,31.54,31.37,31.37,16039386,0.0,0.0
2019-02-18 00:00:00+08:00,31.54,31.65,31.47,31.61,9376291,0.0,0.0
2019-02-19 00:00:00+08:00,31.72,31.72,31.65,31.68,11166176,0.0,0.0
2019-02-20 00:00:00+08:00,31.75,31.86,31.68,31.83,18702979,0.0,0.0
2019-02-21 00:00:00+08:00,31.86,31.9,31.72,31.86,16202785,0.0,0.0
2019-02-22 00:00:00+08:00,31.83,31.86,31.72,31.79,11992909,0.0,0.0
2019-02-25 00:00:00+08:00,31.83,32.0,31.83,32.0,18063876,0.0,0.0
2019-02-26 00:00:00+08:00,32.04,32.25,32.0,32.11,27703829,0.0,0.0
2019-02-27 00:00:00+08:00,32.11,32.21,31.93,32.14,19778105,0.0,0.0
2019-03-04 00:00:00+08:00,31.83,32.0,31.44,31.9,24938463,0.0,0.0
2019-03-05 00:00:00+08:00,31.79,31.97,31.79,31.86,11567887,0.0,0.0
2019-03-06 00:00:00+08:00,31.86,31.97,31.86,31.9,8796946,0.0,0.0
2019-03-07 00:00:00+08:00,31.86,31.9,31.79,31.86,11066743,0.0,0.0
2019-03-08 00:00:00+08:00,31.79,31.79,31.51,31.58,14887759,0.0,0.0
2019-03-11 00:00:00+08:00,31.51,31.58,31.4,31.44,12397273,0.0,0.0
2019-03-12 00:00:00+08:00,31.79,32.0,31.75,31.79,20278820,0.0,0.0
2019-03-13 00:00:00+08:00,31.83,32.07,31.79,31.97,13758229,0.0,0.0
2019-03-14 00:00:00+08:00,31.97,32.18,31.83,31.97,17371610,0.0,0.0
2019-03-15 00:00:00+08:00,31.93,32.04,31.9,31.97,21148650,0.0,0.0
2019-03-18 00:00:00+08:00,32.14,32.5,32.07,32.5,15255076,0.0,0.0
2019-03-19 00:00:00+08:00,32.6,33.2,32.57,33.17,27675198,0.0,0.0
2019-03-20 00:00:00+08:00,33.13,33.45,33.03,33.31,24066867,0.0,0.0
2019-03-21 00:00:00+08:00,33.31,33.31,32.92,33.13,12312911,0.0,0.0
2019-03-22 00:00:00+08:00,33.2,33.27,32.71,32.78,23593755,0.0,0.0
2019-03-25 00:00:00+08:00,32.39,32.39,32.14,32.18,20579183,0.0,0.0
2019-03-26 00:00:00+08:00,32.18,32.28,32.07,32.14,12542284,0.0,0.0
2019-03-27 00:00:00+08:00,32.04,32.04,31.72,31.75,18024744,0.0,0.0
2019-03-28 00:00:00+08:00,31.65,31.97,31.54,31.86,15347068,0.0,0.0
2019-03-29 00:00:00+08:00,31.86,32.5,31.79,32.5,24827591,0.0,0.0
2019-04-01 00:00:00+08:00,32.64,32.71,32.21,32.21,13488353,0.0,0.0
2019-04-02 00:00:00+08:00,32.57,32.57,32.39,32.5,11452423,0.0,0.0
2019-04-03 00:00:00+08:00,32.5,32.57,32.43,32.5,8026219,0.0,0.0
2019-04-08 00:00:00+08:00,32.32,32.35,32.04,32.04,22550709,0.0,0.0
2019-04-09 00:00:00+08:00,32.14,32.39,32.11,32.32,15377921,0.0,0.0
2019-04-10 00:00:00+08:00,32.04,32.32,32.04,32.14,16611291,0.0,0.0
2019-04-11 00:00:00+08:00,32.14,32.57,32.11,32.18,18010667,0.0,0.0
2019-04-12 00:00:00+08:00,32.35,32.35,32.18,32.28,9877796,0.0,0.0
2019-04-15 00:00:00+08:00,32.35,32.43,32.18,32.28,12266078,0.0,0.0
2019-04-16 00:00:00+08:00,32.14,32.18,31.83,32.0,19774492,0.0,0.0
2019-04-17 00:00:00+08:00,32.0,32.04,31.86,31.93,16549871,0.0,0.0
2019-04-18 00:00:00+08:00,31.9,31.9,31.58,31.79,29832945,0.0,0.0
2019-04-19 00:00:00+08:00,31.83,32.04,31.72,31.93,6884154,0.0,0.0
2019-04-22 00:00:00+08:00,31.93,32.04,31.9,31.97,5337954,0.0,0.0
2019-04-23 00:00:00+08:00,31.97,32.07,31.86,32.04,7339229,0.0,0.0
2019-04-24 00:00:00+08:00,32.11,32.14,31.97,32.07,7946864,0.0,0.0
2019-04-25 00:00:00+08:00,31.86,32.0,31.86,31.93,13271860,0.0,0.0
2019-04-26 00:00:00+08:00,31.83,32.14,31.83,32.14,8435172,0.0,0.0
2019-04-29 00:00:00+08:00,32.14,32.35,32.11,32.28,11388368,0.0,0.0
2019-04-30 00:00:00+08:00,32.32,32.43,32.11,32.21,13995572,0.0,0.0
2019-05-02 00:00:00+08:00,32.21,32.78,32.21,32.78,19711512,0.0,0.0
2019-05-03 00:00:00+08:00,32.78,32.78,32.57,32.6,14458120,0.0,0.0
2019-05-06 00:00:00+08:00,32.28,32.39,32.07,32.21,19323085,0.0,0.0
2019-05-07 00:00:00+08:00,32.14,32.25,32.07,32.07,13773501,0.0,0.0
2019-05-08 00:00:00+08:00,31.93,31.93,31.83,31.83,15146772,0.0,0.0
2019-05-09 00:00:00+08:00,31.79,31.79,31.51,31.51,22329209,0.0,0.0
2019-05-10 00:00:00+08:00,31.79,31.86,31.51,31.51,13874594,0.0,0.0
2019-05-13 00:00:00+08:00,31.51,31.51,30.94,30.94,20102434,0.0,0.0
2019-05-14 00:00:00+08:00,30.52,30.66,30.31,30.48,31965991,0.0,0.0
2019-05-15 00:00:00+08:00,30.45,30.69,30.45,30.55,14135355,0.0,0.0
2019-05-16 00:00:00+08:00,30.55,30.55,29.67,29.67,30569534,0.0,0.0
2019-05-17 00:00:00+08:00,29.78,29.95,29.39,29.6,26070022,0.0,0.0
2019-05-20 00:00:00+08:00,29.64,29.81,29.53,29.6,16404409,0.0,0.0
2019-05-21 00:00:00+08:00,29.85,30.48,29.64,30.41,20737156,0.0,0.0
2019-05-22 00:00:00+08:00,30.02,30.16,29.88,30.02,16578071,0.0,0.0
2019-05-23 00:00:00+08:00,30.13,30.2,29.92,30.02,10384541,0.0,0.0
2019-05-24 00:00:00+08:00,30.02,30.13,29.67,29.67,15693300,0.0,0.0
2019-05-27 00:00:00+08:00,29.74,29.95,29.67,29.88,7814297,0.0,0.0
2019-05-28 00:00:00+08:00,29.85,30.06,29.71,29.88,33168581,0.0,0.0
2019-05-29 00:00:00+08:00,30.02,30.06,29.85,29.99,7824501,0.0,0.0
2019-05-30 00:00:00+08:00,29.92,30.24,29.92,30.09,10533479,0.0,0.0
2019-05-31 00:00:00+08:00,30.16,30.59,30.13,30.55,15469447,0.0,0.0
2019-06-03 00:00:00+08:00,30.52,30.94,30.27,30.84,10138394,0.0,0.0
2019-06-04 00:00:00+08:00,30.98,31.01,30.69,31.01,12455691,0.0,0.0
2019-06-05 00:00:00+08:00,31.01,31.08,30.45,30.45,15480566,0.0,0.0
2019-06-06 00:00:00+08:00,30.45,30.48,30.34,30.48,9692911,0.0,0.0
2019-06-10 00:00:00+08:00,31.08,31.22,30.84,31.19,15160152,0.0,0.0
2019-06-11 00:00:00+08:00,31.19,31.4,31.01,31.4,13919767,0.0,0.0
2019-06-12 00:00:00+08:00,31.3,31.33,30.98,31.33,8459886,0.0,0.0
2019-06-13 00:00:00+08:00,31.12,31.15,30.62,30.84,15358222,0.0,0.0
2019-06-14 00:00:00+08:00,30.66,30.94,30.62,30.77,9441868,0.0,0.0
2019-06-17 00:00:00+08:00,30.98,31.26,30.77,31.15,11448088,0.0,0.0
2019-06-18 00:00:00+08:00,31.26,31.44,31.19,31.44,8649094,0.0,0.0
2019-06-19 00:00:00+08:00,31.51,31.72,31.44,31.65,19512075,0.0,0.0
2019-06-20 00:00:00+08:00,31.72,31.72,31.47,31.54,13158947,0.0,0.0
2019-06-21 00:00:00+08:00,31.58,31.61,31.4,31.4,22108260,0.0,0.0
2019-06-24 00:00:00+08:00,31.4,31.75,31.4,31.72,10653885,0.0,0.0
2019-06-25 00:00:00+08:00,31.72,31.83,31.68,31.72,8000954,0.0,0.0
2019-06-26 00:00:00+08:00,31.83,32.11,31.75,32.07,17953714,0.0,0.0
2019-06-27 00:00:00+08:00,32.11,32.5,32.11,32.35,29678618,0.0,0.0
2019-06-28 00:00:00+08:00,32.5,32.64,32.32,32.39,16342823,0.0,0.0
2019-07-01 00:00:00+08:00,32.46,32.71,32.46,32.67,23780623,0.0,0.0
2019-07-02 00:00:00+08:00,32.71,32.74,32.5,32.67,26318959,0.0,0.0
2019-07-03 00:00:00+08:00,32.67,32.67,32.46,32.57,33141544,0.0,0.0
2019-07-04 00:00:00+08:00,33.29,33.33,33.03,33.07,19669018,2.0,0.0
2019-07-05 00:00:00+08:00,33.11,33.15,32.88,33.03,12364453,0.0,0.0
2019-07-08 00:00:00+08:00,33.03,33.07,32.81,32.96,9548357,0.0,0.0
2019-07-09 00:00:00+08:00,32.96,32.96,32.73,32.85,9394708,0.0,0.0
2019-07-10 00:00:00+08:00,33.03,33.15,32.88,33.03,9584794,0.0,0.0
2019-07-11 00:00:00+08:00,33.07,33.11,32.88,32.96,6831414,0.0,0.0
2019-07-12 00:00:00+08:00,32.92,32.92,32.77,32.77,8005293,0.0,0.0
2019-07-15 00:00:00+08:00,32.81,32.81,32.62,32.7,8397989,0.0,0.0
2019-07-16 00:00:00+08:00,32.7,32.81,32.7,32.81,9655938,0.0,0.0
2019-07-17 00:00:00+08:00,32.66,32.66,32.44,32.44,13619374,0.0,0.0
2019-07-18 00:00:00+08:00,32.36,32.51,32.32,32.4,8062734,0.0,0.0
2019-07-19 00:00:00+08:00,32.44,32.7,32.44,32.44,8154260,0.0,0.0
2019-07-22 00:00:00+08:00,32.44,32.73,32.44,32.51,11116698,0.0,0.0
2019-07-23 00:00:00+08:00,32.55,32.59,32.47,32.47,9356109,0.0,0.0
2019-07-24 00:00:00+08:00,32.44,32.59,32.36,32.4,9018890,0.0,0.0
2019-07-25 00:00:00+08:00,32.4,32.73,32.4,32.73,5918591,0.0,0.0
2019-07-26 00:00:00+08:00,32.55,32.55,32.36,32.44,6836201,0.0,0.0
2019-07-29 00:00:00+08:00,32.36,32.55,32.36,32.47,7347880,0.0,0.0
2019-07-30 00:00:00+08:00,32.47,32.55,32.44,32.44,7206527,0.0,0.0
2019-07-31 00:00:00+08:00,32.44,32.44,32.14,32.21,17467408,0.0,0.0
2019-08-01 00:00:00+08:00,32.06,32.06,31.91,31.99,13783188,0.0,0.0
2019-08-02 00:00:00+08:00,31.69,31.77,31.54,31.58,16376902,0.0,0.0
2019-08-05 00:00:00+08:00,31.47,31.54,31.28,31.32,13879597,0.0,0.0
2019-08-06 00:00:00+08:00,30.95,31.32,30.65,31.09,17155487,0.0,0.0
2019-08-07 00:00:00+08:00,31.09,31.32,30.95,31.06,11357740,0.0,0.0
2019-08-08 00:00:00+08:00,31.13,31.32,31.09,31.24,10562264,0.0,0.0
2019-08-12 00:00:00+08:00,31.13,31.62,31.13,31.24,7988960,0.0,0.0
2019-08-13 00:00:00+08:00,31.58,31.77,31.5,31.54,15632161,0.0,0.0
2019-08-14 00:00:00+08:00,31.8,31.8,31.36,31.36,11973341,0.0,0.0
2019-08-15 00:00:00+08:00,31.09,31.62,31.02,31.24,12523416,0.0,0.0
2019-08-16 00:00:00+08:00,31.24,32.44,31.21,32.18,24242030,0.0,0.0
2019-08-19 00:00:00+08:00,32.18,32.51,32.1,32.32,16219619,0.0,0.0
2019-08-20 00:00:00+08:00,32.25,32.36,31.99,31.99,14484355,0.0,0.0
2019-08-21 00:00:00+08:00,31.95,32.36,31.91,31.99,10244182,0.0,0.0
2019-08-22 00:00:00+08:00,32.14,32.32,32.06,32.14,9035884,0.0,0.0
2019-08-23 00:00:00+08:00,32.14,32.29,32.03,32.14,6948257,0.0,0.0
2019-08-26 00:00:00+08:00,31.88,32.25,31.88,32.06,9689165,0.0,0.0
2019-08-27 00:00:00+08:00,32.32,32.44,32.18,32.44,19984925,0.0,0.0
2019-08-28 00:00:00+08:00,32.44,32.59,32.36,32.59,7733817,0.0,0.0
2019-08-29 00:00:00+08:00,32.44,32.47,32.14,32.18,10903279,0.0,0.0
2019-08-30 00:00:00+08:00,32.25,32.55,32.21,32.55,12494717,0.0,0.0
2019-09-02 00:00:00+08:00,32.29,32.55,32.29,32.44,3467481,0.0,0.0
2019-09-03 00:00:00+08:00,32.44,32.59,32.25,32.25,8907082,0.0,0.0
2019-09-04 00:00:00+08:00,32.25,32.51,32.21,32.4,9164206,0.0,0.0
2019-09-05 00:00:00+08:00,32.4,32.81,32.4,32.77,18715472,0.0,0.0
2019-09-06 00:00:00+08:00,32.81,32.85,32.66,32.81,8565402,0.0,0.0
2019-09-10 00:00:00+08:00,33.41,33.59,33.41,33.48,21835241,0.0,0.0
2019-09-11 00:00:00+08:00,33.56,33.56,33.29,33.52,9593349,0.0,0.0
2019-09-12 00:00:00+08:00,33.74,33.78,33.52,33.56,12290546,0.0,0.0
2019-09-16 00:00:00+08:00,33.74,33.85,33.59,33.78,15780979,0.0,0.0
2019-09-17 00:00:00+08:00,33.78,33.97,33.52,33.97,17096259,0.0,0.0
2019-09-18 00:00:00+08:00,33.93,34.0,33.78,34.0,13677264,0.0,0.0
2019-09-19 00:00:00+08:00,34.0,34.0,33.63,33.7,9587772,0.0,0.0
2019-09-20 00:00:00+08:00,33.67,33.78,33.48,33.67,21556393,0.0,0.0
2019-09-23 00:00:00+08:00,33.44,33.56,33.33,33.44,7702365,0.0,0.0
2019-09-24 00:00:00+08:00,33.41,33.56,33.29,33.56,9133651,0.0,0.0
2019-09-25 00:00:00+08:00,33.33,33.37,33.07,33.11,13799064,0.0,0.0
2019-09-26 00:00:00+08:00,33.11,33.37,33.11,33.26,11154043,0.0,0.0
2019-09-27 00:00:00+08:00,33.26,33.37,33.18,33.22,7476624,0.0,0.0
2019-10-01 00:00:00+08:00,33.44,33.56,33.37,33.56,10787633,0.0,0.0
2019-10-02 00:00:00+08:00,33.22,33.44,33.22,33.37,5336081,0.0,0.0
2019-10-03 00:00:00+08:00,32.88,33.03,32.73,32.88,8622728,0.0,0.0
2019-10-04 00:00:00+08:00,32.81,33.0,32.66,32.81,7693439,0.0,0.0
2019-10-07 00:00:00+08:00,32.85,32.92,32.7,32.81,6123943,0.0,0.0
2019-10-08 00:00:00+08:00,32.7,33.33,32.7,33.03,10590343,0.0,0.0
2019-10-09 00:00:00+08:00,33.22,33.29,32.73,32.73,9153320,0.0,0.0
2019-10-14 00:00:00+08:00,32.96,33.41,32.96,33.41,11206062,0.0,0.0
2019-10-15 00:00:00+08:00,33.7,33.7,33.37,33.52,8260022,0.0,0.0
2019-10-16 00:00:00+08:00,33.56,33.74,33.48,33.74,14099996,0.0,0.0
2019-10-17 00:00:00+08:00,33.7,33.78,33.59,33.78,8441324,0.0,0.0
2019-10-18 00:00:00+08:00,33.78,33.85,33.63,33.74,12252969,0.0,0.0
2019-10-21 00:00:00+08:00,33.7,33.85,33.67,33.85,7481773,0.0,0.0
2019-10-22 00:00:00+08:00,33.89,33.97,33.7,33.93,8756154,0.0,0.0
2019-10-23 00:00:00+08:00,33.85,33.85,33.59,33.7,7287716,0.0,0.0
2019-10-24 00:00:00+08:00,33.67,33.97,33.67,33.97,9401747,0.0,0.0
2019-10-25 00:00:00+08:00,33.97,34.0,33.85,33.93,6929272,0.0,0.0
2019-10-28 00:00:00+08:00,33.93,33.97,33.7,33.78,5527771,0.0,0.0
2019-10-29 00:00:00+08:00,33.85,33.89,33.7,33.89,11656689,0.0,0.0
2019-10-30 00:00:00+08:00,33.78,33.89,33.67,33.89,9317749,0.0,0.0
2019-10-31 00:00:00+08:00,33.85,33.85,33.22,33.22,21161323,0.0,0.0
2019-11-01 00:00:00+08:00,33.22,33.41,33.07,33.22,8537287,0.0,0.0
2019-11-04 00:00:00+08:00,33.18,33.52,33.18,33.52,11586668,0.0,0.0
2019-11-05 00:00:00+08:00,33.63,33.82,33.44,33.52,14687192,0.0,0.0
2019-11-06 00:00:00+08:00,33.7,34.45,33.63,34.19,47255644,0.0,0.0
2019-11-07 00:00:00+08:00,34.34,34.49,33.82,33.93,30601714,0.0,0.0
2019-11-08 00:00:00+08:00,34.11,34.15,33.78,34.0,14368380,0.0,0.0
2019-11-11 00:00:00+08:00,34.0,34.0,33.52,33.7,14621383,0.0,0.0
2019-11-12 00:00:00+08:00,34.0,34.23,33.82,33.97,14665886,0.0,0.0
2019-11-13 00:00:00+08:00,33.97,34.0,33.7,33.78,8860628,0.0,0.0
2019-11-14 00:00:00+08:00,33.82,33.85,33.56,33.63,8013654,0.0,0.0
2019-11-15 00:00:00+08:00,33.85,33.85,33.56,33.78,9844963,0.0,0.0
2019-11-18 00:00:00+08:00,33.82,34.0,33.7,34.0,9604424,0.0,0.0
2019-11-19 00:00:00+08:00,33.85,33.97,33.74,33.97,13839637,0.0,0.0
2019-11-20 00:00:00+08:00,33.78,33.89,33.67,33.89,13956317,0.0,0.0
2019-11-21 00:00:00+08:00,33.63,33.63,33.48,33.59,13720545,0.0,0.0
2019-11-22 00:00:00+08:00,33.67,33.78,33.52,33.78,9175503,0.0,0.0
2019-11-25 00:00:00+08:00,34.0,34.41,33.93,34.38,38372062,0.0,0.0
2019-11-26 00:00:00+08:00,34.45,34.6,34.3,34.3,55690843,0.0,0.0
2019-11-27 00:00:00+08:00,34.3,34.41,33.97,34.19,22646823,0.0,0.0
2019-11-28 00:00:00+08:00,34.11,34.11,33.82,33.85,19924034,0.0,0.0
2019-11-29 00:00:00+08:00,33.7,33.74,33.41,33.41,19651457,0.0,0.0
2019-12-02 00:00:00+08:00,33.41,33.41,33.11,33.41,14913345,0.0,0.0
2019-12-03 00:00:00+08:00,33.18,33.48,33.18,33.48,9050701,0.0,0.0
2019-12-04 00:00:00+08:00,33.63,33.63,33.22,33.41,14347898,0.0,0.0
2019-12-05 00:00:00+08:00,33.41,33.93,33.33,33.93,23944656,0.0,0.0
2019-12-06 00:00:00+08:00,33.93,33.93,33.67,33.89,10294350,0.0,0.0
2019-12-09 00:00:00+08:00,33.82,33.93,33.7,33.89,9646189,0.0,0.0
2019-12-10 00:00:00+08:00,33.89,33.97,33.85,33.97,12687763,0.0,0.0
2019-12-11 00:00:00+08:00,34.08,34.38,34.0,34.26,23324055,0.0,0.0
2019-12-12 00:00:00+08:00,34.26,34.41,34.26,34.34,22121830,0.0,0.0
2019-12-13 00:00:00+08:00,34.6,35.16,34.52,35.16,49874764,0.0,0.0
2019-12-16 00:00:00+08:00,35.16,35.16,34.67,34.75,55062,0.0,0.0
2019-12-17 00:00:00+08:00,34.67,34.75,34.45,34.67,23081946,0.0,0.0
2019-12-18 00:00:00+08:00,34.71,34.93,34.64,34.86,21936916,0.0,0.0
2019-12-19 00:00:00+08:00,34.93,34.93,34.75,34.86,11722766,0.0,0.0
2019-12-20 00:00:00+08:00,34.75,34.93,34.67,34.86,19031628,0.0,0.0
2019-12-23 00:00:00+08:00,34.86,34.86,34.56,34.79,11072346,0.0,0.0
2019-12-24 00:00:00+08:00,34.67,34.75,34.64,34.67,6018696,0.0,0.0
2019-12-25 00:00:00+08:00,34.67,34.71,34.52,34.64,5110295,0.0,0.0
2019-12-26 00:00:00+08:00,34.64,34.71,34.6,34.67,5390990,0.0,0.0
2019-12-27 00:00:00+08:00,34.82,34.86,34.64,34.86,10896778,0.0,0.0
2019-12-30 00:00:00+08:00,34.82,34.82,34.67,34.82,7765608,0.0,0.0
2019-12-31 00:00:00+08:00,34.71,34.82,34.6,34.6,8036278,0.0,0.0
2020-01-02 00:00:00+08:00,34.75,34.82,34.52,34.64,8189378,0.0,0.0
2020-01-03 00:00:00+08:00,34.67,34.93,34.64,34.86,12459804,0.0,0.0
2020-01-06 00:00:00+08:00,34.71,34.71,34.45,34.6,9459619,0.0,0.0
2020-01-07 00:00:00+08:00,34.6,34.67,34.41,34.52,10120925,0.0,0.0
2020-01-08 00:00:00+08:00,34.38,34.38,34.15,34.15,13727034,0.0,0.0
2020-01-09 00:00:00+08:00,34.23,34.34,34.23,34.3,13032309,0.0,0.0
2020-01-10 00:00:00+08:00,34.34,34.67,34.34,34.6,13409106,0.0,0.0
2020-01-13 00:00:00+08:00,34.71,34.97,34.67,34.9,16444352,0.0,0.0
2020-01-14 00:00:00+08:00,34.97,35.08,34.93,35.05,15084368,0.0,0.0
2020-01-15 00:00:00+08:00,35.08,35.08,34.75,34.9,13730210,0.0,0.0
2020-01-16 00:00:00+08:00,34.9,34.97,34.75,34.97,13030488,0.0,0.0
2020-01-17 00:00:00+08:00,35.05,35.16,34.97,35.16,15080266,0.0,0.0
2020-01-20 00:00:00+08:00,35.16,35.16,35.05,35.12,11483545,0.0,0.0
2020-01-30 00:00:00+08:00,34.3,34.34,33.26,33.56,48646129,0.0,0.0
2020-01-31 00:00:00+08:00,33.56,34.04,33.41,33.59,18051285,0.0,0.0
2020-02-03 00:00:00+08:00,32.29,33.29,32.29,32.92,21895015,0.0,0.0
2020-02-04 00:00:00+08:00,35.16,35.16,33.59,33.59,16295222,0.0,0.0
2020-02-05 00:00:00+08:00,33.63,33.85,33.22,33.85,12091742,0.0,0.0
2020-02-06 00:00:00+08:00,34.0,34.3,33.93,34.3,15653218,0.0,0.0
2020-02-07 00:00:00+08:00,33.85,34.08,33.7,33.85,15284112,0.0,0.0
2020-02-10 00:00:00+08:00,33.37,33.74,33.37,33.67,14436492,0.0,0.0
2020-02-11 00:00:00+08:00,34.15,34.3,34.11,34.3,14026007,0.0,0.0
2020-02-12 00:00:00+08:00,34.71,34.79,34.52,34.56,22235065,0.0,0.0
2020-02-13 00:00:00+08:00,34.6,34.6,34.26,34.34,12640884,0.0,0.0
2020-02-14 00:00:00+08:00,34.3,34.41,34.26,34.41,7485456,0.0,0.0
2020-02-17 00:00:00+08:00,34.23,34.26,34.04,34.26,7927213,0.0,0.0
2020-02-18 00:00:00+08:00,34.15,34.3,34.08,34.3,7572968,0.0,0.0
2020-02-19 00:00:00+08:00,34.3,34.6,34.23,34.56,8714338,0.0,0.0
2020-02-20 00:00:00+08:00,34.52,34.56,34.23,34.38,11519908,0.0,0.0
2020-02-21 00:00:00+08:00,33.97,34.26,33.97,34.08,8237786,0.0,0.0
2020-02-24 00:00:00+08:00,33.78,33.82,33.48,33.56,20792382,0.0,0.0
2020-02-25 00:00:00+08:00,33.18,33.56,33.18,33.52,10980616,0.0,0.0
2020-02-26 00:00:00+08:00,33.18,33.48,33.03,33.33,17244514,0.0,0.0
2020-02-27 00:00:00+08:00,33.26,33.29,33.07,33.15,19123694,0.0,0.0
2020-03-02 00:00:00+08:00,32.59,32.96,32.51,32.77,21576754,0.0,0.0
2020-03-03 00:00:00+08:00,32.88,33.03,32.88,32.92,13198062,0.0,0.0
2020-03-04 00:00:00+08:00,32.85,33.15,32.81,33.15,12794180,0.0,0.0
2020-03-05 00:00:00+08:00,33.7,33.7,33.41,33.67,12093682,0.0,0.0
2020-03-06 00:00:00+08:00,33.48,33.52,32.88,32.96,16778851,0.0,0.0
2020-03-09 00:00:00+08:00,32.36,32.36,31.58,31.58,43678665,0.0,0.0
2020-03-10 00:00:00+08:00,31.32,32.06,31.32,31.58,26978615,0.0,0.0
2020-03-11 00:00:00+08:00,31.58,31.8,31.43,31.43,26481457,0.0,0.0
2020-03-12 00:00:00+08:00,31.24,31.36,30.13,30.2,40572023,0.0,0.0
2020-03-13 00:00:00+08:00,28.71,29.57,27.55,29.57,78958868,0.0,0.0
2020-03-16 00:00:00+08:00,29.79,29.79,28.34,28.37,40715928,0.0,0.0
2020-03-17 00:00:00+08:00,27.85,28.37,27.59,27.85,46426969,0.0,0.0
2020-03-18 00:00:00+08:00,27.89,28.0,27.37,27.48,37043701,0.0,0.0
2020-03-19 00:00:00+08:00,26.84,26.84,25.99,25.99,56872302,0.0,0.0
2020-03-20 00:00:00+08:00,26.25,27.96,26.25,27.96,53532058,0.0,0.0
2020-03-23 00:00:00+08:00,26.58,27.18,26.25,26.84,21268458,0.0,0.0
2020-03-24 00:00:00+08:00,27.14,27.74,27.03,27.03,29569350,0.0,0.0
2020-03-25 00:00:00+08:00,27.7,27.89,27.29,27.66,25545228,0.0,0.0
2020-03-26 00:00:00+08:00,28.0,28.0,27.44,27.81,19199332,0.0,0.0
2020-03-27 00:00:00+08:00,28.34,28.78,28.26,28.56,28889079,0.0,0.0
2020-03-30 00:00:00+08:00,27.81,28.41,27.74,28.26,15817427,0.0,0.0
2020-03-31 00:00:00+08:00,28.56,28.63,27.81,28.0,24978290,0.0,0.0
2020-04-01 00:00:00+08:00,27.96,28.04,27.74,27.89,15728438,0.0,0.0
2020-04-06 00:00:00+08:00,28.41,28.56,27.44,27.81,30722197,0.0,0.0
2020-04-07 00:00:00+08:00,28.04,28.15,27.63,27.78,23959213,0.0,0.0
2020-04-08 00:00:00+08:00,27.74,28.45,27.74,28.3,25428421,0.0,0.0
2020-04-09 00:00:00+08:00,28.41,28.67,28.34,28.48,17225982,0.0,0.0
2020-04-10 00:00:00+08:00,28.48,29.53,28.45,29.23,20755374,0.0,0.0
2020-04-13 00:00:00+08:00,29.83,29.83,29.3,29.45,18391126,0.0,0.0
2020-04-14 00:00:00+08:00,29.49,30.42,29.45,30.31,23687834,0.0,0.0
2020-04-15 00:00:00+08:00,30.5,30.68,30.31,30.61,21406601,0.0,0.0
2020-04-16 00:00:00+08:00,30.24,30.24,29.98,29.98,26646080,0.0,0.0
2020-04-17 00:00:00+08:00,30.24,30.83,30.13,30.27,22749579,0.0,0.0
2020-04-20 00:00:00+08:00,30.2,30.27,29.9,29.9,13232896,0.0,0.0
2020-04-21 00:00:00+08:00,29.79,29.83,28.97,29.08,22643914,0.0,0.0
2020-04-22 00:00:00+08:00,28.75,29.42,28.6,29.42,17408820,0.0,0.0
2020-04-23 00:00:00+08:00,29.45,29.9,29.23,29.53,13194439,0.0,0.0
2020-04-24 00:00:00+08:00,29.34,29.68,29.23,29.23,12114587,0.0,0.0
2020-04-27 00:00:00+08:00,29.75,30.01,29.45,29.9,14372944,0.0,0.0
2020-04-28 00:00:00+08:00,30.16,30.16,29.86,30.05,9284630,0.0,0.0
2020-04-29 00:00:00+08:00,30.13,30.91,30.13,30.61,18524665,0.0,0.0
2020-04-30 00:00:00+08:00,31.02,31.69,31.02,31.54,24553482,0.0,0.0
2020-05-04 00:00:00+08:00,30.42,30.8,30.13,30.39,29893202,0.0,0.0
2020-05-05 00:00:00+08:00,30.65,30.65,30.24,30.31,9826122,0.0,0.0
2020-05-06 00:00:00+08:00,30.24,30.5,30.05,30.24,10904505,0.0,0.0
2020-05-07 00:00:00+08:00,30.2,30.46,30.16,30.2,12653484,0.0,0.0
2020-05-08 00:00:00+08:00,30.57,30.68,30.31,30.31,11674422,0.0,0.0
2020-05-11 00:00:00+08:00,30.57,31.02,30.54,30.72,12878051,0.0,0.0
2020-05-12 00:00:00+08:00,30.57,30.8,30.35,30.72,17973260,0.0,0.0
2020-05-13 00:00:00+08:00,30.68,30.72,30.35,30.54,11852029,0.0,0.0
2020-05-14 00:00:00+08:00,30.54,30.54,30.2,30.24,15266630,0.0,0.0
2020-05-15 00:00:00+08:00,30.72,30.8,30.39,30.68,20094231,0.0,0.0
2020-05-18 00:00:00+08:00,30.57,30.91,30.5,30.72,8859979,0.0,0.0
2020-05-19 00:00:00+08:00,31.32,31.47,30.95,31.32,26360223,0.0,0.0
2020-05-20 00:00:00+08:00,31.39,31.58,31.32,31.5,19596359,0.0,0.0
2020-05-21 00:00:00+08:00,31.39,31.91,31.32,31.84,16110200,0.0,0.0
2020-05-22 00:00:00+08:00,31.65,31.65,31.02,31.09,18704279,0.0,0.0
2020-05-25 00:00:00+08:00,31.24,31.28,30.57,31.09,9963305,0.0,0.0
2020-05-26 00:00:00+08:00,31.13,31.91,30.95,31.65,22552958,0.0,0.0
2020-05-27 00:00:00+08:00,31.65,31.99,31.65,31.8,12711554,0.0,0.0
2020-05-28 00:00:00+08:00,31.95,31.95,31.13,31.36,13588470,0.0,0.0
2020-05-29 00:00:00+08:00,31.06,31.62,31.06,31.62,29118285,0.0,0.0
2020-06-01 00:00:00+08:00,31.91,32.06,31.69,31.69,13240992,0.0,0.0
2020-06-02 00:00:00+08:00,31.91,32.06,31.8,32.03,11331152,0.0,0.0
2020-06-03 00:00:00+08:00,32.25,32.51,32.21,32.47,18008805,0.0,0.0
2020-06-04 00:00:00+08:00,32.59,32.62,32.29,32.47,13995849,0.0,0.0
2020-06-05 00:00:00+08:00,32.47,32.55,32.29,32.44,9353409,0.0,0.0
2020-06-08 00:00:00+08:00,32.62,32.81,32.47,32.7,16110362,0.0,0.0
2020-06-09 00:00:00+08:00,32.77,32.96,32.66,32.81,15240262,0.0,0.0
2020-06-10 00:00:00+08:00,32.96,33.41,32.92,33.26,21490772,0.0,0.0
2020-06-11 00:00:00+08:00,33.44,33.59,32.29,32.51,26441338,0.0,0.0
2020-06-12 00:00:00+08:00,31.84,32.25,31.77,32.25,14345778,0.0,0.0
2020-06-15 00:00:00+08:00,32.29,32.62,32.1,32.14,14288824,0.0,0.0
2020-06-16 00:00:00+08:00,32.59,33.03,32.44,32.88,13086186,0.0,0.0
2020-06-17 00:00:00+08:00,32.73,33.07,32.59,33.03,18994456,0.0,0.0
2020-06-18 00:00:00+08:00,33.0,33.03,32.36,32.7,15087760,0.0,0.0
2020-06-19 00:00:00+08:00,32.85,32.88,32.51,32.51,17855255,0.0,0.0
2020-06-22 00:00:00+08:00,32.36,32.51,32.36,32.51,9430490,0.0,0.0
2020-06-23 00:00:00+08:00,32.77,32.88,32.36,32.81,13662816,0.0,0.0
2020-06-24 00:00:00+08:00,32.88,33.03,32.81,32.92,12253909,0.0,0.0
2020-06-29 00:00:00+08:00,32.66,32.7,32.47,32.66,15378198,0.0,0.0
2020-06-30 00:00:00+08:00,32.73,32.85,32.62,32.73,29813475,0.0,0.0
2020-07-01 00:00:00+08:00,32.99,33.54,32.91,33.39,15960190,2.0,0.0
2020-07-02 00:00:00+08:00,33.43,33.5,33.23,33.23,8594363,0.0,0.0
2020-07-03 00:00:00+08:00,33.43,34.02,33.39,33.78,13742129,0.0,0.0
2020-07-06 00:00:00+08:00,33.94,34.25,33.9,34.18,16387505,0.0,0.0
2020-07-07 00:00:00+08:00,34.45,34.53,33.98,34.18,15741310,0.0,0.0
2020-07-08 00:00:00+08:00,34.18,34.37,33.94,34.02,13139480,0.0,0.0
2020-07-09 00:00:00+08:00,34.33,34.81,33.78,33.78,24558032,0.0,0.0
2020-07-10 00:00:00+08:00,33.94,33.98,33.47,33.47,8267706,0.0,0.0
2020-07-13 00:00:00+08:00,33.86,34.06,33.74,33.94,12315941,0.0,0.0
2020-07-14 00:00:00+08:00,33.9,33.94,33.66,33.7,12414362,0.0,0.0
2020-07-15 00:00:00+08:00,34.02,34.02,33.78,33.78,13754176,0.0,0.0
2020-07-16 00:00:00+08:00,33.78,33.94,33.62,33.82,14207215,0.0,0.0
2020-07-17 00:00:00+08:00,34.02,34.02,33.74,33.78,8548747,0.0,0.0
2020-07-20 00:00:00+08:00,33.7,33.86,33.54,33.66,7711467,0.0,0.0
2020-07-21 00:00:00+08:00,33.58,33.78,33.5,33.54,21439429,0.0,0.0
2020-07-22 00:00:00+08:00,33.54,34.02,33.54,34.02,15283258,0.0,0.0
2020-07-23 00:00:00+08:00,33.74,33.9,33.58,33.7,7803151,0.0,0.0
2020-07-24 00:00:00+08:00,33.54,33.62,33.07,33.15,15213794,0.0,0.0
2020-07-27 00:00:00+08:00,33.11,33.43,32.99,32.99,8740856,0.0,0.0
2020-07-28 00:00:00+08:00,32.76,33.15,32.68,32.91,15215949,0.0,0.0
2020-07-29 00:00:00+08:00,32.91,33.66,32.91,32.99,15399722,0.0,0.0
2020-07-30 00:00:00+08:00,33.54,33.54,32.99,33.31,13062367,0.0,0.0
2020-07-31 00:00:00+08:00,33.11,33.23,32.83,32.95,21145420,0.0,0.0
2020-08-03 00:00:00+08:00,32.87,32.91,32.52,32.56,14383131,0.0,0.0
2020-08-04 00:00:00+08:00,32.6,32.72,32.52,32.6,10022839,0.0,0.0
2020-08-05 00:00:00+08:00,32.6,32.79,32.56,32.68,10239351,0.0,0.0
2020-08-06 00:00:00+08:00,32.79,32.99,32.6,32.79,15298967,0.0,0.0
2020-08-07 00:00:00+08:00,32.79,32.79,32.48,32.48,12811866,0.0,0.0
2020-08-10 00:00:00+08:00,32.6,32.99,32.48,32.95,15419405,0.0,0.0
2020-08-11 00:00:00+08:00,33.39,33.43,32.79,32.95,28360776,0.0,0.0
2020-08-12 00:00:00+08:00,33.07,33.11,32.83,33.03,17102667,0.0,0.0
2020-08-13 00:00:00+08:00,33.43,33.43,32.99,33.15,17964212,0.0,0.0
2020-08-14 00:00:00+08:00,32.83,33.15,32.83,33.03,13940184,0.0,0.0
2020-08-17 00:00:00+08:00,33.27,33.54,33.07,33.54,14640355,0.0,0.0
2020-08-18 00:00:00+08:00,33.54,33.66,33.43,33.58,13813621,0.0,0.0
2020-08-19 00:00:00+08:00,33.78,34.18,33.66,33.74,25685911,0.0,0.0
2020-08-20 00:00:00+08:00,33.86,33.86,32.56,32.68,26720223,0.0,0.0
2020-08-21 00:00:00+08:00,33.11,33.15,32.64,32.99,22227866,0.0,0.0
2020-08-24 00:00:00+08:00,33.11,33.11,32.68,32.91,8960670,0.0,0.0
2020-08-25 00:00:00+08:00,33.07,34.45,33.07,34.25,52640850,0.0,0.0
2020-08-26 00:00:00+08:00,34.49,34.49,33.94,34.25,18965297,0.0,0.0
2020-08-27 00:00:00+08:00,34.33,34.33,33.78,34.02,13619978,0.0,0.0
2020-08-28 00:00:00+08:00,34.06,34.37,33.98,34.18,14086285,0.0,0.0
2020-08-31 00:00:00+08:00,34.45,34.45,33.66,33.78,18312757,0.0,0.0
2020-09-01 00:00:00+08:00,33.78,33.9,33.47,33.78,14739547,0.0,0.0
2020-09-02 00:00:00+08:00,33.86,33.94,33.19,33.31,16113375,0.0,0.0
2020-09-03 00:00:00+08:00,33.5,33.94,33.35,33.74,12708665,0.0,0.0
2020-09-04 00:00:00+08:00,33.27,33.58,33.27,33.5,11117480,0.0,0.0
2020-09-07 00:00:00+08:00,33.78,33.78,33.31,33.5,7269064,0.0,0.0
2020-09-08 00:00:00+08:00,33.62,33.66,33.39,33.54,8480047,0.0,0.0
2020-09-09 00:00:00+08:00,33.23,33.5,32.91,33.35,16386414,0.0,0.0
2020-09-10 00:00:00+08:00,33.5,34.1,33.19,33.98,21148264,0.0,0.0
2020-09-11 00:00:00+08:00,34.22,34.33,34.14,34.29,22269425,0.0,0.0
2020-09-14 00:00:00+08:00,34.33,34.49,34.14,34.45,20685357,0.0,0.0
2020-09-15 00:00:00+08:00,34.49,34.53,34.37,34.53,12832661,0.0,0.0
2020-09-16 00:00:00+08:00,34.53,34.53,34.25,34.53,15167152,0.0,0.0
2020-09-17 00:00:00+08:00,34.37,34.49,34.1,34.14,15342346,0.0,0.0
2020-09-18 00:00:00+08:00,34.14,34.18,33.82,33.82,21856446,0.0,0.0
2020-09-21 00:00:00+08:00,33.74,33.86,33.35,33.47,18519792,0.0,0.0
2020-09-22 00:00:00+08:00,33.35,33.35,32.99,33.07,18583020,0.0,0.0
2020-09-23 00:00:00+08:00,33.07,33.23,32.6,32.95,25734929,0.0,0.0
2020-09-24 00:00:00+08:00,32.56,32.6,31.89,32.04,39533291,0.0,0.0
2020-09-25 00:00:00+08:00,32.04,32.36,32.04,32.2,15687762,0.0,0.0
2020-09-28 00:00:00+08:00,32.36,32.64,32.28,32.6,11095620,0.0,0.0
2020-09-29 00:00:00+08:00,32.76,32.91,32.68,32.87,9315978,0.0,0.0
2020-09-30 00:00:00+08:00,32.99,33.07,32.87,33.07,11557940,0.0,0.0
2020-10-05 00:00:00+08:00,33.19,33.23,32.52,32.52,18412475,0.0,0.0
2020-10-06 00:00:00+08:00,32.68,32.83,32.52,32.76,13659328,0.0,0.0
2020-10-07 00:00:00+08:00,32.44,32.72,32.44,32.48,14005528,0.0,0.0
2020-10-08 00:00:00+08:00,32.6,32.64,32.36,32.4,16004157,0.0,0.0
2020-10-12 00:00:00+08:00,32.64,32.76,32.6,32.72,13319863,0.0,0.0
2020-10-13 00:00:00+08:00,32.87,32.91,32.6,32.72,12808396,0.0,0.0
2020-10-14 00:00:00+08:00,32.87,32.99,32.79,32.99,18953515,0.0,0.0
2020-10-15 00:00:00+08:00,32.87,32.95,32.6,32.6,15348037,0.0,0.0
2020-10-16 00:00:00+08:00,32.6,32.87,32.6,32.64,13237955,0.0,0.0
2020-10-19 00:00:00+08:00,32.72,32.91,32.68,32.72,10548272,0.0,0.0
2020-10-20 00:00:00+08:00,32.72,32.83,32.6,32.68,9834315,0.0,0.0
2020-10-21 00:00:00+08:00,32.83,32.83,32.68,32.68,10925616,0.0,0.0
2020-10-22 00:00:00+08:00,32.6,32.95,32.6,32.76,19527182,0.0,0.0
2020-10-23 00:00:00+08:00,32.6,32.76,32.6,32.68,11368020,0.0,0.0
2020-10-26 00:00:00+08:00,32.72,32.91,32.68,32.91,10435258,0.0,0.0
2020-10-27 00:00:00+08:00,32.76,32.76,32.52,32.6,11428577,0.0,0.0
2020-10-28 00:00:00+08:00,32.6,32.64,32.44,32.64,13233292,0.0,0.0
2020-10-29 00:00:00+08:00,32.28,32.32,32.08,32.16,16683083,0.0,0.0
2020-10-30 00:00:00+08:00,32.16,32.16,31.97,32.12,18986208,0.0,0.0
2020-11-02 00:00:00+08:00,32.12,32.72,32.12,32.72,9578271,0.0,0.0
2020-11-03 00:00:00+08:00,32.79,32.87,32.64,32.83,10065885,0.0,0.0
2020-11-04 00:00:00+08:00,32.76,32.87,32.56,32.87,8095778,0.0,0.0
2020-11-05 00:00:00+08:00,32.91,33.03,32.83,32.87,13722609,0.0,0.0
2020-11-06 00:00:00+08:00,32.87,33.11,32.87,33.11,10101613,0.0,0.0
2020-11-09 00:00:00+08:00,33.23,33.82,33.23,33.7,22580295,0.0,0.0
2020-11-10 00:00:00+08:00,34.02,34.57,34.02,34.41,34384776,0.0,0.0
2020-11-11 00:00:00+08:00,34.81,36.07,34.81,35.95,73741294,0.0,0.0
2020-11-12 00:00:00+08:00,35.91,35.91,35.2,35.68,34415883,0.0,0.0
2020-11-13 00:00:00+08:00,35.52,35.91,35.44,35.75,23768111,0.0,0.0
2020-11-16 00:00:00+08:00,36.23,36.31,35.79,35.95,27809277,0.0,0.0
2020-11-17 00:00:00+08:00,35.95,36.15,35.64,35.95,31341112,0.0,0.0
2020-11-18 00:00:00+08:00,35.91,36.07,35.75,35.91,22565776,0.0,0.0
2020-11-19 00:00:00+08:00,35.91,36.03,35.64,35.71,15804901,0.0,0.0
2020-11-20 00:00:00+08:00,35.6,35.64,35.0,35.44,24619931,0.0,0.0
2020-11-23 00:00:00+08:00,35.56,35.99,35.52,35.91,18240657,0.0,0.0
2020-11-24 00:00:00+08:00,35.99,35.99,35.44,35.48,17707391,0.0,0.0
2020-11-25 00:00:00+08:00,35.87,35.87,35.48,35.64,16634913,0.0,0.0
2020-11-26 00:00:00+08:00,35.83,36.07,35.83,35.99,23718415,0.0,0.0
2020-11-27 00:00:00+08:00,36.07,36.15,35.79,36.03,21118690,0.0,0.0
2020-11-30 00:00:00+08:00,36.07,36.11,34.97,34.97,69677852,0.0,0.0
2020-12-01 00:00:00+08:00,35.24,35.44,35.04,35.36,20332438,0.0,0.0
2020-12-02 00:00:00+08:00,35.24,35.32,35.0,35.16,26742625,0.0,0.0
2020-12-03 00:00:00+08:00,35.12,35.4,34.93,35.08,22966932,0.0,0.0
2020-12-04 00:00:00+08:00,35.04,35.64,35.0,35.64,24119853,0.0,0.0
2020-12-07 00:00:00+08:00,35.75,35.99,35.6,35.99,28993870,0.0,0.0
2020-12-08 00:00:00+08:00,35.71,35.83,35.36,35.83,27700799,0.0,0.0
2020-12-09 00:00:00+08:00,35.56,35.68,35.36,35.6,18495026,0.0,0.0
2020-12-10 00:00:00+08:00,35.6,36.27,35.52,36.03,32705298,0.0,0.0
2020-12-11 00:00:00+08:00,36.82,37.65,36.82,37.25,58636484,0.0,0.0
2020-12-14 00:00:00+08:00,37.45,37.89,37.1,37.33,37975357,0.0,0.0
2020-12-15 00:00:00+08:00,37.17,37.17,35.79,36.19,44458104,0.0,0.0
2020-12-16 00:00:00+08:00,36.35,36.7,36.31,36.58,22586650,0.0,0.0
2020-12-17 00:00:00+08:00,36.66,36.7,36.23,36.46,13349973,0.0,0.0
2020-12-18 00:00:00+08:00,36.35,36.94,36.31,36.31,24752046,0.0,0.0
2020-12-21 00:00:00+08:00,36.58,36.66,35.6,35.91,36470563,0.0,0.0
2020-12-22 00:00:00+08:00,35.79,35.87,35.44,35.44,21207993,0.0,0.0
2020-12-23 00:00:00+08:00,35.32,35.4,34.81,35.36,14835561,0.0,0.0
2020-12-24 00:00:00+08:00,35.44,36.31,35.44,35.95,25176115,0.0,0.0
2020-12-25 00:00:00+08:00,35.99,36.07,35.83,35.91,7915135,0.0,0.0
2020-12-28 00:00:00+08:00,35.95,35.99,35.71,35.95,9647295,0.0,0.0
2020-12-29 00:00:00+08:00,36.03,36.07,35.91,35.91,9822212,0.0,0.0
2020-12-30 00:00:00+08:00,35.95,37.1,35.91,37.02,38183721,0.0,0.0
2020-12-31 00:00:00+08:00,37.18,37.25,36.03,36.9,27928334,0.0,0.0
2021-01-04 00:00:00+08:00,36.43,36.7,36.27,36.5,22792559,0.0,0.0
2021-01-05 00:00:00+08:00,36.5,36.66,36.19,36.58,16489806,0.0,0.0
2021-01-06 00:00:00+08:00,36.39,36.5,35.95,35.99,26174273,0.0,0.0
2021-01-07 00:00:00+08:00,36.31,36.66,36.27,36.46,26318351,0.0,0.0
2021-01-08 00:00:00+08:00,36.66,37.65,36.5,37.45,51203903,0.0,0.0
2021-01-11 00:00:00+08:00,37.65,38.16,36.82,37.41,43162139,0.0,0.0
2021-01-12 00:00:00+08:00,38.2,38.36,37.49,37.69,48183384,0.0,0.0
2021-01-13 00:00:00+08:00,37.89,38.12,37.73,38.12,35645688,0.0,0.0
2021-01-14 00:00:00+08:00,38.32,38.32,37.85,38.24,25961301,0.0,0.0
2021-01-15 00:00:00+08:00,38.28,38.32,37.53,37.57,29456367,0.0,0.0
2021-01-18 00:00:00+08:00,37.14,37.33,36.66,37.06,30220647,0.0,0.0
2021-01-19 00:00:00+08:00,36.9,37.53,36.86,37.29,15745619,0.0,0.0
2021-01-20 00:00:00+08:00,37.1,37.25,36.39,36.46,26353463,0.0,0.0
2021-01-21 00:00:00+08:00,36.54,36.86,36.46,36.46,16934535,0.0,0.0
2021-01-22 00:00:00+08:00,36.58,36.74,36.5,36.5,23410057,0.0,0.0
2021-01-25 00:00:00+08:00,36.7,37.85,36.54,37.41,33678498,0.0,0.0
2021-01-26 00:00:00+08:00,37.49,37.49,36.7,36.7,23476311,0.0,0.0
2021-01-27 00:00:00+08:00,36.98,37.1,36.74,36.94,15271570,0.0,0.0
2021-01-28 00:00:00+08:00,36.54,36.9,36.23,36.46,24004664,0.0,0.0
2021-01-29 00:00:00+08:00,36.43,36.86,35.95,35.95,30762627,0.0,0.0
2021-02-01 00:00:00+08:00,35.79,36.43,35.75,36.27,11668072,0.0,0.0
2021-02-02 00:00:00+08:00,36.58,37.41,36.15,37.29,45380479,0.0,0.0
2021-02-03 00:00:00+08:00,37.41,37.57,36.94,37.57,23926536,0.0,0.0
2021-02-04 00:00:00+08:00,37.49,37.49,37.02,37.17,16851109,0.0,0.0
2021-02-05 00:00:00+08:00,37.25,37.49,37.02,37.02,17074005,0.0,0.0
2021-02-17 00:00:00+08:00,38.48,39.03,37.92,38.6,74791789,0.0,0.0
2021-02-18 00:00:00+08:00,38.67,39.46,38.67,38.83,42919890,0.0,0.0
2021-02-19 00:00:00+08:00,38.83,39.07,38.52,38.75,25568164,0.0,0.0
2021-02-22 00:00:00+08:00,38.95,39.46,38.64,38.64,26783130,0.0,0.0
2021-02-23 00:00:00+08:00,38.67,39.42,38.67,39.27,32865035,0.0,0.0
2021-02-24 00:00:00+08:00,39.46,39.62,39.31,39.46,38535840,0.0,0.0
2021-02-25 00:00:00+08:00,39.94,41.2,39.86,40.81,70580815,0.0,0.0
2021-02-26 00:00:00+08:00,40.25,41.28,39.38,39.38,79367669,0.0,0.0
2021-03-02 00:00:00+08:00,40.25,40.41,39.46,39.54,37544729,0.0,0.0
2021-03-03 00:00:00+08:00,39.94,40.41,39.86,40.25,31530213,0.0,0.0
2021-03-04 00:00:00+08:00,40.17,40.41,39.54,39.94,31939478,0.0,0.0
2021-03-05 00:00:00+08:00,39.62,40.17,39.46,40.1,18501271,0.0,0.0
2021-03-08 00:00:00+08:00,40.57,41.83,40.41,41.12,45224814,0.0,0.0
2021-03-09 00:00:00+08:00,41.59,42.62,41.52,42.38,68773987,0.0,0.0
2021-03-10 00:00:00+08:00,42.31,42.62,41.99,42.62,46176927,0.0,0.0
2021-03-11 00:00:00+08:00,43.57,44.99,43.17,43.73,107770742,0.0,0.0
2021-03-12 00:00:00+08:00,44.04,44.12,43.09,43.33,41885493,0.0,0.0
2021-03-15 00:00:00+08:00,43.73,44.52,43.57,43.8,48729797,0.0,0.0
2021-03-16 00:00:00+08:00,43.96,44.04,43.57,43.73,20821600,0.0,0.0
2021-03-17 00:00:00+08:00,43.73,43.73,42.78,43.02,35414559,0.0,0.0
2021-03-18 00:00:00+08:00,43.73,43.73,42.78,42.94,24983887,0.0,0.0
2021-03-19 00:00:00+08:00,42.78,43.33,42.07,42.38,55348950,0.0,0.0
2021-03-22 00:00:00+08:00,42.38,42.7,41.91,42.54,21618539,0.0,0.0
2021-03-23 00:00:00+08:00,43.09,43.49,42.78,43.02,30607605,0.0,0.0
2021-03-24 00:00:00+08:00,43.25,43.65,42.7,42.94,26575435,0.0,0.0
2021-03-25 00:00:00+08:00,43.25,43.73,43.02,43.65,35281036,0.0,0.0
2021-03-26 00:00:00+08:00,44.04,44.44,43.57,43.8,34375142,0.0,0.0
2021-03-29 00:00:00+08:00,44.12,44.28,43.88,44.12,23645125,0.0,0.0
2021-03-30 00:00:00+08:00,44.36,44.91,43.88,44.83,43652500,0.0,0.0
2021-03-31 00:00:00+08:00,45.15,45.62,44.67,44.83,49133495,0.0,0.0
2021-04-01 00:00:00+08:00,45.46,45.78,45.23,45.62,47073073,0.0,0.0
2021-04-07 00:00:00+08:00,45.46,45.54,44.91,45.38,29252770,0.0,0.0
2021-04-08 00:00:00+08:00,45.3,45.3,44.83,44.91,23960175,0.0,0.0
2021-04-09 00:00:00+08:00,44.83,44.99,44.28,44.52,26972535,0.0,0.0
2021-04-12 00:00:00+08:00,45.3,46.09,45.07,45.78,39260718,0.0,0.0
2021-04-13 00:00:00+08:00,46.17,46.33,45.38,45.62,42822944,0.0,0.0
2021-04-14 00:00:00+08:00,45.38,45.7,44.67,45.07,29008508,0.0,0.0
2021-04-15 00:00:00+08:00,45.62,47.36,45.46,47.36,76270298,0.0,0.0
2021-04-16 00:00:00+08:00,47.28,47.36,46.57,47.36,38489935,0.0,0.0
2021-04-19 00:00:00+08:00,47.36,48.78,47.28,48.78,48166472,0.0,0.0
2021-04-20 00:00:00+08:00,49.25,49.72,48.07,48.78,38316466,0.0,0.0
2021-04-21 00:00:00+08:00,48.22,48.78,47.99,48.46,33816082,0.0,0.0
2021-04-22 00:00:00+08:00,48.78,49.01,47.83,48.22,48436303,0.0,0.0
2021-04-23 00:00:00+08:00,48.62,48.7,47.91,48.38,22719859,0.0,0.0
2021-04-26 00:00:00+08:00,48.78,50.75,48.7,50.59,52214804,0.0,0.0
2021-04-27 00:00:00+08:00,50.67,51.22,50.2,51.22,29496651,0.0,0.0
2021-04-28 00:00:00+08:00,51.78,52.33,50.91,51.38,35839312,0.0,0.0
2021-04-29 00:00:00+08:00,51.22,51.3,50.59,50.67,31078893,0.0,0.0
2021-05-03 00:00:00+08:00,55.57,55.64,54.14,54.3,126406649,0.0,0.0
2021-05-04 00:00:00+08:00,54.93,55.17,51.78,53.2,84110899,0.0,0.0
2021-05-05 00:00:00+08:00,53.51,55.64,52.88,54.85,65725723,0.0,0.0
2021-05-06 00:00:00+08:00,55.57,56.12,54.22,54.93,48496684,0.0,0.0
2021-05-07 00:00:00+08:00,55.33,55.96,55.01,55.88,37981056,0.0,0.0
2021-05-10 00:00:00+08:00,56.67,61.17,56.2,60.46,94537470,0.0,0.0
2021-05-11 00:00:00+08:00,60.38,62.2,57.7,59.04,116050624,0.0,0.0
2021-05-12 00:00:00+08:00,58.8,58.88,53.2,55.25,171053680,0.0,0.0
2021-05-13 00:00:00+08:00,52.96,56.04,52.88,54.14,83974132,0.0,0.0
2021-05-14 00:00:00+08:00,55.25,56.35,54.22,54.93,55315891,0.0,0.0
2021-05-17 00:00:00+08:00,52.25,54.07,51.38,51.78,77248154,0.0,0.0
2021-05-18 00:00:00+08:00,52.72,56.43,52.72,56.35,79126738,0.0,0.0
2021-05-19 00:00:00+08:00,56.35,57.06,55.09,55.72,45957430,0.0,0.0
2021-05-20 00:00:00+08:00,55.72,56.2,54.78,55.41,34139187,0.0,0.0
2021-05-21 00:00:00+08:00,60.3,60.3,56.43,56.83,69033295,0.0,0.0
2021-05-24 00:00:00+08:00,56.04,56.99,55.88,56.83,26207805,0.0,0.0
2021-05-25 00:00:00+08:00,56.83,57.3,56.59,56.75,28988026,0.0,0.0
2021-05-26 00:00:00+08:00,56.67,56.83,56.12,56.51,18035235,0.0,0.0
2021-05-27 00:00:00+08:00,55.72,56.51,55.33,56.51,65660557,0.0,0.0
2021-05-28 00:00:00+08:00,56.83,57.14,56.04,56.83,32241738,0.0,0.0
2021-05-31 00:00:00+08:00,56.91,57.3,56.59,57.06,25804015,0.0,0.0
2021-06-01 00:00:00+08:00,57.3,57.62,56.91,57.62,17706849,0.0,0.0
2021-06-02 00:00:00+08:00,57.78,58.96,57.62,58.8,30704348,0.0,0.0
2021-06-03 00:00:00+08:00,59.2,59.27,57.85,58.09,32640008,0.0,0.0
2021-06-04 00:00:00+08:00,57.62,57.7,57.22,57.54,16977067,0.0,0.0
2021-06-07 00:00:00+08:00,57.7,58.09,56.35,57.78,20804294,0.0,0.0
2021-06-08 00:00:00+08:00,58.25,58.41,57.62,58.17,12760910,0.0,0.0
2021-06-09 00:00:00+08:00,57.85,57.93,57.46,57.54,11050517,0.0,0.0
2021-06-10 00:00:00+08:00,57.93,58.64,57.54,58.25,19885910,0.0,0.0
2021-06-11 00:00:00+08:00,58.56,58.72,58.25,58.25,18232083,0.0,0.0
2021-06-15 00:00:00+08:00,58.33,58.41,57.46,57.62,19571050,0.0,0.0
2021-06-16 00:00:00+08:00,57.3,57.78,57.06,57.3,21530520,0.0,0.0
2021-06-17 00:00:00+08:00,56.91,57.14,56.83,57.06,15429698,0.0,0.0
2021-06-18 00:00:00+08:00,56.91,56.99,56.28,56.28,36851010,0.0,0.0
2021-06-21 00:00:00+08:00,55.57,55.8,55.01,55.25,49768910,0.0,0.0
2021-06-22 00:00:00+08:00,55.49,56.12,55.49,55.8,25356708,0.0,0.0
2021-06-23 00:00:00+08:00,55.88,56.75,55.64,56.67,21041307,0.0,0.0
2021-06-24 00:00:00+08:00,56.59,56.91,56.28,56.75,10543088,0.0,0.0
2021-06-25 00:00:00+08:00,56.99,57.93,56.99,57.54,22790217,0.0,0.0
2021-06-28 00:00:00+08:00,57.7,58.17,57.3,57.78,16260915,0.0,0.0
2021-06-29 00:00:00+08:00,57.7,57.78,56.91,57.3,21553206,0.0,0.0
2021-06-30 00:00:00+08:00,57.85,58.41,57.7,58.33,26624983,0.0,0.0
2021-07-01 00:00:00+08:00,58.41,58.49,57.78,57.93,16511987,0.0,0.0
2021-07-02 00:00:00+08:00,58.09,58.25,57.3,57.54,19193943,0.0,0.0
2021-07-05 00:00:00+08:00,57.78,58.41,57.78,58.33,15482432,0.0,0.0
2021-07-06 00:00:00+08:00,58.41,58.56,58.09,58.17,20033588,0.0,0.0
2021-07-07 00:00:00+08:00,58.09,58.49,57.85,58.41,15729941,0.0,0.0
2021-07-08 00:00:00+08:00,58.64,59.51,58.41,59.04,27918163,0.0,0.0
2021-07-09 00:00:00+08:00,58.56,58.88,58.17,58.56,29182231,0.0,0.0
2021-07-12 00:00:00+08:00,59.75,62.67,59.75,60.06,82947894,0.0,0.0
2021-07-13 00:00:00+08:00,60.93,61.33,59.91,60.14,47959006,0.0,0.0
2021-07-14 00:00:00+08:00,60.62,61.96,60.54,61.64,47009987,0.0,0.0
2021-07-15 00:00:00+08:00,62.35,63.06,62.04,62.75,41978625,0.0,0.0
2021-07-16 00:00:00+08:00,62.67,65.75,62.43,65.43,74015763,0.0,0.0
2021-07-19 00:00:00+08:00,66.69,67.64,65.04,65.51,72394901,0.0,0.0
2021-07-20 00:00:00+08:00,63.93,65.12,63.93,64.33,46345828,0.0,0.0
2021-07-21 00:00:00+08:00,65.43,65.43,63.93,64.56,45659106,0.0,0.0
2021-07-22 00:00:00+08:00,64.96,66.62,64.72,66.38,54658198,0.0,0.0
2021-07-23 00:00:00+08:00,66.54,67.09,65.43,67.09,62826676,0.0,0.0
2021-07-26 00:00:00+08:00,67.78,68.19,64.73,64.73,94245226,3.0,0.0
2021-07-27 00:00:00+08:00,64.4,64.56,62.34,63.0,61061191,0.0,0.0
2021-07-28 00:00:00+08:00,62.42,63.0,61.27,62.34,43005934,0.0,0.0
2021-07-29 00:00:00+08:00,63.0,63.33,61.93,62.5,28019538,0.0,0.0
2021-07-30 00:00:00+08:00,62.5,62.67,61.35,61.84,39623075,0.0,0.0
2021-08-02 00:00:00+08:00,61.84,63.08,61.43,63.08,25739335,0.0,0.0
2021-08-03 00:00:00+08:00,63.33,63.33,62.42,63.0,13148834,0.0,0.0
2021-08-04 00:00:00+08:00,63.08,63.33,62.5,62.91,14472469,0.0,0.0
2021-08-05 00:00:00+08:00,62.67,63.0,62.5,62.91,13075569,0.0,0.0
2021-08-06 00:00:00+08:00,62.91,63.08,62.26,62.67,13792137,0.0,0.0
2021-08-09 00:00:00+08:00,62.5,63.0,61.84,62.75,23880739,0.0,0.0
2021-08-10 00:00:00+08:00,62.67,63.49,62.5,62.67,15628551,0.0,0.0
2021-08-11 00:00:00+08:00,63.82,65.8,63.57,65.31,55365997,0.0,0.0
2021-08-12 00:00:00+08:00,65.88,65.88,64.48,64.98,21560831,0.0,0.0
2021-08-13 00:00:00+08:00,64.81,64.98,64.07,64.4,17888427,0.0,0.0
2021-08-16 00:00:00+08:00,64.07,64.07,62.67,63.08,24366930,0.0,0.0
2021-08-17 00:00:00+08:00,63.08,63.08,63.08,63.08,0,0.0,0.0
2021-08-18 00:00:00+08:00,63.66,64.56,63.49,64.32,20694472,0.0,0.0
2021-08-19 00:00:00+08:00,63.82,64.23,63.24,63.49,28013109,0.0,0.0
2021-08-20 00:00:00+08:00,63.66,63.9,62.34,63.08,24339140,0.0,0.0
2021-08-23 00:00:00+08:00,63.99,65.39,63.9,65.14,40392004,0.0,0.0
2021-08-24 00:00:00+08:00,65.14,66.3,64.56,66.3,36058586,0.0,0.0
2021-08-25 00:00:00+08:00,66.63,66.79,65.72,66.63,23073833,0.0,0.0
2021-08-26 00:00:00+08:00,66.38,67.12,65.88,67.04,20918277,0.0,0.0
2021-08-27 00:00:00+08:00,66.79,68.85,66.71,68.85,34877112,0.0,0.0
2021-08-30 00:00:00+08:00,69.1,69.92,68.44,69.92,31181542,0.0,0.0
2021-08-31 00:00:00+08:00,69.26,70.09,68.93,70.09,42075148,0.0,0.0
2021-09-01 00:00:00+08:00,69.76,70.5,69.26,69.43,26540557,0.0,0.0
2021-09-02 00:00:00+08:00,69.35,69.35,67.86,68.19,35184262,0.0,0.0
2021-09-03 00:00:00+08:00,68.77,70.09,68.6,69.92,45881580,0.0,0.0
2021-09-06 00:00:00+08:00,70.48,72.02,69.66,70.02,56084349,0.0,1.1
2021-09-07 00:00:00+08:00,70.39,71.11,69.84,70.84,21757067,0.0,0.0
2021-09-08 00:00:00+08:00,70.75,70.75,69.48,70.2,32871680,0.0,0.0
2021-09-09 00:00:00+08:00,69.75,70.2,69.02,70.2,21848543,0.0,0.0
2021-09-10 00:00:00+08:00,70.29,70.75,69.84,70.39,14960651,0.0,0.0
2021-09-13 00:00:00+08:00,71.29,74.56,71.02,73.83,51046200,0.0,0.0
2021-09-14 00:00:00+08:00,74.29,75.46,73.2,73.29,29720105,0.0,0.0
2021-09-15 00:00:00+08:00,73.02,73.92,72.65,73.83,26246008,0.0,0.0
2021-09-16 00:00:00+08:00,73.29,74.29,72.83,73.2,18669704,0.0,0.0
2021-09-17 00:00:00+08:00,73.2,73.38,71.47,71.47,47290334,0.0,0.0
2021-09-22 00:00:00+08:00,69.57,70.48,69.02,69.93,44815529,0.0,0.0
2021-09-23 00:00:00+08:00,70.75,70.84,70.02,70.2,18044144,0.0,0.0
2021-09-24 00:00:00+08:00,70.84,70.93,70.02,70.29,16896741,0.0,0.0
2021-09-27 00:00:00+08:00,70.39,71.02,70.2,70.48,14147153,0.0,0.0
2021-09-28 00:00:00+08:00,70.2,70.39,69.57,70.29,13310020,0.0,0.0
2021-09-29 00:00:00+08:00,69.93,70.29,69.39,69.57,20722813,0.0,0.0
2021-09-30 00:00:00+08:00,70.02,70.02,69.39,69.57,16604688,0.0,0.0
2021-10-01 00:00:00+08:00,69.39,69.48,67.85,68.39,37883645,0.0,0.0
2021-10-04 00:00:00+08:00,68.66,68.84,67.12,67.48,23299434,0.0,0.0
2021-10-05 00:00:00+08:00,67.3,67.3,65.94,66.94,26581697,0.0,0.0
2021-10-06 00:00:00+08:00,67.57,68.3,66.85,67.76,24990138,0.0,0.0
2021-10-07 00:00:00+08:00,68.48,69.39,68.21,68.48,24917118,0.0,0.0
2021-10-08 00:00:00+08:00,69.02,69.02,68.03,68.3,11222302,0.0,0.0
2021-10-12 00:00:00+08:00,67.48,67.85,66.76,67.85,17825173,0.0,0.0
2021-10-13 00:00:00+08:00,67.94,68.39,67.21,67.57,13712062,0.0,0.0
2021-10-14 00:00:00+08:00,68.03,68.12,67.21,67.48,11156778,0.0,0.0
2021-10-15 00:00:00+08:00,68.03,68.48,67.66,68.12,18588854,0.0,0.0
2021-10-18 00:00:00+08:00,68.48,68.75,68.03,68.12,15104031,0.0,0.0
2021-10-19 00:00:00+08:00,68.21,68.48,67.66,67.85,16227128,0.0,0.0
2021-10-20 00:00:00+08:00,67.94,68.03,67.21,67.39,18356907,0.0,0.0
2021-10-21 00:00:00+08:00,67.12,68.3,67.03,67.85,23912607,0.0,0.0
2021-10-22 00:00:00+08:00,67.85,68.12,67.03,67.21,16976260,0.0,0.0
2021-10-25 00:00:00+08:00,67.21,68.03,67.21,67.85,9902532,0.0,0.0
2021-10-26 00:00:00+08:00,67.94,68.48,67.57,68.48,15887911,0.0,0.0
2021-10-27 00:00:00+08:00,67.94,68.21,67.48,68.03,16669600,0.0,0.0
2021-10-28 00:00:00+08:00,68.03,68.03,67.48,67.57,11597225,0.0,0.0
2021-10-29 00:00:00+08:00,66.67,66.94,66.39,66.76,49339621,0.0,0.0
2021-11-01 00:00:00+08:00,66.85,67.12,66.21,66.3,27635811,0.0,0.0
2021-11-02 00:00:00+08:00,66.3,66.67,65.58,65.85,33855486,0.0,0.0
2021-11-03 00:00:00+08:00,65.85,66.21,65.67,65.94,16152492,0.0,0.0
2021-11-04 00:00:00+08:00,66.03,66.21,65.76,65.76,15642256,0.0,0.0
2021-11-05 00:00:00+08:00,65.94,66.03,65.31,65.76,17327155,0.0,0.0
2021-11-08 00:00:00+08:00,65.76,66.85,65.67,66.76,19530012,0.0,0.0
2021-11-09 00:00:00+08:00,66.94,66.94,66.21,66.3,17659929,0.0,0.0
2021-11-10 00:00:00+08:00,66.3,66.58,66.03,66.21,18235859,0.0,0.0
2021-11-11 00:00:00+08:00,66.39,66.58,66.03,66.21,17076946,0.0,0.0
2021-11-12 00:00:00+08:00,66.67,66.76,66.3,66.49,16520696,0.0,0.0
2021-11-15 00:00:00+08:00,66.67,67.76,66.58,67.12,21195125,0.0,0.0
2021-11-16 00:00:00+08:00,67.3,67.39,66.49,67.12,21121385,0.0,0.0
2021-11-17 00:00:00+08:00,67.12,69.02,67.12,69.02,46642984,0.0,0.0
2021-11-18 00:00:00+08:00,69.02,70.02,68.57,69.3,36480408,0.0,0.0
2021-11-19 00:00:00+08:00,69.21,69.21,67.85,67.85,33551446,0.0,0.0
2021-11-22 00:00:00+08:00,67.48,67.94,67.3,67.48,21688083,0.0,0.0
2021-11-23 00:00:00+08:00,67.39,68.12,67.21,67.39,24669360,0.0,0.0
2021-11-24 00:00:00+08:00,67.48,68.48,67.39,67.48,19337572,0.0,0.0
2021-11-25 00:00:00+08:00,67.66,67.85,67.3,67.39,14097774,0.0,0.0
2021-11-26 00:00:00+08:00,67.76,68.12,67.3,67.3,36137281,0.0,0.0
2021-11-29 00:00:00+08:00,66.94,67.12,66.21,66.67,27379114,0.0,0.0
2021-11-30 00:00:00+08:00,66.85,67.03,66.21,66.3,50734454,0.0,0.0
2021-12-01 00:00:00+08:00,66.3,67.57,66.21,67.21,18163468,0.0,0.0
2021-12-02 00:00:00+08:00,66.76,67.21,66.58,66.85,15953685,0.0,0.0
2021-12-03 00:00:00+08:00,67.21,67.66,67.03,67.03,20329619,0.0,0.0
2021-12-06 00:00:00+08:00,67.03,67.3,66.58,67.21,18402235,0.0,0.0
2021-12-07 00:00:00+08:00,67.39,68.3,67.03,68.3,23664842,0.0,0.0
2021-12-08 00:00:00+08:00,68.3,68.93,68.03,68.93,27379911,0.0,0.0
2021-12-09 00:00:00+08:00,68.57,69.12,68.48,68.93,17049547,0.0,0.0
2021-12-10 00:00:00+08:00,69.02,69.3,68.75,68.84,15657421,0.0,0.0
2021-12-13 00:00:00+08:00,69.39,69.75,68.48,68.66,22254169,0.0,0.0
2021-12-14 00:00:00+08:00,68.3,68.39,67.85,67.94,16744766,0.0,0.0
2021-12-15 00:00:00+08:00,67.76,67.94,67.48,67.66,15540707,0.0,0.0
2021-12-16 00:00:00+08:00,67.76,68.03,67.57,67.94,12775822,0.0,0.0
2021-12-17 00:00:00+08:00,67.94,68.21,67.39,67.39,104256987,0.0,0.0
2021-12-20 00:00:00+08:00,67.48,67.94,67.12,67.21,19108301,0.0,0.0
2021-12-21 00:00:00+08:00,67.3,68.12,67.3,67.85,14007142,0.0,0.0
2021-12-22 00:00:00+08:00,68.03,68.03,67.48,67.48,13091872,0.0,0.0
2021-12-23 00:00:00+08:00,67.57,68.03,67.48,67.85,10130409,0.0,0.0
2021-12-24 00:00:00+08:00,68.03,68.66,67.85,68.21,13313825,0.0,0.0
2021-12-27 00:00:00+08:00,68.48,68.57,68.21,68.21,10473074,0.0,0.0
2021-12-28 00:00:00+08:00,68.48,68.84,68.21,68.84,19088044,0.0,0.0
2021-12-29 00:00:00+08:00,69.12,69.48,68.93,69.48,21834230,0.0,0.0
2021-12-30 00:00:00+08:00,69.57,69.75,69.12,69.21,14817097,0.0,0.0
2022-01-03 00:00:00+08:00,69.39,69.48,68.03,68.3,16988655,0.0,0.0
2022-01-04 00:00:00+08:00,68.57,68.75,68.12,68.3,13421416,0.0,0.0
2022-01-05 00:00:00+08:00,68.21,68.84,68.03,68.66,14141499,0.0,0.0
2022-01-06 00:00:00+08:00,68.66,68.84,68.21,68.84,18210678,0.0,0.0
2022-01-07 00:00:00+08:00,68.84,69.48,68.66,68.66,24667945,0.0,0.0
2022-01-10 00:00:00+08:00,68.75,69.3,68.48,69.3,16238992,0.0,0.0
2022-01-11 00:00:00+08:00,69.66,72.47,69.3,72.47,87427850,0.0,0.0
2022-01-12 00:00:00+08:00,72.47,72.93,71.47,72.56,44954124,0.0,0.0
2022-01-13 00:00:00+08:00,72.29,74.2,72.2,74.01,59467985,0.0,0.0
2022-01-14 00:00:00+08:00,73.65,74.29,72.29,72.93,42056994,0.0,0.0
2022-01-17 00:00:00+08:00,72.56,72.56,71.29,71.56,32417278,0.0,0.0
2022-01-18 00:00:00+08:00,72.02,72.56,71.47,72.02,18142910,0.0,0.0
2022-01-19 00:00:00+08:00,71.56,72.11,71.38,71.47,17692094,0.0,0.0
2022-01-20 00:00:00+08:00,71.38,71.47,70.48,71.02,21339982,0.0,0.0
2022-01-21 00:00:00+08:00,70.29,70.48,69.39,69.57,36046324,0.0,0.0
2022-01-24 00:00:00+08:00,69.21,69.48,68.39,69.39,28613358,0.0,0.0
2022-01-25 00:00:00+08:00,68.66,69.21,68.03,68.48,43701023,0.0,0.0
2022-01-26 00:00:00+08:00,68.21,68.84,68.03,68.57,20768423,0.0,0.0
2022-02-07 00:00:00+08:00,68.3,70.11,68.21,69.93,31266105,0.0,0.0
2022-02-08 00:00:00+08:00,69.93,70.2,69.12,69.66,20779663,0.0,0.0
2022-02-09 00:00:00+08:00,69.84,69.93,69.21,69.93,19514339,0.0,0.0
2022-02-10 00:00:00+08:00,69.93,70.2,69.66,70.2,16007081,0.0,0.0
2022-02-11 00:00:00+08:00,69.66,70.11,69.57,70.11,15171133,0.0,0.0
2022-02-14 00:00:00+08:00,69.39,69.39,68.93,69.02,16946764,0.0,0.0
2022-02-15 00:00:00+08:00,69.93,70.29,69.48,69.48,21089312,0.0,0.0
2022-02-16 00:00:00+08:00,70.2,70.57,69.75,70.57,21386507,0.0,0.0
2022-02-17 00:00:00+08:00,70.66,71.38,70.39,70.93,25011569,0.0,0.0
2022-02-18 00:00:00+08:00,70.39,70.84,70.2,70.57,11494672,0.0,0.0
2022-02-21 00:00:00+08:00,70.11,70.39,69.84,70.39,11773449,0.0,0.0
2022-02-22 00:00:00+08:00,69.84,70.02,68.93,69.39,27178789,0.0,0.0
2022-02-23 00:00:00+08:00,69.3,69.75,69.02,69.39,14814546,0.0,0.0
2022-02-24 00:00:00+08:00,68.93,69.12,68.21,68.84,39797231,0.0,0.0
2022-02-25 00:00:00+08:00,68.48,68.75,67.57,68.12,52611398,0.0,0.0
2022-03-01 00:00:00+08:00,67.48,69.21,67.48,69.12,29209567,0.0,0.0
2022-03-02 00:00:00+08:00,68.66,68.84,68.21,68.57,19452184,0.0,0.0
2022-03-03 00:00:00+08:00,68.57,68.93,68.48,68.57,10769268,0.0,0.0
2022-03-04 00:00:00+08:00,67.94,68.03,67.39,67.48,35078816,0.0,0.0
2022-03-07 00:00:00+08:00,66.39,66.67,64.85,65.03,59356099,0.0,0.0
2022-03-08 00:00:00+08:00,63.85,64.67,63.49,64.04,55685042,0.0,0.0
2022-03-09 00:00:00+08:00,65.12,65.76,64.76,65.03,25309060,0.0,0.0
2022-03-10 00:00:00+08:00,66.03,67.12,65.76,66.94,25652257,0.0,0.0
2022-03-11 00:00:00+08:00,66.67,66.85,65.94,65.94,17426542,0.0,0.0
2022-03-14 00:00:00+08:00,66.76,66.94,65.94,65.94,20360687,0.0,0.0
2022-03-15 00:00:00+08:00,66.03,66.12,65.4,65.94,16493101,0.0,0.0
2022-03-16 00:00:00+08:00,66.21,66.58,65.85,66.3,15663733,0.0,0.0
2022-03-17 00:00:00+08:00,67.3,68.03,67.03,67.85,24150534,0.0,0.0
2022-03-18 00:00:00+08:00,68.03,68.57,67.3,67.39,29671015,0.0,0.0
2022-03-21 00:00:00+08:00,67.66,67.94,66.76,67.39,18150895,0.0,0.0
2022-03-22 00:00:00+08:00,66.94,67.48,66.67,67.39,18034013,0.0,0.0
2022-03-23 00:00:00+08:00,67.66,69.21,67.66,68.84,30152656,0.0,0.0
2022-03-24 00:00:00+08:00,68.75,68.75,67.66,68.48,21871856,0.0,0.0
2022-03-25 00:00:00+08:00,68.12,68.48,68.03,68.03,12697792,0.0,0.0
2022-03-28 00:00:00+08:00,67.76,68.39,67.57,68.12,15970647,0.0,0.0
2022-03-29 00:00:00+08:00,68.21,68.66,68.12,68.21,13147808,0.0,0.0
2022-03-30 00:00:00+08:00,68.48,69.21,68.39,69.02,21635290,0.0,0.0
2022-03-31 00:00:00+08:00,69.02,69.66,68.84,69.39,17704712,0.0,0.0
2022-04-01 00:00:00+08:00,68.93,69.93,68.75,69.93,23195530,0.0,0.0
2022-04-06 00:00:00+08:00,69.3,70.29,69.21,70.29,20778463,0.0,0.0
2022-04-07 00:00:00+08:00,70.02,70.29,68.75,68.93,30713419,0.0,0.0
2022-04-08 00:00:00+08:00,69.02,69.48,68.75,69.21,13994763,0.0,0.0
2022-04-11 00:00:00+08:00,69.39,69.93,68.3,69.39,16921702,0.0,0.0
2022-04-12 00:00:00+08:00,69.21,69.3,68.48,68.75,18463096,0.0,0.0
2022-04-13 00:00:00+08:00,69.3,69.48,68.66,69.3,10960950,0.0,0.0
2022-04-14 00:00:00+08:00,69.57,69.57,68.57,68.57,11081653,0.0,0.0
2022-04-15 00:00:00+08:00,68.21,68.75,68.03,68.12,9781113,0.0,0.0
2022-04-18 00:00:00+08:00,67.66,67.85,66.67,67.03,23158465,0.0,0.0
2022-04-19 00:00:00+08:00,67.21,67.66,66.67,66.67,15358471,0.0,0.0
2022-04-20 00:00:00+08:00,66.94,67.94,66.85,67.94,18797219,0.0,0.0
2022-04-21 00:00:00+08:00,67.85,67.85,67.12,67.66,15635733,0.0,0.0
2022-04-22 00:00:00+08:00,66.94,68.84,66.85,68.84,20457951,0.0,0.0
2022-04-25 00:00:00+08:00,67.85,67.85,67.03,67.85,25102739,0.0,0.0
2022-04-26 00:00:00+08:00,67.85,68.12,67.57,68.12,14553297,0.0,0.0
2022-04-27 00:00:00+08:00,67.12,67.3,66.39,66.39,21628082,0.0,0.0
2022-04-28 00:00:00+08:00,66.67,66.94,65.94,66.58,18446150,0.0,0.0
2022-04-29 00:00:00+08:00,67.03,67.85,66.76,67.48,15528075,0.0,0.0
2022-05-03 00:00:00+08:00,67.39,67.39,66.58,66.85,14185774,0.0,0.0
2022-05-04 00:00:00+08:00,67.12,67.85,66.85,67.66,12860086,0.0,0.0
2022-05-05 00:00:00+08:00,68.39,68.39,67.3,67.57,20181259,0.0,0.0
2022-05-06 00:00:00+08:00,65.31,65.4,64.04,64.67,70820840,0.0,0.0
2022-05-09 00:00:00+08:00,63.76,63.85,61.32,61.5,55185628,0.0,0.0
2022-05-10 00:00:00+08:00,60.41,61.22,59.95,60.86,56581376,0.0,0.0
2022-05-11 00:00:00+08:00,60.59,60.59,59.77,60.05,33532571,0.0,0.0
2022-05-12 00:00:00+08:00,59.14,59.23,57.32,57.41,54246448,0.0,0.0
2022-05-13 00:00:00+08:00,57.51,58.05,56.87,57.6,52315078,0.0,0.0
2022-05-16 00:00:00+08:00,57.69,57.69,55.69,56.6,55015880,0.0,0.0
2022-05-17 00:00:00+08:00,56.69,57.14,55.78,55.87,43694875,0.0,0.0
2022-05-18 00:00:00+08:00,56.15,58.14,56.15,57.78,39488112,0.0,0.0
2022-05-19 00:00:00+08:00,56.24,56.42,55.87,55.87,35353341,0.0,0.0
2022-05-20 00:00:00+08:00,56.15,56.42,55.96,56.05,21774781,0.0,0.0
2022-05-23 00:00:00+08:00,56.15,56.24,54.6,54.88,48734282,0.0,0.0
2022-05-24 00:00:00+08:00,54.97,55.42,54.51,54.51,32413016,0.0,0.0
2022-05-25 00:00:00+08:00,54.42,54.6,53.61,53.97,40830001,0.0,0.0
2022-05-26 00:00:00+08:00,54.33,54.88,54.06,54.15,33382779,0.0,0.0
2022-05-27 00:00:00+08:00,54.78,55.78,54.69,55.6,32509875,0.0,0.0
2022-05-30 00:00:00+08:00,56.42,57.51,56.24,57.32,31892674,0.0,0.0
2022-05-31 00:00:00+08:00,57.6,58.23,56.69,58.14,94062230,0.0,0.0
2022-06-01 00:00:00+08:00,57.96,57.96,57.41,57.69,23939672,0.0,0.0
2022-06-02 00:00:00+08:00,57.23,58.14,57.05,57.78,16126215,0.0,0.0
2022-06-06 00:00:00+08:00,57.41,58.23,57.23,58.05,16896674,0.0,0.0
2022-06-07 00:00:00+08:00,58.05,58.32,57.51,57.51,26555752,0.0,0.0
2022-06-08 00:00:00+08:00,57.96,58.05,57.69,57.87,13006300,0.0,0.0
2022-06-09 00:00:00+08:00,57.69,58.05,57.23,57.51,18240396,0.0,0.0
2022-06-10 00:00:00+08:00,56.78,57.51,56.69,57.05,22825013,0.0,0.0
2022-06-13 00:00:00+08:00,56.33,56.33,55.78,56.05,27055191,0.0,0.0
2022-06-14 00:00:00+08:00,55.6,56.78,55.51,56.24,22079106,0.0,0.0
2022-06-15 00:00:00+08:00,55.96,56.51,55.87,56.05,18037224,0.0,0.0
2022-06-16 00:00:00+08:00,56.69,57.32,55.87,56.15,19157510,0.0,0.0
2022-06-17 00:00:00+08:00,55.33,55.6,55.15,55.15,25810437,0.0,0.0
2022-06-20 00:00:00+08:00,55.42,56.24,54.24,54.6,26988335,0.0,0.0
2022-06-21 00:00:00+08:00,55.33,57.41,55.15,57.32,30338894,0.0,0.0
2022-06-22 00:00:00+08:00,57.23,57.69,55.96,55.96,16122197,0.0,0.0
2022-06-23 00:00:00+08:00,56.24,56.6,54.97,55.42,18604685,0.0,0.0
2022-06-24 00:00:00+08:00,56.51,56.69,55.51,56.15,14282119,0.0,0.0
2022-06-27 00:00:00+08:00,56.78,56.96,56.15,56.15,15948275,0.0,0.0
2022-06-28 00:00:00+08:00,56.24,56.33,55.51,55.87,12590043,0.0,0.0
2022-06-29 00:00:00+08:00,55.24,55.51,54.88,55.15,19580739,0.0,0.0
2022-06-30 00:00:00+08:00,54.88,55.15,54.24,54.24,21615504,0.0,0.0
2022-07-01 00:00:00+08:00,54.24,54.51,52.61,52.88,35337291,0.0,0.0
2022-07-04 00:00:00+08:00,52.88,53.79,51.97,52.52,18657928,0.0,0.0
2022-07-05 00:00:00+08:00,53.61,54.78,53.42,54.69,25602571,0.0,0.0
2022-07-06 00:00:00+08:00,54.6,54.78,52.79,52.79,19885706,0.0,0.0
2022-07-07 00:00:00+08:00,53.06,54.42,52.15,53.7,25076339,0.0,0.0
2022-07-08 00:00:00+08:00,53.61,54.24,53.15,53.42,20781581,0.0,0.0
2022-07-11 00:00:00+08:00,53.61,53.61,52.79,52.79,8450589,0.0,0.0
2022-07-12 00:00:00+08:00,52.24,52.24,50.34,50.61,32317995,0.0,0.0
2022-07-13 00:00:00+08:00,52.15,53.88,51.97,53.24,30511066,0.0,0.0
2022-07-14 00:00:00+08:00,52.61,53.7,52.24,52.88,21847433,0.0,0.0
2022-07-15 00:00:00+08:00,52.61,52.97,51.88,51.97,28156222,0.0,0.0
2022-07-18 00:00:00+08:00,52.61,54.15,52.34,54.06,29880690,0.0,0.0
2022-07-19 00:00:00+08:00,53.42,53.7,52.97,53.15,27579843,0.0,0.0
2022-07-20 00:00:00+08:00,53.79,53.97,52.61,52.7,28363867,0.0,0.0
2022-07-21 00:00:00+08:00,52.34,53.06,51.88,52.97,22243143,0.0,0.0
2022-07-22 00:00:00+08:00,53.24,53.24,52.61,52.97,18530883,0.0,0.0
2022-07-25 00:00:00+08:00,52.97,53.7,52.79,53.7,25056001,0.0,0.0
2022-07-26 00:00:00+08:00,53.7,54.24,53.33,53.7,39279698,0.0,0.0
2022-07-27 00:00:00+08:00,50.43,50.43,49.43,50.16,53598169,0.0,0.0
2022-07-28 00:00:00+08:00,50.52,51.61,50.52,51.07,23095585,0.0,0.0
2022-07-29 00:00:00+08:00,51.52,51.52,50.52,50.88,19922882,0.0,0.0
2022-08-01 00:00:00+08:00,51.07,51.52,50.88,51.34,11720305,0.0,0.0
2022-08-02 00:00:00+08:00,50.61,51.61,50.34,51.34,21720638,0.0,0.0
2022-08-03 00:00:00+08:00,50.79,51.43,50.52,51.34,19481419,0.0,0.0
2022-08-04 00:00:00+08:00,51.16,51.25,50.52,50.79,20359968,0.0,0.0
2022-08-05 00:00:00+08:00,50.79,51.88,50.79,51.7,21877669,0.0,0.0
2022-08-08 00:00:00+08:00,51.7,52.97,51.43,52.7,16693238,0.0,0.0
2022-08-09 00:00:00+08:00,52.7,53.06,52.24,52.52,11845424,0.0,0.0
2022-08-10 00:00:00+08:00,52.34,53.06,52.15,52.79,10851725,0.0,0.0
2022-08-11 00:00:00+08:00,53.88,54.6,53.51,54.33,31180024,0.0,0.0
2022-08-12 00:00:00+08:00,54.33,54.51,53.97,54.42,14451572,0.0,0.0
2022-08-15 00:00:00+08:00,54.69,54.78,54.33,54.51,12571861,0.0,0.0
2022-08-16 00:00:00+08:00,54.51,54.6,54.33,54.42,12721807,0.0,0.0
2022-08-17 00:00:00+08:00,54.51,54.88,54.42,54.88,13119819,0.0,0.0
2022-08-18 00:00:00+08:00,54.69,54.69,54.24,54.42,11503363,0.0,0.0
2022-08-19 00:00:00+08:00,54.15,54.42,53.97,54.42,11020800,0.0,0.0
2022-08-22 00:00:00+08:00,53.7,53.88,53.24,53.51,11317162,0.0,0.0
2022-08-23 00:00:00+08:00,53.06,53.15,52.79,52.79,12542277,0.0,0.0
2022-08-24 00:00:00+08:00,53.06,53.33,52.61,52.88,13388475,0.0,0.0
2022-08-25 00:00:00+08:00,53.33,53.61,52.79,52.88,16347672,0.0,0.0
2022-08-26 00:00:00+08:00,53.15,53.42,52.97,53.06,13293018,0.0,0.0
2022-08-29 00:00:00+08:00,51.97,52.52,51.97,52.24,16007484,0.0,0.0
2022-08-30 00:00:00+08:00,52.24,52.43,51.88,51.97,14848783,0.0,0.0
2022-08-31 00:00:00+08:00,51.7,52.34,51.7,52.06,19321504,0.0,0.0
2022-09-01 00:00:00+08:00,51.7,51.97,51.34,51.79,17489644,0.0,0.0
2022-09-02 00:00:00+08:00,51.79,51.88,51.34,51.34,11045100,0.0,0.0
2022-09-05 00:00:00+08:00,51.25,51.7,51.07,51.34,10978274,0.0,0.0
2022-09-06 00:00:00+08:00,51.7,52.06,51.34,51.61,10584306,0.0,0.0
2022-09-07 00:00:00+08:00,51.61,51.61,50.79,50.88,20385917,0.0,0.0
2022-09-08 00:00:00+08:00,51.43,51.43,50.79,51.25,14627360,0.0,0.0
2022-09-12 00:00:00+08:00,51.88,52.34,51.52,51.97,20444024,0.0,0.0
2022-09-13 00:00:00+08:00,52.52,52.52,51.97,52.34,15658824,0.0,0.0
2022-09-14 00:00:00+08:00,51.34,51.7,51.07,51.43,20069792,0.0,0.0
2022-09-15 00:00:00+08:00,51.61,51.88,51.25,51.52,13571989,0.0,0.0
2022-09-16 00:00:00+08:00,51.25,51.61,51.07,51.25,26014262,0.0,0.0
2022-09-19 00:00:00+08:00,51.61,51.7,51.25,51.52,13213136,0.0,0.0
2022-09-20 00:00:00+08:00,51.79,51.97,51.43,51.61,13835113,0.0,0.0
2022-09-21 00:00:00+08:00,51.61,51.88,51.16,51.25,21480832,0.0,0.0
2022-09-22 00:00:00+08:00,51.43,52.0,50.29,51.81,26994172,0.0,0.0
2022-09-23 00:00:00+08:00,51.81,52.0,51.24,51.24,10844632,0.0,0.0
2022-09-26 00:00:00+08:00,50.76,51.24,49.62,50.38,26099917,0.0,0.0
2022-09-27 00:00:00+08:00,50.67,50.67,49.43,49.43,21207526,0.0,0.0
2022-09-28 00:00:00+08:00,49.43,49.52,47.71,47.71,26736040,0.0,0.0
2022-09-29 00:00:00+08:00,48.38,48.48,47.52,47.9,20892399,0.0,0.0
2022-09-30 00:00:00+08:00,47.38,47.81,46.81,47.52,35596203,0.0,0.0
2022-10-03 00:00:00+08:00,47.05,47.43,46.52,46.57,18273396,0.0,0.0
2022-10-04 00:00:00+08:00,47.14,47.33,46.48,47.1,14422840,0.0,0.0
2022-10-05 00:00:00+08:00,48.1,48.57,47.71,48.19,16861094,0.0,0.0
2022-10-06 00:00:00+08:00,48.48,48.57,47.81,48.29,11759839,0.0,0.0
2022-10-07 00:00:00+08:00,48.1,48.48,47.9,48.29,6986362,0.0,0.0
2022-10-11 00:00:00+08:00,47.38,47.62,46.95,47.14,21046311,0.0,0.0
2022-10-12 00:00:00+08:00,46.95,47.62,46.76,47.24,12448593,0.0,0.0
2022-10-13 00:00:00+08:00,47.14,47.24,45.81,45.86,21417129,0.0,0.0
2022-10-14 00:00:00+08:00,46.67,46.76,46.14,46.14,13559164,0.0,0.0
2022-10-17 00:00:00+08:00,45.95,46.52,45.43,46.38,12640434,0.0,0.0
2022-10-18 00:00:00+08:00,46.76,48.1,46.71,48.1,14793900,0.0,0.0
2022-10-19 00:00:00+08:00,48.1,48.57,47.62,48.0,19254513,0.0,0.0
2022-10-20 00:00:00+08:00,46.95,47.81,46.76,47.57,17282217,0.0,0.0
2022-10-21 00:00:00+08:00,47.48,47.57,46.95,47.29,9218723,0.0,0.0
2022-10-24 00:00:00+08:00,47.81,48.0,47.38,47.43,9919087,0.0,0.0
2022-10-25 00:00:00+08:00,47.48,47.71,46.86,47.57,14612328,0.0,0.0
2022-10-26 00:00:00+08:00,47.29,48.38,47.24,48.0,12176234,0.0,0.0
2022-10-27 00:00:00+08:00,48.29,49.05,48.29,48.67,14389109,0.0,0.0
2022-10-28 00:00:00+08:00,49.05,49.24,48.57,49.05,9190315,0.0,0.0
2022-10-31 00:00:00+08:00,49.05,49.43,48.57,48.57,12245707,0.0,0.0
2022-11-01 00:00:00+08:00,48.86,49.52,48.67,49.52,9358935,0.0,0.0
2022-11-02 00:00:00+08:00,49.71,49.81,49.05,49.43,8128581,0.0,0.0
2022-11-03 00:00:00+08:00,48.57,49.43,48.57,49.24,8993574,0.0,0.0
2022-11-04 00:00:00+08:00,48.76,49.24,48.67,49.05,7629569,0.0,0.0
2022-11-07 00:00:00+08:00,49.52,50.29,49.33,50.29,10679288,0.0,0.0
2022-11-08 00:00:00+08:00,50.67,50.95,50.1,50.67,11144255,0.0,0.0
2022-11-09 00:00:00+08:00,50.67,51.33,50.48,51.14,15255051,0.0,0.0
2022-11-10 00:00:00+08:00,50.86,50.86,50.29,50.29,10793403,0.0,0.0
2022-11-11 00:00:00+08:00,51.33,53.14,51.24,52.86,40549181,0.0,0.0
2022-11-14 00:00:00+08:00,53.24,53.62,52.76,53.62,20297375,0.0,0.0
2022-11-15 00:00:00+08:00,52.86,53.81,52.57,53.71,15342798,0.0,0.0
2022-11-16 00:00:00+08:00,53.62,54.0,52.67,52.86,17919620,0.0,0.0
2022-11-17 00:00:00+08:00,52.67,52.86,51.9,52.86,8124117,0.0,0.0
2022-11-18 00:00:00+08:00,52.38,53.24,52.38,52.67,8054306,0.0,0.0
2022-11-21 00:00:00+08:00,52.67,53.05,52.19,52.86,10297771,0.0,0.0
2022-11-22 00:00:00+08:00,52.86,53.33,52.38,53.24,8769337,0.0,0.0
2022-11-23 00:00:00+08:00,53.33,54.67,53.14,54.38,19357184,0.0,0.0
2022-11-24 00:00:00+08:00,54.67,55.05,54.38,54.95,16073106,0.0,0.0
2022-11-25 00:00:00+08:00,54.95,55.43,54.48,55.14,22154436,0.0,0.0
2022-11-28 00:00:00+08:00,54.76,55.62,54.1,55.14,20357416,0.0,0.0
2022-11-29 00:00:00+08:00,55.24,56.76,54.57,56.76,26522353,0.0,0.0
2022-11-30 00:00:00+08:00,56.67,58.1,56.19,57.9,39747012,0.0,0.0
2022-12-01 00:00:00+08:00,58.19,58.67,57.33,57.52,20631011,0.0,0.0
2022-12-02 00:00:00+08:00,56.67,57.71,56.67,57.24,11770972,0.0,0.0
2022-12-05 00:00:00+08:00,56.86,57.24,56.38,56.38,11939175,0.0,0.0
2022-12-06 00:00:00+08:00,55.9,56.0,55.24,55.62,15253929,0.0,0.0
2022-12-07 00:00:00+08:00,55.24,56.0,55.05,55.43,13081942,0.0,0.0
2022-12-08 00:00:00+08:00,55.43,55.52,54.19,54.29,17469960,0.0,0.0
2022-12-09 00:00:00+08:00,54.48,55.05,54.48,54.76,9735251,0.0,0.0
2022-12-12 00:00:00+08:00,53.05,54.95,52.19,54.76,26711604,0.0,0.0
2022-12-13 00:00:00+08:00,55.14,55.62,54.48,54.86,12637131,0.0,0.0
2022-12-14 00:00:00+08:00,55.33,55.43,54.67,54.76,11452476,0.0,0.0
2022-12-15 00:00:00+08:00,54.57,54.86,53.9,54.57,8572279,0.0,0.0
2022-12-16 00:00:00+08:00,53.71,54.1,53.43,53.43,30309030,0.0,0.0
2022-12-19 00:00:00+08:00,53.9,54.48,53.43,53.9,16245676,0.0,0.0
2022-12-20 00:00:00+08:00,53.43,53.9,52.57,53.52,21870078,0.0,0.0
2022-12-21 00:00:00+08:00,53.24,54.1,53.05,53.52,13607079,0.0,0.0
2022-12-22 00:00:00+08:00,53.9,54.1,53.52,54.1,10850749,0.0,0.0
2022-12-23 00:00:00+08:00,53.33,54.19,53.33,54.0,6862476,0.0,0.0
2022-12-26 00:00:00+08:00,53.9,54.29,53.81,54.1,3475506,0.0,0.0
2022-12-27 00:00:00+08:00,54.19,54.76,54.19,54.38,4944078,0.0,0.0
2022-12-28 00:00:00+08:00,54.29,54.48,53.62,54.0,8698273,0.0,0.0
2022-12-29 00:00:00+08:00,53.43,53.81,53.05,53.33,8940259,0.0,0.0
2022-12-30 00:00:00+08:00,53.81,54.1,53.52,53.62,6250352,0.0,0.0
2023-01-03 00:00:00+08:00,53.43,54.19,52.67,53.71,7869383,0.0,0.0
2023-01-04 00:00:00+08:00,53.81,54.67,53.81,54.48,8657848,0.0,0.0
2023-01-05 00:00:00+08:00,54.67,55.71,54.67,55.71,16444010,0.0,0.0
2023-01-06 00:00:00+08:00,55.62,55.71,55.14,55.71,8377251,0.0,0.0
2023-01-09 00:00:00+08:00,56.19,56.76,56.1,56.76,20713110,0.0,0.0
2023-01-10 00:00:00+08:00,56.76,56.76,55.81,56.38,12974292,0.0,0.0
2023-01-11 00:00:00+08:00,55.9,56.0,55.24,55.33,12729102,0.0,0.0
2023-01-12 00:00:00+08:00,55.62,56.1,55.62,56.1,9685716,0.0,0.0
2023-01-13 00:00:00+08:00,56.1,56.67,55.81,55.9,8545432,0.0,0.0
2023-01-16 00:00:00+08:00,56.38,56.67,56.29,56.57,13616083,0.0,0.0
2023-01-17 00:00:00+08:00,56.57,57.14,56.57,56.95,19796766,0.0,0.0
2023-01-30 00:00:00+08:00,58.38,58.57,56.67,58.1,37363402,0.0,0.0
2023-01-31 00:00:00+08:00,57.81,58.0,57.24,57.33,24960457,0.0,0.0
2023-02-01 00:00:00+08:00,57.14,57.52,56.67,57.14,19615689,0.0,0.0
2023-02-02 00:00:00+08:00,57.43,57.81,56.86,57.62,20712919,0.0,0.0
2023-02-03 00:00:00+08:00,57.62,57.62,56.95,56.95,10655860,0.0,0.0
2023-02-06 00:00:00+08:00,56.67,57.05,56.0,56.57,17028887,0.0,0.0
2023-02-07 00:00:00+08:00,56.57,57.14,56.48,56.57,12074787,0.0,0.0
2023-02-08 00:00:00+08:00,56.38,56.67,56.19,56.38,12929651,0.0,0.0
2023-02-09 00:00:00+08:00,56.0,56.48,56.0,56.29,5324914,0.0,0.0
2023-02-10 00:00:00+08:00,56.0,56.38,55.81,56.1,8880685,0.0,0.0
2023-02-13 00:00:00+08:00,55.81,56.95,55.81,56.67,11581642,0.0,0.0
2023-02-14 00:00:00+08:00,57.14,57.33,56.67,57.24,13021948,0.0,0.0
2023-02-15 00:00:00+08:00,57.14,57.43,56.29,56.67,12849981,0.0,0.0
2023-02-16 00:00:00+08:00,56.76,57.14,56.57,56.57,8673821,0.0,0.0
2023-02-17 00:00:00+08:00,56.95,57.43,56.86,57.43,12573993,0.0,0.0
2023-02-20 00:00:00+08:00,57.14,58.19,57.05,57.81,10777032,0.0,0.0
2023-02-21 00:00:00+08:00,57.71,57.71,57.14,57.33,6852162,0.0,0.0
2023-02-22 00:00:00+08:00,56.67,57.24,56.48,57.05,13530987,0.0,0.0
2023-02-23 00:00:00+08:00,57.24,57.33,56.86,56.95,11107987,0.0,0.0
2023-02-24 00:00:00+08:00,56.86,57.14,56.67,57.14,13216255,0.0,0.0
2023-03-01 00:00:00+08:00,56.38,56.67,56.19,56.19,14182646,0.0,0.0
2023-03-02 00:00:00+08:00,56.19,56.86,55.81,56.57,10826286,0.0,0.0
2023-03-03 00:00:00+08:00,56.86,56.95,56.48,56.67,7432486,0.0,0.0
2023-03-06 00:00:00+08:00,57.14,57.33,56.76,57.14,12501837,0.0,0.0
2023-03-07 00:00:00+08:00,57.14,57.33,56.76,56.95,10664183,0.0,0.0
2023-03-08 00:00:00+08:00,56.95,57.14,56.67,57.14,11322661,0.0,0.0
2023-03-09 00:00:00+08:00,57.05,57.05,56.48,56.57,12616683,0.0,0.0
2023-03-10 00:00:00+08:00,55.9,56.29,55.43,55.52,21422598,0.0,0.0
2023-03-13 00:00:00+08:00,54.76,55.24,54.57,54.95,17719367,0.0,0.0
2023-03-14 00:00:00+08:00,54.29,54.57,53.81,54.0,19652904,0.0,0.0
2023-03-15 00:00:00+08:00,54.19,54.48,53.81,53.81,14122927,0.0,0.0
2023-03-16 00:00:00+08:00,53.14,53.24,52.38,52.48,27208895,0.0,0.0
2023-03-17 00:00:00+08:00,52.86,53.24,52.76,52.86,25385750,0.0,0.0
2023-03-20 00:00:00+08:00,52.76,52.76,52.38,52.38,16265079,0.0,0.0
2023-03-21 00:00:00+08:00,52.57,53.05,52.48,52.67,12649563,0.0,0.0
2023-03-22 00:00:00+08:00,52.95,53.62,52.76,53.52,16949442,0.0,0.0
2023-03-23 00:00:00+08:00,53.33,53.81,53.14,53.81,10200294,0.0,0.0
2023-03-24 00:00:00+08:00,53.9,53.9,53.33,53.62,8712169,0.0,0.0
2023-03-27 00:00:00+08:00,53.52,53.81,53.33,53.62,6840523,0.0,0.0
2023-03-28 00:00:00+08:00,53.62,54.0,53.62,53.81,5897118,0.0,0.0
2023-03-29 00:00:00+08:00,53.81,54.19,53.71,54.19,6953446,0.0,0.0
2023-03-30 00:00:00+08:00,54.38,54.38,53.71,54.1,7708486,0.0,0.0
2023-03-31 00:00:00+08:00,54.1,54.38,53.81,53.81,11521699,0.0,0.0
2023-04-06 00:00:00+08:00,54.38,54.38,53.62,54.1,8982091,0.0,0.0
2023-04-07 00:00:00+08:00,54.1,54.29,53.9,54.19,4780275,0.0,0.0
2023-04-10 00:00:00+08:00,54.19,54.57,54.1,54.38,5272148,0.0,0.0
2023-04-11 00:00:00+08:00,54.38,54.38,53.9,54.38,9626628,0.0,0.0
2023-04-12 00:00:00+08:00,54.38,54.57,54.1,54.57,9124407,0.0,0.0
2023-04-13 00:00:00+08:00,54.57,54.95,54.38,54.67,9606435,0.0,0.0
2023-04-14 00:00:00+08:00,54.76,55.9,54.67,55.81,14906427,0.0,0.0
2023-04-17 00:00:00+08:00,55.9,56.0,55.33,55.71,8521462,0.0,0.0
2023-04-18 00:00:00+08:00,55.81,55.9,55.43,55.81,7039708,0.0,0.0
2023-04-19 00:00:00+08:00,55.9,56.0,55.24,55.43,8070657,0.0,0.0
2023-04-20 00:00:00+08:00,55.14,55.24,54.76,55.14,7412549,0.0,0.0
2023-04-21 00:00:00+08:00,55.43,55.62,55.05,55.14,7585066,0.0,0.0
2023-04-24 00:00:00+08:00,55.14,55.43,54.95,55.33,4543081,0.0,0.0
2023-04-25 00:00:00+08:00,55.43,55.81,54.76,54.76,7917876,0.0,0.0
2023-04-26 00:00:00+08:00,55.24,55.24,54.38,55.05,13599098,0.0,0.0
2023-04-27 00:00:00+08:00,54.86,55.24,54.57,54.95,8934250,0.0,0.0
2023-04-28 00:00:00+08:00,55.52,56.57,55.43,56.19,18080956,0.0,0.0
2023-05-02 00:00:00+08:00,56.48,56.48,55.62,56.0,11618053,0.0,0.0
2023-05-03 00:00:00+08:00,55.81,56.0,55.52,55.81,7079231,0.0,0.0
2023-05-04 00:00:00+08:00,55.71,56.29,55.52,56.29,8208817,0.0,0.0
2023-05-05 00:00:00+08:00,56.19,56.38,56.1,56.29,4716815,0.0,0.0
2023-05-08 00:00:00+08:00,56.57,56.76,56.29,56.57,12314536,0.0,0.0
2023-05-09 00:00:00+08:00,56.76,56.76,56.38,56.67,10629849,0.0,0.0
2023-05-10 00:00:00+08:00,56.57,56.57,56.1,56.38,9153288,0.0,0.0
2023-05-11 00:00:00+08:00,56.86,56.95,56.38,56.67,14779382,0.0,0.0
2023-05-12 00:00:00+08:00,56.67,56.67,55.9,56.19,8704891,0.0,0.0
2023-05-15 00:00:00+08:00,56.19,56.67,56.0,56.57,12192246,0.0,0.0
2023-05-16 00:00:00+08:00,56.86,57.05,56.38,56.95,14136836,0.0,0.0
2023-05-17 00:00:00+08:00,56.86,57.43,56.76,57.33,21762438,0.0,0.0
2023-05-18 00:00:00+08:00,57.43,58.29,57.33,58.19,29207998,0.0,0.0
2023-05-19 00:00:00+08:00,58.38,58.95,58.29,58.67,28250682,0.0,0.0
2023-05-22 00:00:00+08:00,58.67,58.95,58.48,58.76,9248339,0.0,0.0
2023-05-23 00:00:00+08:00,58.86,59.24,58.29,58.48,15746297,0.0,0.0
2023-05-24 00:00:00+08:00,58.29,58.48,57.81,58.48,11155599,0.0,0.0
2023-05-25 00:00:00+08:00,58.0,58.1,57.33,57.52,15048763,0.0,0.0
2023-05-26 00:00:00+08:00,57.24,58.0,56.95,57.62,12341226,0.0,0.0
2023-05-29 00:00:00+08:00,58.1,58.67,57.9,58.19,14759307,0.0,0.0
2023-05-30 00:00:00+08:00,58.29,58.67,57.9,57.9,10953332,0.0,0.0
2023-05-31 00:00:00+08:00,57.81,58.48,57.81,57.9,32555700,0.0,0.0
2023-06-01 00:00:00+08:00,57.81,58.1,57.14,57.52,14621985,0.0,0.0
2023-06-02 00:00:00+08:00,57.62,58.0,57.52,57.71,10693071,0.0,0.0
2023-06-05 00:00:00+08:00,58.1,59.52,58.0,58.76,28758636,0.0,0.0
2023-06-06 00:00:00+08:00,58.67,59.05,58.57,58.95,11621611,0.0,0.0
2023-06-07 00:00:00+08:00,59.05,59.14,58.67,58.86,15626312,0.0,0.0
2023-06-08 00:00:00+08:00,58.86,58.95,57.62,57.9,30346555,0.0,0.0
2023-06-09 00:00:00+08:00,58.29,58.38,57.9,58.29,9281757,0.0,0.0
2023-06-12 00:00:00+08:00,58.38,58.76,58.19,58.29,10411192,0.0,0.0
2023-06-13 00:00:00+08:00,58.48,58.57,57.62,58.19,22279304,0.0,0.0
2023-06-14 00:00:00+08:00,58.48,59.14,58.29,58.86,19343802,0.0,0.0
2023-06-15 00:00:00+08:00,58.86,58.95,58.48,58.67,8713483,0.0,0.0
2023-06-16 00:00:00+08:00,58.76,58.86,58.19,58.19,19565233,0.0,0.0
2023-06-19 00:00:00+08:00,58.19,58.48,57.81,58.38,17311168,0.0,0.0
2023-06-20 00:00:00+08:00,58.38,58.38,58.0,58.19,9026449,0.0,0.0
2023-06-21 00:00:00+08:00,58.29,58.57,58.1,58.48,8222191,0.0,0.0
2023-06-26 00:00:00+08:00,58.19,58.29,57.9,57.9,13289310,0.0,0.0
2023-06-27 00:00:00+08:00,57.81,58.1,57.62,57.71,9422662,0.0,0.0
2023-06-28 00:00:00+08:00,57.81,58.48,57.81,58.48,8615374,0.0,0.0
2023-06-29 00:00:00+08:00,58.57,58.95,58.29,58.38,13177587,0.0,0.0
2023-06-30 00:00:00+08:00,58.29,58.48,57.9,57.9,13891261,0.0,0.0
2023-07-03 00:00:00+08:00,58.19,58.48,58.1,58.38,6805800,0.0,0.0
2023-07-04 00:00:00+08:00,58.1,58.38,57.9,58.0,10065707,0.0,0.0
2023-07-05 00:00:00+08:00,58.1,58.38,58.0,58.1,7333169,0.0,0.0
2023-07-06 00:00:00+08:00,57.9,58.19,57.24,57.43,23369223,0.0,0.0
2023-07-07 00:00:00+08:00,57.14,57.43,56.86,57.14,16145308,0.0,0.0
2023-07-10 00:00:00+08:00,57.14,57.9,57.14,57.33,10604191,0.0,0.0
2023-07-11 00:00:00+08:00,58.19,58.67,58.1,58.48,18984950,0.0,0.0
2023-07-12 00:00:00+08:00,58.48,59.05,58.48,59.05,20495247,0.0,0.0
2023-07-13 00:00:00+08:00,59.14,59.24,58.67,58.76,15757382,0.0,0.0
2023-07-14 00:00:00+08:00,58.95,59.52,58.86,59.52,18629337,0.0,0.0
2023-07-17 00:00:00+08:00,59.81,62.1,59.62,61.9,40143734,0.0,0.0
2023-07-18 00:00:00+08:00,62.19,62.86,61.71,62.48,37108796,0.0,0.0
2023-07-19 00:00:00+08:00,62.76,62.86,61.52,61.71,35259081,0.0,0.0
2023-07-20 00:00:00+08:00,60.38,60.95,60.0,60.48,20906754,0.0,0.0
2023-07-21 00:00:00+08:00,60.0,60.29,59.71,60.0,16202966,0.0,0.0
2023-07-24 00:00:00+08:00,59.9,59.9,59.33,59.62,12627198,0.0,0.0
2023-07-25 00:00:00+08:00,60.0,60.29,59.71,59.9,9847609,0.0,0.0
2023-07-26 00:00:00+08:00,60.1,61.43,59.81,61.43,19717723,0.0,0.0
2023-07-27 00:00:00+08:00,61.62,62.67,61.52,62.38,27377186,0.0,0.0
2023-07-28 00:00:00+08:00,62.1,62.48,61.71,62.29,11231754,0.0,0.0
2023-07-31 00:00:00+08:00,62.48,63.43,62.1,62.38,27325003,0.0,0.0
2023-08-01 00:00:00+08:00,62.57,63.43,61.81,63.33,23283943,0.0,0.0
2023-08-02 00:00:00+08:00,62.76,62.76,61.52,62.0,33558530,0.0,0.0
2023-08-04 00:00:00+08:00,61.81,62.0,61.33,61.71,11803063,0.0,0.0
2023-08-07 00:00:00+08:00,61.71,62.57,61.62,62.38,13314381,0.0,0.0
2023-08-08 00:00:00+08:00,62.29,62.57,61.9,62.1,14638678,0.0,0.0
2023-08-09 00:00:00+08:00,61.81,62.29,61.71,62.19,10433630,0.0,0.0
2023-08-10 00:00:00+08:00,61.9,62.67,61.81,62.29,12755643,0.0,0.0
2023-08-11 00:00:00+08:00,62.67,62.95,62.1,62.29,13117694,0.0,0.0
2023-08-14 00:00:00+08:00,61.81,61.9,60.29,60.86,23128188,0.0,0.0
2023-08-15 00:00:00+08:00,60.86,61.43,60.0,60.48,20464313,0.0,0.0
2023-08-16 00:00:00+08:00,59.81,60.0,59.43,59.52,16340618,0.0,0.0
2023-08-17 00:00:00+08:00,59.05,59.81,58.57,59.52,15172414,0.0,0.0
2023-08-18 00:00:00+08:00,59.33,60.1,59.05,59.43,10196236,0.0,0.0
2023-08-21 00:00:00+08:00,59.62,60.38,59.52,60.1,10577369,0.0,0.0
2023-08-22 00:00:00+08:00,60.19,60.29,59.62,59.81,8681904,0.0,0.0
2023-08-23 00:00:00+08:00,59.81,60.29,59.81,59.81,7599659,0.0,0.0
2023-08-24 00:00:00+08:00,59.9,60.38,59.9,60.29,7072217,0.0,0.0
2023-08-25 00:00:00+08:00,59.9,60.48,59.33,59.81,10962027,0.0,0.0
2023-08-28 00:00:00+08:00,59.81,61.14,59.81,61.05,12253901,0.0,0.0
2023-08-29 00:00:00+08:00,60.95,61.43,60.76,61.33,7711266,0.0,0.0
2023-08-30 00:00:00+08:00,61.33,61.62,61.05,61.43,8950759,0.0,0.0
2023-08-31 00:00:00+08:00,61.43,61.43,60.57,60.57,20570768,0.0,0.0
2023-09-01 00:00:00+08:00,60.57,61.9,60.57,61.71,14784613,0.0,0.0
2023-09-04 00:00:00+08:00,62.0,62.5,61.9,62.2,8983102,0.0,0.0
2023-09-05 00:00:00+08:00,62.4,62.5,61.7,61.8,11696515,0.0,0.0
2023-09-06 00:00:00+08:00,61.6,62.0,61.4,61.4,12715603,0.0,0.0
2023-09-07 00:00:00+08:00,61.2,61.6,61.2,61.2,7280301,0.0,0.0
2023-09-08 00:00:00+08:00,61.2,61.9,61.1,61.8,6134463,0.0,0.0
2023-09-11 00:00:00+08:00,61.8,62.1,61.5,61.9,6750088,0.0,0.0
2023-09-12 00:00:00+08:00,62.1,62.2,61.7,62.1,9200948,0.0,0.0
2023-09-13 00:00:00+08:00,62.0,62.5,62.0,62.4,7129326,0.0,0.0
2023-09-14 00:00:00+08:00,63.0,63.0,62.6,62.9,8465525,0.0,0.0
2023-09-15 00:00:00+08:00,62.9,63.0,62.5,62.5,17728450,0.0,0.0
2023-09-18 00:00:00+08:00,62.5,62.8,62.3,62.8,5086274,0.0,0.0
2023-09-19 00:00:00+08:00,62.7,62.9,62.5,62.6,4880881,0.0,0.0
2023-09-20 00:00:00+08:00,62.6,62.6,61.9,62.1,11161764,0.0,0.0
2023-09-21 00:00:00+08:00,61.8,62.0,61.1,61.4,14666483,0.0,0.0
2023-09-22 00:00:00+08:00,61.1,61.4,61.0,61.0,13957969,0.0,0.0
2023-09-25 00:00:00+08:00,61.0,61.5,60.9,61.3,8768012,0.0,0.0
2023-09-26 00:00:00+08:00,61.0,61.2,60.4,60.6,15721349,0.0,0.0
2023-09-27 00:00:00+08:00,60.1,60.8,60.1,60.6,10616737,0.0,0.0
2023-09-28 00:00:00+08:00,60.8,61.4,60.5,60.7,11257102,0.0,0.0
2023-10-02 00:00:00+08:00,60.6,61.0,60.6,60.8,6850308,0.0,0.0
2023-10-03 00:00:00+08:00,60.6,60.6,60.3,60.5,7633314,0.0,0.0
2023-10-04 00:00:00+08:00,60.0,60.1,59.7,59.7,18833121,0.0,0.0
2023-10-05 00:00:00+08:00,59.9,60.7,59.6,60.5,11294568,0.0,0.0
2023-10-06 00:00:00+08:00,60.5,60.8,60.4,60.7,4946356,0.0,0.0
2023-10-11 00:00:00+08:00,61.0,61.6,60.8,61.6,17114222,0.0,0.0
2023-10-12 00:00:00+08:00,61.7,61.7,60.9,61.7,14541003,0.0,0.0
2023-10-13 00:00:00+08:00,61.2,61.3,60.7,60.9,14522488,0.0,0.0
2023-10-16 00:00:00+08:00,60.7,61.1,60.6,61.0,9771467,0.0,0.0
2023-10-17 00:00:00+08:00,61.2,61.3,60.9,61.3,8976666,0.0,0.0
2023-10-18 00:00:00+08:00,61.3,61.5,60.6,61.4,25585664,0.0,0.0
2023-10-19 00:00:00+08:00,61.0,61.4,60.9,61.0,11240905,0.0,0.0
2023-10-20 00:00:00+08:00,60.5,61.0,59.1,60.7,24926938,0.0,0.0
2023-10-23 00:00:00+08:00,60.1,60.4,59.6,59.9,17518433,0.0,0.0
2023-10-24 00:00:00+08:00,59.7,60.2,59.6,59.9,10293649,0.0,0.0
2023-10-25 00:00:00+08:00,60.1,60.3,60.0,60.0,6368695,0.0,0.0
2023-10-26 00:00:00+08:00,59.5,60.2,59.3,59.6,9519700,0.0,0.0
2023-10-27 00:00:00+08:00,59.8,60.4,59.7,60.3,5088563,0.0,0.0
2023-10-30 00:00:00+08:00,60.3,60.5,59.6,59.8,11330652,0.0,0.0
2023-10-31 00:00:00+08:00,60.0,60.2,59.7,60.1,10514466,0.0,0.0
2023-11-01 00:00:00+08:00,60.3,60.3,59.9,60.0,11354928,0.0,0.0
2023-11-02 00:00:00+08:00,60.6,61.0,60.4,60.9,13165599,0.0,0.0
2023-11-03 00:00:00+08:00,61.0,61.3,60.6,61.3,9128928,0.0,0.0
2023-11-06 00:00:00+08:00,61.6,61.8,61.2,61.5,10434929,0.0,0.0
2023-11-07 00:00:00+08:00,61.5,61.5,61.1,61.5,5385562,0.0,0.0
2023-11-08 00:00:00+08:00,61.6,61.7,61.2,61.7,7947843,0.0,0.0
2023-11-09 00:00:00+08:00,61.6,61.7,61.4,61.7,3884810,0.0,0.0
2023-11-10 00:00:00+08:00,61.1,61.6,61.1,61.5,3867946,0.0,0.0
2023-11-13 00:00:00+08:00,61.7,61.9,61.4,61.7,7939942,0.0,0.0
2023-11-14 00:00:00+08:00,61.9,61.9,61.5,61.7,10302617,0.0,0.0
2023-11-15 00:00:00+08:00,62.0,62.7,61.9,62.7,25495666,0.0,0.0
2023-11-16 00:00:00+08:00,62.9,63.0,62.6,62.9,13547026,0.0,0.0
2023-11-17 00:00:00+08:00,62.6,63.5,62.5,63.2,15030739,0.0,0.0
2023-11-20 00:00:00+08:00,63.3,63.5,63.0,63.5,13364477,0.0,0.0
2023-11-21 00:00:00+08:00,63.9,64.9,63.8,64.9,32861180,0.0,0.0
2023-11-22 00:00:00+08:00,64.6,64.8,64.2,64.6,11432098,0.0,0.0
2023-11-23 00:00:00+08:00,64.5,64.6,63.8,64.3,7322694,0.0,0.0
2023-11-24 00:00:00+08:00,64.4,64.5,63.7,63.9,7117517,0.0,0.0
2023-11-27 00:00:00+08:00,64.0,64.7,63.4,63.5,9063172,0.0,0.0
2023-11-28 00:00:00+08:00,64.0,64.2,63.4,63.9,11926217,0.0,0.0
2023-11-29 00:00:00+08:00,64.0,64.2,63.5,63.7,12973971,0.0,0.0
2023-11-30 00:00:00+08:00,64.1,64.4,63.7,64.4,25505334,0.0,0.0
2023-12-01 00:00:00+08:00,64.2,64.2,63.6,63.8,10458567,0.0,0.0
2023-12-04 00:00:00+08:00,64.0,64.5,63.8,64.4,9623510,0.0,0.0
2023-12-05 00:00:00+08:00,64.2,64.2,63.6,64.1,11890210,0.0,0.0
2023-12-06 00:00:00+08:00,64.1,64.2,63.6,63.8,8457445,0.0,0.0
2023-12-07 00:00:00+08:00,63.5,63.5,62.5,63.2,19349005,0.0,0.0
2023-12-08 00:00:00+08:00,63.4,63.5,62.8,63.2,13315145,0.0,0.0
2023-12-11 00:00:00+08:00,63.2,63.2,62.7,62.9,8596258,0.0,0.0
2023-12-12 00:00:00+08:00,63.1,63.2,62.7,63.1,8806207,0.0,0.0
2023-12-13 00:00:00+08:00,63.1,63.1,62.7,62.9,7907183,0.0,0.0
2023-12-14 00:00:00+08:00,63.6,65.3,63.3,65.2,55453689,0.0,0.0
2023-12-15 00:00:00+08:00,65.2,65.3,64.8,65.1,29968824,0.0,0.0
2023-12-18 00:00:00+08:00,64.8,64.8,64.1,64.5,11896662,0.0,0.0
2023-12-19 00:00:00+08:00,64.2,64.4,63.6,63.9,10742114,0.0,0.0
2023-12-20 00:00:00+08:00,63.9,64.1,63.6,63.6,14912992,0.0,0.0
2023-12-21 00:00:00+08:00,63.1,63.6,63.1,63.4,9660624,0.0,0.0
2023-12-22 00:00:00+08:00,63.2,63.5,63.1,63.5,7487687,0.0,0.0
2023-12-25 00:00:00+08:00,63.5,63.8,63.4,63.7,6126361,0.0,0.0
2023-12-26 00:00:00+08:00,63.8,64.3,63.6,64.3,8336953,0.0,0.0
2023-12-27 00:00:00+08:00,64.3,64.7,64.1,64.6,7804997,0.0,0.0
2023-12-28 00:00:00+08:00,64.5,64.9,64.4,64.9,8974577,0.0,0.0
2023-12-29 00:00:00+08:00,64.6,64.8,64.4,64.8,10405657,0.0,0.0
2024-01-02 00:00:00+08:00,64.8,64.8,64.2,64.6,5953990,0.0,0.0
2024-01-03 00:00:00+08:00,63.9,64.0,63.3,63.7,13205873,0.0,0.0
2024-01-04 00:00:00+08:00,63.7,63.9,63.3,63.5,9317526,0.0,0.0
2024-01-05 00:00:00+08:00,63.3,63.7,63.1,63.2,12961124,0.0,0.0
2024-01-08 00:00:00+08:00,63.6,65.0,63.6,64.1,21762930,0.0,0.0
2024-01-09 00:00:00+08:00,64.3,64.5,63.8,64.0,7467971,0.0,0.0
2024-01-10 00:00:00+08:00,63.8,64.2,63.7,64.0,7281201,0.0,0.0
2024-01-11 00:00:00+08:00,63.7,64.3,63.6,63.9,7531597,0.0,0.0
2024-01-12 00:00:00+08:00,63.6,64.2,63.6,64.1,6773684,0.0,0.0
2024-01-15 00:00:00+08:00,64.2,64.5,64.0,64.1,7684325,0.0,0.0
2024-01-16 00:00:00+08:00,63.5,63.9,63.0,63.2,19398861,0.0,0.0
2024-01-17 00:00:00+08:00,63.0,63.1,62.2,62.3,32339985,0.0,0.0
2024-01-18 00:00:00+08:00,61.9,62.6,61.9,62.3,18191520,0.0,0.0
2024-01-19 00:00:00+08:00,62.0,63.2,62.0,63.0,12477866,0.0,0.0
2024-01-22 00:00:00+08:00,63.2,63.7,63.0,63.2,9122555,0.0,0.0
2024-01-23 00:00:00+08:00,63.5,63.9,63.4,63.9,8908092,0.0,0.0
2024-01-24 00:00:00+08:00,63.9,64.6,63.9,64.4,12204696,0.0,0.0
2024-01-25 00:00:00+08:00,64.4,64.6,64.2,64.6,8196132,0.0,0.0
2024-01-26 00:00:00+08:00,64.5,64.9,64.5,64.8,13504284,0.0,0.0
2024-01-29 00:00:00+08:00,64.6,64.9,64.6,64.8,8326433,0.0,0.0
2024-01-30 00:00:00+08:00,64.9,65.0,64.0,64.3,13080782,0.0,0.0
2024-01-31 00:00:00+08:00,64.3,64.6,64.1,64.5,10094799,0.0,0.0
2024-02-01 00:00:00+08:00,64.8,64.8,64.4,64.8,10653135,0.0,0.0
2024-02-02 00:00:00+08:00,64.8,64.9,64.4,64.9,7670467,0.0,0.0
2024-02-05 00:00:00+08:00,64.1,65.0,64.0,64.7,12016201,0.0,0.0
2024-02-15 00:00:00+08:00,65.5,65.8,65.0,65.3,21826877,0.0,0.0
2024-02-16 00:00:00+08:00,65.5,66.0,65.2,65.9,16223930,0.0,0.0
2024-02-19 00:00:00+08:00,66.0,66.4,65.8,66.1,11836474,0.0,0.0
2024-02-20 00:00:00+08:00,66.0,66.5,65.8,66.5,13742640,0.0,0.0
2024-02-21 00:00:00+08:00,66.5,66.5,65.9,66.3,9928203,0.0,0.0
2024-02-22 00:00:00+08:00,66.3,66.6,66.1,66.5,8448292,0.0,0.0
2024-02-23 00:00:00+08:00,66.8,66.8,66.5,66.6,9608551,0.0,0.0
2024-02-26 00:00:00+08:00,66.3,67.0,66.3,66.9,10909160,0.0,0.0
2024-02-27 00:00:00+08:00,66.9,67.3,66.5,66.9,10836393,0.0,0.0
2024-02-29 00:00:00+08:00,66.6,68.3,66.5,68.0,22603950,0.0,0.0
2024-03-01 00:00:00+08:00,67.8,67.9,67.2,67.4,11031029,0.0,0.0
2024-03-04 00:00:00+08:00,67.0,67.8,67.0,67.4,8155508,0.0,0.0
2024-03-05 00:00:00+08:00,67.2,67.5,67.2,67.3,9301181,0.0,0.0
2024-03-06 00:00:00+08:00,67.2,67.7,67.1,67.3,8013824,0.0,0.0
2024-03-07 00:00:00+08:00,67.3,68.4,67.3,68.1,17191727,0.0,0.0
2024-03-08 00:00:00+08:00,67.8,69.2,67.8,69.2,25408810,0.0,0.0
2024-03-11 00:00:00+08:00,69.3,70.0,69.0,69.2,16329090,0.0,0.0
2024-03-12 00:00:00+08:00,69.5,69.9,69.3,69.7,15254232,0.0,0.0
2024-03-13 00:00:00+08:00,69.2,69.9,69.1,69.9,18834589,0.0,0.0
2024-03-14 00:00:00+08:00,69.9,70.7,69.8,70.7,28831185,0.0,0.0
2024-03-15 00:00:00+08:00,70.3,70.4,69.2,69.6,36969586,0.0,0.0
2024-03-18 00:00:00+08:00,69.5,69.9,69.0,69.5,14039183,0.0,0.0
2024-03-19 00:00:00+08:00,69.0,70.2,69.0,69.8,14573707,0.0,0.0
2024-03-20 00:00:00+08:00,69.9,70.3,69.3,69.6,16170851,0.0,0.0
2024-03-21 00:00:00+08:00,69.9,70.9,69.8,70.7,19912407,0.0,0.0
2024-03-22 00:00:00+08:00,70.7,71.4,69.2,69.6,19835333,0.0,0.0
2024-03-25 00:00:00+08:00,69.5,69.8,68.9,69.0,17825291,0.0,0.0
2024-03-26 00:00:00+08:00,69.0,69.6,69.0,69.6,9542485,0.0,0.0
2024-03-27 00:00:00+08:00,69.6,69.9,69.2,69.8,7327213,0.0,0.0
2024-03-28 00:00:00+08:00,69.6,69.8,69.1,69.3,11219192,0.0,0.0
2024-03-29 00:00:00+08:00,69.1,69.9,69.0,69.7,6835000,0.0,0.0
2024-04-01 00:00:00+08:00,69.8,70.0,69.4,69.5,8636839,0.0,0.0
2024-04-02 00:00:00+08:00,69.4,69.7,69.2,69.5,7299679,0.0,0.0
2024-04-03 00:00:00+08:00,69.4,69.5,68.6,68.6,15988888,0.0,0.0
2024-04-08 00:00:00+08:00,68.0,68.9,68.0,68.7,10567546,0.0,0.0
2024-04-09 00:00:00+08:00,68.7,70.0,68.7,70.0,12435399,0.0,0.0
2024-04-10 00:00:00+08:00,69.9,70.0,69.2,69.2,10195997,0.0,0.0
2024-04-11 00:00:00+08:00,68.6,69.2,68.1,68.4,21143888,0.0,0.0
2024-04-12 00:00:00+08:00,68.0,68.2,67.8,67.8,18364863,0.0,0.0
2024-04-15 00:00:00+08:00,67.3,68.0,67.0,67.4,15026603,0.0,0.0
2024-04-16 00:00:00+08:00,67.0,67.2,65.6,65.7,25094490,0.0,0.0
2024-04-17 00:00:00+08:00,65.8,66.4,65.5,66.0,16231364,0.0,0.0
2024-04-18 00:00:00+08:00,66.0,66.7,65.5,66.3,16802357,0.0,0.0
2024-04-19 00:00:00+08:00,65.9,66.1,64.2,65.0,28939230,0.0,0.0
2024-04-22 00:00:00+08:00,65.3,66.5,65.3,66.2,15854752,0.0,0.0
2024-04-23 00:00:00+08:00,66.5,66.7,66.1,66.3,10743161,0.0,0.0
2024-04-24 00:00:00+08:00,66.9,67.4,66.7,66.8,9740843,0.0,0.0
2024-04-25 00:00:00+08:00,66.5,66.7,66.1,66.4,11333469,0.0,0.0
2024-04-26 00:00:00+08:00,67.3,68.3,67.1,67.6,18314666,0.0,0.0
2024-04-29 00:00:00+08:00,68.2,69.7,68.1,69.4,22439106,0.0,0.0
2024-04-30 00:00:00+08:00,69.1,69.8,69.1,69.1,13842067,0.0,0.0
2024-05-02 00:00:00+08:00,69.3,69.8,69.0,69.0,14570263,0.0,0.0
2024-05-03 00:00:00+08:00,69.1,69.6,68.9,69.0,9355757,0.0,0.0
2024-05-06 00:00:00+08:00,69.1,70.2,69.1,70.0,18272109,0.0,0.0
2024-05-07 00:00:00+08:00,70.2,70.2,69.3,69.9,13915153,0.0,0.0
2024-05-08 00:00:00+08:00,70.0,70.1,69.5,69.9,10306731,0.0,0.0
2024-05-09 00:00:00+08:00,69.8,70.6,69.6,69.9,19453077,0.0,0.0
2024-05-10 00:00:00+08:00,70.3,71.8,70.3,71.8,36713706,0.0,0.0
2024-05-13 00:00:00+08:00,72.0,72.0,70.9,71.5,18215320,0.0,0.0
2024-05-14 00:00:00+08:00,71.6,71.7,71.0,71.2,15022275,0.0,0.0
2024-05-15 00:00:00+08:00,71.6,74.1,71.5,73.8,51340312,0.0,0.0
2024-05-16 00:00:00+08:00,74.2,75.8,73.6,73.9,45220483,0.0,0.0
2024-05-17 00:00:00+08:00,74.2,75.0,74.0,74.6,23484791,0.0,0.0
2024-05-20 00:00:00+08:00,75.0,75.0,73.2,73.8,14992897,0.0,0.0
2024-05-21 00:00:00+08:00,73.4,73.5,72.4,72.9,15452775,0.0,0.0
2024-05-22 00:00:00+08:00,72.9,73.7,72.8,73.5,11726999,0.0,0.0
2024-05-23 00:00:00+08:00,72.6,72.9,72.2,72.5,12663222,0.0,0.0
2024-05-24 00:00:00+08:00,72.3,73.8,72.3,73.3,20618791,0.0,0.0
2024-05-27 00:00:00+08:00,73.1,73.7,72.9,73.5,14157165,0.0,0.0
2024-05-28 00:00:00+08:00,73.6,74.2,73.1,73.8,11226786,0.0,0.0
2024-05-29 00:00:00+08:00,74.0,74.0,72.3,72.4,23494805,0.0,0.0
2024-05-30 00:00:00+08:00,71.9,72.9,71.8,71.9,20685297,0.0,0.0
2024-05-31 00:00:00+08:00,72.7,73.5,72.5,73.4,31874574,0.0,0.0
2024-06-03 00:00:00+08:00,73.4,73.8,73.1,73.8,9091680,0.0,0.0
2024-06-04 00:00:00+08:00,73.0,73.7,72.8,73.6,11705520,0.0,0.0
2024-06-05 00:00:00+08:00,73.4,74.3,73.3,74.0,15053901,0.0,0.0
2024-06-06 00:00:00+08:00,74.0,75.2,73.8,75.2,20946033,0.0,0.0
2024-06-07 00:00:00+08:00,75.4,76.0,75.1,76.0,20817060,0.0,0.0
2024-06-11 00:00:00+08:00,77.5,77.8,76.7,77.3,26262683,0.0,0.0
2024-06-12 00:00:00+08:00,76.9,77.0,75.8,76.0,19813225,0.0,0.0
2024-06-13 00:00:00+08:00,76.4,76.8,76.0,76.2,13854813,0.0,0.0
2024-06-14 00:00:00+08:00,76.5,76.9,76.1,76.9,12650092,0.0,0.0
2024-06-17 00:00:00+08:00,77.0,77.0,75.8,76.0,12047840,0.0,0.0
2024-06-18 00:00:00+08:00,76.6,77.0,76.2,77.0,12351830,0.0,0.0
2024-06-19 00:00:00+08:00,77.0,78.0,76.6,77.8,18734487,0.0,0.0
2024-06-20 00:00:00+08:00,78.0,78.0,77.0,78.0,15669809,0.0,0.0
2024-06-21 00:00:00+08:00,77.7,78.5,77.6,78.3,24503690,0.0,0.0
2024-06-24 00:00:00+08:00,78.5,78.8,77.5,78.1,19574129,0.0,0.0
2024-06-25 00:00:00+08:00,78.5,78.6,77.8,78.5,12475606,0.0,0.0
2024-06-26 00:00:00+08:00,78.2,78.7,77.6,77.8,16235653,0.0,0.0
2024-06-27 00:00:00+08:00,77.1,78.4,76.8,78.4,13213103,0.0,0.0
2024-06-28 00:00:00+08:00,78.4,79.8,78.1,79.3,27880731,0.0,0.0
2024-07-01 00:00:00+08:00,79.8,80.7,79.5,80.4,18717131,0.0,0.0
2024-07-02 00:00:00+08:00,80.4,81.2,79.8,81.0,23573066,0.0,0.0
2024-07-03 00:00:00+08:00,81.3,83.4,81.3,83.3,31363745,0.0,0.0
2024-07-04 00:00:00+08:00,83.8,84.4,83.1,83.7,18796003,0.0,0.0
2024-07-05 00:00:00+08:00,83.7,85.0,83.7,84.9,21594076,0.0,0.0
2024-07-08 00:00:00+08:00,85.1,86.1,84.5,86.0,23179958,0.0,0.0
2024-07-09 00:00:00+08:00,86.0,86.5,85.0,86.0,19869048,0.0,0.0
2024-07-10 00:00:00+08:00,87.7,90.5,87.6,89.1,39365371,0.0,0.0
2024-07-11 00:00:00+08:00,89.9,93.6,89.5,92.4,49363366,0.0,0.0
2024-07-12 00:00:00+08:00,93.0,93.2,91.0,91.9,35386136,0.0,0.0
2024-07-15 00:00:00+08:00,92.7,92.7,89.8,90.9,31270511,0.0,0.0
2024-07-16 00:00:00+08:00,91.5,92.0,90.7,91.7,25926099,0.0,0.0
2024-07-17 00:00:00+08:00,92.9,92.9,90.6,91.0,32374241,0.0,0.0
2024-07-18 00:00:00+08:00,90.4,90.5,88.5,89.9,46679088,0.0,0.0
2024-07-19 00:00:00+08:00,87.3,88.3,85.0,86.1,53308018,0.0,0.0
2024-07-22 00:00:00+08:00,85.7,85.8,82.5,82.6,43650805,0.0,0.0
2024-07-23 00:00:00+08:00,83.9,85.5,83.9,85.5,20391358,0.0,0.0
2024-07-24 00:00:00+08:00,85.5,85.5,85.5,85.5,0,0.0,0.0
2024-07-26 00:00:00+08:00,83.8,85.4,82.5,84.9,17162736,0.0,0.0
2024-07-29 00:00:00+08:00,86.0,87.7,86.0,87.2,25686674,0.0,0.0
2024-07-30 00:00:00+08:00,86.7,86.8,85.5,86.5,13967759,0.0,0.0
2024-07-31 00:00:00+08:00,85.9,89.2,85.8,88.2,21774763,0.0,0.0
2024-08-01 00:00:00+08:00,89.0,89.7,87.8,88.2,21250411,0.0,0.0
2024-08-02 00:00:00+08:00,86.1,87.2,84.6,86.9,20975807,0.0,0.0
2024-08-05 00:00:00+08:00,84.6,84.6,79.0,79.0,45986169,0.0,0.0
2024-08-06 00:00:00+08:00,82.0,82.5,77.2,80.7,32616051,0.0,0.0
2024-08-07 00:00:00+08:00,80.9,83.0,80.9,82.3,16403552,0.0,0.0
2024-08-08 00:00:00+08:00,81.5,84.4,81.4,82.9,16059191,0.0,0.0
2024-08-09 00:00:00+08:00,85.2,87.3,84.5,86.7,23505989,0.0,0.0
