Date,Open,High,Low,Close,Volume,Dividends,Stock Splits
2001-12-31 00:00:00+08:00,5.64,5.91,5.64,5.83,143948838,0.0,0.0
2002-01-01 00:00:00+08:00,5.83,5.83,5.83,5.83,0,0.0,0.0
2002-01-02 00:00:00+08:00,5.74,5.93,5.69,5.83,153752547,0.0,0.0
2002-01-04 00:00:00+08:00,5.98,5.98,5.83,5.88,111596395,0.0,0.0
2002-01-07 00:00:00+08:00,5.91,5.96,5.86,5.91,116640846,0.0,0.0
2002-01-08 00:00:00+08:00,5.96,6.03,5.88,5.88,147363925,0.0,0.0
2002-01-09 00:00:00+08:00,5.96,6.06,5.88,5.88,177283176,0.0,0.0
2002-01-10 00:00:00+08:00,5.91,6.01,5.83,5.88,113218445,0.0,0.0
2002-01-11 00:00:00+08:00,5.93,5.98,5.66,5.76,144888012,0.0,0.0
2002-01-14 00:00:00+08:00,5.71,5.81,5.51,5.64,91267146,0.0,0.0
2002-01-15 00:00:00+08:00,5.54,5.64,5.26,5.51,109649811,0.0,0.0
2002-01-16 00:00:00+08:00,5.46,5.56,5.36,5.51,109294232,0.0,0.0
2002-01-17 00:00:00+08:00,5.36,5.51,5.36,5.51,60979239,0.0,0.0
2002-01-18 00:00:00+08:00,5.64,5.69,5.46,5.51,83793606,0.0,0.0
2002-01-21 00:00:00+08:00,5.46,5.66,5.41,5.56,117657446,0.0,0.0
2002-01-22 00:00:00+08:00,5.61,5.64,5.46,5.46,74793379,0.0,0.0
2002-01-23 00:00:00+08:00,5.46,5.61,5.44,5.56,111522709,0.0,0.0
2002-01-24 00:00:00+08:00,5.56,5.64,5.46,5.49,67150684,0.0,0.0
2002-01-25 00:00:00+08:00,5.54,5.69,5.54,5.64,162203818,0.0,0.0
2002-01-28 00:00:00+08:00,5.69,5.71,5.56,5.56,80453022,0.0,0.0
2002-01-29 00:00:00+08:00,5.59,5.61,5.46,5.56,71328665,0.0,0.0
2002-01-30 00:00:00+08:00,5.46,5.54,5.46,5.49,53630957,0.0,0.0
2002-01-31 00:00:00+08:00,5.49,5.49,5.49,5.49,0,0.0,0.0
2002-02-01 00:00:00+08:00,5.59,5.61,5.49,5.49,48395809,0.0,0.0
2002-02-04 00:00:00+08:00,5.51,5.56,5.41,5.44,40904205,0.0,0.0
2002-02-05 00:00:00+08:00,5.39,5.44,5.34,5.34,38265814,0.0,0.0
2002-02-06 00:00:00+08:00,5.36,5.49,5.36,5.39,69647729,0.0,0.0
2002-02-07 00:00:00+08:00,5.39,5.39,5.39,5.39,0,0.0,0.0
2002-02-18 00:00:00+08:00,5.46,5.49,5.34,5.44,56354244,0.0,0.0
2002-02-19 00:00:00+08:00,5.44,5.49,5.34,5.36,55590429,0.0,0.0
2002-02-20 00:00:00+08:00,5.36,5.41,5.19,5.31,81728108,0.0,0.0
2002-02-21 00:00:00+08:00,5.31,5.34,5.16,5.24,54734326,0.0,0.0
2002-02-22 00:00:00+08:00,5.19,5.34,5.19,5.34,68126427,0.0,0.0
2002-02-25 00:00:00+08:00,5.41,5.41,5.19,5.36,55495092,0.0,0.0
2002-02-26 00:00:00+08:00,5.39,5.46,5.26,5.26,74508037,0.0,0.0
2002-02-27 00:00:00+08:00,5.26,5.34,5.24,5.26,58246889,0.0,0.0
2002-02-28 00:00:00+08:00,5.26,5.26,5.26,5.26,0,0.0,0.0
2002-03-01 00:00:00+08:00,5.26,5.26,5.11,5.11,44794079,0.0,0.0
2002-03-04 00:00:00+08:00,5.19,5.39,5.16,5.39,94776707,0.0,0.0
2002-03-05 00:00:00+08:00,5.49,5.51,5.34,5.39,81884888,0.0,0.0
2002-03-06 00:00:00+08:00,5.39,5.51,5.34,5.49,101012928,0.0,0.0
2002-03-07 00:00:00+08:00,5.59,5.76,5.54,5.74,204918086,0.0,0.0
2002-03-08 00:00:00+08:00,5.79,5.83,5.64,5.69,122782273,0.0,0.0
2002-03-11 00:00:00+08:00,5.76,5.91,5.66,5.91,178157077,0.0,0.0
2002-03-12 00:00:00+08:00,5.96,6.06,5.88,6.01,196258930,0.0,0.0
2002-03-13 00:00:00+08:00,6.01,6.03,5.86,5.86,103263182,0.0,0.0
2002-03-14 00:00:00+08:00,5.81,5.93,5.79,5.86,58957151,0.0,0.0
2002-03-15 00:00:00+08:00,5.91,5.93,5.79,5.79,64949808,0.0,0.0
2002-03-18 00:00:00+08:00,5.86,5.86,5.76,5.76,49034707,0.0,0.0
2002-03-19 00:00:00+08:00,5.83,5.86,5.71,5.71,43383661,0.0,0.0
2002-03-20 00:00:00+08:00,5.76,5.86,5.69,5.86,54624797,0.0,0.0
2002-03-21 00:00:00+08:00,5.76,5.86,5.71,5.86,44198077,0.0,0.0
2002-03-22 00:00:00+08:00,5.91,6.06,5.86,6.06,160104030,0.0,0.0
2002-03-25 00:00:00+08:00,6.08,6.21,6.06,6.21,160429702,0.0,0.0
2002-03-26 00:00:00+08:00,6.11,6.16,5.98,5.98,60054473,0.0,0.0
2002-03-27 00:00:00+08:00,6.06,6.21,5.96,6.11,138403994,0.0,0.0
2002-03-28 00:00:00+08:00,6.11,6.13,5.91,5.98,63437610,0.0,0.0
2002-03-29 00:00:00+08:00,6.08,6.08,5.91,5.93,46654079,0.0,0.0
2002-04-01 00:00:00+08:00,5.71,5.93,5.71,5.93,46107800,0.0,0.0
2002-04-02 00:00:00+08:00,5.91,6.01,5.86,5.86,51062000,0.0,0.0
2002-04-03 00:00:00+08:00,5.76,5.98,5.76,5.98,61608051,0.0,0.0
2002-04-04 00:00:00+08:00,6.03,6.13,5.91,5.91,88535735,0.0,0.0
2002-04-05 00:00:00+08:00,5.91,5.91,5.91,5.91,0,0.0,0.0
2002-04-08 00:00:00+08:00,5.96,6.13,5.96,6.01,83347379,0.0,0.0
2002-04-09 00:00:00+08:00,6.03,6.03,5.74,5.76,60239000,0.0,0.0
2002-04-10 00:00:00+08:00,5.76,5.91,5.71,5.91,45168894,0.0,0.0
2002-04-11 00:00:00+08:00,5.86,5.91,5.79,5.91,40499268,0.0,0.0
2002-04-12 00:00:00+08:00,5.79,5.91,5.79,5.91,27569459,0.0,0.0
2002-04-15 00:00:00+08:00,5.93,6.01,5.83,5.91,42911712,0.0,0.0
2002-04-16 00:00:00+08:00,5.91,6.01,5.91,5.91,63795968,0.0,0.0
2002-04-17 00:00:00+08:00,5.98,6.11,5.96,6.06,163940730,0.0,0.0
2002-04-18 00:00:00+08:00,6.08,6.31,6.08,6.21,202428837,0.0,0.0
2002-04-19 00:00:00+08:00,6.26,6.63,6.26,6.63,377823592,0.0,0.0
2002-04-22 00:00:00+08:00,6.41,6.46,6.26,6.46,158243732,0.0,0.0
2002-04-23 00:00:00+08:00,6.41,6.46,6.21,6.26,96793911,0.0,0.0
2002-04-24 00:00:00+08:00,6.26,6.26,6.13,6.23,92771025,0.0,0.0
2002-04-25 00:00:00+08:00,6.26,6.41,6.08,6.21,176974769,0.0,0.0
2002-04-26 00:00:00+08:00,6.21,6.23,6.08,6.18,62027232,0.0,0.0
2002-04-29 00:00:00+08:00,6.13,6.18,6.08,6.13,58232713,0.0,0.0
2002-04-30 00:00:00+08:00,6.13,6.18,5.96,6.01,72430597,0.0,0.0
2002-05-01 00:00:00+08:00,6.01,6.01,6.01,6.01,0,0.0,0.0
2002-05-02 00:00:00+08:00,6.08,6.08,5.86,5.93,67810652,0.0,0.0
2002-05-03 00:00:00+08:00,5.88,5.98,5.79,5.93,42734493,0.0,0.0
2002-05-06 00:00:00+08:00,5.88,5.91,5.64,5.71,65216839,0.0,0.0
2002-05-07 00:00:00+08:00,5.61,5.71,5.59,5.59,41071769,0.0,0.0
2002-05-08 00:00:00+08:00,5.66,5.74,5.61,5.64,40702204,0.0,0.0
2002-05-09 00:00:00+08:00,5.79,5.79,5.64,5.66,36580925,0.0,0.0
2002-05-10 00:00:00+08:00,5.66,5.76,5.61,5.74,34950994,0.0,0.0
2002-05-13 00:00:00+08:00,5.71,5.71,5.64,5.66,17227797,0.0,0.0
2002-05-14 00:00:00+08:00,5.69,5.76,5.59,5.74,42553289,0.0,0.0
2002-05-15 00:00:00+08:00,5.71,5.81,5.69,5.74,37327387,0.0,0.0
2002-05-16 00:00:00+08:00,5.76,5.79,5.61,5.61,41867742,0.0,0.0
2002-05-17 00:00:00+08:00,5.66,5.71,5.59,5.71,37286200,0.0,0.0
2002-05-20 00:00:00+08:00,5.66,5.66,5.41,5.41,39860814,0.0,0.0
2002-05-21 00:00:00+08:00,5.41,5.46,5.26,5.26,37591157,0.0,0.0
2002-05-22 00:00:00+08:00,5.26,5.39,5.26,5.31,36934502,0.0,0.0
2002-05-23 00:00:00+08:00,5.36,5.36,5.29,5.29,29191408,0.0,0.0
2002-05-24 00:00:00+08:00,5.34,5.51,5.31,5.44,67441469,0.0,0.0
2002-05-27 00:00:00+08:00,5.36,5.66,5.36,5.61,61160255,0.0,0.0
2002-05-28 00:00:00+08:00,5.64,5.64,5.46,5.46,40836515,0.0,0.0
2002-05-29 00:00:00+08:00,5.41,5.46,5.36,5.39,26221041,0.0,0.0
2002-05-30 00:00:00+08:00,5.41,5.61,5.41,5.59,72319404,0.0,0.0
2002-05-31 00:00:00+08:00,5.71,5.71,5.54,5.69,67626250,0.0,0.0
2002-06-03 00:00:00+08:00,5.64,5.64,5.46,5.49,42728123,0.0,0.0
2002-06-04 00:00:00+08:00,5.36,5.56,5.36,5.51,25149024,0.0,0.0
2002-06-05 00:00:00+08:00,5.56,5.66,5.56,5.56,32989753,0.0,0.0
2002-06-06 00:00:00+08:00,5.64,5.66,5.59,5.61,28280529,0.0,0.0
2002-06-07 00:00:00+08:00,5.56,5.69,5.51,5.51,40840601,0.0,0.0
2002-06-10 00:00:00+08:00,5.59,5.61,5.54,5.56,18053403,0.0,0.0
2002-06-11 00:00:00+08:00,5.61,5.69,5.51,5.51,31252996,0.0,0.0
2002-06-12 00:00:00+08:00,5.54,5.59,5.51,5.54,16113988,0.0,0.0
2002-06-13 00:00:00+08:00,5.59,5.76,5.56,5.71,81344595,0.0,0.0
2002-06-14 00:00:00+08:00,5.74,5.91,5.74,5.76,101476038,0.0,0.0
2002-06-17 00:00:00+08:00,5.76,5.93,5.71,5.93,73970308,0.0,0.0
2002-06-18 00:00:00+08:00,6.03,6.06,5.79,5.79,74311224,0.0,0.0
2002-06-19 00:00:00+08:00,5.86,5.86,5.66,5.81,74384168,0.0,0.0
2002-06-20 00:00:00+08:00,5.76,6.01,5.69,6.01,69724035,0.0,0.0
2002-06-21 00:00:00+08:00,5.96,6.01,5.86,5.98,80622646,0.0,0.0
2002-06-24 00:00:00+08:00,5.98,6.08,5.86,6.08,61147204,0.0,0.0
2002-06-25 00:00:00+08:00,6.06,6.08,5.76,5.96,91152059,0.0,0.0
2002-06-26 00:00:00+08:00,5.81,5.86,5.66,5.69,73436752,0.0,0.0
2002-06-27 00:00:00+08:00,5.74,5.76,5.59,5.59,49053218,0.0,0.0
2002-06-28 00:00:00+08:00,5.66,5.74,5.64,5.66,31050301,0.0,0.0
2002-07-01 00:00:00+08:00,5.66,5.66,5.41,5.44,30179868,0.0,0.0
2002-07-02 00:00:00+08:00,5.44,5.56,5.44,5.54,22003580,0.0,0.0
2002-07-03 00:00:00+08:00,5.46,5.64,5.41,5.56,32026076,0.0,0.0
2002-07-04 00:00:00+08:00,5.59,5.64,5.51,5.59,21972947,0.0,0.0
2002-07-05 00:00:00+08:00,5.59,5.64,5.46,5.54,38418914,0.0,0.0
2002-07-08 00:00:00+08:00,5.59,5.66,5.54,5.59,51744287,0.0,0.0
2002-07-09 00:00:00+08:00,5.59,5.64,5.54,5.54,21285582,0.0,0.0
2002-07-10 00:00:00+08:00,5.51,5.54,5.46,5.46,22618343,0.0,0.0
2002-07-11 00:00:00+08:00,5.41,5.51,5.41,5.41,24327497,0.0,0.0
2002-07-12 00:00:00+08:00,5.46,5.56,5.46,5.54,31311404,0.0,0.0
2002-07-15 00:00:00+08:00,5.54,5.56,5.49,5.49,19809114,0.0,0.0
2002-07-16 00:00:00+08:00,5.51,5.56,5.46,5.46,23296727,0.0,0.0
2002-07-17 00:00:00+08:00,5.46,5.51,5.41,5.41,22335031,0.0,0.0
2002-07-18 00:00:00+08:00,5.46,5.49,5.41,5.41,18116728,0.0,0.0
2002-07-19 00:00:00+08:00,5.41,5.44,5.39,5.41,30092335,0.0,0.0
2002-07-22 00:00:00+08:00,5.36,5.39,5.16,5.19,42077657,0.0,0.0
2002-07-23 00:00:00+08:00,5.11,5.26,5.09,5.26,37351390,0.0,0.0
2002-07-24 00:00:00+08:00,5.11,5.19,5.09,5.09,33892967,0.0,0.0
2002-07-25 00:00:00+08:00,5.19,5.21,5.11,5.11,26081512,0.0,0.0
2002-07-26 00:00:00+08:00,5.11,5.11,5.02,5.04,33001289,0.0,0.0
2002-07-29 00:00:00+08:00,5.04,5.19,5.04,5.07,22915027,0.0,0.0
2002-07-30 00:00:00+08:00,5.19,5.24,5.11,5.21,49708902,0.0,0.0
2002-07-31 00:00:00+08:00,5.21,5.24,5.14,5.14,28681269,0.0,0.0
2002-08-01 00:00:00+08:00,5.16,5.24,5.11,5.16,25166434,0.0,0.0
2002-08-02 00:00:00+08:00,5.14,5.14,5.09,5.11,22127280,0.0,0.0
2002-08-05 00:00:00+08:00,4.87,4.97,4.77,4.77,53094572,0.0,0.0
2002-08-06 00:00:00+08:00,4.74,4.84,4.72,4.74,26230961,0.0,0.0
2002-08-07 00:00:00+08:00,4.84,4.87,4.79,4.84,24219558,0.0,0.0
2002-08-08 00:00:00+08:00,4.87,4.89,4.79,4.79,24459022,0.0,0.0
2002-08-09 00:00:00+08:00,4.84,4.99,4.84,4.97,32494448,0.0,0.0
2002-08-12 00:00:00+08:00,4.97,5.16,4.97,5.07,48632541,0.0,0.0
2002-08-13 00:00:00+08:00,5.07,5.09,4.94,4.97,21190237,0.0,0.0
2002-08-14 00:00:00+08:00,4.92,5.02,4.92,4.97,19639243,0.0,0.0
2002-08-15 00:00:00+08:00,5.04,5.11,4.99,5.04,34060567,0.0,0.0
2002-08-16 00:00:00+08:00,5.09,5.11,5.02,5.09,28048265,0.0,0.0
2002-08-19 00:00:00+08:00,5.04,5.09,5.02,5.09,16240660,0.0,0.0
2002-08-20 00:00:00+08:00,5.09,5.14,5.04,5.07,19073540,0.0,0.0
2002-08-21 00:00:00+08:00,5.04,5.07,4.97,4.97,18662114,0.0,0.0
2002-08-22 00:00:00+08:00,5.04,5.11,5.02,5.09,28156316,0.0,0.0
2002-08-23 00:00:00+08:00,5.09,5.09,5.09,5.09,0,0.0,0.0
2002-08-26 00:00:00+08:00,5.02,5.04,4.99,5.02,13890100,0.0,0.0
2002-08-27 00:00:00+08:00,5.02,5.07,4.99,4.99,13658853,0.0,0.0
2002-08-28 00:00:00+08:00,4.99,5.02,4.97,4.97,16372228,0.0,0.0
2002-08-29 00:00:00+08:00,4.97,4.99,4.92,4.97,24575810,0.0,0.0
2002-08-30 00:00:00+08:00,4.97,4.97,4.89,4.92,22878399,0.0,0.0
2002-09-02 00:00:00+08:00,4.92,4.92,4.77,4.77,22937998,0.0,0.0
2002-09-03 00:00:00+08:00,4.74,4.79,4.72,4.72,22463858,0.0,0.0
2002-09-04 00:00:00+08:00,4.64,4.74,4.62,4.67,23953120,0.0,0.0
2002-09-05 00:00:00+08:00,4.67,4.72,4.49,4.49,39697746,0.0,0.0
2002-09-06 00:00:00+08:00,4.49,4.49,4.49,4.49,0,0.0,0.0
2002-09-09 00:00:00+08:00,4.49,4.57,4.47,4.52,21705428,0.0,0.0
2002-09-10 00:00:00+08:00,4.52,4.59,4.49,4.59,23885573,0.0,0.0
2002-09-11 00:00:00+08:00,4.59,4.62,4.54,4.54,15301706,0.0,0.0
2002-09-12 00:00:00+08:00,4.54,4.62,4.52,4.54,18431770,0.0,0.0
2002-09-13 00:00:00+08:00,4.52,4.54,4.49,4.52,15555358,0.0,0.0
2002-09-16 00:00:00+08:00,4.49,4.52,4.39,4.39,30163534,0.0,0.0
2002-09-17 00:00:00+08:00,4.39,4.49,4.32,4.47,46028544,0.0,0.0
2002-09-18 00:00:00+08:00,4.39,4.39,4.35,4.37,23439914,0.0,0.0
2002-09-19 00:00:00+08:00,4.37,4.44,4.35,4.39,17574023,0.0,0.0
2002-09-20 00:00:00+08:00,4.37,4.39,4.32,4.37,25081061,0.0,0.0
2002-09-23 00:00:00+08:00,4.37,4.47,4.37,4.37,57017686,0.0,0.0
2002-09-24 00:00:00+08:00,4.37,4.37,4.37,4.37,0,0.0,0.0
2002-09-25 00:00:00+08:00,5.44,5.46,5.16,5.18,21520679,0.0,0.0
2002-09-26 00:00:00+08:00,5.23,5.27,5.16,5.18,19336382,0.0,0.0
2002-09-27 00:00:00+08:00,5.19,5.23,4.97,4.97,25231957,0.0,0.0
2002-09-30 00:00:00+08:00,4.82,4.82,4.63,4.69,29324459,0.0,0.0
2002-10-01 00:00:00+08:00,4.54,4.75,4.54,4.65,22869007,0.0,0.0
2002-10-02 00:00:00+08:00,4.82,4.84,4.71,4.71,20267081,0.0,0.0
2002-10-03 00:00:00+08:00,4.63,4.67,4.56,4.56,13237822,0.0,0.0
2002-10-04 00:00:00+08:00,4.52,4.71,4.5,4.63,19890941,0.0,0.0
2002-10-07 00:00:00+08:00,4.63,4.63,4.52,4.52,13260086,0.0,0.0
2002-10-08 00:00:00+08:00,4.52,4.65,4.52,4.6,15838795,0.0,0.0
2002-10-09 00:00:00+08:00,4.63,4.71,4.6,4.6,14880204,0.0,0.0
2002-10-10 00:00:00+08:00,4.6,4.6,4.6,4.6,0,0.0,0.0
2002-10-11 00:00:00+08:00,4.63,4.67,4.56,4.58,20046332,0.0,0.0
2002-10-14 00:00:00+08:00,4.58,4.63,4.54,4.56,15875408,0.0,0.0
2002-10-15 00:00:00+08:00,4.6,4.86,4.6,4.84,70110224,0.0,0.0
2002-10-16 00:00:00+08:00,4.93,4.97,4.75,4.84,49850793,0.0,0.0
2002-10-17 00:00:00+08:00,4.78,4.9,4.78,4.8,37033784,0.0,0.0
2002-10-18 00:00:00+08:00,4.86,5.06,4.86,5.05,55515546,0.0,0.0
2002-10-21 00:00:00+08:00,5.05,5.08,4.93,4.97,44149600,0.0,0.0
2002-10-22 00:00:00+08:00,5.01,5.19,4.95,4.95,44379266,0.0,0.0
2002-10-23 00:00:00+08:00,5.01,5.18,4.95,5.16,45811158,0.0,0.0
2002-10-24 00:00:00+08:00,5.21,5.27,5.05,5.06,51399805,0.0,0.0
2002-10-25 00:00:00+08:00,5.03,5.14,5.01,5.03,25058116,0.0,0.0
2002-10-28 00:00:00+08:00,5.06,5.33,5.06,5.21,75074982,0.0,0.0
2002-10-29 00:00:00+08:00,5.25,5.27,5.12,5.18,25467850,0.0,0.0
2002-10-30 00:00:00+08:00,5.01,5.1,4.93,5.03,51723261,0.0,0.0
2002-10-31 00:00:00+08:00,5.05,5.12,5.01,5.03,27401117,0.0,0.0
2002-11-01 00:00:00+08:00,5.03,5.12,4.9,4.91,27801505,0.0,0.0
2002-11-04 00:00:00+08:00,4.97,5.12,4.97,5.05,37304976,0.0,0.0
2002-11-05 00:00:00+08:00,5.08,5.08,4.97,4.99,16802975,0.0,0.0
2002-11-06 00:00:00+08:00,5.05,5.14,5.01,5.12,40890223,0.0,0.0
2002-11-07 00:00:00+08:00,5.19,5.21,5.12,5.16,46430662,0.0,0.0
2002-11-08 00:00:00+08:00,5.12,5.31,5.12,5.29,57035463,0.0,0.0
2002-11-11 00:00:00+08:00,5.33,5.33,5.1,5.1,31590735,0.0,0.0
2002-11-12 00:00:00+08:00,5.05,5.18,5.05,5.14,22821858,0.0,0.0
2002-11-13 00:00:00+08:00,5.14,5.18,5.08,5.1,21618408,0.0,0.0
2002-11-14 00:00:00+08:00,5.16,5.19,5.1,5.1,29617021,0.0,0.0
2002-11-15 00:00:00+08:00,5.19,5.46,5.19,5.46,94521703,0.0,0.0
2002-11-18 00:00:00+08:00,5.61,5.83,5.61,5.72,194250996,0.0,0.0
2002-11-19 00:00:00+08:00,5.72,5.72,5.36,5.57,68527825,0.0,0.0
2002-11-20 00:00:00+08:00,5.59,5.76,5.53,5.61,105663391,0.0,0.0
2002-11-21 00:00:00+08:00,5.72,5.72,5.42,5.42,48037833,0.0,0.0
2002-11-22 00:00:00+08:00,5.53,5.72,5.53,5.61,56738457,0.0,0.0
2002-11-25 00:00:00+08:00,5.59,5.59,5.34,5.46,34891240,0.0,0.0
2002-11-26 00:00:00+08:00,5.42,5.53,5.38,5.4,24842780,0.0,0.0
2002-11-27 00:00:00+08:00,5.34,5.44,5.27,5.29,25500927,0.0,0.0
2002-11-28 00:00:00+08:00,4.95,5.16,4.93,5.01,101803153,0.0,0.0
2002-11-29 00:00:00+08:00,4.97,5.05,4.93,4.97,38351502,0.0,0.0
2002-12-02 00:00:00+08:00,4.97,4.97,4.97,4.97,0,0.0,0.0
2002-12-03 00:00:00+08:00,4.75,4.91,4.71,4.9,33649928,0.0,0.0
2002-12-04 00:00:00+08:00,4.86,4.88,4.78,4.8,23135462,0.0,0.0
2002-12-05 00:00:00+08:00,4.8,4.9,4.8,4.86,23629046,0.0,0.0
2002-12-06 00:00:00+08:00,4.86,4.88,4.84,4.86,15815730,0.0,0.0
2002-12-09 00:00:00+08:00,4.93,5.01,4.9,4.97,31377898,0.0,0.0
2002-12-10 00:00:00+08:00,4.95,4.97,4.82,4.86,25045900,0.0,0.0
2002-12-11 00:00:00+08:00,4.88,5.12,4.86,4.9,64206199,0.0,0.0
2002-12-12 00:00:00+08:00,4.9,4.93,4.76,4.86,38320102,0.0,0.0
2002-12-13 00:00:00+08:00,4.9,4.91,4.78,4.78,24595519,0.0,0.0
2002-12-16 00:00:00+08:00,4.75,4.82,4.73,4.75,12996712,0.0,0.0
2002-12-17 00:00:00+08:00,4.8,4.82,4.75,4.75,19283698,0.0,0.0
2002-12-18 00:00:00+08:00,4.75,4.8,4.67,4.67,19684351,0.0,0.0
2002-12-19 00:00:00+08:00,4.67,4.8,4.67,4.71,27096302,0.0,0.0
2002-12-20 00:00:00+08:00,4.78,5.03,4.78,5.03,187933404,0.0,0.0
2002-12-23 00:00:00+08:00,5.08,5.12,5.05,5.05,110600255,0.0,0.0
2002-12-24 00:00:00+08:00,5.05,5.05,4.9,4.93,36182701,0.0,0.0
2002-12-25 00:00:00+08:00,4.93,4.99,4.88,4.9,24750756,0.0,0.0
2002-12-26 00:00:00+08:00,4.9,4.97,4.88,4.97,14356518,0.0,0.0
2002-12-27 00:00:00+08:00,4.99,5.19,4.97,5.08,80081176,0.0,0.0
2002-12-30 00:00:00+08:00,5.05,5.05,4.97,5.03,34344858,0.0,0.0
2002-12-31 00:00:00+08:00,5.03,5.05,4.93,4.95,18155471,0.0,0.0
2003-01-01 00:00:00+08:00,4.95,4.95,4.95,4.95,0,0.0,0.0
2003-01-02 00:00:00+08:00,5.05,5.19,4.97,5.1,79609710,0.0,0.0
2003-01-03 00:00:00+08:00,5.12,5.25,5.1,5.19,84980128,0.0,0.0
2003-01-06 00:00:00+08:00,5.19,5.27,5.14,5.19,56540943,0.0,0.0
2003-01-07 00:00:00+08:00,5.23,5.33,5.19,5.19,65178328,0.0,0.0
2003-01-08 00:00:00+08:00,5.23,5.33,5.19,5.29,77738120,0.0,0.0
2003-01-09 00:00:00+08:00,5.29,5.36,5.19,5.19,56923720,0.0,0.0
2003-01-10 00:00:00+08:00,5.23,5.42,5.23,5.34,111849735,0.0,0.0
2003-01-13 00:00:00+08:00,5.38,5.49,5.36,5.44,67955064,0.0,0.0
2003-01-14 00:00:00+08:00,5.49,5.61,5.46,5.53,77677554,0.0,0.0
2003-01-15 00:00:00+08:00,5.57,5.59,5.44,5.47,60480083,0.0,0.0
2003-01-16 00:00:00+08:00,5.47,5.68,5.47,5.51,119679700,0.0,0.0
2003-01-17 00:00:00+08:00,5.55,5.57,5.4,5.4,43730533,0.0,0.0
2003-01-20 00:00:00+08:00,5.46,5.49,5.4,5.49,28545931,0.0,0.0
2003-01-21 00:00:00+08:00,5.53,5.68,5.51,5.51,84657664,0.0,0.0
2003-01-22 00:00:00+08:00,5.51,5.64,5.44,5.61,54532761,0.0,0.0
2003-01-23 00:00:00+08:00,5.64,5.98,5.55,5.98,194828692,0.0,0.0
2003-01-24 00:00:00+08:00,6.09,6.24,5.98,6.05,250049056,0.0,0.0
2003-01-27 00:00:00+08:00,6.05,6.2,5.83,5.87,108635134,0.0,0.0
2003-01-28 00:00:00+08:00,5.98,6.05,5.83,6.02,81112857,0.0,0.0
2003-01-29 00:00:00+08:00,6.02,6.02,6.02,6.02,0,0.0,0.0
2003-02-06 00:00:00+08:00,6.02,6.13,5.72,5.72,91616861,0.0,0.0
2003-02-07 00:00:00+08:00,5.76,5.83,5.36,5.46,73179756,0.0,0.0
2003-02-10 00:00:00+08:00,5.42,5.42,5.16,5.19,49182829,0.0,0.0
2003-02-11 00:00:00+08:00,5.14,5.36,5.12,5.25,57611252,0.0,0.0
2003-02-12 00:00:00+08:00,5.23,5.31,5.18,5.23,40593713,0.0,0.0
2003-02-13 00:00:00+08:00,5.23,5.25,5.05,5.05,36698553,0.0,0.0
2003-02-14 00:00:00+08:00,5.08,5.14,5.01,5.05,24474330,0.0,0.0
2003-02-17 00:00:00+08:00,5.19,5.34,5.16,5.33,39028205,0.0,0.0
2003-02-18 00:00:00+08:00,5.27,5.27,5.14,5.21,22181849,0.0,0.0
2003-02-19 00:00:00+08:00,5.23,5.27,5.08,5.1,27398321,0.0,0.0
2003-02-20 00:00:00+08:00,5.1,5.14,5.03,5.05,28390229,0.0,0.0
2003-02-21 00:00:00+08:00,5.12,5.12,5.03,5.05,14230296,0.0,0.0
2003-02-24 00:00:00+08:00,5.08,5.14,5.05,5.12,12326141,0.0,0.0
2003-02-25 00:00:00+08:00,5.06,5.06,4.93,4.95,24373330,0.0,0.0
2003-02-26 00:00:00+08:00,4.97,4.99,4.93,4.93,20394588,0.0,0.0
2003-02-27 00:00:00+08:00,4.86,4.97,4.86,4.9,16332605,0.0,0.0
2003-02-28 00:00:00+08:00,4.9,4.9,4.9,4.9,0,0.0,0.0
2003-03-03 00:00:00+08:00,4.93,4.99,4.91,4.95,14096626,0.0,0.0
2003-03-04 00:00:00+08:00,4.93,4.95,4.88,4.88,20014510,0.0,0.0
2003-03-05 00:00:00+08:00,4.86,4.88,4.8,4.84,23100403,0.0,0.0
2003-03-06 00:00:00+08:00,4.86,4.9,4.82,4.88,15230063,0.0,0.0
2003-03-07 00:00:00+08:00,4.84,4.9,4.8,4.86,15268460,0.0,0.0
2003-03-10 00:00:00+08:00,4.86,4.91,4.82,4.86,17672403,0.0,0.0
2003-03-11 00:00:00+08:00,4.84,4.86,4.73,4.75,31686889,0.0,0.0
2003-03-12 00:00:00+08:00,4.78,4.84,4.75,4.82,22616906,0.0,0.0
2003-03-13 00:00:00+08:00,4.82,4.93,4.82,4.91,22103877,0.0,0.0
2003-03-14 00:00:00+08:00,5.05,5.08,4.99,5.03,29680532,0.0,0.0
2003-03-17 00:00:00+08:00,5.03,5.03,4.88,4.88,18329766,0.0,0.0
2003-03-18 00:00:00+08:00,5.03,5.1,4.99,5.05,26652402,0.0,0.0
2003-03-19 00:00:00+08:00,5.03,5.03,4.95,4.97,15089663,0.0,0.0
2003-03-20 00:00:00+08:00,5.03,5.08,4.99,5.06,32184127,0.0,0.0
2003-03-21 00:00:00+08:00,5.06,5.14,5.05,5.12,25711156,0.0,0.0
2003-03-24 00:00:00+08:00,5.14,5.16,5.08,5.12,13387653,0.0,0.0
2003-03-25 00:00:00+08:00,5.01,5.05,4.99,5.01,12286311,0.0,0.0
2003-03-26 00:00:00+08:00,5.01,5.05,4.99,4.99,7550224,0.0,0.0
2003-03-27 00:00:00+08:00,4.99,5.03,4.97,4.99,8904430,0.0,0.0
2003-03-28 00:00:00+08:00,4.99,5.01,4.93,4.95,19677888,0.0,0.0
2003-03-31 00:00:00+08:00,4.93,4.93,4.71,4.73,27615604,0.0,0.0
2003-04-01 00:00:00+08:00,4.73,4.8,4.71,4.8,11798606,0.0,0.0
2003-04-02 00:00:00+08:00,4.8,4.8,4.73,4.76,10103486,0.0,0.0
2003-04-03 00:00:00+08:00,4.86,4.86,4.78,4.78,8480772,0.0,0.0
2003-04-04 00:00:00+08:00,4.78,5.1,4.78,5.1,37579566,0.0,0.0
2003-04-07 00:00:00+08:00,5.16,5.23,5.1,5.19,40346372,0.0,0.0
2003-04-08 00:00:00+08:00,5.18,5.25,5.16,5.16,27296626,0.0,0.0
2003-04-09 00:00:00+08:00,5.16,5.19,5.12,5.14,15302069,0.0,0.0
2003-04-10 00:00:00+08:00,5.16,5.25,5.16,5.16,20413811,0.0,0.0
2003-04-11 00:00:00+08:00,5.18,5.27,5.18,5.18,18624789,0.0,0.0
2003-04-14 00:00:00+08:00,5.16,5.18,5.01,5.01,24451384,0.0,0.0
2003-04-15 00:00:00+08:00,5.05,5.08,5.01,5.06,14110412,0.0,0.0
2003-04-16 00:00:00+08:00,5.08,5.23,5.08,5.19,29650951,0.0,0.0
2003-04-17 00:00:00+08:00,5.19,5.23,5.12,5.16,18587410,0.0,0.0
2003-04-18 00:00:00+08:00,5.19,5.27,5.19,5.23,37709402,0.0,0.0
2003-04-21 00:00:00+08:00,5.23,5.33,5.23,5.25,31071456,0.0,0.0
2003-04-22 00:00:00+08:00,5.25,5.27,5.12,5.12,20660969,0.0,0.0
2003-04-23 00:00:00+08:00,5.16,5.19,5.06,5.1,18695218,0.0,0.0
2003-04-24 00:00:00+08:00,5.05,5.05,4.8,4.82,29164141,0.0,0.0
2003-04-25 00:00:00+08:00,4.75,4.88,4.71,4.76,21696585,0.0,0.0
2003-04-28 00:00:00+08:00,4.67,4.73,4.56,4.63,29316778,0.0,0.0
2003-04-29 00:00:00+08:00,4.71,4.73,4.58,4.69,32071839,0.0,0.0
2003-04-30 00:00:00+08:00,4.67,4.69,4.52,4.54,24838671,0.0,0.0
2003-05-01 00:00:00+08:00,4.54,4.54,4.54,4.54,0,0.0,0.0
2003-05-02 00:00:00+08:00,4.52,4.6,4.5,4.58,17300177,0.0,0.0
2003-05-05 00:00:00+08:00,4.54,4.58,4.5,4.56,11665593,0.0,0.0
2003-05-06 00:00:00+08:00,4.56,4.6,4.52,4.54,11624674,0.0,0.0
2003-05-07 00:00:00+08:00,4.56,4.58,4.52,4.54,20061633,0.0,0.0
2003-05-08 00:00:00+08:00,4.54,4.54,4.48,4.48,18230624,0.0,0.0
2003-05-09 00:00:00+08:00,4.45,4.5,4.43,4.47,14534615,0.0,0.0
2003-05-12 00:00:00+08:00,4.47,4.52,4.45,4.47,15158992,0.0,0.0
2003-05-13 00:00:00+08:00,4.52,4.6,4.5,4.58,18784524,0.0,0.0
2003-05-14 00:00:00+08:00,4.58,4.6,4.54,4.58,9848117,0.0,0.0
2003-05-15 00:00:00+08:00,4.56,4.58,4.48,4.5,16587218,0.0,0.0
2003-05-16 00:00:00+08:00,4.52,4.56,4.5,4.5,8907435,0.0,0.0
2003-05-19 00:00:00+08:00,4.48,4.48,4.43,4.45,11823386,0.0,0.0
2003-05-20 00:00:00+08:00,4.37,4.41,4.34,4.39,21862927,0.0,0.0
2003-05-21 00:00:00+08:00,4.37,4.39,4.22,4.24,21547929,0.0,0.0
2003-05-22 00:00:00+08:00,4.24,4.35,4.19,4.35,19166165,0.0,0.0
2003-05-23 00:00:00+08:00,4.37,4.48,4.35,4.45,19956724,0.0,0.0
2003-05-26 00:00:00+08:00,4.52,4.56,4.48,4.56,19654882,0.0,0.0
2003-05-27 00:00:00+08:00,4.56,4.6,4.52,4.54,13472660,0.0,0.0
2003-05-28 00:00:00+08:00,4.62,4.65,4.58,4.58,26845084,0.0,0.0
2003-05-29 00:00:00+08:00,4.58,4.9,4.58,4.9,47339842,0.0,0.0
2003-05-30 00:00:00+08:00,4.78,4.88,4.71,4.71,41035135,0.0,0.0
2003-06-02 00:00:00+08:00,4.75,4.95,4.73,4.88,41158051,0.0,0.0
2003-06-03 00:00:00+08:00,4.88,4.91,4.84,4.86,38141219,0.0,0.0
2003-06-04 00:00:00+08:00,4.86,4.86,4.86,4.86,0,0.0,0.0
2003-06-05 00:00:00+08:00,4.93,5.08,4.93,4.99,64987511,0.0,0.0
2003-06-06 00:00:00+08:00,5.01,5.06,4.75,4.86,72102199,0.0,0.0
2003-06-09 00:00:00+08:00,4.93,5.01,4.9,5.01,69720787,0.0,0.0
2003-06-10 00:00:00+08:00,5.01,5.06,4.93,4.93,51530059,0.0,0.0
2003-06-11 00:00:00+08:00,4.93,4.97,4.88,4.88,35786834,0.0,0.0
2003-06-12 00:00:00+08:00,4.93,4.95,4.9,4.93,26777111,0.0,0.0
2003-06-13 00:00:00+08:00,4.97,5.03,4.95,5.01,46839370,0.0,0.0
2003-06-16 00:00:00+08:00,5.01,5.19,4.97,5.16,100988048,0.0,0.0
2003-06-17 00:00:00+08:00,5.21,5.29,5.16,5.21,114893868,0.0,0.0
2003-06-18 00:00:00+08:00,5.25,5.25,5.16,5.16,94182851,0.0,0.0
2003-06-19 00:00:00+08:00,5.16,5.21,5.12,5.14,52296755,0.0,0.0
2003-06-20 00:00:00+08:00,5.14,5.49,5.12,5.49,293411007,0.0,0.0
2003-06-23 00:00:00+08:00,5.59,5.64,5.27,5.27,195422925,0.0,0.0
2003-06-24 00:00:00+08:00,5.23,5.27,5.12,5.12,56995988,0.0,0.0
2003-06-25 00:00:00+08:00,5.14,5.23,5.14,5.16,52365742,0.0,0.0
2003-06-26 00:00:00+08:00,5.19,5.21,5.12,5.12,33678219,0.0,0.0
2003-06-27 00:00:00+08:00,5.14,5.18,4.93,4.95,63932933,0.0,0.0
2003-06-30 00:00:00+08:00,4.97,5.03,4.93,4.93,29451631,0.0,0.0
2003-07-01 00:00:00+08:00,4.95,5.12,4.95,5.12,30174412,0.0,0.0
2003-07-02 00:00:00+08:00,5.16,5.29,5.12,5.19,57932605,0.0,0.0
2003-07-03 00:00:00+08:00,5.31,5.42,5.21,5.27,82630306,0.0,0.0
2003-07-04 00:00:00+08:00,5.27,5.31,5.16,5.21,41248779,0.0,0.0
2003-07-07 00:00:00+08:00,5.31,5.57,5.31,5.57,127309892,0.0,0.0
2003-07-08 00:00:00+08:00,5.57,5.59,5.42,5.51,107101951,0.0,0.0
2003-07-09 00:00:00+08:00,5.55,5.68,5.51,5.55,90188616,0.0,0.0
2003-07-10 00:00:00+08:00,5.57,5.61,5.36,5.36,78697803,0.0,0.0
2003-07-11 00:00:00+08:00,5.27,5.27,5.05,5.08,64088041,0.0,0.0
2003-07-14 00:00:00+08:00,5.08,5.29,5.06,5.21,57741021,0.0,0.0
2003-07-15 00:00:00+08:00,5.16,5.21,5.01,5.03,63744347,0.0,0.0
2003-07-16 00:00:00+08:00,5.03,5.16,5.03,5.08,38251105,0.0,0.0
2003-07-17 00:00:00+08:00,5.08,5.1,4.97,4.97,49126997,0.0,0.0
2003-07-18 00:00:00+08:00,4.99,5.06,4.97,4.99,26432280,0.0,0.0
2003-07-21 00:00:00+08:00,5.03,5.06,4.88,4.88,24054561,0.0,0.0
2003-07-22 00:00:00+08:00,4.88,4.95,4.88,4.91,30994050,0.0,0.0
2003-07-23 00:00:00+08:00,4.93,4.99,4.93,4.93,31249545,0.0,0.0
2003-07-24 00:00:00+08:00,4.99,5.08,4.93,5.06,31234697,0.0,0.0
2003-07-25 00:00:00+08:00,5.06,5.12,4.99,4.99,37881502,0.0,0.0
2003-07-28 00:00:00+08:00,4.75,4.86,4.75,4.8,87399895,0.0,0.0
2003-07-29 00:00:00+08:00,4.82,4.86,4.78,4.78,33878793,0.0,0.0
2003-07-30 00:00:00+08:00,4.78,4.84,4.73,4.76,38073385,0.0,0.0
2003-07-31 00:00:00+08:00,4.76,4.76,4.58,4.62,38911245,0.0,0.0
2003-08-01 00:00:00+08:00,4.63,4.67,4.6,4.63,25858219,0.0,0.0
2003-08-04 00:00:00+08:00,4.6,4.6,4.5,4.52,44625974,0.0,0.0
2003-08-05 00:00:00+08:00,4.52,4.56,4.41,4.41,37400673,0.0,0.0
2003-08-06 00:00:00+08:00,4.37,4.56,4.37,4.52,38165663,0.0,0.0
2003-08-07 00:00:00+08:00,4.56,4.58,4.48,4.52,20810429,0.0,0.0
2003-08-08 00:00:00+08:00,4.56,4.58,4.48,4.48,18977982,0.0,0.0
2003-08-11 00:00:00+08:00,4.48,4.52,4.41,4.5,17651686,0.0,0.0
2003-08-12 00:00:00+08:00,4.5,4.54,4.48,4.48,14159970,0.0,0.0
2003-08-13 00:00:00+08:00,4.56,4.63,4.54,4.62,35959091,0.0,0.0
2003-08-14 00:00:00+08:00,4.62,4.71,4.62,4.67,32084676,0.0,0.0
2003-08-15 00:00:00+08:00,4.69,4.71,4.6,4.62,25665920,0.0,0.0
2003-08-18 00:00:00+08:00,4.62,4.73,4.6,4.69,35696558,0.0,0.0
2003-08-19 00:00:00+08:00,4.69,4.75,4.67,4.73,31554257,0.0,0.0
2003-08-20 00:00:00+08:00,4.73,4.82,4.71,4.76,36688379,0.0,0.0
2003-08-21 00:00:00+08:00,4.75,4.76,4.67,4.71,32939743,0.0,0.0
2003-08-22 00:00:00+08:00,4.71,5.01,4.71,4.93,88059586,0.0,0.0
2003-08-25 00:00:00+08:00,5.05,5.05,4.93,4.95,46253711,0.0,0.0
2003-08-26 00:00:00+08:00,4.95,4.95,4.82,4.84,39146578,0.0,0.0
2003-08-27 00:00:00+08:00,4.86,5.01,4.78,4.88,59422112,0.0,0.0
2003-08-28 00:00:00+08:00,4.88,4.93,4.78,4.82,50259240,0.0,0.0
2003-08-29 00:00:00+08:00,4.8,4.86,4.76,4.78,42446547,0.0,0.0
2003-09-01 00:00:00+08:00,4.8,4.91,4.8,4.86,61231168,0.0,0.0
2003-09-02 00:00:00+08:00,4.86,4.93,4.84,4.86,60440601,0.0,0.0
2003-09-03 00:00:00+08:00,4.86,4.9,4.76,4.76,39006303,0.0,0.0
2003-09-04 00:00:00+08:00,4.76,4.86,4.76,4.8,43541935,0.0,0.0
2003-09-05 00:00:00+08:00,4.78,4.8,4.71,4.71,32407796,0.0,0.0
2003-09-08 00:00:00+08:00,4.71,4.76,4.65,4.65,42613446,0.0,0.0
2003-09-09 00:00:00+08:00,4.65,4.71,4.62,4.62,59544107,0.0,0.0
2003-09-10 00:00:00+08:00,4.99,5.05,4.93,5.01,59980432,0.08,1.04
2003-09-11 00:00:00+08:00,5.01,5.01,5.01,5.01,0,0.0,0.0
2003-09-12 00:00:00+08:00,5.07,5.09,5.01,5.09,47120956,0.0,0.0
2003-09-15 00:00:00+08:00,5.07,5.09,5.03,5.05,16885941,0.0,0.0
2003-09-16 00:00:00+08:00,5.03,5.14,5.03,5.09,31854634,0.0,0.0
2003-09-17 00:00:00+08:00,5.14,5.16,5.07,5.09,36211041,0.0,0.0
2003-09-18 00:00:00+08:00,5.05,5.09,5.01,5.03,25552804,0.0,0.0
2003-09-19 00:00:00+08:00,5.05,5.16,5.05,5.09,44991936,0.0,0.0
2003-09-22 00:00:00+08:00,5.09,5.3,5.09,5.26,72240301,0.0,0.0
2003-09-23 00:00:00+08:00,5.26,5.3,5.2,5.28,39967301,0.0,0.0
2003-09-24 00:00:00+08:00,5.3,5.36,5.3,5.36,73663367,0.0,0.0
2003-09-25 00:00:00+08:00,5.3,5.34,5.26,5.3,40715725,0.0,0.0
2003-09-26 00:00:00+08:00,5.32,5.34,5.26,5.26,29972549,0.0,0.0
2003-09-29 00:00:00+08:00,5.26,5.32,5.26,5.28,38137702,0.0,0.0
2003-09-30 00:00:00+08:00,5.34,5.45,5.32,5.32,72821721,0.0,0.0
2003-10-01 00:00:00+08:00,5.32,5.36,5.28,5.28,28174644,0.0,0.0
2003-10-02 00:00:00+08:00,5.32,5.45,5.3,5.43,65454233,0.0,0.0
2003-10-03 00:00:00+08:00,5.45,5.49,5.38,5.41,65071187,0.0,0.0
2003-10-06 00:00:00+08:00,5.45,5.61,5.43,5.57,98311236,0.0,0.0
2003-10-07 00:00:00+08:00,5.59,5.59,5.49,5.57,76491751,0.0,0.0
2003-10-08 00:00:00+08:00,5.59,5.86,5.57,5.74,191560472,0.0,0.0
2003-10-09 00:00:00+08:00,5.74,5.84,5.68,5.74,110498607,0.0,0.0
2003-10-10 00:00:00+08:00,5.74,5.74,5.74,5.74,0,0.0,0.0
2003-10-13 00:00:00+08:00,5.82,5.99,5.76,5.9,144494234,0.0,0.0
2003-10-14 00:00:00+08:00,5.99,5.99,5.8,5.8,90900437,0.0,0.0
2003-10-15 00:00:00+08:00,5.8,5.9,5.76,5.8,72020358,0.0,0.0
2003-10-16 00:00:00+08:00,5.82,5.93,5.82,5.9,70760028,0.0,0.0
2003-10-17 00:00:00+08:00,5.9,6.15,5.9,6.09,148593371,0.0,0.0
2003-10-20 00:00:00+08:00,6.03,6.24,6.03,6.13,120133370,0.0,0.0
2003-10-21 00:00:00+08:00,6.2,6.2,5.97,6.07,85443704,0.0,0.0
2003-10-22 00:00:00+08:00,6.07,6.09,5.99,6.01,56657619,0.0,0.0
2003-10-23 00:00:00+08:00,5.9,5.99,5.88,5.88,65964203,0.0,0.0
2003-10-24 00:00:00+08:00,5.9,5.95,5.84,5.84,31729735,0.0,0.0
2003-10-27 00:00:00+08:00,5.84,5.88,5.78,5.86,36307393,0.0,0.0
2003-10-28 00:00:00+08:00,5.88,6.09,5.88,6.03,90987210,0.0,0.0
2003-10-29 00:00:00+08:00,6.18,6.18,6.03,6.05,90477789,0.0,0.0
2003-10-30 00:00:00+08:00,6.07,6.2,6.07,6.15,93332461,0.0,0.0
2003-10-31 00:00:00+08:00,6.2,6.2,6.09,6.09,60231893,0.0,0.0
2003-11-03 00:00:00+08:00,6.07,6.09,6.01,6.07,33540806,0.0,0.0
2003-11-04 00:00:00+08:00,6.09,6.18,6.07,6.07,34390804,0.0,0.0
2003-11-05 00:00:00+08:00,6.07,6.11,5.99,5.99,32598901,0.0,0.0
2003-11-06 00:00:00+08:00,5.99,6.03,5.61,5.74,70378422,0.0,0.0
2003-11-07 00:00:00+08:00,5.76,5.8,5.66,5.7,51385905,0.0,0.0
2003-11-10 00:00:00+08:00,5.7,5.8,5.63,5.78,37262978,0.0,0.0
2003-11-11 00:00:00+08:00,5.78,5.8,5.63,5.72,51024451,0.0,0.0
2003-11-12 00:00:00+08:00,5.74,5.76,5.59,5.63,62386915,0.0,0.0
2003-11-13 00:00:00+08:00,5.7,5.72,5.63,5.68,52905833,0.0,0.0
2003-11-14 00:00:00+08:00,5.68,5.78,5.68,5.74,33661313,0.0,0.0
2003-11-17 00:00:00+08:00,5.7,5.86,5.7,5.82,62391821,0.0,0.0
2003-11-18 00:00:00+08:00,5.84,5.9,5.8,5.86,56092105,0.0,0.0
2003-11-19 00:00:00+08:00,5.86,5.86,5.74,5.76,31398080,0.0,0.0
2003-11-20 00:00:00+08:00,5.8,6.07,5.78,5.97,101425632,0.0,0.0
2003-11-21 00:00:00+08:00,5.97,6.07,5.95,6.03,125242491,0.0,0.0
2003-11-24 00:00:00+08:00,6.03,6.22,6.01,6.18,145777384,0.0,0.0
2003-11-25 00:00:00+08:00,6.32,6.57,6.32,6.49,441926503,0.0,0.0
2003-11-26 00:00:00+08:00,6.49,6.53,6.4,6.45,106309413,0.0,0.0
2003-11-27 00:00:00+08:00,6.4,6.4,6.28,6.28,104431681,0.0,0.0
2003-11-28 00:00:00+08:00,6.36,6.45,6.24,6.28,86085408,0.0,0.0
2003-12-01 00:00:00+08:00,6.28,6.69,6.24,6.65,166189779,0.0,0.0
2003-12-02 00:00:00+08:00,6.69,6.69,6.53,6.57,102477747,0.0,0.0
2003-12-03 00:00:00+08:00,6.61,6.65,6.49,6.49,67561392,0.0,0.0
2003-12-04 00:00:00+08:00,6.49,6.57,6.45,6.57,45510514,0.0,0.0
2003-12-05 00:00:00+08:00,6.57,6.65,6.4,6.4,60818688,0.0,0.0
2003-12-08 00:00:00+08:00,6.32,6.4,6.32,6.36,38862099,0.0,0.0
2003-12-09 00:00:00+08:00,6.4,6.53,6.32,6.45,64972103,0.0,0.0
2003-12-10 00:00:00+08:00,6.45,6.53,6.36,6.36,47720510,0.0,0.0
2003-12-11 00:00:00+08:00,6.45,6.53,6.4,6.4,53133420,0.0,0.0
2003-12-12 00:00:00+08:00,6.45,6.53,6.36,6.4,46309516,0.0,0.0
2003-12-15 00:00:00+08:00,6.45,6.49,6.4,6.49,40228911,0.0,0.0
2003-12-16 00:00:00+08:00,6.45,6.49,6.4,6.49,26907094,0.0,0.0
2003-12-17 00:00:00+08:00,6.53,6.57,6.28,6.32,86557164,0.0,0.0
2003-12-18 00:00:00+08:00,6.32,6.4,6.28,6.32,35288111,0.0,0.0
2003-12-19 00:00:00+08:00,6.4,6.4,6.28,6.28,23834209,0.0,0.0
2003-12-22 00:00:00+08:00,6.4,6.69,6.36,6.61,131943903,0.0,0.0
2003-12-23 00:00:00+08:00,6.65,6.69,6.53,6.61,66915245,0.0,0.0
2003-12-24 00:00:00+08:00,6.61,6.82,6.57,6.69,111290336,0.0,0.0
2003-12-25 00:00:00+08:00,6.74,6.99,6.74,6.82,127393109,0.0,0.0
2003-12-26 00:00:00+08:00,6.99,6.99,6.74,6.82,73078516,0.0,0.0
2003-12-29 00:00:00+08:00,6.86,6.86,6.69,6.69,55747568,0.0,0.0
2003-12-30 00:00:00+08:00,6.74,6.82,6.61,6.82,100879474,0.0,0.0
2003-12-31 00:00:00+08:00,6.82,6.94,6.74,6.9,62993006,0.0,0.0
2004-01-01 00:00:00+08:00,6.9,6.9,6.9,6.9,0,0.0,0.0
2004-01-02 00:00:00+08:00,6.9,7.15,6.9,7.15,135727449,0.0,0.0
2004-01-05 00:00:00+08:00,7.15,7.65,7.15,7.57,218201712,0.0,0.0
2004-01-06 00:00:00+08:00,7.53,7.73,7.4,7.65,167597821,0.0,0.0
2004-01-07 00:00:00+08:00,7.69,7.78,7.44,7.53,117247968,0.0,0.0
2004-01-08 00:00:00+08:00,7.53,7.65,7.48,7.53,49898679,0.0,0.0
2004-01-09 00:00:00+08:00,7.61,7.61,7.44,7.48,94067732,0.0,0.0
2004-01-12 00:00:00+08:00,7.48,7.53,7.36,7.48,59731781,0.0,0.0
2004-01-13 00:00:00+08:00,7.48,7.61,7.48,7.53,65467984,0.0,0.0
2004-01-14 00:00:00+08:00,7.53,7.65,7.48,7.48,105403650,0.0,0.0
2004-01-15 00:00:00+08:00,7.53,7.61,7.44,7.48,104566208,0.0,0.0
2004-01-16 00:00:00+08:00,7.53,7.61,7.48,7.57,94984106,0.0,0.0
2004-01-19 00:00:00+08:00,7.57,7.57,7.57,7.57,0,0.0,0.0
2004-01-27 00:00:00+08:00,7.65,7.69,7.48,7.48,133523229,0.0,0.0
2004-01-28 00:00:00+08:00,7.44,7.44,7.24,7.24,144191991,0.0,0.0
2004-01-29 00:00:00+08:00,7.24,7.36,7.19,7.19,128920429,0.0,0.0
2004-01-30 00:00:00+08:00,7.19,7.24,7.15,7.24,62652605,0.0,0.0
2004-02-02 00:00:00+08:00,7.24,7.28,7.07,7.11,68674474,0.0,0.0
2004-02-03 00:00:00+08:00,7.07,7.11,6.94,7.07,84839157,0.0,0.0
2004-02-04 00:00:00+08:00,7.03,7.03,6.9,6.9,74197847,0.0,0.0
2004-02-05 00:00:00+08:00,6.86,7.03,6.86,6.86,66319629,0.0,0.0
2004-02-06 00:00:00+08:00,6.94,7.07,6.9,6.99,52994164,0.0,0.0
2004-02-09 00:00:00+08:00,7.07,7.28,6.99,7.24,80880515,0.0,0.0
2004-02-10 00:00:00+08:00,7.28,7.32,7.11,7.28,105622404,0.0,0.0
2004-02-11 00:00:00+08:00,7.4,7.57,7.36,7.36,143966135,0.0,0.0
2004-02-12 00:00:00+08:00,7.4,7.61,7.19,7.28,140799073,0.0,0.0
2004-02-13 00:00:00+08:00,7.32,7.57,7.32,7.53,133240398,0.0,0.0
2004-02-16 00:00:00+08:00,7.53,7.61,7.4,7.48,98613132,0.0,0.0
2004-02-17 00:00:00+08:00,7.53,7.57,7.44,7.57,82140525,0.0,0.0
2004-02-18 00:00:00+08:00,7.65,8.07,7.65,7.86,360322512,0.0,0.0
2004-02-19 00:00:00+08:00,7.86,7.94,7.73,7.82,141236517,0.0,0.0
2004-02-20 00:00:00+08:00,7.82,7.86,7.61,7.65,107389411,0.0,0.0
2004-02-23 00:00:00+08:00,7.73,7.9,7.65,7.65,98322894,0.0,0.0
2004-02-24 00:00:00+08:00,7.65,7.73,7.48,7.48,81655048,0.0,0.0
2004-02-25 00:00:00+08:00,7.48,7.57,7.4,7.57,68591575,0.0,0.0
2004-02-26 00:00:00+08:00,7.57,7.73,7.57,7.73,68827296,0.0,0.0
2004-02-27 00:00:00+08:00,7.78,7.86,7.69,7.73,70390512,0.0,0.0
2004-03-01 00:00:00+08:00,7.86,8.03,7.73,7.94,173238446,0.0,0.0
2004-03-02 00:00:00+08:00,8.03,8.07,7.9,7.94,123174948,0.0,0.0
2004-03-03 00:00:00+08:00,7.94,7.98,7.86,7.86,80384308,0.0,0.0
2004-03-04 00:00:00+08:00,7.9,8.23,7.9,8.11,151929969,0.0,0.0
2004-03-05 00:00:00+08:00,8.19,8.19,7.9,7.9,121403966,0.0,0.0
2004-03-08 00:00:00+08:00,7.98,7.98,7.73,7.73,74679923,0.0,0.0
2004-03-09 00:00:00+08:00,7.78,7.9,7.78,7.9,53087545,0.0,0.0
2004-03-10 00:00:00+08:00,7.9,7.9,7.73,7.73,51276048,0.0,0.0
2004-03-11 00:00:00+08:00,7.69,7.78,7.61,7.78,70047077,0.0,0.0
2004-03-12 00:00:00+08:00,7.69,7.73,7.65,7.73,65594313,0.0,0.0
2004-03-15 00:00:00+08:00,7.73,7.82,7.4,7.4,92710170,0.0,0.0
2004-03-16 00:00:00+08:00,7.4,7.44,7.24,7.32,92714276,0.0,0.0
2004-03-17 00:00:00+08:00,7.4,7.44,7.28,7.36,54639194,0.0,0.0
2004-03-18 00:00:00+08:00,7.4,7.82,7.36,7.78,113411844,0.0,0.0
2004-03-19 00:00:00+08:00,7.86,7.86,7.69,7.73,63011542,0.0,0.0
2004-03-22 00:00:00+08:00,7.19,7.19,7.19,7.19,17505893,0.0,0.0
2004-03-23 00:00:00+08:00,6.69,7.28,6.69,7.07,170058126,0.0,0.0
2004-03-24 00:00:00+08:00,7.11,7.19,7.03,7.11,68500705,0.0,0.0
2004-03-25 00:00:00+08:00,7.11,7.19,6.99,6.99,41847666,0.0,0.0
2004-03-26 00:00:00+08:00,6.99,7.07,6.86,6.9,31548480,0.0,0.0
2004-03-29 00:00:00+08:00,7.36,7.36,7.19,7.36,40638876,0.0,0.0
2004-03-30 00:00:00+08:00,7.53,7.65,7.44,7.48,76585054,0.0,0.0
2004-03-31 00:00:00+08:00,7.65,7.98,7.61,7.98,238327147,0.0,0.0
2004-04-01 00:00:00+08:00,7.98,7.98,7.82,7.86,117898719,0.0,0.0
2004-04-02 00:00:00+08:00,7.9,8.11,7.9,8.07,145837372,0.0,0.0
2004-04-05 00:00:00+08:00,8.11,8.11,7.9,8.07,126967531,0.0,0.0
2004-04-06 00:00:00+08:00,8.11,8.48,8.07,8.11,229337444,0.0,0.0
2004-04-07 00:00:00+08:00,8.19,8.32,8.11,8.11,127899953,0.0,0.0
2004-04-08 00:00:00+08:00,8.15,8.19,7.9,7.94,95623430,0.0,0.0
2004-04-09 00:00:00+08:00,7.94,7.98,7.82,7.82,57506308,0.0,0.0
2004-04-12 00:00:00+08:00,7.9,8.11,7.9,7.98,77672539,0.0,0.0
2004-04-13 00:00:00+08:00,8.11,8.19,7.98,8.03,80958414,0.0,0.0
2004-04-14 00:00:00+08:00,8.03,8.03,7.9,7.94,52133620,0.0,0.0
2004-04-15 00:00:00+08:00,7.98,8.07,7.9,7.94,73536611,0.0,0.0
2004-04-16 00:00:00+08:00,7.98,8.15,7.98,8.03,85823625,0.0,0.0
2004-04-19 00:00:00+08:00,8.15,8.36,8.15,8.23,154704015,0.0,0.0
2004-04-20 00:00:00+08:00,8.44,8.73,8.32,8.52,302369321,0.0,0.0
2004-04-21 00:00:00+08:00,8.65,8.82,8.52,8.57,209682803,0.0,0.0
2004-04-22 00:00:00+08:00,8.69,8.69,8.11,8.28,138007571,0.0,0.0
2004-04-23 00:00:00+08:00,8.4,8.44,8.28,8.32,108800687,0.0,0.0
2004-04-26 00:00:00+08:00,8.32,8.4,8.23,8.23,54510151,0.0,0.0
2004-04-27 00:00:00+08:00,8.28,8.32,8.11,8.15,61788301,0.0,0.0
2004-04-28 00:00:00+08:00,8.15,8.32,8.11,8.19,66309616,0.0,0.0
2004-04-29 00:00:00+08:00,8.11,8.19,7.78,7.82,80869757,0.0,0.0
2004-04-30 00:00:00+08:00,7.86,7.86,7.32,7.57,85086352,0.0,0.0
2004-05-03 00:00:00+08:00,7.57,7.57,7.32,7.32,49843064,0.0,0.0
2004-05-04 00:00:00+08:00,7.44,7.53,7.32,7.48,37734428,0.0,0.0
2004-05-05 00:00:00+08:00,7.53,7.53,6.99,6.99,64038569,0.0,0.0
2004-05-06 00:00:00+08:00,7.07,7.24,6.94,6.99,57359550,0.0,0.0
2004-05-07 00:00:00+08:00,7.03,7.32,7.03,7.32,51595188,0.0,0.0
2004-05-10 00:00:00+08:00,7.15,7.15,7.03,7.07,36788953,0.0,0.0
2004-05-11 00:00:00+08:00,7.11,7.19,6.99,7.15,36517678,0.0,0.0
2004-05-12 00:00:00+08:00,7.24,7.36,7.15,7.15,39357722,0.0,0.0
2004-05-13 00:00:00+08:00,7.19,7.36,7.19,7.24,38438804,0.0,0.0
2004-05-14 00:00:00+08:00,7.36,7.36,7.15,7.15,38995435,0.0,0.0
2004-05-17 00:00:00+08:00,7.03,7.07,6.65,6.74,48153083,0.0,0.0
2004-05-18 00:00:00+08:00,6.86,7.03,6.78,7.03,33887019,0.0,0.0
2004-05-19 00:00:00+08:00,7.28,7.48,7.19,7.48,64631223,0.0,0.0
2004-05-20 00:00:00+08:00,7.28,7.57,7.15,7.19,63881327,0.0,0.0
2004-05-21 00:00:00+08:00,7.28,7.4,7.19,7.32,38737223,0.0,0.0
2004-05-24 00:00:00+08:00,7.28,7.4,7.19,7.28,21610445,0.0,0.0
2004-05-25 00:00:00+08:00,7.28,7.4,7.28,7.32,21456382,0.0,0.0
2004-05-26 00:00:00+08:00,7.48,7.53,7.36,7.36,36815405,0.0,0.0
2004-05-27 00:00:00+08:00,7.44,7.44,7.28,7.32,18109949,0.0,0.0
2004-05-28 00:00:00+08:00,7.36,7.44,7.32,7.44,25157026,0.0,0.0
2004-05-31 00:00:00+08:00,7.4,7.4,7.19,7.19,20439793,0.0,0.0
2004-06-01 00:00:00+08:00,7.19,7.28,7.11,7.24,16750442,0.0,0.0
2004-06-02 00:00:00+08:00,7.15,7.19,7.07,7.07,13910428,0.0,0.0
2004-06-03 00:00:00+08:00,7.11,7.19,6.86,6.86,28488678,0.0,0.0
2004-06-04 00:00:00+08:00,6.94,6.99,6.86,6.94,16273843,0.0,0.0
2004-06-07 00:00:00+08:00,7.11,7.4,7.03,7.4,57124120,0.0,0.0
2004-06-08 00:00:00+08:00,7.57,7.57,7.32,7.44,71485822,0.0,0.0
2004-06-09 00:00:00+08:00,7.44,7.48,7.32,7.36,23655242,0.0,0.0
2004-06-10 00:00:00+08:00,7.32,7.4,7.24,7.24,25309525,0.0,0.0
2004-06-11 00:00:00+08:00,7.28,7.36,7.11,7.11,28837418,0.0,0.0
2004-06-14 00:00:00+08:00,7.15,7.24,6.99,6.99,27270572,0.0,0.0
2004-06-15 00:00:00+08:00,6.9,7.15,6.9,7.15,30192241,0.0,0.0
2004-06-16 00:00:00+08:00,7.07,7.19,6.9,6.9,24769913,0.0,0.0
2004-06-17 00:00:00+08:00,7.03,7.11,6.94,6.99,20798016,0.0,0.0
2004-06-18 00:00:00+08:00,6.99,6.99,6.86,6.86,20325491,0.0,0.0
2004-06-21 00:00:00+08:00,7.07,7.11,6.94,7.03,24344934,0.0,0.0
2004-06-22 00:00:00+08:00,7.03,7.03,7.03,7.03,0,0.0,0.0
2004-06-23 00:00:00+08:00,7.07,7.4,7.03,7.28,55755419,0.0,0.0
2004-06-24 00:00:00+08:00,7.32,7.36,7.24,7.24,33309142,0.0,0.0
2004-06-25 00:00:00+08:00,7.24,7.32,7.15,7.19,33656863,0.0,0.0
2004-06-28 00:00:00+08:00,7.19,7.19,6.99,7.03,38527991,0.0,0.0
2004-06-29 00:00:00+08:00,6.99,7.15,6.99,7.15,26585398,0.0,0.0
2004-06-30 00:00:00+08:00,7.15,7.24,7.11,7.15,33834990,0.0,0.0
2004-07-01 00:00:00+08:00,7.24,7.24,7.07,7.11,13861776,0.0,0.0
2004-07-02 00:00:00+08:00,7.03,7.07,6.99,7.03,16835605,0.0,0.0
2004-07-05 00:00:00+08:00,6.99,6.99,6.9,6.94,13618263,0.0,0.0
2004-07-06 00:00:00+08:00,6.99,7.07,6.94,7.03,12858162,0.0,0.0
2004-07-07 00:00:00+08:00,6.94,7.11,6.94,7.03,25308041,0.0,0.0
2004-07-08 00:00:00+08:00,7.03,7.11,6.94,6.94,19009958,0.0,0.0
2004-07-09 00:00:00+08:00,6.99,7.03,6.94,6.99,13445840,0.0,0.0
2004-07-12 00:00:00+08:00,7.03,7.11,7.03,7.07,16174770,0.0,0.0
2004-07-13 00:00:00+08:00,7.11,7.11,6.99,6.99,12051463,0.0,0.0
2004-07-14 00:00:00+08:00,6.99,7.03,6.9,6.94,13487844,0.0,0.0
2004-07-15 00:00:00+08:00,6.94,6.99,6.78,6.86,22351836,0.0,0.0
2004-07-16 00:00:00+08:00,6.82,6.9,6.78,6.78,13713818,0.0,0.0
2004-07-19 00:00:00+08:00,6.78,6.86,6.69,6.82,15790726,0.0,0.0
2004-07-20 00:00:00+08:00,6.74,6.82,6.49,6.57,24361661,0.0,0.0
2004-07-21 00:00:00+08:00,6.69,6.74,6.57,6.65,19406582,0.0,0.0
2004-07-22 00:00:00+08:00,6.57,6.69,6.57,6.65,17838546,0.0,0.0
2004-07-23 00:00:00+08:00,6.65,6.74,6.57,6.57,16630868,0.0,0.0
2004-07-26 00:00:00+08:00,6.57,6.61,6.49,6.57,13461032,0.0,0.0
2004-07-27 00:00:00+08:00,6.57,6.74,6.49,6.65,16921619,0.0,0.0
2004-07-28 00:00:00+08:00,6.69,6.74,6.57,6.61,10619659,0.0,0.0
2004-07-29 00:00:00+08:00,6.65,6.65,6.49,6.49,9945069,0.0,0.0
2004-07-30 00:00:00+08:00,6.57,6.61,6.49,6.53,18344110,0.0,0.0
2004-08-02 00:00:00+08:00,6.53,6.57,6.49,6.53,18062866,0.0,0.0
2004-08-03 00:00:00+08:00,6.57,6.57,6.49,6.53,10365864,0.0,0.0
2004-08-04 00:00:00+08:00,6.53,6.53,6.28,6.28,24906783,0.0,0.0
2004-08-05 00:00:00+08:00,6.32,6.4,6.2,6.36,34792926,0.0,0.0
2004-08-06 00:00:00+08:00,6.24,6.4,6.24,6.24,15214449,0.0,0.0
2004-08-09 00:00:00+08:00,6.15,6.22,6.07,6.2,21196578,0.0,0.0
2004-08-10 00:00:00+08:00,6.2,6.36,6.15,6.24,25068368,0.0,0.0
2004-08-11 00:00:00+08:00,6.28,6.32,6.13,6.13,16510969,0.0,0.0
2004-08-12 00:00:00+08:00,6.15,6.28,6.15,6.22,28134803,0.0,0.0
2004-08-13 00:00:00+08:00,6.22,6.32,6.18,6.28,28744290,0.0,0.0
2004-08-16 00:00:00+08:00,6.28,6.28,6.2,6.24,8837820,0.0,0.0
2004-08-17 00:00:00+08:00,6.28,6.32,6.24,6.24,10786054,0.0,0.0
2004-08-18 00:00:00+08:00,6.28,6.32,6.18,6.32,21646058,0.0,0.0
2004-08-19 00:00:00+08:00,6.4,6.53,6.4,6.49,61981624,0.0,0.0
2004-08-20 00:00:00+08:00,6.4,6.49,6.36,6.4,38067686,0.0,0.0
2004-08-23 00:00:00+08:00,6.4,6.49,6.36,6.36,15333433,0.0,0.0
2004-08-24 00:00:00+08:00,6.36,6.36,6.36,6.36,0,0.0,0.0
2004-08-26 00:00:00+08:00,6.45,6.69,6.45,6.65,49124024,0.0,0.0
2004-08-27 00:00:00+08:00,6.65,6.86,6.57,6.78,51929289,0.0,0.0
2004-08-30 00:00:00+08:00,6.74,6.78,6.61,6.74,28638088,0.0,0.0
2004-08-31 00:00:00+08:00,6.28,6.28,6.28,6.28,32455446,0.0,0.0
2004-09-01 00:00:00+08:00,6.2,6.45,6.2,6.32,157614908,0.0,0.0
2004-09-02 00:00:00+08:00,6.24,6.24,6.07,6.15,79774599,0.0,0.0
2004-09-03 00:00:00+08:00,6.24,6.32,6.2,6.22,79790466,0.0,0.0
2004-09-06 00:00:00+08:00,6.18,6.32,6.18,6.24,45246817,0.0,0.0
2004-09-07 00:00:00+08:00,6.24,6.53,6.24,6.49,91811618,0.0,0.0
2004-09-08 00:00:00+08:00,6.53,6.53,6.36,6.36,65143756,0.0,0.0
2004-09-09 00:00:00+08:00,6.45,6.57,6.36,6.53,71312404,0.0,0.0
2004-09-10 00:00:00+08:00,6.53,6.61,6.45,6.53,37928055,0.0,0.0
2004-09-13 00:00:00+08:00,6.53,6.57,6.45,6.49,34371776,0.0,0.0
2004-09-14 00:00:00+08:00,6.49,6.53,6.4,6.49,39710858,0.0,0.0
2004-09-15 00:00:00+08:00,6.49,6.53,6.4,6.45,22038494,0.0,0.0
2004-09-16 00:00:00+08:00,6.4,6.45,6.36,6.4,18600059,0.0,0.0
2004-09-17 00:00:00+08:00,6.4,6.45,6.28,6.28,27899105,0.0,0.0
2004-09-20 00:00:00+08:00,6.28,6.28,6.11,6.18,40684596,0.0,0.0
2004-09-21 00:00:00+08:00,6.18,6.36,6.15,6.32,48701488,0.0,0.0
2004-09-22 00:00:00+08:00,6.32,6.32,6.24,6.32,32129058,0.0,0.0
2004-09-23 00:00:00+08:00,6.28,6.28,6.22,6.24,19636701,0.0,0.0
2004-09-24 00:00:00+08:00,6.24,6.28,6.2,6.2,20309308,0.0,0.0
2004-09-27 00:00:00+08:00,6.2,6.24,6.15,6.24,18342214,0.0,0.0
2004-09-28 00:00:00+08:00,6.24,6.24,6.24,6.24,0,0.0,0.0
2004-09-29 00:00:00+08:00,6.22,6.28,6.18,6.18,26482778,0.0,0.0
2004-09-30 00:00:00+08:00,6.22,6.28,6.2,6.24,27564654,0.0,0.0
2004-10-01 00:00:00+08:00,6.32,6.36,6.24,6.28,35904450,0.0,0.0
2004-10-04 00:00:00+08:00,6.36,6.61,6.36,6.53,114413741,0.0,0.0
2004-10-05 00:00:00+08:00,6.57,6.65,6.49,6.61,105987309,0.0,0.0
2004-10-06 00:00:00+08:00,6.53,6.74,6.53,6.61,87553961,0.0,0.0
2004-10-07 00:00:00+08:00,6.65,6.74,6.57,6.65,62854042,0.0,0.0
2004-10-08 00:00:00+08:00,6.61,6.69,6.57,6.69,37477564,0.0,0.0
2004-10-11 00:00:00+08:00,6.69,6.69,6.53,6.61,41409644,0.0,0.0
2004-10-12 00:00:00+08:00,6.61,6.61,6.4,6.4,35266432,0.0,0.0
2004-10-13 00:00:00+08:00,6.45,6.49,6.4,6.45,22526701,0.0,0.0
2004-10-14 00:00:00+08:00,6.4,6.4,6.28,6.28,30616302,0.0,0.0
2004-10-15 00:00:00+08:00,6.28,6.36,6.24,6.32,21934009,0.0,0.0
2004-10-18 00:00:00+08:00,6.32,6.36,6.28,6.32,11743279,0.0,0.0
2004-10-19 00:00:00+08:00,6.36,6.45,6.32,6.45,24615326,0.0,0.0
2004-10-20 00:00:00+08:00,6.45,6.49,6.32,6.4,24591690,0.0,0.0
2004-10-21 00:00:00+08:00,6.4,6.57,6.36,6.45,69408064,0.0,0.0
2004-10-22 00:00:00+08:00,6.45,6.49,6.36,6.4,16377466,0.0,0.0
2004-10-25 00:00:00+08:00,6.4,6.4,6.4,6.4,0,0.0,0.0
2004-10-26 00:00:00+08:00,6.32,6.36,6.28,6.28,20095956,0.0,0.0
2004-10-27 00:00:00+08:00,6.32,6.36,6.24,6.28,23696808,0.0,0.0
2004-10-28 00:00:00+08:00,6.36,6.36,6.28,6.28,28445482,0.0,0.0
2004-10-29 00:00:00+08:00,6.32,6.36,6.28,6.32,19059428,0.0,0.0
2004-11-01 00:00:00+08:00,6.32,6.36,6.2,6.28,21475565,0.0,0.0
2004-11-02 00:00:00+08:00,6.28,6.32,6.2,6.32,21478067,0.0,0.0
2004-11-03 00:00:00+08:00,6.32,6.4,6.24,6.4,34241701,0.0,0.0
2004-11-04 00:00:00+08:00,6.4,6.4,6.32,6.36,22392526,0.0,0.0
2004-11-05 00:00:00+08:00,6.45,6.69,6.45,6.65,159877853,0.0,0.0
2004-11-08 00:00:00+08:00,6.65,6.69,6.57,6.61,91208601,0.0,0.0
2004-11-09 00:00:00+08:00,6.61,6.65,6.57,6.65,89430109,0.0,0.0
2004-11-10 00:00:00+08:00,6.65,6.65,6.53,6.65,40021437,0.0,0.0
2004-11-11 00:00:00+08:00,6.61,6.65,6.53,6.57,28626233,0.0,0.0
2004-11-12 00:00:00+08:00,6.61,6.74,6.57,6.65,102667266,0.0,0.0
2004-11-15 00:00:00+08:00,6.69,6.82,6.69,6.69,109131758,0.0,0.0
2004-11-16 00:00:00+08:00,6.74,6.74,6.65,6.69,34192266,0.0,0.0
2004-11-17 00:00:00+08:00,6.74,6.82,6.69,6.78,72270410,0.0,0.0
2004-11-18 00:00:00+08:00,6.82,6.82,6.74,6.78,52305925,0.0,0.0
2004-11-19 00:00:00+08:00,6.78,6.86,6.74,6.74,61258885,0.0,0.0
2004-11-22 00:00:00+08:00,6.65,6.69,6.45,6.45,57370149,0.0,0.0
2004-11-23 00:00:00+08:00,6.45,6.53,6.36,6.4,42167484,0.0,0.0
2004-11-24 00:00:00+08:00,6.4,6.45,6.36,6.45,26923214,0.0,0.0
2004-11-25 00:00:00+08:00,6.45,6.49,6.36,6.4,23042052,0.0,0.0
2004-11-26 00:00:00+08:00,6.4,6.49,6.24,6.24,56129015,0.0,0.0
2004-11-29 00:00:00+08:00,6.24,6.32,6.2,6.28,40921656,0.0,0.0
2004-11-30 00:00:00+08:00,6.24,6.53,6.22,6.53,50376414,0.0,0.0
2004-12-01 00:00:00+08:00,6.4,6.4,6.32,6.36,41743184,0.0,0.0
2004-12-02 00:00:00+08:00,6.45,6.49,6.36,6.49,29611741,0.0,0.0
2004-12-03 00:00:00+08:00,6.49,6.53,6.45,6.49,26729821,0.0,0.0
2004-12-06 00:00:00+08:00,6.49,6.53,6.45,6.45,41317378,0.0,0.0
2004-12-07 00:00:00+08:00,6.45,6.49,6.4,6.45,19648331,0.0,0.0
2004-12-08 00:00:00+08:00,6.45,6.45,6.36,6.4,25278329,0.0,0.0
2004-12-09 00:00:00+08:00,6.4,6.45,6.36,6.4,45623609,0.0,0.0
2004-12-10 00:00:00+08:00,6.4,6.4,6.28,6.4,41862068,0.0,0.0
2004-12-13 00:00:00+08:00,6.32,6.4,6.24,6.24,44151913,0.0,0.0
2004-12-14 00:00:00+08:00,6.28,6.32,6.24,6.28,34235858,0.0,0.0
2004-12-15 00:00:00+08:00,6.28,6.32,6.24,6.32,28011028,0.0,0.0
2004-12-16 00:00:00+08:00,6.28,6.36,6.28,6.32,39273066,0.0,0.0
2004-12-17 00:00:00+08:00,6.32,6.36,6.28,6.28,27411027,0.0,0.0
2004-12-20 00:00:00+08:00,6.24,6.32,6.2,6.32,44439544,0.0,0.0
2004-12-21 00:00:00+08:00,6.28,6.32,6.24,6.28,28512907,0.0,0.0
2004-12-22 00:00:00+08:00,6.28,6.32,6.24,6.24,29879365,0.0,0.0
2004-12-23 00:00:00+08:00,6.24,6.28,6.22,6.24,19935232,0.0,0.0
2004-12-24 00:00:00+08:00,6.22,6.24,6.2,6.22,24640214,0.0,0.0
2004-12-27 00:00:00+08:00,6.22,6.22,6.18,6.2,15694063,0.0,0.0
2004-12-28 00:00:00+08:00,6.2,6.2,6.15,6.15,21288217,0.0,0.0
2004-12-29 00:00:00+08:00,6.15,6.32,6.15,6.28,61737110,0.0,0.0
2004-12-30 00:00:00+08:00,6.28,6.32,6.24,6.28,34580686,0.0,0.0
2004-12-31 00:00:00+08:00,6.28,6.4,6.24,6.36,68903802,0.0,0.0
2005-01-03 00:00:00+08:00,6.4,6.4,6.32,6.36,31071821,0.0,0.0
2005-01-04 00:00:00+08:00,6.36,6.45,6.32,6.36,37034048,0.0,0.0
2005-01-05 00:00:00+08:00,6.32,6.32,6.24,6.24,30114305,0.0,0.0
2005-01-06 00:00:00+08:00,6.28,6.28,6.22,6.24,56052431,0.0,0.0
2005-01-07 00:00:00+08:00,6.24,6.28,6.18,6.18,30663959,0.0,0.0
2005-01-10 00:00:00+08:00,6.18,6.22,6.15,6.18,35850584,0.0,0.0
2005-01-11 00:00:00+08:00,6.18,6.22,6.18,6.18,22852516,0.0,0.0
2005-01-12 00:00:00+08:00,6.15,6.18,5.9,5.9,75224277,0.0,0.0
2005-01-13 00:00:00+08:00,5.9,5.9,5.61,5.66,110719741,0.0,0.0
2005-01-14 00:00:00+08:00,5.53,5.7,5.53,5.63,71156439,0.0,0.0
2005-01-17 00:00:00+08:00,5.68,5.72,5.66,5.66,32854323,0.0,0.0
2005-01-18 00:00:00+08:00,5.68,5.7,5.66,5.68,32110946,0.0,0.0
2005-01-19 00:00:00+08:00,5.7,5.72,5.57,5.57,38059750,0.0,0.0
2005-01-20 00:00:00+08:00,5.53,5.57,5.51,5.51,37743212,0.0,0.0
2005-01-21 00:00:00+08:00,5.51,5.59,5.51,5.57,43734197,0.0,0.0
2005-01-24 00:00:00+08:00,5.57,5.61,5.28,5.32,62990563,0.0,0.0
2005-01-25 00:00:00+08:00,5.32,5.38,5.24,5.32,52820386,0.0,0.0
2005-01-26 00:00:00+08:00,5.32,5.38,5.28,5.3,31163819,0.0,0.0
2005-01-27 00:00:00+08:00,5.3,5.45,5.28,5.43,54039175,0.0,0.0
2005-01-28 00:00:00+08:00,5.43,5.45,5.36,5.38,36710368,0.0,0.0
2005-01-31 00:00:00+08:00,5.41,5.61,5.41,5.59,49000804,0.0,0.0
2005-02-01 00:00:00+08:00,5.63,5.63,5.55,5.57,27178322,0.0,0.0
2005-02-02 00:00:00+08:00,5.59,5.7,5.59,5.66,43764377,0.0,0.0
2005-02-03 00:00:00+08:00,5.66,5.72,5.61,5.61,37685731,0.0,0.0
2005-02-04 00:00:00+08:00,5.61,5.61,5.61,5.61,0,0.0,0.0
2005-02-14 00:00:00+08:00,5.7,5.76,5.68,5.72,44963537,0.0,0.0
2005-02-15 00:00:00+08:00,5.72,5.78,5.7,5.72,33502555,0.0,0.0
2005-02-16 00:00:00+08:00,5.72,5.74,5.68,5.7,23970621,0.0,0.0
2005-02-17 00:00:00+08:00,5.7,5.7,5.57,5.57,43498072,0.0,0.0
2005-02-18 00:00:00+08:00,5.57,5.63,5.57,5.59,21581573,0.0,0.0
2005-02-21 00:00:00+08:00,5.61,5.78,5.61,5.78,47982131,0.0,0.0
2005-02-22 00:00:00+08:00,5.82,5.86,5.72,5.72,37290228,0.0,0.0
2005-02-23 00:00:00+08:00,5.7,5.72,5.66,5.7,25179896,0.0,0.0
2005-02-24 00:00:00+08:00,5.7,5.72,5.63,5.66,22843750,0.0,0.0
2005-02-25 00:00:00+08:00,5.74,5.8,5.7,5.72,36169591,0.0,0.0
2005-02-28 00:00:00+08:00,5.72,5.72,5.72,5.72,0,0.0,0.0
2005-03-01 00:00:00+08:00,5.74,5.78,5.74,5.74,32019698,0.0,0.0
2005-03-02 00:00:00+08:00,5.76,5.78,5.68,5.7,17300947,0.0,0.0
2005-03-03 00:00:00+08:00,5.68,5.72,5.63,5.63,17411040,0.0,0.0
2005-03-04 00:00:00+08:00,5.63,5.68,5.63,5.63,13573251,0.0,0.0
2005-03-07 00:00:00+08:00,5.66,5.76,5.61,5.61,38610626,0.0,0.0
2005-03-08 00:00:00+08:00,5.68,5.68,5.51,5.51,26811372,0.0,0.0
2005-03-09 00:00:00+08:00,5.51,5.57,5.51,5.53,28114107,0.0,0.0
2005-03-10 00:00:00+08:00,5.53,5.55,5.41,5.43,31983272,0.0,0.0
2005-03-11 00:00:00+08:00,5.47,5.51,5.45,5.45,20369215,0.0,0.0
2005-03-14 00:00:00+08:00,5.45,5.51,5.41,5.47,22976977,0.0,0.0
2005-03-15 00:00:00+08:00,5.49,5.53,5.45,5.47,27244484,0.0,0.0
2005-03-16 00:00:00+08:00,5.47,5.51,5.45,5.49,17761377,0.0,0.0
2005-03-17 00:00:00+08:00,5.45,5.49,5.43,5.43,25213858,0.0,0.0
2005-03-18 00:00:00+08:00,5.43,5.47,5.38,5.38,20358482,0.0,0.0
2005-03-21 00:00:00+08:00,5.38,5.45,5.38,5.41,15643116,0.0,0.0
2005-03-22 00:00:00+08:00,5.41,5.43,5.32,5.32,25020686,0.0,0.0
2005-03-23 00:00:00+08:00,5.32,5.34,5.28,5.3,27369232,0.0,0.0
2005-03-24 00:00:00+08:00,5.3,5.34,5.2,5.2,42636176,0.0,0.0
2005-03-25 00:00:00+08:00,5.2,5.41,5.2,5.41,53803367,0.0,0.0
2005-03-28 00:00:00+08:00,5.45,5.45,5.3,5.3,26017003,0.0,0.0
2005-03-29 00:00:00+08:00,5.28,5.28,5.22,5.28,23708847,0.0,0.0
2005-03-30 00:00:00+08:00,5.24,5.3,5.22,5.26,31288958,0.0,0.0
2005-03-31 00:00:00+08:00,5.3,5.32,5.26,5.26,22116765,0.0,0.0
2005-04-01 00:00:00+08:00,5.26,5.32,5.24,5.3,24784406,0.0,0.0
2005-04-04 00:00:00+08:00,5.3,5.32,5.28,5.28,20523653,0.0,0.0
2005-04-05 00:00:00+08:00,5.28,5.28,5.28,5.28,0,0.0,0.0
2005-04-06 00:00:00+08:00,5.28,5.36,5.28,5.28,22648705,0.0,0.0
2005-04-07 00:00:00+08:00,5.32,5.34,5.26,5.26,28083200,0.0,0.0
2005-04-08 00:00:00+08:00,5.28,5.32,5.26,5.26,25117026,0.0,0.0
2005-04-11 00:00:00+08:00,5.28,5.34,5.28,5.28,26543966,0.0,0.0
2005-04-12 00:00:00+08:00,5.3,5.45,5.3,5.43,34421256,0.0,0.0
2005-04-13 00:00:00+08:00,5.47,5.51,5.45,5.45,29563832,0.0,0.0
2005-04-14 00:00:00+08:00,5.41,5.45,5.34,5.34,23072769,0.0,0.0
2005-04-15 00:00:00+08:00,5.3,5.3,5.09,5.14,61726661,0.0,0.0
2005-04-18 00:00:00+08:00,5.03,5.07,4.84,4.87,49218190,0.0,0.0
2005-04-19 00:00:00+08:00,4.87,5.14,4.87,4.99,41116291,0.0,0.0
2005-04-20 00:00:00+08:00,5.07,5.09,4.97,4.99,29724987,0.0,0.0
2005-04-21 00:00:00+08:00,4.84,5.09,4.82,4.99,45068769,0.0,0.0
2005-04-22 00:00:00+08:00,5.05,5.07,4.91,4.91,29030110,0.0,0.0
2005-04-25 00:00:00+08:00,4.95,4.99,4.91,4.91,14027093,0.0,0.0
2005-04-26 00:00:00+08:00,4.95,4.97,4.91,4.93,16891949,0.0,0.0
2005-04-27 00:00:00+08:00,4.93,4.99,4.91,4.91,20731294,0.0,0.0
2005-04-28 00:00:00+08:00,4.91,4.99,4.89,4.99,25579630,0.0,0.0
2005-04-29 00:00:00+08:00,4.99,5.01,4.93,5.01,16292126,0.0,0.0
2005-05-03 00:00:00+08:00,5.03,5.07,4.99,4.99,26233066,0.0,0.0
2005-05-04 00:00:00+08:00,5.01,5.07,5.01,5.01,25087499,0.0,0.0
2005-05-05 00:00:00+08:00,5.03,5.16,5.03,5.14,37845797,0.0,0.0
2005-05-06 00:00:00+08:00,5.14,5.16,5.09,5.16,21755203,0.0,0.0
2005-05-09 00:00:00+08:00,5.14,5.18,5.09,5.09,18136787,0.0,0.0
2005-05-10 00:00:00+08:00,5.14,5.18,5.09,5.09,13208277,0.0,0.0
2005-05-11 00:00:00+08:00,5.09,5.11,5.01,5.01,22217494,0.0,0.0
2005-05-12 00:00:00+08:00,5.03,5.07,4.99,5.05,14283273,0.0,0.0
2005-05-13 00:00:00+08:00,5.03,5.14,5.01,5.11,20993852,0.0,0.0
2005-05-16 00:00:00+08:00,5.14,5.14,5.03,5.03,16126657,0.0,0.0
2005-05-17 00:00:00+08:00,5.05,5.07,5.01,5.03,16240797,0.0,0.0
2005-05-18 00:00:00+08:00,5.03,5.05,4.91,4.91,45404865,0.0,0.0
2005-05-19 00:00:00+08:00,4.99,5.01,4.91,4.93,27129727,0.0,0.0
2005-05-20 00:00:00+08:00,4.99,4.99,4.93,4.95,10947548,0.0,0.0
2005-05-23 00:00:00+08:00,4.95,4.95,4.87,4.87,16657600,0.0,0.0
2005-05-24 00:00:00+08:00,4.87,4.93,4.87,4.89,10112419,0.0,0.0
2005-05-25 00:00:00+08:00,4.89,4.95,4.89,4.89,23852401,0.0,0.0
2005-05-26 00:00:00+08:00,4.93,4.99,4.91,4.97,21635933,0.0,0.0
2005-05-27 00:00:00+08:00,4.99,5.01,4.95,4.95,23101774,0.0,0.0
2005-05-30 00:00:00+08:00,4.97,5.03,4.95,5.03,21798552,0.0,0.0
2005-05-31 00:00:00+08:00,5.01,5.05,4.97,4.99,33223787,0.0,0.0
2005-06-01 00:00:00+08:00,4.99,5.01,4.93,4.93,28530461,0.0,0.0
2005-06-02 00:00:00+08:00,4.95,5.03,4.95,4.95,28591671,0.0,0.0
2005-06-03 00:00:00+08:00,4.99,5.09,4.95,5.07,47178389,0.0,0.0
2005-06-06 00:00:00+08:00,5.07,5.18,5.05,5.14,58826564,0.0,0.0
2005-06-07 00:00:00+08:00,5.16,5.18,5.07,5.07,31674283,0.0,0.0
2005-06-08 00:00:00+08:00,5.09,5.11,5.07,5.11,24257492,0.0,0.0
2005-06-09 00:00:00+08:00,5.16,5.3,5.14,5.22,68162746,0.0,0.0
2005-06-10 00:00:00+08:00,5.28,5.28,5.18,5.2,35120130,0.0,0.0
2005-06-13 00:00:00+08:00,5.24,5.26,5.2,5.24,27718554,0.0,0.0
2005-06-14 00:00:00+08:00,5.28,5.28,5.16,5.16,29075658,0.0,0.0
2005-06-15 00:00:00+08:00,5.18,5.24,5.16,5.22,24847625,0.0,0.0
2005-06-16 00:00:00+08:00,5.3,5.3,5.2,5.22,24270083,0.0,0.0
2005-06-17 00:00:00+08:00,5.24,5.32,5.22,5.28,49516978,0.0,0.0
2005-06-20 00:00:00+08:00,5.32,5.32,5.24,5.26,20056166,0.0,0.0
2005-06-21 00:00:00+08:00,5.28,5.28,5.2,5.22,20140311,0.0,0.0
2005-06-22 00:00:00+08:00,5.22,5.3,5.22,5.28,31340808,0.0,0.0
2005-06-23 00:00:00+08:00,5.32,5.47,5.3,5.41,89230618,0.0,0.0
2005-06-24 00:00:00+08:00,5.41,5.45,5.38,5.41,56077688,0.0,0.0
2005-06-27 00:00:00+08:00,5.41,5.41,5.34,5.36,40644329,0.0,0.0
2005-06-28 00:00:00+08:00,5.36,5.45,5.36,5.45,33390887,0.0,0.0
2005-06-29 00:00:00+08:00,5.51,5.53,5.34,5.34,84463079,0.0,0.0
2005-06-30 00:00:00+08:00,5.41,5.41,5.24,5.26,36727281,0.0,0.0
2005-07-01 00:00:00+08:00,5.26,5.34,5.22,5.32,26182676,0.0,0.0
2005-07-04 00:00:00+08:00,5.28,5.3,5.22,5.22,22598691,0.0,0.0
2005-07-05 00:00:00+08:00,5.24,5.26,5.16,5.16,28224856,0.0,0.0
2005-07-06 00:00:00+08:00,5.18,5.24,5.16,5.18,18742063,0.0,0.0
2005-07-07 00:00:00+08:00,5.18,5.2,5.14,5.2,14473612,0.0,0.0
2005-07-08 00:00:00+08:00,5.2,5.24,5.16,5.16,15935715,0.0,0.0
2005-07-11 00:00:00+08:00,5.2,5.26,5.2,5.26,21455090,0.0,0.0
2005-07-12 00:00:00+08:00,5.3,5.36,5.28,5.3,31148845,0.0,0.0
2005-07-13 00:00:00+08:00,5.34,5.41,5.32,5.41,38819963,0.0,0.0
2005-07-14 00:00:00+08:00,5.45,5.45,5.36,5.45,49018849,0.0,0.0
2005-07-15 00:00:00+08:00,5.49,5.78,5.49,5.66,138116512,0.0,0.0
2005-07-18 00:00:00+08:00,5.66,5.66,5.66,5.66,0,0.0,0.0
2005-07-19 00:00:00+08:00,5.7,5.76,5.61,5.61,58576694,0.0,0.0
2005-07-20 00:00:00+08:00,5.68,5.76,5.61,5.66,85771670,0.0,0.0
2005-07-21 00:00:00+08:00,5.57,5.72,5.49,5.51,71744092,0.0,0.0
2005-07-22 00:00:00+08:00,5.53,5.61,5.51,5.55,41965285,0.0,0.0
2005-07-25 00:00:00+08:00,5.68,5.76,5.66,5.7,75903194,0.0,0.0
2005-07-26 00:00:00+08:00,5.7,5.7,5.51,5.55,45887137,0.0,0.0
2005-07-27 00:00:00+08:00,5.55,5.61,5.49,5.51,26862788,0.0,0.0
2005-07-28 00:00:00+08:00,5.55,5.59,5.51,5.59,37273326,0.0,0.0
2005-07-29 00:00:00+08:00,5.61,5.66,5.51,5.51,39406107,0.0,0.0
2005-08-01 00:00:00+08:00,5.51,5.57,5.49,5.51,15995699,0.0,0.0
2005-08-02 00:00:00+08:00,5.53,5.59,5.51,5.57,24981200,0.0,0.0
2005-08-03 00:00:00+08:00,5.61,5.66,5.55,5.63,44513215,0.0,0.0
2005-08-04 00:00:00+08:00,5.66,5.66,5.57,5.59,22391503,0.0,0.0
2005-08-05 00:00:00+08:00,5.59,5.59,5.59,5.59,0,0.0,0.0
2005-08-08 00:00:00+08:00,5.59,5.59,5.49,5.49,22142724,0.0,0.0
2005-08-09 00:00:00+08:00,5.49,5.53,5.43,5.47,22082526,0.0,0.0
2005-08-10 00:00:00+08:00,5.49,5.53,5.43,5.43,21900544,0.0,0.0
2005-08-11 00:00:00+08:00,5.49,5.55,5.47,5.49,23656740,0.0,0.0
2005-08-12 00:00:00+08:00,5.51,5.63,5.51,5.53,43374511,0.0,0.0
2005-08-15 00:00:00+08:00,5.57,5.57,5.43,5.43,24114526,0.0,0.0
2005-08-16 00:00:00+08:00,5.45,5.47,5.36,5.36,23817287,0.0,0.0
2005-08-17 00:00:00+08:00,5.36,5.41,5.36,5.36,14623799,0.0,0.0
2005-08-18 00:00:00+08:00,5.36,5.41,5.32,5.34,29377047,0.0,0.0
2005-08-19 00:00:00+08:00,5.34,5.38,5.32,5.32,18261313,0.0,0.0
2005-08-22 00:00:00+08:00,5.34,5.36,5.3,5.32,14234108,0.0,0.0
2005-08-23 00:00:00+08:00,5.32,5.36,5.24,5.26,29241529,0.0,0.0
2005-08-24 00:00:00+08:00,5.24,5.24,5.16,5.18,29839622,0.0,0.0
2005-08-25 00:00:00+08:00,5.16,5.16,5.09,5.11,21074714,0.0,0.0
2005-08-26 00:00:00+08:00,5.11,5.16,5.11,5.14,11393205,0.0,0.0
2005-08-29 00:00:00+08:00,5.11,5.14,4.99,5.01,20899534,0.0,0.0
2005-08-30 00:00:00+08:00,5.07,5.07,5.01,5.05,13863274,0.0,0.0
2005-08-31 00:00:00+08:00,5.03,5.05,4.97,4.97,15975226,0.0,0.0
2005-09-02 00:00:00+08:00,4.99,5.14,4.99,5.05,21787897,0.0,0.0
2005-09-05 00:00:00+08:00,5.07,5.07,4.99,4.99,20401554,0.0,0.0
2005-09-06 00:00:00+08:00,5.03,5.05,5.01,5.03,14945709,0.0,0.0
2005-09-07 00:00:00+08:00,5.07,5.07,5.01,5.03,11606288,0.0,0.0
2005-09-08 00:00:00+08:00,5.03,5.07,4.99,5.01,15611211,0.0,0.0
2005-09-09 00:00:00+08:00,4.99,5.03,4.97,4.97,19125634,0.0,0.0
2005-09-12 00:00:00+08:00,4.97,5.01,4.91,4.93,21428778,0.0,0.0
2005-09-13 00:00:00+08:00,4.93,4.99,4.93,4.97,16053875,0.0,0.0
2005-09-14 00:00:00+08:00,4.97,5.01,4.95,4.97,9480724,0.0,0.0
2005-09-15 00:00:00+08:00,4.97,4.99,4.91,4.91,14721853,0.0,0.0
2005-09-16 00:00:00+08:00,4.93,4.95,4.91,4.91,14848465,0.0,0.0
2005-09-19 00:00:00+08:00,4.91,4.95,4.87,4.89,10859590,0.0,0.0
2005-09-20 00:00:00+08:00,4.89,4.99,4.87,4.95,17198578,0.0,0.0
2005-09-21 00:00:00+08:00,4.97,4.99,4.91,4.91,7751033,0.0,0.0
2005-09-22 00:00:00+08:00,4.89,4.91,4.82,4.82,31599255,0.0,0.0
2005-09-23 00:00:00+08:00,4.82,4.89,4.8,4.82,22020918,0.0,0.0
2005-09-26 00:00:00+08:00,4.91,4.91,4.8,4.82,18243168,0.0,0.0
2005-09-27 00:00:00+08:00,4.8,4.84,4.76,4.76,17830594,0.0,0.0
2005-09-28 00:00:00+08:00,4.78,4.78,4.74,4.74,15052541,0.0,0.0
2005-09-29 00:00:00+08:00,5.07,5.16,5.03,5.14,24467208,0.0,0.0
2005-09-30 00:00:00+08:00,5.21,5.29,5.18,5.29,25480685,0.0,0.0
2005-10-03 00:00:00+08:00,5.29,5.29,5.23,5.25,9315779,0.0,0.0
2005-10-04 00:00:00+08:00,5.25,5.32,5.18,5.23,20622274,0.0,0.0
2005-10-05 00:00:00+08:00,5.23,5.27,5.21,5.21,14465308,0.0,0.0
2005-10-06 00:00:00+08:00,5.18,5.23,5.16,5.18,11375349,0.0,0.0
2005-10-07 00:00:00+08:00,5.14,5.18,5.12,5.12,11342734,0.0,0.0
2005-10-10 00:00:00+08:00,4.82,4.82,4.82,4.82,0,0.0,0.0
2005-10-11 00:00:00+08:00,5.14,5.21,5.14,5.18,9542875,0.0,0.0
2005-10-12 00:00:00+08:00,5.18,5.23,5.12,5.12,26456716,0.0,0.0
2005-10-13 00:00:00+08:00,5.12,5.14,5.05,5.12,18875566,0.0,0.0
2005-10-14 00:00:00+08:00,5.12,5.25,5.1,5.21,34400254,0.0,0.0
2005-10-17 00:00:00+08:00,5.21,5.21,5.07,5.07,19451762,0.0,0.0
2005-10-18 00:00:00+08:00,5.07,5.12,5.01,5.01,30899589,0.0,0.0
2005-10-19 00:00:00+08:00,4.99,4.99,4.68,4.7,65687598,0.0,0.0
2005-10-20 00:00:00+08:00,4.7,4.7,4.54,4.59,85818234,0.0,0.0
2005-10-21 00:00:00+08:00,4.61,4.76,4.61,4.74,41266293,0.0,0.0
2005-10-24 00:00:00+08:00,4.76,4.79,4.7,4.72,20551005,0.0,0.0
2005-10-25 00:00:00+08:00,4.79,4.83,4.74,4.74,20146339,0.0,0.0
2005-10-26 00:00:00+08:00,4.79,4.79,4.68,4.68,21679238,0.0,0.0
2005-10-27 00:00:00+08:00,4.68,4.72,4.63,4.65,10951355,0.0,0.0
2005-10-28 00:00:00+08:00,4.63,4.7,4.52,4.52,18398422,0.0,0.0
2005-10-31 00:00:00+08:00,4.57,4.68,4.57,4.63,15405100,0.0,0.0
2005-11-01 00:00:00+08:00,4.59,4.59,4.39,4.43,79455914,0.0,0.0
2005-11-02 00:00:00+08:00,4.48,4.61,4.46,4.57,43304119,0.0,0.0
2005-11-03 00:00:00+08:00,4.59,4.59,4.5,4.5,21630920,0.0,0.0
2005-11-04 00:00:00+08:00,4.54,4.61,4.52,4.61,23201267,0.0,0.0
2005-11-07 00:00:00+08:00,4.59,4.61,4.54,4.54,14584896,0.0,0.0
2005-11-08 00:00:00+08:00,4.57,4.7,4.57,4.65,19704226,0.0,0.0
2005-11-09 00:00:00+08:00,4.68,4.9,4.68,4.9,46195973,0.0,0.0
2005-11-10 00:00:00+08:00,4.9,4.99,4.85,4.92,42267691,0.0,0.0
2005-11-11 00:00:00+08:00,5.05,5.23,5.05,5.23,78239500,0.0,0.0
2005-11-14 00:00:00+08:00,5.23,5.27,5.16,5.23,40023303,0.0,0.0
2005-11-15 00:00:00+08:00,5.21,5.21,5.01,5.01,37391160,0.0,0.0
2005-11-16 00:00:00+08:00,5.01,5.12,5.01,5.05,21951029,0.0,0.0
2005-11-17 00:00:00+08:00,5.12,5.14,5.07,5.1,25262045,0.0,0.0
2005-11-18 00:00:00+08:00,5.25,5.32,5.21,5.25,52958127,0.0,0.0
2005-11-21 00:00:00+08:00,5.27,5.29,5.12,5.12,23640964,0.0,0.0
2005-11-22 00:00:00+08:00,5.12,5.16,5.05,5.12,21617633,0.0,0.0
2005-11-23 00:00:00+08:00,5.16,5.18,5.1,5.16,15734873,0.0,0.0
2005-11-24 00:00:00+08:00,5.16,5.16,5.07,5.1,18728195,0.0,0.0
2005-11-25 00:00:00+08:00,5.14,5.16,5.07,5.1,16238591,0.0,0.0
2005-11-28 00:00:00+08:00,5.18,5.45,5.18,5.38,86942844,0.0,0.0
2005-11-29 00:00:00+08:00,5.38,5.4,5.29,5.29,43046824,0.0,0.0
2005-11-30 00:00:00+08:00,5.34,5.36,5.29,5.34,24620619,0.0,0.0
2005-12-01 00:00:00+08:00,5.34,5.34,5.21,5.23,20919432,0.0,0.0
2005-12-02 00:00:00+08:00,5.29,5.34,5.25,5.29,39436235,0.0,0.0
2005-12-05 00:00:00+08:00,5.36,5.36,5.25,5.36,27396508,0.0,0.0
2005-12-06 00:00:00+08:00,5.36,5.47,5.32,5.45,59536671,0.0,0.0
2005-12-07 00:00:00+08:00,5.47,5.51,5.38,5.47,44464968,0.0,0.0
2005-12-08 00:00:00+08:00,5.4,5.43,5.21,5.27,51629372,0.0,0.0
2005-12-09 00:00:00+08:00,5.32,5.36,5.25,5.27,22393142,0.0,0.0
2005-12-12 00:00:00+08:00,5.27,5.29,5.25,5.27,12820068,0.0,0.0
2005-12-13 00:00:00+08:00,5.34,5.36,5.27,5.29,14776961,0.0,0.0
2005-12-14 00:00:00+08:00,5.29,5.34,5.25,5.25,13564170,0.0,0.0
2005-12-15 00:00:00+08:00,5.27,5.27,5.16,5.21,24132603,0.0,0.0
2005-12-16 00:00:00+08:00,5.25,5.34,5.25,5.32,29659015,0.0,0.0
2005-12-19 00:00:00+08:00,5.36,5.38,5.29,5.36,24493783,0.0,0.0
2005-12-20 00:00:00+08:00,5.38,5.4,5.34,5.36,19152188,0.0,0.0
2005-12-21 00:00:00+08:00,5.38,5.45,5.36,5.43,31727041,0.0,0.0
2005-12-22 00:00:00+08:00,5.14,5.14,5.03,5.03,17486389,0.0,0.0
2005-12-23 00:00:00+08:00,5.36,5.38,5.29,5.34,28637082,0.0,0.0
2005-12-26 00:00:00+08:00,5.09,5.14,5.05,5.05,24305376,0.0,0.0
2005-12-27 00:00:00+08:00,5.36,5.38,5.29,5.29,19529072,0.0,0.0
2005-12-28 00:00:00+08:00,5.29,5.32,5.23,5.25,22007803,0.0,0.0
2005-12-29 00:00:00+08:00,5.27,5.36,5.25,5.34,43064943,0.0,0.0
2005-12-30 00:00:00+08:00,5.34,5.36,5.27,5.27,21019693,0.0,0.0
2006-01-02 00:00:00+08:00,5.21,5.25,5.16,5.16,23829405,0.0,0.0
2006-01-03 00:00:00+08:00,5.16,5.23,5.12,5.23,43649596,0.0,0.0
2006-01-04 00:00:00+08:00,5.29,5.29,5.21,5.27,28551317,0.0,0.0
2006-01-05 00:00:00+08:00,5.29,5.43,5.29,5.36,69305435,0.0,0.0
2006-01-06 00:00:00+08:00,5.4,5.43,5.29,5.34,40792773,0.0,0.0
2006-01-09 00:00:00+08:00,5.38,5.43,5.32,5.43,37097626,0.0,0.0
2006-01-10 00:00:00+08:00,5.47,5.56,5.47,5.49,56665353,0.0,0.0
2006-01-11 00:00:00+08:00,5.51,5.69,5.45,5.69,92591260,0.0,0.0
2006-01-12 00:00:00+08:00,5.76,5.89,5.69,5.74,95909523,0.0,0.0
2006-01-13 00:00:00+08:00,5.74,5.78,5.58,5.6,47192539,0.0,0.0
2006-01-16 00:00:00+08:00,5.6,5.69,5.6,5.6,22644398,0.0,0.0
2006-01-17 00:00:00+08:00,5.62,5.65,5.51,5.51,26369743,0.0,0.0
2006-01-18 00:00:00+08:00,5.47,5.49,5.29,5.34,50021579,0.0,0.0
2006-01-19 00:00:00+08:00,5.34,5.4,5.25,5.34,52641642,0.0,0.0
2006-01-20 00:00:00+08:00,5.34,5.38,5.27,5.29,29102146,0.0,0.0
2006-01-23 00:00:00+08:00,5.25,5.34,5.23,5.29,25083267,0.0,0.0
2006-01-24 00:00:00+08:00,5.29,5.36,5.29,5.29,20151170,0.0,0.0
2006-01-25 00:00:00+08:00,5.36,5.38,5.32,5.36,18963747,0.0,0.0
2006-02-03 00:00:00+08:00,5.43,5.56,5.43,5.51,42788321,0.0,0.0
2006-02-06 00:00:00+08:00,5.51,5.6,5.43,5.6,35975432,0.0,0.0
2006-02-07 00:00:00+08:00,5.58,5.67,5.51,5.67,52368643,0.0,0.0
2006-02-08 00:00:00+08:00,5.65,5.67,5.51,5.51,26039970,0.0,0.0
2006-02-09 00:00:00+08:00,5.56,5.58,5.47,5.49,28559773,0.0,0.0
2006-02-10 00:00:00+08:00,5.49,5.6,5.49,5.49,25914343,0.0,0.0
2006-02-13 00:00:00+08:00,5.54,5.62,5.49,5.49,29546675,0.0,0.0
2006-02-14 00:00:00+08:00,5.49,5.51,5.4,5.45,23361925,0.0,0.0
2006-02-15 00:00:00+08:00,5.49,5.51,5.43,5.45,23592645,0.0,0.0
2006-02-16 00:00:00+08:00,5.49,5.58,5.49,5.54,28844851,0.0,0.0
2006-02-17 00:00:00+08:00,5.58,5.6,5.47,5.47,32230760,0.0,0.0
2006-02-20 00:00:00+08:00,5.49,5.56,5.45,5.49,33106530,0.0,0.0
2006-02-21 00:00:00+08:00,5.51,5.54,5.45,5.45,19561686,0.0,0.0
2006-02-22 00:00:00+08:00,5.45,5.47,5.32,5.38,33883248,0.0,0.0
2006-02-23 00:00:00+08:00,5.36,5.38,5.32,5.32,25931254,0.0,0.0
2006-02-24 00:00:00+08:00,5.36,5.45,5.36,5.38,27601861,0.0,0.0
2006-02-27 00:00:00+08:00,5.38,5.58,5.38,5.51,52636810,0.0,0.0
2006-03-01 00:00:00+08:00,5.49,5.56,5.47,5.51,24559013,0.0,0.0
2006-03-02 00:00:00+08:00,5.56,5.56,5.43,5.49,21460598,0.0,0.0
2006-03-03 00:00:00+08:00,5.47,5.49,5.34,5.34,23305151,0.0,0.0
2006-03-06 00:00:00+08:00,5.34,5.4,5.34,5.36,19314055,0.0,0.0
2006-03-07 00:00:00+08:00,5.36,5.36,5.29,5.29,33615081,0.0,0.0
2006-03-08 00:00:00+08:00,5.32,5.38,5.29,5.29,17505740,0.0,0.0
2006-03-09 00:00:00+08:00,5.32,5.36,5.32,5.36,13709125,0.0,0.0
2006-03-10 00:00:00+08:00,5.34,5.36,5.29,5.29,13611281,0.0,0.0
2006-03-13 00:00:00+08:00,5.29,5.34,5.29,5.29,10706140,0.0,0.0
2006-03-14 00:00:00+08:00,5.29,5.32,5.16,5.18,30468348,0.0,0.0
2006-03-15 00:00:00+08:00,5.23,5.27,5.21,5.23,22079073,0.0,0.0
2006-03-16 00:00:00+08:00,5.27,5.29,5.23,5.25,20732199,0.0,0.0
2006-03-17 00:00:00+08:00,5.25,5.27,5.18,5.18,18174950,0.0,0.0
2006-03-20 00:00:00+08:00,5.23,5.27,5.18,5.18,20712871,0.0,0.0
2006-03-21 00:00:00+08:00,5.18,5.27,5.18,5.18,14418197,0.0,0.0
2006-03-22 00:00:00+08:00,5.18,5.18,4.87,4.92,45994244,0.0,0.0
2006-03-23 00:00:00+08:00,4.94,5.1,4.92,5.1,24085493,0.0,0.0
2006-03-24 00:00:00+08:00,5.12,5.25,5.07,5.25,26212708,0.0,0.0
2006-03-27 00:00:00+08:00,5.25,5.27,5.18,5.23,15911235,0.0,0.0
2006-03-28 00:00:00+08:00,5.23,5.25,5.16,5.18,16787005,0.0,0.0
2006-03-29 00:00:00+08:00,5.18,5.21,5.05,5.14,18870734,0.0,0.0
2006-03-30 00:00:00+08:00,5.14,5.29,5.12,5.29,45513476,0.0,0.0
2006-03-31 00:00:00+08:00,5.27,5.34,5.25,5.29,23686866,0.0,0.0
2006-04-03 00:00:00+08:00,5.29,5.29,5.18,5.23,11574662,0.0,0.0
2006-04-04 00:00:00+08:00,5.21,5.25,5.14,5.16,20942384,0.0,0.0
2006-04-06 00:00:00+08:00,5.16,5.27,5.16,5.25,26999090,0.0,0.0
2006-04-07 00:00:00+08:00,5.25,5.32,5.25,5.27,20166874,0.0,0.0
2006-04-10 00:00:00+08:00,5.25,5.43,5.23,5.38,24508278,0.0,0.0
2006-04-11 00:00:00+08:00,5.4,5.47,5.4,5.45,27673131,0.0,0.0
2006-04-12 00:00:00+08:00,5.43,5.51,5.4,5.51,30928580,0.0,0.0
2006-04-13 00:00:00+08:00,5.56,5.56,5.47,5.49,27685210,0.0,0.0
2006-04-14 00:00:00+08:00,5.54,5.58,5.51,5.56,45887943,0.0,0.0
2006-04-17 00:00:00+08:00,5.56,5.65,5.56,5.62,44672737,0.0,0.0
2006-04-18 00:00:00+08:00,5.67,5.67,5.56,5.65,28099540,0.0,0.0
2006-04-19 00:00:00+08:00,5.74,5.76,5.67,5.67,46036522,0.0,0.0
2006-04-20 00:00:00+08:00,5.69,5.76,5.62,5.67,39674203,0.0,0.0
2006-04-21 00:00:00+08:00,5.67,5.71,5.58,5.58,23951409,0.0,0.0
2006-04-24 00:00:00+08:00,5.56,5.62,5.51,5.56,24481703,0.0,0.0
2006-04-25 00:00:00+08:00,5.6,5.69,5.56,5.62,27175452,0.0,0.0
2006-04-26 00:00:00+08:00,5.67,5.74,5.58,5.74,21251621,0.0,0.0
2006-04-27 00:00:00+08:00,5.74,5.89,5.65,5.65,106130064,0.0,0.0
2006-04-28 00:00:00+08:00,5.69,5.71,5.62,5.67,30426069,0.0,0.0
2006-05-02 00:00:00+08:00,5.69,5.8,5.67,5.78,33249069,0.0,0.0
2006-05-03 00:00:00+08:00,5.78,5.85,5.71,5.74,38973587,0.0,0.0
2006-05-04 00:00:00+08:00,5.73,5.98,5.65,5.98,95036169,0.0,0.0
2006-05-05 00:00:00+08:00,6.09,6.18,5.91,5.93,161303588,0.0,0.0
2006-05-08 00:00:00+08:00,6.04,6.24,6.04,6.24,127193243,0.0,0.0
2006-05-09 00:00:00+08:00,6.26,6.33,6.13,6.2,143964545,0.0,0.0
2006-05-10 00:00:00+08:00,6.29,6.42,6.09,6.13,93429583,0.0,0.0
2006-05-11 00:00:00+08:00,6.13,6.22,6.11,6.18,56139891,0.0,0.0
2006-05-12 00:00:00+08:00,6.13,6.24,6.09,6.09,56672601,0.0,0.0
2006-05-15 00:00:00+08:00,6.09,6.09,5.96,5.96,42804024,0.0,0.0
2006-05-16 00:00:00+08:00,5.96,5.96,5.74,5.74,83935026,0.0,0.0
2006-05-17 00:00:00+08:00,5.74,5.82,5.71,5.8,32785213,0.0,0.0
2006-05-18 00:00:00+08:00,5.36,5.38,5.28,5.32,42601690,0.0,0.0
2006-05-19 00:00:00+08:00,5.32,5.41,5.28,5.41,18519298,0.0,0.0
2006-05-22 00:00:00+08:00,5.76,5.76,5.51,5.54,32884266,0.0,0.0
2006-05-23 00:00:00+08:00,5.49,5.58,5.47,5.49,25419079,0.0,0.0
2006-05-24 00:00:00+08:00,5.54,5.6,5.45,5.56,21703398,0.0,0.0
2006-05-25 00:00:00+08:00,5.54,5.58,5.47,5.47,27187531,0.0,0.0
2006-05-26 00:00:00+08:00,5.54,5.62,5.54,5.54,23378837,0.0,0.0
2006-05-29 00:00:00+08:00,5.24,5.3,5.2,5.2,21193837,0.0,0.0
2006-05-30 00:00:00+08:00,5.56,5.62,5.51,5.51,19977224,0.0,0.0
2006-06-01 00:00:00+08:00,5.32,5.43,5.32,5.34,35451178,0.0,0.0
2006-06-02 00:00:00+08:00,5.38,5.47,5.32,5.45,22246979,0.0,0.0
2006-06-05 00:00:00+08:00,5.45,5.51,5.27,5.27,45593202,0.0,0.0
2006-06-06 00:00:00+08:00,5.29,5.43,5.29,5.43,28202217,0.0,0.0
2006-06-07 00:00:00+08:00,5.4,5.4,5.34,5.34,15687762,0.0,0.0
2006-06-08 00:00:00+08:00,5.29,5.36,5.16,5.16,66006500,0.0,0.0
2006-06-09 00:00:00+08:00,5.21,5.34,5.16,5.25,40720295,0.0,0.0
2006-06-12 00:00:00+08:00,5.21,5.29,5.18,5.29,24443049,0.0,0.0
2006-06-13 00:00:00+08:00,5.21,5.34,5.18,5.29,33680311,0.0,0.0
2006-06-14 00:00:00+08:00,5.29,5.45,5.25,5.4,39809494,0.0,0.0
2006-06-15 00:00:00+08:00,5.45,5.47,5.4,5.45,24652025,0.0,0.0
2006-06-16 00:00:00+08:00,5.54,5.67,5.54,5.62,45247725,0.0,0.0
2006-06-19 00:00:00+08:00,5.62,5.78,5.62,5.74,39936330,0.0,0.0
2006-06-20 00:00:00+08:00,5.71,5.71,5.47,5.51,41854569,0.0,0.0
2006-06-21 00:00:00+08:00,5.51,5.56,5.49,5.56,21961901,0.0,0.0
2006-06-22 00:00:00+08:00,5.65,5.71,5.6,5.67,22139471,0.0,0.0
2006-06-23 00:00:00+08:00,5.62,5.67,5.56,5.6,16154034,0.0,0.0
2006-06-26 00:00:00+08:00,5.6,5.65,5.54,5.65,14204389,0.0,0.0
2006-06-27 00:00:00+08:00,5.67,5.69,5.6,5.67,14072721,0.0,0.0
2006-06-28 00:00:00+08:00,5.62,5.65,5.56,5.65,19351502,0.0,0.0
2006-06-29 00:00:00+08:00,5.67,5.74,5.67,5.74,32413162,0.0,0.0
2006-06-30 00:00:00+08:00,5.82,5.85,5.71,5.78,38090569,0.0,0.0
2006-07-03 00:00:00+08:00,5.78,5.8,5.76,5.8,16582860,0.0,0.0
2006-07-04 00:00:00+08:00,5.8,5.82,5.71,5.71,16058606,0.0,0.0
2006-07-05 00:00:00+08:00,5.69,5.74,5.65,5.67,17267772,0.0,0.0
2006-07-06 00:00:00+08:00,5.67,5.74,5.65,5.69,20313037,0.0,0.0
2006-07-07 00:00:00+08:00,5.69,5.71,5.65,5.67,7697114,0.0,0.0
2006-07-10 00:00:00+08:00,5.65,5.71,5.58,5.65,12656993,0.0,0.0
2006-07-11 00:00:00+08:00,5.67,5.71,5.65,5.65,6873286,0.0,0.0
2006-07-12 00:00:00+08:00,5.69,5.78,5.65,5.65,21680446,0.0,0.0
2006-07-13 00:00:00+08:00,5.65,5.71,5.62,5.65,9308531,0.0,0.0
2006-07-14 00:00:00+08:00,5.6,5.62,5.51,5.54,27593405,0.0,0.0
2006-07-17 00:00:00+08:00,5.54,5.56,5.4,5.4,35453594,0.0,0.0
2006-07-18 00:00:00+08:00,5.43,5.45,5.4,5.4,23345014,0.0,0.0
2006-07-19 00:00:00+08:00,5.43,5.45,5.32,5.32,21101834,0.0,0.0
2006-07-20 00:00:00+08:00,5.47,5.47,5.4,5.43,14914668,0.0,0.0
2006-07-21 00:00:00+08:00,5.4,5.58,5.38,5.58,19154604,0.0,0.0
2006-07-24 00:00:00+08:00,5.49,5.6,5.47,5.6,15762656,0.0,0.0
2006-07-25 00:00:00+08:00,5.65,5.69,5.6,5.6,15312087,0.0,0.0
2006-07-26 00:00:00+08:00,5.3,5.32,5.24,5.24,6438375,0.0,0.0
2006-07-27 00:00:00+08:00,5.28,5.36,5.28,5.32,25406205,0.0,0.0
2006-07-28 00:00:00+08:00,5.67,5.71,5.6,5.65,15432883,0.0,0.0
2006-07-31 00:00:00+08:00,5.69,5.69,5.56,5.58,11411588,0.0,0.0
2006-08-01 00:00:00+08:00,5.58,5.6,5.51,5.51,11737736,0.0,0.0
2006-08-02 00:00:00+08:00,5.51,5.58,5.47,5.56,21517372,0.0,0.0
2006-08-03 00:00:00+08:00,5.56,5.58,5.49,5.49,16865522,0.0,0.0
2006-08-04 00:00:00+08:00,5.54,5.54,5.45,5.47,13002469,0.0,0.0
2006-08-07 00:00:00+08:00,5.45,5.54,5.43,5.49,10592591,0.0,0.0
2006-08-08 00:00:00+08:00,5.49,5.6,5.45,5.6,13409552,0.0,0.0
2006-08-09 00:00:00+08:00,5.6,5.65,5.54,5.62,15726417,0.0,0.0
2006-08-10 00:00:00+08:00,5.6,5.65,5.56,5.6,13072531,0.0,0.0
2006-08-11 00:00:00+08:00,5.65,5.69,5.6,5.65,25974740,0.0,0.0
2006-08-14 00:00:00+08:00,5.65,5.71,5.65,5.65,16383547,0.0,0.0
2006-08-15 00:00:00+08:00,5.67,5.67,5.62,5.62,6988042,0.0,0.0
2006-08-16 00:00:00+08:00,5.34,5.36,5.32,5.36,12763975,0.0,0.0
2006-08-17 00:00:00+08:00,5.65,5.71,5.62,5.62,16425825,0.0,0.0
2006-08-18 00:00:00+08:00,5.62,5.67,5.6,5.6,11598821,0.0,0.0
2006-08-21 00:00:00+08:00,5.6,5.65,5.45,5.45,31406,0.0,0.0
2006-08-22 00:00:00+08:00,5.47,5.54,5.47,5.54,13287,0.0,0.0
2006-08-23 00:00:00+08:00,5.51,5.58,5.47,5.49,22992290,0.0,0.0
2006-08-24 00:00:00+08:00,5.56,5.6,5.51,5.58,13970045,0.0,0.0
2006-08-25 00:00:00+08:00,5.62,5.65,5.58,5.62,19622084,0.0,0.0
2006-08-28 00:00:00+08:00,5.58,5.62,5.54,5.56,15287928,0.0,0.0
2006-08-29 00:00:00+08:00,5.58,5.62,5.56,5.56,15423219,0.0,0.0
2006-08-30 00:00:00+08:00,5.56,5.65,5.56,5.62,20970167,0.0,0.0
2006-08-31 00:00:00+08:00,5.62,5.76,5.6,5.6,46950947,0.0,0.0
2006-09-01 00:00:00+08:00,5.62,5.74,5.62,5.69,26879502,0.0,0.0
2006-09-04 00:00:00+08:00,5.74,5.76,5.71,5.74,24840467,0.0,0.0
2006-09-05 00:00:00+08:00,5.76,5.76,5.69,5.74,23810078,0.0,0.0
2006-09-06 00:00:00+08:00,5.69,5.74,5.65,5.67,28147859,0.0,0.0
2006-09-07 00:00:00+08:00,5.62,5.71,5.6,5.71,21976396,0.0,0.0
2006-09-08 00:00:00+08:00,5.69,5.74,5.67,5.71,18474523,0.0,0.0
2006-09-11 00:00:00+08:00,5.74,5.76,5.69,5.71,32096676,0.0,0.0
2006-09-12 00:00:00+08:00,5.69,5.71,5.67,5.67,16835323,0.0,0.0
2006-09-13 00:00:00+08:00,5.69,5.69,5.62,5.65,37620673,0.0,0.0
2006-09-14 00:00:00+08:00,5.78,5.81,5.69,5.69,33994075,0.19,1.03
2006-09-15 00:00:00+08:00,5.52,5.66,5.52,5.66,22673389,0.0,0.0
2006-09-18 00:00:00+08:00,5.88,6.06,5.88,6.04,50593542,0.0,0.0
2006-09-19 00:00:00+08:00,6.01,6.06,5.99,5.99,19925458,0.0,0.0
2006-09-20 00:00:00+08:00,5.97,6.01,5.94,6.01,16506817,0.0,0.0
2006-09-21 00:00:00+08:00,6.01,6.06,5.99,6.06,20382841,0.0,0.0
2006-09-22 00:00:00+08:00,6.06,6.22,6.06,6.22,32860001,0.0,0.0
2006-09-25 00:00:00+08:00,6.18,6.25,6.15,6.2,22180706,0.0,0.0
2006-09-26 00:00:00+08:00,6.2,6.27,6.18,6.25,31710681,0.0,0.0
2006-09-27 00:00:00+08:00,6.31,6.34,6.27,6.34,37160569,0.0,0.0
2006-09-28 00:00:00+08:00,6.34,6.36,6.2,6.25,44549056,0.0,0.0
2006-09-29 00:00:00+08:00,6.25,6.41,6.22,6.36,34912358,0.0,0.0
2006-10-02 00:00:00+08:00,6.41,6.55,6.41,6.5,58038322,0.0,0.0
2006-10-03 00:00:00+08:00,6.48,6.5,6.43,6.43,24180288,0.0,0.0
2006-10-04 00:00:00+08:00,6.45,6.62,6.38,6.38,48005226,0.0,0.0
2006-10-05 00:00:00+08:00,6.43,6.55,6.38,6.43,33422933,0.0,0.0
2006-10-11 00:00:00+08:00,6.45,6.57,6.45,6.5,21851156,0.0,0.0
2006-10-12 00:00:00+08:00,6.5,6.52,6.43,6.45,21792517,0.0,0.0
2006-10-13 00:00:00+08:00,6.52,6.57,6.45,6.48,34559353,0.0,0.0
2006-10-16 00:00:00+08:00,6.52,6.52,6.45,6.5,24772540,0.0,0.0
2006-10-17 00:00:00+08:00,6.48,6.48,6.36,6.38,44649915,0.0,0.0
2006-10-18 00:00:00+08:00,6.34,6.36,6.25,6.27,24494592,0.0,0.0
2006-10-19 00:00:00+08:00,6.2,6.27,6.18,6.2,31956964,0.0,0.0
2006-10-20 00:00:00+08:00,6.15,6.27,6.15,6.25,20884789,0.0,0.0
2006-10-23 00:00:00+08:00,6.2,6.25,6.15,6.25,17045121,0.0,0.0
2006-10-24 00:00:00+08:00,6.29,6.41,6.25,6.36,33388923,0.0,0.0
2006-10-25 00:00:00+08:00,6.34,6.38,6.31,6.31,14582292,0.0,0.0
2006-10-26 00:00:00+08:00,6.13,6.2,6.13,6.13,14296193,0.0,0.0
2006-10-27 00:00:00+08:00,6.31,6.36,6.27,6.27,7157449,0.0,0.0
2006-10-30 00:00:00+08:00,6.2,6.25,6.13,6.13,27278761,0.0,0.0
2006-10-31 00:00:00+08:00,6.06,6.06,5.92,5.99,45113161,0.0,0.0
2006-11-01 00:00:00+08:00,5.99,6.08,5.99,5.99,21458276,0.0,0.0
2006-11-02 00:00:00+08:00,5.99,6.13,5.99,6.11,17433310,0.0,0.0
2006-11-03 00:00:00+08:00,6.11,6.22,6.11,6.18,20510673,0.0,0.0
2006-11-06 00:00:00+08:00,6.04,6.18,6.04,6.13,17731195,0.0,0.0
2006-11-07 00:00:00+08:00,6.15,6.18,6.01,6.13,20661961,0.0,0.0
2006-11-08 00:00:00+08:00,6.13,6.15,6.06,6.06,10856384,0.0,0.0
2006-11-09 00:00:00+08:00,6.08,6.2,6.08,6.13,17314859,0.0,0.0
2006-11-10 00:00:00+08:00,6.2,6.2,6.11,6.13,8237576,0.0,0.0
2006-11-13 00:00:00+08:00,6.13,6.15,6.06,6.08,15559214,0.0,0.0
2006-11-14 00:00:00+08:00,6.11,6.25,6.08,6.25,32225529,0.0,0.0
2006-11-15 00:00:00+08:00,6.25,6.29,6.18,6.22,17259739,0.0,0.0
2006-11-16 00:00:00+08:00,6.25,6.27,6.2,6.25,14637413,0.0,0.0
2006-11-17 00:00:00+08:00,6.29,6.34,6.27,6.27,20070882,0.0,0.0
2006-11-20 00:00:00+08:00,6.27,6.29,6.2,6.25,18364494,0.0,0.0
2006-11-21 00:00:00+08:00,6.22,6.29,6.22,6.29,16715571,0.0,0.0
2006-11-22 00:00:00+08:00,6.29,6.36,6.27,6.36,17690148,0.0,0.0
2006-11-23 00:00:00+08:00,6.48,6.55,6.45,6.48,57270154,0.0,0.0
2006-11-24 00:00:00+08:00,6.48,6.52,6.43,6.5,32976106,0.0,0.0
2006-11-27 00:00:00+08:00,6.5,6.64,6.5,6.57,56391745,0.0,0.0
2006-11-28 00:00:00+08:00,6.55,6.64,6.52,6.62,32963205,0.0,0.0
2006-11-29 00:00:00+08:00,6.62,6.71,6.62,6.64,37221554,0.0,0.0
2006-11-30 00:00:00+08:00,6.68,6.68,6.62,6.66,30658701,0.0,0.0
2006-12-01 00:00:00+08:00,6.66,6.66,6.62,6.66,25933588,0.0,0.0
2006-12-04 00:00:00+08:00,6.66,6.82,6.66,6.82,31593403,0.0,0.0
2006-12-05 00:00:00+08:00,6.85,6.92,6.73,6.75,51008704,0.0,0.0
2006-12-06 00:00:00+08:00,6.85,6.87,6.8,6.8,24305775,0.0,0.0
2006-12-07 00:00:00+08:00,6.82,7.01,6.82,6.92,45859046,0.0,0.0
2006-12-08 00:00:00+08:00,6.92,6.96,6.87,6.89,28087977,0.0,0.0
2006-12-11 00:00:00+08:00,6.92,6.96,6.89,6.92,18295300,0.0,0.0
2006-12-12 00:00:00+08:00,6.92,6.94,6.82,6.82,26772122,0.0,0.0
2006-12-13 00:00:00+08:00,6.82,6.87,6.73,6.8,27883914,0.0,0.0
2006-12-14 00:00:00+08:00,6.78,6.82,6.75,6.78,10613619,0.0,0.0
2006-12-15 00:00:00+08:00,6.82,6.89,6.8,6.85,14839130,0.0,0.0
2006-12-18 00:00:00+08:00,6.87,7.01,6.87,6.99,26257274,0.0,0.0
2006-12-19 00:00:00+08:00,6.99,7.05,6.94,6.94,21896894,0.0,0.0
2006-12-20 00:00:00+08:00,6.94,6.96,6.92,6.96,14058061,0.0,0.0
2006-12-21 00:00:00+08:00,6.96,6.99,6.92,6.92,18107656,0.0,0.0
2006-12-22 00:00:00+08:00,6.92,6.94,6.87,6.89,10486959,0.0,0.0
2006-12-25 00:00:00+08:00,6.89,6.89,6.82,6.82,13612407,0.0,0.0
2006-12-26 00:00:00+08:00,6.82,6.94,6.82,6.89,21703386,0.0,0.0
2006-12-27 00:00:00+08:00,6.92,6.99,6.87,6.89,23016895,0.0,0.0
2006-12-28 00:00:00+08:00,6.94,6.94,6.89,6.89,12132364,0.0,0.0
2006-12-29 00:00:00+08:00,6.89,6.99,6.89,6.94,23165837,0.0,0.0
2007-01-02 00:00:00+08:00,6.99,7.4,6.96,7.4,76060365,0.0,0.0
2007-01-03 00:00:00+08:00,7.49,7.63,7.36,7.36,64574200,0.0,0.0
2007-01-04 00:00:00+08:00,7.36,7.4,7.26,7.31,20251490,0.0,0.0
2007-01-05 00:00:00+08:00,7.24,7.4,7.17,7.26,34695395,0.0,0.0
2007-01-08 00:00:00+08:00,7.17,7.24,7.15,7.19,29056689,0.0,0.0
2007-01-09 00:00:00+08:00,7.22,7.29,7.22,7.26,17504849,0.0,0.0
2007-01-10 00:00:00+08:00,7.22,7.22,7.01,7.01,48476682,0.0,0.0
2007-01-11 00:00:00+08:00,7.01,7.08,6.85,6.87,39390016,0.0,0.0
2007-01-12 00:00:00+08:00,6.89,7.01,6.89,7.01,24244791,0.0,0.0
2007-01-15 00:00:00+08:00,7.01,7.01,6.85,6.85,21989543,0.0,0.0
2007-01-16 00:00:00+08:00,6.85,6.92,6.85,6.89,12239086,0.0,0.0
2007-01-17 00:00:00+08:00,6.87,6.96,6.8,6.89,18044326,0.0,0.0
2007-01-18 00:00:00+08:00,6.85,6.94,6.78,6.94,22389460,0.0,0.0
2007-01-19 00:00:00+08:00,6.94,7.01,6.82,6.87,25038760,0.0,0.0
2007-01-22 00:00:00+08:00,6.87,6.96,6.8,6.94,19899657,0.0,0.0
2007-01-23 00:00:00+08:00,6.94,6.96,6.89,6.94,9138267,0.0,0.0
2007-01-24 00:00:00+08:00,6.99,7.24,6.99,7.24,31390513,0.0,0.0
2007-01-25 00:00:00+08:00,7.22,7.22,7.08,7.1,19156117,0.0,0.0
2007-01-26 00:00:00+08:00,7.01,7.1,7.01,7.01,12124154,0.0,0.0
2007-01-29 00:00:00+08:00,7.01,7.08,6.94,6.96,11610479,0.0,0.0
2007-01-30 00:00:00+08:00,6.94,7.08,6.94,7.01,15032638,0.0,0.0
2007-01-31 00:00:00+08:00,7.03,7.05,6.94,7.05,19310924,0.0,0.0
2007-02-01 00:00:00+08:00,7.03,7.1,7.01,7.08,15196827,0.0,0.0
2007-02-02 00:00:00+08:00,7.12,7.19,7.1,7.19,24118131,0.0,0.0
2007-02-05 00:00:00+08:00,7.19,7.22,7.12,7.12,17076786,0.0,0.0
2007-02-06 00:00:00+08:00,7.15,7.17,7.1,7.17,17083823,0.0,0.0
2007-02-07 00:00:00+08:00,7.17,7.19,7.15,7.17,12824301,0.0,0.0
2007-02-08 00:00:00+08:00,7.17,7.22,7.08,7.17,17828535,0.0,0.0
2007-02-09 00:00:00+08:00,7.15,7.19,7.1,7.19,18084200,0.0,0.0
2007-02-12 00:00:00+08:00,7.15,7.17,7.08,7.15,14557664,0.0,0.0
2007-02-13 00:00:00+08:00,7.15,7.17,7.12,7.15,20721773,0.0,0.0
2007-02-14 00:00:00+08:00,7.17,7.17,7.1,7.17,25613420,0.0,0.0
2007-02-26 00:00:00+08:00,7.22,7.29,7.15,7.15,31532419,0.0,0.0
2007-02-27 00:00:00+08:00,7.12,7.15,7.03,7.03,20084956,0.0,0.0
2007-03-01 00:00:00+08:00,6.87,7.01,6.8,6.82,47067005,0.0,0.0
2007-03-02 00:00:00+08:00,6.82,6.89,6.78,6.87,17466147,0.0,0.0
2007-03-05 00:00:00+08:00,6.94,6.94,6.64,6.78,40373975,0.0,0.0
2007-03-06 00:00:00+08:00,6.78,6.89,6.75,6.89,31432733,0.0,0.0
2007-03-07 00:00:00+08:00,6.69,6.74,6.6,6.69,36189241,0.0,0.0
2007-03-08 00:00:00+08:00,6.94,6.94,6.85,6.94,16287508,0.0,0.0
2007-03-09 00:00:00+08:00,6.94,6.94,6.85,6.85,11931819,0.0,0.0
2007-03-12 00:00:00+08:00,6.85,6.89,6.82,6.82,11264510,0.0,0.0
2007-03-13 00:00:00+08:00,6.85,6.85,6.78,6.82,13342668,0.0,0.0
2007-03-14 00:00:00+08:00,6.78,6.85,6.66,6.66,30010156,0.0,0.0
2007-03-15 00:00:00+08:00,6.71,6.8,6.71,6.73,13196071,0.0,0.0
2007-03-16 00:00:00+08:00,6.75,6.87,6.71,6.73,17625645,0.0,0.0
2007-03-19 00:00:00+08:00,6.73,6.75,6.68,6.68,11890772,0.0,0.0
2007-03-20 00:00:00+08:00,6.73,6.75,6.68,6.68,18851196,0.0,0.0
2007-03-21 00:00:00+08:00,6.71,6.73,6.64,6.66,11031127,0.0,0.0
2007-03-22 00:00:00+08:00,6.71,6.8,6.64,6.78,31300209,0.0,0.0
2007-03-23 00:00:00+08:00,6.75,6.85,6.73,6.82,13508030,0.0,0.0
2007-03-26 00:00:00+08:00,6.82,6.85,6.8,6.85,10679295,0.0,0.0
2007-03-27 00:00:00+08:00,6.8,6.89,6.78,6.78,17759341,0.0,0.0
2007-03-28 00:00:00+08:00,6.73,6.87,6.73,6.73,31709508,0.0,0.0
2007-03-29 00:00:00+08:00,6.71,6.75,6.68,6.68,135278500,0.0,0.0
2007-03-30 00:00:00+08:00,6.73,6.82,6.73,6.82,47040031,0.0,0.0
2007-04-02 00:00:00+08:00,6.85,6.85,6.78,6.8,12239086,0.0,0.0
2007-04-03 00:00:00+08:00,6.78,6.85,6.75,6.8,9144131,0.0,0.0
2007-04-04 00:00:00+08:00,6.85,6.94,6.85,6.94,28874909,0.0,0.0
2007-04-09 00:00:00+08:00,6.99,7.03,6.96,6.99,23693586,0.0,0.0
2007-04-10 00:00:00+08:00,6.99,7.01,6.92,6.96,14079171,0.0,0.0
2007-04-11 00:00:00+08:00,6.96,6.99,6.89,6.94,22699072,0.0,0.0
2007-04-12 00:00:00+08:00,6.89,6.92,6.87,6.87,10334499,0.0,0.0
2007-04-13 00:00:00+08:00,6.92,6.92,6.78,6.78,16328555,0.0,0.0
2007-04-16 00:00:00+08:00,6.62,6.66,6.52,6.62,14622166,0.0,0.0
2007-04-17 00:00:00+08:00,6.62,6.68,6.52,6.55,25595828,0.0,0.0
2007-04-18 00:00:00+08:00,6.55,6.59,6.52,6.55,10078834,0.0,0.0
2007-04-19 00:00:00+08:00,6.52,6.57,6.41,6.43,33703227,0.0,0.0
2007-04-20 00:00:00+08:00,6.48,6.48,6.43,6.45,10279378,0.0,0.0
2007-04-23 00:00:00+08:00,6.48,6.52,6.43,6.43,10162101,0.0,0.0
2007-04-24 00:00:00+08:00,6.45,6.48,6.43,6.48,6524151,0.0,0.0
2007-04-25 00:00:00+08:00,6.48,6.48,6.41,6.41,8041722,0.0,0.0
2007-04-26 00:00:00+08:00,6.48,6.48,6.41,6.41,10861075,0.0,0.0
2007-04-27 00:00:00+08:00,6.43,6.48,6.41,6.43,11744175,0.0,0.0
2007-04-30 00:00:00+08:00,6.48,6.52,6.41,6.48,22733083,0.0,0.0
2007-05-02 00:00:00+08:00,6.5,6.5,6.27,6.34,20213961,0.0,0.0
2007-05-03 00:00:00+08:00,6.38,6.45,6.36,6.38,13327422,0.0,0.0
2007-05-04 00:00:00+08:00,6.45,6.59,6.43,6.57,17753478,0.0,0.0
2007-05-07 00:00:00+08:00,6.62,6.62,6.52,6.55,10781326,0.0,0.0
2007-05-08 00:00:00+08:00,6.52,6.57,6.45,6.48,13564323,0.0,0.0
2007-05-09 00:00:00+08:00,6.48,6.5,6.41,6.43,8181283,0.0,0.0
2007-05-10 00:00:00+08:00,6.48,6.5,6.41,6.48,9155859,0.0,0.0
2007-05-11 00:00:00+08:00,6.43,6.43,6.36,6.38,13337977,0.0,0.0
2007-05-14 00:00:00+08:00,6.29,6.38,6.27,6.34,22139658,0.0,0.0
2007-05-15 00:00:00+08:00,6.29,6.38,6.29,6.34,8774707,0.0,0.0
2007-05-16 00:00:00+08:00,6.34,6.38,6.31,6.31,7058936,0.0,0.0
2007-05-17 00:00:00+08:00,6.38,6.38,6.34,6.36,7097638,0.0,0.0
2007-05-18 00:00:00+08:00,6.38,6.41,6.31,6.34,9081974,0.0,0.0
2007-05-21 00:00:00+08:00,6.34,6.41,6.31,6.34,12369264,0.0,0.0
2007-05-22 00:00:00+08:00,6.36,6.41,6.34,6.34,15773832,0.0,0.0
2007-05-23 00:00:00+08:00,6.38,6.48,6.36,6.45,14890732,0.0,0.0
2007-05-24 00:00:00+08:00,6.45,6.5,6.38,6.38,11002981,0.0,0.0
2007-05-25 00:00:00+08:00,6.41,6.41,6.31,6.34,26970321,0.0,0.0
2007-05-28 00:00:00+08:00,6.36,6.38,6.29,6.29,9175796,0.0,0.0
2007-05-29 00:00:00+08:00,6.29,6.36,6.29,6.31,8575335,0.0,0.0
2007-05-30 00:00:00+08:00,6.31,6.34,6.25,6.31,15706984,0.0,0.0
2007-05-31 00:00:00+08:00,6.34,6.34,6.15,6.15,25448059,0.0,0.0
2007-06-01 00:00:00+08:00,6.22,6.34,6.22,6.34,10069451,0.0,0.0
2007-06-04 00:00:00+08:00,6.34,6.36,6.29,6.31,7203188,0.0,0.0
2007-06-05 00:00:00+08:00,6.31,6.34,6.25,6.27,13642899,0.0,0.0
2007-06-06 00:00:00+08:00,6.25,6.31,6.25,6.25,16807048,0.0,0.0
2007-06-07 00:00:00+08:00,6.25,6.29,6.22,6.27,9436152,0.0,0.0
2007-06-08 00:00:00+08:00,6.25,6.25,6.2,6.25,15282439,0.0,0.0
2007-06-11 00:00:00+08:00,6.25,6.29,6.22,6.25,10401347,0.0,0.0
2007-06-12 00:00:00+08:00,6.25,6.31,6.25,6.27,12479505,0.0,0.0
2007-06-13 00:00:00+08:00,6.27,6.41,6.27,6.36,18111174,0.0,0.0
2007-06-14 00:00:00+08:00,6.41,6.43,6.36,6.41,21643574,0.0,0.0
2007-06-15 00:00:00+08:00,6.45,6.57,6.45,6.52,37755166,0.0,0.0
2007-06-20 00:00:00+08:00,6.62,6.73,6.59,6.73,59188815,0.0,0.0
2007-06-21 00:00:00+08:00,6.75,6.75,6.52,6.57,56426928,0.0,0.0
2007-06-22 00:00:00+08:00,6.59,6.66,6.5,6.55,25552436,0.0,0.0
2007-06-25 00:00:00+08:00,6.62,6.68,6.55,6.55,31144230,0.0,0.0
2007-06-26 00:00:00+08:00,6.57,6.62,6.48,6.52,29236124,0.0,0.0
2007-06-27 00:00:00+08:00,6.52,6.57,6.5,6.52,18310546,0.0,0.0
2007-06-28 00:00:00+08:00,6.57,6.62,6.52,6.62,20785103,0.0,0.0
2007-06-29 00:00:00+08:00,6.64,6.66,6.52,6.59,27934343,0.0,0.0
2007-07-02 00:00:00+08:00,6.59,6.62,6.52,6.59,15155779,0.0,0.0
2007-07-03 00:00:00+08:00,6.62,6.71,6.62,6.66,29188040,0.0,0.0
2007-07-04 00:00:00+08:00,6.71,6.85,6.71,6.75,43281285,0.0,0.0
2007-07-05 00:00:00+08:00,6.78,6.8,6.73,6.8,25103263,0.0,0.0
2007-07-06 00:00:00+08:00,6.8,6.85,6.73,6.78,51374610,0.0,0.0
2007-07-09 00:00:00+08:00,6.82,6.94,6.8,6.94,50181897,0.0,0.0
2007-07-10 00:00:00+08:00,6.99,7.03,6.94,7.01,75457559,0.0,0.0
2007-07-11 00:00:00+08:00,6.99,6.99,6.89,6.94,45009957,0.0,0.0
2007-07-12 00:00:00+08:00,6.99,7.12,6.96,7.1,60095370,0.0,0.0
2007-07-13 00:00:00+08:00,7.17,7.17,7.05,7.08,60526952,0.0,0.0
2007-07-16 00:00:00+08:00,7.08,7.29,7.05,7.22,131794183,0.0,0.0
2007-07-17 00:00:00+08:00,7.32,7.42,7.3,7.4,77757372,0.7,0.0
2007-07-18 00:00:00+08:00,7.4,7.76,7.35,7.57,159634705,0.0,0.0
2007-07-19 00:00:00+08:00,7.54,7.54,7.37,7.37,88772081,0.0,0.0
2007-07-20 00:00:00+08:00,7.37,7.42,7.28,7.4,63801341,0.0,0.0
2007-07-23 00:00:00+08:00,7.32,7.35,7.25,7.25,65817343,0.0,0.0
2007-07-24 00:00:00+08:00,7.25,7.42,7.23,7.37,90413967,0.0,0.0
2007-07-25 00:00:00+08:00,7.37,7.37,7.25,7.32,63082430,0.0,0.0
2007-07-26 00:00:00+08:00,7.32,7.45,7.25,7.28,100735565,0.0,0.0
2007-07-27 00:00:00+08:00,7.06,7.13,6.86,6.86,87947619,0.0,0.0
2007-07-30 00:00:00+08:00,6.79,6.86,6.71,6.74,84193564,0.0,0.0
2007-07-31 00:00:00+08:00,6.84,6.93,6.76,6.81,78227655,0.0,0.0
2007-08-01 00:00:00+08:00,6.74,6.76,6.4,6.4,108244848,0.0,0.0
2007-08-02 00:00:00+08:00,6.54,6.54,6.35,6.52,66940862,0.0,0.0
2007-08-03 00:00:00+08:00,6.57,6.62,6.49,6.52,25939452,0.0,0.0
2007-08-06 00:00:00+08:00,6.45,6.59,6.37,6.57,22228789,0.0,0.0
2007-08-07 00:00:00+08:00,6.64,6.64,6.49,6.49,13910292,0.0,0.0
2007-08-08 00:00:00+08:00,6.54,6.64,6.52,6.62,18982546,0.0,0.0
2007-08-09 00:00:00+08:00,6.69,6.69,6.54,6.57,35075374,0.0,0.0
2007-08-10 00:00:00+08:00,6.21,6.28,6.21,6.21,34586280,0.0,0.0
2007-08-13 00:00:00+08:00,6.4,6.49,6.4,6.49,14798083,0.0,0.0
2007-08-14 00:00:00+08:00,6.52,6.69,6.45,6.67,37141805,0.0,0.0
2007-08-15 00:00:00+08:00,6.62,6.69,6.47,6.47,35007353,0.0,0.0
2007-08-16 00:00:00+08:00,6.4,6.47,6.25,6.25,51448495,0.0,0.0
2007-08-17 00:00:00+08:00,6.25,6.37,5.93,6.08,49020850,0.0,0.0
2007-08-20 00:00:00+08:00,6.37,6.47,6.27,6.47,33302137,0.0,0.0
2007-08-21 00:00:00+08:00,6.49,6.49,6.32,6.35,17116660,0.0,0.0
2007-08-22 00:00:00+08:00,6.35,6.49,6.35,6.4,17360598,0.0,0.0
2007-08-23 00:00:00+08:00,6.57,6.64,6.54,6.62,35071856,0.0,0.0
2007-08-24 00:00:00+08:00,6.64,6.64,6.49,6.54,14053370,0.0,0.0
2007-08-27 00:00:00+08:00,6.57,6.59,6.47,6.49,17432137,0.0,0.0
2007-08-28 00:00:00+08:00,6.45,6.52,6.42,6.52,17870755,0.0,0.0
2007-08-29 00:00:00+08:00,6.37,6.49,6.35,6.49,16041225,0.0,0.0
2007-08-30 00:00:00+08:00,6.54,6.57,6.47,6.49,18336347,0.0,0.0
2007-08-31 00:00:00+08:00,6.42,6.57,6.3,6.57,55745545,0.0,0.0
2007-09-03 00:00:00+08:00,6.52,6.52,6.37,6.37,33058200,0.0,0.0
2007-09-04 00:00:00+08:00,6.35,6.4,6.32,6.4,16276953,0.0,0.0
2007-09-05 00:00:00+08:00,6.42,6.45,6.32,6.35,14873140,0.0,0.0
2007-09-06 00:00:00+08:00,6.3,6.42,6.27,6.42,25275661,0.0,0.0
2007-09-07 00:00:00+08:00,6.42,6.45,6.37,6.42,15912220,0.0,0.0
2007-09-10 00:00:00+08:00,6.14,6.14,6.04,6.09,23505672,0.0,0.0
2007-09-11 00:00:00+08:00,6.27,6.3,6.23,6.25,23367555,0.0,0.0
2007-09-12 00:00:00+08:00,6.27,6.32,6.25,6.25,14277370,0.0,0.0
2007-09-13 00:00:00+08:00,6.32,6.32,6.25,6.3,11816887,0.0,0.0
2007-09-14 00:00:00+08:00,6.32,6.42,6.3,6.4,23970361,0.0,0.0
2007-09-17 00:00:00+08:00,6.19,6.21,6.07,6.09,14898965,0.0,0.0
2007-09-18 00:00:00+08:00,6.09,6.09,6.09,6.09,0,0.0,0.0
2007-09-19 00:00:00+08:00,6.4,6.49,6.35,6.45,56822153,0.0,0.0
2007-09-20 00:00:00+08:00,6.51,6.54,6.44,6.46,34213168,0.0,1.03
2007-09-21 00:00:00+08:00,6.49,6.51,6.44,6.46,17113415,0.0,0.0
2007-09-26 00:00:00+08:00,6.51,6.59,6.49,6.56,16791187,0.0,0.0
2007-09-27 00:00:00+08:00,6.56,6.71,6.54,6.71,23813039,0.0,0.0
2007-09-28 00:00:00+08:00,6.74,6.74,6.61,6.61,22681253,0.0,0.0
2007-10-01 00:00:00+08:00,6.69,6.74,6.64,6.71,18651687,0.0,0.0
2007-10-02 00:00:00+08:00,6.76,6.89,6.74,6.87,40045165,0.0,0.0
2007-10-03 00:00:00+08:00,6.87,6.97,6.82,6.89,42690172,0.0,0.0
2007-10-04 00:00:00+08:00,6.84,6.94,6.82,6.89,19773225,0.0,0.0
2007-10-05 00:00:00+08:00,6.89,6.92,6.79,6.82,13202265,0.0,0.0
2007-10-08 00:00:00+08:00,6.87,6.89,6.79,6.87,19119659,0.0,0.0
2007-10-09 00:00:00+08:00,6.87,6.89,6.74,6.74,15431678,0.0,0.0
2007-10-11 00:00:00+08:00,6.79,6.84,6.74,6.84,22541203,0.0,0.0
2007-10-12 00:00:00+08:00,6.84,6.84,6.64,6.66,24132990,0.0,0.0
2007-10-15 00:00:00+08:00,6.74,6.74,6.64,6.71,11703845,0.0,0.0
2007-10-16 00:00:00+08:00,6.64,6.69,6.61,6.69,16064749,0.0,0.0
2007-10-17 00:00:00+08:00,6.66,6.76,6.59,6.76,17132772,0.0,0.0
2007-10-18 00:00:00+08:00,6.71,6.74,6.61,6.64,13773851,0.0,0.0
2007-10-19 00:00:00+08:00,6.64,6.71,6.61,6.71,11987361,0.0,0.0
2007-10-22 00:00:00+08:00,6.46,6.54,6.41,6.46,33526581,0.0,0.0
2007-10-23 00:00:00+08:00,6.51,6.56,6.49,6.56,12893700,0.0,0.0
2007-10-24 00:00:00+08:00,6.61,6.61,6.51,6.54,11739142,0.0,0.0
2007-10-25 00:00:00+08:00,6.56,6.64,6.54,6.64,15050241,0.0,0.0
2007-10-26 00:00:00+08:00,6.64,6.69,6.59,6.69,16371037,0.0,0.0
2007-10-29 00:00:00+08:00,6.74,6.82,6.69,6.82,32727272,0.0,0.0
2007-10-30 00:00:00+08:00,6.82,6.89,6.71,6.79,23622890,0.0,0.0
2007-10-31 00:00:00+08:00,6.79,6.79,6.69,6.76,25647351,0.0,0.0
2007-11-01 00:00:00+08:00,6.76,6.79,6.64,6.64,21344517,0.0,0.0
2007-11-02 00:00:00+08:00,6.54,6.64,6.49,6.51,21953677,0.0,0.0
2007-11-05 00:00:00+08:00,6.51,6.54,6.46,6.49,20118226,0.0,0.0
2007-11-06 00:00:00+08:00,6.54,6.54,6.46,6.46,11040031,0.0,0.0
2007-11-07 00:00:00+08:00,6.56,6.56,6.46,6.46,13124839,0.0,0.0
2007-11-08 00:00:00+08:00,6.34,6.39,6.24,6.24,29789640,0.0,0.0
2007-11-09 00:00:00+08:00,6.29,6.31,6.21,6.26,13813703,0.0,0.0
2007-11-12 00:00:00+08:00,6.16,6.19,6.06,6.09,28039585,0.0,0.0
2007-11-13 00:00:00+08:00,6.09,6.16,6.01,6.09,23573929,0.0,0.0
2007-11-14 00:00:00+08:00,6.19,6.34,6.16,6.24,21881944,0.0,0.0
2007-11-15 00:00:00+08:00,6.24,6.29,6.16,6.26,13486920,0.0,0.0
2007-11-16 00:00:00+08:00,6.21,6.36,6.11,6.34,25953639,0.0,0.0
2007-11-19 00:00:00+08:00,6.36,6.44,6.31,6.41,16408611,0.0,0.0
2007-11-20 00:00:00+08:00,6.34,6.61,6.14,6.61,31678606,0.0,0.0
2007-11-21 00:00:00+08:00,6.54,6.54,6.29,6.29,33138313,0.0,0.0
2007-11-22 00:00:00+08:00,6.24,6.39,6.19,6.36,13554098,0.0,0.0
2007-11-23 00:00:00+08:00,6.29,6.31,6.19,6.29,28577013,0.0,0.0
2007-11-26 00:00:00+08:00,6.29,6.39,6.29,6.39,21355903,0.0,0.0
2007-11-27 00:00:00+08:00,6.24,6.39,6.19,6.31,26225768,0.0,0.0
2007-11-28 00:00:00+08:00,6.31,6.34,6.19,6.31,18557182,0.0,0.0
2007-11-29 00:00:00+08:00,6.31,6.36,6.26,6.31,19009213,0.0,0.0
2007-11-30 00:00:00+08:00,6.29,6.51,6.29,6.44,39727490,0.0,0.0
2007-12-03 00:00:00+08:00,6.41,6.44,6.29,6.31,13632663,0.0,0.0
2007-12-04 00:00:00+08:00,6.26,6.34,6.24,6.26,15258608,0.0,0.0
2007-12-05 00:00:00+08:00,6.24,6.29,6.19,6.24,15641183,0.0,0.0
2007-12-06 00:00:00+08:00,6.31,6.39,6.29,6.39,21834122,0.0,0.0
2007-12-07 00:00:00+08:00,6.31,6.44,6.29,6.39,19917829,0.0,0.0
2007-12-10 00:00:00+08:00,6.34,6.41,6.31,6.34,11000180,0.0,0.0
2007-12-11 00:00:00+08:00,6.34,6.41,6.31,6.41,10372802,0.0,0.0
2007-12-12 00:00:00+08:00,6.29,6.39,6.29,6.39,16481483,0.0,0.0
2007-12-13 00:00:00+08:00,6.34,6.39,6.21,6.24,19432778,0.0,0.0
2007-12-14 00:00:00+08:00,6.29,6.29,6.06,6.16,32928807,0.0,0.0
2007-12-17 00:00:00+08:00,6.31,6.31,6.01,6.09,21785161,0.0,0.0
2007-12-18 00:00:00+08:00,6.04,6.11,5.93,6.09,29236272,0.0,0.0
2007-12-19 00:00:00+08:00,6.09,6.16,5.99,6.09,24993785,0.0,0.0
2007-12-20 00:00:00+08:00,6.04,6.09,5.93,5.93,15408905,0.0,0.0
2007-12-21 00:00:00+08:00,5.93,6.06,5.91,5.96,23378087,0.0,0.0
2007-12-24 00:00:00+08:00,6.06,6.14,5.99,6.14,14449051,0.0,0.0
2007-12-25 00:00:00+08:00,6.14,6.19,6.06,6.19,13686178,0.0,0.0
2007-12-26 00:00:00+08:00,6.11,6.21,6.09,6.16,11391864,0.0,0.0
2007-12-27 00:00:00+08:00,6.16,6.26,6.14,6.26,18121091,0.0,0.0
2007-12-28 00:00:00+08:00,6.24,6.41,6.19,6.41,33248759,0.0,0.0
2007-12-31 00:00:00+08:00,6.36,6.44,6.26,6.44,15539846,0.0,0.0
2008-01-02 00:00:00+08:00,6.36,6.36,6.19,6.19,14652864,0.0,0.0
2008-01-03 00:00:00+08:00,6.11,6.16,6.06,6.06,15792619,0.0,0.0
2008-01-04 00:00:00+08:00,6.04,6.26,6.01,6.21,18010646,0.0,0.0
2008-01-07 00:00:00+08:00,6.06,6.16,5.99,5.99,17375297,0.0,0.0
2008-01-08 00:00:00+08:00,6.04,6.16,6.04,6.09,14392120,0.0,0.0
2008-01-09 00:00:00+08:00,6.04,6.16,5.99,6.16,17707773,0.0,0.0
2008-01-10 00:00:00+08:00,6.09,6.16,6.06,6.09,16139898,0.0,0.0
2008-01-11 00:00:00+08:00,6.14,6.21,6.11,6.11,19532977,0.0,0.0
2008-01-14 00:00:00+08:00,6.29,6.41,6.24,6.39,44925278,0.0,0.0
2008-01-15 00:00:00+08:00,6.46,6.82,6.46,6.82,108580808,0.0,0.0
2008-01-16 00:00:00+08:00,6.76,6.79,6.54,6.54,67451679,0.0,0.0
2008-01-17 00:00:00+08:00,6.59,6.69,6.49,6.59,46650283,0.0,0.0
2008-01-18 00:00:00+08:00,6.49,6.69,6.44,6.64,44581415,0.0,0.0
2008-01-21 00:00:00+08:00,6.64,6.74,6.59,6.61,34913417,0.0,0.0
2008-01-22 00:00:00+08:00,6.19,6.29,6.16,6.16,30880435,0.0,0.0
2008-01-23 00:00:00+08:00,6.24,6.29,5.93,5.99,28451765,0.0,0.0
2008-01-24 00:00:00+08:00,6.19,6.24,6.04,6.09,22426203,0.0,0.0
2008-01-25 00:00:00+08:00,6.16,6.19,6.11,6.14,10876071,0.0,0.0
2008-01-28 00:00:00+08:00,6.14,6.19,5.99,5.99,15356529,0.0,0.0
2008-01-29 00:00:00+08:00,6.06,6.16,6.01,6.16,11793796,0.0,0.0
2008-01-30 00:00:00+08:00,6.21,6.21,6.04,6.04,21031397,0.0,0.0
2008-01-31 00:00:00+08:00,6.04,6.16,6.01,6.16,18466092,0.0,0.0
2008-02-01 00:00:00+08:00,6.21,6.21,6.11,6.16,14618705,0.0,0.0
2008-02-12 00:00:00+08:00,6.14,6.14,5.99,5.99,16020343,0.0,0.0
2008-02-13 00:00:00+08:00,6.09,6.11,6.04,6.04,11234735,0.0,0.0
2008-02-14 00:00:00+08:00,6.11,6.29,6.09,6.29,32880986,0.0,0.0
2008-02-15 00:00:00+08:00,6.21,6.29,6.19,6.29,14767864,0.0,0.0
2008-02-18 00:00:00+08:00,6.26,6.34,6.16,6.19,11794935,0.0,0.0
2008-02-19 00:00:00+08:00,6.26,6.31,6.21,6.31,16511087,0.0,0.0
2008-02-20 00:00:00+08:00,6.26,6.29,6.09,6.11,16156977,0.0,0.0
2008-02-21 00:00:00+08:00,6.21,6.29,6.14,6.29,12950631,0.0,0.0
2008-02-22 00:00:00+08:00,6.21,6.29,6.16,6.29,12724046,0.0,0.0
2008-02-25 00:00:00+08:00,6.29,6.54,6.29,6.49,46871174,0.0,0.0
2008-02-26 00:00:00+08:00,6.54,6.59,6.46,6.54,33006233,0.0,0.0
2008-02-27 00:00:00+08:00,6.59,6.64,6.51,6.64,43104629,0.0,0.0
2008-02-29 00:00:00+08:00,6.51,6.61,6.49,6.49,34912279,0.0,0.0
2008-03-03 00:00:00+08:00,6.34,6.44,6.29,6.44,19049064,0.0,0.0
2008-03-04 00:00:00+08:00,6.34,6.59,6.34,6.54,44220474,0.0,0.0
2008-03-05 00:00:00+08:00,6.54,6.59,6.46,6.49,24578189,0.0,0.0
2008-03-06 00:00:00+08:00,6.54,6.61,6.44,6.56,44447059,0.0,0.0
2008-03-07 00:00:00+08:00,6.46,6.51,6.44,6.49,21863726,0.0,0.0
2008-03-10 00:00:00+08:00,6.51,6.51,6.34,6.41,26547997,0.0,0.0
2008-03-11 00:00:00+08:00,6.36,6.54,6.34,6.54,22472886,0.0,0.0
2008-03-12 00:00:00+08:00,6.61,6.66,6.54,6.59,32602024,0.0,0.0
2008-03-13 00:00:00+08:00,6.59,6.61,6.44,6.54,23890465,0.0,0.0
2008-03-14 00:00:00+08:00,6.59,6.59,6.34,6.36,20110256,0.0,0.0
2008-03-17 00:00:00+08:00,6.34,6.34,6.11,6.21,33492423,0.0,0.0
2008-03-18 00:00:00+08:00,6.24,6.34,6.19,6.31,20912981,0.0,0.0
2008-03-19 00:00:00+08:00,6.39,6.46,6.39,6.46,19575106,0.0,0.0
2008-03-20 00:00:00+08:00,6.41,6.64,6.36,6.64,45338596,0.0,0.0
2008-03-21 00:00:00+08:00,6.71,6.79,6.66,6.69,58138930,0.0,0.0
2008-03-24 00:00:00+08:00,7.14,7.14,6.97,7.07,126759970,0.0,0.0
2008-03-25 00:00:00+08:00,7.07,7.07,6.84,6.97,52755548,0.0,0.0
2008-03-26 00:00:00+08:00,6.97,7.19,6.97,7.14,73161844,0.0,0.0
2008-03-27 00:00:00+08:00,7.04,7.09,6.89,6.94,31842567,0.0,0.0
2008-03-28 00:00:00+08:00,6.94,7.09,6.89,7.04,49036824,0.0,0.0
2008-03-31 00:00:00+08:00,7.04,7.09,6.92,7.04,37155354,0.0,0.0
2008-04-01 00:00:00+08:00,7.09,7.09,6.84,6.84,34849655,0.0,0.0
2008-04-02 00:00:00+08:00,6.99,7.07,6.94,7.07,35080794,0.0,0.0
2008-04-03 00:00:00+08:00,7.07,7.09,6.97,7.07,28274141,0.0,0.0
2008-04-07 00:00:00+08:00,7.04,7.19,7.04,7.19,43587403,0.0,0.0
2008-04-08 00:00:00+08:00,7.19,7.19,7.07,7.09,19751591,0.0,0.0
2008-04-09 00:00:00+08:00,7.09,7.14,6.99,7.02,19369016,0.0,0.0
2008-04-10 00:00:00+08:00,6.99,7.12,6.99,7.12,15800590,0.0,0.0
2008-04-11 00:00:00+08:00,7.12,7.19,7.04,7.17,49928362,0.0,0.0
2008-04-14 00:00:00+08:00,7.14,7.27,7.09,7.14,41474129,0.0,0.0
2008-04-15 00:00:00+08:00,7.12,7.19,7.09,7.17,29360381,0.0,0.0
2008-04-16 00:00:00+08:00,7.29,7.65,7.29,7.65,192808873,0.0,0.0
2008-04-17 00:00:00+08:00,7.7,7.77,7.57,7.59,148032754,0.0,0.0
2008-04-18 00:00:00+08:00,7.59,7.65,7.49,7.54,53650501,0.0,0.0
2008-04-21 00:00:00+08:00,7.62,7.7,7.44,7.47,57607196,0.0,0.0
2008-04-22 00:00:00+08:00,7.49,7.54,7.44,7.44,24003188,0.0,0.0
2008-04-23 00:00:00+08:00,7.44,7.49,7.34,7.39,30919148,0.0,0.0
2008-04-24 00:00:00+08:00,7.39,7.52,7.37,7.44,29202114,0.0,0.0
2008-04-25 00:00:00+08:00,7.49,7.52,7.32,7.37,25732747,0.0,0.0
2008-04-28 00:00:00+08:00,7.37,7.52,7.37,7.52,32865045,0.0,0.0
2008-04-29 00:00:00+08:00,7.54,7.54,7.22,7.22,39112637,0.0,0.0
2008-04-30 00:00:00+08:00,7.29,7.32,7.17,7.17,25898985,0.0,0.0
2008-05-02 00:00:00+08:00,7.29,7.37,7.24,7.34,23412245,0.0,0.0
2008-05-05 00:00:00+08:00,7.34,7.37,7.04,7.07,35459953,0.0,0.0
2008-05-06 00:00:00+08:00,7.09,7.12,6.94,7.04,20064711,0.0,0.0
2008-05-07 00:00:00+08:00,7.04,7.12,7.02,7.04,25404825,0.0,0.0
2008-05-08 00:00:00+08:00,7.04,7.04,6.94,6.99,22599273,0.0,0.0
2008-05-09 00:00:00+08:00,6.99,6.99,6.87,6.87,25177102,0.0,0.0
2008-05-12 00:00:00+08:00,6.84,6.89,6.74,6.79,32408459,0.0,0.0
2008-05-13 00:00:00+08:00,6.84,7.02,6.79,7.02,31609150,0.0,0.0
2008-05-14 00:00:00+08:00,6.99,7.02,6.92,6.97,14303308,0.0,0.0
2008-05-15 00:00:00+08:00,7.02,7.12,6.99,7.07,23572790,0.0,0.0
2008-05-16 00:00:00+08:00,7.09,7.14,7.04,7.07,24214970,0.0,0.0
2008-05-19 00:00:00+08:00,7.09,7.14,7.04,7.12,27745822,0.0,0.0
2008-05-20 00:00:00+08:00,7.12,7.14,6.84,6.97,36075945,0.0,0.0
2008-05-21 00:00:00+08:00,6.92,6.94,6.84,6.87,19310946,0.0,0.0
2008-05-22 00:00:00+08:00,6.79,6.84,6.71,6.82,28958449,0.0,0.0
2008-05-23 00:00:00+08:00,6.87,6.89,6.74,6.76,18500251,0.0,0.0
2008-05-26 00:00:00+08:00,6.74,6.84,6.69,6.69,19189114,0.0,0.0
2008-05-27 00:00:00+08:00,6.71,6.76,6.66,6.71,17696387,0.0,0.0
2008-05-28 00:00:00+08:00,6.66,6.74,6.56,6.59,25400271,0.0,0.0
2008-05-29 00:00:00+08:00,6.64,6.71,6.59,6.59,18207626,0.0,0.0
2008-05-30 00:00:00+08:00,6.69,6.74,6.51,6.51,38027535,0.0,0.0
2008-06-02 00:00:00+08:00,6.54,6.69,6.54,6.66,12992760,0.0,0.0
2008-06-03 00:00:00+08:00,6.59,6.64,6.46,6.54,23825563,0.0,0.0
2008-06-04 00:00:00+08:00,6.54,6.59,6.49,6.54,9498344,0.0,0.0
2008-06-05 00:00:00+08:00,6.54,6.64,6.41,6.56,25757797,0.0,0.0
2008-06-06 00:00:00+08:00,6.64,6.64,6.51,6.51,11554686,0.0,0.0
2008-06-09 00:00:00+08:00,6.41,6.51,6.39,6.51,15190291,0.0,0.0
2008-06-10 00:00:00+08:00,6.49,6.49,6.31,6.31,26152897,0.0,0.0
2008-06-11 00:00:00+08:00,6.34,6.39,6.31,6.31,14977369,0.0,0.0
2008-06-12 00:00:00+08:00,6.26,6.26,6.04,6.04,35677429,0.0,0.0
2008-06-13 00:00:00+08:00,6.06,6.14,6.04,6.11,26077748,0.0,0.0
2008-06-16 00:00:00+08:00,6.16,6.19,6.11,6.19,15407767,0.0,0.0
2008-06-17 00:00:00+08:00,6.19,6.19,6.04,6.09,16769553,0.0,0.0
2008-06-18 00:00:00+08:00,6.09,6.11,6.06,6.09,12898255,0.0,0.0
2008-06-19 00:00:00+08:00,6.04,6.04,5.96,5.99,26791661,0.0,0.0
2008-06-20 00:00:00+08:00,6.01,6.04,5.91,5.91,17295594,0.0,0.0
2008-06-23 00:00:00+08:00,5.83,5.93,5.81,5.88,23263086,0.0,0.0
2008-06-24 00:00:00+08:00,5.88,5.93,5.81,5.81,17842130,0.0,0.0
2008-06-25 00:00:00+08:00,5.81,5.99,5.81,5.96,28416468,0.0,0.0
2008-06-26 00:00:00+08:00,5.99,6.01,5.93,5.99,17989012,0.0,0.0
2008-06-27 00:00:00+08:00,5.81,5.93,5.73,5.93,44267157,0.0,0.0
2008-06-30 00:00:00+08:00,5.93,6.16,5.73,6.16,37446840,0.0,0.0
2008-07-01 00:00:00+08:00,6.04,6.04,5.88,5.91,19757284,0.0,0.0
2008-07-02 00:00:00+08:00,5.86,5.93,5.68,5.68,34979457,0.0,0.0
2008-07-03 00:00:00+08:00,5.58,5.73,5.53,5.63,30258750,0.0,0.0
2008-07-04 00:00:00+08:00,5.71,5.71,5.53,5.53,31181030,0.0,0.0
2008-07-07 00:00:00+08:00,5.53,5.58,5.46,5.56,25536905,0.0,0.0
2008-07-08 00:00:00+08:00,5.48,5.48,5.18,5.18,45004981,0.0,0.0
2008-07-09 00:00:00+08:00,5.26,5.41,5.23,5.23,20062434,0.0,0.0
2008-07-10 00:00:00+08:00,5.23,5.41,5.23,5.31,15410044,0.0,0.0
2008-07-11 00:00:00+08:00,5.31,5.43,5.26,5.36,20946001,0.0,0.0
2008-07-14 00:00:00+08:00,5.33,5.36,5.26,5.36,14646032,0.0,0.0
2008-07-15 00:00:00+08:00,5.23,5.23,4.98,4.99,39997343,0.0,0.0
2008-07-16 00:00:00+08:00,4.99,5.03,4.92,4.98,30676623,0.0,0.0
2008-07-17 00:00:00+08:00,5.05,5.31,5.05,5.31,36374263,0.0,0.0
2008-07-18 00:00:00+08:00,5.38,5.41,4.97,4.99,20637435,0.0,0.0
2008-07-21 00:00:00+08:00,5.08,5.31,5.08,5.23,18759856,0.0,0.0
2008-07-22 00:00:00+08:00,5.28,5.28,5.16,5.16,12870928,0.0,0.0
2008-07-23 00:00:00+08:00,5.31,5.46,5.31,5.41,31625091,0.0,0.0
2008-07-24 00:00:00+08:00,5.38,5.43,5.31,5.38,21084912,0.0,0.0
2008-07-25 00:00:00+08:00,5.28,5.28,5.21,5.23,15811976,0.0,0.0
2008-07-28 00:00:00+08:00,5.23,5.23,5.23,5.23,0,0.0,0.0
2008-07-29 00:00:00+08:00,5.11,5.11,5.0,5.03,19045649,0.0,0.0
2008-07-30 00:00:00+08:00,5.16,5.16,5.05,5.08,14183753,0.0,0.0
2008-07-31 00:00:00+08:00,5.13,5.28,5.13,5.18,29214638,0.0,0.0
2008-08-01 00:00:00+08:00,5.05,5.13,5.03,5.08,14696131,0.0,0.0
2008-08-04 00:00:00+08:00,5.05,5.16,5.03,5.08,12989344,0.0,0.0
2008-08-05 00:00:00+08:00,5.16,5.16,5.01,5.05,26678938,0.0,0.0
2008-08-06 00:00:00+08:00,5.16,5.28,5.13,5.28,21589319,0.0,0.0
2008-08-07 00:00:00+08:00,5.26,5.38,5.18,5.21,24163733,0.0,0.0
2008-08-08 00:00:00+08:00,5.21,5.43,5.21,5.38,26095966,0.0,0.0
2008-08-11 00:00:00+08:00,5.43,5.43,5.31,5.31,7767646,0.0,0.0
2008-08-12 00:00:00+08:00,5.31,5.38,5.28,5.31,10109781,0.0,0.0
2008-08-13 00:00:00+08:00,5.28,5.36,5.26,5.28,12120579,0.0,0.0
2008-08-14 00:00:00+08:00,5.26,5.33,5.23,5.28,15428262,0.0,0.0
2008-08-15 00:00:00+08:00,5.28,5.36,5.18,5.23,17891091,0.0,0.0
2008-08-18 00:00:00+08:00,5.18,5.18,4.98,4.98,38356595,0.0,0.0
2008-08-19 00:00:00+08:00,4.97,4.97,4.83,4.93,36921938,0.0,0.0
2008-08-20 00:00:00+08:00,4.99,5.12,4.94,5.01,25882711,0.2,1.02
2008-08-21 00:00:00+08:00,4.97,4.97,4.9,4.9,16111710,0.0,0.0
2008-08-22 00:00:00+08:00,5.01,5.01,4.86,4.92,19614207,0.0,0.0
2008-08-25 00:00:00+08:00,4.96,5.1,4.94,5.09,11182886,0.0,0.0
2008-08-26 00:00:00+08:00,5.2,5.26,5.17,5.19,27020218,0.0,0.0
2008-08-27 00:00:00+08:00,5.19,5.3,5.19,5.27,20506217,0.0,0.0
2008-08-28 00:00:00+08:00,5.3,5.3,5.22,5.23,17268101,0.0,0.0
2008-08-29 00:00:00+08:00,5.27,5.35,5.25,5.27,14002213,0.0,0.0
2008-09-01 00:00:00+08:00,5.25,5.26,5.07,5.11,21267146,0.0,0.0
2008-09-02 00:00:00+08:00,5.06,5.19,5.06,5.11,13240173,0.0,0.0
2008-09-03 00:00:00+08:00,5.16,5.2,4.96,4.96,16895967,0.0,0.0
2008-09-04 00:00:00+08:00,4.96,5.02,4.65,4.68,23346650,0.0,0.0
2008-09-05 00:00:00+08:00,4.51,4.72,4.51,4.71,27286821,0.0,0.0
2008-09-08 00:00:00+08:00,5.01,5.03,4.97,5.03,16075052,0.0,0.0
2008-09-09 00:00:00+08:00,5.06,5.12,4.95,5.12,23796543,0.0,0.0
2008-09-10 00:00:00+08:00,5.06,5.35,5.06,5.35,43484066,0.0,0.0
2008-09-11 00:00:00+08:00,5.3,5.3,5.12,5.21,23559932,0.0,0.0
2008-09-12 00:00:00+08:00,5.21,5.33,5.15,5.3,16336101,0.0,0.0
2008-09-15 00:00:00+08:00,5.22,5.22,4.93,4.95,20769487,0.0,0.0
2008-09-16 00:00:00+08:00,4.61,4.65,4.61,4.61,23183356,0.0,0.0
2008-09-17 00:00:00+08:00,4.65,4.87,4.58,4.86,40929120,0.0,0.0
2008-09-18 00:00:00+08:00,4.56,4.75,4.52,4.52,29195254,0.0,0.0
2008-09-19 00:00:00+08:00,4.68,4.83,4.58,4.83,32260078,0.0,0.0
2008-09-22 00:00:00+08:00,5.01,5.17,5.0,5.12,50029171,0.0,0.0
2008-09-23 00:00:00+08:00,5.03,5.12,4.97,5.12,23866526,0.0,0.0
2008-09-24 00:00:00+08:00,5.12,5.12,4.92,4.96,17545812,0.0,0.0
2008-09-25 00:00:00+08:00,4.89,5.04,4.84,4.95,18971027,0.0,0.0
2008-09-26 00:00:00+08:00,4.96,5.01,4.75,5.01,35247143,0.0,0.0
2008-09-30 00:00:00+08:00,4.66,5.01,4.66,5.01,46431141,0.0,0.0
2008-10-01 00:00:00+08:00,5.01,5.01,4.76,4.81,30691564,0.0,0.0
2008-10-02 00:00:00+08:00,4.82,5.14,4.69,4.76,19937464,0.0,0.0
2008-10-03 00:00:00+08:00,4.58,5.01,4.58,4.65,32000140,0.0,0.0
2008-10-06 00:00:00+08:00,4.48,4.48,4.33,4.33,31383621,0.0,0.0
2008-10-07 00:00:00+08:00,4.03,4.33,4.03,4.27,55630056,0.0,0.0
2008-10-08 00:00:00+08:00,4.0,4.07,3.98,3.98,16992611,0.0,0.0
2008-10-09 00:00:00+08:00,3.72,4.06,3.7,3.7,46333386,0.0,0.0
2008-10-13 00:00:00+08:00,3.58,3.58,3.58,3.58,9888751,0.0,0.0
2008-10-14 00:00:00+08:00,3.82,3.82,3.75,3.82,25401715,0.0,0.0
2008-10-15 00:00:00+08:00,3.8,3.81,3.69,3.69,17610241,0.0,0.0
2008-10-16 00:00:00+08:00,3.57,3.64,3.57,3.57,4534473,0.0,0.0
2008-10-17 00:00:00+08:00,3.47,3.58,3.44,3.56,36950070,0.0,0.0
2008-10-20 00:00:00+08:00,3.44,3.44,3.44,3.44,11860502,0.0,0.0
2008-10-21 00:00:00+08:00,3.39,3.48,3.32,3.32,33803043,0.0,0.0
2008-10-22 00:00:00+08:00,3.21,3.4,3.21,3.31,30279440,0.0,0.0
2008-10-23 00:00:00+08:00,3.2,3.22,3.2,3.2,8904541,0.0,0.0
2008-10-24 00:00:00+08:00,3.09,3.09,3.09,3.09,13065770,0.0,0.0
2008-10-27 00:00:00+08:00,2.87,2.9,2.87,2.87,10912951,0.0,0.0
2008-10-28 00:00:00+08:00,2.67,3.05,2.67,2.99,57511829,0.0,0.0
2008-10-29 00:00:00+08:00,3.15,3.15,2.88,3.01,50796765,0.0,0.0
2008-10-30 00:00:00+08:00,3.01,3.21,3.01,3.21,28543187,0.0,0.0
2008-10-31 00:00:00+08:00,3.21,3.43,3.15,3.43,42817559,0.0,0.0
2008-11-03 00:00:00+08:00,3.56,3.59,3.38,3.54,27790034,0.0,0.0
2008-11-04 00:00:00+08:00,3.53,3.54,3.33,3.49,20638407,0.0,0.0
2008-11-05 00:00:00+08:00,3.59,3.71,3.49,3.54,31259206,0.0,0.0
2008-11-06 00:00:00+08:00,3.32,3.34,3.3,3.3,26572547,0.0,0.0
2008-11-07 00:00:00+08:00,3.08,3.48,3.08,3.32,29967292,0.0,0.0
2008-11-10 00:00:00+08:00,3.32,3.39,3.3,3.33,14499872,0.0,0.0
2008-11-11 00:00:00+08:00,3.16,3.27,3.14,3.16,15630714,0.0,0.0
2008-11-12 00:00:00+08:00,3.19,3.21,3.03,3.19,13469007,0.0,0.0
2008-11-13 00:00:00+08:00,3.03,3.1,2.96,3.1,34536202,0.0,0.0
2008-11-14 00:00:00+08:00,3.11,3.16,3.03,3.11,15103062,0.0,0.0
2008-11-17 00:00:00+08:00,3.01,3.19,2.95,3.19,16099491,0.0,0.0
2008-11-18 00:00:00+08:00,3.1,3.2,3.03,3.12,19377597,0.0,0.0
2008-11-19 00:00:00+08:00,3.14,3.14,3.04,3.11,18545573970,0.0,0.0
2008-11-20 00:00:00+08:00,3.0,3.06,2.9,3.06,22415761,0.0,0.0
2008-11-21 00:00:00+08:00,2.87,3.07,2.86,3.06,29818439178,0.0,0.0
2008-11-24 00:00:00+08:00,3.02,3.11,2.95,3.11,22209144,0.0,0.0
2008-11-25 00:00:00+08:00,3.16,3.24,3.12,3.2,28822010,0.0,0.0
2008-11-26 00:00:00+08:00,3.2,3.27,3.16,3.19,21603733,0.0,0.0
2008-11-27 00:00:00+08:00,3.22,3.41,3.22,3.41,24917386,0.0,0.0
2008-11-28 00:00:00+08:00,3.41,3.51,3.38,3.5,26027121,0.0,0.0
2008-12-01 00:00:00+08:00,3.53,3.75,3.47,3.75,46574440,0.0,0.0
2008-12-02 00:00:00+08:00,3.59,3.62,3.49,3.61,36669026,0.0,0.0
2008-12-03 00:00:00+08:00,3.61,3.69,3.52,3.53,42257692,0.0,0.0
2008-12-04 00:00:00+08:00,3.53,3.56,3.38,3.38,29708465424,0.0,0.0
2008-12-05 00:00:00+08:00,3.37,3.48,3.34,3.48,26982449,0.0,0.0
2008-12-08 00:00:00+08:00,3.53,3.72,3.53,3.72,54939110,0.0,0.0
2008-12-09 00:00:00+08:00,3.74,3.82,3.65,3.72,46310058,0.0,0.0
2008-12-10 00:00:00+08:00,3.64,3.85,3.64,3.85,49022744,0.0,0.0
2008-12-11 00:00:00+08:00,3.77,3.8,3.68,3.77,30400522,0.0,0.0
2008-12-12 00:00:00+08:00,3.68,3.78,3.51,3.61,39838270,0.0,0.0
2008-12-15 00:00:00+08:00,3.67,3.81,3.67,3.78,31375845,0.0,0.0
2008-12-16 00:00:00+08:00,3.7,3.82,3.7,3.81,21063861,0.0,0.0
2008-12-17 00:00:00+08:00,3.85,3.9,3.78,3.83,28812012,0.0,0.0
2008-12-18 00:00:00+08:00,3.87,3.88,3.76,3.79,17865736,0.0,0.0
2008-12-19 00:00:00+08:00,3.73,3.73,3.73,3.73,31682438766,0.0,0.0
2008-12-22 00:00:00+08:00,3.69,3.77,3.6,3.63,23198907,0.0,0.0
2008-12-23 00:00:00+08:00,3.63,3.66,3.38,3.48,26954678,0.0,0.0
2008-12-24 00:00:00+08:00,3.35,3.59,3.35,3.59,13872244,0.0,0.0
2008-12-25 00:00:00+08:00,3.56,3.58,3.49,3.58,8846777,0.0,0.0
2008-12-26 00:00:00+08:00,3.49,3.59,3.49,3.59,9664360,0.0,0.0
2008-12-29 00:00:00+08:00,3.56,3.59,3.51,3.59,11701651,0.0,0.0
2008-12-30 00:00:00+08:00,3.64,3.82,3.64,3.82,27067984,0.0,0.0
2008-12-31 00:00:00+08:00,3.82,3.82,3.7,3.82,31024817,0.0,0.0
2009-01-02 00:00:00+08:00,3.82,3.82,3.82,3.82,0,0.0,0.0
2009-01-05 00:00:00+08:00,3.83,3.91,3.74,3.75,36296893050,0.0,0.0
2009-01-06 00:00:00+08:00,3.79,3.79,3.69,3.75,20940557,0.0,0.0
2009-01-07 00:00:00+08:00,3.77,3.79,3.71,3.75,15538513,0.0,0.0
2009-01-08 00:00:00+08:00,3.7,3.7,3.49,3.49,28016646,0.0,0.0
2009-01-09 00:00:00+08:00,3.49,3.52,3.42,3.44,12863596,0.0,0.0
2009-01-12 00:00:00+08:00,3.38,3.41,3.28,3.38,17055929,0.0,0.0
2009-01-13 00:00:00+08:00,3.37,3.46,3.3,3.46,11401723,0.0,0.0
2009-01-14 00:00:00+08:00,3.44,3.54,3.4,3.45,22024743,0.0,0.0
2009-01-15 00:00:00+08:00,3.23,3.23,3.21,3.21,26250401,0.0,0.0
2009-01-16 00:00:00+08:00,3.2,3.23,3.11,3.16,22770121,0.0,0.0
2009-01-19 00:00:00+08:00,3.22,3.22,3.16,3.2,11002929,0.0,0.0
2009-01-20 00:00:00+08:00,3.09,3.14,3.04,3.1,25475031,0.0,0.0
2009-01-21 00:00:00+08:00,3.01,3.06,2.98,3.04,24236438,0.0,0.0
2009-02-02 00:00:00+08:00,3.07,3.07,2.94,2.96,17943495,0.0,0.0
2009-02-03 00:00:00+08:00,2.96,3.07,2.96,3.05,12970237,0.0,0.0
2009-02-04 00:00:00+08:00,3.11,3.14,3.03,3.13,14588740,0.0,0.0
2009-02-05 00:00:00+08:00,3.11,3.12,3.04,3.04,17598022,0.0,0.0
2009-02-06 00:00:00+08:00,3.06,3.11,3.04,3.08,18286746,0.0,0.0
2009-02-09 00:00:00+08:00,3.11,3.12,3.03,3.05,14747591,0.0,0.0
2009-02-10 00:00:00+08:00,3.08,3.11,3.03,3.04,12392597,0.0,0.0
2009-02-11 00:00:00+08:00,3.0,3.03,2.96,3.02,19579771,0.0,0.0
2009-02-12 00:00:00+08:00,3.03,3.06,2.96,2.96,37391076,0.0,0.0
2009-02-13 00:00:00+08:00,2.96,3.04,2.96,3.02,16623810,0.0,0.0
2009-02-16 00:00:00+08:00,3.01,3.03,2.94,2.97,23857639,0.0,0.0
2009-02-17 00:00:00+08:00,2.95,2.97,2.9,2.97,22880095,0.0,0.0
2009-02-18 00:00:00+08:00,2.95,3.08,2.92,3.04,29215249,0.0,0.0
2009-02-19 00:00:00+08:00,3.04,3.04,2.92,2.98,32344502,0.0,0.0
2009-02-20 00:00:00+08:00,2.93,2.96,2.87,2.95,36560163,0.0,0.0
2009-02-23 00:00:00+08:00,2.9,2.95,2.85,2.95,21637058,0.0,0.0
2009-02-24 00:00:00+08:00,2.94,2.96,2.88,2.95,14774251,0.0,0.0
2009-02-25 00:00:00+08:00,2.96,3.12,2.96,3.08,35301575,0.0,0.0
2009-02-26 00:00:00+08:00,3.13,3.15,3.07,3.11,20066322,0.0,0.0
2009-02-27 00:00:00+08:00,3.11,3.14,3.08,3.14,20228505,0.0,0.0
2009-03-02 00:00:00+08:00,3.11,3.11,2.93,2.96,31428055,0.0,0.0
2009-03-03 00:00:00+08:00,2.89,2.96,2.87,2.96,16439409,0.0,0.0
2009-03-04 00:00:00+08:00,2.94,3.0,2.91,2.96,16199467,0.0,0.0
2009-03-05 00:00:00+08:00,3.01,3.07,3.0,3.02,16687128,0.0,0.0
2009-03-06 00:00:00+08:00,2.96,3.07,2.96,3.02,15343004,0.0,0.0
2009-03-09 00:00:00+08:00,3.06,3.11,3.01,3.11,17118136,0.0,0.0
2009-03-10 00:00:00+08:00,3.1,3.18,3.1,3.16,26350377,0.0,0.0
2009-03-11 00:00:00+08:00,3.28,3.3,3.15,3.18,33106543,0.0,0.0
2009-03-12 00:00:00+08:00,3.19,3.22,3.14,3.16,14208831,0.0,0.0
2009-03-13 00:00:00+08:00,3.22,3.3,3.2,3.3,31670219,0.0,0.0
2009-03-16 00:00:00+08:00,3.31,3.36,3.28,3.35,28142172,0.0,0.0
2009-03-17 00:00:00+08:00,3.35,3.41,3.33,3.38,32296736,0.0,0.0
2009-03-18 00:00:00+08:00,3.4,3.4,3.35,3.39,20777263,0.0,0.0
2009-03-19 00:00:00+08:00,3.39,3.48,3.35,3.37,29920637,0.0,0.0
2009-03-20 00:00:00+08:00,3.37,3.37,3.25,3.27,17903504,0.0,0.0
2009-03-23 00:00:00+08:00,3.32,3.38,3.28,3.37,21861449,0.0,0.0
2009-03-24 00:00:00+08:00,3.47,3.5,3.44,3.48,37523267,0.0,0.0
2009-03-25 00:00:00+08:00,3.49,3.53,3.45,3.5,32674424,0.0,0.0
2009-03-26 00:00:00+08:00,3.53,3.62,3.5,3.62,37645460,0.0,0.0
2009-03-27 00:00:00+08:00,3.69,3.8,3.66,3.69,51511039,0.0,0.0
2009-03-30 00:00:00+08:00,3.71,3.71,3.43,3.47,34465107,0.0,0.0
2009-03-31 00:00:00+08:00,3.47,3.6,3.46,3.56,22876762,0.0,0.0
2009-04-02 00:00:00+08:00,3.7,3.85,3.7,3.83,56033293,0.0,0.0
2009-04-03 00:00:00+08:00,3.86,4.02,3.76,3.96,102641059,0.0,0.0
2009-04-06 00:00:00+08:00,4.06,4.21,3.94,4.13,125976601,0.0,0.0
2009-04-07 00:00:00+08:00,4.09,4.14,4.0,4.13,55494533,0.0,0.0
2009-04-08 00:00:00+08:00,4.11,4.19,3.86,3.89,67652743,0.0,0.0
2009-04-09 00:00:00+08:00,3.98,4.11,3.9,4.1,55798905,0.0,0.0
2009-04-10 00:00:00+08:00,4.21,4.22,4.07,4.11,49193815,0.0,0.0
2009-04-13 00:00:00+08:00,4.14,4.16,4.07,4.14,38676325,0.0,0.0
2009-04-14 00:00:00+08:00,4.11,4.13,4.02,4.09,32507797,0.0,0.0
2009-04-15 00:00:00+08:00,4.07,4.08,4.01,4.04,30723778,0.0,0.0
2009-04-16 00:00:00+08:00,4.17,4.31,4.16,4.31,71907283,0.0,0.0
2009-04-17 00:00:00+08:00,4.33,4.57,4.07,4.17,176999979,0.0,0.0
2009-04-20 00:00:00+08:00,4.17,4.35,4.1,4.25,76530624,0.0,0.0
2009-04-21 00:00:00+08:00,4.12,4.28,4.06,4.28,53020679,0.0,0.0
2009-04-22 00:00:00+08:00,4.29,4.4,4.27,4.27,74739940,0.0,0.0
2009-04-23 00:00:00+08:00,4.25,4.25,4.11,4.16,40118203,0.0,0.0
2009-04-24 00:00:00+08:00,4.21,4.32,4.09,4.14,46326721,0.0,0.0
2009-04-27 00:00:00+08:00,4.18,4.21,3.98,3.99,49518182,0.0,0.0
2009-04-28 00:00:00+08:00,4.01,4.14,4.01,4.05,52200875,0.0,0.0
2009-04-29 00:00:00+08:00,4.1,4.19,4.08,4.17,49991402,0.0,0.0
2009-04-30 00:00:00+08:00,4.46,4.46,4.38,4.46,61447557,0.0,0.0
2009-05-04 00:00:00+08:00,4.75,4.77,4.74,4.77,54364803,0.0,0.0
2009-05-05 00:00:00+08:00,5.05,5.06,4.77,4.82,126864167,0.0,0.0
2009-05-06 00:00:00+08:00,4.76,4.93,4.75,4.87,77513723,0.0,0.0
2009-05-07 00:00:00+08:00,4.87,4.87,4.64,4.69,73794610,0.0,0.0
2009-05-08 00:00:00+08:00,4.63,4.73,4.63,4.73,45148113,0.0,0.0
2009-05-11 00:00:00+08:00,4.75,4.93,4.73,4.9,61053207,0.0,0.0
2009-05-12 00:00:00+08:00,4.85,4.85,4.56,4.58,50897852,0.0,0.0
2009-05-13 00:00:00+08:00,4.58,4.63,4.54,4.57,25054020,0.0,0.0
2009-05-14 00:00:00+08:00,4.38,4.46,4.38,4.38,30208346,0.0,0.0
2009-05-15 00:00:00+08:00,4.4,4.55,4.4,4.5,39616100,0.0,0.0
2009-05-18 00:00:00+08:00,4.43,4.54,4.42,4.53,36674580,0.0,0.0
2009-05-19 00:00:00+08:00,4.59,4.79,4.59,4.72,75669718,0.0,0.0
2009-05-20 00:00:00+08:00,4.77,4.96,4.69,4.85,108854021,0.0,0.0
2009-05-21 00:00:00+08:00,4.8,4.88,4.71,4.74,46281176,0.0,0.0
2009-05-22 00:00:00+08:00,4.65,4.78,4.65,4.69,44837077,0.0,0.0
2009-05-25 00:00:00+08:00,4.7,4.88,4.7,4.88,59915700,0.0,0.0
2009-05-26 00:00:00+08:00,4.85,4.9,4.75,4.77,72880384,0.0,0.0
2009-05-27 00:00:00+08:00,4.8,4.96,4.8,4.95,88793253,0.0,0.0
2009-06-01 00:00:00+08:00,4.96,4.99,4.9,4.91,68649171,0.0,0.0
2009-06-02 00:00:00+08:00,4.95,5.04,4.81,4.84,79994242,0.0,0.0
2009-06-03 00:00:00+08:00,4.79,4.86,4.79,4.85,37615467,0.0,0.0
2009-06-04 00:00:00+08:00,4.83,4.88,4.71,4.74,40669182,0.0,0.0
2009-06-05 00:00:00+08:00,4.76,4.78,4.72,4.73,25461701,0.0,0.0
2009-06-08 00:00:00+08:00,4.71,4.73,4.45,4.45,43113044,0.0,0.0
2009-06-09 00:00:00+08:00,4.44,4.47,4.25,4.28,37932058,0.0,0.0
2009-06-10 00:00:00+08:00,4.23,4.31,4.23,4.27,41590074,0.0,0.0
2009-06-11 00:00:00+08:00,4.21,4.25,4.16,4.24,48271812,0.0,0.0
2009-06-12 00:00:00+08:00,4.21,4.28,4.17,4.17,56440974,0.0,0.0
2009-06-15 00:00:00+08:00,4.11,4.13,3.94,3.94,41027986,0.0,0.0
2009-06-16 00:00:00+08:00,3.93,3.97,3.89,3.94,29617376,0.0,0.0
2009-06-17 00:00:00+08:00,3.94,4.06,3.92,3.94,47495331,0.0,0.0
2009-06-18 00:00:00+08:00,3.89,3.96,3.82,3.82,40950226,0.0,0.0
2009-06-19 00:00:00+08:00,3.83,3.88,3.83,3.88,27592303,0.0,0.0
2009-06-22 00:00:00+08:00,3.86,3.88,3.81,3.85,28456541,0.0,0.0
2009-06-23 00:00:00+08:00,3.76,3.77,3.73,3.75,32591110,0.0,0.0
2009-06-24 00:00:00+08:00,3.72,4.0,3.72,4.0,71995040,0.0,0.0
2009-06-25 00:00:00+08:00,4.06,4.12,4.0,4.01,71899507,0.0,0.0
2009-06-26 00:00:00+08:00,4.01,4.05,3.98,3.98,44844853,0.0,0.0
2009-06-29 00:00:00+08:00,4.01,4.24,4.01,4.14,111350092,0.0,0.0
2009-06-30 00:00:00+08:00,4.18,4.3,4.12,4.13,95498319,0.0,0.0
2009-07-01 00:00:00+08:00,4.1,4.12,4.01,4.1,61696386,0.0,0.0
2009-07-02 00:00:00+08:00,4.1,4.21,4.09,4.2,54233723,0.0,0.0
2009-07-03 00:00:00+08:00,4.16,4.21,4.13,4.15,40103762,0.0,0.0
2009-07-06 00:00:00+08:00,4.17,4.17,4.11,4.14,25901596,0.0,0.0
2009-07-07 00:00:00+08:00,4.19,4.42,4.19,4.38,96664708,0.0,0.0
2009-07-08 00:00:00+08:00,4.35,4.35,4.27,4.27,47077653,0.0,0.0
2009-07-09 00:00:00+08:00,4.27,4.39,4.27,4.3,60207853,0.0,0.0
2009-07-10 00:00:00+08:00,4.35,4.35,4.28,4.29,29006410,0.0,0.0
2009-07-13 00:00:00+08:00,4.28,4.29,4.0,4.01,60577764,0.0,0.0
2009-07-14 00:00:00+08:00,4.04,4.07,4.02,4.04,21694822,0.0,0.0
2009-07-15 00:00:00+08:00,4.07,4.17,4.07,4.11,33023229,0.0,0.0
2009-07-16 00:00:00+08:00,4.25,4.27,4.13,4.14,35543739,0.0,0.0
2009-07-17 00:00:00+08:00,4.18,4.22,4.16,4.22,27550091,0.0,0.0
2009-07-20 00:00:00+08:00,4.22,4.29,4.22,4.26,58564911,0.0,0.0
2009-07-21 00:00:00+08:00,4.29,4.3,4.25,4.26,43477401,0.0,0.0
2009-07-22 00:00:00+08:00,4.3,4.36,4.3,4.3,49192704,0.0,0.0
2009-07-23 00:00:00+08:00,4.33,4.34,4.27,4.29,24347522,0.0,0.0
2009-07-24 00:00:00+08:00,4.34,4.35,4.28,4.29,33354261,0.0,0.0
2009-07-27 00:00:00+08:00,4.31,4.34,4.27,4.28,27825581,0.0,0.0
2009-07-28 00:00:00+08:00,4.28,4.34,4.28,4.31,37697669,0.0,0.0
2009-07-29 00:00:00+08:00,4.35,4.35,4.28,4.29,33287611,0.0,0.0
2009-07-30 00:00:00+08:00,4.3,4.31,4.22,4.22,34919444,0.0,0.0
2009-07-31 00:00:00+08:00,4.25,4.28,4.24,4.24,39419481,0.0,0.0
2009-08-03 00:00:00+08:00,4.27,4.29,4.24,4.25,24368628,0.0,0.0
2009-08-04 00:00:00+08:00,4.31,4.42,4.26,4.27,84212124,0.0,0.0
2009-08-05 00:00:00+08:00,4.28,4.3,4.11,4.13,57962833,0.0,0.0
2009-08-06 00:00:00+08:00,4.15,4.17,4.08,4.11,29750677,0.0,0.0
2009-08-07 00:00:00+08:00,4.11,4.11,4.11,4.11,0,0.0,0.0
2009-08-10 00:00:00+08:00,4.04,4.14,4.01,4.11,26924685,0.0,0.0
2009-08-11 00:00:00+08:00,4.17,4.17,4.09,4.17,23106707,0.0,0.0
2009-08-12 00:00:00+08:00,4.16,4.17,4.11,4.13,15546289,0.0,0.0
2009-08-13 00:00:00+08:00,4.17,4.25,4.14,4.23,31030372,0.0,0.0
2009-08-14 00:00:00+08:00,4.25,4.27,4.21,4.22,22446865,0.0,0.0
2009-08-17 00:00:00+08:00,4.2,4.21,4.13,4.13,17877955,0.0,0.0
2009-08-18 00:00:00+08:00,4.11,4.15,4.06,4.08,21063861,0.0,0.0
2009-08-19 00:00:00+08:00,4.11,4.11,4.04,4.04,20231838,0.0,0.0
2009-08-20 00:00:00+08:00,4.06,4.06,3.96,3.96,21495980,0.0,0.0
2009-08-21 00:00:00+08:00,4.0,4.04,3.91,3.92,23317768,0.0,0.0
2009-08-24 00:00:00+08:00,4.0,4.11,3.99,4.07,20161854,0.0,0.0
2009-08-25 00:00:00+08:00,4.06,4.07,3.98,3.98,11512807,0.0,0.0
2009-08-26 00:00:00+08:00,3.99,4.01,3.89,3.9,23458845,0.0,0.0
2009-08-27 00:00:00+08:00,3.88,3.92,3.85,3.86,21667051,0.0,0.0
2009-08-28 00:00:00+08:00,3.87,4.01,3.87,4.01,22714579,0.0,0.0
2009-08-31 00:00:00+08:00,4.03,4.04,4.0,4.0,23256671,0.0,0.0
2009-09-01 00:00:00+08:00,4.0,4.11,3.98,4.11,24428614,0.0,0.0
2009-09-02 00:00:00+08:00,4.1,4.18,4.06,4.16,23395527,0.0,0.0
2009-09-03 00:00:00+08:00,4.16,4.2,4.11,4.17,25748299,0.0,0.0
2009-09-04 00:00:00+08:00,4.27,4.34,4.25,4.3,61128744,0.0,0.0
2009-09-07 00:00:00+08:00,4.36,4.38,4.31,4.33,37126695,0.0,0.0
2009-09-08 00:00:00+08:00,4.36,4.4,4.31,4.38,51359964,0.0,0.0
2009-09-09 00:00:00+08:00,4.4,4.42,4.33,4.33,38455266,0.0,0.0
2009-09-10 00:00:00+08:00,4.63,4.63,4.4,4.43,92164670,0.0,0.0
2009-09-11 00:00:00+08:00,4.45,4.49,4.44,4.46,28670935,0.0,0.0
2009-09-14 00:00:00+08:00,4.46,4.48,4.36,4.38,25842721,0.0,0.0
2009-09-15 00:00:00+08:00,4.39,4.52,4.37,4.49,37786537,0.0,0.0
2009-09-16 00:00:00+08:00,4.54,4.57,4.51,4.54,51047817,0.0,0.0
2009-09-17 00:00:00+08:00,4.59,4.61,4.54,4.57,48109629,0.0,0.0
2009-09-18 00:00:00+08:00,4.54,4.58,4.5,4.58,25187322,0.0,0.0
2009-09-21 00:00:00+08:00,4.59,4.64,4.56,4.61,34247382,0.0,0.0
2009-09-22 00:00:00+08:00,4.59,4.66,4.55,4.55,38575238,0.0,0.0
2009-09-23 00:00:00+08:00,4.59,4.59,4.39,4.43,31011487,0.0,0.0
2009-09-24 00:00:00+08:00,4.38,4.43,4.38,4.4,15782899,0.0,0.0
2009-09-25 00:00:00+08:00,4.38,4.46,4.38,4.45,13443458,0.0,0.0
2009-09-28 00:00:00+08:00,4.43,4.46,4.39,4.43,10881847,0.0,0.0
2009-09-29 00:00:00+08:00,4.48,4.53,4.48,4.52,21359346,0.0,0.0
2009-09-30 00:00:00+08:00,4.54,4.58,4.51,4.51,27985543,0.0,0.0
2009-10-01 00:00:00+08:00,4.58,4.63,4.54,4.54,30918176,0.0,0.0
2009-10-02 00:00:00+08:00,4.45,4.49,4.43,4.45,22804557,0.0,0.0
2009-10-05 00:00:00+08:00,4.46,4.47,4.41,4.43,13033556,0.0,0.0
2009-10-06 00:00:00+08:00,4.48,4.5,4.43,4.46,20817254,0.0,0.0
2009-10-07 00:00:00+08:00,4.49,4.54,4.49,4.52,20486221,0.0,0.0
2009-10-08 00:00:00+08:00,4.54,4.58,4.5,4.5,31499149,0.0,0.0
2009-10-09 00:00:00+08:00,4.58,4.82,4.58,4.82,142868125,0.0,0.0
2009-10-12 00:00:00+08:00,4.87,4.99,4.86,4.97,123261693,0.0,0.0
2009-10-13 00:00:00+08:00,4.85,4.91,4.82,4.87,61833020,0.0,0.0
2009-10-14 00:00:00+08:00,4.88,4.92,4.84,4.89,37102256,0.0,0.0
2009-10-15 00:00:00+08:00,4.96,5.0,4.89,4.91,49879207,0.0,0.0
2009-10-16 00:00:00+08:00,4.91,4.97,4.9,4.93,29681805,0.0,0.0
2009-10-19 00:00:00+08:00,4.93,4.93,4.88,4.88,24360852,0.0,0.0
2009-10-20 00:00:00+08:00,4.93,4.93,4.88,4.9,24182006,0.0,0.0
2009-10-21 00:00:00+08:00,4.9,4.92,4.81,4.82,32411153,0.0,0.0
2009-10-22 00:00:00+08:00,4.77,4.82,4.68,4.73,45572457,0.0,0.0
2009-10-23 00:00:00+08:00,4.75,4.79,4.74,4.76,23391084,0.0,0.0
2009-10-26 00:00:00+08:00,4.78,4.86,4.78,4.79,24740762,0.0,0.0
2009-10-27 00:00:00+08:00,4.76,4.82,4.7,4.81,28849781,0.0,0.0
2009-10-28 00:00:00+08:00,4.78,4.82,4.73,4.73,22024743,0.0,0.0
2009-10-29 00:00:00+08:00,4.61,4.64,4.44,4.55,43536276,0.0,0.0
2009-10-30 00:00:00+08:00,4.6,4.66,4.56,4.56,32704417,0.0,0.0
2009-11-02 00:00:00+08:00,4.48,4.54,4.47,4.53,19238741,0.0,0.0
2009-11-03 00:00:00+08:00,4.56,4.56,4.5,4.54,16258342,0.0,0.0
2009-11-04 00:00:00+08:00,4.58,4.71,4.56,4.68,19200973,0.0,0.0
2009-11-05 00:00:00+08:00,4.69,4.69,4.61,4.61,15377441,0.0,0.0
2009-11-06 00:00:00+08:00,4.69,4.71,4.63,4.63,20424014,0.0,0.0
2009-11-09 00:00:00+08:00,4.83,4.85,4.77,4.84,36519062,0.0,0.0
2009-11-10 00:00:00+08:00,4.91,4.91,4.83,4.85,32286738,0.0,0.0
2009-11-11 00:00:00+08:00,4.85,4.89,4.78,4.89,31765752,0.0,0.0
2009-11-12 00:00:00+08:00,4.91,5.03,4.89,4.97,92401281,0.0,0.0
2009-11-13 00:00:00+08:00,4.96,4.98,4.89,4.91,32143439,0.0,0.0
2009-11-16 00:00:00+08:00,4.91,4.99,4.89,4.96,31220326,0.0,0.0
2009-11-17 00:00:00+08:00,5.01,5.02,4.86,4.86,43153034,0.0,0.0
2009-11-18 00:00:00+08:00,4.88,4.9,4.83,4.83,33946342,0.0,0.0
2009-11-19 00:00:00+08:00,4.8,4.84,4.79,4.8,19728624,0.0,0.0
2009-11-20 00:00:00+08:00,4.8,4.82,4.74,4.75,29775116,0.0,0.0
2009-11-23 00:00:00+08:00,4.75,4.81,4.75,4.81,16486065,0.0,0.0
2009-11-24 00:00:00+08:00,4.84,4.84,4.81,4.84,14454328,0.0,0.0
2009-11-25 00:00:00+08:00,4.84,4.91,4.83,4.91,28725366,0.0,0.0
2009-11-26 00:00:00+08:00,4.93,4.95,4.85,4.86,19673082,0.0,0.0
2009-11-27 00:00:00+08:00,4.8,4.8,4.63,4.63,55430104,0.0,0.0
2009-11-30 00:00:00+08:00,4.73,4.76,4.68,4.72,22681253,0.0,0.0
2009-12-01 00:00:00+08:00,4.76,4.85,4.72,4.83,28036642,0.0,0.0
2009-12-02 00:00:00+08:00,4.85,4.87,4.79,4.79,15496301,0.0,0.0
2009-12-03 00:00:00+08:00,4.82,4.83,4.76,4.78,20251833,0.0,0.0
2009-12-04 00:00:00+08:00,4.78,4.79,4.75,4.75,14495429,0.0,0.0
2009-12-07 00:00:00+08:00,4.77,4.82,4.75,4.81,18969917,0.0,0.0
2009-12-08 00:00:00+08:00,4.83,4.83,4.76,4.77,14184392,0.0,0.0
2009-12-09 00:00:00+08:00,4.75,4.78,4.75,4.76,13691176,0.0,0.0
2009-12-10 00:00:00+08:00,4.76,4.81,4.67,4.73,29998396,0.0,0.0
2009-12-11 00:00:00+08:00,4.74,4.79,4.73,4.79,17351414,0.0,0.0
2009-12-14 00:00:00+08:00,4.8,4.82,4.76,4.8,15669593,0.0,0.0
2009-12-15 00:00:00+08:00,4.82,4.83,4.77,4.8,16838203,0.0,0.0
2009-12-16 00:00:00+08:00,4.8,4.8,4.74,4.74,15394103,0.0,0.0
2009-12-17 00:00:00+08:00,4.76,4.79,4.74,4.75,15253026,0.0,0.0
2009-12-18 00:00:00+08:00,4.75,4.75,4.71,4.75,13772268,0.0,0.0
2009-12-21 00:00:00+08:00,4.76,4.79,4.75,4.75,14116630,0.0,0.0
2009-12-22 00:00:00+08:00,4.76,4.83,4.76,4.82,21347127,0.0,0.0
2009-12-23 00:00:00+08:00,4.83,4.85,4.79,4.82,16181693,0.0,0.0
2009-12-24 00:00:00+08:00,4.82,4.87,4.82,4.84,26442578,0.0,0.0
2009-12-25 00:00:00+08:00,4.88,4.89,4.83,4.84,19155428,0.0,0.0
2009-12-28 00:00:00+08:00,4.84,4.92,4.84,4.91,31296975,0.0,0.0
2009-12-29 00:00:00+08:00,4.95,4.96,4.88,4.88,30742663,0.0,0.0
2009-12-30 00:00:00+08:00,4.91,4.95,4.88,4.94,33150977,0.0,0.0
2009-12-31 00:00:00+08:00,4.96,5.27,4.94,5.17,102614399,0.0,0.0
2010-01-04 00:00:00+08:00,5.21,5.24,5.13,5.22,70252122,0.0,0.0
2010-01-05 00:00:00+08:00,5.27,5.41,5.23,5.26,75845232,0.0,0.0
2010-01-06 00:00:00+08:00,5.33,5.35,5.22,5.27,55303468,0.0,0.0
2010-01-07 00:00:00+08:00,5.3,5.35,5.25,5.26,51593242,0.0,0.0
2010-01-08 00:00:00+08:00,5.33,5.41,5.26,5.33,58900387,0.0,0.0
2010-01-11 00:00:00+08:00,5.38,5.54,5.35,5.49,59771290,0.0,0.0
2010-01-12 00:00:00+08:00,5.54,5.57,5.38,5.41,41531199,0.0,0.0
2010-01-13 00:00:00+08:00,5.35,5.38,5.3,5.33,31480264,0.0,0.0
2010-01-14 00:00:00+08:00,5.33,5.38,5.3,5.33,29135268,0.0,0.0
2010-01-15 00:00:00+08:00,5.38,5.43,5.33,5.35,31626896,0.0,0.0
2010-01-18 00:00:00+08:00,5.27,5.35,5.27,5.33,26785829,0.0,0.0
2010-01-19 00:00:00+08:00,5.35,5.38,5.27,5.27,31368069,0.0,0.0
2010-01-20 00:00:00+08:00,5.33,5.33,5.17,5.17,43364095,0.0,0.0
2010-01-21 00:00:00+08:00,5.17,5.21,5.1,5.11,30167244,0.0,0.0
2010-01-22 00:00:00+08:00,5.04,5.04,4.91,4.92,49160489,0.0,0.0
2010-01-25 00:00:00+08:00,4.89,4.91,4.81,4.82,35167162,0.0,0.0
2010-01-26 00:00:00+08:00,4.83,4.85,4.66,4.67,51352188,0.0,0.0
2010-01-27 00:00:00+08:00,4.72,4.72,4.66,4.68,23698788,0.0,0.0
2010-01-28 00:00:00+08:00,4.72,4.82,4.69,4.75,29932856,0.0,0.0
2010-01-29 00:00:00+08:00,4.69,4.71,4.62,4.68,33386476,0.0,0.0
2010-02-01 00:00:00+08:00,4.72,4.73,4.58,4.58,24040929,0.0,0.0
2010-02-02 00:00:00+08:00,4.69,4.69,4.52,4.54,29524064,0.0,0.0
2010-02-03 00:00:00+08:00,4.59,4.62,4.55,4.61,20568424,0.0,0.0
2010-02-04 00:00:00+08:00,4.64,4.65,4.59,4.62,16589374,0.0,0.0
2010-02-05 00:00:00+08:00,4.53,4.53,4.33,4.33,39500572,0.0,0.0
2010-02-08 00:00:00+08:00,4.37,4.48,4.33,4.48,23644357,0.0,0.0
2010-02-09 00:00:00+08:00,4.48,4.56,4.44,4.55,18754413,0.0,0.0
2010-02-10 00:00:00+08:00,4.56,4.58,4.49,4.49,28142172,0.0,0.0
2010-02-22 00:00:00+08:00,4.6,4.66,4.56,4.64,22727909,0.0,0.0
2010-02-23 00:00:00+08:00,4.65,4.68,4.61,4.65,14067753,0.0,0.0
2010-02-24 00:00:00+08:00,4.63,4.72,4.61,4.65,20226283,0.0,0.0
2010-02-25 00:00:00+08:00,4.69,4.69,4.54,4.57,25970468,0.0,0.0
2010-02-26 00:00:00+08:00,4.59,4.63,4.58,4.61,10656345,0.0,0.0
2010-03-01 00:00:00+08:00,4.61,4.73,4.61,4.67,17945717,0.0,0.0
2010-03-02 00:00:00+08:00,4.71,4.71,4.67,4.68,9703239,0.0,0.0
2010-03-03 00:00:00+08:00,4.69,4.78,4.69,4.76,19714183,0.0,0.0
2010-03-04 00:00:00+08:00,4.8,4.8,4.62,4.65,31805742,0.0,0.0
2010-03-05 00:00:00+08:00,4.69,4.77,4.69,4.72,22803446,0.0,0.0
2010-03-08 00:00:00+08:00,4.73,4.77,4.73,4.75,15047519,0.0,0.0
2010-03-09 00:00:00+08:00,4.72,4.76,4.72,4.76,8814563,0.0,0.0
2010-03-10 00:00:00+08:00,4.76,4.77,4.73,4.76,8940088,0.0,0.0
2010-03-11 00:00:00+08:00,4.75,4.75,4.69,4.71,11499477,0.0,0.0
2010-03-12 00:00:00+08:00,4.74,4.74,4.69,4.72,9596598,0.0,0.0
2010-03-15 00:00:00+08:00,4.7,4.7,4.61,4.61,14134404,0.0,0.0
2010-03-16 00:00:00+08:00,4.61,4.68,4.61,4.66,8485752,0.0,0.0
2010-03-17 00:00:00+08:00,4.69,4.78,4.68,4.77,24527479,0.0,0.0
2010-03-18 00:00:00+08:00,4.8,4.84,4.78,4.8,20935003,0.0,0.0
2010-03-19 00:00:00+08:00,4.8,4.84,4.77,4.84,12099334,0.0,0.0
2010-03-22 00:00:00+08:00,4.77,4.8,4.75,4.76,13785598,0.0,0.0
2010-03-23 00:00:00+08:00,4.78,4.79,4.75,4.76,11760526,0.0,0.0
2010-03-24 00:00:00+08:00,4.79,4.83,4.77,4.78,12691415,0.0,0.0
2010-03-25 00:00:00+08:00,4.78,4.82,4.72,4.79,18456706,0.0,0.0
2010-03-26 00:00:00+08:00,4.76,4.84,4.71,4.78,17559142,0.0,0.0
2010-03-29 00:00:00+08:00,4.81,4.84,4.76,4.78,21143842,0.0,0.0
2010-03-30 00:00:00+08:00,4.79,4.83,4.78,4.82,21213826,0.0,0.0
2010-03-31 00:00:00+08:00,4.82,4.82,4.74,4.75,18939924,0.0,0.0
2010-04-01 00:00:00+08:00,4.75,4.84,4.75,4.83,23131146,0.0,0.0
2010-04-02 00:00:00+08:00,4.85,4.87,4.83,4.85,11442824,0.0,0.0
2010-04-06 00:00:00+08:00,4.86,4.9,4.84,4.84,17366966,0.0,0.0
2010-04-07 00:00:00+08:00,4.85,4.87,4.85,4.87,11428383,0.0,0.0
2010-04-08 00:00:00+08:00,4.87,4.96,4.85,4.88,24393067,0.0,0.0
2010-04-09 00:00:00+08:00,4.88,4.92,4.88,4.91,14124406,0.0,0.0
2010-04-12 00:00:00+08:00,4.92,4.96,4.91,4.92,12908030,0.0,0.0
2010-04-13 00:00:00+08:00,4.92,4.92,4.82,4.83,12128216,0.0,0.0
2010-04-14 00:00:00+08:00,4.84,4.9,4.84,4.89,11593899,0.0,0.0
2010-04-15 00:00:00+08:00,4.93,4.94,4.91,4.93,14546528,0.0,0.0
2010-04-16 00:00:00+08:00,4.93,4.93,4.85,4.85,13891129,0.0,0.0
2010-04-19 00:00:00+08:00,4.75,4.78,4.68,4.69,31178114,0.0,0.0
2010-04-20 00:00:00+08:00,4.72,4.72,4.68,4.69,15081956,0.0,0.0
2010-04-21 00:00:00+08:00,4.69,4.75,4.69,4.72,11606119,0.0,0.0
2010-04-22 00:00:00+08:00,4.68,4.68,4.6,4.63,20127418,0.0,0.0
2010-04-23 00:00:00+08:00,4.63,4.66,4.62,4.63,14095524,0.0,0.0
2010-04-26 00:00:00+08:00,4.69,4.77,4.69,4.73,26560327,0.0,0.0
2010-04-27 00:00:00+08:00,4.71,4.73,4.68,4.69,11698319,0.0,0.0
2010-04-28 00:00:00+08:00,4.57,4.63,4.57,4.6,17528039,0.0,0.0
2010-04-29 00:00:00+08:00,4.61,4.63,4.59,4.59,12288178,0.0,0.0
2010-04-30 00:00:00+08:00,4.75,4.76,4.64,4.67,53426138,0.0,0.0
2010-05-03 00:00:00+08:00,4.72,4.72,4.65,4.68,15609607,0.0,0.0
2010-05-04 00:00:00+08:00,4.72,4.72,4.63,4.65,20009668,0.0,0.0
2010-05-05 00:00:00+08:00,4.57,4.57,4.49,4.49,33227625,0.0,0.0
2010-05-06 00:00:00+08:00,4.49,4.53,4.43,4.43,26840261,0.0,0.0
2010-05-07 00:00:00+08:00,4.38,4.43,4.35,4.39,24331970,0.0,0.0
2010-05-10 00:00:00+08:00,4.42,4.48,4.42,4.46,12271515,0.0,0.0
2010-05-11 00:00:00+08:00,4.48,4.53,4.41,4.41,24310864,0.0,0.0
2010-05-12 00:00:00+08:00,4.44,4.47,4.43,4.45,10585251,0.0,0.0
2010-05-13 00:00:00+08:00,4.53,4.63,4.49,4.57,26330382,0.0,0.0
2010-05-14 00:00:00+08:00,4.54,4.61,4.54,4.59,11207325,0.0,0.0
2010-05-17 00:00:00+08:00,4.54,4.54,4.45,4.5,14848678,0.0,0.0
2010-05-18 00:00:00+08:00,4.53,4.53,4.48,4.49,10981823,0.0,0.0
2010-05-19 00:00:00+08:00,4.46,4.5,4.44,4.48,10805199,0.0,0.0
2010-05-20 00:00:00+08:00,4.48,4.48,4.42,4.42,14427667,0.0,0.0
2010-05-21 00:00:00+08:00,4.32,4.33,4.28,4.3,23362202,0.0,0.0
2010-05-24 00:00:00+08:00,4.34,4.37,4.32,4.33,12327058,0.0,0.0
2010-05-25 00:00:00+08:00,4.3,4.3,4.17,4.18,25069572,0.0,0.0
2010-05-26 00:00:00+08:00,4.2,4.24,4.18,4.18,28206601,0.0,0.0
2010-05-27 00:00:00+08:00,4.18,4.27,4.16,4.24,16611591,0.0,0.0
2010-05-28 00:00:00+08:00,4.31,4.31,4.26,4.29,20723942,0.0,0.0
2010-05-31 00:00:00+08:00,4.25,4.34,4.25,4.34,12942466,0.0,0.0
2010-06-01 00:00:00+08:00,4.32,4.33,4.28,4.3,10029828,0.0,0.0
2010-06-02 00:00:00+08:00,4.27,4.33,4.25,4.25,12050457,0.0,0.0
2010-06-03 00:00:00+08:00,4.31,4.38,4.3,4.36,14245489,0.0,0.0
2010-06-04 00:00:00+08:00,4.36,4.37,4.33,4.33,5316508,0.0,0.0
2010-06-07 00:00:00+08:00,4.25,4.28,4.2,4.26,15998404,0.0,0.0
2010-06-08 00:00:00+08:00,4.26,4.29,4.23,4.26,8441318,0.0,0.0
2010-06-09 00:00:00+08:00,4.28,4.29,4.23,4.23,11085132,0.0,0.0
2010-06-10 00:00:00+08:00,4.25,4.29,4.24,4.29,7844794,0.0,0.0
2010-06-11 00:00:00+08:00,4.33,4.38,4.33,4.37,12784726,0.0,0.0
2010-06-14 00:00:00+08:00,4.43,4.5,4.43,4.46,19713073,0.0,0.0
2010-06-15 00:00:00+08:00,4.46,4.53,4.44,4.5,16536053,0.0,0.0
2010-06-17 00:00:00+08:00,4.54,4.55,4.49,4.53,21376009,0.0,0.0
2010-06-18 00:00:00+08:00,4.55,4.55,4.48,4.51,11456154,0.0,0.0
2010-06-21 00:00:00+08:00,4.56,4.63,4.56,4.59,28795350,0.0,0.0
2010-06-22 00:00:00+08:00,4.62,4.62,4.58,4.59,13153527,0.0,0.0
2010-06-23 00:00:00+08:00,4.58,4.61,4.56,4.56,10319759,0.0,0.0
2010-06-24 00:00:00+08:00,4.58,4.62,4.56,4.6,9433304,0.0,0.0
2010-06-25 00:00:00+08:00,4.57,4.73,4.57,4.63,40855805,0.0,0.0
2010-06-28 00:00:00+08:00,4.66,4.74,4.64,4.68,42079957,0.0,0.0
2010-06-29 00:00:00+08:00,4.69,4.73,4.58,4.58,33736393,0.0,0.0
2010-06-30 00:00:00+08:00,4.49,4.57,4.47,4.57,23178912,0.0,0.0
2010-07-01 00:00:00+08:00,4.57,4.58,4.52,4.54,7269376,0.0,0.0
2010-07-02 00:00:00+08:00,4.54,4.69,4.51,4.62,38112015,0.0,0.0
2010-07-05 00:00:00+08:00,4.63,4.7,4.63,4.68,35385999,0.0,0.0
2010-07-06 00:00:00+08:00,4.64,4.73,4.64,4.73,23405525,0.0,0.0
2010-07-07 00:00:00+08:00,4.69,4.72,4.66,4.68,16925960,0.0,0.0
2010-07-08 00:00:00+08:00,4.74,4.74,4.68,4.71,18270084,0.0,0.0
2010-07-09 00:00:00+08:00,4.74,4.74,4.68,4.68,18658880,0.0,0.0
2010-07-12 00:00:00+08:00,4.69,4.78,4.68,4.71,30443845,0.0,0.0
2010-07-13 00:00:00+08:00,4.74,4.76,4.69,4.71,12856931,0.0,0.0
2010-07-14 00:00:00+08:00,4.74,4.77,4.74,4.77,24225329,0.0,0.0
2010-07-15 00:00:00+08:00,4.77,4.87,4.77,4.84,33605313,0.0,0.0
2010-07-16 00:00:00+08:00,4.85,4.95,4.79,4.85,49999178,0.0,0.0
2010-07-19 00:00:00+08:00,4.8,4.85,4.8,4.83,24675222,0.0,0.0
2010-07-20 00:00:00+08:00,4.83,4.85,4.79,4.82,20137416,0.0,0.0
2010-07-21 00:00:00+08:00,4.86,4.87,4.79,4.8,25351727,0.0,0.0
2010-07-22 00:00:00+08:00,4.83,4.85,4.78,4.78,16137259,0.0,0.0
2010-07-23 00:00:00+08:00,4.82,4.84,4.82,4.82,18872162,0.0,0.0
2010-07-26 00:00:00+08:00,4.84,4.88,4.82,4.82,17636901,0.0,0.0
2010-07-27 00:00:00+08:00,4.88,4.88,4.82,4.82,16172806,0.0,0.0
2010-07-28 00:00:00+08:00,4.85,4.87,4.84,4.87,21500424,0.0,0.0
2010-07-29 00:00:00+08:00,4.88,4.88,4.86,4.87,15878432,0.0,0.0
2010-07-30 00:00:00+08:00,4.87,4.91,4.83,4.85,23225568,0.0,0.0
2010-08-02 00:00:00+08:00,4.9,5.1,4.9,5.05,76284016,0.0,0.0
2010-08-03 00:00:00+08:00,5.12,5.13,5.05,5.06,33855253,0.0,0.0
2010-08-04 00:00:00+08:00,5.12,5.12,5.05,5.07,28027755,0.0,0.0
2010-08-05 00:00:00+08:00,5.09,5.16,5.07,5.09,39670532,0.0,0.0
2010-08-06 00:00:00+08:00,5.11,5.12,5.08,5.11,25868270,0.0,0.0
2010-08-09 00:00:00+08:00,5.11,5.22,5.11,5.21,40252615,0.0,0.0
2010-08-10 00:00:00+08:00,5.22,5.22,5.13,5.14,41586741,0.0,0.0
2010-08-11 00:00:00+08:00,5.13,5.13,5.01,5.01,92672327,0.0,0.0
2010-08-12 00:00:00+08:00,5.46,5.54,5.46,5.51,39054315,0.45,1.1
2010-08-13 00:00:00+08:00,5.53,5.53,5.46,5.53,22811727,0.0,0.0
2010-08-16 00:00:00+08:00,5.52,5.56,5.48,5.53,13127170,0.0,0.0
2010-08-17 00:00:00+08:00,5.53,5.56,5.49,5.49,19719536,0.0,0.0
2010-08-18 00:00:00+08:00,5.52,5.53,5.46,5.48,21791768,0.0,0.0
2010-08-19 00:00:00+08:00,5.45,5.48,5.39,5.4,28297287,0.0,0.0
2010-08-20 00:00:00+08:00,5.39,5.43,5.36,5.37,18080533,0.0,0.0
2010-08-23 00:00:00+08:00,5.37,5.47,5.36,5.45,20240623,0.0,0.0
2010-08-24 00:00:00+08:00,5.48,5.48,5.42,5.44,13502838,0.0,0.0
2010-08-25 00:00:00+08:00,5.39,5.39,5.24,5.25,34516004,0.0,0.0
2010-08-26 00:00:00+08:00,5.24,5.24,5.15,5.15,22583499,0.0,0.0
2010-08-27 00:00:00+08:00,5.16,5.23,5.16,5.22,13557370,0.0,0.0
2010-08-30 00:00:00+08:00,5.25,5.3,5.24,5.26,13372566,0.0,0.0
2010-08-31 00:00:00+08:00,5.24,5.37,5.18,5.37,19373154,0.0,0.0
2010-09-01 00:00:00+08:00,5.33,5.34,5.28,5.3,17125205,0.0,0.0
2010-09-02 00:00:00+08:00,5.35,5.36,5.3,5.31,13416999,0.0,0.0
2010-09-03 00:00:00+08:00,5.32,5.36,5.3,5.32,14687403,0.0,0.0
2010-09-06 00:00:00+08:00,5.33,5.37,5.33,5.34,12066817,0.0,0.0
2010-09-07 00:00:00+08:00,5.34,5.36,5.3,5.31,10018821,0.0,0.0
2010-09-08 00:00:00+08:00,5.31,5.35,5.26,5.29,9961259,0.0,0.0
2010-09-09 00:00:00+08:00,5.32,5.33,5.26,5.28,10068304,0.0,0.0
2010-09-10 00:00:00+08:00,5.32,5.34,5.3,5.32,12160734,0.0,0.0
2010-09-13 00:00:00+08:00,5.35,5.47,5.34,5.47,32266036,0.0,0.0
2010-09-14 00:00:00+08:00,5.5,5.5,5.43,5.46,15487212,0.0,0.0
2010-09-15 00:00:00+08:00,5.48,5.5,5.44,5.47,18760169,0.0,0.0
2010-09-16 00:00:00+08:00,5.47,5.49,5.44,5.44,15927511,0.0,0.0
2010-09-17 00:00:00+08:00,5.48,5.52,5.45,5.48,23988214,0.0,0.0
2010-09-20 00:00:00+08:00,5.5,5.51,5.45,5.48,12111250,0.0,0.0
2010-09-21 00:00:00+08:00,5.51,5.52,5.47,5.48,10345005,0.0,0.0
2010-09-23 00:00:00+08:00,5.52,5.59,5.5,5.54,27504546,0.0,0.0
2010-09-24 00:00:00+08:00,5.56,5.6,5.53,5.56,19397390,0.0,0.0
2010-09-27 00:00:00+08:00,5.61,5.62,5.57,5.58,19349927,0.0,0.0
2010-09-28 00:00:00+08:00,5.61,5.61,5.53,5.54,12570737,0.0,0.0
2010-09-29 00:00:00+08:00,5.58,5.6,5.55,5.58,23017738,0.0,0.0
2010-09-30 00:00:00+08:00,5.58,5.58,5.52,5.55,15042874,0.0,0.0
2010-10-01 00:00:00+08:00,5.56,5.58,5.53,5.56,10982227,0.0,0.0
2010-10-04 00:00:00+08:00,5.58,5.62,5.55,5.57,25432314,0.0,0.0
2010-10-05 00:00:00+08:00,5.55,5.57,5.53,5.54,15417532,0.0,0.0
2010-10-06 00:00:00+08:00,5.59,5.64,5.58,5.64,35284508,0.0,0.0
2010-10-07 00:00:00+08:00,5.66,5.82,5.65,5.73,55681660,0.0,0.0
2010-10-08 00:00:00+08:00,5.74,5.75,5.67,5.69,17023210,0.0,0.0
2010-10-11 00:00:00+08:00,5.73,5.73,5.61,5.64,17912896,0.0,0.0
2010-10-12 00:00:00+08:00,5.64,5.67,5.55,5.58,31092579,0.0,0.0
2010-10-13 00:00:00+08:00,5.59,5.61,5.58,5.61,11678021,0.0,0.0
2010-10-14 00:00:00+08:00,5.64,5.72,5.64,5.67,23530747,0.0,0.0
2010-10-15 00:00:00+08:00,5.69,5.69,5.64,5.66,11290234,0.0,0.0
2010-10-18 00:00:00+08:00,5.67,5.69,5.55,5.55,17695776,0.0,0.0
2010-10-19 00:00:00+08:00,5.56,5.58,5.53,5.53,14624792,0.0,0.0
2010-10-20 00:00:00+08:00,5.46,5.52,5.46,5.5,15013588,0.0,0.0
2010-10-21 00:00:00+08:00,5.51,5.53,5.47,5.47,14842922,0.0,0.0
2010-10-22 00:00:00+08:00,5.48,5.52,5.47,5.48,10108698,0.0,0.0
2010-10-25 00:00:00+08:00,5.51,5.56,5.5,5.55,13619981,0.0,0.0
2010-10-26 00:00:00+08:00,5.58,5.6,5.54,5.6,11922407,0.0,0.0
2010-10-27 00:00:00+08:00,5.6,5.62,5.55,5.6,12165783,0.0,0.0
2010-10-28 00:00:00+08:00,5.6,5.63,5.56,5.59,14793439,0.0,0.0
2010-10-29 00:00:00+08:00,5.61,5.61,5.56,5.57,7936489,0.0,0.0
2010-11-01 00:00:00+08:00,5.59,5.65,5.59,5.63,19014653,0.0,0.0
2010-11-02 00:00:00+08:00,5.65,5.68,5.63,5.63,18332998,0.0,0.0
2010-11-03 00:00:00+08:00,5.62,5.65,5.56,5.58,30119074,0.0,0.0
2010-11-04 00:00:00+08:00,5.58,5.64,5.58,5.61,13960304,0.0,0.0
2010-11-05 00:00:00+08:00,5.64,5.66,5.63,5.64,20413310,0.0,0.0
2010-11-08 00:00:00+08:00,5.65,5.67,5.63,5.63,18190608,0.0,0.0
2010-11-09 00:00:00+08:00,5.63,5.63,5.6,5.61,10244019,0.0,0.0
2010-11-10 00:00:00+08:00,5.61,5.66,5.6,5.62,15576080,0.0,0.0
2010-11-11 00:00:00+08:00,5.6,5.64,5.58,5.64,13668455,0.0,0.0
2010-11-12 00:00:00+08:00,5.61,5.62,5.53,5.53,20851589,0.0,0.0
2010-11-15 00:00:00+08:00,5.52,5.52,5.46,5.47,12665664,0.0,0.0
2010-11-16 00:00:00+08:00,5.46,5.52,5.45,5.52,11012523,0.0,0.0
2010-11-17 00:00:00+08:00,5.48,5.48,5.43,5.44,21991721,0.0,0.0
2010-11-18 00:00:00+08:00,5.49,5.49,5.45,5.49,8675707,0.0,0.0
2010-11-19 00:00:00+08:00,5.52,5.52,5.45,5.45,11676001,0.0,0.0
2010-11-22 00:00:00+08:00,5.48,5.5,5.45,5.47,11132696,0.0,0.0
2010-11-23 00:00:00+08:00,5.48,5.49,5.44,5.44,9794632,0.0,0.0
2010-11-24 00:00:00+08:00,5.4,5.44,5.4,5.4,13195840,0.0,0.0
2010-11-25 00:00:00+08:00,5.41,5.44,5.41,5.42,7985972,0.0,0.0
2010-11-26 00:00:00+08:00,5.42,5.44,5.39,5.39,14560161,0.0,0.0
2010-11-29 00:00:00+08:00,5.54,5.54,5.41,5.47,13817914,0.0,0.0
2010-11-30 00:00:00+08:00,5.45,5.47,5.4,5.4,22048273,0.0,0.0
2010-12-01 00:00:00+08:00,5.41,5.58,5.41,5.58,42046530,0.0,0.0
2010-12-02 00:00:00+08:00,5.61,5.7,5.61,5.62,47800713,0.0,0.0
2010-12-03 00:00:00+08:00,5.64,5.65,5.57,5.59,22378497,0.0,0.0
2010-12-06 00:00:00+08:00,5.61,5.67,5.61,5.65,26495696,0.0,0.0
2010-12-07 00:00:00+08:00,5.65,5.66,5.61,5.63,19750841,0.0,0.0
2010-12-08 00:00:00+08:00,5.63,5.64,5.59,5.59,16719242,0.0,0.0
2010-12-09 00:00:00+08:00,5.67,5.69,5.61,5.62,27845879,0.0,0.0
2010-12-10 00:00:00+08:00,5.62,5.63,5.58,5.58,17151462,0.0,0.0
2010-12-13 00:00:00+08:00,5.58,5.6,5.56,5.58,18908618,0.0,0.0
2010-12-14 00:00:00+08:00,5.58,5.61,5.55,5.56,11747701,0.0,0.0
2010-12-15 00:00:00+08:00,5.56,5.71,5.56,5.71,56145186,0.0,0.0
2010-12-16 00:00:00+08:00,5.78,6.05,5.78,6.0,236802071,0.0,0.0
2010-12-17 00:00:00+08:00,6.05,6.13,5.96,6.05,147570841,0.0,0.0
2010-12-20 00:00:00+08:00,6.1,6.12,5.94,5.94,76627166,0.0,0.0
2010-12-21 00:00:00+08:00,5.97,6.22,5.96,6.19,119510871,0.0,0.0
2010-12-22 00:00:00+08:00,6.19,6.28,6.13,6.19,97179837,0.0,0.0
2010-12-23 00:00:00+08:00,6.19,6.28,6.16,6.19,50778790,0.0,0.0
2010-12-24 00:00:00+08:00,6.25,6.4,6.22,6.34,104019619,0.0,0.0
2010-12-27 00:00:00+08:00,6.4,6.77,6.4,6.77,178152432,0.0,0.0
2010-12-28 00:00:00+08:00,6.83,7.02,6.83,6.99,242379528,0.0,0.0
2010-12-29 00:00:00+08:00,7.05,7.45,6.99,7.45,291650597,0.0,0.0
2010-12-30 00:00:00+08:00,7.45,7.48,7.26,7.48,195121109,0.0,0.0
2010-12-31 00:00:00+08:00,7.54,7.97,7.54,7.87,223548668,0.0,0.0
2011-01-03 00:00:00+08:00,8.09,8.4,8.03,8.4,252546798,0.0,0.0
2011-01-04 00:00:00+08:00,8.4,8.43,8.12,8.12,251459179,0.0,0.0
2011-01-05 00:00:00+08:00,8.27,8.36,7.66,7.81,347024250,0.0,0.0
2011-01-06 00:00:00+08:00,7.81,7.91,7.6,7.87,183256264,0.0,0.0
2011-01-07 00:00:00+08:00,7.78,7.84,7.38,7.51,158262229,0.0,0.0
2011-01-10 00:00:00+08:00,7.66,8.0,7.66,8.0,182669535,0.0,0.0
2011-01-11 00:00:00+08:00,7.97,8.09,7.84,7.97,171651963,0.0,0.0
2011-01-12 00:00:00+08:00,8.09,8.36,8.09,8.33,245446473,0.0,0.0
2011-01-13 00:00:00+08:00,8.4,8.46,8.12,8.15,147374928,0.0,0.0
2011-01-14 00:00:00+08:00,8.24,8.3,8.09,8.15,95685244,0.0,0.0
2011-01-17 00:00:00+08:00,8.15,8.21,7.91,7.91,95316645,0.0,0.0
2011-01-18 00:00:00+08:00,7.72,8.09,7.72,7.87,89681627,0.0,0.0
2011-01-19 00:00:00+08:00,7.97,8.06,7.91,7.97,87500329,0.0,0.0
2011-01-20 00:00:00+08:00,8.03,8.15,7.97,7.97,67885818,0.0,0.0
2011-01-21 00:00:00+08:00,7.84,7.97,7.75,7.91,72644279,0.0,0.0
2011-01-24 00:00:00+08:00,8.0,8.06,7.87,7.87,47356374,0.0,0.0
2011-01-25 00:00:00+08:00,8.0,8.24,7.97,8.18,155132673,0.0,0.0
2011-01-26 00:00:00+08:00,8.24,8.24,8.06,8.09,69181469,0.0,0.0
2011-01-27 00:00:00+08:00,8.09,8.15,8.03,8.06,54136574,0.0,0.0
2011-01-28 00:00:00+08:00,8.12,8.33,8.12,8.18,112794292,0.0,0.0
2011-02-08 00:00:00+08:00,8.27,8.27,8.03,8.03,74294390,0.0,0.0
2011-02-09 00:00:00+08:00,8.06,8.15,8.03,8.09,65911542,0.0,0.0
2011-02-10 00:00:00+08:00,8.12,8.24,7.84,7.84,205417642,0.0,0.0
2011-02-11 00:00:00+08:00,7.84,7.84,7.32,7.35,194925196,0.0,0.0
2011-02-14 00:00:00+08:00,7.45,7.51,7.35,7.38,69901499,0.0,0.0
2011-02-15 00:00:00+08:00,7.35,7.35,7.08,7.23,83754758,0.0,0.0
2011-02-16 00:00:00+08:00,7.29,7.48,7.23,7.35,57183322,0.0,0.0
2011-02-17 00:00:00+08:00,7.38,7.42,7.17,7.17,44259134,0.0,0.0
2011-02-18 00:00:00+08:00,7.29,7.6,7.29,7.57,78928637,0.0,0.0
2011-02-21 00:00:00+08:00,7.57,7.57,7.38,7.45,38580691,0.0,0.0
2011-02-22 00:00:00+08:00,7.29,7.32,7.17,7.26,69875242,0.0,0.0
2011-02-23 00:00:00+08:00,7.2,7.32,7.14,7.14,49041831,0.0,0.0
2011-02-24 00:00:00+08:00,7.23,7.26,7.14,7.17,31348074,0.0,0.0
2011-02-25 00:00:00+08:00,7.23,7.26,6.89,6.99,66729529,0.0,0.0
2011-03-01 00:00:00+08:00,6.99,7.17,6.99,7.17,34514995,0.0,0.0
2011-03-02 00:00:00+08:00,7.08,7.2,7.05,7.05,29563651,0.0,0.0
2011-03-03 00:00:00+08:00,7.11,7.26,7.08,7.2,45409364,0.0,0.0
2011-03-04 00:00:00+08:00,7.29,7.32,7.23,7.26,36141879,0.0,0.0
2011-03-07 00:00:00+08:00,7.2,7.45,7.2,7.29,38809929,0.0,0.0
2011-03-08 00:00:00+08:00,7.32,7.42,7.23,7.26,22993502,0.0,0.0
2011-03-09 00:00:00+08:00,7.38,7.42,7.26,7.26,26290695,0.0,0.0
2011-03-10 00:00:00+08:00,7.26,7.32,7.2,7.2,23069241,0.0,0.0
2011-03-11 00:00:00+08:00,7.08,7.11,7.02,7.08,39630945,0.0,0.0
2011-03-14 00:00:00+08:00,6.92,6.96,6.59,6.62,67370790,0.0,0.0
2011-03-15 00:00:00+08:00,6.62,6.77,6.19,6.28,85792656,0.0,0.0
2011-03-16 00:00:00+08:00,6.47,6.62,6.43,6.59,47153392,0.0,0.0
2011-03-17 00:00:00+08:00,6.43,6.59,6.4,6.56,31519750,0.0,0.0
2011-03-18 00:00:00+08:00,6.71,6.74,6.62,6.62,36967945,0.0,0.0
2011-03-21 00:00:00+08:00,6.62,6.8,6.56,6.8,36140869,0.0,0.0
2011-03-22 00:00:00+08:00,6.83,7.05,6.8,6.89,56050259,0.0,0.0
2011-03-23 00:00:00+08:00,6.92,6.99,6.83,6.92,24232600,0.0,0.0
2011-03-24 00:00:00+08:00,6.96,7.02,6.89,6.92,19783157,0.0,0.0
2011-03-25 00:00:00+08:00,6.99,7.02,6.86,6.89,18923766,0.0,0.0
2011-03-28 00:00:00+08:00,6.89,6.99,6.86,6.89,18754110,0.0,0.0
2011-03-29 00:00:00+08:00,6.99,7.2,6.96,7.17,59035405,0.0,0.0
2011-03-30 00:00:00+08:00,7.26,7.26,7.14,7.17,44427780,0.0,0.0
2011-03-31 00:00:00+08:00,7.17,7.26,7.11,7.26,35163325,0.0,0.0
2011-04-01 00:00:00+08:00,7.29,7.29,7.17,7.23,19244902,0.0,0.0
2011-04-06 00:00:00+08:00,7.32,7.35,7.23,7.32,39309810,0.0,0.0
2011-04-07 00:00:00+08:00,7.35,7.35,7.26,7.32,23604467,0.0,0.0
2011-04-08 00:00:00+08:00,7.29,7.35,7.23,7.29,24165949,0.0,0.0
2011-04-11 00:00:00+08:00,7.23,7.26,7.05,7.05,40015702,0.0,0.0
2011-04-12 00:00:00+08:00,7.05,7.17,7.05,7.08,27193510,0.0,0.0
2011-04-13 00:00:00+08:00,7.08,7.14,7.05,7.11,15552853,0.0,0.0
2011-04-14 00:00:00+08:00,7.11,7.14,7.05,7.05,16025468,0.0,0.0
2011-04-15 00:00:00+08:00,7.05,7.11,6.99,6.99,13347319,0.0,0.0
2011-04-18 00:00:00+08:00,6.99,7.05,6.96,6.99,9457338,0.0,0.0
2011-04-19 00:00:00+08:00,6.92,6.92,6.77,6.83,19753871,0.0,0.0
2011-04-20 00:00:00+08:00,6.89,7.11,6.86,7.08,24144742,0.0,0.0
2011-04-21 00:00:00+08:00,7.14,7.35,7.11,7.29,52693484,0.0,0.0
2011-04-22 00:00:00+08:00,7.38,7.57,7.32,7.48,101065778,0.0,0.0
2011-04-25 00:00:00+08:00,7.66,7.72,7.51,7.54,49712378,0.0,0.0
2011-04-26 00:00:00+08:00,7.35,7.42,7.26,7.32,36851811,0.0,0.0
2011-04-27 00:00:00+08:00,7.35,7.48,7.35,7.45,34006025,0.0,0.0
2011-04-28 00:00:00+08:00,7.45,7.51,7.32,7.38,25095021,0.0,0.0
2011-04-29 00:00:00+08:00,7.38,7.42,7.23,7.35,25398988,0.0,0.0
2011-05-03 00:00:00+08:00,7.35,7.45,7.26,7.29,22451207,0.0,0.0
2011-05-04 00:00:00+08:00,7.29,7.32,7.17,7.23,31254157,0.0,0.0
2011-05-05 00:00:00+08:00,7.17,7.29,7.14,7.26,23025817,0.0,0.0
2011-05-06 00:00:00+08:00,7.23,7.23,7.11,7.23,25607020,0.0,0.0
2011-05-09 00:00:00+08:00,7.26,7.51,7.17,7.38,58333553,0.0,0.0
2011-05-10 00:00:00+08:00,7.42,7.51,7.42,7.42,31709604,0.0,0.0
2011-05-11 00:00:00+08:00,7.48,7.48,7.32,7.32,21306026,0.0,0.0
2011-05-12 00:00:00+08:00,7.32,7.35,7.23,7.26,13839121,0.0,0.0
2011-05-13 00:00:00+08:00,7.29,7.32,7.23,7.26,13801756,0.0,0.0
2011-05-16 00:00:00+08:00,7.23,7.29,7.17,7.23,15196373,0.0,0.0
2011-05-17 00:00:00+08:00,7.2,7.26,7.14,7.17,15991133,0.0,0.0
2011-05-18 00:00:00+08:00,7.17,7.23,7.11,7.17,22357290,0.0,0.0
2011-05-19 00:00:00+08:00,7.17,7.35,7.14,7.17,32084262,0.0,0.0
2011-05-20 00:00:00+08:00,7.26,7.29,7.11,7.14,23095498,0.0,0.0
2011-05-23 00:00:00+08:00,7.08,7.11,6.99,6.99,20995999,0.0,0.0
2011-05-24 00:00:00+08:00,6.99,7.05,6.89,7.05,24153831,0.0,0.0
2011-05-25 00:00:00+08:00,7.02,7.02,6.92,6.92,16641482,0.0,0.0
2011-05-26 00:00:00+08:00,7.05,7.05,6.96,6.99,10779245,0.0,0.0
2011-05-27 00:00:00+08:00,7.02,7.05,6.99,7.02,10027909,0.0,0.0
2011-05-30 00:00:00+08:00,6.99,7.02,6.92,6.99,17280724,0.0,0.0
2011-05-31 00:00:00+08:00,6.99,7.17,6.99,7.17,28739605,0.0,0.0
2011-06-01 00:00:00+08:00,7.17,7.2,7.14,7.17,21499919,0.0,0.0
2011-06-02 00:00:00+08:00,7.11,7.17,7.08,7.14,16345593,0.0,0.0
2011-06-03 00:00:00+08:00,7.17,7.23,7.14,7.2,12796945,0.0,0.0
2011-06-07 00:00:00+08:00,7.14,7.23,7.11,7.23,9100858,0.0,0.0
2011-06-08 00:00:00+08:00,7.2,7.23,7.14,7.14,8385877,0.0,0.0
2011-06-09 00:00:00+08:00,7.14,7.23,7.14,7.23,11264988,0.0,0.0
2011-06-10 00:00:00+08:00,7.26,7.32,7.08,7.08,22305787,0.0,0.0
2011-06-13 00:00:00+08:00,7.05,7.08,6.96,6.96,15660908,0.0,0.0
2011-06-14 00:00:00+08:00,6.99,7.05,6.96,7.02,12934286,0.0,0.0
2011-06-15 00:00:00+08:00,7.02,7.08,6.92,6.96,32059015,0.0,0.0
2011-06-16 00:00:00+08:00,6.92,6.92,6.8,6.86,27478290,0.0,0.0
2011-06-17 00:00:00+08:00,6.86,7.08,6.83,6.92,27055159,0.0,0.0
2011-06-20 00:00:00+08:00,7.05,7.05,6.89,6.92,13802766,0.0,0.0
2011-06-21 00:00:00+08:00,6.96,7.05,6.96,6.99,14252154,0.0,0.0
2011-06-22 00:00:00+08:00,7.05,7.11,6.99,6.99,16744488,0.0,0.0
2011-06-23 00:00:00+08:00,6.99,7.02,6.92,6.92,7263922,0.0,0.0
2011-06-24 00:00:00+08:00,6.92,7.02,6.92,6.92,13083746,0.0,0.0
2011-06-27 00:00:00+08:00,6.89,7.02,6.86,6.99,14470283,0.0,0.0
2011-06-28 00:00:00+08:00,7.05,7.05,6.96,6.96,9506822,0.0,0.0
2011-06-29 00:00:00+08:00,6.99,7.11,6.96,7.08,18502654,0.0,0.0
2011-06-30 00:00:00+08:00,7.08,7.14,7.05,7.14,21221198,0.0,0.0
2011-07-01 00:00:00+08:00,7.14,7.17,7.08,7.17,31400586,0.0,0.0
2011-07-04 00:00:00+08:00,7.2,7.26,7.14,7.14,29052662,0.0,0.0
2011-07-05 00:00:00+08:00,7.14,7.17,7.08,7.11,16513230,0.0,0.0
2011-07-06 00:00:00+08:00,7.11,7.14,7.08,7.14,15798249,0.0,0.0
2011-07-07 00:00:00+08:00,7.17,7.23,7.11,7.23,34963372,0.0,0.0
2011-07-08 00:00:00+08:00,7.23,7.29,7.17,7.23,23655970,0.0,0.0
2011-07-11 00:00:00+08:00,7.2,7.23,7.11,7.11,24600189,0.0,0.0
2011-07-12 00:00:00+08:00,7.08,7.08,6.92,6.99,50745465,0.0,0.0
2011-07-13 00:00:00+08:00,7.08,7.15,7.02,7.05,27253091,0.59,0.0
2011-07-14 00:00:00+08:00,7.11,7.11,6.98,7.02,15714431,0.0,0.0
2011-07-15 00:00:00+08:00,7.08,7.18,7.02,7.15,21193931,0.0,0.0
2011-07-18 00:00:00+08:00,7.11,7.18,7.05,7.11,18405708,0.0,0.0
2011-07-19 00:00:00+08:00,7.11,7.18,7.08,7.11,16984835,0.0,0.0
2011-07-20 00:00:00+08:00,7.18,7.21,7.11,7.18,21065679,0.0,0.0
2011-07-21 00:00:00+08:00,7.18,7.21,7.11,7.18,16268844,0.0,0.0
2011-07-22 00:00:00+08:00,7.21,7.24,7.15,7.21,21263612,0.0,0.0
2011-07-25 00:00:00+08:00,7.21,7.24,7.11,7.18,15026716,0.0,0.0
2011-07-26 00:00:00+08:00,7.15,7.24,7.11,7.24,17044417,0.0,0.0
2011-07-27 00:00:00+08:00,7.24,7.31,7.18,7.31,23597398,0.0,0.0
2011-07-28 00:00:00+08:00,7.24,7.31,7.21,7.21,14930780,0.0,0.0
2011-07-29 00:00:00+08:00,7.18,7.24,7.11,7.15,18373392,0.0,0.0
2011-08-01 00:00:00+08:00,7.18,7.31,7.15,7.31,25949362,0.0,0.0
2011-08-02 00:00:00+08:00,7.31,7.31,7.18,7.21,11797184,0.0,0.0
2011-08-03 00:00:00+08:00,7.11,7.18,7.05,7.11,24620386,0.0,0.0
2011-08-04 00:00:00+08:00,7.15,7.28,7.11,7.15,20682942,0.0,0.0
2011-08-05 00:00:00+08:00,6.79,6.86,6.66,6.66,54284014,0.0,0.0
2011-08-08 00:00:00+08:00,6.47,6.6,6.2,6.2,51664437,0.0,0.0
2011-08-09 00:00:00+08:00,5.76,6.09,5.76,5.93,61433823,0.0,0.0
2011-08-10 00:00:00+08:00,6.13,6.3,6.08,6.28,45200323,0.0,0.0
2011-08-11 00:00:00+08:00,6.0,6.29,6.0,6.17,25120000,0.0,1.0
2011-08-12 00:00:00+08:00,6.3,6.31,6.17,6.17,28213000,0.0,0.0
2011-08-15 00:00:00+08:00,6.37,6.37,6.27,6.34,13890000,0.0,0.0
2011-08-16 00:00:00+08:00,6.43,6.43,6.28,6.28,13927000,0.0,0.0
2011-08-17 00:00:00+08:00,6.29,6.33,6.23,6.28,16956000,0.0,0.0
2011-08-18 00:00:00+08:00,6.28,6.28,6.09,6.16,21629000,0.0,0.0
2011-08-19 00:00:00+08:00,5.88,6.0,5.85,5.92,22610000,0.0,0.0
2011-08-22 00:00:00+08:00,5.92,6.11,5.88,5.98,16019000,0.0,0.0
2011-08-23 00:00:00+08:00,6.07,6.2,6.01,6.18,17589000,0.0,0.0
2011-08-24 00:00:00+08:00,6.21,6.21,5.99,6.02,22923000,0.0,0.0
2011-08-25 00:00:00+08:00,6.13,6.13,5.98,6.0,10482000,0.0,0.0
2011-08-26 00:00:00+08:00,6.06,6.1,6.0,6.02,13816000,0.0,0.0
2011-08-29 00:00:00+08:00,6.07,6.17,6.04,6.11,15324000,0.0,0.0
2011-08-30 00:00:00+08:00,6.17,6.26,6.11,6.15,19344000,0.0,0.0
2011-08-31 00:00:00+08:00,6.15,6.18,6.11,6.18,12904000,0.0,0.0
2011-09-01 00:00:00+08:00,6.24,6.6,6.22,6.52,73964000,0.0,0.0
2011-09-02 00:00:00+08:00,6.53,6.79,6.52,6.73,57502000,0.0,0.0
2011-09-05 00:00:00+08:00,6.6,6.6,6.4,6.4,35875000,0.0,0.0
2011-09-06 00:00:00+08:00,6.3,6.37,6.11,6.12,33108000,0.0,0.0
2011-09-07 00:00:00+08:00,6.26,6.31,6.19,6.3,18974000,0.0,0.0
2011-09-08 00:00:00+08:00,6.35,6.51,6.25,6.27,23847000,0.0,0.0
2011-09-09 00:00:00+08:00,6.34,6.39,6.27,6.28,14086000,0.0,0.0
2011-09-13 00:00:00+08:00,6.18,6.18,5.91,5.94,27716000,0.0,0.0
2011-09-14 00:00:00+08:00,5.98,6.04,5.65,5.68,33612000,0.0,0.0
2011-09-15 00:00:00+08:00,5.88,6.02,5.85,6.02,29317000,0.0,0.0
2011-09-16 00:00:00+08:00,6.21,6.3,6.06,6.06,38155000,0.0,0.0
2011-09-19 00:00:00+08:00,6.06,6.1,5.99,6.0,14627000,0.0,0.0
2011-09-20 00:00:00+08:00,5.97,6.07,5.9,6.02,12777000,0.0,0.0
2011-09-21 00:00:00+08:00,6.05,6.1,6.0,6.04,11255000,0.0,0.0
2011-09-22 00:00:00+08:00,5.94,5.94,5.85,5.86,22427000,0.0,0.0
2011-09-23 00:00:00+08:00,5.55,5.71,5.55,5.67,24254000,0.0,0.0
2011-09-26 00:00:00+08:00,5.58,5.58,5.56,5.56,15288000,0.0,0.0
2011-09-27 00:00:00+08:00,5.78,5.92,5.74,5.92,21324000,0.0,0.0
2011-09-28 00:00:00+08:00,6.01,6.04,5.87,5.87,24093000,0.0,0.0
2011-09-29 00:00:00+08:00,5.88,5.98,5.79,5.93,20017000,0.0,0.0
2011-09-30 00:00:00+08:00,6.01,6.09,5.94,6.03,26225000,0.0,0.0
2011-10-03 00:00:00+08:00,5.88,5.9,5.75,5.78,17650000,0.0,0.0
2011-10-04 00:00:00+08:00,5.65,5.88,5.65,5.87,17574000,0.0,0.0
2011-10-05 00:00:00+08:00,5.86,5.88,5.77,5.78,10655000,0.0,0.0
2011-10-06 00:00:00+08:00,5.88,5.98,5.88,5.92,18216000,0.0,0.0
2011-10-07 00:00:00+08:00,5.94,5.94,5.94,5.94,15338000,0.0,0.0
2011-10-11 00:00:00+08:00,6.01,6.04,5.98,5.99,28092000,0.0,0.0
2011-10-12 00:00:00+08:00,5.98,5.98,5.91,5.94,12074000,0.0,0.0
2011-10-13 00:00:00+08:00,5.98,6.02,5.94,5.98,13555000,0.0,0.0
2011-10-14 00:00:00+08:00,5.98,5.98,5.89,5.9,9173000,0.0,0.0
2011-10-17 00:00:00+08:00,5.94,5.99,5.92,5.98,10428000,0.0,0.0
2011-10-18 00:00:00+08:00,5.9,5.94,5.88,5.92,8873000,0.0,0.0
2011-10-19 00:00:00+08:00,5.98,5.98,5.86,5.9,15068000,0.0,0.0
2011-10-20 00:00:00+08:00,5.92,5.94,5.79,5.8,13465000,0.0,0.0
2011-10-21 00:00:00+08:00,5.87,5.92,5.83,5.9,12591000,0.0,0.0
2011-10-24 00:00:00+08:00,5.94,6.07,5.94,6.07,30937000,0.0,0.0
2011-10-25 00:00:00+08:00,6.09,6.1,6.03,6.04,12107000,0.0,0.0
2011-10-26 00:00:00+08:00,5.91,6.03,5.91,6.01,22361000,0.0,0.0
2011-10-27 00:00:00+08:00,6.01,6.17,5.98,6.1,43479000,0.0,0.0
2011-10-28 00:00:00+08:00,6.27,6.34,6.18,6.18,46605000,0.0,0.0
2011-10-31 00:00:00+08:00,6.2,6.39,6.2,6.28,42311000,0.0,0.0
2011-11-01 00:00:00+08:00,6.28,6.56,6.23,6.48,73513000,0.0,0.0
2011-11-02 00:00:00+08:00,6.33,6.44,6.31,6.39,38515000,0.0,0.0
2011-11-03 00:00:00+08:00,6.39,6.39,6.21,6.22,37394000,0.0,0.0
2011-11-04 00:00:00+08:00,6.46,6.46,6.34,6.34,28284000,0.0,0.0
2011-11-07 00:00:00+08:00,6.34,6.41,6.34,6.37,12713000,0.0,0.0
2011-11-08 00:00:00+08:00,6.4,6.49,6.34,6.34,22532000,0.0,0.0
2011-11-09 00:00:00+08:00,6.42,6.44,6.3,6.3,16604000,0.0,0.0
2011-11-10 00:00:00+08:00,6.17,6.17,5.88,6.01,31298000,0.0,0.0
2011-11-11 00:00:00+08:00,6.04,6.04,5.91,5.96,17701000,0.0,0.0
2011-11-14 00:00:00+08:00,6.03,6.12,6.03,6.05,12836000,0.0,0.0
2011-11-15 00:00:00+08:00,6.02,6.11,5.98,6.07,13311000,0.0,0.0
2011-11-16 00:00:00+08:00,6.13,6.13,5.91,5.92,17536000,0.0,0.0
2011-11-17 00:00:00+08:00,5.88,5.98,5.81,5.93,12854000,0.0,0.0
2011-11-18 00:00:00+08:00,5.86,6.07,5.86,6.01,27489000,0.0,0.0
2011-11-21 00:00:00+08:00,6.06,6.06,5.88,5.88,21900000,0.0,0.0
2011-11-22 00:00:00+08:00,5.93,6.0,5.83,5.88,17058000,0.0,0.0
2011-11-23 00:00:00+08:00,5.81,5.85,5.56,5.56,34719000,0.0,0.0
2011-11-24 00:00:00+08:00,5.56,5.81,5.56,5.75,24345000,0.0,0.0
2011-11-25 00:00:00+08:00,5.79,5.84,5.6,5.61,21203000,0.0,0.0
2011-11-28 00:00:00+08:00,5.69,5.73,5.65,5.65,12000000,0.0,0.0
2011-11-29 00:00:00+08:00,5.72,5.75,5.68,5.73,12630000,0.0,0.0
2011-11-30 00:00:00+08:00,5.73,5.73,5.58,5.58,21813000,0.0,0.0
2011-12-01 00:00:00+08:00,5.94,5.96,5.84,5.96,35866000,0.0,0.0
2011-12-02 00:00:00+08:00,5.95,6.01,5.92,5.95,15765000,0.0,0.0
2011-12-05 00:00:00+08:00,5.98,5.98,5.88,5.92,10549000,0.0,0.0
2011-12-06 00:00:00+08:00,5.95,5.95,5.78,5.78,14313000,0.0,0.0
2011-12-07 00:00:00+08:00,5.81,5.87,5.79,5.85,15092000,0.0,0.0
2011-12-08 00:00:00+08:00,5.85,5.85,5.71,5.79,13875000,0.0,0.0
2011-12-09 00:00:00+08:00,5.69,5.76,5.63,5.66,17396000,0.0,0.0
2011-12-12 00:00:00+08:00,5.69,5.73,5.64,5.67,8790000,0.0,0.0
2011-12-13 00:00:00+08:00,5.58,5.61,5.52,5.56,12327000,0.0,0.0
2011-12-14 00:00:00+08:00,5.56,5.59,5.52,5.55,10193000,0.0,0.0
2011-12-15 00:00:00+08:00,5.52,5.52,5.23,5.23,29185000,0.0,0.0
2011-12-16 00:00:00+08:00,5.28,5.29,5.23,5.23,10888000,0.0,0.0
2011-12-19 00:00:00+08:00,5.11,5.15,4.87,4.87,31623000,0.0,0.0
2011-12-20 00:00:00+08:00,4.88,5.06,4.88,4.93,22647000,0.0,0.0
2011-12-21 00:00:00+08:00,5.27,5.27,5.24,5.27,15971000,0.0,0.0
2011-12-22 00:00:00+08:00,5.35,5.5,5.3,5.36,30902000,0.0,0.0
2011-12-23 00:00:00+08:00,5.49,5.59,5.45,5.58,30194000,0.0,0.0
2011-12-26 00:00:00+08:00,5.58,5.58,5.49,5.5,9325000,0.0,0.0
2011-12-27 00:00:00+08:00,5.49,5.54,5.43,5.49,11158000,0.0,0.0
2011-12-28 00:00:00+08:00,5.43,5.53,5.43,5.52,10705000,0.0,0.0
2011-12-29 00:00:00+08:00,5.49,5.54,5.44,5.54,10194000,0.0,0.0
2011-12-30 00:00:00+08:00,5.61,5.69,5.59,5.6,19971000,0.0,0.0
2012-01-02 00:00:00+08:00,5.62,5.62,5.43,5.43,25700000,0.0,0.0
2012-01-03 00:00:00+08:00,5.48,5.56,5.48,5.51,43354000,0.0,0.0
2012-01-04 00:00:00+08:00,5.6,5.6,5.51,5.54,34410000,0.0,0.0
2012-01-05 00:00:00+08:00,5.39,5.53,5.39,5.52,33090000,0.0,0.0
2012-01-06 00:00:00+08:00,5.51,5.51,5.37,5.37,16744000,0.0,0.0
2012-01-09 00:00:00+08:00,5.36,5.36,5.24,5.31,12684000,0.0,0.0
2012-01-10 00:00:00+08:00,5.33,5.43,5.33,5.41,18241000,0.0,0.0
2012-01-11 00:00:00+08:00,5.42,5.43,5.38,5.38,14536000,0.0,0.0
2012-01-12 00:00:00+08:00,5.39,5.39,5.31,5.32,18535000,0.0,0.0
2012-01-13 00:00:00+08:00,5.36,5.43,5.29,5.31,28192000,0.0,0.0
2012-01-16 00:00:00+08:00,5.44,5.44,5.23,5.23,17276000,0.0,0.0
2012-01-17 00:00:00+08:00,5.26,5.36,5.23,5.36,16886000,0.0,0.0
2012-01-18 00:00:00+08:00,5.32,5.32,5.26,5.3,18169000,0.0,0.0
2012-01-30 00:00:00+08:00,5.41,5.43,5.34,5.37,31507000,0.0,0.0
2012-01-31 00:00:00+08:00,5.43,5.74,5.4,5.74,62582000,0.0,0.0
2012-02-01 00:00:00+08:00,5.74,5.99,5.7,5.91,55616000,0.0,0.0
2012-02-02 00:00:00+08:00,5.98,6.0,5.85,5.9,39832000,0.0,0.0
2012-02-03 00:00:00+08:00,6.27,6.32,6.21,6.32,120302000,0.0,0.0
2012-02-06 00:00:00+08:00,6.56,6.6,6.3,6.34,58873000,0.0,0.0
2012-02-07 00:00:00+08:00,6.35,6.51,6.35,6.37,37821000,0.0,0.0
2012-02-08 00:00:00+08:00,6.47,6.6,6.43,6.56,50485000,0.0,0.0
2012-02-09 00:00:00+08:00,6.56,6.6,6.47,6.53,33330000,0.0,0.0
2012-02-10 00:00:00+08:00,6.53,6.66,6.48,6.48,36996000,0.0,0.0
2012-02-13 00:00:00+08:00,6.5,6.6,6.5,6.56,30035000,0.0,0.0
2012-02-14 00:00:00+08:00,6.6,6.6,6.44,6.47,26140000,0.0,0.0
2012-02-15 00:00:00+08:00,6.52,6.6,6.47,6.56,39420000,0.0,0.0
2012-02-16 00:00:00+08:00,6.53,6.56,6.4,6.41,36131000,0.0,0.0
2012-02-17 00:00:00+08:00,6.53,6.56,6.41,6.43,34863000,0.0,0.0
2012-02-20 00:00:00+08:00,6.56,6.56,6.47,6.47,21074000,0.0,0.0
2012-02-21 00:00:00+08:00,6.47,6.5,6.34,6.35,24793000,0.0,0.0
2012-02-22 00:00:00+08:00,6.35,6.53,6.34,6.48,25130000,0.0,0.0
2012-02-23 00:00:00+08:00,6.48,6.48,6.4,6.4,18720000,0.0,0.0
2012-02-24 00:00:00+08:00,6.43,6.48,6.37,6.38,16219000,0.0,0.0
2012-02-29 00:00:00+08:00,6.43,6.56,6.42,6.5,48572000,0.0,0.0
2012-03-01 00:00:00+08:00,6.53,6.53,6.46,6.47,15467000,0.0,0.0
2012-03-02 00:00:00+08:00,6.51,6.52,6.45,6.49,19865000,0.0,0.0
2012-03-05 00:00:00+08:00,6.38,6.39,6.27,6.27,24505000,0.0,0.0
2012-03-06 00:00:00+08:00,6.27,6.32,6.1,6.15,22338000,0.0,0.0
2012-03-07 00:00:00+08:00,5.98,6.11,5.98,6.05,14797000,0.0,0.0
2012-03-08 00:00:00+08:00,6.11,6.3,6.05,6.22,21329000,0.0,0.0
2012-03-09 00:00:00+08:00,6.21,6.26,6.14,6.2,15449000,0.0,0.0
2012-03-12 00:00:00+08:00,6.2,6.22,6.12,6.12,10545000,0.0,0.0
2012-03-13 00:00:00+08:00,6.19,6.37,6.19,6.29,30693000,0.0,0.0
2012-03-14 00:00:00+08:00,6.4,6.43,6.28,6.29,22405000,0.0,0.0
2012-03-15 00:00:00+08:00,6.29,6.36,6.28,6.3,14860000,0.0,0.0
2012-03-16 00:00:00+08:00,6.33,6.33,6.24,6.25,9780000,0.0,0.0
2012-03-19 00:00:00+08:00,6.26,6.3,6.15,6.19,14156000,0.0,0.0
2012-03-20 00:00:00+08:00,6.2,6.22,6.13,6.14,11241000,0.0,0.0
2012-03-21 00:00:00+08:00,6.14,6.16,6.07,6.09,10214000,0.0,0.0
2012-03-22 00:00:00+08:00,6.13,6.24,6.12,6.2,12985000,0.0,0.0
2012-03-23 00:00:00+08:00,6.24,6.24,6.18,6.2,7358000,0.0,0.0
2012-03-26 00:00:00+08:00,6.18,6.18,6.06,6.07,21114000,0.0,0.0
2012-03-27 00:00:00+08:00,6.11,6.13,6.07,6.13,11952000,0.0,0.0
2012-03-28 00:00:00+08:00,6.14,6.15,6.07,6.07,8011000,0.0,0.0
2012-03-29 00:00:00+08:00,5.98,6.03,5.81,5.86,25674000,0.0,0.0
2012-03-30 00:00:00+08:00,5.8,5.88,5.75,5.88,22389000,0.0,0.0
2012-04-02 00:00:00+08:00,5.81,5.85,5.78,5.79,13741000,0.0,0.0
2012-04-03 00:00:00+08:00,5.8,5.83,5.63,5.64,18454000,0.0,0.0
2012-04-05 00:00:00+08:00,5.49,5.55,5.42,5.45,17411000,0.0,0.0
2012-04-06 00:00:00+08:00,5.74,5.81,5.63,5.71,34707000,0.0,0.0
2012-04-09 00:00:00+08:00,5.55,5.66,5.5,5.5,22035000,0.0,0.0
2012-04-10 00:00:00+08:00,5.53,5.64,5.53,5.54,18890000,0.0,0.0
2012-04-11 00:00:00+08:00,5.49,5.49,5.39,5.43,29110000,0.0,0.0
2012-04-12 00:00:00+08:00,5.43,5.43,5.37,5.37,32941000,0.0,0.0
2012-04-13 00:00:00+08:00,5.41,5.45,5.41,5.43,35050000,0.0,0.0
2012-04-16 00:00:00+08:00,5.39,5.39,5.34,5.34,27296000,0.0,0.0
2012-04-17 00:00:00+08:00,5.34,5.36,5.2,5.21,32566000,0.0,0.0
2012-04-18 00:00:00+08:00,5.25,5.27,5.17,5.17,21995000,0.0,0.0
2012-04-19 00:00:00+08:00,5.17,5.22,5.13,5.22,15813000,0.0,0.0
2012-04-20 00:00:00+08:00,4.87,5.01,4.87,4.9,148766000,0.0,0.0
2012-04-23 00:00:00+08:00,4.9,4.9,4.75,4.83,67919000,0.0,0.0
2012-04-24 00:00:00+08:00,4.83,4.98,4.8,4.9,66127000,0.0,0.0
2012-04-25 00:00:00+08:00,4.98,4.98,4.9,4.92,65772000,0.0,0.0
2012-04-26 00:00:00+08:00,4.93,5.0,4.9,4.91,59257000,0.0,0.0
2012-04-27 00:00:00+08:00,4.92,4.94,4.81,4.85,42115000,0.0,0.0
2012-04-30 00:00:00+08:00,4.84,4.86,4.79,4.83,33345000,0.0,0.0
2012-05-02 00:00:00+08:00,4.83,4.96,4.83,4.94,63325000,0.0,0.0
2012-05-03 00:00:00+08:00,4.93,4.93,4.87,4.9,36307000,0.0,0.0
2012-05-04 00:00:00+08:00,4.89,5.19,4.87,5.08,85398000,0.0,0.0
2012-05-07 00:00:00+08:00,5.02,5.02,4.93,4.96,52583000,0.0,0.0
2012-05-08 00:00:00+08:00,4.96,5.06,4.94,5.0,55975000,0.0,0.0
2012-05-09 00:00:00+08:00,4.96,5.0,4.92,4.92,50943000,0.0,0.0
2012-05-10 00:00:00+08:00,4.91,4.96,4.89,4.91,48120000,0.0,0.0
2012-05-11 00:00:00+08:00,4.9,4.9,4.77,4.78,51230000,0.0,0.0
2012-05-14 00:00:00+08:00,4.77,4.83,4.77,4.79,29449000,0.0,0.0
2012-05-15 00:00:00+08:00,4.77,4.77,4.7,4.72,32610000,0.0,0.0
2012-05-16 00:00:00+08:00,4.72,4.77,4.65,4.7,56921000,0.0,0.0
2012-05-17 00:00:00+08:00,4.78,4.83,4.73,4.83,57557000,0.0,0.0
2012-05-18 00:00:00+08:00,4.74,4.8,4.73,4.74,46072000,0.0,0.0
2012-05-21 00:00:00+08:00,4.77,4.87,4.77,4.83,47329000,0.0,0.0
2012-05-22 00:00:00+08:00,4.9,4.9,4.79,4.8,37419000,0.0,0.0
2012-05-23 00:00:00+08:00,4.71,4.73,4.6,4.6,53901000,0.0,0.0
2012-05-24 00:00:00+08:00,4.63,4.66,4.5,4.55,54671000,0.0,0.0
2012-05-25 00:00:00+08:00,4.51,4.62,4.47,4.51,36884000,0.0,0.0
2012-05-28 00:00:00+08:00,4.51,4.6,4.49,4.6,48646000,0.0,0.0
2012-05-29 00:00:00+08:00,4.64,4.77,4.64,4.73,72497000,0.0,0.0
2012-05-30 00:00:00+08:00,4.7,4.7,4.6,4.66,59569000,0.0,0.0
2012-05-31 00:00:00+08:00,4.57,4.9,4.54,4.9,114732000,0.0,0.0
2012-06-01 00:00:00+08:00,4.77,4.8,4.66,4.66,51958000,0.0,0.0
2012-06-04 00:00:00+08:00,4.48,4.6,4.48,4.51,44219000,0.0,0.0
2012-06-05 00:00:00+08:00,4.59,4.65,4.58,4.58,33060000,0.0,0.0
2012-06-06 00:00:00+08:00,4.58,4.68,4.53,4.67,108503000,0.0,0.0
2012-06-07 00:00:00+08:00,4.76,4.76,4.62,4.62,72782000,0.0,0.0
2012-06-08 00:00:00+08:00,4.66,4.68,4.61,4.64,37422000,0.0,0.0
2012-06-11 00:00:00+08:00,4.7,4.73,4.66,4.68,35969000,0.0,0.0
2012-06-12 00:00:00+08:00,4.59,4.64,4.59,4.62,23263000,0.0,0.0
2012-06-13 00:00:00+08:00,4.64,4.68,4.6,4.64,34818000,0.0,0.0
2012-06-14 00:00:00+08:00,4.63,4.66,4.58,4.58,31525000,0.0,0.0
2012-06-15 00:00:00+08:00,4.6,4.65,4.57,4.57,80484000,0.0,0.0
2012-06-18 00:00:00+08:00,4.67,4.68,4.62,4.64,54896000,0.0,0.0
2012-06-19 00:00:00+08:00,4.64,4.64,4.58,4.58,34677000,0.0,0.0
2012-06-20 00:00:00+08:00,4.59,4.62,4.59,4.62,24952000,0.0,0.0
2012-06-21 00:00:00+08:00,4.6,4.6,4.58,4.59,27811000,0.0,0.0
2012-06-22 00:00:00+08:00,4.55,4.57,4.52,4.55,26999000,0.0,0.0
2012-06-25 00:00:00+08:00,4.54,4.55,4.51,4.51,24935000,0.0,0.0
2012-06-26 00:00:00+08:00,4.49,4.53,4.49,4.53,20148000,0.0,0.0
2012-06-27 00:00:00+08:00,4.53,4.59,4.5,4.54,23366000,0.0,0.0
2012-06-28 00:00:00+08:00,4.57,4.58,4.51,4.51,18770000,0.0,0.0
2012-06-29 00:00:00+08:00,4.52,4.6,4.52,4.6,32731000,0.0,0.0
2012-07-02 00:00:00+08:00,4.64,4.68,4.62,4.62,59695000,0.0,0.0
2012-07-03 00:00:00+08:00,4.62,4.66,4.61,4.62,32128000,0.0,0.0
2012-07-04 00:00:00+08:00,4.67,4.69,4.64,4.64,46401000,0.0,0.0
2012-07-05 00:00:00+08:00,4.65,4.67,4.62,4.65,20460000,0.0,0.0
2012-07-06 00:00:00+08:00,4.67,4.67,4.6,4.65,25068000,0.0,0.0
2012-07-09 00:00:00+08:00,4.63,4.64,4.6,4.62,12402000,0.0,0.0
2012-07-10 00:00:00+08:00,4.6,4.64,4.57,4.57,18261000,0.0,0.0
2012-07-11 00:00:00+08:00,4.57,4.64,4.57,4.6,19607000,0.0,0.0
2012-07-12 00:00:00+08:00,4.62,4.62,4.55,4.55,28096000,0.0,0.0
2012-07-13 00:00:00+08:00,4.57,4.59,4.54,4.54,14436000,0.0,0.0
2012-07-16 00:00:00+08:00,4.57,4.58,4.54,4.55,18221000,0.0,0.0
2012-07-17 00:00:00+08:00,4.57,4.61,4.57,4.57,22245000,0.0,0.0
2012-07-18 00:00:00+08:00,4.59,4.59,4.54,4.54,21756000,0.0,0.0
2012-07-19 00:00:00+08:00,4.59,4.63,4.57,4.62,36441000,0.0,0.0
2012-07-20 00:00:00+08:00,4.62,4.65,4.6,4.61,33604000,0.0,0.0
2012-07-23 00:00:00+08:00,4.58,4.58,4.52,4.53,36585000,0.0,0.0
2012-07-24 00:00:00+08:00,4.52,4.56,4.51,4.53,18582000,0.0,0.0
2012-07-25 00:00:00+08:00,4.51,4.56,4.49,4.51,22153000,0.0,0.0
2012-07-26 00:00:00+08:00,4.54,4.55,4.51,4.51,27983000,0.0,0.0
2012-07-27 00:00:00+08:00,4.56,4.59,4.54,4.57,35968000,0.0,0.0
2012-07-30 00:00:00+08:00,4.6,4.62,4.56,4.56,36053000,0.0,0.0
2012-07-31 00:00:00+08:00,4.54,4.6,4.53,4.6,55682000,0.0,0.0
2012-08-01 00:00:00+08:00,4.58,4.63,4.56,4.62,47959000,0.0,0.0
2012-08-02 00:00:00+08:00,4.62,4.62,4.62,4.62,0,0.0,0.0
2012-08-03 00:00:00+08:00,4.61,4.62,4.56,4.57,32377000,0.0,0.0
2012-08-06 00:00:00+08:00,4.62,4.67,4.59,4.6,43892000,0.0,0.0
2012-08-07 00:00:00+08:00,4.63,4.64,4.6,4.62,31465000,0.0,0.0
2012-08-08 00:00:00+08:00,4.66,4.67,4.61,4.63,34895000,0.0,0.0
2012-08-09 00:00:00+08:00,4.65,4.85,4.64,4.81,109164000,0.0,0.0
2012-08-10 00:00:00+08:00,4.83,4.83,4.75,4.77,57856000,0.0,0.0
2012-08-13 00:00:00+08:00,4.8,4.8,4.72,4.73,28813000,0.0,0.0
2012-08-14 00:00:00+08:00,4.76,4.83,4.75,4.76,56625000,0.0,0.0
2012-08-15 00:00:00+08:00,4.79,4.79,4.72,4.75,29603000,0.0,0.0
2012-08-16 00:00:00+08:00,4.77,4.79,4.72,4.73,51383000,0.0,0.0
2012-08-17 00:00:00+08:00,4.72,4.72,4.64,4.65,49925000,0.0,0.0
2012-08-20 00:00:00+08:00,4.68,4.81,4.68,4.74,61125000,0.0,0.0
2012-08-21 00:00:00+08:00,4.77,4.81,4.74,4.77,63240000,0.0,0.0
2012-08-22 00:00:00+08:00,4.77,4.79,4.73,4.73,37059000,0.0,0.0
2012-08-23 00:00:00+08:00,4.72,4.76,4.7,4.71,37843000,0.0,0.0
2012-08-24 00:00:00+08:00,4.7,4.71,4.68,4.69,22807000,0.0,0.0
2012-08-27 00:00:00+08:00,4.7,4.72,4.66,4.67,26510000,0.0,0.0
2012-08-28 00:00:00+08:00,4.66,4.66,4.62,4.62,23280000,0.0,0.0
2012-08-29 00:00:00+08:00,4.62,4.66,4.62,4.62,16472000,0.0,0.0
2012-08-30 00:00:00+08:00,4.62,4.64,4.6,4.61,32577000,0.0,0.0
2012-08-31 00:00:00+08:00,4.61,4.64,4.6,4.64,30329000,0.0,0.0
2012-09-03 00:00:00+08:00,4.68,4.68,4.64,4.64,24527000,0.0,0.0
2012-09-04 00:00:00+08:00,4.65,4.66,4.61,4.62,17825000,0.0,0.0
2012-09-05 00:00:00+08:00,4.61,4.62,4.58,4.58,24481000,0.0,0.0
2012-09-06 00:00:00+08:00,4.59,4.62,4.58,4.59,15629000,0.0,0.0
2012-09-07 00:00:00+08:00,4.67,4.68,4.62,4.62,23315000,0.0,0.0
2012-09-10 00:00:00+08:00,4.64,4.68,4.62,4.64,27855000,0.0,0.0
2012-09-11 00:00:00+08:00,4.64,4.65,4.62,4.62,13602000,0.0,0.0
2012-09-12 00:00:00+08:00,4.64,4.72,4.64,4.67,49810000,0.0,0.0
2012-09-13 00:00:00+08:00,4.68,4.7,4.65,4.65,24095000,0.0,0.0
2012-09-14 00:00:00+08:00,4.7,4.79,4.68,4.76,82898000,0.0,0.0
2012-09-17 00:00:00+08:00,4.81,4.92,4.78,4.87,113459000,0.0,0.0
2012-09-18 00:00:00+08:00,4.87,4.87,4.79,4.81,48466000,0.0,0.0
2012-09-19 00:00:00+08:00,4.81,4.87,4.81,4.82,47523000,0.0,0.0
2012-09-20 00:00:00+08:00,4.83,4.89,4.79,4.81,58749000,0.0,0.0
2012-09-21 00:00:00+08:00,4.83,4.84,4.8,4.83,52014000,0.0,0.0
2012-09-24 00:00:00+08:00,4.84,4.89,4.81,4.85,59913000,0.0,0.0
2012-09-25 00:00:00+08:00,4.87,4.87,4.81,4.82,32792000,0.0,0.0
2012-09-26 00:00:00+08:00,4.82,4.83,4.77,4.79,32754000,0.0,0.0
2012-09-27 00:00:00+08:00,4.78,4.81,4.77,4.79,21997000,0.0,0.0
2012-09-28 00:00:00+08:00,4.82,4.83,4.73,4.73,40373000,0.0,0.0
2012-10-01 00:00:00+08:00,4.73,4.76,4.7,4.7,24058000,0.0,0.0
2012-10-02 00:00:00+08:00,4.73,4.75,4.71,4.73,13784000,0.0,0.0
2012-10-03 00:00:00+08:00,4.73,4.76,4.7,4.7,14263000,0.0,0.0
2012-10-04 00:00:00+08:00,4.7,4.73,4.68,4.72,23579000,0.0,0.0
2012-10-05 00:00:00+08:00,4.72,4.79,4.72,4.75,26905000,0.0,0.0
2012-10-08 00:00:00+08:00,4.79,4.79,4.7,4.72,17904000,0.0,0.0
2012-10-09 00:00:00+08:00,4.73,4.75,4.72,4.73,22054000,0.0,0.0
2012-10-11 00:00:00+08:00,4.7,4.7,4.62,4.63,34434000,0.0,0.0
2012-10-12 00:00:00+08:00,4.64,4.66,4.58,4.6,25772000,0.0,0.0
2012-10-15 00:00:00+08:00,4.59,4.62,4.58,4.61,14942000,0.0,0.0
2012-10-16 00:00:00+08:00,4.62,4.64,4.61,4.63,18183000,0.0,0.0
2012-10-17 00:00:00+08:00,4.64,4.66,4.6,4.64,23012000,0.0,0.0
2012-10-18 00:00:00+08:00,4.64,4.65,4.62,4.63,16797000,0.0,0.0
2012-10-19 00:00:00+08:00,4.64,4.64,4.6,4.6,16131000,0.0,0.0
2012-10-22 00:00:00+08:00,4.57,4.59,4.55,4.57,23074000,0.0,0.0
2012-10-23 00:00:00+08:00,4.56,4.58,4.54,4.54,19797000,0.0,0.0
2012-10-24 00:00:00+08:00,4.51,4.54,4.49,4.5,31278000,0.0,0.0
2012-10-25 00:00:00+08:00,4.53,4.54,4.49,4.49,19318000,0.0,0.0
2012-10-26 00:00:00+08:00,4.49,4.51,4.3,4.3,52247000,0.0,0.0
2012-10-29 00:00:00+08:00,4.3,4.34,4.23,4.23,26046000,0.0,0.0
2012-10-30 00:00:00+08:00,4.26,4.33,4.26,4.3,22267000,0.0,0.0
2012-10-31 00:00:00+08:00,4.33,4.33,4.26,4.26,15953000,0.0,0.0
2012-11-01 00:00:00+08:00,4.25,4.25,4.15,4.22,28826000,0.0,0.0
2012-11-02 00:00:00+08:00,4.29,4.31,4.25,4.31,25663000,0.0,0.0
2012-11-05 00:00:00+08:00,4.31,4.31,4.26,4.28,15430000,0.0,0.0
2012-11-06 00:00:00+08:00,4.29,4.36,4.28,4.36,15530000,0.0,0.0
2012-11-07 00:00:00+08:00,4.39,4.45,4.37,4.42,24619000,0.0,0.0
2012-11-08 00:00:00+08:00,4.36,4.36,4.29,4.31,28026000,0.0,0.0
2012-11-09 00:00:00+08:00,4.28,4.44,4.26,4.41,24793000,0.0,0.0
2012-11-12 00:00:00+08:00,4.41,4.41,4.35,4.37,14198000,0.0,0.0
2012-11-13 00:00:00+08:00,4.37,4.37,4.27,4.27,25615000,0.0,0.0
2012-11-14 00:00:00+08:00,4.27,4.3,4.25,4.26,14392000,0.0,0.0
2012-11-15 00:00:00+08:00,4.24,4.27,4.21,4.23,19849000,0.0,0.0
2012-11-16 00:00:00+08:00,4.26,4.27,4.22,4.22,14617000,0.0,0.0
2012-11-19 00:00:00+08:00,4.26,4.28,4.2,4.2,19672000,0.0,0.0
2012-11-20 00:00:00+08:00,4.25,4.25,4.19,4.21,19136000,0.0,0.0
2012-11-21 00:00:00+08:00,4.22,4.23,4.13,4.14,23615000,0.0,0.0
2012-11-22 00:00:00+08:00,4.18,4.21,4.16,4.18,16563000,0.0,0.0
2012-11-23 00:00:00+08:00,4.25,4.41,4.25,4.4,59317000,0.0,0.0
2012-11-26 00:00:00+08:00,4.5,4.51,4.45,4.5,43347000,0.0,0.0
2012-11-27 00:00:00+08:00,4.81,4.81,4.72,4.75,134879000,0.0,0.0
2012-11-28 00:00:00+08:00,4.75,4.75,4.67,4.69,56370000,0.0,0.0
2012-11-29 00:00:00+08:00,4.71,4.76,4.68,4.69,66061000,0.0,0.0
2012-11-30 00:00:00+08:00,4.7,4.7,4.62,4.63,97761000,0.0,0.0
2012-12-03 00:00:00+08:00,4.64,4.69,4.62,4.67,57911000,0.0,0.0
2012-12-04 00:00:00+08:00,4.69,4.69,4.64,4.67,40123000,0.0,0.0
2012-12-05 00:00:00+08:00,4.67,4.76,4.67,4.71,94229000,0.0,0.0
2012-12-06 00:00:00+08:00,4.74,4.75,4.71,4.72,40382000,0.0,0.0
2012-12-07 00:00:00+08:00,4.73,4.75,4.7,4.7,37440000,0.0,0.0
2012-12-10 00:00:00+08:00,4.73,4.74,4.69,4.7,26397000,0.0,0.0
2012-12-11 00:00:00+08:00,4.7,4.75,4.66,4.75,39055000,0.0,0.0
2012-12-12 00:00:00+08:00,4.8,4.87,4.79,4.79,71019000,0.0,0.0
2012-12-13 00:00:00+08:00,4.87,5.06,4.81,5.03,181978000,0.0,0.0
2012-12-14 00:00:00+08:00,5.02,5.02,4.92,4.94,79472000,0.0,0.0
2012-12-17 00:00:00+08:00,4.94,5.07,4.92,4.96,80978000,0.0,0.0
2012-12-18 00:00:00+08:00,4.96,5.02,4.94,4.95,43355000,0.0,0.0
2012-12-19 00:00:00+08:00,5.03,5.15,5.0,5.07,142917000,0.0,0.0
2012-12-20 00:00:00+08:00,5.06,5.06,4.96,4.96,69748000,0.0,0.0
2012-12-21 00:00:00+08:00,4.98,5.0,4.84,4.85,70024000,0.0,0.0
2012-12-24 00:00:00+08:00,4.89,4.93,4.87,4.87,21315000,0.0,0.0
2012-12-25 00:00:00+08:00,4.9,5.02,4.89,4.97,54305000,0.0,0.0
2012-12-26 00:00:00+08:00,5.0,5.02,4.94,4.94,38146000,0.0,0.0
2012-12-27 00:00:00+08:00,4.94,4.99,4.92,4.96,30963000,0.0,0.0
2012-12-28 00:00:00+08:00,5.03,5.03,4.96,4.96,81642000,0.0,0.0
2013-01-02 00:00:00+08:00,5.02,5.02,4.95,4.95,47255000,0.0,0.0
2013-01-03 00:00:00+08:00,5.0,5.02,4.98,4.98,48292000,0.0,0.0
2013-01-04 00:00:00+08:00,5.0,5.0,4.92,4.93,39202000,0.0,0.0
2013-01-07 00:00:00+08:00,4.93,4.96,4.92,4.92,30900000,0.0,0.0
2013-01-08 00:00:00+08:00,4.93,4.95,4.9,4.9,27165000,0.0,0.0
2013-01-09 00:00:00+08:00,4.9,4.94,4.88,4.88,43939000,0.0,0.0
2013-01-10 00:00:00+08:00,4.94,4.98,4.9,4.94,50556000,0.0,0.0
2013-01-11 00:00:00+08:00,4.98,5.0,4.94,4.96,28886000,0.0,0.0
2013-01-14 00:00:00+08:00,4.95,4.96,4.9,4.96,22203000,0.0,0.0
2013-01-15 00:00:00+08:00,4.96,5.04,4.94,4.97,63516000,0.0,0.0
2013-01-16 00:00:00+08:00,5.02,5.03,4.97,4.97,47196000,0.0,0.0
2013-01-17 00:00:00+08:00,5.03,5.13,4.97,5.05,186138000,0.0,0.0
2013-01-18 00:00:00+08:00,5.11,5.13,5.03,5.04,64854000,0.0,0.0
2013-01-21 00:00:00+08:00,5.04,5.06,5.0,5.02,34540000,0.0,0.0
2013-01-22 00:00:00+08:00,5.04,5.09,5.03,5.06,70684000,0.0,0.0
2013-01-23 00:00:00+08:00,5.09,5.11,5.05,5.06,54828000,0.0,0.0
2013-01-24 00:00:00+08:00,5.06,5.07,5.02,5.04,32110000,0.0,0.0
2013-01-25 00:00:00+08:00,5.04,5.06,5.02,5.03,33229000,0.0,0.0
2013-01-28 00:00:00+08:00,5.07,5.11,5.07,5.07,38901000,0.0,0.0
2013-01-29 00:00:00+08:00,5.08,5.1,5.07,5.1,35591000,0.0,0.0
2013-01-30 00:00:00+08:00,5.17,5.38,5.17,5.26,149143000,0.0,0.0
2013-01-31 00:00:00+08:00,5.34,5.34,5.29,5.33,73714000,0.0,0.0
2013-02-01 00:00:00+08:00,5.33,5.36,5.31,5.33,46332000,0.0,0.0
2013-02-04 00:00:00+08:00,5.46,5.7,5.46,5.7,198472000,0.0,0.0
2013-02-05 00:00:00+08:00,5.71,5.98,5.71,5.85,284603000,0.0,0.0
2013-02-06 00:00:00+08:00,5.91,5.98,5.73,5.74,187846000,0.0,0.0
2013-02-18 00:00:00+08:00,5.94,5.94,5.79,5.84,123601000,0.0,0.0
2013-02-19 00:00:00+08:00,5.84,5.85,5.73,5.8,66470000,0.0,0.0
2013-02-20 00:00:00+08:00,5.88,5.94,5.83,5.83,108729000,0.0,0.0
2013-02-21 00:00:00+08:00,5.81,5.82,5.71,5.71,75078000,0.0,0.0
2013-02-22 00:00:00+08:00,5.7,5.85,5.68,5.79,81058000,0.0,0.0
2013-02-25 00:00:00+08:00,5.94,5.96,5.85,5.88,70112000,0.0,0.0
2013-02-26 00:00:00+08:00,5.79,5.88,5.79,5.8,63379000,0.0,0.0
2013-02-27 00:00:00+08:00,5.81,5.86,5.77,5.77,41749000,0.0,0.0
2013-03-01 00:00:00+08:00,5.8,5.85,5.77,5.78,34017000,0.0,0.0
2013-03-04 00:00:00+08:00,5.78,5.78,5.6,5.62,86844000,0.0,0.0
2013-03-05 00:00:00+08:00,5.68,5.71,5.63,5.7,53202000,0.0,0.0
2013-03-06 00:00:00+08:00,5.75,5.78,5.66,5.66,51428000,0.0,0.0
2013-03-07 00:00:00+08:00,5.71,5.77,5.7,5.75,57368000,0.0,0.0
2013-03-08 00:00:00+08:00,5.81,5.92,5.78,5.87,107415000,0.0,0.0
2013-03-11 00:00:00+08:00,5.94,6.03,5.9,5.97,140241000,0.0,0.0
2013-03-12 00:00:00+08:00,5.97,5.97,5.82,5.83,79305000,0.0,0.0
2013-03-13 00:00:00+08:00,5.88,5.9,5.8,5.83,43822000,0.0,0.0
2013-03-14 00:00:00+08:00,5.86,5.89,5.77,5.78,42435000,0.0,0.0
2013-03-15 00:00:00+08:00,5.81,5.84,5.68,5.68,70862000,0.0,0.0
2013-03-18 00:00:00+08:00,5.62,5.62,5.45,5.45,75234000,0.0,0.0
2013-03-19 00:00:00+08:00,5.51,5.57,5.5,5.55,48947000,0.0,0.0
2013-03-20 00:00:00+08:00,5.55,5.66,5.53,5.54,51972000,0.0,0.0
2013-03-21 00:00:00+08:00,5.62,5.62,5.52,5.52,38176000,0.0,0.0
2013-03-22 00:00:00+08:00,5.5,5.56,5.49,5.49,24388000,0.0,0.0
2013-03-25 00:00:00+08:00,5.55,5.6,5.52,5.52,27258000,0.0,0.0
2013-03-26 00:00:00+08:00,5.52,5.71,5.51,5.58,61848000,0.0,0.0
2013-03-27 00:00:00+08:00,5.6,5.65,5.59,5.62,28044000,0.0,0.0
2013-03-28 00:00:00+08:00,5.62,5.63,5.51,5.56,50141000,0.0,0.0
2013-03-29 00:00:00+08:00,5.59,5.61,5.54,5.58,21650000,0.0,0.0
2013-04-01 00:00:00+08:00,5.58,5.6,5.52,5.52,25915000,0.0,0.0
2013-04-02 00:00:00+08:00,5.52,5.55,5.47,5.51,25241000,0.0,0.0
2013-04-03 00:00:00+08:00,5.6,5.64,5.56,5.59,43338000,0.0,0.0
2013-04-08 00:00:00+08:00,5.45,5.49,5.32,5.34,65983000,0.0,0.0
2013-04-09 00:00:00+08:00,5.34,5.39,5.28,5.29,45056000,0.0,0.0
2013-04-10 00:00:00+08:00,5.35,5.35,5.29,5.3,30440000,0.0,0.0
2013-04-11 00:00:00+08:00,5.36,5.36,5.31,5.32,27411000,0.0,0.0
2013-04-12 00:00:00+08:00,5.32,5.35,5.22,5.24,41437000,0.0,0.0
2013-04-15 00:00:00+08:00,5.24,5.28,5.13,5.15,50282000,0.0,0.0
2013-04-16 00:00:00+08:00,5.09,5.22,5.09,5.22,33601000,0.0,0.0
2013-04-17 00:00:00+08:00,5.28,5.29,5.18,5.18,44309000,0.0,0.0
2013-04-18 00:00:00+08:00,5.17,5.21,5.13,5.16,26519000,0.0,0.0
2013-04-19 00:00:00+08:00,5.18,5.31,5.18,5.29,46566000,0.0,0.0
2013-04-22 00:00:00+08:00,5.41,5.59,5.38,5.54,110131000,0.0,0.0
2013-04-23 00:00:00+08:00,5.55,5.55,5.45,5.46,45704000,0.0,0.0
2013-04-24 00:00:00+08:00,5.53,5.58,5.5,5.51,62951000,0.0,0.0
2013-04-25 00:00:00+08:00,5.5,5.51,5.45,5.49,37127000,0.0,0.0
2013-04-26 00:00:00+08:00,5.52,5.56,5.43,5.43,41720000,0.0,0.0
2013-04-29 00:00:00+08:00,5.43,5.48,5.33,5.33,47159000,0.0,0.0
2013-04-30 00:00:00+08:00,5.41,5.44,5.33,5.33,46525000,0.0,0.0
2013-05-02 00:00:00+08:00,5.35,5.41,5.35,5.37,31919000,0.0,0.0
2013-05-03 00:00:00+08:00,5.42,5.44,5.38,5.38,26696000,0.0,0.0
2013-05-06 00:00:00+08:00,5.43,5.43,5.38,5.38,20143000,0.0,0.0
2013-05-07 00:00:00+08:00,5.39,5.41,5.37,5.4,17120000,0.0,0.0
2013-05-08 00:00:00+08:00,5.43,5.5,5.42,5.45,44974000,0.0,0.0
2013-05-09 00:00:00+08:00,5.51,5.55,5.47,5.48,42689000,0.0,0.0
2013-05-10 00:00:00+08:00,5.49,5.54,5.49,5.49,28294000,0.0,0.0
2013-05-13 00:00:00+08:00,5.53,5.54,5.49,5.51,28202000,0.0,0.0
2013-05-14 00:00:00+08:00,5.53,5.54,5.49,5.49,33343000,0.0,0.0
2013-05-15 00:00:00+08:00,5.52,5.6,5.52,5.58,73914000,0.0,0.0
2013-05-16 00:00:00+08:00,5.81,5.92,5.72,5.88,196685000,0.0,0.0
2013-05-17 00:00:00+08:00,5.88,5.9,5.75,5.75,104847000,0.0,0.0
2013-05-20 00:00:00+08:00,5.75,5.85,5.75,5.81,61410000,0.0,0.0
2013-05-21 00:00:00+08:00,5.83,5.86,5.76,5.79,49598000,0.0,0.0
2013-05-22 00:00:00+08:00,5.81,5.84,5.79,5.81,37629000,0.0,0.0
2013-05-23 00:00:00+08:00,5.77,5.79,5.66,5.66,83251000,0.0,0.0
2013-05-24 00:00:00+08:00,5.66,5.67,5.56,5.59,51064000,0.0,0.0
2013-05-27 00:00:00+08:00,5.59,5.69,5.59,5.69,23024000,0.0,0.0
2013-05-28 00:00:00+08:00,5.71,5.71,5.66,5.66,26574000,0.0,0.0
2013-05-29 00:00:00+08:00,5.68,5.76,5.68,5.74,44318000,0.0,0.0
2013-05-30 00:00:00+08:00,5.66,5.69,5.61,5.66,49528000,0.0,0.0
2013-05-31 00:00:00+08:00,5.75,5.8,5.69,5.8,141883000,0.0,0.0
2013-06-03 00:00:00+08:00,5.67,5.73,5.66,5.7,40268000,0.0,0.0
2013-06-04 00:00:00+08:00,5.71,5.72,5.62,5.62,37789000,0.0,0.0
2013-06-05 00:00:00+08:00,5.62,5.67,5.58,5.61,33667000,0.0,0.0
2013-06-06 00:00:00+08:00,5.58,5.61,5.55,5.56,29034000,0.0,0.0
2013-06-07 00:00:00+08:00,5.58,5.6,5.54,5.54,27039000,0.0,0.0
2013-06-10 00:00:00+08:00,5.62,5.62,5.57,5.6,19802000,0.0,0.0
2013-06-11 00:00:00+08:00,5.62,5.69,5.62,5.66,53726000,0.0,0.0
2013-06-13 00:00:00+08:00,5.59,5.64,5.55,5.55,53124000,0.0,0.0
2013-06-14 00:00:00+08:00,5.56,5.6,5.45,5.45,37134000,0.0,0.0
2013-06-17 00:00:00+08:00,5.45,5.54,5.45,5.54,25996000,0.0,0.0
2013-06-18 00:00:00+08:00,5.56,5.56,5.5,5.51,30545000,0.0,0.0
2013-06-19 00:00:00+08:00,5.53,5.54,5.46,5.48,29218000,0.0,0.0
2013-06-20 00:00:00+08:00,5.45,5.45,5.36,5.36,32223000,0.0,0.0
2013-06-21 00:00:00+08:00,5.28,5.3,5.21,5.3,54500000,0.0,0.0
2013-06-24 00:00:00+08:00,5.32,5.43,5.3,5.39,37681000,0.0,0.0
2013-06-25 00:00:00+08:00,5.42,5.43,5.26,5.26,41439000,0.0,0.0
2013-06-26 00:00:00+08:00,5.41,5.45,5.34,5.36,60950000,0.0,0.0
2013-06-27 00:00:00+08:00,5.42,5.45,5.4,5.41,34810000,0.0,0.0
2013-06-28 00:00:00+08:00,5.45,5.5,5.42,5.5,41775000,0.0,0.0
2013-07-01 00:00:00+08:00,5.55,5.68,5.52,5.67,81726000,0.0,0.0
2013-07-02 00:00:00+08:00,5.68,5.68,5.58,5.58,34959000,0.0,0.0
2013-07-03 00:00:00+08:00,5.56,5.57,5.44,5.45,56677000,0.0,0.0
2013-07-04 00:00:00+08:00,5.45,5.51,5.45,5.45,20751000,0.0,0.0
2013-07-05 00:00:00+08:00,5.49,5.54,5.47,5.51,20959000,0.0,0.0
2013-07-08 00:00:00+08:00,5.51,5.51,5.41,5.41,28939000,0.0,0.0
2013-07-09 00:00:00+08:00,5.44,5.5,5.42,5.45,25695000,0.0,0.0
2013-07-10 00:00:00+08:00,5.49,5.54,5.47,5.5,29000000,0.0,0.0
2013-07-11 00:00:00+08:00,5.55,5.6,5.55,5.6,64478000,0.0,0.0
2013-07-12 00:00:00+08:00,5.62,5.78,5.6,5.68,91914000,0.0,0.0
2013-07-15 00:00:00+08:00,5.68,5.73,5.68,5.7,40810000,0.0,0.0
2013-07-16 00:00:00+08:00,5.71,5.72,5.65,5.65,44278000,0.0,0.0
2013-07-17 00:00:00+08:00,5.66,5.72,5.65,5.71,47458000,0.0,0.0
2013-07-18 00:00:00+08:00,5.72,5.77,5.7,5.7,52627000,0.0,0.0
2013-07-19 00:00:00+08:00,5.7,5.72,5.6,5.61,74313000,0.0,0.0
2013-07-22 00:00:00+08:00,5.62,5.68,5.62,5.66,35840000,0.0,0.0
2013-07-23 00:00:00+08:00,5.68,5.71,5.66,5.68,66528000,0.0,0.0
2013-07-24 00:00:00+08:00,5.7,5.71,5.66,5.67,57217000,0.0,0.0
2013-07-25 00:00:00+08:00,5.71,5.75,5.69,5.7,47119000,0.18,0.0
2013-07-26 00:00:00+08:00,5.72,5.78,5.72,5.73,40149000,0.0,0.0
2013-07-29 00:00:00+08:00,5.77,5.77,5.7,5.7,22260000,0.0,0.0
2013-07-30 00:00:00+08:00,5.72,5.77,5.72,5.72,34214000,0.0,0.0
2013-07-31 00:00:00+08:00,5.76,5.76,5.67,5.67,29955000,0.0,0.0
2013-08-01 00:00:00+08:00,5.7,5.75,5.68,5.7,21898000,0.0,0.0
2013-08-02 00:00:00+08:00,5.74,5.74,5.71,5.73,24903000,0.0,0.0
2013-08-05 00:00:00+08:00,5.73,5.76,5.7,5.73,21823000,0.0,0.0
2013-08-06 00:00:00+08:00,5.72,5.73,5.65,5.66,37360000,0.0,0.0
2013-08-07 00:00:00+08:00,5.64,5.64,5.55,5.55,39181000,0.0,0.0
2013-08-08 00:00:00+08:00,5.56,5.59,5.54,5.54,27514000,0.0,0.0
2013-08-09 00:00:00+08:00,5.58,5.58,5.48,5.48,34768000,0.0,0.0
2013-08-12 00:00:00+08:00,5.48,5.52,5.48,5.5,19653000,0.0,0.0
2013-08-13 00:00:00+08:00,5.51,5.56,5.51,5.56,15006000,0.0,0.0
2013-08-14 00:00:00+08:00,5.56,5.56,5.51,5.52,18095000,0.0,0.0
2013-08-15 00:00:00+08:00,5.5,5.52,5.47,5.47,24654000,0.0,0.0
2013-08-16 00:00:00+08:00,5.44,5.51,5.44,5.5,23033000,0.0,0.0
2013-08-19 00:00:00+08:00,5.51,5.51,5.46,5.46,17095000,0.0,0.0
2013-08-20 00:00:00+08:00,5.47,5.5,5.45,5.45,16668000,0.0,0.0
2013-08-22 00:00:00+08:00,5.43,5.46,5.42,5.42,34055000,0.0,0.0
2013-08-23 00:00:00+08:00,5.47,5.47,5.44,5.44,19308000,0.0,0.0
2013-08-26 00:00:00+08:00,5.45,5.46,5.44,5.46,11450000,0.0,0.0
2013-08-27 00:00:00+08:00,5.44,5.46,5.4,5.4,20581000,0.0,0.0
2013-08-28 00:00:00+08:00,5.38,5.4,5.34,5.34,22449000,0.0,0.0
2013-08-29 00:00:00+08:00,5.37,5.43,5.37,5.38,18757000,0.0,0.0
2013-08-30 00:00:00+08:00,5.4,5.48,5.39,5.48,22776000,0.0,0.0
2013-09-02 00:00:00+08:00,5.46,5.48,5.44,5.45,13651000,0.0,0.0
2013-09-03 00:00:00+08:00,5.5,5.6,5.5,5.56,51706000,0.0,0.0
2013-09-04 00:00:00+08:00,5.56,5.61,5.54,5.6,50239000,0.0,0.0
2013-09-05 00:00:00+08:00,5.62,5.62,5.57,5.6,26214000,0.0,0.0
2013-09-06 00:00:00+08:00,5.6,5.6,5.58,5.58,24212000,0.0,0.0
2013-09-09 00:00:00+08:00,5.56,5.58,5.51,5.54,31317000,0.0,0.0
2013-09-10 00:00:00+08:00,5.56,5.59,5.52,5.58,27999000,0.0,0.0
2013-09-11 00:00:00+08:00,5.56,5.6,5.54,5.6,26307000,0.0,0.0
2013-09-12 00:00:00+08:00,5.6,5.66,5.6,5.64,40173000,0.0,0.0
2013-09-13 00:00:00+08:00,5.64,5.64,5.59,5.59,18926000,0.0,0.0
2013-09-16 00:00:00+08:00,5.61,5.64,5.6,5.64,29774000,0.0,0.0
2013-09-17 00:00:00+08:00,5.64,5.66,5.61,5.66,23478000,0.0,0.0
2013-09-18 00:00:00+08:00,5.67,5.73,5.66,5.69,52358000,0.0,0.0
2013-09-23 00:00:00+08:00,5.7,5.76,5.67,5.75,53007000,0.0,0.0
2013-09-24 00:00:00+08:00,5.75,5.75,5.7,5.71,24918000,0.0,0.0
2013-09-25 00:00:00+08:00,5.72,5.74,5.7,5.72,28758000,0.0,0.0
2013-09-26 00:00:00+08:00,5.71,5.72,5.66,5.66,29751000,0.0,0.0
2013-09-27 00:00:00+08:00,5.67,5.79,5.67,5.72,67267000,0.0,0.0
2013-09-30 00:00:00+08:00,5.72,5.72,5.67,5.67,25190000,0.0,0.0
2013-10-01 00:00:00+08:00,5.67,5.7,5.66,5.66,19366000,0.0,0.0
2013-10-02 00:00:00+08:00,5.67,5.68,5.65,5.65,17814000,0.0,0.0
2013-10-03 00:00:00+08:00,5.65,5.76,5.65,5.74,55394000,0.0,0.0
2013-10-04 00:00:00+08:00,5.74,5.77,5.74,5.77,38061000,0.0,0.0
2013-10-07 00:00:00+08:00,5.77,5.82,5.75,5.78,35778000,0.0,0.0
2013-10-08 00:00:00+08:00,5.8,5.82,5.76,5.8,43051000,0.0,0.0
2013-10-09 00:00:00+08:00,5.82,5.99,5.81,5.86,155703000,0.0,0.0
2013-10-11 00:00:00+08:00,5.9,6.03,5.9,5.91,109697000,0.0,0.0
2013-10-14 00:00:00+08:00,5.94,5.94,5.84,5.85,39390000,0.0,0.0
2013-10-15 00:00:00+08:00,5.88,5.92,5.86,5.89,32526000,0.0,0.0
2013-10-16 00:00:00+08:00,5.89,5.9,5.84,5.85,23523000,0.0,0.0
2013-10-17 00:00:00+08:00,5.9,5.92,5.85,5.86,29842000,0.0,0.0
2013-10-18 00:00:00+08:00,5.86,5.86,5.82,5.86,27467000,0.0,0.0
2013-10-21 00:00:00+08:00,5.87,5.87,5.83,5.86,20679000,0.0,0.0
2013-10-22 00:00:00+08:00,5.86,5.9,5.84,5.88,24251000,0.0,0.0
2013-10-23 00:00:00+08:00,5.89,5.9,5.84,5.84,24345000,0.0,0.0
2013-10-24 00:00:00+08:00,5.84,5.87,5.84,5.86,22080000,0.0,0.0
2013-10-25 00:00:00+08:00,5.82,5.85,5.78,5.79,31789000,0.0,0.0
2013-10-28 00:00:00+08:00,5.78,5.8,5.74,5.76,25213000,0.0,0.0
2013-10-29 00:00:00+08:00,5.76,5.83,5.76,5.83,28589000,0.0,0.0
2013-10-30 00:00:00+08:00,5.84,5.89,5.83,5.89,31080000,0.0,0.0
2013-10-31 00:00:00+08:00,5.88,5.88,5.82,5.85,29774000,0.0,0.0
2013-11-01 00:00:00+08:00,5.87,5.88,5.81,5.82,16497000,0.0,0.0
2013-11-04 00:00:00+08:00,5.82,5.82,5.76,5.76,18411000,0.0,0.0
2013-11-05 00:00:00+08:00,5.76,5.81,5.74,5.74,21377000,0.0,0.0
2013-11-06 00:00:00+08:00,5.74,5.79,5.72,5.75,18279000,0.0,0.0
2013-11-07 00:00:00+08:00,5.76,5.79,5.73,5.75,16145000,0.0,0.0
2013-11-08 00:00:00+08:00,5.74,5.75,5.72,5.72,16717000,0.0,0.0
2013-11-11 00:00:00+08:00,5.73,5.75,5.68,5.68,17145000,0.0,0.0
2013-11-12 00:00:00+08:00,5.7,5.72,5.67,5.67,24273000,0.0,0.0
2013-11-13 00:00:00+08:00,5.69,5.69,5.6,5.6,29648000,0.0,0.0
2013-11-14 00:00:00+08:00,5.61,5.63,5.57,5.6,23502000,0.0,0.0
2013-11-15 00:00:00+08:00,5.62,5.68,5.61,5.65,16190000,0.0,0.0
2013-11-18 00:00:00+08:00,5.65,5.69,5.65,5.66,15599000,0.0,0.0
2013-11-19 00:00:00+08:00,5.68,5.7,5.66,5.68,11903000,0.0,0.0
2013-11-20 00:00:00+08:00,5.68,5.72,5.67,5.67,19896000,0.0,0.0
2013-11-21 00:00:00+08:00,5.67,5.67,5.61,5.62,22628000,0.0,0.0
2013-11-22 00:00:00+08:00,5.64,5.66,5.62,5.62,15920000,0.0,0.0
2013-11-25 00:00:00+08:00,5.69,5.76,5.69,5.74,32287000,0.0,0.0
2013-11-26 00:00:00+08:00,5.74,5.76,5.71,5.71,29027000,0.0,0.0
2013-11-27 00:00:00+08:00,5.71,5.73,5.68,5.7,17785000,0.0,0.0
2013-11-28 00:00:00+08:00,5.71,5.76,5.71,5.75,20081000,0.0,0.0
2013-11-29 00:00:00+08:00,5.74,5.78,5.73,5.76,21922000,0.0,0.0
2013-12-02 00:00:00+08:00,5.76,5.77,5.72,5.75,13760000,0.0,0.0
2013-12-03 00:00:00+08:00,5.8,5.92,5.78,5.88,92745000,0.0,0.0
2013-12-04 00:00:00+08:00,5.85,5.88,5.83,5.84,34509000,0.0,0.0
2013-12-05 00:00:00+08:00,5.84,5.86,5.78,5.78,32936000,0.0,0.0
2013-12-06 00:00:00+08:00,5.78,5.84,5.76,5.76,22527000,0.0,0.0
2013-12-09 00:00:00+08:00,5.84,5.87,5.8,5.8,27631000,0.0,0.0
2013-12-10 00:00:00+08:00,5.88,5.94,5.84,5.84,55044000,0.0,0.0
2013-12-11 00:00:00+08:00,5.88,5.93,5.86,5.87,43159000,0.0,0.0
2013-12-12 00:00:00+08:00,5.87,5.87,5.82,5.82,23111000,0.0,0.0
2013-12-13 00:00:00+08:00,5.82,5.86,5.81,5.85,14329000,0.0,0.0
2013-12-16 00:00:00+08:00,5.88,5.88,5.82,5.85,15050000,0.0,0.0
2013-12-17 00:00:00+08:00,5.88,5.88,5.81,5.81,14791000,0.0,0.0
2013-12-18 00:00:00+08:00,5.82,5.86,5.82,5.86,27208000,0.0,0.0
2013-12-19 00:00:00+08:00,5.9,5.92,5.86,5.88,28775000,0.0,0.0
2013-12-20 00:00:00+08:00,5.88,5.89,5.85,5.86,20574000,0.0,0.0
2013-12-23 00:00:00+08:00,5.87,5.93,5.86,5.9,45832000,0.0,0.0
2013-12-24 00:00:00+08:00,5.92,5.92,5.88,5.88,14826000,0.0,0.0
2013-12-25 00:00:00+08:00,5.9,5.91,5.88,5.88,13419000,0.0,0.0
2013-12-26 00:00:00+08:00,5.9,5.9,5.88,5.88,11713000,0.0,0.0
2013-12-27 00:00:00+08:00,5.86,5.92,5.86,5.91,23607000,0.0,0.0
2013-12-30 00:00:00+08:00,5.92,6.0,5.92,6.0,97654000,0.0,0.0
2013-12-31 00:00:00+08:00,6.04,6.05,5.99,6.0,48044000,0.0,0.0
2014-01-02 00:00:00+08:00,6.02,6.17,6.01,6.12,89260000,0.0,0.0
2014-01-03 00:00:00+08:00,6.1,6.11,6.04,6.06,52698000,0.0,0.0
2014-01-06 00:00:00+08:00,6.07,6.09,6.0,6.0,58195000,0.0,0.0
2014-01-07 00:00:00+08:00,6.0,6.06,6.0,6.02,36078000,0.0,0.0
2014-01-08 00:00:00+08:00,6.02,6.06,6.01,6.05,47472000,0.0,0.0
2014-01-09 00:00:00+08:00,6.04,6.1,6.02,6.08,79244000,0.0,0.0
2014-01-10 00:00:00+08:00,6.1,6.17,6.1,6.11,82246000,0.0,0.0
2014-01-13 00:00:00+08:00,6.16,6.18,6.13,6.14,50852000,0.0,0.0
2014-01-14 00:00:00+08:00,6.14,6.14,6.11,6.12,37190000,0.0,0.0
2014-01-15 00:00:00+08:00,6.13,6.15,6.11,6.11,41216000,0.0,0.0
2014-01-16 00:00:00+08:00,6.14,6.18,6.09,6.09,59858000,0.0,0.0
2014-01-17 00:00:00+08:00,6.09,6.1,6.05,6.07,40380000,0.0,0.0
2014-01-20 00:00:00+08:00,6.07,6.13,6.07,6.1,23724000,0.0,0.0
2014-01-21 00:00:00+08:00,6.1,6.13,6.09,6.11,23818000,0.0,0.0
2014-01-22 00:00:00+08:00,6.11,6.13,6.1,6.12,23741000,0.0,0.0
2014-01-23 00:00:00+08:00,6.14,6.16,6.1,6.1,28682000,0.0,0.0
2014-01-24 00:00:00+08:00,6.09,6.1,6.07,6.1,31334000,0.0,0.0
2014-01-27 00:00:00+08:00,6.06,6.06,5.89,5.9,113520000,0.0,0.0
2014-02-05 00:00:00+08:00,5.8,5.84,5.75,5.76,84580000,0.0,0.0
2014-02-06 00:00:00+08:00,5.78,5.81,5.76,5.8,39958000,0.0,0.0
2014-02-07 00:00:00+08:00,5.84,5.86,5.81,5.82,30175000,0.0,0.0
2014-02-10 00:00:00+08:00,5.84,5.84,5.79,5.8,27154000,0.0,0.0
2014-02-11 00:00:00+08:00,5.88,5.97,5.88,5.9,60940000,0.0,0.0
2014-02-12 00:00:00+08:00,5.95,6.02,5.95,5.99,52470000,0.0,0.0
2014-02-13 00:00:00+08:00,5.99,5.99,5.89,5.9,32056000,0.0,0.0
2014-02-14 00:00:00+08:00,5.92,5.96,5.9,5.91,36504000,0.0,0.0
2014-02-17 00:00:00+08:00,5.92,5.96,5.9,5.91,28806000,0.0,0.0
2014-02-18 00:00:00+08:00,5.91,5.96,5.9,5.95,28993000,0.0,0.0
2014-02-19 00:00:00+08:00,5.95,5.97,5.92,5.95,23584000,0.0,0.0
2014-02-20 00:00:00+08:00,5.94,5.94,5.9,5.92,21417000,0.0,0.0
2014-02-21 00:00:00+08:00,5.95,5.99,5.93,5.97,26187000,0.0,0.0
2014-02-24 00:00:00+08:00,5.9,5.9,5.84,5.87,36854000,0.0,0.0
2014-02-25 00:00:00+08:00,5.84,5.87,5.84,5.85,28859000,0.0,0.0
2014-02-26 00:00:00+08:00,5.85,5.88,5.85,5.85,28306000,0.0,0.0
2014-02-27 00:00:00+08:00,5.85,5.87,5.84,5.87,33230000,0.0,0.0
2014-03-03 00:00:00+08:00,5.83,5.85,5.8,5.81,34053000,0.0,0.0
2014-03-04 00:00:00+08:00,5.8,5.82,5.74,5.76,39227000,0.0,0.0
2014-03-05 00:00:00+08:00,5.82,5.82,5.78,5.78,15721000,0.0,0.0
2014-03-06 00:00:00+08:00,5.8,5.84,5.78,5.84,22798000,0.0,0.0
2014-03-07 00:00:00+08:00,5.85,5.88,5.84,5.87,27964000,0.0,0.0
2014-03-10 00:00:00+08:00,5.87,5.88,5.8,5.83,15825000,0.0,0.0
2014-03-11 00:00:00+08:00,5.84,5.84,5.8,5.8,15472000,0.0,0.0
2014-03-12 00:00:00+08:00,5.78,5.82,5.77,5.82,15586000,0.0,0.0
2014-03-13 00:00:00+08:00,5.82,5.89,5.8,5.84,18639000,0.0,0.0
2014-03-14 00:00:00+08:00,5.8,5.81,5.78,5.79,16511000,0.0,0.0
2014-03-17 00:00:00+08:00,5.79,5.8,5.78,5.79,12060000,0.0,0.0
2014-03-18 00:00:00+08:00,5.86,5.88,5.82,5.86,19755000,0.0,0.0
2014-03-19 00:00:00+08:00,5.87,5.87,5.79,5.79,16537000,0.0,0.0
2014-03-20 00:00:00+08:00,5.77,5.77,5.72,5.72,28283000,0.0,0.0
2014-03-21 00:00:00+08:00,5.72,5.75,5.67,5.67,29557000,0.0,0.0
2014-03-24 00:00:00+08:00,5.54,5.64,5.54,5.64,26832000,0.0,0.0
2014-03-25 00:00:00+08:00,5.64,5.73,5.64,5.73,19285000,0.0,0.0
2014-03-26 00:00:00+08:00,5.74,5.75,5.71,5.72,16715000,0.0,0.0
2014-03-27 00:00:00+08:00,5.74,5.76,5.72,5.76,13089000,0.0,0.0
2014-03-28 00:00:00+08:00,5.76,5.8,5.74,5.8,26763000,0.0,0.0
2014-03-31 00:00:00+08:00,5.8,5.81,5.74,5.81,15842000,0.0,0.0
2014-04-01 00:00:00+08:00,5.8,5.82,5.78,5.81,14741000,0.0,0.0
2014-04-02 00:00:00+08:00,5.82,5.83,5.8,5.81,16890000,0.0,0.0
2014-04-03 00:00:00+08:00,5.81,5.86,5.81,5.85,28095000,0.0,0.0
2014-04-07 00:00:00+08:00,5.79,5.82,5.78,5.82,22977000,0.0,0.0
2014-04-08 00:00:00+08:00,5.82,5.84,5.8,5.81,16435000,0.0,0.0
2014-04-09 00:00:00+08:00,5.86,5.87,5.83,5.85,23239000,0.0,0.0
2014-04-10 00:00:00+08:00,5.88,5.9,5.86,5.88,25856000,0.0,0.0
2014-04-11 00:00:00+08:00,5.87,5.88,5.82,5.88,18272000,0.0,0.0
2014-04-14 00:00:00+08:00,5.89,5.9,5.84,5.84,10437000,0.0,0.0
2014-04-15 00:00:00+08:00,5.88,5.88,5.84,5.85,14200000,0.0,0.0
2014-04-16 00:00:00+08:00,5.85,5.88,5.82,5.83,19121000,0.0,0.0
2014-04-17 00:00:00+08:00,5.88,5.88,5.84,5.84,13040000,0.0,0.0
2014-04-18 00:00:00+08:00,5.84,5.87,5.84,5.85,10509000,0.0,0.0
2014-04-21 00:00:00+08:00,5.87,5.87,5.84,5.84,9951000,0.0,0.0
2014-04-22 00:00:00+08:00,5.84,5.86,5.82,5.84,9999000,0.0,0.0
2014-04-23 00:00:00+08:00,5.84,5.86,5.82,5.82,13861000,0.0,0.0
2014-04-24 00:00:00+08:00,5.83,5.85,5.82,5.82,25650000,0.0,0.0
2014-04-25 00:00:00+08:00,5.82,5.84,5.72,5.72,33655000,0.0,0.0
2014-04-28 00:00:00+08:00,5.62,5.68,5.59,5.67,28740000,0.0,0.0
2014-04-29 00:00:00+08:00,5.7,5.78,5.69,5.77,20657000,0.0,0.0
2014-04-30 00:00:00+08:00,5.8,5.82,5.76,5.77,26568000,0.0,0.0
2014-05-02 00:00:00+08:00,5.78,5.82,5.77,5.8,11499000,0.0,0.0
2014-05-05 00:00:00+08:00,5.8,5.82,5.78,5.79,10455000,0.0,0.0
2014-05-06 00:00:00+08:00,5.8,5.86,5.74,5.86,24991000,0.0,0.0
2014-05-07 00:00:00+08:00,5.81,5.86,5.8,5.86,19277000,0.0,0.0
2014-05-08 00:00:00+08:00,5.86,5.95,5.84,5.93,51590000,0.0,0.0
2014-05-09 00:00:00+08:00,5.94,5.94,5.88,5.88,24144000,0.0,0.0
2014-05-12 00:00:00+08:00,5.89,5.91,5.84,5.86,16331000,0.0,0.0
2014-05-13 00:00:00+08:00,5.92,5.92,5.85,5.85,16436000,0.0,0.0
2014-05-14 00:00:00+08:00,5.87,5.94,5.86,5.94,30467000,0.0,0.0
2014-05-15 00:00:00+08:00,5.94,5.96,5.92,5.95,24612000,0.0,0.0
2014-05-16 00:00:00+08:00,5.93,5.96,5.92,5.96,23625000,0.0,0.0
2014-05-19 00:00:00+08:00,5.99,5.99,5.95,5.98,18142000,0.0,0.0
2014-05-20 00:00:00+08:00,5.99,5.99,5.94,5.95,17926000,0.0,0.0
2014-05-21 00:00:00+08:00,5.94,5.95,5.88,5.88,16274000,0.0,0.0
2014-05-22 00:00:00+08:00,5.91,5.97,5.89,5.94,18486000,0.0,0.0
2014-05-23 00:00:00+08:00,5.94,5.97,5.94,5.97,19691000,0.0,0.0
2014-05-26 00:00:00+08:00,5.98,5.98,5.96,5.96,17215000,0.0,0.0
2014-05-27 00:00:00+08:00,5.98,6.03,5.98,6.0,34413000,0.0,0.0
2014-05-28 00:00:00+08:00,6.02,6.13,6.02,6.11,64118000,0.0,0.0
2014-05-29 00:00:00+08:00,6.12,6.13,6.08,6.08,29408000,0.0,0.0
2014-05-30 00:00:00+08:00,6.1,6.12,6.08,6.08,43628000,0.0,0.0
2014-06-03 00:00:00+08:00,6.11,6.12,6.09,6.11,33518000,0.0,0.0
2014-06-04 00:00:00+08:00,6.11,6.12,6.06,6.1,23082000,0.0,0.0
2014-06-05 00:00:00+08:00,6.1,6.1,6.07,6.1,20617000,0.0,0.0
2014-06-06 00:00:00+08:00,6.11,6.13,6.1,6.12,22398000,0.0,0.0
2014-06-09 00:00:00+08:00,6.13,6.13,6.1,6.1,16395000,0.0,0.0
2014-06-10 00:00:00+08:00,6.12,6.16,6.1,6.16,35719000,0.0,0.0
2014-06-11 00:00:00+08:00,6.16,6.17,6.14,6.15,21239000,0.0,0.0
2014-06-12 00:00:00+08:00,6.13,6.15,6.1,6.12,19567000,0.0,0.0
2014-06-13 00:00:00+08:00,6.12,6.12,6.08,6.1,20459000,0.0,0.0
2014-06-16 00:00:00+08:00,6.1,6.13,6.1,6.11,16496000,0.0,0.0
2014-06-17 00:00:00+08:00,6.12,6.15,6.12,6.14,18078000,0.0,0.0
2014-06-18 00:00:00+08:00,6.15,6.2,6.13,6.16,42803000,0.0,0.0
2014-06-19 00:00:00+08:00,6.18,6.19,6.16,6.18,21697000,0.0,0.0
2014-06-20 00:00:00+08:00,6.2,6.2,6.14,6.2,25145000,0.0,0.0
2014-06-23 00:00:00+08:00,6.24,6.63,6.24,6.54,143776000,0.0,0.0
2014-06-24 00:00:00+08:00,6.58,6.61,6.44,6.45,66195000,0.0,0.0
2014-06-25 00:00:00+08:00,6.44,6.45,6.4,6.4,49330000,0.0,0.0
2014-06-26 00:00:00+08:00,6.41,6.57,6.41,6.51,52504000,0.0,0.0
2014-06-27 00:00:00+08:00,6.54,6.54,6.48,6.49,33384000,0.0,0.0
2014-06-30 00:00:00+08:00,6.54,6.58,6.5,6.55,45007000,0.0,0.0
2014-07-01 00:00:00+08:00,6.57,6.57,6.51,6.52,27042000,0.0,0.0
2014-07-02 00:00:00+08:00,6.54,6.64,6.52,6.6,75573000,0.0,0.0
2014-07-03 00:00:00+08:00,6.6,6.61,6.56,6.57,35990000,0.0,0.0
2014-07-04 00:00:00+08:00,6.59,6.6,6.55,6.58,31520000,0.0,0.0
2014-07-07 00:00:00+08:00,6.58,6.59,6.53,6.54,34919000,0.0,0.0
2014-07-08 00:00:00+08:00,6.54,6.56,6.5,6.52,46821000,0.0,0.0
2014-07-09 00:00:00+08:00,6.52,6.6,6.52,6.58,93529000,0.0,0.0
2014-07-10 00:00:00+08:00,6.69,6.8,6.69,6.76,97179000,0.4,0.0
2014-07-11 00:00:00+08:00,6.75,6.76,6.62,6.65,51629000,0.0,0.0
2014-07-14 00:00:00+08:00,6.71,6.85,6.71,6.81,67302000,0.0,0.0
2014-07-15 00:00:00+08:00,6.88,7.09,6.83,6.99,116077000,0.0,0.0
2014-07-16 00:00:00+08:00,7.09,7.12,6.99,7.06,81519000,0.0,0.0
2014-07-17 00:00:00+08:00,7.06,7.09,6.99,7.06,52165000,0.0,0.0
2014-07-18 00:00:00+08:00,6.99,7.06,6.95,7.02,31416000,0.0,0.0
2014-07-21 00:00:00+08:00,7.09,7.12,6.99,6.99,33366000,0.0,0.0
2014-07-22 00:00:00+08:00,6.99,7.02,6.93,7.02,38069000,0.0,0.0
2014-07-23 00:00:00+08:00,7.02,7.02,7.02,7.02,0,0.0,0.0
2014-07-24 00:00:00+08:00,7.06,7.09,7.02,7.06,40873000,0.0,0.0
2014-07-25 00:00:00+08:00,7.09,7.12,7.02,7.09,31355000,0.0,0.0
2014-07-28 00:00:00+08:00,7.09,7.12,7.02,7.06,27036000,0.0,0.0
2014-07-29 00:00:00+08:00,7.06,7.3,7.02,7.16,92368000,0.0,0.0
2014-07-30 00:00:00+08:00,7.19,7.23,7.02,7.09,50343000,0.0,0.0
2014-07-31 00:00:00+08:00,7.09,7.09,6.94,6.94,55464000,0.0,0.0
2014-08-01 00:00:00+08:00,6.78,6.84,6.74,6.8,42210000,0.0,0.0
2014-08-04 00:00:00+08:00,6.78,6.81,6.71,6.81,32585000,0.0,0.0
2014-08-05 00:00:00+08:00,6.81,6.81,6.69,6.7,49224000,0.0,0.0
2014-08-06 00:00:00+08:00,6.69,6.73,6.61,6.72,37258000,0.0,0.0
2014-08-07 00:00:00+08:00,6.74,6.77,6.72,6.74,20769000,0.0,0.0
2014-08-08 00:00:00+08:00,6.74,6.74,6.55,6.61,38690000,0.0,0.0
2014-08-11 00:00:00+08:00,6.71,6.83,6.7,6.81,35291000,0.0,0.0
2014-08-12 00:00:00+08:00,6.81,6.86,6.74,6.81,25819000,0.0,0.0
2014-08-13 00:00:00+08:00,6.81,6.89,6.81,6.86,36832000,0.0,0.0
2014-08-14 00:00:00+08:00,6.89,6.94,6.86,6.87,41227000,0.0,0.0
2014-08-15 00:00:00+08:00,6.87,6.9,6.8,6.81,27360000,0.0,0.0
2014-08-18 00:00:00+08:00,6.81,6.84,6.78,6.81,24497000,0.0,0.0
2014-08-19 00:00:00+08:00,6.81,6.9,6.81,6.86,24913000,0.0,0.0
2014-08-20 00:00:00+08:00,6.88,6.99,6.88,6.95,41698000,0.0,0.0
2014-08-21 00:00:00+08:00,6.95,6.99,6.93,6.94,28105000,0.0,0.0
2014-08-22 00:00:00+08:00,6.95,7.09,6.95,7.06,53164000,0.0,0.0
2014-08-25 00:00:00+08:00,7.09,7.23,7.06,7.06,47266000,0.0,0.0
2014-08-26 00:00:00+08:00,7.09,7.12,7.02,7.09,34284000,0.0,0.0
2014-08-27 00:00:00+08:00,7.12,7.16,7.02,7.09,38065000,0.0,0.0
2014-08-28 00:00:00+08:00,7.12,7.12,6.99,7.09,29884000,0.0,0.0
2014-08-29 00:00:00+08:00,7.09,7.09,7.02,7.02,30977000,0.0,0.0
2014-09-01 00:00:00+08:00,7.09,7.12,7.06,7.06,23186000,0.0,0.0
2014-09-02 00:00:00+08:00,7.06,7.09,6.95,6.99,15699000,0.0,0.0
2014-09-03 00:00:00+08:00,7.02,7.02,6.93,6.99,31248000,0.0,0.0
2014-09-04 00:00:00+08:00,7.02,7.06,6.95,7.06,17945000,0.0,0.0
2014-09-05 00:00:00+08:00,7.09,7.09,7.02,7.09,19578000,0.0,0.0
2014-09-09 00:00:00+08:00,7.12,7.16,7.09,7.12,23610000,0.0,0.0
2014-09-10 00:00:00+08:00,7.09,7.12,7.02,7.06,22303000,0.0,0.0
2014-09-11 00:00:00+08:00,7.09,7.09,6.99,7.02,10941000,0.0,0.0
2014-09-12 00:00:00+08:00,7.02,7.09,6.99,6.99,24882000,0.0,0.0
2014-09-15 00:00:00+08:00,7.02,7.06,6.92,6.95,20560000,0.0,0.0
2014-09-16 00:00:00+08:00,6.95,6.95,6.8,6.8,33062000,0.0,0.0
2014-09-17 00:00:00+08:00,6.8,6.94,6.79,6.84,28545000,0.0,0.0
2014-09-18 00:00:00+08:00,6.87,6.99,6.87,6.99,24718000,0.0,0.0
2014-09-19 00:00:00+08:00,7.02,7.06,6.92,6.92,34464000,0.0,0.0
2014-09-22 00:00:00+08:00,6.93,6.94,6.85,6.92,20114000,0.0,0.0
2014-09-23 00:00:00+08:00,6.88,6.92,6.84,6.84,24453000,0.0,0.0
2014-09-24 00:00:00+08:00,6.83,6.84,6.71,6.71,50992000,0.0,0.0
2014-09-25 00:00:00+08:00,6.78,6.83,6.62,6.67,46629000,0.0,0.0
2014-09-26 00:00:00+08:00,6.6,6.7,6.6,6.64,33744000,0.0,0.0
2014-09-29 00:00:00+08:00,6.67,6.67,6.59,6.59,29483000,0.0,0.0
2014-09-30 00:00:00+08:00,6.58,6.6,6.44,6.49,51870000,0.0,0.0
2014-10-01 00:00:00+08:00,6.46,6.57,6.43,6.54,30481000,0.0,0.0
2014-10-02 00:00:00+08:00,6.51,6.56,6.46,6.53,32584000,0.0,0.0
2014-10-03 00:00:00+08:00,6.56,6.64,6.55,6.64,37418000,0.0,0.0
2014-10-06 00:00:00+08:00,6.66,6.69,6.61,6.67,28963000,0.0,0.0
2014-10-07 00:00:00+08:00,6.63,6.65,6.58,6.63,18907000,0.0,0.0
2014-10-08 00:00:00+08:00,6.6,6.63,6.56,6.56,17275000,0.0,0.0
2014-10-09 00:00:00+08:00,6.64,6.65,6.6,6.63,15462000,0.0,0.0
2014-10-13 00:00:00+08:00,6.54,6.56,6.46,6.48,31760000,0.0,0.0
2014-10-14 00:00:00+08:00,6.48,6.59,6.43,6.58,47013000,0.0,0.0
2014-10-15 00:00:00+08:00,6.58,6.58,6.44,6.46,38989000,0.0,0.0
2014-10-16 00:00:00+08:00,6.41,6.46,6.37,6.4,27003000,0.0,0.0
2014-10-17 00:00:00+08:00,6.43,6.48,6.3,6.33,50598000,0.0,0.0
2014-10-20 00:00:00+08:00,6.38,6.47,6.38,6.46,13567000,0.0,0.0
2014-10-21 00:00:00+08:00,6.46,6.5,6.44,6.49,10258000,0.0,0.0
2014-10-22 00:00:00+08:00,6.53,6.55,6.52,6.53,14498000,0.0,0.0
2014-10-23 00:00:00+08:00,6.53,6.55,6.52,6.53,8150000,0.0,0.0
2014-10-24 00:00:00+08:00,6.55,6.56,6.48,6.48,14935000,0.0,0.0
2014-10-27 00:00:00+08:00,6.53,6.54,6.48,6.51,21167000,0.0,0.0
2014-10-28 00:00:00+08:00,6.55,6.69,6.55,6.69,38696000,0.0,0.0
2014-10-29 00:00:00+08:00,6.71,6.74,6.68,6.73,29351000,0.0,0.0
2014-10-30 00:00:00+08:00,6.71,6.71,6.66,6.71,19816000,0.0,0.0
2014-10-31 00:00:00+08:00,6.74,6.78,6.73,6.78,27168000,0.0,0.0
2014-11-03 00:00:00+08:00,6.78,6.82,6.74,6.82,17587000,0.0,0.0
2014-11-04 00:00:00+08:00,6.82,6.85,6.78,6.81,19703000,0.0,0.0
2014-11-05 00:00:00+08:00,6.84,6.85,6.8,6.83,14667000,0.0,0.0
2014-11-06 00:00:00+08:00,6.83,6.84,6.8,6.83,18683000,0.0,0.0
2014-11-07 00:00:00+08:00,6.85,6.85,6.81,6.81,11080000,0.0,0.0
2014-11-10 00:00:00+08:00,6.81,6.9,6.81,6.88,25629000,0.0,0.0
2014-11-11 00:00:00+08:00,6.88,6.91,6.87,6.9,22884000,0.0,0.0
2014-11-12 00:00:00+08:00,6.88,6.88,6.71,6.73,23121000,0.0,0.0
2014-11-13 00:00:00+08:00,6.73,6.81,6.69,6.81,20094000,0.0,0.0
2014-11-14 00:00:00+08:00,6.78,6.8,6.74,6.76,10664000,0.0,0.0
2014-11-17 00:00:00+08:00,6.76,6.81,6.66,6.71,23752000,0.0,0.0
2014-11-18 00:00:00+08:00,6.71,6.75,6.63,6.67,15337000,0.0,0.0
2014-11-19 00:00:00+08:00,6.71,6.81,6.69,6.81,36621000,0.0,0.0
2014-11-20 00:00:00+08:00,6.83,6.84,6.79,6.81,15050000,0.0,0.0
2014-11-21 00:00:00+08:00,6.82,6.82,6.76,6.76,12086000,0.0,0.0
2014-11-24 00:00:00+08:00,6.76,6.83,6.76,6.82,13560000,0.0,0.0
2014-11-25 00:00:00+08:00,6.95,7.02,6.93,6.95,72467000,0.0,0.0
2014-11-26 00:00:00+08:00,6.95,6.99,6.9,6.9,18876000,0.0,0.0
2014-11-27 00:00:00+08:00,6.92,6.99,6.92,6.92,17545000,0.0,0.0
2014-11-28 00:00:00+08:00,6.92,6.94,6.87,6.89,21934000,0.0,0.0
2014-12-01 00:00:00+08:00,6.67,6.85,6.67,6.75,43117000,0.0,0.0
2014-12-02 00:00:00+08:00,6.73,6.74,6.58,6.59,55272000,0.0,0.0
2014-12-03 00:00:00+08:00,6.66,6.85,6.65,6.85,44356000,0.0,0.0
2014-12-04 00:00:00+08:00,6.89,6.9,6.81,6.81,31882000,0.0,0.0
2014-12-05 00:00:00+08:00,6.88,6.94,6.83,6.94,29695000,0.0,0.0
2014-12-08 00:00:00+08:00,6.95,6.99,6.92,6.94,18510000,0.0,0.0
2014-12-09 00:00:00+08:00,6.94,6.95,6.91,6.94,17814000,0.0,0.0
2014-12-10 00:00:00+08:00,6.92,6.92,6.83,6.9,26910000,0.0,0.0
2014-12-11 00:00:00+08:00,6.83,6.9,6.83,6.9,15376000,0.0,0.0
2014-12-12 00:00:00+08:00,6.85,6.94,6.85,6.87,20810000,0.0,0.0
2014-12-15 00:00:00+08:00,6.85,6.85,6.78,6.81,21227000,0.0,0.0
2014-12-16 00:00:00+08:00,6.78,6.83,6.76,6.77,24479000,0.0,0.0
2014-12-17 00:00:00+08:00,6.74,6.77,6.6,6.68,44928000,0.0,0.0
2014-12-18 00:00:00+08:00,6.71,6.76,6.7,6.74,23770000,0.0,0.0
2014-12-19 00:00:00+08:00,6.76,6.83,6.76,6.82,29344000,0.0,0.0
2014-12-22 00:00:00+08:00,6.82,6.86,6.82,6.83,13731000,0.0,0.0
2014-12-23 00:00:00+08:00,6.83,6.88,6.83,6.85,13797000,0.0,0.0
2014-12-24 00:00:00+08:00,6.87,6.9,6.87,6.9,18573000,0.0,0.0
2014-12-25 00:00:00+08:00,6.9,6.99,6.89,6.93,26773000,0.0,0.0
2014-12-26 00:00:00+08:00,6.95,6.99,6.94,6.95,22456000,0.0,0.0
2014-12-29 00:00:00+08:00,6.94,6.99,6.94,6.99,29196000,0.0,0.0
2014-12-30 00:00:00+08:00,6.99,7.02,6.95,6.95,22983000,0.0,0.0
2014-12-31 00:00:00+08:00,6.95,7.02,6.95,7.02,28508000,0.0,0.0
2015-01-05 00:00:00+08:00,7.02,7.02,6.94,6.99,22438000,0.0,0.0
2015-01-06 00:00:00+08:00,6.94,6.95,6.9,6.93,53643000,0.0,0.0
2015-01-07 00:00:00+08:00,6.88,6.95,6.87,6.92,56766000,0.0,0.0
2015-01-08 00:00:00+08:00,6.99,6.99,6.92,6.94,39098000,0.0,0.0
2015-01-09 00:00:00+08:00,6.95,7.02,6.95,6.95,37092000,0.0,0.0
2015-01-12 00:00:00+08:00,6.95,7.06,6.95,7.06,31449000,0.0,0.0
2015-01-13 00:00:00+08:00,7.06,7.16,7.02,7.12,59718000,0.0,0.0
2015-01-14 00:00:00+08:00,7.12,7.12,7.02,7.02,38606000,0.0,0.0
2015-01-15 00:00:00+08:00,7.02,7.06,6.99,7.02,29700000,0.0,0.0
2015-01-16 00:00:00+08:00,6.99,7.02,6.93,6.93,40731000,0.0,0.0
2015-01-19 00:00:00+08:00,6.95,7.02,6.95,6.95,21580000,0.0,0.0
2015-01-20 00:00:00+08:00,6.99,7.09,6.99,7.06,36850000,0.0,0.0
2015-01-21 00:00:00+08:00,7.09,7.16,7.06,7.16,53055000,0.0,0.0
2015-01-22 00:00:00+08:00,7.16,7.3,7.12,7.26,59499000,0.0,0.0
2015-01-23 00:00:00+08:00,7.3,7.54,7.3,7.47,114169000,0.0,0.0
2015-01-26 00:00:00+08:00,7.44,7.44,7.3,7.37,32061000,0.0,0.0
2015-01-27 00:00:00+08:00,7.4,7.44,7.3,7.4,27140000,0.0,0.0
2015-01-28 00:00:00+08:00,7.37,7.4,7.3,7.37,31295000,0.0,0.0
2015-01-29 00:00:00+08:00,7.3,7.37,7.26,7.26,27588000,0.0,0.0
2015-01-30 00:00:00+08:00,7.26,7.33,7.23,7.23,32798000,0.0,0.0
2015-02-02 00:00:00+08:00,7.23,7.26,7.16,7.19,21634000,0.0,0.0
2015-02-03 00:00:00+08:00,7.19,7.33,7.19,7.3,28645000,0.0,0.0
2015-02-04 00:00:00+08:00,7.37,7.4,7.3,7.33,30216000,0.0,0.0
2015-02-05 00:00:00+08:00,7.33,7.44,7.3,7.44,34050000,0.0,0.0
2015-02-06 00:00:00+08:00,7.44,7.51,7.37,7.37,36262000,0.0,0.0
2015-02-09 00:00:00+08:00,7.44,7.54,7.37,7.51,62493000,0.0,0.0
2015-02-10 00:00:00+08:00,7.54,7.54,7.44,7.47,44705000,0.0,0.0
2015-02-11 00:00:00+08:00,7.47,7.51,7.4,7.51,38908000,0.0,0.0
2015-02-12 00:00:00+08:00,7.54,7.54,7.47,7.51,38303000,0.0,0.0
2015-02-13 00:00:00+08:00,7.54,7.54,7.47,7.51,32486000,0.0,0.0
2015-02-24 00:00:00+08:00,7.58,7.65,7.54,7.61,66998000,0.0,0.0
2015-02-25 00:00:00+08:00,7.65,7.68,7.58,7.68,46487000,0.0,0.0
2015-02-26 00:00:00+08:00,7.68,7.68,7.58,7.58,47449000,0.0,0.0
2015-03-02 00:00:00+08:00,7.65,7.65,7.51,7.54,32567000,0.0,0.0
2015-03-03 00:00:00+08:00,7.61,7.61,7.51,7.51,23758000,0.0,0.0
2015-03-04 00:00:00+08:00,7.47,7.51,7.44,7.51,23732000,0.0,0.0
2015-03-05 00:00:00+08:00,7.54,7.54,7.4,7.4,26677000,0.0,0.0
2015-03-06 00:00:00+08:00,7.47,7.54,7.4,7.54,18272000,0.0,0.0
2015-03-09 00:00:00+08:00,7.47,7.51,7.4,7.4,13504000,0.0,0.0
2015-03-10 00:00:00+08:00,7.4,7.58,7.4,7.51,39360000,0.0,0.0
2015-03-11 00:00:00+08:00,7.44,7.54,7.44,7.44,33185000,0.0,0.0
2015-03-12 00:00:00+08:00,7.51,7.61,7.44,7.61,36324000,0.0,0.0
2015-03-13 00:00:00+08:00,7.61,7.65,7.51,7.51,33757000,0.0,0.0
2015-03-16 00:00:00+08:00,7.51,7.58,7.44,7.44,33963000,0.0,0.0
2015-03-17 00:00:00+08:00,7.47,7.54,7.44,7.47,28794000,0.0,0.0
2015-03-18 00:00:00+08:00,7.51,7.65,7.47,7.61,46151000,0.0,0.0
2015-03-19 00:00:00+08:00,7.65,7.68,7.61,7.61,39051000,0.0,0.0
2015-03-20 00:00:00+08:00,7.61,7.65,7.58,7.65,37995000,0.0,0.0
2015-03-23 00:00:00+08:00,7.68,7.68,7.61,7.65,23249000,0.0,0.0
2015-03-24 00:00:00+08:00,7.68,7.68,7.54,7.54,24046000,0.0,0.0
2015-03-25 00:00:00+08:00,7.58,7.61,7.47,7.47,21446000,0.0,0.0
2015-03-26 00:00:00+08:00,7.44,7.51,7.4,7.51,27864000,0.0,0.0
2015-03-27 00:00:00+08:00,7.51,7.54,7.4,7.4,26544000,0.0,0.0
2015-03-30 00:00:00+08:00,7.44,7.47,7.4,7.4,22516000,0.0,0.0
2015-03-31 00:00:00+08:00,7.47,7.54,7.44,7.54,22069000,0.0,0.0
2015-04-01 00:00:00+08:00,7.54,7.54,7.4,7.4,26445000,0.0,0.0
2015-04-02 00:00:00+08:00,7.44,7.54,7.44,7.54,27761000,0.0,0.0
2015-04-07 00:00:00+08:00,7.51,7.54,7.47,7.47,23042000,0.0,0.0
2015-04-08 00:00:00+08:00,7.47,7.51,7.44,7.44,37784000,0.0,0.0
2015-04-09 00:00:00+08:00,7.51,7.65,7.47,7.58,28971000,0.0,0.0
2015-04-10 00:00:00+08:00,7.65,7.65,7.58,7.65,30380000,0.0,0.0
2015-04-13 00:00:00+08:00,7.65,7.65,7.58,7.58,20481000,0.0,0.0
2015-04-14 00:00:00+08:00,7.58,7.65,7.54,7.58,17730000,0.0,0.0
2015-04-15 00:00:00+08:00,7.58,7.61,7.51,7.54,32990000,0.0,0.0
2015-04-16 00:00:00+08:00,7.58,7.68,7.58,7.68,38021000,0.0,0.0
2015-04-17 00:00:00+08:00,7.68,7.79,7.65,7.72,40802000,0.0,0.0
2015-04-20 00:00:00+08:00,7.68,7.72,7.61,7.65,16707000,0.0,0.0
2015-04-21 00:00:00+08:00,7.72,7.72,7.61,7.65,12547000,0.0,0.0
2015-04-22 00:00:00+08:00,7.61,7.72,7.61,7.68,27817000,0.0,0.0
2015-04-23 00:00:00+08:00,7.72,8.2,7.68,8.2,145346000,0.0,0.0
2015-04-24 00:00:00+08:00,8.34,8.62,8.34,8.45,262264000,0.0,0.0
2015-04-27 00:00:00+08:00,8.69,9.04,8.69,8.97,215787000,0.0,0.0
2015-04-28 00:00:00+08:00,9.04,9.18,8.97,9.07,223839000,0.0,0.0
2015-04-29 00:00:00+08:00,9.07,9.14,8.76,8.79,138128000,0.0,0.0
2015-04-30 00:00:00+08:00,8.79,9.0,8.76,8.9,94832000,0.0,0.0
2015-05-04 00:00:00+08:00,9.0,9.24,8.86,9.14,154006000,0.0,0.0
2015-05-05 00:00:00+08:00,9.18,9.24,8.97,9.0,93213000,0.0,0.0
2015-05-06 00:00:00+08:00,8.9,9.0,8.83,8.93,56017000,0.0,0.0
2015-05-07 00:00:00+08:00,8.83,8.86,8.38,8.41,126966000,0.0,0.0
2015-05-08 00:00:00+08:00,8.52,8.58,8.45,8.48,49187000,0.0,0.0
2015-05-11 00:00:00+08:00,8.76,8.76,8.48,8.52,54828000,0.0,0.0
2015-05-12 00:00:00+08:00,8.55,8.72,8.48,8.58,50276000,0.0,0.0
2015-05-13 00:00:00+08:00,8.65,8.65,8.48,8.55,28166000,0.0,0.0
2015-05-14 00:00:00+08:00,8.62,8.62,8.27,8.31,59839000,0.0,0.0
2015-05-15 00:00:00+08:00,8.38,8.38,8.06,8.24,70167000,0.0,0.0
2015-05-18 00:00:00+08:00,8.31,8.38,8.13,8.38,46953000,0.0,0.0
2015-05-19 00:00:00+08:00,8.41,8.58,8.38,8.52,53270000,0.0,0.0
2015-05-20 00:00:00+08:00,8.55,8.62,8.48,8.48,49410000,0.0,0.0
2015-05-21 00:00:00+08:00,8.41,8.41,8.2,8.31,44998000,0.0,0.0
2015-05-22 00:00:00+08:00,8.34,8.38,8.27,8.31,28734000,0.0,0.0
2015-05-25 00:00:00+08:00,8.31,8.38,8.2,8.24,31297000,0.0,0.0
2015-05-26 00:00:00+08:00,8.34,8.38,8.2,8.34,37750000,0.0,0.0
2015-05-27 00:00:00+08:00,8.38,8.65,8.34,8.65,77740000,0.0,0.0
2015-05-28 00:00:00+08:00,8.69,8.72,8.58,8.62,51544000,0.0,0.0
2015-05-29 00:00:00+08:00,8.62,8.69,8.55,8.55,60109000,0.0,0.0
2015-06-01 00:00:00+08:00,8.55,8.58,8.41,8.41,35717000,0.0,0.0
2015-06-02 00:00:00+08:00,8.41,8.45,8.34,8.38,29797000,0.0,0.0
2015-06-03 00:00:00+08:00,8.41,8.45,8.34,8.41,22126000,0.0,0.0
2015-06-04 00:00:00+08:00,8.34,8.41,8.17,8.2,41503000,0.0,0.0
2015-06-05 00:00:00+08:00,8.2,8.24,7.99,8.2,43875000,0.0,0.0
2015-06-08 00:00:00+08:00,8.2,8.45,8.06,8.34,40272000,0.0,0.0
2015-06-09 00:00:00+08:00,8.34,8.34,8.2,8.24,29942000,0.0,0.0
2015-06-10 00:00:00+08:00,8.34,8.38,8.27,8.31,34315000,0.0,0.0
2015-06-11 00:00:00+08:00,8.34,8.38,8.24,8.24,19097000,0.0,0.0
2015-06-12 00:00:00+08:00,8.24,8.31,8.2,8.27,23433000,0.0,0.0
2015-06-15 00:00:00+08:00,8.34,8.41,8.27,8.27,33082000,0.0,0.0
2015-06-16 00:00:00+08:00,8.31,8.34,8.24,8.27,27357000,0.0,0.0
2015-06-17 00:00:00+08:00,8.27,8.34,8.24,8.27,26588000,0.0,0.0
2015-06-18 00:00:00+08:00,8.27,8.27,8.17,8.2,35841000,0.0,0.0
2015-06-22 00:00:00+08:00,8.24,8.41,8.2,8.34,35128000,0.0,0.0
2015-06-23 00:00:00+08:00,8.41,8.52,8.34,8.45,39911000,0.0,0.0
2015-06-24 00:00:00+08:00,8.48,8.52,8.41,8.45,23472000,0.0,0.0
2015-06-25 00:00:00+08:00,8.48,8.48,8.38,8.41,32599000,0.0,0.0
2015-06-26 00:00:00+08:00,8.41,8.45,8.38,8.45,23181000,0.0,0.0
2015-06-29 00:00:00+08:00,8.38,8.38,8.17,8.2,37056000,0.0,0.0
2015-06-30 00:00:00+08:00,8.2,8.2,7.99,8.13,51358000,0.0,0.0
2015-07-01 00:00:00+08:00,8.2,8.34,8.13,8.31,41508000,0.0,0.0
2015-07-02 00:00:00+08:00,8.31,8.41,8.27,8.34,87273000,0.0,0.0
2015-07-03 00:00:00+08:00,8.41,8.45,8.27,8.38,56676000,0.6,0.0
2015-07-06 00:00:00+08:00,8.34,8.34,8.16,8.16,37005000,0.0,0.0
2015-07-07 00:00:00+08:00,8.3,8.3,8.19,8.23,26456000,0.0,0.0
2015-07-08 00:00:00+08:00,8.23,8.23,7.57,7.68,78914000,0.0,0.0
2015-07-09 00:00:00+08:00,7.39,7.68,7.32,7.46,67060000,0.0,0.0
2015-07-10 00:00:00+08:00,7.46,7.46,7.46,7.46,0,0.0,0.0
2015-07-13 00:00:00+08:00,7.54,7.61,7.54,7.57,43034000,0.0,0.0
2015-07-14 00:00:00+08:00,7.65,7.9,7.65,7.79,48877000,0.0,0.0
2015-07-15 00:00:00+08:00,7.83,7.9,7.79,7.9,33731000,0.0,0.0
2015-07-16 00:00:00+08:00,7.9,7.98,7.79,7.79,23814000,0.0,0.0
2015-07-17 00:00:00+08:00,7.79,7.83,7.72,7.76,21711000,0.0,0.0
2015-07-20 00:00:00+08:00,7.76,7.87,7.65,7.68,21753000,0.0,0.0
2015-07-21 00:00:00+08:00,7.68,7.72,7.54,7.65,22756000,0.0,0.0
2015-07-22 00:00:00+08:00,7.61,7.65,7.54,7.61,16313000,0.0,0.0
2015-07-23 00:00:00+08:00,7.57,7.65,7.5,7.57,19444000,0.0,0.0
2015-07-24 00:00:00+08:00,7.57,7.76,7.57,7.76,20412000,0.0,0.0
2015-07-27 00:00:00+08:00,7.68,7.72,7.54,7.57,27139000,0.0,0.0
2015-07-28 00:00:00+08:00,7.57,7.65,7.54,7.54,33841000,0.0,0.0
2015-07-29 00:00:00+08:00,7.57,7.65,7.46,7.46,24283000,0.0,0.0
2015-07-30 00:00:00+08:00,7.46,7.72,7.46,7.5,25801000,0.0,0.0
2015-07-31 00:00:00+08:00,7.5,7.61,7.46,7.61,32704000,0.0,0.0
2015-08-03 00:00:00+08:00,7.54,7.57,7.3,7.46,32819000,0.0,0.0
2015-08-04 00:00:00+08:00,7.46,7.54,7.35,7.39,29663000,0.0,0.0
2015-08-05 00:00:00+08:00,7.43,7.5,7.35,7.43,15384000,0.0,0.0
2015-08-06 00:00:00+08:00,7.46,7.5,7.32,7.35,21189000,0.0,0.0
2015-08-07 00:00:00+08:00,7.32,7.43,7.32,7.39,16365000,0.0,0.0
2015-08-10 00:00:00+08:00,7.35,7.46,7.32,7.39,17247000,0.0,0.0
2015-08-11 00:00:00+08:00,7.43,7.46,7.25,7.25,36780000,0.0,0.0
2015-08-12 00:00:00+08:00,7.21,7.21,6.71,6.85,63830000,0.0,0.0
2015-08-13 00:00:00+08:00,6.86,6.99,6.84,6.88,29242000,0.0,0.0
2015-08-14 00:00:00+08:00,6.87,7.02,6.8,6.97,23962000,0.0,0.0
2015-08-17 00:00:00+08:00,6.98,7.01,6.84,6.88,18103000,0.0,0.0
2015-08-18 00:00:00+08:00,6.85,6.9,6.79,6.83,27405000,0.0,0.0
2015-08-19 00:00:00+08:00,6.75,6.75,6.42,6.54,60459000,0.0,0.0
2015-08-20 00:00:00+08:00,6.45,6.59,6.44,6.49,43614000,0.0,0.0
2015-08-21 00:00:00+08:00,6.31,6.43,6.3,6.34,41982000,0.0,0.0
2015-08-24 00:00:00+08:00,6.22,6.26,5.72,5.97,70316000,0.0,0.0
2015-08-25 00:00:00+08:00,6.0,6.53,6.0,6.47,65107000,0.0,0.0
2015-08-26 00:00:00+08:00,6.47,6.53,6.29,6.45,67312000,0.0,0.0
2015-08-27 00:00:00+08:00,6.51,6.54,6.39,6.54,61945000,0.0,0.0
2015-08-28 00:00:00+08:00,6.55,6.71,6.53,6.67,56468000,0.0,0.0
2015-08-31 00:00:00+08:00,6.67,6.87,6.53,6.87,60342000,0.0,0.0
2015-09-01 00:00:00+08:00,6.69,6.75,6.67,6.68,53466000,0.0,0.0
2015-09-02 00:00:00+08:00,6.62,6.68,6.52,6.66,33674000,0.0,0.0
2015-09-03 00:00:00+08:00,6.66,6.68,6.57,6.66,30420000,0.0,0.0
2015-09-04 00:00:00+08:00,6.6,6.67,6.59,6.59,22297000,0.0,0.0
2015-09-07 00:00:00+08:00,6.59,6.69,6.58,6.6,15426000,0.0,0.0
2015-09-08 00:00:00+08:00,6.6,6.67,6.57,6.57,15653000,0.0,0.0
2015-09-09 00:00:00+08:00,6.73,6.87,6.7,6.86,46178000,0.0,0.0
2015-09-10 00:00:00+08:00,6.83,6.86,6.77,6.86,26746000,0.0,0.0
2015-09-11 00:00:00+08:00,6.78,6.84,6.78,6.79,24806000,0.0,0.0
2015-09-14 00:00:00+08:00,6.84,6.84,6.72,6.77,21371000,0.0,0.0
2015-09-15 00:00:00+08:00,6.77,6.77,6.64,6.69,32261000,0.0,0.0
2015-09-16 00:00:00+08:00,6.69,6.71,6.64,6.66,27238000,0.0,0.0
2015-09-17 00:00:00+08:00,6.77,6.91,6.74,6.8,52873000,0.0,0.0
2015-09-18 00:00:00+08:00,6.8,6.82,6.78,6.8,38198000,0.0,0.0
2015-09-21 00:00:00+08:00,6.75,6.75,6.65,6.66,20992000,0.0,0.0
2015-09-22 00:00:00+08:00,6.72,6.72,6.63,6.66,19080000,0.0,0.0
2015-09-23 00:00:00+08:00,6.63,6.66,6.59,6.59,20435000,0.0,0.0
2015-09-24 00:00:00+08:00,6.6,6.64,6.56,6.56,25687000,0.0,0.0
2015-09-25 00:00:00+08:00,6.61,6.61,6.48,6.53,23917000,0.0,0.0
2015-09-29 00:00:00+08:00,6.53,6.53,6.53,6.53,0,0.0,0.0
2015-09-30 00:00:00+08:00,6.5,6.51,6.37,6.48,48158000,0.0,0.0
2015-10-01 00:00:00+08:00,6.48,6.63,6.48,6.59,34487000,0.0,0.0
2015-10-02 00:00:00+08:00,6.52,6.66,6.5,6.66,23917000,0.0,0.0
2015-10-05 00:00:00+08:00,6.66,6.68,6.59,6.59,16096000,0.0,0.0
2015-10-06 00:00:00+08:00,6.66,6.73,6.63,6.69,29642000,0.0,0.0
2015-10-07 00:00:00+08:00,6.72,6.75,6.67,6.75,39376000,0.0,0.0
2015-10-08 00:00:00+08:00,6.75,6.78,6.62,6.64,37459000,0.0,0.0
2015-10-12 00:00:00+08:00,6.64,6.72,6.63,6.69,30295000,0.0,0.0
2015-10-13 00:00:00+08:00,6.67,6.72,6.67,6.7,21383000,0.0,0.0
2015-10-14 00:00:00+08:00,6.66,6.67,6.61,6.61,32070000,0.0,0.0
2015-10-15 00:00:00+08:00,6.64,6.66,6.61,6.63,29197000,0.0,0.0
2015-10-16 00:00:00+08:00,6.63,6.66,6.61,6.63,30463000,0.0,0.0
2015-10-19 00:00:00+08:00,6.66,6.7,6.64,6.69,19918000,0.0,0.0
2015-10-20 00:00:00+08:00,6.67,6.7,6.64,6.65,32790000,0.0,0.0
2015-10-21 00:00:00+08:00,6.65,6.69,6.64,6.67,25443000,0.0,0.0
2015-10-22 00:00:00+08:00,6.63,6.68,6.63,6.64,20494000,0.0,0.0
2015-10-23 00:00:00+08:00,6.72,6.72,6.65,6.67,31096000,0.0,0.0
2015-10-26 00:00:00+08:00,6.65,6.71,6.61,6.66,27183000,0.0,0.0
2015-10-27 00:00:00+08:00,6.63,6.63,6.57,6.6,36361000,0.0,0.0
2015-10-28 00:00:00+08:00,6.57,6.6,6.51,6.51,39999000,0.0,0.0
2015-10-29 00:00:00+08:00,6.51,6.53,6.44,6.44,35375000,0.0,0.0
2015-10-30 00:00:00+08:00,6.45,6.48,6.37,6.4,29233000,0.0,0.0
2015-11-02 00:00:00+08:00,6.4,6.48,6.39,6.48,17275000,0.0,0.0
2015-11-03 00:00:00+08:00,6.53,6.66,6.49,6.64,46677000,0.0,0.0
2015-11-04 00:00:00+08:00,6.67,6.73,6.6,6.73,56803000,0.0,0.0
2015-11-05 00:00:00+08:00,6.73,6.73,6.69,6.73,29041000,0.0,0.0
2015-11-06 00:00:00+08:00,6.7,6.7,6.51,6.53,46365000,0.0,0.0
2015-11-09 00:00:00+08:00,6.5,6.58,6.45,6.47,24442000,0.0,0.0
2015-11-10 00:00:00+08:00,6.43,6.44,6.35,6.36,41376000,0.0,0.0
2015-11-11 00:00:00+08:00,6.43,6.43,6.34,6.37,21432000,0.0,0.0
2015-11-12 00:00:00+08:00,6.37,6.44,6.34,6.37,16742000,0.0,0.0
2015-11-13 00:00:00+08:00,6.36,6.43,6.31,6.31,25688000,0.0,0.0
2015-11-16 00:00:00+08:00,6.3,6.3,6.22,6.23,17443000,0.0,0.0
2015-11-17 00:00:00+08:00,6.35,6.42,6.33,6.35,26038000,0.0,0.0
2015-11-18 00:00:00+08:00,6.39,6.39,6.23,6.24,27703000,0.0,0.0
2015-11-19 00:00:00+08:00,6.32,6.43,6.26,6.43,22086000,0.0,0.0
2015-11-20 00:00:00+08:00,6.42,6.42,6.31,6.36,12131000,0.0,0.0
2015-11-23 00:00:00+08:00,6.4,6.43,6.33,6.34,13236000,0.0,0.0
2015-11-24 00:00:00+08:00,6.34,6.4,6.29,6.31,16068000,0.0,0.0
2015-11-25 00:00:00+08:00,6.34,6.34,6.25,6.27,13054000,0.0,0.0
2015-11-26 00:00:00+08:00,6.34,6.41,6.31,6.35,17676000,0.0,0.0
2015-11-27 00:00:00+08:00,6.34,6.35,6.24,6.25,11503000,0.0,0.0
2015-11-30 00:00:00+08:00,6.17,6.18,6.05,6.15,70118000,0.0,0.0
2015-12-01 00:00:00+08:00,6.2,6.31,6.14,6.31,25622000,0.0,0.0
2015-12-02 00:00:00+08:00,6.31,6.36,6.28,6.28,15263000,0.0,0.0
2015-12-03 00:00:00+08:00,6.23,6.32,6.2,6.32,12239000,0.0,0.0
2015-12-04 00:00:00+08:00,6.24,6.25,6.17,6.17,18129000,0.0,0.0
2015-12-07 00:00:00+08:00,6.24,6.29,6.23,6.23,12826000,0.0,0.0
2015-12-08 00:00:00+08:00,6.18,6.22,6.12,6.13,23080000,0.0,0.0
2015-12-09 00:00:00+08:00,6.09,6.13,6.01,6.01,34598000,0.0,0.0
2015-12-10 00:00:00+08:00,5.95,6.0,5.89,5.93,29180000,0.0,0.0
2015-12-11 00:00:00+08:00,5.93,5.96,5.85,5.85,26668000,0.0,0.0
2015-12-14 00:00:00+08:00,5.83,5.85,5.65,5.78,21027000,0.0,0.0
2015-12-15 00:00:00+08:00,5.85,5.85,5.77,5.79,17145000,0.0,0.0
2015-12-16 00:00:00+08:00,5.83,5.93,5.83,5.86,15133000,0.0,0.0
2015-12-17 00:00:00+08:00,5.88,6.01,5.88,5.96,23630000,0.0,0.0
2015-12-18 00:00:00+08:00,5.88,5.94,5.86,5.86,23824000,0.0,0.0
2015-12-21 00:00:00+08:00,5.83,5.91,5.78,5.91,16018000,0.0,0.0
2015-12-22 00:00:00+08:00,5.91,5.93,5.88,5.92,11421000,0.0,0.0
2015-12-23 00:00:00+08:00,5.93,6.03,5.93,5.99,19723000,0.0,0.0
2015-12-24 00:00:00+08:00,6.02,6.17,6.02,6.1,32351000,0.0,0.0
2015-12-25 00:00:00+08:00,6.13,6.13,6.07,6.12,8177000,0.0,0.0
2015-12-28 00:00:00+08:00,6.12,6.15,6.09,6.09,10120000,0.0,0.0
2015-12-29 00:00:00+08:00,6.05,6.07,6.0,6.01,15510000,0.0,0.0
2015-12-30 00:00:00+08:00,6.04,6.06,5.96,5.96,11755000,0.0,0.0
2015-12-31 00:00:00+08:00,5.96,6.02,5.96,6.02,10365000,0.0,0.0
2016-01-04 00:00:00+08:00,6.0,6.03,5.82,5.83,26748000,0.0,0.0
2016-01-05 00:00:00+08:00,5.81,5.9,5.8,5.83,16326000,0.0,0.0
2016-01-06 00:00:00+08:00,5.83,5.85,5.75,5.77,24465000,0.0,0.0
2016-01-07 00:00:00+08:00,5.71,5.76,5.58,5.6,34031000,0.0,0.0
2016-01-08 00:00:00+08:00,5.53,5.9,5.53,5.61,22774000,0.0,0.0
2016-01-11 00:00:00+08:00,5.58,5.58,5.41,5.41,29914000,0.0,0.0
2016-01-12 00:00:00+08:00,5.43,5.52,5.42,5.42,20417000,0.0,0.0
2016-01-13 00:00:00+08:00,5.49,5.55,5.44,5.49,21963000,0.0,0.0
2016-01-14 00:00:00+08:00,5.44,5.44,5.35,5.39,25304000,0.0,0.0
2016-01-15 00:00:00+08:00,5.41,5.43,5.2,5.22,38319000,0.0,0.0
2016-01-18 00:00:00+08:00,5.16,5.38,5.16,5.29,30453000,0.0,0.0
2016-01-19 00:00:00+08:00,5.29,5.37,5.28,5.34,20262000,0.0,0.0
2016-01-20 00:00:00+08:00,5.3,5.3,5.18,5.19,30448000,0.0,0.0
2016-01-21 00:00:00+08:00,5.23,5.27,5.08,5.09,38091000,0.0,0.0
2016-01-22 00:00:00+08:00,5.16,5.2,5.09,5.14,27880000,0.0,0.0
2016-01-25 00:00:00+08:00,5.21,5.33,5.18,5.32,28447000,0.0,0.0
2016-01-26 00:00:00+08:00,5.47,5.76,5.41,5.65,83719000,0.0,0.0
2016-01-27 00:00:00+08:00,5.74,5.74,5.56,5.6,38788000,0.0,0.0
2016-01-28 00:00:00+08:00,5.6,5.7,5.6,5.6,30101000,0.0,0.0
2016-01-29 00:00:00+08:00,5.61,5.87,5.6,5.81,61399000,0.0,0.0
2016-02-01 00:00:00+08:00,5.93,5.93,5.82,5.85,41964000,0.0,0.0
2016-02-02 00:00:00+08:00,5.77,5.82,5.71,5.72,53124000,0.0,0.0
2016-02-03 00:00:00+08:00,5.63,5.67,5.56,5.57,52606000,0.0,0.0
2016-02-15 00:00:00+08:00,5.52,5.63,5.51,5.6,24707000,0.0,0.0
2016-02-16 00:00:00+08:00,5.66,5.77,5.6,5.77,38360000,0.0,0.0
2016-02-17 00:00:00+08:00,5.81,5.82,5.71,5.74,26356000,0.0,0.0
2016-02-18 00:00:00+08:00,5.78,5.82,5.74,5.78,30899000,0.0,0.0
2016-02-19 00:00:00+08:00,5.72,5.79,5.69,5.72,30751000,0.0,0.0
2016-02-22 00:00:00+08:00,5.76,5.81,5.74,5.76,14735000,0.0,0.0
2016-02-23 00:00:00+08:00,5.77,5.8,5.77,5.77,16154000,0.0,0.0
2016-02-24 00:00:00+08:00,5.78,5.8,5.76,5.77,15446000,0.0,0.0
2016-02-25 00:00:00+08:00,5.79,5.81,5.77,5.81,25989000,0.0,0.0
2016-02-26 00:00:00+08:00,5.82,5.87,5.81,5.85,20321000,0.0,0.0
2016-03-01 00:00:00+08:00,5.85,5.88,5.82,5.85,23037000,0.0,0.0
2016-03-02 00:00:00+08:00,5.89,5.92,5.86,5.89,27537000,0.0,0.0
2016-03-03 00:00:00+08:00,5.89,5.99,5.89,5.97,42154000,0.0,0.0
2016-03-04 00:00:00+08:00,6.0,6.05,5.96,6.05,33794000,0.0,0.0
2016-03-07 00:00:00+08:00,6.08,6.13,6.06,6.11,30375000,0.0,0.0
2016-03-08 00:00:00+08:00,6.11,6.12,6.0,6.07,22650000,0.0,0.0
2016-03-09 00:00:00+08:00,6.04,6.04,5.97,6.0,17942000,0.0,0.0
2016-03-10 00:00:00+08:00,6.0,6.11,6.0,6.07,35952000,0.0,0.0
2016-03-11 00:00:00+08:00,6.09,6.13,6.08,6.13,30640000,0.0,0.0
2016-03-14 00:00:00+08:00,6.17,6.22,6.15,6.15,31726000,0.0,0.0
2016-03-15 00:00:00+08:00,6.19,6.19,6.01,6.04,29314000,0.0,0.0
2016-03-16 00:00:00+08:00,6.06,6.11,6.06,6.08,16998000,0.0,0.0
2016-03-17 00:00:00+08:00,6.12,6.22,6.11,6.15,31601000,0.0,0.0
2016-03-18 00:00:00+08:00,6.18,6.23,6.15,6.23,53649000,0.0,0.0
2016-03-21 00:00:00+08:00,6.31,6.33,6.14,6.22,26517000,0.0,0.0
2016-03-22 00:00:00+08:00,6.22,6.22,6.12,6.21,22182000,0.0,0.0
2016-03-23 00:00:00+08:00,6.11,6.22,6.11,6.22,19836000,0.0,0.0
2016-03-24 00:00:00+08:00,6.19,6.22,6.15,6.21,24920000,0.0,0.0
2016-03-25 00:00:00+08:00,6.23,6.23,6.18,6.22,20799000,0.0,0.0
2016-03-28 00:00:00+08:00,6.2,6.2,6.15,6.15,11519000,0.0,0.0
2016-03-29 00:00:00+08:00,6.15,6.19,6.04,6.09,23411000,0.0,0.0
2016-03-30 00:00:00+08:00,6.15,6.29,6.15,6.27,38036000,0.0,0.0
2016-03-31 00:00:00+08:00,6.31,6.33,6.22,6.29,31324000,0.0,0.0
2016-04-01 00:00:00+08:00,6.18,6.24,6.15,6.2,21503000,0.0,0.0
2016-04-06 00:00:00+08:00,6.12,6.12,6.0,6.0,39944000,0.0,0.0
2016-04-07 00:00:00+08:00,6.0,6.0,5.9,5.96,25132000,0.0,0.0
2016-04-08 00:00:00+08:00,5.92,6.0,5.9,6.0,22745000,0.0,0.0
2016-04-11 00:00:00+08:00,5.93,5.97,5.9,5.96,10836000,0.0,0.0
2016-04-12 00:00:00+08:00,5.96,6.0,5.9,5.96,16106000,0.0,0.0
2016-04-13 00:00:00+08:00,5.99,6.11,5.97,6.11,26938000,0.0,0.0
2016-04-14 00:00:00+08:00,6.18,6.18,6.14,6.16,26794000,0.0,0.0
2016-04-15 00:00:00+08:00,6.16,6.23,6.14,6.18,22609000,0.0,0.0
2016-04-18 00:00:00+08:00,6.18,6.18,6.12,6.15,8105000,0.0,0.0
2016-04-19 00:00:00+08:00,6.19,6.22,6.12,6.15,12970000,0.0,0.0
2016-04-20 00:00:00+08:00,6.18,6.2,6.1,6.11,18392000,0.0,0.0
2016-04-21 00:00:00+08:00,6.12,6.17,6.1,6.17,13867000,0.0,0.0
2016-04-22 00:00:00+08:00,6.15,6.21,6.13,6.17,17700000,0.0,0.0
2016-04-25 00:00:00+08:00,6.17,6.2,6.15,6.2,9955000,0.0,0.0
2016-04-26 00:00:00+08:00,6.18,6.25,6.18,6.23,16102000,0.0,0.0
2016-04-27 00:00:00+08:00,6.26,6.26,6.2,6.23,19981000,0.0,0.0
2016-04-28 00:00:00+08:00,6.22,6.23,6.03,6.08,32929000,0.0,0.0
2016-04-29 00:00:00+08:00,6.04,6.07,6.0,6.02,27227000,0.0,0.0
2016-05-03 00:00:00+08:00,6.0,6.01,5.93,5.94,22071000,0.0,0.0
2016-05-04 00:00:00+08:00,5.93,5.93,5.85,5.86,34238000,0.0,0.0
2016-05-05 00:00:00+08:00,5.85,5.92,5.78,5.79,25047000,0.0,0.0
2016-05-06 00:00:00+08:00,5.79,5.79,5.69,5.71,34454000,0.0,0.0
2016-05-09 00:00:00+08:00,5.71,5.76,5.67,5.69,20751000,0.0,0.0
2016-05-10 00:00:00+08:00,5.69,5.78,5.66,5.77,17252000,0.0,0.0
2016-05-11 00:00:00+08:00,5.77,5.77,5.66,5.66,29168000,0.0,0.0
2016-05-12 00:00:00+08:00,5.65,5.72,5.64,5.67,16566000,0.0,0.0
2016-05-13 00:00:00+08:00,5.65,5.66,5.49,5.56,41286000,0.0,0.0
2016-05-16 00:00:00+08:00,5.56,5.58,5.5,5.55,22133000,0.0,0.0
2016-05-17 00:00:00+08:00,5.63,5.71,5.58,5.66,29554000,0.0,0.0
2016-05-18 00:00:00+08:00,5.63,5.64,5.56,5.6,30249000,0.0,0.0
2016-05-19 00:00:00+08:00,5.6,5.62,5.55,5.58,31551000,0.0,0.0
2016-05-20 00:00:00+08:00,5.6,5.67,5.57,5.65,21779000,0.0,0.0
2016-05-23 00:00:00+08:00,5.65,5.81,5.6,5.79,33735000,0.0,0.0
2016-05-24 00:00:00+08:00,5.81,5.81,5.73,5.79,22005000,0.0,0.0
2016-05-25 00:00:00+08:00,5.82,5.87,5.8,5.84,23939000,0.0,0.0
2016-05-26 00:00:00+08:00,5.87,5.87,5.81,5.82,12253000,0.0,0.0
2016-05-27 00:00:00+08:00,5.85,5.91,5.85,5.91,26397000,0.0,0.0
2016-05-30 00:00:00+08:00,5.93,6.01,5.88,5.99,43669000,0.0,0.0
2016-05-31 00:00:00+08:00,5.99,6.02,5.95,6.01,56666000,0.0,0.0
2016-06-01 00:00:00+08:00,6.01,6.06,6.0,6.04,28886000,0.0,0.0
2016-06-02 00:00:00+08:00,6.06,6.06,5.99,6.0,54169000,0.0,0.0
2016-06-03 00:00:00+08:00,6.13,6.14,6.08,6.12,56835000,0.5,0.0
2016-06-06 00:00:00+08:00,6.12,6.18,6.05,6.1,22019000,0.0,0.0
2016-06-07 00:00:00+08:00,6.14,6.16,6.09,6.12,30722000,0.0,0.0
2016-06-08 00:00:00+08:00,6.16,6.17,6.12,6.16,29950000,0.0,0.0
2016-06-13 00:00:00+08:00,6.12,6.12,6.0,6.02,29673000,0.0,0.0
2016-06-14 00:00:00+08:00,6.0,6.06,5.99,6.05,11508000,0.0,0.0
2016-06-15 00:00:00+08:00,6.08,6.09,6.02,6.05,15362000,0.0,0.0
2016-06-16 00:00:00+08:00,6.05,6.06,5.92,5.92,29049000,0.0,0.0
2016-06-17 00:00:00+08:00,5.99,6.05,5.97,6.05,21610000,0.0,0.0
2016-06-20 00:00:00+08:00,6.09,6.09,6.05,6.07,15190000,0.0,0.0
2016-06-21 00:00:00+08:00,6.07,6.09,6.05,6.09,25081000,0.0,0.0
2016-06-22 00:00:00+08:00,6.08,6.11,6.05,6.11,17661000,0.0,0.0
2016-06-23 00:00:00+08:00,6.11,6.11,6.05,6.06,14371000,0.0,0.0
2016-06-24 00:00:00+08:00,6.08,6.11,5.94,5.96,37220000,0.0,0.0
2016-06-27 00:00:00+08:00,5.93,5.97,5.91,5.94,11864000,0.0,0.0
2016-06-28 00:00:00+08:00,5.92,5.98,5.88,5.94,42228000,0.0,0.0
2016-06-29 00:00:00+08:00,5.98,6.02,5.98,6.02,15652000,0.0,0.0
2016-06-30 00:00:00+08:00,6.04,6.05,6.02,6.05,21350000,0.0,0.0
2016-07-01 00:00:00+08:00,6.07,6.09,6.04,6.08,22030000,0.0,0.0
2016-07-04 00:00:00+08:00,6.08,6.1,6.03,6.05,12438000,0.0,0.0
2016-07-05 00:00:00+08:00,6.04,6.05,6.02,6.02,15025000,0.0,0.0
2016-07-06 00:00:00+08:00,5.98,6.0,5.91,5.92,29829000,0.0,0.0
2016-07-07 00:00:00+08:00,5.95,5.97,5.9,5.9,16393000,0.0,0.0
2016-07-08 00:00:00+08:00,5.9,5.9,5.9,5.9,0,0.0,0.0
2016-07-11 00:00:00+08:00,5.98,6.0,5.93,5.96,27535000,0.0,0.0
2016-07-12 00:00:00+08:00,5.96,6.0,5.94,5.99,17849000,0.0,0.0
2016-07-13 00:00:00+08:00,6.01,6.02,5.97,6.01,21775000,0.0,0.0
2016-07-14 00:00:00+08:00,6.02,6.04,5.98,6.04,19387000,0.0,0.0
2016-07-15 00:00:00+08:00,6.05,6.11,6.04,6.09,38415000,0.0,0.0
2016-07-18 00:00:00+08:00,6.12,6.18,6.1,6.16,25297000,0.0,0.0
2016-07-19 00:00:00+08:00,6.17,6.19,6.11,6.18,30358000,0.0,0.0
2016-07-20 00:00:00+08:00,6.12,6.18,6.1,6.16,24657000,0.0,0.0
2016-07-21 00:00:00+08:00,6.19,6.23,6.14,6.22,35282000,0.0,0.0
2016-07-22 00:00:00+08:00,6.2,6.21,6.15,6.16,21466000,0.0,0.0
2016-07-25 00:00:00+08:00,6.16,6.23,6.08,6.19,18825000,0.0,0.0
2016-07-26 00:00:00+08:00,6.14,6.18,6.09,6.16,18265000,0.0,0.0
2016-07-27 00:00:00+08:00,6.16,6.17,6.11,6.14,12237000,0.0,0.0
2016-07-28 00:00:00+08:00,6.11,6.16,6.1,6.12,18031000,0.0,0.0
2016-07-29 00:00:00+08:00,6.12,6.12,6.05,6.05,16739000,0.0,0.0
2016-08-01 00:00:00+08:00,6.07,6.14,6.07,6.13,14378000,0.0,0.0
2016-08-02 00:00:00+08:00,6.15,6.15,6.09,6.09,14400000,0.0,0.0
2016-08-03 00:00:00+08:00,6.07,6.12,6.03,6.09,11965000,0.0,0.0
2016-08-04 00:00:00+08:00,6.09,6.1,6.05,6.09,13486000,0.0,0.0
2016-08-05 00:00:00+08:00,6.09,6.16,6.09,6.16,19976000,0.0,0.0
2016-08-08 00:00:00+08:00,6.18,6.19,6.15,6.19,17429000,0.0,0.0
2016-08-09 00:00:00+08:00,6.19,6.19,6.14,6.17,17070000,0.0,0.0
2016-08-10 00:00:00+08:00,6.17,6.23,6.16,6.23,26604000,0.0,0.0
2016-08-11 00:00:00+08:00,6.25,6.27,6.16,6.26,31219000,0.0,0.0
2016-08-12 00:00:00+08:00,6.28,6.37,6.28,6.37,46327000,0.0,0.0
2016-08-15 00:00:00+08:00,6.38,6.4,6.31,6.37,21281000,0.0,0.0
2016-08-16 00:00:00+08:00,6.37,6.38,6.3,6.33,18277000,0.0,0.0
2016-08-17 00:00:00+08:00,6.33,6.36,6.29,6.34,19374000,0.0,0.0
2016-08-18 00:00:00+08:00,6.33,6.39,6.29,6.39,22189000,0.0,0.0
2016-08-19 00:00:00+08:00,6.39,6.39,6.3,6.34,20954000,0.0,0.0
2016-08-22 00:00:00+08:00,6.3,6.31,6.21,6.29,24073000,0.0,0.0
2016-08-23 00:00:00+08:00,6.26,6.33,6.25,6.3,15356000,0.0,0.0
2016-08-24 00:00:00+08:00,6.31,6.31,6.27,6.28,10208000,0.0,0.0
2016-08-25 00:00:00+08:00,6.29,6.35,6.28,6.32,16042000,0.0,0.0
2016-08-26 00:00:00+08:00,6.32,6.37,6.3,6.36,13260000,0.0,0.0
2016-08-29 00:00:00+08:00,6.34,6.35,6.25,6.32,15673000,0.0,0.0
2016-08-30 00:00:00+08:00,6.33,6.37,6.31,6.37,17649000,0.0,0.0
2016-08-31 00:00:00+08:00,6.31,6.36,6.25,6.27,31223000,0.0,0.0
2016-09-01 00:00:00+08:00,6.25,6.27,6.18,6.24,22729000,0.0,0.0
2016-09-02 00:00:00+08:00,6.23,6.26,6.2,6.25,12895000,0.0,0.0
2016-09-05 00:00:00+08:00,6.24,6.32,6.24,6.31,12918000,0.0,0.0
2016-09-06 00:00:00+08:00,6.33,6.37,6.3,6.34,18813000,0.0,0.0
2016-09-07 00:00:00+08:00,6.37,6.38,6.34,6.35,19679000,0.0,0.0
2016-09-08 00:00:00+08:00,6.36,6.37,6.31,6.33,16355000,0.0,0.0
2016-09-09 00:00:00+08:00,6.3,6.3,6.24,6.25,16098000,0.0,0.0
2016-09-12 00:00:00+08:00,6.15,6.16,6.12,6.14,22394000,0.0,0.0
2016-09-13 00:00:00+08:00,6.12,6.13,6.01,6.06,24749000,0.0,0.0
2016-09-14 00:00:00+08:00,6.05,6.1,6.01,6.04,32256000,0.0,0.0
2016-09-19 00:00:00+08:00,6.07,6.16,6.06,6.14,15437000,0.0,0.0
2016-09-20 00:00:00+08:00,6.14,6.16,6.12,6.15,12457000,0.0,0.0
2016-09-21 00:00:00+08:00,6.16,6.2,6.12,6.19,15144000,0.0,0.0
2016-09-22 00:00:00+08:00,6.23,6.23,6.15,6.19,10578000,0.0,0.0
2016-09-23 00:00:00+08:00,6.23,6.27,6.19,6.26,20792000,0.0,0.0
2016-09-26 00:00:00+08:00,6.26,6.26,6.19,6.23,9138000,0.0,0.0
2016-09-27 00:00:00+08:00,6.23,6.23,6.23,6.23,0,0.0,0.0
2016-09-29 00:00:00+08:00,6.27,6.31,6.23,6.3,26791000,0.0,0.0
2016-09-30 00:00:00+08:00,6.27,6.28,6.2,6.26,20277000,0.0,0.0
2016-10-03 00:00:00+08:00,6.25,6.26,6.2,6.2,6155000,0.0,0.0
2016-10-04 00:00:00+08:00,6.22,6.25,6.21,6.23,11713000,0.0,0.0
2016-10-05 00:00:00+08:00,6.2,6.24,6.2,6.23,6687000,0.0,0.0
2016-10-06 00:00:00+08:00,6.21,6.26,6.21,6.23,7743000,0.0,0.0
2016-10-07 00:00:00+08:00,6.23,6.24,6.2,6.23,8048000,0.0,0.0
2016-10-11 00:00:00+08:00,6.29,6.3,6.21,6.23,12784000,0.0,0.0
2016-10-12 00:00:00+08:00,6.23,6.26,6.22,6.26,10915000,0.0,0.0
2016-10-13 00:00:00+08:00,6.26,6.26,6.14,6.14,19149000,0.0,0.0
2016-10-14 00:00:00+08:00,6.14,6.17,6.12,6.13,9481000,0.0,0.0
2016-10-17 00:00:00+08:00,6.16,6.18,6.08,6.12,15056000,0.0,0.0
2016-10-18 00:00:00+08:00,6.12,6.17,6.12,6.17,12410000,0.0,0.0
2016-10-19 00:00:00+08:00,6.16,6.22,6.16,6.19,8528000,0.0,0.0
2016-10-20 00:00:00+08:00,6.19,6.21,6.16,6.19,7747000,0.0,0.0
2016-10-21 00:00:00+08:00,6.19,6.22,6.16,6.19,9920000,0.0,0.0
2016-10-24 00:00:00+08:00,6.18,6.23,6.18,6.23,10989000,0.0,0.0
2016-10-25 00:00:00+08:00,6.22,6.26,6.21,6.26,13161000,0.0,0.0
2016-10-26 00:00:00+08:00,6.26,6.27,6.22,6.22,10455000,0.0,0.0
2016-10-27 00:00:00+08:00,6.22,6.26,6.19,6.19,12145000,0.0,0.0
2016-10-28 00:00:00+08:00,6.2,6.24,6.17,6.24,13009000,0.0,0.0
2016-10-31 00:00:00+08:00,6.17,6.21,6.14,6.16,13928000,0.0,0.0
2016-11-01 00:00:00+08:00,6.15,6.19,6.15,6.16,8142000,0.0,0.0
2016-11-02 00:00:00+08:00,6.14,6.16,6.1,6.1,14006000,0.0,0.0
2016-11-03 00:00:00+08:00,6.09,6.13,6.07,6.07,11904000,0.0,0.0
2016-11-04 00:00:00+08:00,6.07,6.09,6.02,6.04,18103000,0.0,0.0
2016-11-07 00:00:00+08:00,6.06,6.08,6.05,6.05,13764000,0.0,0.0
2016-11-08 00:00:00+08:00,6.08,6.09,6.05,6.07,11456000,0.0,0.0
2016-11-09 00:00:00+08:00,6.12,6.12,5.91,5.91,38840000,0.0,0.0
2016-11-10 00:00:00+08:00,6.07,6.07,6.01,6.02,15904000,0.0,0.0
2016-11-11 00:00:00+08:00,5.92,5.98,5.91,5.91,31205000,0.0,0.0
2016-11-14 00:00:00+08:00,5.91,5.99,5.85,5.91,31771000,0.0,0.0
2016-11-15 00:00:00+08:00,5.96,5.99,5.92,5.92,18723000,0.0,0.0
2016-11-16 00:00:00+08:00,5.97,6.01,5.92,5.95,19018000,0.0,0.0
2016-11-17 00:00:00+08:00,5.94,5.95,5.91,5.93,16467000,0.0,0.0
2016-11-18 00:00:00+08:00,5.91,5.93,5.88,5.89,16811000,0.0,0.0
2016-11-21 00:00:00+08:00,5.91,6.02,5.91,6.02,16379000,0.0,0.0
2016-11-22 00:00:00+08:00,6.01,6.06,5.96,6.06,19769000,0.0,0.0
2016-11-23 00:00:00+08:00,6.14,6.26,6.13,6.15,49386000,0.0,0.0
2016-11-24 00:00:00+08:00,6.14,6.35,6.13,6.28,62029000,0.0,0.0
2016-11-25 00:00:00+08:00,6.28,6.35,6.23,6.23,37682000,0.0,0.0
2016-11-28 00:00:00+08:00,6.26,6.3,6.23,6.23,19484000,0.0,0.0
2016-11-29 00:00:00+08:00,6.23,6.26,6.2,6.2,19790000,0.0,0.0
2016-11-30 00:00:00+08:00,6.23,6.26,6.16,6.19,40308000,0.0,0.0
2016-12-01 00:00:00+08:00,6.23,6.26,6.21,6.24,13898000,0.0,0.0
2016-12-02 00:00:00+08:00,6.2,6.26,6.2,6.23,16930000,0.0,0.0
2016-12-05 00:00:00+08:00,6.23,6.24,6.17,6.17,18958000,0.0,0.0
2016-12-06 00:00:00+08:00,6.24,6.24,6.19,6.24,15648000,0.0,0.0
2016-12-07 00:00:00+08:00,6.25,6.27,6.21,6.23,10682000,0.0,0.0
2016-12-08 00:00:00+08:00,6.26,6.3,6.25,6.3,28289000,0.0,0.0
2016-12-09 00:00:00+08:00,6.31,6.38,6.3,6.34,32571000,0.0,0.0
2016-12-12 00:00:00+08:00,6.38,6.38,6.31,6.31,20664000,0.0,0.0
2016-12-13 00:00:00+08:00,6.31,6.37,6.31,6.37,26460000,0.0,0.0
2016-12-14 00:00:00+08:00,6.37,6.37,6.31,6.33,14365000,0.0,0.0
2016-12-15 00:00:00+08:00,6.33,6.39,6.32,6.36,24869000,0.0,0.0
2016-12-16 00:00:00+08:00,6.38,6.38,6.3,6.3,20660000,0.0,0.0
2016-12-19 00:00:00+08:00,6.3,6.31,6.26,6.29,15021000,0.0,0.0
2016-12-20 00:00:00+08:00,6.28,6.3,6.26,6.27,11859000,0.0,0.0
2016-12-21 00:00:00+08:00,6.27,6.29,6.25,6.26,14419000,0.0,0.0
2016-12-22 00:00:00+08:00,6.24,6.26,6.21,6.21,16560000,0.0,0.0
2016-12-23 00:00:00+08:00,6.2,6.23,6.19,6.2,13871000,0.0,0.0
2016-12-26 00:00:00+08:00,6.2,6.23,6.19,6.2,3939000,0.0,0.0
2016-12-27 00:00:00+08:00,6.2,6.23,6.19,6.2,4253000,0.0,0.0
2016-12-28 00:00:00+08:00,6.23,6.24,6.2,6.23,7117000,0.0,0.0
2016-12-29 00:00:00+08:00,6.23,6.25,6.2,6.2,12596000,0.0,0.0
2016-12-30 00:00:00+08:00,6.26,6.3,6.23,6.28,12513000,0.0,0.0
2017-01-03 00:00:00+08:00,6.28,6.29,6.24,6.28,6337000,0.0,0.0
2017-01-04 00:00:00+08:00,6.29,6.3,6.27,6.28,7927000,0.0,0.0
2017-01-05 00:00:00+08:00,6.27,6.31,6.27,6.3,13685000,0.0,0.0
2017-01-06 00:00:00+08:00,6.3,6.3,6.26,6.28,11296000,0.0,0.0
2017-01-09 00:00:00+08:00,6.29,6.3,6.26,6.26,10036000,0.0,0.0
2017-01-10 00:00:00+08:00,6.24,6.26,6.23,6.25,13404000,0.0,0.0
2017-01-11 00:00:00+08:00,6.24,6.26,6.23,6.26,11437000,0.0,0.0
2017-01-12 00:00:00+08:00,6.27,6.33,6.26,6.3,22366000,0.0,0.0
2017-01-13 00:00:00+08:00,6.3,6.3,6.26,6.28,8995000,0.0,0.0
2017-01-16 00:00:00+08:00,6.26,6.26,6.22,6.22,11711000,0.0,0.0
2017-01-17 00:00:00+08:00,6.23,6.24,6.22,6.24,7174000,0.0,0.0
2017-01-18 00:00:00+08:00,6.22,6.23,6.21,6.21,10211000,0.0,0.0
2017-01-19 00:00:00+08:00,6.22,6.23,6.19,6.19,18495000,0.0,0.0
2017-01-20 00:00:00+08:00,6.19,6.21,6.17,6.17,10138000,0.0,0.0
2017-01-23 00:00:00+08:00,6.19,6.23,6.19,6.19,17406000,0.0,0.0
2017-01-24 00:00:00+08:00,6.23,6.23,6.2,6.22,12020000,0.0,0.0
2017-02-02 00:00:00+08:00,6.22,6.23,6.15,6.16,33765000,0.0,0.0
2017-02-03 00:00:00+08:00,6.16,6.2,6.16,6.18,19552000,0.0,0.0
2017-02-06 00:00:00+08:00,6.22,6.26,6.19,6.23,39817000,0.0,0.0
2017-02-07 00:00:00+08:00,6.23,6.25,6.21,6.22,24871000,0.0,0.0
2017-02-08 00:00:00+08:00,6.23,6.23,6.19,6.21,28788000,0.0,0.0
2017-02-09 00:00:00+08:00,6.21,6.23,6.19,6.22,23979000,0.0,0.0
2017-02-10 00:00:00+08:00,6.24,6.34,6.23,6.25,83238000,0.0,0.0
2017-02-13 00:00:00+08:00,6.28,6.31,6.26,6.28,31186000,0.0,0.0
2017-02-14 00:00:00+08:00,6.28,6.29,6.24,6.28,33673000,0.0,0.0
2017-02-15 00:00:00+08:00,6.3,6.33,6.28,6.32,44841000,0.0,0.0
2017-02-16 00:00:00+08:00,6.35,6.42,6.31,6.35,48639000,0.0,0.0
2017-02-17 00:00:00+08:00,6.34,6.34,6.31,6.33,14203000,0.0,0.0
2017-02-20 00:00:00+08:00,6.36,6.36,6.3,6.3,14589000,0.0,0.0
2017-02-21 00:00:00+08:00,6.3,6.31,6.26,6.3,16745000,0.0,0.0
2017-02-22 00:00:00+08:00,6.33,6.33,6.29,6.31,18076000,0.0,0.0
2017-02-23 00:00:00+08:00,6.31,6.33,6.3,6.32,19167000,0.0,0.0
2017-02-24 00:00:00+08:00,6.32,6.38,6.31,6.31,39933000,0.0,0.0
2017-03-01 00:00:00+08:00,6.31,6.34,6.27,6.27,23666000,0.0,0.0
2017-03-02 00:00:00+08:00,6.33,6.34,6.29,6.32,16568000,0.0,0.0
2017-03-03 00:00:00+08:00,6.31,6.36,6.3,6.32,18238000,0.0,0.0
2017-03-06 00:00:00+08:00,6.32,6.33,6.3,6.33,11811000,0.0,0.0
2017-03-07 00:00:00+08:00,6.35,6.35,6.31,6.33,12107000,0.0,0.0
2017-03-08 00:00:00+08:00,6.35,6.35,6.3,6.31,16657000,0.0,0.0
2017-03-09 00:00:00+08:00,6.31,6.33,6.28,6.28,20318000,0.0,0.0
2017-03-10 00:00:00+08:00,6.28,6.31,6.26,6.3,11873000,0.0,0.0
2017-03-13 00:00:00+08:00,6.33,6.35,6.31,6.33,11935000,0.0,0.0
2017-03-14 00:00:00+08:00,6.35,6.37,6.33,6.33,20334000,0.0,0.0
2017-03-15 00:00:00+08:00,6.36,6.36,6.33,6.36,12223000,0.0,0.0
2017-03-16 00:00:00+08:00,6.37,6.39,6.36,6.39,30118000,0.0,0.0
2017-03-17 00:00:00+08:00,6.4,6.51,6.39,6.41,71662000,0.0,0.0
2017-03-20 00:00:00+08:00,6.43,6.48,6.43,6.44,19358000,0.0,0.0
2017-03-21 00:00:00+08:00,6.43,6.44,6.41,6.43,23940000,0.0,0.0
2017-03-22 00:00:00+08:00,6.39,6.43,6.36,6.43,22630000,0.0,0.0
2017-03-23 00:00:00+08:00,6.44,6.48,6.41,6.45,20678000,0.0,0.0
2017-03-24 00:00:00+08:00,6.46,6.47,6.41,6.43,12645000,0.0,0.0
2017-03-27 00:00:00+08:00,6.42,6.48,6.41,6.45,25544000,0.0,0.0
2017-03-28 00:00:00+08:00,6.48,6.5,6.42,6.49,29205000,0.0,0.0
2017-03-29 00:00:00+08:00,6.51,6.56,6.5,6.53,27613000,0.0,0.0
2017-03-30 00:00:00+08:00,6.53,6.53,6.49,6.49,15876000,0.0,0.0
2017-03-31 00:00:00+08:00,6.49,6.5,6.46,6.49,18700000,0.0,0.0
2017-04-05 00:00:00+08:00,6.5,6.54,6.47,6.52,28837000,0.0,0.0
2017-04-06 00:00:00+08:00,6.51,6.51,6.44,6.44,13202000,0.0,0.0
2017-04-07 00:00:00+08:00,6.44,6.48,6.37,6.48,28030000,0.0,0.0
2017-04-10 00:00:00+08:00,6.48,6.48,6.41,6.43,9489000,0.0,0.0
2017-04-11 00:00:00+08:00,6.43,6.46,6.36,6.37,22606000,0.0,0.0
2017-04-12 00:00:00+08:00,6.37,6.4,6.33,6.4,16916000,0.0,0.0
2017-04-13 00:00:00+08:00,6.39,6.41,6.33,6.37,9974000,0.0,0.0
2017-04-14 00:00:00+08:00,6.34,6.34,6.27,6.28,22795000,0.0,0.0
2017-04-17 00:00:00+08:00,6.28,6.3,6.24,6.27,14842000,0.0,0.0
2017-04-18 00:00:00+08:00,6.31,6.31,6.25,6.27,8622000,0.0,0.0
2017-04-19 00:00:00+08:00,6.23,6.26,6.2,6.22,23215000,0.0,0.0
2017-04-20 00:00:00+08:00,6.2,6.26,6.19,6.26,18284000,0.0,0.0
2017-04-21 00:00:00+08:00,6.26,6.28,6.22,6.22,19955000,0.0,0.0
2017-04-24 00:00:00+08:00,6.27,6.27,6.23,6.26,11193000,0.0,0.0
2017-04-25 00:00:00+08:00,6.39,6.45,6.37,6.45,70508000,0.0,0.0
2017-04-26 00:00:00+08:00,6.52,6.52,6.45,6.48,32985000,0.0,0.0
2017-04-27 00:00:00+08:00,6.5,6.5,6.45,6.48,17016000,0.0,0.0
2017-04-28 00:00:00+08:00,6.48,6.51,6.46,6.48,21256000,0.0,0.0
2017-05-02 00:00:00+08:00,6.49,6.51,6.48,6.5,18611000,0.0,0.0
2017-05-03 00:00:00+08:00,6.51,6.54,6.49,6.53,24074000,0.0,0.0
2017-05-04 00:00:00+08:00,6.53,6.54,6.5,6.54,22435000,0.0,0.0
2017-05-05 00:00:00+08:00,6.55,6.55,6.5,6.5,11968000,0.0,0.0
2017-05-08 00:00:00+08:00,6.51,6.52,6.47,6.48,11889000,0.0,0.0
2017-05-09 00:00:00+08:00,6.48,6.49,6.39,6.41,27614000,0.0,0.0
2017-05-10 00:00:00+08:00,6.44,6.48,6.43,6.48,18003000,0.0,0.0
2017-05-11 00:00:00+08:00,6.43,6.48,6.43,6.48,12228000,0.0,0.0
2017-05-12 00:00:00+08:00,6.44,6.47,6.43,6.46,11166000,0.0,0.0
2017-05-15 00:00:00+08:00,6.45,6.49,6.44,6.48,17331000,0.0,0.0
2017-05-16 00:00:00+08:00,6.5,6.5,6.45,6.48,17543000,0.0,0.0
2017-05-17 00:00:00+08:00,6.48,6.49,6.45,6.49,16490000,0.0,0.0
2017-05-18 00:00:00+08:00,6.44,6.46,6.42,6.44,10133000,0.0,0.0
2017-05-19 00:00:00+08:00,6.44,6.48,6.43,6.44,14469000,0.0,0.0
2017-05-22 00:00:00+08:00,6.44,6.46,6.43,6.44,13497000,0.0,0.0
2017-05-23 00:00:00+08:00,6.44,6.45,6.43,6.44,12904000,0.0,0.0
2017-05-24 00:00:00+08:00,6.44,6.45,6.43,6.44,13097000,0.0,0.0
2017-05-25 00:00:00+08:00,6.44,6.47,6.44,6.46,12721000,0.0,0.0
2017-05-26 00:00:00+08:00,6.48,6.48,6.46,6.48,17177000,0.0,0.0
2017-05-31 00:00:00+08:00,6.47,6.48,6.41,6.41,30307000,0.0,0.0
2017-06-01 00:00:00+08:00,6.41,6.44,6.4,6.41,14661000,0.0,0.0
2017-06-02 00:00:00+08:00,6.41,6.44,6.41,6.42,15339000,0.0,0.0
2017-06-05 00:00:00+08:00,6.44,6.44,6.42,6.44,13661000,0.0,0.0
2017-06-06 00:00:00+08:00,6.44,6.44,6.41,6.43,13156000,0.0,0.0
2017-06-07 00:00:00+08:00,6.42,6.44,6.41,6.43,11426000,0.0,0.0
2017-06-08 00:00:00+08:00,6.43,6.44,6.42,6.44,11208000,0.0,0.0
2017-06-09 00:00:00+08:00,6.43,6.44,6.41,6.42,14944000,0.0,0.0
2017-06-12 00:00:00+08:00,6.44,6.45,6.42,6.42,16366000,0.0,0.0
2017-06-13 00:00:00+08:00,6.44,6.44,6.42,6.44,7898000,0.0,0.0
2017-06-14 00:00:00+08:00,6.44,6.44,6.41,6.44,13875000,0.0,0.0
2017-06-15 00:00:00+08:00,6.44,6.45,6.42,6.44,13442000,0.0,0.0
2017-06-16 00:00:00+08:00,6.44,6.45,6.42,6.43,20579000,0.0,0.0
2017-06-19 00:00:00+08:00,6.44,6.49,6.43,6.49,23048000,0.0,0.0
2017-06-20 00:00:00+08:00,6.49,6.52,6.49,6.51,20106000,0.0,0.0
2017-06-21 00:00:00+08:00,6.5,6.52,6.48,6.5,25222000,0.0,0.0
2017-06-22 00:00:00+08:00,6.51,6.54,6.5,6.53,24958000,0.0,0.0
2017-06-23 00:00:00+08:00,6.52,6.56,6.5,6.55,27643000,0.0,0.0
2017-06-26 00:00:00+08:00,6.55,6.65,6.55,6.65,49015000,0.0,0.0
2017-06-27 00:00:00+08:00,6.69,6.74,6.66,6.73,37336000,0.0,0.0
2017-06-28 00:00:00+08:00,6.73,6.74,6.66,6.74,31842000,0.0,0.0
2017-06-29 00:00:00+08:00,6.78,6.9,6.76,6.88,65489000,0.0,0.0
2017-06-30 00:00:00+08:00,6.88,6.89,6.79,6.88,40931000,0.0,0.0
2017-07-03 00:00:00+08:00,6.9,6.9,6.83,6.83,42655000,0.0,0.0
2017-07-04 00:00:00+08:00,6.84,6.9,6.83,6.86,110342000,0.0,0.0
2017-07-05 00:00:00+08:00,6.91,6.96,6.89,6.92,79067000,0.5,0.0
2017-07-06 00:00:00+08:00,6.96,6.96,6.87,6.93,30692000,0.0,0.0
2017-07-07 00:00:00+08:00,6.91,6.91,6.87,6.88,23333000,0.0,0.0
2017-07-10 00:00:00+08:00,7.04,7.28,7.02,7.03,87674000,0.0,0.0
2017-07-11 00:00:00+08:00,7.1,7.11,7.05,7.08,44296000,0.0,0.0
2017-07-12 00:00:00+08:00,7.08,7.1,7.02,7.03,33968000,0.0,0.0
2017-07-13 00:00:00+08:00,7.06,7.08,7.04,7.05,25177000,0.0,0.0
2017-07-14 00:00:00+08:00,7.06,7.2,7.06,7.2,48984000,0.0,0.0
2017-07-17 00:00:00+08:00,7.23,7.29,7.22,7.25,52376000,0.0,0.0
2017-07-18 00:00:00+08:00,7.27,7.3,7.2,7.3,39222000,0.0,0.0
2017-07-19 00:00:00+08:00,7.34,7.65,7.34,7.62,115934000,0.0,0.0
2017-07-20 00:00:00+08:00,7.63,7.65,7.49,7.58,60171000,0.0,0.0
2017-07-21 00:00:00+08:00,7.54,7.56,7.44,7.45,36681000,0.0,0.0
2017-07-24 00:00:00+08:00,7.44,7.44,7.31,7.43,51860000,0.0,0.0
2017-07-25 00:00:00+08:00,7.45,7.54,7.43,7.51,40230000,0.0,0.0
2017-07-26 00:00:00+08:00,7.52,7.58,7.48,7.49,39123000,0.0,0.0
2017-07-27 00:00:00+08:00,7.53,7.57,7.51,7.53,34571000,0.0,0.0
2017-07-28 00:00:00+08:00,7.53,7.53,7.48,7.48,18196000,0.0,0.0
2017-07-31 00:00:00+08:00,7.53,7.54,7.47,7.53,22618000,0.0,0.0
2017-08-01 00:00:00+08:00,7.56,7.72,7.55,7.68,61006000,0.0,0.0
2017-08-02 00:00:00+08:00,7.76,7.77,7.69,7.74,39694000,0.0,0.0
2017-08-03 00:00:00+08:00,7.71,7.72,7.64,7.67,27227000,0.0,0.0
2017-08-04 00:00:00+08:00,7.67,7.71,7.64,7.71,18592000,0.0,0.0
2017-08-07 00:00:00+08:00,7.76,7.85,7.75,7.79,32195000,0.0,0.0
2017-08-08 00:00:00+08:00,7.82,7.87,7.79,7.82,37291000,0.0,0.0
2017-08-09 00:00:00+08:00,7.85,7.87,7.74,7.76,38898000,0.0,0.0
2017-08-10 00:00:00+08:00,7.75,7.77,7.5,7.56,54673000,0.0,0.0
2017-08-11 00:00:00+08:00,7.48,7.68,7.48,7.6,31574000,0.0,0.0
2017-08-14 00:00:00+08:00,7.6,7.64,7.53,7.54,21269000,0.0,0.0
2017-08-15 00:00:00+08:00,7.61,7.62,7.56,7.59,15429000,0.0,0.0
2017-08-16 00:00:00+08:00,7.72,7.86,7.67,7.67,57931000,0.0,0.0
2017-08-17 00:00:00+08:00,7.74,7.81,7.68,7.78,27870000,0.0,0.0
2017-08-18 00:00:00+08:00,7.72,7.75,7.65,7.68,26459000,0.0,0.0
2017-08-21 00:00:00+08:00,7.69,7.72,7.64,7.67,16437114,0.0,0.0
2017-08-22 00:00:00+08:00,7.67,7.7,7.67,7.68,15310976,0.0,0.0
2017-08-23 00:00:00+08:00,7.7,7.72,7.65,7.67,21803164,0.0,0.0
2017-08-24 00:00:00+08:00,7.67,7.76,7.67,7.69,20019527,0.0,0.0
2017-08-25 00:00:00+08:00,7.7,7.72,7.65,7.67,18671842,0.0,0.0
2017-08-28 00:00:00+08:00,7.67,7.72,7.66,7.7,17201194,0.0,0.0
2017-08-29 00:00:00+08:00,7.7,7.72,7.65,7.72,13925991,0.0,0.0
2017-08-30 00:00:00+08:00,7.7,7.72,7.67,7.71,19264494,0.0,0.0
2017-08-31 00:00:00+08:00,7.72,7.78,7.68,7.78,27966045,0.0,0.0
2017-09-01 00:00:00+08:00,7.82,7.82,7.75,7.77,24666140,0.0,0.0
2017-09-04 00:00:00+08:00,7.73,7.74,7.68,7.71,18485789,0.0,0.0
2017-09-05 00:00:00+08:00,7.71,7.72,7.67,7.72,22221199,0.0,0.0
2017-09-06 00:00:00+08:00,7.68,7.76,7.67,7.71,21318518,0.0,0.0
2017-09-07 00:00:00+08:00,7.73,7.75,7.66,7.68,26765552,0.0,0.0
2017-09-08 00:00:00+08:00,7.74,7.96,7.7,7.91,112175872,0.0,0.0
2017-09-11 00:00:00+08:00,7.97,8.01,7.86,7.96,46744107,0.0,0.0
2017-09-12 00:00:00+08:00,8.0,8.0,7.88,7.91,27308537,0.0,0.0
2017-09-13 00:00:00+08:00,7.86,7.93,7.85,7.85,21079788,0.0,0.0
2017-09-14 00:00:00+08:00,7.83,7.86,7.78,7.82,17832767,0.0,0.0
2017-09-15 00:00:00+08:00,7.79,7.88,7.77,7.88,35580468,0.0,0.0
2017-09-18 00:00:00+08:00,7.88,7.88,7.79,7.87,23755262,0.0,0.0
2017-09-19 00:00:00+08:00,7.88,7.89,7.77,7.78,23548439,0.0,0.0
2017-09-20 00:00:00+08:00,7.78,7.8,7.68,7.72,29113166,0.0,0.0
2017-09-21 00:00:00+08:00,7.72,7.85,7.72,7.81,19756140,0.0,0.0
2017-09-22 00:00:00+08:00,7.8,7.81,7.7,7.72,15938776,0.0,0.0
2017-09-25 00:00:00+08:00,7.72,7.72,7.51,7.53,30614931,0.0,0.0
2017-09-26 00:00:00+08:00,7.53,7.6,7.52,7.54,17344706,0.0,0.0
2017-09-27 00:00:00+08:00,7.56,7.62,7.54,7.56,12625586,0.0,0.0
2017-09-28 00:00:00+08:00,7.57,7.6,7.52,7.53,21542433,0.0,0.0
2017-09-29 00:00:00+08:00,7.53,7.57,7.52,7.52,11006418,0.0,0.0
2017-10-02 00:00:00+08:00,7.54,7.6,7.54,7.58,7256671,0.0,0.0
2017-10-03 00:00:00+08:00,7.6,7.61,7.54,7.56,8962341,0.0,0.0
2017-10-05 00:00:00+08:00,7.56,7.6,7.56,7.57,7443700,0.0,0.0
2017-10-06 00:00:00+08:00,7.6,7.6,7.57,7.59,6117958,0.0,0.0
2017-10-11 00:00:00+08:00,7.6,7.66,7.58,7.64,16310927,0.0,0.0
2017-10-12 00:00:00+08:00,7.65,7.66,7.58,7.62,21706261,0.0,0.0
2017-10-13 00:00:00+08:00,7.63,7.64,7.59,7.64,13147103,0.0,0.0
2017-10-16 00:00:00+08:00,7.66,7.66,7.58,7.6,17039698,0.0,0.0
2017-10-17 00:00:00+08:00,7.63,7.73,7.62,7.72,27549466,0.0,0.0
2017-10-18 00:00:00+08:00,7.72,7.72,7.61,7.67,28245894,0.0,0.0
2017-10-19 00:00:00+08:00,7.7,7.72,7.64,7.68,10695263,0.0,0.0
2017-10-20 00:00:00+08:00,7.68,7.68,7.62,7.68,14892636,0.0,0.0
2017-10-23 00:00:00+08:00,7.67,7.67,7.63,7.63,8528677,0.0,0.0
2017-10-24 00:00:00+08:00,7.63,7.66,7.6,7.63,9799795,0.0,0.0
2017-10-25 00:00:00+08:00,7.63,7.67,7.63,7.67,11848373,0.0,0.0
2017-10-26 00:00:00+08:00,7.67,7.67,7.63,7.63,9246589,0.0,0.0
2017-10-27 00:00:00+08:00,7.63,7.75,7.63,7.66,29964860,0.0,0.0
2017-10-30 00:00:00+08:00,7.66,7.71,7.63,7.63,16803334,0.0,0.0
2017-10-31 00:00:00+08:00,7.61,7.66,7.6,7.63,19891017,0.0,0.0
2017-11-01 00:00:00+08:00,7.74,7.75,7.66,7.66,21253965,0.0,0.0
2017-11-02 00:00:00+08:00,7.65,7.7,7.65,7.66,13070399,0.0,0.0
2017-11-03 00:00:00+08:00,7.7,7.7,7.66,7.68,9514428,0.0,0.0
2017-11-06 00:00:00+08:00,7.68,7.71,7.65,7.65,13504315,0.0,0.0
2017-11-07 00:00:00+08:00,7.65,7.67,7.63,7.63,15584107,0.0,0.0
2017-11-08 00:00:00+08:00,7.63,7.64,7.62,7.64,12283960,0.0,0.0
2017-11-09 00:00:00+08:00,7.64,7.67,7.61,7.62,22462609,0.0,0.0
2017-11-10 00:00:00+08:00,7.62,7.63,7.58,7.6,14483116,0.0,0.0
2017-11-13 00:00:00+08:00,7.6,7.67,7.59,7.63,17987613,0.0,0.0
2017-11-14 00:00:00+08:00,7.65,7.67,7.63,7.63,14771949,0.0,0.0
2017-11-15 00:00:00+08:00,7.63,7.63,7.56,7.58,26689982,0.0,0.0
2017-11-16 00:00:00+08:00,7.55,7.58,7.54,7.56,17415324,0.0,0.0
2017-11-17 00:00:00+08:00,7.58,7.64,7.58,7.6,14542988,0.0,0.0
2017-11-20 00:00:00+08:00,7.62,7.67,7.6,7.65,18327932,0.0,0.0
2017-11-21 00:00:00+08:00,7.66,7.89,7.66,7.85,72711586,0.0,0.0
2017-11-22 00:00:00+08:00,7.94,7.96,7.85,7.85,52695782,0.0,0.0
2017-11-23 00:00:00+08:00,7.89,7.91,7.8,7.85,19253981,0.0,0.0
2017-11-24 00:00:00+08:00,7.83,7.84,7.78,7.78,16206439,0.0,0.0
2017-11-27 00:00:00+08:00,7.78,7.83,7.69,7.71,20538790,0.0,0.0
2017-11-28 00:00:00+08:00,7.69,7.77,7.69,7.75,10740434,0.0,0.0
2017-11-29 00:00:00+08:00,7.79,7.81,7.75,7.77,15187178,0.0,0.0
2017-11-30 00:00:00+08:00,7.8,7.8,7.72,7.77,34477869,0.0,0.0
2017-12-01 00:00:00+08:00,7.77,7.89,7.77,7.85,46341447,0.0,0.0
2017-12-04 00:00:00+08:00,7.86,8.15,7.83,8.13,72895001,0.0,0.0
2017-12-05 00:00:00+08:00,8.1,8.13,7.96,7.97,55002566,0.0,0.0
2017-12-06 00:00:00+08:00,8.0,8.08,7.89,7.89,55940019,0.0,0.0
2017-12-07 00:00:00+08:00,7.92,7.96,7.77,7.77,33071345,0.0,0.0
2017-12-08 00:00:00+08:00,7.81,7.89,7.77,7.84,24258824,0.0,0.0
2017-12-11 00:00:00+08:00,7.89,7.95,7.88,7.91,20861883,0.0,0.0
2017-12-12 00:00:00+08:00,8.05,8.22,8.05,8.07,63055071,0.0,0.0
2017-12-13 00:00:00+08:00,8.08,8.15,8.05,8.07,31211564,0.0,0.0
2017-12-14 00:00:00+08:00,8.15,8.21,8.09,8.15,44066224,0.0,0.0
2017-12-15 00:00:00+08:00,8.15,8.16,8.04,8.06,49760227,0.0,0.0
2017-12-18 00:00:00+08:00,8.12,8.16,8.08,8.12,32248259,0.0,0.0
2017-12-19 00:00:00+08:00,8.15,8.26,8.13,8.23,66637681,0.0,0.0
2017-12-20 00:00:00+08:00,8.26,8.51,8.26,8.43,77952386,0.0,0.0
2017-12-21 00:00:00+08:00,8.43,8.47,8.26,8.26,38367358,0.0,0.0
2017-12-22 00:00:00+08:00,8.34,8.39,8.3,8.39,27950629,0.0,0.0
2017-12-25 00:00:00+08:00,8.43,8.51,8.34,8.39,30155116,0.0,0.0
2017-12-26 00:00:00+08:00,8.43,8.47,8.26,8.3,21407950,0.0,0.0
2017-12-27 00:00:00+08:00,8.3,8.34,8.26,8.34,26159956,0.0,0.0
2017-12-28 00:00:00+08:00,8.39,8.47,8.34,8.34,31200775,0.0,0.0
2017-12-29 00:00:00+08:00,8.39,8.43,8.3,8.39,21027570,0.0,0.0
2018-01-02 00:00:00+08:00,8.39,8.39,8.3,8.34,17460269,0.0,0.0
2018-01-03 00:00:00+08:00,8.34,8.43,8.3,8.34,23778939,0.0,0.0
2018-01-04 00:00:00+08:00,8.39,8.43,8.3,8.34,26620835,0.0,0.0
2018-01-05 00:00:00+08:00,8.39,8.43,8.34,8.43,43775350,0.0,0.0
2018-01-08 00:00:00+08:00,8.51,8.63,8.47,8.55,55136955,0.0,0.0
2018-01-09 00:00:00+08:00,8.59,8.63,8.51,8.59,52985987,0.0,0.0
2018-01-10 00:00:00+08:00,8.67,8.88,8.63,8.8,110114030,0.0,0.0
2018-01-11 00:00:00+08:00,8.88,8.88,8.59,8.63,68231668,0.0,0.0
2018-01-12 00:00:00+08:00,8.67,8.72,8.63,8.67,38923104,0.0,0.0
2018-01-15 00:00:00+08:00,8.76,8.84,8.72,8.84,45071959,0.0,0.0
2018-01-16 00:00:00+08:00,8.84,8.88,8.76,8.88,40442253,0.0,0.0
2018-01-17 00:00:00+08:00,8.88,8.92,8.8,8.92,44175115,0.0,0.0
2018-01-18 00:00:00+08:00,9.0,9.05,8.96,9.0,52934568,0.0,0.0
2018-01-19 00:00:00+08:00,9.0,9.05,8.92,9.0,38537574,0.0,0.0
2018-01-22 00:00:00+08:00,9.0,9.0,8.88,8.96,42233910,0.0,0.0
2018-01-23 00:00:00+08:00,8.92,8.96,8.72,8.84,68031249,0.0,0.0
2018-01-24 00:00:00+08:00,8.84,8.88,8.72,8.88,49155429,0.0,0.0
2018-01-25 00:00:00+08:00,8.88,8.92,8.84,8.92,39265684,0.0,0.0
2018-01-26 00:00:00+08:00,8.92,8.92,8.84,8.88,32819765,0.0,0.0
2018-01-29 00:00:00+08:00,8.88,8.92,8.84,8.88,28006445,0.0,0.0
2018-01-30 00:00:00+08:00,8.88,8.92,8.84,8.84,29498030,0.0,0.0
2018-01-31 00:00:00+08:00,8.8,8.84,8.67,8.84,39535320,0.0,0.0
2018-02-01 00:00:00+08:00,8.84,8.88,8.8,8.8,28979012,0.0,0.0
2018-02-02 00:00:00+08:00,8.8,8.84,8.76,8.8,22751867,0.0,0.0
2018-02-05 00:00:00+08:00,8.63,8.67,8.59,8.67,41475570,0.0,0.0
2018-02-06 00:00:00+08:00,8.47,8.51,8.1,8.17,104444923,0.0,0.0
2018-02-07 00:00:00+08:00,8.43,8.43,8.34,8.34,61644409,0.0,0.0
2018-02-08 00:00:00+08:00,8.34,8.39,8.3,8.34,24715581,0.0,0.0
2018-02-09 00:00:00+08:00,8.17,8.34,8.1,8.26,45018889,0.0,0.0
2018-02-12 00:00:00+08:00,8.47,8.67,8.47,8.55,80773412,0.0,0.0
2018-02-21 00:00:00+08:00,8.67,8.67,8.55,8.67,57623863,0.0,0.0
2018-02-22 00:00:00+08:00,8.63,8.67,8.51,8.67,35065474,0.0,0.0
2018-02-23 00:00:00+08:00,8.67,8.88,8.63,8.8,67742326,0.0,0.0
2018-02-26 00:00:00+08:00,8.88,8.88,8.72,8.72,36519971,0.0,0.0
2018-02-27 00:00:00+08:00,8.8,8.8,8.67,8.67,41320040,0.0,0.0
2018-03-01 00:00:00+08:00,8.63,8.72,8.55,8.67,42622819,0.0,0.0
2018-03-02 00:00:00+08:00,8.59,8.67,8.55,8.59,40977912,0.0,0.0
2018-03-05 00:00:00+08:00,8.63,8.63,8.51,8.51,37666631,0.0,0.0
2018-03-06 00:00:00+08:00,8.59,8.63,8.55,8.59,23148844,0.0,0.0
2018-03-07 00:00:00+08:00,8.55,8.63,8.51,8.59,25531728,0.0,0.0
2018-03-08 00:00:00+08:00,8.59,8.63,8.55,8.59,21642018,0.0,0.0
2018-03-09 00:00:00+08:00,8.59,8.67,8.59,8.63,28909962,0.0,0.0
2018-03-12 00:00:00+08:00,8.67,8.76,8.67,8.76,47122284,0.0,0.0
2018-03-13 00:00:00+08:00,8.76,8.8,8.72,8.8,36387448,0.0,0.0
2018-03-14 00:00:00+08:00,8.76,8.8,8.63,8.67,44814273,0.0,0.0
2018-03-15 00:00:00+08:00,8.67,8.72,8.59,8.72,25301240,0.0,0.0
2018-03-16 00:00:00+08:00,8.72,8.8,8.63,8.8,81501716,0.0,0.0
2018-03-19 00:00:00+08:00,8.76,8.8,8.72,8.72,21334286,0.0,0.0
2018-03-20 00:00:00+08:00,8.72,8.76,8.67,8.67,23033958,0.0,0.0
2018-03-21 00:00:00+08:00,8.72,8.76,8.63,8.63,25136440,0.0,0.0
2018-03-22 00:00:00+08:00,8.67,8.72,8.59,8.63,25836533,0.0,0.0
2018-03-23 00:00:00+08:00,8.51,8.55,8.47,8.55,48350101,0.0,0.0
2018-03-26 00:00:00+08:00,8.47,8.51,8.43,8.51,30150508,0.0,0.0
2018-03-27 00:00:00+08:00,8.55,8.63,8.55,8.63,28502825,0.0,0.0
2018-03-28 00:00:00+08:00,8.59,8.59,8.51,8.55,31124358,0.0,0.0
2018-03-29 00:00:00+08:00,8.55,8.59,8.47,8.51,36159700,0.0,0.0
2018-03-30 00:00:00+08:00,8.55,8.59,8.51,8.59,26189122,0.0,0.0
2018-04-02 00:00:00+08:00,8.51,8.59,8.51,8.55,23190670,0.0,0.0
2018-04-03 00:00:00+08:00,8.51,8.59,8.47,8.55,29206452,0.0,0.0
2018-04-09 00:00:00+08:00,8.63,8.63,8.55,8.59,35061564,0.0,0.0
2018-04-10 00:00:00+08:00,8.59,8.76,8.59,8.72,47009152,0.0,0.0
2018-04-11 00:00:00+08:00,8.76,8.76,8.63,8.67,34701857,0.0,0.0
2018-04-12 00:00:00+08:00,8.72,8.76,8.67,8.72,23265322,0.0,0.0
2018-04-13 00:00:00+08:00,8.76,8.76,8.67,8.76,22872959,0.0,0.0
2018-04-16 00:00:00+08:00,8.72,8.76,8.63,8.63,21797532,0.0,0.0
2018-04-17 00:00:00+08:00,8.67,8.67,8.55,8.55,28810892,0.0,0.0
2018-04-18 00:00:00+08:00,8.59,8.63,8.55,8.63,15853119,0.0,0.0
2018-04-19 00:00:00+08:00,8.67,8.76,8.63,8.76,36635529,0.0,0.0
2018-04-20 00:00:00+08:00,8.76,8.88,8.72,8.88,78551148,0.0,0.0
2018-04-23 00:00:00+08:00,8.88,9.13,8.84,9.13,110257683,0.0,0.0
2018-04-24 00:00:00+08:00,9.17,9.25,9.0,9.13,70221090,0.0,0.0
2018-04-25 00:00:00+08:00,9.0,9.09,8.92,9.05,52385248,0.0,0.0
2018-04-26 00:00:00+08:00,9.09,9.13,9.0,9.05,43265021,0.0,0.0
2018-04-27 00:00:00+08:00,9.13,9.17,9.0,9.09,30049939,0.0,0.0
2018-04-30 00:00:00+08:00,9.17,9.29,9.13,9.29,44437733,0.0,0.0
2018-05-02 00:00:00+08:00,9.29,9.34,9.13,9.13,49728576,0.0,0.0
2018-05-03 00:00:00+08:00,9.13,9.17,9.05,9.09,33419061,0.0,0.0
2018-05-04 00:00:00+08:00,9.09,9.13,9.0,9.0,23843995,0.0,0.0
2018-05-07 00:00:00+08:00,9.09,9.09,9.0,9.05,27691994,0.0,0.0
2018-05-08 00:00:00+08:00,9.05,9.17,9.0,9.13,28255554,0.0,0.0
2018-05-09 00:00:00+08:00,9.13,9.25,9.13,9.21,28160351,0.0,0.0
2018-05-10 00:00:00+08:00,9.25,9.25,9.13,9.17,26840321,0.0,0.0
2018-05-11 00:00:00+08:00,9.21,9.25,9.17,9.25,23992729,0.0,0.0
2018-05-14 00:00:00+08:00,9.25,9.29,9.21,9.25,25044242,0.0,0.0
2018-05-15 00:00:00+08:00,9.29,9.34,9.25,9.25,21133426,0.0,0.0
2018-05-16 00:00:00+08:00,9.25,9.42,9.25,9.42,50365221,0.0,0.0
2018-05-17 00:00:00+08:00,9.5,9.5,9.38,9.38,23791592,0.0,0.0
2018-05-18 00:00:00+08:00,9.38,9.58,9.38,9.54,57609588,0.0,0.0
2018-05-21 00:00:00+08:00,9.58,9.67,9.58,9.62,30160633,0.0,0.0
2018-05-22 00:00:00+08:00,9.67,9.67,9.5,9.5,27210680,0.0,0.0
2018-05-23 00:00:00+08:00,9.5,9.58,9.42,9.42,18658157,0.0,0.0
2018-05-24 00:00:00+08:00,9.46,9.54,9.42,9.5,19781112,0.0,0.0
2018-05-25 00:00:00+08:00,9.5,9.58,9.46,9.54,19505094,0.0,0.0
2018-05-28 00:00:00+08:00,9.58,9.58,9.5,9.5,21292113,0.0,0.0
2018-05-29 00:00:00+08:00,9.5,9.54,9.34,9.38,30481977,0.0,0.0
2018-05-30 00:00:00+08:00,9.29,9.29,9.13,9.17,58954172,0.0,0.0
2018-05-31 00:00:00+08:00,9.25,9.38,9.25,9.29,73018828,0.0,0.0
2018-06-01 00:00:00+08:00,9.25,9.42,9.25,9.38,20441307,0.0,0.0
2018-06-04 00:00:00+08:00,9.38,9.42,9.34,9.42,23107768,0.0,0.0
2018-06-05 00:00:00+08:00,9.42,9.5,9.38,9.46,26722530,0.0,0.0
2018-06-06 00:00:00+08:00,9.46,9.5,9.42,9.46,25474330,0.0,0.0
2018-06-07 00:00:00+08:00,9.5,9.54,9.46,9.54,30863033,0.0,0.0
2018-06-08 00:00:00+08:00,9.54,9.54,9.42,9.5,23080291,0.0,0.0
2018-06-11 00:00:00+08:00,9.46,9.54,9.42,9.5,22019964,0.0,0.0
2018-06-12 00:00:00+08:00,9.46,9.46,9.38,9.38,22831435,0.0,0.0
2018-06-13 00:00:00+08:00,9.38,9.42,9.34,9.34,21786118,0.0,0.0
2018-06-14 00:00:00+08:00,9.34,9.38,9.21,9.21,30196142,0.0,0.0
2018-06-15 00:00:00+08:00,9.21,9.25,9.17,9.25,69657258,0.0,0.0
2018-06-19 00:00:00+08:00,9.17,9.25,9.09,9.13,44342909,0.0,0.0
2018-06-20 00:00:00+08:00,9.13,9.25,9.09,9.17,23216230,0.0,0.0
2018-06-21 00:00:00+08:00,9.17,9.25,9.17,9.17,19532513,0.0,0.0
2018-06-22 00:00:00+08:00,9.17,9.17,9.09,9.13,14901492,0.0,0.0
2018-06-25 00:00:00+08:00,9.17,9.42,9.17,9.34,37050959,0.0,0.0
2018-06-26 00:00:00+08:00,9.25,9.38,9.21,9.38,19817855,0.0,0.0
2018-06-27 00:00:00+08:00,9.34,9.38,9.21,9.21,22790812,0.0,0.0
2018-06-28 00:00:00+08:00,9.17,9.25,9.13,9.17,25440397,0.0,0.0
2018-06-29 00:00:00+08:00,9.21,9.29,9.17,9.21,23859135,0.0,0.0
2018-07-02 00:00:00+08:00,9.29,9.38,9.25,9.34,40473704,0.0,0.0
2018-07-03 00:00:00+08:00,9.29,9.42,9.25,9.38,55092483,0.0,0.0
2018-07-04 00:00:00+08:00,9.29,9.42,9.29,9.42,21263165,0.0,0.0
2018-07-05 00:00:00+08:00,9.38,9.42,9.34,9.38,29888395,0.0,0.0
2018-07-06 00:00:00+08:00,9.34,9.38,9.29,9.38,33949007,0.0,0.0
2018-07-09 00:00:00+08:00,9.42,9.42,9.34,9.42,36142619,0.0,0.0
2018-07-10 00:00:00+08:00,9.42,9.5,9.38,9.42,69063815,0.0,0.0
2018-07-11 00:00:00+08:00,9.42,9.5,9.38,9.46,47760201,0.0,0.0
2018-07-12 00:00:00+08:00,9.55,9.59,9.46,9.59,69181734,0.6,0.0
2018-07-13 00:00:00+08:00,9.63,9.63,9.5,9.59,35958075,0.0,0.0
2018-07-16 00:00:00+08:00,9.59,9.63,9.55,9.55,15151096,0.0,0.0
2018-07-17 00:00:00+08:00,9.59,9.59,9.55,9.59,18525136,0.0,0.0
2018-07-18 00:00:00+08:00,9.59,9.63,9.59,9.63,20097858,0.0,0.0
2018-07-19 00:00:00+08:00,9.63,9.68,9.55,9.55,20395915,0.0,0.0
2018-07-20 00:00:00+08:00,9.59,9.63,9.55,9.55,22817511,0.0,0.0
2018-07-23 00:00:00+08:00,9.55,9.63,9.55,9.59,24089298,0.0,0.0
2018-07-24 00:00:00+08:00,9.59,9.63,9.55,9.63,24186353,0.0,0.0
2018-07-25 00:00:00+08:00,9.63,9.76,9.63,9.76,39851501,0.0,0.0
2018-07-26 00:00:00+08:00,9.76,9.81,9.72,9.76,21265857,0.0,0.0
2018-07-27 00:00:00+08:00,9.76,9.81,9.68,9.72,15685269,0.0,0.0
2018-07-30 00:00:00+08:00,9.68,9.72,9.63,9.68,16741212,0.0,0.0
2018-07-31 00:00:00+08:00,9.68,9.76,9.63,9.76,30205649,0.0,0.0
2018-08-01 00:00:00+08:00,9.76,9.81,9.68,9.76,26272956,0.0,0.0
2018-08-02 00:00:00+08:00,9.72,9.76,9.55,9.59,34058124,0.0,0.0
2018-08-03 00:00:00+08:00,9.63,9.68,9.55,9.63,25361177,0.0,0.0
2018-08-06 00:00:00+08:00,9.63,9.63,9.5,9.55,33596199,0.0,0.0
2018-08-07 00:00:00+08:00,9.55,9.59,9.5,9.55,25516301,0.0,0.0
2018-08-08 00:00:00+08:00,9.59,9.63,9.55,9.63,19622914,0.0,0.0
2018-08-09 00:00:00+08:00,9.63,9.68,9.59,9.59,17302988,0.0,0.0
2018-08-10 00:00:00+08:00,9.59,9.68,9.59,9.59,23986919,0.0,0.0
2018-08-13 00:00:00+08:00,9.59,9.59,9.46,9.46,30854150,0.0,0.0
2018-08-14 00:00:00+08:00,9.5,9.55,9.46,9.5,21277404,0.0,0.0
2018-08-15 00:00:00+08:00,9.5,9.55,9.46,9.46,18663340,0.0,0.0
2018-08-16 00:00:00+08:00,9.46,9.55,9.42,9.55,24053683,0.0,0.0
2018-08-17 00:00:00+08:00,9.59,9.63,9.55,9.55,11026111,0.0,0.0
2018-08-20 00:00:00+08:00,9.55,9.59,9.46,9.46,23438204,0.0,0.0
2018-08-21 00:00:00+08:00,9.46,9.59,9.46,9.59,14521368,0.0,0.0
2018-08-22 00:00:00+08:00,9.55,9.59,9.5,9.55,15229032,0.0,0.0
2018-08-23 00:00:00+08:00,9.55,9.59,9.5,9.59,16576053,0.0,0.0
2018-08-24 00:00:00+08:00,9.55,9.59,9.5,9.59,20242112,0.0,0.0
2018-08-27 00:00:00+08:00,9.59,9.63,9.55,9.55,15783563,0.0,0.0
2018-08-28 00:00:00+08:00,9.59,9.63,9.55,9.63,13807876,0.0,0.0
2018-08-29 00:00:00+08:00,9.63,9.68,9.59,9.68,20607953,0.0,0.0
2018-08-30 00:00:00+08:00,9.68,9.68,9.55,9.55,18572346,0.0,0.0
2018-08-31 00:00:00+08:00,9.59,9.68,9.55,9.68,32820663,0.0,0.0
2018-09-03 00:00:00+08:00,9.63,9.63,9.59,9.59,9708386,0.0,0.0
2018-09-04 00:00:00+08:00,9.59,9.59,9.55,9.55,13947261,0.0,0.0
2018-09-05 00:00:00+08:00,9.55,9.59,9.42,9.42,38662408,0.0,0.0
2018-09-06 00:00:00+08:00,9.37,9.42,9.33,9.42,27815413,0.0,0.0
2018-09-07 00:00:00+08:00,9.37,9.5,9.37,9.42,22186913,0.0,0.0
2018-09-10 00:00:00+08:00,9.42,9.42,9.28,9.37,25542713,0.0,0.0
2018-09-11 00:00:00+08:00,9.37,9.42,9.33,9.42,31529576,0.0,0.0
2018-09-12 00:00:00+08:00,9.42,9.5,9.37,9.42,23746137,0.0,0.0
2018-09-13 00:00:00+08:00,9.42,9.46,9.37,9.46,21255397,0.0,0.0
2018-09-14 00:00:00+08:00,9.5,9.55,9.46,9.55,31876455,0.0,0.0
2018-09-17 00:00:00+08:00,9.55,9.55,9.46,9.5,15672172,0.0,0.0
2018-09-18 00:00:00+08:00,9.46,9.5,9.42,9.46,28284347,0.0,0.0
2018-09-19 00:00:00+08:00,9.5,9.59,9.46,9.59,26317105,0.0,0.0
2018-09-20 00:00:00+08:00,9.59,9.59,9.5,9.55,12077420,0.0,0.0
2018-09-21 00:00:00+08:00,9.59,9.68,9.55,9.68,34494587,0.0,0.0
2018-09-25 00:00:00+08:00,9.68,9.72,9.63,9.72,16479050,0.0,0.0
2018-09-26 00:00:00+08:00,9.72,9.85,9.68,9.81,39145283,0.0,0.0
2018-09-27 00:00:00+08:00,9.81,9.98,9.76,9.98,74233388,0.0,0.0
2018-09-28 00:00:00+08:00,9.98,10.03,9.9,9.94,29870631,0.0,0.0
2018-10-01 00:00:00+08:00,9.94,10.03,9.9,9.94,25598166,0.0,0.0
2018-10-02 00:00:00+08:00,9.94,9.98,9.72,9.76,35321309,0.0,0.0
2018-10-03 00:00:00+08:00,9.72,9.76,9.68,9.72,13859658,0.0,0.0
2018-10-04 00:00:00+08:00,9.72,9.72,9.59,9.59,26115453,0.0,0.0
2018-10-05 00:00:00+08:00,9.5,9.59,9.5,9.55,37061175,0.0,0.0
2018-10-08 00:00:00+08:00,9.5,9.59,9.46,9.5,20426740,0.0,0.0
2018-10-09 00:00:00+08:00,9.5,9.55,9.46,9.46,26191263,0.0,0.0
2018-10-11 00:00:00+08:00,9.24,9.24,8.76,8.89,108045075,0.0,0.0
2018-10-12 00:00:00+08:00,8.72,9.07,8.72,9.02,40249257,0.0,0.0
2018-10-15 00:00:00+08:00,8.94,8.98,8.85,8.94,36703292,0.0,0.0
2018-10-16 00:00:00+08:00,8.94,8.98,8.85,8.89,29801030,0.0,0.0
2018-10-17 00:00:00+08:00,9.02,9.02,8.89,8.89,36432476,0.0,0.0
2018-10-18 00:00:00+08:00,8.94,8.94,8.72,8.81,35384027,0.0,0.0
2018-10-19 00:00:00+08:00,8.72,8.76,8.69,8.72,48102509,0.0,0.0
2018-10-22 00:00:00+08:00,8.7,8.76,8.67,8.76,20025075,0.0,0.0
2018-10-23 00:00:00+08:00,8.72,8.72,8.64,8.67,34296927,0.0,0.0
2018-10-24 00:00:00+08:00,8.64,8.66,8.43,8.51,47204905,0.0,0.0
2018-10-25 00:00:00+08:00,8.31,8.37,8.28,8.29,53688342,0.0,0.0
2018-10-26 00:00:00+08:00,8.43,8.44,8.25,8.33,32439318,0.0,0.0
2018-10-29 00:00:00+08:00,8.38,8.38,8.3,8.37,13385438,0.0,0.0
2018-10-30 00:00:00+08:00,8.37,8.54,8.36,8.51,17266427,0.0,0.0
2018-10-31 00:00:00+08:00,8.55,8.68,8.55,8.66,32411047,0.0,0.0
2018-11-01 00:00:00+08:00,8.66,8.67,8.59,8.63,17642075,0.0,0.0
2018-11-02 00:00:00+08:00,8.65,8.68,8.6,8.68,13315224,0.0,0.0
2018-11-05 00:00:00+08:00,8.6,8.67,8.55,8.67,16026669,0.0,0.0
2018-11-06 00:00:00+08:00,8.71,8.71,8.66,8.66,9529191,0.0,0.0
2018-11-07 00:00:00+08:00,8.7,8.81,8.67,8.81,22371288,0.0,0.0
2018-11-08 00:00:00+08:00,8.89,8.94,8.81,8.85,23420864,0.0,0.0
2018-11-09 00:00:00+08:00,8.85,8.85,8.72,8.81,20472181,0.0,0.0
2018-11-12 00:00:00+08:00,8.71,8.76,8.67,8.76,21839241,0.0,0.0
2018-11-13 00:00:00+08:00,8.59,8.76,8.59,8.72,18504151,0.0,0.0
2018-11-14 00:00:00+08:00,8.76,8.76,8.7,8.72,13754518,0.0,0.0
2018-11-15 00:00:00+08:00,8.72,8.76,8.72,8.76,15484053,0.0,0.0
2018-11-16 00:00:00+08:00,8.85,8.85,8.72,8.81,18469982,0.0,0.0
2018-11-19 00:00:00+08:00,8.81,8.85,8.72,8.76,20139024,0.0,0.0
2018-11-20 00:00:00+08:00,8.72,8.76,8.7,8.72,21554939,0.0,0.0
2018-11-21 00:00:00+08:00,8.69,8.76,8.65,8.76,22996917,0.0,0.0
2018-11-22 00:00:00+08:00,8.76,8.76,8.69,8.7,17752170,0.0,0.0
2018-11-23 00:00:00+08:00,8.71,8.76,8.68,8.72,17899086,0.0,0.0
2018-11-26 00:00:00+08:00,8.72,8.81,8.66,8.68,21858915,0.0,0.0
2018-11-27 00:00:00+08:00,8.72,8.76,8.67,8.71,17098080,0.0,0.0
2018-11-28 00:00:00+08:00,8.71,8.76,8.7,8.76,18567075,0.0,0.0
2018-11-29 00:00:00+08:00,8.81,8.81,8.71,8.71,18344880,0.0,0.0
2018-11-30 00:00:00+08:00,8.76,8.98,8.72,8.72,76008961,0.0,0.0
2018-12-03 00:00:00+08:00,8.81,8.89,8.81,8.85,27372120,0.0,0.0
2018-12-04 00:00:00+08:00,8.81,8.89,8.76,8.85,27299356,0.0,0.0
2018-12-05 00:00:00+08:00,8.76,8.81,8.72,8.76,17773567,0.0,0.0
2018-12-06 00:00:00+08:00,8.76,8.76,8.67,8.69,26624976,0.0,0.0
2018-12-07 00:00:00+08:00,8.72,8.76,8.69,8.76,14326444,0.0,0.0
2018-12-10 00:00:00+08:00,8.68,8.69,8.64,8.64,22347480,0.0,0.0
2018-12-11 00:00:00+08:00,8.64,8.72,8.63,8.72,21642049,0.0,0.0
2018-12-12 00:00:00+08:00,8.72,8.72,8.64,8.66,19934822,0.0,0.0
2018-12-13 00:00:00+08:00,8.65,8.72,8.65,8.71,12644231,0.0,0.0
2018-12-14 00:00:00+08:00,8.67,8.7,8.63,8.67,15544944,0.0,0.0
2018-12-17 00:00:00+08:00,8.7,8.7,8.65,8.65,9307241,0.0,0.0
2018-12-18 00:00:00+08:00,8.65,8.67,8.46,8.47,28153951,0.0,0.0
2018-12-19 00:00:00+08:00,8.54,8.54,8.47,8.5,19062675,0.0,0.0
2018-12-20 00:00:00+08:00,8.46,8.5,8.4,8.4,17140614,0.0,0.0
2018-12-21 00:00:00+08:00,8.41,8.54,8.37,8.52,23628313,0.0,0.0
2018-12-24 00:00:00+08:00,8.47,8.52,8.44,8.51,9252502,0.0,0.0
2018-12-25 00:00:00+08:00,8.33,8.44,8.33,8.39,8951939,0.0,0.0
2018-12-26 00:00:00+08:00,8.43,8.45,8.38,8.38,5179987,0.0,0.0
2018-12-27 00:00:00+08:00,8.46,8.52,8.44,8.51,12280314,0.0,0.0
2018-12-28 00:00:00+08:00,8.51,8.51,8.46,8.47,11530501,0.0,0.0
2019-01-02 00:00:00+08:00,8.54,8.55,8.37,8.44,11972364,0.0,0.0
2019-01-03 00:00:00+08:00,8.48,8.48,8.37,8.4,11019814,0.0,0.0
2019-01-04 00:00:00+08:00,8.37,8.37,8.24,8.24,27898775,0.0,0.0
2019-01-07 00:00:00+08:00,8.37,8.5,8.33,8.5,16511026,0.0,0.0
2019-01-08 00:00:00+08:00,8.54,8.54,8.41,8.46,9965757,0.0,0.0
2019-01-09 00:00:00+08:00,8.54,8.66,8.5,8.63,26511084,0.0,0.0
2019-01-10 00:00:00+08:00,8.62,8.63,8.55,8.63,12489212,0.0,0.0
2019-01-11 00:00:00+08:00,8.63,8.65,8.59,8.64,13511281,0.0,0.0
2019-01-14 00:00:00+08:00,8.64,8.64,8.53,8.55,11143798,0.0,0.0
2019-01-15 00:00:00+08:00,8.63,8.67,8.6,8.66,20162142,0.0,0.0
2019-01-16 00:00:00+08:00,8.65,8.69,8.6,8.64,10647726,0.0,0.0
2019-01-17 00:00:00+08:00,8.64,8.67,8.54,8.58,16342151,0.0,0.0
2019-01-18 00:00:00+08:00,8.61,8.65,8.54,8.64,11743798,0.0,0.0
2019-01-21 00:00:00+08:00,8.67,8.72,8.64,8.67,12316496,0.0,0.0
2019-01-22 00:00:00+08:00,8.67,8.69,8.63,8.63,12278431,0.0,0.0
2019-01-23 00:00:00+08:00,8.6,8.6,8.54,8.55,11097253,0.0,0.0
2019-01-24 00:00:00+08:00,8.56,8.65,8.52,8.65,22895935,0.0,0.0
2019-01-25 00:00:00+08:00,8.65,8.69,8.6,8.69,22141381,0.0,0.0
2019-01-28 00:00:00+08:00,8.71,8.71,8.66,8.69,9414285,0.0,0.0
2019-01-29 00:00:00+08:00,8.69,8.72,8.66,8.72,15563969,0.0,0.0
2019-01-30 00:00:00+08:00,8.72,8.76,8.68,8.7,23048584,0.0,0.0
2019-02-11 00:00:00+08:00,8.72,8.76,8.64,8.64,18523959,0.0,0.0
2019-02-12 00:00:00+08:00,8.63,8.67,8.59,8.63,13413777,0.0,0.0
2019-02-13 00:00:00+08:00,8.6,8.7,8.59,8.67,20280429,0.0,0.0
2019-02-14 00:00:00+08:00,8.63,8.66,8.6,8.6,17128267,0.0,0.0
2019-02-15 00:00:00+08:00,8.6,8.67,8.6,8.6,13910706,0.0,0.0
2019-02-18 00:00:00+08:00,8.61,8.68,8.61,8.65,10142627,0.0,0.0
2019-02-19 00:00:00+08:00,8.65,8.69,8.65,8.69,10185888,0.0,0.0
2019-02-20 00:00:00+08:00,8.71,8.72,8.67,8.72,19622554,0.0,0.0
2019-02-21 00:00:00+08:00,8.72,8.72,8.68,8.72,14630909,0.0,0.0
2019-02-22 00:00:00+08:00,8.71,8.71,8.67,8.71,15404111,0.0,0.0
2019-02-25 00:00:00+08:00,8.76,8.76,8.69,8.72,15008078,0.0,0.0
2019-02-26 00:00:00+08:00,8.72,8.76,8.69,8.69,22600008,0.0,0.0
2019-02-27 00:00:00+08:00,8.72,8.72,8.69,8.69,16796876,0.0,0.0
2019-03-04 00:00:00+08:00,8.71,8.72,8.63,8.67,25908810,0.0,0.0
2019-03-05 00:00:00+08:00,8.65,8.69,8.63,8.63,19900621,0.0,0.0
2019-03-06 00:00:00+08:00,8.64,8.7,8.64,8.64,15449361,0.0,0.0
2019-03-07 00:00:00+08:00,8.64,8.68,8.64,8.67,11039382,0.0,0.0
2019-03-08 00:00:00+08:00,8.67,8.68,8.64,8.65,13918813,0.0,0.0
2019-03-11 00:00:00+08:00,8.65,8.69,8.63,8.63,19636770,0.0,0.0
2019-03-12 00:00:00+08:00,8.69,8.72,8.66,8.71,16221904,0.0,0.0
2019-03-13 00:00:00+08:00,8.71,8.72,8.7,8.72,10176929,0.0,0.0
2019-03-14 00:00:00+08:00,8.72,8.72,8.67,8.67,19538400,0.0,0.0
2019-03-15 00:00:00+08:00,8.67,8.76,8.67,8.76,38416742,0.0,0.0
2019-03-18 00:00:00+08:00,8.76,8.81,8.72,8.81,15018509,0.0,0.0
2019-03-19 00:00:00+08:00,8.85,8.94,8.81,8.85,34583662,0.0,0.0
2019-03-20 00:00:00+08:00,8.89,8.89,8.81,8.89,21524401,0.0,0.0
2019-03-21 00:00:00+08:00,8.89,8.94,8.85,8.89,22185984,0.0,0.0
2019-03-22 00:00:00+08:00,8.89,8.94,8.85,8.89,15121356,0.0,0.0
2019-03-25 00:00:00+08:00,8.76,8.81,8.72,8.72,18785376,0.0,0.0
2019-03-26 00:00:00+08:00,8.81,8.81,8.72,8.81,19972471,0.0,0.0
2019-03-27 00:00:00+08:00,8.81,8.85,8.76,8.76,16260144,0.0,0.0
2019-03-28 00:00:00+08:00,8.72,8.85,8.72,8.85,27376516,0.0,0.0
2019-03-29 00:00:00+08:00,8.89,8.98,8.81,8.98,44239846,0.0,0.0
2019-04-01 00:00:00+08:00,8.98,8.98,8.76,8.76,25900770,0.0,0.0
2019-04-02 00:00:00+08:00,8.85,8.85,8.76,8.76,16628249,0.0,0.0
2019-04-03 00:00:00+08:00,8.76,8.81,8.72,8.81,16170752,0.0,0.0
2019-04-08 00:00:00+08:00,8.81,8.81,8.72,8.76,25026235,0.0,0.0
2019-04-09 00:00:00+08:00,8.76,8.81,8.72,8.76,20664238,0.0,0.0
2019-04-10 00:00:00+08:00,8.81,8.81,8.76,8.76,38370796,0.0,0.0
2019-04-11 00:00:00+08:00,8.85,8.85,8.72,8.76,24397234,0.0,0.0
2019-04-12 00:00:00+08:00,8.81,8.81,8.72,8.81,16980077,0.0,0.0
2019-04-15 00:00:00+08:00,8.76,8.81,8.72,8.72,15058157,0.0,0.0
2019-04-16 00:00:00+08:00,8.72,8.76,8.72,8.76,14055066,0.0,0.0
2019-04-17 00:00:00+08:00,8.76,8.76,8.72,8.72,12929804,0.0,0.0
2019-04-18 00:00:00+08:00,8.72,8.76,8.67,8.72,29633503,0.0,0.0
2019-04-19 00:00:00+08:00,8.72,8.76,8.7,8.72,10835572,0.0,0.0
2019-04-22 00:00:00+08:00,8.72,8.76,8.71,8.71,10954304,0.0,0.0
2019-04-23 00:00:00+08:00,8.71,8.72,8.68,8.71,12891261,0.0,0.0
2019-04-24 00:00:00+08:00,8.72,8.72,8.69,8.69,15525902,0.0,0.0
2019-04-25 00:00:00+08:00,8.69,8.7,8.67,8.68,13010323,0.0,0.0
2019-04-26 00:00:00+08:00,8.67,8.68,8.64,8.68,15594902,0.0,0.0
2019-04-29 00:00:00+08:00,8.69,8.76,8.69,8.76,17313940,0.0,0.0
2019-04-30 00:00:00+08:00,8.71,8.71,8.65,8.67,35407854,0.0,0.0
2019-05-02 00:00:00+08:00,8.66,8.68,8.64,8.64,28381539,0.0,0.0
2019-05-03 00:00:00+08:00,8.64,8.67,8.64,8.65,13742726,0.0,0.0
2019-05-06 00:00:00+08:00,8.63,8.63,8.54,8.55,21315007,0.0,0.0
2019-05-07 00:00:00+08:00,8.55,8.57,8.5,8.5,25788130,0.0,0.0
2019-05-08 00:00:00+08:00,8.46,8.47,8.41,8.41,32699500,0.0,0.0
2019-05-09 00:00:00+08:00,8.42,8.43,8.28,8.28,42232527,0.0,0.0
2019-05-10 00:00:00+08:00,8.3,8.35,8.26,8.26,34217589,0.0,0.0
2019-05-13 00:00:00+08:00,8.3,8.37,8.26,8.26,17378801,0.0,0.0
2019-05-14 00:00:00+08:00,8.21,8.21,8.02,8.03,62544408,0.0,0.0
2019-05-15 00:00:00+08:00,8.03,8.08,8.03,8.05,21286239,0.0,0.0
2019-05-16 00:00:00+08:00,8.05,8.06,7.87,7.87,34554044,0.0,0.0
2019-05-17 00:00:00+08:00,7.92,8.01,7.86,7.89,33867027,0.0,0.0
2019-05-20 00:00:00+08:00,7.95,8.01,7.92,7.99,21299622,0.0,0.0
2019-05-21 00:00:00+08:00,8.07,8.26,8.05,8.21,40780534,0.0,0.0
2019-05-22 00:00:00+08:00,8.12,8.16,8.06,8.11,24869610,0.0,0.0
2019-05-23 00:00:00+08:00,8.11,8.12,7.96,8.02,28983830,0.0,0.0
2019-05-24 00:00:00+08:00,8.05,8.05,7.99,8.02,18336067,0.0,0.0
2019-05-27 00:00:00+08:00,8.04,8.06,7.99,8.05,13063564,0.0,0.0
2019-05-28 00:00:00+08:00,8.05,8.11,7.97,7.97,120494389,0.0,0.0
2019-05-29 00:00:00+08:00,7.99,8.0,7.93,7.93,23088958,0.0,0.0
2019-05-30 00:00:00+08:00,7.93,8.07,7.93,8.06,23743260,0.0,0.0
2019-05-31 00:00:00+08:00,8.06,8.11,8.03,8.11,30340623,0.0,0.0
2019-06-03 00:00:00+08:00,8.06,8.09,8.01,8.06,15719722,0.0,0.0
2019-06-04 00:00:00+08:00,8.06,8.13,8.06,8.11,17789802,0.0,0.0
2019-06-05 00:00:00+08:00,8.15,8.2,8.12,8.13,17628735,0.0,0.0
2019-06-06 00:00:00+08:00,8.14,8.24,8.14,8.24,21067197,0.0,0.0
2019-06-10 00:00:00+08:00,8.3,8.31,8.26,8.31,17494311,0.0,0.0
2019-06-11 00:00:00+08:00,8.33,8.33,8.2,8.22,19241617,0.0,0.0
2019-06-12 00:00:00+08:00,8.21,8.21,8.11,8.17,18513145,0.0,0.0
2019-06-13 00:00:00+08:00,8.15,8.15,8.06,8.08,16183663,0.0,0.0
2019-06-14 00:00:00+08:00,8.09,8.15,8.07,8.08,16874205,0.0,0.0
2019-06-17 00:00:00+08:00,8.11,8.16,8.09,8.12,9740337,0.0,0.0
2019-06-18 00:00:00+08:00,8.13,8.17,8.13,8.16,13941225,0.0,0.0
2019-06-19 00:00:00+08:00,8.2,8.28,8.17,8.26,25578665,0.0,0.0
2019-06-20 00:00:00+08:00,8.31,8.32,8.25,8.28,22317903,0.0,0.0
2019-06-21 00:00:00+08:00,8.28,8.28,8.21,8.25,27197057,0.0,0.0
2019-06-24 00:00:00+08:00,8.24,8.31,8.24,8.31,11249844,0.0,0.0
2019-06-25 00:00:00+08:00,8.29,8.32,8.21,8.32,18607852,0.0,0.0
2019-06-26 00:00:00+08:00,8.32,8.32,8.24,8.28,11531834,0.0,0.0
2019-06-27 00:00:00+08:00,8.28,8.33,8.27,8.28,24297062,0.0,0.0
2019-06-28 00:00:00+08:00,8.33,8.33,8.25,8.26,20761429,0.0,0.0
2019-07-01 00:00:00+08:00,8.26,8.33,8.26,8.28,15563242,0.0,0.0
2019-07-02 00:00:00+08:00,8.29,8.33,8.28,8.33,21425342,0.0,0.0
2019-07-03 00:00:00+08:00,8.33,8.33,8.28,8.28,30650207,0.0,0.0
2019-07-04 00:00:00+08:00,8.37,8.44,8.35,8.39,22358668,0.3,0.0
2019-07-05 00:00:00+08:00,8.42,8.42,8.38,8.39,9555171,0.0,0.0
2019-07-08 00:00:00+08:00,8.38,8.4,8.36,8.4,13045069,0.0,0.0
2019-07-09 00:00:00+08:00,8.4,8.4,8.35,8.35,15163556,0.0,0.0
2019-07-10 00:00:00+08:00,8.35,8.39,8.35,8.36,8770724,0.0,0.0
2019-07-11 00:00:00+08:00,8.47,8.54,8.46,8.53,22519134,0.0,0.0
2019-07-12 00:00:00+08:00,8.53,8.54,8.47,8.47,13415878,0.0,0.0
2019-07-15 00:00:00+08:00,8.48,8.5,8.42,8.46,10531967,0.0,0.0
2019-07-16 00:00:00+08:00,8.46,8.5,8.42,8.49,15895087,0.0,0.0
2019-07-17 00:00:00+08:00,8.46,8.46,8.39,8.44,24218417,0.0,0.0
2019-07-18 00:00:00+08:00,8.44,8.44,8.4,8.4,10661507,0.0,0.0
2019-07-19 00:00:00+08:00,8.4,8.46,8.39,8.39,12974526,0.0,0.0
2019-07-22 00:00:00+08:00,8.39,8.43,8.38,8.39,8771854,0.0,0.0
2019-07-23 00:00:00+08:00,8.39,8.4,8.34,8.34,18120043,0.0,0.0
2019-07-24 00:00:00+08:00,8.34,8.36,8.33,8.35,13588961,0.0,0.0
2019-07-25 00:00:00+08:00,8.35,8.36,8.33,8.33,17524417,0.0,0.0
2019-07-26 00:00:00+08:00,8.32,8.39,8.31,8.39,13052156,0.0,0.0
2019-07-29 00:00:00+08:00,8.36,8.42,8.36,8.42,10523107,0.0,0.0
2019-07-30 00:00:00+08:00,8.42,8.44,8.39,8.44,12310721,0.0,0.0
2019-07-31 00:00:00+08:00,8.39,8.44,8.35,8.35,22975954,0.0,0.0
2019-08-01 00:00:00+08:00,8.3,8.33,8.29,8.3,21373133,0.0,0.0
2019-08-02 00:00:00+08:00,8.23,8.26,8.2,8.24,25485975,0.0,0.0
2019-08-05 00:00:00+08:00,8.21,8.23,8.16,8.17,28788293,0.0,0.0
2019-08-06 00:00:00+08:00,8.1,8.17,8.03,8.12,23648360,0.0,0.0
2019-08-07 00:00:00+08:00,8.12,8.13,8.08,8.09,29080684,0.0,0.0
2019-08-08 00:00:00+08:00,8.1,8.19,8.1,8.16,8330736,0.0,0.0
2019-08-12 00:00:00+08:00,8.12,8.27,8.11,8.21,14826162,0.0,0.0
2019-08-13 00:00:00+08:00,8.21,8.21,8.16,8.16,13198569,0.0,0.0
2019-08-14 00:00:00+08:00,8.17,8.26,8.16,8.16,16050269,0.0,0.0
2019-08-15 00:00:00+08:00,8.1,8.12,8.08,8.11,13873599,0.0,0.0
2019-08-16 00:00:00+08:00,8.08,8.27,8.08,8.25,22588135,0.0,0.0
2019-08-19 00:00:00+08:00,8.25,8.27,8.19,8.22,12503601,0.0,0.0
2019-08-20 00:00:00+08:00,8.2,8.26,8.19,8.19,9655432,0.0,0.0
2019-08-21 00:00:00+08:00,8.23,8.23,8.14,8.15,12154723,0.0,0.0
2019-08-22 00:00:00+08:00,8.18,8.2,8.13,8.16,10795521,0.0,0.0
2019-08-23 00:00:00+08:00,8.15,8.16,8.12,8.15,10516064,0.0,0.0
2019-08-26 00:00:00+08:00,8.1,8.13,8.08,8.1,16144332,0.0,0.0
2019-08-27 00:00:00+08:00,8.11,8.13,8.07,8.07,43362123,0.0,0.0
2019-08-28 00:00:00+08:00,8.1,8.15,8.09,8.12,7907804,0.0,0.0
2019-08-29 00:00:00+08:00,8.1,8.11,8.07,8.09,12568423,0.0,0.0
2019-08-30 00:00:00+08:00,8.11,8.18,8.1,8.18,19331451,0.0,0.0
2019-09-02 00:00:00+08:00,8.18,8.23,8.16,8.22,10645350,0.0,0.0
2019-09-03 00:00:00+08:00,8.22,8.24,8.17,8.17,13065079,0.0,0.0
2019-09-04 00:00:00+08:00,8.17,8.25,8.17,8.24,13947706,0.0,0.0
2019-09-05 00:00:00+08:00,8.26,8.35,8.25,8.35,24013918,0.0,0.0
2019-09-06 00:00:00+08:00,8.37,8.37,8.28,8.33,12804589,0.0,0.0
2019-09-10 00:00:00+08:00,8.42,8.45,8.39,8.45,18464370,0.0,0.0
2019-09-11 00:00:00+08:00,8.51,8.51,8.43,8.46,19709575,0.0,0.0
2019-09-12 00:00:00+08:00,8.51,8.51,8.46,8.5,19580427,0.0,0.0
2019-09-16 00:00:00+08:00,8.53,8.54,8.48,8.5,20024357,0.0,0.0
2019-09-17 00:00:00+08:00,8.5,8.51,8.44,8.51,11654677,0.0,0.0
2019-09-18 00:00:00+08:00,8.5,8.51,8.46,8.48,13857011,0.0,0.0
2019-09-19 00:00:00+08:00,8.47,8.5,8.44,8.48,13032356,0.0,0.0
2019-09-20 00:00:00+08:00,8.46,8.47,8.44,8.44,26330197,0.0,0.0
2019-09-23 00:00:00+08:00,8.44,8.49,8.44,8.45,9304409,0.0,0.0
2019-09-24 00:00:00+08:00,8.45,8.47,8.43,8.44,10665722,0.0,0.0
2019-09-25 00:00:00+08:00,8.43,8.45,8.38,8.41,16267784,0.0,0.0
2019-09-26 00:00:00+08:00,8.41,8.42,8.37,8.38,12753158,0.0,0.0
2019-09-27 00:00:00+08:00,8.38,8.39,8.32,8.32,12415978,0.0,0.0
2019-10-01 00:00:00+08:00,8.31,8.36,8.31,8.36,15103628,0.0,0.0
2019-10-02 00:00:00+08:00,8.32,8.35,8.32,8.33,9009885,0.0,0.0
2019-10-03 00:00:00+08:00,8.25,8.26,8.22,8.23,18123874,0.0,0.0
2019-10-04 00:00:00+08:00,8.25,8.29,8.25,8.26,10222765,0.0,0.0
2019-10-07 00:00:00+08:00,8.26,8.28,8.24,8.24,9543492,0.0,0.0
2019-10-08 00:00:00+08:00,8.24,8.37,8.24,8.28,18466354,0.0,0.0
2019-10-09 00:00:00+08:00,8.24,8.26,8.2,8.2,19010758,0.0,0.0
2019-10-14 00:00:00+08:00,8.28,8.35,8.25,8.35,17772414,0.0,0.0
2019-10-15 00:00:00+08:00,8.31,8.35,8.31,8.32,14420729,0.0,0.0
2019-10-16 00:00:00+08:00,8.32,8.41,8.32,8.41,23830132,0.0,0.0
2019-10-17 00:00:00+08:00,8.43,8.53,8.41,8.52,37676724,0.0,0.0
2019-10-18 00:00:00+08:00,8.53,8.53,8.45,8.53,38603285,0.0,0.0
2019-10-21 00:00:00+08:00,8.51,8.53,8.47,8.51,14126898,0.0,0.0
2019-10-22 00:00:00+08:00,8.51,8.54,8.49,8.54,19304056,0.0,0.0
2019-10-23 00:00:00+08:00,8.51,8.52,8.45,8.47,18469924,0.0,0.0
2019-10-24 00:00:00+08:00,8.47,8.61,8.47,8.59,32512077,0.0,0.0
2019-10-25 00:00:00+08:00,8.58,8.59,8.52,8.53,19038000,0.0,0.0
2019-10-28 00:00:00+08:00,8.56,8.56,8.53,8.55,14273486,0.0,0.0
2019-10-29 00:00:00+08:00,8.58,8.58,8.52,8.53,17861100,0.0,0.0
2019-10-30 00:00:00+08:00,8.55,8.58,8.53,8.58,23313152,0.0,0.0
2019-10-31 00:00:00+08:00,8.61,8.62,8.55,8.55,30556431,0.0,0.0
2019-11-01 00:00:00+08:00,8.54,8.61,8.54,8.59,15057423,0.0,0.0
2019-11-04 00:00:00+08:00,8.61,8.69,8.61,8.69,29663435,0.0,0.0
2019-11-05 00:00:00+08:00,8.76,8.88,8.75,8.88,54105094,0.0,0.0
2019-11-06 00:00:00+08:00,8.88,9.0,8.83,8.95,59291262,0.0,0.0
2019-11-07 00:00:00+08:00,9.0,9.23,9.0,9.09,97230198,0.0,0.0
2019-11-08 00:00:00+08:00,9.14,9.14,9.0,9.0,41350274,0.0,0.0
2019-11-11 00:00:00+08:00,8.99,8.99,8.86,8.9,45480589,0.0,0.0
2019-11-12 00:00:00+08:00,8.93,8.99,8.91,8.98,27580504,0.0,0.0
2019-11-13 00:00:00+08:00,8.93,8.95,8.88,8.9,21806806,0.0,0.0
2019-11-14 00:00:00+08:00,8.9,8.9,8.83,8.85,17753846,0.0,0.0
2019-11-15 00:00:00+08:00,8.94,8.94,8.84,8.91,17016514,0.0,0.0
2019-11-18 00:00:00+08:00,8.91,8.92,8.83,8.91,17977900,0.0,0.0
2019-11-19 00:00:00+08:00,8.86,8.93,8.85,8.93,14987822,0.0,0.0
2019-11-20 00:00:00+08:00,8.91,8.91,8.85,8.89,17974846,0.0,0.0
2019-11-21 00:00:00+08:00,8.84,8.84,8.78,8.8,27451373,0.0,0.0
2019-11-22 00:00:00+08:00,8.82,8.89,8.8,8.89,19449841,0.0,0.0
2019-11-25 00:00:00+08:00,8.9,8.93,8.85,8.93,20171439,0.0,0.0
2019-11-26 00:00:00+08:00,8.94,8.96,8.89,8.89,53046333,0.0,0.0
2019-11-27 00:00:00+08:00,8.91,8.93,8.83,8.84,21446159,0.0,0.0
2019-11-28 00:00:00+08:00,8.84,8.87,8.81,8.82,15789581,0.0,0.0
2019-11-29 00:00:00+08:00,8.82,8.82,8.73,8.74,24855744,0.0,0.0
2019-12-02 00:00:00+08:00,8.74,8.74,8.66,8.7,24821637,0.0,0.0
2019-12-03 00:00:00+08:00,8.67,8.69,8.63,8.66,17788466,0.0,0.0
2019-12-04 00:00:00+08:00,8.65,8.65,8.58,8.62,30033960,0.0,0.0
2019-12-05 00:00:00+08:00,8.63,8.73,8.62,8.66,25180876,0.0,0.0
2019-12-06 00:00:00+08:00,8.71,8.73,8.66,8.69,20490428,0.0,0.0
2019-12-09 00:00:00+08:00,8.7,8.72,8.7,8.7,16039760,0.0,0.0
2019-12-10 00:00:00+08:00,8.7,8.72,8.69,8.7,17918060,0.0,0.0
2019-12-11 00:00:00+08:00,8.69,8.76,8.67,8.72,18272122,0.0,0.0
2019-12-12 00:00:00+08:00,8.72,8.82,8.72,8.8,32525731,0.0,0.0
2019-12-13 00:00:00+08:00,8.82,8.94,8.82,8.92,66440641,0.0,0.0
2019-12-16 00:00:00+08:00,8.92,8.96,8.82,8.83,66235,0.0,0.0
2019-12-17 00:00:00+08:00,8.84,8.94,8.83,8.94,27893575,0.0,0.0
2019-12-18 00:00:00+08:00,8.89,8.95,8.87,8.91,24351678,0.0,0.0
2019-12-19 00:00:00+08:00,8.91,8.91,8.85,8.9,22048541,0.0,0.0
2019-12-20 00:00:00+08:00,8.9,8.91,8.83,8.83,37219024,0.0,0.0
2019-12-23 00:00:00+08:00,8.89,8.89,8.83,8.89,17825505,0.0,0.0
2019-12-24 00:00:00+08:00,8.85,8.89,8.83,8.83,8241379,0.0,0.0
2019-12-25 00:00:00+08:00,8.83,8.85,8.81,8.83,12869091,0.0,0.0
2019-12-26 00:00:00+08:00,8.83,8.84,8.8,8.81,13155367,0.0,0.0
2019-12-27 00:00:00+08:00,8.87,8.87,8.8,8.81,15073503,0.0,0.0
2019-12-30 00:00:00+08:00,8.82,8.83,8.75,8.75,23000729,0.0,0.0
2019-12-31 00:00:00+08:00,8.75,8.8,8.75,8.76,15356071,0.0,0.0
2020-01-02 00:00:00+08:00,8.78,8.8,8.74,8.75,16555404,0.0,0.0
2020-01-03 00:00:00+08:00,8.78,8.79,8.73,8.79,15690211,0.0,0.0
2020-01-06 00:00:00+08:00,8.75,8.75,8.69,8.69,21281614,0.0,0.0
2020-01-07 00:00:00+08:00,8.7,8.72,8.68,8.69,15865247,0.0,0.0
2020-01-08 00:00:00+08:00,8.67,8.68,8.6,8.61,26540391,0.0,0.0
2020-01-09 00:00:00+08:00,8.62,8.69,8.62,8.67,16262421,0.0,0.0
2020-01-10 00:00:00+08:00,8.79,8.8,8.74,8.77,28226750,0.0,0.0
2020-01-13 00:00:00+08:00,8.81,8.86,8.81,8.85,25986374,0.0,0.0
2020-01-14 00:00:00+08:00,8.87,8.9,8.85,8.89,24806867,0.0,0.0
2020-01-15 00:00:00+08:00,8.89,8.9,8.84,8.86,18578549,0.0,0.0
2020-01-16 00:00:00+08:00,8.87,8.88,8.84,8.87,11100359,0.0,0.0
2020-01-17 00:00:00+08:00,8.89,8.89,8.85,8.87,18089774,0.0,0.0
2020-01-20 00:00:00+08:00,8.87,8.88,8.83,8.86,20850469,0.0,0.0
2020-01-30 00:00:00+08:00,8.55,8.57,8.33,8.34,87225929,0.0,0.0
2020-01-31 00:00:00+08:00,8.34,8.5,8.34,8.36,36248045,0.0,0.0
2020-02-03 00:00:00+08:00,8.24,8.31,8.19,8.31,38808035,0.0,0.0
2020-02-04 00:00:00+08:00,8.92,8.96,8.36,8.36,26169454,0.0,0.0
2020-02-05 00:00:00+08:00,8.36,8.4,8.28,8.4,21668332,0.0,0.0
2020-02-06 00:00:00+08:00,8.41,8.54,8.41,8.54,22418366,0.0,0.0
2020-02-07 00:00:00+08:00,8.49,8.51,8.42,8.42,17108669,0.0,0.0
2020-02-10 00:00:00+08:00,8.36,8.4,8.31,8.38,19690677,0.0,0.0
2020-02-11 00:00:00+08:00,8.39,8.5,8.39,8.43,16173863,0.0,0.0
2020-02-12 00:00:00+08:00,8.41,8.45,8.41,8.42,19053392,0.0,0.0
2020-02-13 00:00:00+08:00,8.43,8.46,8.43,8.46,20984908,0.0,0.0
2020-02-14 00:00:00+08:00,8.47,8.47,8.44,8.47,11276957,0.0,0.0
2020-02-17 00:00:00+08:00,8.45,8.45,8.43,8.43,8489605,0.0,0.0
2020-02-18 00:00:00+08:00,8.43,8.44,8.42,8.44,8936889,0.0,0.0
2020-02-19 00:00:00+08:00,8.44,8.51,8.43,8.47,14008874,0.0,0.0
2020-02-20 00:00:00+08:00,8.51,8.53,8.47,8.47,17346314,0.0,0.0
2020-02-21 00:00:00+08:00,8.46,8.5,8.43,8.43,15743877,0.0,0.0
2020-02-24 00:00:00+08:00,8.38,8.39,8.34,8.37,27474949,0.0,0.0
2020-02-25 00:00:00+08:00,8.3,8.35,8.29,8.32,23339239,0.0,0.0
2020-02-26 00:00:00+08:00,8.26,8.32,8.24,8.29,29219715,0.0,0.0
2020-02-27 00:00:00+08:00,8.29,8.3,8.25,8.25,36213665,0.0,0.0
2020-03-02 00:00:00+08:00,8.11,8.25,8.11,8.19,30861573,0.0,0.0
2020-03-03 00:00:00+08:00,8.25,8.35,8.22,8.26,24646926,0.0,0.0
2020-03-04 00:00:00+08:00,8.35,8.35,8.28,8.34,19065073,0.0,0.0
2020-03-05 00:00:00+08:00,8.44,8.44,8.37,8.43,21234186,0.0,0.0
2020-03-06 00:00:00+08:00,8.43,8.43,8.26,8.26,29791024,0.0,0.0
2020-03-09 00:00:00+08:00,8.2,8.21,8.11,8.13,51531508,0.0,0.0
2020-03-10 00:00:00+08:00,8.01,8.13,8.01,8.1,51230060,0.0,0.0
2020-03-11 00:00:00+08:00,8.1,8.14,8.05,8.08,38163507,0.0,0.0
2020-03-12 00:00:00+08:00,8.01,8.02,7.66,7.71,58905732,0.0,0.0
2020-03-13 00:00:00+08:00,6.94,7.55,6.94,7.46,87887288,0.0,0.0
2020-03-16 00:00:00+08:00,7.36,7.42,7.13,7.14,44385543,0.0,0.0
2020-03-17 00:00:00+08:00,6.87,7.09,6.84,6.84,54101057,0.0,0.0
2020-03-18 00:00:00+08:00,6.85,6.89,6.75,6.75,59005807,0.0,0.0
2020-03-19 00:00:00+08:00,6.64,6.72,6.21,6.21,115873269,0.0,0.0
2020-03-20 00:00:00+08:00,6.29,6.75,6.29,6.62,72632454,0.0,0.0
2020-03-23 00:00:00+08:00,6.3,6.45,6.24,6.31,33248287,0.0,0.0
2020-03-24 00:00:00+08:00,6.56,6.65,6.44,6.54,38634546,0.0,0.0
2020-03-25 00:00:00+08:00,6.7,6.85,6.69,6.79,47556565,0.0,0.0
2020-03-26 00:00:00+08:00,6.87,6.88,6.74,6.84,22268753,0.0,0.0
2020-03-27 00:00:00+08:00,6.96,7.12,6.96,7.03,39673232,0.0,0.0
2020-03-30 00:00:00+08:00,6.8,6.98,6.76,6.97,23303237,0.0,0.0
2020-03-31 00:00:00+08:00,7.05,7.09,6.68,6.68,59757838,0.0,0.0
2020-04-01 00:00:00+08:00,6.73,6.81,6.7,6.76,21498054,0.0,0.0
2020-04-06 00:00:00+08:00,6.86,6.9,6.77,6.89,25129921,0.0,0.0
2020-04-07 00:00:00+08:00,6.99,7.0,6.93,6.99,21186989,0.0,0.0
2020-04-08 00:00:00+08:00,6.93,7.08,6.91,7.05,22254258,0.0,0.0
2020-04-09 00:00:00+08:00,7.09,7.17,7.06,7.16,22290611,0.0,0.0
2020-04-10 00:00:00+08:00,7.16,7.33,7.13,7.32,27243561,0.0,0.0
2020-04-13 00:00:00+08:00,7.42,7.59,7.4,7.52,55585999,0.0,0.0
2020-04-14 00:00:00+08:00,7.54,7.72,7.53,7.66,39312310,0.0,0.0
2020-04-15 00:00:00+08:00,7.72,7.82,7.72,7.8,47102841,0.0,0.0
2020-04-16 00:00:00+08:00,7.7,7.74,7.63,7.66,38472860,0.0,0.0
2020-04-17 00:00:00+08:00,7.74,7.9,7.74,7.74,36336761,0.0,0.0
2020-04-20 00:00:00+08:00,7.74,7.78,7.69,7.71,23063978,0.0,0.0
2020-04-21 00:00:00+08:00,7.65,7.66,7.46,7.53,47099674,0.0,0.0
2020-04-22 00:00:00+08:00,7.43,7.58,7.43,7.55,18984918,0.0,0.0
2020-04-23 00:00:00+08:00,7.53,7.67,7.53,7.59,18908809,0.0,0.0
2020-04-24 00:00:00+08:00,7.58,7.64,7.54,7.56,15226592,0.0,0.0
2020-04-27 00:00:00+08:00,7.66,7.8,7.63,7.72,28503381,0.0,0.0
2020-04-28 00:00:00+08:00,7.79,7.9,7.79,7.89,38506097,0.0,0.0
2020-04-29 00:00:00+08:00,7.93,8.1,7.93,8.08,39148150,0.0,0.0
2020-04-30 00:00:00+08:00,8.19,8.19,8.12,8.16,44178967,0.0,0.0
2020-05-04 00:00:00+08:00,7.83,8.08,7.82,8.04,38539893,0.0,0.0
2020-05-05 00:00:00+08:00,8.08,8.14,8.01,8.03,19524797,0.0,0.0
2020-05-06 00:00:00+08:00,7.98,8.1,7.96,8.01,24419818,0.0,0.0
2020-05-07 00:00:00+08:00,8.03,8.1,8.02,8.04,16866003,0.0,0.0
2020-05-08 00:00:00+08:00,8.13,8.17,8.08,8.08,19995115,0.0,0.0
2020-05-11 00:00:00+08:00,8.14,8.23,8.13,8.19,26692117,0.0,0.0
2020-05-12 00:00:00+08:00,8.11,8.18,8.11,8.14,24206762,0.0,0.0
2020-05-13 00:00:00+08:00,8.12,8.17,8.11,8.14,15087663,0.0,0.0
2020-05-14 00:00:00+08:00,8.1,8.14,8.08,8.09,21633907,0.0,0.0
2020-05-15 00:00:00+08:00,8.14,8.14,8.01,8.06,21156337,0.0,0.0
2020-05-18 00:00:00+08:00,8.02,8.1,7.99,8.06,18248427,0.0,0.0
2020-05-19 00:00:00+08:00,8.18,8.18,8.1,8.1,24184539,0.0,0.0
2020-05-20 00:00:00+08:00,8.11,8.17,8.09,8.12,16864912,0.0,0.0
2020-05-21 00:00:00+08:00,8.1,8.17,8.1,8.11,15026721,0.0,0.0
2020-05-22 00:00:00+08:00,8.1,8.1,8.03,8.04,23593082,0.0,0.0
2020-05-25 00:00:00+08:00,8.06,8.08,7.97,8.08,15250717,0.0,0.0
2020-05-26 00:00:00+08:00,8.08,8.17,8.06,8.12,22732603,0.0,0.0
2020-05-27 00:00:00+08:00,8.17,8.18,8.12,8.17,20238381,0.0,0.0
2020-05-28 00:00:00+08:00,8.19,8.19,8.07,8.1,22885927,0.0,0.0
2020-05-29 00:00:00+08:00,8.09,8.18,8.06,8.18,41703883,0.0,0.0
2020-06-01 00:00:00+08:00,8.19,8.25,8.17,8.2,33005882,0.0,0.0
2020-06-02 00:00:00+08:00,8.2,8.26,8.2,8.23,23459422,0.0,0.0
2020-06-03 00:00:00+08:00,8.3,8.42,8.28,8.37,44512746,0.0,0.0
2020-06-04 00:00:00+08:00,8.46,8.49,8.37,8.43,31394849,0.0,0.0
2020-06-05 00:00:00+08:00,8.43,8.46,8.39,8.46,19106779,0.0,0.0
2020-06-08 00:00:00+08:00,8.52,8.56,8.48,8.54,32951117,0.0,0.0
2020-06-09 00:00:00+08:00,8.56,8.56,8.5,8.53,21344466,0.0,0.0
2020-06-10 00:00:00+08:00,8.52,8.55,8.49,8.53,23859194,0.0,0.0
2020-06-11 00:00:00+08:00,8.52,8.53,8.28,8.28,48245519,0.0,0.0
2020-06-12 00:00:00+08:00,8.14,8.25,8.12,8.25,31437815,0.0,0.0
2020-06-15 00:00:00+08:00,8.26,8.45,8.21,8.35,35703715,0.0,0.0
2020-06-16 00:00:00+08:00,8.43,8.45,8.39,8.45,26170974,0.0,0.0
2020-06-17 00:00:00+08:00,8.45,8.49,8.43,8.46,21382520,0.0,0.0
2020-06-18 00:00:00+08:00,8.47,8.5,8.38,8.46,22247469,0.0,0.0
2020-06-19 00:00:00+08:00,8.46,8.46,8.34,8.34,45715541,0.0,0.0
2020-06-22 00:00:00+08:00,8.34,8.41,8.34,8.39,14478370,0.0,0.0
2020-06-23 00:00:00+08:00,8.41,8.45,8.37,8.4,18575077,0.0,0.0
2020-06-24 00:00:00+08:00,8.45,8.48,8.41,8.41,20584627,0.0,0.0
2020-06-29 00:00:00+08:00,8.39,8.44,8.37,8.44,27404495,0.0,0.0
2020-06-30 00:00:00+08:00,8.44,8.52,8.44,8.52,35677577,0.0,0.0
2020-07-01 00:00:00+08:00,8.53,8.54,8.51,8.53,48892146,0.0,0.0
2020-07-02 00:00:00+08:00,8.54,8.54,8.52,8.53,54383499,0.0,0.0
2020-07-03 00:00:00+08:00,8.54,8.55,8.51,8.53,99165237,0.0,0.0
2020-07-06 00:00:00+08:00,8.64,8.71,8.64,8.69,96678993,0.6,0.0
2020-07-07 00:00:00+08:00,8.71,8.73,8.57,8.59,59580240,0.0,0.0
2020-07-08 00:00:00+08:00,8.59,8.62,8.55,8.57,34161376,0.0,0.0
2020-07-09 00:00:00+08:00,8.58,8.59,8.49,8.49,44086316,0.0,0.0
2020-07-10 00:00:00+08:00,8.49,8.49,8.37,8.41,34055869,0.0,0.0
2020-07-13 00:00:00+08:00,8.39,8.47,8.39,8.47,22662331,0.0,0.0
2020-07-14 00:00:00+08:00,8.5,8.59,8.5,8.54,24096351,0.0,0.0
2020-07-15 00:00:00+08:00,8.6,8.6,8.51,8.52,26325676,0.0,0.0
2020-07-16 00:00:00+08:00,8.59,8.59,8.52,8.53,24074471,0.0,0.0
2020-07-17 00:00:00+08:00,8.6,8.6,8.54,8.56,21407939,0.0,0.0
2020-07-20 00:00:00+08:00,8.56,8.61,8.54,8.59,15644942,0.0,0.0
2020-07-21 00:00:00+08:00,8.61,8.61,8.5,8.51,32346783,0.0,0.0
2020-07-22 00:00:00+08:00,8.51,8.55,8.51,8.55,27148093,0.0,0.0
2020-07-23 00:00:00+08:00,8.52,8.55,8.47,8.52,19049897,0.0,0.0
2020-07-24 00:00:00+08:00,8.46,8.5,8.4,8.41,26996297,0.0,0.0
2020-07-27 00:00:00+08:00,8.4,8.45,8.28,8.28,26907823,0.0,0.0
2020-07-28 00:00:00+08:00,8.23,8.29,8.18,8.26,26518442,0.0,0.0
2020-07-29 00:00:00+08:00,8.27,8.43,8.27,8.41,18879391,0.0,0.0
2020-07-30 00:00:00+08:00,8.46,8.46,8.29,8.32,25273004,0.0,0.0
2020-07-31 00:00:00+08:00,8.34,8.36,8.29,8.3,23520565,0.0,0.0
2020-08-03 00:00:00+08:00,8.3,8.3,8.19,8.2,25239903,0.0,0.0
2020-08-04 00:00:00+08:00,8.25,8.33,8.22,8.25,18911959,0.0,0.0
2020-08-05 00:00:00+08:00,8.32,8.33,8.28,8.29,17570323,0.0,0.0
2020-08-06 00:00:00+08:00,8.3,8.44,8.3,8.37,24412823,0.0,0.0
2020-08-07 00:00:00+08:00,8.37,8.39,8.27,8.32,22222039,0.0,0.0
2020-08-10 00:00:00+08:00,8.34,8.42,8.32,8.38,21898039,0.0,0.0
2020-08-11 00:00:00+08:00,8.39,8.4,8.34,8.34,15433625,0.0,0.0
2020-08-12 00:00:00+08:00,8.36,8.37,8.31,8.34,11150645,0.0,0.0
2020-08-13 00:00:00+08:00,8.38,8.39,8.3,8.34,12984821,0.0,0.0
2020-08-14 00:00:00+08:00,8.3,8.33,8.29,8.32,12602679,0.0,0.0
2020-08-17 00:00:00+08:00,8.31,8.38,8.29,8.36,15322802,0.0,0.0
2020-08-18 00:00:00+08:00,8.38,8.38,8.32,8.33,16264180,0.0,0.0
2020-08-19 00:00:00+08:00,8.37,8.39,8.31,8.31,25701252,0.0,0.0
2020-08-20 00:00:00+08:00,8.36,8.36,8.07,8.08,47288717,0.0,0.0
2020-08-21 00:00:00+08:00,8.2,8.25,8.15,8.23,19581422,0.0,0.0
2020-08-24 00:00:00+08:00,8.22,8.24,8.17,8.2,9580666,0.0,0.0
2020-08-25 00:00:00+08:00,8.22,8.3,8.18,8.25,18006662,0.0,0.0
2020-08-26 00:00:00+08:00,8.25,8.29,8.22,8.25,12179257,0.0,0.0
2020-08-27 00:00:00+08:00,8.24,8.29,8.2,8.24,12163077,0.0,0.0
2020-08-28 00:00:00+08:00,8.22,8.31,8.22,8.28,18192428,0.0,0.0
2020-08-31 00:00:00+08:00,8.31,8.33,8.21,8.21,36918219,0.0,0.0
2020-09-01 00:00:00+08:00,8.23,8.29,8.23,8.27,15285671,0.0,0.0
2020-09-02 00:00:00+08:00,8.27,8.28,8.19,8.24,18822374,0.0,0.0
2020-09-03 00:00:00+08:00,8.26,8.41,8.24,8.26,28229477,0.0,0.0
2020-09-04 00:00:00+08:00,8.22,8.29,8.21,8.25,17644723,0.0,0.0
2020-09-07 00:00:00+08:00,8.23,8.31,8.23,8.29,18364867,0.0,0.0
2020-09-08 00:00:00+08:00,8.3,8.34,8.3,8.32,13562159,0.0,0.0
2020-09-09 00:00:00+08:00,8.32,8.32,8.17,8.27,17933938,0.0,0.0
2020-09-10 00:00:00+08:00,8.29,8.38,8.28,8.36,23150956,0.0,0.0
2020-09-11 00:00:00+08:00,8.39,8.46,8.37,8.43,29911060,0.0,0.0
2020-09-14 00:00:00+08:00,8.46,8.46,8.39,8.43,17291620,0.0,0.0
2020-09-15 00:00:00+08:00,8.43,8.43,8.38,8.41,12634036,0.0,0.0
2020-09-16 00:00:00+08:00,8.41,8.42,8.36,8.4,13697379,0.0,0.0
2020-09-17 00:00:00+08:00,8.39,8.4,8.35,8.36,14517184,0.0,0.0
2020-09-18 00:00:00+08:00,8.37,8.4,8.31,8.31,36571250,0.0,0.0
2020-09-21 00:00:00+08:00,8.31,8.36,8.28,8.28,13447309,0.0,0.0
2020-09-22 00:00:00+08:00,8.23,8.24,8.15,8.17,25638833,0.0,0.0
2020-09-23 00:00:00+08:00,8.18,8.2,8.07,8.13,24737023,0.0,0.0
2020-09-24 00:00:00+08:00,8.04,8.06,7.86,7.89,40383671,0.0,0.0
2020-09-25 00:00:00+08:00,7.96,8.01,7.93,8.01,17152310,0.0,0.0
2020-09-28 00:00:00+08:00,8.03,8.09,8.01,8.08,17339724,0.0,0.0
2020-09-29 00:00:00+08:00,8.14,8.2,8.12,8.18,17318145,0.0,0.0
2020-09-30 00:00:00+08:00,8.19,8.25,8.16,8.18,14322597,0.0,0.0
2020-10-05 00:00:00+08:00,8.26,8.26,8.12,8.12,10973111,0.0,0.0
2020-10-06 00:00:00+08:00,8.16,8.29,8.16,8.28,15335275,0.0,0.0
2020-10-07 00:00:00+08:00,8.27,8.27,8.18,8.22,9270131,0.0,0.0
2020-10-08 00:00:00+08:00,8.25,8.28,8.24,8.27,10544260,0.0,0.0
2020-10-12 00:00:00+08:00,8.27,8.29,8.18,8.22,13458792,0.0,0.0
2020-10-13 00:00:00+08:00,8.17,8.19,8.1,8.17,13780989,0.0,0.0
2020-10-14 00:00:00+08:00,8.15,8.23,8.14,8.14,10988682,0.0,0.0
2020-10-15 00:00:00+08:00,8.12,8.16,8.09,8.09,13432407,0.0,0.0
2020-10-16 00:00:00+08:00,8.11,8.17,8.09,8.09,12689657,0.0,0.0
2020-10-19 00:00:00+08:00,8.1,8.21,8.1,8.17,11774714,0.0,0.0
2020-10-20 00:00:00+08:00,8.2,8.2,8.12,8.16,12968864,0.0,0.0
2020-10-21 00:00:00+08:00,8.16,8.2,8.14,8.17,13384677,0.0,0.0
2020-10-22 00:00:00+08:00,8.15,8.19,8.11,8.11,28381040,0.0,0.0
2020-10-23 00:00:00+08:00,8.12,8.19,8.12,8.14,10316762,0.0,0.0
2020-10-26 00:00:00+08:00,8.15,8.23,8.15,8.2,10379660,0.0,0.0
2020-10-27 00:00:00+08:00,8.14,8.19,8.14,8.19,7001795,0.0,0.0
2020-10-28 00:00:00+08:00,8.16,8.19,8.14,8.17,13408221,0.0,0.0
2020-10-29 00:00:00+08:00,8.09,8.14,8.04,8.11,23503642,0.0,0.0
2020-10-30 00:00:00+08:00,8.07,8.09,8.03,8.05,27814786,0.0,0.0
2020-11-02 00:00:00+08:00,8.05,8.13,8.03,8.13,11754306,0.0,0.0
2020-11-03 00:00:00+08:00,8.13,8.2,8.12,8.2,12920327,0.0,0.0
2020-11-04 00:00:00+08:00,8.21,8.24,8.13,8.16,10975908,0.0,0.0
2020-11-05 00:00:00+08:00,8.21,8.27,8.16,8.19,17499634,0.0,0.0
2020-11-06 00:00:00+08:00,8.22,8.25,8.17,8.25,19124851,0.0,0.0
2020-11-09 00:00:00+08:00,8.28,8.34,8.24,8.29,22228626,0.0,0.0
2020-11-10 00:00:00+08:00,8.32,8.4,8.3,8.33,36424740,0.0,0.0
2020-11-11 00:00:00+08:00,8.36,8.45,8.36,8.45,44911270,0.0,0.0
2020-11-12 00:00:00+08:00,8.43,8.44,8.29,8.35,26226638,0.0,0.0
2020-11-13 00:00:00+08:00,8.29,8.32,8.28,8.3,16858712,0.0,0.0
2020-11-16 00:00:00+08:00,8.34,8.34,8.3,8.34,21185023,0.0,0.0
2020-11-17 00:00:00+08:00,8.34,8.36,8.29,8.32,24921219,0.0,0.0
2020-11-18 00:00:00+08:00,8.32,8.4,8.31,8.38,28202804,0.0,0.0
2020-11-19 00:00:00+08:00,8.38,8.39,8.33,8.35,20638291,0.0,0.0
2020-11-20 00:00:00+08:00,8.35,8.35,8.28,8.3,23687116,0.0,0.0
2020-11-23 00:00:00+08:00,8.3,8.36,8.29,8.34,22231805,0.0,0.0
2020-11-24 00:00:00+08:00,8.33,8.35,8.3,8.35,22129300,0.0,0.0
2020-11-25 00:00:00+08:00,8.36,8.41,8.34,8.34,41982534,0.0,0.0
2020-11-26 00:00:00+08:00,8.34,8.37,8.32,8.37,25095853,0.0,0.0
2020-11-27 00:00:00+08:00,8.36,8.4,8.34,8.4,33894681,0.0,0.0
2020-11-30 00:00:00+08:00,8.61,8.62,8.46,8.57,128719645,0.0,0.0
2020-12-01 00:00:00+08:00,8.55,8.55,8.49,8.54,39672680,0.0,0.0
2020-12-02 00:00:00+08:00,8.54,8.59,8.47,8.58,58823086,0.0,0.0
2020-12-03 00:00:00+08:00,8.55,8.6,8.54,8.57,44713698,0.0,0.0
2020-12-04 00:00:00+08:00,8.59,8.65,8.58,8.65,69935070,0.0,0.0
2020-12-07 00:00:00+08:00,8.8,8.83,8.72,8.78,99080617,0.0,0.0
2020-12-08 00:00:00+08:00,8.73,8.75,8.6,8.6,69730427,0.0,0.0
2020-12-09 00:00:00+08:00,8.6,8.64,8.52,8.55,52038855,0.0,0.0
2020-12-10 00:00:00+08:00,8.56,8.63,8.55,8.61,42748128,0.0,0.0
2020-12-11 00:00:00+08:00,8.67,8.77,8.64,8.72,78103744,0.0,0.0
2020-12-14 00:00:00+08:00,8.75,8.75,8.68,8.71,54009832,0.0,0.0
2020-12-15 00:00:00+08:00,8.7,8.71,8.59,8.59,55103471,0.0,0.0
2020-12-16 00:00:00+08:00,8.6,8.78,8.6,8.75,77237645,0.0,0.0
2020-12-17 00:00:00+08:00,8.77,8.79,8.7,8.79,53987201,0.0,0.0
2020-12-18 00:00:00+08:00,8.79,8.83,8.69,8.69,148973673,0.0,0.0
2020-12-21 00:00:00+08:00,8.72,8.76,8.69,8.76,115178648,0.0,0.0
2020-12-22 00:00:00+08:00,8.75,8.8,8.7,8.7,108319119,0.0,0.0
2020-12-23 00:00:00+08:00,8.71,8.83,8.67,8.83,88069685,0.0,0.0
2020-12-24 00:00:00+08:00,8.8,8.86,8.78,8.86,94447890,0.0,0.0
2020-12-25 00:00:00+08:00,8.9,8.93,8.84,8.84,47202392,0.0,0.0
2020-12-28 00:00:00+08:00,8.82,8.86,8.8,8.81,28146228,0.0,0.0
2020-12-29 00:00:00+08:00,8.84,8.86,8.82,8.82,33637673,0.0,0.0
2020-12-30 00:00:00+08:00,8.82,9.05,8.8,9.02,85765918,0.0,0.0
2020-12-31 00:00:00+08:00,9.05,9.07,8.92,8.94,48674068,0.0,0.0
2021-01-04 00:00:00+08:00,8.94,8.95,8.84,8.88,40427537,0.0,0.0
2021-01-05 00:00:00+08:00,8.87,8.88,8.84,8.88,38513064,0.0,0.0
2021-01-06 00:00:00+08:00,8.93,9.0,8.85,8.92,66104426,0.0,0.0
2021-01-07 00:00:00+08:00,8.95,9.0,8.93,8.93,50666783,0.0,0.0
2021-01-08 00:00:00+08:00,8.98,9.06,8.95,9.04,69562919,0.0,0.0
2021-01-11 00:00:00+08:00,9.13,9.56,9.12,9.33,162089535,0.0,0.0
2021-01-12 00:00:00+08:00,9.31,9.31,9.03,9.1,86750871,0.0,0.0
2021-01-13 00:00:00+08:00,9.2,9.28,9.13,9.14,62592614,0.0,0.0
2021-01-14 00:00:00+08:00,9.18,9.19,9.05,9.09,45323156,0.0,0.0
2021-01-15 00:00:00+08:00,9.09,9.09,8.92,8.92,52636294,0.0,0.0
2021-01-18 00:00:00+08:00,8.88,8.89,8.75,8.89,40205572,0.0,0.0
2021-01-19 00:00:00+08:00,8.87,8.98,8.86,8.95,30314874,0.0,0.0
2021-01-20 00:00:00+08:00,8.92,8.95,8.71,8.71,53435912,0.0,0.0
2021-01-21 00:00:00+08:00,8.78,8.82,8.71,8.71,31514465,0.0,0.0
2021-01-22 00:00:00+08:00,8.75,8.76,8.68,8.69,47132898,0.0,0.0
2021-01-25 00:00:00+08:00,8.66,8.77,8.65,8.73,35601357,0.0,0.0
2021-01-26 00:00:00+08:00,8.73,8.74,8.67,8.69,29076880,0.0,0.0
2021-01-27 00:00:00+08:00,8.72,8.74,8.66,8.66,27374685,0.0,0.0
2021-01-28 00:00:00+08:00,8.61,8.66,8.58,8.59,50728843,0.0,0.0
2021-01-29 00:00:00+08:00,8.62,8.69,8.57,8.57,48058350,0.0,0.0
2021-02-01 00:00:00+08:00,8.58,8.63,8.57,8.58,23370268,0.0,0.0
2021-02-02 00:00:00+08:00,8.58,8.71,8.55,8.6,37320756,0.0,0.0
2021-02-03 00:00:00+08:00,8.69,8.71,8.62,8.7,24702424,0.0,0.0
2021-02-04 00:00:00+08:00,8.7,8.71,8.65,8.68,21828799,0.0,0.0
2021-02-05 00:00:00+08:00,8.69,8.74,8.66,8.71,27265107,0.0,0.0
2021-02-17 00:00:00+08:00,8.81,8.87,8.75,8.83,66947507,0.0,0.0
2021-02-18 00:00:00+08:00,8.85,8.93,8.84,8.89,46768311,0.0,0.0
2021-02-19 00:00:00+08:00,8.89,8.89,8.78,8.84,33888969,0.0,0.0
2021-02-22 00:00:00+08:00,8.84,8.92,8.83,8.84,36030107,0.0,0.0
2021-02-23 00:00:00+08:00,8.85,8.94,8.85,8.93,49304893,0.0,0.0
2021-02-24 00:00:00+08:00,8.95,9.03,8.92,8.95,47738793,0.0,0.0
2021-02-25 00:00:00+08:00,9.01,9.18,8.99,9.18,82933580,0.0,0.0
2021-02-26 00:00:00+08:00,9.07,9.1,8.94,8.94,86415656,0.0,0.0
2021-03-02 00:00:00+08:00,9.03,9.05,8.92,8.92,41667198,0.0,0.0
2021-03-03 00:00:00+08:00,8.96,9.08,8.91,9.05,57964197,0.0,0.0
2021-03-04 00:00:00+08:00,9.05,9.12,8.96,9.08,58555879,0.0,0.0
2021-03-05 00:00:00+08:00,9.02,9.11,9.01,9.07,34341480,0.0,0.0
2021-03-08 00:00:00+08:00,9.15,9.21,9.06,9.09,64557389,0.0,0.0
2021-03-09 00:00:00+08:00,9.13,9.36,9.13,9.32,123012593,0.0,0.0
2021-03-10 00:00:00+08:00,9.4,9.46,9.37,9.42,93109982,0.0,0.0
2021-03-11 00:00:00+08:00,9.5,9.6,9.42,9.45,126594129,0.0,0.0
2021-03-12 00:00:00+08:00,9.48,9.51,9.39,9.49,53577476,0.0,0.0
2021-03-15 00:00:00+08:00,9.53,9.71,9.52,9.71,110884377,0.0,0.0
2021-03-16 00:00:00+08:00,9.76,9.8,9.66,9.71,70266839,0.0,0.0
2021-03-17 00:00:00+08:00,9.71,9.71,9.61,9.66,51204321,0.0,0.0
2021-03-18 00:00:00+08:00,9.71,9.76,9.59,9.61,58848758,0.0,0.0
2021-03-19 00:00:00+08:00,9.61,9.76,9.61,9.61,154892604,0.0,0.0
2021-03-22 00:00:00+08:00,9.66,9.8,9.66,9.76,68924025,0.0,0.0
2021-03-23 00:00:00+08:00,9.85,9.9,9.8,9.8,70045337,0.0,0.0
2021-03-24 00:00:00+08:00,9.8,9.85,9.71,9.8,52927618,0.0,0.0
2021-03-25 00:00:00+08:00,9.8,10.09,9.76,10.09,130353215,0.0,0.0
2021-03-26 00:00:00+08:00,10.19,10.33,10.0,10.09,123723985,0.0,0.0
2021-03-29 00:00:00+08:00,10.09,10.14,10.0,10.09,66397887,0.0,0.0
2021-03-30 00:00:00+08:00,10.09,10.09,9.9,10.0,70852892,0.0,0.0
2021-03-31 00:00:00+08:00,10.04,10.09,10.0,10.09,68420577,0.0,0.0
2021-04-01 00:00:00+08:00,10.14,10.19,10.04,10.09,51293463,0.0,0.0
2021-04-07 00:00:00+08:00,10.04,10.09,9.95,10.04,44271396,0.0,0.0
2021-04-08 00:00:00+08:00,10.0,10.04,9.95,10.0,38935309,0.0,0.0
2021-04-09 00:00:00+08:00,10.0,10.04,9.9,10.0,49771255,0.0,0.0
2021-04-12 00:00:00+08:00,10.28,10.81,10.24,10.72,236541194,0.0,0.0
2021-04-13 00:00:00+08:00,10.81,10.91,10.62,10.62,130727239,0.0,0.0
2021-04-14 00:00:00+08:00,10.67,10.72,10.48,10.62,121003324,0.0,0.0
2021-04-15 00:00:00+08:00,10.67,10.86,10.67,10.81,105447858,0.0,0.0
2021-04-16 00:00:00+08:00,10.81,10.86,10.72,10.81,95997709,0.0,0.0
2021-04-19 00:00:00+08:00,10.91,11.39,10.86,11.34,168355039,0.0,0.0
2021-04-20 00:00:00+08:00,11.49,11.53,11.2,11.34,110295577,0.0,0.0
2021-04-21 00:00:00+08:00,11.25,11.34,11.15,11.29,83585661,0.0,0.0
2021-04-22 00:00:00+08:00,11.34,11.82,11.25,11.39,263477193,0.0,0.0
2021-04-23 00:00:00+08:00,11.49,11.82,11.44,11.82,184033918,0.0,0.0
2021-04-26 00:00:00+08:00,12.11,12.98,12.11,12.98,434463742,0.0,0.0
2021-04-27 00:00:00+08:00,12.88,12.93,12.69,12.93,238957189,0.0,0.0
2021-04-28 00:00:00+08:00,12.93,12.93,12.54,12.64,208528202,0.0,0.0
2021-04-29 00:00:00+08:00,12.64,12.74,12.35,12.54,175401535,0.0,0.0
2021-05-03 00:00:00+08:00,12.64,12.78,12.4,12.49,162881697,0.0,0.0
2021-05-04 00:00:00+08:00,12.45,12.54,11.44,11.87,329692648,0.0,0.0
2021-05-05 00:00:00+08:00,12.06,12.35,11.77,12.11,167129018,0.0,0.0
2021-05-06 00:00:00+08:00,12.25,12.35,12.01,12.25,105524860,0.0,0.0
2021-05-07 00:00:00+08:00,12.35,12.4,12.16,12.35,72291049,0.0,0.0
2021-05-10 00:00:00+08:00,12.49,12.93,12.45,12.83,217230306,0.0,0.0
2021-05-11 00:00:00+08:00,12.78,13.07,12.25,12.49,333662384,0.0,0.0
2021-05-12 00:00:00+08:00,12.59,12.74,11.53,11.92,416156256,0.0,0.0
2021-05-13 00:00:00+08:00,11.53,11.97,11.39,11.63,208569069,0.0,0.0
2021-05-14 00:00:00+08:00,11.87,11.92,11.49,11.63,156764218,0.0,0.0
2021-05-17 00:00:00+08:00,10.91,11.34,10.57,10.76,265769308,0.0,0.0
2021-05-18 00:00:00+08:00,11.1,11.68,11.01,11.63,193288378,0.0,0.0
2021-05-19 00:00:00+08:00,11.53,11.68,11.34,11.49,106893745,0.0,0.0
2021-05-20 00:00:00+08:00,11.44,11.44,11.25,11.39,80218836,0.0,0.0
2021-05-21 00:00:00+08:00,11.58,11.68,11.44,11.58,79172621,0.0,0.0
2021-05-24 00:00:00+08:00,11.44,11.63,11.39,11.58,51136744,0.0,0.0
2021-05-25 00:00:00+08:00,11.68,11.73,11.58,11.63,58909780,0.0,0.0
2021-05-26 00:00:00+08:00,11.77,11.82,11.63,11.73,62311172,0.0,0.0
2021-05-27 00:00:00+08:00,11.63,11.63,11.49,11.63,93675089,0.0,0.0
2021-05-28 00:00:00+08:00,11.73,11.87,11.63,11.82,77841299,0.0,0.0
2021-05-31 00:00:00+08:00,11.77,12.01,11.77,11.97,83858147,0.0,0.0
2021-06-01 00:00:00+08:00,12.01,12.16,11.92,12.11,54989163,0.0,0.0
2021-06-02 00:00:00+08:00,12.21,12.35,12.11,12.25,78234329,0.0,0.0
2021-06-03 00:00:00+08:00,12.35,12.35,12.11,12.21,40124402,0.0,0.0
2021-06-04 00:00:00+08:00,12.11,12.25,11.97,12.16,66204568,0.0,0.0
2021-06-07 00:00:00+08:00,12.16,12.21,11.82,12.01,62179582,0.0,0.0
2021-06-08 00:00:00+08:00,12.06,12.11,11.97,12.06,26615341,0.0,0.0
2021-06-09 00:00:00+08:00,12.01,12.06,11.87,11.97,42447972,0.0,0.0
2021-06-10 00:00:00+08:00,11.97,12.01,11.82,11.97,57519979,0.0,0.0
2021-06-11 00:00:00+08:00,11.97,12.06,11.92,12.01,39974699,0.0,0.0
2021-06-15 00:00:00+08:00,12.06,12.06,11.87,11.92,39797194,0.0,0.0
2021-06-16 00:00:00+08:00,11.87,11.92,11.77,11.87,49466957,0.0,0.0
2021-06-17 00:00:00+08:00,11.77,11.97,11.77,11.97,32803822,0.0,0.0
2021-06-18 00:00:00+08:00,11.92,11.97,11.77,11.77,92294561,0.0,0.0
2021-06-21 00:00:00+08:00,11.68,11.82,11.63,11.68,86786891,0.0,0.0
2021-06-22 00:00:00+08:00,11.87,12.49,11.87,12.16,236009490,0.0,0.0
2021-06-23 00:00:00+08:00,12.35,12.49,12.3,12.35,134845816,0.0,0.0
2021-06-24 00:00:00+08:00,12.4,12.45,12.25,12.3,69205130,0.0,0.0
2021-06-25 00:00:00+08:00,12.4,12.49,12.3,12.45,65091573,0.0,0.0
2021-06-28 00:00:00+08:00,12.54,12.74,12.54,12.69,97836712,0.0,0.0
2021-06-29 00:00:00+08:00,12.78,12.78,12.4,12.49,86578465,0.0,0.0
2021-06-30 00:00:00+08:00,12.54,12.69,12.54,12.64,53706814,0.0,0.0
2021-07-01 00:00:00+08:00,12.64,12.69,12.49,12.54,56225266,0.0,0.0
2021-07-02 00:00:00+08:00,12.54,12.69,12.49,12.64,42359495,0.0,0.0
2021-07-05 00:00:00+08:00,12.74,12.78,12.64,12.74,60683977,0.0,0.0
2021-07-06 00:00:00+08:00,12.78,12.83,12.69,12.78,60198332,0.0,0.0
2021-07-07 00:00:00+08:00,12.78,12.98,12.74,12.98,92110019,0.0,0.0
2021-07-08 00:00:00+08:00,13.12,13.5,13.07,13.41,161611711,0.0,0.0
2021-07-09 00:00:00+08:00,13.31,13.31,13.07,13.17,94703203,0.0,0.0
2021-07-12 00:00:00+08:00,13.36,13.65,13.31,13.41,110199262,0.0,0.0
2021-07-13 00:00:00+08:00,13.55,13.65,13.22,13.26,100002155,0.0,0.0
2021-07-14 00:00:00+08:00,13.36,13.46,13.22,13.41,68596494,0.0,0.0
2021-07-15 00:00:00+08:00,13.46,13.65,13.46,13.65,84182099,0.0,0.0
2021-07-16 00:00:00+08:00,13.55,14.23,13.55,14.13,159849036,0.0,0.0
2021-07-19 00:00:00+08:00,14.23,14.32,13.79,13.89,144498228,0.0,0.0
2021-07-20 00:00:00+08:00,13.6,13.7,13.46,13.6,112000765,0.0,0.0
2021-07-21 00:00:00+08:00,13.74,13.79,13.46,13.55,88653262,0.0,0.0
2021-07-22 00:00:00+08:00,13.65,13.7,13.55,13.65,46933185,0.0,0.0
2021-07-23 00:00:00+08:00,13.7,13.89,13.7,13.84,52691179,0.0,0.0
2021-07-26 00:00:00+08:00,13.94,14.13,13.65,13.7,71301156,0.0,0.0
2021-07-27 00:00:00+08:00,13.74,13.74,13.36,13.41,91049489,0.0,0.0
2021-07-28 00:00:00+08:00,13.31,13.36,13.02,13.31,105209069,0.0,0.0
2021-07-29 00:00:00+08:00,13.41,13.55,13.36,13.55,45346362,0.0,0.0
2021-07-30 00:00:00+08:00,13.55,13.65,13.46,13.55,48590408,0.0,0.0
2021-08-02 00:00:00+08:00,13.6,13.65,13.46,13.65,40041616,0.0,0.0
2021-08-03 00:00:00+08:00,13.6,13.65,13.5,13.65,34502167,0.0,0.0
2021-08-04 00:00:00+08:00,13.7,13.7,13.6,13.7,31183735,0.0,0.0
2021-08-05 00:00:00+08:00,13.7,13.74,13.65,13.7,55156073,0.0,0.0
2021-08-06 00:00:00+08:00,13.7,13.74,13.55,13.7,66731377,0.0,0.0
2021-08-09 00:00:00+08:00,13.65,13.7,13.55,13.6,101063015,0.0,0.0
2021-08-10 00:00:00+08:00,13.6,13.9,13.6,13.85,116618096,0.55,0.0
2021-08-11 00:00:00+08:00,13.85,14.1,13.8,13.9,97783244,0.0,0.0
2021-08-12 00:00:00+08:00,13.95,14.0,13.8,13.85,31844765,0.0,0.0
2021-08-13 00:00:00+08:00,14.1,14.6,13.9,14.3,234133847,0.0,0.0
2021-08-16 00:00:00+08:00,14.3,14.4,13.65,13.7,204983480,0.0,0.0
2021-08-17 00:00:00+08:00,13.7,13.7,13.7,13.7,0,0.0,0.0
2021-08-18 00:00:00+08:00,13.5,13.65,13.45,13.6,72735946,0.0,0.0
2021-08-19 00:00:00+08:00,13.5,13.55,13.15,13.2,118674350,0.0,0.0
2021-08-20 00:00:00+08:00,13.2,13.3,12.9,13.15,86083424,0.0,0.0
2021-08-23 00:00:00+08:00,13.25,13.4,13.15,13.35,62273687,0.0,0.0
2021-08-24 00:00:00+08:00,13.35,13.4,13.2,13.4,42534765,0.0,0.0
2021-08-25 00:00:00+08:00,13.4,13.65,13.35,13.65,59429627,0.0,0.0
2021-08-26 00:00:00+08:00,13.7,13.7,13.5,13.65,32828191,0.0,0.0
2021-08-27 00:00:00+08:00,13.6,13.85,13.55,13.8,46476263,0.0,0.0
2021-08-30 00:00:00+08:00,13.85,14.2,13.8,14.2,85398344,0.0,0.0
2021-08-31 00:00:00+08:00,14.2,14.25,13.9,14.2,77772154,0.0,0.0
2021-09-01 00:00:00+08:00,14.1,14.2,14.0,14.1,44304619,0.0,0.0
2021-09-02 00:00:00+08:00,14.1,14.15,13.7,13.75,81179184,0.0,0.0
2021-09-03 00:00:00+08:00,13.9,13.95,13.85,13.95,32618645,0.0,0.0
2021-09-06 00:00:00+08:00,13.95,13.95,13.8,13.8,37463694,0.0,0.0
2021-09-07 00:00:00+08:00,13.8,13.9,13.65,13.85,41065019,0.0,0.0
2021-09-08 00:00:00+08:00,13.85,13.9,13.7,13.75,41500389,0.0,0.0
2021-09-09 00:00:00+08:00,13.7,13.85,13.65,13.8,33656786,0.0,0.0
2021-09-10 00:00:00+08:00,13.8,13.9,13.75,13.9,19584918,0.0,0.0
2021-09-13 00:00:00+08:00,13.95,14.2,13.95,14.1,87948518,0.0,0.0
2021-09-14 00:00:00+08:00,14.15,14.35,14.05,14.3,102376999,0.0,0.0
2021-09-15 00:00:00+08:00,14.35,14.35,14.2,14.35,49588170,0.0,0.0
2021-09-16 00:00:00+08:00,14.35,14.75,14.35,14.5,123679646,0.0,0.0
2021-09-17 00:00:00+08:00,14.5,14.6,14.25,14.25,90180831,0.0,0.0
2021-09-22 00:00:00+08:00,13.9,14.1,13.75,14.1,104777313,0.0,0.0
2021-09-23 00:00:00+08:00,14.2,14.25,14.05,14.1,47732534,0.0,0.0
2021-09-24 00:00:00+08:00,14.2,14.25,14.0,14.1,47067078,0.0,0.0
2021-09-27 00:00:00+08:00,14.1,14.25,14.1,14.2,45694690,0.0,0.0
2021-09-28 00:00:00+08:00,14.15,14.2,14.05,14.2,26968428,0.0,0.0
2021-09-29 00:00:00+08:00,14.05,14.15,13.95,14.05,54837943,0.0,0.0
2021-09-30 00:00:00+08:00,14.1,14.2,14.0,14.2,43068698,0.0,0.0
2021-10-01 00:00:00+08:00,14.1,14.1,13.9,14.0,70813347,0.0,0.0
2021-10-04 00:00:00+08:00,14.05,14.1,13.9,13.9,43433228,0.0,0.0
2021-10-05 00:00:00+08:00,13.9,14.0,13.8,13.95,48754164,0.0,0.0
2021-10-06 00:00:00+08:00,14.0,14.05,13.9,14.0,42200384,0.0,0.0
2021-10-07 00:00:00+08:00,14.05,14.2,14.05,14.1,35750566,0.0,0.0
2021-10-08 00:00:00+08:00,14.2,14.2,14.05,14.15,32844695,0.0,0.0
2021-10-12 00:00:00+08:00,14.05,14.2,14.0,14.2,51419285,0.0,0.0
2021-10-13 00:00:00+08:00,14.2,14.25,14.05,14.1,35612275,0.0,0.0
2021-10-14 00:00:00+08:00,14.15,14.15,13.95,14.0,41567883,0.0,0.0
2021-10-15 00:00:00+08:00,14.1,14.15,14.0,14.1,35346299,0.0,0.0
2021-10-18 00:00:00+08:00,14.1,14.35,14.1,14.2,77104062,0.0,0.0
2021-10-19 00:00:00+08:00,14.3,14.35,14.2,14.25,39831051,0.0,0.0
2021-10-20 00:00:00+08:00,14.3,14.3,14.05,14.15,47277171,0.0,0.0
2021-10-21 00:00:00+08:00,14.15,14.25,14.1,14.15,47452408,0.0,0.0
2021-10-22 00:00:00+08:00,14.2,14.2,14.1,14.15,29299371,0.0,0.0
2021-10-25 00:00:00+08:00,14.15,14.2,14.1,14.15,20275219,0.0,0.0
2021-10-26 00:00:00+08:00,14.15,14.35,14.15,14.3,49839705,0.0,0.0
2021-10-27 00:00:00+08:00,14.25,14.35,14.25,14.3,31302387,0.0,0.0
2021-10-28 00:00:00+08:00,14.3,14.35,14.25,14.35,26803020,0.0,0.0
2021-10-29 00:00:00+08:00,14.35,14.35,14.15,14.2,34786463,0.0,0.0
2021-11-01 00:00:00+08:00,14.2,14.25,14.1,14.1,29256548,0.0,0.0
2021-11-02 00:00:00+08:00,14.15,14.2,14.1,14.15,30082573,0.0,0.0
2021-11-03 00:00:00+08:00,14.15,14.2,14.1,14.15,19892631,0.0,0.0
2021-11-04 00:00:00+08:00,14.25,14.3,14.15,14.15,38165568,0.0,0.0
2021-11-05 00:00:00+08:00,14.15,14.25,14.1,14.15,36080108,0.0,0.0
2021-11-08 00:00:00+08:00,14.2,14.3,14.15,14.3,33964353,0.0,0.0
2021-11-09 00:00:00+08:00,14.3,14.35,14.25,14.3,22518284,0.0,0.0
2021-11-10 00:00:00+08:00,14.3,14.35,14.25,14.35,24480808,0.0,0.0
2021-11-11 00:00:00+08:00,14.3,14.65,14.3,14.5,81502240,0.0,0.0
2021-11-12 00:00:00+08:00,14.6,15.5,14.55,15.3,221177000,0.0,0.0
2021-11-15 00:00:00+08:00,15.55,15.85,15.5,15.6,152077714,0.0,0.0
2021-11-16 00:00:00+08:00,15.55,15.7,15.3,15.65,86782863,0.0,0.0
2021-11-17 00:00:00+08:00,15.9,17.15,15.85,16.95,317535971,0.0,0.0
2021-11-18 00:00:00+08:00,17.1,17.5,16.8,17.1,204290162,0.0,0.0
2021-11-19 00:00:00+08:00,17.1,17.15,16.7,16.85,116246569,0.0,0.0
2021-11-22 00:00:00+08:00,16.8,16.8,16.55,16.7,79995442,0.0,0.0
2021-11-23 00:00:00+08:00,16.6,16.95,16.55,16.8,78274770,0.0,0.0
2021-11-24 00:00:00+08:00,17.0,17.1,16.7,16.8,74057640,0.0,0.0
2021-11-25 00:00:00+08:00,16.8,16.8,16.6,16.8,49513075,0.0,0.0
2021-11-26 00:00:00+08:00,16.75,16.8,16.3,16.35,104183881,0.0,0.0
2021-11-29 00:00:00+08:00,15.9,16.3,15.9,16.2,88683075,0.0,0.0
2021-11-30 00:00:00+08:00,16.3,16.45,16.05,16.4,109732666,0.0,0.0
2021-12-01 00:00:00+08:00,16.15,16.25,16.05,16.25,58243081,0.0,0.0
2021-12-02 00:00:00+08:00,16.2,16.2,16.05,16.15,46060847,0.0,0.0
2021-12-03 00:00:00+08:00,16.25,16.6,16.25,16.35,65010049,0.0,0.0
2021-12-06 00:00:00+08:00,16.35,16.55,16.2,16.45,57013239,0.0,0.0
2021-12-07 00:00:00+08:00,16.5,16.75,16.3,16.7,64573745,0.0,0.0
2021-12-08 00:00:00+08:00,16.75,16.8,16.5,16.5,65190129,0.0,0.0
2021-12-09 00:00:00+08:00,16.5,16.65,16.5,16.65,44426666,0.0,0.0
2021-12-10 00:00:00+08:00,16.7,16.8,16.6,16.6,47147678,0.0,0.0
2021-12-13 00:00:00+08:00,16.65,16.8,16.6,16.65,49851735,0.0,0.0
2021-12-14 00:00:00+08:00,16.6,16.6,16.45,16.6,49125430,0.0,0.0
2021-12-15 00:00:00+08:00,16.55,16.65,16.45,16.55,45661338,0.0,0.0
2021-12-16 00:00:00+08:00,16.65,16.65,16.45,16.5,75155574,0.0,0.0
2021-12-17 00:00:00+08:00,16.5,17.0,16.5,16.85,220299976,0.0,0.0
2021-12-20 00:00:00+08:00,16.85,16.95,16.55,16.55,124004390,0.0,0.0
2021-12-21 00:00:00+08:00,16.5,16.75,16.45,16.6,82216799,0.0,0.0
2021-12-22 00:00:00+08:00,16.65,16.7,16.5,16.65,94702865,0.0,0.0
2021-12-23 00:00:00+08:00,16.65,16.75,16.55,16.7,85424379,0.0,0.0
2021-12-24 00:00:00+08:00,16.75,16.95,16.7,16.85,65906822,0.0,0.0
2021-12-27 00:00:00+08:00,16.9,16.95,16.85,16.9,27435617,0.0,0.0
2021-12-28 00:00:00+08:00,16.95,17.1,16.9,17.1,69405762,0.0,0.0
2021-12-29 00:00:00+08:00,17.2,17.6,17.15,17.6,117023705,0.0,0.0
2021-12-30 00:00:00+08:00,17.55,17.6,17.35,17.5,110346940,0.0,0.0
2022-01-03 00:00:00+08:00,17.5,17.5,17.0,17.15,117054696,0.0,0.0
2022-01-04 00:00:00+08:00,17.05,17.2,17.0,17.1,40655627,0.0,0.0
2022-01-05 00:00:00+08:00,17.05,17.35,17.0,17.2,56181626,0.0,0.0
2022-01-06 00:00:00+08:00,17.15,17.35,17.1,17.25,44978324,0.0,0.0
2022-01-07 00:00:00+08:00,17.3,17.45,17.2,17.3,62598189,0.0,0.0
2022-01-10 00:00:00+08:00,17.3,17.35,17.2,17.35,34663030,0.0,0.0
2022-01-11 00:00:00+08:00,17.35,18.4,17.35,18.25,259769153,0.0,0.0
2022-01-12 00:00:00+08:00,18.2,18.6,18.0,18.45,201148174,0.0,0.0
2022-01-13 00:00:00+08:00,18.35,18.7,18.25,18.65,163936833,0.0,0.0
2022-01-14 00:00:00+08:00,18.65,19.35,18.55,18.85,247650393,0.0,0.0
2022-01-17 00:00:00+08:00,19.0,19.25,18.75,18.9,142903404,0.0,0.0
2022-01-18 00:00:00+08:00,18.95,19.15,18.8,19.1,87585105,0.0,0.0
2022-01-19 00:00:00+08:00,19.0,19.25,18.8,18.85,119921523,0.0,0.0
2022-01-20 00:00:00+08:00,18.85,18.9,18.5,18.75,108220626,0.0,0.0
2022-01-21 00:00:00+08:00,18.55,18.65,18.25,18.4,124061595,0.0,0.0
2022-01-24 00:00:00+08:00,18.15,18.45,17.8,18.45,120167139,0.0,0.0
2022-01-25 00:00:00+08:00,18.15,18.3,18.0,18.2,76471975,0.0,0.0
2022-01-26 00:00:00+08:00,18.15,18.35,18.1,18.2,56753322,0.0,0.0
2022-02-07 00:00:00+08:00,18.4,19.2,18.35,19.1,165729555,0.0,0.0
2022-02-08 00:00:00+08:00,19.1,19.3,18.9,19.25,109622056,0.0,0.0
2022-02-09 00:00:00+08:00,19.3,19.5,19.15,19.3,69764173,0.0,0.0
2022-02-10 00:00:00+08:00,19.25,19.3,19.05,19.3,58621622,0.0,0.0
2022-02-11 00:00:00+08:00,19.15,19.4,19.1,19.3,51585708,0.0,0.0
2022-02-14 00:00:00+08:00,19.1,19.25,19.0,19.2,78014297,0.0,0.0
2022-02-15 00:00:00+08:00,19.25,19.65,19.1,19.15,88138674,0.0,0.0
2022-02-16 00:00:00+08:00,19.4,19.45,19.2,19.3,57268480,0.0,0.0
2022-02-17 00:00:00+08:00,19.4,19.6,19.3,19.35,75197564,0.0,0.0
2022-02-18 00:00:00+08:00,19.25,19.6,19.2,19.5,67167455,0.0,0.0
2022-02-21 00:00:00+08:00,19.4,19.6,19.4,19.6,47237706,0.0,0.0
2022-02-22 00:00:00+08:00,19.55,19.55,19.1,19.4,115770698,0.0,0.0
2022-02-23 00:00:00+08:00,19.3,19.5,19.3,19.35,39033725,0.0,0.0
2022-02-24 00:00:00+08:00,19.2,19.25,18.65,18.85,161222457,0.0,0.0
2022-02-25 00:00:00+08:00,18.95,19.1,18.55,18.95,106650972,0.0,0.0
2022-03-01 00:00:00+08:00,18.6,18.95,18.4,18.75,95179816,0.0,0.0
2022-03-02 00:00:00+08:00,18.55,18.65,18.2,18.4,128361465,0.0,0.0
2022-03-03 00:00:00+08:00,18.5,18.6,18.35,18.45,59408010,0.0,0.0
2022-03-04 00:00:00+08:00,18.25,18.25,17.9,17.9,168887727,0.0,0.0
2022-03-07 00:00:00+08:00,17.3,17.4,16.9,17.05,220965674,0.0,0.0
2022-03-08 00:00:00+08:00,16.75,17.25,16.7,16.95,110527855,0.0,0.0
2022-03-09 00:00:00+08:00,17.1,17.2,17.0,17.05,59030079,0.0,0.0
2022-03-10 00:00:00+08:00,17.5,17.95,17.45,17.7,100689402,0.0,0.0
2022-03-11 00:00:00+08:00,17.7,17.7,17.45,17.5,42441085,0.0,0.0
2022-03-14 00:00:00+08:00,17.6,17.75,17.4,17.55,40142659,0.0,0.0
2022-03-15 00:00:00+08:00,17.6,17.9,17.45,17.8,65665906,0.0,0.0
2022-03-16 00:00:00+08:00,17.9,18.1,17.7,17.85,63449316,0.0,0.0
2022-03-17 00:00:00+08:00,18.35,18.75,18.3,18.65,119213020,0.0,0.0
2022-03-18 00:00:00+08:00,18.8,19.05,18.6,19.05,228116571,0.0,0.0
2022-03-21 00:00:00+08:00,19.1,19.2,18.7,18.8,84128909,0.0,0.0
2022-03-22 00:00:00+08:00,18.75,18.8,18.6,18.75,45737052,0.0,0.0
2022-03-23 00:00:00+08:00,18.85,19.05,18.85,19.0,59889443,0.0,0.0
2022-03-24 00:00:00+08:00,18.9,19.0,18.8,19.0,37257641,0.0,0.0
2022-03-25 00:00:00+08:00,19.0,19.05,18.75,18.75,38431441,0.0,0.0
2022-03-28 00:00:00+08:00,18.6,18.95,18.45,18.95,51418259,0.0,0.0
2022-03-29 00:00:00+08:00,18.9,18.95,18.85,18.95,20879148,0.0,0.0
2022-03-30 00:00:00+08:00,19.05,19.15,19.0,19.05,58390242,0.0,0.0
2022-03-31 00:00:00+08:00,19.1,19.45,19.05,19.2,120674954,0.0,0.0
2022-04-01 00:00:00+08:00,19.1,19.4,19.05,19.3,49497665,0.0,0.0
2022-04-06 00:00:00+08:00,19.35,19.7,19.2,19.7,105076747,0.0,0.0
2022-04-07 00:00:00+08:00,19.7,20.0,19.3,19.3,123057664,0.0,0.0
2022-04-08 00:00:00+08:00,19.45,19.8,19.25,19.8,68524510,0.0,0.0
2022-04-11 00:00:00+08:00,19.95,20.1,19.5,19.75,91354788,0.0,0.0
2022-04-12 00:00:00+08:00,19.65,19.65,19.45,19.55,54410459,0.0,0.0
2022-04-13 00:00:00+08:00,19.7,19.85,19.5,19.65,40571875,0.0,0.0
2022-04-14 00:00:00+08:00,19.7,19.75,19.15,19.2,73934197,0.0,0.0
2022-04-15 00:00:00+08:00,19.05,19.25,18.8,19.0,59993915,0.0,0.0
2022-04-18 00:00:00+08:00,18.85,18.9,18.3,18.5,77970534,0.0,0.0
2022-04-19 00:00:00+08:00,18.55,18.8,18.45,18.5,39280368,0.0,0.0
2022-04-20 00:00:00+08:00,18.6,18.75,18.4,18.75,44758838,0.0,0.0
2022-04-21 00:00:00+08:00,18.75,18.75,18.4,18.4,43485637,0.0,0.0
2022-04-22 00:00:00+08:00,18.15,18.7,18.1,18.6,45769814,0.0,0.0
2022-04-25 00:00:00+08:00,18.25,18.4,18.1,18.15,61834603,0.0,0.0
2022-04-26 00:00:00+08:00,18.2,18.35,18.15,18.2,61865720,0.0,0.0
2022-04-27 00:00:00+08:00,17.9,17.9,17.65,17.8,86434744,0.0,0.0
2022-04-28 00:00:00+08:00,17.8,17.9,17.5,17.9,51445412,0.0,0.0
2022-04-29 00:00:00+08:00,18.0,18.1,17.8,17.95,56216736,0.0,0.0
2022-05-03 00:00:00+08:00,17.85,17.9,17.6,17.7,33564581,0.0,0.0
2022-05-04 00:00:00+08:00,17.7,17.8,17.6,17.7,31117006,0.0,0.0
2022-05-05 00:00:00+08:00,17.9,17.95,17.6,17.65,38782093,0.0,0.0
2022-05-06 00:00:00+08:00,17.4,17.45,17.2,17.45,53492368,0.0,0.0
2022-05-09 00:00:00+08:00,17.15,17.2,16.8,16.85,95969911,0.0,0.0
2022-05-10 00:00:00+08:00,16.45,16.85,16.3,16.7,78042928,0.0,0.0
2022-05-11 00:00:00+08:00,16.7,16.8,16.4,16.4,48314672,0.0,0.0
2022-05-12 00:00:00+08:00,16.25,16.25,15.8,15.85,107148545,0.0,0.0
2022-05-13 00:00:00+08:00,15.95,16.1,15.8,16.0,53078184,0.0,0.0
2022-05-16 00:00:00+08:00,16.1,16.2,15.65,15.85,57498751,0.0,0.0
2022-05-17 00:00:00+08:00,15.9,16.0,15.7,15.85,36821179,0.0,0.0
2022-05-18 00:00:00+08:00,15.95,16.4,15.95,16.35,51684648,0.0,0.0
2022-05-19 00:00:00+08:00,15.85,15.95,15.7,15.8,45173846,0.0,0.0
2022-05-20 00:00:00+08:00,15.85,16.0,15.8,15.9,28223151,0.0,0.0
2022-05-23 00:00:00+08:00,15.9,15.95,15.6,15.9,56018112,0.0,0.0
2022-05-24 00:00:00+08:00,16.05,16.2,15.6,15.6,77084318,0.0,0.0
2022-05-25 00:00:00+08:00,15.55,15.55,15.1,15.2,108193349,0.0,0.0
2022-05-26 00:00:00+08:00,15.3,15.45,15.15,15.15,61371104,0.0,0.0
2022-05-27 00:00:00+08:00,15.3,15.6,15.25,15.5,52485756,0.0,0.0
2022-05-30 00:00:00+08:00,15.75,16.2,15.7,16.15,83289341,0.0,0.0
2022-05-31 00:00:00+08:00,16.15,16.2,15.9,16.2,138338908,0.0,0.0
2022-06-01 00:00:00+08:00,16.1,16.1,15.9,15.95,35503112,0.0,0.0
2022-06-02 00:00:00+08:00,15.85,15.9,15.75,15.8,32659584,0.0,0.0
2022-06-06 00:00:00+08:00,15.7,16.15,15.7,16.05,29963843,0.0,0.0
2022-06-07 00:00:00+08:00,15.95,16.05,15.9,15.9,29285212,0.0,0.0
2022-06-08 00:00:00+08:00,16.0,16.05,15.95,16.0,19263988,0.0,0.0
2022-06-09 00:00:00+08:00,16.05,16.2,15.95,16.0,23166600,0.0,0.0
2022-06-10 00:00:00+08:00,15.85,15.95,15.75,15.85,22303242,0.0,0.0
2022-06-13 00:00:00+08:00,15.5,15.55,15.3,15.5,51382937,0.0,0.0
2022-06-14 00:00:00+08:00,15.4,15.65,15.3,15.55,39684816,0.0,0.0
2022-06-15 00:00:00+08:00,15.55,15.65,15.5,15.5,25952539,0.0,0.0
2022-06-16 00:00:00+08:00,15.65,15.75,15.2,15.25,57325568,0.0,0.0
2022-06-17 00:00:00+08:00,15.0,15.2,15.0,15.15,73466383,0.0,0.0
2022-06-20 00:00:00+08:00,15.1,15.3,14.6,14.7,78530662,0.0,0.0
2022-06-21 00:00:00+08:00,14.95,15.35,14.9,15.3,61473074,0.0,0.0
2022-06-22 00:00:00+08:00,15.4,15.55,15.05,15.1,41038805,0.0,0.0
2022-06-23 00:00:00+08:00,15.3,15.3,14.9,15.1,41965212,0.0,0.0
2022-06-24 00:00:00+08:00,15.3,15.3,15.1,15.25,28260853,0.0,0.0
2022-06-27 00:00:00+08:00,15.4,15.4,15.25,15.25,30106834,0.0,0.0
2022-06-28 00:00:00+08:00,15.3,15.35,15.15,15.3,25080567,0.0,0.0
2022-06-29 00:00:00+08:00,15.2,15.3,15.15,15.2,35567693,0.0,0.0
2022-06-30 00:00:00+08:00,15.25,15.25,14.7,14.7,77400245,0.0,0.0
2022-07-01 00:00:00+08:00,14.7,14.7,14.25,14.3,88221772,0.0,0.0
2022-07-04 00:00:00+08:00,14.3,14.5,14.05,14.2,76094888,0.0,0.0
2022-07-05 00:00:00+08:00,14.3,14.35,14.05,14.25,114959580,0.0,0.0
2022-07-06 00:00:00+08:00,13.2,13.4,12.9,12.9,131818004,0.0,0.0
2022-07-07 00:00:00+08:00,12.95,13.05,12.65,12.9,64729668,0.0,0.0
2022-07-08 00:00:00+08:00,13.0,13.1,12.85,12.9,43498078,0.0,0.0
2022-07-11 00:00:00+08:00,13.0,13.0,12.75,12.8,28917523,0.0,0.0
2022-07-12 00:00:00+08:00,12.7,12.7,12.25,12.3,63722892,0.0,0.0
2022-07-13 00:00:00+08:00,12.65,12.85,12.6,12.8,56972160,0.0,0.0
2022-07-14 00:00:00+08:00,12.7,12.85,12.6,12.75,30255359,0.0,0.0
2022-07-15 00:00:00+08:00,12.75,12.8,12.5,12.5,28216404,0.0,0.0
2022-07-18 00:00:00+08:00,12.6,12.8,12.55,12.7,42792891,0.0,0.0
2022-07-19 00:00:00+08:00,12.7,12.9,12.65,12.8,47037540,0.0,0.0
2022-07-20 00:00:00+08:00,12.95,13.1,12.7,12.75,62723633,0.0,0.0
2022-07-21 00:00:00+08:00,12.6,12.7,12.35,12.65,63735432,0.0,0.0
2022-07-22 00:00:00+08:00,12.65,12.8,12.55,12.75,46603315,0.0,0.0
2022-07-25 00:00:00+08:00,12.75,12.9,12.7,12.85,25498241,0.0,0.0
2022-07-26 00:00:00+08:00,12.9,13.05,12.8,12.95,31675174,0.0,0.0
2022-07-27 00:00:00+08:00,12.95,12.95,12.75,12.85,22033706,0.0,0.0
2022-07-28 00:00:00+08:00,12.95,13.0,12.85,12.95,30934567,0.0,0.0
2022-07-29 00:00:00+08:00,13.0,13.1,12.9,12.9,33889819,0.0,0.0
2022-08-01 00:00:00+08:00,12.95,13.05,12.85,13.05,26005007,0.0,0.0
2022-08-02 00:00:00+08:00,12.9,12.95,12.8,12.9,37946503,0.0,0.0
2022-08-03 00:00:00+08:00,12.75,12.85,12.7,12.85,36567594,0.0,0.0
2022-08-04 00:00:00+08:00,12.75,12.9,12.7,12.85,31273329,0.0,0.0
2022-08-05 00:00:00+08:00,12.9,13.45,12.9,13.35,75904615,0.0,0.0
2022-08-08 00:00:00+08:00,13.25,13.35,13.15,13.35,35953476,0.0,0.0
2022-08-09 00:00:00+08:00,13.35,13.5,13.25,13.4,28063208,0.0,0.0
2022-08-10 00:00:00+08:00,13.5,13.65,13.3,13.55,47325234,0.0,0.0
2022-08-11 00:00:00+08:00,13.75,14.1,13.7,13.9,64693146,0.0,0.0
2022-08-12 00:00:00+08:00,13.9,13.95,13.75,13.9,33651593,0.0,0.0
2022-08-15 00:00:00+08:00,13.95,14.0,13.85,13.9,24630351,0.0,0.0
2022-08-16 00:00:00+08:00,13.9,13.95,13.8,13.9,20576126,0.0,0.0
2022-08-17 00:00:00+08:00,13.95,14.05,13.9,14.0,25660537,0.0,0.0
2022-08-18 00:00:00+08:00,13.9,13.95,13.85,13.85,16531217,0.0,0.0
2022-08-19 00:00:00+08:00,13.85,13.9,13.8,13.9,18260263,0.0,0.0
2022-08-22 00:00:00+08:00,13.75,13.8,13.7,13.75,7394000,0.0,0.0
2022-08-23 00:00:00+08:00,13.7,13.7,13.55,13.55,28236488,0.0,0.0
2022-08-24 00:00:00+08:00,13.55,13.6,13.45,13.55,31583733,0.0,0.0
2022-08-25 00:00:00+08:00,13.55,13.65,13.5,13.65,19915698,0.0,0.0
2022-08-26 00:00:00+08:00,13.7,13.8,13.7,13.75,18369064,0.0,0.0
2022-08-29 00:00:00+08:00,13.35,13.45,13.3,13.35,40496954,0.0,0.0
2022-08-30 00:00:00+08:00,13.35,13.45,13.25,13.35,34124373,0.0,0.0
2022-08-31 00:00:00+08:00,13.3,13.5,13.3,13.4,27696288,0.0,0.0
2022-09-01 00:00:00+08:00,13.3,13.35,13.15,13.3,35479205,0.0,0.0
2022-09-02 00:00:00+08:00,13.3,13.35,13.15,13.15,27144553,0.0,0.0
2022-09-05 00:00:00+08:00,13.1,13.2,12.95,13.1,41050567,0.0,0.0
2022-09-06 00:00:00+08:00,13.15,13.25,13.05,13.15,35740244,0.0,0.0
2022-09-07 00:00:00+08:00,13.0,13.05,12.8,12.85,46469032,0.0,0.0
2022-09-08 00:00:00+08:00,12.9,13.05,12.85,13.05,24796614,0.0,0.0
2022-09-12 00:00:00+08:00,13.15,13.35,13.1,13.35,25144993,0.0,0.0
2022-09-13 00:00:00+08:00,13.45,13.5,13.3,13.4,19897100,0.0,0.0
2022-09-14 00:00:00+08:00,13.1,13.2,13.0,13.1,31361716,0.0,0.0
2022-09-15 00:00:00+08:00,13.1,13.3,13.1,13.15,24527664,0.0,0.0
2022-09-16 00:00:00+08:00,13.05,13.2,13.05,13.1,42498035,0.0,0.0
2022-09-19 00:00:00+08:00,13.1,13.15,12.9,12.95,27289538,0.0,0.0
2022-09-20 00:00:00+08:00,13.05,13.15,13.0,13.1,19908651,0.0,0.0
2022-09-21 00:00:00+08:00,13.05,13.1,12.95,13.0,24133357,0.0,0.0
2022-09-22 00:00:00+08:00,12.85,12.9,12.7,12.8,39181190,0.0,0.0
2022-09-23 00:00:00+08:00,12.85,13.0,12.8,12.85,21687098,0.0,0.0
2022-09-26 00:00:00+08:00,12.75,12.8,12.55,12.6,38826209,0.0,0.0
2022-09-27 00:00:00+08:00,12.7,12.75,12.45,12.55,30061113,0.0,0.0
2022-09-28 00:00:00+08:00,12.55,12.6,12.1,12.15,52420339,0.0,0.0
2022-09-29 00:00:00+08:00,12.3,12.35,12.1,12.25,39050737,0.0,0.0
2022-09-30 00:00:00+08:00,12.2,12.2,11.9,12.0,53167750,0.0,0.0
2022-10-03 00:00:00+08:00,11.75,11.9,11.7,11.8,30479517,0.0,0.0
2022-10-04 00:00:00+08:00,12.0,12.15,11.85,11.9,33225588,0.0,0.0
2022-10-05 00:00:00+08:00,12.05,12.3,12.05,12.3,30920770,0.0,0.0
2022-10-06 00:00:00+08:00,12.3,12.4,12.2,12.4,28284088,0.0,0.0
2022-10-07 00:00:00+08:00,12.3,12.45,12.25,12.35,12635106,0.0,0.0
2022-10-11 00:00:00+08:00,12.1,12.25,11.95,12.15,40406304,0.0,0.0
2022-10-12 00:00:00+08:00,12.1,12.35,12.0,12.2,32243123,0.0,0.0
2022-10-13 00:00:00+08:00,12.2,12.3,11.6,11.7,55459901,0.0,0.0
2022-10-14 00:00:00+08:00,11.9,12.05,11.6,11.65,48245496,0.0,0.0
2022-10-17 00:00:00+08:00,11.5,11.5,11.0,11.3,58524994,0.0,0.0
2022-10-18 00:00:00+08:00,11.35,11.4,11.1,11.35,37249607,0.0,0.0
2022-10-19 00:00:00+08:00,11.35,11.4,11.2,11.2,26985630,0.0,0.0
2022-10-20 00:00:00+08:00,11.0,11.45,10.9,11.45,55210457,0.0,0.0
2022-10-21 00:00:00+08:00,11.3,11.4,11.2,11.2,26044136,0.0,0.0
2022-10-24 00:00:00+08:00,11.35,11.4,11.1,11.15,35082056,0.0,0.0
2022-10-25 00:00:00+08:00,11.25,11.45,11.2,11.45,38306468,0.0,0.0
2022-10-26 00:00:00+08:00,11.45,11.75,11.4,11.65,32046878,0.0,0.0
2022-10-27 00:00:00+08:00,11.8,11.85,11.75,11.75,23861185,0.0,0.0
2022-10-28 00:00:00+08:00,11.8,11.95,11.6,11.7,24554558,0.0,0.0
2022-10-31 00:00:00+08:00,11.85,11.95,11.75,11.75,24090134,0.0,0.0
2022-11-01 00:00:00+08:00,11.75,12.0,11.65,11.95,24323609,0.0,0.0
2022-11-02 00:00:00+08:00,11.9,12.05,11.85,11.95,18783245,0.0,0.0
2022-11-03 00:00:00+08:00,11.75,12.05,11.75,12.0,22692314,0.0,0.0
2022-11-04 00:00:00+08:00,11.95,12.2,11.85,12.2,19976242,0.0,0.0
2022-11-07 00:00:00+08:00,12.25,12.35,12.25,12.35,23741860,0.0,0.0
2022-11-08 00:00:00+08:00,12.45,12.5,12.35,12.45,21618945,0.0,0.0
2022-11-09 00:00:00+08:00,12.5,12.5,12.4,12.5,19285383,0.0,0.0
2022-11-10 00:00:00+08:00,12.35,12.4,12.25,12.3,22396986,0.0,0.0
2022-11-11 00:00:00+08:00,12.5,12.95,12.5,12.9,63926614,0.0,0.0
2022-11-14 00:00:00+08:00,12.95,13.1,12.85,13.0,37011882,0.0,0.0
2022-11-15 00:00:00+08:00,12.9,13.15,12.7,13.15,32830862,0.0,0.0
2022-11-16 00:00:00+08:00,13.15,13.15,12.95,13.0,34308968,0.0,0.0
2022-11-17 00:00:00+08:00,12.95,13.0,12.8,12.95,16461595,0.0,0.0
2022-11-18 00:00:00+08:00,12.95,13.1,12.85,13.0,23702203,0.0,0.0
2022-11-21 00:00:00+08:00,13.05,13.15,12.9,13.1,27902320,0.0,0.0
2022-11-22 00:00:00+08:00,13.1,13.45,13.0,13.45,55212579,0.0,0.0
2022-11-23 00:00:00+08:00,13.55,13.65,13.4,13.5,52873355,0.0,0.0
2022-11-24 00:00:00+08:00,13.35,13.35,12.9,12.9,105572147,0.0,0.0
2022-11-25 00:00:00+08:00,12.85,13.1,12.8,12.9,48835773,0.0,0.0
2022-11-28 00:00:00+08:00,12.8,13.15,12.8,12.9,56565912,0.0,0.0
2022-11-29 00:00:00+08:00,13.0,13.35,12.85,13.2,58700002,0.0,0.0
2022-11-30 00:00:00+08:00,13.2,13.45,13.2,13.35,61613379,0.0,0.0
2022-12-01 00:00:00+08:00,13.5,13.6,13.3,13.35,46603636,0.0,0.0
2022-12-02 00:00:00+08:00,13.3,13.5,13.3,13.45,31780837,0.0,0.0
2022-12-05 00:00:00+08:00,13.45,13.55,13.35,13.4,23916753,0.0,0.0
2022-12-06 00:00:00+08:00,13.35,13.4,13.15,13.15,29059917,0.0,0.0
2022-12-07 00:00:00+08:00,12.95,13.3,12.95,13.05,37759667,0.0,0.0
2022-12-08 00:00:00+08:00,13.0,13.05,12.85,12.95,32571122,0.0,0.0
2022-12-09 00:00:00+08:00,12.95,13.05,12.9,12.95,23102868,0.0,0.0
2022-12-12 00:00:00+08:00,12.75,13.0,12.6,12.95,32718177,0.0,0.0
2022-12-13 00:00:00+08:00,13.0,13.0,12.7,12.8,37141114,0.0,0.0
2022-12-14 00:00:00+08:00,12.8,12.9,12.7,12.85,23870922,0.0,0.0
2022-12-15 00:00:00+08:00,12.9,12.9,12.75,12.85,13832300,0.0,0.0
2022-12-16 00:00:00+08:00,12.7,12.85,12.7,12.7,48476744,0.0,0.0
2022-12-19 00:00:00+08:00,12.6,12.8,12.6,12.7,13488664,0.0,0.0
2022-12-20 00:00:00+08:00,12.65,12.75,12.5,12.5,25283827,0.0,0.0
2022-12-21 00:00:00+08:00,12.55,12.7,12.5,12.55,18150429,0.0,0.0
2022-12-22 00:00:00+08:00,12.7,12.8,12.65,12.8,11536063,0.0,0.0
2022-12-23 00:00:00+08:00,12.65,12.8,12.6,12.7,8888429,0.0,0.0
2022-12-26 00:00:00+08:00,12.7,12.85,12.7,12.8,9497285,0.0,0.0
2022-12-27 00:00:00+08:00,12.85,12.9,12.8,12.8,8539538,0.0,0.0
2022-12-28 00:00:00+08:00,12.8,12.85,12.7,12.7,15138713,0.0,0.0
2022-12-29 00:00:00+08:00,12.65,12.7,12.5,12.6,21296606,0.0,0.0
2022-12-30 00:00:00+08:00,12.65,12.7,12.6,12.6,11498678,0.0,0.0
2023-01-03 00:00:00+08:00,12.65,12.7,12.5,12.65,14660093,0.0,0.0
2023-01-04 00:00:00+08:00,12.65,12.7,12.6,12.65,9564081,0.0,0.0
2023-01-05 00:00:00+08:00,12.7,12.9,12.7,12.75,13998187,0.0,0.0
2023-01-06 00:00:00+08:00,12.75,12.9,12.75,12.85,10232786,0.0,0.0
2023-01-09 00:00:00+08:00,13.0,13.05,12.9,13.05,39886527,0.0,0.0
2023-01-10 00:00:00+08:00,13.05,13.1,12.9,13.0,22510281,0.0,0.0
2023-01-11 00:00:00+08:00,12.95,13.0,12.9,12.9,19791819,0.0,0.0
2023-01-12 00:00:00+08:00,12.95,13.0,12.9,12.95,14719039,0.0,0.0
2023-01-13 00:00:00+08:00,13.05,13.1,12.9,12.95,18014543,0.0,0.0
2023-01-16 00:00:00+08:00,13.0,13.05,12.95,13.0,22357663,0.0,0.0
2023-01-17 00:00:00+08:00,13.0,13.1,12.95,13.05,30438219,0.0,0.0
2023-01-30 00:00:00+08:00,13.15,13.3,13.05,13.2,64865851,0.0,0.0
2023-01-31 00:00:00+08:00,13.2,13.25,13.1,13.2,42003124,0.0,0.0
2023-02-01 00:00:00+08:00,13.2,13.2,13.0,13.15,37351122,0.0,0.0
2023-02-02 00:00:00+08:00,13.1,13.2,13.0,13.15,35292599,0.0,0.0
2023-02-03 00:00:00+08:00,13.15,13.2,13.05,13.1,18561039,0.0,0.0
2023-02-06 00:00:00+08:00,13.05,13.15,13.0,13.05,24224012,0.0,0.0
2023-02-07 00:00:00+08:00,13.05,13.15,13.0,13.05,21798786,0.0,0.0
2023-02-08 00:00:00+08:00,13.05,13.1,13.0,13.0,18655193,0.0,0.0
2023-02-09 00:00:00+08:00,13.0,13.05,12.95,13.0,17007406,0.0,0.0
2023-02-10 00:00:00+08:00,12.95,13.0,12.9,12.9,21609380,0.0,0.0
2023-02-13 00:00:00+08:00,12.9,13.1,12.85,13.05,29515797,0.0,0.0
2023-02-14 00:00:00+08:00,13.1,13.15,13.05,13.05,17742241,0.0,0.0
2023-02-15 00:00:00+08:00,13.05,13.1,12.95,13.0,15325704,0.0,0.0
2023-02-16 00:00:00+08:00,13.05,13.15,13.0,13.05,26246126,0.0,0.0
2023-02-17 00:00:00+08:00,13.05,13.2,13.0,13.2,22765711,0.0,0.0
2023-02-20 00:00:00+08:00,13.15,13.35,13.15,13.35,30192731,0.0,0.0
2023-02-21 00:00:00+08:00,13.35,13.35,13.2,13.2,16758399,0.0,0.0
2023-02-22 00:00:00+08:00,13.15,13.15,13.0,13.1,25440438,0.0,0.0
2023-02-23 00:00:00+08:00,13.15,13.2,13.1,13.2,24175378,0.0,0.0
2023-02-24 00:00:00+08:00,13.2,13.2,13.05,13.2,43695979,0.0,0.0
2023-03-01 00:00:00+08:00,13.1,13.15,13.0,13.05,31821146,0.0,0.0
2023-03-02 00:00:00+08:00,13.1,13.15,13.0,13.1,28256010,0.0,0.0
2023-03-03 00:00:00+08:00,13.15,13.2,13.05,13.1,21702322,0.0,0.0
2023-03-06 00:00:00+08:00,13.15,13.2,13.1,13.15,21273049,0.0,0.0
2023-03-07 00:00:00+08:00,13.15,13.3,13.1,13.25,27144854,0.0,0.0
2023-03-08 00:00:00+08:00,13.2,13.25,13.15,13.2,22870975,0.0,0.0
2023-03-09 00:00:00+08:00,13.2,13.2,13.1,13.1,19811581,0.0,0.0
2023-03-10 00:00:00+08:00,13.05,13.05,12.9,12.9,48334389,0.0,0.0
2023-03-13 00:00:00+08:00,12.8,12.9,12.65,12.8,49815324,0.0,0.0
2023-03-14 00:00:00+08:00,12.7,12.75,12.5,12.55,55069611,0.0,0.0
2023-03-15 00:00:00+08:00,12.65,12.7,12.5,12.5,34884355,0.0,0.0
2023-03-16 00:00:00+08:00,12.35,12.4,12.1,12.1,52752099,0.0,0.0
2023-03-17 00:00:00+08:00,12.2,12.3,12.15,12.2,50406438,0.0,0.0
2023-03-20 00:00:00+08:00,12.1,12.15,12.0,12.1,26617002,0.0,0.0
2023-03-21 00:00:00+08:00,12.2,12.35,12.15,12.25,21905430,0.0,0.0
2023-03-22 00:00:00+08:00,12.3,12.5,12.25,12.4,22260223,0.0,0.0
2023-03-23 00:00:00+08:00,12.4,12.6,12.3,12.55,26848036,0.0,0.0
2023-03-24 00:00:00+08:00,12.5,12.5,12.3,12.4,28222545,0.0,0.0
2023-03-27 00:00:00+08:00,12.4,12.55,12.35,12.45,18853680,0.0,0.0
2023-03-28 00:00:00+08:00,12.5,12.55,12.4,12.45,15683232,0.0,0.0
2023-03-29 00:00:00+08:00,12.5,12.65,12.45,12.6,23550350,0.0,0.0
2023-03-30 00:00:00+08:00,12.65,12.65,12.45,12.5,22011025,0.0,0.0
2023-03-31 00:00:00+08:00,12.55,12.6,12.5,12.55,23626853,0.0,0.0
2023-04-06 00:00:00+08:00,12.55,12.6,12.5,12.55,20638898,0.0,0.0
2023-04-07 00:00:00+08:00,12.6,12.8,12.55,12.8,30765251,0.0,0.0
2023-04-10 00:00:00+08:00,12.8,12.95,12.8,12.9,18845957,0.0,0.0
2023-04-11 00:00:00+08:00,12.9,13.0,12.85,13.0,21692855,0.0,0.0
2023-04-12 00:00:00+08:00,13.05,13.2,13.05,13.2,40485330,0.0,0.0
2023-04-13 00:00:00+08:00,13.2,13.2,13.05,13.2,32249904,0.0,0.0
2023-04-14 00:00:00+08:00,13.2,13.3,13.2,13.3,34505531,0.0,0.0
2023-04-17 00:00:00+08:00,13.3,13.3,13.2,13.25,20459460,0.0,0.0
2023-04-18 00:00:00+08:00,13.25,13.25,13.1,13.15,19749864,0.0,0.0
2023-04-19 00:00:00+08:00,13.15,13.2,13.05,13.05,15514389,0.0,0.0
2023-04-20 00:00:00+08:00,13.05,13.1,12.95,13.05,14233210,0.0,0.0
2023-04-21 00:00:00+08:00,13.05,13.25,13.05,13.15,44708055,0.0,0.0
2023-04-24 00:00:00+08:00,13.15,13.3,13.05,13.2,45700575,0.0,0.0
2023-04-25 00:00:00+08:00,13.2,13.2,12.9,12.95,49617099,0.0,0.0
2023-04-26 00:00:00+08:00,12.9,13.05,12.85,13.05,48761964,0.0,0.0
2023-04-27 00:00:00+08:00,12.95,13.1,12.9,12.95,42760033,0.0,0.0
2023-04-28 00:00:00+08:00,12.95,13.1,12.95,13.1,22801841,0.0,0.0
2023-05-02 00:00:00+08:00,13.1,13.2,13.0,13.2,21898300,0.0,0.0
2023-05-03 00:00:00+08:00,13.15,13.25,13.05,13.2,16660299,0.0,0.0
2023-05-04 00:00:00+08:00,13.2,13.25,13.1,13.25,16808810,0.0,0.0
2023-05-05 00:00:00+08:00,13.25,13.35,13.2,13.3,20596368,0.0,0.0
2023-05-08 00:00:00+08:00,12.8,12.85,12.65,12.8,99321598,0.0,0.0
2023-05-09 00:00:00+08:00,12.75,12.9,12.7,12.85,34809298,0.0,0.0
2023-05-10 00:00:00+08:00,12.85,12.95,12.85,12.95,22964412,0.0,0.0
2023-05-11 00:00:00+08:00,12.9,12.95,12.75,12.8,25597019,0.0,0.0
2023-05-12 00:00:00+08:00,12.8,12.8,12.55,12.65,38080649,0.0,0.0
2023-05-15 00:00:00+08:00,12.6,12.8,12.5,12.8,34533592,0.0,0.0
2023-05-16 00:00:00+08:00,12.85,13.0,12.8,13.0,39239610,0.0,0.0
2023-05-17 00:00:00+08:00,13.0,13.1,12.9,13.05,38632153,0.0,0.0
2023-05-18 00:00:00+08:00,13.1,13.2,13.05,13.2,44199114,0.0,0.0
2023-05-19 00:00:00+08:00,13.25,13.25,13.15,13.2,31204563,0.0,0.0
2023-05-22 00:00:00+08:00,13.2,13.3,13.15,13.3,41315556,0.0,0.0
2023-05-23 00:00:00+08:00,13.3,13.35,13.2,13.3,39118879,0.0,0.0
2023-05-24 00:00:00+08:00,13.3,13.4,13.25,13.3,40964957,0.0,0.0
2023-05-25 00:00:00+08:00,13.3,13.3,13.0,13.0,51293490,0.0,0.0
2023-05-26 00:00:00+08:00,13.0,13.0,12.85,12.85,58615908,0.0,0.0
2023-05-29 00:00:00+08:00,12.9,13.0,12.8,12.8,51817142,0.0,0.0
2023-05-30 00:00:00+08:00,12.85,12.95,12.8,12.8,53605469,0.0,0.0
2023-05-31 00:00:00+08:00,12.8,12.95,12.7,12.7,101461046,0.0,0.0
2023-06-01 00:00:00+08:00,12.75,12.9,12.75,12.8,29680599,0.0,0.0
2023-06-02 00:00:00+08:00,12.85,12.95,12.8,12.9,39154257,0.0,0.0
2023-06-05 00:00:00+08:00,12.95,13.15,12.95,13.0,50800950,0.0,0.0
2023-06-06 00:00:00+08:00,13.05,13.15,13.05,13.1,27112824,0.0,0.0
2023-06-07 00:00:00+08:00,13.1,13.15,13.05,13.1,24467872,0.0,0.0
2023-06-08 00:00:00+08:00,13.1,13.1,12.95,13.0,24242581,0.0,0.0
2023-06-09 00:00:00+08:00,13.05,13.05,12.95,13.0,21910491,0.0,0.0
2023-06-12 00:00:00+08:00,13.0,13.05,12.9,12.9,20409262,0.0,0.0
2023-06-13 00:00:00+08:00,12.9,12.95,12.8,12.85,36793687,0.0,0.0
2023-06-14 00:00:00+08:00,12.9,12.95,12.85,12.9,23312947,0.0,0.0
2023-06-15 00:00:00+08:00,12.9,12.9,12.8,12.8,29676438,0.0,0.0
2023-06-16 00:00:00+08:00,12.85,12.9,12.75,12.75,50739813,0.0,0.0
2023-06-19 00:00:00+08:00,12.75,12.8,12.65,12.7,32601846,0.0,0.0
2023-06-20 00:00:00+08:00,12.7,12.75,12.65,12.7,30855311,0.0,0.0
2023-06-21 00:00:00+08:00,12.7,12.75,12.6,12.7,26375026,0.0,0.0
2023-06-26 00:00:00+08:00,12.7,12.75,12.6,12.6,27036517,0.0,0.0
2023-06-27 00:00:00+08:00,12.6,12.65,12.5,12.5,28199927,0.0,0.0
2023-06-28 00:00:00+08:00,12.5,12.6,12.5,12.55,21940462,0.0,0.0
2023-06-29 00:00:00+08:00,12.65,12.65,12.55,12.55,21651384,0.0,0.0
2023-06-30 00:00:00+08:00,12.55,12.6,12.4,12.4,47564359,0.0,0.0
2023-07-03 00:00:00+08:00,12.45,12.5,12.4,12.4,24684103,0.0,0.0
2023-07-04 00:00:00+08:00,12.4,12.45,12.2,12.2,59333465,0.0,0.0
2023-07-05 00:00:00+08:00,12.2,12.25,12.15,12.15,36424588,0.0,0.0
2023-07-06 00:00:00+08:00,12.1,12.15,11.95,11.95,65731834,0.0,0.0
2023-07-07 00:00:00+08:00,11.9,11.95,11.8,11.9,40948143,0.0,0.0
2023-07-10 00:00:00+08:00,12.25,12.55,12.2,12.2,80874388,0.0,0.0
2023-07-11 00:00:00+08:00,12.3,12.4,12.25,12.3,25796925,0.0,0.0
2023-07-12 00:00:00+08:00,12.3,12.35,12.2,12.3,26205090,0.0,0.0
2023-07-13 00:00:00+08:00,12.3,12.35,12.15,12.15,37891630,0.0,0.0
2023-07-14 00:00:00+08:00,12.25,12.35,12.2,12.3,30463565,0.0,0.0
2023-07-17 00:00:00+08:00,12.35,12.55,12.3,12.5,55954299,0.0,0.0
2023-07-18 00:00:00+08:00,12.5,12.6,12.35,12.35,64437989,0.0,0.0
2023-07-19 00:00:00+08:00,12.45,12.55,12.3,12.3,57985173,0.0,0.0
2023-07-20 00:00:00+08:00,12.3,12.45,12.3,12.4,47409105,0.0,0.0
2023-07-21 00:00:00+08:00,12.4,12.45,12.3,12.3,48103555,0.0,0.0
2023-07-24 00:00:00+08:00,12.35,12.35,12.2,12.25,54927366,0.0,0.0
2023-07-25 00:00:00+08:00,12.3,12.35,12.25,12.25,18833891,0.0,0.0
2023-07-26 00:00:00+08:00,12.3,12.55,12.25,12.45,72325611,0.0,0.0
2023-07-27 00:00:00+08:00,12.5,12.75,12.5,12.7,84389858,0.0,0.0
2023-07-28 00:00:00+08:00,12.7,12.7,12.5,12.6,39017578,0.0,0.0
2023-07-31 00:00:00+08:00,12.65,12.8,12.5,12.55,61979120,0.0,0.0
2023-08-01 00:00:00+08:00,12.6,12.7,12.55,12.65,38376156,0.0,0.0
2023-08-02 00:00:00+08:00,12.6,12.65,12.35,12.4,54776604,0.0,0.0
2023-08-04 00:00:00+08:00,12.4,12.6,12.4,12.5,29396420,0.0,0.0
2023-08-07 00:00:00+08:00,12.5,12.6,12.45,12.5,14795678,0.0,0.0
2023-08-08 00:00:00+08:00,12.55,12.55,12.4,12.4,34617794,0.0,0.0
2023-08-09 00:00:00+08:00,12.4,12.55,12.4,12.5,24821739,0.0,0.0
2023-08-10 00:00:00+08:00,12.55,12.65,12.5,12.5,44984345,0.0,0.0
2023-08-11 00:00:00+08:00,12.55,12.6,12.4,12.4,32082054,0.0,0.0
2023-08-14 00:00:00+08:00,12.35,12.4,12.1,12.15,52074045,0.0,0.0
2023-08-15 00:00:00+08:00,12.1,12.2,12.0,12.05,41317975,0.0,0.0
2023-08-16 00:00:00+08:00,11.9,12.0,11.8,11.9,45017644,0.0,0.0
2023-08-17 00:00:00+08:00,11.85,11.95,11.75,11.9,30489973,0.0,0.0
2023-08-18 00:00:00+08:00,11.85,12.0,11.85,11.9,29594746,0.0,0.0
2023-08-21 00:00:00+08:00,11.95,12.0,11.85,11.9,18484939,0.0,0.0
2023-08-22 00:00:00+08:00,11.95,11.95,11.8,11.8,26109174,0.0,0.0
2023-08-23 00:00:00+08:00,11.8,11.85,11.75,11.8,23129700,0.0,0.0
2023-08-24 00:00:00+08:00,11.85,11.85,11.75,11.75,29764904,0.0,0.0
2023-08-25 00:00:00+08:00,11.75,11.8,11.7,11.7,21582909,0.0,0.0
2023-08-28 00:00:00+08:00,11.75,11.95,11.75,11.9,15904456,0.0,0.0
2023-08-29 00:00:00+08:00,11.95,11.95,11.85,11.95,16114198,0.0,0.0
2023-08-30 00:00:00+08:00,12.0,12.05,11.9,12.0,17755350,0.0,0.0
2023-08-31 00:00:00+08:00,12.0,12.0,11.85,11.85,43066488,0.0,0.0
2023-09-01 00:00:00+08:00,11.85,12.0,11.8,11.95,23027549,0.0,0.0
2023-09-04 00:00:00+08:00,11.95,12.05,11.9,12.05,17547788,0.0,0.0
2023-09-05 00:00:00+08:00,12.0,12.05,11.9,12.0,14516686,0.0,0.0
2023-09-06 00:00:00+08:00,12.0,12.0,11.85,11.85,26298650,0.0,0.0
2023-09-07 00:00:00+08:00,11.85,11.9,11.8,11.9,15597107,0.0,0.0
2023-09-08 00:00:00+08:00,11.9,12.0,11.85,11.95,13599064,0.0,0.0
2023-09-11 00:00:00+08:00,12.0,12.05,11.95,11.95,19456243,0.0,0.0
2023-09-12 00:00:00+08:00,12.0,12.0,11.9,11.95,18902302,0.0,0.0
2023-09-13 00:00:00+08:00,11.95,12.05,11.9,11.95,20881632,0.0,0.0
2023-09-14 00:00:00+08:00,12.0,12.05,11.95,12.05,19990678,0.0,0.0
2023-09-15 00:00:00+08:00,12.1,12.1,12.0,12.05,35918331,0.0,0.0
2023-09-18 00:00:00+08:00,11.95,12.05,11.95,12.0,11461381,0.0,0.0
2023-09-19 00:00:00+08:00,12.0,12.05,11.95,11.95,19552559,0.0,0.0
2023-09-20 00:00:00+08:00,11.95,12.0,11.85,11.85,30717265,0.0,0.0
2023-09-21 00:00:00+08:00,11.85,11.9,11.75,11.75,33507356,0.0,0.0
2023-09-22 00:00:00+08:00,11.7,11.8,11.7,11.7,29451426,0.0,0.0
2023-09-25 00:00:00+08:00,11.75,11.9,11.75,11.85,17112505,0.0,0.0
2023-09-26 00:00:00+08:00,11.85,11.85,11.75,11.8,21089997,0.0,0.0
2023-09-27 00:00:00+08:00,11.8,11.8,11.7,11.75,23528580,0.0,0.0
2023-09-28 00:00:00+08:00,11.75,11.85,11.75,11.8,19703865,0.0,0.0
2023-10-02 00:00:00+08:00,11.85,11.85,11.75,11.75,16776826,0.0,0.0
2023-10-03 00:00:00+08:00,11.7,11.75,11.7,11.7,17844961,0.0,0.0
2023-10-04 00:00:00+08:00,11.65,11.7,11.55,11.55,42892604,0.0,0.0
2023-10-05 00:00:00+08:00,11.6,11.65,11.55,11.55,22809259,0.0,0.0
2023-10-06 00:00:00+08:00,11.55,11.65,11.55,11.6,16280924,0.0,0.0
2023-10-11 00:00:00+08:00,11.7,11.95,11.65,11.95,43424599,0.0,0.0
2023-10-12 00:00:00+08:00,11.95,12.05,11.9,12.05,41899074,0.0,0.0
2023-10-13 00:00:00+08:00,11.95,12.05,11.9,12.05,29651911,0.0,0.0
2023-10-16 00:00:00+08:00,11.95,12.05,11.9,12.05,25848048,0.0,0.0
2023-10-17 00:00:00+08:00,12.0,12.05,11.9,11.95,28130548,0.0,0.0
2023-10-18 00:00:00+08:00,11.95,12.0,11.85,11.95,31594476,0.0,0.0
2023-10-19 00:00:00+08:00,11.85,11.9,11.8,11.85,25366170,0.0,0.0
2023-10-20 00:00:00+08:00,11.75,11.75,11.55,11.7,52060192,0.0,0.0
2023-10-23 00:00:00+08:00,11.6,11.7,11.55,11.55,28499562,0.0,0.0
2023-10-24 00:00:00+08:00,11.55,11.6,11.45,11.55,40729470,0.0,0.0
2023-10-25 00:00:00+08:00,11.55,11.6,11.5,11.5,32419108,0.0,0.0
2023-10-26 00:00:00+08:00,11.45,11.5,11.3,11.3,57140861,0.0,0.0
2023-10-27 00:00:00+08:00,11.3,11.4,11.3,11.3,29918465,0.0,0.0
2023-10-30 00:00:00+08:00,11.3,11.4,11.15,11.2,46139389,0.0,0.0
2023-10-31 00:00:00+08:00,11.25,11.3,11.2,11.3,28100518,0.0,0.0
2023-11-01 00:00:00+08:00,11.25,11.3,11.15,11.2,25106142,0.0,0.0
2023-11-02 00:00:00+08:00,11.25,11.35,11.15,11.2,46588452,0.0,0.0
2023-11-03 00:00:00+08:00,11.25,11.55,11.25,11.55,52912458,0.0,0.0
2023-11-06 00:00:00+08:00,11.6,11.7,11.55,11.65,37261462,0.0,0.0
2023-11-07 00:00:00+08:00,11.6,11.65,11.45,11.5,28188055,0.0,0.0
2023-11-08 00:00:00+08:00,11.55,11.6,11.4,11.45,29211190,0.0,0.0
2023-11-09 00:00:00+08:00,11.45,11.55,11.4,11.45,24333232,0.0,0.0
2023-11-10 00:00:00+08:00,11.45,11.55,11.4,11.45,20988289,0.0,0.0
2023-11-13 00:00:00+08:00,11.55,11.6,11.5,11.55,32023905,0.0,0.0
2023-11-14 00:00:00+08:00,11.6,11.65,11.5,11.5,31891433,0.0,0.0
2023-11-15 00:00:00+08:00,11.65,11.8,11.6,11.8,62510322,0.0,0.0
2023-11-16 00:00:00+08:00,11.8,11.95,11.8,11.95,44031362,0.0,0.0
2023-11-17 00:00:00+08:00,11.95,12.1,11.9,11.95,53634383,0.0,0.0
2023-11-20 00:00:00+08:00,12.0,12.0,11.85,11.9,30378359,0.0,0.0
2023-11-21 00:00:00+08:00,11.95,12.2,11.95,12.2,103007714,0.0,0.0
2023-11-22 00:00:00+08:00,12.2,12.3,11.95,12.3,112837615,0.0,0.0
2023-11-23 00:00:00+08:00,12.15,12.3,12.05,12.25,112655011,0.0,0.0
2023-11-24 00:00:00+08:00,12.2,12.55,12.05,12.55,147138578,0.0,0.0
2023-11-27 00:00:00+08:00,12.5,12.6,12.2,12.45,239060345,0.0,0.0
2023-11-28 00:00:00+08:00,12.35,12.55,12.25,12.55,198161593,0.0,0.0
2023-11-29 00:00:00+08:00,12.55,12.7,12.4,12.6,206709792,0.0,0.0
2023-11-30 00:00:00+08:00,12.55,12.7,12.5,12.7,278376647,0.0,0.0
2023-12-01 00:00:00+08:00,12.65,12.7,12.5,12.55,122494096,0.0,0.0
2023-12-04 00:00:00+08:00,12.55,12.6,12.3,12.35,107344275,0.0,0.0
2023-12-05 00:00:00+08:00,12.3,12.35,12.2,12.3,54463606,0.0,0.0
2023-12-06 00:00:00+08:00,12.3,12.4,12.3,12.35,22292674,0.0,0.0
2023-12-07 00:00:00+08:00,12.3,12.4,12.25,12.35,28015794,0.0,0.0
2023-12-08 00:00:00+08:00,12.4,12.45,12.35,12.45,22374039,0.0,0.0
2023-12-11 00:00:00+08:00,12.4,12.4,12.3,12.35,27052564,0.0,0.0
2023-12-12 00:00:00+08:00,12.4,12.4,12.25,12.25,28983595,0.0,0.0
2023-12-13 00:00:00+08:00,12.25,12.3,12.2,12.2,25161827,0.0,0.0
2023-12-14 00:00:00+08:00,12.3,12.55,12.3,12.5,74919538,0.0,0.0
2023-12-15 00:00:00+08:00,12.6,12.6,12.5,12.55,54490620,0.0,0.0
2023-12-18 00:00:00+08:00,12.5,12.55,12.4,12.45,22485071,0.0,0.0
2023-12-19 00:00:00+08:00,12.45,12.5,12.3,12.35,29617044,0.0,0.0
2023-12-20 00:00:00+08:00,12.4,12.4,12.35,12.35,20043843,0.0,0.0
2023-12-21 00:00:00+08:00,12.3,12.35,12.25,12.3,17962276,0.0,0.0
2023-12-22 00:00:00+08:00,12.3,12.35,12.25,12.25,17005907,0.0,0.0
2023-12-25 00:00:00+08:00,12.25,12.3,12.25,12.3,11456538,0.0,0.0
2023-12-26 00:00:00+08:00,12.35,12.4,12.3,12.4,17761187,0.0,0.0
2023-12-27 00:00:00+08:00,12.4,12.5,12.4,12.5,26269018,0.0,0.0
2023-12-28 00:00:00+08:00,12.5,12.55,12.4,12.55,32662140,0.0,0.0
2023-12-29 00:00:00+08:00,12.5,12.6,12.45,12.55,29017980,0.0,0.0
2024-01-02 00:00:00+08:00,12.55,12.55,12.4,12.45,26327948,0.0,0.0
2024-01-03 00:00:00+08:00,12.4,12.45,12.25,12.3,30532536,0.0,0.0
2024-01-04 00:00:00+08:00,12.3,12.4,12.25,12.3,19250926,0.0,0.0
2024-01-05 00:00:00+08:00,12.3,12.35,12.3,12.35,9183909,0.0,0.0
2024-01-08 00:00:00+08:00,12.35,12.5,12.35,12.45,29479283,0.0,0.0
2024-01-09 00:00:00+08:00,12.5,12.5,12.3,12.3,19635122,0.0,0.0
2024-01-10 00:00:00+08:00,12.35,12.35,12.25,12.25,15984643,0.0,0.0
2024-01-11 00:00:00+08:00,12.3,12.35,12.25,12.25,15238579,0.0,0.0
2024-01-12 00:00:00+08:00,12.25,12.3,12.2,12.25,16750287,0.0,0.0
2024-01-15 00:00:00+08:00,12.3,12.3,12.15,12.15,27702926,0.0,0.0
2024-01-16 00:00:00+08:00,12.1,12.15,11.9,11.9,56320608,0.0,0.0
2024-01-17 00:00:00+08:00,11.85,11.9,11.75,11.75,48814166,0.0,0.0
2024-01-18 00:00:00+08:00,11.75,11.95,11.75,11.8,35940889,0.0,0.0
2024-01-19 00:00:00+08:00,11.8,12.0,11.8,11.9,26582957,0.0,0.0
2024-01-22 00:00:00+08:00,11.95,12.0,11.9,11.9,20563196,0.0,0.0
2024-01-23 00:00:00+08:00,11.95,12.1,11.95,12.05,16912943,0.0,0.0
2024-01-24 00:00:00+08:00,12.05,12.15,12.05,12.1,13862016,0.0,0.0
2024-01-25 00:00:00+08:00,12.1,12.15,12.05,12.1,12073725,0.0,0.0
2024-01-26 00:00:00+08:00,12.1,12.3,12.05,12.15,29163444,0.0,0.0
2024-01-29 00:00:00+08:00,12.2,12.3,12.15,12.25,18495922,0.0,0.0
2024-01-30 00:00:00+08:00,12.3,12.3,12.1,12.1,23046462,0.0,0.0
2024-01-31 00:00:00+08:00,12.1,12.15,12.05,12.05,20637476,0.0,0.0
2024-02-01 00:00:00+08:00,12.1,12.3,12.05,12.25,25154022,0.0,0.0
2024-02-02 00:00:00+08:00,12.25,12.3,12.15,12.2,11378886,0.0,0.0
2024-02-05 00:00:00+08:00,12.15,12.15,12.0,12.1,22208941,0.0,0.0
2024-02-15 00:00:00+08:00,12.25,12.3,12.15,12.15,38552627,0.0,0.0
2024-02-16 00:00:00+08:00,12.2,12.4,12.2,12.35,38406531,0.0,0.0
2024-02-19 00:00:00+08:00,12.4,12.5,12.4,12.45,29568022,0.0,0.0
2024-02-20 00:00:00+08:00,12.45,12.45,12.35,12.45,16955586,0.0,0.0
2024-02-21 00:00:00+08:00,12.45,12.45,12.35,12.35,18179818,0.0,0.0
2024-02-22 00:00:00+08:00,12.4,12.45,12.35,12.4,21046105,0.0,0.0
2024-02-23 00:00:00+08:00,12.4,12.45,12.35,12.4,20522720,0.0,0.0
2024-02-26 00:00:00+08:00,12.4,12.45,12.35,12.35,16753076,0.0,0.0
2024-02-27 00:00:00+08:00,12.35,12.45,12.3,12.4,30701153,0.0,0.0
2024-02-29 00:00:00+08:00,12.4,12.55,12.35,12.55,49720572,0.0,0.0
2024-03-01 00:00:00+08:00,12.6,12.65,12.5,12.5,33699799,0.0,0.0
2024-03-04 00:00:00+08:00,12.5,12.5,12.4,12.45,27127463,0.0,0.0
2024-03-05 00:00:00+08:00,12.45,12.55,12.45,12.45,28086918,0.0,0.0
2024-03-06 00:00:00+08:00,12.45,12.65,12.45,12.6,43642131,0.0,0.0
2024-03-07 00:00:00+08:00,12.6,13.0,12.6,12.9,117763286,0.0,0.0
2024-03-08 00:00:00+08:00,12.9,13.0,12.85,12.95,76677985,0.0,0.0
2024-03-11 00:00:00+08:00,13.1,13.5,13.1,13.45,133775618,0.0,0.0
2024-03-12 00:00:00+08:00,13.5,13.6,13.4,13.6,79397765,0.0,0.0
2024-03-13 00:00:00+08:00,13.55,13.9,13.55,13.8,110237415,0.0,0.0
2024-03-14 00:00:00+08:00,14.05,14.6,14.0,14.25,184581005,0.0,0.0
2024-03-15 00:00:00+08:00,14.15,14.2,13.9,14.15,130435615,0.0,0.0
2024-03-18 00:00:00+08:00,14.25,14.4,14.0,14.2,65361026,0.0,0.0
2024-03-19 00:00:00+08:00,14.05,14.15,14.0,14.1,40655551,0.0,0.0
2024-03-20 00:00:00+08:00,14.1,14.15,13.8,13.85,74190991,0.0,0.0
2024-03-21 00:00:00+08:00,14.05,14.2,13.95,14.15,52326477,0.0,0.0
2024-03-22 00:00:00+08:00,14.15,14.3,13.95,14.05,44309250,0.0,0.0
2024-03-25 00:00:00+08:00,14.05,14.3,14.0,14.25,46841627,0.0,0.0
2024-03-26 00:00:00+08:00,14.3,14.5,14.2,14.3,61130682,0.0,0.0
2024-03-27 00:00:00+08:00,14.4,14.6,14.4,14.55,78755080,0.0,0.0
2024-03-28 00:00:00+08:00,14.3,14.3,13.8,13.85,195097627,0.0,0.0
2024-03-29 00:00:00+08:00,13.8,14.05,13.7,13.95,49204000,0.0,0.0
2024-04-01 00:00:00+08:00,14.0,14.1,13.9,14.0,36833926,0.0,0.0
2024-04-02 00:00:00+08:00,13.95,14.05,13.9,13.9,27745751,0.0,0.0
2024-04-03 00:00:00+08:00,13.9,13.9,13.8,13.8,36569006,0.0,0.0
2024-04-08 00:00:00+08:00,13.8,14.0,13.7,14.0,44162578,0.0,0.0
2024-04-09 00:00:00+08:00,14.05,14.2,14.0,14.15,59510463,0.0,0.0
2024-04-10 00:00:00+08:00,14.25,14.25,13.95,14.0,45847099,0.0,0.0
2024-04-11 00:00:00+08:00,13.85,14.0,13.8,14.0,39533991,0.0,0.0
2024-04-12 00:00:00+08:00,13.95,13.95,13.8,13.8,42084849,0.0,0.0
2024-04-15 00:00:00+08:00,13.7,13.75,13.55,13.65,52335632,0.0,0.0
2024-04-16 00:00:00+08:00,13.55,13.6,13.1,13.25,85072641,0.0,0.0
2024-04-17 00:00:00+08:00,13.25,13.4,13.2,13.35,34360777,0.0,0.0
2024-04-18 00:00:00+08:00,13.25,13.55,13.2,13.5,29359654,0.0,0.0
2024-04-19 00:00:00+08:00,13.35,13.45,13.05,13.2,58476087,0.0,0.0
2024-04-22 00:00:00+08:00,13.3,13.7,13.3,13.5,37690284,0.0,0.0
2024-04-23 00:00:00+08:00,13.65,13.7,13.55,13.55,21983646,0.0,0.0
2024-04-24 00:00:00+08:00,13.65,13.7,13.6,13.7,21514537,0.0,0.0
2024-04-25 00:00:00+08:00,13.6,13.6,13.4,13.5,22459775,0.0,0.0
2024-04-26 00:00:00+08:00,13.5,13.6,13.45,13.45,23513311,0.0,0.0
2024-04-29 00:00:00+08:00,13.25,13.6,13.1,13.6,91729505,0.0,0.0
2024-04-30 00:00:00+08:00,13.6,13.75,13.55,13.65,40942905,0.0,0.0
2024-05-02 00:00:00+08:00,13.7,13.85,13.7,13.7,33432733,0.0,0.0
2024-05-03 00:00:00+08:00,13.8,13.85,13.65,13.65,24183377,0.0,0.0
2024-05-06 00:00:00+08:00,13.75,14.0,13.65,13.85,60306667,0.0,0.0
2024-05-07 00:00:00+08:00,13.95,14.0,13.7,13.85,39947946,0.0,0.0
2024-05-08 00:00:00+08:00,13.85,13.9,13.75,13.8,26763913,0.0,0.0
2024-05-09 00:00:00+08:00,13.85,13.95,13.7,13.7,37492092,0.0,0.0
2024-05-10 00:00:00+08:00,13.9,14.15,13.9,14.15,103726271,0.0,0.0
2024-05-13 00:00:00+08:00,14.25,14.4,14.1,14.15,74024210,0.0,0.0
2024-05-14 00:00:00+08:00,14.15,14.2,14.0,14.1,35123926,0.0,0.0
2024-05-15 00:00:00+08:00,14.2,14.45,14.15,14.25,90050131,0.0,0.0
2024-05-16 00:00:00+08:00,14.45,14.45,14.35,14.4,65105974,0.0,0.0
2024-05-17 00:00:00+08:00,14.4,14.45,14.25,14.4,38188574,0.0,0.0
2024-05-20 00:00:00+08:00,14.45,14.5,14.3,14.4,47317772,0.0,0.0
2024-05-21 00:00:00+08:00,14.4,14.45,14.05,14.15,61562834,0.0,0.0
2024-05-22 00:00:00+08:00,14.2,14.3,14.15,14.2,28102330,0.0,0.0
2024-05-23 00:00:00+08:00,14.2,14.2,13.95,14.0,45232097,0.0,0.0
2024-05-24 00:00:00+08:00,13.9,14.15,13.8,14.0,34009801,0.0,0.0
2024-05-27 00:00:00+08:00,14.0,14.1,13.95,14.05,44149502,0.0,0.0
2024-05-28 00:00:00+08:00,14.1,14.3,14.05,14.2,37499423,0.0,0.0
2024-05-29 00:00:00+08:00,14.25,14.25,13.9,13.9,64191188,0.0,0.0
2024-05-30 00:00:00+08:00,13.85,14.0,13.8,13.85,46553529,0.0,0.0
2024-05-31 00:00:00+08:00,13.9,14.15,13.9,14.1,56993322,0.0,0.0
2024-06-03 00:00:00+08:00,14.15,14.2,14.05,14.1,24504708,0.0,0.0
2024-06-04 00:00:00+08:00,14.05,14.1,13.9,14.0,40435972,0.0,0.0
2024-06-05 00:00:00+08:00,14.05,14.25,14.0,14.1,43476762,0.0,0.0
2024-06-06 00:00:00+08:00,14.2,15.1,14.2,15.1,341192165,0.0,0.0
2024-06-07 00:00:00+08:00,15.25,15.5,15.1,15.4,142294409,0.0,0.0
2024-06-11 00:00:00+08:00,15.4,15.9,15.3,15.75,176341305,0.0,0.0
2024-06-12 00:00:00+08:00,15.55,15.55,15.05,15.15,123904957,0.0,0.0
2024-06-13 00:00:00+08:00,15.25,15.5,15.2,15.2,58883076,0.0,0.0
2024-06-14 00:00:00+08:00,15.25,15.35,15.15,15.25,39071745,0.0,0.0
2024-06-17 00:00:00+08:00,15.25,15.3,15.15,15.15,30367401,0.0,0.0
2024-06-18 00:00:00+08:00,15.25,15.5,15.25,15.45,55211604,0.0,0.0
2024-06-19 00:00:00+08:00,15.45,15.6,15.35,15.5,49470696,0.0,0.0
2024-06-20 00:00:00+08:00,15.5,15.6,15.4,15.55,39314097,0.0,0.0
2024-06-21 00:00:00+08:00,15.55,15.7,15.45,15.6,73128993,0.0,0.0
2024-06-24 00:00:00+08:00,15.65,15.7,15.55,15.55,47582564,0.0,0.0
2024-06-25 00:00:00+08:00,15.6,15.75,15.4,15.45,61088760,0.0,0.0
2024-06-26 00:00:00+08:00,15.45,15.45,15.15,15.15,62940316,0.0,0.0
2024-06-27 00:00:00+08:00,15.05,15.15,15.0,15.05,56821587,0.0,0.0
2024-06-28 00:00:00+08:00,15.1,15.3,15.05,15.1,83459983,0.0,0.0
2024-07-01 00:00:00+08:00,14.8,14.95,14.75,14.9,58106688,0.0,0.0
2024-07-02 00:00:00+08:00,14.85,15.0,14.75,14.9,38193452,0.0,0.0
2024-07-03 00:00:00+08:00,15.0,16.35,14.95,16.3,252060769,0.0,0.0
2024-07-04 00:00:00+08:00,16.35,16.5,16.0,16.0,123529016,0.0,0.0
2024-07-05 00:00:00+08:00,16.05,16.3,15.9,16.0,49046956,0.0,0.0
2024-07-08 00:00:00+08:00,16.05,16.25,15.9,16.1,48573852,0.0,0.0
2024-07-09 00:00:00+08:00,16.3,16.45,15.95,16.2,63326829,0.0,0.0
2024-07-10 00:00:00+08:00,16.35,16.9,16.3,16.65,110947320,0.0,0.0
2024-07-11 00:00:00+08:00,16.65,17.2,16.6,16.8,109722591,0.0,0.0
2024-07-12 00:00:00+08:00,16.7,16.9,16.55,16.7,72383968,0.0,0.0
2024-07-15 00:00:00+08:00,16.7,16.75,16.3,16.35,61102760,0.0,0.0
2024-07-16 00:00:00+08:00,16.5,16.6,16.25,16.4,42460843,0.0,0.0
2024-07-17 00:00:00+08:00,16.6,16.65,16.3,16.4,56980613,0.0,0.0
2024-07-18 00:00:00+08:00,16.3,16.5,16.15,16.3,52355205,0.0,0.0
2024-07-19 00:00:00+08:00,16.3,16.3,15.75,15.9,86493892,0.0,0.0
2024-07-22 00:00:00+08:00,15.85,15.85,15.3,15.45,83343653,0.0,0.0
2024-07-23 00:00:00+08:00,15.6,15.9,15.6,15.8,44841498,0.0,0.0
2024-07-25 00:00:00+08:00,15.8,15.8,15.8,15.8,0,0.0,0.0
2024-07-26 00:00:00+08:00,15.4,15.8,15.3,15.8,63773281,0.0,0.0
2024-07-29 00:00:00+08:00,15.9,16.2,15.8,15.85,62963607,0.0,0.0
2024-07-30 00:00:00+08:00,15.85,16.0,15.65,16.0,53403234,0.0,0.0
2024-07-31 00:00:00+08:00,15.95,16.15,15.9,16.1,45365469,0.0,0.0
2024-08-01 00:00:00+08:00,16.2,16.2,16.0,16.1,37028206,0.0,0.0
2024-08-02 00:00:00+08:00,15.8,15.95,15.7,15.9,56004542,0.0,0.0
2024-08-05 00:00:00+08:00,15.5,15.5,14.45,14.5,138028858,0.0,0.0
2024-08-06 00:00:00+08:00,14.85,15.05,14.05,14.65,77921044,0.0,0.0
2024-08-07 00:00:00+08:00,14.65,15.15,14.6,15.05,39750747,0.0,0.0
2024-08-08 00:00:00+08:00,14.85,15.2,14.75,15.05,32829804,0.0,0.0
2024-08-09 00:00:00+08:00,15.3,15.8,15.25,15.65,58657503,0.0,0.0
