Date,Open,High,Low,Close,Volume,Dividends,Stock Splits
2002-03-11 00:00:00+08:00,100.04,100.04,100.04,100.04,1415,0.0,0.0
2002-03-12 00:00:00+08:00,58.08,58.08,58.08,58.08,2604,0.0,0.0
2002-03-13 00:00:00+08:00,62.05,62.05,62.05,62.05,2604,0.0,0.0
2002-03-14 00:00:00+08:00,66.27,66.27,66.27,66.27,2604,0.0,0.0
2002-03-15 00:00:00+08:00,66.77,70.74,66.77,70.74,15631,0.0,0.0
2002-03-18 00:00:00+08:00,75.45,75.45,75.45,75.45,466363,0.0,0.0
2002-03-19 00:00:00+08:00,79.18,79.18,72.48,72.48,12690841,0.0,0.0
2002-03-20 00:00:00+08:00,71.24,75.21,67.76,74.22,6070551,0.0,0.0
2002-03-21 00:00:00+08:00,72.48,76.94,72.48,75.45,3418267,0.0,0.0
2002-03-22 00:00:00+08:00,76.94,80.42,75.95,76.45,4569848,0.0,0.0
2002-03-25 00:00:00+08:00,76.7,78.19,75.7,75.95,2571516,0.0,0.0
2002-03-26 00:00:00+08:00,75.45,78.43,74.71,77.44,3525087,0.0,0.0
2002-03-27 00:00:00+08:00,78.19,78.19,72.97,74.71,3493823,0.0,0.0
2002-03-28 00:00:00+08:00,74.71,74.71,72.48,72.97,2297951,0.0,0.0
2002-03-29 00:00:00+08:00,73.22,74.22,71.48,72.23,3061328,0.0,0.0
2002-04-01 00:00:00+08:00,72.48,72.48,70.74,70.74,1018706,0.0,0.0
2002-04-02 00:00:00+08:00,70.74,73.22,70.74,71.73,1096867,0.0,0.0
2002-04-03 00:00:00+08:00,71.73,71.98,69.25,69.5,1284454,0.0,0.0
2002-04-04 00:00:00+08:00,69.25,69.5,65.53,67.02,2045228,0.0,0.0
2002-04-05 00:00:00+08:00,67.02,67.02,67.02,67.02,0,0.0,0.0
2002-04-08 00:00:00+08:00,64.54,68.26,64.54,68.01,971809,0.0,0.0
2002-04-09 00:00:00+08:00,67.76,67.76,66.52,66.52,528893,0.0,0.0
2002-04-10 00:00:00+08:00,66.52,68.26,66.27,68.26,455941,0.0,0.0
2002-04-11 00:00:00+08:00,69.5,70.74,69.0,70.49,956175,0.0,0.0
2002-04-12 00:00:00+08:00,69.99,71.98,68.75,71.98,784220,0.0,0.0
2002-04-15 00:00:00+08:00,70.74,70.99,67.51,67.51,1203688,0.0,0.0
2002-04-16 00:00:00+08:00,67.76,69.75,67.51,68.51,1169818,0.0,0.0
2002-04-17 00:00:00+08:00,69.5,69.99,68.26,68.26,481995,0.0,0.0
2002-04-18 00:00:00+08:00,68.26,69.0,65.77,66.27,1216715,0.0,0.0
2002-04-19 00:00:00+08:00,67.02,69.0,66.77,68.26,961386,0.0,0.0
2002-04-22 00:00:00+08:00,68.75,68.75,66.77,67.02,416860,0.0,0.0
2002-04-23 00:00:00+08:00,67.02,70.99,67.02,69.5,1182845,0.0,0.0
2002-04-24 00:00:00+08:00,70.49,70.74,69.5,70.24,578395,0.0,0.0
2002-04-25 00:00:00+08:00,69.5,69.5,68.26,68.26,250116,0.0,0.0
2002-04-26 00:00:00+08:00,69.5,69.5,68.26,68.51,260538,0.0,0.0
2002-04-29 00:00:00+08:00,68.26,69.5,68.01,68.51,218852,0.0,0.0
2002-04-30 00:00:00+08:00,68.26,69.5,67.51,69.0,484600,0.0,0.0
2002-05-01 00:00:00+08:00,69.0,69.0,69.0,69.0,0,0.0,0.0
2002-05-02 00:00:00+08:00,69.5,73.72,68.51,69.75,2063465,0.0,0.0
2002-05-03 00:00:00+08:00,69.75,71.73,69.5,70.99,930123,0.0,0.0
2002-05-06 00:00:00+08:00,70.49,70.49,66.52,66.77,739929,0.0,0.0
2002-05-07 00:00:00+08:00,66.77,71.24,66.77,71.24,1982699,0.0,0.0
2002-05-08 00:00:00+08:00,73.22,74.96,71.98,74.46,4997132,0.0,0.0
2002-05-09 00:00:00+08:00,76.7,76.94,72.48,74.46,2037412,0.0,0.0
2002-05-10 00:00:00+08:00,74.46,75.7,72.23,75.45,838933,0.0,0.0
2002-05-13 00:00:00+08:00,74.46,74.71,73.47,73.72,416860,0.0,0.0
2002-05-14 00:00:00+08:00,75.21,75.21,72.48,72.97,458548,0.0,0.0
2002-05-15 00:00:00+08:00,74.22,74.96,72.97,73.22,974414,0.0,0.0
2002-05-16 00:00:00+08:00,73.22,73.22,72.23,72.97,380385,0.0,0.0
2002-05-17 00:00:00+08:00,73.72,73.72,71.98,71.98,323067,0.0,0.0
2002-05-20 00:00:00+08:00,71.48,71.73,69.0,69.5,531497,0.0,0.0
2002-05-21 00:00:00+08:00,69.5,69.5,68.26,68.26,607054,0.0,0.0
2002-05-22 00:00:00+08:00,68.26,68.51,67.76,68.26,466363,0.0,0.0
2002-05-23 00:00:00+08:00,68.75,69.25,68.75,69.0,250116,0.0,0.0
2002-05-24 00:00:00+08:00,69.25,70.99,69.25,70.99,528893,0.0,0.0
2002-05-27 00:00:00+08:00,70.49,71.98,70.49,71.98,270959,0.0,0.0
2002-05-28 00:00:00+08:00,71.98,73.22,69.0,70.49,781615,0.0,0.0
2002-05-29 00:00:00+08:00,69.5,69.5,69.0,69.25,221457,0.0,0.0
2002-05-30 00:00:00+08:00,69.25,69.25,67.76,67.76,627897,0.0,0.0
2002-05-31 00:00:00+08:00,67.51,67.76,67.02,67.76,200614,0.0,0.0
2002-06-03 00:00:00+08:00,67.76,67.76,65.77,66.52,531497,0.0,0.0
2002-06-04 00:00:00+08:00,66.03,67.02,65.77,67.02,367358,0.0,0.0
2002-06-05 00:00:00+08:00,68.01,68.51,67.76,68.26,283986,0.0,0.0
2002-06-06 00:00:00+08:00,68.26,68.51,68.01,68.01,140690,0.0,0.0
2002-06-07 00:00:00+08:00,66.77,66.77,65.77,66.52,237089,0.0,0.0
2002-06-10 00:00:00+08:00,66.52,67.76,66.52,67.76,265748,0.0,0.0
2002-06-11 00:00:00+08:00,67.76,67.76,67.02,67.26,140690,0.0,0.0
2002-06-12 00:00:00+08:00,67.02,67.51,67.02,67.26,187587,0.0,0.0
2002-06-13 00:00:00+08:00,67.51,68.26,67.26,68.26,297013,0.0,0.0
2002-06-14 00:00:00+08:00,67.76,67.76,67.26,67.26,132874,0.0,0.0
2002-06-17 00:00:00+08:00,67.26,68.01,66.77,66.77,385596,0.0,0.0
2002-06-18 00:00:00+08:00,67.26,67.76,66.52,66.52,343910,0.0,0.0
2002-06-19 00:00:00+08:00,66.52,66.52,62.05,62.05,1091656,0.0,0.0
2002-06-20 00:00:00+08:00,60.81,61.55,58.08,61.55,776404,0.0,0.0
2002-06-21 00:00:00+08:00,60.56,62.8,59.32,61.31,677400,0.0,0.0
2002-06-24 00:00:00+08:00,60.81,62.05,58.33,58.83,422071,0.0,0.0
2002-06-25 00:00:00+08:00,58.83,60.81,58.83,60.32,536709,0.0,0.0
2002-06-26 00:00:00+08:00,60.32,60.32,56.09,56.09,547131,0.0,0.0
2002-06-27 00:00:00+08:00,54.61,56.34,52.37,55.35,1404303,0.0,0.0
2002-06-28 00:00:00+08:00,55.35,58.83,54.61,58.83,1162002,0.0,0.0
2002-07-01 00:00:00+08:00,58.57,58.57,54.85,56.09,161533,0.0,0.0
2002-07-02 00:00:00+08:00,54.61,56.09,54.61,55.1,239695,0.0,0.0
2002-07-03 00:00:00+08:00,53.12,54.11,52.12,54.11,422071,0.0,0.0
2002-07-04 00:00:00+08:00,54.11,56.34,53.61,55.1,359542,0.0,0.0
2002-07-05 00:00:00+08:00,54.85,57.83,54.85,56.84,492418,0.0,0.0
2002-07-08 00:00:00+08:00,59.57,59.57,57.34,58.33,875409,0.0,0.0
2002-07-09 00:00:00+08:00,57.34,57.83,56.34,56.34,468968,0.0,0.0
2002-07-10 00:00:00+08:00,56.09,56.09,54.85,55.1,145901,0.0,0.0
2002-07-11 00:00:00+08:00,54.11,54.36,52.12,52.62,755561,0.0,0.0
2002-07-12 00:00:00+08:00,53.36,56.09,53.36,56.09,1086445,0.0,0.0
2002-07-15 00:00:00+08:00,57.09,59.82,57.09,59.82,750350,0.0,0.0
2002-07-16 00:00:00+08:00,62.05,63.29,60.06,61.55,1492886,0.0,0.0
2002-07-17 00:00:00+08:00,59.32,59.82,59.07,59.57,455941,0.0,0.0
2002-07-18 00:00:00+08:00,60.06,60.32,59.57,60.32,346515,0.0,0.0
2002-07-19 00:00:00+08:00,59.32,59.57,57.83,58.33,338699,0.0,0.0
2002-07-22 00:00:00+08:00,57.34,57.34,55.35,56.59,307434,0.0,0.0
2002-07-23 00:00:00+08:00,55.6,58.08,55.35,57.09,341304,0.0,0.0
2002-07-24 00:00:00+08:00,56.84,57.09,54.61,55.6,208430,0.0,0.0
2002-07-25 00:00:00+08:00,57.09,58.57,56.84,57.09,291802,0.0,0.0
2002-07-26 00:00:00+08:00,55.85,55.85,53.61,54.85,911884,0.0,0.0
2002-07-29 00:00:00+08:00,55.85,57.58,55.6,56.59,130269,0.0,0.0
2002-07-30 00:00:00+08:00,58.83,59.32,57.09,58.08,573183,0.0,0.0
2002-07-31 00:00:00+08:00,56.34,58.33,55.35,58.33,380385,0.0,0.0
2002-08-01 00:00:00+08:00,57.09,58.08,56.59,56.59,179771,0.0,0.0
2002-08-02 00:00:00+08:00,56.59,58.08,55.6,58.08,101608,0.0,0.0
2002-08-05 00:00:00+08:00,54.11,55.35,54.11,54.11,1617944,0.0,0.0
2002-08-06 00:00:00+08:00,54.85,55.1,53.36,54.11,297013,0.0,0.0
2002-08-07 00:00:00+08:00,55.35,55.85,52.12,52.62,1310508,0.0,0.0
2002-08-08 00:00:00+08:00,52.37,52.62,49.89,49.89,987441,0.0,0.0
2002-08-09 00:00:00+08:00,51.87,51.87,50.88,51.13,700848,0.0,0.0
2002-08-12 00:00:00+08:00,51.13,53.12,51.13,52.37,255327,0.0,0.0
2002-08-13 00:00:00+08:00,53.12,54.61,52.62,53.86,458548,0.0,0.0
2002-08-14 00:00:00+08:00,53.12,54.61,53.12,54.36,132874,0.0,0.0
2002-08-15 00:00:00+08:00,55.35,55.85,54.11,54.61,317856,0.0,0.0
2002-08-16 00:00:00+08:00,54.85,54.85,53.12,53.12,216246,0.0,0.0
2002-08-19 00:00:00+08:00,53.12,54.11,51.38,51.38,304829,0.0,0.0
2002-08-20 00:00:00+08:00,52.62,52.62,51.63,51.87,171955,0.0,0.0
2002-08-21 00:00:00+08:00,51.63,52.62,50.88,52.12,192798,0.0,0.0
2002-08-22 00:00:00+08:00,52.12,55.35,52.12,55.35,893646,0.0,0.0
2002-08-23 00:00:00+08:00,56.34,59.07,56.34,58.08,1571047,0.0,0.0
2002-08-26 00:00:00+08:00,58.08,58.08,56.34,56.84,588817,0.0,0.0
2002-08-27 00:00:00+08:00,57.09,58.33,55.85,56.59,1094262,0.0,0.0
2002-08-28 00:00:00+08:00,57.64,57.64,55.33,56.32,1398892,1.78,1.3
2002-08-29 00:00:00+08:00,55.33,57.31,53.35,57.31,745541,0.0,0.0
2002-08-30 00:00:00+08:00,56.65,56.65,54.67,56.65,354732,0.0,0.0
2002-09-02 00:00:00+08:00,55.99,55.99,54.34,54.34,348719,0.0,0.0
2002-09-03 00:00:00+08:00,55.0,56.65,54.67,55.33,649341,0.0,0.0
2002-09-04 00:00:00+08:00,54.34,55.33,53.35,54.34,170351,0.0,0.0
2002-09-05 00:00:00+08:00,55.99,56.65,54.67,55.0,254526,0.0,0.0
2002-09-06 00:00:00+08:00,55.0,55.0,55.0,55.0,0,0.0,0.0
2002-09-09 00:00:00+08:00,55.99,56.98,55.0,56.98,414857,0.0,0.0
2002-09-10 00:00:00+08:00,56.98,60.6,55.99,60.6,847751,0.0,0.0
2002-09-11 00:00:00+08:00,60.93,60.93,59.28,59.94,737524,0.0,0.0
2002-09-12 00:00:00+08:00,59.94,60.93,58.95,59.28,487005,0.0,0.0
2002-09-13 00:00:00+08:00,57.64,58.62,56.32,56.65,440911,0.0,0.0
2002-09-16 00:00:00+08:00,57.64,58.3,56.65,56.65,306633,0.0,0.0
2002-09-17 00:00:00+08:00,56.98,59.61,56.98,59.61,523080,0.0,0.0
2002-09-18 00:00:00+08:00,57.96,58.62,56.98,56.98,476985,0.0,0.0
2002-09-19 00:00:00+08:00,57.64,59.94,57.31,57.64,559156,0.0,0.0
2002-09-20 00:00:00+08:00,56.98,58.62,56.65,57.64,404835,0.0,0.0
2002-09-23 00:00:00+08:00,57.64,57.64,55.33,55.33,531097,0.0,0.0
2002-09-24 00:00:00+08:00,55.33,56.32,54.34,55.99,442914,0.0,0.0
2002-09-25 00:00:00+08:00,55.66,55.99,54.34,55.66,312645,0.0,0.0
2002-09-26 00:00:00+08:00,56.65,57.31,55.66,57.31,653349,0.0,0.0
2002-09-27 00:00:00+08:00,57.31,60.93,56.98,59.94,2204557,0.0,0.0
2002-09-30 00:00:00+08:00,59.28,60.6,57.64,60.6,791635,0.0,0.0
2002-10-01 00:00:00+08:00,59.61,61.59,58.62,58.62,955976,0.0,0.0
2002-10-02 00:00:00+08:00,60.6,60.6,56.98,57.31,861781,0.0,0.0
2002-10-03 00:00:00+08:00,56.65,56.98,55.0,55.0,476985,0.0,0.0
2002-10-04 00:00:00+08:00,54.34,55.66,54.34,54.67,398823,0.0,0.0
2002-10-07 00:00:00+08:00,54.34,54.34,52.04,52.36,607255,0.0,0.0
2002-10-08 00:00:00+08:00,55.33,55.33,52.7,53.03,557151,0.0,0.0
2002-10-09 00:00:00+08:00,53.35,55.33,53.03,53.03,751553,0.0,0.0
2002-10-10 00:00:00+08:00,53.03,53.03,53.03,53.03,0,0.0,0.0
2002-10-11 00:00:00+08:00,54.34,54.34,52.04,52.04,525084,0.0,0.0
2002-10-14 00:00:00+08:00,52.7,53.35,50.06,51.38,392811,0.0,0.0
2002-10-15 00:00:00+08:00,52.36,54.67,52.36,54.67,695437,0.0,0.0
2002-10-16 00:00:00+08:00,56.98,58.3,55.33,58.3,1485070,0.0,0.0
2002-10-17 00:00:00+08:00,58.95,59.28,56.65,56.98,1150378,0.0,0.0
2002-10-18 00:00:00+08:00,59.94,60.6,57.31,59.94,1865857,0.0,0.0
2002-10-21 00:00:00+08:00,59.94,62.58,58.95,61.59,2817826,0.0,0.0
2002-10-22 00:00:00+08:00,62.24,63.56,60.93,61.59,2014164,0.0,0.0
2002-10-23 00:00:00+08:00,63.23,65.87,63.23,65.87,3184584,0.0,0.0
2002-10-24 00:00:00+08:00,70.15,70.48,68.83,70.48,4489281,0.0,0.0
2002-10-25 00:00:00+08:00,69.16,72.79,67.84,71.47,3184584,0.0,0.0
2002-10-28 00:00:00+08:00,72.79,73.78,69.82,70.81,2354868,0.0,0.0
2002-10-29 00:00:00+08:00,69.5,71.14,68.18,69.5,1436971,0.0,0.0
2002-10-30 00:00:00+08:00,69.16,71.47,69.16,70.81,2010155,0.0,0.0
2002-10-31 00:00:00+08:00,71.8,72.46,69.5,70.48,1709534,0.0,0.0
2002-11-01 00:00:00+08:00,70.48,70.81,67.52,68.18,1076225,0.0,0.0
2002-11-04 00:00:00+08:00,69.16,72.13,69.16,69.16,1727571,0.0,0.0
2002-11-05 00:00:00+08:00,69.82,70.48,69.16,69.5,1058186,0.0,0.0
2002-11-06 00:00:00+08:00,69.16,71.8,68.83,71.8,1595297,0.0,0.0
2002-11-07 00:00:00+08:00,71.47,71.8,70.15,70.15,817689,0.0,0.0
2002-11-08 00:00:00+08:00,69.16,71.14,68.83,69.5,689425,0.0,0.0
2002-11-11 00:00:00+08:00,69.16,69.82,67.52,67.52,639321,0.0,0.0
2002-11-12 00:00:00+08:00,67.52,69.49,66.86,67.84,729507,0.0,0.0
2002-11-13 00:00:00+08:00,68.18,68.51,65.21,65.87,1070212,0.0,0.0
2002-11-14 00:00:00+08:00,65.87,67.52,65.54,66.2,829714,0.0,0.0
2002-11-15 00:00:00+08:00,67.84,70.81,67.19,70.81,2599374,0.0,0.0
2002-11-18 00:00:00+08:00,71.14,72.79,69.82,72.13,2162470,0.0,0.0
2002-11-19 00:00:00+08:00,72.13,72.46,69.82,71.14,597234,0.0,0.0
2002-11-20 00:00:00+08:00,70.81,70.81,69.16,69.5,388803,0.0,0.0
2002-11-21 00:00:00+08:00,71.14,71.14,67.52,67.52,623287,0.0,0.0
2002-11-22 00:00:00+08:00,69.16,71.47,69.16,70.48,1012092,0.0,0.0
2002-11-25 00:00:00+08:00,70.48,72.13,70.48,71.8,801657,0.0,0.0
2002-11-26 00:00:00+08:00,72.13,72.46,69.5,69.5,665375,0.0,0.0
2002-11-27 00:00:00+08:00,69.16,69.5,66.86,69.5,901864,0.0,0.0
2002-11-28 00:00:00+08:00,70.81,70.81,67.84,68.51,533101,0.0,0.0
2002-11-29 00:00:00+08:00,69.49,72.13,69.16,71.8,1394883,0.0,0.0
2002-12-02 00:00:00+08:00,72.46,75.42,71.47,75.42,2380922,0.0,0.0
2002-12-03 00:00:00+08:00,76.08,77.72,73.78,74.1,3108426,0.0,0.0
2002-12-04 00:00:00+08:00,73.78,75.42,72.46,74.1,1673460,0.0,0.0
2002-12-05 00:00:00+08:00,74.1,74.76,71.8,71.8,1152381,0.0,0.0
2002-12-06 00:00:00+08:00,71.8,72.13,70.81,70.81,641324,0.0,0.0
2002-12-09 00:00:00+08:00,72.13,72.79,71.14,71.8,1328746,0.0,0.0
2002-12-10 00:00:00+08:00,71.47,71.47,69.16,69.5,859776,0.0,0.0
2002-12-11 00:00:00+08:00,71.47,72.46,69.82,70.81,1170418,0.0,0.0
2002-12-12 00:00:00+08:00,70.81,73.44,69.82,72.46,1130336,0.0,0.0
2002-12-13 00:00:00+08:00,72.46,72.46,71.14,72.13,394815,0.0,0.0
2002-12-16 00:00:00+08:00,70.81,72.13,70.48,70.48,212438,0.0,0.0
2002-12-17 00:00:00+08:00,70.81,71.8,70.15,70.48,230475,0.0,0.0
2002-12-18 00:00:00+08:00,70.48,70.48,68.83,68.83,414857,0.0,0.0
2002-12-19 00:00:00+08:00,67.52,68.83,67.52,67.52,889838,0.0,0.0
2002-12-20 00:00:00+08:00,67.52,68.51,64.22,67.19,1256598,0.0,0.0
2002-12-23 00:00:00+08:00,68.18,68.18,67.19,67.52,464961,0.0,0.0
2002-12-24 00:00:00+08:00,67.52,67.84,64.22,64.88,579196,0.0,0.0
2002-12-25 00:00:00+08:00,64.22,65.54,63.23,65.54,613267,0.0,0.0
2002-12-26 00:00:00+08:00,65.54,66.53,65.54,66.53,334691,0.0,0.0
2002-12-27 00:00:00+08:00,63.9,66.53,63.9,66.2,589217,0.0,0.0
2002-12-30 00:00:00+08:00,65.21,65.21,63.56,63.9,338699,0.0,0.0
2002-12-31 00:00:00+08:00,63.56,63.9,62.58,63.9,398823,0.0,0.0
2003-01-01 00:00:00+08:00,63.9,63.9,63.9,63.9,0,0.0,0.0
2003-01-02 00:00:00+08:00,63.9,64.22,63.23,63.9,256529,0.0,0.0
2003-01-03 00:00:00+08:00,64.88,65.21,63.56,64.55,366758,0.0,0.0
2003-01-06 00:00:00+08:00,64.55,64.55,62.91,62.91,499030,0.0,0.0
2003-01-07 00:00:00+08:00,64.22,65.21,58.62,58.95,2665510,0.0,0.0
2003-01-08 00:00:00+08:00,58.3,60.27,56.32,60.27,1517136,0.0,0.0
2003-01-09 00:00:00+08:00,59.61,59.61,57.31,57.64,1615339,0.0,0.0
2003-01-10 00:00:00+08:00,58.95,59.94,58.3,59.28,1571248,0.0,0.0
2003-01-13 00:00:00+08:00,59.61,62.24,59.28,60.93,2042221,0.0,0.0
2003-01-14 00:00:00+08:00,61.59,61.59,59.61,59.61,2160466,0.0,0.0
2003-01-15 00:00:00+08:00,60.27,61.26,59.61,60.6,1440978,0.0,0.0
2003-01-16 00:00:00+08:00,60.93,61.92,60.93,60.93,1122319,0.0,0.0
2003-01-17 00:00:00+08:00,60.93,61.26,59.94,59.94,400827,0.0,0.0
2003-01-20 00:00:00+08:00,59.28,59.94,57.96,58.3,464961,0.0,0.0
2003-01-21 00:00:00+08:00,58.3,61.26,58.3,60.27,1168415,0.0,0.0
2003-01-22 00:00:00+08:00,59.94,61.26,59.94,60.93,601242,0.0,0.0
2003-01-23 00:00:00+08:00,61.59,62.91,61.59,62.58,1008083,0.0,0.0
2003-01-24 00:00:00+08:00,62.91,64.22,61.92,63.9,705457,0.0,0.0
2003-01-27 00:00:00+08:00,61.92,65.87,61.26,64.22,1346784,0.0,0.0
2003-01-28 00:00:00+08:00,65.21,65.21,63.56,63.56,358741,0.0,0.0
2003-01-29 00:00:00+08:00,63.56,63.56,63.56,63.56,0,0.0,0.0
2003-02-06 00:00:00+08:00,65.21,65.21,62.24,62.91,661366,0.0,0.0
2003-02-07 00:00:00+08:00,62.58,62.91,60.93,62.58,270558,0.0,0.0
2003-02-10 00:00:00+08:00,62.58,64.55,61.92,64.55,468968,0.0,0.0
2003-02-11 00:00:00+08:00,64.55,68.51,63.9,67.52,1406907,0.0,0.0
2003-02-12 00:00:00+08:00,67.52,71.8,67.19,69.5,2046230,0.0,0.0
2003-02-13 00:00:00+08:00,69.16,69.16,65.21,66.2,617275,0.0,0.0
2003-02-14 00:00:00+08:00,66.86,66.86,65.87,65.87,186385,0.0,0.0
2003-02-17 00:00:00+08:00,67.52,69.16,66.2,69.16,525084,0.0,0.0
2003-02-18 00:00:00+08:00,68.51,69.5,67.52,68.51,420869,0.0,0.0
2003-02-19 00:00:00+08:00,69.5,69.82,68.83,69.5,364753,0.0,0.0
2003-02-20 00:00:00+08:00,69.16,69.82,68.51,69.16,404835,0.0,0.0
2003-02-21 00:00:00+08:00,69.82,69.82,68.51,69.16,426882,0.0,0.0
2003-02-24 00:00:00+08:00,68.83,69.16,66.86,67.52,230475,0.0,0.0
2003-02-25 00:00:00+08:00,67.52,67.84,66.2,67.52,174359,0.0,0.0
2003-02-26 00:00:00+08:00,67.52,68.18,67.19,67.84,82168,0.0,0.0
2003-02-27 00:00:00+08:00,67.19,67.52,66.53,66.86,116239,0.0,0.0
2003-02-28 00:00:00+08:00,66.86,66.86,66.86,66.86,0,0.0,0.0
2003-03-03 00:00:00+08:00,66.86,68.51,66.86,68.51,176363,0.0,0.0
2003-03-04 00:00:00+08:00,68.51,68.83,67.52,68.51,318657,0.0,0.0
2003-03-05 00:00:00+08:00,68.51,69.16,68.18,68.51,372770,0.0,0.0
2003-03-06 00:00:00+08:00,69.16,69.16,67.52,68.18,140289,0.0,0.0
2003-03-07 00:00:00+08:00,67.52,68.83,67.52,68.51,336694,0.0,0.0
2003-03-10 00:00:00+08:00,68.51,68.51,68.18,68.18,440911,0.0,0.0
2003-03-11 00:00:00+08:00,68.18,68.18,65.21,65.54,497027,0.0,0.0
2003-03-12 00:00:00+08:00,63.9,63.9,61.92,63.23,1008083,0.0,0.0
2003-03-13 00:00:00+08:00,63.23,64.88,62.91,64.55,332687,0.0,0.0
2003-03-14 00:00:00+08:00,65.54,65.87,63.23,63.56,308637,0.0,0.0
2003-03-17 00:00:00+08:00,63.56,64.22,63.23,63.9,284588,0.0,0.0
2003-03-18 00:00:00+08:00,65.54,68.18,65.54,68.18,1132341,0.0,0.0
2003-03-19 00:00:00+08:00,68.18,68.51,67.52,67.84,436902,0.0,0.0
2003-03-20 00:00:00+08:00,69.16,69.16,66.53,68.83,422874,0.0,0.0
2003-03-21 00:00:00+08:00,68.83,69.5,67.19,67.19,573183,0.0,0.0
2003-03-24 00:00:00+08:00,67.52,68.51,67.19,68.18,194400,0.0,0.0
2003-03-25 00:00:00+08:00,67.52,68.83,67.19,68.83,160331,0.0,0.0
2003-03-26 00:00:00+08:00,67.52,70.48,67.52,69.5,380786,0.0,0.0
2003-03-27 00:00:00+08:00,69.5,70.48,68.18,68.51,170351,0.0,0.0
2003-03-28 00:00:00+08:00,67.84,68.18,66.86,66.86,244504,0.0,0.0
2003-03-31 00:00:00+08:00,65.87,66.86,65.87,65.87,174359,0.0,0.0
2003-04-01 00:00:00+08:00,65.21,66.53,65.21,66.53,70144,0.0,0.0
2003-04-02 00:00:00+08:00,66.2,66.53,65.21,66.53,200413,0.0,0.0
2003-04-03 00:00:00+08:00,67.52,67.52,66.86,66.86,78160,0.0,0.0
2003-04-04 00:00:00+08:00,66.86,67.19,65.87,66.53,276571,0.0,0.0
2003-04-07 00:00:00+08:00,66.53,67.19,65.54,66.86,460951,0.0,0.0
2003-04-08 00:00:00+08:00,66.86,67.84,66.86,67.52,258533,0.0,0.0
2003-04-09 00:00:00+08:00,67.52,67.84,66.53,66.53,182376,0.0,0.0
2003-04-10 00:00:00+08:00,66.53,68.51,65.87,65.87,505043,0.0,0.0
2003-04-11 00:00:00+08:00,65.87,68.51,65.87,67.52,288595,0.0,0.0
2003-04-14 00:00:00+08:00,67.52,67.52,66.53,67.19,40082,0.0,0.0
2003-04-15 00:00:00+08:00,67.19,67.52,66.53,67.52,72148,0.0,0.0
2003-04-16 00:00:00+08:00,67.84,68.18,66.86,66.86,340704,0.0,0.0
2003-04-17 00:00:00+08:00,67.52,68.51,67.19,67.52,260538,0.0,0.0
2003-04-18 00:00:00+08:00,67.84,68.51,67.19,67.52,304629,0.0,0.0
2003-04-21 00:00:00+08:00,68.18,72.13,67.84,72.13,2086312,0.0,0.0
2003-04-22 00:00:00+08:00,72.13,72.13,69.49,69.82,376778,0.0,0.0
2003-04-23 00:00:00+08:00,70.81,71.14,69.16,70.48,501035,0.0,0.0
2003-04-24 00:00:00+08:00,69.16,70.15,67.19,67.19,745541,0.0,0.0
2003-04-25 00:00:00+08:00,66.53,67.52,65.87,67.19,541118,0.0,0.0
2003-04-28 00:00:00+08:00,65.87,68.51,65.21,68.51,468968,0.0,0.0
2003-04-29 00:00:00+08:00,68.83,69.5,68.51,69.5,306633,0.0,0.0
2003-04-30 00:00:00+08:00,72.46,72.46,69.5,70.81,501035,0.0,0.0
2003-05-01 00:00:00+08:00,70.81,70.81,70.81,70.81,0,0.0,0.0
2003-05-02 00:00:00+08:00,70.81,70.81,69.5,70.48,106218,0.0,0.0
2003-05-05 00:00:00+08:00,70.48,70.81,70.15,70.81,204422,0.0,0.0
2003-05-06 00:00:00+08:00,70.81,70.81,70.15,70.81,200413,0.0,0.0
2003-05-07 00:00:00+08:00,70.15,71.8,69.82,71.47,416861,0.0,0.0
2003-05-08 00:00:00+08:00,69.82,71.14,69.82,70.48,234484,0.0,0.0
2003-05-09 00:00:00+08:00,69.82,70.48,69.82,70.15,308637,0.0,0.0
2003-05-12 00:00:00+08:00,69.82,70.81,69.82,70.15,88181,0.0,0.0
2003-05-13 00:00:00+08:00,70.15,70.81,69.82,70.15,170351,0.0,0.0
2003-05-14 00:00:00+08:00,70.15,70.81,69.16,69.16,112230,0.0,0.0
2003-05-15 00:00:00+08:00,69.16,69.16,67.52,69.16,493018,0.0,0.0
2003-05-16 00:00:00+08:00,69.16,69.5,67.19,69.16,745541,0.0,0.0
2003-05-19 00:00:00+08:00,68.18,68.51,66.53,68.51,276571,0.0,0.0
2003-05-20 00:00:00+08:00,66.86,68.51,66.86,68.18,94193,0.0,0.0
2003-05-21 00:00:00+08:00,68.18,68.83,67.84,67.84,84173,0.0,0.0
2003-05-22 00:00:00+08:00,67.84,69.82,67.84,69.82,344711,0.0,0.0
2003-05-23 00:00:00+08:00,69.16,69.82,68.83,69.82,178368,0.0,0.0
2003-05-26 00:00:00+08:00,69.82,69.82,68.51,68.51,320662,0.0,0.0
2003-05-27 00:00:00+08:00,69.16,69.5,68.18,68.18,559156,0.0,0.0
2003-05-28 00:00:00+08:00,69.5,69.5,68.18,68.51,334691,0.0,0.0
2003-05-29 00:00:00+08:00,68.51,72.13,68.18,72.13,733516,0.0,0.0
2003-05-30 00:00:00+08:00,71.14,72.13,69.82,69.82,939942,0.0,0.0
2003-06-02 00:00:00+08:00,70.15,72.46,70.15,70.48,813682,0.0,0.0
2003-06-03 00:00:00+08:00,70.48,72.13,69.82,70.48,877813,0.0,0.0
2003-06-04 00:00:00+08:00,70.48,70.48,70.48,70.48,0,0.0,0.0
2003-06-05 00:00:00+08:00,71.47,71.47,70.48,70.81,643329,0.0,0.0
2003-06-06 00:00:00+08:00,71.14,71.47,70.48,70.48,316654,0.0,0.0
2003-06-09 00:00:00+08:00,70.15,70.48,69.16,69.5,549134,0.0,0.0
2003-06-10 00:00:00+08:00,69.5,70.48,69.16,69.5,489010,0.0,0.0
2003-06-11 00:00:00+08:00,70.15,71.14,69.16,69.82,641324,0.0,0.0
2003-06-12 00:00:00+08:00,69.82,71.14,69.82,70.15,472976,0.0,0.0
2003-06-13 00:00:00+08:00,70.81,71.14,69.82,70.48,366758,0.0,0.0
2003-06-16 00:00:00+08:00,70.81,71.14,69.5,70.48,374773,0.0,0.0
2003-06-17 00:00:00+08:00,71.14,71.14,69.5,69.5,587213,0.0,0.0
2003-06-18 00:00:00+08:00,70.81,70.81,69.49,69.82,573183,0.0,0.0
2003-06-19 00:00:00+08:00,70.81,70.81,69.16,69.16,613267,0.0,0.0
2003-06-20 00:00:00+08:00,69.16,70.15,69.16,69.82,386798,0.0,0.0
2003-06-23 00:00:00+08:00,70.48,70.48,68.83,68.83,212438,0.0,0.0
2003-06-24 00:00:00+08:00,68.83,69.82,67.52,67.52,531097,0.0,0.0
2003-06-25 00:00:00+08:00,67.52,69.16,66.86,68.83,400827,0.0,0.0
2003-06-26 00:00:00+08:00,68.83,69.16,67.84,68.18,156321,0.0,0.0
2003-06-27 00:00:00+08:00,68.83,69.16,67.52,67.52,300620,0.0,0.0
2003-06-30 00:00:00+08:00,67.52,69.5,67.52,68.51,220455,0.0,0.0
2003-07-01 00:00:00+08:00,68.51,70.48,68.51,70.48,360745,0.0,0.0
2003-07-02 00:00:00+08:00,70.48,71.8,70.48,70.48,929922,0.0,0.0
2003-07-03 00:00:00+08:00,71.14,71.47,69.5,69.5,348719,0.0,0.0
2003-07-04 00:00:00+08:00,70.48,71.14,69.5,69.5,318657,0.0,0.0
2003-07-07 00:00:00+08:00,70.81,74.1,70.48,74.1,1962056,0.0,0.0
2003-07-08 00:00:00+08:00,75.42,79.04,75.42,79.04,2292740,0.0,0.0
2003-07-09 00:00:00+08:00,79.37,81.35,77.72,77.72,1869865,0.0,0.0
2003-07-10 00:00:00+08:00,78.39,79.04,73.44,74.76,1104282,0.0,0.0
2003-07-11 00:00:00+08:00,72.46,75.42,72.46,74.76,631304,0.0,0.0
2003-07-14 00:00:00+08:00,75.42,78.39,75.42,76.41,1114302,0.0,0.0
2003-07-15 00:00:00+08:00,77.4,79.7,77.07,77.72,1575256,0.0,0.0
2003-07-16 00:00:00+08:00,78.39,79.37,77.4,78.71,1328746,0.0,0.0
2003-07-17 00:00:00+08:00,79.04,79.04,77.07,77.4,859776,0.0,0.0
2003-07-18 00:00:00+08:00,77.07,77.4,75.75,77.07,288595,0.0,0.0
2003-07-21 00:00:00+08:00,79.04,79.04,78.06,78.39,851761,0.0,0.0
2003-07-22 00:00:00+08:00,79.04,79.7,78.39,79.04,615272,0.0,0.0
2003-07-23 00:00:00+08:00,78.39,79.04,78.06,78.39,468968,0.0,0.0
2003-07-24 00:00:00+08:00,78.39,81.35,78.39,81.35,986038,0.0,0.0
2003-07-25 00:00:00+08:00,81.35,83.99,81.02,83.32,2032201,0.0,0.0
2003-07-28 00:00:00+08:00,95.59,97.23,95.59,97.23,886129,4.13,1.1
2003-07-29 00:00:00+08:00,98.88,98.88,91.87,94.76,720497,0.0,0.0
2003-07-30 00:00:00+08:00,96.41,96.82,90.64,90.64,558178,0.0,0.0
2003-07-31 00:00:00+08:00,91.87,95.17,91.87,93.52,500206,0.0,0.0
2003-08-01 00:00:00+08:00,94.76,95.59,93.52,93.94,140786,0.0,0.0
2003-08-04 00:00:00+08:00,93.94,94.76,92.29,92.7,162319,0.0,0.0
2003-08-05 00:00:00+08:00,94.35,94.35,91.47,92.7,467081,0.0,0.0
2003-08-06 00:00:00+08:00,92.7,96.82,91.47,96.82,662525,0.0,0.0
2003-08-07 00:00:00+08:00,96.82,103.41,96.82,101.76,1175984,0.0,0.0
2003-08-08 00:00:00+08:00,100.94,102.18,99.29,100.94,380952,0.0,0.0
2003-08-11 00:00:00+08:00,103.83,107.95,101.76,107.12,879504,0.0,0.0
2003-08-12 00:00:00+08:00,111.65,112.47,107.95,108.35,584678,0.0,0.0
2003-08-13 00:00:00+08:00,110.42,112.07,107.12,107.95,665838,0.0,0.0
2003-08-14 00:00:00+08:00,106.71,107.95,104.23,107.12,442235,0.0,0.0
2003-08-15 00:00:00+08:00,107.12,109.59,104.23,104.23,737061,0.0,0.0
2003-08-18 00:00:00+08:00,109.18,109.18,104.65,105.06,536646,0.0,0.0
2003-08-19 00:00:00+08:00,105.06,108.35,105.06,105.88,359420,0.0,0.0
2003-08-20 00:00:00+08:00,107.12,107.53,104.65,105.88,210351,0.0,0.0
2003-08-21 00:00:00+08:00,108.35,112.89,108.35,112.89,1308490,0.0,0.0
2003-08-22 00:00:00+08:00,119.48,120.71,117.42,120.71,2126711,0.0,0.0
2003-08-25 00:00:00+08:00,120.71,128.96,118.66,128.96,2045551,0.0,0.0
2003-08-26 00:00:00+08:00,129.78,137.61,128.96,135.96,2365220,0.0,0.0
2003-08-27 00:00:00+08:00,141.73,141.73,128.13,134.72,2090271,0.0,0.0
2003-08-28 00:00:00+08:00,134.72,134.72,127.31,127.31,914286,0.0,0.0
2003-08-29 00:00:00+08:00,124.83,132.66,124.83,132.25,1127951,0.0,0.0
2003-09-01 00:00:00+08:00,132.66,134.31,128.54,129.78,626087,0.0,0.0
2003-09-02 00:00:00+08:00,129.78,136.78,129.37,135.96,1179297,0.0,0.0
2003-09-03 00:00:00+08:00,138.43,143.38,138.02,141.32,1515529,0.0,0.0
2003-09-04 00:00:00+08:00,142.55,150.38,139.26,145.85,2724642,0.0,0.0
2003-09-05 00:00:00+08:00,152.44,155.74,148.32,155.74,2332093,0.0,0.0
2003-09-08 00:00:00+08:00,156.97,166.45,155.74,166.45,3142032,0.0,0.0
2003-09-09 00:00:00+08:00,166.45,170.16,157.8,158.62,3190066,0.0,0.0
2003-09-10 00:00:00+08:00,154.5,160.68,151.62,151.62,2146587,0.0,0.0
2003-09-11 00:00:00+08:00,151.62,151.62,151.62,151.62,0,0.0,0.0
2003-09-12 00:00:00+08:00,151.62,159.03,151.62,156.97,1995861,0.0,0.0
2003-09-15 00:00:00+08:00,157.8,159.86,154.5,154.91,1412837,0.0,0.0
2003-09-16 00:00:00+08:00,148.73,154.91,148.73,153.26,1220705,0.0,0.0
2003-09-17 00:00:00+08:00,155.74,157.8,154.91,156.56,1696068,0.0,0.0
2003-09-18 00:00:00+08:00,156.56,156.56,152.44,154.5,1157764,0.0,0.0
2003-09-19 00:00:00+08:00,154.91,157.8,153.68,153.68,1482404,0.0,0.0
2003-09-22 00:00:00+08:00,153.68,153.68,148.32,148.73,1051761,0.0,0.0
2003-09-23 00:00:00+08:00,147.5,148.73,145.85,146.67,1182609,0.0,0.0
2003-09-24 00:00:00+08:00,147.91,150.38,146.67,147.5,1185922,0.0,0.0
2003-09-25 00:00:00+08:00,145.02,145.85,137.61,140.08,1908076,0.0,0.0
2003-09-26 00:00:00+08:00,138.02,141.32,136.78,140.08,1146171,0.0,0.0
2003-09-29 00:00:00+08:00,139.26,141.32,138.02,141.32,1320084,0.0,0.0
2003-09-30 00:00:00+08:00,142.55,143.38,140.9,141.32,952381,0.0,0.0
2003-10-01 00:00:00+08:00,140.49,141.32,138.02,138.02,483644,0.0,0.0
2003-10-02 00:00:00+08:00,140.9,144.2,139.26,143.79,1222362,0.0,0.0
2003-10-03 00:00:00+08:00,143.79,143.79,140.9,140.9,720497,0.0,0.0
2003-10-06 00:00:00+08:00,141.73,142.96,140.9,141.32,1060042,0.0,0.0
2003-10-07 00:00:00+08:00,142.14,143.79,140.49,141.32,516770,0.0,0.0
2003-10-08 00:00:00+08:00,141.32,141.32,137.2,137.2,758592,0.0,0.0
2003-10-09 00:00:00+08:00,137.2,141.32,135.14,141.32,973914,0.0,0.0
2003-10-10 00:00:00+08:00,141.32,141.32,141.32,141.32,0,0.0,0.0
2003-10-13 00:00:00+08:00,141.32,142.14,139.26,142.14,680745,0.0,0.0
2003-10-14 00:00:00+08:00,143.38,143.38,140.08,140.9,526708,0.0,0.0
2003-10-15 00:00:00+08:00,141.73,142.55,138.43,140.08,409110,0.0,0.0
2003-10-16 00:00:00+08:00,140.49,147.5,139.67,144.61,1334990,0.0,0.0
2003-10-17 00:00:00+08:00,146.67,146.67,140.08,140.49,1442651,0.0,0.0
2003-10-20 00:00:00+08:00,140.08,140.9,135.96,135.96,1447620,0.0,0.0
2003-10-21 00:00:00+08:00,137.61,138.84,135.96,135.96,907661,0.0,0.0
2003-10-22 00:00:00+08:00,140.08,145.44,139.26,145.44,2565634,0.0,0.0
2003-10-23 00:00:00+08:00,146.26,154.91,146.26,150.79,4273298,0.0,0.0
2003-10-24 00:00:00+08:00,154.09,157.8,147.91,149.14,2236027,0.0,0.0
2003-10-27 00:00:00+08:00,152.44,156.97,149.14,156.56,2373502,0.0,0.0
2003-10-28 00:00:00+08:00,157.8,159.86,154.09,154.91,2048864,0.0,0.0
2003-10-29 00:00:00+08:00,156.56,158.62,153.68,155.32,1204142,0.0,0.0
2003-10-30 00:00:00+08:00,155.32,155.32,148.73,149.14,1199173,0.0,0.0
2003-10-31 00:00:00+08:00,149.14,151.62,148.32,149.56,1065011,0.0,0.0
2003-11-03 00:00:00+08:00,151.62,151.62,144.2,146.67,1007039,0.0,0.0
2003-11-04 00:00:00+08:00,147.5,149.56,145.44,146.26,710559,0.0,0.0
2003-11-05 00:00:00+08:00,146.26,147.5,142.55,142.96,702277,0.0,0.0
2003-11-06 00:00:00+08:00,142.96,144.2,140.49,142.14,680745,0.0,0.0
2003-11-07 00:00:00+08:00,142.96,145.85,142.14,145.85,1238925,0.0,0.0
2003-11-10 00:00:00+08:00,145.85,151.62,144.2,151.62,1503935,0.0,0.0
2003-11-11 00:00:00+08:00,151.62,155.32,150.38,154.09,1719257,0.0,0.0
2003-11-12 00:00:00+08:00,154.09,156.15,151.2,155.32,1412837,0.0,0.0
2003-11-13 00:00:00+08:00,155.74,156.56,151.2,151.2,708903,0.0,0.0
2003-11-14 00:00:00+08:00,151.2,155.32,151.2,152.44,1210767,0.0,0.0
2003-11-17 00:00:00+08:00,148.32,151.2,147.91,148.32,760248,0.0,0.0
2003-11-18 00:00:00+08:00,148.32,150.38,144.61,144.61,1061699,0.0,0.0
2003-11-19 00:00:00+08:00,143.79,145.85,142.55,144.61,702277,0.0,0.0
2003-11-20 00:00:00+08:00,145.44,147.08,144.2,144.2,624431,0.0,0.0
2003-11-21 00:00:00+08:00,143.38,143.79,140.9,141.32,826501,0.0,0.0
2003-11-24 00:00:00+08:00,141.32,141.32,135.96,135.96,1194204,0.0,0.0
2003-11-25 00:00:00+08:00,138.02,139.67,137.61,138.02,1250518,0.0,0.0
2003-11-26 00:00:00+08:00,138.02,140.08,137.2,140.08,432297,0.0,0.0
2003-11-27 00:00:00+08:00,140.08,142.96,139.26,139.67,773499,0.0,0.0
2003-11-28 00:00:00+08:00,141.32,145.02,140.9,143.38,1043479,0.0,0.0
2003-12-01 00:00:00+08:00,142.55,146.26,142.14,144.2,698965,0.0,0.0
2003-12-02 00:00:00+08:00,144.2,145.44,142.96,145.44,636025,0.0,0.0
2003-12-03 00:00:00+08:00,145.44,147.08,142.14,142.14,579709,0.0,0.0
2003-12-04 00:00:00+08:00,142.14,143.79,142.14,142.55,622774,0.0,0.0
2003-12-05 00:00:00+08:00,144.2,145.85,144.2,144.2,584678,0.0,0.0
2003-12-08 00:00:00+08:00,143.38,145.44,142.14,143.79,496893,0.0,0.0
2003-12-09 00:00:00+08:00,144.61,145.44,141.32,141.32,361076,0.0,0.0
2003-12-10 00:00:00+08:00,140.08,141.32,139.67,140.08,405797,0.0,0.0
2003-12-11 00:00:00+08:00,140.08,141.32,139.67,140.49,531677,0.0,0.0
2003-12-12 00:00:00+08:00,141.32,142.14,138.43,138.84,703934,0.0,0.0
2003-12-15 00:00:00+08:00,140.9,141.32,138.84,141.32,377639,0.0,0.0
2003-12-16 00:00:00+08:00,140.49,140.9,138.43,140.08,402484,0.0,0.0
2003-12-17 00:00:00+08:00,140.08,140.49,134.31,134.72,713872,0.0,0.0
2003-12-18 00:00:00+08:00,131.84,135.14,131.84,133.49,501862,0.0,0.0
2003-12-19 00:00:00+08:00,135.55,137.2,133.08,135.14,821533,0.0,0.0
2003-12-22 00:00:00+08:00,135.14,135.96,133.9,135.14,442235,0.0,0.0
2003-12-23 00:00:00+08:00,134.72,134.72,132.25,133.08,405797,0.0,0.0
2003-12-24 00:00:00+08:00,133.08,137.2,133.08,135.55,854658,0.0,0.0
2003-12-25 00:00:00+08:00,135.96,137.61,135.55,136.37,417390,0.0,0.0
2003-12-26 00:00:00+08:00,136.37,136.37,135.55,136.37,198757,0.0,0.0
2003-12-29 00:00:00+08:00,136.37,137.2,135.14,135.14,208695,0.0,0.0
2003-12-30 00:00:00+08:00,135.96,137.61,135.96,137.2,544927,0.0,0.0
2003-12-31 00:00:00+08:00,137.2,138.02,135.96,135.96,260040,0.0,0.0
2004-01-01 00:00:00+08:00,135.96,135.96,135.96,135.96,0,0.0,0.0
2004-01-02 00:00:00+08:00,136.37,143.79,135.96,143.38,950725,0.0,0.0
2004-01-05 00:00:00+08:00,144.61,145.02,142.55,144.2,745341,0.0,0.0
2004-01-06 00:00:00+08:00,145.02,146.26,142.55,143.38,955694,0.0,0.0
2004-01-07 00:00:00+08:00,143.38,147.91,141.32,146.26,1217392,0.0,0.0
2004-01-08 00:00:00+08:00,146.26,149.14,144.61,144.61,1035197,0.0,0.0
2004-01-09 00:00:00+08:00,145.44,147.5,145.44,147.08,732092,0.0,0.0
2004-01-12 00:00:00+08:00,147.08,147.08,145.44,145.85,258384,0.0,0.0
2004-01-13 00:00:00+08:00,147.5,149.14,146.67,148.32,597929,0.0,0.0
2004-01-14 00:00:00+08:00,148.32,149.97,147.5,149.14,1028572,0.0,0.0
2004-01-15 00:00:00+08:00,150.38,151.62,149.56,150.79,939131,0.0,0.0
2004-01-16 00:00:00+08:00,151.62,151.62,148.32,148.73,546584,0.0,0.0
2004-01-19 00:00:00+08:00,148.73,148.73,148.73,148.73,0,0.0,0.0
2004-01-27 00:00:00+08:00,150.38,150.79,148.32,148.73,670807,0.0,0.0
2004-01-28 00:00:00+08:00,149.14,153.68,149.14,151.62,1580125,0.0,0.0
2004-01-29 00:00:00+08:00,152.44,154.09,149.97,152.44,2302281,0.0,0.0
2004-01-30 00:00:00+08:00,152.44,155.32,151.2,155.32,1573500,0.0,0.0
2004-02-02 00:00:00+08:00,155.74,156.56,152.44,152.44,876191,0.0,0.0
2004-02-03 00:00:00+08:00,151.2,151.2,148.73,148.73,846377,0.0,0.0
2004-02-04 00:00:00+08:00,148.73,151.2,148.73,149.56,1157764,0.0,0.0
2004-02-05 00:00:00+08:00,148.32,149.97,148.32,148.32,669151,0.0,0.0
2004-02-06 00:00:00+08:00,149.56,150.38,148.32,148.32,647619,0.0,0.0
2004-02-09 00:00:00+08:00,148.32,149.97,146.67,147.08,771843,0.0,0.0
2004-02-10 00:00:00+08:00,147.5,148.32,146.67,147.5,796688,0.0,0.0
2004-02-11 00:00:00+08:00,148.73,149.56,147.08,147.08,904349,0.0,0.0
2004-02-12 00:00:00+08:00,147.91,149.14,146.67,146.67,2381784,0.0,0.0
2004-02-13 00:00:00+08:00,148.32,150.79,147.08,149.56,998758,0.0,0.0
2004-02-16 00:00:00+08:00,149.56,150.79,147.08,147.5,821533,0.0,0.0
2004-02-17 00:00:00+08:00,147.5,150.38,147.5,149.56,1354866,0.0,0.0
2004-02-18 00:00:00+08:00,150.38,159.86,150.38,159.86,4700628,0.0,0.0
2004-02-19 00:00:00+08:00,163.98,170.98,163.98,170.98,5392968,0.0,0.0
2004-02-20 00:00:00+08:00,170.57,172.22,166.04,167.27,1871638,0.0,0.0
2004-02-23 00:00:00+08:00,168.51,176.33,166.04,173.86,2398346,0.0,0.0
2004-02-24 00:00:00+08:00,170.98,174.28,168.92,168.92,1455902,0.0,0.0
2004-02-25 00:00:00+08:00,168.92,171.8,167.27,168.92,1111388,0.0,0.0
2004-02-26 00:00:00+08:00,170.16,171.8,168.51,168.92,1074948,0.0,0.0
2004-02-27 00:00:00+08:00,168.92,172.63,166.45,166.86,2081990,0.0,0.0
2004-03-01 00:00:00+08:00,168.1,168.92,161.5,161.5,2226090,0.0,0.0
2004-03-02 00:00:00+08:00,163.56,164.39,160.68,161.5,3630647,0.0,0.0
2004-03-03 00:00:00+08:00,161.5,166.04,161.5,161.5,3615740,0.0,0.0
2004-03-04 00:00:00+08:00,163.98,164.39,162.33,162.74,1111388,0.0,0.0
2004-03-05 00:00:00+08:00,164.8,165.62,162.33,162.33,1175984,0.0,0.0
2004-03-08 00:00:00+08:00,164.8,164.8,160.68,160.68,920911,0.0,0.0
2004-03-09 00:00:00+08:00,161.5,163.98,160.27,162.74,1127951,0.0,0.0
2004-03-10 00:00:00+08:00,162.74,162.74,157.8,157.8,1571844,0.0,0.0
2004-03-11 00:00:00+08:00,156.56,158.21,156.56,156.56,1065011,0.0,0.0
2004-03-12 00:00:00+08:00,155.74,160.68,155.74,156.56,1303521,0.0,0.0
2004-03-15 00:00:00+08:00,159.86,159.86,156.56,156.56,849689,0.0,0.0
2004-03-16 00:00:00+08:00,158.62,158.62,154.5,156.56,987165,0.0,0.0
2004-03-17 00:00:00+08:00,157.8,158.62,148.73,148.73,1311803,0.0,0.0
2004-03-18 00:00:00+08:00,149.56,158.21,149.56,157.8,1472465,0.0,0.0
2004-03-19 00:00:00+08:00,157.8,159.86,156.97,159.44,1288614,0.0,0.0
2004-03-22 00:00:00+08:00,148.32,150.79,148.32,148.32,2953213,0.0,0.0
2004-03-23 00:00:00+08:00,144.2,158.62,144.2,153.26,3204974,0.0,0.0
2004-03-24 00:00:00+08:00,156.15,156.97,153.26,155.32,1389650,0.0,0.0
2004-03-25 00:00:00+08:00,156.56,156.97,154.09,154.91,934162,0.0,0.0
2004-03-26 00:00:00+08:00,156.56,156.56,154.5,155.32,937474,0.0,0.0
2004-03-29 00:00:00+08:00,159.03,164.8,159.03,163.15,2240996,0.0,0.0
2004-03-30 00:00:00+08:00,163.15,163.56,161.5,162.74,1046792,0.0,0.0
2004-03-31 00:00:00+08:00,162.74,164.39,160.68,161.5,876191,0.0,0.0
2004-04-01 00:00:00+08:00,160.68,163.15,160.68,161.92,645963,0.0,0.0
2004-04-02 00:00:00+08:00,161.92,162.74,159.03,161.92,939131,0.0,0.0
2004-04-05 00:00:00+08:00,163.15,163.98,161.09,163.56,922567,0.0,0.0
2004-04-06 00:00:00+08:00,163.98,163.98,161.5,162.74,644307,0.0,0.0
2004-04-07 00:00:00+08:00,162.74,163.98,161.92,162.74,491926,0.0,0.0
2004-04-08 00:00:00+08:00,161.92,173.86,161.92,170.98,2275779,0.0,0.0
2004-04-09 00:00:00+08:00,170.57,170.57,167.27,167.27,733748,0.0,0.0
2004-04-12 00:00:00+08:00,170.16,172.22,168.1,168.51,904349,0.0,0.0
2004-04-13 00:00:00+08:00,170.57,173.86,169.33,170.98,1227331,0.0,0.0
2004-04-14 00:00:00+08:00,170.98,182.93,170.16,182.93,4286549,0.0,0.0
2004-04-15 00:00:00+08:00,187.46,191.58,183.34,186.22,4202077,0.0,0.0
2004-04-16 00:00:00+08:00,186.22,187.46,182.52,187.05,1452589,0.0,0.0
2004-04-19 00:00:00+08:00,187.87,193.23,185.4,185.4,1836855,0.0,0.0
2004-04-20 00:00:00+08:00,189.11,190.76,185.81,185.81,1576813,0.0,0.0
2004-04-21 00:00:00+08:00,185.81,187.46,183.34,184.99,811595,0.0,0.0
2004-04-22 00:00:00+08:00,184.99,187.05,172.22,172.22,4793381,0.0,0.0
2004-04-23 00:00:00+08:00,168.92,168.92,160.27,160.68,4387583,0.0,0.0
2004-04-26 00:00:00+08:00,161.09,161.92,157.8,158.62,1469153,0.0,0.0
2004-04-27 00:00:00+08:00,158.62,162.74,158.62,162.74,1609939,0.0,0.0
2004-04-28 00:00:00+08:00,162.74,164.39,159.03,159.03,809938,0.0,0.0
2004-04-29 00:00:00+08:00,159.03,161.09,157.38,157.38,947412,0.0,0.0
2004-04-30 00:00:00+08:00,157.38,159.03,152.44,153.26,1227331,0.0,0.0
2004-05-03 00:00:00+08:00,153.26,155.74,151.62,153.26,930849,0.0,0.0
2004-05-04 00:00:00+08:00,154.5,161.5,154.09,161.5,1598345,0.0,0.0
2004-05-05 00:00:00+08:00,160.68,160.68,150.38,150.79,1571844,0.0,0.0
2004-05-06 00:00:00+08:00,156.97,156.97,148.32,148.32,1325052,0.0,0.0
2004-05-07 00:00:00+08:00,147.5,154.09,147.5,151.62,1119670,0.0,0.0
2004-05-10 00:00:00+08:00,147.08,147.5,145.02,146.26,796688,0.0,0.0
2004-05-11 00:00:00+08:00,146.67,149.97,144.2,146.26,1060042,0.0,0.0
2004-05-12 00:00:00+08:00,149.56,149.97,147.08,148.73,776812,0.0,0.0
2004-05-13 00:00:00+08:00,148.73,148.73,146.67,146.67,337887,0.0,0.0
2004-05-14 00:00:00+08:00,147.5,149.97,146.67,148.32,862940,0.0,0.0
2004-05-17 00:00:00+08:00,145.44,152.44,145.44,150.79,1126295,0.0,0.0
2004-05-18 00:00:00+08:00,153.26,154.09,150.79,150.79,770186,0.0,0.0
2004-05-19 00:00:00+08:00,153.26,158.62,152.03,156.56,1790478,0.0,0.0
2004-05-20 00:00:00+08:00,155.74,157.8,152.85,156.56,1020290,0.0,0.0
2004-05-21 00:00:00+08:00,156.56,159.03,155.32,156.56,775155,0.0,0.0
2004-05-24 00:00:00+08:00,156.56,157.8,154.5,156.56,460455,0.0,0.0
2004-05-25 00:00:00+08:00,156.56,161.5,156.15,157.38,884473,0.0,0.0
2004-05-26 00:00:00+08:00,160.27,162.74,158.62,159.03,760248,0.0,0.0
2004-05-27 00:00:00+08:00,161.5,161.5,158.62,160.68,485300,0.0,0.0
2004-05-28 00:00:00+08:00,161.09,161.5,159.44,160.68,467081,0.0,0.0
2004-05-31 00:00:00+08:00,160.68,160.68,155.74,155.74,269978,0.0,0.0
2004-06-01 00:00:00+08:00,155.74,156.97,153.68,153.68,371014,0.0,0.0
2004-06-02 00:00:00+08:00,152.44,152.44,149.14,149.14,536646,0.0,0.0
2004-06-03 00:00:00+08:00,149.56,152.03,147.5,147.5,642650,0.0,0.0
2004-06-04 00:00:00+08:00,147.5,152.44,147.5,152.44,634369,0.0,0.0
2004-06-07 00:00:00+08:00,152.44,157.8,152.44,157.8,897723,0.0,0.0
2004-06-08 00:00:00+08:00,159.44,160.27,152.85,153.26,486957,0.0,0.0
2004-06-09 00:00:00+08:00,152.44,155.32,152.44,152.85,404141,0.0,0.0
2004-06-10 00:00:00+08:00,152.85,152.85,147.08,152.44,1139546,0.0,0.0
2004-06-11 00:00:00+08:00,151.62,152.44,147.5,152.44,1606627,0.0,0.0
2004-06-14 00:00:00+08:00,152.03,152.44,149.14,149.56,424016,0.0,0.0
2004-06-15 00:00:00+08:00,149.56,150.79,148.73,149.56,543271,0.0,0.0
2004-06-16 00:00:00+08:00,151.2,151.2,144.2,144.2,768530,0.0,0.0
2004-06-17 00:00:00+08:00,144.2,147.5,142.14,142.96,1056730,0.0,0.0
2004-06-18 00:00:00+08:00,142.96,142.96,133.08,133.08,1394619,0.0,0.0
2004-06-21 00:00:00+08:00,131.84,131.84,124.01,124.01,1035197,0.0,0.0
2004-06-22 00:00:00+08:00,124.01,124.01,124.01,124.01,0,0.0,0.0
2004-06-23 00:00:00+08:00,117.42,119.89,115.36,117.01,1990892,0.0,0.0
2004-06-24 00:00:00+08:00,118.66,119.89,115.77,118.24,1795447,0.0,0.0
2004-06-25 00:00:00+08:00,118.24,126.48,118.24,126.48,1818635,0.0,0.0
2004-06-28 00:00:00+08:00,130.6,132.25,127.72,130.19,2393378,0.0,0.0
2004-06-29 00:00:00+08:00,130.19,133.08,128.96,133.08,1036854,0.0,0.0
2004-06-30 00:00:00+08:00,133.9,136.37,132.66,133.08,1207454,0.0,0.0
2004-07-01 00:00:00+08:00,133.08,134.31,131.43,134.31,563147,0.0,0.0
2004-07-02 00:00:00+08:00,131.84,133.9,131.02,131.43,463768,0.0,0.0
2004-07-05 00:00:00+08:00,128.13,130.6,126.9,126.9,291511,0.0,0.0
2004-07-06 00:00:00+08:00,126.9,129.78,126.48,128.96,420703,0.0,0.0
2004-07-07 00:00:00+08:00,123.6,125.25,120.31,121.95,1305177,0.0,0.0
2004-07-08 00:00:00+08:00,121.95,122.78,113.71,113.71,1575156,0.0,0.0
2004-07-09 00:00:00+08:00,109.18,110.0,105.88,109.18,3107251,0.0,0.0
2004-07-12 00:00:00+08:00,108.77,108.77,102.59,102.59,1558594,0.0,0.0
2004-07-13 00:00:00+08:00,99.71,100.53,95.59,95.99,3246381,0.0,0.0
2004-07-14 00:00:00+08:00,96.82,98.88,95.99,96.41,2494413,0.0,0.0
2004-07-15 00:00:00+08:00,97.23,99.71,95.99,96.41,2769362,0.0,0.0
2004-07-16 00:00:00+08:00,96.82,97.64,89.82,89.82,2298968,0.0,0.0
2004-07-19 00:00:00+08:00,88.58,88.58,83.63,84.46,2166462,0.0,0.0
2004-07-20 00:00:00+08:00,83.63,85.7,81.99,83.63,1853418,0.0,0.0
2004-07-21 00:00:00+08:00,86.52,88.17,84.87,86.52,2585510,0.0,0.0
2004-07-22 00:00:00+08:00,83.63,91.05,82.4,88.99,2704766,0.0,0.0
2004-07-23 00:00:00+08:00,89.82,92.29,88.58,88.99,2293999,0.0,0.0
2004-07-26 00:00:00+08:00,87.35,88.99,86.11,86.52,881160,0.0,0.0
2004-07-27 00:00:00+08:00,86.93,91.47,86.93,90.64,2381784,0.0,0.0
2004-07-28 00:00:00+08:00,92.29,94.76,91.87,92.29,2471225,0.0,0.0
2004-07-29 00:00:00+08:00,92.29,92.29,88.99,88.99,712216,0.0,0.0
2004-07-30 00:00:00+08:00,90.64,93.94,90.23,93.52,1800416,0.0,0.0
2004-08-02 00:00:00+08:00,92.7,94.35,91.47,93.11,1227331,0.0,0.0
2004-08-03 00:00:00+08:00,93.94,94.35,92.29,92.7,879504,0.0,0.0
2004-08-04 00:00:00+08:00,92.29,92.29,88.58,91.47,531677,0.0,0.0
2004-08-05 00:00:00+08:00,91.47,97.64,90.64,97.64,1896483,0.0,0.0
2004-08-06 00:00:00+08:00,96.82,103.83,95.59,98.88,4394209,0.0,0.0
2004-08-09 00:00:00+08:00,96.82,99.71,96.41,98.88,1232300,0.0,0.0
2004-08-10 00:00:00+08:00,99.29,100.53,95.17,95.59,915942,0.0,0.0
2004-08-11 00:00:00+08:00,95.59,96.82,90.23,93.94,1315115,0.0,0.0
2004-08-12 00:00:00+08:00,93.11,93.11,90.23,90.64,477019,0.0,0.0
2004-08-13 00:00:00+08:00,89.82,92.7,88.58,91.87,589647,0.0,0.0
2004-08-16 00:00:00+08:00,91.87,93.11,90.64,91.87,846377,0.0,0.0
2004-08-17 00:00:00+08:00,105.07,106.62,104.55,105.59,1259348,4.96,1.1
2004-08-18 00:00:00+08:00,106.11,110.76,103.51,110.24,1693276,0.0,0.0
2004-08-19 00:00:00+08:00,111.28,117.49,110.24,116.98,2598090,0.0,0.0
2004-08-20 00:00:00+08:00,116.98,121.63,114.91,120.08,2795205,0.0,0.0
2004-08-23 00:00:00+08:00,120.6,121.11,118.01,118.53,941773,0.0,0.0
2004-08-24 00:00:00+08:00,118.53,118.53,118.53,118.53,0,0.0,0.0
2004-08-26 00:00:00+08:00,121.11,122.15,119.56,119.56,1257979,0.0,0.0
2004-08-27 00:00:00+08:00,119.56,122.15,117.49,121.63,2417401,0.0,0.0
2004-08-30 00:00:00+08:00,121.63,121.63,119.04,121.11,379172,0.0,0.0
2004-08-31 00:00:00+08:00,120.6,126.8,119.56,123.7,1897235,0.0,0.0
2004-09-01 00:00:00+08:00,125.78,128.36,125.25,127.33,1099192,0.0,0.0
2004-09-02 00:00:00+08:00,128.36,128.36,125.78,127.84,674846,0.0,0.0
2004-09-03 00:00:00+08:00,128.36,128.36,121.11,121.11,800781,0.0,0.0
2004-09-06 00:00:00+08:00,116.46,121.11,116.46,120.6,539328,0.0,0.0
2004-09-07 00:00:00+08:00,120.6,124.22,120.6,123.18,793936,0.0,0.0
2004-09-08 00:00:00+08:00,123.18,123.7,120.08,121.63,518796,0.0,0.0
2004-09-09 00:00:00+08:00,121.63,122.67,120.08,121.63,327156,0.0,0.0
2004-09-10 00:00:00+08:00,122.15,123.18,120.08,120.08,417500,0.0,0.0
2004-09-13 00:00:00+08:00,121.63,123.18,120.08,121.63,435296,0.0,0.0
2004-09-14 00:00:00+08:00,122.67,123.18,120.6,121.11,488681,0.0,0.0
2004-09-15 00:00:00+08:00,121.11,128.36,121.11,126.29,1757612,0.0,0.0
2004-09-16 00:00:00+08:00,126.29,132.5,125.25,130.95,1856170,0.0,0.0
2004-09-17 00:00:00+08:00,130.95,133.02,129.4,129.91,974626,0.0,0.0
2004-09-20 00:00:00+08:00,129.91,133.02,127.84,128.36,739182,0.0,0.0
2004-09-21 00:00:00+08:00,129.4,133.02,129.4,131.47,865117,0.0,0.0
2004-09-22 00:00:00+08:00,131.47,131.98,129.91,131.47,262820,0.0,0.0
2004-09-23 00:00:00+08:00,130.43,130.43,126.8,126.8,553017,0.0,0.0
2004-09-24 00:00:00+08:00,125.78,127.33,122.67,122.67,703591,0.0,0.0
2004-09-27 00:00:00+08:00,120.08,122.15,118.53,119.04,342213,0.0,0.0
2004-09-28 00:00:00+08:00,119.04,119.04,119.04,119.04,0,0.0,0.0
2004-09-29 00:00:00+08:00,119.04,121.63,119.04,119.56,479099,0.0,0.0
2004-09-30 00:00:00+08:00,123.18,123.7,121.63,123.7,703591,0.0,0.0
2004-10-01 00:00:00+08:00,123.7,123.7,122.15,122.67,292935,0.0,0.0
2004-10-04 00:00:00+08:00,124.74,128.88,124.74,128.88,880174,0.0,0.0
2004-10-05 00:00:00+08:00,129.4,129.4,125.78,126.29,461303,0.0,0.0
2004-10-06 00:00:00+08:00,126.29,128.36,125.25,125.78,436665,0.0,0.0
2004-10-07 00:00:00+08:00,127.84,127.84,123.18,123.18,503739,0.0,0.0
2004-10-08 00:00:00+08:00,123.18,127.33,122.15,126.29,980100,0.0,0.0
2004-10-11 00:00:00+08:00,124.74,126.8,123.18,123.7,362747,0.0,0.0
2004-10-12 00:00:00+08:00,123.7,125.25,119.56,120.08,576288,0.0,0.0
2004-10-13 00:00:00+08:00,121.11,121.11,114.91,116.46,903444,0.0,0.0
2004-10-14 00:00:00+08:00,115.94,116.98,113.87,114.91,418869,0.0,0.0
2004-10-15 00:00:00+08:00,114.91,116.98,113.87,116.46,585870,0.0,0.0
2004-10-18 00:00:00+08:00,115.42,116.46,111.8,111.8,474992,0.0,0.0
2004-10-19 00:00:00+08:00,111.8,118.01,110.24,115.42,1140257,0.0,0.0
2004-10-20 00:00:00+08:00,115.42,118.01,114.38,114.91,885650,0.0,0.0
2004-10-21 00:00:00+08:00,112.83,114.91,111.8,111.8,736445,0.0,0.0
2004-10-22 00:00:00+08:00,111.8,112.31,104.04,104.55,2276409,0.0,0.0
2004-10-25 00:00:00+08:00,104.55,104.55,104.55,104.55,0,0.0,0.0
2004-10-26 00:00:00+08:00,102.48,102.48,97.31,97.31,1104667,0.0,0.0
2004-10-27 00:00:00+08:00,97.31,99.89,94.72,97.31,1739816,0.0,0.0
2004-10-28 00:00:00+08:00,100.41,100.41,97.82,97.82,1010216,0.0,0.0
2004-10-29 00:00:00+08:00,97.82,101.44,97.31,101.44,921240,0.0,0.0
2004-11-01 00:00:00+08:00,101.96,102.48,98.86,100.93,607771,0.0,0.0
2004-11-02 00:00:00+08:00,100.93,104.04,100.41,104.04,756977,0.0,0.0
2004-11-03 00:00:00+08:00,104.04,105.07,101.44,101.44,1708333,0.0,0.0
2004-11-04 00:00:00+08:00,101.44,101.44,99.38,99.38,615984,0.0,0.0
2004-11-05 00:00:00+08:00,101.44,103.51,100.93,102.48,1535857,0.0,0.0
2004-11-08 00:00:00+08:00,101.96,102.48,100.41,100.93,522903,0.0,0.0
2004-11-09 00:00:00+08:00,100.93,104.04,99.89,104.04,1123831,0.0,0.0
2004-11-10 00:00:00+08:00,104.55,104.55,103.0,103.51,973257,0.0,0.0
2004-11-11 00:00:00+08:00,103.51,103.51,101.96,102.48,246393,0.0,0.0
2004-11-12 00:00:00+08:00,103.0,104.55,103.0,104.04,472254,0.0,0.0
2004-11-15 00:00:00+08:00,104.55,104.55,103.0,103.51,360009,0.0,0.0
2004-11-16 00:00:00+08:00,103.51,103.51,102.48,103.0,213541,0.0,0.0
2004-11-17 00:00:00+08:00,103.0,105.59,103.0,104.55,1779514,0.0,0.0
2004-11-18 00:00:00+08:00,104.55,104.55,102.48,102.48,773403,0.0,0.0
2004-11-19 00:00:00+08:00,102.48,103.0,101.44,101.44,574919,0.0,0.0
2004-11-22 00:00:00+08:00,99.89,100.93,97.82,97.82,729600,0.0,0.0
2004-11-23 00:00:00+08:00,97.82,98.86,96.27,97.82,810363,0.0,0.0
2004-11-24 00:00:00+08:00,97.82,99.38,96.79,97.82,505108,0.0,0.0
2004-11-25 00:00:00+08:00,97.82,99.38,96.79,98.34,629673,0.0,0.0
2004-11-26 00:00:00+08:00,98.34,100.41,96.79,97.31,585870,0.0,0.0
2004-11-29 00:00:00+08:00,97.31,97.82,95.24,95.75,422976,0.0,0.0
2004-11-30 00:00:00+08:00,95.75,97.82,94.72,97.82,481837,0.0,0.0
2004-12-01 00:00:00+08:00,96.79,97.31,95.24,95.24,320311,0.0,0.0
2004-12-02 00:00:00+08:00,97.31,97.31,95.75,96.79,324418,0.0,0.0
2004-12-03 00:00:00+08:00,96.27,97.82,96.27,97.31,201221,0.0,0.0
2004-12-06 00:00:00+08:00,96.79,97.82,96.27,97.82,257344,0.0,0.0
2004-12-07 00:00:00+08:00,97.31,97.82,96.27,96.27,231335,0.0,0.0
2004-12-08 00:00:00+08:00,94.72,95.75,90.06,91.61,1564603,0.0,0.0
2004-12-09 00:00:00+08:00,91.61,91.61,87.99,90.57,1225126,0.0,0.0
2004-12-10 00:00:00+08:00,90.57,91.09,88.51,88.51,876068,0.0,0.0
2004-12-13 00:00:00+08:00,88.51,91.09,88.51,89.02,1670005,0.0,0.0
2004-12-14 00:00:00+08:00,90.57,91.09,89.02,89.54,624198,0.0,0.0
2004-12-15 00:00:00+08:00,90.57,92.13,90.06,92.13,770665,0.0,0.0
2004-12-16 00:00:00+08:00,92.64,93.68,91.61,93.68,828157,0.0,0.0
2004-12-17 00:00:00+08:00,93.68,94.2,93.17,93.68,588608,0.0,0.0
2004-12-20 00:00:00+08:00,91.61,92.13,91.09,91.09,461303,0.0,0.0
2004-12-21 00:00:00+08:00,91.61,92.13,89.54,90.57,477730,0.0,0.0
2004-12-22 00:00:00+08:00,90.57,91.61,89.02,89.02,888388,0.0,0.0
2004-12-23 00:00:00+08:00,89.02,89.54,87.47,87.47,773403,0.0,0.0
2004-12-24 00:00:00+08:00,87.99,89.54,86.95,89.54,1452356,0.0,0.0
2004-12-27 00:00:00+08:00,89.54,90.57,87.47,90.06,1233339,0.0,0.0
2004-12-28 00:00:00+08:00,90.06,90.06,89.02,89.02,688534,0.0,0.0
2004-12-29 00:00:00+08:00,89.54,90.57,89.54,89.54,633780,0.0,0.0
2004-12-30 00:00:00+08:00,89.54,90.57,88.51,90.57,995158,0.0,0.0
2004-12-31 00:00:00+08:00,90.57,91.61,89.54,91.61,476361,0.0,0.0
2005-01-03 00:00:00+08:00,91.61,91.61,90.06,90.06,206697,0.0,0.0
2005-01-04 00:00:00+08:00,90.06,90.57,89.02,90.57,324418,0.0,0.0
2005-01-05 00:00:00+08:00,90.57,90.57,88.51,88.51,269664,0.0,0.0
2005-01-06 00:00:00+08:00,87.47,87.47,82.81,82.81,835001,0.0,0.0
2005-01-07 00:00:00+08:00,77.64,79.71,77.12,77.12,2895132,0.0,0.0
2005-01-10 00:00:00+08:00,76.08,76.08,73.24,73.5,2043703,0.0,0.0
2005-01-11 00:00:00+08:00,73.76,76.08,73.76,75.05,1327791,0.0,0.0
2005-01-12 00:00:00+08:00,75.05,75.05,73.5,73.5,951355,0.0,0.0
2005-01-13 00:00:00+08:00,74.01,74.53,69.09,70.91,1808259,0.0,0.0
2005-01-14 00:00:00+08:00,70.39,71.69,69.88,70.91,1459201,0.0,0.0
2005-01-17 00:00:00+08:00,71.43,72.2,69.88,70.65,904813,0.0,0.0
2005-01-18 00:00:00+08:00,70.65,70.65,66.77,67.54,1312733,0.0,0.0
2005-01-19 00:00:00+08:00,67.54,69.09,66.25,68.06,2292835,0.0,0.0
2005-01-20 00:00:00+08:00,67.28,72.72,67.28,72.72,2329795,0.0,0.0
2005-01-21 00:00:00+08:00,73.5,75.05,72.72,72.72,4311900,0.0,0.0
2005-01-24 00:00:00+08:00,72.72,72.98,71.69,71.69,1804154,0.0,0.0
2005-01-25 00:00:00+08:00,71.69,72.2,68.84,69.88,1511217,0.0,0.0
2005-01-26 00:00:00+08:00,70.65,74.53,70.65,74.53,2223023,0.0,0.0
2005-01-27 00:00:00+08:00,75.83,76.6,75.05,75.05,4829328,0.0,0.0
2005-01-28 00:00:00+08:00,75.05,80.22,75.05,80.22,4035391,0.0,0.0
2005-01-31 00:00:00+08:00,81.26,83.33,80.75,82.81,5835438,0.0,0.0
2005-02-01 00:00:00+08:00,82.81,82.81,80.22,80.75,1701489,0.0,0.0
2005-02-02 00:00:00+08:00,81.78,83.85,80.75,80.75,2117621,0.0,0.0
2005-02-03 00:00:00+08:00,81.26,81.78,79.71,79.71,1910924,0.0,0.0
2005-02-04 00:00:00+08:00,79.71,79.71,79.71,79.71,0,0.0,0.0
2005-02-14 00:00:00+08:00,81.26,81.78,76.6,77.38,2142261,0.0,0.0
2005-02-15 00:00:00+08:00,77.38,79.71,76.86,78.67,3805423,0.0,0.0
2005-02-16 00:00:00+08:00,79.19,83.85,79.19,83.85,7921577,0.0,0.0
2005-02-17 00:00:00+08:00,83.85,88.51,82.81,85.4,8282955,0.0,0.0
2005-02-18 00:00:00+08:00,85.92,91.09,85.92,91.09,5720454,0.0,0.0
2005-02-21 00:00:00+08:00,95.75,97.31,94.2,97.31,3702758,0.0,0.0
2005-02-22 00:00:00+08:00,98.34,99.89,95.75,97.31,5322117,0.0,0.0
2005-02-23 00:00:00+08:00,96.27,98.34,94.2,97.31,3516594,0.0,0.0
2005-02-24 00:00:00+08:00,97.31,103.0,95.75,96.79,6398038,0.0,0.0
2005-02-25 00:00:00+08:00,97.82,98.86,91.09,92.64,5026444,0.0,0.0
2005-02-28 00:00:00+08:00,92.64,92.64,92.64,92.64,0,0.0,0.0
2005-03-01 00:00:00+08:00,92.64,93.43,91.09,92.64,3999800,0.0,0.0
2005-03-02 00:00:00+08:00,92.64,95.75,92.39,92.64,4944312,0.0,0.0
2005-03-03 00:00:00+08:00,92.64,94.46,92.13,94.2,2071080,0.0,0.0
2005-03-04 00:00:00+08:00,94.46,96.79,93.17,94.2,3648004,0.0,0.0
2005-03-07 00:00:00+08:00,95.24,95.49,92.91,93.17,1830161,0.0,0.0
2005-03-08 00:00:00+08:00,94.2,95.24,92.64,92.91,2436565,0.0,0.0
2005-03-09 00:00:00+08:00,93.17,94.72,92.91,93.68,1872596,0.0,0.0
2005-03-10 00:00:00+08:00,94.2,97.31,94.2,96.01,5161960,0.0,0.0
2005-03-11 00:00:00+08:00,96.79,97.05,94.2,94.72,2318844,0.0,0.0
2005-03-14 00:00:00+08:00,93.43,94.72,92.64,92.64,1956097,0.0,0.0
2005-03-15 00:00:00+08:00,92.64,93.43,87.21,89.02,3728767,0.0,0.0
2005-03-16 00:00:00+08:00,87.99,89.54,87.99,88.76,1221019,0.0,0.0
2005-03-17 00:00:00+08:00,88.51,88.76,86.18,86.69,980100,0.0,0.0
2005-03-18 00:00:00+08:00,86.69,87.73,86.18,87.47,1523537,0.0,0.0
2005-03-21 00:00:00+08:00,87.99,90.32,87.21,90.06,2218917,0.0,0.0
2005-03-22 00:00:00+08:00,90.32,90.32,87.21,87.47,923977,0.0,0.0
2005-03-23 00:00:00+08:00,87.47,87.73,85.92,87.47,1088241,0.0,0.0
2005-03-24 00:00:00+08:00,87.73,89.02,86.95,86.95,1515324,0.0,0.0
2005-03-25 00:00:00+08:00,86.95,89.8,86.44,89.54,1649473,0.0,0.0
2005-03-28 00:00:00+08:00,90.57,93.68,90.06,92.39,3682226,0.0,0.0
2005-03-29 00:00:00+08:00,92.13,92.13,89.8,90.57,1956097,0.0,0.0
2005-03-30 00:00:00+08:00,90.57,92.13,89.02,89.02,1676849,0.0,0.0
2005-03-31 00:00:00+08:00,90.57,92.64,90.06,90.57,1873965,0.0,0.0
2005-04-01 00:00:00+08:00,91.09,91.09,88.51,91.09,1427718,0.0,0.0
2005-04-04 00:00:00+08:00,91.09,92.64,90.06,91.09,1497529,0.0,0.0
2005-04-05 00:00:00+08:00,91.09,91.09,91.09,91.09,0,0.0,0.0
2005-04-06 00:00:00+08:00,92.13,93.94,90.83,92.64,2469418,0.0,0.0
2005-04-07 00:00:00+08:00,93.43,96.01,93.17,94.98,3654848,0.0,0.0
2005-04-08 00:00:00+08:00,97.05,101.44,96.27,101.44,6325489,0.0,0.0
2005-04-11 00:00:00+08:00,101.44,101.44,97.31,97.31,3205863,0.0,0.0
2005-04-12 00:00:00+08:00,97.31,101.7,95.49,101.44,2912928,0.0,0.0
2005-04-13 00:00:00+08:00,101.44,101.96,99.89,101.44,1660422,0.0,0.0
2005-04-14 00:00:00+08:00,100.41,106.11,100.41,103.51,6140694,0.0,0.0
2005-04-15 00:00:00+08:00,103.0,106.36,102.22,103.51,4822483,0.0,0.0
2005-04-18 00:00:00+08:00,96.79,99.89,96.27,96.27,2907452,0.0,0.0
2005-04-19 00:00:00+08:00,94.2,96.27,92.13,95.24,2124465,0.0,0.0
2005-04-20 00:00:00+08:00,96.79,98.34,94.72,98.34,5897037,0.0,0.0
2005-04-21 00:00:00+08:00,96.79,99.89,96.79,99.89,2495426,0.0,0.0
2005-04-22 00:00:00+08:00,101.96,101.96,98.86,99.89,2336638,0.0,0.0
2005-04-25 00:00:00+08:00,99.89,100.41,98.6,98.86,729600,0.0,0.0
2005-04-26 00:00:00+08:00,99.38,99.89,97.82,98.08,1215544,0.0,0.0
2005-04-27 00:00:00+08:00,98.08,98.08,95.49,95.75,1290831,0.0,0.0
2005-04-28 00:00:00+08:00,95.49,97.82,95.24,96.27,1616620,0.0,0.0
2005-04-29 00:00:00+08:00,103.0,103.0,97.82,97.82,4086038,0.0,0.0
2005-05-02 00:00:00+08:00,97.82,97.82,97.82,97.82,0,0.0,0.0
2005-05-03 00:00:00+08:00,98.86,101.19,98.08,100.41,2654213,0.0,0.0
2005-05-04 00:00:00+08:00,101.44,101.44,97.56,97.82,973257,0.0,0.0
2005-05-05 00:00:00+08:00,99.38,100.67,97.31,100.67,2325688,0.0,0.0
2005-05-06 00:00:00+08:00,100.67,107.66,100.41,107.66,5564405,0.0,0.0
2005-05-09 00:00:00+08:00,109.21,110.24,106.62,108.18,4020333,0.0,0.0
2005-05-10 00:00:00+08:00,107.66,108.69,104.55,105.07,1824686,0.0,0.0
2005-05-11 00:00:00+08:00,105.07,107.66,104.04,107.66,3416667,0.0,0.0
2005-05-12 00:00:00+08:00,107.66,108.69,106.11,108.69,2433827,0.0,0.0
2005-05-13 00:00:00+08:00,108.95,114.65,108.95,111.28,5446683,0.0,0.0
2005-05-16 00:00:00+08:00,112.83,112.83,110.5,110.76,1503005,0.0,0.0
2005-05-17 00:00:00+08:00,112.57,114.65,111.8,112.31,2721287,0.0,0.0
2005-05-18 00:00:00+08:00,112.83,112.83,111.54,111.8,1312733,0.0,0.0
2005-05-19 00:00:00+08:00,113.87,115.16,112.06,112.06,2120359,0.0,0.0
2005-05-20 00:00:00+08:00,112.06,112.57,108.69,108.95,2264089,0.0,0.0
2005-05-23 00:00:00+08:00,108.95,110.24,108.69,108.95,1414029,0.0,0.0
2005-05-24 00:00:00+08:00,109.73,109.99,106.88,108.95,1054019,0.0,0.0
2005-05-25 00:00:00+08:00,109.21,109.21,107.14,108.69,907551,0.0,0.0
2005-05-26 00:00:00+08:00,107.14,110.76,107.14,110.5,1689169,0.0,0.0
2005-05-27 00:00:00+08:00,111.28,112.31,110.76,112.06,1389389,0.0,0.0
2005-05-30 00:00:00+08:00,112.83,113.35,111.8,113.35,981469,0.0,0.0
2005-05-31 00:00:00+08:00,113.35,113.87,111.8,111.8,1086872,0.0,0.0
2005-06-01 00:00:00+08:00,111.8,112.83,111.02,112.31,835001,0.0,0.0
2005-06-02 00:00:00+08:00,113.09,113.09,109.73,110.5,878806,0.0,0.0
2005-06-03 00:00:00+08:00,110.5,111.28,105.85,107.14,2889657,0.0,0.0
2005-06-06 00:00:00+08:00,107.14,107.92,105.59,106.11,1226495,0.0,0.0
2005-06-07 00:00:00+08:00,106.62,107.14,105.07,105.07,1314102,0.0,0.0
2005-06-08 00:00:00+08:00,105.07,110.76,105.07,110.76,1787727,0.0,0.0
2005-06-09 00:00:00+08:00,110.76,110.76,107.66,107.66,955462,0.0,0.0
2005-06-10 00:00:00+08:00,110.24,110.24,108.18,108.69,833633,0.0,0.0
2005-06-13 00:00:00+08:00,109.73,110.24,108.18,109.21,761083,0.0,0.0
2005-06-14 00:00:00+08:00,109.73,112.06,108.95,109.47,1980735,0.0,0.0
2005-06-15 00:00:00+08:00,110.24,110.76,108.95,109.47,856904,0.0,0.0
2005-06-16 00:00:00+08:00,110.76,110.76,108.95,108.95,980100,0.0,0.0
2005-06-17 00:00:00+08:00,108.95,109.99,106.11,106.11,1737079,0.0,0.0
2005-06-20 00:00:00+08:00,106.11,107.66,104.81,104.81,1069076,0.0,0.0
2005-06-21 00:00:00+08:00,104.55,106.36,104.55,105.85,1045806,0.0,0.0
2005-06-22 00:00:00+08:00,106.11,107.4,106.11,107.14,706329,0.0,0.0
2005-06-23 00:00:00+08:00,107.92,108.18,107.14,108.18,720018,0.0,0.0
2005-06-24 00:00:00+08:00,108.18,108.18,106.11,106.36,407918,0.0,0.0
2005-06-27 00:00:00+08:00,106.11,106.36,105.59,106.11,490050,0.0,0.0
2005-06-28 00:00:00+08:00,106.11,107.66,105.85,106.88,316205,0.0,0.0
2005-06-29 00:00:00+08:00,107.66,109.73,106.88,107.66,1671374,0.0,0.0
2005-06-30 00:00:00+08:00,107.92,109.21,106.88,107.66,1170372,0.0,0.0
2005-07-01 00:00:00+08:00,107.14,107.66,106.62,107.66,654313,0.0,0.0
2005-07-04 00:00:00+08:00,107.66,108.69,106.88,107.14,965044,0.0,0.0
2005-07-05 00:00:00+08:00,107.92,107.92,106.11,106.36,971888,0.0,0.0
2005-07-06 00:00:00+08:00,110.24,113.61,109.21,113.61,3309897,0.0,0.0
2005-07-07 00:00:00+08:00,113.87,119.82,113.35,117.75,6844287,0.0,0.0
2005-07-08 00:00:00+08:00,118.01,124.22,118.01,123.96,4847123,0.0,0.0
2005-07-11 00:00:00+08:00,126.29,129.4,126.29,129.4,3244191,0.0,0.0
2005-07-12 00:00:00+08:00,129.14,129.14,126.8,127.84,2113514,0.0,0.0
2005-07-13 00:00:00+08:00,127.84,131.98,126.03,126.03,3107305,0.0,0.0
2005-07-14 00:00:00+08:00,127.07,128.36,126.03,126.8,1915030,0.0,0.0
2005-07-15 00:00:00+08:00,128.88,131.47,127.07,127.07,1972522,0.0,0.0
2005-07-18 00:00:00+08:00,127.07,127.07,127.07,127.07,0,0.0,0.0
2005-07-19 00:00:00+08:00,126.8,126.8,124.74,126.03,1657685,0.0,0.0
2005-07-20 00:00:00+08:00,127.33,134.05,127.33,129.4,4795107,0.0,0.0
2005-07-21 00:00:00+08:00,129.4,136.12,127.33,128.1,5281051,0.0,0.0
2005-07-22 00:00:00+08:00,128.36,128.36,121.11,122.67,3251035,0.0,0.0
2005-07-25 00:00:00+08:00,122.67,124.74,122.15,124.74,2039596,0.0,0.0
2005-07-26 00:00:00+08:00,124.74,129.66,124.74,126.03,3337273,0.0,0.0
2005-07-27 00:00:00+08:00,128.36,130.43,126.29,127.33,1587873,0.0,0.0
2005-07-28 00:00:00+08:00,129.4,136.12,128.36,136.12,5639692,0.0,0.0
2005-07-29 00:00:00+08:00,138.71,141.3,136.12,139.75,6044873,0.0,0.0
2005-08-01 00:00:00+08:00,142.34,143.89,138.2,139.75,3164797,0.0,0.0
2005-08-02 00:00:00+08:00,139.75,140.78,130.17,130.17,3189437,0.0,0.0
2005-08-03 00:00:00+08:00,131.98,139.23,130.43,137.16,3605570,0.0,0.0
2005-08-04 00:00:00+08:00,137.42,139.75,135.61,135.61,2670640,0.0,0.0
2005-08-05 00:00:00+08:00,135.61,135.61,135.61,135.61,0,0.0,0.0
2005-08-08 00:00:00+08:00,137.67,144.92,134.57,143.37,4013489,0.0,0.0
2005-08-09 00:00:00+08:00,142.85,144.66,139.23,144.41,3346855,0.0,0.0
2005-08-10 00:00:00+08:00,144.41,144.41,136.38,137.67,3294839,0.0,0.0
2005-08-11 00:00:00+08:00,143.25,150.54,142.38,150.54,5071911,4.29,1.05
2005-08-12 00:00:00+08:00,151.71,152.88,147.62,150.54,1515985,0.0,0.0
2005-08-15 00:00:00+08:00,149.38,149.38,142.96,144.13,761096,0.0,0.0
2005-08-16 00:00:00+08:00,144.71,145.3,139.16,142.38,1226694,0.0,0.0
2005-08-17 00:00:00+08:00,142.38,149.67,140.04,146.46,2622245,0.0,0.0
2005-08-18 00:00:00+08:00,146.46,153.17,145.87,153.17,2766270,0.0,0.0
2005-08-19 00:00:00+08:00,153.17,155.21,149.09,149.67,1333471,0.0,0.0
2005-08-22 00:00:00+08:00,151.13,152.88,149.96,151.71,963476,0.0,0.0
2005-08-23 00:00:00+08:00,152.29,162.21,150.54,162.21,2735231,0.0,0.0
2005-08-24 00:00:00+08:00,163.38,170.39,161.63,164.55,4924161,0.0,0.0
2005-08-25 00:00:00+08:00,164.55,167.76,159.88,161.63,2886706,0.0,0.0
2005-08-26 00:00:00+08:00,150.54,150.54,150.54,150.54,543817,0.0,0.0
2005-08-29 00:00:00+08:00,140.04,140.04,140.04,140.04,295498,0.0,0.0
2005-08-30 00:00:00+08:00,130.41,133.62,130.41,130.41,5351269,0.0,0.0
2005-08-31 00:00:00+08:00,130.41,131.29,126.62,129.54,3342370,0.0,0.0
2005-09-01 00:00:00+08:00,129.54,129.54,129.54,129.54,0,0.0,0.0
2005-09-02 00:00:00+08:00,130.41,132.16,128.96,130.41,3543508,0.0,0.0
2005-09-05 00:00:00+08:00,131.58,137.71,131.58,134.79,5506469,0.0,0.0
2005-09-06 00:00:00+08:00,140.04,140.04,135.96,139.16,3738439,0.0,0.0
2005-09-07 00:00:00+08:00,140.04,144.42,139.75,143.25,3205794,0.0,0.0
2005-09-08 00:00:00+08:00,142.96,143.25,138.29,141.79,1907088,0.0,0.0
2005-09-09 00:00:00+08:00,144.13,147.34,142.38,144.71,1513502,0.0,0.0
2005-09-12 00:00:00+08:00,145.0,148.21,145.0,146.46,1137299,0.0,0.0
2005-09-13 00:00:00+08:00,145.87,146.46,144.42,145.3,818209,0.0,0.0
2005-09-14 00:00:00+08:00,145.3,150.54,145.3,145.87,1544542,0.0,0.0
2005-09-15 00:00:00+08:00,145.87,147.62,144.71,145.87,906362,0.0,0.0
2005-09-16 00:00:00+08:00,145.87,145.87,141.21,141.79,1170823,0.0,0.0
2005-09-19 00:00:00+08:00,142.38,144.13,142.38,143.25,686601,0.0,0.0
2005-09-20 00:00:00+08:00,143.25,150.54,142.67,150.54,1684842,0.0,0.0
2005-09-21 00:00:00+08:00,150.54,155.21,148.79,150.54,1524676,0.0,0.0
2005-09-22 00:00:00+08:00,149.96,152.29,147.62,149.38,1147231,0.0,0.0
2005-09-23 00:00:00+08:00,149.38,150.54,146.46,146.46,1306156,0.0,0.0
2005-09-26 00:00:00+08:00,149.96,149.96,145.87,148.79,979616,0.0,0.0
2005-09-27 00:00:00+08:00,148.79,155.8,147.62,154.05,2231144,0.0,0.0
2005-09-28 00:00:00+08:00,156.96,164.55,154.92,164.55,3968133,0.0,0.0
2005-09-29 00:00:00+08:00,166.3,169.22,163.38,166.88,3379618,0.0,0.0
2005-09-30 00:00:00+08:00,166.88,174.47,163.38,173.3,2827109,0.0,0.0
2005-10-03 00:00:00+08:00,173.3,177.97,171.55,174.47,2354061,0.0,0.0
2005-10-04 00:00:00+08:00,174.76,179.14,173.3,175.05,2072219,0.0,0.0
2005-10-05 00:00:00+08:00,175.05,176.8,173.01,175.05,1710915,0.0,0.0
2005-10-06 00:00:00+08:00,176.8,179.14,172.72,173.88,2823384,0.0,0.0
2005-10-07 00:00:00+08:00,170.96,173.88,168.34,168.34,1692291,0.0,0.0
2005-10-10 00:00:00+08:00,168.34,168.34,168.34,168.34,0,0.0,0.0
2005-10-11 00:00:00+08:00,168.34,170.09,165.72,166.3,622038,0.0,0.0
2005-10-12 00:00:00+08:00,166.88,169.22,166.3,166.88,996999,0.0,0.0
2005-10-13 00:00:00+08:00,166.88,169.8,163.38,167.47,2702949,0.0,0.0
2005-10-14 00:00:00+08:00,168.63,170.39,166.0,166.88,1251526,0.0,0.0
2005-10-17 00:00:00+08:00,171.55,173.3,164.55,164.55,2983549,0.0,0.0
2005-10-18 00:00:00+08:00,165.13,167.47,164.25,164.84,1970408,0.0,0.0
2005-10-19 00:00:00+08:00,164.84,165.72,159.29,162.8,3740922,0.0,0.0
2005-10-20 00:00:00+08:00,174.18,174.18,174.18,174.18,1679876,0.0,0.0
2005-10-21 00:00:00+08:00,185.55,186.14,178.55,180.89,6760479,0.0,0.0
2005-10-24 00:00:00+08:00,181.47,187.3,179.43,179.72,3835283,0.0,0.0
2005-10-25 00:00:00+08:00,186.72,186.72,168.63,171.55,3781894,0.0,0.0
2005-10-26 00:00:00+08:00,171.55,171.55,159.59,162.51,3284015,0.0,0.0
2005-10-27 00:00:00+08:00,159.88,168.92,156.67,164.55,3889913,0.0,0.0
2005-10-28 00:00:00+08:00,164.55,168.05,161.05,167.47,2167822,0.0,0.0
2005-10-31 00:00:00+08:00,169.22,177.97,168.05,177.38,3030730,0.0,0.0
2005-11-01 00:00:00+08:00,179.72,185.55,177.97,183.81,3714849,0.0,0.0
2005-11-02 00:00:00+08:00,186.14,196.64,184.38,196.64,5132749,0.0,0.0
2005-11-03 00:00:00+08:00,201.02,207.14,196.64,203.94,6929335,0.0,0.0
2005-11-04 00:00:00+08:00,204.23,205.39,194.31,198.1,2838283,0.0,0.0
2005-11-07 00:00:00+08:00,204.23,204.23,198.97,201.31,2794828,0.0,0.0
2005-11-08 00:00:00+08:00,201.6,201.6,195.48,197.23,1596689,0.0,0.0
2005-11-09 00:00:00+08:00,197.23,208.9,195.48,204.81,3658976,0.0,0.0
2005-11-10 00:00:00+08:00,206.27,208.02,201.6,201.89,2113192,0.0,0.0
2005-11-11 00:00:00+08:00,204.81,207.73,199.56,203.64,2581272,0.0,0.0
2005-11-14 00:00:00+08:00,204.81,215.61,203.64,212.69,3965651,0.0,0.0
2005-11-15 00:00:00+08:00,212.98,216.48,208.02,212.69,2901605,0.0,0.0
2005-11-16 00:00:00+08:00,212.69,215.9,210.06,212.98,2335437,0.0,0.0
2005-11-17 00:00:00+08:00,212.98,218.81,212.98,215.31,2079669,0.0,0.0
2005-11-18 00:00:00+08:00,218.81,228.73,218.23,220.57,4174238,0.0,0.0
2005-11-21 00:00:00+08:00,223.48,228.73,219.1,221.73,2645835,0.0,0.0
2005-11-22 00:00:00+08:00,221.73,224.65,213.86,217.06,2104500,0.0,0.0
2005-11-23 00:00:00+08:00,217.65,221.15,215.02,216.19,1596689,0.0,0.0
2005-11-24 00:00:00+08:00,216.77,218.52,210.65,211.23,1764304,0.0,0.0
2005-11-25 00:00:00+08:00,211.23,225.24,211.23,222.9,3387068,0.0,0.0
2005-11-28 00:00:00+08:00,224.65,235.15,222.9,235.15,3947027,0.0,0.0
2005-11-29 00:00:00+08:00,235.15,238.07,229.32,231.07,1912054,0.0,0.0
2005-11-30 00:00:00+08:00,232.52,245.07,232.24,242.45,3245526,0.0,0.0
2005-12-01 00:00:00+08:00,242.74,247.99,236.9,239.82,2192654,0.0,0.0
2005-12-02 00:00:00+08:00,244.49,247.99,242.45,242.45,4084844,0.0,0.0
2005-12-05 00:00:00+08:00,247.41,254.41,242.15,252.07,3548475,0.0,0.0
2005-12-06 00:00:00+08:00,253.82,269.58,253.24,269.58,3712365,0.0,0.0
2005-12-07 00:00:00+08:00,276.58,287.09,269.58,281.83,5410866,0.0,0.0
2005-12-08 00:00:00+08:00,280.08,281.25,268.99,277.17,2395034,0.0,0.0
2005-12-09 00:00:00+08:00,277.17,296.42,277.17,296.42,3523643,0.0,0.0
2005-12-12 00:00:00+08:00,298.75,310.42,294.67,296.42,5253183,0.0,0.0
2005-12-13 00:00:00+08:00,296.42,306.34,283.58,285.92,4128299,0.0,0.0
2005-12-14 00:00:00+08:00,285.92,288.84,275.42,285.33,4119608,0.0,0.0
2005-12-15 00:00:00+08:00,287.67,289.13,282.42,289.13,2152923,0.0,0.0
2005-12-16 00:00:00+08:00,294.08,309.26,294.08,309.26,5158823,0.0,0.0
2005-12-19 00:00:00+08:00,316.85,319.76,308.09,309.26,3945784,0.0,0.0
2005-12-20 00:00:00+08:00,309.26,317.42,306.34,306.92,2640869,0.0,0.0
2005-12-21 00:00:00+08:00,309.26,311.01,300.51,305.75,3086602,0.0,0.0
2005-12-22 00:00:00+08:00,305.75,318.59,304.59,309.84,3762029,0.0,0.0
2005-12-23 00:00:00+08:00,312.76,318.01,312.18,316.85,2899121,0.0,0.0
2005-12-26 00:00:00+08:00,319.76,321.51,311.01,311.01,1679876,0.0,0.0
2005-12-27 00:00:00+08:00,309.84,316.26,304.0,313.34,2351578,0.0,0.0
2005-12-28 00:00:00+08:00,309.26,316.26,308.67,310.42,1430316,0.0,0.0
2005-12-29 00:00:00+08:00,312.18,316.85,304.0,305.75,3717331,0.0,0.0
2005-12-30 00:00:00+08:00,305.75,309.26,297.59,302.26,2659493,0.0,0.0
2006-01-02 00:00:00+08:00,297.59,302.84,296.42,302.84,1671185,0.0,0.0
2006-01-03 00:00:00+08:00,303.42,323.84,303.42,317.42,4781378,0.0,0.0
2006-01-04 00:00:00+08:00,323.26,324.43,313.34,316.85,3147440,0.0,0.0
2006-01-05 00:00:00+08:00,322.09,337.85,322.09,336.68,4462288,0.0,0.0
2006-01-06 00:00:00+08:00,360.02,360.02,349.52,360.02,4437456,0.0,0.0
2006-01-09 00:00:00+08:00,366.44,369.94,355.36,357.69,2977341,0.0,0.0
2006-01-10 00:00:00+08:00,358.85,362.94,355.36,355.93,2303156,0.0,0.0
2006-01-11 00:00:00+08:00,350.69,351.85,336.68,347.18,2442214,0.0,0.0
2006-01-12 00:00:00+08:00,347.18,348.35,326.76,330.84,2288257,0.0,0.0
2006-01-13 00:00:00+08:00,330.84,343.1,328.51,335.51,2823384,0.0,0.0
2006-01-16 00:00:00+08:00,335.51,341.35,335.51,341.35,2171547,0.0,0.0
2006-01-17 00:00:00+08:00,343.1,355.36,343.1,351.85,3555924,0.0,0.0
2006-01-18 00:00:00+08:00,332.6,347.18,327.35,327.35,2665702,0.0,0.0
2006-01-19 00:00:00+08:00,332.6,350.1,315.68,350.1,5225868,0.0,0.0
2006-01-20 00:00:00+08:00,367.03,367.03,350.1,350.1,4727990,0.0,0.0
2006-01-23 00:00:00+08:00,339.02,340.77,327.93,336.68,1740714,0.0,0.0
2006-01-24 00:00:00+08:00,339.02,356.52,339.02,350.69,2925195,0.0,0.0
2006-01-25 00:00:00+08:00,356.52,362.36,354.19,354.77,3231868,0.0,0.0
2006-02-03 00:00:00+08:00,360.6,379.28,358.85,379.28,4802485,0.0,0.0
2006-02-06 00:00:00+08:00,378.11,385.11,375.19,380.45,3882464,0.0,0.0
2006-02-07 00:00:00+08:00,380.45,392.7,380.45,381.02,4284740,0.0,0.0
2006-02-08 00:00:00+08:00,381.02,385.11,373.44,378.69,2974859,0.0,0.0
2006-02-09 00:00:00+08:00,383.94,384.53,355.36,369.36,3809210,0.0,0.0
2006-02-10 00:00:00+08:00,350.1,361.77,343.69,343.69,4313297,0.0,0.0
2006-02-13 00:00:00+08:00,329.1,339.02,319.76,323.84,4089810,0.0,0.0
2006-02-14 00:00:00+08:00,324.43,344.27,324.43,344.27,3495086,0.0,0.0
2006-02-15 00:00:00+08:00,347.77,358.27,347.18,347.18,3709881,0.0,0.0
2006-02-16 00:00:00+08:00,353.02,358.27,353.02,353.6,2412416,0.0,0.0
2006-02-17 00:00:00+08:00,359.44,360.02,351.27,353.02,2478220,0.0,0.0
2006-02-20 00:00:00+08:00,350.69,353.02,344.27,349.52,1317330,0.0,0.0
2006-02-21 00:00:00+08:00,350.69,354.19,341.35,341.35,1488670,0.0,0.0
2006-02-22 00:00:00+08:00,343.1,346.02,328.51,330.27,2354061,0.0,0.0
2006-02-23 00:00:00+08:00,331.43,332.6,319.18,321.51,2542783,0.0,0.0
2006-02-24 00:00:00+08:00,322.09,343.69,322.09,343.69,3370927,0.0,0.0
2006-02-27 00:00:00+08:00,341.35,358.85,340.18,354.77,4220177,0.0,0.0
2006-03-01 00:00:00+08:00,353.02,376.94,353.02,368.78,5284224,0.0,0.0
2006-03-02 00:00:00+08:00,378.69,379.28,361.77,361.77,3125091,0.0,0.0
2006-03-03 00:00:00+08:00,368.78,376.36,360.02,361.77,3177238,0.0,0.0
2006-03-06 00:00:00+08:00,361.77,386.28,359.44,386.28,7075843,0.0,0.0
2006-03-07 00:00:00+08:00,379.86,383.94,362.36,362.94,3586964,0.0,0.0
2006-03-08 00:00:00+08:00,361.77,369.94,350.1,360.02,3291465,0.0,0.0
2006-03-09 00:00:00+08:00,360.6,364.69,352.44,353.6,2431040,0.0,0.0
2006-03-10 00:00:00+08:00,353.02,353.02,332.6,337.85,5163789,0.0,0.0
2006-03-13 00:00:00+08:00,340.18,347.18,335.51,340.18,4061253,0.0,0.0
2006-03-14 00:00:00+08:00,340.18,348.94,339.02,339.02,3464046,0.0,0.0
2006-03-15 00:00:00+08:00,344.27,344.27,323.84,335.51,5029697,0.0,0.0
2006-03-16 00:00:00+08:00,336.68,346.6,332.6,332.6,4694466,0.0,0.0
2006-03-17 00:00:00+08:00,332.6,340.77,329.68,337.27,3234352,0.0,0.0
2006-03-20 00:00:00+08:00,341.35,360.02,339.02,353.02,6560582,0.0,0.0
2006-03-21 00:00:00+08:00,357.1,362.94,337.27,337.27,4357995,0.0,0.0
2006-03-22 00:00:00+08:00,321.51,327.93,313.93,313.93,4069944,0.0,0.0
2006-03-23 00:00:00+08:00,315.09,317.42,294.67,297.59,4005381,0.0,0.0
2006-03-24 00:00:00+08:00,291.75,291.75,281.25,284.17,3280291,0.0,0.0
2006-03-27 00:00:00+08:00,286.5,303.42,286.5,302.84,3151165,0.0,0.0
2006-03-28 00:00:00+08:00,304.59,312.18,304.0,311.59,3564615,0.0,0.0
2006-03-29 00:00:00+08:00,311.59,313.34,308.09,311.01,1519710,0.0,0.0
2006-03-30 00:00:00+08:00,311.01,311.01,289.42,289.42,3202070,0.0,0.0
2006-03-31 00:00:00+08:00,290.0,309.26,288.84,307.51,6292398,0.0,0.0
2006-04-03 00:00:00+08:00,307.51,307.51,296.42,303.42,1682359,0.0,0.0
2006-04-04 00:00:00+08:00,305.17,312.76,304.0,306.92,2552716,0.0,0.0
2006-04-06 00:00:00+08:00,309.84,326.18,303.42,323.84,2861873,0.0,0.0
2006-04-07 00:00:00+08:00,323.84,329.1,319.76,322.68,2067253,0.0,0.0
2006-04-10 00:00:00+08:00,319.76,320.34,306.34,306.34,1229177,0.0,0.0
2006-04-11 00:00:00+08:00,306.34,311.59,306.34,309.26,633211,0.0,0.0
2006-04-12 00:00:00+08:00,306.34,323.84,306.34,320.34,1282566,0.0,0.0
2006-04-13 00:00:00+08:00,328.51,342.51,328.51,342.51,3996690,0.0,0.0
2006-04-14 00:00:00+08:00,349.52,357.1,349.52,353.6,5039629,0.0,0.0
2006-04-17 00:00:00+08:00,357.1,363.52,353.6,354.77,2853182,0.0,0.0
2006-04-18 00:00:00+08:00,355.93,357.1,347.18,357.1,2255975,0.0,0.0
2006-04-19 00:00:00+08:00,381.61,381.61,381.61,381.61,2073461,0.0,0.0
2006-04-20 00:00:00+08:00,397.95,407.29,390.36,400.87,5970825,0.0,0.0
2006-04-21 00:00:00+08:00,407.29,414.29,395.61,400.87,4510711,0.0,0.0
2006-04-24 00:00:00+08:00,400.87,406.7,396.79,405.54,2090843,0.0,0.0
2006-04-25 00:00:00+08:00,407.87,407.87,392.12,392.12,2098293,0.0,0.0
2006-04-26 00:00:00+08:00,393.87,402.03,392.7,402.03,1805277,0.0,0.0
2006-04-27 00:00:00+08:00,404.95,405.54,382.2,386.28,2123124,0.0,0.0
2006-04-28 00:00:00+08:00,387.45,393.28,385.69,392.7,1831350,0.0,0.0
2006-05-02 00:00:00+08:00,396.2,407.29,396.2,407.29,2999690,0.0,0.0
2006-05-03 00:00:00+08:00,412.54,417.79,403.2,414.29,3661460,0.0,0.0
2006-05-04 00:00:00+08:00,414.29,418.96,401.45,404.37,2165339,0.0,0.0
2006-05-05 00:00:00+08:00,409.03,409.62,393.87,393.87,1845007,0.0,0.0
2006-05-08 00:00:00+08:00,396.79,400.87,392.7,397.36,1956751,0.0,0.0
2006-05-09 00:00:00+08:00,399.7,411.95,393.87,407.87,3003415,0.0,0.0
2006-05-10 00:00:00+08:00,399.7,410.2,399.7,404.37,1175789,0.0,0.0
2006-05-11 00:00:00+08:00,399.7,410.21,399.7,410.21,1242834,0.0,0.0
2006-05-12 00:00:00+08:00,393.87,406.7,393.87,395.03,1384377,0.0,0.0
2006-05-15 00:00:00+08:00,392.12,394.45,386.86,386.86,865390,0.0,0.0
2006-05-16 00:00:00+08:00,388.03,395.03,386.86,386.86,1105017,0.0,0.0
2006-05-17 00:00:00+08:00,387.45,392.7,369.36,374.03,1889705,0.0,0.0
2006-05-18 00:00:00+08:00,364.69,379.28,362.94,376.94,1271391,0.0,0.0
2006-05-19 00:00:00+08:00,385.11,400.87,385.11,392.7,3066736,0.0,0.0
2006-05-22 00:00:00+08:00,395.03,396.2,368.19,368.19,2329229,0.0,0.0
2006-05-23 00:00:00+08:00,358.85,361.19,342.51,347.18,2069736,0.0,0.0
2006-05-24 00:00:00+08:00,357.69,365.86,347.77,365.86,2393792,0.0,0.0
2006-05-25 00:00:00+08:00,365.86,376.36,365.86,373.44,1538334,0.0,0.0
2006-05-26 00:00:00+08:00,383.94,384.53,373.44,378.11,1905845,0.0,0.0
2006-05-29 00:00:00+08:00,386.28,386.28,371.69,383.94,1576823,0.0,0.0
2006-05-30 00:00:00+08:00,383.94,403.79,378.11,399.12,2219969,0.0,0.0
2006-06-01 00:00:00+08:00,399.12,404.95,395.03,395.61,1892189,0.0,0.0
2006-06-02 00:00:00+08:00,399.12,405.54,393.87,399.12,1545784,0.0,0.0
2006-06-05 00:00:00+08:00,399.12,399.12,372.27,372.27,1316089,0.0,0.0
2006-06-06 00:00:00+08:00,376.36,389.2,372.27,385.11,2447181,0.0,0.0
2006-06-07 00:00:00+08:00,389.2,389.78,372.27,373.44,1962959,0.0,0.0
2006-06-08 00:00:00+08:00,350.1,361.19,347.77,347.77,2531610,0.0,0.0
2006-06-09 00:00:00+08:00,347.77,360.6,323.84,353.02,2571340,0.0,0.0
2006-06-12 00:00:00+08:00,347.77,361.77,344.27,361.77,2021314,0.0,0.0
2006-06-13 00:00:00+08:00,358.85,376.94,358.85,365.27,2575065,0.0,0.0
2006-06-14 00:00:00+08:00,372.27,376.94,369.36,376.94,1759338,0.0,0.0
2006-06-15 00:00:00+08:00,382.78,388.03,371.69,373.44,1751888,0.0,0.0
2006-06-16 00:00:00+08:00,393.87,393.87,350.69,373.44,3023280,0.0,0.0
2006-06-19 00:00:00+08:00,365.27,371.11,351.85,352.44,1106260,0.0,0.0
2006-06-20 00:00:00+08:00,344.27,352.44,327.93,327.93,3056803,0.0,0.0
2006-06-21 00:00:00+08:00,310.42,323.26,305.75,306.34,2279565,0.0,0.0
2006-06-22 00:00:00+08:00,306.34,326.18,306.34,317.42,2191412,0.0,0.0
2006-06-23 00:00:00+08:00,315.09,332.6,312.18,329.68,2434765,0.0,0.0
2006-06-26 00:00:00+08:00,335.51,340.18,329.68,337.27,2133058,0.0,0.0
2006-06-27 00:00:00+08:00,337.27,360.6,334.35,355.93,3296431,0.0,0.0
2006-06-28 00:00:00+08:00,355.93,377.53,351.85,377.53,3848941,0.0,0.0
2006-06-29 00:00:00+08:00,378.69,382.78,369.36,378.11,2283290,0.0,0.0
2006-06-30 00:00:00+08:00,391.53,404.37,385.11,404.37,4852148,0.0,0.0
2006-07-03 00:00:00+08:00,409.03,417.79,401.45,417.21,3056803,0.0,0.0
2006-07-04 00:00:00+08:00,417.21,420.71,413.7,417.21,2010140,0.0,0.0
2006-07-05 00:00:00+08:00,412.54,420.12,407.29,407.29,1596689,0.0,0.0
2006-07-06 00:00:00+08:00,407.29,416.62,407.29,414.29,1642628,0.0,0.0
2006-07-07 00:00:00+08:00,414.29,417.21,406.7,406.7,1419141,0.0,0.0
2006-07-10 00:00:00+08:00,401.45,411.95,399.7,406.7,1272633,0.0,0.0
2006-07-11 00:00:00+08:00,406.7,417.79,395.03,397.95,1576823,0.0,0.0
2006-07-12 00:00:00+08:00,399.7,406.7,388.61,390.36,1422866,0.0,0.0
2006-07-13 00:00:00+08:00,388.03,394.45,388.03,392.12,1204345,0.0,0.0
2006-07-14 00:00:00+08:00,389.2,396.2,386.86,390.95,1254009,0.0,0.0
2006-07-17 00:00:00+08:00,391.53,396.2,364.69,367.61,1506052,0.0,0.0
2006-07-18 00:00:00+08:00,367.61,393.28,365.27,393.28,2057320,0.0,0.0
2006-07-19 00:00:00+08:00,396.79,410.78,392.12,394.45,2571340,0.0,0.0
2006-07-20 00:00:00+08:00,407.87,411.37,400.28,401.45,2532851,0.0,0.0
2006-07-21 00:00:00+08:00,401.45,409.62,397.95,407.87,1158406,0.0,0.0
2006-07-24 00:00:00+08:00,401.45,410.78,401.45,407.29,1239109,0.0,0.0
2006-07-25 00:00:00+08:00,411.37,419.54,405.54,405.54,2243559,0.0,0.0
2006-07-26 00:00:00+08:00,408.45,409.03,396.2,398.53,1533368,0.0,0.0
2006-07-27 00:00:00+08:00,398.53,409.03,395.61,407.87,1458872,0.0,0.0
2006-07-28 00:00:00+08:00,408.45,411.95,402.62,405.54,1606622,0.0,0.0
2006-07-31 00:00:00+08:00,408.45,414.87,402.62,402.62,2185205,0.0,0.0
2006-08-01 00:00:00+08:00,404.95,406.7,397.36,397.36,787170,0.0,0.0
2006-08-02 00:00:00+08:00,397.36,406.7,394.45,406.7,1177030,0.0,0.0
2006-08-03 00:00:00+08:00,409.03,410.2,403.2,404.95,1254009,0.0,0.0
2006-08-04 00:00:00+08:00,409.62,414.29,407.87,414.29,1912054,0.0,0.0
2006-08-07 00:00:00+08:00,419.54,421.29,414.29,414.29,1339679,0.0,0.0
2006-08-08 00:00:00+08:00,417.79,417.79,410.78,417.21,990791,0.0,0.0
2006-08-09 00:00:00+08:00,418.37,446.38,417.79,446.38,3403208,0.0,0.0
2006-08-10 00:00:00+08:00,479.71,482.96,465.41,469.96,4330093,6.35,1.05
2006-08-11 00:00:00+08:00,471.91,474.51,465.41,466.06,1253418,0.0,0.0
2006-08-14 00:00:00+08:00,467.36,474.51,462.81,466.71,1364908,0.0,0.0
2006-08-15 00:00:00+08:00,463.46,466.71,457.6,460.86,1183596,0.0,0.0
2006-08-16 00:00:00+08:00,469.31,472.56,451.75,453.71,3153254,0.0,0.0
2006-08-17 00:00:00+08:00,435.51,448.51,425.76,436.16,3094693,0.0,0.0
2006-08-18 00:00:00+08:00,435.51,445.26,435.51,436.16,1876186,0.0,0.0
2006-08-21 00:00:00+08:00,436.16,440.06,419.26,420.56,1405450,0.0,0.0
2006-08-22 00:00:00+08:00,423.16,435.51,422.51,432.91,1616042,0.0,0.0
2006-08-23 00:00:00+08:00,432.91,434.86,421.2,432.25,2068760,0.0,0.0
2006-08-24 00:00:00+08:00,429.01,432.25,422.51,426.4,1458379,0.0,0.0
2006-08-25 00:00:00+08:00,429.01,432.91,423.8,426.4,1591266,0.0,0.0
2006-08-28 00:00:00+08:00,423.16,426.4,409.5,414.71,1310852,0.0,0.0
2006-08-29 00:00:00+08:00,417.31,427.71,417.31,426.4,1047330,0.0,0.0
2006-08-30 00:00:00+08:00,430.96,442.66,430.31,438.76,2259081,0.0,0.0
2006-08-31 00:00:00+08:00,449.15,449.81,438.76,443.31,2176871,0.0,0.0
2006-09-01 00:00:00+08:00,443.96,446.56,439.41,440.06,882911,0.0,0.0
2006-09-04 00:00:00+08:00,443.3,450.46,442.01,442.01,1209498,0.0,0.0
2006-09-05 00:00:00+08:00,445.91,455.01,442.66,447.21,1849158,0.0,0.0
2006-09-06 00:00:00+08:00,448.51,453.06,445.91,446.56,1329997,0.0,0.0
2006-09-07 00:00:00+08:00,442.66,446.56,434.85,439.41,1273689,0.0,0.0
2006-09-08 00:00:00+08:00,439.41,442.01,435.51,442.01,930209,0.0,0.0
2006-09-11 00:00:00+08:00,442.01,449.81,440.7,443.31,1182470,0.0,0.0
2006-09-12 00:00:00+08:00,443.3,445.26,426.4,429.66,716238,0.0,0.0
2006-09-13 00:00:00+08:00,439.41,445.91,435.51,435.51,1505679,0.0,0.0
2006-09-14 00:00:00+08:00,451.75,464.76,448.51,460.86,4022651,0.0,0.0
2006-09-15 00:00:00+08:00,464.76,473.21,456.96,472.56,2766981,0.0,0.0
2006-09-18 00:00:00+08:00,484.91,485.55,478.41,483.61,2747835,0.0,0.0
2006-09-19 00:00:00+08:00,483.61,497.91,481.01,488.81,3154380,0.0,0.0
2006-09-20 00:00:00+08:00,475.16,481.01,473.86,478.41,2050740,0.0,0.0
2006-09-21 00:00:00+08:00,481.01,484.26,460.2,463.46,2920138,0.0,0.0
2006-09-22 00:00:00+08:00,454.36,456.31,443.96,449.81,2997843,0.0,0.0
2006-09-25 00:00:00+08:00,447.21,454.36,444.61,453.71,1413333,0.0,0.0
2006-09-26 00:00:00+08:00,449.81,452.41,442.01,442.01,1983171,0.0,0.0
2006-09-27 00:00:00+08:00,451.75,455.01,438.11,441.36,3352585,0.0,0.0
2006-09-28 00:00:00+08:00,435.51,443.3,431.61,440.7,2411113,0.0,0.0
2006-09-29 00:00:00+08:00,440.7,445.26,436.81,440.7,978634,0.0,0.0
2006-10-02 00:00:00+08:00,440.7,442.01,436.81,436.81,747771,0.0,0.0
2006-10-03 00:00:00+08:00,436.81,442.01,436.81,442.01,806331,0.0,0.0
2006-10-04 00:00:00+08:00,443.3,444.61,436.81,439.41,781556,0.0,0.0
2006-10-05 00:00:00+08:00,442.01,447.21,440.7,442.01,1646449,0.0,0.0
2006-10-09 00:00:00+08:00,442.01,442.01,442.01,442.01,0,0.0,0.0
2006-10-11 00:00:00+08:00,445.26,447.21,427.71,430.31,1793976,0.0,0.0
2006-10-12 00:00:00+08:00,431.61,434.85,412.11,413.41,2868334,0.0,0.0
2006-10-13 00:00:00+08:00,419.26,419.91,410.16,414.06,2233179,0.0,0.0
2006-10-16 00:00:00+08:00,405.61,430.96,403.01,430.96,1956143,0.0,0.0
2006-10-17 00:00:00+08:00,437.46,441.36,432.25,432.25,2391968,0.0,0.0
2006-10-18 00:00:00+08:00,435.51,436.81,427.06,434.85,1482028,0.0,0.0
2006-10-19 00:00:00+08:00,439.41,445.26,438.11,438.76,2154347,0.0,0.0
2006-10-20 00:00:00+08:00,451.75,452.41,443.96,445.91,2539496,0.0,0.0
2006-10-23 00:00:00+08:00,445.91,445.91,434.21,439.41,1051835,0.0,0.0
2006-10-24 00:00:00+08:00,442.01,443.3,434.85,434.85,1051835,0.0,0.0
2006-10-25 00:00:00+08:00,429.01,434.85,429.01,432.91,628398,0.0,0.0
2006-10-26 00:00:00+08:00,435.51,444.61,434.85,434.85,1680233,0.0,0.0
2006-10-27 00:00:00+08:00,436.81,439.41,430.31,434.85,963994,0.0,0.0
2006-10-30 00:00:00+08:00,432.91,432.91,426.4,429.66,680201,0.0,0.0
2006-10-31 00:00:00+08:00,430.96,434.85,429.01,430.31,583351,0.0,0.0
2006-11-01 00:00:00+08:00,427.71,429.66,419.91,420.56,1870555,0.0,0.0
2006-11-02 00:00:00+08:00,420.56,429.66,420.56,429.01,1382927,0.0,0.0
2006-11-03 00:00:00+08:00,429.66,434.21,427.06,430.96,1253418,0.0,0.0
2006-11-06 00:00:00+08:00,422.51,425.76,421.86,423.16,1087871,0.0,0.0
2006-11-07 00:00:00+08:00,429.01,430.96,421.86,422.51,1906592,0.0,0.0
2006-11-08 00:00:00+08:00,422.51,425.11,407.56,409.5,2076642,0.0,0.0
2006-11-09 00:00:00+08:00,409.5,409.5,399.76,404.96,2166736,0.0,0.0
2006-11-10 00:00:00+08:00,406.26,408.86,397.16,399.76,1396440,0.0,0.0
2006-11-13 00:00:00+08:00,399.76,403.66,395.85,396.51,961742,0.0,0.0
2006-11-14 00:00:00+08:00,399.11,404.3,395.21,404.3,802953,0.0,0.0
2006-11-15 00:00:00+08:00,406.26,410.16,400.41,404.3,1027059,0.0,0.0
2006-11-16 00:00:00+08:00,407.56,408.21,390.0,395.85,1645322,0.0,0.0
2006-11-17 00:00:00+08:00,395.85,395.85,380.26,383.51,2158852,0.0,0.0
2006-11-20 00:00:00+08:00,383.51,388.06,383.51,383.51,792817,0.0,0.0
2006-11-21 00:00:00+08:00,384.8,404.3,384.15,401.71,2791755,0.0,0.0
2006-11-22 00:00:00+08:00,403.01,403.66,393.91,395.21,1281572,0.0,0.0
2006-11-23 00:00:00+08:00,399.76,404.96,390.0,390.0,2456159,0.0,0.0
2006-11-24 00:00:00+08:00,395.85,404.96,394.56,399.11,1676855,0.0,0.0
2006-11-27 00:00:00+08:00,403.01,406.26,397.81,399.76,894172,0.0,0.0
2006-11-28 00:00:00+08:00,399.76,403.01,395.85,396.51,1109269,0.0,0.0
2006-11-29 00:00:00+08:00,399.11,403.66,397.81,397.81,1030438,0.0,0.0
2006-11-30 00:00:00+08:00,403.66,403.66,399.11,400.41,896424,0.0,0.0
2006-12-01 00:00:00+08:00,403.01,409.5,401.05,401.71,1567617,0.0,0.0
2006-12-04 00:00:00+08:00,406.26,406.26,391.96,393.26,1324366,0.0,0.0
2006-12-05 00:00:00+08:00,394.56,396.51,390.0,391.96,1379548,0.0,0.0
2006-12-06 00:00:00+08:00,397.81,403.01,396.51,397.16,1843527,0.0,0.0
2006-12-07 00:00:00+08:00,398.45,403.66,397.81,403.01,1316483,0.0,0.0
2006-12-08 00:00:00+08:00,403.01,403.01,395.21,397.81,644163,0.0,0.0
2006-12-11 00:00:00+08:00,397.81,399.76,370.5,371.81,3046268,0.0,0.0
2006-12-12 00:00:00+08:00,370.5,370.5,357.51,358.16,3537275,0.0,0.0
2006-12-13 00:00:00+08:00,370.5,370.5,360.76,365.31,1346889,0.0,0.0
2006-12-14 00:00:00+08:00,366.61,379.61,362.71,379.61,1652080,0.0,0.0
2006-12-15 00:00:00+08:00,390.0,396.51,383.51,383.51,1933620,0.0,0.0
2006-12-18 00:00:00+08:00,387.4,388.71,382.21,383.51,804079,0.0,0.0
2006-12-19 00:00:00+08:00,383.51,390.0,378.31,383.51,825476,0.0,0.0
2006-12-20 00:00:00+08:00,386.76,386.76,379.61,383.51,545061,0.0,0.0
2006-12-21 00:00:00+08:00,380.26,383.51,378.95,378.95,728626,0.0,0.0
2006-12-22 00:00:00+08:00,377.01,387.4,377.01,382.86,1041699,0.0,0.0
2006-12-25 00:00:00+08:00,383.51,388.71,378.95,384.8,671191,0.0,0.0
2006-12-26 00:00:00+08:00,387.4,391.96,386.11,387.4,674570,0.0,0.0
2006-12-27 00:00:00+08:00,390.0,397.16,388.06,393.91,1620547,0.0,0.0
2006-12-28 00:00:00+08:00,400.41,406.9,396.51,402.36,2474177,0.0,0.0
2006-12-29 00:00:00+08:00,406.9,409.5,401.05,409.5,2123942,0.0,0.0
2007-01-02 00:00:00+08:00,410.16,419.26,409.5,409.5,2227548,0.0,0.0
2007-01-03 00:00:00+08:00,410.16,412.75,401.71,406.26,2145339,0.0,0.0
2007-01-04 00:00:00+08:00,408.21,419.26,406.26,413.41,2239936,0.0,0.0
2007-01-05 00:00:00+08:00,414.71,417.31,405.61,406.9,2016956,0.0,0.0
2007-01-08 00:00:00+08:00,378.95,378.95,378.95,378.95,573215,0.0,0.0
2007-01-09 00:00:00+08:00,352.96,360.11,352.96,352.96,7129733,0.0,0.0
2007-01-10 00:00:00+08:00,351.66,357.51,350.35,356.85,3308665,0.0,0.0
2007-01-11 00:00:00+08:00,364.65,367.9,356.85,367.25,5590269,0.0,0.0
2007-01-12 00:00:00+08:00,371.81,380.26,370.5,372.46,1941503,0.0,0.0
2007-01-15 00:00:00+08:00,371.81,372.46,349.71,359.45,5476527,0.0,0.0
2007-01-16 00:00:00+08:00,351.0,355.56,334.76,338.01,4235496,0.0,0.0
2007-01-17 00:00:00+08:00,338.01,343.86,334.1,343.86,1769200,0.0,0.0
2007-01-18 00:00:00+08:00,347.11,350.35,342.55,350.35,1492164,0.0,0.0
2007-01-19 00:00:00+08:00,349.06,349.71,340.61,342.55,1489912,0.0,0.0
2007-01-22 00:00:00+08:00,339.3,339.3,321.76,325.0,1915601,0.0,0.0
2007-01-23 00:00:00+08:00,322.4,323.05,312.0,313.95,2833424,0.0,0.0
2007-01-24 00:00:00+08:00,320.45,327.61,317.2,325.0,2648733,0.0,0.0
2007-01-25 00:00:00+08:00,326.31,347.75,326.31,328.91,5936001,0.0,0.0
2007-01-26 00:00:00+08:00,318.51,323.71,310.71,317.2,3132983,0.0,0.0
2007-01-29 00:00:00+08:00,320.13,322.4,317.2,321.11,1256797,0.0,0.0
2007-01-30 00:00:00+08:00,323.71,324.36,319.8,322.4,652047,0.0,0.0
2007-01-31 00:00:00+08:00,321.76,326.31,318.51,323.38,888542,0.0,0.0
2007-02-01 00:00:00+08:00,328.25,334.1,327.61,332.81,1591266,0.0,0.0
2007-02-02 00:00:00+08:00,339.3,339.95,334.76,339.3,1580004,0.0,0.0
2007-02-05 00:00:00+08:00,339.3,339.3,329.56,329.56,1102512,0.0,0.0
2007-02-06 00:00:00+08:00,329.56,329.56,317.2,317.53,2591299,0.0,0.0
2007-02-07 00:00:00+08:00,315.26,321.76,311.03,312.0,2698284,0.0,0.0
2007-02-08 00:00:00+08:00,313.95,314.6,303.88,304.21,3153254,0.0,0.0
2007-02-09 00:00:00+08:00,304.21,306.15,299.01,302.9,2417870,0.0,0.0
2007-02-12 00:00:00+08:00,302.9,308.75,302.9,306.15,1247787,0.0,0.0
2007-02-13 00:00:00+08:00,310.71,314.6,305.5,305.5,1842401,0.0,0.0
2007-02-14 00:00:00+08:00,308.75,308.75,301.61,305.18,1315356,0.0,0.0
2007-02-26 00:00:00+08:00,311.68,311.68,298.03,298.36,1712892,0.0,0.0
2007-02-27 00:00:00+08:00,296.41,299.65,293.81,294.13,1759064,0.0,0.0
2007-03-01 00:00:00+08:00,284.05,289.25,274.63,274.63,2959554,0.0,0.0
2007-03-02 00:00:00+08:00,268.46,277.55,268.46,276.58,3225328,0.0,0.0
2007-03-05 00:00:00+08:00,273.01,276.58,267.81,271.7,3096945,0.0,0.0
2007-03-06 00:00:00+08:00,272.35,274.95,270.08,271.7,1706135,0.0,0.0
2007-03-07 00:00:00+08:00,271.06,271.06,263.25,270.41,2823288,0.0,0.0
2007-03-08 00:00:00+08:00,271.06,289.25,271.06,289.25,2098040,0.0,0.0
2007-03-09 00:00:00+08:00,297.7,299.65,291.2,293.48,3019240,0.0,0.0
2007-03-12 00:00:00+08:00,295.76,296.41,286.65,286.65,969625,0.0,0.0
2007-03-13 00:00:00+08:00,288.6,296.41,286.98,289.25,1538337,0.0,0.0
2007-03-14 00:00:00+08:00,280.48,282.75,276.91,277.88,963994,0.0,0.0
2007-03-15 00:00:00+08:00,281.46,297.05,280.8,297.05,2027091,0.0,0.0
2007-03-16 00:00:00+08:00,300.3,311.35,299.01,299.33,2994465,0.0,0.0
2007-03-19 00:00:00+08:00,302.9,305.83,297.38,298.36,1005662,0.0,0.0
2007-03-20 00:00:00+08:00,300.3,302.9,293.81,293.81,1105891,0.0,0.0
2007-03-21 00:00:00+08:00,293.81,297.05,291.2,291.85,987644,0.0,0.0
2007-03-22 00:00:00+08:00,295.1,296.41,286.65,286.65,1337880,0.0,0.0
2007-03-23 00:00:00+08:00,287.31,297.05,284.71,296.41,1795102,0.0,0.0
2007-03-26 00:00:00+08:00,299.01,302.9,297.05,302.9,1533832,0.0,0.0
2007-03-27 00:00:00+08:00,302.9,306.81,298.36,304.21,1978666,0.0,0.0
2007-03-28 00:00:00+08:00,304.21,308.75,302.26,302.9,1694874,0.0,0.0
2007-03-29 00:00:00+08:00,302.9,308.75,300.96,308.75,1147558,0.0,0.0
2007-03-30 00:00:00+08:00,309.41,315.26,308.75,312.98,1532706,0.0,0.0
2007-04-02 00:00:00+08:00,316.88,317.86,307.78,312.0,1166703,0.0,0.0
2007-04-03 00:00:00+08:00,308.75,310.38,298.36,299.65,1352520,0.0,0.0
2007-04-04 00:00:00+08:00,297.7,297.7,291.2,297.05,1497795,0.0,0.0
2007-04-09 00:00:00+08:00,297.05,300.3,294.45,295.76,489880,0.0,0.0
2007-04-10 00:00:00+08:00,292.51,295.1,284.71,289.91,1336753,0.0,0.0
2007-04-11 00:00:00+08:00,286.0,290.23,283.73,284.05,1061971,0.0,0.0
2007-04-12 00:00:00+08:00,284.05,289.25,284.05,286.65,431319,0.0,0.0
2007-04-13 00:00:00+08:00,287.96,287.96,280.8,280.8,513529,0.0,0.0
2007-04-16 00:00:00+08:00,284.71,286.0,282.75,282.75,447085,0.0,0.0
2007-04-17 00:00:00+08:00,284.71,285.36,282.43,282.75,604748,0.0,0.0
2007-04-18 00:00:00+08:00,265.85,278.2,265.85,278.2,1188100,0.0,0.0
2007-04-19 00:00:00+08:00,273.66,276.91,269.75,271.38,1227516,0.0,0.0
2007-04-20 00:00:00+08:00,273.01,276.91,273.01,274.95,452716,0.0,0.0
2007-04-23 00:00:00+08:00,280.8,282.11,278.2,280.8,502267,0.0,0.0
2007-04-24 00:00:00+08:00,278.86,282.75,278.2,282.75,318703,0.0,0.0
2007-04-25 00:00:00+08:00,282.75,287.96,278.2,278.2,612632,0.0,0.0
2007-04-26 00:00:00+08:00,259.03,259.03,259.03,259.03,760159,0.0,0.0
2007-04-27 00:00:00+08:00,241.15,246.35,241.15,242.46,7054280,0.0,0.0
2007-04-30 00:00:00+08:00,243.75,245.38,240.5,244.73,2036101,0.0,0.0
2007-05-02 00:00:00+08:00,246.35,248.63,243.43,246.35,1492164,0.0,0.0
2007-05-03 00:00:00+08:00,250.25,263.58,248.31,263.58,3774896,0.0,0.0
2007-05-04 00:00:00+08:00,269.43,273.01,267.15,272.35,2456159,0.0,0.0
2007-05-07 00:00:00+08:00,273.01,278.2,267.15,278.2,1775958,0.0,0.0
2007-05-08 00:00:00+08:00,278.2,283.4,273.66,283.4,1728659,0.0,0.0
2007-05-09 00:00:00+08:00,283.4,283.4,276.26,278.53,1218507,0.0,0.0
2007-05-10 00:00:00+08:00,286.0,286.0,281.46,283.08,1612663,0.0,0.0
2007-05-11 00:00:00+08:00,276.91,280.15,276.91,279.51,796196,0.0,0.0
2007-05-14 00:00:00+08:00,278.86,279.51,273.66,275.6,533800,0.0,0.0
2007-05-15 00:00:00+08:00,273.66,276.91,273.66,276.91,537179,0.0,0.0
2007-05-16 00:00:00+08:00,277.55,279.51,274.3,276.26,530421,0.0,0.0
2007-05-17 00:00:00+08:00,279.83,279.83,275.6,277.55,518033,0.0,0.0
2007-05-18 00:00:00+08:00,279.51,279.83,276.58,279.51,338974,0.0,0.0
2007-05-21 00:00:00+08:00,281.46,284.05,280.15,283.4,795069,0.0,0.0
2007-05-22 00:00:00+08:00,286.0,303.23,286.0,303.23,3020366,0.0,0.0
2007-05-23 00:00:00+08:00,305.5,308.1,297.05,305.5,3205057,0.0,0.0
2007-05-24 00:00:00+08:00,304.21,304.21,297.7,299.01,1337880,0.0,0.0
2007-05-25 00:00:00+08:00,296.41,298.36,292.51,294.45,1110396,0.0,0.0
2007-05-28 00:00:00+08:00,294.45,294.45,287.31,287.63,1005662,0.0,0.0
2007-05-29 00:00:00+08:00,288.6,296.41,288.6,293.48,859261,0.0,0.0
2007-05-30 00:00:00+08:00,291.2,292.18,286.0,287.31,952732,0.0,0.0
2007-05-31 00:00:00+08:00,292.51,295.76,289.91,293.48,1113773,0.0,0.0
2007-06-01 00:00:00+08:00,294.45,295.43,287.96,290.56,920073,0.0,0.0
2007-06-04 00:00:00+08:00,295.76,299.65,290.56,293.48,1420090,0.0,0.0
2007-06-05 00:00:00+08:00,294.45,294.78,288.6,293.16,1040573,0.0,0.0
2007-06-06 00:00:00+08:00,290.23,292.83,281.13,282.11,1942629,0.0,0.0
2007-06-07 00:00:00+08:00,279.51,282.11,272.68,273.66,2248945,0.0,0.0
2007-06-08 00:00:00+08:00,271.06,278.86,269.75,276.26,1266931,0.0,0.0
2007-06-11 00:00:00+08:00,276.26,282.11,274.63,280.8,1054087,0.0,0.0
2007-06-12 00:00:00+08:00,280.8,284.71,278.86,280.15,904308,0.0,0.0
2007-06-13 00:00:00+08:00,280.15,284.38,273.66,273.66,799574,0.0,0.0
2007-06-14 00:00:00+08:00,276.26,280.8,276.26,280.15,784934,0.0,0.0
2007-06-15 00:00:00+08:00,283.4,299.33,280.8,293.81,2930274,0.0,0.0
2007-06-20 00:00:00+08:00,297.7,298.68,285.36,290.23,1326619,0.0,0.0
2007-06-21 00:00:00+08:00,295.43,310.38,293.16,310.38,6220920,0.0,0.0
2007-06-22 00:00:00+08:00,312.33,324.36,312.33,323.71,4961871,0.0,0.0
2007-06-25 00:00:00+08:00,321.76,323.71,315.58,319.16,1159947,0.0,0.0
2007-06-26 00:00:00+08:00,318.51,319.16,302.26,302.9,2493323,0.0,0.0
2007-06-27 00:00:00+08:00,299.01,308.75,299.01,308.75,1176839,0.0,0.0
2007-06-28 00:00:00+08:00,312.0,312.33,302.9,305.5,1387431,0.0,0.0
2007-06-29 00:00:00+08:00,308.75,308.75,299.33,299.65,1012418,0.0,0.0
2007-07-02 00:00:00+08:00,302.26,302.26,289.91,292.51,1118278,0.0,0.0
2007-07-03 00:00:00+08:00,292.83,304.21,291.2,299.65,1920106,0.0,0.0
2007-07-04 00:00:00+08:00,298.36,298.36,293.16,296.41,1093502,0.0,0.0
2007-07-05 00:00:00+08:00,296.41,299.01,286.33,286.98,2229800,0.0,0.0
2007-07-06 00:00:00+08:00,282.75,286.33,279.51,283.4,2671256,0.0,0.0
2007-07-09 00:00:00+08:00,286.65,302.26,286.65,299.65,2377328,0.0,0.0
2007-07-10 00:00:00+08:00,305.5,306.81,293.16,295.76,2696031,0.0,0.0
2007-07-11 00:00:00+08:00,295.76,295.76,286.0,287.31,2143086,0.0,0.0
2007-07-12 00:00:00+08:00,290.56,290.56,286.33,286.33,1512435,0.0,0.0
2007-07-13 00:00:00+08:00,292.51,292.51,286.0,286.0,1167829,0.0,0.0
2007-07-16 00:00:00+08:00,285.68,285.68,278.53,278.86,1594645,0.0,0.0
2007-07-17 00:00:00+08:00,279.51,285.68,276.26,284.71,1082241,0.0,0.0
2007-07-18 00:00:00+08:00,284.71,284.71,270.41,271.06,1880690,0.0,0.0
2007-07-19 00:00:00+08:00,270.41,271.38,265.21,269.1,1195983,0.0,0.0
2007-07-20 00:00:00+08:00,272.68,278.86,269.43,278.86,1194857,0.0,0.0
2007-07-23 00:00:00+08:00,274.63,280.8,273.98,278.86,904308,0.0,0.0
2007-07-24 00:00:00+08:00,278.86,283.08,278.86,281.13,1180217,0.0,0.0
2007-07-25 00:00:00+08:00,276.91,280.15,276.26,276.91,709482,0.0,0.0
2007-07-26 00:00:00+08:00,278.86,279.51,265.21,265.85,1377296,0.0,0.0
2007-07-27 00:00:00+08:00,256.76,263.25,252.2,252.2,1818751,0.0,0.0
2007-07-30 00:00:00+08:00,248.63,254.8,247.33,250.25,993274,0.0,0.0
2007-07-31 00:00:00+08:00,256.11,267.15,253.51,267.15,1287202,0.0,0.0
2007-08-01 00:00:00+08:00,267.15,267.15,253.18,253.18,1077737,0.0,0.0
2007-08-02 00:00:00+08:00,262.61,262.61,251.88,257.4,1168955,0.0,0.0
2007-08-03 00:00:00+08:00,261.3,261.3,247.0,247.0,1640818,0.0,0.0
2007-08-06 00:00:00+08:00,241.8,250.91,240.5,250.91,1032690,0.0,0.0
2007-08-07 00:00:00+08:00,258.7,258.7,243.75,243.75,1237651,0.0,0.0
2007-08-08 00:00:00+08:00,248.95,255.45,246.03,249.6,1399819,0.0,0.0
2007-08-09 00:00:00+08:00,252.2,259.68,250.91,256.11,2224169,0.0,0.0
2007-08-10 00:00:00+08:00,256.22,263.89,255.87,260.41,1222065,10.96,1.02
2007-08-13 00:00:00+08:00,263.89,263.89,257.61,260.41,776103,0.0,0.0
2007-08-14 00:00:00+08:00,260.41,263.55,258.31,260.41,491423,0.0,0.0
2007-08-15 00:00:00+08:00,256.91,257.61,246.79,249.93,963363,0.0,0.0
2007-08-16 00:00:00+08:00,247.83,247.83,232.48,232.48,1611740,0.0,0.0
2007-08-17 00:00:00+08:00,232.48,233.18,216.42,216.42,2891175,0.0,0.0
2007-08-20 00:00:00+08:00,223.4,226.89,201.76,203.85,2848960,0.0,0.0
2007-08-21 00:00:00+08:00,199.66,217.82,197.22,216.42,3552541,0.0,0.0
2007-08-22 00:00:00+08:00,216.42,216.42,205.95,215.37,1128976,0.0,0.0
2007-08-23 00:00:00+08:00,215.37,215.37,205.25,209.44,1764363,0.0,0.0
2007-08-24 00:00:00+08:00,207.35,210.83,203.51,203.51,1159284,0.0,0.0
2007-08-27 00:00:00+08:00,203.51,204.55,197.22,197.92,1054288,0.0,0.0
2007-08-28 00:00:00+08:00,197.57,197.57,187.8,188.85,1604163,0.0,0.0
2007-08-29 00:00:00+08:00,182.22,188.5,181.51,185.35,1529476,0.0,0.0
2007-08-30 00:00:00+08:00,185.35,189.2,183.96,187.1,2440883,0.0,0.0
2007-08-31 00:00:00+08:00,187.8,190.94,185.35,187.45,2541550,0.0,0.0
2007-09-03 00:00:00+08:00,188.5,196.87,188.5,192.34,3097920,0.0,0.0
2007-09-04 00:00:00+08:00,192.34,192.68,184.31,185.35,2171358,0.0,0.0
2007-09-05 00:00:00+08:00,185.7,187.45,181.86,185.7,1968943,0.0,0.0
2007-09-06 00:00:00+08:00,186.4,198.62,186.4,198.62,4308078,0.0,0.0
2007-09-07 00:00:00+08:00,205.25,212.24,204.2,212.24,6424233,0.0,0.0
2007-09-10 00:00:00+08:00,210.84,212.24,208.05,212.24,2174605,0.0,0.0
2007-09-11 00:00:00+08:00,212.24,215.03,209.09,211.53,1751375,0.0,0.0
2007-09-12 00:00:00+08:00,212.24,218.52,212.24,213.28,2711491,0.0,0.0
2007-09-13 00:00:00+08:00,215.03,219.91,211.53,215.72,1986261,0.0,0.0
2007-09-14 00:00:00+08:00,217.12,220.26,217.12,217.12,1361699,0.0,0.0
2007-09-17 00:00:00+08:00,218.17,218.52,209.79,209.79,1262115,0.0,0.0
2007-09-18 00:00:00+08:00,209.79,209.79,209.79,209.79,0,0.0,0.0
2007-09-19 00:00:00+08:00,212.24,213.98,195.48,201.76,1725396,0.0,0.0
2007-09-20 00:00:00+08:00,202.11,215.72,202.11,214.33,2698503,0.0,0.0
2007-09-21 00:00:00+08:00,214.68,228.99,214.33,228.64,3706247,0.0,0.0
2007-09-26 00:00:00+08:00,230.39,244.35,230.39,244.35,4573274,0.0,0.0
2007-09-27 00:00:00+08:00,250.63,257.61,249.24,249.24,3669443,0.0,0.0
2007-09-28 00:00:00+08:00,249.93,252.37,243.65,247.83,2248210,0.0,0.0
2007-10-01 00:00:00+08:00,252.03,253.07,247.49,249.93,1264280,0.0,0.0
2007-10-02 00:00:00+08:00,254.82,267.39,254.82,267.39,3968195,0.0,0.0
2007-10-03 00:00:00+08:00,268.09,285.89,262.15,283.09,6927564,0.0,0.0
2007-10-04 00:00:00+08:00,284.14,297.06,279.6,286.93,4310244,0.0,0.0
2007-10-05 00:00:00+08:00,286.24,289.73,267.04,267.04,3825314,0.0,0.0
2007-10-08 00:00:00+08:00,269.48,282.05,269.48,279.26,3197503,0.0,0.0
2007-10-09 00:00:00+08:00,279.26,281.35,268.78,274.37,1634471,0.0,0.0
2007-10-11 00:00:00+08:00,274.37,274.72,268.78,269.83,1251291,0.0,0.0
2007-10-12 00:00:00+08:00,265.99,268.78,256.91,258.31,1511074,0.0,0.0
2007-10-15 00:00:00+08:00,254.82,260.06,250.28,253.42,1098667,0.0,0.0
2007-10-16 00:00:00+08:00,251.33,265.29,251.33,263.89,2225480,0.0,0.0
2007-10-17 00:00:00+08:00,263.89,270.18,260.41,264.59,1381183,0.0,0.0
2007-10-18 00:00:00+08:00,267.39,270.18,265.29,266.69,1120316,0.0,0.0
2007-10-19 00:00:00+08:00,266.69,273.32,265.29,270.87,2058785,0.0,0.0
2007-10-22 00:00:00+08:00,254.82,272.28,254.82,271.22,1613905,0.0,0.0
2007-10-23 00:00:00+08:00,279.26,289.73,276.81,279.26,3166113,0.0,0.0
2007-10-24 00:00:00+08:00,289.73,298.8,281.35,282.74,7276108,0.0,0.0
2007-10-25 00:00:00+08:00,286.93,289.37,277.16,284.84,2637886,0.0,0.0
2007-10-26 00:00:00+08:00,289.03,289.03,282.05,287.63,1188510,0.0,0.0
2007-10-29 00:00:00+08:00,289.73,296.36,287.28,288.33,1950541,0.0,0.0
2007-10-30 00:00:00+08:00,288.33,290.08,280.65,281.35,1157119,0.0,0.0
2007-10-31 00:00:00+08:00,281.35,283.44,271.57,275.07,1281599,0.0,0.0
2007-11-01 00:00:00+08:00,278.56,282.05,275.07,279.26,1485096,0.0,0.0
2007-11-02 00:00:00+08:00,272.28,275.07,259.7,260.41,2025230,0.0,0.0
2007-11-05 00:00:00+08:00,258.31,267.39,255.52,267.39,1029392,0.0,0.0
2007-11-06 00:00:00+08:00,281.35,285.89,273.32,285.89,2101000,0.0,0.0
2007-11-07 00:00:00+08:00,300.2,300.2,291.47,294.26,5626482,0.0,0.0
2007-11-08 00:00:00+08:00,294.26,294.26,277.86,284.14,3050293,0.0,0.0
2007-11-09 00:00:00+08:00,288.68,298.1,283.8,297.76,3075189,0.0,0.0
2007-11-12 00:00:00+08:00,287.28,301.59,287.28,301.59,2835971,0.0,0.0
2007-11-13 00:00:00+08:00,307.18,307.88,290.43,293.22,3297087,0.0,0.0
2007-11-14 00:00:00+08:00,304.39,312.76,300.2,305.78,3028644,0.0,0.0
2007-11-15 00:00:00+08:00,301.95,307.18,300.2,301.59,1340050,0.0,0.0
2007-11-16 00:00:00+08:00,298.8,299.5,291.12,294.61,1345462,0.0,0.0
2007-11-19 00:00:00+08:00,296.71,310.67,296.71,304.39,2275271,0.0,0.0
2007-11-20 00:00:00+08:00,304.39,314.16,298.1,314.16,2825146,0.0,0.0
2007-11-21 00:00:00+08:00,310.67,318.35,300.2,300.2,2264447,0.0,0.0
2007-11-22 00:00:00+08:00,301.59,302.3,279.26,279.26,3900002,0.0,0.0
2007-11-23 00:00:00+08:00,277.16,281.7,259.7,261.8,4278854,0.0,0.0
2007-11-26 00:00:00+08:00,270.87,279.95,266.69,279.95,2161616,0.0,0.0
2007-11-27 00:00:00+08:00,279.95,293.22,270.18,289.73,4435806,0.0,0.0
2007-11-28 00:00:00+08:00,288.33,289.03,272.97,276.11,4091592,0.0,0.0
2007-11-29 00:00:00+08:00,285.19,287.63,279.26,279.26,2070692,0.0,0.0
2007-11-30 00:00:00+08:00,285.54,291.12,284.49,289.37,1805496,0.0,0.0
2007-12-03 00:00:00+08:00,290.43,295.31,286.24,287.28,1437469,0.0,0.0
2007-12-04 00:00:00+08:00,286.24,292.52,285.54,287.98,1463447,0.0,0.0
2007-12-05 00:00:00+08:00,287.63,306.13,286.24,303.69,3327395,0.0,0.0
2007-12-06 00:00:00+08:00,310.67,314.16,301.24,302.99,3496254,0.0,0.0
2007-12-07 00:00:00+08:00,314.16,314.16,295.66,295.66,3524398,0.0,0.0
2007-12-10 00:00:00+08:00,293.57,294.96,288.33,294.96,1811990,0.0,0.0
2007-12-11 00:00:00+08:00,296.71,301.59,289.73,292.17,1912656,0.0,0.0
2007-12-12 00:00:00+08:00,289.37,293.22,282.74,291.82,2175687,0.0,0.0
2007-12-13 00:00:00+08:00,291.82,292.87,279.26,279.26,1564113,0.0,0.0
2007-12-14 00:00:00+08:00,281.7,282.74,261.8,278.56,3130392,0.0,0.0
2007-12-17 00:00:00+08:00,276.46,278.91,262.15,262.15,1650708,0.0,0.0
2007-12-18 00:00:00+08:00,261.8,275.07,245.05,262.5,2689842,0.0,0.0
2007-12-19 00:00:00+08:00,268.78,280.3,265.99,278.56,1952706,0.0,0.0
2007-12-20 00:00:00+08:00,280.3,280.65,268.78,268.78,1669109,0.0,0.0
2007-12-21 00:00:00+08:00,272.97,274.02,265.29,272.28,1216653,0.0,0.0
2007-12-24 00:00:00+08:00,284.14,284.84,279.26,283.09,1123564,0.0,0.0
2007-12-25 00:00:00+08:00,283.09,296.71,283.09,293.22,2244963,0.0,0.0
2007-12-26 00:00:00+08:00,289.73,290.78,284.84,286.24,1098667,0.0,0.0
2007-12-27 00:00:00+08:00,289.73,299.5,288.33,294.61,2122649,0.0,0.0
2007-12-28 00:00:00+08:00,293.91,301.59,289.73,299.5,2371608,0.0,0.0
2007-12-31 00:00:00+08:00,303.69,303.69,297.41,300.2,1207993,0.0,0.0
2008-01-02 00:00:00+08:00,300.2,310.67,297.41,299.5,2424646,0.0,0.0
2008-01-03 00:00:00+08:00,296.01,296.01,286.59,289.37,1587927,0.0,0.0
2008-01-04 00:00:00+08:00,286.24,290.43,274.37,275.76,2090176,0.0,0.0
2008-01-07 00:00:00+08:00,258.31,262.5,256.57,256.57,1113822,0.0,0.0
2008-01-08 00:00:00+08:00,244.35,248.89,238.76,238.76,4285348,0.0,0.0
2008-01-09 00:00:00+08:00,226.89,242.26,222.35,242.26,4789761,0.0,0.0
2008-01-10 00:00:00+08:00,246.44,254.82,225.5,225.85,4220402,0.0,0.0
2008-01-11 00:00:00+08:00,227.59,235.97,221.31,226.2,5438138,0.0,0.0
2008-01-14 00:00:00+08:00,226.2,228.99,210.49,210.49,5295257,0.0,0.0
2008-01-15 00:00:00+08:00,212.93,223.4,212.93,217.82,4529977,0.0,0.0
2008-01-16 00:00:00+08:00,210.84,215.03,205.95,212.59,2577270,0.0,0.0
2008-01-17 00:00:00+08:00,217.12,223.4,213.63,216.42,1927811,0.0,0.0
2008-01-18 00:00:00+08:00,209.44,228.99,209.44,228.99,2873856,0.0,0.0
2008-01-21 00:00:00+08:00,226.89,228.29,220.61,223.4,1715653,0.0,0.0
2008-01-22 00:00:00+08:00,208.05,212.24,208.05,208.05,1871524,0.0,0.0
2008-01-23 00:00:00+08:00,220.61,220.61,207.35,208.05,5669779,0.0,0.0
2008-01-24 00:00:00+08:00,215.72,216.07,193.73,193.73,5368862,0.0,0.0
2008-01-25 00:00:00+08:00,198.97,207.0,197.57,207.0,2748294,0.0,0.0
2008-01-28 00:00:00+08:00,212.93,216.77,207.0,214.68,3564448,0.0,0.0
2008-01-29 00:00:00+08:00,217.12,218.52,210.14,210.84,1836886,0.0,0.0
2008-01-30 00:00:00+08:00,213.63,217.82,209.44,210.14,1821733,0.0,0.0
2008-01-31 00:00:00+08:00,211.53,211.53,198.97,202.46,2853290,0.0,0.0
2008-02-01 00:00:00+08:00,204.55,208.05,199.66,203.85,1840133,0.0,0.0
2008-02-12 00:00:00+08:00,197.22,200.01,189.89,190.59,2225480,0.0,0.0
2008-02-13 00:00:00+08:00,194.78,195.48,187.1,192.68,1554372,0.0,0.0
2008-02-14 00:00:00+08:00,200.37,205.95,199.66,205.95,1224230,0.0,0.0
2008-02-15 00:00:00+08:00,208.74,219.57,202.46,217.12,2670359,0.0,0.0
2008-02-18 00:00:00+08:00,219.22,219.91,213.63,213.63,1400666,0.0,0.0
2008-02-19 00:00:00+08:00,216.77,224.8,212.93,222.01,2194089,0.0,0.0
2008-02-20 00:00:00+08:00,217.47,222.01,212.93,212.93,1724314,0.0,0.0
2008-02-21 00:00:00+08:00,216.42,221.66,215.37,219.57,1718902,0.0,0.0
2008-02-22 00:00:00+08:00,216.77,219.57,213.63,217.12,1128976,0.0,0.0
2008-02-25 00:00:00+08:00,219.91,221.66,213.98,214.33,1874771,0.0,0.0
2008-02-26 00:00:00+08:00,215.72,225.5,215.03,225.5,2536138,0.0,0.0
2008-02-27 00:00:00+08:00,233.18,238.76,231.09,234.57,3659702,0.0,0.0
2008-02-29 00:00:00+08:00,233.87,240.16,231.09,238.76,1596586,0.0,0.0
2008-03-03 00:00:00+08:00,232.48,233.87,222.35,222.35,1603081,0.0,0.0
2008-03-04 00:00:00+08:00,219.22,225.15,218.17,223.4,3525480,0.0,0.0
2008-03-05 00:00:00+08:00,224.8,228.99,217.82,217.82,2013322,0.0,0.0
2008-03-06 00:00:00+08:00,224.8,232.83,221.31,232.83,2693091,0.0,0.0
2008-03-07 00:00:00+08:00,230.39,239.81,228.99,235.27,3482183,0.0,0.0
2008-03-10 00:00:00+08:00,240.16,243.65,235.97,237.37,2579435,0.0,0.0
2008-03-11 00:00:00+08:00,235.27,235.97,231.09,232.48,1468859,0.0,0.0
2008-03-12 00:00:00+08:00,239.46,239.81,231.78,232.48,1849875,0.0,0.0
2008-03-13 00:00:00+08:00,230.39,234.57,222.01,222.01,1455870,0.0,0.0
2008-03-14 00:00:00+08:00,225.5,227.59,220.61,223.4,1426645,0.0,0.0
2008-03-17 00:00:00+08:00,223.4,223.4,213.63,219.57,1231807,0.0,0.0
2008-03-18 00:00:00+08:00,213.98,217.12,208.39,216.77,2598919,0.0,0.0
2008-03-19 00:00:00+08:00,221.31,222.01,215.37,215.72,1803331,0.0,0.0
2008-03-20 00:00:00+08:00,209.44,230.39,204.55,230.39,4384932,0.0,0.0
2008-03-21 00:00:00+08:00,226.2,229.68,223.4,223.75,2243881,0.0,0.0
2008-03-24 00:00:00+08:00,236.67,236.67,220.61,220.61,2716903,0.0,0.0
2008-03-25 00:00:00+08:00,223.4,228.29,222.01,223.75,1430974,0.0,0.0
2008-03-26 00:00:00+08:00,227.59,227.94,223.75,226.89,1300000,0.0,0.0
2008-03-27 00:00:00+08:00,225.5,225.85,219.91,219.91,1231807,0.0,0.0
2008-03-28 00:00:00+08:00,220.61,225.5,217.82,222.01,1218818,0.0,0.0
2008-03-31 00:00:00+08:00,222.01,224.8,220.61,220.96,660282,0.0,0.0
2008-04-01 00:00:00+08:00,223.4,229.33,222.01,222.01,1576020,0.0,0.0
2008-04-02 00:00:00+08:00,226.89,236.67,226.2,235.62,2682266,0.0,0.0
2008-04-03 00:00:00+08:00,234.57,248.54,232.83,245.05,2730976,0.0,0.0
2008-04-07 00:00:00+08:00,252.72,262.15,252.72,262.15,1516487,0.0,0.0
2008-04-08 00:00:00+08:00,273.67,273.67,262.5,263.2,2479851,0.0,0.0
2008-04-09 00:00:00+08:00,262.5,271.93,259.7,270.53,1294588,0.0,0.0
2008-04-10 00:00:00+08:00,270.18,273.67,268.78,273.67,781515,0.0,0.0
2008-04-11 00:00:00+08:00,279.26,291.47,274.37,288.33,2673606,0.0,0.0
2008-04-14 00:00:00+08:00,286.93,291.82,278.56,282.05,2097753,0.0,0.0
2008-04-15 00:00:00+08:00,285.54,292.52,283.8,286.93,2046878,0.0,0.0
2008-04-16 00:00:00+08:00,291.12,296.01,287.63,291.12,2091258,0.0,0.0
2008-04-17 00:00:00+08:00,295.31,296.01,277.86,280.65,3330642,0.0,0.0
2008-04-18 00:00:00+08:00,268.78,277.16,267.39,275.07,2669277,0.0,0.0
2008-04-21 00:00:00+08:00,280.65,284.14,278.91,281.0,1635554,0.0,0.0
2008-04-22 00:00:00+08:00,282.05,284.84,277.86,279.6,1511074,0.0,0.0
2008-04-23 00:00:00+08:00,265.29,288.33,260.06,288.33,6523817,0.0,0.0
2008-04-24 00:00:00+08:00,284.84,287.63,280.65,284.84,1903997,0.0,0.0
2008-04-25 00:00:00+08:00,284.84,286.24,276.46,276.46,1616071,0.0,0.0
2008-04-28 00:00:00+08:00,276.81,282.05,276.81,281.7,805328,0.0,0.0
2008-04-29 00:00:00+08:00,282.05,285.19,280.65,283.8,1165778,0.0,0.0
2008-04-30 00:00:00+08:00,286.24,293.91,285.19,289.73,2221149,0.0,0.0
2008-05-02 00:00:00+08:00,293.22,296.01,291.12,294.61,1561949,0.0,0.0
2008-05-05 00:00:00+08:00,294.61,298.1,291.12,298.1,1371440,0.0,0.0
2008-05-06 00:00:00+08:00,298.8,305.78,291.82,292.52,3553624,0.0,0.0
2008-05-07 00:00:00+08:00,293.22,296.71,289.73,291.82,1674521,0.0,0.0
2008-05-08 00:00:00+08:00,287.63,291.12,281.35,281.35,1781682,0.0,0.0
2008-05-09 00:00:00+08:00,282.74,285.54,281.35,282.05,1004496,0.0,0.0
2008-05-12 00:00:00+08:00,282.05,287.63,278.21,287.63,679767,0.0,0.0
2008-05-13 00:00:00+08:00,289.03,293.22,287.28,293.22,1012073,0.0,0.0
2008-05-14 00:00:00+08:00,300.2,313.46,298.1,313.46,3918403,0.0,0.0
2008-05-15 00:00:00+08:00,312.76,317.65,309.28,312.07,2380267,0.0,0.0
2008-05-16 00:00:00+08:00,315.56,322.54,314.16,314.16,2576187,0.0,0.0
2008-05-19 00:00:00+08:00,319.05,324.63,316.26,322.19,1850957,0.0,0.0
2008-05-20 00:00:00+08:00,324.63,325.33,315.91,316.6,1238301,0.0,0.0
2008-05-21 00:00:00+08:00,314.16,314.86,306.48,306.48,1505662,0.0,0.0
2008-05-22 00:00:00+08:00,300.89,304.39,297.41,303.69,1551125,0.0,0.0
2008-05-23 00:00:00+08:00,301.59,301.59,286.24,286.24,1565196,0.0,0.0
2008-05-26 00:00:00+08:00,279.26,282.74,271.57,277.16,1861782,0.0,0.0
2008-05-27 00:00:00+08:00,279.26,290.43,279.26,290.43,1366028,0.0,0.0
2008-05-28 00:00:00+08:00,293.22,293.22,283.44,286.24,1226395,0.0,0.0
2008-05-29 00:00:00+08:00,289.73,291.47,266.34,270.87,3131476,0.0,0.0
2008-05-30 00:00:00+08:00,274.72,275.76,258.31,265.29,2723398,0.0,0.0
2008-06-02 00:00:00+08:00,267.39,277.16,267.39,276.46,1650708,0.0,0.0
2008-06-03 00:00:00+08:00,276.46,276.46,268.43,272.97,1618235,0.0,0.0
2008-06-04 00:00:00+08:00,268.78,272.62,268.43,272.28,1144129,0.0,0.0
2008-06-05 00:00:00+08:00,272.97,276.81,268.78,273.67,2422482,0.0,0.0
2008-06-06 00:00:00+08:00,283.44,292.52,283.44,289.73,5719570,0.0,0.0
2008-06-09 00:00:00+08:00,279.95,285.54,277.86,285.54,2520983,0.0,0.0
2008-06-10 00:00:00+08:00,287.63,287.98,270.87,270.87,3621817,0.0,0.0
2008-06-11 00:00:00+08:00,274.37,282.05,271.93,273.67,3249460,0.0,0.0
2008-06-12 00:00:00+08:00,270.87,270.87,261.8,268.78,2623814,0.0,0.0
2008-06-13 00:00:00+08:00,272.28,282.05,270.18,276.11,3538470,0.0,0.0
2008-06-16 00:00:00+08:00,281.35,283.8,267.39,268.78,2696338,0.0,0.0
2008-06-17 00:00:00+08:00,270.87,287.28,268.43,287.28,3213740,0.0,0.0
2008-06-18 00:00:00+08:00,284.84,296.36,282.74,292.52,3931392,0.0,0.0
2008-06-19 00:00:00+08:00,289.03,296.71,286.24,290.43,2083680,0.0,0.0
2008-06-20 00:00:00+08:00,295.31,296.01,282.74,282.74,3169361,0.0,0.0
2008-06-23 00:00:00+08:00,277.86,301.59,277.86,298.8,3892425,0.0,0.0
2008-06-24 00:00:00+08:00,298.8,301.24,287.63,287.63,3159618,0.0,0.0
2008-06-25 00:00:00+08:00,288.33,291.82,277.16,284.14,3080601,0.0,0.0
2008-06-26 00:00:00+08:00,285.54,289.37,279.95,284.14,2181099,0.0,0.0
2008-06-27 00:00:00+08:00,272.28,274.37,266.69,273.32,3364198,0.0,0.0
2008-06-30 00:00:00+08:00,277.86,280.3,270.87,270.87,2176770,0.0,0.0
2008-07-01 00:00:00+08:00,273.67,277.16,268.78,271.93,1669109,0.0,0.0
2008-07-02 00:00:00+08:00,275.76,290.78,275.07,290.43,2837054,0.0,0.0
2008-07-03 00:00:00+08:00,283.44,298.8,280.65,294.26,3287345,0.0,0.0
2008-07-04 00:00:00+08:00,296.01,296.36,276.46,276.81,2250375,0.0,0.0
2008-07-07 00:00:00+08:00,276.46,277.16,263.89,273.67,3541717,0.0,0.0
2008-07-08 00:00:00+08:00,270.87,279.26,265.64,268.78,2708244,0.0,0.0
2008-07-09 00:00:00+08:00,272.97,279.95,272.97,275.76,2209243,0.0,0.0
2008-07-10 00:00:00+08:00,275.76,284.84,275.76,277.51,2395422,0.0,0.0
2008-07-11 00:00:00+08:00,279.26,282.74,269.48,272.97,3522233,0.0,0.0
2008-07-14 00:00:00+08:00,274.37,277.86,270.87,274.37,1878018,0.0,0.0
2008-07-15 00:00:00+08:00,274.02,274.02,266.34,268.09,1860700,0.0,0.0
2008-07-16 00:00:00+08:00,269.83,271.57,249.59,249.59,3806913,0.0,0.0
2008-07-17 00:00:00+08:00,250.63,253.77,238.76,253.77,7116990,0.0,0.0
2008-07-18 00:00:00+08:00,258.66,268.43,258.66,262.5,4325398,0.0,0.0
2008-07-21 00:00:00+08:00,271.57,274.37,267.74,274.37,2208160,0.0,0.0
2008-07-22 00:00:00+08:00,269.83,273.67,265.29,273.67,1552207,0.0,0.0
2008-07-23 00:00:00+08:00,277.86,284.14,272.28,281.35,2781849,0.0,0.0
2008-07-24 00:00:00+08:00,282.74,289.03,281.35,281.35,2260118,0.0,0.0
2008-07-25 00:00:00+08:00,279.95,279.95,269.83,274.72,1787095,0.0,0.0
2008-07-28 00:00:00+08:00,274.72,274.72,274.72,274.72,0,0.0,0.0
2008-07-29 00:00:00+08:00,270.87,275.76,269.48,275.76,1120316,0.0,0.0
2008-07-30 00:00:00+08:00,281.35,284.14,277.51,277.51,1452623,0.0,0.0
2008-07-31 00:00:00+08:00,281.35,283.44,272.97,275.07,1450458,0.0,0.0
2008-08-01 00:00:00+08:00,275.07,279.26,268.78,275.76,1663697,0.0,0.0
2008-08-04 00:00:00+08:00,272.28,281.0,272.28,280.65,986095,0.0,0.0
2008-08-05 00:00:00+08:00,283.44,286.24,281.35,286.24,1414738,0.0,0.0
2008-08-06 00:00:00+08:00,290.43,296.71,289.73,296.71,2256870,0.0,0.0
2008-08-07 00:00:00+08:00,296.71,312.07,294.26,305.08,2601084,0.0,0.0
2008-08-08 00:00:00+08:00,305.08,320.1,303.69,315.56,2083680,0.0,0.0
2008-08-11 00:00:00+08:00,321.14,328.12,317.65,323.24,2440883,0.0,0.0
2008-08-12 00:00:00+08:00,333.62,335.85,320.99,320.99,3460369,9.61,1.02
2008-08-13 00:00:00+08:00,320.99,325.45,303.16,313.56,3590419,0.0,0.0
2008-08-14 00:00:00+08:00,312.07,316.53,308.36,309.84,2413726,0.0,0.0
2008-08-15 00:00:00+08:00,311.33,316.53,309.84,311.33,1654234,0.0,0.0
2008-08-18 00:00:00+08:00,311.33,314.68,305.01,305.38,1613659,0.0,0.0
2008-08-19 00:00:00+08:00,300.93,312.82,299.44,309.47,1844628,0.0,0.0
2008-08-20 00:00:00+08:00,313.19,330.65,313.19,323.96,4672435,0.0,0.0
2008-08-21 00:00:00+08:00,325.45,329.16,315.79,315.79,2610362,0.0,0.0
2008-08-22 00:00:00+08:00,318.02,318.39,301.67,304.64,3118077,0.0,0.0
2008-08-25 00:00:00+08:00,307.61,315.05,307.61,309.1,1944506,0.0,0.0
2008-08-26 00:00:00+08:00,306.5,316.53,303.9,316.53,1696891,0.0,0.0
2008-08-27 00:00:00+08:00,314.31,324.7,312.07,324.7,2645736,0.0,0.0
2008-08-28 00:00:00+08:00,326.93,332.88,324.7,324.7,3089986,0.0,0.0
2008-08-29 00:00:00+08:00,328.42,330.27,319.5,319.5,1355640,0.0,0.0
2008-09-01 00:00:00+08:00,319.5,324.7,309.1,312.44,1531467,0.0,0.0
2008-09-02 00:00:00+08:00,316.16,323.96,312.44,318.76,2397080,0.0,0.0
2008-09-03 00:00:00+08:00,317.28,320.62,309.47,309.84,2047506,0.0,0.0
2008-09-04 00:00:00+08:00,309.84,311.33,297.96,297.96,2535453,0.0,0.0
2008-09-05 00:00:00+08:00,290.52,303.16,286.07,295.73,2813240,0.0,0.0
2008-09-08 00:00:00+08:00,306.13,312.07,297.59,300.93,5971894,0.0,0.0
2008-09-09 00:00:00+08:00,293.49,293.49,280.12,280.12,4202174,0.0,0.0
2008-09-10 00:00:00+08:00,278.64,286.07,276.41,284.95,2706079,0.0,0.0
2008-09-11 00:00:00+08:00,283.84,285.32,268.23,268.23,1938264,0.0,0.0
2008-09-12 00:00:00+08:00,271.95,274.93,254.86,270.83,4179285,0.0,0.0
2008-09-15 00:00:00+08:00,267.49,270.46,257.09,260.06,2173394,0.0,0.0
2008-09-16 00:00:00+08:00,251.14,254.86,245.2,247.8,2852775,0.0,0.0
2008-09-17 00:00:00+08:00,256.35,263.03,253.37,255.6,2341939,0.0,0.0
2008-09-18 00:00:00+08:00,245.2,257.09,242.23,257.09,2689432,0.0,0.0
2008-09-19 00:00:00+08:00,274.93,274.93,270.46,274.93,3146168,0.0,0.0
2008-09-22 00:00:00+08:00,280.87,280.87,271.2,274.93,1747870,0.0,0.0
2008-09-23 00:00:00+08:00,274.93,286.07,272.32,284.21,3130562,0.0,0.0
2008-09-24 00:00:00+08:00,284.21,284.21,277.52,279.38,1337953,0.0,0.0
2008-09-25 00:00:00+08:00,277.52,283.84,275.3,276.04,1413902,0.0,0.0
2008-09-26 00:00:00+08:00,276.04,277.15,256.72,256.72,2448060,0.0,0.0
2008-09-29 00:00:00+08:00,256.72,256.72,256.72,256.72,0,0.0,0.0
2008-09-30 00:00:00+08:00,238.89,244.46,238.89,243.72,1326508,0.0,0.0
2008-10-01 00:00:00+08:00,252.63,253.37,245.94,251.14,1388932,0.0,0.0
2008-10-02 00:00:00+08:00,248.17,255.6,234.05,240.74,1284892,0.0,0.0
2008-10-03 00:00:00+08:00,237.03,243.72,224.4,243.72,1958031,0.0,0.0
2008-10-06 00:00:00+08:00,237.03,240.0,228.85,228.85,987338,0.0,0.0
2008-10-07 00:00:00+08:00,219.2,240.0,219.2,237.4,1631346,0.0,0.0
2008-10-08 00:00:00+08:00,230.34,232.57,221.05,221.43,1666719,0.0,0.0
2008-10-09 00:00:00+08:00,221.43,232.2,219.94,223.65,1487770,0.0,0.0
2008-10-13 00:00:00+08:00,217.7,219.57,215.85,215.85,1394134,0.0,0.0
2008-10-14 00:00:00+08:00,230.71,230.71,223.65,230.71,2272232,0.0,0.0
2008-10-15 00:00:00+08:00,227.37,237.03,224.4,234.79,1209984,0.0,0.0
2008-10-16 00:00:00+08:00,226.62,228.11,226.62,226.62,867692,0.0,0.0
2008-10-17 00:00:00+08:00,226.62,228.48,218.83,218.83,1475286,0.0,0.0
2008-10-20 00:00:00+08:00,214.73,221.05,211.39,220.68,1188135,0.0,0.0
2008-10-21 00:00:00+08:00,222.91,227.37,222.91,222.91,1226630,0.0,0.0
2008-10-22 00:00:00+08:00,230.34,238.52,227.37,238.52,2872543,0.0,0.0
2008-10-23 00:00:00+08:00,234.05,237.77,231.82,237.77,1793648,0.0,0.0
2008-10-24 00:00:00+08:00,231.82,232.57,229.6,229.6,621117,0.0,0.0
2008-10-27 00:00:00+08:00,213.62,224.4,213.62,213.62,2102647,0.0,0.0
2008-10-28 00:00:00+08:00,205.45,228.48,198.76,228.48,2332575,0.0,0.0
2008-10-29 00:00:00+08:00,244.46,244.46,223.28,223.65,2926644,0.0,0.0
2008-10-30 00:00:00+08:00,226.62,239.26,225.14,239.26,1781163,0.0,0.0
2008-10-31 00:00:00+08:00,239.26,255.6,236.28,251.14,2792432,0.0,0.0
2008-11-03 00:00:00+08:00,250.4,250.4,242.97,245.2,1482568,0.0,0.0
2008-11-04 00:00:00+08:00,246.69,253.0,245.2,247.43,1533548,0.0,0.0
2008-11-05 00:00:00+08:00,249.66,250.4,238.52,239.26,1624063,0.0,0.0
2008-11-06 00:00:00+08:00,230.34,237.03,223.65,225.14,1522104,0.0,0.0
2008-11-07 00:00:00+08:00,216.22,237.4,216.22,235.91,1913294,0.0,0.0
2008-11-10 00:00:00+08:00,231.82,233.68,227.37,227.37,988378,0.0,0.0
2008-11-11 00:00:00+08:00,223.65,229.22,219.2,223.65,980055,0.0,0.0
2008-11-12 00:00:00+08:00,223.65,228.11,215.48,219.2,1632386,0.0,0.0
2008-11-13 00:00:00+08:00,210.28,211.76,203.96,203.96,1929940,0.0,0.0
2008-11-14 00:00:00+08:00,209.53,209.53,199.14,203.96,1811335,0.0,0.0
2008-11-17 00:00:00+08:00,190.96,192.82,189.84,189.84,1172529,0.0,0.0
2008-11-18 00:00:00+08:00,176.84,176.84,176.84,176.84,982136,0.0,0.0
2008-11-19 00:00:00+08:00,164.58,170.9,164.58,164.96,3766246,0.0,0.0
2008-11-20 00:00:00+08:00,153.44,156.78,153.44,153.44,2570827,0.0,0.0
2008-11-21 00:00:00+08:00,143.41,163.47,143.41,161.61,3552964,0.0,0.0
2008-11-24 00:00:00+08:00,158.26,159.01,150.46,150.46,2558342,0.0,0.0
2008-11-25 00:00:00+08:00,152.32,159.01,152.32,153.06,3210673,0.0,0.0
2008-11-26 00:00:00+08:00,153.81,163.47,151.58,163.47,2619726,0.0,0.0
2008-11-27 00:00:00+08:00,152.32,167.18,152.32,159.75,6680407,0.0,0.0
2008-11-28 00:00:00+08:00,156.78,159.75,153.06,153.44,2918320,0.0,0.0
2008-12-01 00:00:00+08:00,152.32,153.44,146.38,148.61,3721509,0.0,0.0
2008-12-02 00:00:00+08:00,138.2,140.43,138.2,138.2,2986987,0.0,0.0
2008-12-03 00:00:00+08:00,138.2,138.2,128.55,128.55,3679893,0.0,0.0
2008-12-04 00:00:00+08:00,126.32,133.0,126.32,128.92,4540304,0.0,0.0
2008-12-05 00:00:00+08:00,128.92,130.03,124.09,124.09,2827806,0.0,0.0
2008-12-08 00:00:00+08:00,126.32,132.63,126.32,132.63,4315578,0.0,0.0
2008-12-09 00:00:00+08:00,135.6,138.94,132.26,132.63,5401755,0.0,0.0
2008-12-10 00:00:00+08:00,133.75,141.54,133.75,141.54,4672435,0.0,0.0
2008-12-11 00:00:00+08:00,146.01,151.21,146.01,151.21,3944155,0.0,0.0
2008-12-12 00:00:00+08:00,151.58,157.52,146.01,150.46,9847384,0.0,0.0
2008-12-15 00:00:00+08:00,160.86,160.86,157.52,160.86,4443208,0.0,0.0
2008-12-16 00:00:00+08:00,161.24,161.98,156.78,161.98,2855896,0.0,0.0
2008-12-17 00:00:00+08:00,165.7,167.93,153.06,154.55,4745263,0.0,0.0
2008-12-18 00:00:00+08:00,157.64,165.98,153.47,165.98,2820523,0.0,0.0
2008-12-19 00:00:00+08:00,159.75,164.21,157.52,162.73,4637061,0.0,0.0
2008-12-22 00:00:00+08:00,164.96,166.07,160.86,161.24,2405403,0.0,0.0
2008-12-23 00:00:00+08:00,161.24,161.24,150.09,152.32,2414767,0.0,0.0
2008-12-24 00:00:00+08:00,146.38,156.78,145.64,154.55,2442858,0.0,0.0
2008-12-25 00:00:00+08:00,154.55,154.92,144.15,148.61,2572908,0.0,0.0
2008-12-26 00:00:00+08:00,145.64,146.75,141.92,142.29,2402282,0.0,0.0
2008-12-29 00:00:00+08:00,141.92,145.27,141.54,142.67,1977799,0.0,0.0
2008-12-30 00:00:00+08:00,144.52,152.32,144.15,152.32,3432278,0.0,0.0
2008-12-31 00:00:00+08:00,154.55,157.52,149.72,151.21,3961842,0.0,0.0
2009-01-02 00:00:00+08:00,151.21,151.21,151.21,151.21,0,0.0,0.0
2009-01-05 00:00:00+08:00,157.52,161.24,156.03,157.52,3312632,0.0,0.0
2009-01-06 00:00:00+08:00,156.41,163.47,151.21,163.47,5644168,0.0,0.0
2009-01-07 00:00:00+08:00,167.93,174.24,165.7,172.38,6143560,0.0,0.0
2009-01-08 00:00:00+08:00,167.93,168.67,160.49,160.49,3448924,0.0,0.0
2009-01-09 00:00:00+08:00,159.01,163.1,155.66,159.75,2862139,0.0,0.0
2009-01-12 00:00:00+08:00,157.15,160.49,156.03,157.15,1502336,0.0,0.0
2009-01-13 00:00:00+08:00,154.92,163.1,154.92,163.1,1849830,0.0,0.0
2009-01-14 00:00:00+08:00,163.1,164.96,160.49,160.49,2004849,0.0,0.0
2009-01-15 00:00:00+08:00,154.92,154.92,152.32,152.69,2087041,0.0,0.0
2009-01-16 00:00:00+08:00,155.66,159.01,154.92,156.03,2084960,0.0,0.0
2009-01-19 00:00:00+08:00,156.03,159.38,156.03,156.03,1380609,0.0,0.0
2009-01-20 00:00:00+08:00,153.06,153.81,147.12,148.61,2661342,0.0,0.0
2009-01-21 00:00:00+08:00,144.89,147.49,144.52,144.89,1972597,0.0,0.0
2009-02-02 00:00:00+08:00,144.89,150.84,144.89,148.24,1589730,0.0,0.0
2009-02-03 00:00:00+08:00,150.46,157.15,150.46,153.81,2277434,0.0,0.0
2009-02-04 00:00:00+08:00,154.18,156.41,153.06,153.81,1759315,0.0,0.0
2009-02-05 00:00:00+08:00,152.32,153.81,150.09,150.84,1544992,0.0,0.0
2009-02-06 00:00:00+08:00,155.66,161.24,155.29,161.24,4277083,0.0,0.0
2009-02-09 00:00:00+08:00,163.47,169.78,163.1,166.44,5749249,0.0,0.0
2009-02-10 00:00:00+08:00,167.55,172.75,166.44,170.53,4633940,0.0,0.0
2009-02-11 00:00:00+08:00,166.44,170.9,164.21,170.9,4819131,0.0,0.0
2009-02-12 00:00:00+08:00,170.9,177.21,164.96,165.7,6449438,0.0,0.0
2009-02-13 00:00:00+08:00,168.67,176.84,168.67,176.1,4553829,0.0,0.0
2009-02-16 00:00:00+08:00,174.61,182.79,173.5,179.81,3966003,0.0,0.0
2009-02-17 00:00:00+08:00,177.58,179.81,170.9,171.27,3335521,0.0,0.0
2009-02-18 00:00:00+08:00,171.27,176.47,169.04,176.1,3034845,0.0,0.0
2009-02-19 00:00:00+08:00,175.35,186.87,173.87,185.39,5414240,0.0,0.0
2009-02-20 00:00:00+08:00,184.27,185.02,176.84,179.07,3265814,0.0,0.0
2009-02-23 00:00:00+08:00,178.32,181.3,175.35,180.56,3445803,0.0,0.0
2009-02-24 00:00:00+08:00,176.1,178.32,175.35,176.84,2078718,0.0,0.0
2009-02-25 00:00:00+08:00,181.3,184.27,177.95,178.32,2501120,0.0,0.0
2009-02-26 00:00:00+08:00,182.79,182.79,179.81,182.05,1809254,0.0,0.0
2009-02-27 00:00:00+08:00,182.79,185.02,180.56,185.02,1764517,0.0,0.0
2009-03-02 00:00:00+08:00,182.05,183.53,173.5,175.35,2664463,0.0,0.0
2009-03-03 00:00:00+08:00,173.13,173.5,165.7,173.13,2480312,0.0,0.0
2009-03-04 00:00:00+08:00,173.87,179.44,173.87,179.44,2488635,0.0,0.0
2009-03-05 00:00:00+08:00,182.05,187.24,182.05,183.53,4133508,0.0,0.0
2009-03-06 00:00:00+08:00,182.05,190.22,180.93,187.24,3021320,0.0,0.0
2009-03-09 00:00:00+08:00,187.24,187.24,179.44,185.76,2210848,0.0,0.0
2009-03-10 00:00:00+08:00,183.16,188.36,183.16,185.76,1522104,0.0,0.0
2009-03-11 00:00:00+08:00,189.47,190.96,185.76,187.24,2608281,0.0,0.0
2009-03-12 00:00:00+08:00,188.73,195.41,188.73,194.3,3378177,0.0,0.0
2009-03-13 00:00:00+08:00,199.14,207.68,197.64,207.68,3865084,0.0,0.0
2009-03-16 00:00:00+08:00,211.02,211.02,205.08,205.08,2270151,0.0,0.0
2009-03-17 00:00:00+08:00,202.85,210.28,200.62,208.05,2054788,0.0,0.0
2009-03-18 00:00:00+08:00,209.53,210.65,204.34,204.34,2152586,0.0,0.0
2009-03-19 00:00:00+08:00,206.19,211.02,204.34,204.34,2615564,0.0,0.0
2009-03-20 00:00:00+08:00,205.82,206.56,199.88,200.99,1735386,0.0,0.0
2009-03-23 00:00:00+08:00,203.59,208.05,202.85,208.05,1444074,0.0,0.0
2009-03-24 00:00:00+08:00,209.53,212.13,205.08,205.08,2422050,0.0,0.0
2009-03-25 00:00:00+08:00,205.08,213.99,205.08,213.25,2400201,0.0,0.0
2009-03-26 00:00:00+08:00,214.73,225.14,211.02,219.94,3329278,0.0,0.0
2009-03-27 00:00:00+08:00,219.94,224.03,211.76,215.1,2607241,0.0,0.0
2009-03-30 00:00:00+08:00,212.13,212.13,204.34,205.08,1942425,0.0,0.0
2009-03-31 00:00:00+08:00,205.08,211.02,205.08,211.02,1443033,0.0,0.0
2009-04-02 00:00:00+08:00,211.39,211.76,203.59,209.53,2899593,0.0,0.0
2009-04-03 00:00:00+08:00,211.02,211.39,200.62,203.96,3660126,0.0,0.0
2009-04-06 00:00:00+08:00,198.39,202.11,189.84,189.84,5033454,0.0,0.0
2009-04-07 00:00:00+08:00,182.79,188.73,181.67,188.73,3984730,0.0,0.0
2009-04-08 00:00:00+08:00,186.13,191.33,185.76,189.47,2177556,0.0,0.0
2009-04-09 00:00:00+08:00,192.82,196.9,191.7,196.9,3495742,0.0,0.0
2009-04-10 00:00:00+08:00,199.88,200.62,191.7,192.44,3676772,0.0,0.0
2009-04-13 00:00:00+08:00,192.82,194.3,187.24,191.33,3190905,0.0,0.0
2009-04-14 00:00:00+08:00,191.33,198.39,191.33,193.93,5514118,0.0,0.0
2009-04-15 00:00:00+08:00,193.93,196.53,189.84,192.44,2796594,0.0,0.0
2009-04-16 00:00:00+08:00,196.53,199.88,193.93,198.39,4837858,0.0,0.0
2009-04-17 00:00:00+08:00,202.85,207.31,187.99,194.67,7856059,0.0,0.0
2009-04-20 00:00:00+08:00,195.41,197.64,190.22,195.79,2668624,0.0,0.0
2009-04-21 00:00:00+08:00,193.19,199.51,191.33,199.51,2633251,0.0,0.0
2009-04-22 00:00:00+08:00,199.51,201.36,195.79,195.79,2169232,0.0,0.0
2009-04-23 00:00:00+08:00,194.3,196.9,190.96,193.19,2474070,0.0,0.0
2009-04-24 00:00:00+08:00,193.19,198.39,187.99,190.22,4402971,0.0,0.0
2009-04-27 00:00:00+08:00,190.22,192.44,187.62,188.73,2570827,0.0,0.0
2009-04-28 00:00:00+08:00,190.96,193.93,188.36,190.22,2868381,0.0,0.0
2009-04-29 00:00:00+08:00,192.07,192.44,182.05,186.87,3136804,0.0,0.0
2009-04-30 00:00:00+08:00,198.39,199.51,193.19,197.64,4434183,0.0,0.0
2009-05-04 00:00:00+08:00,199.88,211.02,196.16,204.34,7664625,0.0,0.0
2009-05-05 00:00:00+08:00,205.82,208.05,199.14,199.51,4393608,0.0,0.0
2009-05-06 00:00:00+08:00,208.05,213.25,206.19,213.25,3674691,0.0,0.0
2009-05-07 00:00:00+08:00,228.11,228.11,228.11,228.11,2734170,0.0,0.0
2009-05-08 00:00:00+08:00,234.79,243.72,226.62,236.65,11702418,0.0,0.0
2009-05-11 00:00:00+08:00,237.03,246.69,232.94,236.65,4836818,0.0,0.0
2009-05-12 00:00:00+08:00,236.65,243.72,227.37,242.23,5402796,0.0,0.0
2009-05-13 00:00:00+08:00,242.23,248.17,241.49,242.23,4796242,0.0,0.0
2009-05-14 00:00:00+08:00,237.77,242.97,235.54,236.28,1904971,0.0,0.0
2009-05-15 00:00:00+08:00,239.26,244.46,239.26,241.12,1676083,0.0,0.0
2009-05-18 00:00:00+08:00,241.12,245.94,239.26,240.0,1589730,0.0,0.0
2009-05-19 00:00:00+08:00,246.69,248.91,240.74,240.74,2284717,0.0,0.0
2009-05-20 00:00:00+08:00,244.46,247.43,238.52,242.97,1948668,0.0,0.0
2009-05-21 00:00:00+08:00,242.97,259.69,242.97,259.69,2778907,0.0,0.0
2009-05-22 00:00:00+08:00,263.78,277.52,263.78,274.93,4855545,0.0,0.0
2009-05-25 00:00:00+08:00,277.52,282.35,260.81,264.52,3348006,0.0,0.0
2009-05-26 00:00:00+08:00,261.55,268.23,246.31,246.69,2985946,0.0,0.0
2009-05-27 00:00:00+08:00,252.63,263.78,252.63,263.78,2574988,0.0,0.0
2009-06-01 00:00:00+08:00,274.17,274.17,259.32,260.43,2073516,0.0,0.0
2009-06-02 00:00:00+08:00,264.52,264.89,249.66,251.89,2000688,0.0,0.0
2009-06-03 00:00:00+08:00,246.69,265.26,246.69,258.58,2367949,0.0,0.0
2009-06-04 00:00:00+08:00,264.52,274.17,263.03,267.49,2680069,0.0,0.0
2009-06-05 00:00:00+08:00,269.72,272.69,261.55,264.89,2692554,0.0,0.0
2009-06-08 00:00:00+08:00,293.49,294.62,288.29,288.29,6940507,0.0,0.0
2009-06-09 00:00:00+08:00,288.29,288.29,271.95,274.93,3676772,0.0,0.0
2009-06-10 00:00:00+08:00,286.07,293.87,282.35,293.87,3680934,0.0,0.0
2009-06-11 00:00:00+08:00,293.49,296.47,275.67,292.75,4958545,0.0,0.0
2009-06-12 00:00:00+08:00,292.75,292.75,279.38,280.12,3226279,0.0,0.0
2009-06-15 00:00:00+08:00,274.93,278.64,260.81,260.81,3174259,0.0,0.0
2009-06-16 00:00:00+08:00,251.89,260.81,242.97,246.31,4985595,0.0,0.0
2009-06-17 00:00:00+08:00,249.66,255.6,241.49,241.49,2672786,0.0,0.0
2009-06-18 00:00:00+08:00,243.72,247.43,240.0,245.94,2679028,0.0,0.0
2009-06-19 00:00:00+08:00,245.94,257.46,243.72,254.48,2301363,0.0,0.0
2009-06-22 00:00:00+08:00,254.48,257.83,251.14,257.83,1720820,0.0,0.0
2009-06-23 00:00:00+08:00,254.86,254.86,248.91,248.91,1863355,0.0,0.0
2009-06-24 00:00:00+08:00,251.89,258.58,251.89,253.74,2326333,0.0,0.0
2009-06-25 00:00:00+08:00,257.09,261.55,255.23,256.35,1829022,0.0,0.0
2009-06-26 00:00:00+08:00,260.06,263.03,257.83,257.83,1344195,0.0,0.0
2009-06-29 00:00:00+08:00,260.06,261.92,253.37,255.23,1792608,0.0,0.0
2009-06-30 00:00:00+08:00,259.32,261.55,257.46,257.83,1093459,0.0,0.0
2009-07-01 00:00:00+08:00,257.83,264.89,256.35,264.52,1809254,0.0,0.0
2009-07-02 00:00:00+08:00,265.26,277.9,265.26,268.98,2246222,0.0,0.0
2009-07-03 00:00:00+08:00,267.49,273.43,266.0,271.2,1280731,0.0,0.0
2009-07-06 00:00:00+08:00,286.07,286.07,278.64,278.64,2505282,0.0,0.0
2009-07-07 00:00:00+08:00,282.35,296.47,282.35,292.38,3268935,0.0,0.0
2009-07-08 00:00:00+08:00,290.52,295.73,285.32,286.81,2218131,0.0,0.0
2009-07-09 00:00:00+08:00,289.78,304.64,288.67,297.21,4104376,0.0,0.0
2009-07-10 00:00:00+08:00,302.04,303.16,295.73,298.33,2341939,0.0,0.0
2009-07-13 00:00:00+08:00,298.33,305.76,289.78,289.78,2637412,0.0,0.0
2009-07-14 00:00:00+08:00,293.87,309.84,293.49,309.84,3651802,0.0,0.0
2009-07-15 00:00:00+08:00,310.58,322.48,310.58,312.44,3054613,0.0,0.0
2009-07-16 00:00:00+08:00,318.76,321.73,312.82,313.19,1701052,0.0,0.0
2009-07-17 00:00:00+08:00,303.16,312.82,303.16,310.58,3441642,0.0,0.0
2009-07-20 00:00:00+08:00,312.07,315.42,309.47,310.58,1422225,0.0,0.0
2009-07-21 00:00:00+08:00,312.07,314.68,306.87,309.47,1454478,0.0,0.0
2009-07-22 00:00:00+08:00,311.33,317.28,309.47,312.07,1664638,0.0,0.0
2009-07-23 00:00:00+08:00,316.53,319.5,312.44,312.82,2619726,0.0,0.0
2009-07-24 00:00:00+08:00,315.79,317.65,312.07,312.07,1509619,0.0,0.0
2009-07-27 00:00:00+08:00,313.56,332.88,313.56,329.9,3115996,0.0,0.0
2009-07-28 00:00:00+08:00,329.9,345.88,329.9,339.57,3606025,0.0,0.0
2009-07-29 00:00:00+08:00,341.05,344.02,317.28,317.28,3545682,0.0,0.0
2009-07-30 00:00:00+08:00,318.02,323.96,306.87,314.31,4071084,0.0,0.0
2009-07-31 00:00:00+08:00,319.5,319.5,312.44,312.44,1613659,0.0,0.0
2009-08-03 00:00:00+08:00,306.87,310.21,294.62,307.98,2416848,0.0,0.0
2009-08-04 00:00:00+08:00,307.98,307.98,297.21,301.67,1561639,0.0,0.0
2009-08-05 00:00:00+08:00,304.64,309.1,295.73,298.7,1555396,0.0,0.0
2009-08-06 00:00:00+08:00,308.36,308.36,296.47,304.64,2662382,0.0,0.0
2009-08-07 00:00:00+08:00,304.64,304.64,304.64,304.64,0,0.0,0.0
2009-08-10 00:00:00+08:00,313.94,325.04,313.94,323.45,2207280,9.8,1.0
2009-08-11 00:00:00+08:00,329.0,345.25,328.21,343.67,2963000,0.0,0.0
2009-08-12 00:00:00+08:00,345.65,351.2,339.31,340.1,1989000,0.0,0.0
2009-08-13 00:00:00+08:00,344.86,346.44,337.72,340.1,1527000,0.0,0.0
2009-08-14 00:00:00+08:00,344.06,348.42,338.51,338.51,1488000,0.0,0.0
2009-08-17 00:00:00+08:00,337.72,340.89,321.87,323.45,1856000,0.0,0.0
2009-08-18 00:00:00+08:00,321.07,323.05,305.22,309.97,2503000,0.0,0.0
2009-08-19 00:00:00+08:00,308.39,316.32,308.39,309.97,2969000,0.0,0.0
2009-08-20 00:00:00+08:00,309.97,312.35,301.25,306.41,1908000,0.0,0.0
2009-08-21 00:00:00+08:00,308.39,312.75,290.15,292.93,1741000,0.0,0.0
2009-08-24 00:00:00+08:00,298.88,307.2,298.08,307.2,1557000,0.0,0.0
2009-08-25 00:00:00+08:00,307.2,309.18,298.08,302.05,1278000,0.0,0.0
2009-08-26 00:00:00+08:00,303.63,305.22,290.55,294.91,1861000,0.0,0.0
2009-08-27 00:00:00+08:00,292.53,301.25,290.95,298.88,1033000,0.0,0.0
2009-08-28 00:00:00+08:00,302.84,317.11,300.46,315.52,2748000,0.0,0.0
2009-08-31 00:00:00+08:00,315.92,318.69,310.77,317.11,1112000,0.0,0.0
2009-09-01 00:00:00+08:00,315.92,335.34,314.73,330.98,2583000,0.0,0.0
2009-09-02 00:00:00+08:00,327.81,340.89,327.81,331.38,1962000,0.0,0.0
2009-09-03 00:00:00+08:00,332.96,338.51,325.04,329.79,1784000,0.0,0.0
2009-09-04 00:00:00+08:00,331.38,334.55,329.79,330.59,1691000,0.0,0.0
2009-09-07 00:00:00+08:00,344.86,344.86,331.78,331.78,2322000,0.0,0.0
2009-09-08 00:00:00+08:00,336.14,336.93,331.38,333.76,1510000,0.0,0.0
2009-09-09 00:00:00+08:00,332.96,336.14,321.87,321.87,1854000,0.0,0.0
2009-09-10 00:00:00+08:00,330.59,330.59,317.11,317.11,1587000,0.0,0.0
2009-09-11 00:00:00+08:00,313.94,320.28,313.14,316.32,1666000,0.0,0.0
2009-09-14 00:00:00+08:00,313.94,319.88,312.35,319.88,1187000,0.0,0.0
2009-09-15 00:00:00+08:00,320.28,323.45,316.32,321.07,929000,0.0,0.0
2009-09-16 00:00:00+08:00,325.04,328.6,322.66,325.04,1579000,0.0,0.0
2009-09-17 00:00:00+08:00,328.21,329.0,318.69,319.88,1851000,0.0,0.0
2009-09-18 00:00:00+08:00,317.11,321.47,315.92,321.47,1267000,0.0,0.0
2009-09-21 00:00:00+08:00,319.49,327.41,319.49,321.47,1392000,0.0,0.0
2009-09-22 00:00:00+08:00,321.87,323.05,318.69,319.49,990000,0.0,0.0
2009-09-23 00:00:00+08:00,319.49,332.96,319.49,332.96,5213000,0.0,0.0
2009-09-24 00:00:00+08:00,334.55,338.91,327.02,329.0,3056000,0.0,0.0
2009-09-25 00:00:00+08:00,329.79,337.72,329.0,333.76,1972000,0.0,0.0
2009-09-28 00:00:00+08:00,335.34,335.34,326.23,329.0,1231000,0.0,0.0
2009-09-29 00:00:00+08:00,332.96,334.95,330.19,330.19,1429000,0.0,0.0
2009-09-30 00:00:00+08:00,330.59,337.72,330.59,334.55,1459000,0.0,0.0
2009-10-01 00:00:00+08:00,336.93,338.51,332.57,334.55,1229000,0.0,0.0
2009-10-02 00:00:00+08:00,329.79,333.76,329.0,329.79,891000,0.0,0.0
2009-10-05 00:00:00+08:00,329.79,333.76,325.83,330.59,763000,0.0,0.0
2009-10-06 00:00:00+08:00,332.17,334.55,325.83,325.83,2734000,0.0,0.0
2009-10-07 00:00:00+08:00,329.0,329.79,313.14,314.73,4871000,0.0,0.0
2009-10-08 00:00:00+08:00,314.73,317.9,306.01,307.6,3883000,0.0,0.0
2009-10-09 00:00:00+08:00,310.77,313.54,306.01,311.56,1528000,0.0,0.0
2009-10-12 00:00:00+08:00,313.14,313.14,307.6,310.77,1253000,0.0,0.0
2009-10-13 00:00:00+08:00,306.8,313.14,305.61,310.77,771000,0.0,0.0
2009-10-14 00:00:00+08:00,312.35,316.32,312.35,312.35,1068000,0.0,0.0
2009-10-15 00:00:00+08:00,313.94,318.3,313.94,317.11,1568000,0.0,0.0
2009-10-16 00:00:00+08:00,314.73,318.69,313.94,317.11,1022000,0.0,0.0
2009-10-19 00:00:00+08:00,319.49,321.07,316.32,317.11,988000,0.0,0.0
2009-10-20 00:00:00+08:00,319.88,320.68,316.32,317.9,953000,0.0,0.0
2009-10-21 00:00:00+08:00,317.11,317.11,312.35,312.35,1005000,0.0,0.0
2009-10-22 00:00:00+08:00,302.84,304.42,296.5,299.67,3884000,0.0,0.0
2009-10-23 00:00:00+08:00,299.67,300.86,294.12,295.31,1453000,0.0,0.0
2009-10-26 00:00:00+08:00,295.7,299.27,294.91,297.69,1013000,0.0,0.0
2009-10-27 00:00:00+08:00,296.5,311.16,295.7,310.77,2287000,0.0,0.0
2009-10-28 00:00:00+08:00,309.18,311.16,305.22,305.22,1295000,0.0,0.0
2009-10-29 00:00:00+08:00,302.05,303.63,297.29,303.24,1055000,0.0,0.0
2009-10-30 00:00:00+08:00,305.22,306.01,300.46,300.46,879000,0.0,0.0
2009-11-02 00:00:00+08:00,298.87,306.01,298.87,300.46,1498000,0.0,0.0
2009-11-03 00:00:00+08:00,300.46,303.63,293.72,293.72,1708000,0.0,0.0
2009-11-04 00:00:00+08:00,297.29,302.84,295.31,302.05,1041000,0.0,0.0
2009-11-05 00:00:00+08:00,302.05,302.05,297.29,300.86,896000,0.0,0.0
2009-11-06 00:00:00+08:00,303.63,305.61,298.88,298.88,905000,0.0,0.0
2009-11-09 00:00:00+08:00,300.46,303.24,298.88,301.25,498000,0.0,0.0
2009-11-10 00:00:00+08:00,303.63,309.18,303.24,306.8,1358000,0.0,0.0
2009-11-11 00:00:00+08:00,308.39,308.78,304.42,307.6,780000,0.0,0.0
2009-11-12 00:00:00+08:00,308.39,310.77,306.41,306.8,720000,0.0,0.0
2009-11-13 00:00:00+08:00,306.8,309.97,306.01,307.2,839000,0.0,0.0
2009-11-16 00:00:00+08:00,307.2,309.58,303.63,307.2,796000,0.0,0.0
2009-11-17 00:00:00+08:00,307.6,308.39,302.05,302.05,820000,0.0,0.0
2009-11-18 00:00:00+08:00,301.25,305.22,301.25,302.84,1114000,0.0,0.0
2009-11-19 00:00:00+08:00,301.25,307.99,301.25,305.22,1359000,0.0,0.0
2009-11-20 00:00:00+08:00,303.63,306.01,301.25,301.25,876000,0.0,0.0
2009-11-23 00:00:00+08:00,301.25,304.82,301.25,301.25,613000,0.0,0.0
2009-11-24 00:00:00+08:00,301.25,304.42,301.25,302.05,473000,0.0,0.0
2009-11-25 00:00:00+08:00,302.05,307.6,302.05,303.24,781000,0.0,0.0
2009-11-26 00:00:00+08:00,303.63,316.32,303.63,311.96,4098000,0.0,0.0
2009-11-27 00:00:00+08:00,309.18,310.77,304.42,304.42,1194000,0.0,0.0
2009-11-30 00:00:00+08:00,309.97,310.77,306.01,306.01,745000,0.0,0.0
2009-12-01 00:00:00+08:00,306.01,308.78,303.63,307.6,684000,0.0,0.0
2009-12-02 00:00:00+08:00,309.97,311.16,304.42,304.42,890000,0.0,0.0
2009-12-03 00:00:00+08:00,309.58,316.32,307.99,315.13,4150000,0.0,0.0
2009-12-04 00:00:00+08:00,317.11,334.55,317.11,329.79,5562000,0.0,0.0
2009-12-07 00:00:00+08:00,336.93,337.72,332.96,332.96,2763000,0.0,0.0
2009-12-08 00:00:00+08:00,334.55,339.31,330.59,336.93,1960000,0.0,0.0
2009-12-09 00:00:00+08:00,334.55,336.93,332.17,336.93,894000,0.0,0.0
2009-12-10 00:00:00+08:00,338.91,338.91,323.85,328.21,1456000,0.0,0.0
2009-12-11 00:00:00+08:00,328.21,332.17,325.83,332.17,643000,0.0,0.0
2009-12-14 00:00:00+08:00,332.17,335.34,328.6,329.0,1042000,0.0,0.0
2009-12-15 00:00:00+08:00,332.96,334.55,329.79,329.79,604000,0.0,0.0
2009-12-16 00:00:00+08:00,332.17,344.86,330.59,337.72,3427000,0.0,0.0
2009-12-17 00:00:00+08:00,340.89,341.68,335.34,336.14,914000,0.0,0.0
2009-12-18 00:00:00+08:00,335.34,335.34,330.19,332.96,710000,0.0,0.0
2009-12-21 00:00:00+08:00,334.55,335.34,326.23,329.0,468000,0.0,0.0
2009-12-22 00:00:00+08:00,331.38,332.57,326.62,329.79,763000,0.0,0.0
2009-12-23 00:00:00+08:00,329.79,332.17,324.64,326.62,958000,0.0,0.0
2009-12-24 00:00:00+08:00,326.62,329.79,324.24,324.64,1441000,0.0,0.0
2009-12-25 00:00:00+08:00,325.83,331.78,325.83,326.62,601000,0.0,0.0
2009-12-28 00:00:00+08:00,328.21,331.38,326.62,329.4,515000,0.0,0.0
2009-12-29 00:00:00+08:00,329.4,332.57,328.21,331.78,653000,0.0,0.0
2009-12-30 00:00:00+08:00,331.38,335.74,330.59,334.55,780000,0.0,0.0
2009-12-31 00:00:00+08:00,336.14,344.06,333.76,333.76,1780000,0.0,0.0
2010-01-04 00:00:00+08:00,339.31,339.31,329.4,329.79,1026000,0.0,0.0
2010-01-05 00:00:00+08:00,332.17,332.96,322.66,323.85,1670000,0.0,0.0
2010-01-06 00:00:00+08:00,325.04,330.19,323.05,323.05,1728000,0.0,0.0
2010-01-07 00:00:00+08:00,323.45,325.83,317.9,317.9,1411000,0.0,0.0
2010-01-08 00:00:00+08:00,317.9,319.88,313.54,315.13,1433000,0.0,0.0
2010-01-11 00:00:00+08:00,316.32,319.49,315.52,316.32,1197000,0.0,0.0
2010-01-12 00:00:00+08:00,317.9,320.28,316.71,318.69,676000,0.0,0.0
2010-01-13 00:00:00+08:00,317.9,321.87,316.32,317.11,914000,0.0,0.0
2010-01-14 00:00:00+08:00,319.49,326.62,317.11,325.04,1811000,0.0,0.0
2010-01-15 00:00:00+08:00,327.41,334.55,326.62,330.59,3310000,0.0,0.0
2010-01-18 00:00:00+08:00,329.0,339.31,328.21,336.93,2169000,0.0,0.0
2010-01-19 00:00:00+08:00,336.93,336.93,322.66,322.66,2428000,0.0,0.0
2010-01-20 00:00:00+08:00,325.04,329.79,324.64,327.81,1487000,0.0,0.0
2010-01-21 00:00:00+08:00,327.81,327.81,323.45,324.24,805000,0.0,0.0
2010-01-22 00:00:00+08:00,322.66,322.66,315.92,319.88,1196000,0.0,0.0
2010-01-25 00:00:00+08:00,317.9,326.62,317.9,323.85,1083000,0.0,0.0
2010-01-26 00:00:00+08:00,321.87,327.02,309.18,309.97,1769000,0.0,0.0
2010-01-27 00:00:00+08:00,311.56,318.3,307.6,316.71,1419000,0.0,0.0
2010-01-28 00:00:00+08:00,318.69,332.96,318.69,330.59,2377000,0.0,0.0
2010-01-29 00:00:00+08:00,326.62,333.76,322.66,330.59,1495000,0.0,0.0
2010-02-01 00:00:00+08:00,331.38,334.55,320.28,323.05,885000,0.0,0.0
2010-02-02 00:00:00+08:00,326.62,329.4,318.69,327.41,975000,0.0,0.0
2010-02-03 00:00:00+08:00,332.96,340.89,330.59,337.72,3355000,0.0,0.0
2010-02-04 00:00:00+08:00,337.72,348.42,337.72,340.89,2407000,0.0,0.0
2010-02-05 00:00:00+08:00,331.78,337.32,322.66,327.41,2023000,0.0,0.0
2010-02-08 00:00:00+08:00,326.62,328.6,321.07,326.62,1127000,0.0,0.0
2010-02-09 00:00:00+08:00,325.04,328.21,321.07,324.24,1217000,0.0,0.0
2010-02-10 00:00:00+08:00,325.83,334.55,325.83,328.21,1041000,0.0,0.0
2010-02-22 00:00:00+08:00,333.76,333.76,328.6,332.17,708000,0.0,0.0
2010-02-23 00:00:00+08:00,332.57,340.5,329.79,340.5,1036000,0.0,0.0
2010-02-24 00:00:00+08:00,339.31,339.7,333.76,333.76,745000,0.0,0.0
2010-02-25 00:00:00+08:00,335.34,338.12,331.38,331.78,912000,0.0,0.0
2010-02-26 00:00:00+08:00,331.78,336.14,321.47,327.81,994000,0.0,0.0
2010-03-01 00:00:00+08:00,325.04,336.14,323.45,335.34,817000,0.0,0.0
2010-03-02 00:00:00+08:00,336.14,338.51,332.17,335.74,754000,0.0,0.0
2010-03-03 00:00:00+08:00,336.14,337.72,333.36,336.14,469000,0.0,0.0
2010-03-04 00:00:00+08:00,336.93,340.89,334.15,334.15,875000,0.0,0.0
2010-03-05 00:00:00+08:00,335.34,339.31,334.15,334.15,628000,0.0,0.0
2010-03-08 00:00:00+08:00,334.15,340.1,330.59,340.1,1695000,0.0,0.0
2010-03-09 00:00:00+08:00,340.1,341.29,337.72,338.51,592000,0.0,0.0
2010-03-10 00:00:00+08:00,340.5,350.41,340.1,347.23,1565000,0.0,0.0
2010-03-11 00:00:00+08:00,350.41,351.2,343.27,344.06,869000,0.0,0.0
2010-03-12 00:00:00+08:00,346.44,346.44,342.08,345.65,330000,0.0,0.0
2010-03-15 00:00:00+08:00,344.06,350.41,342.48,350.01,769000,0.0,0.0
2010-03-16 00:00:00+08:00,350.41,352.78,347.63,352.78,888000,0.0,0.0
2010-03-17 00:00:00+08:00,355.16,355.95,347.23,350.41,931000,0.0,0.0
2010-03-18 00:00:00+08:00,350.41,360.31,349.22,356.75,1523000,0.0,0.0
2010-03-19 00:00:00+08:00,356.75,359.92,352.78,355.95,463000,0.0,0.0
2010-03-22 00:00:00+08:00,355.95,355.95,351.2,353.18,256000,0.0,0.0
2010-03-23 00:00:00+08:00,353.18,355.56,348.03,353.58,868000,0.0,0.0
2010-03-24 00:00:00+08:00,353.58,355.16,350.01,350.41,350000,0.0,0.0
2010-03-25 00:00:00+08:00,350.41,351.2,343.27,344.06,740000,0.0,0.0
2010-03-26 00:00:00+08:00,344.86,355.16,342.48,348.82,981000,0.0,0.0
2010-03-29 00:00:00+08:00,352.78,355.95,350.41,350.8,648000,0.0,0.0
2010-03-30 00:00:00+08:00,351.99,367.45,351.99,361.5,1987000,0.0,0.0
2010-03-31 00:00:00+08:00,363.09,386.08,360.71,378.55,2057000,0.0,0.0
2010-04-01 00:00:00+08:00,380.53,392.42,380.53,380.93,2058000,0.0,0.0
2010-04-02 00:00:00+08:00,386.08,386.87,375.77,378.15,971000,0.0,0.0
2010-04-06 00:00:00+08:00,384.49,404.31,384.49,401.14,1897000,0.0,0.0
2010-04-07 00:00:00+08:00,400.35,400.35,388.46,390.04,1250000,0.0,0.0
2010-04-08 00:00:00+08:00,390.04,392.82,368.64,379.34,1841000,0.0,0.0
2010-04-09 00:00:00+08:00,381.32,386.48,372.6,386.08,635000,0.0,0.0
2010-04-12 00:00:00+08:00,390.04,392.42,376.57,381.32,1139000,0.0,0.0
2010-04-13 00:00:00+08:00,376.57,384.49,376.57,376.96,868000,0.0,0.0
2010-04-14 00:00:00+08:00,381.72,390.84,381.72,388.46,1438000,0.0,0.0
2010-04-15 00:00:00+08:00,392.03,398.76,390.44,390.84,1457000,0.0,0.0
2010-04-16 00:00:00+08:00,394.01,395.99,388.46,395.59,658000,0.0,0.0
2010-04-19 00:00:00+08:00,391.63,401.94,389.65,396.39,1628000,0.0,0.0
2010-04-20 00:00:00+08:00,401.94,405.9,390.04,390.04,1532000,0.0,0.0
2010-04-21 00:00:00+08:00,395.59,397.97,379.74,386.08,1663000,0.0,0.0
2010-04-22 00:00:00+08:00,386.08,394.8,384.49,394.8,942000,0.0,0.0
2010-04-23 00:00:00+08:00,421.75,421.75,405.9,407.48,3406000,0.0,0.0
2010-04-26 00:00:00+08:00,410.66,413.03,405.9,408.28,1223000,0.0,0.0
2010-04-27 00:00:00+08:00,408.28,412.24,408.28,412.24,450000,0.0,0.0
2010-04-28 00:00:00+08:00,406.69,410.66,405.9,409.86,697000,0.0,0.0
2010-04-29 00:00:00+08:00,416.21,416.21,410.66,410.66,966000,0.0,0.0
2010-04-30 00:00:00+08:00,412.24,424.13,412.24,412.24,1476000,0.0,0.0
2010-05-03 00:00:00+08:00,412.24,418.58,412.24,416.21,505000,0.0,0.0
2010-05-04 00:00:00+08:00,410.66,416.21,402.73,409.86,1313000,0.0,0.0
2010-05-05 00:00:00+08:00,401.14,401.14,382.12,382.91,2597000,0.0,0.0
2010-05-06 00:00:00+08:00,384.89,394.8,384.89,387.67,2066000,0.0,0.0
2010-05-07 00:00:00+08:00,372.6,408.28,372.6,407.48,2256000,0.0,0.0
2010-05-10 00:00:00+08:00,406.69,416.21,404.31,409.86,1541000,0.0,0.0
2010-05-11 00:00:00+08:00,411.45,414.62,401.14,401.14,1038000,0.0,0.0
2010-05-12 00:00:00+08:00,408.28,409.07,392.42,392.82,999000,0.0,0.0
2010-05-13 00:00:00+08:00,399.56,403.52,394.8,403.52,947000,0.0,0.0
2010-05-14 00:00:00+08:00,401.14,411.45,401.14,408.28,953000,0.0,0.0
2010-05-17 00:00:00+08:00,404.31,414.62,402.73,405.9,873000,0.0,0.0
2010-05-18 00:00:00+08:00,408.28,409.07,400.35,402.73,742000,0.0,0.0
2010-05-19 00:00:00+08:00,398.76,401.94,388.46,392.42,1383000,0.0,0.0
2010-05-20 00:00:00+08:00,392.42,398.76,381.32,381.32,1211000,0.0,0.0
2010-05-21 00:00:00+08:00,376.57,378.94,364.68,373.79,1320000,0.0,0.0
2010-05-24 00:00:00+08:00,374.98,384.1,374.98,383.7,705000,0.0,0.0
2010-05-25 00:00:00+08:00,380.53,390.84,378.94,380.93,1646000,0.0,0.0
2010-05-26 00:00:00+08:00,389.25,395.2,381.72,381.72,2076000,0.0,0.0
2010-05-27 00:00:00+08:00,378.94,387.67,378.94,385.68,1276000,0.0,0.0
2010-05-28 00:00:00+08:00,391.63,412.24,391.23,407.48,2467000,0.0,0.0
2010-05-31 00:00:00+08:00,409.86,424.13,409.86,420.17,2115000,0.0,0.0
2010-06-01 00:00:00+08:00,420.96,422.55,414.62,414.62,937000,0.0,0.0
2010-06-02 00:00:00+08:00,410.66,421.75,407.48,410.66,1315000,0.0,0.0
2010-06-03 00:00:00+08:00,416.21,420.17,415.41,417.79,843000,0.0,0.0
2010-06-04 00:00:00+08:00,420.17,428.1,417.0,417.0,1069000,0.0,0.0
2010-06-07 00:00:00+08:00,409.86,414.62,407.48,410.66,1377000,0.0,0.0
2010-06-08 00:00:00+08:00,410.66,411.45,405.11,409.07,1189000,0.0,0.0
2010-06-09 00:00:00+08:00,407.48,411.45,384.49,398.76,2061000,0.0,0.0
2010-06-10 00:00:00+08:00,391.63,405.11,391.63,400.35,801000,0.0,0.0
2010-06-11 00:00:00+08:00,408.28,414.62,406.69,412.24,1205000,0.0,0.0
2010-06-14 00:00:00+08:00,415.41,416.21,409.07,415.41,711000,0.0,0.0
2010-06-15 00:00:00+08:00,417.0,417.0,412.24,416.21,423000,0.0,0.0
2010-06-17 00:00:00+08:00,416.21,416.21,406.69,406.69,909000,0.0,0.0
2010-06-18 00:00:00+08:00,406.69,421.75,406.69,416.21,1333000,0.0,0.0
2010-06-21 00:00:00+08:00,422.55,426.51,418.58,422.55,992000,0.0,0.0
2010-06-22 00:00:00+08:00,422.55,425.72,418.58,422.55,458000,0.0,0.0
2010-06-23 00:00:00+08:00,422.55,425.72,420.17,420.96,374000,0.0,0.0
2010-06-24 00:00:00+08:00,420.17,431.27,419.38,428.1,1034000,0.0,0.0
2010-06-25 00:00:00+08:00,424.13,427.3,419.38,420.96,902000,0.0,0.0
2010-06-28 00:00:00+08:00,420.96,425.72,415.41,416.21,361000,0.0,0.0
2010-06-29 00:00:00+08:00,419.38,425.72,419.38,419.38,769000,0.0,0.0
2010-06-30 00:00:00+08:00,417.0,417.0,408.28,409.07,830000,0.0,0.0
2010-07-01 00:00:00+08:00,409.07,413.83,409.07,412.24,148000,0.0,0.0
2010-07-02 00:00:00+08:00,410.66,417.0,405.11,405.9,550000,0.0,0.0
2010-07-05 00:00:00+08:00,405.9,433.65,405.9,433.65,1731000,0.0,0.0
2010-07-06 00:00:00+08:00,432.06,446.33,430.48,432.85,2107000,0.0,0.0
2010-07-07 00:00:00+08:00,435.23,455.84,431.27,451.09,1539000,0.0,0.0
2010-07-08 00:00:00+08:00,459.01,474.08,456.64,459.01,1283000,0.0,0.0
2010-07-09 00:00:00+08:00,459.01,467.74,448.71,450.29,716000,0.0,0.0
2010-07-12 00:00:00+08:00,450.29,460.6,447.92,450.29,808000,0.0,0.0
2010-07-13 00:00:00+08:00,453.47,475.66,453.47,466.15,1585000,0.0,0.0
2010-07-14 00:00:00+08:00,474.87,481.21,472.49,472.49,963000,0.0,0.0
2010-07-15 00:00:00+08:00,473.28,474.08,460.6,463.77,953000,0.0,0.0
2010-07-16 00:00:00+08:00,459.81,469.32,446.33,447.12,1189000,0.0,0.0
2010-07-19 00:00:00+08:00,444.75,456.64,440.78,440.78,1560000,0.0,0.0
2010-07-20 00:00:00+08:00,445.54,459.81,436.02,457.43,1926000,0.0,0.0
2010-07-21 00:00:00+08:00,462.19,467.74,444.75,444.75,1713000,0.0,0.0
2010-07-22 00:00:00+08:00,447.92,455.05,447.92,455.05,1031000,0.0,0.0
2010-07-23 00:00:00+08:00,460.6,477.25,460.6,474.87,2215000,0.0,0.0
2010-07-26 00:00:00+08:00,479.63,480.42,466.15,468.53,1263000,0.0,0.0
2010-07-27 00:00:00+08:00,471.7,477.25,465.36,465.36,923000,0.0,0.0
2010-07-28 00:00:00+08:00,468.53,470.91,462.19,462.19,537000,0.0,0.0
2010-07-29 00:00:00+08:00,459.81,486.76,459.81,486.76,1733000,0.0,0.0
2010-07-30 00:00:00+08:00,478.83,489.14,477.25,485.18,908000,0.0,0.0
2010-08-02 00:00:00+08:00,487.55,517.68,485.18,514.51,1725000,0.0,0.0
2010-08-03 00:00:00+08:00,513.72,513.72,478.83,478.83,1939000,0.0,0.0
2010-08-04 00:00:00+08:00,467.74,483.59,467.74,479.63,1600000,0.0,0.0
2010-08-05 00:00:00+08:00,479.63,491.52,475.66,485.97,1750000,0.0,0.0
2010-08-06 00:00:00+08:00,493.22,498.86,475.49,475.49,3154000,10.0,0.0
2010-08-09 00:00:00+08:00,475.49,482.75,473.07,473.07,1147000,0.0,0.0
2010-08-10 00:00:00+08:00,477.91,482.75,464.21,465.82,1174000,0.0,0.0
2010-08-11 00:00:00+08:00,463.4,469.85,452.93,453.73,1375000,0.0,0.0
2010-08-12 00:00:00+08:00,450.51,465.82,447.29,460.18,1803000,0.0,0.0
2010-08-13 00:00:00+08:00,463.4,468.24,460.18,461.79,1360000,0.0,0.0
2010-08-16 00:00:00+08:00,465.82,492.42,462.6,491.61,2623000,0.0,0.0
2010-08-17 00:00:00+08:00,490.8,494.03,485.16,488.39,1663000,0.0,0.0
2010-08-18 00:00:00+08:00,494.83,504.51,493.22,495.64,2376000,0.0,0.0
2010-08-19 00:00:00+08:00,499.67,501.28,483.55,483.55,1631000,0.0,0.0
2010-08-20 00:00:00+08:00,481.13,488.39,481.13,487.58,818000,0.0,0.0
2010-08-23 00:00:00+08:00,490.8,498.86,488.39,488.39,1259000,0.0,0.0
2010-08-24 00:00:00+08:00,498.06,499.67,483.55,483.55,1377000,0.0,0.0
2010-08-25 00:00:00+08:00,483.55,487.58,479.52,481.13,1244000,0.0,0.0
2010-08-26 00:00:00+08:00,483.55,493.22,479.52,481.94,1228000,0.0,0.0
2010-08-27 00:00:00+08:00,490.0,491.61,482.75,491.61,1202000,0.0,0.0
2010-08-30 00:00:00+08:00,498.06,499.67,490.8,495.64,801000,0.0,0.0
2010-08-31 00:00:00+08:00,492.42,494.03,460.99,465.82,1588000,0.0,0.0
2010-09-01 00:00:00+08:00,469.04,487.58,469.04,486.78,1239000,0.0,0.0
2010-09-02 00:00:00+08:00,494.83,501.28,492.42,494.03,2109000,0.0,0.0
2010-09-03 00:00:00+08:00,503.7,503.7,497.25,498.06,836000,0.0,0.0
2010-09-06 00:00:00+08:00,514.18,514.18,502.09,504.51,1214000,0.0,0.0
2010-09-07 00:00:00+08:00,511.76,511.76,504.51,507.73,987000,0.0,0.0
2010-09-08 00:00:00+08:00,506.92,507.73,499.67,503.7,627000,0.0,0.0
2010-09-09 00:00:00+08:00,506.12,522.24,506.12,510.95,1790000,0.0,0.0
2010-09-10 00:00:00+08:00,514.98,519.01,500.48,503.7,1182000,0.0,0.0
2010-09-13 00:00:00+08:00,510.15,538.35,506.12,538.35,2470000,0.0,0.0
2010-09-14 00:00:00+08:00,535.13,539.16,527.88,531.1,1809000,0.0,0.0
2010-09-15 00:00:00+08:00,531.1,531.1,516.59,520.62,1239000,0.0,0.0
2010-09-16 00:00:00+08:00,518.21,523.85,503.7,511.76,1177000,0.0,0.0
2010-09-17 00:00:00+08:00,512.56,523.85,511.76,511.76,1099000,0.0,0.0
2010-09-20 00:00:00+08:00,511.76,516.59,506.12,509.34,550000,0.0,0.0
2010-09-21 00:00:00+08:00,510.95,515.79,505.31,511.76,701000,0.0,0.0
2010-09-23 00:00:00+08:00,511.76,518.21,510.95,512.56,421000,0.0,0.0
2010-09-24 00:00:00+08:00,510.15,510.15,497.25,499.67,781000,0.0,0.0
2010-09-27 00:00:00+08:00,503.7,514.18,503.7,508.53,1073000,0.0,0.0
2010-09-28 00:00:00+08:00,506.12,506.92,478.72,486.78,2465000,0.0,0.0
2010-09-29 00:00:00+08:00,489.19,498.06,488.39,489.19,1260000,0.0,0.0
2010-09-30 00:00:00+08:00,489.19,494.83,477.91,479.52,1016000,0.0,0.0
2010-10-01 00:00:00+08:00,483.55,491.61,482.75,491.61,1227000,0.0,0.0
2010-10-04 00:00:00+08:00,490.0,494.03,475.49,478.72,780000,0.0,0.0
2010-10-05 00:00:00+08:00,478.72,481.94,469.85,478.72,927000,0.0,0.0
2010-10-06 00:00:00+08:00,493.22,494.83,485.16,489.19,952000,0.0,0.0
2010-10-07 00:00:00+08:00,489.19,490.0,479.52,483.55,748000,0.0,0.0
2010-10-08 00:00:00+08:00,484.36,488.39,480.33,484.36,707000,0.0,0.0
2010-10-11 00:00:00+08:00,485.16,487.58,481.94,481.94,456000,0.0,0.0
2010-10-12 00:00:00+08:00,480.33,485.16,467.43,468.24,856000,0.0,0.0
2010-10-13 00:00:00+08:00,464.21,467.43,436.0,437.61,3481000,0.0,0.0
2010-10-14 00:00:00+08:00,437.61,445.67,429.55,442.45,2450000,0.0,0.0
2010-10-15 00:00:00+08:00,442.45,442.45,433.58,435.2,1262000,0.0,0.0
2010-10-18 00:00:00+08:00,438.42,440.84,432.78,435.2,1400000,0.0,0.0
2010-10-19 00:00:00+08:00,436.0,453.73,436.0,451.31,1456000,0.0,0.0
2010-10-20 00:00:00+08:00,448.9,481.13,448.09,477.1,2334000,0.0,0.0
2010-10-21 00:00:00+08:00,479.52,498.06,479.52,489.19,2699000,0.0,0.0
2010-10-22 00:00:00+08:00,503.7,506.12,496.45,498.06,1928000,0.0,0.0
2010-10-25 00:00:00+08:00,498.06,498.86,490.8,491.61,965000,0.0,0.0
2010-10-26 00:00:00+08:00,490.0,499.67,485.16,485.16,1038000,0.0,0.0
2010-10-27 00:00:00+08:00,488.39,491.61,464.21,465.82,1873000,0.0,0.0
2010-10-28 00:00:00+08:00,466.63,498.06,466.63,497.25,2510000,0.0,0.0
2010-10-29 00:00:00+08:00,495.64,495.64,488.39,489.19,739000,0.0,0.0
2010-11-01 00:00:00+08:00,491.61,512.56,491.61,495.64,2073000,0.0,0.0
2010-11-02 00:00:00+08:00,500.48,501.28,492.42,492.42,773000,0.0,0.0
2010-11-03 00:00:00+08:00,492.42,500.48,483.55,485.16,1083000,0.0,0.0
2010-11-04 00:00:00+08:00,490.0,495.64,487.58,491.61,862000,0.0,0.0
2010-11-05 00:00:00+08:00,499.67,509.34,497.25,501.28,2249000,0.0,0.0
2010-11-08 00:00:00+08:00,500.48,500.48,488.39,490.0,1098000,0.0,0.0
2010-11-09 00:00:00+08:00,490.0,495.64,488.39,489.19,794000,0.0,0.0
2010-11-10 00:00:00+08:00,493.22,502.09,490.0,493.22,1125000,0.0,0.0
2010-11-11 00:00:00+08:00,494.03,499.67,485.97,487.58,962000,0.0,0.0
2010-11-12 00:00:00+08:00,485.97,492.42,484.36,485.97,988000,0.0,0.0
2010-11-15 00:00:00+08:00,485.97,489.19,483.55,486.78,660000,0.0,0.0
2010-11-16 00:00:00+08:00,488.39,497.25,484.36,491.61,948000,0.0,0.0
2010-11-17 00:00:00+08:00,488.39,494.83,485.97,488.39,752000,0.0,0.0
2010-11-18 00:00:00+08:00,491.61,493.22,485.97,487.58,526000,0.0,0.0
2010-11-19 00:00:00+08:00,488.39,494.83,488.39,491.61,1237000,0.0,0.0
2010-11-22 00:00:00+08:00,490.0,494.83,477.1,494.83,1469000,0.0,0.0
2010-11-23 00:00:00+08:00,495.64,497.25,486.78,487.58,952000,0.0,0.0
2010-11-24 00:00:00+08:00,483.55,491.61,482.75,487.58,554000,0.0,0.0
2010-11-25 00:00:00+08:00,487.58,495.64,486.78,490.0,1252000,0.0,0.0
2010-11-26 00:00:00+08:00,495.64,505.31,494.83,498.06,1840000,0.0,0.0
2010-11-29 00:00:00+08:00,500.48,531.1,494.83,526.27,2878000,0.0,0.0
2010-11-30 00:00:00+08:00,534.32,557.7,534.32,544.8,2840000,0.0,0.0
2010-12-01 00:00:00+08:00,549.64,555.28,543.19,547.22,1888000,0.0,0.0
2010-12-02 00:00:00+08:00,556.08,577.04,553.67,576.23,2596000,0.0,0.0
2010-12-03 00:00:00+08:00,583.49,616.53,576.23,590.74,2671000,0.0,0.0
2010-12-06 00:00:00+08:00,616.53,616.53,579.46,583.49,2087000,0.0,0.0
2010-12-07 00:00:00+08:00,583.49,589.93,560.11,564.14,2169000,0.0,0.0
2010-12-08 00:00:00+08:00,560.11,568.98,556.89,568.98,1912000,0.0,0.0
2010-12-09 00:00:00+08:00,572.2,576.23,558.5,560.92,1209000,0.0,0.0
2010-12-10 00:00:00+08:00,556.08,568.17,556.08,563.34,1134000,0.0,0.0
2010-12-13 00:00:00+08:00,564.14,571.4,564.14,568.17,947000,0.0,0.0
2010-12-14 00:00:00+08:00,568.17,569.78,559.31,562.53,1118000,0.0,0.0
2010-12-15 00:00:00+08:00,564.14,568.17,548.02,567.37,1414000,0.0,0.0
2010-12-16 00:00:00+08:00,567.37,567.37,552.05,552.05,1251000,0.0,0.0
2010-12-17 00:00:00+08:00,556.08,560.11,550.44,552.05,1139000,0.0,0.0
2010-12-20 00:00:00+08:00,552.05,556.89,550.44,556.08,485000,0.0,0.0
2010-12-21 00:00:00+08:00,560.11,576.23,556.08,576.23,2310000,0.0,0.0
2010-12-22 00:00:00+08:00,580.26,609.27,580.26,598.8,2891000,0.0,0.0
2010-12-23 00:00:00+08:00,602.02,605.25,592.35,592.35,1039000,0.0,0.0
2010-12-24 00:00:00+08:00,592.35,597.99,584.29,590.74,642000,0.0,0.0
2010-12-27 00:00:00+08:00,590.74,590.74,576.23,577.04,809000,0.0,0.0
2010-12-28 00:00:00+08:00,577.04,583.49,573.81,581.87,720000,0.0,0.0
2010-12-29 00:00:00+08:00,574.62,579.46,565.76,568.17,784000,0.0,0.0
2010-12-30 00:00:00+08:00,568.98,586.71,568.98,586.71,1024000,0.0,0.0
2010-12-31 00:00:00+08:00,586.71,593.16,584.29,584.29,735000,0.0,0.0
2011-01-03 00:00:00+08:00,592.35,598.8,590.74,591.54,873000,0.0,0.0
2011-01-04 00:00:00+08:00,595.57,606.86,591.54,600.41,1190000,0.0,0.0
2011-01-05 00:00:00+08:00,600.41,602.02,589.13,593.96,871000,0.0,0.0
2011-01-06 00:00:00+08:00,602.02,607.66,595.57,600.41,1065000,0.0,0.0
2011-01-07 00:00:00+08:00,600.41,609.27,597.19,604.44,991000,0.0,0.0
2011-01-10 00:00:00+08:00,604.44,643.93,602.02,632.65,1869000,0.0,0.0
2011-01-11 00:00:00+08:00,633.45,664.08,633.45,654.41,1584000,0.0,0.0
2011-01-12 00:00:00+08:00,660.85,672.94,639.9,639.9,1545000,0.0,0.0
2011-01-13 00:00:00+08:00,649.57,661.66,642.32,643.12,918000,0.0,0.0
2011-01-14 00:00:00+08:00,646.35,658.44,644.74,656.82,842000,0.0,0.0
2011-01-17 00:00:00+08:00,672.94,673.75,635.06,635.87,1603000,0.0,0.0
2011-01-18 00:00:00+08:00,624.59,647.96,623.78,640.71,1500000,0.0,0.0
2011-01-19 00:00:00+08:00,646.35,660.85,640.71,658.44,1779000,0.0,0.0
2011-01-20 00:00:00+08:00,644.74,645.54,621.36,621.36,4332000,0.0,0.0
2011-01-21 00:00:00+08:00,618.14,628.62,612.5,614.92,2566000,0.0,0.0
2011-01-24 00:00:00+08:00,621.36,624.59,614.92,614.92,993000,0.0,0.0
2011-01-25 00:00:00+08:00,620.56,640.71,620.56,630.23,2290000,0.0,0.0
2011-01-26 00:00:00+08:00,632.65,648.76,627.0,642.32,2402000,0.0,0.0
2011-01-27 00:00:00+08:00,648.76,657.63,637.48,637.48,1604000,0.0,0.0
2011-01-28 00:00:00+08:00,643.12,652.79,641.51,641.51,1335000,0.0,0.0
2011-02-08 00:00:00+08:00,657.63,657.63,620.56,623.78,1865000,0.0,0.0
2011-02-09 00:00:00+08:00,630.23,644.74,624.59,632.65,1216000,0.0,0.0
2011-02-10 00:00:00+08:00,633.45,643.12,624.59,624.59,990000,0.0,0.0
2011-02-11 00:00:00+08:00,626.2,631.84,596.38,607.66,1537000,0.0,0.0
2011-02-14 00:00:00+08:00,614.11,637.48,614.11,631.84,1376000,0.0,0.0
2011-02-15 00:00:00+08:00,631.84,640.71,624.59,639.9,1181000,0.0,0.0
2011-02-16 00:00:00+08:00,641.51,648.76,634.26,634.26,1272000,0.0,0.0
2011-02-17 00:00:00+08:00,638.29,644.74,631.03,632.65,694000,0.0,0.0
2011-02-18 00:00:00+08:00,638.29,643.93,633.45,642.32,1097000,0.0,0.0
2011-02-21 00:00:00+08:00,642.32,647.15,635.87,640.71,990000,0.0,0.0
2011-02-22 00:00:00+08:00,636.68,636.68,620.56,628.62,1273000,0.0,0.0
2011-02-23 00:00:00+08:00,612.5,625.39,600.41,608.47,1915000,0.0,0.0
2011-02-24 00:00:00+08:00,616.53,628.62,610.89,628.62,1297000,0.0,0.0
2011-02-25 00:00:00+08:00,632.65,660.85,626.2,653.6,3527000,0.0,0.0
2011-03-01 00:00:00+08:00,657.63,675.36,656.02,663.27,2371000,0.0,0.0
2011-03-02 00:00:00+08:00,662.47,672.14,656.82,664.88,1535000,0.0,0.0
2011-03-03 00:00:00+08:00,679.39,710.82,668.91,707.6,3361000,0.0,0.0
2011-03-04 00:00:00+08:00,713.24,716.46,686.64,688.25,3403000,0.0,0.0
2011-03-07 00:00:00+08:00,685.03,701.15,682.61,686.64,1188000,0.0,0.0
2011-03-08 00:00:00+08:00,681.0,685.84,676.17,681.0,1416000,0.0,0.0
2011-03-09 00:00:00+08:00,681.0,685.84,652.79,656.82,3332000,0.0,0.0
2011-03-10 00:00:00+08:00,649.57,655.21,643.12,645.54,1996000,0.0,0.0
2011-03-11 00:00:00+08:00,642.32,646.35,626.2,626.2,2383000,0.0,0.0
2011-03-14 00:00:00+08:00,623.78,639.09,606.05,637.48,2176000,0.0,0.0
2011-03-15 00:00:00+08:00,637.48,637.48,593.16,594.77,3134000,0.0,0.0
2011-03-16 00:00:00+08:00,601.22,618.14,596.38,616.53,2275000,0.0,0.0
2011-03-17 00:00:00+08:00,588.32,619.75,580.26,612.5,2486000,0.0,0.0
2011-03-18 00:00:00+08:00,620.56,640.71,620.56,630.23,2152000,0.0,0.0
2011-03-21 00:00:00+08:00,630.23,638.29,626.2,626.2,1088000,0.0,0.0
2011-03-22 00:00:00+08:00,635.87,651.18,634.26,639.09,1997000,0.0,0.0
2011-03-23 00:00:00+08:00,640.71,643.93,631.03,633.45,800000,0.0,0.0
2011-03-24 00:00:00+08:00,639.09,642.32,631.03,631.84,989000,0.0,0.0
2011-03-25 00:00:00+08:00,635.87,643.93,631.84,636.68,1160000,0.0,0.0
2011-03-28 00:00:00+08:00,633.45,639.09,624.59,627.81,766000,0.0,0.0
2011-03-29 00:00:00+08:00,627.01,633.45,619.75,622.98,816000,0.0,0.0
2011-03-30 00:00:00+08:00,622.98,636.68,622.98,635.06,904000,0.0,0.0
2011-03-31 00:00:00+08:00,643.93,643.93,634.26,641.51,838000,0.0,0.0
2011-04-01 00:00:00+08:00,647.15,685.03,643.93,678.58,2651000,0.0,0.0
2011-04-06 00:00:00+08:00,679.39,685.03,674.55,680.2,1446000,0.0,0.0
2011-04-07 00:00:00+08:00,686.64,696.31,682.61,682.61,1633000,0.0,0.0
2011-04-08 00:00:00+08:00,682.61,685.03,656.82,657.63,1720000,0.0,0.0
2011-04-11 00:00:00+08:00,666.5,685.03,662.47,685.03,1828000,0.0,0.0
2011-04-12 00:00:00+08:00,683.42,683.42,660.85,668.91,1116000,0.0,0.0
2011-04-13 00:00:00+08:00,669.72,678.58,665.69,673.75,1048000,0.0,0.0
2011-04-14 00:00:00+08:00,680.2,683.42,671.33,682.61,1419000,0.0,0.0
2011-04-15 00:00:00+08:00,687.45,702.76,685.84,686.64,2110000,0.0,0.0
2011-04-18 00:00:00+08:00,690.67,697.93,686.64,693.09,832000,0.0,0.0
2011-04-19 00:00:00+08:00,688.25,700.34,674.55,698.73,1597000,0.0,0.0
2011-04-20 00:00:00+08:00,715.66,727.74,710.01,724.52,2724000,0.0,0.0
2011-04-21 00:00:00+08:00,743.06,753.53,739.83,742.25,3188000,0.0,0.0
2011-04-22 00:00:00+08:00,745.48,749.5,739.83,746.28,1015000,0.0,0.0
2011-04-25 00:00:00+08:00,748.7,751.12,734.19,747.89,762000,0.0,0.0
2011-04-26 00:00:00+08:00,745.48,746.28,727.74,731.77,1206000,0.0,0.0
2011-04-27 00:00:00+08:00,737.42,740.64,730.97,735.8,916000,0.0,0.0
2011-04-28 00:00:00+08:00,740.64,746.28,737.42,739.03,674000,0.0,0.0
2011-04-29 00:00:00+08:00,739.83,745.48,730.97,732.58,678000,0.0,0.0
2011-05-03 00:00:00+08:00,739.03,739.03,702.76,716.46,1023000,0.0,0.0
2011-05-04 00:00:00+08:00,715.66,738.22,705.99,736.61,827000,0.0,0.0
2011-05-05 00:00:00+08:00,735.8,761.59,733.39,751.92,1710000,0.0,0.0
2011-05-06 00:00:00+08:00,751.92,758.37,731.77,733.39,1443000,0.0,0.0
2011-05-09 00:00:00+08:00,735.8,747.09,732.58,732.58,579000,0.0,0.0
2011-05-10 00:00:00+08:00,739.83,739.83,718.88,721.3,756000,0.0,0.0
2011-05-11 00:00:00+08:00,728.55,729.36,721.3,721.3,670000,0.0,0.0
2011-05-12 00:00:00+08:00,721.3,727.74,705.99,722.91,1158000,0.0,0.0
2011-05-13 00:00:00+08:00,716.46,727.74,713.24,721.3,1057000,0.0,0.0
2011-05-16 00:00:00+08:00,721.3,724.52,707.6,707.6,901000,0.0,0.0
2011-05-17 00:00:00+08:00,705.18,712.43,694.7,694.7,1373000,0.0,0.0
2011-05-18 00:00:00+08:00,697.12,707.6,693.09,694.7,914000,0.0,0.0
2011-05-19 00:00:00+08:00,700.34,726.94,698.73,718.88,1646000,0.0,0.0
2011-05-20 00:00:00+08:00,733.39,743.06,725.33,725.33,1113000,0.0,0.0
2011-05-23 00:00:00+08:00,717.27,732.58,713.24,732.58,947000,0.0,0.0
2011-05-24 00:00:00+08:00,732.58,738.22,721.3,723.72,828000,0.0,0.0
2011-05-25 00:00:00+08:00,718.07,721.3,711.63,715.66,1000000,0.0,0.0
2011-05-26 00:00:00+08:00,724.52,726.94,718.88,725.33,563000,0.0,0.0
2011-05-27 00:00:00+08:00,729.36,729.36,717.27,718.07,545000,0.0,0.0
2011-05-30 00:00:00+08:00,715.66,731.77,712.43,726.94,907000,0.0,0.0
2011-05-31 00:00:00+08:00,727.74,759.98,727.74,759.98,2687000,0.0,0.0
2011-06-01 00:00:00+08:00,758.37,801.89,755.95,793.83,2689000,0.0,0.0
2011-06-02 00:00:00+08:00,789.8,800.28,785.77,788.19,1612000,0.0,0.0
2011-06-03 00:00:00+08:00,788.19,803.5,785.77,789.8,1225000,0.0,0.0
2011-06-07 00:00:00+08:00,790.61,801.89,788.19,794.64,835000,0.0,0.0
2011-06-08 00:00:00+08:00,799.47,800.28,791.41,793.83,699000,0.0,0.0
2011-06-09 00:00:00+08:00,800.28,809.95,796.25,796.25,1145000,0.0,0.0
2011-06-10 00:00:00+08:00,805.92,805.92,773.68,774.49,1522000,0.0,0.0
2011-06-13 00:00:00+08:00,773.68,773.68,747.89,755.95,1310000,0.0,0.0
2011-06-14 00:00:00+08:00,757.56,789.8,757.56,782.55,943000,0.0,0.0
2011-06-15 00:00:00+08:00,780.13,780.13,739.03,751.12,1835000,0.0,0.0
2011-06-16 00:00:00+08:00,730.16,738.22,723.72,723.72,1821000,0.0,0.0
2011-06-17 00:00:00+08:00,726.13,740.64,726.13,737.42,1869000,0.0,0.0
2011-06-20 00:00:00+08:00,736.61,741.45,717.27,725.33,1118000,0.0,0.0
2011-06-21 00:00:00+08:00,727.74,737.42,701.96,718.88,1439000,0.0,0.0
2011-06-22 00:00:00+08:00,746.28,746.28,733.39,735.0,1060000,0.0,0.0
2011-06-23 00:00:00+08:00,728.55,736.61,728.55,729.36,853000,0.0,0.0
2011-06-24 00:00:00+08:00,736.61,739.83,723.72,723.72,807000,0.0,0.0
2011-06-27 00:00:00+08:00,709.21,717.27,708.4,710.01,1143000,0.0,0.0
2011-06-28 00:00:00+08:00,724.52,744.67,721.3,733.39,1920000,0.0,0.0
2011-06-29 00:00:00+08:00,738.22,753.53,733.39,733.39,1891000,0.0,0.0
2011-06-30 00:00:00+08:00,739.03,743.86,732.58,741.45,816000,0.0,0.0
2011-07-01 00:00:00+08:00,749.5,789.8,748.7,787.38,1871000,0.0,0.0
2011-07-04 00:00:00+08:00,800.28,801.08,778.52,778.52,1855000,0.0,0.0
2011-07-05 00:00:00+08:00,788.19,788.19,773.68,773.68,905000,0.0,0.0
2011-07-06 00:00:00+08:00,788.19,809.95,788.19,802.7,2870000,0.0,0.0
2011-07-07 00:00:00+08:00,801.89,801.89,777.71,778.52,1392000,0.0,0.0
2011-07-08 00:00:00+08:00,786.58,796.25,758.37,763.21,1895000,0.0,0.0
2011-07-11 00:00:00+08:00,768.85,779.32,764.01,770.46,1042000,0.0,0.0
2011-07-12 00:00:00+08:00,765.62,779.32,744.67,751.92,1339000,0.0,0.0
2011-07-13 00:00:00+08:00,754.34,769.65,749.5,757.56,1235000,0.0,0.0
2011-07-14 00:00:00+08:00,764.01,768.04,716.46,751.12,2786000,0.0,0.0
2011-07-15 00:00:00+08:00,749.5,751.12,729.36,738.22,1246000,0.0,0.0
2011-07-18 00:00:00+08:00,747.89,747.89,726.94,743.06,1122000,0.0,0.0
2011-07-19 00:00:00+08:00,735.0,776.91,731.77,772.07,1738000,0.0,0.0
2011-07-20 00:00:00+08:00,792.22,805.11,792.22,794.64,1936000,0.0,0.0
2011-07-21 00:00:00+08:00,794.64,797.86,786.58,792.22,570000,0.0,0.0
2011-07-22 00:00:00+08:00,802.7,803.5,790.61,790.61,840000,0.0,0.0
2011-07-25 00:00:00+08:00,789.8,789.8,776.1,776.1,602000,0.0,0.0
2011-07-26 00:00:00+08:00,779.32,809.95,779.32,805.11,1740000,0.0,0.0
2011-07-27 00:00:00+08:00,804.31,809.95,801.89,803.5,901000,0.0,0.0
2011-07-28 00:00:00+08:00,794.64,803.5,788.19,795.44,699000,0.0,0.0
2011-07-29 00:00:00+08:00,795.44,805.11,754.34,781.74,1156000,0.0,0.0
2011-08-01 00:00:00+08:00,801.89,805.11,791.41,804.31,588000,0.0,0.0
2011-08-02 00:00:00+08:00,804.31,809.95,793.83,809.95,717000,0.0,0.0
2011-08-03 00:00:00+08:00,781.74,809.95,781.74,796.25,1153000,0.0,0.0
2011-08-04 00:00:00+08:00,804.83,815.45,763.16,763.16,2227000,13.5,0.0
2011-08-05 00:00:00+08:00,710.86,750.9,710.05,723.94,2593000,0.0,0.0
2011-08-08 00:00:00+08:00,723.94,740.28,720.67,728.84,2119000,0.0,0.0
2011-08-09 00:00:00+08:00,702.69,776.23,699.42,774.6,2098000,0.0,0.0
2011-08-10 00:00:00+08:00,791.75,795.84,774.6,774.6,1890000,0.0,0.0
2011-08-11 00:00:00+08:00,755.8,772.14,747.63,758.25,1357000,0.0,0.0
2011-08-12 00:00:00+08:00,773.78,774.6,723.94,723.94,1670000,0.0,0.0
2011-08-15 00:00:00+08:00,735.38,743.55,724.75,734.56,1066000,0.0,0.0
2011-08-16 00:00:00+08:00,737.01,743.55,704.33,704.33,1756000,0.0,0.0
2011-08-17 00:00:00+08:00,705.14,710.05,656.12,661.84,3416000,0.0,0.0
2011-08-18 00:00:00+08:00,661.02,687.17,642.23,681.45,3343000,0.0,0.0
2011-08-19 00:00:00+08:00,639.78,656.12,634.06,634.06,3274000,0.0,0.0
2011-08-22 00:00:00+08:00,634.06,637.33,589.93,591.57,3150000,0.0,0.0
2011-08-23 00:00:00+08:00,594.84,632.42,594.84,632.42,2224000,0.0,0.0
2011-08-24 00:00:00+08:00,637.33,661.84,632.42,632.42,2850000,0.0,0.0
2011-08-25 00:00:00+08:00,635.69,644.68,600.56,600.56,2463000,0.0,0.0
2011-08-26 00:00:00+08:00,603.01,634.87,603.01,632.42,2508000,0.0,0.0
2011-08-29 00:00:00+08:00,630.79,646.31,612.81,643.86,1668000,0.0,0.0
2011-08-30 00:00:00+08:00,656.12,688.8,654.48,688.8,2612000,0.0,0.0
2011-08-31 00:00:00+08:00,667.56,688.8,667.56,677.36,1062000,0.0,0.0
2011-09-01 00:00:00+08:00,686.35,708.41,686.35,688.8,1516000,0.0,0.0
2011-09-02 00:00:00+08:00,693.7,701.87,682.26,700.24,916000,0.0,0.0
2011-09-05 00:00:00+08:00,683.9,689.62,670.01,670.01,1068000,0.0,0.0
2011-09-06 00:00:00+08:00,670.01,681.45,623.43,623.43,3239000,0.0,0.0
2011-09-07 00:00:00+08:00,640.59,647.13,629.15,647.13,2110000,0.0,0.0
2011-09-08 00:00:00+08:00,652.85,665.11,640.59,641.41,2159000,0.0,0.0
2011-09-09 00:00:00+08:00,637.33,679.81,629.15,679.0,2488000,0.0,0.0
2011-09-13 00:00:00+08:00,674.91,674.91,641.41,644.68,1281000,0.0,0.0
2011-09-14 00:00:00+08:00,657.75,665.92,617.72,625.07,2146000,0.0,0.0
2011-09-15 00:00:00+08:00,648.76,648.76,634.06,637.33,1088000,0.0,0.0
2011-09-16 00:00:00+08:00,643.86,650.4,622.62,648.76,1745000,0.0,0.0
2011-09-19 00:00:00+08:00,648.76,652.03,635.69,636.51,562000,0.0,0.0
2011-09-20 00:00:00+08:00,637.33,649.58,627.52,635.69,1056000,0.0,0.0
2011-09-21 00:00:00+08:00,643.86,664.29,637.33,661.02,1783000,0.0,0.0
2011-09-22 00:00:00+08:00,651.22,651.22,625.07,625.89,1507000,0.0,0.0
2011-09-23 00:00:00+08:00,593.2,598.92,582.58,582.58,2318000,0.0,0.0
2011-09-26 00:00:00+08:00,544.18,544.18,542.54,542.54,2809000,0.0,0.0
2011-09-27 00:00:00+08:00,550.71,563.79,505.77,514.76,3723000,0.0,0.0
2011-09-28 00:00:00+08:00,531.1,550.71,525.38,550.71,2663000,0.0,0.0
2011-09-29 00:00:00+08:00,550.71,576.86,540.09,563.79,2298000,0.0,0.0
2011-09-30 00:00:00+08:00,574.41,587.48,571.14,585.85,1809000,0.0,0.0
2011-10-03 00:00:00+08:00,582.58,592.39,545.81,549.9,2198000,0.0,0.0
2011-10-04 00:00:00+08:00,529.47,570.32,529.47,570.32,2086000,0.0,0.0
2011-10-05 00:00:00+08:00,570.32,580.13,531.92,532.74,3725000,0.0,0.0
2011-10-06 00:00:00+08:00,544.18,545.81,511.49,521.3,6459000,0.0,0.0
2011-10-07 00:00:00+08:00,485.35,485.35,485.35,485.35,7080000,0.0,0.0
2011-10-11 00:00:00+08:00,504.14,518.85,496.79,518.85,5896000,0.0,0.0
2011-10-12 00:00:00+08:00,523.75,554.8,520.48,546.63,5103000,0.0,0.0
2011-10-13 00:00:00+08:00,555.62,581.76,552.35,576.04,4508000,0.0,0.0
2011-10-14 00:00:00+08:00,580.13,585.85,558.89,568.69,2619000,0.0,0.0
2011-10-17 00:00:00+08:00,584.21,603.01,580.13,603.01,3202000,0.0,0.0
2011-10-18 00:00:00+08:00,589.93,601.37,580.95,601.37,2536000,0.0,0.0
2011-10-19 00:00:00+08:00,588.3,589.12,559.7,559.7,3316000,0.0,0.0
2011-10-20 00:00:00+08:00,542.54,565.42,539.28,544.99,4175000,0.0,0.0
2011-10-21 00:00:00+08:00,510.68,521.3,507.41,507.41,2431000,0.0,0.0
2011-10-24 00:00:00+08:00,510.68,542.54,507.41,542.54,4539000,0.0,0.0
2011-10-25 00:00:00+08:00,554.8,557.25,548.26,555.62,2777000,0.0,0.0
2011-10-26 00:00:00+08:00,543.36,552.35,540.09,547.45,1831000,0.0,0.0
2011-10-27 00:00:00+08:00,547.45,564.6,547.45,554.8,2575000,0.0,0.0
2011-10-28 00:00:00+08:00,571.96,571.96,557.25,557.25,2851000,0.0,0.0
2011-10-31 00:00:00+08:00,559.7,571.14,552.35,556.43,1268000,0.0,0.0
2011-11-01 00:00:00+08:00,547.45,555.62,533.56,555.62,1698000,0.0,0.0
2011-11-02 00:00:00+08:00,544.99,555.62,540.09,555.62,1350000,0.0,0.0
2011-11-03 00:00:00+08:00,560.52,567.87,534.37,536.01,1646000,0.0,0.0
2011-11-04 00:00:00+08:00,552.35,553.98,520.48,541.73,1986000,0.0,0.0
2011-11-07 00:00:00+08:00,541.73,542.54,528.65,531.92,1448000,0.0,0.0
2011-11-08 00:00:00+08:00,531.92,541.73,529.47,529.47,1372000,0.0,0.0
2011-11-09 00:00:00+08:00,531.1,532.74,519.67,522.93,1545000,0.0,0.0
2011-11-10 00:00:00+08:00,507.41,510.68,486.98,486.98,2392000,0.0,0.0
2011-11-11 00:00:00+08:00,493.52,493.52,457.57,476.36,4064000,0.0,0.0
2011-11-14 00:00:00+08:00,486.98,509.04,486.16,509.04,2436000,0.0,0.0
2011-11-15 00:00:00+08:00,507.41,512.31,496.79,499.24,2553000,0.0,0.0
2011-11-16 00:00:00+08:00,506.59,517.21,485.35,488.62,2813000,0.0,0.0
2011-11-17 00:00:00+08:00,479.63,482.9,469.82,481.26,2601000,0.0,0.0
2011-11-18 00:00:00+08:00,469.82,480.45,467.37,467.37,1932000,0.0,0.0
2011-11-21 00:00:00+08:00,457.57,460.84,437.14,438.77,2541000,0.0,0.0
2011-11-22 00:00:00+08:00,437.14,444.49,416.71,417.53,4479000,0.0,0.0
2011-11-23 00:00:00+08:00,415.08,428.97,412.63,415.9,3517000,0.0,0.0
2011-11-24 00:00:00+08:00,400.37,404.05,386.89,386.89,5191000,0.0,0.0
2011-11-25 00:00:00+08:00,395.47,397.92,380.76,392.2,4893000,0.0,0.0
2011-11-28 00:00:00+08:00,400.37,406.09,388.11,404.05,3346000,0.0,0.0
2011-11-29 00:00:00+08:00,412.63,428.97,404.05,422.43,3235000,0.0,0.0
2011-11-30 00:00:00+08:00,423.25,423.25,393.02,394.24,2290000,0.0,0.0
2011-12-01 00:00:00+08:00,421.62,421.62,411.81,421.62,2491000,0.0,0.0
2011-12-02 00:00:00+08:00,421.62,425.7,419.16,425.7,1747000,0.0,0.0
2011-12-05 00:00:00+08:00,425.7,425.7,404.46,411.81,1481000,0.0,0.0
2011-12-06 00:00:00+08:00,388.93,400.78,384.03,384.03,2035000,0.0,0.0
2011-12-07 00:00:00+08:00,385.66,402.01,384.44,399.55,3865000,0.0,0.0
2011-12-08 00:00:00+08:00,398.74,405.27,386.48,405.27,2493000,0.0,0.0
2011-12-09 00:00:00+08:00,389.75,407.72,389.75,404.46,1980000,0.0,0.0
2011-12-12 00:00:00+08:00,420.8,426.52,410.18,410.18,1739000,0.0,0.0
2011-12-13 00:00:00+08:00,402.82,409.36,397.92,404.46,1466000,0.0,0.0
2011-12-14 00:00:00+08:00,406.91,415.08,398.74,415.08,1346000,0.0,0.0
2011-12-15 00:00:00+08:00,409.36,411.81,404.46,406.09,932000,0.0,0.0
2011-12-16 00:00:00+08:00,409.36,419.16,407.72,410.18,1484000,0.0,0.0
2011-12-19 00:00:00+08:00,406.09,408.54,398.74,398.74,1007000,0.0,0.0
2011-12-20 00:00:00+08:00,403.64,426.52,403.64,426.52,3241000,0.0,0.0
2011-12-21 00:00:00+08:00,451.03,455.93,451.03,455.93,1148000,0.0,0.0
2011-12-22 00:00:00+08:00,455.93,471.46,455.12,463.29,3605000,0.0,0.0
2011-12-23 00:00:00+08:00,477.18,483.71,465.74,465.74,1978000,0.0,0.0
2011-12-26 00:00:00+08:00,469.82,477.18,465.74,467.37,1233000,0.0,0.0
2011-12-27 00:00:00+08:00,467.37,472.27,453.48,453.48,1134000,0.0,0.0
2011-12-28 00:00:00+08:00,453.48,464.1,453.48,455.12,927000,0.0,0.0
2011-12-29 00:00:00+08:00,451.85,470.64,449.4,470.64,1648000,0.0,0.0
2011-12-30 00:00:00+08:00,476.36,480.45,462.47,462.47,1553000,0.0,0.0
2012-01-02 00:00:00+08:00,468.19,468.19,451.85,451.85,1830000,0.0,0.0
2012-01-03 00:00:00+08:00,458.38,482.9,455.93,482.9,5330000,0.0,0.0
2012-01-04 00:00:00+08:00,484.53,489.43,474.73,476.36,3174000,0.0,0.0
2012-01-05 00:00:00+08:00,480.45,485.35,473.91,479.63,2795000,0.0,0.0
2012-01-06 00:00:00+08:00,482.9,509.04,479.63,492.7,2620000,0.0,0.0
2012-01-09 00:00:00+08:00,491.88,502.51,490.25,490.25,1609000,0.0,0.0
2012-01-10 00:00:00+08:00,497.6,497.6,486.98,486.98,1190000,0.0,0.0
2012-01-11 00:00:00+08:00,491.07,504.96,491.07,499.24,1518000,0.0,0.0
2012-01-12 00:00:00+08:00,499.24,502.51,494.34,499.24,1506000,0.0,0.0
2012-01-13 00:00:00+08:00,502.51,504.96,490.25,490.25,1637000,0.0,0.0
2012-01-16 00:00:00+08:00,496.79,496.79,473.91,478.81,1652000,0.0,0.0
2012-01-17 00:00:00+08:00,483.71,495.97,473.91,486.16,1741000,0.0,0.0
2012-01-18 00:00:00+08:00,483.71,490.25,480.45,481.26,1613000,0.0,0.0
2012-01-30 00:00:00+08:00,497.6,514.76,497.6,513.13,1960000,0.0,0.0
2012-01-31 00:00:00+08:00,511.49,527.84,506.59,519.67,2664000,0.0,0.0
2012-02-01 00:00:00+08:00,518.85,551.53,518.03,537.64,2883000,0.0,0.0
2012-02-02 00:00:00+08:00,545.81,575.23,545.81,575.23,2593000,0.0,0.0
2012-02-03 00:00:00+08:00,580.13,581.76,567.87,569.51,1892000,0.0,0.0
2012-02-06 00:00:00+08:00,557.25,563.79,548.26,551.53,1495000,0.0,0.0
2012-02-07 00:00:00+08:00,544.18,558.07,536.01,539.28,2385000,0.0,0.0
2012-02-08 00:00:00+08:00,544.18,567.06,544.18,567.06,2189000,0.0,0.0
2012-02-09 00:00:00+08:00,564.6,572.78,558.89,559.7,1556000,0.0,0.0
2012-02-10 00:00:00+08:00,521.3,525.38,521.3,521.3,5206000,0.0,0.0
2012-02-13 00:00:00+08:00,486.16,498.42,485.35,498.42,12073000,0.0,0.0
2012-02-14 00:00:00+08:00,503.32,516.4,495.97,506.59,5857000,0.0,0.0
2012-02-15 00:00:00+08:00,510.68,536.01,510.68,522.93,5666000,0.0,0.0
2012-02-16 00:00:00+08:00,522.12,531.1,499.24,505.77,3891000,0.0,0.0
2012-02-17 00:00:00+08:00,522.12,526.2,506.59,511.49,3106000,0.0,0.0
2012-02-20 00:00:00+08:00,513.13,518.85,504.96,509.04,1953000,0.0,0.0
2012-02-21 00:00:00+08:00,509.04,521.3,504.96,521.3,2072000,0.0,0.0
2012-02-22 00:00:00+08:00,527.84,549.9,523.75,529.47,4537000,0.0,0.0
2012-02-23 00:00:00+08:00,523.75,532.74,519.67,521.3,2594000,0.0,0.0
2012-02-24 00:00:00+08:00,523.75,529.47,517.21,522.12,1637000,0.0,0.0
2012-02-29 00:00:00+08:00,531.1,544.18,529.47,538.46,3131000,0.0,0.0
2012-03-01 00:00:00+08:00,531.1,540.91,528.65,534.37,2185000,0.0,0.0
2012-03-02 00:00:00+08:00,539.28,543.36,532.74,533.56,1448000,0.0,0.0
2012-03-05 00:00:00+08:00,539.28,543.36,527.84,527.84,1594000,0.0,0.0
2012-03-06 00:00:00+08:00,532.74,539.28,522.93,539.28,2548000,0.0,0.0
2012-03-07 00:00:00+08:00,533.56,537.64,521.3,522.12,2668000,0.0,0.0
2012-03-08 00:00:00+08:00,522.93,528.65,518.85,518.85,1692000,0.0,0.0
2012-03-09 00:00:00+08:00,522.12,525.38,518.85,519.67,1090000,0.0,0.0
2012-03-12 00:00:00+08:00,517.21,519.67,496.79,499.24,1597000,0.0,0.0
2012-03-13 00:00:00+08:00,507.41,507.41,488.62,498.42,2153000,0.0,0.0
2012-03-14 00:00:00+08:00,514.76,518.85,509.04,509.86,1738000,0.0,0.0
2012-03-15 00:00:00+08:00,504.96,515.58,497.6,500.87,1552000,0.0,0.0
2012-03-16 00:00:00+08:00,502.51,507.41,499.24,507.41,1309000,0.0,0.0
2012-03-19 00:00:00+08:00,509.04,510.68,499.24,500.06,949000,0.0,0.0
2012-03-20 00:00:00+08:00,503.32,505.77,491.88,491.88,1364000,0.0,0.0
2012-03-21 00:00:00+08:00,491.88,496.79,488.62,489.43,1393000,0.0,0.0
2012-03-22 00:00:00+08:00,490.25,504.14,490.25,491.88,1348000,0.0,0.0
2012-03-23 00:00:00+08:00,492.7,500.06,491.07,500.06,1090000,0.0,0.0
2012-03-26 00:00:00+08:00,499.24,501.69,495.97,499.24,982000,0.0,0.0
2012-03-27 00:00:00+08:00,502.51,503.32,496.79,497.6,814000,0.0,0.0
2012-03-28 00:00:00+08:00,498.42,501.69,494.34,496.79,728000,0.0,0.0
2012-03-29 00:00:00+08:00,495.15,495.15,465.74,465.74,2847000,0.0,0.0
2012-03-30 00:00:00+08:00,465.74,473.91,453.48,473.91,2502000,0.0,0.0
2012-04-02 00:00:00+08:00,473.09,473.09,455.93,455.93,1588000,0.0,0.0
2012-04-03 00:00:00+08:00,458.38,461.65,428.15,434.69,2808000,0.0,0.0
2012-04-05 00:00:00+08:00,424.07,435.51,415.08,433.87,2823000,0.0,0.0
2012-04-06 00:00:00+08:00,440.41,464.1,437.14,464.1,2532000,0.0,0.0
2012-04-09 00:00:00+08:00,449.4,457.57,445.31,455.12,1895000,0.0,0.0
2012-04-10 00:00:00+08:00,464.1,468.19,439.59,446.94,2338000,0.0,0.0
2012-04-11 00:00:00+08:00,442.86,446.13,430.6,441.23,1649000,0.0,0.0
2012-04-12 00:00:00+08:00,441.23,458.38,438.77,455.93,1483000,0.0,0.0
2012-04-13 00:00:00+08:00,464.92,473.91,460.02,468.19,1419000,0.0,0.0
2012-04-16 00:00:00+08:00,453.48,467.37,452.66,465.74,611000,0.0,0.0
2012-04-17 00:00:00+08:00,464.92,470.64,441.23,448.58,1570000,0.0,0.0
2012-04-18 00:00:00+08:00,457.57,462.47,448.58,457.57,1748000,0.0,0.0
2012-04-19 00:00:00+08:00,458.38,466.55,441.23,464.1,2203000,0.0,0.0
2012-04-20 00:00:00+08:00,457.57,460.02,450.21,457.57,1653000,0.0,0.0
2012-04-23 00:00:00+08:00,447.76,454.3,425.7,426.52,3317000,0.0,0.0
2012-04-24 00:00:00+08:00,424.88,443.68,418.35,443.68,2702000,0.0,0.0
2012-04-25 00:00:00+08:00,449.4,455.12,438.77,438.77,1575000,0.0,0.0
2012-04-26 00:00:00+08:00,446.94,447.76,433.05,437.96,1497000,0.0,0.0
2012-04-27 00:00:00+08:00,407.32,407.32,407.32,407.32,724000,0.0,0.0
2012-04-30 00:00:00+08:00,379.13,379.13,379.13,379.13,711000,0.0,0.0
2012-05-02 00:00:00+08:00,388.11,405.27,384.44,405.27,4131000,0.0,0.0
2012-05-03 00:00:00+08:00,404.46,404.46,384.03,385.66,2963000,0.0,0.0
2012-05-04 00:00:00+08:00,370.96,394.65,368.5,392.2,3609000,0.0,0.0
2012-05-07 00:00:00+08:00,379.94,390.16,379.13,389.75,2225000,0.0,0.0
2012-05-08 00:00:00+08:00,391.79,393.43,380.35,386.89,1650000,0.0,0.0
2012-05-09 00:00:00+08:00,384.03,394.65,382.4,393.02,1795000,0.0,0.0
2012-05-10 00:00:00+08:00,393.02,400.37,385.66,400.37,2253000,0.0,0.0
2012-05-11 00:00:00+08:00,396.29,399.55,385.66,385.66,2387000,0.0,0.0
2012-05-14 00:00:00+08:00,387.3,391.38,377.49,379.94,2164000,0.0,0.0
2012-05-15 00:00:00+08:00,379.94,406.5,378.31,406.5,3774000,0.0,0.0
2012-05-16 00:00:00+08:00,408.54,420.8,408.54,411.81,4552000,0.0,0.0
2012-05-17 00:00:00+08:00,419.98,440.41,417.53,440.41,2504000,0.0,0.0
2012-05-18 00:00:00+08:00,436.32,451.03,430.6,445.31,4623000,0.0,0.0
2012-05-21 00:00:00+08:00,453.48,462.47,442.04,455.93,2526000,0.0,0.0
2012-05-22 00:00:00+08:00,462.47,465.74,449.4,459.2,2194000,0.0,0.0
2012-05-23 00:00:00+08:00,449.4,457.57,446.94,454.3,1186000,0.0,0.0
2012-05-24 00:00:00+08:00,454.3,467.37,451.03,460.84,1830000,0.0,0.0
2012-05-25 00:00:00+08:00,467.37,480.45,463.29,463.29,2537000,0.0,0.0
2012-05-28 00:00:00+08:00,463.29,469.82,451.85,455.12,1691000,0.0,0.0
2012-05-29 00:00:00+08:00,460.02,482.08,460.02,476.36,2469000,0.0,0.0
2012-05-30 00:00:00+08:00,476.36,480.45,461.65,461.65,2445000,0.0,0.0
2012-05-31 00:00:00+08:00,461.65,469.01,459.2,460.84,1724000,0.0,0.0
2012-06-01 00:00:00+08:00,453.48,454.3,429.79,437.14,2227000,0.0,0.0
2012-06-04 00:00:00+08:00,419.16,432.24,417.53,432.24,2520000,0.0,0.0
2012-06-05 00:00:00+08:00,445.31,462.47,442.04,450.21,3732000,0.0,0.0
2012-06-06 00:00:00+08:00,454.3,468.19,452.66,463.29,2539000,0.0,0.0
2012-06-07 00:00:00+08:00,473.91,473.91,460.02,460.84,2031000,0.0,0.0
2012-06-08 00:00:00+08:00,460.84,469.01,455.93,458.38,1139000,0.0,0.0
2012-06-11 00:00:00+08:00,469.82,473.09,465.74,468.19,1066000,0.0,0.0
2012-06-12 00:00:00+08:00,465.74,466.55,459.2,465.74,814000,0.0,0.0
2012-06-13 00:00:00+08:00,469.82,472.27,464.92,464.92,785000,0.0,0.0
2012-06-14 00:00:00+08:00,464.92,467.37,457.57,457.57,971000,0.0,0.0
2012-06-15 00:00:00+08:00,457.57,472.27,454.3,470.64,1762000,0.0,0.0
2012-06-18 00:00:00+08:00,482.08,503.32,479.63,502.51,3190000,0.0,0.0
2012-06-19 00:00:00+08:00,502.51,510.68,496.79,497.6,2487000,0.0,0.0
2012-06-20 00:00:00+08:00,505.77,509.86,501.69,508.23,2138000,0.0,0.0
2012-06-21 00:00:00+08:00,504.96,506.59,491.88,494.34,1741000,0.0,0.0
2012-06-22 00:00:00+08:00,487.8,502.51,484.53,500.06,1426000,0.0,0.0
2012-06-25 00:00:00+08:00,497.6,502.51,487.8,489.43,1386000,0.0,0.0
2012-06-26 00:00:00+08:00,486.98,492.7,474.73,474.73,1603000,0.0,0.0
2012-06-27 00:00:00+08:00,481.26,502.51,480.45,500.06,2253000,0.0,0.0
2012-06-28 00:00:00+08:00,504.96,508.23,494.34,494.34,1887000,0.0,0.0
2012-06-29 00:00:00+08:00,502.51,506.59,498.42,504.96,1344000,0.0,0.0
2012-07-02 00:00:00+08:00,508.23,508.23,495.97,495.97,1039000,0.0,0.0
2012-07-03 00:00:00+08:00,498.42,505.77,493.52,493.52,1580000,0.0,0.0
2012-07-04 00:00:00+08:00,500.06,501.69,490.25,495.15,1635000,0.0,0.0
2012-07-05 00:00:00+08:00,498.42,498.42,490.25,491.88,1055000,0.0,0.0
2012-07-06 00:00:00+08:00,482.08,489.43,467.37,475.54,3350000,0.0,0.0
2012-07-09 00:00:00+08:00,469.82,477.99,462.47,469.82,1623000,0.0,0.0
2012-07-10 00:00:00+08:00,473.91,477.18,459.2,466.55,1726000,0.0,0.0
2012-07-11 00:00:00+08:00,469.01,475.54,469.01,473.91,1710000,0.0,0.0
2012-07-12 00:00:00+08:00,473.91,476.36,467.37,475.54,1465000,0.0,0.0
2012-07-13 00:00:00+08:00,475.54,486.98,472.27,485.35,2547000,0.0,0.0
2012-07-16 00:00:00+08:00,486.16,488.62,472.27,472.27,1777000,0.0,0.0
2012-07-17 00:00:00+08:00,472.27,477.18,460.02,468.19,2033000,0.0,0.0
2012-07-18 00:00:00+08:00,469.82,474.73,466.55,469.01,1065000,0.0,0.0
2012-07-19 00:00:00+08:00,474.73,482.08,474.73,479.63,1301000,0.0,0.0
2012-07-20 00:00:00+08:00,480.45,482.08,477.18,482.08,1008000,0.0,0.0
2012-07-23 00:00:00+08:00,477.99,477.99,472.27,474.73,878000,0.0,0.0
2012-07-24 00:00:00+08:00,473.91,481.26,471.46,481.26,829000,0.0,0.0
2012-07-25 00:00:00+08:00,471.46,485.35,465.74,485.35,2667000,0.0,0.0
2012-07-26 00:00:00+08:00,485.35,488.62,478.81,487.8,1490000,0.0,0.0
2012-07-27 00:00:00+08:00,494.34,500.06,491.88,499.24,1791000,0.0,0.0
2012-07-30 00:00:00+08:00,503.32,503.32,500.06,501.69,851000,0.0,0.0
2012-07-31 00:00:00+08:00,501.69,504.14,496.79,502.51,1042000,0.0,0.0
2012-08-01 00:00:00+08:00,501.69,514.76,499.24,509.04,2416000,0.0,0.0
2012-08-02 00:00:00+08:00,509.04,509.04,509.04,509.04,0,0.0,0.0
2012-08-03 00:00:00+08:00,512.31,512.31,496.79,506.59,2243000,0.0,0.0
2012-08-06 00:00:00+08:00,513.13,513.13,482.08,483.71,1581000,0.0,0.0
2012-08-07 00:00:00+08:00,484.53,491.88,484.53,487.8,811000,0.0,0.0
2012-08-08 00:00:00+08:00,483.71,491.88,483.71,488.62,1592000,0.0,0.0
2012-08-09 00:00:00+08:00,495.34,517.21,494.5,512.16,3914000,17.0,0.0
2012-08-10 00:00:00+08:00,503.75,513.0,503.75,505.44,2242000,0.0,0.0
2012-08-13 00:00:00+08:00,510.48,513.85,505.44,513.0,1149000,0.0,0.0
2012-08-14 00:00:00+08:00,517.21,527.3,515.53,516.37,1824000,0.0,0.0
2012-08-15 00:00:00+08:00,521.41,521.41,510.48,511.32,1000000,0.0,0.0
2012-08-16 00:00:00+08:00,516.37,518.89,512.16,518.89,957000,0.0,0.0
2012-08-17 00:00:00+08:00,518.05,523.1,514.69,517.21,1490000,0.0,0.0
2012-08-20 00:00:00+08:00,517.21,523.1,514.69,517.21,751000,0.0,0.0
2012-08-21 00:00:00+08:00,517.21,521.41,517.21,517.21,837000,0.0,0.0
2012-08-22 00:00:00+08:00,515.53,517.21,507.96,516.37,1050000,0.0,0.0
2012-08-23 00:00:00+08:00,514.69,516.37,511.32,516.37,537000,0.0,0.0
2012-08-24 00:00:00+08:00,512.16,521.41,510.48,518.05,874000,0.0,0.0
2012-08-27 00:00:00+08:00,524.78,543.28,523.1,535.71,3413000,0.0,0.0
2012-08-28 00:00:00+08:00,532.35,537.39,519.73,520.57,1901000,0.0,0.0
2012-08-29 00:00:00+08:00,520.57,524.78,515.53,523.94,879000,0.0,0.0
2012-08-30 00:00:00+08:00,520.57,523.1,518.05,521.41,791000,0.0,0.0
2012-08-31 00:00:00+08:00,514.69,523.94,513.85,523.94,911000,0.0,0.0
2012-09-03 00:00:00+08:00,524.78,541.6,519.73,540.76,1815000,0.0,0.0
2012-09-04 00:00:00+08:00,540.76,542.44,528.98,534.03,1683000,0.0,0.0
2012-09-05 00:00:00+08:00,534.87,537.39,529.82,537.39,956000,0.0,0.0
2012-09-06 00:00:00+08:00,546.64,554.21,539.92,539.92,2903000,0.0,0.0
2012-09-07 00:00:00+08:00,552.53,554.21,540.76,540.76,1534000,0.0,0.0
2012-09-10 00:00:00+08:00,547.49,550.01,544.12,550.01,951000,0.0,0.0
2012-09-11 00:00:00+08:00,550.85,550.85,539.08,539.92,953000,0.0,0.0
2012-09-12 00:00:00+08:00,544.12,554.21,542.44,547.49,1810000,0.0,0.0
2012-09-13 00:00:00+08:00,550.85,551.69,540.76,542.44,1340000,0.0,0.0
2012-09-14 00:00:00+08:00,558.42,560.1,546.64,548.33,3261000,0.0,0.0
2012-09-17 00:00:00+08:00,552.53,562.62,550.85,555.05,2207000,0.0,0.0
2012-09-18 00:00:00+08:00,551.69,555.9,547.49,554.21,903000,0.0,0.0
2012-09-19 00:00:00+08:00,554.21,558.42,551.69,551.69,1029000,0.0,0.0
2012-09-20 00:00:00+08:00,551.69,553.37,549.17,550.01,595000,0.0,0.0
2012-09-21 00:00:00+08:00,551.69,560.1,548.33,549.17,1213000,0.0,0.0
2012-09-24 00:00:00+08:00,550.85,552.53,546.64,548.33,596000,0.0,0.0
2012-09-25 00:00:00+08:00,550.01,550.01,531.51,534.87,1504000,0.0,0.0
2012-09-26 00:00:00+08:00,519.73,525.62,501.23,501.23,3285000,0.0,0.0
2012-09-27 00:00:00+08:00,496.18,511.32,496.18,510.48,1923000,0.0,0.0
2012-09-28 00:00:00+08:00,510.48,519.73,508.8,510.48,1363000,0.0,0.0
2012-10-01 00:00:00+08:00,504.59,507.96,487.78,498.71,2093000,0.0,0.0
2012-10-02 00:00:00+08:00,501.23,517.21,500.39,513.0,1894000,0.0,0.0
2012-10-03 00:00:00+08:00,513.85,517.21,511.32,514.69,1032000,0.0,0.0
2012-10-04 00:00:00+08:00,514.69,516.37,505.44,513.0,1039000,0.0,0.0
2012-10-05 00:00:00+08:00,513.0,525.62,513.0,525.62,1831000,0.0,0.0
2012-10-08 00:00:00+08:00,523.1,523.1,509.64,514.69,1532000,0.0,0.0
2012-10-09 00:00:00+08:00,513.0,516.37,502.91,506.28,1609000,0.0,0.0
2012-10-11 00:00:00+08:00,500.39,513.85,497.03,513.85,1307000,0.0,0.0
2012-10-12 00:00:00+08:00,513.0,515.53,509.64,514.69,867000,0.0,0.0
2012-10-15 00:00:00+08:00,514.69,520.57,514.69,515.53,721000,0.0,0.0
2012-10-16 00:00:00+08:00,518.05,519.73,514.69,518.89,788000,0.0,0.0
2012-10-17 00:00:00+08:00,521.41,524.78,511.32,511.32,988000,0.0,0.0
2012-10-18 00:00:00+08:00,513.85,518.05,513.0,513.85,1051000,0.0,0.0
2012-10-19 00:00:00+08:00,514.69,515.53,508.8,508.8,956000,0.0,0.0
2012-10-22 00:00:00+08:00,498.71,503.75,497.87,501.23,1157000,0.0,0.0
2012-10-23 00:00:00+08:00,504.59,507.12,498.71,498.71,1102000,0.0,0.0
2012-10-24 00:00:00+08:00,493.66,503.75,493.66,497.87,955000,0.0,0.0
2012-10-25 00:00:00+08:00,500.39,507.96,499.55,500.39,1391000,0.0,0.0
2012-10-26 00:00:00+08:00,509.64,525.62,509.64,518.05,4437000,0.0,0.0
2012-10-29 00:00:00+08:00,522.26,524.78,510.48,513.0,1296000,0.0,0.0
2012-10-30 00:00:00+08:00,518.05,528.14,517.21,521.41,1293000,0.0,0.0
2012-10-31 00:00:00+08:00,526.46,527.3,519.73,523.1,808000,0.0,0.0
2012-11-01 00:00:00+08:00,521.41,534.03,518.05,532.35,1260000,0.0,0.0
2012-11-02 00:00:00+08:00,530.67,531.51,524.78,530.67,698000,0.0,0.0
2012-11-05 00:00:00+08:00,524.78,528.14,508.8,517.21,1291000,0.0,0.0
2012-11-06 00:00:00+08:00,553.37,553.37,539.08,542.44,3599000,0.0,0.0
2012-11-07 00:00:00+08:00,548.33,580.28,544.96,580.28,4943000,0.0,0.0
2012-11-08 00:00:00+08:00,580.28,610.56,579.44,603.83,3406000,0.0,0.0
2012-11-09 00:00:00+08:00,596.26,603.83,587.85,593.74,2070000,0.0,0.0
2012-11-12 00:00:00+08:00,597.1,606.35,581.13,583.65,1489000,0.0,0.0
2012-11-13 00:00:00+08:00,582.81,592.9,571.87,571.87,1963000,0.0,0.0
2012-11-14 00:00:00+08:00,573.56,581.97,569.35,574.4,2225000,0.0,0.0
2012-11-15 00:00:00+08:00,576.92,588.69,575.24,580.28,1559000,0.0,0.0
2012-11-16 00:00:00+08:00,580.28,585.33,567.67,567.67,1410000,0.0,0.0
2012-11-19 00:00:00+08:00,571.87,583.65,570.19,583.65,1221000,0.0,0.0
2012-11-20 00:00:00+08:00,591.22,596.26,576.92,576.92,1460000,0.0,0.0
2012-11-21 00:00:00+08:00,580.28,588.69,573.56,586.17,934000,0.0,0.0
2012-11-22 00:00:00+08:00,589.53,593.74,581.13,581.97,911000,0.0,0.0
2012-11-23 00:00:00+08:00,592.06,604.67,585.33,602.99,2131000,0.0,0.0
2012-11-26 00:00:00+08:00,606.35,636.63,606.35,634.11,2720000,0.0,0.0
2012-11-27 00:00:00+08:00,637.47,654.29,630.74,631.58,1921000,0.0,0.0
2012-11-28 00:00:00+08:00,637.47,638.31,629.9,634.95,1269000,0.0,0.0
2012-11-29 00:00:00+08:00,641.68,650.93,637.47,639.99,1190000,0.0,0.0
2012-11-30 00:00:00+08:00,642.52,667.75,642.52,667.75,2212000,0.0,0.0
2012-12-03 00:00:00+08:00,667.75,670.27,652.61,654.29,1701000,0.0,0.0
2012-12-04 00:00:00+08:00,656.81,666.07,653.45,661.86,1276000,0.0,0.0
2012-12-05 00:00:00+08:00,663.54,676.16,655.97,672.79,1432000,0.0,0.0
2012-12-06 00:00:00+08:00,719.89,719.89,718.21,719.89,1856000,0.0,0.0
2012-12-07 00:00:00+08:00,735.03,745.96,719.05,723.25,3749000,0.0,0.0
2012-12-10 00:00:00+08:00,723.25,756.05,723.25,739.23,2112000,0.0,0.0
2012-12-11 00:00:00+08:00,740.07,748.48,708.96,728.3,2432000,0.0,0.0
2012-12-12 00:00:00+08:00,735.87,739.23,718.21,722.41,2006000,0.0,0.0
2012-12-13 00:00:00+08:00,723.25,726.62,706.43,708.11,2716000,0.0,0.0
2012-12-14 00:00:00+08:00,673.63,684.57,659.34,659.34,5279000,0.0,0.0
2012-12-17 00:00:00+08:00,641.68,647.56,614.76,623.17,5534000,0.0,0.0
2012-12-18 00:00:00+08:00,631.58,638.31,629.9,634.95,2939000,0.0,0.0
2012-12-19 00:00:00+08:00,645.88,660.18,645.88,660.18,3464000,0.0,0.0
2012-12-20 00:00:00+08:00,660.18,669.43,653.45,669.43,2279000,0.0,0.0
2012-12-21 00:00:00+08:00,670.27,670.27,649.25,651.77,1725000,0.0,0.0
2012-12-24 00:00:00+08:00,653.45,655.97,640.84,642.52,928000,0.0,0.0
2012-12-25 00:00:00+08:00,641.68,657.66,641.68,657.66,842000,0.0,0.0
2012-12-26 00:00:00+08:00,661.02,661.02,651.77,653.45,735000,0.0,0.0
2012-12-27 00:00:00+08:00,651.77,666.07,650.09,650.09,1432000,0.0,0.0
2012-12-28 00:00:00+08:00,659.34,659.34,650.09,654.29,792000,0.0,0.0
2013-01-02 00:00:00+08:00,664.38,699.7,660.18,699.7,2890000,0.0,0.0
2013-01-03 00:00:00+08:00,703.07,709.8,692.98,692.98,2260000,0.0,0.0
2013-01-04 00:00:00+08:00,692.98,693.82,665.22,674.48,1898000,0.0,0.0
2013-01-07 00:00:00+08:00,674.48,674.48,627.38,627.38,3770000,0.0,0.0
2013-01-08 00:00:00+08:00,622.33,625.7,608.04,620.65,3459000,0.0,0.0
2013-01-09 00:00:00+08:00,620.65,636.63,620.65,624.02,2053000,0.0,0.0
2013-01-10 00:00:00+08:00,630.74,631.58,613.92,613.92,1487000,0.0,0.0
2013-01-11 00:00:00+08:00,624.02,632.43,619.81,629.06,1502000,0.0,0.0
2013-01-14 00:00:00+08:00,614.76,622.33,601.31,608.04,2505000,0.0,0.0
2013-01-15 00:00:00+08:00,602.99,622.33,601.31,609.72,2766000,0.0,0.0
2013-01-16 00:00:00+08:00,609.72,624.02,602.99,617.29,2043000,0.0,0.0
2013-01-17 00:00:00+08:00,624.02,629.06,604.67,604.67,2465000,0.0,0.0
2013-01-18 00:00:00+08:00,613.08,614.76,602.99,609.72,1646000,0.0,0.0
2013-01-21 00:00:00+08:00,610.56,626.54,610.56,617.29,2049000,0.0,0.0
2013-01-22 00:00:00+08:00,626.54,626.54,614.76,617.29,1595000,0.0,0.0
2013-01-23 00:00:00+08:00,617.29,619.81,602.15,618.13,2565000,0.0,0.0
2013-01-24 00:00:00+08:00,601.31,630.74,592.9,630.74,5140000,0.0,0.0
2013-01-25 00:00:00+08:00,623.17,629.9,616.45,624.02,2053000,0.0,0.0
2013-01-28 00:00:00+08:00,624.86,631.58,622.33,626.54,2212000,0.0,0.0
2013-01-29 00:00:00+08:00,633.27,670.27,630.74,670.27,4570000,0.0,0.0
2013-01-30 00:00:00+08:00,672.79,677.0,657.66,657.66,2663000,0.0,0.0
2013-01-31 00:00:00+08:00,660.18,666.91,645.88,650.09,2165000,0.0,0.0
2013-02-01 00:00:00+08:00,650.09,672.79,639.15,670.27,4505000,0.0,0.0
2013-02-04 00:00:00+08:00,673.63,676.16,665.22,669.43,2000000,0.0,0.0
2013-02-05 00:00:00+08:00,665.22,689.61,660.18,684.57,2556000,0.0,0.0
2013-02-06 00:00:00+08:00,680.36,687.09,677.0,677.0,2384000,0.0,0.0
2013-02-18 00:00:00+08:00,685.41,687.09,675.32,676.16,1342000,0.0,0.0
2013-02-19 00:00:00+08:00,681.2,703.07,679.52,702.23,2387000,0.0,0.0
2013-02-20 00:00:00+08:00,706.43,710.64,696.34,696.34,1545000,0.0,0.0
2013-02-21 00:00:00+08:00,696.34,703.07,677.84,680.36,2100000,0.0,0.0
2013-02-22 00:00:00+08:00,682.89,687.09,678.68,678.68,1380000,0.0,0.0
2013-02-25 00:00:00+08:00,683.73,686.25,671.11,673.63,1234000,0.0,0.0
2013-02-26 00:00:00+08:00,670.27,677.0,664.38,674.48,1358000,0.0,0.0
2013-02-27 00:00:00+08:00,677.0,679.52,666.91,672.79,1305000,0.0,0.0
2013-03-01 00:00:00+08:00,677.0,692.98,675.32,687.09,2019000,0.0,0.0
2013-03-04 00:00:00+08:00,687.93,689.61,679.52,679.52,931000,0.0,0.0
2013-03-05 00:00:00+08:00,686.25,687.09,673.63,685.41,1371000,0.0,0.0
2013-03-06 00:00:00+08:00,675.32,680.36,647.56,649.25,3968000,0.0,0.0
2013-03-07 00:00:00+08:00,649.25,655.97,634.95,642.52,3157000,0.0,0.0
2013-03-08 00:00:00+08:00,647.56,661.02,642.52,642.52,1675000,0.0,0.0
2013-03-11 00:00:00+08:00,645.88,651.77,639.99,640.84,1328000,0.0,0.0
2013-03-12 00:00:00+08:00,640.84,645.88,624.02,624.02,1870000,0.0,0.0
2013-03-13 00:00:00+08:00,632.43,634.11,621.49,622.33,1516000,0.0,0.0
2013-03-14 00:00:00+08:00,626.54,630.74,618.97,626.54,1279000,0.0,0.0
2013-03-15 00:00:00+08:00,634.11,660.18,632.43,655.13,2784000,0.0,0.0
2013-03-18 00:00:00+08:00,649.25,650.93,638.31,638.31,1244000,0.0,0.0
2013-03-19 00:00:00+08:00,638.31,638.31,622.33,631.58,2214000,0.0,0.0
2013-03-20 00:00:00+08:00,626.54,632.43,624.02,631.58,1482000,0.0,0.0
2013-03-21 00:00:00+08:00,634.95,640.84,631.58,631.58,1111000,0.0,0.0
2013-03-22 00:00:00+08:00,633.27,639.99,629.06,630.74,727000,0.0,0.0
2013-03-25 00:00:00+08:00,635.79,637.47,626.54,626.54,908000,0.0,0.0
2013-03-26 00:00:00+08:00,630.74,652.61,630.74,646.72,1819000,0.0,0.0
2013-03-27 00:00:00+08:00,647.56,663.54,643.36,657.66,1873000,0.0,0.0
2013-03-28 00:00:00+08:00,657.66,661.86,650.93,655.97,921000,0.0,0.0
2013-03-29 00:00:00+08:00,661.02,661.02,650.93,658.5,885000,0.0,0.0
2013-04-01 00:00:00+08:00,658.5,658.5,649.25,649.25,615000,0.0,0.0
2013-04-02 00:00:00+08:00,643.36,645.88,637.47,641.68,834000,0.0,0.0
2013-04-03 00:00:00+08:00,643.36,654.29,643.36,654.29,812000,0.0,0.0
2013-04-08 00:00:00+08:00,644.2,647.56,639.15,644.2,1076000,0.0,0.0
2013-04-09 00:00:00+08:00,644.2,661.86,644.2,648.4,1250000,0.0,0.0
2013-04-10 00:00:00+08:00,655.13,659.34,648.4,654.29,1113000,0.0,0.0
2013-04-11 00:00:00+08:00,657.66,670.27,657.66,665.22,1516000,0.0,0.0
2013-04-12 00:00:00+08:00,662.7,662.7,643.36,649.25,1507000,0.0,0.0
2013-04-15 00:00:00+08:00,647.56,649.25,628.22,643.36,1422000,0.0,0.0
2013-04-16 00:00:00+08:00,639.15,639.15,628.22,634.95,889000,0.0,0.0
2013-04-17 00:00:00+08:00,637.47,641.68,626.54,627.38,1058000,0.0,0.0
2013-04-18 00:00:00+08:00,614.76,618.13,597.1,607.2,1970000,0.0,0.0
2013-04-19 00:00:00+08:00,597.1,611.4,597.1,602.15,3301000,0.0,0.0
2013-04-22 00:00:00+08:00,602.15,607.2,593.74,595.42,2224000,0.0,0.0
2013-04-23 00:00:00+08:00,595.42,601.31,585.33,585.33,2889000,0.0,0.0
2013-04-24 00:00:00+08:00,590.38,597.94,590.38,593.74,1665000,0.0,0.0
2013-04-25 00:00:00+08:00,590.38,592.9,572.72,578.6,2735000,0.0,0.0
2013-04-26 00:00:00+08:00,618.97,618.97,618.97,618.97,1458000,0.0,0.0
2013-04-29 00:00:00+08:00,661.02,661.86,650.93,661.86,6013000,0.0,0.0
2013-04-30 00:00:00+08:00,665.22,684.57,661.02,677.84,3632000,0.0,0.0
2013-05-02 00:00:00+08:00,677.84,682.88,670.27,682.88,1768000,0.0,0.0
2013-05-03 00:00:00+08:00,685.41,686.25,681.2,681.2,2002000,0.0,0.0
2013-05-06 00:00:00+08:00,704.75,717.37,703.07,708.11,2778000,0.0,0.0
2013-05-07 00:00:00+08:00,708.96,711.48,700.55,706.43,1263000,0.0,0.0
2013-05-08 00:00:00+08:00,710.64,710.64,700.55,708.11,1033000,0.0,0.0
2013-05-09 00:00:00+08:00,714.0,719.05,712.32,714.84,1560000,0.0,0.0
2013-05-10 00:00:00+08:00,702.23,710.64,702.23,710.64,849000,0.0,0.0
2013-05-13 00:00:00+08:00,710.64,710.64,695.5,695.5,1066000,0.0,0.0
2013-05-14 00:00:00+08:00,695.5,714.84,695.5,714.84,1330000,0.0,0.0
2013-05-15 00:00:00+08:00,714.84,764.46,711.48,757.73,3939000,0.0,0.0
2013-05-16 00:00:00+08:00,765.3,806.51,765.3,804.83,3128000,0.0,0.0
2013-05-17 00:00:00+08:00,807.35,818.28,798.1,798.1,1647000,0.0,0.0
2013-05-20 00:00:00+08:00,795.58,804.83,792.21,794.74,752000,0.0,0.0
2013-05-21 00:00:00+08:00,803.15,837.63,803.15,825.01,1690000,0.0,0.0
2013-05-22 00:00:00+08:00,832.58,837.63,809.87,809.87,1393000,0.0,0.0
2013-05-23 00:00:00+08:00,805.67,807.35,780.44,782.12,1520000,0.0,0.0
2013-05-24 00:00:00+08:00,798.94,819.13,792.21,803.15,2060000,0.0,0.0
2013-05-27 00:00:00+08:00,811.56,822.49,809.87,812.4,814000,0.0,0.0
2013-05-28 00:00:00+08:00,819.97,845.2,814.92,840.99,2172000,0.0,0.0
2013-05-29 00:00:00+08:00,840.99,840.99,832.58,832.58,1012000,0.0,0.0
2013-05-30 00:00:00+08:00,826.69,845.2,823.33,825.85,1172000,0.0,0.0
2013-05-31 00:00:00+08:00,837.63,845.2,809.03,818.28,1664000,0.0,0.0
2013-06-03 00:00:00+08:00,803.15,811.56,798.94,806.51,1172000,0.0,0.0
2013-06-04 00:00:00+08:00,811.56,838.47,811.56,832.58,1526000,0.0,0.0
2013-06-05 00:00:00+08:00,838.47,838.47,825.01,833.42,833000,0.0,0.0
2013-06-06 00:00:00+08:00,829.22,832.58,814.08,825.85,1340000,0.0,0.0
2013-06-07 00:00:00+08:00,826.69,836.79,812.4,814.92,1464000,0.0,0.0
2013-06-10 00:00:00+08:00,829.22,870.43,829.22,870.43,3096000,0.0,0.0
2013-06-11 00:00:00+08:00,866.22,866.22,840.15,840.99,1622000,0.0,0.0
2013-06-13 00:00:00+08:00,830.06,834.26,793.9,799.78,2445000,0.0,0.0
2013-06-14 00:00:00+08:00,808.19,830.9,808.19,823.33,1711000,0.0,0.0
2013-06-17 00:00:00+08:00,832.58,849.4,832.58,840.99,1025000,0.0,0.0
2013-06-18 00:00:00+08:00,840.99,840.99,824.17,828.38,1214000,0.0,0.0
2013-06-19 00:00:00+08:00,840.99,845.2,828.38,829.22,1286000,0.0,0.0
2013-06-20 00:00:00+08:00,820.81,829.22,803.99,819.97,1873000,0.0,0.0
2013-06-21 00:00:00+08:00,803.15,811.56,765.3,775.39,3290000,0.0,0.0
2013-06-24 00:00:00+08:00,777.92,797.26,777.92,790.53,1471000,0.0,0.0
2013-06-25 00:00:00+08:00,790.53,796.42,756.89,774.55,2444000,0.0,0.0
2013-06-26 00:00:00+08:00,798.94,803.15,773.71,773.71,1695000,0.0,0.0
2013-06-27 00:00:00+08:00,782.96,788.85,766.98,783.8,1746000,0.0,0.0
2013-06-28 00:00:00+08:00,786.33,807.35,786.33,807.35,1721000,0.0,0.0
2013-07-01 00:00:00+08:00,807.35,834.26,798.94,827.54,1480000,0.0,0.0
2013-07-02 00:00:00+08:00,827.54,833.42,819.97,820.81,875000,0.0,0.0
2013-07-03 00:00:00+08:00,820.81,825.01,799.78,801.46,1005000,0.0,0.0
2013-07-04 00:00:00+08:00,811.56,811.56,769.51,771.19,2018000,0.0,0.0
2013-07-05 00:00:00+08:00,776.24,794.74,758.57,794.74,2291000,0.0,0.0
2013-07-08 00:00:00+08:00,802.31,805.67,766.14,773.71,1998000,0.0,0.0
2013-07-09 00:00:00+08:00,765.3,786.33,748.48,781.28,2171000,0.0,0.0
2013-07-10 00:00:00+08:00,786.33,803.99,781.28,798.94,2340000,0.0,0.0
2013-07-11 00:00:00+08:00,810.72,840.15,810.72,832.58,3040000,0.0,0.0
2013-07-12 00:00:00+08:00,830.9,837.63,815.76,815.76,1338000,0.0,0.0
2013-07-15 00:00:00+08:00,815.76,835.95,815.76,820.81,1314000,0.0,0.0
2013-07-16 00:00:00+08:00,832.58,838.47,824.17,826.69,1279000,0.0,0.0
2013-07-17 00:00:00+08:00,826.69,830.06,810.72,812.4,1237000,0.0,0.0
2013-07-18 00:00:00+08:00,813.24,823.33,780.44,783.8,1976000,0.0,0.0
2013-07-19 00:00:00+08:00,756.89,770.35,729.14,729.14,3994000,0.0,0.0
2013-07-22 00:00:00+08:00,729.14,742.6,721.57,734.19,2428000,0.0,0.0
2013-07-23 00:00:00+08:00,741.75,761.94,719.89,735.87,2890000,0.0,0.0
2013-07-24 00:00:00+08:00,745.96,766.98,745.96,748.48,2796000,0.0,0.0
2013-07-25 00:00:00+08:00,769.51,786.33,758.57,786.33,2864000,0.0,0.0
2013-07-26 00:00:00+08:00,840.99,840.99,840.99,840.99,1598000,0.0,0.0
2013-07-29 00:00:00+08:00,899.86,899.86,857.81,870.43,5005000,0.0,0.0
2013-07-30 00:00:00+08:00,883.04,904.07,883.04,904.07,2298000,0.0,0.0
2013-07-31 00:00:00+08:00,899.86,899.86,870.43,874.63,1350000,0.0,0.0
2013-08-01 00:00:00+08:00,874.63,883.04,870.43,878.84,795000,0.0,0.0
2013-08-02 00:00:00+08:00,883.04,891.45,862.02,870.43,1040000,0.0,0.0
2013-08-05 00:00:00+08:00,891.45,891.45,874.63,891.45,821000,0.0,0.0
2013-08-06 00:00:00+08:00,891.45,891.45,857.81,874.63,1168000,0.0,0.0
2013-08-07 00:00:00+08:00,853.61,870.43,849.4,857.81,804000,0.0,0.0
2013-08-08 00:00:00+08:00,870.43,883.04,862.02,883.04,976000,0.0,0.0
2013-08-09 00:00:00+08:00,878.84,878.84,866.22,874.63,464000,0.0,0.0
2013-08-12 00:00:00+08:00,883.04,912.48,874.63,904.07,1732000,0.0,0.0
2013-08-13 00:00:00+08:00,904.07,941.91,895.66,941.91,2015000,0.0,0.0
2013-08-14 00:00:00+08:00,941.91,950.32,929.3,929.3,799000,0.0,0.0
2013-08-15 00:00:00+08:00,916.68,933.5,895.66,904.07,1220000,0.0,0.0
2013-08-16 00:00:00+08:00,895.66,916.68,891.45,912.48,951000,0.0,0.0
2013-08-19 00:00:00+08:00,916.68,920.89,891.45,912.48,1225000,0.0,0.0
2013-08-20 00:00:00+08:00,916.68,916.68,878.84,887.25,1063000,0.0,0.0
2013-08-22 00:00:00+08:00,883.04,908.27,874.63,908.27,1688000,0.0,0.0
2013-08-23 00:00:00+08:00,918.52,918.52,888.62,888.62,1569000,17.0,0.0
2013-08-26 00:00:00+08:00,892.89,909.98,888.62,905.71,1051000,0.0,0.0
2013-08-27 00:00:00+08:00,901.44,905.71,847.61,847.61,1581000,0.0,0.0
2013-08-28 00:00:00+08:00,847.61,880.07,841.62,867.26,2007000,0.0,0.0
2013-08-29 00:00:00+08:00,867.26,880.07,862.99,871.53,712000,0.0,0.0
2013-08-30 00:00:00+08:00,880.07,892.89,867.26,892.89,1449000,0.0,0.0
2013-09-02 00:00:00+08:00,892.89,892.89,880.07,888.62,611000,0.0,0.0
2013-09-03 00:00:00+08:00,897.16,909.98,888.62,897.16,879000,0.0,0.0
2013-09-04 00:00:00+08:00,901.44,901.44,880.07,884.35,695000,0.0,0.0
2013-09-05 00:00:00+08:00,897.16,901.44,880.07,897.16,1443000,0.0,0.0
2013-09-06 00:00:00+08:00,897.16,897.16,854.44,862.99,2057000,0.0,0.0
2013-09-09 00:00:00+08:00,871.53,880.07,862.99,862.99,884000,0.0,0.0
2013-09-10 00:00:00+08:00,875.8,880.07,862.99,862.99,736000,0.0,0.0
2013-09-11 00:00:00+08:00,867.26,867.26,803.17,807.45,4488000,0.0,0.0
2013-09-12 00:00:00+08:00,786.09,809.16,774.12,804.88,3399000,0.0,0.0
2013-09-13 00:00:00+08:00,804.88,815.99,799.76,803.17,1614000,0.0,0.0
2013-09-16 00:00:00+08:00,815.14,854.44,812.57,854.44,3044000,0.0,0.0
2013-09-17 00:00:00+08:00,846.75,849.31,829.66,845.9,2041000,0.0,0.0
2013-09-18 00:00:00+08:00,848.46,858.71,841.62,841.62,1158000,0.0,0.0
2013-09-23 00:00:00+08:00,845.9,850.17,838.21,850.17,1017000,0.0,0.0
2013-09-24 00:00:00+08:00,867.26,884.35,862.99,862.99,1977000,0.0,0.0
2013-09-25 00:00:00+08:00,862.99,867.26,851.88,867.26,896000,0.0,0.0
2013-09-26 00:00:00+08:00,867.26,867.26,837.35,844.19,1267000,0.0,0.0
2013-09-27 00:00:00+08:00,837.35,850.17,837.35,849.31,777000,0.0,0.0
2013-09-30 00:00:00+08:00,841.62,851.88,839.06,850.17,728000,0.0,0.0
2013-10-01 00:00:00+08:00,850.17,858.71,847.61,851.02,818000,0.0,0.0
2013-10-02 00:00:00+08:00,854.44,862.99,845.9,845.9,518000,0.0,0.0
2013-10-03 00:00:00+08:00,845.9,880.07,845.9,871.53,1329000,0.0,0.0
2013-10-04 00:00:00+08:00,871.53,880.07,862.99,880.07,796000,0.0,0.0
2013-10-07 00:00:00+08:00,871.53,871.53,854.44,854.44,951000,0.0,0.0
2013-10-08 00:00:00+08:00,854.44,862.99,847.61,854.44,556000,0.0,0.0
2013-10-09 00:00:00+08:00,848.46,854.44,846.75,850.17,817000,0.0,0.0
2013-10-11 00:00:00+08:00,862.99,867.26,850.17,850.17,932000,0.0,0.0
2013-10-14 00:00:00+08:00,845.9,851.88,821.97,828.81,1138000,0.0,0.0
2013-10-15 00:00:00+08:00,833.08,851.02,833.08,848.46,790000,0.0,0.0
2013-10-16 00:00:00+08:00,846.75,851.88,811.72,820.26,1314000,0.0,0.0
2013-10-17 00:00:00+08:00,833.08,839.06,821.12,827.1,1086000,0.0,0.0
2013-10-18 00:00:00+08:00,827.1,833.08,822.83,831.37,646000,0.0,0.0
2013-10-21 00:00:00+08:00,837.35,848.46,831.37,845.04,700000,0.0,0.0
2013-10-22 00:00:00+08:00,851.02,851.88,839.06,843.33,650000,0.0,0.0
2013-10-23 00:00:00+08:00,853.59,858.71,839.06,839.06,893000,0.0,0.0
2013-10-24 00:00:00+08:00,848.46,862.99,842.48,858.71,1092000,0.0,0.0
2013-10-25 00:00:00+08:00,854.44,858.71,842.48,845.9,672000,0.0,0.0
2013-10-28 00:00:00+08:00,845.9,862.99,845.04,845.9,680000,0.0,0.0
2013-10-29 00:00:00+08:00,852.73,858.71,845.04,858.71,778000,0.0,0.0
2013-10-30 00:00:00+08:00,858.71,862.99,851.02,854.44,599000,0.0,0.0
2013-10-31 00:00:00+08:00,854.44,854.44,827.1,854.44,1779000,0.0,0.0
2013-11-01 00:00:00+08:00,862.99,867.26,843.33,851.88,1626000,0.0,0.0
2013-11-04 00:00:00+08:00,851.02,851.02,837.35,849.31,536000,0.0,0.0
2013-11-05 00:00:00+08:00,853.59,875.8,851.88,858.71,1313000,0.0,0.0
2013-11-06 00:00:00+08:00,858.71,858.71,839.92,847.61,1050000,0.0,0.0
2013-11-07 00:00:00+08:00,846.75,862.99,845.9,858.71,657000,0.0,0.0
2013-11-08 00:00:00+08:00,854.44,858.71,850.17,858.71,517000,0.0,0.0
2013-11-11 00:00:00+08:00,858.71,862.99,851.02,858.71,256000,0.0,0.0
2013-11-12 00:00:00+08:00,858.71,862.99,842.48,852.73,771000,0.0,0.0
2013-11-13 00:00:00+08:00,852.73,858.71,848.46,848.46,469000,0.0,0.0
2013-11-14 00:00:00+08:00,850.17,858.71,847.61,851.02,346000,0.0,0.0
2013-11-15 00:00:00+08:00,858.71,858.71,848.46,849.31,388000,0.0,0.0
2013-11-18 00:00:00+08:00,850.17,858.71,850.17,858.71,329000,0.0,0.0
2013-11-19 00:00:00+08:00,862.99,918.52,854.44,909.98,2426000,0.0,0.0
2013-11-20 00:00:00+08:00,918.52,931.34,901.44,901.44,1087000,0.0,0.0
2013-11-21 00:00:00+08:00,901.44,905.71,858.71,858.71,1139000,0.0,0.0
2013-11-22 00:00:00+08:00,862.99,875.8,858.71,858.71,715000,0.0,0.0
2013-11-25 00:00:00+08:00,871.53,875.8,867.26,875.8,335000,0.0,0.0
2013-11-26 00:00:00+08:00,880.07,892.89,871.53,892.89,703000,0.0,0.0
2013-11-27 00:00:00+08:00,892.89,892.89,884.35,888.62,333000,0.0,0.0
2013-11-28 00:00:00+08:00,892.89,901.44,880.07,884.35,684000,0.0,0.0
2013-11-29 00:00:00+08:00,884.35,914.25,884.35,901.44,965000,0.0,0.0
2013-12-02 00:00:00+08:00,901.44,909.98,892.89,901.44,466000,0.0,0.0
2013-12-03 00:00:00+08:00,901.44,914.25,888.62,914.25,492000,0.0,0.0
2013-12-04 00:00:00+08:00,914.25,922.8,905.71,918.52,571000,0.0,0.0
2013-12-05 00:00:00+08:00,922.8,948.43,914.25,922.8,1555000,0.0,0.0
2013-12-06 00:00:00+08:00,931.34,965.52,918.52,965.52,2000000,0.0,0.0
2013-12-09 00:00:00+08:00,974.06,978.33,944.16,944.16,973000,0.0,0.0
2013-12-10 00:00:00+08:00,956.97,974.06,952.7,974.06,608000,0.0,0.0
2013-12-11 00:00:00+08:00,974.06,1016.78,974.06,999.7,1409000,0.0,0.0
2013-12-12 00:00:00+08:00,995.42,999.7,974.06,978.33,691000,0.0,0.0
2013-12-13 00:00:00+08:00,978.33,982.61,961.25,961.25,513000,0.0,0.0
2013-12-16 00:00:00+08:00,961.25,961.25,948.43,948.43,426000,0.0,0.0
2013-12-17 00:00:00+08:00,961.25,982.61,956.97,982.61,651000,0.0,0.0
2013-12-18 00:00:00+08:00,986.88,999.7,982.61,995.42,1020000,0.0,0.0
2013-12-19 00:00:00+08:00,1003.97,1012.51,978.33,978.33,732000,0.0,0.0
2013-12-20 00:00:00+08:00,995.42,1021.06,986.88,1016.78,1176000,0.0,0.0
2013-12-23 00:00:00+08:00,1016.78,1042.42,1016.78,1033.87,829000,0.0,0.0
2013-12-24 00:00:00+08:00,1038.15,1055.23,1029.6,1029.6,807000,0.0,0.0
2013-12-25 00:00:00+08:00,1029.6,1042.42,999.7,1021.06,580000,0.0,0.0
2013-12-26 00:00:00+08:00,1012.51,1025.33,1008.24,1025.33,336000,0.0,0.0
2013-12-27 00:00:00+08:00,1033.87,1033.87,1021.06,1025.33,579000,0.0,0.0
2013-12-30 00:00:00+08:00,1033.87,1050.96,1029.6,1050.96,605000,0.0,0.0
2013-12-31 00:00:00+08:00,1055.23,1068.05,1033.87,1038.15,715000,0.0,0.0
2014-01-02 00:00:00+08:00,1038.15,1050.96,1025.33,1029.6,714000,0.0,0.0
2014-01-03 00:00:00+08:00,1029.6,1038.15,1016.78,1038.15,962000,0.0,0.0
2014-01-06 00:00:00+08:00,1038.15,1038.15,991.15,1003.97,1287000,0.0,0.0
2014-01-07 00:00:00+08:00,1012.51,1012.51,995.42,1008.24,1051000,0.0,0.0
2014-01-08 00:00:00+08:00,1012.51,1012.51,944.16,969.79,1521000,0.0,0.0
2014-01-09 00:00:00+08:00,965.52,982.61,948.43,965.52,1152000,0.0,0.0
2014-01-10 00:00:00+08:00,982.61,986.88,965.52,982.61,956000,0.0,0.0
2014-01-13 00:00:00+08:00,991.15,1012.51,982.61,982.61,802000,0.0,0.0
2014-01-14 00:00:00+08:00,978.33,982.61,952.7,952.7,699000,0.0,0.0
2014-01-15 00:00:00+08:00,965.52,1016.78,965.52,1016.78,1735000,0.0,0.0
2014-01-16 00:00:00+08:00,1016.78,1021.06,999.7,1003.97,832000,0.0,0.0
2014-01-17 00:00:00+08:00,999.7,1042.42,999.7,1033.87,1095000,0.0,0.0
2014-01-20 00:00:00+08:00,1029.6,1068.05,1029.6,1050.96,976000,0.0,0.0
2014-01-21 00:00:00+08:00,1055.23,1072.32,1046.69,1068.05,927000,0.0,0.0
2014-01-22 00:00:00+08:00,1072.32,1072.32,1046.69,1063.78,842000,0.0,0.0
2014-01-23 00:00:00+08:00,1063.78,1063.78,991.15,1012.51,2326000,0.0,0.0
2014-01-24 00:00:00+08:00,1029.6,1038.15,991.15,991.15,1420000,0.0,0.0
2014-01-27 00:00:00+08:00,978.33,1021.06,974.06,995.42,1008000,0.0,0.0
2014-02-05 00:00:00+08:00,969.79,986.88,956.97,978.33,1046000,0.0,0.0
2014-02-06 00:00:00+08:00,969.79,982.61,952.7,982.61,1273000,0.0,0.0
2014-02-07 00:00:00+08:00,995.42,999.7,982.61,982.61,528000,0.0,0.0
2014-02-10 00:00:00+08:00,995.42,1016.78,995.42,995.42,878000,0.0,0.0
2014-02-11 00:00:00+08:00,1003.97,1029.6,991.15,1021.06,905000,0.0,0.0
2014-02-12 00:00:00+08:00,1025.33,1038.15,1021.06,1038.15,820000,0.0,0.0
2014-02-13 00:00:00+08:00,1038.15,1038.15,1016.78,1016.78,346000,0.0,0.0
2014-02-14 00:00:00+08:00,1033.87,1033.87,1012.51,1012.51,382000,0.0,0.0
2014-02-17 00:00:00+08:00,1003.97,1016.78,1003.97,1003.97,353000,0.0,0.0
2014-02-18 00:00:00+08:00,1012.51,1012.51,986.88,995.42,531000,0.0,0.0
2014-02-19 00:00:00+08:00,999.7,1025.33,995.42,999.7,708000,0.0,0.0
2014-02-20 00:00:00+08:00,1008.24,1012.51,991.15,995.42,570000,0.0,0.0
2014-02-21 00:00:00+08:00,1033.87,1063.78,1033.87,1063.78,1714000,0.0,0.0
2014-02-24 00:00:00+08:00,1063.78,1080.87,1059.51,1063.78,1219000,0.0,0.0
2014-02-25 00:00:00+08:00,1072.32,1080.87,1055.23,1055.23,576000,0.0,0.0
2014-02-26 00:00:00+08:00,1063.78,1127.86,1059.51,1127.86,1640000,0.0,0.0
2014-02-27 00:00:00+08:00,1127.86,1200.49,1127.86,1149.22,2251000,0.0,0.0
2014-03-03 00:00:00+08:00,1179.13,1187.67,1149.22,1179.13,1206000,0.0,0.0
2014-03-04 00:00:00+08:00,1183.4,1196.22,1166.31,1179.13,901000,0.0,0.0
2014-03-05 00:00:00+08:00,1204.76,1234.67,1183.4,1187.67,1223000,0.0,0.0
2014-03-06 00:00:00+08:00,1187.67,1209.03,1179.13,1187.67,871000,0.0,0.0
2014-03-07 00:00:00+08:00,1200.49,1217.58,1162.04,1170.58,1134000,0.0,0.0
2014-03-10 00:00:00+08:00,1174.86,1187.67,1166.31,1179.13,626000,0.0,0.0
2014-03-11 00:00:00+08:00,1196.22,1196.22,1174.86,1174.86,507000,0.0,0.0
2014-03-12 00:00:00+08:00,1179.13,1204.76,1174.86,1191.94,723000,0.0,0.0
2014-03-13 00:00:00+08:00,1209.03,1209.03,1187.67,1196.22,641000,0.0,0.0
2014-03-14 00:00:00+08:00,1179.13,1200.49,1179.13,1200.49,414000,0.0,0.0
2014-03-17 00:00:00+08:00,1204.76,1204.76,1179.13,1179.13,351000,0.0,0.0
2014-03-18 00:00:00+08:00,1191.95,1196.22,1174.86,1174.86,526000,0.0,0.0
2014-03-19 00:00:00+08:00,1200.49,1221.85,1187.67,1209.03,1281000,0.0,0.0
2014-03-20 00:00:00+08:00,1200.49,1200.49,1183.4,1183.4,459000,0.0,0.0
2014-03-21 00:00:00+08:00,1191.94,1196.22,1136.41,1153.5,1171000,0.0,0.0
2014-03-24 00:00:00+08:00,1144.95,1170.58,1140.68,1170.58,454000,0.0,0.0
2014-03-25 00:00:00+08:00,1170.58,1179.13,1157.77,1170.58,412000,0.0,0.0
2014-03-26 00:00:00+08:00,1179.13,1226.12,1174.86,1213.31,1048000,0.0,0.0
2014-03-27 00:00:00+08:00,1213.31,1226.12,1200.49,1226.12,756000,0.0,0.0
2014-03-28 00:00:00+08:00,1226.12,1251.76,1213.31,1213.31,730000,0.0,0.0
2014-03-31 00:00:00+08:00,1234.67,1243.21,1221.85,1230.4,509000,0.0,0.0
2014-04-01 00:00:00+08:00,1238.94,1285.93,1234.67,1264.57,1302000,0.0,0.0
2014-04-02 00:00:00+08:00,1268.84,1311.57,1268.84,1303.02,1142000,0.0,0.0
2014-04-03 00:00:00+08:00,1303.02,1328.66,1273.12,1290.21,922000,0.0,0.0
2014-04-07 00:00:00+08:00,1273.12,1298.75,1268.84,1277.39,612000,0.0,0.0
2014-04-08 00:00:00+08:00,1362.83,1362.83,1345.74,1362.83,1476000,0.0,0.0
2014-04-09 00:00:00+08:00,1375.65,1409.83,1362.83,1401.28,1126000,0.0,0.0
2014-04-10 00:00:00+08:00,1409.83,1439.73,1375.65,1388.47,1075000,0.0,0.0
2014-04-11 00:00:00+08:00,1375.65,1401.28,1367.11,1397.01,843000,0.0,0.0
2014-04-14 00:00:00+08:00,1392.74,1392.74,1315.84,1320.11,768000,0.0,0.0
2014-04-15 00:00:00+08:00,1324.38,1375.65,1324.38,1354.29,1122000,0.0,0.0
2014-04-16 00:00:00+08:00,1350.02,1384.19,1328.66,1367.11,880000,0.0,0.0
2014-04-17 00:00:00+08:00,1384.19,1392.74,1367.11,1367.11,653000,0.0,0.0
2014-04-18 00:00:00+08:00,1371.38,1379.92,1354.29,1367.11,420000,0.0,0.0
2014-04-21 00:00:00+08:00,1367.11,1392.74,1367.11,1375.65,322000,0.0,0.0
2014-04-22 00:00:00+08:00,1392.74,1469.64,1384.19,1465.37,1354000,0.0,0.0
2014-04-23 00:00:00+08:00,1469.64,1495.27,1439.73,1444.01,1238000,0.0,0.0
2014-04-24 00:00:00+08:00,1469.64,1508.09,1461.09,1499.54,1284000,0.0,0.0
2014-04-25 00:00:00+08:00,1602.08,1602.08,1602.08,1602.08,1931000,0.0,0.0
2014-04-28 00:00:00+08:00,1653.34,1700.34,1631.98,1700.34,1536000,0.0,0.0
2014-04-29 00:00:00+08:00,1696.07,1700.34,1653.34,1657.62,1091000,0.0,0.0
2014-04-30 00:00:00+08:00,1644.8,1674.7,1610.62,1610.62,998000,0.0,0.0
2014-05-02 00:00:00+08:00,1614.89,1674.7,1606.35,1674.7,954000,0.0,0.0
2014-05-05 00:00:00+08:00,1683.25,1704.61,1666.16,1691.79,500000,0.0,0.0
2014-05-06 00:00:00+08:00,1725.97,1751.6,1691.79,1708.88,1128000,0.0,0.0
2014-05-07 00:00:00+08:00,1700.34,1713.15,1657.62,1670.43,1254000,0.0,0.0
2014-05-08 00:00:00+08:00,1674.7,1687.52,1653.34,1653.34,781000,0.0,0.0
2014-05-09 00:00:00+08:00,1661.89,1670.43,1631.98,1649.07,445000,0.0,0.0
2014-05-12 00:00:00+08:00,1649.07,1670.43,1640.53,1657.62,506000,0.0,0.0
2014-05-13 00:00:00+08:00,1670.43,1678.98,1623.44,1627.71,725000,0.0,0.0
2014-05-14 00:00:00+08:00,1636.25,1640.53,1606.35,1623.44,600000,0.0,0.0
2014-05-15 00:00:00+08:00,1623.44,1649.07,1614.89,1649.07,556000,0.0,0.0
2014-05-16 00:00:00+08:00,1640.53,1644.8,1602.08,1636.25,1098000,0.0,0.0
2014-05-19 00:00:00+08:00,1640.53,1691.79,1640.53,1691.79,931000,0.0,0.0
2014-05-20 00:00:00+08:00,1704.61,1708.88,1661.89,1674.7,1955000,0.0,0.0
2014-05-21 00:00:00+08:00,1674.7,1691.79,1666.16,1666.16,426000,0.0,0.0
2014-05-22 00:00:00+08:00,1683.25,1696.07,1674.7,1696.07,361000,0.0,0.0
2014-05-23 00:00:00+08:00,1704.61,1790.05,1704.61,1777.24,1437000,0.0,0.0
2014-05-26 00:00:00+08:00,1785.78,1785.78,1734.52,1734.52,648000,0.0,0.0
2014-05-27 00:00:00+08:00,1734.52,1747.33,1691.79,1696.07,801000,0.0,0.0
2014-05-28 00:00:00+08:00,1704.61,1730.24,1700.34,1721.7,587000,0.0,0.0
2014-05-29 00:00:00+08:00,1738.79,1738.79,1687.52,1696.07,724000,0.0,0.0
2014-05-30 00:00:00+08:00,1704.61,1713.15,1674.7,1674.7,698000,0.0,0.0
2014-06-03 00:00:00+08:00,1687.52,1691.79,1657.62,1657.62,648000,0.0,0.0
2014-06-04 00:00:00+08:00,1661.89,1713.15,1653.34,1691.79,745000,0.0,0.0
2014-06-05 00:00:00+08:00,1687.52,1704.61,1683.25,1696.07,499000,0.0,0.0
2014-06-06 00:00:00+08:00,1734.51,1760.15,1717.43,1747.33,1270000,0.0,0.0
2014-06-09 00:00:00+08:00,1751.6,1755.88,1734.52,1738.79,414000,0.0,0.0
2014-06-10 00:00:00+08:00,1755.88,1772.96,1751.6,1764.42,561000,0.0,0.0
2014-06-11 00:00:00+08:00,1768.69,1785.78,1764.42,1777.24,439000,0.0,0.0
2014-06-12 00:00:00+08:00,1777.24,1777.24,1743.06,1760.15,313000,0.0,0.0
2014-06-13 00:00:00+08:00,1751.6,1764.42,1734.52,1751.6,463000,0.0,0.0
2014-06-16 00:00:00+08:00,1764.42,1764.42,1738.79,1738.79,437000,0.0,0.0
2014-06-17 00:00:00+08:00,1751.6,1785.78,1743.06,1781.51,584000,0.0,0.0
2014-06-18 00:00:00+08:00,1790.05,1790.05,1725.97,1751.6,913000,0.0,0.0
2014-06-19 00:00:00+08:00,1777.24,1871.23,1764.42,1871.23,1451000,0.0,0.0
2014-06-20 00:00:00+08:00,1871.23,1884.04,1858.41,1866.95,890000,0.0,0.0
2014-06-23 00:00:00+08:00,1884.04,1973.76,1871.23,1926.76,1229000,0.0,0.0
2014-06-24 00:00:00+08:00,1931.04,1952.4,1875.5,1888.31,884000,0.0,0.0
2014-06-25 00:00:00+08:00,1871.23,1918.22,1862.68,1896.86,654000,0.0,0.0
2014-06-26 00:00:00+08:00,1922.49,1926.76,1896.86,1909.68,517000,0.0,0.0
2014-06-27 00:00:00+08:00,1922.49,1926.76,1905.4,1918.22,386000,0.0,0.0
2014-06-30 00:00:00+08:00,1935.31,2033.57,1931.04,2033.57,1061000,0.0,0.0
2014-07-01 00:00:00+08:00,2020.75,2020.75,1986.58,1986.58,750000,0.0,0.0
2014-07-02 00:00:00+08:00,2003.66,2063.47,1982.3,1990.85,1301000,0.0,0.0
2014-07-03 00:00:00+08:00,2007.94,2046.39,2007.94,2046.39,922000,0.0,0.0
2014-07-04 00:00:00+08:00,2059.2,2076.29,2025.03,2025.03,678000,0.0,0.0
2014-07-07 00:00:00+08:00,2050.66,2093.38,2033.57,2072.02,905000,0.0,0.0
2014-07-08 00:00:00+08:00,2059.2,2089.11,2059.2,2084.84,588000,0.0,0.0
2014-07-09 00:00:00+08:00,2067.75,2072.02,2012.21,2020.75,968000,0.0,0.0
2014-07-10 00:00:00+08:00,2046.39,2127.56,2046.39,2119.01,1442000,0.0,0.0
2014-07-11 00:00:00+08:00,2114.74,2183.1,2089.11,2131.83,1327000,0.0,0.0
2014-07-14 00:00:00+08:00,2140.37,2187.37,2140.37,2187.37,803000,0.0,0.0
2014-07-15 00:00:00+08:00,2191.64,2230.09,2187.37,2195.91,893000,0.0,0.0
2014-07-16 00:00:00+08:00,2213.0,2255.72,2191.64,2251.45,933000,0.0,0.0
2014-07-17 00:00:00+08:00,2247.18,2247.18,2106.2,2161.74,1560000,0.0,0.0
2014-07-18 00:00:00+08:00,2119.01,2119.01,2033.57,2033.57,2139000,0.0,0.0
2014-07-21 00:00:00+08:00,2110.47,2161.74,2084.84,2144.65,1276000,0.0,0.0
2014-07-22 00:00:00+08:00,2136.1,2153.19,2114.74,2131.83,728000,0.0,0.0
2014-07-23 00:00:00+08:00,2131.83,2131.83,2131.83,2131.83,0,0.0,0.0
2014-07-24 00:00:00+08:00,2170.28,2187.37,2101.92,2110.47,903000,0.0,0.0
2014-07-25 00:00:00+08:00,2106.2,2136.1,1965.21,1965.21,2019000,0.0,0.0
2014-07-28 00:00:00+08:00,1926.76,2007.94,1896.86,1926.76,1546000,0.0,0.0
2014-07-29 00:00:00+08:00,1986.58,2007.94,1935.31,1973.76,1375000,0.0,0.0
2014-07-30 00:00:00+08:00,1990.85,2016.48,1969.49,2003.66,879000,0.0,0.0
2014-07-31 00:00:00+08:00,2007.94,2016.48,1978.03,1990.85,814000,0.0,0.0
2014-08-01 00:00:00+08:00,1935.31,1999.39,1935.31,1986.58,766000,0.0,0.0
2014-08-04 00:00:00+08:00,2003.66,2050.66,1986.57,2050.66,812000,0.0,0.0
2014-08-05 00:00:00+08:00,2050.66,2076.29,1948.13,1973.76,1347000,0.0,0.0
2014-08-06 00:00:00+08:00,2007.94,2016.48,1909.68,1986.58,1339000,0.0,0.0
2014-08-07 00:00:00+08:00,2003.66,2033.57,1943.85,1948.13,747000,0.0,0.0
2014-08-08 00:00:00+08:00,1965.21,2042.11,1922.49,2042.11,1224000,0.0,0.0
2014-08-11 00:00:00+08:00,2042.11,2089.11,2012.21,2080.56,1287000,0.0,0.0
2014-08-12 00:00:00+08:00,2084.84,2093.38,2067.75,2076.29,861000,0.0,0.0
2014-08-13 00:00:00+08:00,2080.56,2106.2,2072.02,2072.02,539000,0.0,0.0
2014-08-14 00:00:00+08:00,2101.92,2101.92,2042.11,2046.39,518000,0.0,0.0
2014-08-15 00:00:00+08:00,2054.93,2089.11,2050.66,2089.11,599000,0.0,0.0
2014-08-18 00:00:00+08:00,2089.11,2097.65,2037.84,2046.39,304000,0.0,0.0
2014-08-19 00:00:00+08:00,2063.47,2119.01,2063.47,2101.92,773000,0.0,0.0
2014-08-20 00:00:00+08:00,2106.2,2119.01,2072.02,2084.84,685000,0.0,0.0
2014-08-21 00:00:00+08:00,2083.54,2096.51,2057.6,2061.93,631000,28.5,0.0
2014-08-22 00:00:00+08:00,2083.54,2139.73,2083.54,2118.12,757000,0.0,0.0
2014-08-25 00:00:00+08:00,2126.77,2131.09,2105.15,2126.77,400000,0.0,0.0
2014-08-26 00:00:00+08:00,2126.77,2221.86,2126.77,2204.57,1222000,0.0,0.0
2014-08-27 00:00:00+08:00,2217.54,2252.12,2178.64,2195.93,921000,0.0,0.0
2014-08-28 00:00:00+08:00,2204.57,2217.54,2161.35,2174.32,612000,0.0,0.0
2014-08-29 00:00:00+08:00,2182.96,2182.96,2131.09,2139.73,676000,0.0,0.0
2014-09-01 00:00:00+08:00,2157.02,2195.93,2157.02,2169.99,447000,0.0,0.0
2014-09-02 00:00:00+08:00,2182.96,2182.96,2079.22,2079.22,975000,0.0,0.0
2014-09-03 00:00:00+08:00,2100.83,2131.09,2061.93,2079.22,908000,0.0,0.0
2014-09-04 00:00:00+08:00,2061.93,2118.12,2035.99,2118.12,787000,0.0,0.0
2014-09-05 00:00:00+08:00,2126.77,2131.09,2066.25,2087.86,958000,0.0,0.0
2014-09-09 00:00:00+08:00,2144.06,2152.7,2096.51,2109.48,752000,0.0,0.0
2014-09-10 00:00:00+08:00,2105.15,2113.8,2079.22,2113.8,506000,0.0,0.0
2014-09-11 00:00:00+08:00,2135.41,2135.41,2074.89,2074.89,487000,0.0,0.0
2014-09-12 00:00:00+08:00,2061.93,2061.93,1932.24,1945.21,2054000,0.0,0.0
2014-09-15 00:00:00+08:00,1945.21,1997.08,1945.21,1971.15,1438000,0.0,0.0
2014-09-16 00:00:00+08:00,1979.79,1997.09,1949.54,1949.54,695000,0.0,0.0
2014-09-17 00:00:00+08:00,1962.5,2053.28,1962.5,2031.67,1298000,0.0,0.0
2014-09-18 00:00:00+08:00,2044.63,2053.28,2010.05,2040.31,750000,0.0,0.0
2014-09-19 00:00:00+08:00,2053.28,2074.89,2040.31,2074.89,682000,0.0,0.0
2014-09-22 00:00:00+08:00,2061.93,2066.25,2014.38,2023.02,678000,0.0,0.0
2014-09-23 00:00:00+08:00,2005.73,2031.67,1971.15,1971.15,764000,0.0,0.0
2014-09-24 00:00:00+08:00,1971.15,2018.7,1953.86,1958.18,763000,0.0,0.0
2014-09-25 00:00:00+08:00,1979.79,2005.73,1824.18,1824.18,1659000,0.0,0.0
2014-09-26 00:00:00+08:00,1780.95,1811.21,1716.11,1806.89,2099000,0.0,0.0
2014-09-29 00:00:00+08:00,1824.18,1932.24,1789.6,1927.92,1796000,0.0,0.0
2014-09-30 00:00:00+08:00,1932.24,1936.57,1837.15,1884.7,1477000,0.0,0.0
2014-10-01 00:00:00+08:00,1884.69,1966.83,1867.4,1910.63,1463000,0.0,0.0
2014-10-02 00:00:00+08:00,1897.66,1966.83,1889.02,1962.5,1075000,0.0,0.0
2014-10-03 00:00:00+08:00,2001.41,2092.18,2001.41,2066.25,1845000,0.0,0.0
2014-10-06 00:00:00+08:00,2092.18,2118.12,2048.96,2048.96,1555000,0.0,0.0
2014-10-07 00:00:00+08:00,2048.96,2053.28,1979.79,1992.76,1286000,0.0,0.0
2014-10-08 00:00:00+08:00,1988.44,2044.63,1966.83,1966.83,1136000,0.0,0.0
2014-10-09 00:00:00+08:00,2031.67,2040.31,1966.83,1966.83,1097000,0.0,0.0
2014-10-13 00:00:00+08:00,1919.28,1984.12,1910.63,1966.83,1101000,0.0,0.0
2014-10-14 00:00:00+08:00,1971.15,2014.38,1962.5,1966.83,964000,0.0,0.0
2014-10-15 00:00:00+08:00,1966.83,1992.76,1845.79,1914.95,2037000,0.0,0.0
2014-10-16 00:00:00+08:00,1914.95,2010.05,1867.4,2005.73,1811000,0.0,0.0
2014-10-17 00:00:00+08:00,1984.12,1984.12,1867.4,1867.4,2594000,0.0,0.0
2014-10-20 00:00:00+08:00,1901.99,1901.99,1780.95,1863.08,2523000,0.0,0.0
2014-10-21 00:00:00+08:00,1867.4,1901.99,1824.18,1858.76,1251000,0.0,0.0
2014-10-22 00:00:00+08:00,1901.99,1914.95,1772.3,1772.3,2067000,0.0,0.0
2014-10-23 00:00:00+08:00,1750.69,1819.85,1737.72,1750.69,1956000,0.0,0.0
2014-10-24 00:00:00+08:00,1772.3,1785.27,1733.4,1755.01,1331000,0.0,0.0
2014-10-27 00:00:00+08:00,1772.31,1780.95,1685.85,1685.85,1971000,0.0,0.0
2014-10-28 00:00:00+08:00,1724.76,1802.56,1672.88,1798.24,2179000,0.0,0.0
2014-10-29 00:00:00+08:00,1815.53,1867.4,1802.56,1832.82,1672000,0.0,0.0
2014-10-30 00:00:00+08:00,1832.82,1837.15,1802.56,1811.21,900000,0.0,0.0
2014-10-31 00:00:00+08:00,1828.5,1854.44,1828.5,1845.79,836000,0.0,0.0
2014-11-03 00:00:00+08:00,1863.08,1927.92,1850.11,1910.63,1279000,0.0,0.0
2014-11-04 00:00:00+08:00,1910.63,1927.92,1867.4,1867.4,1525000,0.0,0.0
2014-11-05 00:00:00+08:00,1893.34,1893.34,1798.24,1802.56,1145000,0.0,0.0
2014-11-06 00:00:00+08:00,1837.15,1850.11,1733.4,1737.72,1803000,0.0,0.0
2014-11-07 00:00:00+08:00,1742.05,1858.76,1742.05,1854.44,1649000,0.0,0.0
2014-11-10 00:00:00+08:00,1863.08,1919.28,1824.18,1828.5,1507000,0.0,0.0
2014-11-11 00:00:00+08:00,1850.11,1876.05,1815.53,1832.82,1186000,0.0,0.0
2014-11-12 00:00:00+08:00,1828.5,1841.47,1759.34,1798.24,1459000,0.0,0.0
2014-11-13 00:00:00+08:00,1802.56,1854.44,1802.56,1832.82,1536000,0.0,0.0
2014-11-14 00:00:00+08:00,1854.44,1867.4,1824.18,1837.15,973000,0.0,0.0
2014-11-17 00:00:00+08:00,1867.4,1867.4,1819.85,1828.5,595000,0.0,0.0
2014-11-18 00:00:00+08:00,1841.47,1850.11,1824.18,1841.47,557000,0.0,0.0
2014-11-19 00:00:00+08:00,1858.76,1919.28,1837.15,1893.34,1724000,0.0,0.0
2014-11-20 00:00:00+08:00,1914.95,2023.02,1914.95,2023.02,2469000,0.0,0.0
2014-11-21 00:00:00+08:00,2040.31,2044.63,1984.12,2018.7,1336000,0.0,0.0
2014-11-24 00:00:00+08:00,2035.99,2061.93,1992.76,1992.76,1027000,0.0,0.0
2014-11-25 00:00:00+08:00,2005.73,2061.93,1984.12,2061.93,1074000,0.0,0.0
2014-11-26 00:00:00+08:00,2061.93,2109.47,2044.63,2096.51,1759000,0.0,0.0
2014-11-27 00:00:00+08:00,2109.47,2139.73,2048.96,2053.28,1404000,0.0,0.0
2014-11-28 00:00:00+08:00,2070.57,2083.54,2053.28,2061.93,739000,0.0,0.0
2014-12-01 00:00:00+08:00,2005.73,2131.09,2005.73,2131.09,1353000,0.0,0.0
2014-12-02 00:00:00+08:00,2113.8,2113.8,2044.63,2053.28,1269000,0.0,0.0
2014-12-03 00:00:00+08:00,2083.54,2109.48,2053.28,2057.6,1419000,0.0,0.0
2014-12-04 00:00:00+08:00,2079.22,2109.48,2070.57,2074.89,824000,0.0,0.0
2014-12-05 00:00:00+08:00,2074.89,2100.83,2023.02,2048.96,1053000,0.0,0.0
2014-12-08 00:00:00+08:00,2053.28,2070.57,1966.83,1975.47,1384000,0.0,0.0
2014-12-09 00:00:00+08:00,1958.18,1988.44,1932.24,1979.79,1131000,0.0,0.0
2014-12-10 00:00:00+08:00,1979.79,2005.73,1945.21,1949.54,823000,0.0,0.0
2014-12-11 00:00:00+08:00,1932.24,1997.08,1919.28,1988.44,1272000,0.0,0.0
2014-12-12 00:00:00+08:00,2001.41,2027.34,1997.09,2010.05,1026000,0.0,0.0
2014-12-15 00:00:00+08:00,1997.09,2023.02,1988.44,2018.7,842000,0.0,0.0
2014-12-16 00:00:00+08:00,2005.73,2018.7,1945.21,1945.21,997000,0.0,0.0
2014-12-17 00:00:00+08:00,1949.54,1988.44,1927.92,1945.21,1231000,0.0,0.0
2014-12-18 00:00:00+08:00,1988.44,2001.41,1958.18,1958.18,1161000,0.0,0.0
2014-12-19 00:00:00+08:00,2005.73,2035.99,1962.5,1988.44,1482000,0.0,0.0
2014-12-22 00:00:00+08:00,2005.73,2014.38,1975.47,2010.05,463000,0.0,0.0
2014-12-23 00:00:00+08:00,2014.38,2023.02,1971.15,1971.15,772000,0.0,0.0
2014-12-24 00:00:00+08:00,1979.79,1984.12,1958.18,1966.83,617000,0.0,0.0
2014-12-25 00:00:00+08:00,1975.47,1979.79,1962.5,1966.83,249000,0.0,0.0
2014-12-26 00:00:00+08:00,1975.47,2001.41,1966.83,2001.41,344000,0.0,0.0
2014-12-29 00:00:00+08:00,2014.38,2083.54,2001.41,2070.57,1214000,0.0,0.0
2014-12-30 00:00:00+08:00,2092.18,2100.83,2053.28,2053.28,769000,0.0,0.0
2014-12-31 00:00:00+08:00,2053.28,2070.57,2053.28,2070.57,327000,0.0,0.0
2015-01-05 00:00:00+08:00,2074.89,2083.54,2031.67,2031.67,832000,0.0,0.0
2015-01-06 00:00:00+08:00,2005.73,2023.02,1953.86,1966.83,1427000,0.0,0.0
2015-01-07 00:00:00+08:00,1988.44,2010.05,1958.18,1988.44,1228000,0.0,0.0
2015-01-08 00:00:00+08:00,2023.02,2057.6,2010.05,2044.63,1356000,0.0,0.0
2015-01-09 00:00:00+08:00,2070.57,2074.89,2023.02,2023.02,1106000,0.0,0.0
2015-01-12 00:00:00+08:00,2031.67,2035.99,2001.41,2005.73,485000,0.0,0.0
2015-01-13 00:00:00+08:00,2005.73,2044.63,2005.73,2023.02,570000,0.0,0.0
2015-01-14 00:00:00+08:00,2035.99,2035.99,1997.09,2031.67,574000,0.0,0.0
2015-01-15 00:00:00+08:00,2035.99,2044.63,2010.05,2040.31,613000,0.0,0.0
2015-01-16 00:00:00+08:00,2118.12,2118.12,2053.28,2061.93,1982000,0.0,0.0
2015-01-19 00:00:00+08:00,2092.18,2100.83,2074.89,2100.83,898000,0.0,0.0
2015-01-20 00:00:00+08:00,2105.15,2217.54,2096.51,2208.9,1946000,0.0,0.0
2015-01-21 00:00:00+08:00,2230.51,2256.45,2221.86,2230.51,1412000,0.0,0.0
2015-01-22 00:00:00+08:00,2247.8,2269.41,2213.22,2269.41,726000,0.0,0.0
2015-01-23 00:00:00+08:00,2282.38,2394.77,2282.38,2394.77,2040000,0.0,0.0
2015-01-26 00:00:00+08:00,2390.45,2412.06,2355.87,2386.13,996000,0.0,0.0
2015-01-27 00:00:00+08:00,2412.06,2425.03,2373.16,2377.48,842000,0.0,0.0
2015-01-28 00:00:00+08:00,2373.16,2381.8,2347.22,2377.48,492000,0.0,0.0
2015-01-29 00:00:00+08:00,2373.16,2373.16,2273.74,2282.38,1219000,0.0,0.0
2015-01-30 00:00:00+08:00,2308.32,2334.26,2282.38,2282.38,835000,0.0,0.0
2015-02-02 00:00:00+08:00,2282.38,2308.32,2260.77,2304.0,520000,0.0,0.0
2015-02-03 00:00:00+08:00,2321.29,2386.13,2312.64,2386.13,1122000,0.0,0.0
2015-02-04 00:00:00+08:00,2416.39,2438.0,2360.19,2360.19,989000,0.0,0.0
2015-02-05 00:00:00+08:00,2360.19,2386.13,2351.55,2386.13,491000,0.0,0.0
2015-02-06 00:00:00+08:00,2312.64,2325.61,2243.48,2252.12,1598000,0.0,0.0
2015-02-09 00:00:00+08:00,2256.45,2295.35,2234.83,2295.35,681000,0.0,0.0
2015-02-10 00:00:00+08:00,2295.35,2316.96,2273.74,2286.71,694000,0.0,0.0
2015-02-11 00:00:00+08:00,2299.67,2334.26,2299.67,2325.61,661000,0.0,0.0
2015-02-12 00:00:00+08:00,2338.58,2338.58,2304.0,2316.96,375000,0.0,0.0
2015-02-13 00:00:00+08:00,2334.26,2364.51,2334.26,2338.58,611000,0.0,0.0
2015-02-24 00:00:00+08:00,2377.48,2407.74,2360.19,2403.42,928000,0.0,0.0
2015-02-25 00:00:00+08:00,2403.42,2412.06,2351.55,2381.8,495000,0.0,0.0
2015-02-26 00:00:00+08:00,2355.87,2355.87,2308.32,2316.96,829000,0.0,0.0
2015-03-02 00:00:00+08:00,2342.9,2351.55,2295.35,2295.35,658000,0.0,0.0
2015-03-03 00:00:00+08:00,2308.32,2325.61,2299.67,2308.32,515000,0.0,0.0
2015-03-04 00:00:00+08:00,2299.67,2316.96,2295.35,2295.35,337000,0.0,0.0
2015-03-05 00:00:00+08:00,2286.71,2286.71,2256.45,2260.77,626000,0.0,0.0
2015-03-06 00:00:00+08:00,2247.8,2368.84,2247.8,2364.51,1178000,0.0,0.0
2015-03-09 00:00:00+08:00,2360.19,2403.42,2329.93,2394.77,850000,0.0,0.0
2015-03-10 00:00:00+08:00,2377.48,2386.13,2299.67,2299.67,867000,0.0,0.0
2015-03-11 00:00:00+08:00,2265.09,2342.9,2265.09,2308.32,915000,0.0,0.0
2015-03-12 00:00:00+08:00,2321.29,2338.58,2308.32,2321.29,615000,0.0,0.0
2015-03-13 00:00:00+08:00,2334.26,2351.55,2308.32,2308.32,357000,0.0,0.0
2015-03-16 00:00:00+08:00,2316.96,2321.29,2291.03,2295.35,356000,0.0,0.0
2015-03-17 00:00:00+08:00,2316.96,2364.51,2316.96,2364.51,761000,0.0,0.0
2015-03-18 00:00:00+08:00,2364.51,2386.13,2351.55,2377.48,784000,0.0,0.0
2015-03-19 00:00:00+08:00,2407.74,2416.39,2373.16,2407.74,812000,0.0,0.0
2015-03-20 00:00:00+08:00,2412.06,2438.0,2386.13,2386.13,669000,0.0,0.0
2015-03-23 00:00:00+08:00,2394.77,2420.71,2390.45,2394.77,439000,0.0,0.0
2015-03-24 00:00:00+08:00,2412.06,2420.71,2377.48,2390.45,422000,0.0,0.0
2015-03-25 00:00:00+08:00,2390.45,2390.45,2360.19,2381.8,353000,0.0,0.0
2015-03-26 00:00:00+08:00,2334.26,2355.87,2316.96,2321.29,744000,0.0,0.0
2015-03-27 00:00:00+08:00,2321.29,2351.55,2299.67,2299.67,594000,0.0,0.0
2015-03-30 00:00:00+08:00,2321.29,2321.29,2247.8,2278.06,992000,0.0,0.0
2015-03-31 00:00:00+08:00,2316.96,2338.58,2304.0,2329.93,563000,0.0,0.0
2015-04-01 00:00:00+08:00,2329.93,2364.51,2308.32,2364.51,791000,0.0,0.0
2015-04-02 00:00:00+08:00,2381.81,2394.77,2360.19,2360.19,431000,0.0,0.0
2015-04-07 00:00:00+08:00,2377.48,2399.1,2364.51,2381.8,471000,0.0,0.0
2015-04-08 00:00:00+08:00,2347.22,2394.77,2329.93,2329.93,471000,0.0,0.0
2015-04-09 00:00:00+08:00,2329.93,2364.51,2308.32,2308.32,550000,0.0,0.0
2015-04-10 00:00:00+08:00,2325.61,2355.87,2316.96,2329.93,547000,0.0,0.0
2015-04-13 00:00:00+08:00,2355.87,2355.87,2329.93,2338.58,398000,0.0,0.0
2015-04-14 00:00:00+08:00,2334.26,2338.58,2308.32,2312.64,642000,0.0,0.0
2015-04-15 00:00:00+08:00,2329.93,2403.42,2329.93,2373.16,1428000,0.0,0.0
2015-04-16 00:00:00+08:00,2381.8,2412.06,2381.8,2407.74,934000,0.0,0.0
2015-04-17 00:00:00+08:00,2433.68,2433.68,2386.13,2429.35,1154000,0.0,0.0
2015-04-20 00:00:00+08:00,2429.35,2576.33,2403.42,2537.42,1725000,0.0,0.0
2015-04-21 00:00:00+08:00,2563.36,2602.26,2541.74,2546.07,983000,0.0,0.0
2015-04-22 00:00:00+08:00,2576.33,2649.81,2563.36,2649.81,1043000,0.0,0.0
2015-04-23 00:00:00+08:00,2641.17,2736.27,2623.88,2718.98,1099000,0.0,0.0
2015-04-24 00:00:00+08:00,2736.27,2792.46,2645.49,2693.04,1007000,0.0,0.0
2015-04-27 00:00:00+08:00,2723.3,2783.82,2710.33,2766.52,733000,0.0,0.0
2015-04-28 00:00:00+08:00,2766.52,2783.82,2731.94,2766.52,685000,0.0,0.0
2015-04-29 00:00:00+08:00,2749.23,2753.56,2697.36,2697.36,521000,0.0,0.0
2015-04-30 00:00:00+08:00,2697.36,2731.94,2623.88,2662.78,779000,0.0,0.0
2015-05-04 00:00:00+08:00,2706.01,2757.88,2697.36,2757.88,599000,0.0,0.0
2015-05-05 00:00:00+08:00,2762.2,2783.82,2736.27,2783.82,519000,0.0,0.0
2015-05-06 00:00:00+08:00,2766.52,2766.52,2723.3,2723.3,450000,0.0,0.0
2015-05-07 00:00:00+08:00,2723.3,2736.27,2680.07,2684.39,403000,0.0,0.0
2015-05-08 00:00:00+08:00,2718.98,2753.56,2697.36,2697.36,495000,0.0,0.0
2015-05-11 00:00:00+08:00,2740.59,2775.17,2714.65,2749.23,418000,0.0,0.0
2015-05-12 00:00:00+08:00,2710.33,2740.59,2688.72,2688.72,589000,0.0,0.0
2015-05-13 00:00:00+08:00,2714.65,2727.62,2688.72,2701.68,303000,0.0,0.0
2015-05-14 00:00:00+08:00,2723.3,2727.62,2688.72,2688.72,310000,0.0,0.0
2015-05-15 00:00:00+08:00,2697.36,2727.62,2662.78,2662.78,655000,0.0,0.0
2015-05-18 00:00:00+08:00,2693.04,2731.94,2684.39,2706.01,555000,0.0,0.0
2015-05-19 00:00:00+08:00,2731.94,2874.59,2710.33,2874.59,1181000,0.0,0.0
2015-05-20 00:00:00+08:00,2878.91,2896.21,2822.72,2878.91,901000,0.0,0.0
2015-05-21 00:00:00+08:00,2874.59,2878.91,2835.69,2857.3,543000,0.0,0.0
2015-05-22 00:00:00+08:00,2891.88,3025.89,2891.88,2991.31,1018000,0.0,0.0
2015-05-25 00:00:00+08:00,2982.66,3012.92,2956.72,2995.63,374000,0.0,0.0
2015-05-26 00:00:00+08:00,2999.95,3043.18,2982.66,2991.31,390000,0.0,0.0
2015-05-27 00:00:00+08:00,2991.3,3090.73,2991.3,3038.85,724000,0.0,0.0
2015-05-28 00:00:00+08:00,3056.15,3064.79,2965.37,2982.66,694000,0.0,0.0
2015-05-29 00:00:00+08:00,3008.6,3008.6,2943.76,2956.72,463000,0.0,0.0
2015-06-01 00:00:00+08:00,2965.37,2999.95,2956.72,2986.98,285000,0.0,0.0
2015-06-02 00:00:00+08:00,2986.98,3004.27,2956.72,2974.01,248000,0.0,0.0
2015-06-03 00:00:00+08:00,2999.95,3025.89,2978.34,2986.98,335000,0.0,0.0
2015-06-04 00:00:00+08:00,2978.34,2999.95,2710.33,2770.85,1168000,0.0,0.0
2015-06-05 00:00:00+08:00,2792.46,2874.59,2788.14,2814.07,780000,0.0,0.0
2015-06-08 00:00:00+08:00,2835.69,2956.72,2783.82,2887.56,808000,0.0,0.0
2015-06-09 00:00:00+08:00,2887.56,2896.21,2801.11,2814.07,721000,0.0,0.0
2015-06-10 00:00:00+08:00,2861.62,2904.85,2827.04,2827.04,625000,0.0,0.0
2015-06-11 00:00:00+08:00,2844.33,2930.79,2844.33,2900.53,854000,0.0,0.0
2015-06-12 00:00:00+08:00,2913.5,2948.08,2900.53,2900.53,489000,0.0,0.0
2015-06-15 00:00:00+08:00,2870.27,2870.27,2796.78,2814.07,532000,0.0,0.0
2015-06-16 00:00:00+08:00,2840.01,2852.98,2783.82,2852.98,418000,0.0,0.0
2015-06-17 00:00:00+08:00,2878.91,2926.46,2852.98,2904.85,576000,0.0,0.0
2015-06-18 00:00:00+08:00,2922.14,2935.11,2896.21,2896.21,447000,0.0,0.0
2015-06-22 00:00:00+08:00,2956.72,2982.66,2930.79,2982.66,560000,0.0,0.0
2015-06-23 00:00:00+08:00,3021.56,3082.08,3017.24,3073.44,884000,0.0,0.0
2015-06-24 00:00:00+08:00,3090.73,3129.63,3073.44,3095.05,699000,0.0,0.0
2015-06-25 00:00:00+08:00,3108.02,3146.92,3103.69,3146.92,645000,0.0,0.0
2015-06-26 00:00:00+08:00,3164.21,3164.21,3077.76,3099.37,401000,0.0,0.0
2015-06-29 00:00:00+08:00,3047.5,3051.82,2982.66,3025.89,520000,0.0,0.0
2015-06-30 00:00:00+08:00,3025.89,3069.11,3025.89,3047.5,420000,0.0,0.0
2015-07-01 00:00:00+08:00,3069.11,3190.15,3064.79,3181.5,726000,0.0,0.0
2015-07-02 00:00:00+08:00,3190.15,3207.44,3155.57,3203.12,523000,0.0,0.0
2015-07-03 00:00:00+08:00,3203.12,3211.76,3155.57,3207.44,398000,0.0,0.0
2015-07-06 00:00:00+08:00,3185.83,3203.12,3138.28,3138.28,642000,0.0,0.0
2015-07-07 00:00:00+08:00,3099.37,3099.37,2926.46,2982.66,1297000,0.0,0.0
2015-07-08 00:00:00+08:00,2922.14,2939.43,2723.3,2835.69,1663000,0.0,0.0
2015-07-09 00:00:00+08:00,2775.17,2874.59,2731.94,2840.01,1270000,0.0,0.0
2015-07-10 00:00:00+08:00,2840.01,2840.01,2840.01,2840.01,0,0.0,0.0
2015-07-13 00:00:00+08:00,2874.59,2961.05,2852.98,2939.43,1046000,0.0,0.0
2015-07-14 00:00:00+08:00,2965.37,3056.15,2961.05,3025.89,854000,0.0,0.0
2015-07-15 00:00:00+08:00,3038.85,3056.15,2939.43,2939.43,940000,0.0,0.0
2015-07-16 00:00:00+08:00,2974.01,3043.18,2974.01,3043.18,656000,0.0,0.0
2015-07-17 00:00:00+08:00,3051.82,3051.82,2956.72,2961.05,765000,0.0,0.0
2015-07-20 00:00:00+08:00,3038.85,3073.44,3004.27,3069.11,825000,0.0,0.0
2015-07-21 00:00:00+08:00,3056.15,3069.11,2991.31,3069.11,586000,0.0,0.0
2015-07-22 00:00:00+08:00,2948.08,3064.79,2913.5,3064.79,1117000,0.0,0.0
2015-07-23 00:00:00+08:00,2995.63,3034.53,2852.98,2857.3,1416000,0.0,0.0
2015-07-24 00:00:00+08:00,2878.92,2913.5,2818.4,2818.4,850000,0.0,0.0
2015-07-27 00:00:00+08:00,2805.43,2861.62,2649.81,2671.43,1192000,0.0,0.0
2015-07-28 00:00:00+08:00,2680.07,2788.14,2680.07,2779.49,1158000,0.0,0.0
2015-07-29 00:00:00+08:00,2792.46,2814.07,2680.07,2680.07,1184000,0.0,0.0
2015-07-30 00:00:00+08:00,2701.68,2788.14,2697.36,2710.33,795000,0.0,0.0
2015-07-31 00:00:00+08:00,2753.56,2783.82,2723.3,2770.85,528000,0.0,0.0
2015-08-03 00:00:00+08:00,2740.59,2744.91,2520.13,2528.78,1147000,0.0,0.0
2015-08-04 00:00:00+08:00,2593.62,2606.58,2489.87,2567.68,1444000,0.0,0.0
2015-08-05 00:00:00+08:00,2554.71,2662.78,2528.78,2610.91,1020000,0.0,0.0
2015-08-06 00:00:00+08:00,2498.52,2520.13,2351.55,2351.55,2210000,0.0,0.0
2015-08-07 00:00:00+08:00,2420.71,2584.97,2334.26,2537.42,2357000,0.0,0.0
2015-08-10 00:00:00+08:00,2537.42,2641.17,2476.9,2580.65,995000,0.0,0.0
2015-08-11 00:00:00+08:00,2675.75,2744.91,2654.13,2723.3,1374000,0.0,0.0
2015-08-12 00:00:00+08:00,2658.46,2706.01,2554.71,2567.68,839000,0.0,0.0
2015-08-13 00:00:00+08:00,2636.84,2654.13,2593.62,2610.91,795000,0.0,0.0
2015-08-14 00:00:00+08:00,2610.91,2649.81,2537.42,2559.04,851000,0.0,0.0
2015-08-17 00:00:00+08:00,2568.71,2647.88,2568.71,2612.7,998000,51.0,0.0
2015-08-18 00:00:00+08:00,2634.69,2691.87,2625.89,2634.69,635000,0.0,0.0
2015-08-19 00:00:00+08:00,2656.68,2661.08,2383.98,2529.13,1852000,0.0,0.0
2015-08-20 00:00:00+08:00,2515.93,2612.7,2507.13,2507.13,1311000,0.0,0.0
2015-08-21 00:00:00+08:00,2419.16,2467.55,2397.17,2445.55,1206000,0.0,0.0
2015-08-24 00:00:00+08:00,2318.0,2485.14,2216.83,2357.59,2184000,0.0,0.0
2015-08-25 00:00:00+08:00,2419.16,2590.7,2392.77,2590.7,1362000,0.0,0.0
2015-08-26 00:00:00+08:00,2551.12,2634.69,2498.34,2533.52,1628000,0.0,0.0
2015-08-27 00:00:00+08:00,2603.9,2665.48,2586.31,2603.9,1374000,0.0,0.0
2015-08-28 00:00:00+08:00,2656.68,2683.07,2625.89,2639.09,1030000,0.0,0.0
2015-08-31 00:00:00+08:00,2634.69,2656.68,2608.3,2656.68,633000,0.0,0.0
2015-09-01 00:00:00+08:00,2639.09,2652.28,2612.7,2621.49,536000,0.0,0.0
2015-09-02 00:00:00+08:00,2564.31,2612.7,2542.32,2595.1,618000,0.0,0.0
2015-09-03 00:00:00+08:00,2581.91,2581.91,2493.94,2520.33,868000,0.0,0.0
2015-09-04 00:00:00+08:00,2520.33,2551.12,2361.98,2375.18,1329000,0.0,0.0
2015-09-07 00:00:00+08:00,2361.98,2361.98,2252.02,2291.61,1915000,0.0,0.0
2015-09-08 00:00:00+08:00,2287.21,2366.38,2269.62,2269.62,1185000,0.0,0.0
2015-09-09 00:00:00+08:00,2353.19,2489.54,2344.39,2489.54,1561000,0.0,0.0
2015-09-10 00:00:00+08:00,2454.35,2454.35,2392.77,2419.16,710000,0.0,0.0
2015-09-11 00:00:00+08:00,2449.95,2507.13,2449.95,2476.34,801000,0.0,0.0
2015-09-14 00:00:00+08:00,2551.12,2573.11,2520.33,2551.12,692000,0.0,0.0
2015-09-15 00:00:00+08:00,2551.12,2559.91,2410.37,2414.77,995000,0.0,0.0
2015-09-16 00:00:00+08:00,2414.77,2489.54,2388.37,2445.55,1001000,0.0,0.0
2015-09-17 00:00:00+08:00,2498.34,2573.11,2476.34,2559.92,1281000,0.0,0.0
2015-09-18 00:00:00+08:00,2559.92,2573.11,2515.93,2546.72,672000,0.0,0.0
2015-09-21 00:00:00+08:00,2489.54,2498.34,2423.56,2454.35,818000,0.0,0.0
2015-09-22 00:00:00+08:00,2471.95,2511.53,2463.15,2467.55,525000,0.0,0.0
2015-09-23 00:00:00+08:00,2419.16,2436.76,2383.98,2410.37,724000,0.0,0.0
2015-09-24 00:00:00+08:00,2441.16,2454.35,2361.98,2361.98,755000,0.0,0.0
2015-09-25 00:00:00+08:00,2309.2,2401.57,2256.42,2401.57,1528000,0.0,0.0
2015-09-29 00:00:00+08:00,2401.57,2401.57,2401.57,2401.57,0,0.0,0.0
2015-09-30 00:00:00+08:00,2309.2,2344.39,2252.02,2252.02,2581000,0.0,0.0
2015-10-01 00:00:00+08:00,2265.22,2300.41,2172.85,2172.85,2058000,0.0,0.0
2015-10-02 00:00:00+08:00,2172.85,2260.82,2137.66,2260.82,1971000,0.0,0.0
2015-10-05 00:00:00+08:00,2269.62,2269.62,2177.25,2181.65,1551000,0.0,0.0
2015-10-06 00:00:00+08:00,2269.62,2388.37,2269.62,2366.38,2226000,0.0,0.0
2015-10-07 00:00:00+08:00,2405.97,2410.37,2339.99,2353.19,1441000,0.0,0.0
2015-10-08 00:00:00+08:00,2357.59,2401.57,2296.01,2296.01,874000,0.0,0.0
2015-10-12 00:00:00+08:00,2296.01,2383.98,2296.01,2375.18,1349000,0.0,0.0
2015-10-13 00:00:00+08:00,2361.98,2370.78,2278.41,2313.6,1242000,0.0,0.0
2015-10-14 00:00:00+08:00,2296.01,2309.2,2243.22,2243.22,1512000,0.0,0.0
2015-10-15 00:00:00+08:00,2278.41,2322.4,2269.62,2274.01,1241000,0.0,0.0
2015-10-16 00:00:00+08:00,2366.38,2366.38,2274.01,2274.01,1688000,0.0,0.0
2015-10-19 00:00:00+08:00,2278.41,2291.61,2128.86,2155.25,1981000,0.0,0.0
2015-10-20 00:00:00+08:00,2155.25,2208.04,2084.88,2124.47,2131000,0.0,0.0
2015-10-21 00:00:00+08:00,2146.46,2168.45,2120.07,2124.47,1418000,0.0,0.0
2015-10-22 00:00:00+08:00,2150.86,2194.84,2146.46,2155.25,896000,0.0,0.0
2015-10-23 00:00:00+08:00,2216.83,2221.23,2146.46,2146.46,1034000,0.0,0.0
2015-10-26 00:00:00+08:00,2194.84,2256.42,2186.04,2247.62,1837000,0.0,0.0
2015-10-27 00:00:00+08:00,2225.63,2225.63,2181.65,2225.63,1255000,0.0,0.0
2015-10-28 00:00:00+08:00,2208.04,2256.42,2208.04,2208.04,679000,0.0,0.0
2015-10-29 00:00:00+08:00,2274.01,2278.41,2221.23,2221.23,689000,0.0,0.0
2015-10-30 00:00:00+08:00,2212.44,2243.22,2190.44,2230.03,544000,0.0,0.0
2015-11-02 00:00:00+08:00,2230.03,2366.38,2221.23,2322.4,1400000,0.0,0.0
2015-11-03 00:00:00+08:00,2357.58,2419.16,2348.79,2414.77,1896000,0.0,0.0
2015-11-04 00:00:00+08:00,2445.55,2485.14,2432.36,2471.95,1150000,0.0,0.0
2015-11-05 00:00:00+08:00,2502.73,2608.3,2498.34,2586.31,1550000,0.0,0.0
2015-11-06 00:00:00+08:00,2559.91,2559.91,2392.77,2392.77,2040000,0.0,0.0
2015-11-09 00:00:00+08:00,2375.18,2410.37,2304.8,2304.8,1415000,0.0,0.0
2015-11-10 00:00:00+08:00,2238.83,2331.19,2238.83,2278.41,1258000,0.0,0.0
2015-11-11 00:00:00+08:00,2278.41,2304.8,2190.44,2190.44,1455000,0.0,0.0
2015-11-12 00:00:00+08:00,2230.03,2252.02,2164.05,2252.02,1139000,0.0,0.0
2015-11-13 00:00:00+08:00,2203.64,2265.22,2199.24,2208.04,738000,0.0,0.0
2015-11-16 00:00:00+08:00,2190.44,2234.43,2150.86,2212.44,834000,0.0,0.0
2015-11-17 00:00:00+08:00,2269.62,2313.6,2260.82,2274.01,1017000,0.0,0.0
2015-11-18 00:00:00+08:00,2274.01,2287.21,2243.22,2252.02,707000,0.0,0.0
2015-11-19 00:00:00+08:00,2313.6,2348.79,2287.21,2348.79,900000,0.0,0.0
2015-11-20 00:00:00+08:00,2357.59,2419.16,2339.99,2405.97,1131000,0.0,0.0
2015-11-23 00:00:00+08:00,2414.77,2419.16,2357.58,2388.37,659000,0.0,0.0
2015-11-24 00:00:00+08:00,2313.6,2335.59,2164.05,2168.45,2224000,0.0,0.0
2015-11-25 00:00:00+08:00,2181.65,2230.03,2155.26,2208.04,1158000,0.0,0.0
2015-11-26 00:00:00+08:00,2208.04,2252.02,2208.04,2221.23,915000,0.0,0.0
2015-11-27 00:00:00+08:00,2234.43,2243.22,2203.64,2203.64,602000,0.0,0.0
2015-11-30 00:00:00+08:00,2208.04,2225.63,2186.04,2212.44,1074000,0.0,0.0
2015-12-01 00:00:00+08:00,2221.23,2304.8,2221.23,2287.21,1209000,0.0,0.0
2015-12-02 00:00:00+08:00,2252.02,2296.01,2234.43,2296.01,1016000,0.0,0.0
2015-12-03 00:00:00+08:00,2256.42,2274.01,2243.22,2243.22,690000,0.0,0.0
2015-12-04 00:00:00+08:00,2234.43,2238.83,2168.45,2225.63,1180000,0.0,0.0
2015-12-07 00:00:00+08:00,2199.24,2208.04,2010.11,2106.87,2915000,0.0,0.0
2015-12-08 00:00:00+08:00,2071.68,2120.07,2067.29,2067.29,936000,0.0,0.0
2015-12-09 00:00:00+08:00,2071.68,2106.87,2027.7,2027.7,1139000,0.0,0.0
2015-12-10 00:00:00+08:00,2027.7,2049.69,2014.5,2014.5,1120000,0.0,0.0
2015-12-11 00:00:00+08:00,2018.9,2058.49,2018.9,2040.89,816000,0.0,0.0
2015-12-14 00:00:00+08:00,2014.5,2014.5,1922.14,1930.93,1035000,0.0,0.0
2015-12-15 00:00:00+08:00,1948.53,1974.92,1891.35,1891.35,1088000,0.0,0.0
2015-12-16 00:00:00+08:00,1935.33,1939.73,1798.98,1882.55,2369000,0.0,0.0
2015-12-17 00:00:00+08:00,1904.54,1966.12,1882.55,1961.72,1373000,0.0,0.0
2015-12-18 00:00:00+08:00,1939.73,1979.32,1917.74,1979.32,1038000,0.0,0.0
2015-12-21 00:00:00+08:00,1944.13,2010.11,1935.33,2010.11,654000,0.0,0.0
2015-12-22 00:00:00+08:00,2023.3,2071.68,2023.3,2040.89,1057000,0.0,0.0
2015-12-23 00:00:00+08:00,2027.7,2049.69,1961.72,1961.72,664000,0.0,0.0
2015-12-24 00:00:00+08:00,2018.9,2045.29,1974.92,1996.91,754000,0.0,0.0
2015-12-25 00:00:00+08:00,1992.51,2018.9,1970.52,2018.9,218000,0.0,0.0
2015-12-28 00:00:00+08:00,2032.1,2032.1,1983.71,2001.31,390000,0.0,0.0
2015-12-29 00:00:00+08:00,2001.31,2001.31,1944.13,1983.71,402000,0.0,0.0
2015-12-30 00:00:00+08:00,2014.5,2018.9,1988.11,1988.11,455000,0.0,0.0
2015-12-31 00:00:00+08:00,2005.71,2005.71,1961.72,1996.91,293000,0.0,0.0
2016-01-04 00:00:00+08:00,1983.71,1996.91,1913.34,1913.34,669000,0.0,0.0
2016-01-05 00:00:00+08:00,1873.75,1895.74,1847.36,1856.16,1742000,0.0,0.0
2016-01-06 00:00:00+08:00,1680.22,1728.6,1671.42,1724.2,3020000,0.0,0.0
2016-01-07 00:00:00+08:00,1697.81,1711.01,1596.65,1609.84,2592000,0.0,0.0
2016-01-08 00:00:00+08:00,1583.45,1759.39,1574.66,1737.4,2072000,0.0,0.0
2016-01-11 00:00:00+08:00,1724.2,1768.19,1697.81,1702.21,1164000,0.0,0.0
2016-01-12 00:00:00+08:00,1724.2,1768.19,1605.45,1618.64,1472000,0.0,0.0
2016-01-13 00:00:00+08:00,1671.42,1728.6,1658.23,1728.6,1287000,0.0,0.0
2016-01-14 00:00:00+08:00,1653.83,1671.42,1614.24,1631.84,1720000,0.0,0.0
2016-01-15 00:00:00+08:00,1746.2,1794.58,1711.01,1776.99,2228000,0.0,0.0
2016-01-18 00:00:00+08:00,1737.4,1820.97,1728.6,1754.99,1460000,0.0,0.0
2016-01-19 00:00:00+08:00,1759.39,1781.38,1741.8,1781.38,805000,0.0,0.0
2016-01-20 00:00:00+08:00,1759.39,1768.19,1658.23,1671.42,1575000,0.0,0.0
2016-01-21 00:00:00+08:00,1733.0,1790.18,1706.61,1790.18,1506000,0.0,0.0
2016-01-22 00:00:00+08:00,1798.98,1820.97,1750.59,1754.99,1117000,0.0,0.0
2016-01-25 00:00:00+08:00,1825.37,1882.55,1816.57,1825.37,1309000,0.0,0.0
2016-01-26 00:00:00+08:00,1812.17,1970.52,1798.98,1970.52,1522000,0.0,0.0
2016-01-27 00:00:00+08:00,1944.13,1944.13,1860.56,1900.14,1817000,0.0,0.0
2016-01-28 00:00:00+08:00,1829.77,2010.11,1829.77,1988.11,2209000,0.0,0.0
2016-01-29 00:00:00+08:00,1979.32,2155.25,1957.32,2089.28,2339000,0.0,0.0
2016-02-01 00:00:00+08:00,2186.04,2243.22,2067.29,2067.29,2242000,0.0,0.0
2016-02-02 00:00:00+08:00,2084.88,2106.87,2014.5,2067.29,1472000,0.0,0.0
2016-02-03 00:00:00+08:00,2032.1,2098.07,2032.1,2067.29,1089000,0.0,0.0
2016-02-15 00:00:00+08:00,1988.11,2111.27,1988.11,2098.07,1448000,0.0,0.0
2016-02-16 00:00:00+08:00,2128.86,2274.01,2111.27,2260.82,1823000,0.0,0.0
2016-02-17 00:00:00+08:00,2247.62,2265.22,2159.65,2159.65,1544000,0.0,0.0
2016-02-18 00:00:00+08:00,2212.44,2252.02,2168.45,2168.45,1726000,0.0,0.0
2016-02-19 00:00:00+08:00,2150.86,2247.62,2150.86,2230.03,1044000,0.0,0.0
2016-02-22 00:00:00+08:00,2252.02,2296.01,2238.83,2247.62,1003000,0.0,0.0
2016-02-23 00:00:00+08:00,2278.41,2300.4,2247.62,2252.02,1145000,0.0,0.0
2016-02-24 00:00:00+08:00,2234.43,2265.22,2221.23,2247.62,770000,0.0,0.0
2016-02-25 00:00:00+08:00,2274.01,2274.01,2225.63,2234.43,681000,0.0,0.0
2016-02-26 00:00:00+08:00,2265.22,2282.81,2230.03,2230.03,638000,0.0,0.0
2016-03-01 00:00:00+08:00,2274.01,2410.37,2265.22,2392.77,2110000,0.0,0.0
2016-03-02 00:00:00+08:00,2498.34,2498.34,2401.57,2410.37,1280000,0.0,0.0
2016-03-03 00:00:00+08:00,2432.36,2436.76,2339.99,2361.98,1184000,0.0,0.0
2016-03-04 00:00:00+08:00,2370.78,2427.96,2370.78,2427.96,815000,0.0,0.0
2016-03-07 00:00:00+08:00,2441.16,2441.16,2361.98,2370.78,946000,0.0,0.0
2016-03-08 00:00:00+08:00,2370.78,2370.78,2230.03,2318.0,1475000,0.0,0.0
2016-03-09 00:00:00+08:00,2331.19,2335.59,2256.42,2265.22,1200000,0.0,0.0
2016-03-10 00:00:00+08:00,2278.41,2339.99,2256.42,2256.42,1101000,0.0,0.0
2016-03-11 00:00:00+08:00,2287.21,2300.4,2238.83,2296.01,814000,0.0,0.0
2016-03-14 00:00:00+08:00,2335.59,2361.98,2304.8,2304.8,750000,0.0,0.0
2016-03-15 00:00:00+08:00,2313.6,2322.4,2172.85,2172.85,1254000,0.0,0.0
2016-03-16 00:00:00+08:00,2199.24,2291.61,2199.24,2278.41,1132000,0.0,0.0
2016-03-17 00:00:00+08:00,2313.6,2331.19,2230.03,2234.43,961000,0.0,0.0
2016-03-18 00:00:00+08:00,2243.22,2300.4,2216.83,2252.02,1022000,0.0,0.0
2016-03-21 00:00:00+08:00,2291.61,2300.4,2243.22,2256.42,551000,0.0,0.0
2016-03-22 00:00:00+08:00,2256.42,2287.21,2238.83,2287.21,526000,0.0,0.0
2016-03-23 00:00:00+08:00,2278.41,2282.81,2247.62,2274.01,591000,0.0,0.0
2016-03-24 00:00:00+08:00,2256.42,2256.42,2190.44,2238.83,745000,0.0,0.0
2016-03-25 00:00:00+08:00,2238.83,2247.62,2168.45,2172.85,712000,0.0,0.0
2016-03-28 00:00:00+08:00,2186.04,2190.44,2133.26,2142.06,667000,0.0,0.0
2016-03-29 00:00:00+08:00,2146.46,2190.44,2120.07,2128.86,650000,0.0,0.0
2016-03-30 00:00:00+08:00,2190.44,2269.62,2186.04,2269.62,1076000,0.0,0.0
2016-03-31 00:00:00+08:00,2287.21,2287.21,2194.84,2194.84,1020000,0.0,0.0
2016-04-01 00:00:00+08:00,2194.84,2221.23,2190.44,2208.04,506000,0.0,0.0
2016-04-06 00:00:00+08:00,2102.47,2199.24,2089.28,2177.25,1205000,0.0,0.0
2016-04-07 00:00:00+08:00,2186.04,2238.83,2177.25,2212.44,956000,0.0,0.0
2016-04-08 00:00:00+08:00,2186.04,2190.44,2133.26,2150.86,854000,0.0,0.0
2016-04-11 00:00:00+08:00,2150.86,2186.04,2133.26,2186.04,524000,0.0,0.0
2016-04-12 00:00:00+08:00,2159.65,2172.85,2058.49,2089.28,1249000,0.0,0.0
2016-04-13 00:00:00+08:00,2098.07,2168.45,2089.28,2115.67,1147000,0.0,0.0
2016-04-14 00:00:00+08:00,2137.66,2164.05,2049.69,2089.28,1070000,0.0,0.0
2016-04-15 00:00:00+08:00,2023.3,2172.85,2014.5,2168.45,2017000,0.0,0.0
2016-04-18 00:00:00+08:00,2137.66,2155.26,2111.27,2146.46,684000,0.0,0.0
2016-04-19 00:00:00+08:00,2172.85,2181.65,2093.68,2093.68,1000000,0.0,0.0
2016-04-20 00:00:00+08:00,2093.68,2128.86,2071.68,2071.68,992000,0.0,0.0
2016-04-21 00:00:00+08:00,2098.07,2102.47,2045.29,2076.08,737000,0.0,0.0
2016-04-22 00:00:00+08:00,2045.29,2054.09,1970.52,1970.52,1726000,0.0,0.0
2016-04-25 00:00:00+08:00,1970.52,1970.52,1878.15,1908.94,1952000,0.0,0.0
2016-04-26 00:00:00+08:00,1944.13,2018.9,1939.73,1979.32,1172000,0.0,0.0
2016-04-27 00:00:00+08:00,1935.33,1979.32,1917.74,1970.52,1392000,0.0,0.0
2016-04-28 00:00:00+08:00,2005.71,2005.71,1957.32,1970.52,991000,0.0,0.0
2016-04-29 00:00:00+08:00,1948.53,1996.91,1939.73,1996.91,833000,0.0,0.0
2016-05-03 00:00:00+08:00,1970.52,2027.7,1957.32,2018.9,888000,0.0,0.0
2016-05-04 00:00:00+08:00,2014.5,2045.29,1970.52,2005.71,1014000,0.0,0.0
2016-05-05 00:00:00+08:00,2023.3,2045.29,1988.11,2027.7,832000,0.0,0.0
2016-05-06 00:00:00+08:00,2010.11,2058.49,2005.71,2054.09,786000,0.0,0.0
2016-05-09 00:00:00+08:00,2128.86,2225.63,2115.67,2199.24,1833000,0.0,0.0
2016-05-10 00:00:00+08:00,2190.44,2225.63,2168.45,2225.63,824000,0.0,0.0
2016-05-11 00:00:00+08:00,2243.22,2375.18,2238.83,2366.38,1800000,0.0,0.0
2016-05-12 00:00:00+08:00,2375.18,2375.18,2300.41,2322.4,900000,0.0,0.0
2016-05-13 00:00:00+08:00,2291.61,2318.0,2238.83,2318.0,752000,0.0,0.0
2016-05-16 00:00:00+08:00,2287.21,2309.2,2260.82,2260.82,729000,0.0,0.0
2016-05-17 00:00:00+08:00,2296.01,2357.58,2296.01,2304.8,841000,0.0,0.0
2016-05-18 00:00:00+08:00,2287.21,2326.8,2256.42,2304.8,897000,0.0,0.0
2016-05-19 00:00:00+08:00,2318.0,2318.0,2274.01,2287.21,488000,0.0,0.0
2016-05-20 00:00:00+08:00,2287.21,2344.39,2287.21,2326.8,801000,0.0,0.0
2016-05-23 00:00:00+08:00,2366.38,2427.96,2326.8,2383.98,1298000,0.0,0.0
2016-05-24 00:00:00+08:00,2375.18,2410.37,2353.19,2353.19,560000,0.0,0.0
2016-05-25 00:00:00+08:00,2401.57,2449.95,2383.98,2401.57,1203000,0.0,0.0
2016-05-26 00:00:00+08:00,2423.56,2432.36,2361.98,2361.98,763000,0.0,0.0
2016-05-27 00:00:00+08:00,2375.18,2388.37,2348.79,2361.98,670000,0.0,0.0
2016-05-30 00:00:00+08:00,2375.18,2427.96,2366.38,2423.56,744000,0.0,0.0
2016-05-31 00:00:00+08:00,2423.56,2449.95,2392.77,2392.77,721000,0.0,0.0
2016-06-01 00:00:00+08:00,2410.37,2498.34,2405.97,2489.54,1131000,0.0,0.0
2016-06-02 00:00:00+08:00,2524.73,2559.92,2485.14,2489.54,914000,0.0,0.0
2016-06-03 00:00:00+08:00,2507.13,2529.13,2498.34,2511.53,378000,0.0,0.0
2016-06-06 00:00:00+08:00,2581.91,2590.7,2524.73,2542.32,750000,0.0,0.0
2016-06-07 00:00:00+08:00,2568.71,2661.08,2555.52,2656.68,1317000,0.0,0.0
2016-06-08 00:00:00+08:00,2665.48,2669.88,2621.49,2639.09,898000,0.0,0.0
2016-06-13 00:00:00+08:00,2590.7,2603.9,2551.12,2573.11,710000,0.0,0.0
2016-06-14 00:00:00+08:00,2573.11,2652.28,2559.92,2652.28,626000,0.0,0.0
2016-06-15 00:00:00+08:00,2661.08,2709.46,2625.89,2696.27,651000,0.0,0.0
2016-06-16 00:00:00+08:00,2656.68,2656.68,2599.5,2599.5,956000,0.0,0.0
2016-06-17 00:00:00+08:00,2643.49,2661.08,2608.3,2608.3,554000,0.0,0.0
2016-06-20 00:00:00+08:00,2639.09,2656.68,2621.49,2625.89,400000,0.0,0.0
2016-06-21 00:00:00+08:00,2630.29,2669.88,2621.49,2669.88,490000,0.0,0.0
2016-06-22 00:00:00+08:00,2665.48,2691.87,2661.08,2683.07,495000,0.0,0.0
2016-06-23 00:00:00+08:00,2696.27,2713.86,2669.88,2709.46,477000,0.0,0.0
2016-06-24 00:00:00+08:00,2705.06,2718.26,2485.14,2551.12,1241000,0.0,0.0
2016-06-27 00:00:00+08:00,2551.12,2551.12,2463.15,2471.95,1213000,0.0,0.0
2016-06-28 00:00:00+08:00,2454.35,2564.31,2445.55,2559.92,777000,0.0,0.0
2016-06-29 00:00:00+08:00,2581.91,2617.1,2568.71,2568.71,662000,0.0,0.0
2016-06-30 00:00:00+08:00,2617.1,2617.1,2577.51,2590.7,551000,0.0,0.0
2016-07-01 00:00:00+08:00,2603.9,2625.89,2573.11,2608.3,493000,0.0,0.0
2016-07-04 00:00:00+08:00,2595.1,2634.69,2590.7,2625.89,362000,0.0,0.0
2016-07-05 00:00:00+08:00,2621.49,2621.49,2595.1,2595.1,340000,0.0,0.0
2016-07-06 00:00:00+08:00,2564.31,2581.91,2515.93,2515.93,693000,0.0,0.0
2016-07-07 00:00:00+08:00,2551.12,2573.11,2529.13,2529.13,504000,0.0,0.0
2016-07-08 00:00:00+08:00,2529.13,2529.13,2529.13,2529.13,0,0.0,0.0
2016-07-11 00:00:00+08:00,2630.29,2630.29,2586.31,2630.29,730000,0.0,0.0
2016-07-12 00:00:00+08:00,2652.28,2810.63,2652.28,2797.43,1306000,0.0,0.0
2016-07-13 00:00:00+08:00,2797.43,2797.43,2749.05,2793.03,612000,0.0,0.0
2016-07-14 00:00:00+08:00,2749.05,2766.64,2709.46,2744.65,593000,0.0,0.0
2016-07-15 00:00:00+08:00,2885.4,3017.36,2867.81,3017.36,2028000,0.0,0.0
2016-07-18 00:00:00+08:00,3078.94,3100.93,3030.55,3083.33,1099000,0.0,0.0
2016-07-19 00:00:00+08:00,3070.14,3074.54,3026.15,3034.95,665000,0.0,0.0
2016-07-20 00:00:00+08:00,2990.97,3012.96,2973.37,2990.97,829000,0.0,0.0
2016-07-21 00:00:00+08:00,2968.97,3043.75,2955.78,2977.77,857000,0.0,0.0
2016-07-22 00:00:00+08:00,3004.16,3004.16,2938.18,2973.37,687000,0.0,0.0
2016-07-25 00:00:00+08:00,2977.77,3017.36,2938.18,2938.18,497000,0.0,0.0
2016-07-26 00:00:00+08:00,2946.98,2999.76,2924.99,2999.76,531000,0.0,0.0
2016-07-27 00:00:00+08:00,3043.75,3162.51,3030.55,3092.13,910000,0.0,0.0
2016-07-28 00:00:00+08:00,3100.93,3149.31,3078.94,3078.94,692000,0.0,0.0
2016-07-29 00:00:00+08:00,3092.13,3092.13,3008.56,3008.56,487000,0.0,0.0
2016-08-01 00:00:00+08:00,3039.35,3096.53,3034.95,3087.73,538000,0.0,0.0
2016-08-02 00:00:00+08:00,3100.93,3171.3,3096.53,3153.71,608000,0.0,0.0
2016-08-03 00:00:00+08:00,3092.13,3127.32,3092.13,3118.52,445000,0.0,0.0
2016-08-04 00:00:00+08:00,3158.11,3202.09,3158.11,3158.11,582000,0.0,0.0
2016-08-05 00:00:00+08:00,3206.49,3210.89,3162.51,3197.69,470000,0.0,0.0
2016-08-08 00:00:00+08:00,3360.44,3470.4,3320.85,3356.04,1208000,0.0,0.0
2016-08-09 00:00:00+08:00,3329.65,3364.84,3325.25,3325.25,647000,0.0,0.0
2016-08-10 00:00:00+08:00,3329.65,3413.22,3329.65,3360.44,460000,0.0,0.0
2016-08-11 00:00:00+08:00,3338.45,3378.03,3290.06,3298.86,637000,0.0,0.0
2016-08-12 00:00:00+08:00,3342.84,3351.64,3307.66,3342.84,584000,0.0,0.0
2016-08-15 00:00:00+08:00,3338.45,3347.24,3281.27,3285.66,644000,0.0,0.0
2016-08-16 00:00:00+08:00,3307.66,3360.44,3303.26,3320.85,454000,0.0,0.0
2016-08-17 00:00:00+08:00,3320.85,3342.84,3298.86,3320.85,572000,0.0,0.0
2016-08-18 00:00:00+08:00,3337.4,3364.25,3270.3,3270.3,701000,63.5,0.0
2016-08-19 00:00:00+08:00,3301.61,3328.46,3230.04,3230.04,541000,0.0,0.0
2016-08-22 00:00:00+08:00,3221.09,3252.4,3194.25,3203.19,467000,0.0,0.0
2016-08-23 00:00:00+08:00,3247.93,3283.72,3234.51,3256.88,384000,0.0,0.0
2016-08-24 00:00:00+08:00,3256.88,3265.83,3234.51,3252.4,246000,0.0,0.0
2016-08-25 00:00:00+08:00,3256.88,3279.25,3203.19,3207.67,446000,0.0,0.0
2016-08-26 00:00:00+08:00,3216.61,3274.77,3212.14,3270.3,425000,0.0,0.0
2016-08-29 00:00:00+08:00,3243.46,3256.88,3207.67,3238.98,242000,0.0,0.0
2016-08-30 00:00:00+08:00,3221.09,3252.4,3145.03,3203.19,802000,0.0,0.0
2016-08-31 00:00:00+08:00,3221.09,3230.04,3167.4,3185.3,405000,0.0,0.0
2016-09-01 00:00:00+08:00,3252.4,3346.35,3243.46,3315.04,872000,0.0,0.0
2016-09-02 00:00:00+08:00,3328.46,3328.46,3252.4,3265.83,549000,0.0,0.0
2016-09-05 00:00:00+08:00,3274.77,3319.51,3274.77,3306.09,384000,0.0,0.0
2016-09-06 00:00:00+08:00,3323.98,3350.83,3265.83,3274.77,571000,0.0,0.0
2016-09-07 00:00:00+08:00,3301.61,3341.88,3288.19,3319.51,387000,0.0,0.0
2016-09-08 00:00:00+08:00,3337.4,3341.88,3274.77,3288.19,456000,0.0,0.0
2016-09-09 00:00:00+08:00,3256.88,3261.35,3189.77,3238.98,615000,0.0,0.0
2016-09-12 00:00:00+08:00,2997.4,3019.77,2966.09,2983.98,1081000,0.0,0.0
2016-09-13 00:00:00+08:00,3064.51,3127.14,3037.66,3127.14,1103000,0.0,0.0
2016-09-14 00:00:00+08:00,3140.56,3230.04,3140.56,3221.09,988000,0.0,0.0
2016-09-19 00:00:00+08:00,3346.35,3458.2,3319.51,3404.51,1565000,0.0,0.0
2016-09-20 00:00:00+08:00,3413.46,3444.77,3395.56,3413.46,721000,0.0,0.0
2016-09-21 00:00:00+08:00,3377.67,3435.83,3359.77,3422.41,503000,0.0,0.0
2016-09-22 00:00:00+08:00,3462.67,3462.67,3377.67,3382.14,434000,0.0,0.0
2016-09-23 00:00:00+08:00,3373.19,3426.88,3368.72,3422.41,416000,0.0,0.0
2016-09-26 00:00:00+08:00,3395.56,3395.56,3337.41,3373.2,385000,0.0,0.0
2016-09-27 00:00:00+08:00,3373.2,3373.2,3373.2,3373.2,0,0.0,0.0
2016-09-29 00:00:00+08:00,3404.51,3462.67,3377.67,3444.77,772000,0.0,0.0
2016-09-30 00:00:00+08:00,3364.25,3408.98,3364.25,3395.56,479000,0.0,0.0
2016-10-03 00:00:00+08:00,3413.46,3471.62,3413.46,3435.83,398000,0.0,0.0
2016-10-04 00:00:00+08:00,3435.83,3516.35,3426.88,3498.46,470000,0.0,0.0
2016-10-05 00:00:00+08:00,3498.46,3561.09,3462.67,3462.67,591000,0.0,0.0
2016-10-06 00:00:00+08:00,3485.04,3485.04,3377.67,3404.51,659000,0.0,0.0
2016-10-07 00:00:00+08:00,3391.09,3400.04,3368.72,3373.2,424000,0.0,0.0
2016-10-11 00:00:00+08:00,3355.3,3413.46,3279.25,3292.67,775000,0.0,0.0
2016-10-12 00:00:00+08:00,3319.51,3400.04,3319.51,3400.04,566000,0.0,0.0
2016-10-13 00:00:00+08:00,3417.93,3444.77,3310.56,3337.41,851000,0.0,0.0
2016-10-14 00:00:00+08:00,3270.3,3355.3,3265.83,3279.25,971000,0.0,0.0
2016-10-17 00:00:00+08:00,3301.62,3328.46,3247.93,3306.09,529000,0.0,0.0
2016-10-18 00:00:00+08:00,3283.72,3315.04,3283.72,3310.56,346000,0.0,0.0
2016-10-19 00:00:00+08:00,3323.98,3346.35,3306.09,3319.51,514000,0.0,0.0
2016-10-20 00:00:00+08:00,3310.56,3319.51,3265.83,3288.19,378000,0.0,0.0
2016-10-21 00:00:00+08:00,3297.14,3337.4,3288.19,3319.51,294000,0.0,0.0
2016-10-24 00:00:00+08:00,3328.46,3391.09,3319.51,3373.2,473000,0.0,0.0
2016-10-25 00:00:00+08:00,3382.14,3413.46,3319.51,3323.98,474000,0.0,0.0
2016-10-26 00:00:00+08:00,3283.72,3386.62,3270.3,3382.14,593000,0.0,0.0
2016-10-27 00:00:00+08:00,3355.3,3377.67,3323.98,3323.98,323000,0.0,0.0
2016-10-28 00:00:00+08:00,3341.88,3355.3,3306.09,3341.88,232000,0.0,0.0
2016-10-31 00:00:00+08:00,3341.88,3350.83,3306.09,3341.88,249000,0.0,0.0
2016-11-01 00:00:00+08:00,3323.98,3332.93,3265.83,3265.83,438000,0.0,0.0
2016-11-02 00:00:00+08:00,3261.35,3261.35,3189.77,3194.25,501000,0.0,0.0
2016-11-03 00:00:00+08:00,3189.77,3230.04,3145.03,3145.03,432000,0.0,0.0
2016-11-04 00:00:00+08:00,3131.61,3158.46,3113.72,3127.14,436000,0.0,0.0
2016-11-07 00:00:00+08:00,3086.88,3243.46,3086.88,3189.77,866000,0.0,0.0
2016-11-08 00:00:00+08:00,3216.61,3221.09,3149.51,3162.93,492000,0.0,0.0
2016-11-09 00:00:00+08:00,3212.14,3234.51,2975.03,2988.45,1183000,0.0,0.0
2016-11-10 00:00:00+08:00,3136.09,3189.77,3127.14,3171.88,937000,0.0,0.0
2016-11-11 00:00:00+08:00,3091.35,3109.24,3006.35,3037.66,1049000,0.0,0.0
2016-11-14 00:00:00+08:00,3033.19,3055.56,2872.14,2934.77,1259000,0.0,0.0
2016-11-15 00:00:00+08:00,2934.77,2992.93,2907.93,2975.03,765000,0.0,0.0
2016-11-16 00:00:00+08:00,3015.3,3055.56,3015.3,3028.72,567000,0.0,0.0
2016-11-17 00:00:00+08:00,3028.72,3033.19,2988.45,3001.88,452000,0.0,0.0
2016-11-18 00:00:00+08:00,3033.19,3145.03,3019.77,3131.61,663000,0.0,0.0
2016-11-21 00:00:00+08:00,3131.61,3158.46,3109.24,3131.61,411000,0.0,0.0
2016-11-22 00:00:00+08:00,3180.82,3212.14,3140.56,3140.56,564000,0.0,0.0
2016-11-23 00:00:00+08:00,3158.46,3189.77,3140.56,3149.51,382000,0.0,0.0
2016-11-24 00:00:00+08:00,3149.51,3162.93,3113.72,3145.03,238000,0.0,0.0
2016-11-25 00:00:00+08:00,3162.93,3203.19,3149.51,3194.25,333000,0.0,0.0
2016-11-28 00:00:00+08:00,3216.61,3247.93,3198.72,3238.98,328000,0.0,0.0
2016-11-29 00:00:00+08:00,3230.04,3283.72,3221.09,3256.88,370000,0.0,0.0
2016-11-30 00:00:00+08:00,3265.83,3301.62,3247.93,3301.62,480000,0.0,0.0
2016-12-01 00:00:00+08:00,3310.56,3323.98,3261.35,3265.83,450000,0.0,0.0
2016-12-02 00:00:00+08:00,3292.67,3297.14,3221.09,3230.04,505000,0.0,0.0
2016-12-05 00:00:00+08:00,3230.04,3247.93,3194.25,3203.19,248000,0.0,0.0
2016-12-06 00:00:00+08:00,3279.25,3373.19,3265.83,3288.19,808000,0.0,0.0
2016-12-07 00:00:00+08:00,3355.3,3359.77,3319.51,3355.3,600000,0.0,0.0
2016-12-08 00:00:00+08:00,3408.98,3408.98,3346.35,3355.3,671000,0.0,0.0
2016-12-09 00:00:00+08:00,3315.04,3355.3,3315.04,3337.41,363000,0.0,0.0
2016-12-12 00:00:00+08:00,3355.3,3359.77,3337.4,3341.88,332000,0.0,0.0
2016-12-13 00:00:00+08:00,3310.56,3355.3,3306.09,3355.3,376000,0.0,0.0
2016-12-14 00:00:00+08:00,3355.3,3355.3,3328.46,3341.88,353000,0.0,0.0
2016-12-15 00:00:00+08:00,3310.56,3332.93,3297.14,3306.09,496000,0.0,0.0
2016-12-16 00:00:00+08:00,3319.51,3355.3,3315.04,3355.3,503000,0.0,0.0
2016-12-19 00:00:00+08:00,3323.98,3337.4,3279.25,3279.25,391000,0.0,0.0
2016-12-20 00:00:00+08:00,3288.19,3310.56,3238.98,3238.98,405000,0.0,0.0
2016-12-21 00:00:00+08:00,3243.46,3292.67,3243.46,3256.88,361000,0.0,0.0
2016-12-22 00:00:00+08:00,3256.88,3265.82,3221.09,3221.09,250000,0.0,0.0
2016-12-23 00:00:00+08:00,3194.25,3216.61,3176.35,3176.35,337000,0.0,0.0
2016-12-26 00:00:00+08:00,3198.72,3212.14,3167.4,3194.25,120000,0.0,0.0
2016-12-27 00:00:00+08:00,3194.25,3216.61,3194.25,3212.14,76000,0.0,0.0
2016-12-28 00:00:00+08:00,3274.77,3355.3,3261.35,3332.93,535000,0.0,0.0
2016-12-29 00:00:00+08:00,3332.93,3373.19,3319.51,3332.93,566000,0.0,0.0
2016-12-30 00:00:00+08:00,3355.3,3404.51,3355.3,3391.09,524000,0.0,0.0
2017-01-03 00:00:00+08:00,3404.51,3408.98,3382.14,3395.56,214000,0.0,0.0
2017-01-04 00:00:00+08:00,3413.46,3417.93,3382.14,3382.14,339000,0.0,0.0
2017-01-05 00:00:00+08:00,3435.83,3623.72,3435.83,3623.72,1602000,0.0,0.0
2017-01-06 00:00:00+08:00,3623.72,3717.67,3601.36,3708.72,1051000,0.0,0.0
2017-01-09 00:00:00+08:00,3735.57,3798.2,3574.51,3587.93,784000,0.0,0.0
2017-01-10 00:00:00+08:00,3570.04,3699.78,3570.04,3699.78,513000,0.0,0.0
2017-01-11 00:00:00+08:00,3740.04,3784.78,3731.09,3731.09,627000,0.0,0.0
2017-01-12 00:00:00+08:00,3704.25,3793.73,3695.3,3793.73,571000,0.0,0.0
2017-01-13 00:00:00+08:00,3793.73,3793.73,3735.57,3793.73,618000,0.0,0.0
2017-01-16 00:00:00+08:00,3775.83,3802.67,3753.46,3802.67,313000,0.0,0.0
2017-01-17 00:00:00+08:00,3811.62,3945.83,3811.62,3936.89,784000,0.0,0.0
2017-01-18 00:00:00+08:00,3927.94,3981.62,3910.04,3977.15,574000,0.0,0.0
2017-01-19 00:00:00+08:00,3945.83,3954.78,3825.04,3842.94,701000,0.0,0.0
2017-01-20 00:00:00+08:00,3829.52,3927.94,3775.83,3927.94,717000,0.0,0.0
2017-01-23 00:00:00+08:00,3918.99,3986.1,3878.73,3896.62,538000,0.0,0.0
2017-01-24 00:00:00+08:00,3972.67,4003.99,3936.88,3981.62,773000,0.0,0.0
2017-02-02 00:00:00+08:00,4071.1,4097.94,4017.41,4071.1,1105000,0.0,0.0
2017-02-03 00:00:00+08:00,4053.2,4080.04,3981.62,4017.41,542000,0.0,0.0
2017-02-06 00:00:00+08:00,4026.36,4044.25,3959.25,4030.83,416000,0.0,0.0
2017-02-07 00:00:00+08:00,4044.25,4048.73,3986.1,4008.47,414000,0.0,0.0
2017-02-08 00:00:00+08:00,4012.94,4053.2,3999.52,3999.52,385000,0.0,0.0
2017-02-09 00:00:00+08:00,4039.78,4142.68,4026.36,4124.78,692000,0.0,0.0
2017-02-10 00:00:00+08:00,4124.78,4303.73,4124.78,4241.1,675000,0.0,0.0
2017-02-13 00:00:00+08:00,4232.15,4276.89,4191.89,4209.78,320000,0.0,0.0
2017-02-14 00:00:00+08:00,4169.52,4267.94,4169.52,4218.73,495000,0.0,0.0
2017-02-15 00:00:00+08:00,4218.73,4236.63,4200.84,4200.84,344000,0.0,0.0
2017-02-16 00:00:00+08:00,4218.73,4276.89,4062.15,4080.04,731000,0.0,0.0
2017-02-17 00:00:00+08:00,4102.41,4138.2,4053.2,4053.2,653000,0.0,0.0
2017-02-20 00:00:00+08:00,4035.31,4160.57,4008.47,4021.89,465000,0.0,0.0
2017-02-21 00:00:00+08:00,4039.78,4080.04,4021.89,4080.04,235000,0.0,0.0
2017-02-22 00:00:00+08:00,4151.62,4232.15,4147.15,4187.41,603000,0.0,0.0
2017-02-23 00:00:00+08:00,4227.68,4294.78,4223.2,4245.57,458000,0.0,0.0
2017-02-24 00:00:00+08:00,4245.57,4245.57,4080.04,4080.04,624000,0.0,0.0
2017-03-01 00:00:00+08:00,4035.31,4075.57,4003.99,4003.99,700000,0.0,0.0
2017-03-02 00:00:00+08:00,4080.04,4115.83,3981.62,4012.94,564000,0.0,0.0
2017-03-03 00:00:00+08:00,3981.62,4057.68,3981.62,3995.04,310000,0.0,0.0
2017-03-06 00:00:00+08:00,4053.2,4080.04,4021.89,4026.36,360000,0.0,0.0
2017-03-07 00:00:00+08:00,4026.36,4057.68,3936.89,3977.15,382000,0.0,0.0
2017-03-08 00:00:00+08:00,4008.47,4017.41,3945.83,3972.68,309000,0.0,0.0
2017-03-09 00:00:00+08:00,3986.1,4012.94,3927.94,4012.94,329000,0.0,0.0
2017-03-10 00:00:00+08:00,3999.52,4030.83,3968.2,4030.83,268000,0.0,0.0
2017-03-13 00:00:00+08:00,4048.73,4169.52,4048.73,4160.57,529000,0.0,0.0
2017-03-14 00:00:00+08:00,4200.84,4214.26,4129.26,4156.1,302000,0.0,0.0
2017-03-15 00:00:00+08:00,4151.62,4151.62,4088.99,4106.89,319000,0.0,0.0
2017-03-16 00:00:00+08:00,4151.62,4187.41,4151.62,4173.99,318000,0.0,0.0
2017-03-17 00:00:00+08:00,4191.89,4258.99,4160.57,4258.99,287000,0.0,0.0
2017-03-20 00:00:00+08:00,4250.05,4258.99,4214.26,4223.2,167000,0.0,0.0
2017-03-21 00:00:00+08:00,4250.05,4339.52,4250.05,4303.73,398000,0.0,0.0
2017-03-22 00:00:00+08:00,4227.68,4263.47,4191.89,4241.1,408000,0.0,0.0
2017-03-23 00:00:00+08:00,4290.31,4294.78,4241.1,4250.05,161000,0.0,0.0
2017-03-24 00:00:00+08:00,4281.36,4290.31,4232.15,4285.84,248000,0.0,0.0
2017-03-27 00:00:00+08:00,4281.36,4308.2,4241.1,4290.31,194000,0.0,0.0
2017-03-28 00:00:00+08:00,4294.78,4308.21,4191.89,4236.63,374000,0.0,0.0
2017-03-29 00:00:00+08:00,4250.05,4250.05,4196.36,4196.36,345000,0.0,0.0
2017-03-30 00:00:00+08:00,4218.73,4241.1,4196.36,4196.36,276000,0.0,0.0
2017-03-31 00:00:00+08:00,4196.36,4285.84,4196.36,4276.89,284000,0.0,0.0
2017-04-05 00:00:00+08:00,4312.68,4330.57,4218.73,4312.68,485000,0.0,0.0
2017-04-06 00:00:00+08:00,4182.94,4209.78,4115.83,4115.83,866000,0.0,0.0
2017-04-07 00:00:00+08:00,4115.83,4209.78,4062.15,4205.31,650000,0.0,0.0
2017-04-10 00:00:00+08:00,4232.15,4232.15,4129.26,4129.26,223000,0.0,0.0
2017-04-11 00:00:00+08:00,4102.41,4147.15,4044.25,4044.25,381000,0.0,0.0
2017-04-12 00:00:00+08:00,4044.26,4062.15,3968.2,4003.99,564000,0.0,0.0
2017-04-13 00:00:00+08:00,3959.25,4021.89,3923.46,3945.83,573000,0.0,0.0
2017-04-14 00:00:00+08:00,4160.57,4312.68,4142.68,4294.78,1271000,0.0,0.0
2017-04-17 00:00:00+08:00,4308.21,4308.21,4232.15,4276.89,346000,0.0,0.0
2017-04-18 00:00:00+08:00,4303.73,4303.73,4263.47,4276.89,242000,0.0,0.0
2017-04-19 00:00:00+08:00,4245.57,4258.99,4223.2,4223.2,305000,0.0,0.0
2017-04-20 00:00:00+08:00,4223.2,4303.73,4205.31,4227.68,338000,0.0,0.0
2017-04-21 00:00:00+08:00,4290.31,4370.84,4276.89,4361.89,653000,0.0,0.0
2017-04-24 00:00:00+08:00,4388.73,4455.84,4335.05,4379.78,481000,0.0,0.0
2017-04-25 00:00:00+08:00,4388.73,4446.89,4343.99,4446.89,442000,0.0,0.0
2017-04-26 00:00:00+08:00,4446.89,4482.68,4433.47,4473.73,505000,0.0,0.0
2017-04-27 00:00:00+08:00,4451.37,4487.15,4442.42,4482.68,176000,0.0,0.0
2017-04-28 00:00:00+08:00,4460.31,4487.15,4460.31,4487.15,227000,0.0,0.0
2017-05-02 00:00:00+08:00,4487.15,4536.37,4473.73,4473.73,305000,0.0,0.0
2017-05-03 00:00:00+08:00,4451.36,4509.52,4446.89,4491.63,171000,0.0,0.0
2017-05-04 00:00:00+08:00,4473.73,4500.58,4446.89,4446.89,246000,0.0,0.0
2017-05-05 00:00:00+08:00,4446.89,4482.68,4415.57,4415.57,223000,0.0,0.0
2017-05-08 00:00:00+08:00,4437.94,4442.42,4357.42,4415.57,358000,0.0,0.0
2017-05-09 00:00:00+08:00,4429.0,4500.58,4388.73,4469.26,326000,0.0,0.0
2017-05-10 00:00:00+08:00,4451.36,4464.79,4424.52,4424.52,165000,0.0,0.0
2017-05-11 00:00:00+08:00,4451.36,4487.15,4420.05,4437.94,276000,0.0,0.0
2017-05-12 00:00:00+08:00,4424.52,4446.89,4361.89,4370.84,314000,0.0,0.0
2017-05-15 00:00:00+08:00,4384.26,4397.68,4344.0,4384.26,225000,0.0,0.0
2017-05-16 00:00:00+08:00,4402.15,4406.63,4357.42,4357.42,254000,0.0,0.0
2017-05-17 00:00:00+08:00,4352.94,4366.36,4290.31,4312.68,388000,0.0,0.0
2017-05-18 00:00:00+08:00,4254.52,4402.15,4254.52,4343.99,476000,0.0,0.0
2017-05-19 00:00:00+08:00,4344.0,4352.94,4303.73,4303.73,300000,0.0,0.0
2017-05-22 00:00:00+08:00,4366.36,4384.26,4330.57,4384.26,174000,0.0,0.0
2017-05-23 00:00:00+08:00,4375.31,4379.79,4344.0,4361.89,211000,0.0,0.0
2017-05-24 00:00:00+08:00,4370.84,4379.78,4343.99,4348.47,228000,0.0,0.0
2017-05-25 00:00:00+08:00,4348.47,4366.36,4294.78,4299.26,309000,0.0,0.0
2017-05-26 00:00:00+08:00,4308.21,4348.47,4299.26,4326.1,298000,0.0,0.0
2017-05-31 00:00:00+08:00,4317.15,4317.15,4250.05,4250.05,382000,0.0,0.0
2017-06-01 00:00:00+08:00,4250.05,4294.78,4209.78,4218.73,375000,0.0,0.0
2017-06-02 00:00:00+08:00,4263.47,4335.05,4258.99,4335.05,361000,0.0,0.0
2017-06-05 00:00:00+08:00,4339.52,4352.94,4294.78,4339.52,234000,0.0,0.0
2017-06-06 00:00:00+08:00,4339.52,4339.52,4285.84,4285.84,222000,0.0,0.0
2017-06-07 00:00:00+08:00,4285.84,4357.42,4263.47,4263.47,343000,0.0,0.0
2017-06-08 00:00:00+08:00,4285.84,4321.63,4272.42,4272.42,250000,0.0,0.0
2017-06-09 00:00:00+08:00,4294.78,4357.42,4294.78,4330.57,324000,0.0,0.0
2017-06-12 00:00:00+08:00,4276.89,4312.68,4276.89,4299.26,144000,0.0,0.0
2017-06-13 00:00:00+08:00,4308.21,4344.0,4285.84,4303.73,283000,0.0,0.0
2017-06-14 00:00:00+08:00,4321.63,4335.05,4187.41,4200.84,416000,0.0,0.0
2017-06-15 00:00:00+08:00,4223.2,4250.05,4178.47,4200.84,387000,0.0,0.0
2017-06-16 00:00:00+08:00,4187.41,4250.05,4147.15,4232.15,376000,0.0,0.0
2017-06-19 00:00:00+08:00,4232.15,4335.05,4232.15,4326.1,329000,0.0,0.0
2017-06-20 00:00:00+08:00,4303.73,4375.31,4303.73,4335.05,245000,0.0,0.0
2017-06-21 00:00:00+08:00,4339.52,4375.31,4317.15,4326.1,363000,0.0,0.0
2017-06-22 00:00:00+08:00,4339.52,4375.31,4330.57,4375.31,217000,0.0,0.0
2017-06-23 00:00:00+08:00,4397.68,4460.31,4397.68,4442.42,484000,0.0,0.0
2017-06-26 00:00:00+08:00,4424.52,4482.68,4402.15,4473.73,265000,0.0,0.0
2017-06-27 00:00:00+08:00,4491.63,4509.52,4446.89,4446.89,285000,0.0,0.0
2017-06-28 00:00:00+08:00,4446.89,4455.84,4348.47,4348.47,434000,0.0,0.0
2017-06-29 00:00:00+08:00,4411.1,4437.94,4370.84,4379.78,268000,0.0,0.0
2017-06-30 00:00:00+08:00,4370.84,4375.31,4303.73,4339.52,360000,0.0,0.0
2017-07-03 00:00:00+08:00,4330.57,4330.57,4258.99,4258.99,352000,0.0,0.0
2017-07-04 00:00:00+08:00,4285.84,4308.21,4263.47,4267.94,255000,0.0,0.0
2017-07-05 00:00:00+08:00,4294.78,4321.63,4267.94,4308.21,258000,0.0,0.0
2017-07-06 00:00:00+08:00,4375.31,4446.89,4370.84,4446.89,557000,0.0,0.0
2017-07-07 00:00:00+08:00,4397.68,4442.42,4397.68,4437.94,330000,0.0,0.0
2017-07-10 00:00:00+08:00,4446.89,4558.73,4446.89,4554.26,627000,0.0,0.0
2017-07-11 00:00:00+08:00,4643.73,4764.53,4616.89,4728.74,850000,0.0,0.0
2017-07-12 00:00:00+08:00,4733.21,4858.47,4706.37,4858.47,650000,0.0,0.0
2017-07-13 00:00:00+08:00,4862.95,4876.37,4746.63,4773.47,459000,0.0,0.0
2017-07-14 00:00:00+08:00,4585.58,4648.21,4576.63,4625.84,1108000,0.0,0.0
2017-07-17 00:00:00+08:00,4625.84,4715.31,4576.63,4661.63,692000,0.0,0.0
2017-07-18 00:00:00+08:00,4737.68,4876.37,4706.37,4876.37,697000,0.0,0.0
2017-07-19 00:00:00+08:00,4921.11,5019.53,4912.16,4992.69,746000,0.0,0.0
2017-07-20 00:00:00+08:00,5006.11,5041.9,4930.05,4992.69,572000,0.0,0.0
2017-07-21 00:00:00+08:00,4943.48,4947.95,4854.0,4854.0,453000,0.0,0.0
2017-07-24 00:00:00+08:00,4813.74,4916.63,4813.74,4907.69,316000,0.0,0.0
2017-07-25 00:00:00+08:00,4952.42,5010.58,4939.0,5010.58,318000,0.0,0.0
2017-07-26 00:00:00+08:00,5010.58,5019.53,4916.63,4916.63,378000,0.0,0.0
2017-07-27 00:00:00+08:00,4934.53,5010.58,4934.53,4939.0,342000,0.0,0.0
2017-07-28 00:00:00+08:00,4939.0,4947.95,4849.53,4871.9,393000,0.0,0.0
2017-07-31 00:00:00+08:00,4862.95,4930.05,4845.05,4930.05,301000,0.0,0.0
2017-08-01 00:00:00+08:00,4961.37,4965.84,4921.11,4921.11,312000,0.0,0.0
2017-08-02 00:00:00+08:00,5050.84,5198.48,5028.48,5158.21,690000,0.0,0.0
2017-08-03 00:00:00+08:00,5144.79,5144.79,5059.79,5104.53,319000,0.0,0.0
2017-08-04 00:00:00+08:00,5073.21,5144.79,5068.74,5135.85,268000,0.0,0.0
2017-08-07 00:00:00+08:00,5144.79,5180.58,5095.58,5095.58,239000,0.0,0.0
2017-08-08 00:00:00+08:00,5153.74,5153.74,5055.32,5055.32,266000,0.0,0.0
2017-08-09 00:00:00+08:00,5024.0,5046.37,4956.9,4956.9,263000,0.0,0.0
2017-08-10 00:00:00+08:00,4961.37,4965.84,4786.89,4813.74,469000,0.0,0.0
2017-08-11 00:00:00+08:00,4840.58,4979.27,4840.58,4979.27,392000,0.0,0.0
2017-08-14 00:00:00+08:00,5041.9,5046.37,4912.16,4930.05,212000,0.0,0.0
2017-08-15 00:00:00+08:00,5032.95,5073.21,4992.69,5010.58,261000,0.0,0.0
2017-08-16 00:00:00+08:00,4974.79,5041.9,4974.79,4979.27,397000,0.0,0.0
2017-08-17 00:00:00+08:00,5000.53,5036.74,5000.53,5014.11,264000,63.5,0.0
2017-08-18 00:00:00+08:00,4964.33,5036.74,4959.81,5005.06,140000,0.0,0.0
2017-08-21 00:00:00+08:00,4996.01,5059.36,4982.43,5036.74,111264,0.0,0.0
2017-08-22 00:00:00+08:00,5045.79,5109.14,5045.79,5072.94,251470,0.0,0.0
2017-08-23 00:00:00+08:00,5104.62,5145.35,5104.62,5140.82,238562,0.0,0.0
2017-08-24 00:00:00+08:00,5158.92,5448.55,5149.87,5430.44,862405,0.0,0.0
2017-08-25 00:00:00+08:00,5430.44,5498.32,5389.72,5430.44,484084,0.0,0.0
2017-08-28 00:00:00+08:00,5425.92,5444.02,5267.53,5272.06,434652,0.0,0.0
2017-08-29 00:00:00+08:00,5276.58,5294.68,5163.45,5186.07,459653,0.0,0.0
2017-08-30 00:00:00+08:00,5253.96,5335.41,5249.43,5267.53,416012,0.0,0.0
2017-08-31 00:00:00+08:00,5317.31,5317.31,5240.38,5276.58,222193,0.0,0.0
2017-09-01 00:00:00+08:00,5294.68,5330.89,5267.53,5312.78,262617,0.0,0.0
2017-09-04 00:00:00+08:00,5312.79,5380.67,5290.16,5290.16,279288,0.0,0.0
2017-09-05 00:00:00+08:00,5299.21,5380.67,5299.21,5371.61,221734,0.0,0.0
2017-09-06 00:00:00+08:00,5412.34,5425.92,5294.68,5335.41,334760,0.0,0.0
2017-09-07 00:00:00+08:00,5389.72,5430.44,5335.41,5380.67,364379,0.0,0.0
2017-09-08 00:00:00+08:00,5421.39,5425.92,5389.72,5403.29,266116,0.0,0.0
2017-09-11 00:00:00+08:00,5412.34,5416.87,5263.01,5272.06,321421,0.0,0.0
2017-09-12 00:00:00+08:00,5321.84,5362.56,5240.38,5303.73,388312,0.0,0.0
2017-09-13 00:00:00+08:00,5303.73,5303.73,5100.09,5100.09,773425,0.0,0.0
2017-09-14 00:00:00+08:00,5104.62,5136.3,5063.89,5113.67,523740,0.0,0.0
2017-09-15 00:00:00+08:00,5059.36,5204.18,5005.06,5177.02,598700,0.0,0.0
2017-09-18 00:00:00+08:00,5253.96,5290.16,5199.65,5267.53,266175,0.0,0.0
2017-09-19 00:00:00+08:00,5294.68,5353.51,5253.96,5281.11,396871,0.0,0.0
2017-09-20 00:00:00+08:00,5312.78,5312.78,5113.67,5149.87,500771,0.0,0.0
2017-09-21 00:00:00+08:00,5072.94,5186.07,5059.36,5158.92,509241,0.0,0.0
2017-09-22 00:00:00+08:00,5113.67,5177.02,4855.72,4855.72,851032,0.0,0.0
2017-09-25 00:00:00+08:00,4796.89,4955.28,4760.69,4824.04,993474,0.0,0.0
2017-09-26 00:00:00+08:00,4796.89,4842.15,4629.45,4629.45,1093271,0.0,0.0
2017-09-27 00:00:00+08:00,4796.89,4932.65,4796.89,4887.4,877897,0.0,0.0
2017-09-28 00:00:00+08:00,4955.28,4955.28,4837.62,4860.25,557091,0.0,0.0
2017-09-29 00:00:00+08:00,4828.57,4878.35,4796.89,4824.04,455510,0.0,0.0
2017-10-02 00:00:00+08:00,4896.45,5041.26,4896.45,4937.18,402843,0.0,0.0
2017-10-03 00:00:00+08:00,4968.86,5023.16,4923.6,5018.64,307820,0.0,0.0
2017-10-05 00:00:00+08:00,5077.47,5104.62,5041.26,5059.36,248016,0.0,0.0
2017-10-06 00:00:00+08:00,5059.36,5100.09,4914.55,4968.86,444506,0.0,0.0
2017-10-11 00:00:00+08:00,5041.26,5068.42,4905.5,4905.5,381418,0.0,0.0
2017-10-12 00:00:00+08:00,4973.38,5122.72,4973.38,5100.09,549924,0.0,0.0
2017-10-13 00:00:00+08:00,4982.43,5068.42,4973.38,5023.16,721144,0.0,0.0
2017-10-16 00:00:00+08:00,5059.36,5226.8,5045.79,5226.8,688842,0.0,0.0
2017-10-17 00:00:00+08:00,5249.43,5294.68,5149.87,5181.55,528285,0.0,0.0
2017-10-18 00:00:00+08:00,5213.23,5217.75,5027.69,5063.89,592855,0.0,0.0
2017-10-19 00:00:00+08:00,5091.04,5199.65,5077.47,5199.65,329446,0.0,0.0
2017-10-20 00:00:00+08:00,5100.09,5136.29,5041.26,5045.79,423969,0.0,0.0
2017-10-23 00:00:00+08:00,5104.62,5104.62,4991.48,5005.06,265690,0.0,0.0
2017-10-24 00:00:00+08:00,5050.31,5091.04,4996.01,5059.36,220083,0.0,0.0
2017-10-25 00:00:00+08:00,5077.47,5100.09,5041.26,5095.57,178119,0.0,0.0
2017-10-26 00:00:00+08:00,5109.14,5172.5,5036.74,5036.74,286817,0.0,0.0
2017-10-27 00:00:00+08:00,5091.04,5154.4,5023.16,5027.69,224452,0.0,0.0
2017-10-30 00:00:00+08:00,5158.92,5249.43,5140.82,5186.07,678465,0.0,0.0
2017-10-31 00:00:00+08:00,5208.7,5244.9,5158.92,5172.5,263347,0.0,0.0
2017-11-01 00:00:00+08:00,5240.38,5249.43,5204.18,5231.33,211588,0.0,0.0
2017-11-02 00:00:00+08:00,5204.18,5226.8,5186.07,5226.8,154674,0.0,0.0
2017-11-03 00:00:00+08:00,5276.58,5425.92,5276.58,5416.87,592170,0.0,0.0
2017-11-06 00:00:00+08:00,5385.19,5385.19,5272.06,5317.31,462126,0.0,0.0
2017-11-07 00:00:00+08:00,5367.09,5367.09,5312.79,5326.36,144639,0.0,0.0
2017-11-08 00:00:00+08:00,5335.41,5421.39,5326.36,5344.46,329638,0.0,0.0
2017-11-09 00:00:00+08:00,5321.84,5376.14,5177.02,5208.7,286117,0.0,0.0
2017-11-10 00:00:00+08:00,5204.18,5226.8,5131.77,5195.12,271191,0.0,0.0
2017-11-13 00:00:00+08:00,5195.13,5213.23,5145.35,5158.92,185427,0.0,0.0
2017-11-14 00:00:00+08:00,5145.35,5158.92,5041.26,5054.84,272683,0.0,0.0
2017-11-15 00:00:00+08:00,5041.26,5104.62,5018.64,5095.57,282191,0.0,0.0
2017-11-16 00:00:00+08:00,5077.47,5122.72,5032.21,5068.41,179821,0.0,0.0
2017-11-17 00:00:00+08:00,5140.82,5140.82,5023.16,5027.69,290486,0.0,0.0
2017-11-20 00:00:00+08:00,5032.21,5091.04,4982.43,5023.16,274206,0.0,0.0
2017-11-21 00:00:00+08:00,5063.89,5068.41,4977.91,4991.48,423889,0.0,0.0
2017-11-22 00:00:00+08:00,5041.26,5081.99,4996.01,5027.69,594053,0.0,0.0
2017-11-23 00:00:00+08:00,5086.52,5086.52,5009.58,5009.58,233679,0.0,0.0
2017-11-24 00:00:00+08:00,5041.26,5059.36,5014.11,5050.31,163842,0.0,0.0
2017-11-27 00:00:00+08:00,5077.47,5091.04,4814.99,4824.04,590226,0.0,0.0
2017-11-28 00:00:00+08:00,4824.05,4891.93,4688.28,4833.1,756535,0.0,0.0
2017-11-29 00:00:00+08:00,4869.3,4900.98,4724.49,4742.59,379290,0.0,0.0
2017-11-30 00:00:00+08:00,4624.93,4742.59,4615.88,4652.08,788213,0.0,0.0
2017-12-01 00:00:00+08:00,4652.08,4692.81,4290.05,4534.42,1538815,0.0,0.0
2017-12-04 00:00:00+08:00,4434.86,4525.37,4312.68,4344.36,921908,0.0,0.0
2017-12-05 00:00:00+08:00,4303.63,4457.49,4235.75,4281.0,901035,0.0,0.0
2017-12-06 00:00:00+08:00,4009.48,4140.71,3855.62,3860.14,3058491,0.0,0.0
2017-12-07 00:00:00+08:00,3968.75,3995.9,3873.72,3891.82,1952355,0.0,0.0
2017-12-08 00:00:00+08:00,3955.17,4004.95,3896.34,3955.17,1470878,0.0,0.0
2017-12-11 00:00:00+08:00,4018.53,4041.16,3964.22,4009.48,640005,0.0,0.0
2017-12-12 00:00:00+08:00,4018.53,4023.05,3869.19,4009.48,828561,0.0,0.0
2017-12-13 00:00:00+08:00,3968.75,4009.48,3964.22,3982.33,513666,0.0,0.0
2017-12-14 00:00:00+08:00,4023.05,4041.16,3891.82,3891.82,566375,0.0,0.0
2017-12-15 00:00:00+08:00,3891.82,3891.82,3710.8,3783.21,1266638,0.0,0.0
2017-12-18 00:00:00+08:00,3801.31,3914.45,3683.65,3896.34,939473,0.0,0.0
2017-12-19 00:00:00+08:00,3896.34,3896.34,3783.21,3783.21,643877,0.0,0.0
2017-12-20 00:00:00+08:00,3783.21,3832.99,3756.06,3828.46,426694,0.0,0.0
2017-12-21 00:00:00+08:00,3810.36,3842.04,3737.96,3737.96,423951,0.0,0.0
2017-12-22 00:00:00+08:00,3756.06,3819.41,3724.38,3801.31,464872,0.0,0.0
2017-12-25 00:00:00+08:00,3814.89,3814.89,3620.3,3620.3,453786,0.0,0.0
2017-12-26 00:00:00+08:00,3629.35,3633.87,3570.52,3620.3,659943,0.0,0.0
2017-12-27 00:00:00+08:00,3624.82,3674.6,3439.28,3443.81,837996,0.0,0.0
2017-12-28 00:00:00+08:00,3507.16,3715.33,3502.64,3656.5,990702,0.0,0.0
2017-12-29 00:00:00+08:00,3670.08,3728.91,3633.87,3638.4,403908,0.0,0.0
2018-01-02 00:00:00+08:00,3670.08,3860.14,3629.35,3851.09,742841,0.0,0.0
2018-01-03 00:00:00+08:00,3932.55,3932.55,3751.53,3751.53,842640,0.0,0.0
2018-01-04 00:00:00+08:00,3765.11,3787.73,3692.7,3742.48,510680,0.0,0.0
2018-01-05 00:00:00+08:00,3774.16,3774.16,3606.72,3710.8,829378,0.0,0.0
2018-01-08 00:00:00+08:00,3457.38,3579.57,3443.81,3556.94,1180977,0.0,0.0
2018-01-09 00:00:00+08:00,3534.31,3597.67,3375.93,3389.5,1375362,0.0,0.0
2018-01-10 00:00:00+08:00,3421.18,3452.86,3371.4,3416.65,963748,0.0,0.0
2018-01-11 00:00:00+08:00,3439.28,3507.16,3375.93,3375.93,838946,0.0,0.0
2018-01-12 00:00:00+08:00,3547.89,3710.8,3520.74,3710.8,1571018,0.0,0.0
2018-01-15 00:00:00+08:00,3851.09,3864.67,3602.2,3647.45,1557355,0.0,0.0
2018-01-16 00:00:00+08:00,3602.19,3651.97,3579.57,3620.3,668791,0.0,0.0
2018-01-17 00:00:00+08:00,3620.3,3620.3,3556.94,3602.19,609157,0.0,0.0
2018-01-18 00:00:00+08:00,3638.4,3665.55,3606.72,3606.72,733228,0.0,0.0
2018-01-19 00:00:00+08:00,3620.3,3656.5,3606.72,3620.3,785717,0.0,0.0
2018-01-22 00:00:00+08:00,3629.35,3647.45,3602.19,3620.3,608001,0.0,0.0
2018-01-23 00:00:00+08:00,3642.92,3679.13,3588.62,3588.62,645200,0.0,0.0
2018-01-24 00:00:00+08:00,3579.57,3602.2,3412.13,3430.23,1163018,0.0,0.0
2018-01-25 00:00:00+08:00,3448.33,3529.79,3389.5,3430.23,1135248,0.0,0.0
2018-01-26 00:00:00+08:00,3480.01,3552.42,3448.33,3511.69,807341,0.0,0.0
2018-01-29 00:00:00+08:00,3584.09,3651.97,3547.89,3651.97,687864,0.0,0.0
2018-01-30 00:00:00+08:00,3620.3,3679.13,3597.67,3670.08,740592,0.0,0.0
2018-01-31 00:00:00+08:00,3629.35,3701.75,3611.25,3624.82,652523,0.0,0.0
2018-02-01 00:00:00+08:00,3638.4,3697.23,3624.82,3692.7,396316,0.0,0.0
2018-02-02 00:00:00+08:00,3728.91,3751.53,3602.19,3602.19,588737,0.0,0.0
2018-02-05 00:00:00+08:00,3457.38,3493.59,3416.65,3439.28,725743,0.0,0.0
2018-02-06 00:00:00+08:00,3185.86,3222.06,3095.35,3095.35,1696946,0.0,0.0
2018-02-07 00:00:00+08:00,3253.74,3403.08,3213.01,3308.05,1553201,0.0,0.0
2018-02-08 00:00:00+08:00,3308.05,3394.03,3308.05,3371.4,886886,0.0,0.0
2018-02-09 00:00:00+08:00,3222.06,3289.94,3199.44,3235.64,771119,0.0,0.0
2018-02-12 00:00:00+08:00,3262.79,3362.35,3262.79,3330.67,581020,0.0,0.0
2018-02-21 00:00:00+08:00,3421.18,3642.92,3421.18,3575.04,1347081,0.0,0.0
2018-02-22 00:00:00+08:00,3534.31,3543.37,3475.48,3480.01,637877,0.0,0.0
2018-02-23 00:00:00+08:00,3543.37,3633.87,3525.26,3575.04,673114,0.0,0.0
2018-02-26 00:00:00+08:00,3638.4,3661.02,3421.18,3421.18,701341,0.0,0.0
2018-02-27 00:00:00+08:00,3484.54,3498.11,3344.25,3344.25,637141,0.0,0.0
2018-03-01 00:00:00+08:00,3357.82,3547.89,3348.77,3529.79,859927,0.0,0.0
2018-03-02 00:00:00+08:00,3484.54,3529.79,3470.96,3502.64,473175,0.0,0.0
2018-03-05 00:00:00+08:00,3493.59,3493.59,3326.15,3348.77,712682,0.0,0.0
2018-03-06 00:00:00+08:00,3362.35,3394.03,3308.05,3308.05,1076391,0.0,0.0
2018-03-07 00:00:00+08:00,3276.37,3339.72,3258.27,3339.72,708611,0.0,0.0
2018-03-08 00:00:00+08:00,3348.77,3403.08,3335.2,3362.35,406676,0.0,0.0
2018-03-09 00:00:00+08:00,3430.23,3493.59,3394.03,3493.59,633785,0.0,0.0
2018-03-12 00:00:00+08:00,3615.77,3633.87,3565.99,3579.57,760482,0.0,0.0
2018-03-13 00:00:00+08:00,3633.87,3697.23,3629.35,3661.02,755652,0.0,0.0
2018-03-14 00:00:00+08:00,3620.3,3651.97,3584.09,3584.09,496843,0.0,0.0
2018-03-15 00:00:00+08:00,3502.64,3525.26,3425.71,3425.71,798527,0.0,0.0
2018-03-16 00:00:00+08:00,3443.81,3475.48,3339.72,3339.72,900428,0.0,0.0
2018-03-19 00:00:00+08:00,3357.82,3366.88,3308.05,3357.82,560452,0.0,0.0
2018-03-20 00:00:00+08:00,3303.52,3321.62,3213.01,3217.54,1300237,0.0,0.0
2018-03-21 00:00:00+08:00,3267.32,3344.25,3262.79,3303.52,745528,0.0,0.0
2018-03-22 00:00:00+08:00,3353.3,3403.08,3231.11,3253.74,966628,0.0,0.0
2018-03-23 00:00:00+08:00,3122.51,3176.81,3077.25,3077.25,1011553,0.0,0.0
2018-03-26 00:00:00+08:00,3086.3,3176.81,3086.3,3167.76,669053,0.0,0.0
2018-03-27 00:00:00+08:00,3240.17,3258.27,3095.35,3095.35,757064,0.0,0.0
2018-03-28 00:00:00+08:00,3027.47,3081.78,3000.32,3045.57,905614,0.0,0.0
2018-03-29 00:00:00+08:00,3090.83,3090.83,3000.32,3000.32,570705,0.0,0.0
2018-03-30 00:00:00+08:00,3045.57,3068.2,3013.9,3013.9,498897,0.0,0.0
2018-04-02 00:00:00+08:00,3013.9,3063.68,2878.14,2882.66,590894,0.0,0.0
2018-04-03 00:00:00+08:00,2774.05,2891.71,2719.75,2882.66,1694284,0.0,0.0
2018-04-09 00:00:00+08:00,2841.93,2918.86,2715.22,2715.22,1208694,0.0,0.0
2018-04-10 00:00:00+08:00,2719.75,2941.49,2715.22,2941.49,1361490,0.0,0.0
2018-04-11 00:00:00+08:00,3022.95,3032.0,2905.29,2923.39,678815,0.0,0.0
2018-04-12 00:00:00+08:00,2959.59,3027.47,2909.81,2986.74,576497,0.0,0.0
2018-04-13 00:00:00+08:00,3059.15,3190.39,2923.39,3131.56,2253756,0.0,0.0
2018-04-16 00:00:00+08:00,3104.4,3235.64,3068.2,3213.01,1106510,0.0,0.0
2018-04-17 00:00:00+08:00,3190.39,3298.99,3145.13,3240.17,1239636,0.0,0.0
2018-04-18 00:00:00+08:00,3203.96,3280.89,3190.39,3190.39,892212,0.0,0.0
2018-04-19 00:00:00+08:00,3136.08,3181.34,3127.03,3158.71,936684,0.0,0.0
2018-04-20 00:00:00+08:00,3086.3,3127.03,3050.1,3095.35,823800,0.0,0.0
2018-04-23 00:00:00+08:00,3095.35,3122.51,2946.02,2946.02,821004,0.0,0.0
2018-04-24 00:00:00+08:00,2959.59,3000.32,2914.34,2914.34,845864,0.0,0.0
2018-04-25 00:00:00+08:00,2918.86,2995.8,2918.86,2941.49,493376,0.0,0.0
2018-04-26 00:00:00+08:00,2968.64,3032.0,2968.64,2982.22,565742,0.0,0.0
2018-04-27 00:00:00+08:00,3022.95,3050.1,2932.44,2955.07,612516,0.0,0.0
2018-04-30 00:00:00+08:00,2986.74,3167.76,2959.59,3149.66,670461,0.0,0.0
2018-05-02 00:00:00+08:00,3222.06,3366.88,3199.44,3348.77,1491716,0.0,0.0
2018-05-03 00:00:00+08:00,3439.28,3466.43,3330.67,3335.2,1483874,0.0,0.0
2018-05-04 00:00:00+08:00,3335.2,3380.45,3285.42,3294.47,686563,0.0,0.0
2018-05-07 00:00:00+08:00,3502.64,3620.3,3502.64,3620.3,1899026,0.0,0.0
2018-05-08 00:00:00+08:00,3638.4,3683.65,3597.67,3611.25,836783,0.0,0.0
2018-05-09 00:00:00+08:00,3679.13,3769.63,3611.25,3620.3,1055845,0.0,0.0
2018-05-10 00:00:00+08:00,3701.75,3706.28,3602.19,3602.19,557109,0.0,0.0
2018-05-11 00:00:00+08:00,3642.92,3692.7,3620.3,3688.18,759464,0.0,0.0
2018-05-14 00:00:00+08:00,3737.96,3805.84,3701.75,3805.84,779217,0.0,0.0
2018-05-15 00:00:00+08:00,3837.51,3837.51,3701.75,3701.75,882871,0.0,0.0
2018-05-16 00:00:00+08:00,3656.5,3728.91,3638.4,3665.55,400301,0.0,0.0
2018-05-17 00:00:00+08:00,3692.7,3715.33,3547.89,3547.89,564427,0.0,0.0
2018-05-18 00:00:00+08:00,3638.4,3706.28,3593.14,3629.35,799942,0.0,0.0
2018-05-21 00:00:00+08:00,3665.55,3692.7,3629.35,3656.5,500425,0.0,0.0
2018-05-22 00:00:00+08:00,3656.5,3670.08,3593.14,3602.19,450305,0.0,0.0
2018-05-23 00:00:00+08:00,3602.19,3624.82,3543.37,3547.89,476219,0.0,0.0
2018-05-24 00:00:00+08:00,3588.62,3642.92,3561.47,3620.3,611096,0.0,0.0
2018-05-25 00:00:00+08:00,3620.3,3642.92,3602.19,3615.77,356263,0.0,0.0
2018-05-28 00:00:00+08:00,3651.97,3733.43,3642.92,3697.23,818287,0.0,0.0
2018-05-29 00:00:00+08:00,3769.63,3864.67,3728.91,3851.09,892649,0.0,0.0
2018-05-30 00:00:00+08:00,3805.84,3855.62,3783.21,3801.31,651770,0.0,0.0
2018-05-31 00:00:00+08:00,3828.46,3846.56,3647.45,3710.8,1326714,0.0,0.0
2018-06-01 00:00:00+08:00,3719.85,3864.67,3719.85,3842.04,671207,0.0,0.0
2018-06-04 00:00:00+08:00,3873.72,4036.63,3873.72,3995.9,924953,0.0,0.0
2018-06-05 00:00:00+08:00,4000.43,4090.93,3941.6,4027.58,839084,0.0,0.0
2018-06-06 00:00:00+08:00,4244.8,4244.8,4118.09,4185.97,1445824,0.0,0.0
2018-06-07 00:00:00+08:00,4208.59,4235.75,4140.71,4204.07,623495,0.0,0.0
2018-06-08 00:00:00+08:00,4208.59,4294.58,4113.56,4113.56,713223,0.0,0.0
2018-06-11 00:00:00+08:00,4118.09,4154.29,4027.58,4118.09,552395,0.0,0.0
2018-06-12 00:00:00+08:00,4145.24,4145.24,4018.53,4018.53,456758,0.0,0.0
2018-06-13 00:00:00+08:00,4222.17,4285.53,4145.24,4281.0,975333,0.0,0.0
2018-06-14 00:00:00+08:00,4235.75,4240.27,4181.44,4181.44,636812,0.0,0.0
2018-06-15 00:00:00+08:00,4195.02,4213.12,4127.14,4154.29,528817,0.0,0.0
2018-06-19 00:00:00+08:00,4077.36,4090.93,3937.07,3937.07,1078867,0.0,0.0
2018-06-20 00:00:00+08:00,3946.12,4018.53,3905.39,3986.85,787549,0.0,0.0
2018-06-21 00:00:00+08:00,4023.05,4127.14,4018.53,4068.31,543829,0.0,0.0
2018-06-22 00:00:00+08:00,4023.05,4023.05,3882.77,3955.17,744242,0.0,0.0
2018-06-25 00:00:00+08:00,3905.39,4018.53,3905.39,4018.53,335841,0.0,0.0
2018-06-26 00:00:00+08:00,3977.8,4095.46,3946.12,4095.46,405554,0.0,0.0
2018-06-27 00:00:00+08:00,4118.09,4176.92,3946.12,3946.12,628373,0.0,0.0
2018-06-28 00:00:00+08:00,3909.92,4041.16,3900.87,3946.12,622215,0.0,0.0
2018-06-29 00:00:00+08:00,4018.53,4063.78,3986.85,4063.78,360292,0.0,0.0
2018-07-02 00:00:00+08:00,4072.83,4172.39,4054.73,4127.14,525478,0.0,0.0
2018-07-03 00:00:00+08:00,4163.34,4199.54,4059.26,4099.99,539739,0.0,0.0
2018-07-04 00:00:00+08:00,4095.46,4136.19,4014.0,4027.58,295937,0.0,0.0
2018-07-05 00:00:00+08:00,4081.88,4145.24,4045.68,4109.04,434907,0.0,0.0
2018-07-06 00:00:00+08:00,4172.39,4195.02,4113.56,4167.87,613544,0.0,0.0
2018-07-09 00:00:00+08:00,4235.75,4511.79,4213.12,4452.96,1123293,0.0,0.0
2018-07-10 00:00:00+08:00,4507.27,4507.27,4371.51,4380.56,682302,0.0,0.0
2018-07-11 00:00:00+08:00,4312.68,4380.56,4281.0,4344.36,644485,0.0,0.0
2018-07-12 00:00:00+08:00,4412.24,4529.9,4412.24,4462.02,904090,0.0,0.0
2018-07-13 00:00:00+08:00,4593.25,4593.25,4452.96,4561.57,1092062,0.0,0.0
2018-07-16 00:00:00+08:00,4606.83,4643.03,4552.52,4561.57,697417,0.0,0.0
2018-07-17 00:00:00+08:00,4552.52,4597.78,4489.17,4520.84,412335,0.0,0.0
2018-07-18 00:00:00+08:00,4543.47,4584.2,4516.32,4543.47,414744,0.0,0.0
2018-07-19 00:00:00+08:00,4575.15,4679.23,4557.05,4575.15,640947,0.0,0.0
2018-07-20 00:00:00+08:00,4624.93,4792.37,4606.83,4769.74,1357205,0.0,0.0
2018-07-23 00:00:00+08:00,4742.59,4760.69,4661.13,4683.76,522951,0.0,0.0
2018-07-24 00:00:00+08:00,4701.86,4742.59,4602.3,4706.39,459964,0.0,0.0
2018-07-25 00:00:00+08:00,4683.76,4729.01,4661.13,4729.01,359853,0.0,0.0
2018-07-26 00:00:00+08:00,4760.69,4760.69,4665.66,4706.39,296820,0.0,0.0
2018-07-27 00:00:00+08:00,4706.39,4765.22,4683.76,4760.69,265278,0.0,0.0
2018-07-30 00:00:00+08:00,4724.49,4738.06,4674.71,4688.28,408942,0.0,0.0
2018-07-31 00:00:00+08:00,4661.13,4683.76,4606.83,4661.13,450658,0.0,0.0
2018-08-01 00:00:00+08:00,4742.59,4824.05,4561.57,4570.62,849500,0.0,0.0
2018-08-02 00:00:00+08:00,4597.78,4652.08,4520.85,4529.9,624131,0.0,0.0
2018-08-03 00:00:00+08:00,4606.83,4647.56,4597.78,4643.03,413517,0.0,0.0
2018-08-06 00:00:00+08:00,4688.28,4742.59,4629.45,4643.03,484266,0.0,0.0
2018-08-07 00:00:00+08:00,4647.56,4647.56,4516.32,4538.95,403359,0.0,0.0
2018-08-08 00:00:00+08:00,4557.05,4638.5,4538.95,4579.67,396462,0.0,0.0
2018-08-09 00:00:00+08:00,4548.0,4615.88,4520.84,4615.88,227830,0.0,0.0
2018-08-10 00:00:00+08:00,4624.93,4624.93,4579.67,4597.78,203280,0.0,0.0
2018-08-13 00:00:00+08:00,4588.73,4588.73,4140.71,4190.49,1185999,0.0,0.0
2018-08-14 00:00:00+08:00,4267.42,4308.15,4072.83,4190.49,938678,0.0,0.0
2018-08-15 00:00:00+08:00,4163.34,4163.34,3982.33,4032.1,1417300,0.0,0.0
2018-08-16 00:00:00+08:00,4006.8,4259.82,4002.2,4158.61,819517,72.5,0.0
2018-08-17 00:00:00+08:00,4144.81,4278.22,4075.81,4075.81,444958,0.0,0.0
2018-08-20 00:00:00+08:00,4094.21,4223.02,4094.21,4223.02,397017,0.0,0.0
2018-08-21 00:00:00+08:00,4227.61,4351.82,4172.41,4324.22,659276,0.0,0.0
2018-08-22 00:00:00+08:00,4319.62,4338.02,4131.01,4131.01,567746,0.0,0.0
2018-08-23 00:00:00+08:00,4177.01,4195.41,4098.81,4126.41,507216,0.0,0.0
2018-08-24 00:00:00+08:00,4112.61,4154.01,4108.01,4144.81,323162,0.0,0.0
2018-08-27 00:00:00+08:00,4209.21,4246.02,4167.81,4246.02,318162,0.0,0.0
2018-08-28 00:00:00+08:00,4338.02,4407.02,4319.62,4384.02,666352,0.0,0.0
2018-08-29 00:00:00+08:00,4397.82,4453.03,4356.42,4379.42,363938,0.0,0.0
2018-08-30 00:00:00+08:00,4430.03,4443.83,4333.42,4365.62,306277,0.0,0.0
2018-08-31 00:00:00+08:00,4356.42,4361.02,4273.62,4328.82,355451,0.0,0.0
2018-09-03 00:00:00+08:00,4374.82,4416.23,4269.02,4315.02,492244,0.0,0.0
2018-09-04 00:00:00+08:00,4457.63,4499.03,4388.62,4499.03,685334,0.0,0.0
2018-09-05 00:00:00+08:00,4508.23,4549.63,4480.63,4499.03,612348,0.0,0.0
2018-09-06 00:00:00+08:00,4273.62,4319.62,4154.01,4269.02,1055262,0.0,0.0
2018-09-07 00:00:00+08:00,4232.22,4351.82,4213.81,4351.82,647914,0.0,0.0
2018-09-10 00:00:00+08:00,4305.82,4347.22,3960.8,4011.4,1054919,0.0,0.0
2018-09-11 00:00:00+08:00,4020.6,4131.01,3983.8,3993.0,758724,0.0,0.0
2018-09-12 00:00:00+08:00,4029.8,4029.8,3744.59,3873.4,1169971,0.0,0.0
2018-09-13 00:00:00+08:00,3873.4,3924.0,3730.79,3781.39,1252091,0.0,0.0
2018-09-14 00:00:00+08:00,3970.0,4052.81,3901.0,4052.81,933762,0.0,0.0
2018-09-17 00:00:00+08:00,4057.41,4057.41,3942.4,3942.4,523665,0.0,0.0
2018-09-18 00:00:00+08:00,3864.2,3864.2,3551.38,3551.38,2002372,0.0,0.0
2018-09-19 00:00:00+08:00,3555.98,3597.38,3505.38,3555.98,1252697,0.0,0.0
2018-09-20 00:00:00+08:00,3588.18,3629.58,3468.58,3496.18,1361765,0.0,0.0
2018-09-21 00:00:00+08:00,3307.57,3560.58,3151.16,3560.58,2444648,0.0,0.0
2018-09-25 00:00:00+08:00,3459.38,3505.38,3385.77,3431.77,955647,0.0,0.0
2018-09-26 00:00:00+08:00,3454.78,3482.38,3408.77,3468.58,473929,0.0,0.0
2018-09-27 00:00:00+08:00,3422.57,3583.58,3385.77,3477.78,741174,0.0,0.0
2018-09-28 00:00:00+08:00,3519.18,3569.78,3339.77,3344.37,891072,0.0,0.0
2018-10-01 00:00:00+08:00,3404.17,3473.18,3376.57,3440.98,560901,0.0,0.0
2018-10-02 00:00:00+08:00,3463.98,3486.98,3427.17,3486.98,449512,0.0,0.0
2018-10-03 00:00:00+08:00,3500.78,3528.38,3385.77,3422.57,515223,0.0,0.0
2018-10-04 00:00:00+08:00,3394.97,3450.18,3367.37,3413.37,624034,0.0,0.0
2018-10-05 00:00:00+08:00,3385.77,3404.17,3164.96,3164.96,1279971,0.0,0.0
2018-10-08 00:00:00+08:00,3178.76,3312.17,3174.16,3229.36,942987,0.0,0.0
2018-10-09 00:00:00+08:00,3247.77,3312.17,3238.56,3302.97,674056,0.0,0.0
2018-10-11 00:00:00+08:00,3128.16,3128.16,2976.35,2976.35,1440690,0.0,0.0
2018-10-12 00:00:00+08:00,3013.15,3270.77,2948.75,3270.77,1596023,0.0,0.0
2018-10-15 00:00:00+08:00,3178.76,3312.17,3146.56,3201.76,930391,0.0,0.0
2018-10-16 00:00:00+08:00,3174.16,3201.76,3017.75,3063.76,948490,0.0,0.0
2018-10-17 00:00:00+08:00,3183.36,3206.36,3059.16,3063.76,788727,0.0,0.0
2018-10-18 00:00:00+08:00,3082.16,3141.96,3031.55,3049.96,611162,0.0,0.0
2018-10-19 00:00:00+08:00,3026.95,3141.96,2953.35,3141.96,926006,0.0,0.0
2018-10-22 00:00:00+08:00,3091.36,3229.36,3059.16,3224.76,754466,0.0,0.0
2018-10-23 00:00:00+08:00,3169.56,3206.36,3054.56,3068.36,695950,0.0,0.0
2018-10-24 00:00:00+08:00,3109.76,3155.76,3091.36,3114.36,669785,0.0,0.0
2018-10-25 00:00:00+08:00,2976.35,3045.36,2953.35,3026.95,1019830,0.0,0.0
2018-10-26 00:00:00+08:00,3100.56,3123.56,2953.35,2953.35,789165,0.0,0.0
2018-10-29 00:00:00+08:00,2990.15,3031.55,2870.55,3031.55,723412,0.0,0.0
2018-10-30 00:00:00+08:00,3022.35,3031.55,2911.95,2911.95,767415,0.0,0.0
2018-10-31 00:00:00+08:00,2985.55,3082.16,2980.95,3082.16,826351,0.0,0.0
2018-11-01 00:00:00+08:00,3072.96,3169.56,3045.35,3068.36,969012,0.0,0.0
2018-11-02 00:00:00+08:00,2976.35,3256.97,2976.35,3243.17,1709555,0.0,0.0
2018-11-05 00:00:00+08:00,3206.36,3220.16,3118.96,3160.36,617281,0.0,0.0
2018-11-06 00:00:00+08:00,3118.96,3151.16,2925.75,2962.55,1180750,0.0,0.0
2018-11-07 00:00:00+08:00,2990.15,3045.35,2907.35,3017.75,940439,0.0,0.0
2018-11-08 00:00:00+08:00,3109.76,3123.56,2944.15,2944.15,711804,0.0,0.0
2018-11-09 00:00:00+08:00,2944.15,2971.75,2796.94,2833.74,1177637,0.0,0.0
2018-11-12 00:00:00+08:00,2810.74,2898.15,2778.54,2806.14,1013855,0.0,0.0
2018-11-13 00:00:00+08:00,2691.14,2944.15,2645.13,2944.15,1426956,0.0,0.0
2018-11-14 00:00:00+08:00,2925.75,2948.75,2879.75,2934.95,697083,0.0,0.0
2018-11-15 00:00:00+08:00,2934.95,2934.95,2810.74,2847.54,819588,0.0,0.0
2018-11-16 00:00:00+08:00,2907.35,2953.35,2865.95,2879.75,713709,0.0,0.0
2018-11-19 00:00:00+08:00,2884.35,2976.35,2884.35,2976.35,598836,0.0,0.0
2018-11-20 00:00:00+08:00,2934.95,3049.96,2902.75,3049.96,768367,0.0,0.0
2018-11-21 00:00:00+08:00,3013.15,3077.56,2980.95,3077.56,887687,0.0,0.0
2018-11-22 00:00:00+08:00,3082.16,3169.56,3003.95,3013.15,822283,0.0,0.0
2018-11-23 00:00:00+08:00,3063.76,3068.36,2999.35,3045.35,597612,0.0,0.0
2018-11-26 00:00:00+08:00,3077.56,3174.16,3063.76,3174.16,567845,0.0,0.0
2018-11-27 00:00:00+08:00,3128.16,3229.36,3100.56,3206.36,798142,0.0,0.0
2018-11-28 00:00:00+08:00,3210.96,3220.16,3160.36,3197.16,539021,0.0,0.0
2018-11-29 00:00:00+08:00,3335.17,3339.77,3233.96,3233.96,936002,0.0,0.0
2018-11-30 00:00:00+08:00,3224.76,3224.76,3095.96,3100.56,737065,0.0,0.0
2018-12-03 00:00:00+08:00,3197.16,3408.77,3197.16,3408.77,1642048,0.0,0.0
2018-12-04 00:00:00+08:00,3367.37,3385.77,3220.16,3220.16,1127442,0.0,0.0
2018-12-05 00:00:00+08:00,3123.56,3141.96,3059.16,3100.56,846315,0.0,0.0
2018-12-06 00:00:00+08:00,2898.15,2944.15,2792.34,2792.34,1859842,0.0,0.0
2018-12-07 00:00:00+08:00,2829.14,2921.15,2806.14,2852.14,1248081,0.0,0.0
2018-12-10 00:00:00+08:00,2787.74,2819.94,2732.54,2810.74,886891,0.0,0.0
2018-12-11 00:00:00+08:00,2842.94,2976.35,2842.94,2921.15,902924,0.0,0.0
2018-12-12 00:00:00+08:00,2990.15,3082.16,2985.55,3077.56,748608,0.0,0.0
2018-12-13 00:00:00+08:00,3086.76,3132.76,2990.15,3054.56,832916,0.0,0.0
2018-12-14 00:00:00+08:00,3008.55,3036.15,2976.35,2999.35,443393,0.0,0.0
2018-12-17 00:00:00+08:00,3017.75,3077.56,2953.35,3036.15,545769,0.0,0.0
2018-12-18 00:00:00+08:00,2971.75,3063.76,2971.75,2990.15,438812,0.0,0.0
2018-12-19 00:00:00+08:00,3036.15,3059.16,3003.95,3054.56,427366,0.0,0.0
2018-12-20 00:00:00+08:00,3003.95,3054.56,2953.35,2967.15,474574,0.0,0.0
2018-12-21 00:00:00+08:00,2925.75,3008.55,2842.94,3008.55,941311,0.0,0.0
2018-12-24 00:00:00+08:00,2994.75,3022.35,2980.95,3008.55,274359,0.0,0.0
2018-12-25 00:00:00+08:00,2911.95,2948.75,2907.35,2911.95,347709,0.0,0.0
2018-12-26 00:00:00+08:00,2944.15,2971.75,2865.95,2875.15,320010,0.0,0.0
2018-12-27 00:00:00+08:00,2962.55,2980.95,2884.35,2884.35,662246,0.0,0.0
2018-12-28 00:00:00+08:00,2934.95,2957.95,2875.15,2957.95,590895,0.0,0.0
2019-01-02 00:00:00+08:00,2980.95,3017.75,2815.34,2815.34,941895,0.0,0.0
2019-01-03 00:00:00+08:00,2760.14,2806.14,2723.34,2787.74,1122574,0.0,0.0
2019-01-04 00:00:00+08:00,2727.94,2750.94,2649.73,2672.74,1203571,0.0,0.0
2019-01-07 00:00:00+08:00,2773.94,2911.95,2773.94,2856.75,1281020,0.0,0.0
2019-01-08 00:00:00+08:00,2875.15,2907.35,2833.74,2893.55,613739,0.0,0.0
2019-01-09 00:00:00+08:00,2902.75,3091.36,2902.75,3068.36,1444358,0.0,0.0
2019-01-10 00:00:00+08:00,3022.35,3049.96,2990.15,3017.75,496274,0.0,0.0
2019-01-11 00:00:00+08:00,3201.76,3312.17,3160.36,3266.17,1395523,0.0,0.0
2019-01-14 00:00:00+08:00,3247.77,3330.57,3220.16,3284.57,766663,0.0,0.0
2019-01-15 00:00:00+08:00,3238.56,3312.17,3206.36,3312.17,713521,0.0,0.0
2019-01-16 00:00:00+08:00,3335.17,3362.77,3270.77,3284.57,580821,0.0,0.0
2019-01-17 00:00:00+08:00,3325.97,3344.37,3256.97,3256.97,403192,0.0,0.0
2019-01-18 00:00:00+08:00,3279.97,3486.98,3247.77,3482.38,1210812,0.0,0.0
2019-01-21 00:00:00+08:00,3542.18,3560.58,3417.97,3422.57,821863,0.0,0.0
2019-01-22 00:00:00+08:00,3422.57,3459.38,3367.37,3450.18,371296,0.0,0.0
2019-01-23 00:00:00+08:00,3404.17,3468.58,3385.77,3413.37,445397,0.0,0.0
2019-01-24 00:00:00+08:00,3431.77,3537.58,3427.17,3427.17,749910,0.0,0.0
2019-01-25 00:00:00+08:00,3486.98,3500.78,3427.17,3440.98,633354,0.0,0.0
2019-01-28 00:00:00+08:00,3440.98,3463.98,3417.97,3422.57,402534,0.0,0.0
2019-01-29 00:00:00+08:00,3385.77,3477.78,3371.97,3477.78,432501,0.0,0.0
2019-01-30 00:00:00+08:00,3500.78,3519.18,3463.98,3477.78,510753,0.0,0.0
2019-02-11 00:00:00+08:00,3560.58,3657.19,3555.98,3657.19,1020434,0.0,0.0
2019-02-12 00:00:00+08:00,3712.39,3721.59,3661.79,3680.19,733175,0.0,0.0
2019-02-13 00:00:00+08:00,3707.79,3739.99,3652.59,3670.99,596806,0.0,0.0
2019-02-14 00:00:00+08:00,3652.59,3712.39,3638.79,3670.99,491664,0.0,0.0
2019-02-15 00:00:00+08:00,3670.99,3680.19,3555.98,3615.78,486035,0.0,0.0
2019-02-18 00:00:00+08:00,3680.19,3689.39,3647.99,3652.59,380365,0.0,0.0
2019-02-19 00:00:00+08:00,3670.99,3693.99,3657.19,3661.79,293482,0.0,0.0
2019-02-20 00:00:00+08:00,3680.19,3790.59,3680.19,3767.59,694500,0.0,0.0
2019-02-21 00:00:00+08:00,3790.59,3818.19,3730.79,3818.19,451240,0.0,0.0
2019-02-22 00:00:00+08:00,3795.19,3914.8,3772.19,3914.8,564009,0.0,0.0
2019-02-25 00:00:00+08:00,3979.2,4057.41,3965.4,4039.01,932731,0.0,0.0
2019-02-26 00:00:00+08:00,4034.41,4034.41,3956.2,3983.8,643020,0.0,0.0
2019-02-27 00:00:00+08:00,3951.6,4029.81,3914.8,4011.4,500730,0.0,0.0
2019-03-04 00:00:00+08:00,4149.41,4158.61,4011.4,4016.0,926626,0.0,0.0
2019-03-05 00:00:00+08:00,4034.41,4112.61,4020.6,4020.6,743076,0.0,0.0
2019-03-06 00:00:00+08:00,4098.81,4135.61,4025.2,4135.61,789458,0.0,0.0
2019-03-07 00:00:00+08:00,4121.81,4167.81,4098.81,4131.01,723558,0.0,0.0
2019-03-08 00:00:00+08:00,4085.01,4126.41,4025.2,4126.41,567817,0.0,0.0
2019-03-11 00:00:00+08:00,4112.61,4144.81,4094.21,4131.01,422669,0.0,0.0
2019-03-12 00:00:00+08:00,4209.21,4338.02,4209.21,4250.62,977942,0.0,0.0
2019-03-13 00:00:00+08:00,4255.22,4370.22,4255.22,4370.22,811217,0.0,0.0
2019-03-14 00:00:00+08:00,4384.02,4420.82,4370.22,4402.42,972808,0.0,0.0
2019-03-15 00:00:00+08:00,4388.62,4411.62,4269.02,4269.02,730625,0.0,0.0
2019-03-18 00:00:00+08:00,4296.62,4338.02,4287.42,4296.62,367470,0.0,0.0
2019-03-19 00:00:00+08:00,4328.82,4342.62,4287.42,4342.62,454975,0.0,0.0
2019-03-20 00:00:00+08:00,4379.42,4425.43,4319.62,4319.62,666952,0.0,0.0
2019-03-21 00:00:00+08:00,4342.62,4370.22,4310.42,4365.62,426464,0.0,0.0
2019-03-22 00:00:00+08:00,4430.03,4448.43,4292.02,4292.02,472139,0.0,0.0
2019-03-25 00:00:00+08:00,4190.81,4209.21,4098.81,4135.61,885363,0.0,0.0
2019-03-26 00:00:00+08:00,4158.61,4264.42,4158.61,4250.62,644737,0.0,0.0
2019-03-27 00:00:00+08:00,4167.81,4301.22,4158.61,4273.62,607431,0.0,0.0
2019-03-28 00:00:00+08:00,4296.62,4301.22,4232.21,4264.42,414193,0.0,0.0
2019-03-29 00:00:00+08:00,4319.62,4319.62,4232.21,4232.21,498499,0.0,0.0
2019-04-01 00:00:00+08:00,4287.42,4296.62,4121.81,4121.81,753248,0.0,0.0
2019-04-02 00:00:00+08:00,4190.81,4278.22,4163.21,4255.22,665749,0.0,0.0
2019-04-03 00:00:00+08:00,4241.42,4287.42,4172.41,4186.21,589966,0.0,0.0
2019-04-08 00:00:00+08:00,4370.22,4379.42,4200.01,4232.21,831743,0.0,0.0
2019-04-09 00:00:00+08:00,4282.82,4462.23,4259.82,4462.23,1005076,0.0,0.0
2019-04-10 00:00:00+08:00,4462.23,4476.03,4374.82,4388.62,1010608,0.0,0.0
2019-04-11 00:00:00+08:00,4462.23,4462.23,4305.82,4315.02,933258,0.0,0.0
2019-04-12 00:00:00+08:00,4315.02,4351.82,4204.61,4232.21,1069213,0.0,0.0
2019-04-15 00:00:00+08:00,4278.22,4292.02,4227.61,4232.21,796138,0.0,0.0
2019-04-16 00:00:00+08:00,4232.21,4328.82,4227.61,4328.82,493783,0.0,0.0
2019-04-17 00:00:00+08:00,4351.82,4356.42,4223.01,4255.22,701651,0.0,0.0
2019-04-18 00:00:00+08:00,4259.82,4301.22,4213.81,4259.82,830472,0.0,0.0
2019-04-19 00:00:00+08:00,4315.02,4328.82,4218.41,4218.41,565971,0.0,0.0
2019-04-22 00:00:00+08:00,4255.22,4255.22,4200.01,4204.61,290524,0.0,0.0
2019-04-23 00:00:00+08:00,4204.61,4278.22,4186.21,4259.82,563678,0.0,0.0
2019-04-24 00:00:00+08:00,4269.02,4296.62,4250.62,4296.62,591170,0.0,0.0
2019-04-25 00:00:00+08:00,4296.62,4393.22,4278.22,4379.42,713723,0.0,0.0
2019-04-26 00:00:00+08:00,4342.62,4356.42,4292.02,4319.62,390349,0.0,0.0
2019-04-29 00:00:00+08:00,4315.02,4342.62,4223.01,4292.02,491148,0.0,0.0
2019-04-30 00:00:00+08:00,4278.22,4292.02,4232.21,4278.22,334373,0.0,0.0
2019-05-02 00:00:00+08:00,4305.82,4333.42,4241.42,4241.42,581283,0.0,0.0
2019-05-03 00:00:00+08:00,4241.42,4324.22,4241.42,4301.22,449060,0.0,0.0
2019-05-06 00:00:00+08:00,4342.62,4508.23,4310.42,4365.62,1289853,0.0,0.0
2019-05-07 00:00:00+08:00,4416.22,4453.03,4388.62,4393.22,715608,0.0,0.0
2019-05-08 00:00:00+08:00,4324.22,4425.42,4315.02,4370.22,651518,0.0,0.0
2019-05-09 00:00:00+08:00,4342.62,4347.22,4048.21,4057.41,1492610,0.0,0.0
2019-05-10 00:00:00+08:00,4094.21,4149.41,4016.0,4098.81,971401,0.0,0.0
2019-05-13 00:00:00+08:00,4043.61,4057.41,3891.8,3910.2,879676,0.0,0.0
2019-05-14 00:00:00+08:00,3855.0,3951.6,3790.59,3933.2,919746,0.0,0.0
2019-05-15 00:00:00+08:00,3933.2,3974.6,3891.8,3924.0,668218,0.0,0.0
2019-05-16 00:00:00+08:00,3878.0,3924.0,3841.2,3910.2,560954,0.0,0.0
2019-05-17 00:00:00+08:00,3933.2,3942.4,3542.18,3542.18,1703036,0.0,0.0
2019-05-20 00:00:00+08:00,3578.98,3721.59,3578.98,3666.39,885138,0.0,0.0
2019-05-21 00:00:00+08:00,3624.98,3739.99,3574.38,3735.39,891652,0.0,0.0
2019-05-22 00:00:00+08:00,3735.39,3795.19,3721.59,3758.39,478891,0.0,0.0
2019-05-23 00:00:00+08:00,3634.18,3634.18,3468.58,3496.18,1261905,0.0,0.0
2019-05-24 00:00:00+08:00,3496.18,3620.38,3473.18,3473.18,1088658,0.0,0.0
2019-05-27 00:00:00+08:00,3459.38,3477.78,3279.97,3394.97,1282207,0.0,0.0
2019-05-28 00:00:00+08:00,3394.97,3491.58,3367.37,3445.58,846790,0.0,0.0
2019-05-29 00:00:00+08:00,3316.77,3358.17,3293.77,3325.97,1001660,0.0,0.0
2019-05-30 00:00:00+08:00,3335.17,3376.57,3275.37,3302.97,766019,0.0,0.0
2019-05-31 00:00:00+08:00,3330.57,3514.58,3330.57,3468.58,1151940,0.0,0.0
2019-06-03 00:00:00+08:00,3371.97,3473.18,3293.77,3436.37,1148063,0.0,0.0
2019-06-04 00:00:00+08:00,3440.97,3482.38,3348.97,3371.97,548150,0.0,0.0
2019-06-05 00:00:00+08:00,3477.78,3505.38,3325.97,3325.97,982236,0.0,0.0
2019-06-06 00:00:00+08:00,2994.75,3229.36,2994.75,3192.56,2631335,0.0,0.0
2019-06-10 00:00:00+08:00,3266.17,3270.77,3192.56,3238.56,1134618,0.0,0.0
2019-06-11 00:00:00+08:00,3201.76,3321.37,3187.96,3289.17,902904,0.0,0.0
2019-06-12 00:00:00+08:00,3284.57,3348.97,3252.37,3289.17,1012859,0.0,0.0
2019-06-13 00:00:00+08:00,3353.57,3413.37,3321.37,3385.77,1409714,0.0,0.0
2019-06-14 00:00:00+08:00,3358.17,3413.37,3330.57,3339.77,734476,0.0,0.0
2019-06-17 00:00:00+08:00,3344.37,3440.97,3335.17,3436.37,583298,0.0,0.0
2019-06-18 00:00:00+08:00,3450.18,3477.78,3408.77,3408.77,652995,0.0,0.0
2019-06-19 00:00:00+08:00,3588.18,3666.39,3555.98,3666.39,1361687,0.0,0.0
2019-06-20 00:00:00+08:00,3647.99,3647.99,3583.58,3597.38,805362,0.0,0.0
2019-06-21 00:00:00+08:00,3624.98,3634.18,3505.38,3505.38,716178,0.0,0.0
2019-06-24 00:00:00+08:00,3514.58,3560.58,3486.98,3537.58,510609,0.0,0.0
2019-06-25 00:00:00+08:00,3537.58,3546.78,3417.97,3431.77,469343,0.0,0.0
2019-06-26 00:00:00+08:00,3417.97,3459.38,3404.17,3404.17,410109,0.0,0.0
2019-06-27 00:00:00+08:00,3450.18,3588.18,3450.18,3574.38,1103279,0.0,0.0
2019-06-28 00:00:00+08:00,3560.58,3574.38,3519.18,3546.78,554039,0.0,0.0
2019-07-01 00:00:00+08:00,3901.0,3901.0,3901.0,3901.0,788413,0.0,0.0
2019-07-02 00:00:00+08:00,3928.6,3960.8,3845.8,3845.8,1131965,0.0,0.0
2019-07-03 00:00:00+08:00,3804.39,3831.99,3647.99,3652.59,1030086,0.0,0.0
2019-07-04 00:00:00+08:00,3698.59,3712.39,3634.18,3638.78,539265,0.0,0.0
2019-07-05 00:00:00+08:00,3666.39,3684.79,3624.98,3634.19,487130,0.0,0.0
2019-07-08 00:00:00+08:00,3652.59,3790.59,3652.59,3785.99,906031,0.0,0.0
2019-07-09 00:00:00+08:00,3735.39,3758.39,3693.99,3698.59,591049,0.0,0.0
2019-07-10 00:00:00+08:00,3767.59,3850.4,3767.59,3822.79,663493,0.0,0.0
2019-07-11 00:00:00+08:00,3873.4,4071.21,3868.8,3960.8,1215184,0.0,0.0
2019-07-12 00:00:00+08:00,3951.6,4011.4,3868.8,3868.8,970920,0.0,0.0
2019-07-15 00:00:00+08:00,3818.19,3891.8,3799.79,3868.8,775716,0.0,0.0
2019-07-16 00:00:00+08:00,3896.4,3979.2,3896.4,3919.4,596351,0.0,0.0
2019-07-17 00:00:00+08:00,3919.4,3933.2,3818.19,3822.79,654072,0.0,0.0
2019-07-18 00:00:00+08:00,3845.8,3878.0,3799.79,3818.19,505443,0.0,0.0
2019-07-19 00:00:00+08:00,3891.8,3910.2,3808.99,3808.99,568395,0.0,0.0
2019-07-22 00:00:00+08:00,3864.2,3896.4,3836.59,3887.2,474082,0.0,0.0
2019-07-23 00:00:00+08:00,3956.2,3965.4,3864.2,3887.2,755722,0.0,0.0
2019-07-24 00:00:00+08:00,3928.6,3960.8,3901.0,3914.8,579355,0.0,0.0
2019-07-25 00:00:00+08:00,3937.8,4016.0,3905.6,4016.0,706483,0.0,0.0
2019-07-26 00:00:00+08:00,3942.4,3965.4,3891.8,3914.8,922121,0.0,0.0
2019-07-29 00:00:00+08:00,3868.8,3901.0,3855.0,3868.8,434638,0.0,0.0
2019-07-30 00:00:00+08:00,3910.2,3924.0,3772.19,3795.19,690136,0.0,0.0
2019-07-31 00:00:00+08:00,3818.19,3910.2,3762.99,3910.2,569465,0.0,0.0
2019-08-01 00:00:00+08:00,3896.4,3942.4,3841.2,3887.2,443358,0.0,0.0
2019-08-02 00:00:00+08:00,3707.79,3762.99,3569.78,3578.98,1788342,0.0,0.0
2019-08-05 00:00:00+08:00,3588.18,3652.59,3523.78,3565.18,842727,0.0,0.0
2019-08-06 00:00:00+08:00,3464.98,3624.18,3418.15,3582.04,1196455,68.0,0.0
2019-08-07 00:00:00+08:00,3638.23,3652.27,3549.26,3549.26,603437,0.0,0.0
2019-08-08 00:00:00+08:00,3577.36,3661.64,3563.31,3582.04,714493,0.0,0.0
2019-08-12 00:00:00+08:00,3614.81,3619.5,3563.31,3582.04,358806,0.0,0.0
2019-08-13 00:00:00+08:00,3539.9,3558.63,3488.39,3493.07,499117,0.0,0.0
2019-08-14 00:00:00+08:00,3685.05,3685.05,3610.13,3610.13,856348,0.0,0.0
2019-08-15 00:00:00+08:00,3549.26,3586.72,3516.48,3582.04,455961,0.0,0.0
2019-08-16 00:00:00+08:00,3610.13,3610.13,3530.53,3577.36,608824,0.0,0.0
2019-08-19 00:00:00+08:00,3539.9,3544.58,3469.66,3502.44,912208,0.0,0.0
2019-08-20 00:00:00+08:00,3502.44,3596.08,3502.44,3558.63,654870,0.0,0.0
2019-08-21 00:00:00+08:00,3525.85,3610.13,3525.85,3586.72,589753,0.0,0.0
2019-08-22 00:00:00+08:00,3638.23,3689.73,3624.18,3685.05,830912,0.0,0.0
2019-08-23 00:00:00+08:00,3671.0,3689.73,3642.91,3666.32,389236,0.0,0.0
2019-08-26 00:00:00+08:00,3502.44,3549.26,3502.44,3521.17,669250,0.0,0.0
2019-08-27 00:00:00+08:00,3567.99,3586.72,3530.53,3530.53,431304,0.0,0.0
2019-08-28 00:00:00+08:00,3549.26,3600.77,3549.26,3600.77,259830,0.0,0.0
2019-08-29 00:00:00+08:00,3605.45,3638.23,3582.04,3600.77,439041,0.0,0.0
2019-08-30 00:00:00+08:00,3652.27,3685.05,3619.5,3642.91,576526,0.0,0.0
2019-09-02 00:00:00+08:00,3605.45,3675.69,3605.45,3638.23,182505,0.0,0.0
2019-09-03 00:00:00+08:00,3675.69,3759.97,3661.64,3699.1,650682,0.0,0.0
2019-09-04 00:00:00+08:00,3750.6,3774.02,3703.78,3727.19,536303,0.0,0.0
2019-09-05 00:00:00+08:00,3774.02,3797.43,3750.6,3774.02,581601,0.0,0.0
2019-09-06 00:00:00+08:00,3848.93,3872.35,3689.73,3727.19,1507375,0.0,0.0
2019-09-10 00:00:00+08:00,3685.05,3727.19,3535.21,3535.21,1407273,0.0,0.0
2019-09-11 00:00:00+08:00,3596.09,3666.32,3567.99,3652.27,1019790,0.0,0.0
2019-09-12 00:00:00+08:00,3736.56,3764.65,3713.15,3741.24,809206,0.0,0.0
2019-09-16 00:00:00+08:00,3680.37,3750.6,3652.27,3750.6,795195,0.0,0.0
2019-09-17 00:00:00+08:00,3750.6,3750.6,3699.1,3727.19,408484,0.0,0.0
2019-09-18 00:00:00+08:00,3764.65,3970.68,3736.56,3942.58,1456905,0.0,0.0
2019-09-19 00:00:00+08:00,4045.6,4059.64,3980.04,4026.87,1070079,0.0,0.0
2019-09-20 00:00:00+08:00,4045.6,4073.69,4017.5,4026.87,897146,0.0,0.0
2019-09-23 00:00:00+08:00,3998.77,4054.96,3998.77,4026.87,703276,0.0,0.0
2019-09-24 00:00:00+08:00,4022.18,4036.23,3965.99,3970.68,432066,0.0,0.0
2019-09-25 00:00:00+08:00,3909.81,3984.72,3905.12,3984.72,510524,0.0,0.0
2019-09-26 00:00:00+08:00,4036.23,4120.51,4036.23,4120.51,961492,0.0,0.0
2019-09-27 00:00:00+08:00,4143.93,4186.07,4106.47,4167.34,903363,0.0,0.0
2019-10-01 00:00:00+08:00,4251.62,4303.13,4218.84,4246.94,1213881,0.0,0.0
2019-10-02 00:00:00+08:00,4242.26,4260.99,4204.8,4242.26,363709,0.0,0.0
2019-10-03 00:00:00+08:00,4190.75,4232.89,4172.02,4214.16,560891,0.0,0.0
2019-10-04 00:00:00+08:00,4218.84,4265.67,4176.7,4204.8,625237,0.0,0.0
2019-10-07 00:00:00+08:00,4218.84,4232.89,4186.07,4195.43,459478,0.0,0.0
2019-10-08 00:00:00+08:00,4204.8,4242.26,4186.07,4195.43,470655,0.0,0.0
2019-10-09 00:00:00+08:00,4195.43,4232.89,4167.34,4176.7,502456,0.0,0.0
2019-10-14 00:00:00+08:00,4251.62,4279.72,4176.7,4176.7,744887,0.0,0.0
2019-10-15 00:00:00+08:00,4181.39,4232.89,4181.39,4214.16,583560,0.0,0.0
2019-10-16 00:00:00+08:00,4232.89,4256.3,4054.96,4097.1,696303,0.0,0.0
2019-10-17 00:00:00+08:00,4101.78,4143.93,4078.37,4115.83,509046,0.0,0.0
2019-10-18 00:00:00+08:00,4101.78,4115.83,4017.5,4031.55,610357,0.0,0.0
2019-10-21 00:00:00+08:00,4059.64,4115.83,4040.91,4101.78,369423,0.0,0.0
2019-10-22 00:00:00+08:00,4125.2,4139.24,4087.74,4111.15,362697,0.0,0.0
2019-10-23 00:00:00+08:00,4059.64,4106.47,4031.55,4036.23,496204,0.0,0.0
2019-10-24 00:00:00+08:00,4054.96,4148.61,3994.09,4148.61,735346,0.0,0.0
2019-10-25 00:00:00+08:00,4092.42,4139.24,4059.64,4073.69,424584,0.0,0.0
2019-10-28 00:00:00+08:00,4101.78,4115.83,4054.96,4054.96,306969,0.0,0.0
2019-10-29 00:00:00+08:00,4101.78,4106.47,4012.82,4040.91,434712,0.0,0.0
2019-10-30 00:00:00+08:00,4050.28,4064.33,4017.5,4045.6,391612,0.0,0.0
2019-10-31 00:00:00+08:00,4083.05,4218.84,4069.01,4186.07,921283,0.0,0.0
2019-11-01 00:00:00+08:00,4200.12,4218.84,4153.29,4176.7,376992,0.0,0.0
2019-11-04 00:00:00+08:00,4251.62,4284.4,4228.21,4279.72,708531,0.0,0.0
2019-11-05 00:00:00+08:00,4307.81,4382.73,4270.35,4321.86,721015,0.0,0.0
2019-11-06 00:00:00+08:00,4359.32,4410.82,4331.22,4401.46,957596,0.0,0.0
2019-11-07 00:00:00+08:00,4401.46,4401.46,4303.13,4368.68,784072,0.0,0.0
2019-11-08 00:00:00+08:00,4415.51,4467.01,4392.09,4457.65,707692,0.0,0.0
2019-11-11 00:00:00+08:00,4448.28,4485.74,4303.13,4312.49,809714,0.0,0.0
2019-11-12 00:00:00+08:00,4335.9,4340.59,4237.57,4251.62,522276,0.0,0.0
2019-11-13 00:00:00+08:00,4228.21,4289.08,4223.53,4232.89,318925,0.0,0.0
2019-11-14 00:00:00+08:00,4265.67,4265.67,4181.38,4186.07,412278,0.0,0.0
2019-11-15 00:00:00+08:00,4228.21,4256.3,4204.8,4214.16,258255,0.0,0.0
2019-11-18 00:00:00+08:00,4228.21,4242.26,4204.8,4218.84,312064,0.0,0.0
2019-11-19 00:00:00+08:00,4218.84,4251.62,4204.8,4214.16,395095,0.0,0.0
2019-11-20 00:00:00+08:00,4246.94,4256.3,4129.88,4153.29,427537,0.0,0.0
2019-11-21 00:00:00+08:00,4097.1,4097.1,4008.14,4031.55,764128,0.0,0.0
2019-11-22 00:00:00+08:00,4069.01,4078.37,4036.23,4069.01,315205,0.0,0.0
2019-11-25 00:00:00+08:00,4097.1,4200.12,4078.37,4176.7,493924,0.0,0.0
2019-11-26 00:00:00+08:00,4195.43,4218.84,4153.29,4153.29,618393,0.0,0.0
2019-11-27 00:00:00+08:00,4153.29,4242.26,4139.24,4242.26,276972,0.0,0.0
2019-11-28 00:00:00+08:00,4242.26,4242.26,4186.07,4200.12,306052,0.0,0.0
2019-11-29 00:00:00+08:00,4223.53,4232.89,4153.29,4153.29,279115,0.0,0.0
2019-12-02 00:00:00+08:00,4209.48,4228.21,4167.34,4228.21,432257,0.0,0.0
2019-12-03 00:00:00+08:00,4181.38,4204.8,4176.7,4186.07,266006,0.0,0.0
2019-12-04 00:00:00+08:00,4176.7,4176.7,4111.15,4120.51,537485,0.0,0.0
2019-12-05 00:00:00+08:00,4172.02,4410.82,4172.02,4410.82,1188727,0.0,0.0
2019-12-06 00:00:00+08:00,4448.28,4452.96,4326.54,4392.09,818073,0.0,0.0
2019-12-09 00:00:00+08:00,4457.65,4565.34,4438.92,4513.84,907647,0.0,0.0
2019-12-10 00:00:00+08:00,4471.69,4476.38,4368.68,4378.05,738960,0.0,0.0
2019-12-11 00:00:00+08:00,4406.14,4415.51,4364.0,4382.73,407179,0.0,0.0
2019-12-12 00:00:00+08:00,4420.19,4499.79,4392.09,4499.79,731961,0.0,0.0
2019-12-13 00:00:00+08:00,4579.39,4579.39,4499.79,4532.57,753281,0.0,0.0
2019-12-16 00:00:00+08:00,4532.57,4565.34,4504.47,4527.88,4128,0.0,0.0
2019-12-17 00:00:00+08:00,4570.02,4724.54,4570.02,4719.86,1075434,0.0,0.0
2019-12-18 00:00:00+08:00,4682.4,4719.86,4663.67,4719.86,729252,0.0,0.0
2019-12-19 00:00:00+08:00,4747.96,4869.7,4687.08,4738.59,1044441,0.0,0.0
2019-12-20 00:00:00+08:00,4799.46,4804.15,4696.45,4710.5,608636,0.0,0.0
2019-12-23 00:00:00+08:00,4729.23,4766.69,4551.3,4560.66,716328,0.0,0.0
2019-12-24 00:00:00+08:00,4560.66,4626.21,4560.66,4560.66,217611,0.0,0.0
2019-12-25 00:00:00+08:00,4588.75,4602.8,4560.66,4588.75,105027,0.0,0.0
2019-12-26 00:00:00+08:00,4635.58,4654.31,4607.48,4626.21,194205,0.0,0.0
2019-12-27 00:00:00+08:00,4649.63,4691.77,4635.58,4677.72,296288,0.0,0.0
2019-12-30 00:00:00+08:00,4701.13,4715.18,4644.94,4649.63,320527,0.0,0.0
2019-12-31 00:00:00+08:00,4654.31,4696.45,4644.94,4682.4,219470,0.0,0.0
2020-01-02 00:00:00+08:00,4733.91,4766.69,4696.45,4710.5,398147,0.0,0.0
2020-01-03 00:00:00+08:00,4780.73,4827.56,4565.34,4570.02,892399,0.0,0.0
2020-01-06 00:00:00+08:00,4476.38,4555.98,4382.73,4396.78,1276386,0.0,0.0
2020-01-07 00:00:00+08:00,4438.92,4481.06,4345.27,4438.92,846521,0.0,0.0
2020-01-08 00:00:00+08:00,4401.46,4513.84,4373.36,4481.06,510126,0.0,0.0
2020-01-09 00:00:00+08:00,4560.66,4570.02,4509.15,4555.98,472955,0.0,0.0
2020-01-10 00:00:00+08:00,4658.99,4762.0,4621.53,4743.27,1085357,0.0,0.0
2020-01-13 00:00:00+08:00,4822.88,4836.92,4673.04,4729.23,700625,0.0,0.0
2020-01-14 00:00:00+08:00,4785.42,4879.06,4771.37,4850.97,795226,0.0,0.0
2020-01-15 00:00:00+08:00,4804.15,4818.19,4663.67,4668.36,858682,0.0,0.0
2020-01-16 00:00:00+08:00,4649.63,4719.86,4584.07,4696.45,731534,0.0,0.0
2020-01-17 00:00:00+08:00,4733.91,4752.64,4654.31,4668.36,434186,0.0,0.0
2020-01-20 00:00:00+08:00,4682.4,4696.45,4649.63,4658.99,379325,0.0,0.0
2020-01-30 00:00:00+08:00,4518.52,4621.53,4368.68,4410.82,1222512,0.0,0.0
2020-01-31 00:00:00+08:00,4504.47,4523.2,4452.96,4499.79,537153,0.0,0.0
2020-02-03 00:00:00+08:00,4340.59,4401.46,4260.99,4401.46,692133,0.0,0.0
2020-02-04 00:00:00+08:00,4532.57,4560.66,4527.88,4527.88,1111412,0.0,0.0
2020-02-05 00:00:00+08:00,4588.75,4598.12,4481.06,4523.2,764926,0.0,0.0
2020-02-06 00:00:00+08:00,4495.11,4546.61,4424.87,4537.25,637861,0.0,0.0
2020-02-07 00:00:00+08:00,4476.38,4495.11,4415.51,4452.96,518735,0.0,0.0
2020-02-10 00:00:00+08:00,4335.9,4448.28,4284.4,4448.28,707517,0.0,0.0
2020-02-11 00:00:00+08:00,4420.19,4452.96,4392.09,4392.09,497406,0.0,0.0
2020-02-12 00:00:00+08:00,4401.46,4532.57,4401.46,4532.57,483132,0.0,0.0
2020-02-13 00:00:00+08:00,4546.61,4607.48,4504.47,4513.84,410633,0.0,0.0
2020-02-14 00:00:00+08:00,4513.84,4565.34,4504.47,4513.84,303335,0.0,0.0
2020-02-17 00:00:00+08:00,4495.11,4537.25,4448.28,4537.25,404355,0.0,0.0
2020-02-18 00:00:00+08:00,4448.28,4457.65,4335.9,4335.9,709696,0.0,0.0
2020-02-19 00:00:00+08:00,4378.05,4457.65,4340.59,4424.87,522860,0.0,0.0
2020-02-20 00:00:00+08:00,4476.38,4490.42,4387.41,4392.09,325278,0.0,0.0
2020-02-21 00:00:00+08:00,4401.46,4462.33,4373.36,4438.92,376714,0.0,0.0
2020-02-24 00:00:00+08:00,4345.27,4387.41,4303.13,4317.18,577713,0.0,0.0
2020-02-25 00:00:00+08:00,4289.08,4354.63,4279.72,4335.9,492128,0.0,0.0
2020-02-26 00:00:00+08:00,4284.4,4354.63,4251.62,4289.08,689395,0.0,0.0
2020-02-27 00:00:00+08:00,4307.81,4331.22,4148.61,4148.61,869817,0.0,0.0
2020-03-02 00:00:00+08:00,4120.51,4181.39,4087.74,4101.78,803494,0.0,0.0
2020-03-03 00:00:00+08:00,4265.67,4331.22,4260.99,4289.08,823643,0.0,0.0
2020-03-04 00:00:00+08:00,4312.49,4321.86,4223.53,4242.26,575862,0.0,0.0
2020-03-05 00:00:00+08:00,4326.54,4335.9,4303.13,4307.81,346933,0.0,0.0
2020-03-06 00:00:00+08:00,4293.76,4326.54,4275.03,4275.03,457817,0.0,0.0
2020-03-09 00:00:00+08:00,4195.43,4209.48,4120.51,4125.2,613727,0.0,0.0
2020-03-10 00:00:00+08:00,4087.74,4242.26,4064.33,4204.8,691738,0.0,0.0
2020-03-11 00:00:00+08:00,4214.16,4265.67,4106.47,4106.47,658782,0.0,0.0
2020-03-12 00:00:00+08:00,3905.12,3923.85,3717.83,3727.19,1583912,0.0,0.0
2020-03-13 00:00:00+08:00,3390.06,3802.11,3390.06,3802.11,1581714,0.0,0.0
2020-03-16 00:00:00+08:00,3731.87,3764.65,3474.34,3488.39,1176019,0.0,0.0
2020-03-17 00:00:00+08:00,3464.98,3605.45,3418.15,3497.75,1191306,0.0,0.0
2020-03-18 00:00:00+08:00,3521.17,3572.67,3371.33,3371.33,1088034,0.0,0.0
2020-03-19 00:00:00+08:00,3371.33,3413.47,3034.2,3043.56,2293653,0.0,0.0
2020-03-20 00:00:00+08:00,3343.24,3347.92,3202.76,3347.92,1515998,0.0,0.0
2020-03-23 00:00:00+08:00,3184.03,3399.42,3137.21,3230.86,1037319,0.0,0.0
2020-03-24 00:00:00+08:00,3408.79,3539.9,3371.33,3432.2,952309,0.0,0.0
2020-03-25 00:00:00+08:00,3642.91,3727.19,3605.45,3642.91,1123756,0.0,0.0
2020-03-26 00:00:00+08:00,3675.69,3741.24,3530.53,3741.24,869893,0.0,0.0
2020-03-27 00:00:00+08:00,3839.57,3905.12,3624.18,3624.18,891738,0.0,0.0
2020-03-30 00:00:00+08:00,3535.21,3567.99,3474.34,3544.58,803308,0.0,0.0
2020-03-31 00:00:00+08:00,3624.18,3647.59,3567.99,3586.72,786722,0.0,0.0
2020-04-01 00:00:00+08:00,3586.72,3596.08,3521.17,3521.17,501854,0.0,0.0
2020-04-06 00:00:00+08:00,3633.54,3638.23,3558.63,3614.81,629040,0.0,0.0
2020-04-07 00:00:00+08:00,3722.51,3736.56,3642.91,3642.91,580956,0.0,0.0
2020-04-08 00:00:00+08:00,3652.27,3699.1,3642.91,3699.1,345706,0.0,0.0
2020-04-09 00:00:00+08:00,3703.78,3741.24,3539.9,3558.63,954202,0.0,0.0
2020-04-10 00:00:00+08:00,3558.63,3558.63,3436.88,3450.93,1160077,0.0,0.0
2020-04-13 00:00:00+08:00,3432.2,3497.75,3422.84,3450.93,605191,0.0,0.0
2020-04-14 00:00:00+08:00,3502.44,3591.4,3488.39,3572.67,705331,0.0,0.0
2020-04-15 00:00:00+08:00,3591.4,3614.81,3539.9,3558.63,652432,0.0,0.0
2020-04-16 00:00:00+08:00,3511.8,3567.99,3488.39,3488.39,626613,0.0,0.0
2020-04-17 00:00:00+08:00,3605.45,3624.18,3544.58,3605.45,1461529,0.0,0.0
2020-04-20 00:00:00+08:00,3633.54,3647.59,3577.36,3638.23,573302,0.0,0.0
2020-04-21 00:00:00+08:00,3610.13,3614.81,3464.98,3464.98,949112,0.0,0.0
2020-04-22 00:00:00+08:00,3464.98,3493.07,3390.06,3446.25,586134,0.0,0.0
2020-04-23 00:00:00+08:00,3530.53,3535.21,3469.66,3502.44,577083,0.0,0.0
2020-04-24 00:00:00+08:00,3502.44,3521.17,3446.25,3502.44,405712,0.0,0.0
2020-04-27 00:00:00+08:00,3567.99,3614.81,3544.58,3614.81,582386,0.0,0.0
2020-04-28 00:00:00+08:00,3661.64,3661.64,3591.4,3614.81,620553,0.0,0.0
2020-04-29 00:00:00+08:00,3633.54,3722.51,3614.81,3689.73,1035377,0.0,0.0
2020-04-30 00:00:00+08:00,3745.92,3858.3,3731.87,3848.93,1130697,0.0,0.0
2020-05-04 00:00:00+08:00,3666.32,3699.1,3624.18,3628.86,1053296,0.0,0.0
2020-05-05 00:00:00+08:00,3680.37,3736.56,3661.64,3708.46,583392,0.0,0.0
2020-05-06 00:00:00+08:00,3656.96,3816.16,3628.86,3816.16,784766,0.0,0.0
2020-05-07 00:00:00+08:00,3834.89,3886.39,3797.43,3811.48,536919,0.0,0.0
2020-05-08 00:00:00+08:00,3914.49,4050.28,3872.35,3956.63,1336008,0.0,0.0
2020-05-11 00:00:00+08:00,3994.09,4012.82,3923.85,3933.22,611528,0.0,0.0
2020-05-12 00:00:00+08:00,3895.76,3914.49,3825.52,3848.93,441878,0.0,0.0
2020-05-13 00:00:00+08:00,3811.48,3928.54,3783.38,3928.54,544031,0.0,0.0
2020-05-14 00:00:00+08:00,3900.44,3928.54,3839.57,3848.93,439232,0.0,0.0
2020-05-15 00:00:00+08:00,3886.39,3923.85,3802.11,3806.79,605343,0.0,0.0
2020-05-18 00:00:00+08:00,3689.73,3736.56,3614.81,3614.81,1076643,0.0,0.0
2020-05-19 00:00:00+08:00,3680.37,3694.42,3600.77,3600.77,842449,0.0,0.0
2020-05-20 00:00:00+08:00,3605.45,3685.05,3605.45,3624.18,498613,0.0,0.0
2020-05-21 00:00:00+08:00,3671.0,3703.78,3656.96,3680.37,419661,0.0,0.0
2020-05-22 00:00:00+08:00,3661.64,3680.37,3577.36,3596.08,512239,0.0,0.0
2020-05-25 00:00:00+08:00,3633.54,3633.54,3530.53,3591.4,415062,0.0,0.0
2020-05-26 00:00:00+08:00,3638.23,3685.05,3628.86,3675.69,535716,0.0,0.0
2020-05-27 00:00:00+08:00,3689.73,3689.73,3614.81,3633.54,569648,0.0,0.0
2020-05-28 00:00:00+08:00,3685.05,3685.05,3577.36,3586.72,431477,0.0,0.0
2020-05-29 00:00:00+08:00,3596.09,3610.13,3563.31,3591.4,669334,0.0,0.0
2020-06-01 00:00:00+08:00,3633.54,3811.48,3619.5,3806.79,1126489,0.0,0.0
2020-06-02 00:00:00+08:00,3834.89,3937.9,3802.11,3825.52,994554,0.0,0.0
2020-06-03 00:00:00+08:00,3933.22,4026.87,3919.17,3998.77,1161133,0.0,0.0
2020-06-04 00:00:00+08:00,4045.6,4054.96,3961.31,3970.68,553383,0.0,0.0
2020-06-05 00:00:00+08:00,4069.01,4069.01,3975.36,3998.77,602101,0.0,0.0
2020-06-08 00:00:00+08:00,4054.96,4162.66,4017.5,4139.24,1141735,0.0,0.0
2020-06-09 00:00:00+08:00,4143.93,4162.66,4087.74,4111.15,570524,0.0,0.0
2020-06-10 00:00:00+08:00,4134.56,4172.02,4101.78,4120.51,530291,0.0,0.0
2020-06-11 00:00:00+08:00,4092.42,4092.42,3937.9,3942.58,913258,0.0,0.0
2020-06-12 00:00:00+08:00,3825.52,3914.49,3820.84,3877.03,755756,0.0,0.0
2020-06-15 00:00:00+08:00,3886.39,3914.49,3839.57,3858.3,472860,0.0,0.0
2020-06-16 00:00:00+08:00,3975.36,4008.14,3919.17,3928.54,522177,0.0,0.0
2020-06-17 00:00:00+08:00,3975.36,3984.72,3891.08,3895.76,429035,0.0,0.0
2020-06-18 00:00:00+08:00,3905.12,3905.12,3759.97,3792.75,1160737,0.0,0.0
2020-06-19 00:00:00+08:00,3802.11,3839.57,3769.33,3797.43,868969,0.0,0.0
2020-06-22 00:00:00+08:00,3811.48,3816.16,3736.56,3764.65,621089,0.0,0.0
2020-06-23 00:00:00+08:00,3834.89,3848.93,3745.92,3755.29,773527,0.0,0.0
2020-06-24 00:00:00+08:00,3792.75,3811.48,3736.56,3755.29,845716,0.0,0.0
2020-06-29 00:00:00+08:00,3764.65,3792.75,3689.73,3689.73,1181513,0.0,0.0
2020-06-30 00:00:00+08:00,3755.29,3825.52,3741.24,3825.52,1036663,0.0,0.0
2020-07-01 00:00:00+08:00,3872.35,3975.36,3862.98,3933.22,929311,0.0,0.0
2020-07-02 00:00:00+08:00,4008.14,4036.23,3961.31,3975.36,694228,0.0,0.0
2020-07-03 00:00:00+08:00,4022.18,4054.96,3980.04,4050.28,805974,0.0,0.0
2020-07-06 00:00:00+08:00,4139.24,4153.29,4040.91,4129.88,1211247,0.0,0.0
2020-07-07 00:00:00+08:00,4157.97,4167.34,4078.37,4125.2,1011784,0.0,0.0
2020-07-08 00:00:00+08:00,4129.88,4129.88,4073.69,4078.37,833870,0.0,0.0
2020-07-09 00:00:00+08:00,4125.2,4190.75,4125.2,4148.61,853426,0.0,0.0
2020-07-10 00:00:00+08:00,3816.16,3877.03,3745.92,3755.29,2837667,0.0,0.0
2020-07-13 00:00:00+08:00,3792.75,3792.75,3708.46,3708.46,1009902,0.0,0.0
2020-07-14 00:00:00+08:00,3703.78,3774.02,3675.69,3764.65,700052,0.0,0.0
2020-07-15 00:00:00+08:00,3825.52,3834.89,3755.29,3759.97,596590,0.0,0.0
2020-07-16 00:00:00+08:00,3792.75,3797.43,3736.56,3745.92,417238,0.0,0.0
2020-07-17 00:00:00+08:00,3783.38,3792.75,3741.24,3741.24,275519,0.0,0.0
2020-07-20 00:00:00+08:00,3750.6,3774.02,3727.19,3755.29,300239,0.0,0.0
2020-07-21 00:00:00+08:00,3783.38,3834.89,3783.38,3830.21,526014,0.0,0.0
2020-07-22 00:00:00+08:00,3834.89,3872.35,3769.33,3788.06,524628,0.0,0.0
2020-07-23 00:00:00+08:00,3788.06,3792.75,3605.45,3628.86,1693474,0.0,0.0
2020-07-24 00:00:00+08:00,3619.5,3624.18,3549.26,3558.63,1306798,0.0,0.0
2020-07-27 00:00:00+08:00,3596.09,3605.45,3549.26,3572.67,630838,0.0,0.0
2020-07-28 00:00:00+08:00,3591.4,3708.46,3586.72,3661.64,855590,0.0,0.0
2020-07-29 00:00:00+08:00,3699.1,3703.78,3591.4,3605.45,619213,0.0,0.0
2020-07-30 00:00:00+08:00,3638.23,3638.23,3567.99,3582.04,411035,0.0,0.0
2020-07-31 00:00:00+08:00,3600.77,3628.86,3582.04,3582.04,409393,0.0,0.0
2020-08-03 00:00:00+08:00,3605.45,3619.5,3558.63,3558.63,736985,0.0,0.0
2020-08-04 00:00:00+08:00,3586.72,3610.13,3563.31,3572.67,423336,0.0,0.0
2020-08-05 00:00:00+08:00,3605.45,3647.59,3572.67,3647.59,457541,0.0,0.0
2020-08-06 00:00:00+08:00,3867.66,3933.22,3820.84,3895.76,2064091,0.0,0.0
2020-08-07 00:00:00+08:00,3914.49,3919.17,3778.7,3778.7,794378,0.0,0.0
2020-08-10 00:00:00+08:00,3802.11,3816.16,3708.46,3745.92,941353,0.0,0.0
2020-08-11 00:00:00+08:00,3749.74,3783.18,3706.75,3711.53,619332,79.0,0.0
2020-08-12 00:00:00+08:00,3711.53,3754.52,3697.2,3725.86,396238,0.0,0.0
2020-08-13 00:00:00+08:00,3754.52,3778.4,3678.09,3678.09,555788,0.0,0.0
2020-08-14 00:00:00+08:00,3678.09,3701.98,3639.88,3682.87,205718,0.0,0.0
2020-08-17 00:00:00+08:00,3663.76,3740.19,3663.76,3725.86,363235,0.0,0.0
2020-08-18 00:00:00+08:00,3687.65,3701.98,3539.57,3549.12,1370659,0.0,0.0
2020-08-19 00:00:00+08:00,3563.45,3606.44,3539.57,3558.67,522976,0.0,0.0
2020-08-20 00:00:00+08:00,3549.12,3553.9,3267.29,3401.04,1677704,0.0,0.0
2020-08-21 00:00:00+08:00,3439.26,3467.92,3381.93,3386.71,1153004,0.0,0.0
2020-08-24 00:00:00+08:00,3386.71,3448.81,3353.27,3444.03,553404,0.0,0.0
2020-08-25 00:00:00+08:00,3453.59,3477.47,3401.04,3415.37,731705,0.0,0.0
2020-08-26 00:00:00+08:00,3429.7,3429.7,3377.16,3377.16,574355,0.0,0.0
2020-08-27 00:00:00+08:00,3391.49,3396.26,3305.51,3305.51,1066875,0.0,0.0
2020-08-28 00:00:00+08:00,3295.95,3295.95,3238.63,3267.29,1178426,0.0,0.0
2020-08-31 00:00:00+08:00,3305.51,3315.06,3219.52,3233.85,954950,0.0,0.0
2020-09-01 00:00:00+08:00,3248.19,3386.71,3233.86,3367.6,1020656,0.0,0.0
2020-09-02 00:00:00+08:00,3434.48,3501.35,3405.82,3487.02,1082746,0.0,0.0
2020-09-03 00:00:00+08:00,3515.68,3558.67,3477.47,3530.01,801965,0.0,0.0
2020-09-04 00:00:00+08:00,3415.37,3491.8,3391.49,3491.8,733080,0.0,0.0
2020-09-07 00:00:00+08:00,3496.58,3544.34,3401.04,3401.04,685157,0.0,0.0
2020-09-08 00:00:00+08:00,3401.04,3420.15,3358.05,3381.93,583860,0.0,0.0
2020-09-09 00:00:00+08:00,3334.17,3358.05,3252.96,3348.5,704240,0.0,0.0
2020-09-10 00:00:00+08:00,3386.71,3415.37,3338.94,3343.72,441356,0.0,0.0
2020-09-11 00:00:00+08:00,3343.72,3367.6,3315.06,3343.72,350197,0.0,0.0
2020-09-14 00:00:00+08:00,3362.83,3506.13,3362.83,3491.8,617093,0.0,0.0
2020-09-15 00:00:00+08:00,3496.58,3525.24,3482.25,3491.8,462769,0.0,0.0
2020-09-16 00:00:00+08:00,3510.91,3525.24,3401.04,3401.04,656488,0.0,0.0
2020-09-17 00:00:00+08:00,3377.16,3439.26,3343.72,3343.72,1019197,0.0,0.0
2020-09-18 00:00:00+08:00,3348.5,3358.05,3329.39,3334.17,516986,0.0,0.0
2020-09-21 00:00:00+08:00,3372.38,3386.71,3329.39,3338.94,437599,0.0,0.0
2020-09-22 00:00:00+08:00,3338.94,3338.94,3295.95,3305.51,440192,0.0,0.0
2020-09-23 00:00:00+08:00,3295.95,3334.17,3281.62,3315.06,582094,0.0,0.0
2020-09-24 00:00:00+08:00,3267.29,3334.17,3267.29,3272.07,696485,0.0,0.0
2020-09-25 00:00:00+08:00,3310.28,3315.06,3181.31,3205.19,709759,0.0,0.0
2020-09-28 00:00:00+08:00,3224.3,3248.19,3181.31,3214.75,393761,0.0,0.0
2020-09-29 00:00:00+08:00,3248.19,3248.19,3190.86,3195.64,361998,0.0,0.0
2020-09-30 00:00:00+08:00,3209.97,3252.96,3200.42,3209.97,683408,0.0,0.0
2020-10-05 00:00:00+08:00,3248.19,3248.19,3128.77,3147.87,843563,0.0,0.0
2020-10-06 00:00:00+08:00,3133.54,3143.1,3061.89,3076.22,1267714,0.0,0.0
2020-10-07 00:00:00+08:00,3076.22,3133.54,3066.67,3076.22,1219866,0.0,0.0
2020-10-08 00:00:00+08:00,3104.88,3262.52,3095.33,3229.08,1377452,0.0,0.0
2020-10-12 00:00:00+08:00,3052.34,3071.45,2928.14,2952.03,2296972,0.0,0.0
2020-10-13 00:00:00+08:00,2913.81,2918.59,2818.28,2837.39,2207530,0.0,0.0
2020-10-14 00:00:00+08:00,2818.28,2875.6,2813.5,2818.28,2049216,0.0,0.0
2020-10-15 00:00:00+08:00,2851.72,2889.93,2818.28,2823.06,1072327,0.0,0.0
2020-10-16 00:00:00+08:00,2837.39,2885.15,2827.83,2832.61,1057729,0.0,0.0
2020-10-19 00:00:00+08:00,2885.15,2971.13,2875.6,2947.25,1420823,0.0,0.0
2020-10-20 00:00:00+08:00,2961.58,2961.58,2928.14,2952.03,589895,0.0,0.0
2020-10-21 00:00:00+08:00,2980.69,3038.01,2980.69,3004.57,826788,0.0,0.0
2020-10-22 00:00:00+08:00,3009.35,3014.12,2961.58,2999.79,519755,0.0,0.0
2020-10-23 00:00:00+08:00,3052.34,3066.67,3014.12,3038.01,803423,0.0,0.0
2020-10-26 00:00:00+08:00,3061.89,3071.45,3023.68,3052.34,466618,0.0,0.0
2020-10-27 00:00:00+08:00,3018.9,3038.01,3004.57,3023.68,333072,0.0,0.0
2020-10-28 00:00:00+08:00,3009.35,3023.68,2956.8,2961.58,441584,0.0,0.0
2020-10-29 00:00:00+08:00,2913.81,2928.14,2889.93,2899.48,644012,0.0,0.0
2020-10-30 00:00:00+08:00,2894.71,2923.37,2870.82,2889.93,651547,0.0,0.0
2020-11-02 00:00:00+08:00,2889.93,2894.71,2861.27,2889.93,304878,0.0,0.0
2020-11-03 00:00:00+08:00,2899.48,3009.35,2899.48,2966.36,807869,0.0,0.0
2020-11-04 00:00:00+08:00,3009.35,3023.68,2961.58,2980.69,680195,0.0,0.0
2020-11-05 00:00:00+08:00,2995.02,3057.12,2990.24,3057.12,924736,0.0,0.0
2020-11-06 00:00:00+08:00,3023.68,3052.34,2928.14,3004.57,1272970,0.0,0.0
2020-11-09 00:00:00+08:00,3095.33,3133.54,3085.78,3119.21,919730,0.0,0.0
2020-11-10 00:00:00+08:00,3128.77,3190.86,3081.0,3152.65,1025135,0.0,0.0
2020-11-11 00:00:00+08:00,3171.76,3181.31,3128.77,3162.2,479105,0.0,0.0
2020-11-12 00:00:00+08:00,3162.2,3200.42,3128.77,3181.31,733004,0.0,0.0
2020-11-13 00:00:00+08:00,3104.88,3233.86,3100.11,3209.97,803324,0.0,0.0
2020-11-16 00:00:00+08:00,3243.41,3262.52,3171.76,3171.76,591461,0.0,0.0
2020-11-17 00:00:00+08:00,3219.52,3219.52,3171.76,3181.31,541913,0.0,0.0
2020-11-18 00:00:00+08:00,3219.53,3391.49,3209.97,3391.49,2416879,0.0,0.0
2020-11-19 00:00:00+08:00,3401.04,3453.59,3348.5,3386.71,1048819,0.0,0.0
2020-11-20 00:00:00+08:00,3372.38,3386.71,3291.18,3305.51,950628,0.0,0.0
2020-11-23 00:00:00+08:00,3276.85,3343.72,3248.19,3248.19,1014759,0.0,0.0
2020-11-24 00:00:00+08:00,3300.73,3324.61,3205.19,3219.52,798489,0.0,0.0
2020-11-25 00:00:00+08:00,3238.63,3257.74,3157.43,3162.2,863857,0.0,0.0
2020-11-26 00:00:00+08:00,3190.86,3205.19,3166.98,3176.53,580358,0.0,0.0
2020-11-27 00:00:00+08:00,3195.64,3205.19,3166.98,3181.31,668096,0.0,0.0
2020-11-30 00:00:00+08:00,3200.42,3200.42,3081.0,3081.0,1180855,0.0,0.0
2020-12-01 00:00:00+08:00,3114.44,3205.19,3095.33,3195.64,699222,0.0,0.0
2020-12-02 00:00:00+08:00,3229.08,3257.74,3205.19,3224.3,569398,0.0,0.0
2020-12-03 00:00:00+08:00,3229.08,3252.96,3209.97,3252.96,708992,0.0,0.0
2020-12-04 00:00:00+08:00,3281.62,3281.62,3243.41,3276.85,459293,0.0,0.0
2020-12-07 00:00:00+08:00,3319.84,3319.84,3181.31,3229.08,705727,0.0,0.0
2020-12-08 00:00:00+08:00,3233.86,3319.84,3229.08,3286.4,719033,0.0,0.0
2020-12-09 00:00:00+08:00,3295.95,3324.61,3295.95,3315.06,376957,0.0,0.0
2020-12-10 00:00:00+08:00,3248.19,3272.07,3233.86,3262.52,392510,0.0,0.0
2020-12-11 00:00:00+08:00,3267.29,3272.07,3171.76,3171.76,1061148,0.0,0.0
2020-12-14 00:00:00+08:00,3176.53,3205.19,3095.33,3119.21,864289,0.0,0.0
2020-12-15 00:00:00+08:00,3104.88,3128.77,3081.0,3081.0,591791,0.0,0.0
2020-12-16 00:00:00+08:00,3162.2,3209.97,3128.77,3176.53,694772,0.0,0.0
2020-12-17 00:00:00+08:00,3195.64,3200.42,3128.77,3166.98,375324,0.0,0.0
2020-12-18 00:00:00+08:00,3090.55,3205.19,3090.55,3157.43,621889,0.0,0.0
2020-12-21 00:00:00+08:00,3123.99,3195.64,3123.99,3190.86,377075,0.0,0.0
2020-12-22 00:00:00+08:00,3190.86,3190.86,3095.33,3095.33,606444,0.0,0.0
2020-12-23 00:00:00+08:00,3109.66,3123.99,3085.78,3114.44,312816,0.0,0.0
2020-12-24 00:00:00+08:00,3123.99,3152.65,3109.66,3114.44,210630,0.0,0.0
2020-12-25 00:00:00+08:00,3123.99,3143.1,3104.88,3114.44,174165,0.0,0.0
2020-12-28 00:00:00+08:00,3114.44,3128.77,3085.78,3090.55,302304,0.0,0.0
2020-12-29 00:00:00+08:00,3095.33,3104.88,3038.01,3047.56,553504,0.0,0.0
2020-12-30 00:00:00+08:00,3047.56,3081.0,3028.46,3081.0,445287,0.0,0.0
2020-12-31 00:00:00+08:00,3095.33,3104.88,3047.56,3052.34,481655,0.0,0.0
2021-01-04 00:00:00+08:00,3090.55,3205.19,3081.0,3200.42,1122178,0.0,0.0
2021-01-05 00:00:00+08:00,3200.42,3209.97,3123.99,3166.98,792710,0.0,0.0
2021-01-06 00:00:00+08:00,3071.45,3100.11,2923.37,2932.92,2449431,0.0,0.0
2021-01-07 00:00:00+08:00,2880.38,2923.37,2875.6,2894.71,1062670,0.0,0.0
2021-01-08 00:00:00+08:00,2885.15,2913.81,2832.61,2904.26,1857717,0.0,0.0
2021-01-11 00:00:00+08:00,2909.04,2961.58,2866.05,2909.04,1297285,0.0,0.0
2021-01-12 00:00:00+08:00,2870.82,2885.15,2837.39,2856.49,1306426,0.0,0.0
2021-01-13 00:00:00+08:00,2870.82,2880.38,2846.94,2861.27,771883,0.0,0.0
2021-01-14 00:00:00+08:00,2861.27,2880.38,2827.83,2827.83,772579,0.0,0.0
2021-01-15 00:00:00+08:00,2856.49,2856.49,2722.74,2732.3,2097803,0.0,0.0
2021-01-18 00:00:00+08:00,2732.3,2737.07,2646.32,2679.75,1047195,0.0,0.0
2021-01-19 00:00:00+08:00,2722.74,2813.5,2703.64,2751.4,1255963,0.0,0.0
2021-01-20 00:00:00+08:00,2751.4,2765.73,2655.87,2665.42,1068988,0.0,0.0
2021-01-21 00:00:00+08:00,2708.41,2756.18,2660.65,2698.86,832657,0.0,0.0
2021-01-22 00:00:00+08:00,2746.63,2832.61,2732.3,2808.73,1373717,0.0,0.0
2021-01-25 00:00:00+08:00,2818.28,2875.6,2784.84,2866.05,820952,0.0,0.0
2021-01-26 00:00:00+08:00,2894.71,2923.37,2842.16,2846.94,765187,0.0,0.0
2021-01-27 00:00:00+08:00,2885.15,2885.15,2808.72,2842.16,443061,0.0,0.0
2021-01-28 00:00:00+08:00,2832.61,2899.48,2784.84,2889.93,951370,0.0,0.0
2021-01-29 00:00:00+08:00,2909.04,2909.04,2808.73,2808.73,719715,0.0,0.0
2021-02-01 00:00:00+08:00,2780.06,2837.39,2775.29,2803.95,430167,0.0,0.0
2021-02-02 00:00:00+08:00,2827.83,2870.82,2818.28,2870.82,746033,0.0,0.0
2021-02-03 00:00:00+08:00,2923.37,2961.58,2889.93,2942.47,1037984,0.0,0.0
2021-02-04 00:00:00+08:00,2923.37,2952.03,2913.81,2913.81,448588,0.0,0.0
2021-02-05 00:00:00+08:00,2942.47,2942.47,2904.26,2913.81,477684,0.0,0.0
2021-02-17 00:00:00+08:00,2961.58,3018.9,2947.25,3009.35,1299338,0.0,0.0
2021-02-18 00:00:00+08:00,3018.9,3114.44,2995.02,3104.88,1079077,0.0,0.0
2021-02-19 00:00:00+08:00,3095.33,3291.18,3090.55,3252.96,1938400,0.0,0.0
2021-02-22 00:00:00+08:00,3305.51,3386.71,3300.73,3353.27,1597035,0.0,0.0
2021-02-23 00:00:00+08:00,3353.27,3401.04,3334.17,3391.49,1185422,0.0,0.0
2021-02-24 00:00:00+08:00,3401.04,3405.82,3310.28,3362.83,1116024,0.0,0.0
2021-02-25 00:00:00+08:00,3401.04,3429.7,3233.86,3257.74,1515240,0.0,0.0
2021-02-26 00:00:00+08:00,3171.76,3214.75,3133.54,3147.87,1309748,0.0,0.0
2021-03-02 00:00:00+08:00,3229.08,3248.19,3190.86,3195.64,807956,0.0,0.0
2021-03-03 00:00:00+08:00,3195.64,3286.4,3166.98,3286.4,744598,0.0,0.0
2021-03-04 00:00:00+08:00,3267.29,3276.85,3205.19,3224.3,512866,0.0,0.0
2021-03-05 00:00:00+08:00,3162.2,3262.52,3162.2,3209.97,567434,0.0,0.0
2021-03-08 00:00:00+08:00,3267.29,3324.61,3243.41,3272.07,811549,0.0,0.0
2021-03-09 00:00:00+08:00,3276.85,3367.6,3276.85,3367.6,1337749,0.0,0.0
2021-03-10 00:00:00+08:00,3372.38,3391.49,3281.62,3281.62,834490,0.0,0.0
2021-03-11 00:00:00+08:00,3319.84,3348.5,3300.73,3324.61,547672,0.0,0.0
2021-03-12 00:00:00+08:00,3348.5,3348.5,3286.4,3310.28,360955,0.0,0.0
2021-03-15 00:00:00+08:00,3291.18,3310.28,3252.96,3252.96,443659,0.0,0.0
2021-03-16 00:00:00+08:00,3252.96,3262.52,3181.31,3190.86,602407,0.0,0.0
2021-03-17 00:00:00+08:00,3224.3,3248.19,3181.31,3190.86,518424,0.0,0.0
2021-03-18 00:00:00+08:00,3205.19,3295.95,3205.19,3272.07,646427,0.0,0.0
2021-03-19 00:00:00+08:00,3238.63,3272.07,3181.31,3205.19,606970,0.0,0.0
2021-03-22 00:00:00+08:00,3166.98,3171.76,3138.32,3166.98,378254,0.0,0.0
2021-03-23 00:00:00+08:00,3166.98,3200.42,3152.65,3152.65,311102,0.0,0.0
2021-03-24 00:00:00+08:00,3138.32,3157.43,3095.33,3095.33,419277,0.0,0.0
2021-03-25 00:00:00+08:00,3095.33,3152.65,3061.89,3143.1,570009,0.0,0.0
2021-03-26 00:00:00+08:00,3162.2,3171.76,3109.66,3119.21,473961,0.0,0.0
2021-03-29 00:00:00+08:00,3157.43,3157.43,3100.11,3100.11,335019,0.0,0.0
2021-03-30 00:00:00+08:00,3114.44,3138.32,3085.78,3114.44,415676,0.0,0.0
2021-03-31 00:00:00+08:00,3114.44,3119.21,3066.67,3066.67,472050,0.0,0.0
2021-04-01 00:00:00+08:00,3104.88,3104.88,3028.46,3033.23,427518,0.0,0.0
2021-04-07 00:00:00+08:00,2932.92,2942.47,2856.49,2866.05,1098385,0.0,0.0
2021-04-08 00:00:00+08:00,2866.05,2985.46,2813.5,2961.58,972237,0.0,0.0
2021-04-09 00:00:00+08:00,2961.58,2961.58,2875.6,2885.15,727762,0.0,0.0
2021-04-12 00:00:00+08:00,2880.38,2889.93,2851.72,2866.05,487881,0.0,0.0
2021-04-13 00:00:00+08:00,2875.6,2918.59,2875.6,2894.71,732906,0.0,0.0
2021-04-14 00:00:00+08:00,2894.71,2923.37,2866.05,2885.15,604214,0.0,0.0
2021-04-15 00:00:00+08:00,2899.48,2952.03,2885.15,2913.81,747808,0.0,0.0
2021-04-16 00:00:00+08:00,2928.14,3018.9,2923.37,2999.79,888170,0.0,0.0
2021-04-19 00:00:00+08:00,2995.02,2999.79,2947.25,2952.03,269678,0.0,0.0
2021-04-20 00:00:00+08:00,2971.13,2980.69,2952.03,2971.13,264143,0.0,0.0
2021-04-21 00:00:00+08:00,2947.25,2985.46,2909.04,2909.04,446071,0.0,0.0
2021-04-22 00:00:00+08:00,2942.47,2952.03,2880.38,2913.81,251704,0.0,0.0
2021-04-23 00:00:00+08:00,2947.25,2961.58,2889.93,2961.58,300721,0.0,0.0
2021-04-26 00:00:00+08:00,2999.79,3057.12,2990.24,3033.23,655716,0.0,0.0
2021-04-27 00:00:00+08:00,3033.23,3047.56,2947.25,2966.36,640508,0.0,0.0
2021-04-28 00:00:00+08:00,2942.47,2985.46,2942.47,2971.13,212174,0.0,0.0
2021-04-29 00:00:00+08:00,2966.36,3004.57,2961.58,2971.13,200519,0.0,0.0
2021-05-03 00:00:00+08:00,2995.02,2995.02,2870.82,2880.38,513999,0.0,0.0
2021-05-04 00:00:00+08:00,2885.15,2913.81,2861.27,2880.38,455421,0.0,0.0
2021-05-05 00:00:00+08:00,2880.38,2904.26,2866.05,2875.6,272833,0.0,0.0
2021-05-06 00:00:00+08:00,2808.72,2885.15,2808.72,2856.49,658626,0.0,0.0
2021-05-07 00:00:00+08:00,2875.6,2923.37,2866.05,2870.82,290879,0.0,0.0
2021-05-10 00:00:00+08:00,2889.93,2889.93,2765.73,2770.51,635214,0.0,0.0
2021-05-11 00:00:00+08:00,2684.53,2722.74,2655.87,2665.42,1065970,0.0,0.0
2021-05-12 00:00:00+08:00,2660.65,2756.18,2493.46,2684.53,1334397,0.0,0.0
2021-05-13 00:00:00+08:00,2703.64,2794.39,2631.99,2770.51,808165,0.0,0.0
2021-05-14 00:00:00+08:00,2780.06,2789.62,2722.74,2722.74,475202,0.0,0.0
2021-05-17 00:00:00+08:00,2588.99,2770.51,2588.99,2722.74,695397,0.0,0.0
2021-05-18 00:00:00+08:00,2770.51,2780.06,2694.08,2737.07,572325,0.0,0.0
2021-05-19 00:00:00+08:00,2780.06,2780.06,2751.4,2760.96,328109,0.0,0.0
2021-05-20 00:00:00+08:00,2770.51,2861.27,2722.74,2722.74,536509,0.0,0.0
2021-05-21 00:00:00+08:00,2770.51,2818.28,2756.18,2789.62,423207,0.0,0.0
2021-05-24 00:00:00+08:00,2765.73,2818.28,2751.4,2803.95,221171,0.0,0.0
2021-05-25 00:00:00+08:00,2832.61,2851.72,2808.73,2808.73,341162,0.0,0.0
2021-05-26 00:00:00+08:00,2808.73,2832.61,2780.06,2789.62,190698,0.0,0.0
2021-05-27 00:00:00+08:00,2789.62,2823.06,2770.51,2770.51,433239,0.0,0.0
2021-05-28 00:00:00+08:00,2794.39,2808.73,2760.96,2780.06,302104,0.0,0.0
2021-05-31 00:00:00+08:00,2789.62,2894.71,2780.06,2894.71,611765,0.0,0.0
2021-06-01 00:00:00+08:00,2913.81,2971.13,2913.81,2928.14,406307,0.0,0.0
2021-06-02 00:00:00+08:00,2956.8,2975.91,2918.59,2932.92,317842,0.0,0.0
2021-06-03 00:00:00+08:00,2956.8,2956.8,2928.14,2928.14,159063,0.0,0.0
2021-06-04 00:00:00+08:00,2899.48,2928.14,2866.05,2904.26,242772,0.0,0.0
2021-06-07 00:00:00+08:00,2904.26,2961.58,2846.94,2942.47,286803,0.0,0.0
2021-06-08 00:00:00+08:00,2913.81,2947.25,2856.49,2870.82,421397,0.0,0.0
2021-06-09 00:00:00+08:00,2846.94,2861.27,2818.28,2818.28,466472,0.0,0.0
2021-06-10 00:00:00+08:00,2856.49,2937.7,2851.72,2932.92,429661,0.0,0.0
2021-06-11 00:00:00+08:00,2956.8,2971.13,2909.04,2923.37,261958,0.0,0.0
2021-06-15 00:00:00+08:00,2966.36,2966.36,2875.6,2885.15,196616,0.0,0.0
2021-06-16 00:00:00+08:00,2875.6,2952.03,2875.6,2932.92,373802,0.0,0.0
2021-06-17 00:00:00+08:00,2904.26,2923.37,2880.38,2885.15,441099,0.0,0.0
2021-06-18 00:00:00+08:00,2894.71,2913.81,2885.15,2885.15,420692,0.0,0.0
2021-06-21 00:00:00+08:00,2866.05,2889.93,2799.17,2818.28,371482,0.0,0.0
2021-06-22 00:00:00+08:00,2851.72,2861.27,2784.84,2799.17,300395,0.0,0.0
2021-06-23 00:00:00+08:00,2827.83,2866.05,2803.95,2856.49,357061,0.0,0.0
2021-06-24 00:00:00+08:00,2856.49,2861.27,2827.83,2827.83,159388,0.0,0.0
2021-06-25 00:00:00+08:00,2870.82,2975.91,2851.72,2947.25,738020,0.0,0.0
2021-06-28 00:00:00+08:00,2942.47,2947.25,2885.15,2913.81,309321,0.0,0.0
2021-06-29 00:00:00+08:00,2932.92,3018.9,2932.92,2990.24,605803,0.0,0.0
2021-06-30 00:00:00+08:00,2961.58,3009.35,2956.8,2961.58,234173,0.0,0.0
2021-07-01 00:00:00+08:00,2990.24,3018.9,2956.8,2966.36,269908,0.0,0.0
2021-07-02 00:00:00+08:00,2995.02,2999.79,2961.58,2966.36,164829,0.0,0.0
2021-07-05 00:00:00+08:00,2995.02,2995.02,2937.7,2990.24,249156,0.0,0.0
2021-07-06 00:00:00+08:00,3052.34,3085.78,2961.58,2961.58,568078,0.0,0.0
2021-07-07 00:00:00+08:00,2990.24,2990.24,2928.14,2928.14,264570,0.0,0.0
2021-07-08 00:00:00+08:00,2975.91,3009.35,2942.47,3009.35,399798,0.0,0.0
2021-07-09 00:00:00+08:00,2913.81,2913.81,2823.06,2856.49,1118359,0.0,0.0
2021-07-12 00:00:00+08:00,2870.82,2885.15,2818.28,2818.28,438692,0.0,0.0
2021-07-13 00:00:00+08:00,2851.72,2875.6,2823.06,2832.61,379844,0.0,0.0
2021-07-14 00:00:00+08:00,2837.39,2899.48,2837.39,2885.15,211753,0.0,0.0
2021-07-15 00:00:00+08:00,2904.26,2942.47,2875.6,2904.26,372796,0.0,0.0
2021-07-16 00:00:00+08:00,2909.04,2961.58,2885.15,2932.92,251460,0.0,0.0
2021-07-19 00:00:00+08:00,2947.25,2947.25,2899.48,2904.26,188037,0.0,0.0
2021-07-20 00:00:00+08:00,2875.6,2889.93,2846.94,2846.94,287598,0.0,0.0
2021-07-21 00:00:00+08:00,2885.15,2885.15,2832.61,2842.16,290362,0.0,0.0
2021-07-22 00:00:00+08:00,2880.38,2909.04,2870.82,2909.04,310645,0.0,0.0
2021-07-23 00:00:00+08:00,2937.7,2937.7,2875.6,2885.15,137327,0.0,0.0
2021-07-26 00:00:00+08:00,2885.15,2899.48,2851.72,2856.49,225219,0.0,0.0
2021-07-27 00:00:00+08:00,2885.15,2885.15,2837.39,2837.39,260261,0.0,0.0
2021-07-28 00:00:00+08:00,2842.16,2870.82,2789.62,2851.72,443846,0.0,0.0
2021-07-29 00:00:00+08:00,2851.72,2875.6,2823.06,2837.39,275619,0.0,0.0
2021-07-30 00:00:00+08:00,2837.39,2846.94,2799.17,2799.17,327387,0.0,0.0
2021-08-02 00:00:00+08:00,2808.73,2818.28,2765.73,2789.62,391708,0.0,0.0
2021-08-03 00:00:00+08:00,2794.39,2803.95,2760.96,2765.73,363981,0.0,0.0
2021-08-04 00:00:00+08:00,2780.06,2780.06,2722.74,2727.52,662766,0.0,0.0
2021-08-05 00:00:00+08:00,2732.3,2780.06,2727.52,2751.4,396005,0.0,0.0
2021-08-06 00:00:00+08:00,2765.73,2770.51,2713.19,2713.19,545220,0.0,0.0
2021-08-09 00:00:00+08:00,2713.19,2737.07,2694.08,2694.08,375762,0.0,0.0
2021-08-10 00:00:00+08:00,2735.06,2754.81,2700.5,2705.44,451439,91.5,0.0
2021-08-11 00:00:00+08:00,2695.56,2715.31,2670.88,2675.82,353787,0.0,0.0
2021-08-12 00:00:00+08:00,2705.44,2705.44,2631.38,2636.32,407664,0.0,0.0
2021-08-13 00:00:00+08:00,2641.26,2685.69,2616.57,2661.01,454099,0.0,0.0
2021-08-16 00:00:00+08:00,2685.69,2685.69,2631.38,2641.26,251266,0.0,0.0
2021-08-17 00:00:00+08:00,2641.26,2641.26,2641.26,2641.26,0,0.0,0.0
2021-08-18 00:00:00+08:00,2656.07,2754.81,2636.32,2749.87,442050,0.0,0.0
2021-08-19 00:00:00+08:00,2759.74,2779.49,2700.5,2705.44,444488,0.0,0.0
2021-08-20 00:00:00+08:00,2740.0,2749.87,2690.63,2710.38,287902,0.0,0.0
2021-08-23 00:00:00+08:00,2740.0,2774.56,2715.31,2735.06,314387,0.0,0.0
2021-08-24 00:00:00+08:00,2749.87,2759.74,2695.56,2710.38,226980,0.0,0.0
2021-08-25 00:00:00+08:00,2725.19,2730.12,2695.56,2695.56,169604,0.0,0.0
2021-08-26 00:00:00+08:00,2725.19,2744.93,2641.26,2641.26,472867,0.0,0.0
2021-08-27 00:00:00+08:00,2641.26,2641.26,2591.89,2596.83,417938,0.0,0.0
2021-08-30 00:00:00+08:00,2611.64,2626.45,2552.39,2572.14,539881,0.0,0.0
2021-08-31 00:00:00+08:00,2582.01,2646.19,2572.14,2646.19,364612,0.0,0.0
2021-09-01 00:00:00+08:00,2646.19,2690.63,2616.57,2675.82,288179,0.0,0.0
2021-09-02 00:00:00+08:00,2661.01,2725.19,2631.38,2631.38,291165,0.0,0.0
2021-09-03 00:00:00+08:00,2626.45,2690.63,2616.57,2690.63,277423,0.0,0.0
2021-09-06 00:00:00+08:00,2715.31,2730.12,2665.94,2670.88,328993,0.0,0.0
2021-09-07 00:00:00+08:00,2661.01,2680.75,2631.38,2631.38,202608,0.0,0.0
2021-09-08 00:00:00+08:00,2646.19,2646.19,2557.33,2557.33,449542,0.0,0.0
2021-09-09 00:00:00+08:00,2562.27,2572.14,2547.46,2562.27,237001,0.0,0.0
2021-09-10 00:00:00+08:00,2582.01,2591.89,2517.83,2522.77,339449,0.0,0.0
2021-09-13 00:00:00+08:00,2522.77,2547.46,2493.15,2547.46,205228,0.0,0.0
2021-09-14 00:00:00+08:00,2552.39,2557.33,2498.09,2498.09,471151,0.0,0.0
2021-09-15 00:00:00+08:00,2503.02,2557.33,2488.21,2488.21,541146,0.0,0.0
2021-09-16 00:00:00+08:00,2493.15,2512.9,2414.16,2428.97,598964,0.0,0.0
2021-09-17 00:00:00+08:00,2428.97,2428.97,2379.6,2394.41,665409,0.0,0.0
2021-09-22 00:00:00+08:00,2305.55,2325.29,2280.86,2280.86,991389,0.0,0.0
2021-09-23 00:00:00+08:00,2300.61,2354.92,2300.61,2340.11,609358,0.0,0.0
2021-09-24 00:00:00+08:00,2345.04,2359.85,2266.05,2270.99,617941,0.0,0.0
2021-09-27 00:00:00+08:00,2270.99,2285.8,2196.93,2236.43,1119216,0.0,0.0
2021-09-28 00:00:00+08:00,2236.43,2256.18,2177.19,2187.06,922720,0.0,0.0
2021-09-29 00:00:00+08:00,2162.38,2167.31,2083.38,2142.63,1212931,0.0,0.0
2021-09-30 00:00:00+08:00,2142.63,2177.19,2117.94,2162.38,868121,0.0,0.0
2021-10-01 00:00:00+08:00,2147.57,2177.19,2108.07,2108.07,570761,0.0,0.0
2021-10-04 00:00:00+08:00,2127.82,2152.5,2093.26,2108.07,521539,0.0,0.0
2021-10-05 00:00:00+08:00,2093.26,2098.2,2024.14,2043.89,810538,0.0,0.0
2021-10-06 00:00:00+08:00,2068.57,2093.26,2034.02,2063.64,888504,0.0,0.0
2021-10-07 00:00:00+08:00,2078.45,2103.13,2063.64,2103.13,461689,0.0,0.0
2021-10-08 00:00:00+08:00,2058.7,2098.2,1964.9,1979.71,1758594,0.0,0.0
2021-10-12 00:00:00+08:00,1969.84,2034.02,1935.28,2024.14,1557924,0.0,0.0
2021-10-13 00:00:00+08:00,2029.08,2053.76,2004.39,2024.14,474014,0.0,0.0
2021-10-14 00:00:00+08:00,2038.95,2038.95,1945.15,1945.15,923821,0.0,0.0
2021-10-15 00:00:00+08:00,1940.21,1994.52,1940.21,1984.65,969060,0.0,0.0
2021-10-18 00:00:00+08:00,1984.65,2009.33,1955.02,1964.9,650855,0.0,0.0
2021-10-19 00:00:00+08:00,1979.71,2024.14,1969.84,2024.14,510641,0.0,0.0
2021-10-20 00:00:00+08:00,2019.2,2038.95,2014.27,2038.95,577048,0.0,0.0
2021-10-21 00:00:00+08:00,2038.95,2063.64,2009.33,2019.2,690035,0.0,0.0
2021-10-22 00:00:00+08:00,1999.46,2024.14,1994.52,1999.46,497606,0.0,0.0
2021-10-25 00:00:00+08:00,1984.65,2029.08,1974.77,1989.58,785638,0.0,0.0
2021-10-26 00:00:00+08:00,2142.63,2187.06,2088.32,2132.75,2418793,0.0,0.0
2021-10-27 00:00:00+08:00,2132.75,2142.63,2048.83,2053.76,1213244,0.0,0.0
2021-10-28 00:00:00+08:00,2058.7,2073.51,2034.02,2043.89,632504,0.0,0.0
2021-10-29 00:00:00+08:00,2053.76,2053.76,2029.08,2043.89,464942,0.0,0.0
2021-11-01 00:00:00+08:00,2063.64,2088.32,2053.76,2083.38,482406,0.0,0.0
2021-11-02 00:00:00+08:00,2098.2,2098.2,2024.14,2024.14,676061,0.0,0.0
2021-11-03 00:00:00+08:00,2034.02,2073.51,2029.08,2043.89,385869,0.0,0.0
2021-11-04 00:00:00+08:00,2053.76,2053.76,2029.08,2029.08,392107,0.0,0.0
2021-11-05 00:00:00+08:00,2029.08,2038.95,1979.71,1979.71,1065920,0.0,0.0
2021-11-08 00:00:00+08:00,1979.71,2043.89,1974.77,2024.14,691800,0.0,0.0
2021-11-09 00:00:00+08:00,2029.08,2038.95,2019.2,2034.02,347876,0.0,0.0
2021-11-10 00:00:00+08:00,2034.02,2058.7,2029.08,2043.89,473709,0.0,0.0
2021-11-11 00:00:00+08:00,2043.89,2053.76,2038.95,2053.76,349814,0.0,0.0
2021-11-12 00:00:00+08:00,2058.7,2098.2,2053.76,2083.38,628770,0.0,0.0
2021-11-15 00:00:00+08:00,2093.26,2113.01,2073.51,2078.45,474112,0.0,0.0
2021-11-16 00:00:00+08:00,2078.45,2093.26,2073.51,2073.51,332207,0.0,0.0
2021-11-17 00:00:00+08:00,2083.38,2083.38,2043.89,2068.57,472665,0.0,0.0
2021-11-18 00:00:00+08:00,2058.7,2073.51,2029.08,2034.02,641216,0.0,0.0
2021-11-19 00:00:00+08:00,2053.76,2113.01,2043.89,2073.51,781945,0.0,0.0
2021-11-22 00:00:00+08:00,2088.32,2088.32,2068.57,2073.51,175611,0.0,0.0
2021-11-23 00:00:00+08:00,2038.95,2043.89,1999.46,2009.33,1014064,0.0,0.0
2021-11-24 00:00:00+08:00,2019.2,2038.95,2014.27,2034.02,413550,0.0,0.0
2021-11-25 00:00:00+08:00,2034.02,2038.95,2024.14,2024.14,226234,0.0,0.0
2021-11-26 00:00:00+08:00,2014.27,2024.14,1999.46,1999.46,300330,0.0,0.0
2021-11-29 00:00:00+08:00,1999.46,2009.33,1964.9,1969.84,569277,0.0,0.0
2021-11-30 00:00:00+08:00,1999.46,1999.46,1964.9,1964.9,709497,0.0,0.0
2021-12-01 00:00:00+08:00,1974.77,1984.65,1964.9,1974.77,447610,0.0,0.0
2021-12-02 00:00:00+08:00,1979.71,2024.14,1974.77,1989.58,582445,0.0,0.0
2021-12-03 00:00:00+08:00,1979.71,1989.58,1969.84,1969.84,366551,0.0,0.0
2021-12-06 00:00:00+08:00,2004.39,2019.2,1984.65,2004.39,587219,0.0,0.0
2021-12-07 00:00:00+08:00,2014.27,2038.95,1999.46,2038.95,607393,0.0,0.0
2021-12-08 00:00:00+08:00,2058.7,2063.64,2034.02,2034.02,467838,0.0,0.0
2021-12-09 00:00:00+08:00,2043.89,2053.76,2004.39,2004.39,462642,0.0,0.0
2021-12-10 00:00:00+08:00,2004.39,2038.95,1999.46,2029.08,399759,0.0,0.0
2021-12-13 00:00:00+08:00,2038.95,2043.89,1959.96,1964.9,1030350,0.0,0.0
2021-12-14 00:00:00+08:00,1969.84,2019.2,1969.84,2019.2,478894,0.0,0.0
2021-12-15 00:00:00+08:00,2009.33,2024.14,1994.52,2009.33,393362,0.0,0.0
2021-12-16 00:00:00+08:00,2024.14,2058.7,2004.39,2009.33,864420,0.0,0.0
2021-12-17 00:00:00+08:00,2038.95,2206.81,2034.02,2206.81,2862073,0.0,0.0
2021-12-20 00:00:00+08:00,2206.81,2251.24,2167.31,2241.37,2676383,0.0,0.0
2021-12-21 00:00:00+08:00,2266.05,2463.53,2246.3,2379.6,3338797,0.0,0.0
2021-12-22 00:00:00+08:00,2399.35,2503.02,2389.47,2443.78,2540680,0.0,0.0
2021-12-23 00:00:00+08:00,2483.28,2503.02,2404.29,2428.97,1357110,0.0,0.0
2021-12-24 00:00:00+08:00,2438.84,2468.47,2404.29,2414.16,826743,0.0,0.0
2021-12-27 00:00:00+08:00,2424.03,2468.47,2399.35,2419.1,963871,0.0,0.0
2021-12-28 00:00:00+08:00,2443.78,2443.78,2369.73,2374.66,943528,0.0,0.0
2021-12-29 00:00:00+08:00,2374.66,2389.47,2349.98,2374.66,616734,0.0,0.0
2021-12-30 00:00:00+08:00,2374.66,2458.59,2374.66,2433.91,1276404,0.0,0.0
2022-01-03 00:00:00+08:00,2468.47,2557.33,2448.72,2468.47,1960732,0.0,0.0
2022-01-04 00:00:00+08:00,2503.02,2665.94,2498.09,2661.01,2655806,0.0,0.0
2022-01-05 00:00:00+08:00,2665.94,2675.82,2572.14,2577.08,1652458,0.0,0.0
2022-01-06 00:00:00+08:00,2567.2,2611.64,2537.58,2552.39,1250704,0.0,0.0
2022-01-07 00:00:00+08:00,2582.01,2591.89,2448.72,2453.65,1515420,0.0,0.0
2022-01-10 00:00:00+08:00,2453.65,2478.34,2414.16,2443.78,1145001,0.0,0.0
2022-01-11 00:00:00+08:00,2458.59,2473.4,2409.22,2438.84,836995,0.0,0.0
2022-01-12 00:00:00+08:00,2465.0,2480.0,2360.0,2375.0,1418638,31.16,0.0
2022-01-13 00:00:00+08:00,2405.0,2435.0,2360.0,2375.0,1084432,0.0,0.0
2022-01-14 00:00:00+08:00,2210.0,2220.0,2140.0,2140.0,1552174,0.0,0.0
2022-01-17 00:00:00+08:00,2110.0,2135.0,2070.0,2080.0,1955256,0.0,0.0
2022-01-18 00:00:00+08:00,2090.0,2150.0,2075.0,2105.0,1084564,0.0,0.0
2022-01-19 00:00:00+08:00,2100.0,2125.0,2090.0,2100.0,631629,0.0,0.0
2022-01-20 00:00:00+08:00,2105.0,2110.0,2075.0,2080.0,541770,0.0,0.0
2022-01-21 00:00:00+08:00,2060.0,2100.0,2060.0,2080.0,731370,0.0,0.0
2022-01-24 00:00:00+08:00,2080.0,2090.0,2055.0,2075.0,591331,0.0,0.0
2022-01-25 00:00:00+08:00,2060.0,2060.0,2030.0,2060.0,595033,0.0,0.0
2022-01-26 00:00:00+08:00,2060.0,2075.0,2025.0,2030.0,615542,0.0,0.0
2022-02-07 00:00:00+08:00,2030.0,2065.0,2000.0,2030.0,669509,0.0,0.0
2022-02-08 00:00:00+08:00,2030.0,2095.0,2030.0,2075.0,476267,0.0,0.0
2022-02-09 00:00:00+08:00,2100.0,2100.0,2055.0,2085.0,313609,0.0,0.0
2022-02-10 00:00:00+08:00,2085.0,2090.0,2060.0,2080.0,217364,0.0,0.0
2022-02-11 00:00:00+08:00,2080.0,2145.0,2075.0,2110.0,690938,0.0,0.0
2022-02-14 00:00:00+08:00,2085.0,2100.0,2060.0,2080.0,359136,0.0,0.0
2022-02-15 00:00:00+08:00,2080.0,2115.0,2080.0,2090.0,271901,0.0,0.0
2022-02-16 00:00:00+08:00,2135.0,2140.0,2110.0,2120.0,455042,0.0,0.0
2022-02-17 00:00:00+08:00,2135.0,2140.0,2120.0,2135.0,344117,0.0,0.0
2022-02-18 00:00:00+08:00,2120.0,2160.0,2105.0,2160.0,406513,0.0,0.0
2022-02-21 00:00:00+08:00,2135.0,2155.0,2125.0,2135.0,358073,0.0,0.0
2022-02-22 00:00:00+08:00,2110.0,2120.0,2065.0,2085.0,468899,0.0,0.0
2022-02-23 00:00:00+08:00,2100.0,2110.0,2085.0,2095.0,177262,0.0,0.0
2022-02-24 00:00:00+08:00,2075.0,2085.0,2035.0,2035.0,465517,0.0,0.0
2022-02-25 00:00:00+08:00,2030.0,2055.0,2010.0,2020.0,638225,0.0,0.0
2022-03-01 00:00:00+08:00,2020.0,2055.0,2020.0,2050.0,470945,0.0,0.0
2022-03-02 00:00:00+08:00,2045.0,2050.0,2025.0,2045.0,427117,0.0,0.0
2022-03-03 00:00:00+08:00,2050.0,2060.0,2030.0,2040.0,327083,0.0,0.0
2022-03-04 00:00:00+08:00,2030.0,2050.0,2020.0,2025.0,276337,0.0,0.0
2022-03-07 00:00:00+08:00,2010.0,2010.0,1965.0,1980.0,789052,0.0,0.0
2022-03-08 00:00:00+08:00,1970.0,2010.0,1965.0,1985.0,517301,0.0,0.0
2022-03-09 00:00:00+08:00,1990.0,2015.0,1960.0,1980.0,489865,0.0,0.0
2022-03-10 00:00:00+08:00,1995.0,2025.0,1995.0,2005.0,292186,0.0,0.0
2022-03-11 00:00:00+08:00,2005.0,2005.0,1980.0,1985.0,238788,0.0,0.0
2022-03-14 00:00:00+08:00,2000.0,2020.0,1980.0,2015.0,359424,0.0,0.0
2022-03-15 00:00:00+08:00,1975.0,1980.0,1960.0,1965.0,368767,0.0,0.0
2022-03-16 00:00:00+08:00,1980.0,1995.0,1950.0,1950.0,482710,0.0,0.0
2022-03-17 00:00:00+08:00,1970.0,1995.0,1965.0,1970.0,530387,0.0,0.0
2022-03-18 00:00:00+08:00,1985.0,2030.0,1985.0,2025.0,601861,0.0,0.0
2022-03-21 00:00:00+08:00,2045.0,2045.0,1995.0,2000.0,290567,0.0,0.0
2022-03-22 00:00:00+08:00,2000.0,2005.0,1985.0,1985.0,305711,0.0,0.0
2022-03-23 00:00:00+08:00,1995.0,2010.0,1980.0,2000.0,379431,0.0,0.0
2022-03-24 00:00:00+08:00,2000.0,2000.0,1970.0,1975.0,352667,0.0,0.0
2022-03-25 00:00:00+08:00,1990.0,1990.0,1965.0,1965.0,376532,0.0,0.0
2022-03-28 00:00:00+08:00,1950.0,1955.0,1895.0,1900.0,1057531,0.0,0.0
2022-03-29 00:00:00+08:00,1915.0,1915.0,1865.0,1865.0,563485,0.0,0.0
2022-03-30 00:00:00+08:00,1875.0,1910.0,1865.0,1905.0,699640,0.0,0.0
2022-03-31 00:00:00+08:00,1920.0,1950.0,1885.0,1885.0,554603,0.0,0.0
2022-04-01 00:00:00+08:00,1870.0,1900.0,1850.0,1860.0,610890,0.0,0.0
2022-04-06 00:00:00+08:00,1840.0,1840.0,1775.0,1775.0,851405,0.0,0.0
2022-04-07 00:00:00+08:00,1745.0,1760.0,1685.0,1685.0,1157857,0.0,0.0
2022-04-08 00:00:00+08:00,1710.0,1715.0,1645.0,1660.0,671054,0.0,0.0
2022-04-11 00:00:00+08:00,1655.0,1665.0,1595.0,1610.0,939309,0.0,0.0
2022-04-12 00:00:00+08:00,1610.0,1655.0,1605.0,1640.0,702036,0.0,0.0
2022-04-13 00:00:00+08:00,1650.0,1650.0,1610.0,1630.0,479247,0.0,0.0
2022-04-14 00:00:00+08:00,1630.0,1665.0,1620.0,1645.0,436259,0.0,0.0
2022-04-15 00:00:00+08:00,1625.0,1635.0,1605.0,1625.0,534292,0.0,0.0
2022-04-18 00:00:00+08:00,1620.0,1645.0,1605.0,1630.0,242808,0.0,0.0
2022-04-19 00:00:00+08:00,1630.0,1675.0,1630.0,1640.0,408278,0.0,0.0
2022-04-20 00:00:00+08:00,1660.0,1685.0,1655.0,1675.0,685781,0.0,0.0
2022-04-21 00:00:00+08:00,1690.0,1755.0,1690.0,1700.0,844631,0.0,0.0
2022-04-22 00:00:00+08:00,1700.0,1725.0,1690.0,1695.0,577119,0.0,0.0
2022-04-25 00:00:00+08:00,1675.0,1705.0,1635.0,1685.0,655803,0.0,0.0
2022-04-26 00:00:00+08:00,1715.0,1715.0,1655.0,1655.0,584732,0.0,0.0
2022-04-27 00:00:00+08:00,1605.0,1655.0,1605.0,1635.0,329751,0.0,0.0
2022-04-28 00:00:00+08:00,1665.0,1710.0,1645.0,1690.0,584620,0.0,0.0
2022-04-29 00:00:00+08:00,1720.0,1755.0,1675.0,1690.0,692937,0.0,0.0
2022-05-03 00:00:00+08:00,1700.0,1705.0,1660.0,1665.0,229340,0.0,0.0
2022-05-04 00:00:00+08:00,1680.0,1680.0,1655.0,1660.0,175388,0.0,0.0
2022-05-05 00:00:00+08:00,1685.0,1685.0,1645.0,1645.0,492450,0.0,0.0
2022-05-06 00:00:00+08:00,1600.0,1615.0,1585.0,1600.0,780505,0.0,0.0
2022-05-09 00:00:00+08:00,1580.0,1585.0,1565.0,1565.0,322701,0.0,0.0
2022-05-10 00:00:00+08:00,1540.0,1630.0,1525.0,1620.0,840494,0.0,0.0
2022-05-11 00:00:00+08:00,1625.0,1640.0,1600.0,1615.0,477263,0.0,0.0
2022-05-12 00:00:00+08:00,1610.0,1635.0,1595.0,1600.0,539531,0.0,0.0
2022-05-13 00:00:00+08:00,1615.0,1630.0,1605.0,1615.0,354819,0.0,0.0
2022-05-16 00:00:00+08:00,1640.0,1645.0,1585.0,1590.0,301302,0.0,0.0
2022-05-17 00:00:00+08:00,1600.0,1625.0,1590.0,1615.0,279899,0.0,0.0
2022-05-18 00:00:00+08:00,1620.0,1625.0,1600.0,1620.0,321274,0.0,0.0
2022-05-19 00:00:00+08:00,1590.0,1595.0,1560.0,1585.0,340801,0.0,0.0
2022-05-20 00:00:00+08:00,1615.0,1620.0,1595.0,1600.0,427438,0.0,0.0
2022-05-23 00:00:00+08:00,1600.0,1615.0,1595.0,1600.0,166941,0.0,0.0
2022-05-24 00:00:00+08:00,1605.0,1610.0,1580.0,1585.0,302373,0.0,0.0
2022-05-25 00:00:00+08:00,1615.0,1630.0,1600.0,1625.0,394523,0.0,0.0
2022-05-26 00:00:00+08:00,1640.0,1645.0,1615.0,1620.0,280439,0.0,0.0
2022-05-27 00:00:00+08:00,1630.0,1675.0,1625.0,1655.0,719307,0.0,0.0
2022-05-30 00:00:00+08:00,1675.0,1680.0,1660.0,1680.0,455084,0.0,0.0
2022-05-31 00:00:00+08:00,1665.0,1685.0,1660.0,1670.0,782797,0.0,0.0
2022-06-01 00:00:00+08:00,1665.0,1680.0,1655.0,1655.0,325671,0.0,0.0
2022-06-02 00:00:00+08:00,1655.0,1675.0,1645.0,1670.0,486754,0.0,0.0
2022-06-06 00:00:00+08:00,1735.0,1820.0,1720.0,1810.0,2085984,0.0,0.0
2022-06-07 00:00:00+08:00,1800.0,1800.0,1760.0,1770.0,971954,0.0,0.0
2022-06-08 00:00:00+08:00,1795.0,1805.0,1775.0,1785.0,653386,0.0,0.0
2022-06-09 00:00:00+08:00,1785.0,1860.0,1770.0,1835.0,958680,0.0,0.0
2022-06-10 00:00:00+08:00,1800.0,1820.0,1790.0,1810.0,561823,0.0,0.0
2022-06-13 00:00:00+08:00,1770.0,1775.0,1750.0,1755.0,507689,0.0,0.0
2022-06-14 00:00:00+08:00,1750.0,1765.0,1715.0,1730.0,496075,0.0,0.0
2022-06-15 00:00:00+08:00,1730.0,1740.0,1700.0,1705.0,479753,0.0,0.0
2022-06-16 00:00:00+08:00,1735.0,1745.0,1680.0,1680.0,487496,0.0,0.0
2022-06-17 00:00:00+08:00,1645.0,1675.0,1635.0,1675.0,538028,0.0,0.0
2022-06-20 00:00:00+08:00,1675.0,1675.0,1620.0,1620.0,369116,0.0,0.0
2022-06-21 00:00:00+08:00,1645.0,1660.0,1620.0,1660.0,272326,0.0,0.0
2022-06-22 00:00:00+08:00,1650.0,1655.0,1600.0,1600.0,358685,0.0,0.0
2022-06-23 00:00:00+08:00,1620.0,1630.0,1590.0,1615.0,371495,0.0,0.0
2022-06-24 00:00:00+08:00,1630.0,1705.0,1625.0,1660.0,609314,0.0,0.0
2022-06-27 00:00:00+08:00,1695.0,1715.0,1680.0,1705.0,511718,0.0,0.0
2022-06-28 00:00:00+08:00,1700.0,1715.0,1690.0,1710.0,189592,0.0,0.0
2022-06-29 00:00:00+08:00,1690.0,1710.0,1680.0,1700.0,321380,0.0,0.0
2022-06-30 00:00:00+08:00,1685.0,1735.0,1670.0,1725.0,711306,0.0,0.0
2022-07-01 00:00:00+08:00,1725.0,1750.0,1685.0,1690.0,861991,0.0,0.0
2022-07-04 00:00:00+08:00,1700.0,1745.0,1690.0,1735.0,650408,0.0,0.0
2022-07-05 00:00:00+08:00,1755.0,1760.0,1715.0,1755.0,754423,0.0,0.0
2022-07-06 00:00:00+08:00,1755.0,1760.0,1700.0,1710.0,869649,0.0,0.0
2022-07-07 00:00:00+08:00,1740.0,1880.0,1720.0,1880.0,1560990,0.0,0.0
2022-07-08 00:00:00+08:00,1905.0,1930.0,1845.0,1870.0,1661625,0.0,0.0
2022-07-11 00:00:00+08:00,1885.0,1895.0,1835.0,1880.0,875151,0.0,0.0
2022-07-12 00:00:00+08:00,1830.0,1850.0,1810.0,1835.0,1050108,0.0,0.0
2022-07-13 00:00:00+08:00,1890.0,1920.0,1860.0,1860.0,931275,0.0,0.0
2022-07-14 00:00:00+08:00,1835.0,1945.0,1830.0,1905.0,1328681,0.0,0.0
2022-07-15 00:00:00+08:00,1940.0,2010.0,1905.0,1990.0,2107235,0.0,0.0
2022-07-18 00:00:00+08:00,2015.0,2030.0,1970.0,1990.0,1061822,0.0,0.0
2022-07-19 00:00:00+08:00,1970.0,1995.0,1970.0,1980.0,399130,0.0,0.0
2022-07-20 00:00:00+08:00,2010.0,2025.0,1920.0,1920.0,1200875,0.0,0.0
2022-07-21 00:00:00+08:00,1925.0,1965.0,1905.0,1960.0,715438,0.0,0.0
2022-07-22 00:00:00+08:00,1960.0,1975.0,1925.0,1925.0,531375,0.0,0.0
2022-07-25 00:00:00+08:00,1925.0,1935.0,1915.0,1920.0,315124,0.0,0.0
2022-07-26 00:00:00+08:00,1930.0,1940.0,1905.0,1915.0,331032,0.0,0.0
2022-07-27 00:00:00+08:00,1915.0,1960.0,1895.0,1950.0,509916,0.0,0.0
2022-07-28 00:00:00+08:00,1985.0,2005.0,1970.0,1985.0,960939,0.0,0.0
2022-07-29 00:00:00+08:00,2020.0,2090.0,2005.0,2090.0,1428209,0.0,0.0
2022-08-01 00:00:00+08:00,2080.0,2110.0,2055.0,2075.0,880398,0.0,0.0
2022-08-02 00:00:00+08:00,2045.0,2065.0,2020.0,2030.0,935152,0.0,0.0
2022-08-03 00:00:00+08:00,2035.0,2080.0,2020.0,2065.0,811435,0.0,0.0
2022-08-04 00:00:00+08:00,2060.0,2075.0,2010.0,2040.0,687248,0.0,0.0
2022-08-05 00:00:00+08:00,2065.0,2120.0,2065.0,2100.0,696319,0.0,0.0
2022-08-08 00:00:00+08:00,2095.0,2110.0,2070.0,2080.0,408126,0.0,0.0
2022-08-09 00:00:00+08:00,2080.0,2120.0,2060.0,2115.0,488387,0.0,0.0
2022-08-10 00:00:00+08:00,2090.0,2115.0,2085.0,2090.0,404780,0.0,0.0
2022-08-11 00:00:00+08:00,2135.0,2140.0,2075.0,2080.0,693774,0.0,0.0
2022-08-12 00:00:00+08:00,2095.0,2105.0,2060.0,2070.0,474767,0.0,0.0
2022-08-15 00:00:00+08:00,2090.0,2090.0,2060.0,2070.0,348651,0.0,0.0
2022-08-16 00:00:00+08:00,2080.0,2120.0,2070.0,2105.0,564877,0.0,0.0
2022-08-17 00:00:00+08:00,2100.0,2120.0,2070.0,2075.0,676093,0.0,0.0
2022-08-18 00:00:00+08:00,2045.0,2055.0,2025.0,2035.0,581134,0.0,0.0
2022-08-19 00:00:00+08:00,2040.0,2070.0,2030.0,2060.0,448312,0.0,0.0
2022-08-22 00:00:00+08:00,2040.0,2045.0,1965.0,1970.0,550000,0.0,0.0
2022-08-23 00:00:00+08:00,1905.0,1920.0,1885.0,1910.0,582249,0.0,0.0
2022-08-24 00:00:00+08:00,1925.0,1950.0,1890.0,1900.0,554302,0.0,0.0
2022-08-25 00:00:00+08:00,1930.0,1955.0,1925.0,1945.0,273558,0.0,0.0
2022-08-26 00:00:00+08:00,1960.0,2010.0,1955.0,1985.0,797196,0.0,0.0
2022-08-29 00:00:00+08:00,1885.0,1915.0,1865.0,1895.0,856022,0.0,0.0
2022-08-30 00:00:00+08:00,1900.0,1950.0,1900.0,1945.0,708063,0.0,0.0
2022-08-31 00:00:00+08:00,1955.0,1970.0,1935.0,1955.0,563988,0.0,0.0
2022-09-01 00:00:00+08:00,1945.0,1955.0,1910.0,1935.0,490372,0.0,0.0
2022-09-02 00:00:00+08:00,1940.0,1970.0,1935.0,1950.0,522720,0.0,0.0
2022-09-05 00:00:00+08:00,1970.0,1975.0,1915.0,1925.0,458249,0.0,0.0
2022-09-06 00:00:00+08:00,1960.0,1965.0,1925.0,1930.0,590440,0.0,0.0
2022-09-07 00:00:00+08:00,1920.0,2010.0,1910.0,2005.0,865440,0.0,0.0
2022-09-08 00:00:00+08:00,2035.0,2040.0,1960.0,1970.0,758106,0.0,0.0
2022-09-12 00:00:00+08:00,1995.0,2030.0,1990.0,2000.0,536651,0.0,0.0
2022-09-13 00:00:00+08:00,2000.0,2005.0,1980.0,1980.0,391869,0.0,0.0
2022-09-14 00:00:00+08:00,1885.0,1945.0,1885.0,1940.0,819518,0.0,0.0
2022-09-15 00:00:00+08:00,1960.0,1965.0,1935.0,1935.0,340184,0.0,0.0
2022-09-16 00:00:00+08:00,1925.0,1925.0,1885.0,1895.0,985770,0.0,0.0
2022-09-19 00:00:00+08:00,1905.0,1905.0,1875.0,1880.0,493355,0.0,0.0
2022-09-20 00:00:00+08:00,1910.0,1925.0,1890.0,1915.0,449193,0.0,0.0
2022-09-21 00:00:00+08:00,1915.0,1920.0,1880.0,1890.0,449978,0.0,0.0
2022-09-22 00:00:00+08:00,1885.0,1910.0,1865.0,1900.0,339365,0.0,0.0
2022-09-23 00:00:00+08:00,1900.0,1905.0,1885.0,1885.0,320319,0.0,0.0
2022-09-26 00:00:00+08:00,1885.0,1885.0,1830.0,1845.0,470670,0.0,0.0
2022-09-27 00:00:00+08:00,1860.0,1885.0,1810.0,1880.0,630144,0.0,0.0
2022-09-28 00:00:00+08:00,1870.0,1885.0,1710.0,1710.0,1286059,0.0,0.0
2022-09-29 00:00:00+08:00,1745.0,1755.0,1695.0,1710.0,631162,0.0,0.0
2022-09-30 00:00:00+08:00,1660.0,1680.0,1620.0,1675.0,1144361,0.0,0.0
2022-10-03 00:00:00+08:00,1645.0,1680.0,1630.0,1635.0,500551,0.0,0.0
2022-10-04 00:00:00+08:00,1675.0,1715.0,1655.0,1710.0,677267,0.0,0.0
2022-10-05 00:00:00+08:00,1750.0,1770.0,1730.0,1745.0,604784,0.0,0.0
2022-10-06 00:00:00+08:00,1790.0,1850.0,1780.0,1835.0,961401,0.0,0.0
2022-10-07 00:00:00+08:00,1820.0,1850.0,1805.0,1845.0,577695,0.0,0.0
2022-10-11 00:00:00+08:00,1755.0,1765.0,1685.0,1695.0,1078332,0.0,0.0
2022-10-12 00:00:00+08:00,1715.0,1765.0,1700.0,1750.0,780103,0.0,0.0
2022-10-13 00:00:00+08:00,1750.0,1755.0,1715.0,1745.0,904442,0.0,0.0
2022-10-14 00:00:00+08:00,1815.0,1880.0,1800.0,1800.0,1929964,0.0,0.0
2022-10-17 00:00:00+08:00,1755.0,1800.0,1720.0,1800.0,984506,0.0,0.0
2022-10-18 00:00:00+08:00,1820.0,1830.0,1755.0,1765.0,671643,0.0,0.0
2022-10-19 00:00:00+08:00,1755.0,1795.0,1755.0,1780.0,588360,0.0,0.0
2022-10-20 00:00:00+08:00,1770.0,1810.0,1750.0,1805.0,813371,0.0,0.0
2022-10-21 00:00:00+08:00,1810.0,1810.0,1720.0,1725.0,691948,0.0,0.0
2022-10-24 00:00:00+08:00,1765.0,1775.0,1725.0,1730.0,545372,0.0,0.0
2022-10-25 00:00:00+08:00,1735.0,1770.0,1725.0,1755.0,584023,0.0,0.0
2022-10-26 00:00:00+08:00,1765.0,1810.0,1760.0,1810.0,795811,0.0,0.0
2022-10-27 00:00:00+08:00,1810.0,1825.0,1795.0,1820.0,518233,0.0,0.0
2022-10-28 00:00:00+08:00,1820.0,1820.0,1785.0,1810.0,271545,0.0,0.0
2022-10-31 00:00:00+08:00,1815.0,1850.0,1805.0,1850.0,622665,0.0,0.0
2022-11-01 00:00:00+08:00,1845.0,1865.0,1825.0,1845.0,366181,0.0,0.0
2022-11-02 00:00:00+08:00,1855.0,1880.0,1830.0,1880.0,392708,0.0,0.0
2022-11-03 00:00:00+08:00,1860.0,1900.0,1850.0,1895.0,462410,0.0,0.0
2022-11-04 00:00:00+08:00,1875.0,1910.0,1870.0,1905.0,446999,0.0,0.0
2022-11-07 00:00:00+08:00,1930.0,1970.0,1920.0,1925.0,852352,0.0,0.0
2022-11-08 00:00:00+08:00,1950.0,1950.0,1925.0,1930.0,495431,0.0,0.0
2022-11-09 00:00:00+08:00,1960.0,1985.0,1950.0,1955.0,536119,0.0,0.0
2022-11-10 00:00:00+08:00,1965.0,1980.0,1945.0,1965.0,400526,0.0,0.0
2022-11-11 00:00:00+08:00,2020.0,2035.0,2000.0,2030.0,1143324,0.0,0.0
2022-11-14 00:00:00+08:00,2035.0,2060.0,2020.0,2050.0,701148,0.0,0.0
2022-11-15 00:00:00+08:00,2065.0,2130.0,2055.0,2125.0,1204885,0.0,0.0
2022-11-16 00:00:00+08:00,2120.0,2130.0,2055.0,2130.0,1136025,0.0,0.0
2022-11-17 00:00:00+08:00,2130.0,2330.0,2120.0,2315.0,2598330,0.0,0.0
2022-11-18 00:00:00+08:00,2320.0,2330.0,2270.0,2280.0,914432,0.0,0.0
2022-11-21 00:00:00+08:00,2280.0,2300.0,2245.0,2270.0,685968,0.0,0.0
2022-11-22 00:00:00+08:00,2265.0,2325.0,2245.0,2275.0,750917,0.0,0.0
2022-11-23 00:00:00+08:00,2300.0,2350.0,2280.0,2280.0,1054140,0.0,0.0
2022-11-24 00:00:00+08:00,2300.0,2330.0,2285.0,2325.0,544648,0.0,0.0
2022-11-25 00:00:00+08:00,2330.0,2335.0,2255.0,2260.0,580191,0.0,0.0
2022-11-28 00:00:00+08:00,2220.0,2285.0,2215.0,2275.0,396254,0.0,0.0
2022-11-29 00:00:00+08:00,2260.0,2285.0,2255.0,2270.0,297972,0.0,0.0
2022-11-30 00:00:00+08:00,2295.0,2345.0,2275.0,2295.0,1126469,0.0,0.0
2022-12-01 00:00:00+08:00,2315.0,2340.0,2285.0,2290.0,684946,0.0,0.0
2022-12-02 00:00:00+08:00,2275.0,2295.0,2260.0,2290.0,377745,0.0,0.0
2022-12-05 00:00:00+08:00,2310.0,2315.0,2280.0,2290.0,416316,0.0,0.0
2022-12-06 00:00:00+08:00,2290.0,2335.0,2260.0,2290.0,1163411,0.0,0.0
2022-12-07 00:00:00+08:00,2290.0,2320.0,2250.0,2260.0,795069,0.0,0.0
2022-12-08 00:00:00+08:00,2280.0,2280.0,2235.0,2245.0,461818,0.0,0.0
2022-12-09 00:00:00+08:00,2270.0,2275.0,2175.0,2190.0,807910,0.0,0.0
2022-12-12 00:00:00+08:00,2160.0,2205.0,2160.0,2200.0,330361,0.0,0.0
2022-12-13 00:00:00+08:00,2215.0,2220.0,2170.0,2190.0,395380,0.0,0.0
2022-12-14 00:00:00+08:00,2215.0,2260.0,2200.0,2260.0,423194,0.0,0.0
2022-12-15 00:00:00+08:00,2250.0,2275.0,2245.0,2270.0,267603,0.0,0.0
2022-12-16 00:00:00+08:00,2225.0,2240.0,2195.0,2225.0,634693,0.0,0.0
2022-12-19 00:00:00+08:00,2225.0,2280.0,2205.0,2250.0,550248,0.0,0.0
2022-12-20 00:00:00+08:00,2245.0,2270.0,2190.0,2210.0,531251,0.0,0.0
2022-12-21 00:00:00+08:00,2215.0,2220.0,2170.0,2185.0,522439,0.0,0.0
2022-12-22 00:00:00+08:00,2200.0,2210.0,2140.0,2140.0,652697,0.0,0.0
2022-12-23 00:00:00+08:00,2130.0,2150.0,2115.0,2140.0,314288,0.0,0.0
2022-12-26 00:00:00+08:00,2160.0,2160.0,2110.0,2120.0,146374,0.0,0.0
2022-12-27 00:00:00+08:00,2130.0,2165.0,2130.0,2165.0,190969,0.0,0.0
2022-12-28 00:00:00+08:00,2145.0,2150.0,2105.0,2110.0,275648,0.0,0.0
2022-12-29 00:00:00+08:00,2075.0,2075.0,2040.0,2050.0,509610,0.0,0.0
2022-12-30 00:00:00+08:00,2065.0,2085.0,2040.0,2040.0,303129,0.0,0.0
2023-01-03 00:00:00+08:00,2040.0,2075.0,2020.0,2075.0,371626,0.0,0.0
2023-01-04 00:00:00+08:00,2055.0,2115.0,2055.0,2100.0,331378,0.0,0.0
2023-01-05 00:00:00+08:00,2115.0,2130.0,2090.0,2100.0,343404,0.0,0.0
2023-01-06 00:00:00+08:00,2075.0,2195.0,2075.0,2180.0,650437,0.0,0.0
2023-01-09 00:00:00+08:00,2200.0,2245.0,2165.0,2225.0,828361,0.0,0.0
2023-01-10 00:00:00+08:00,2200.0,2230.0,2175.0,2180.0,546587,0.0,0.0
2023-01-11 00:00:00+08:00,2185.0,2200.0,2160.0,2190.0,403655,0.0,0.0
2023-01-12 00:00:00+08:00,2175.0,2190.0,2150.0,2160.0,422877,0.0,0.0
2023-01-13 00:00:00+08:00,2100.0,2110.0,1955.0,2005.0,2304087,0.0,0.0
2023-01-16 00:00:00+08:00,2015.0,2075.0,2005.0,2050.0,953341,0.0,0.0
2023-01-17 00:00:00+08:00,2050.0,2090.0,2050.0,2075.0,499792,0.0,0.0
2023-01-30 00:00:00+08:00,2130.0,2180.0,2130.0,2165.0,719477,0.0,0.0
2023-01-31 00:00:00+08:00,2135.0,2190.0,2125.0,2125.0,595554,0.0,0.0
2023-02-01 00:00:00+08:00,2135.0,2225.0,2135.0,2215.0,835146,0.0,0.0
2023-02-02 00:00:00+08:00,2225.0,2240.0,2190.0,2220.0,413248,0.0,0.0
2023-02-03 00:00:00+08:00,2195.0,2260.0,2195.0,2245.0,484399,0.0,0.0
2023-02-06 00:00:00+08:00,2220.0,2235.0,2200.0,2215.0,444318,0.0,0.0
2023-02-07 00:00:00+08:00,2210.0,2260.0,2205.0,2215.0,584994,0.0,0.0
2023-02-08 00:00:00+08:00,2230.0,2250.0,2215.0,2235.0,302215,0.0,0.0
2023-02-09 00:00:00+08:00,2240.0,2240.0,2210.0,2210.0,198619,0.0,0.0
2023-02-10 00:00:00+08:00,2230.0,2290.0,2225.0,2255.0,824244,0.0,0.0
2023-02-13 00:00:00+08:00,2255.0,2255.0,2210.0,2210.0,308976,0.0,0.0
2023-02-14 00:00:00+08:00,2225.0,2245.0,2220.0,2225.0,262224,0.0,0.0
2023-02-15 00:00:00+08:00,2220.0,2250.0,2200.0,2240.0,288453,0.0,0.0
2023-02-16 00:00:00+08:00,2250.0,2255.0,2210.0,2215.0,301246,0.0,0.0
2023-02-17 00:00:00+08:00,2215.0,2220.0,2165.0,2165.0,386028,0.0,0.0
2023-02-20 00:00:00+08:00,2165.0,2200.0,2165.0,2190.0,237302,0.0,0.0
2023-02-21 00:00:00+08:00,2210.0,2270.0,2210.0,2260.0,480748,0.0,0.0
2023-02-22 00:00:00+08:00,2235.0,2245.0,2210.0,2210.0,329869,0.0,0.0
2023-02-23 00:00:00+08:00,2215.0,2250.0,2215.0,2225.0,285036,0.0,0.0
2023-02-24 00:00:00+08:00,2245.0,2255.0,2205.0,2205.0,405228,0.0,0.0
2023-03-01 00:00:00+08:00,2155.0,2185.0,2155.0,2165.0,556733,0.0,0.0
2023-03-02 00:00:00+08:00,2165.0,2215.0,2135.0,2210.0,482042,0.0,0.0
2023-03-03 00:00:00+08:00,2220.0,2260.0,2220.0,2230.0,578617,0.0,0.0
2023-03-06 00:00:00+08:00,2285.0,2450.0,2285.0,2450.0,1797708,0.0,0.0
2023-03-07 00:00:00+08:00,2445.0,2465.0,2400.0,2440.0,1317916,0.0,0.0
2023-03-08 00:00:00+08:00,2425.0,2495.0,2415.0,2455.0,1165953,0.0,0.0
2023-03-09 00:00:00+08:00,2495.0,2500.0,2425.0,2440.0,918349,0.0,0.0
2023-03-10 00:00:00+08:00,2415.0,2425.0,2355.0,2365.0,751183,0.0,0.0
2023-03-13 00:00:00+08:00,2365.0,2405.0,2335.0,2405.0,493604,0.0,0.0
2023-03-14 00:00:00+08:00,2370.0,2390.0,2330.0,2330.0,742750,0.0,0.0
2023-03-15 00:00:00+08:00,2350.0,2375.0,2310.0,2315.0,695480,0.0,0.0
2023-03-16 00:00:00+08:00,2280.0,2285.0,2240.0,2255.0,521241,0.0,0.0
2023-03-17 00:00:00+08:00,2275.0,2310.0,2245.0,2250.0,567004,0.0,0.0
2023-03-20 00:00:00+08:00,2250.0,2260.0,2225.0,2230.0,354073,0.0,0.0
2023-03-21 00:00:00+08:00,2255.0,2310.0,2245.0,2280.0,608984,0.0,0.0
2023-03-22 00:00:00+08:00,2310.0,2330.0,2275.0,2300.0,555812,0.0,0.0
2023-03-23 00:00:00+08:00,2315.0,2335.0,2270.0,2305.0,664278,0.0,0.0
2023-03-24 00:00:00+08:00,2315.0,2325.0,2285.0,2300.0,626746,0.0,0.0
2023-03-27 00:00:00+08:00,2315.0,2315.0,2260.0,2260.0,407945,0.0,0.0
2023-03-28 00:00:00+08:00,2265.0,2270.0,2200.0,2200.0,638532,0.0,0.0
2023-03-29 00:00:00+08:00,2210.0,2225.0,2185.0,2190.0,330031,0.0,0.0
2023-03-30 00:00:00+08:00,2210.0,2210.0,2170.0,2200.0,516078,0.0,0.0
2023-03-31 00:00:00+08:00,2195.0,2220.0,2170.0,2175.0,452275,0.0,0.0
2023-04-06 00:00:00+08:00,2180.0,2195.0,2150.0,2150.0,435474,0.0,0.0
2023-04-07 00:00:00+08:00,2150.0,2155.0,2135.0,2135.0,306762,0.0,0.0
2023-04-10 00:00:00+08:00,2150.0,2165.0,2140.0,2145.0,264070,0.0,0.0
2023-04-11 00:00:00+08:00,2165.0,2185.0,2155.0,2160.0,403972,0.0,0.0
2023-04-12 00:00:00+08:00,2175.0,2175.0,2145.0,2170.0,303674,0.0,0.0
2023-04-13 00:00:00+08:00,2160.0,2190.0,2150.0,2155.0,558395,0.0,0.0
2023-04-14 00:00:00+08:00,2120.0,2130.0,2045.0,2060.0,1652857,0.0,0.0
2023-04-17 00:00:00+08:00,2055.0,2150.0,2050.0,2125.0,998385,0.0,0.0
2023-04-18 00:00:00+08:00,2125.0,2150.0,2080.0,2085.0,826142,0.0,0.0
2023-04-19 00:00:00+08:00,2095.0,2095.0,2030.0,2030.0,821508,0.0,0.0
2023-04-20 00:00:00+08:00,2040.0,2050.0,2010.0,2015.0,837088,0.0,0.0
2023-04-21 00:00:00+08:00,2035.0,2070.0,2035.0,2040.0,561334,0.0,0.0
2023-04-24 00:00:00+08:00,2025.0,2050.0,2005.0,2045.0,410307,0.0,0.0
2023-04-25 00:00:00+08:00,2050.0,2070.0,2010.0,2010.0,682222,0.0,0.0
2023-04-26 00:00:00+08:00,2015.0,2065.0,2015.0,2055.0,742130,0.0,0.0
2023-04-27 00:00:00+08:00,2050.0,2050.0,2015.0,2025.0,502983,0.0,0.0
2023-04-28 00:00:00+08:00,2040.0,2040.0,2010.0,2010.0,335553,0.0,0.0
2023-05-02 00:00:00+08:00,2015.0,2025.0,1990.0,1990.0,528088,0.0,0.0
2023-05-03 00:00:00+08:00,1985.0,2000.0,1965.0,2000.0,667109,0.0,0.0
2023-05-04 00:00:00+08:00,2000.0,2000.0,1980.0,1990.0,318275,0.0,0.0
2023-05-05 00:00:00+08:00,2010.0,2010.0,1975.0,1975.0,469559,0.0,0.0
2023-05-08 00:00:00+08:00,2005.0,2045.0,1985.0,2000.0,532423,0.0,0.0
2023-05-09 00:00:00+08:00,2010.0,2025.0,1995.0,2015.0,399938,0.0,0.0
2023-05-10 00:00:00+08:00,2005.0,2035.0,2000.0,2025.0,501212,0.0,0.0
2023-05-11 00:00:00+08:00,2035.0,2095.0,2035.0,2075.0,878042,0.0,0.0
2023-05-12 00:00:00+08:00,2085.0,2095.0,2065.0,2095.0,477441,0.0,0.0
2023-05-15 00:00:00+08:00,2095.0,2120.0,2090.0,2110.0,472443,0.0,0.0
2023-05-16 00:00:00+08:00,2210.0,2245.0,2180.0,2190.0,1564733,0.0,0.0
2023-05-17 00:00:00+08:00,2225.0,2225.0,2175.0,2175.0,693037,0.0,0.0
2023-05-18 00:00:00+08:00,2200.0,2220.0,2195.0,2210.0,539336,0.0,0.0
2023-05-19 00:00:00+08:00,2220.0,2280.0,2210.0,2260.0,843935,0.0,0.0
2023-05-22 00:00:00+08:00,2260.0,2280.0,2225.0,2225.0,390517,0.0,0.0
2023-05-23 00:00:00+08:00,2240.0,2245.0,2215.0,2225.0,295511,0.0,0.0
2023-05-24 00:00:00+08:00,2225.0,2245.0,2210.0,2235.0,270009,0.0,0.0
2023-05-25 00:00:00+08:00,2250.0,2260.0,2240.0,2245.0,290758,0.0,0.0
2023-05-26 00:00:00+08:00,2255.0,2270.0,2200.0,2220.0,474576,0.0,0.0
2023-05-29 00:00:00+08:00,2235.0,2330.0,2230.0,2305.0,844320,0.0,0.0
2023-05-30 00:00:00+08:00,2310.0,2310.0,2255.0,2255.0,503524,0.0,0.0
2023-05-31 00:00:00+08:00,2290.0,2315.0,2265.0,2265.0,531297,0.0,0.0
2023-06-01 00:00:00+08:00,2260.0,2270.0,2240.0,2245.0,224530,0.0,0.0
2023-06-02 00:00:00+08:00,2270.0,2290.0,2255.0,2265.0,344073,0.0,0.0
2023-06-05 00:00:00+08:00,2285.0,2315.0,2285.0,2290.0,582456,0.0,0.0
2023-06-06 00:00:00+08:00,2290.0,2290.0,2220.0,2255.0,583106,0.0,0.0
2023-06-07 00:00:00+08:00,2255.0,2260.0,2220.0,2245.0,427509,0.0,0.0
2023-06-08 00:00:00+08:00,2250.0,2250.0,2195.0,2200.0,443287,0.0,0.0
2023-06-09 00:00:00+08:00,2210.0,2225.0,2190.0,2220.0,263206,0.0,0.0
2023-06-12 00:00:00+08:00,2225.0,2240.0,2200.0,2225.0,261326,0.0,0.0
2023-06-13 00:00:00+08:00,2235.0,2245.0,2215.0,2230.0,386747,0.0,0.0
2023-06-14 00:00:00+08:00,2230.0,2315.0,2225.0,2255.0,680182,0.0,0.0
2023-06-15 00:00:00+08:00,2255.0,2270.0,2235.0,2245.0,265691,0.0,0.0
2023-06-16 00:00:00+08:00,2245.0,2250.0,2190.0,2195.0,620354,0.0,0.0
2023-06-19 00:00:00+08:00,2200.0,2200.0,2145.0,2150.0,599404,0.0,0.0
2023-06-20 00:00:00+08:00,2155.0,2180.0,2135.0,2160.0,456964,0.0,0.0
2023-06-21 00:00:00+08:00,2190.0,2195.0,2130.0,2130.0,580443,0.0,0.0
2023-06-26 00:00:00+08:00,2135.0,2160.0,2125.0,2130.0,354246,0.0,0.0
2023-06-27 00:00:00+08:00,2160.0,2180.0,2135.0,2135.0,355326,0.0,0.0
2023-06-28 00:00:00+08:00,2160.0,2170.0,2135.0,2135.0,233533,0.0,0.0
2023-06-29 00:00:00+08:00,2160.0,2170.0,2125.0,2130.0,290143,0.0,0.0
2023-06-30 00:00:00+08:00,2125.0,2150.0,2110.0,2130.0,451122,0.0,0.0
2023-07-03 00:00:00+08:00,2160.0,2160.0,2130.0,2135.0,307546,0.0,0.0
2023-07-04 00:00:00+08:00,2145.0,2240.0,2145.0,2240.0,1388510,0.0,0.0
2023-07-05 00:00:00+08:00,2270.0,2270.0,2190.0,2250.0,1342628,0.0,0.0
2023-07-06 00:00:00+08:00,2250.0,2445.0,2240.0,2315.0,3866779,0.0,0.0
2023-07-07 00:00:00+08:00,2360.0,2385.0,2295.0,2340.0,1432184,0.0,0.0
2023-07-10 00:00:00+08:00,2370.0,2410.0,2345.0,2345.0,1303200,0.0,0.0
2023-07-11 00:00:00+08:00,2370.0,2385.0,2340.0,2375.0,747153,0.0,0.0
2023-07-12 00:00:00+08:00,2385.0,2400.0,2350.0,2360.0,508649,0.0,0.0
2023-07-13 00:00:00+08:00,2395.0,2445.0,2370.0,2405.0,1220458,0.0,0.0
2023-07-14 00:00:00+08:00,2360.0,2365.0,2235.0,2310.0,2259411,0.0,0.0
2023-07-17 00:00:00+08:00,2375.0,2375.0,2300.0,2305.0,786903,0.0,0.0
2023-07-18 00:00:00+08:00,2310.0,2315.0,2260.0,2280.0,853379,0.0,0.0
2023-07-19 00:00:00+08:00,2315.0,2325.0,2265.0,2270.0,711404,0.0,0.0
2023-07-20 00:00:00+08:00,2300.0,2300.0,2235.0,2240.0,675155,0.0,0.0
2023-07-21 00:00:00+08:00,2225.0,2230.0,2190.0,2200.0,646623,0.0,0.0
2023-07-24 00:00:00+08:00,2190.0,2220.0,2180.0,2195.0,474418,0.0,0.0
2023-07-25 00:00:00+08:00,2205.0,2230.0,2185.0,2185.0,472458,0.0,0.0
2023-07-26 00:00:00+08:00,2195.0,2195.0,2140.0,2140.0,581024,0.0,0.0
2023-07-27 00:00:00+08:00,2170.0,2190.0,2145.0,2165.0,366973,0.0,0.0
2023-07-28 00:00:00+08:00,2165.0,2210.0,2160.0,2170.0,420617,0.0,0.0
2023-07-31 00:00:00+08:00,2180.0,2225.0,2155.0,2175.0,766772,0.0,0.0
2023-08-01 00:00:00+08:00,2180.0,2200.0,2170.0,2190.0,309487,0.0,0.0
2023-08-02 00:00:00+08:00,2190.0,2235.0,2160.0,2160.0,640407,0.0,0.0
2023-08-04 00:00:00+08:00,2155.0,2165.0,2120.0,2145.0,458539,0.0,0.0
2023-08-07 00:00:00+08:00,2175.0,2180.0,2145.0,2150.0,293085,0.0,0.0
2023-08-08 00:00:00+08:00,2165.0,2170.0,2120.0,2130.0,427563,0.0,0.0
2023-08-09 00:00:00+08:00,2130.0,2155.0,2130.0,2135.0,211684,0.0,0.0
2023-08-10 00:00:00+08:00,2140.0,2145.0,2115.0,2125.0,379934,0.0,0.0
2023-08-11 00:00:00+08:00,2130.0,2140.0,2115.0,2115.0,290854,0.0,0.0
2023-08-14 00:00:00+08:00,2105.0,2105.0,2020.0,2090.0,711848,0.0,0.0
2023-08-15 00:00:00+08:00,2095.0,2125.0,2075.0,2090.0,302123,0.0,0.0
2023-08-16 00:00:00+08:00,2070.0,2085.0,2035.0,2040.0,583161,0.0,0.0
2023-08-17 00:00:00+08:00,2020.0,2080.0,2020.0,2050.0,494134,0.0,0.0
2023-08-18 00:00:00+08:00,2045.0,2065.0,2015.0,2025.0,444251,0.0,0.0
2023-08-21 00:00:00+08:00,2030.0,2055.0,2020.0,2025.0,240201,0.0,0.0
2023-08-22 00:00:00+08:00,2040.0,2050.0,2005.0,2020.0,690300,0.0,0.0
2023-08-23 00:00:00+08:00,2020.0,2020.0,1975.0,1975.0,775396,0.0,0.0
2023-08-24 00:00:00+08:00,1990.0,1990.0,1925.0,1930.0,1123888,0.0,0.0
2023-08-25 00:00:00+08:00,1925.0,1965.0,1925.0,1930.0,572635,0.0,0.0
2023-08-28 00:00:00+08:00,1950.0,1985.0,1945.0,1970.0,438806,0.0,0.0
2023-08-29 00:00:00+08:00,1990.0,2055.0,1975.0,2025.0,661259,0.0,0.0
2023-08-30 00:00:00+08:00,2065.0,2080.0,2035.0,2075.0,795776,0.0,0.0
2023-08-31 00:00:00+08:00,2060.0,2080.0,2040.0,2050.0,637335,0.0,0.0
2023-09-01 00:00:00+08:00,2060.0,2070.0,2045.0,2060.0,266625,0.0,0.0
2023-09-04 00:00:00+08:00,2070.0,2100.0,2065.0,2090.0,366536,0.0,0.0
2023-09-05 00:00:00+08:00,2150.0,2205.0,2130.0,2165.0,1309162,0.0,0.0
2023-09-06 00:00:00+08:00,2180.0,2185.0,2120.0,2120.0,647486,0.0,0.0
2023-09-07 00:00:00+08:00,2085.0,2110.0,2065.0,2070.0,525311,0.0,0.0
2023-09-08 00:00:00+08:00,2045.0,2045.0,1985.0,1985.0,1044760,0.0,0.0
2023-09-11 00:00:00+08:00,1995.0,2035.0,1995.0,2000.0,630350,0.0,0.0
2023-09-12 00:00:00+08:00,2015.0,2060.0,2010.0,2050.0,565060,0.0,0.0
2023-09-13 00:00:00+08:00,2045.0,2050.0,2005.0,2015.0,661507,0.0,0.0
2023-09-14 00:00:00+08:00,2030.0,2085.0,2025.0,2070.0,559740,0.0,0.0
2023-09-15 00:00:00+08:00,2080.0,2085.0,2050.0,2080.0,744542,0.0,0.0
2023-09-18 00:00:00+08:00,2065.0,2145.0,2060.0,2105.0,1096456,0.0,0.0
2023-09-19 00:00:00+08:00,2140.0,2195.0,2120.0,2125.0,981612,0.0,0.0
2023-09-20 00:00:00+08:00,2145.0,2155.0,2085.0,2095.0,591878,0.0,0.0
2023-09-21 00:00:00+08:00,2085.0,2110.0,2060.0,2065.0,492270,0.0,0.0
2023-09-22 00:00:00+08:00,2050.0,2100.0,2040.0,2095.0,414852,0.0,0.0
2023-09-25 00:00:00+08:00,2140.0,2165.0,2120.0,2150.0,640636,0.0,0.0
2023-09-26 00:00:00+08:00,2150.0,2195.0,2120.0,2125.0,1008136,0.0,0.0
2023-09-27 00:00:00+08:00,2125.0,2135.0,2085.0,2105.0,551264,0.0,0.0
2023-09-28 00:00:00+08:00,2105.0,2135.0,2090.0,2135.0,627169,0.0,0.0
2023-10-02 00:00:00+08:00,2145.0,2170.0,2120.0,2145.0,752345,0.0,0.0
2023-10-03 00:00:00+08:00,2130.0,2165.0,2130.0,2140.0,586180,0.0,0.0
2023-10-04 00:00:00+08:00,2125.0,2125.0,2065.0,2080.0,681347,0.0,0.0
2023-10-05 00:00:00+08:00,2100.0,2135.0,2095.0,2120.0,544494,0.0,0.0
2023-10-06 00:00:00+08:00,2190.0,2190.0,2090.0,2090.0,980054,0.0,0.0
2023-10-11 00:00:00+08:00,2155.0,2165.0,2110.0,2145.0,790211,0.0,0.0
2023-10-12 00:00:00+08:00,2135.0,2160.0,2105.0,2150.0,732274,0.0,0.0
2023-10-13 00:00:00+08:00,2090.0,2210.0,2055.0,2175.0,2356017,0.0,0.0
2023-10-16 00:00:00+08:00,2160.0,2165.0,2120.0,2125.0,761025,0.0,0.0
2023-10-17 00:00:00+08:00,2145.0,2145.0,2095.0,2095.0,507219,0.0,0.0
2023-10-18 00:00:00+08:00,2095.0,2110.0,2040.0,2045.0,904729,0.0,0.0
2023-10-19 00:00:00+08:00,2045.0,2060.0,2025.0,2040.0,512707,0.0,0.0
2023-10-20 00:00:00+08:00,2035.0,2040.0,2010.0,2030.0,446168,0.0,0.0
2023-10-23 00:00:00+08:00,2050.0,2050.0,2010.0,2015.0,275952,0.0,0.0
2023-10-24 00:00:00+08:00,2015.0,2025.0,1990.0,2010.0,516189,0.0,0.0
2023-10-25 00:00:00+08:00,2010.0,2020.0,2005.0,2010.0,279143,0.0,0.0
2023-10-26 00:00:00+08:00,1990.0,2025.0,1980.0,2005.0,538543,0.0,0.0
2023-10-27 00:00:00+08:00,2005.0,2025.0,1995.0,2020.0,348041,0.0,0.0
2023-10-30 00:00:00+08:00,2040.0,2075.0,2015.0,2025.0,578791,0.0,0.0
2023-10-31 00:00:00+08:00,2065.0,2130.0,2065.0,2070.0,1573288,0.0,0.0
2023-11-01 00:00:00+08:00,2070.0,2080.0,2040.0,2065.0,506435,0.0,0.0
2023-11-02 00:00:00+08:00,2095.0,2100.0,2075.0,2075.0,423964,0.0,0.0
2023-11-03 00:00:00+08:00,2100.0,2110.0,2040.0,2100.0,593359,0.0,0.0
2023-11-06 00:00:00+08:00,2130.0,2160.0,2120.0,2135.0,853513,0.0,0.0
2023-11-07 00:00:00+08:00,2130.0,2170.0,2100.0,2150.0,618779,0.0,0.0
2023-11-08 00:00:00+08:00,2145.0,2155.0,2125.0,2130.0,385885,0.0,0.0
2023-11-09 00:00:00+08:00,2135.0,2140.0,2105.0,2130.0,429016,0.0,0.0
2023-11-10 00:00:00+08:00,2110.0,2120.0,2085.0,2095.0,506351,0.0,0.0
2023-11-13 00:00:00+08:00,2120.0,2135.0,2120.0,2135.0,366594,0.0,0.0
2023-11-14 00:00:00+08:00,2135.0,2140.0,2115.0,2125.0,228201,0.0,0.0
2023-11-15 00:00:00+08:00,2140.0,2140.0,2120.0,2120.0,519855,0.0,0.0
2023-11-16 00:00:00+08:00,2115.0,2135.0,2105.0,2105.0,268364,0.0,0.0
2023-11-17 00:00:00+08:00,2110.0,2130.0,2110.0,2120.0,250185,0.0,0.0
2023-11-20 00:00:00+08:00,2135.0,2200.0,2130.0,2195.0,1178416,0.0,0.0
2023-11-21 00:00:00+08:00,2215.0,2260.0,2200.0,2245.0,1051787,0.0,0.0
2023-11-22 00:00:00+08:00,2245.0,2260.0,2220.0,2235.0,569304,0.0,0.0
2023-11-23 00:00:00+08:00,2265.0,2315.0,2260.0,2280.0,1065896,0.0,0.0
2023-11-24 00:00:00+08:00,2280.0,2290.0,2255.0,2265.0,371011,0.0,0.0
2023-11-27 00:00:00+08:00,2275.0,2300.0,2265.0,2290.0,391013,0.0,0.0
2023-11-28 00:00:00+08:00,2300.0,2310.0,2270.0,2310.0,747130,0.0,0.0
2023-11-29 00:00:00+08:00,2320.0,2410.0,2310.0,2385.0,1586480,0.0,0.0
2023-11-30 00:00:00+08:00,2385.0,2415.0,2365.0,2390.0,842414,0.0,0.0
2023-12-01 00:00:00+08:00,2390.0,2395.0,2350.0,2365.0,592098,0.0,0.0
2023-12-04 00:00:00+08:00,2395.0,2410.0,2380.0,2385.0,485544,0.0,0.0
2023-12-05 00:00:00+08:00,2385.0,2385.0,2355.0,2380.0,347429,0.0,0.0
2023-12-06 00:00:00+08:00,2380.0,2385.0,2320.0,2320.0,1027939,0.0,0.0
2023-12-07 00:00:00+08:00,2310.0,2345.0,2300.0,2310.0,547712,0.0,0.0
2023-12-08 00:00:00+08:00,2315.0,2340.0,2290.0,2290.0,551749,0.0,0.0
2023-12-11 00:00:00+08:00,2310.0,2345.0,2290.0,2340.0,463933,0.0,0.0
2023-12-12 00:00:00+08:00,2360.0,2400.0,2360.0,2375.0,825753,0.0,0.0
2023-12-13 00:00:00+08:00,2390.0,2530.0,2390.0,2530.0,2451569,0.0,0.0
2023-12-14 00:00:00+08:00,2605.0,2770.0,2590.0,2690.0,3119425,0.0,0.0
2023-12-15 00:00:00+08:00,2715.0,2725.0,2650.0,2670.0,1803369,0.0,0.0
2023-12-18 00:00:00+08:00,2670.0,2700.0,2625.0,2675.0,1029421,0.0,0.0
2023-12-19 00:00:00+08:00,2685.0,2720.0,2645.0,2690.0,955220,0.0,0.0
2023-12-20 00:00:00+08:00,2700.0,2720.0,2650.0,2670.0,793783,0.0,0.0
2023-12-21 00:00:00+08:00,2650.0,2690.0,2635.0,2680.0,825961,0.0,0.0
2023-12-22 00:00:00+08:00,2665.0,2690.0,2650.0,2650.0,421907,0.0,0.0
2023-12-25 00:00:00+08:00,2690.0,2815.0,2690.0,2795.0,1647859,0.0,0.0
2023-12-26 00:00:00+08:00,2795.0,2815.0,2750.0,2760.0,689187,0.0,0.0
2023-12-27 00:00:00+08:00,2770.0,2820.0,2740.0,2810.0,912210,0.0,0.0
2023-12-28 00:00:00+08:00,2815.0,2840.0,2780.0,2795.0,707341,0.0,0.0
2023-12-29 00:00:00+08:00,2795.0,2880.0,2790.0,2870.0,1250171,0.0,0.0
2024-01-02 00:00:00+08:00,2860.0,2860.0,2745.0,2785.0,1208345,0.0,0.0
2024-01-03 00:00:00+08:00,2725.0,2730.0,2665.0,2685.0,1371909,0.0,0.0
2024-01-04 00:00:00+08:00,2680.0,2710.0,2640.0,2650.0,954018,0.0,0.0
2024-01-05 00:00:00+08:00,2640.0,2675.0,2585.0,2595.0,1221291,0.0,0.0
2024-01-08 00:00:00+08:00,2600.0,2620.0,2550.0,2580.0,969749,0.0,0.0
2024-01-09 00:00:00+08:00,2595.0,2620.0,2555.0,2575.0,570855,0.0,0.0
2024-01-10 00:00:00+08:00,2570.0,2580.0,2505.0,2525.0,1018753,0.0,0.0
2024-01-11 00:00:00+08:00,2525.0,2565.0,2515.0,2550.0,917585,0.0,0.0
2024-01-12 00:00:00+08:00,2560.0,2650.0,2520.0,2600.0,2947289,0.0,0.0
2024-01-15 00:00:00+08:00,2640.0,2665.0,2590.0,2595.0,1042600,0.0,0.0
2024-01-16 00:00:00+08:00,2580.0,2585.0,2525.0,2580.0,1191680,0.0,0.0
2024-01-17 00:00:00+08:00,2585.0,2590.0,2490.0,2490.0,1191758,0.0,0.0
2024-01-18 00:00:00+08:00,2490.0,2520.0,2470.0,2495.0,648611,0.0,0.0
2024-01-19 00:00:00+08:00,2545.0,2565.0,2480.0,2495.0,834773,0.0,0.0
2024-01-22 00:00:00+08:00,2510.0,2525.0,2475.0,2475.0,642757,0.0,0.0
2024-01-23 00:00:00+08:00,2490.0,2545.0,2480.0,2515.0,752332,0.0,0.0
2024-01-24 00:00:00+08:00,2540.0,2575.0,2525.0,2535.0,802323,0.0,0.0
2024-01-25 00:00:00+08:00,2550.0,2550.0,2505.0,2550.0,496750,0.0,0.0
2024-01-26 00:00:00+08:00,2550.0,2550.0,2490.0,2490.0,603245,0.0,0.0
2024-01-29 00:00:00+08:00,2495.0,2555.0,2490.0,2535.0,501383,0.0,0.0
2024-01-30 00:00:00+08:00,2545.0,2545.0,2505.0,2510.0,236412,0.0,0.0
2024-01-31 00:00:00+08:00,2540.0,2565.0,2485.0,2490.0,848561,0.0,0.0
2024-02-01 00:00:00+08:00,2485.0,2500.0,2410.0,2435.0,1153104,0.0,0.0
2024-02-02 00:00:00+08:00,2450.0,2460.0,2365.0,2365.0,1699938,0.0,0.0
2024-02-05 00:00:00+08:00,2385.0,2390.0,2335.0,2355.0,776889,0.0,0.0
2024-02-15 00:00:00+08:00,2425.0,2430.0,2360.0,2405.0,890180,0.0,0.0
2024-02-16 00:00:00+08:00,2410.0,2415.0,2380.0,2390.0,442555,0.0,0.0
2024-02-19 00:00:00+08:00,2410.0,2420.0,2380.0,2395.0,561342,0.0,0.0
2024-02-20 00:00:00+08:00,2420.0,2495.0,2400.0,2460.0,1416120,0.0,0.0
2024-02-21 00:00:00+08:00,2465.0,2495.0,2430.0,2485.0,824950,0.0,0.0
2024-02-22 00:00:00+08:00,2495.0,2530.0,2480.0,2530.0,828510,0.0,0.0
2024-02-23 00:00:00+08:00,2550.0,2565.0,2515.0,2545.0,784415,0.0,0.0
2024-02-26 00:00:00+08:00,2555.0,2635.0,2535.0,2625.0,1228789,0.0,0.0
2024-02-27 00:00:00+08:00,2650.0,2665.0,2605.0,2640.0,1161827,0.0,0.0
2024-02-29 00:00:00+08:00,2630.0,2635.0,2570.0,2590.0,891540,0.0,0.0
2024-03-01 00:00:00+08:00,2595.0,2615.0,2565.0,2570.0,737834,0.0,0.0
2024-03-04 00:00:00+08:00,2570.0,2580.0,2520.0,2565.0,685802,0.0,0.0
2024-03-05 00:00:00+08:00,2545.0,2570.0,2540.0,2550.0,342043,0.0,0.0
2024-03-06 00:00:00+08:00,2565.0,2595.0,2560.0,2570.0,670450,0.0,0.0
2024-03-07 00:00:00+08:00,2570.0,2600.0,2550.0,2550.0,365106,0.0,0.0
2024-03-08 00:00:00+08:00,2550.0,2575.0,2485.0,2500.0,623673,0.0,0.0
2024-03-11 00:00:00+08:00,2515.0,2525.0,2485.0,2520.0,376634,0.0,0.0
2024-03-12 00:00:00+08:00,2530.0,2550.0,2510.0,2520.0,523811,0.0,0.0
2024-03-13 00:00:00+08:00,2520.0,2555.0,2500.0,2500.0,476539,0.0,0.0
2024-03-14 00:00:00+08:00,2505.0,2525.0,2490.0,2520.0,389519,0.0,0.0
2024-03-15 00:00:00+08:00,2515.0,2520.0,2485.0,2515.0,450838,0.0,0.0
2024-03-18 00:00:00+08:00,2515.0,2525.0,2500.0,2520.0,228773,0.0,0.0
2024-03-19 00:00:00+08:00,2515.0,2520.0,2475.0,2475.0,389502,0.0,0.0
2024-03-20 00:00:00+08:00,2465.0,2600.0,2465.0,2570.0,971070,0.0,0.0
2024-03-21 00:00:00+08:00,2540.0,2555.0,2480.0,2485.0,976473,0.0,0.0
2024-03-22 00:00:00+08:00,2485.0,2495.0,2435.0,2445.0,565755,0.0,0.0
2024-03-25 00:00:00+08:00,2445.0,2470.0,2435.0,2455.0,327035,0.0,0.0
2024-03-26 00:00:00+08:00,2470.0,2545.0,2430.0,2430.0,725697,0.0,0.0
2024-03-27 00:00:00+08:00,2430.0,2455.0,2410.0,2435.0,260428,0.0,0.0
2024-03-28 00:00:00+08:00,2435.0,2470.0,2430.0,2430.0,261708,0.0,0.0
2024-03-29 00:00:00+08:00,2425.0,2460.0,2425.0,2445.0,182000,0.0,0.0
2024-04-01 00:00:00+08:00,2460.0,2515.0,2455.0,2485.0,373128,0.0,0.0
2024-04-02 00:00:00+08:00,2515.0,2520.0,2465.0,2490.0,315008,0.0,0.0
2024-04-03 00:00:00+08:00,2495.0,2495.0,2475.0,2490.0,268424,0.0,0.0
2024-04-08 00:00:00+08:00,2405.0,2435.0,2355.0,2380.0,1166158,0.0,0.0
2024-04-09 00:00:00+08:00,2410.0,2410.0,2365.0,2380.0,597781,0.0,0.0
2024-04-10 00:00:00+08:00,2395.0,2425.0,2380.0,2380.0,480181,0.0,0.0
2024-04-11 00:00:00+08:00,2370.0,2370.0,2315.0,2315.0,908340,0.0,0.0
2024-04-12 00:00:00+08:00,2420.0,2515.0,2350.0,2350.0,1889452,0.0,0.0
2024-04-15 00:00:00+08:00,2350.0,2350.0,2295.0,2295.0,518939,0.0,0.0
2024-04-16 00:00:00+08:00,2275.0,2275.0,2215.0,2225.0,787759,0.0,0.0
2024-04-17 00:00:00+08:00,2240.0,2240.0,2200.0,2200.0,656652,0.0,0.0
2024-04-18 00:00:00+08:00,2185.0,2225.0,2180.0,2200.0,580332,0.0,0.0
2024-04-19 00:00:00+08:00,2190.0,2200.0,2100.0,2120.0,844147,0.0,0.0
2024-04-22 00:00:00+08:00,2125.0,2135.0,2090.0,2110.0,454566,0.0,0.0
2024-04-23 00:00:00+08:00,2145.0,2150.0,2110.0,2135.0,549785,0.0,0.0
2024-04-24 00:00:00+08:00,2165.0,2210.0,2155.0,2195.0,649749,0.0,0.0
2024-04-25 00:00:00+08:00,2195.0,2215.0,2165.0,2195.0,324398,0.0,0.0
2024-04-26 00:00:00+08:00,2200.0,2210.0,2165.0,2185.0,443585,0.0,0.0
2024-04-29 00:00:00+08:00,2190.0,2220.0,2190.0,2200.0,279425,0.0,0.0
2024-04-30 00:00:00+08:00,2200.0,2210.0,2185.0,2185.0,217979,0.0,0.0
2024-05-02 00:00:00+08:00,2180.0,2215.0,2170.0,2170.0,328379,0.0,0.0
2024-05-03 00:00:00+08:00,2210.0,2265.0,2210.0,2215.0,814522,0.0,0.0
2024-05-06 00:00:00+08:00,2245.0,2260.0,2230.0,2250.0,270074,0.0,0.0
2024-05-07 00:00:00+08:00,2265.0,2285.0,2245.0,2280.0,336675,0.0,0.0
2024-05-08 00:00:00+08:00,2290.0,2290.0,2225.0,2235.0,340577,0.0,0.0
2024-05-09 00:00:00+08:00,2235.0,2245.0,2200.0,2205.0,346438,0.0,0.0
2024-05-10 00:00:00+08:00,2205.0,2230.0,2205.0,2230.0,199405,0.0,0.0
2024-05-13 00:00:00+08:00,2235.0,2250.0,2215.0,2240.0,412604,0.0,0.0
2024-05-14 00:00:00+08:00,2240.0,2315.0,2240.0,2300.0,621570,0.0,0.0
2024-05-15 00:00:00+08:00,2305.0,2310.0,2255.0,2260.0,528859,0.0,0.0
2024-05-16 00:00:00+08:00,2285.0,2335.0,2285.0,2310.0,481230,0.0,0.0
2024-05-17 00:00:00+08:00,2315.0,2325.0,2290.0,2325.0,279406,0.0,0.0
2024-05-20 00:00:00+08:00,2335.0,2335.0,2295.0,2315.0,222530,0.0,0.0
2024-05-21 00:00:00+08:00,2310.0,2310.0,2220.0,2220.0,798107,0.0,0.0
2024-05-22 00:00:00+08:00,2230.0,2250.0,2225.0,2230.0,291802,0.0,0.0
2024-05-23 00:00:00+08:00,2215.0,2235.0,2180.0,2190.0,543842,0.0,0.0
2024-05-24 00:00:00+08:00,2170.0,2175.0,2145.0,2170.0,403651,0.0,0.0
2024-05-27 00:00:00+08:00,2175.0,2200.0,2160.0,2195.0,333664,0.0,0.0
2024-05-28 00:00:00+08:00,2195.0,2205.0,2185.0,2200.0,294915,0.0,0.0
2024-05-29 00:00:00+08:00,2225.0,2290.0,2220.0,2280.0,1161605,0.0,0.0
2024-05-30 00:00:00+08:00,2255.0,2255.0,2215.0,2250.0,536339,0.0,0.0
2024-05-31 00:00:00+08:00,2270.0,2305.0,2255.0,2275.0,797647,0.0,0.0
2024-06-03 00:00:00+08:00,2275.0,2300.0,2260.0,2295.0,329017,0.0,0.0
2024-06-04 00:00:00+08:00,2295.0,2305.0,2265.0,2295.0,306986,0.0,0.0
2024-06-05 00:00:00+08:00,2295.0,2335.0,2285.0,2330.0,546051,0.0,0.0
2024-06-06 00:00:00+08:00,2330.0,2415.0,2330.0,2390.0,1133611,0.0,0.0
2024-06-07 00:00:00+08:00,2410.0,2430.0,2345.0,2365.0,645955,0.0,0.0
2024-06-11 00:00:00+08:00,2360.0,2360.0,2215.0,2215.0,1076915,0.0,0.0
2024-06-12 00:00:00+08:00,2325.0,2370.0,2305.0,2360.0,1198161,0.0,0.0
2024-06-13 00:00:00+08:00,2375.0,2395.0,2330.0,2380.0,1009878,0.0,0.0
2024-06-14 00:00:00+08:00,2380.0,2520.0,2380.0,2520.0,2047731,0.0,0.0
2024-06-17 00:00:00+08:00,2520.0,2670.0,2510.0,2610.0,2109532,0.0,0.0
2024-06-18 00:00:00+08:00,2640.0,2700.0,2625.0,2660.0,1717542,0.0,0.0
2024-06-19 00:00:00+08:00,2690.0,2690.0,2630.0,2635.0,1016574,0.0,0.0
2024-06-20 00:00:00+08:00,2655.0,2665.0,2630.0,2650.0,452773,0.0,0.0
2024-06-21 00:00:00+08:00,2600.0,2615.0,2560.0,2595.0,1530494,0.0,0.0
2024-06-24 00:00:00+08:00,2600.0,2635.0,2585.0,2605.0,647768,0.0,0.0
2024-06-25 00:00:00+08:00,2615.0,2720.0,2600.0,2720.0,1621449,0.0,0.0
2024-06-26 00:00:00+08:00,2760.0,2805.0,2715.0,2740.0,1595207,0.0,0.0
2024-06-27 00:00:00+08:00,2715.0,2730.0,2675.0,2710.0,883196,0.0,0.0
2024-06-28 00:00:00+08:00,2700.0,2755.0,2700.0,2745.0,966977,0.0,0.0
2024-07-01 00:00:00+08:00,2755.0,2760.0,2690.0,2700.0,526230,0.0,0.0
2024-07-02 00:00:00+08:00,2705.0,2720.0,2655.0,2675.0,599190,0.0,0.0
2024-07-03 00:00:00+08:00,2695.0,2735.0,2655.0,2670.0,496393,0.0,0.0
2024-07-04 00:00:00+08:00,2715.0,2895.0,2715.0,2840.0,2222772,0.0,0.0
2024-07-05 00:00:00+08:00,2850.0,2970.0,2850.0,2895.0,1686584,0.0,0.0
2024-07-08 00:00:00+08:00,2965.0,3110.0,2935.0,3030.0,2542654,0.0,0.0
2024-07-09 00:00:00+08:00,3035.0,3140.0,3010.0,3115.0,2082132,0.0,0.0
2024-07-10 00:00:00+08:00,3150.0,3150.0,3075.0,3110.0,1258196,0.0,0.0
2024-07-11 00:00:00+08:00,3125.0,3225.0,3090.0,3200.0,1539847,0.0,0.0
2024-07-12 00:00:00+08:00,2980.0,3115.0,2935.0,3065.0,2992551,0.0,0.0
2024-07-15 00:00:00+08:00,3130.0,3195.0,3110.0,3120.0,1420118,0.0,0.0
2024-07-16 00:00:00+08:00,3170.0,3180.0,3110.0,3125.0,707797,0.0,0.0
2024-07-17 00:00:00+08:00,3110.0,3120.0,3055.0,3065.0,728770,0.0,0.0
2024-07-18 00:00:00+08:00,2995.0,3085.0,2995.0,3010.0,1089201,0.0,0.0
2024-07-19 00:00:00+08:00,2995.0,3005.0,2865.0,2900.0,2118394,0.0,0.0
2024-07-22 00:00:00+08:00,2870.0,2900.0,2760.0,2830.0,1617019,0.0,0.0
2024-07-23 00:00:00+08:00,2875.0,2890.0,2825.0,2845.0,596968,0.0,0.0
2024-07-24 00:00:00+08:00,2845.0,2845.0,2845.0,2845.0,0,0.0,0.0
2024-07-26 00:00:00+08:00,2740.0,2800.0,2710.0,2770.0,899417,0.0,0.0
2024-07-29 00:00:00+08:00,2820.0,2845.0,2750.0,2775.0,1030404,0.0,0.0
2024-07-30 00:00:00+08:00,2810.0,2920.0,2770.0,2915.0,1094030,0.0,0.0
2024-07-31 00:00:00+08:00,2875.0,2885.0,2795.0,2815.0,1395840,0.0,0.0
2024-08-01 00:00:00+08:00,2860.0,2870.0,2800.0,2870.0,1190857,0.0,0.0
2024-08-02 00:00:00+08:00,2790.0,2820.0,2745.0,2770.0,946848,0.0,0.0
2024-08-05 00:00:00+08:00,2660.0,2675.0,2540.0,2575.0,1662446,0.0,0.0
2024-08-06 00:00:00+08:00,2735.0,2740.0,2580.0,2685.0,1554850,0.0,0.0
2024-08-07 00:00:00+08:00,2730.0,2825.0,2700.0,2790.0,910839,0.0,0.0
2024-08-08 00:00:00+08:00,2740.0,2775.0,2690.0,2745.0,642270,0.0,0.0
2024-08-09 00:00:00+08:00,2805.0,2845.0,2760.0,2790.0,668479,0.0,0.0
