Date,Open,High,Low,Close,Volume,Dividends,Stock Splits
2004-09-27 00:00:00+08:00,31.77,33.11,31.01,31.01,1096168,0.0,0.0
2004-09-28 00:00:00+08:00,31.01,31.01,31.01,31.01,0,0.0,0.0
2004-09-29 00:00:00+08:00,31.2,31.77,29.11,29.68,981517,0.0,0.0
2004-09-30 00:00:00+08:00,30.06,31.2,30.06,30.63,869440,0.0,0.0
2004-10-01 00:00:00+08:00,30.63,32.73,30.63,32.73,1244833,0.0,0.0
2004-10-04 00:00:00+08:00,34.06,34.25,33.11,33.3,1055907,0.0,0.0
2004-10-05 00:00:00+08:00,33.3,34.25,32.92,34.06,769555,0.0,0.0
2004-10-06 00:00:00+08:00,34.82,35.77,34.63,34.63,919451,0.0,0.0
2004-10-07 00:00:00+08:00,35.77,35.77,33.68,34.44,896285,0.0,0.0
2004-10-08 00:00:00+08:00,34.25,35.2,34.06,35.01,595166,0.0,0.0
2004-10-11 00:00:00+08:00,34.25,35.01,34.06,34.44,507816,0.0,0.0
2004-10-12 00:00:00+08:00,34.06,34.44,32.16,32.73,1107062,0.0,0.0
2004-10-13 00:00:00+08:00,32.35,32.73,31.58,31.96,469937,0.0,0.0
2004-10-14 00:00:00+08:00,31.2,32.54,31.2,32.16,433992,0.0,0.0
2004-10-15 00:00:00+08:00,32.16,32.54,31.58,31.77,514473,0.0,0.0
2004-10-18 00:00:00+08:00,31.96,31.96,31.2,31.58,225944,0.0,0.0
2004-10-19 00:00:00+08:00,31.77,33.11,31.77,32.92,664412,0.0,0.0
2004-10-20 00:00:00+08:00,32.73,32.73,32.54,32.54,277586,0.0,0.0
2004-10-21 00:00:00+08:00,32.54,32.92,31.96,31.96,309890,0.0,0.0
2004-10-22 00:00:00+08:00,32.92,32.92,32.16,32.35,171136,0.0,0.0
2004-10-25 00:00:00+08:00,32.35,32.35,32.35,32.35,0,0.0,0.0
2004-10-26 00:00:00+08:00,31.77,31.96,30.44,30.63,436229,0.0,0.0
2004-10-27 00:00:00+08:00,30.63,31.2,30.06,30.82,334443,0.0,0.0
2004-10-28 00:00:00+08:00,31.58,32.35,31.58,32.35,508005,0.0,0.0
2004-10-29 00:00:00+08:00,32.35,32.35,31.58,31.96,171136,0.0,0.0
2004-11-01 00:00:00+08:00,31.96,31.96,30.82,30.82,265094,0.0,0.0
2004-11-02 00:00:00+08:00,30.82,31.77,30.82,31.58,626381156,0.0,0.0
2004-11-03 00:00:00+08:00,31.77,33.11,31.77,32.73,538278,0.0,0.0
2004-11-04 00:00:00+08:00,32.73,32.73,31.39,31.39,651185,0.0,0.0
2004-11-05 00:00:00+08:00,32.16,32.16,31.01,31.39,710835,0.0,0.0
2004-11-08 00:00:00+08:00,31.01,31.2,30.82,31.2,201053,0.0,0.0
2004-11-09 00:00:00+08:00,31.77,31.77,30.82,31.2,418445,0.0,0.0
2004-11-10 00:00:00+08:00,31.39,31.77,31.2,31.77,462316,0.0,0.0
2004-11-11 00:00:00+08:00,31.39,32.16,31.39,31.58,435699,0.0,0.0
2004-11-12 00:00:00+08:00,31.96,32.73,31.96,32.35,720708,0.0,0.0
2004-11-15 00:00:00+08:00,32.73,32.73,30.82,31.39,744748,0.0,0.0
2004-11-16 00:00:00+08:00,31.2,31.39,31.01,31.01,245258,0.0,0.0
2004-11-17 00:00:00+08:00,31.39,31.96,31.2,31.58,967126,0.0,0.0
2004-11-18 00:00:00+08:00,31.58,31.77,30.63,30.82,1595443,0.0,0.0
2004-11-19 00:00:00+08:00,30.44,31.01,30.25,30.82,916358,0.0,0.0
2004-11-22 00:00:00+08:00,30.63,31.2,30.25,30.82,695432,0.0,0.0
2004-11-23 00:00:00+08:00,31.2,31.39,30.63,30.63,593566,0.0,0.0
2004-11-24 00:00:00+08:00,30.82,30.82,30.06,30.06,725171,0.0,0.0
2004-11-25 00:00:00+08:00,30.06,30.06,29.11,29.3,702096,0.0,0.0
2004-11-26 00:00:00+08:00,29.3,29.68,28.54,28.54,724468,0.0,0.0
2004-11-29 00:00:00+08:00,28.54,28.54,27.02,27.21,863455,0.0,0.0
2004-11-30 00:00:00+08:00,27.21,28.35,27.21,27.97,1022956,0.0,0.0
2004-12-01 00:00:00+08:00,28.16,28.35,27.78,27.78,380574,0.0,0.0
2004-12-02 00:00:00+08:00,28.35,28.35,27.78,28.16,400828,0.0,0.0
2004-12-03 00:00:00+08:00,28.35,29.11,28.16,28.54,470074,0.0,0.0
2004-12-06 00:00:00+08:00,28.54,28.73,28.35,28.73,228485,0.0,0.0
2004-12-07 00:00:00+08:00,28.73,28.92,28.35,28.92,617440,0.0,0.0
2004-12-08 00:00:00+08:00,28.92,28.92,28.35,28.54,450810,0.0,0.0
2004-12-09 00:00:00+08:00,28.35,28.92,28.35,28.73,386455,0.0,0.0
2004-12-10 00:00:00+08:00,28.92,29.68,28.92,29.11,535931,0.0,0.0
2004-12-13 00:00:00+08:00,29.11,29.49,28.54,28.92,425355,0.0,0.0
2004-12-14 00:00:00+08:00,29.11,29.49,28.92,29.49,339168,0.0,0.0
2004-12-15 00:00:00+08:00,29.49,30.82,29.49,30.63,1103164,0.0,0.0
2004-12-16 00:00:00+08:00,30.82,31.01,30.63,30.82,398683,0.0,0.0
2004-12-17 00:00:00+08:00,30.82,31.39,30.82,31.01,864091,0.0,0.0
2004-12-20 00:00:00+08:00,30.63,31.01,30.63,30.63,323633,0.0,0.0
2004-12-21 00:00:00+08:00,30.63,30.82,30.44,30.63,161387,0.0,0.0
2004-12-22 00:00:00+08:00,30.82,31.58,30.82,30.82,1133142207,0.0,0.0
2004-12-23 00:00:00+08:00,30.63,30.82,30.25,30.25,343404,0.0,0.0
2004-12-24 00:00:00+08:00,30.44,31.2,30.25,30.82,444301,0.0,0.0
2004-12-27 00:00:00+08:00,30.82,30.82,30.25,30.44,340048,0.0,0.0
2004-12-28 00:00:00+08:00,30.44,30.44,30.06,30.25,117446,0.0,0.0
2004-12-29 00:00:00+08:00,30.44,30.82,30.06,30.25,356813,0.0,0.0
2004-12-30 00:00:00+08:00,30.44,30.44,29.49,30.25,541014,0.0,0.0
2004-12-31 00:00:00+08:00,30.25,30.25,29.87,30.25,255192,0.0,0.0
2005-01-03 00:00:00+08:00,30.44,31.2,30.44,30.44,747184,0.0,0.0
2005-01-04 00:00:00+08:00,30.44,30.63,30.25,30.44,121509,0.0,0.0
2005-01-05 00:00:00+08:00,30.44,30.82,30.44,30.44,288265895,0.0,0.0
2005-01-06 00:00:00+08:00,30.44,30.82,30.25,30.25,183272,0.0,0.0
2005-01-07 00:00:00+08:00,30.44,30.63,30.06,30.25,374281,0.0,0.0
2005-01-10 00:00:00+08:00,30.44,30.63,29.68,29.68,662685,0.0,0.0
2005-01-11 00:00:00+08:00,29.68,29.68,27.78,27.78,1289977,0.0,0.0
2005-01-12 00:00:00+08:00,27.4,28.73,27.21,28.16,723971,0.0,0.0
2005-01-13 00:00:00+08:00,28.35,28.92,28.16,28.16,415207,0.0,0.0
2005-01-14 00:00:00+08:00,28.54,29.3,28.35,28.92,437152,0.0,0.0
2005-01-17 00:00:00+08:00,29.87,29.87,28.73,28.73,248492,0.0,0.0
2005-01-18 00:00:00+08:00,28.92,28.92,28.54,28.92,116176,0.0,0.0
2005-01-19 00:00:00+08:00,29.11,29.11,28.54,28.54,87245,0.0,0.0
2005-01-20 00:00:00+08:00,28.54,29.3,28.35,28.73,248165,0.0,0.0
2005-01-21 00:00:00+08:00,28.35,28.73,28.35,28.35,153557,0.0,0.0
2005-01-24 00:00:00+08:00,28.35,28.35,27.97,27.97,195740,0.0,0.0
2005-01-25 00:00:00+08:00,27.97,29.11,27.97,28.54,387062,0.0,0.0
2005-01-26 00:00:00+08:00,28.92,28.92,28.35,28.35,211800,0.0,0.0
2005-01-27 00:00:00+08:00,28.35,28.73,28.35,28.35,151716,0.0,0.0
2005-01-28 00:00:00+08:00,28.16,29.68,28.16,29.11,388970,0.0,0.0
2005-01-31 00:00:00+08:00,29.11,31.01,29.11,31.01,1391607,0.0,0.0
2005-02-01 00:00:00+08:00,31.2,31.2,30.25,30.25,409962,0.0,0.0
2005-02-02 00:00:00+08:00,30.44,30.82,29.68,29.87,1021986,0.0,0.0
2005-02-03 00:00:00+08:00,30.25,30.44,29.68,29.87,519084,0.0,0.0
2005-02-04 00:00:00+08:00,29.87,29.87,29.87,29.87,0,0.0,0.0
2005-02-14 00:00:00+08:00,31.01,31.2,29.68,30.06,756132,0.0,0.0
2005-02-15 00:00:00+08:00,30.06,30.06,29.49,30.06,635336,0.0,0.0
2005-02-16 00:00:00+08:00,30.06,31.58,29.87,31.2,2186888,0.0,0.0
2005-02-17 00:00:00+08:00,31.2,33.11,30.82,32.92,3071829,0.0,0.0
2005-02-18 00:00:00+08:00,33.49,35.01,33.49,34.06,3801221,0.0,0.0
2005-02-21 00:00:00+08:00,34.25,34.63,33.11,33.3,1772796,0.0,0.0
2005-02-22 00:00:00+08:00,33.49,34.63,32.92,33.87,2294112,0.0,0.0
2005-02-23 00:00:00+08:00,33.49,35.2,33.49,34.25,2486588,0.0,0.0
2005-02-24 00:00:00+08:00,34.44,34.44,32.92,33.11,2373505,0.0,0.0
2005-02-25 00:00:00+08:00,33.87,34.06,33.11,33.11,1539306,0.0,0.0
2005-02-28 00:00:00+08:00,33.11,33.11,33.11,33.11,0,0.0,0.0
2005-03-01 00:00:00+08:00,33.11,33.68,33.11,33.6,891084,0.0,0.0
2005-03-02 00:00:00+08:00,33.6,34.97,33.53,33.68,2482363,0.0,0.0
2005-03-03 00:00:00+08:00,33.87,34.78,33.87,34.36,1322909,0.0,0.0
2005-03-04 00:00:00+08:00,34.36,36.72,34.06,35.24,3788523,0.0,0.0
2005-03-07 00:00:00+08:00,35.69,35.69,34.44,34.78,1244983,0.0,0.0
2005-03-08 00:00:00+08:00,34.86,35.39,34.32,34.32,1381224,0.0,0.0
2005-03-09 00:00:00+08:00,34.29,35.69,34.25,34.63,1570218,0.0,0.0
2005-03-10 00:00:00+08:00,34.9,35.35,34.44,34.67,850653,0.0,0.0
2005-03-11 00:00:00+08:00,35.01,35.35,34.55,34.78,940541,0.0,0.0
2005-03-14 00:00:00+08:00,34.55,34.63,33.49,33.49,874440,0.0,0.0
2005-03-15 00:00:00+08:00,33.11,33.11,31.2,31.24,1970035,0.0,0.0
2005-03-16 00:00:00+08:00,30.82,31.81,30.82,31.66,1094407569,0.0,0.0
2005-03-17 00:00:00+08:00,31.2,31.93,31.2,31.62,803315,0.0,0.0
2005-03-18 00:00:00+08:00,31.58,31.77,31.28,31.74,402344,0.0,0.0
2005-03-21 00:00:00+08:00,31.58,32.16,31.51,31.58,957939,0.0,0.0
2005-03-22 00:00:00+08:00,31.58,31.85,30.94,31.09,585509,0.0,0.0
2005-03-23 00:00:00+08:00,30.86,31.89,30.79,31.81,811112,0.0,0.0
2005-03-24 00:00:00+08:00,32.16,32.16,31.28,31.39,486861,0.0,0.0
2005-03-25 00:00:00+08:00,31.39,31.89,31.39,31.66,389287,0.0,0.0
2005-03-28 00:00:00+08:00,31.74,32.61,31.74,32.16,827547,0.0,0.0
2005-03-29 00:00:00+08:00,32.16,32.16,31.05,31.13,604200,0.0,0.0
2005-03-30 00:00:00+08:00,31.39,31.39,30.44,30.63,615969,0.0,0.0
2005-03-31 00:00:00+08:00,31.01,31.96,31.01,31.96,1150643,0.0,0.0
2005-04-01 00:00:00+08:00,31.96,31.96,31.05,31.74,478010,0.0,0.0
2005-04-04 00:00:00+08:00,31.62,31.62,31.09,31.17,746065,0.0,0.0
2005-04-05 00:00:00+08:00,31.17,31.17,31.17,31.17,0,0.0,0.0
2005-04-06 00:00:00+08:00,31.2,31.47,31.01,31.05,225499,0.0,0.0
2005-04-07 00:00:00+08:00,30.75,31.17,30.67,30.67,512432,0.0,0.0
2005-04-08 00:00:00+08:00,31.01,31.32,30.9,31.17,371613,0.0,0.0
2005-04-11 00:00:00+08:00,31.28,32.8,31.01,32.27,1537206,0.0,0.0
2005-04-12 00:00:00+08:00,32.65,32.65,31.89,32.16,556974,0.0,0.0
2005-04-13 00:00:00+08:00,32.35,32.54,31.96,32.16,319902,0.0,0.0
2005-04-14 00:00:00+08:00,31.74,32.46,31.74,32.16,629959,0.0,0.0
2005-04-15 00:00:00+08:00,32.16,33.49,32.16,32.65,1844727,0.0,0.0
2005-04-18 00:00:00+08:00,32.35,32.46,31.62,31.62,738553,0.0,0.0
2005-04-19 00:00:00+08:00,31.7,32.27,31.7,32.04,386678,0.0,0.0
2005-04-20 00:00:00+08:00,32.73,34.25,32.73,33.6,3651596,0.0,0.0
2005-04-21 00:00:00+08:00,33.64,34.36,33.11,33.64,2900392,0.0,0.0
2005-04-22 00:00:00+08:00,34.36,35.01,33.94,33.94,3378564,0.0,0.0
2005-04-25 00:00:00+08:00,34.25,34.86,33.6,34.74,2057941,0.0,0.0
2005-04-26 00:00:00+08:00,35.2,36.26,34.93,35.5,4247246,0.0,0.0
2005-04-27 00:00:00+08:00,35.5,35.88,35.05,35.62,1405177,0.0,0.0
2005-04-28 00:00:00+08:00,35.62,37.86,35.28,37.29,3521323,0.0,0.0
2005-04-29 00:00:00+08:00,37.14,37.71,36.61,37.29,3018853,0.0,0.0
2005-05-02 00:00:00+08:00,37.29,37.29,37.29,37.29,0,0.0,0.0
2005-05-03 00:00:00+08:00,37.29,37.29,35.43,35.66,2803041,0.0,0.0
2005-05-04 00:00:00+08:00,35.58,36.49,34.63,34.63,2497532,0.0,0.0
2005-05-05 00:00:00+08:00,35.2,36.07,34.82,35.62,2825799,0.0,0.0
2005-05-06 00:00:00+08:00,35.96,36.46,35.39,36.34,1648452,0.0,0.0
2005-05-09 00:00:00+08:00,35.88,36.34,35.69,35.88,964743,0.0,0.0
2005-05-10 00:00:00+08:00,36.23,37.14,36.23,36.34,2238624,0.0,0.0
2005-05-11 00:00:00+08:00,36.34,36.65,36.0,36.23,658018,0.0,0.0
2005-05-12 00:00:00+08:00,36.23,36.46,35.62,36.0,832495,0.0,0.0
2005-05-13 00:00:00+08:00,36.46,36.46,35.05,35.39,1481434,0.0,0.0
2005-05-16 00:00:00+08:00,35.88,35.88,34.9,35.05,1035125,0.0,0.0
2005-05-17 00:00:00+08:00,35.2,35.5,35.09,35.2,523266,0.0,0.0
2005-05-18 00:00:00+08:00,35.2,36.26,35.2,35.96,974883,0.0,0.0
2005-05-19 00:00:00+08:00,36.34,37.18,36.15,36.34,2121386,0.0,0.0
2005-05-20 00:00:00+08:00,36.53,37.03,36.0,36.0,1616256,0.0,0.0
2005-05-23 00:00:00+08:00,35.58,35.96,34.86,35.01,1406242,0.0,0.0
2005-05-24 00:00:00+08:00,35.01,35.35,34.78,35.01,741318,0.0,0.0
2005-05-25 00:00:00+08:00,35.01,35.66,34.93,34.97,761725,0.0,0.0
2005-05-26 00:00:00+08:00,35.01,35.69,35.01,35.69,770861,0.0,0.0
2005-05-27 00:00:00+08:00,35.96,36.3,35.77,35.81,687238,0.0,0.0
2005-05-30 00:00:00+08:00,35.88,35.96,35.43,35.58,551310,0.0,0.0
2005-05-31 00:00:00+08:00,35.43,36.72,35.12,36.72,1100135,0.0,0.0
2005-06-01 00:00:00+08:00,36.53,39.0,36.34,37.9,4409888,0.0,0.0
2005-06-02 00:00:00+08:00,38.05,38.81,37.52,38.43,2086580,0.0,0.0
2005-06-03 00:00:00+08:00,38.81,38.81,37.86,37.86,1564656,0.0,0.0
2005-06-06 00:00:00+08:00,37.86,38.62,37.67,37.86,1399726,0.0,0.0
2005-06-07 00:00:00+08:00,37.86,38.05,36.91,37.06,1730416,0.0,0.0
2005-06-08 00:00:00+08:00,36.91,37.9,36.91,37.79,1229745,0.0,0.0
2005-06-09 00:00:00+08:00,37.67,37.86,37.18,37.18,928342,0.0,0.0
2005-06-10 00:00:00+08:00,37.29,37.29,36.53,36.53,1446349,0.0,0.0
2005-06-13 00:00:00+08:00,36.53,36.87,36.49,36.57,582439,0.0,0.0
2005-06-14 00:00:00+08:00,36.57,37.25,36.53,36.65,838490,0.0,0.0
2005-06-15 00:00:00+08:00,37.1,37.18,36.72,36.76,535822,0.0,0.0
2005-06-16 00:00:00+08:00,37.03,37.48,36.72,37.22,1516263,0.0,0.0
2005-06-17 00:00:00+08:00,37.48,37.48,36.95,36.95,1145893,0.0,0.0
2005-06-20 00:00:00+08:00,37.03,37.18,36.8,36.84,529037,0.0,0.0
2005-06-21 00:00:00+08:00,36.84,37.03,36.65,36.91,513282,0.0,0.0
2005-06-22 00:00:00+08:00,37.29,37.79,37.06,37.75,1195070,0.0,0.0
2005-06-23 00:00:00+08:00,37.98,37.98,37.41,37.48,888747,0.0,0.0
2005-06-24 00:00:00+08:00,36.99,37.29,36.72,36.72,832168,0.0,0.0
2005-06-27 00:00:00+08:00,36.53,36.91,36.46,36.84,528953,0.0,0.0
2005-06-28 00:00:00+08:00,36.84,37.06,36.61,36.61,400112,0.0,0.0
2005-06-29 00:00:00+08:00,36.72,37.06,35.66,35.77,1049507,0.0,0.0
2005-06-30 00:00:00+08:00,35.96,36.15,35.69,35.77,340926,0.0,0.0
2005-07-01 00:00:00+08:00,36.07,36.26,35.69,36.15,348621,0.0,0.0
2005-07-04 00:00:00+08:00,36.15,36.65,35.85,36.53,447053,0.0,0.0
2005-07-05 00:00:00+08:00,36.68,36.91,36.38,36.68,445706,0.0,0.0
2005-07-06 00:00:00+08:00,36.57,37.29,36.57,37.1,1141339,0.0,0.0
2005-07-07 00:00:00+08:00,37.29,37.86,36.91,36.91,854826,0.0,0.0
2005-07-08 00:00:00+08:00,36.91,37.37,36.91,37.03,450924,0.0,0.0
2005-07-11 00:00:00+08:00,37.6,37.6,37.18,37.29,595297,0.0,0.0
2005-07-12 00:00:00+08:00,37.6,37.83,37.37,37.41,836337,0.0,0.0
2005-07-13 00:00:00+08:00,37.48,37.56,37.22,37.22,904643,0.0,0.0
2005-07-14 00:00:00+08:00,37.29,39.77,37.29,39.77,3846466,0.0,0.0
2005-07-15 00:00:00+08:00,40.34,40.91,39.58,40.72,2441412,0.0,0.0
2005-07-18 00:00:00+08:00,40.72,40.72,40.72,40.72,0,0.0,0.0
2005-07-19 00:00:00+08:00,40.72,40.72,39.58,39.58,1626682,0.0,0.0
2005-07-20 00:00:00+08:00,40.15,40.53,39.0,39.0,1541165,0.0,0.0
2005-07-21 00:00:00+08:00,39.2,39.96,38.81,39.58,1138005,0.0,0.0
2005-07-22 00:00:00+08:00,39.39,41.67,39.2,39.96,2016212,0.0,0.0
2005-07-25 00:00:00+08:00,39.96,41.1,39.96,40.34,731611,0.0,0.0
2005-07-26 00:00:00+08:00,40.34,42.62,40.34,41.86,2484427,0.0,0.0
2005-07-27 00:00:00+08:00,42.24,44.33,41.1,43.76,3283974,0.0,0.0
2005-07-28 00:00:00+08:00,44.71,46.43,44.14,45.66,2888927,0.0,0.0
2005-07-29 00:00:00+08:00,45.66,46.43,43.76,43.76,1691674,0.0,0.0
2005-08-01 00:00:00+08:00,43.76,45.66,43.38,45.28,2398792,0.0,0.0
2005-08-02 00:00:00+08:00,45.66,46.62,42.24,42.81,2645702,0.0,0.0
2005-08-03 00:00:00+08:00,43.0,45.28,43.0,45.28,1933521091,0.0,0.0
2005-08-04 00:00:00+08:00,45.28,45.66,43.95,44.52,1780068,0.0,0.0
2005-08-05 00:00:00+08:00,44.52,44.52,44.52,44.52,0,0.0,0.0
2005-08-08 00:00:00+08:00,43.76,45.28,43.38,44.14,1267140,0.0,0.0
2005-08-09 00:00:00+08:00,43.76,45.09,43.76,44.14,1147237,0.0,0.0
2005-08-10 00:00:00+08:00,44.52,44.71,41.1,41.1,2833867339,0.0,0.0
2005-08-11 00:00:00+08:00,41.1,41.67,38.24,39.2,3428323,0.0,0.0
2005-08-12 00:00:00+08:00,39.58,40.34,39.0,39.0,1910466,0.0,0.0
2005-08-15 00:00:00+08:00,39.0,39.2,37.33,38.43,1048701,0.0,0.0
2005-08-16 00:00:00+08:00,38.43,38.62,37.86,38.43,527136,0.0,0.0
2005-08-17 00:00:00+08:00,38.43,39.0,37.9,38.43,445337,0.0,0.0
2005-08-18 00:00:00+08:00,38.81,39.58,38.05,38.05,1194917,0.0,0.0
2005-08-19 00:00:00+08:00,38.05,38.43,36.91,36.91,865265,0.0,0.0
2005-08-22 00:00:00+08:00,36.91,37.63,36.91,37.29,404911,0.0,0.0
2005-08-23 00:00:00+08:00,37.98,37.98,37.48,37.6,403792,0.0,0.0
2005-08-24 00:00:00+08:00,37.6,37.86,36.53,36.53,651485,0.0,0.0
2005-08-25 00:00:00+08:00,36.19,36.91,35.58,35.81,1113695,0.0,0.0
2005-08-26 00:00:00+08:00,36.15,36.15,35.16,35.43,735254,0.0,0.0
2005-08-29 00:00:00+08:00,35.43,35.73,34.55,34.59,739736,0.0,0.0
2005-08-30 00:00:00+08:00,34.82,35.2,34.29,34.82,576266,0.0,0.0
2005-08-31 00:00:00+08:00,35.01,35.24,33.53,34.25,870293,0.0,0.0
2005-09-01 00:00:00+08:00,34.25,34.25,34.25,34.25,0,0.0,0.0
2005-09-02 00:00:00+08:00,34.7,34.86,33.6,34.25,1178940,0.0,0.0
2005-09-05 00:00:00+08:00,34.25,34.25,33.64,33.83,548324,0.0,0.0
2005-09-06 00:00:00+08:00,33.87,35.09,33.87,35.01,1338891,0.0,0.0
2005-09-07 00:00:00+08:00,35.2,35.58,35.01,35.54,3039071,0.0,0.0
2005-09-08 00:00:00+08:00,39.41,40.41,39.27,39.7,2815956,2.71,1.09
2005-09-09 00:00:00+08:00,40.27,40.27,39.6,39.6,553704,0.0,0.0
2005-09-12 00:00:00+08:00,39.7,39.79,39.22,39.65,569306,0.0,0.0
2005-09-13 00:00:00+08:00,39.89,39.93,39.03,39.17,377821,0.0,0.0
2005-09-14 00:00:00+08:00,39.17,39.65,39.17,39.32,250780,0.0,0.0
2005-09-15 00:00:00+08:00,39.13,39.6,38.51,38.89,337067,0.0,0.0
2005-09-16 00:00:00+08:00,38.98,39.27,38.41,38.56,592248,0.0,0.0
2005-09-19 00:00:00+08:00,39.13,39.32,38.65,39.27,264661,0.0,0.0
2005-09-20 00:00:00+08:00,39.27,41.93,39.27,41.74,1233542,0.0,0.0
2005-09-21 00:00:00+08:00,41.5,41.65,40.65,40.69,818305,0.0,0.0
2005-09-22 00:00:00+08:00,39.79,40.41,39.79,39.79,314347091,0.0,0.0
2005-09-23 00:00:00+08:00,39.93,39.93,38.75,39.13,339626,0.0,0.0
2005-09-26 00:00:00+08:00,39.7,39.7,39.22,39.46,204511,0.0,0.0
2005-09-27 00:00:00+08:00,39.46,39.89,39.32,39.51,208212,0.0,0.0
2005-09-28 00:00:00+08:00,40.17,40.41,39.7,40.17,263789,0.0,0.0
2005-09-29 00:00:00+08:00,41.73,42.9,41.63,42.22,629718,0.0,0.0
2005-09-30 00:00:00+08:00,42.61,42.95,42.22,42.95,812974,0.0,0.0
2005-10-03 00:00:00+08:00,43.1,44.22,42.85,42.85,1597202,0.0,0.0
2005-10-04 00:00:00+08:00,43.15,43.15,42.36,42.85,370105,0.0,0.0
2005-10-05 00:00:00+08:00,42.61,43.54,42.61,43.39,823754,0.0,0.0
2005-10-06 00:00:00+08:00,42.85,43.54,42.85,43.39,487784,0.0,0.0
2005-10-07 00:00:00+08:00,43.39,43.59,42.9,42.9,194934,0.0,0.0
2005-10-10 00:00:00+08:00,41.65,41.65,41.65,41.65,0,0.0,0.0
2005-10-11 00:00:00+08:00,43.34,43.49,43.0,43.05,269494,0.0,0.0
2005-10-12 00:00:00+08:00,43.05,43.1,41.92,41.92,441072,0.0,0.0
2005-10-13 00:00:00+08:00,41.63,41.82,40.89,40.99,531802,0.0,0.0
2005-10-14 00:00:00+08:00,41.14,41.43,40.89,41.04,215595,0.0,0.0
2005-10-17 00:00:00+08:00,41.97,41.97,39.86,41.04,484191,0.0,0.0
2005-10-18 00:00:00+08:00,41.38,41.38,40.65,40.89,132950,0.0,0.0
2005-10-19 00:00:00+08:00,40.65,40.75,39.91,40.11,305426,0.0,0.0
2005-10-20 00:00:00+08:00,40.35,40.84,39.96,40.16,293748,0.0,0.0
2005-10-21 00:00:00+08:00,40.16,41.14,40.06,40.16,427597,0.0,0.0
2005-10-24 00:00:00+08:00,40.26,40.6,40.16,40.16,303630,0.0,0.0
2005-10-25 00:00:00+08:00,40.89,40.89,37.37,37.37,1201944,0.0,0.0
2005-10-26 00:00:00+08:00,36.24,37.22,35.11,35.26,1674457,0.0,0.0
2005-10-27 00:00:00+08:00,35.26,35.75,34.18,34.77,3586070,0.0,0.0
2005-10-28 00:00:00+08:00,34.28,34.67,34.18,34.48,1429217,0.0,0.0
2005-10-31 00:00:00+08:00,34.77,35.7,34.58,35.36,1334894,0.0,0.0
2005-11-01 00:00:00+08:00,35.75,36.68,35.41,36.24,1187571,0.0,0.0
2005-11-02 00:00:00+08:00,36.34,37.07,36.0,36.88,904602,0.0,0.0
2005-11-03 00:00:00+08:00,37.61,38.44,37.37,37.42,1295369,0.0,0.0
2005-11-04 00:00:00+08:00,37.71,38.05,36.73,36.73,778838,0.0,0.0
2005-11-07 00:00:00+08:00,36.83,37.17,36.0,36.04,770753,0.0,0.0
2005-11-08 00:00:00+08:00,36.04,36.14,35.36,35.51,731227,0.0,0.0
2005-11-09 00:00:00+08:00,35.51,36.98,35.51,36.53,672837,0.0,0.0
2005-11-10 00:00:00+08:00,37.95,39.08,37.37,38.15,2561093,0.0,0.0
2005-11-11 00:00:00+08:00,38.59,38.79,37.61,38.15,1188469,0.0,0.0
2005-11-14 00:00:00+08:00,38.2,38.98,38.15,38.69,715956,0.0,0.0
2005-11-15 00:00:00+08:00,38.79,38.98,38.1,38.2,945924,0.0,0.0
2005-11-16 00:00:00+08:00,38.2,38.4,37.51,37.81,778838,0.0,0.0
2005-11-17 00:00:00+08:00,38.05,38.79,37.76,38.69,1231588,0.0,0.0
2005-11-18 00:00:00+08:00,39.18,39.42,37.27,38.3,2315854,0.0,0.0
2005-11-21 00:00:00+08:00,38.4,38.44,37.61,37.81,774346,0.0,0.0
2005-11-22 00:00:00+08:00,37.81,37.81,37.27,37.32,488682,0.0,0.0
2005-11-23 00:00:00+08:00,37.42,37.91,37.32,37.46,471614,0.0,0.0
2005-11-24 00:00:00+08:00,37.86,38.2,37.61,37.61,850703,0.0,0.0
2005-11-25 00:00:00+08:00,37.66,39.13,37.66,38.69,1409454,0.0,0.0
2005-11-28 00:00:00+08:00,39.03,41.38,39.03,41.38,2698535,0.0,0.0
2005-11-29 00:00:00+08:00,41.73,43.15,41.68,42.61,4833828,0.0,0.0
2005-11-30 00:00:00+08:00,43.19,45.06,42.66,43.98,3197100,0.0,0.0
2005-12-01 00:00:00+08:00,43.68,45.69,43.68,45.5,3152184,0.0,0.0
2005-12-02 00:00:00+08:00,46.04,46.77,44.08,44.37,2217039,0.0,0.0
2005-12-05 00:00:00+08:00,44.42,45.01,43.59,44.57,1378013,0.0,0.0
2005-12-06 00:00:00+08:00,43.98,44.71,43.59,44.57,942331,0.0,0.0
2005-12-07 00:00:00+08:00,44.86,45.5,43.34,43.88,1404065,0.0,0.0
2005-12-08 00:00:00+08:00,43.34,43.88,42.75,43.29,1701407,0.0,0.0
2005-12-09 00:00:00+08:00,42.95,44.22,42.95,43.49,1140859,0.0,0.0
2005-12-12 00:00:00+08:00,43.68,44.32,42.8,43.88,1548693,0.0,0.0
2005-12-13 00:00:00+08:00,44.27,44.57,43.83,44.08,1484913,0.0,0.0
2005-12-14 00:00:00+08:00,44.32,44.52,42.9,43.05,942331,0.0,0.0
2005-12-15 00:00:00+08:00,43.15,43.68,43.15,43.64,611751,0.0,0.0
2005-12-16 00:00:00+08:00,44.08,45.35,43.83,45.06,3315677,0.0,0.0
2005-12-19 00:00:00+08:00,45.74,45.74,44.71,45.3,1744526,0.0,0.0
2005-12-20 00:00:00+08:00,44.32,45.06,44.22,45.06,494971,0.0,0.0
2005-12-21 00:00:00+08:00,45.06,45.06,44.37,44.57,426699,0.0,0.0
2005-12-22 00:00:00+08:00,43.26,43.93,42.55,42.55,757893,0.0,0.0
2005-12-23 00:00:00+08:00,43.83,44.76,43.64,44.32,750990,0.0,0.0
2005-12-26 00:00:00+08:00,43.5,44.31,43.07,43.17,1043837,0.0,0.0
2005-12-27 00:00:00+08:00,44.81,44.96,44.03,44.22,653074,0.0,0.0
2005-12-28 00:00:00+08:00,43.73,44.32,43.34,43.59,792313,0.0,0.0
2005-12-29 00:00:00+08:00,43.68,44.81,43.68,43.83,969281,0.0,0.0
2005-12-30 00:00:00+08:00,44.32,45.2,43.93,44.13,2513483,0.0,0.0
2006-01-02 00:00:00+08:00,43.59,43.83,41.04,41.38,3324660,0.0,0.0
2006-01-03 00:00:00+08:00,41.53,42.9,41.53,42.75,2108343,0.0,0.0
2006-01-04 00:00:00+08:00,43.1,43.1,41.92,42.31,1723864,0.0,0.0
2006-01-05 00:00:00+08:00,42.36,43.44,42.36,43.1,1320521,0.0,0.0
2006-01-06 00:00:00+08:00,43.59,43.88,43.1,43.15,1016891,0.0,0.0
2006-01-09 00:00:00+08:00,43.83,44.32,43.15,43.19,1072587,0.0,0.0
2006-01-10 00:00:00+08:00,43.24,46.18,43.24,46.18,4081041,0.0,0.0
2006-01-11 00:00:00+08:00,46.18,46.18,44.91,45.2,2147869,0.0,0.0
2006-01-12 00:00:00+08:00,45.55,45.55,43.44,43.44,1491201,0.0,0.0
2006-01-13 00:00:00+08:00,43.19,43.73,43.0,43.24,988145,0.0,0.0
2006-01-16 00:00:00+08:00,43.54,43.78,43.0,43.1,553361,0.0,0.0
2006-01-17 00:00:00+08:00,43.34,43.93,43.05,43.05,779736,0.0,0.0
2006-01-18 00:00:00+08:00,42.66,42.9,40.75,41.63,1139960,0.0,0.0
2006-01-19 00:00:00+08:00,41.63,41.87,40.65,41.04,673735,0.0,0.0
2006-01-20 00:00:00+08:00,41.63,41.63,40.84,40.89,433885,0.0,0.0
2006-01-23 00:00:00+08:00,40.21,40.4,39.42,39.67,459936,0.0,0.0
2006-01-24 00:00:00+08:00,39.96,41.14,39.77,41.14,795008,0.0,0.0
2006-01-25 00:00:00+08:00,41.14,41.19,40.65,40.65,277579,0.0,0.0
2006-02-03 00:00:00+08:00,40.89,41.38,40.89,41.24,247036,0.0,0.0
2006-02-06 00:00:00+08:00,41.38,41.48,41.19,41.43,192239,0.0,0.0
2006-02-07 00:00:00+08:00,41.63,43.34,41.63,43.19,1296267,0.0,0.0
2006-02-08 00:00:00+08:00,43.19,43.19,42.17,42.51,425800,0.0,0.0
2006-02-09 00:00:00+08:00,42.66,43.0,41.73,41.87,301833,0.0,0.0
2006-02-10 00:00:00+08:00,41.63,41.77,40.75,41.63,478801,0.0,0.0
2006-02-13 00:00:00+08:00,41.97,41.97,41.28,41.28,309918,0.0,0.0
2006-02-14 00:00:00+08:00,41.14,42.51,41.14,42.51,403343,0.0,0.0
2006-02-15 00:00:00+08:00,42.41,43.19,42.02,43.0,700685,0.0,0.0
2006-02-16 00:00:00+08:00,43.34,43.34,42.61,42.61,353037,0.0,0.0
2006-02-17 00:00:00+08:00,42.9,43.0,42.36,42.61,312613,0.0,0.0
2006-02-20 00:00:00+08:00,42.61,42.61,42.02,42.61,217392,0.0,0.0
2006-02-21 00:00:00+08:00,42.61,42.7,42.26,42.26,700685,0.0,0.0
2006-02-22 00:00:00+08:00,42.51,42.85,41.92,42.12,621633,0.0,0.0
2006-02-23 00:00:00+08:00,42.8,43.1,40.89,41.68,2387719,0.0,0.0
2006-02-24 00:00:00+08:00,41.68,41.68,39.72,39.72,2252972,0.0,0.0
2006-02-27 00:00:00+08:00,39.86,42.46,39.86,42.46,1620558,0.0,0.0
2006-03-01 00:00:00+08:00,42.46,43.49,42.12,42.56,1316030,0.0,0.0
2006-03-02 00:00:00+08:00,42.85,44.61,42.75,43.54,2420956,0.0,0.0
2006-03-03 00:00:00+08:00,45.06,45.4,43.59,44.08,2934792,0.0,0.0
2006-03-06 00:00:00+08:00,45.3,45.3,44.27,44.71,1808306,0.0,0.0
2006-03-07 00:00:00+08:00,44.71,45.01,44.08,44.17,1795730,0.0,0.0
2006-03-08 00:00:00+08:00,44.17,44.57,43.59,43.59,945924,0.0,0.0
2006-03-09 00:00:00+08:00,44.17,44.91,43.1,43.59,1708593,0.0,0.0
2006-03-10 00:00:00+08:00,43.98,44.66,43.1,44.66,1378912,0.0,0.0
2006-03-13 00:00:00+08:00,45.06,45.1,44.17,44.32,1400471,0.0,0.0
2006-03-14 00:00:00+08:00,44.08,44.32,43.0,43.0,1176791,0.0,0.0
2006-03-15 00:00:00+08:00,43.24,43.88,42.95,43.83,1078875,0.0,0.0
2006-03-16 00:00:00+08:00,44.08,45.3,43.93,44.57,2044563,0.0,0.0
2006-03-17 00:00:00+08:00,44.57,44.91,44.13,44.17,649481,0.0,0.0
2006-03-20 00:00:00+08:00,44.37,45.5,44.22,44.81,1064502,0.0,0.0
2006-03-21 00:00:00+08:00,44.91,45.06,43.34,43.83,783329,0.0,0.0
2006-03-22 00:00:00+08:00,43.59,44.03,42.7,42.7,803092,0.0,0.0
2006-03-23 00:00:00+08:00,42.85,42.95,42.56,42.85,717753,0.0,0.0
2006-03-24 00:00:00+08:00,42.85,43.1,41.87,42.26,780635,0.0,0.0
2006-03-27 00:00:00+08:00,42.26,42.8,42.26,42.61,240748,0.0,0.0
2006-03-28 00:00:00+08:00,42.66,42.85,42.61,42.85,591989,0.0,0.0
2006-03-29 00:00:00+08:00,42.85,43.29,42.66,43.05,577616,0.0,0.0
2006-03-30 00:00:00+08:00,43.34,43.83,42.85,42.85,737515,0.0,0.0
2006-03-31 00:00:00+08:00,43.49,43.49,42.85,43.24,812076,0.0,0.0
2006-04-03 00:00:00+08:00,43.49,43.93,43.34,43.44,632413,0.0,0.0
2006-04-04 00:00:00+08:00,43.34,43.44,43.0,43.05,919873,0.0,0.0
2006-04-06 00:00:00+08:00,43.44,43.49,43.05,43.44,998925,0.0,0.0
2006-04-07 00:00:00+08:00,44.08,45.55,44.08,44.52,2409278,0.0,0.0
2006-04-10 00:00:00+08:00,45.06,45.79,44.57,45.06,1642118,0.0,0.0
2006-04-11 00:00:00+08:00,45.74,45.74,44.96,45.55,1428319,0.0,0.0
2006-04-12 00:00:00+08:00,45.35,45.99,45.1,45.99,1358251,0.0,0.0
2006-04-13 00:00:00+08:00,46.23,48.97,46.23,48.97,5278494,0.0,0.0
2006-04-14 00:00:00+08:00,51.18,52.4,51.18,52.4,2886283,0.0,0.0
2006-04-17 00:00:00+08:00,54.61,55.83,53.63,53.87,6857730,0.0,0.0
2006-04-18 00:00:00+08:00,55.1,57.54,55.1,57.54,4097211,0.0,0.0
2006-04-19 00:00:00+08:00,60.73,61.46,58.77,61.46,5712380,0.0,0.0
2006-04-20 00:00:00+08:00,61.46,63.67,59.5,61.71,6248673,0.0,0.0
2006-04-21 00:00:00+08:00,61.95,64.4,61.71,63.42,3954379,0.0,0.0
2006-04-24 00:00:00+08:00,64.16,67.83,63.42,67.83,4349637,0.0,0.0
2006-04-25 00:00:00+08:00,67.58,67.58,63.18,63.18,3465696,0.0,0.0
2006-04-26 00:00:00+08:00,62.2,63.91,59.75,63.67,3111760,0.0,0.0
2006-04-27 00:00:00+08:00,64.16,64.16,59.26,59.26,2107445,0.0,0.0
2006-04-28 00:00:00+08:00,59.01,62.2,57.79,61.71,2681467,0.0,0.0
2006-05-02 00:00:00+08:00,61.46,61.46,57.54,57.54,2335616,0.0,0.0
2006-05-03 00:00:00+08:00,57.79,59.75,56.56,59.26,3616613,0.0,0.0
2006-05-04 00:00:00+08:00,59.5,61.46,59.26,60.48,2853944,0.0,0.0
2006-05-05 00:00:00+08:00,60.73,61.22,57.79,58.77,2084987,0.0,0.0
2006-05-08 00:00:00+08:00,57.79,60.48,57.3,59.26,2286209,0.0,0.0
2006-05-09 00:00:00+08:00,59.26,60.97,57.79,60.24,1607982,0.0,0.0
2006-05-10 00:00:00+08:00,60.24,60.24,56.07,56.07,2175717,0.0,0.0
2006-05-11 00:00:00+08:00,55.59,55.83,53.63,55.83,2432634,0.0,0.0
2006-05-12 00:00:00+08:00,53.87,55.59,53.14,55.34,1881968,0.0,0.0
2006-05-15 00:00:00+08:00,54.36,57.3,54.36,56.81,2808130,0.0,0.0
2006-05-16 00:00:00+08:00,57.05,57.79,54.85,55.1,1267521,0.0,0.0
2006-05-17 00:00:00+08:00,55.34,56.07,53.38,56.07,1827171,0.0,0.0
2006-05-18 00:00:00+08:00,53.72,55.39,52.77,54.91,1664773,0.0,0.0
2006-05-19 00:00:00+08:00,55.62,58.24,55.62,57.29,4960080,0.0,0.0
2006-05-22 00:00:00+08:00,59.26,59.26,55.59,55.59,1314233,0.0,0.0
2006-05-23 00:00:00+08:00,54.12,56.32,54.12,55.34,1054620,0.0,0.0
2006-05-24 00:00:00+08:00,55.83,56.81,54.12,54.85,829144,0.0,0.0
2006-05-25 00:00:00+08:00,54.85,55.34,51.18,52.16,1109418,0.0,0.0
2006-05-26 00:00:00+08:00,53.38,53.38,50.93,51.91,1020484,0.0,0.0
2006-05-29 00:00:00+08:00,50.87,51.58,49.68,51.58,769922,0.0,0.0
2006-05-30 00:00:00+08:00,52.4,53.14,51.18,53.14,747397,0.0,0.0
2006-06-01 00:00:00+08:00,53.63,53.63,51.67,51.91,748295,0.0,0.0
2006-06-02 00:00:00+08:00,53.38,55.34,52.4,55.34,2638348,0.0,0.0
2006-06-05 00:00:00+08:00,55.34,55.59,51.67,51.67,1428319,0.0,0.0
2006-06-06 00:00:00+08:00,50.93,52.4,48.97,51.91,1638525,0.0,0.0
2006-06-07 00:00:00+08:00,51.67,52.4,50.2,50.44,1042942,0.0,0.0
2006-06-08 00:00:00+08:00,50.44,51.42,47.75,48.48,2591636,0.0,0.0
2006-06-09 00:00:00+08:00,48.24,49.71,46.62,48.73,1725661,0.0,0.0
2006-06-12 00:00:00+08:00,48.43,48.48,46.97,47.85,988145,0.0,0.0
2006-06-13 00:00:00+08:00,47.36,48.24,47.16,47.8,598277,0.0,0.0
2006-06-14 00:00:00+08:00,47.99,49.95,47.99,49.71,1077078,0.0,0.0
2006-06-15 00:00:00+08:00,50.44,50.44,47.8,48.24,715956,0.0,0.0
2006-06-16 00:00:00+08:00,49.71,49.95,48.24,48.24,1074383,0.0,0.0
2006-06-19 00:00:00+08:00,48.68,48.73,47.85,47.85,375495,0.0,0.0
2006-06-20 00:00:00+08:00,48.73,48.97,47.85,48.73,1190266,0.0,0.0
2006-06-21 00:00:00+08:00,49.22,51.42,48.73,48.97,2161343,0.0,0.0
2006-06-22 00:00:00+08:00,50.2,52.16,49.95,51.91,2120919,0.0,0.0
2006-06-23 00:00:00+08:00,51.42,55.1,50.93,53.87,2891673,0.0,0.0
2006-06-26 00:00:00+08:00,54.85,54.85,53.38,53.87,1038451,0.0,0.0
2006-06-27 00:00:00+08:00,53.87,55.34,52.4,52.89,1350166,0.0,0.0
2006-06-28 00:00:00+08:00,52.4,56.56,52.16,56.56,2066122,0.0,0.0
2006-06-29 00:00:00+08:00,57.79,58.28,55.83,55.83,1761594,0.0,0.0
2006-06-30 00:00:00+08:00,57.3,58.03,55.1,55.1,2255666,0.0,0.0
2006-07-03 00:00:00+08:00,55.34,56.07,54.61,55.1,1158825,0.0,0.0
2006-07-04 00:00:00+08:00,55.83,58.28,55.59,56.56,2237700,0.0,0.0
2006-07-05 00:00:00+08:00,56.56,56.56,54.61,54.85,1122892,0.0,0.0
2006-07-06 00:00:00+08:00,54.85,56.81,54.61,56.07,1872086,0.0,0.0
2006-07-07 00:00:00+08:00,56.07,59.5,55.59,58.28,4194229,0.0,0.0
2006-07-10 00:00:00+08:00,57.54,59.26,57.3,58.28,1640321,0.0,0.0
2006-07-11 00:00:00+08:00,57.79,60.48,57.54,57.54,2093970,0.0,0.0
2006-07-12 00:00:00+08:00,57.79,58.28,56.32,56.81,1534320,0.0,0.0
2006-07-13 00:00:00+08:00,56.81,57.3,55.59,56.81,848008,0.0,0.0
2006-07-14 00:00:00+08:00,55.83,56.56,55.34,55.83,479699,0.0,0.0
2006-07-17 00:00:00+08:00,55.34,56.07,52.16,52.4,1391488,0.0,0.0
2006-07-18 00:00:00+08:00,52.4,54.36,52.4,54.12,901907,0.0,0.0
2006-07-19 00:00:00+08:00,53.63,56.07,53.63,54.12,1095045,0.0,0.0
2006-07-20 00:00:00+08:00,55.83,56.07,54.61,54.61,1045637,0.0,0.0
2006-07-21 00:00:00+08:00,53.87,54.85,53.63,53.87,409631,0.0,0.0
2006-07-24 00:00:00+08:00,53.63,54.61,53.14,54.12,435682,0.0,0.0
2006-07-25 00:00:00+08:00,55.34,57.79,54.85,57.79,1520845,0.0,0.0
2006-07-26 00:00:00+08:00,58.0,58.0,55.86,56.1,2853897,0.0,0.0
2006-07-27 00:00:00+08:00,56.57,56.81,55.39,56.57,1184497,0.0,0.0
2006-07-28 00:00:00+08:00,58.28,60.24,58.28,58.28,2440719,0.0,0.0
2006-07-31 00:00:00+08:00,59.01,59.01,56.81,56.81,1303453,0.0,0.0
2006-08-01 00:00:00+08:00,57.05,57.79,56.56,57.05,917178,0.0,0.0
2006-08-02 00:00:00+08:00,57.05,57.54,56.07,56.81,848008,0.0,0.0
2006-08-03 00:00:00+08:00,57.3,58.28,56.81,58.03,1186673,0.0,0.0
2006-08-04 00:00:00+08:00,58.28,58.28,55.1,55.34,1269317,0.0,0.0
2006-08-07 00:00:00+08:00,55.1,55.83,53.87,55.34,1142655,0.0,0.0
2006-08-08 00:00:00+08:00,55.83,58.28,55.59,58.28,1733746,0.0,0.0
2006-08-09 00:00:00+08:00,59.26,62.2,58.52,62.2,6469658,0.0,0.0
2006-08-10 00:00:00+08:00,62.2,62.93,60.73,62.2,3444136,0.0,0.0
2006-08-11 00:00:00+08:00,63.18,64.16,61.22,61.22,4152906,0.0,0.0
2006-08-14 00:00:00+08:00,61.71,62.69,60.97,60.97,1819086,0.0,0.0
2006-08-15 00:00:00+08:00,61.22,62.69,60.73,61.95,1920595,0.0,0.0
2006-08-16 00:00:00+08:00,62.44,62.69,60.97,60.97,1978087,0.0,0.0
2006-08-17 00:00:00+08:00,61.46,62.69,60.97,61.22,1896341,0.0,0.0
2006-08-18 00:00:00+08:00,61.71,61.95,60.24,60.24,1367234,0.0,0.0
2006-08-21 00:00:00+08:00,60.73,60.73,57.54,57.79,898,0.0,0.0
2006-08-22 00:00:00+08:00,57.79,58.77,57.05,58.52,898,0.0,0.0
2006-08-23 00:00:00+08:00,58.52,58.52,56.81,57.79,1485811,0.0,0.0
2006-08-24 00:00:00+08:00,57.3,58.77,57.3,58.03,821957,0.0,0.0
2006-08-25 00:00:00+08:00,58.77,60.24,58.03,58.28,1899036,0.0,0.0
2006-08-28 00:00:00+08:00,58.77,58.77,56.07,56.32,1314233,0.0,0.0
2006-08-29 00:00:00+08:00,57.3,57.3,56.07,56.07,1417539,0.0,0.0
2006-08-30 00:00:00+08:00,56.32,58.28,56.32,57.79,1412149,0.0,0.0
2006-08-31 00:00:00+08:00,58.03,58.52,57.3,58.28,917178,0.0,0.0
2006-09-01 00:00:00+08:00,58.28,58.77,57.54,58.28,821957,0.0,0.0
2006-09-04 00:00:00+08:00,58.77,59.01,57.3,57.54,1472336,0.0,0.0
2006-09-05 00:00:00+08:00,57.79,58.52,57.3,58.28,1865798,0.0,0.0
2006-09-06 00:00:00+08:00,58.28,58.52,56.32,56.32,2545822,0.0,0.0
2006-09-07 00:00:00+08:00,55.57,58.43,55.57,57.65,3440126,4.89,1.01
2006-09-08 00:00:00+08:00,57.65,57.65,56.35,56.87,927407,0.0,0.0
2006-09-11 00:00:00+08:00,57.65,59.21,57.39,58.69,2001015,0.0,0.0
2006-09-12 00:00:00+08:00,59.47,59.47,56.61,57.13,1009315,0.0,0.0
2006-09-13 00:00:00+08:00,57.65,57.91,55.57,56.35,758307,0.0,0.0
2006-09-14 00:00:00+08:00,56.61,57.13,54.01,55.05,1246231,0.0,0.0
2006-09-15 00:00:00+08:00,55.05,56.35,55.05,56.09,594491,0.0,0.0
2006-09-18 00:00:00+08:00,57.39,58.43,56.61,58.17,1103553,0.0,0.0
2006-09-19 00:00:00+08:00,58.17,58.95,57.65,57.65,660546,0.0,0.0
2006-09-20 00:00:00+08:00,57.65,58.17,56.61,57.13,575115,0.0,0.0
2006-09-21 00:00:00+08:00,57.65,58.95,57.13,58.17,1658412,0.0,0.0
2006-09-22 00:00:00+08:00,58.17,59.21,58.17,58.43,850783,0.0,0.0
2006-09-25 00:00:00+08:00,59.21,59.99,58.69,59.21,1401239,0.0,0.0
2006-09-26 00:00:00+08:00,59.47,59.73,57.65,57.65,994342,0.0,0.0
2006-09-27 00:00:00+08:00,58.69,58.69,57.13,57.91,890416,0.0,0.0
2006-09-28 00:00:00+08:00,58.17,58.43,56.35,56.61,659665,0.0,0.0
2006-09-29 00:00:00+08:00,57.65,57.65,56.61,57.13,458859,0.0,0.0
2006-10-02 00:00:00+08:00,57.65,57.65,56.35,56.35,302970,0.0,0.0
2006-10-03 00:00:00+08:00,56.87,56.87,56.09,56.35,504657,0.0,0.0
2006-10-04 00:00:00+08:00,56.61,56.61,55.83,55.83,540767,0.0,0.0
2006-10-05 00:00:00+08:00,56.35,57.91,55.57,57.13,1142305,0.0,0.0
2006-10-09 00:00:00+08:00,56.57,56.57,56.57,56.57,0,0.0,0.0
2006-10-11 00:00:00+08:00,56.61,57.91,56.09,56.61,392805,0.0,0.0
2006-10-12 00:00:00+08:00,56.61,57.13,56.35,56.35,289759,0.0,0.0
2006-10-13 00:00:00+08:00,57.13,57.39,56.35,56.61,653500,0.0,0.0
2006-10-16 00:00:00+08:00,57.13,59.21,57.13,58.43,2009822,0.0,0.0
2006-10-17 00:00:00+08:00,58.95,59.73,58.17,58.43,1407404,0.0,0.0
2006-10-18 00:00:00+08:00,57.91,58.17,57.13,58.17,496730,0.0,0.0
2006-10-19 00:00:00+08:00,57.65,58.43,57.65,58.17,489685,0.0,0.0
2006-10-20 00:00:00+08:00,58.69,59.21,58.17,58.43,621794,0.0,0.0
2006-10-23 00:00:00+08:00,59.21,59.21,57.91,57.91,435079,0.0,0.0
2006-10-24 00:00:00+08:00,58.43,58.95,58.17,58.69,849022,0.0,0.0
2006-10-25 00:00:00+08:00,59.47,61.29,59.47,61.03,2661562,0.0,0.0
2006-10-26 00:00:00+08:00,60.42,60.42,58.88,59.14,1962263,0.0,0.0
2006-10-27 00:00:00+08:00,59.73,60.51,58.43,58.43,1947291,0.0,0.0
2006-10-30 00:00:00+08:00,58.95,59.47,57.91,58.95,605941,0.0,0.0
2006-10-31 00:00:00+08:00,59.47,59.47,58.69,58.95,614748,0.0,0.0
2006-11-01 00:00:00+08:00,59.47,61.55,58.69,61.03,1823108,0.0,0.0
2006-11-02 00:00:00+08:00,61.03,65.18,60.51,65.18,4082177,0.0,0.0
2006-11-03 00:00:00+08:00,65.96,65.96,63.62,63.62,2714405,0.0,0.0
2006-11-06 00:00:00+08:00,61.8,63.36,61.03,62.84,1915584,0.0,0.0
2006-11-07 00:00:00+08:00,63.62,64.92,63.1,63.62,2320720,0.0,0.0
2006-11-08 00:00:00+08:00,64.14,65.96,64.14,64.4,2897597,0.0,0.0
2006-11-09 00:00:00+08:00,65.7,67.0,61.8,62.58,2178042,0.0,0.0
2006-11-10 00:00:00+08:00,62.84,63.36,61.8,62.06,1004030,0.0,0.0
2006-11-13 00:00:00+08:00,62.32,63.36,62.06,62.32,548693,0.0,0.0
2006-11-14 00:00:00+08:00,62.84,63.36,61.29,61.55,767995,0.0,0.0
2006-11-15 00:00:00+08:00,62.06,62.84,61.29,61.29,797059,0.0,0.0
2006-11-16 00:00:00+08:00,62.06,62.58,61.29,61.29,762711,0.0,0.0
2006-11-17 00:00:00+08:00,61.55,64.14,61.29,63.1,1378340,0.0,0.0
2006-11-20 00:00:00+08:00,63.1,66.22,63.1,64.66,2111987,0.0,0.0
2006-11-21 00:00:00+08:00,64.92,65.44,63.88,64.66,843738,0.0,0.0
2006-11-22 00:00:00+08:00,65.18,68.82,65.18,68.04,3618914,0.0,0.0
2006-11-23 00:00:00+08:00,69.08,72.71,66.48,72.71,6789537,0.0,0.0
2006-11-24 00:00:00+08:00,71.67,71.67,68.04,69.6,3899866,0.0,0.0
2006-11-27 00:00:00+08:00,70.63,74.27,69.6,74.01,5258831,0.0,0.0
2006-11-28 00:00:00+08:00,71.15,75.31,70.63,74.01,2665085,0.0,0.0
2006-11-29 00:00:00+08:00,74.79,76.35,72.97,73.75,3636528,0.0,0.0
2006-11-30 00:00:00+08:00,74.27,74.79,70.89,71.15,2848276,0.0,0.0
2006-12-01 00:00:00+08:00,70.63,71.41,67.78,67.78,3159173,0.0,0.0
2006-12-04 00:00:00+08:00,67.78,69.34,67.52,68.04,1249754,0.0,0.0
2006-12-05 00:00:00+08:00,68.56,69.34,67.52,67.52,1100910,0.0,0.0
2006-12-06 00:00:00+08:00,68.3,69.86,68.04,69.6,1043663,0.0,0.0
2006-12-07 00:00:00+08:00,70.11,71.93,69.6,70.89,1920869,0.0,0.0
2006-12-08 00:00:00+08:00,71.15,72.45,70.37,70.89,1095626,0.0,0.0
2006-12-11 00:00:00+08:00,71.93,71.93,68.04,68.04,2046813,0.0,0.0
2006-12-12 00:00:00+08:00,68.56,69.34,68.04,68.04,1274414,0.0,0.0
2006-12-13 00:00:00+08:00,69.6,70.37,68.3,69.08,1382744,0.0,0.0
2006-12-14 00:00:00+08:00,69.6,70.89,69.34,70.37,1199552,0.0,0.0
2006-12-15 00:00:00+08:00,71.15,71.67,69.34,69.34,1283221,0.0,0.0
2006-12-18 00:00:00+08:00,70.11,73.23,69.6,72.71,2313674,0.0,0.0
2006-12-19 00:00:00+08:00,73.23,77.65,72.97,76.35,5420004,0.0,0.0
2006-12-20 00:00:00+08:00,77.39,78.94,75.83,75.83,2617525,0.0,0.0
2006-12-21 00:00:00+08:00,76.35,77.65,74.27,74.53,2000134,0.0,0.0
2006-12-22 00:00:00+08:00,77.39,79.72,76.35,79.72,3096642,0.0,0.0
2006-12-25 00:00:00+08:00,80.76,81.54,78.94,78.94,2813928,0.0,0.0
2006-12-26 00:00:00+08:00,79.46,80.24,78.68,79.2,1238304,0.0,0.0
2006-12-27 00:00:00+08:00,79.46,79.72,77.65,77.91,1129094,0.0,0.0
2006-12-28 00:00:00+08:00,78.42,78.68,75.83,76.35,1244469,0.0,0.0
2006-12-29 00:00:00+08:00,76.87,81.02,76.35,79.98,2533856,0.0,0.0
2007-01-02 00:00:00+08:00,81.02,81.28,78.42,78.42,1399477,0.0,0.0
2007-01-03 00:00:00+08:00,78.94,79.72,76.87,78.17,2037125,0.0,0.0
2007-01-04 00:00:00+08:00,78.17,81.28,72.71,72.71,5765250,0.0,0.0
2007-01-05 00:00:00+08:00,73.54,74.05,71.99,72.51,4103319,0.0,0.0
2007-01-08 00:00:00+08:00,72.71,74.27,69.86,70.63,2105822,0.0,0.0
2007-01-09 00:00:00+08:00,71.67,72.71,70.63,71.67,1489312,0.0,0.0
2007-01-10 00:00:00+08:00,71.67,72.97,71.67,71.93,1285863,0.0,0.0
2007-01-11 00:00:00+08:00,72.71,72.97,67.52,68.56,2289013,0.0,0.0
2007-01-12 00:00:00+08:00,70.63,70.63,69.34,69.6,946783,0.0,0.0
2007-01-15 00:00:00+08:00,71.15,71.41,69.6,71.15,585684,0.0,0.0
2007-01-16 00:00:00+08:00,71.93,73.49,71.15,71.67,1595880,0.0,0.0
2007-01-17 00:00:00+08:00,71.67,72.71,70.63,71.15,874563,0.0,0.0
2007-01-18 00:00:00+08:00,71.67,74.01,71.41,74.01,1936722,0.0,0.0
2007-01-19 00:00:00+08:00,74.01,74.01,72.71,72.71,720436,0.0,0.0
2007-01-22 00:00:00+08:00,72.71,74.01,70.11,72.45,1565935,0.0,0.0
2007-01-23 00:00:00+08:00,72.45,73.23,71.15,71.15,886893,0.0,0.0
2007-01-24 00:00:00+08:00,72.19,72.19,70.63,71.15,899224,0.0,0.0
2007-01-25 00:00:00+08:00,71.67,71.67,69.86,70.11,1133497,0.0,0.0
2007-01-26 00:00:00+08:00,70.11,71.15,69.86,70.63,444767,0.0,0.0
2007-01-29 00:00:00+08:00,70.63,71.67,69.86,70.11,657023,0.0,0.0
2007-01-30 00:00:00+08:00,70.11,70.89,69.86,70.11,410419,0.0,0.0
2007-01-31 00:00:00+08:00,70.11,70.89,68.04,68.56,689610,0.0,0.0
2007-02-01 00:00:00+08:00,69.6,69.6,65.96,67.26,1264726,0.0,0.0
2007-02-02 00:00:00+08:00,68.04,68.3,67.26,67.78,419226,0.0,0.0
2007-02-05 00:00:00+08:00,67.78,68.82,67.78,68.56,355814,0.0,0.0
2007-02-06 00:00:00+08:00,68.56,69.08,68.04,68.04,448290,0.0,0.0
2007-02-07 00:00:00+08:00,68.56,69.86,68.56,69.08,501134,0.0,0.0
2007-02-08 00:00:00+08:00,69.6,69.86,68.04,68.04,420107,0.0,0.0
2007-02-09 00:00:00+08:00,68.56,68.82,68.04,68.82,386639,0.0,0.0
2007-02-12 00:00:00+08:00,68.56,68.56,67.0,67.52,443006,0.0,0.0
2007-02-13 00:00:00+08:00,67.52,68.3,67.52,68.04,324988,0.0,0.0
2007-02-14 00:00:00+08:00,68.04,68.82,67.78,68.56,357575,0.0,0.0
2007-02-26 00:00:00+08:00,69.08,69.34,67.52,67.52,620033,0.0,0.0
2007-02-27 00:00:00+08:00,67.37,68.14,66.08,67.88,922424,0.0,0.0
2007-03-01 00:00:00+08:00,66.74,68.04,66.74,67.78,459740,0.0,0.0
2007-03-02 00:00:00+08:00,67.52,70.63,67.52,68.56,999627,0.0,0.0
2007-03-05 00:00:00+08:00,65.44,65.44,61.8,61.8,1727108,0.0,0.0
2007-03-06 00:00:00+08:00,62.32,62.32,60.51,62.06,898343,0.0,0.0
2007-03-07 00:00:00+08:00,62.84,63.36,61.55,61.8,1033094,0.0,0.0
2007-03-08 00:00:00+08:00,61.8,63.88,61.8,63.62,905389,0.0,0.0
2007-03-09 00:00:00+08:00,63.88,64.66,62.84,63.36,686968,0.0,0.0
2007-03-12 00:00:00+08:00,63.62,64.4,63.36,63.62,385759,0.0,0.0
2007-03-13 00:00:00+08:00,63.88,68.04,63.88,68.04,3345007,0.0,0.0
2007-03-14 00:00:00+08:00,65.18,67.0,65.18,66.48,1583550,0.0,0.0
2007-03-15 00:00:00+08:00,66.74,68.3,66.48,67.26,1366890,0.0,0.0
2007-03-16 00:00:00+08:00,68.04,68.3,66.48,66.74,860471,0.0,0.0
2007-03-19 00:00:00+08:00,67.0,67.52,65.96,66.22,622675,0.0,0.0
2007-03-20 00:00:00+08:00,67.0,67.78,66.48,66.74,708986,0.0,0.0
2007-03-21 00:00:00+08:00,67.52,67.78,67.0,67.0,408658,0.0,0.0
2007-03-22 00:00:00+08:00,68.04,69.08,67.52,67.52,1194268,0.0,0.0
2007-03-23 00:00:00+08:00,67.78,68.3,67.52,67.52,509061,0.0,0.0
2007-03-26 00:00:00+08:00,68.3,68.3,67.52,68.04,295044,0.0,0.0
2007-03-27 00:00:00+08:00,68.56,68.56,65.96,65.96,665830,0.0,0.0
2007-03-28 00:00:00+08:00,65.96,66.74,65.44,65.44,314420,0.0,0.0
2007-03-29 00:00:00+08:00,65.44,66.48,64.92,65.7,483520,0.0,0.0
2007-03-30 00:00:00+08:00,66.48,66.48,65.18,65.18,467666,0.0,0.0
2007-04-02 00:00:00+08:00,65.96,67.78,65.44,67.0,705463,0.0,0.0
2007-04-03 00:00:00+08:00,68.04,69.08,67.0,67.52,1047186,0.0,0.0
2007-04-04 00:00:00+08:00,68.56,68.56,66.48,67.0,426272,0.0,0.0
2007-04-09 00:00:00+08:00,67.78,68.04,66.22,66.48,517868,0.0,0.0
2007-04-10 00:00:00+08:00,66.48,66.48,62.84,63.36,1115002,0.0,0.0
2007-04-11 00:00:00+08:00,63.36,64.4,61.29,63.1,1683953,0.0,0.0
2007-04-12 00:00:00+08:00,62.84,64.4,62.32,64.4,659665,0.0,0.0
2007-04-13 00:00:00+08:00,64.4,64.66,62.84,62.84,418346,0.0,0.0
2007-04-16 00:00:00+08:00,63.88,63.88,62.06,62.06,314420,0.0,0.0
2007-04-17 00:00:00+08:00,62.58,63.1,59.73,59.73,620033,0.0,0.0
2007-04-18 00:00:00+08:00,60.51,61.03,59.73,60.51,287998,0.0,0.0
2007-04-19 00:00:00+08:00,61.29,61.29,60.51,60.77,257172,0.0,0.0
2007-04-20 00:00:00+08:00,61.03,61.8,61.03,61.29,208732,0.0,0.0
2007-04-23 00:00:00+08:00,62.32,62.32,60.51,60.51,343484,0.0,0.0
2007-04-24 00:00:00+08:00,60.51,61.03,60.51,60.77,193760,0.0,0.0
2007-04-25 00:00:00+08:00,61.29,63.36,61.29,62.84,818196,0.0,0.0
2007-04-26 00:00:00+08:00,63.88,64.66,62.58,62.58,822600,0.0,0.0
2007-04-27 00:00:00+08:00,63.36,63.36,61.55,61.8,287117,0.0,0.0
2007-04-30 00:00:00+08:00,62.32,62.32,61.29,61.55,243961,0.0,0.0
2007-05-02 00:00:00+08:00,62.32,62.32,61.55,61.55,162934,0.0,0.0
2007-05-03 00:00:00+08:00,61.8,62.06,59.73,60.51,481758,0.0,0.0
2007-05-04 00:00:00+08:00,61.8,61.8,60.77,61.55,212255,0.0,0.0
2007-05-07 00:00:00+08:00,62.06,63.88,61.55,63.62,665830,0.0,0.0
2007-05-08 00:00:00+08:00,64.4,65.18,63.62,64.66,875444,0.0,0.0
2007-05-09 00:00:00+08:00,64.92,65.7,64.92,65.18,843738,0.0,0.0
2007-05-10 00:00:00+08:00,65.96,67.0,64.4,67.0,1289386,0.0,0.0
2007-05-11 00:00:00+08:00,66.22,67.0,65.96,65.96,469428,0.0,0.0
2007-05-14 00:00:00+08:00,65.96,65.96,64.66,64.92,411300,0.0,0.0
2007-05-15 00:00:00+08:00,64.92,67.26,64.66,65.7,680803,0.0,0.0
2007-05-16 00:00:00+08:00,66.22,67.0,65.7,65.96,516987,0.0,0.0
2007-05-17 00:00:00+08:00,66.74,67.26,65.96,66.22,553978,0.0,0.0
2007-05-18 00:00:00+08:00,66.22,67.52,65.7,66.22,599776,0.0,0.0
2007-05-21 00:00:00+08:00,66.48,67.0,65.18,66.22,408658,0.0,0.0
2007-05-22 00:00:00+08:00,66.22,68.82,65.7,68.82,4718063,0.0,0.0
2007-05-23 00:00:00+08:00,69.08,71.15,69.08,69.6,1925272,0.0,0.0
2007-05-24 00:00:00+08:00,70.63,70.63,69.34,70.11,990819,0.0,0.0
2007-05-25 00:00:00+08:00,70.11,70.37,69.34,69.86,733647,0.0,0.0
2007-05-28 00:00:00+08:00,70.37,70.89,68.82,68.82,520510,0.0,0.0
2007-05-29 00:00:00+08:00,68.82,69.6,67.26,67.52,640289,0.0,0.0
2007-05-30 00:00:00+08:00,67.52,68.04,67.0,67.52,444767,0.0,0.0
2007-05-31 00:00:00+08:00,68.04,69.6,67.78,69.6,502015,0.0,0.0
2007-06-01 00:00:00+08:00,70.11,70.63,68.56,68.56,734527,0.0,0.0
2007-06-04 00:00:00+08:00,69.08,69.86,68.56,68.82,507299,0.0,0.0
2007-06-05 00:00:00+08:00,69.08,71.93,69.08,71.41,2234408,0.0,0.0
2007-06-06 00:00:00+08:00,71.41,71.67,69.34,69.34,972324,0.0,0.0
2007-06-07 00:00:00+08:00,70.11,70.11,68.04,68.82,724839,0.0,0.0
2007-06-08 00:00:00+08:00,68.3,69.08,68.04,68.3,622675,0.0,0.0
2007-06-11 00:00:00+08:00,68.82,70.11,68.3,68.56,799701,0.0,0.0
2007-06-12 00:00:00+08:00,69.08,69.34,67.78,68.04,1245350,0.0,0.0
2007-06-13 00:00:00+08:00,68.04,68.82,67.52,67.52,399850,0.0,0.0
2007-06-14 00:00:00+08:00,68.56,68.82,67.78,67.78,647335,0.0,0.0
2007-06-15 00:00:00+08:00,68.04,70.89,68.04,70.11,1529825,0.0,0.0
2007-06-20 00:00:00+08:00,71.15,71.15,68.82,69.34,600656,0.0,0.0
2007-06-21 00:00:00+08:00,70.11,71.15,69.6,69.86,703702,0.0,0.0
2007-06-22 00:00:00+08:00,70.11,70.89,69.6,70.11,725720,0.0,0.0
2007-06-25 00:00:00+08:00,70.11,70.37,68.04,68.56,618271,0.0,0.0
2007-06-26 00:00:00+08:00,68.82,69.34,68.04,68.04,393685,0.0,0.0
2007-06-27 00:00:00+08:00,68.04,69.34,68.04,68.56,463263,0.0,0.0
2007-06-28 00:00:00+08:00,69.86,69.86,68.3,68.56,446529,0.0,0.0
2007-06-29 00:00:00+08:00,69.08,69.86,67.78,69.34,632363,0.0,0.0
2007-07-02 00:00:00+08:00,69.86,69.86,68.56,69.08,361979,0.0,0.0
2007-07-03 00:00:00+08:00,69.6,69.6,68.82,69.08,414823,0.0,0.0
2007-07-04 00:00:00+08:00,69.6,70.89,69.08,70.63,978489,0.0,0.0
2007-07-05 00:00:00+08:00,71.15,73.75,70.37,73.23,2530333,0.0,0.0
2007-07-06 00:00:00+08:00,73.49,74.27,72.19,72.45,1487550,0.0,0.0
2007-07-09 00:00:00+08:00,73.75,74.53,72.97,73.49,1717420,0.0,0.0
2007-07-10 00:00:00+08:00,74.01,74.01,71.93,72.19,859591,0.0,0.0
2007-07-11 00:00:00+08:00,71.67,74.79,71.67,73.49,1396835,0.0,0.0
2007-07-12 00:00:00+08:00,74.53,78.42,74.01,77.13,4460010,0.0,0.0
2007-07-13 00:00:00+08:00,77.13,77.91,74.27,74.27,1757053,0.0,0.0
2007-07-16 00:00:00+08:00,75.83,75.83,74.27,74.53,1069204,0.0,0.0
2007-07-17 00:00:00+08:00,75.31,75.31,73.49,74.01,523152,0.0,0.0
2007-07-18 00:00:00+08:00,74.27,75.05,71.93,72.19,1343991,0.0,0.0
2007-07-19 00:00:00+08:00,72.71,75.83,72.19,74.79,1519257,0.0,0.0
2007-07-20 00:00:00+08:00,75.83,78.42,75.83,76.87,2836827,0.0,0.0
2007-07-23 00:00:00+08:00,76.87,78.94,76.87,78.94,1692760,0.0,0.0
2007-07-24 00:00:00+08:00,80.5,84.4,79.2,84.14,6611630,0.0,0.0
2007-07-25 00:00:00+08:00,84.14,85.7,83.1,85.7,3937738,0.0,0.0
2007-07-26 00:00:00+08:00,86.73,90.37,84.66,84.66,4194030,0.0,0.0
2007-07-27 00:00:00+08:00,82.06,89.33,82.06,85.18,3667354,0.0,0.0
2007-07-30 00:00:00+08:00,87.25,88.29,84.14,84.66,2709121,0.0,0.0
2007-07-31 00:00:00+08:00,86.22,88.03,84.66,87.25,1587073,0.0,0.0
2007-08-01 00:00:00+08:00,87.25,87.51,83.62,83.62,1463771,0.0,0.0
2007-08-02 00:00:00+08:00,85.7,85.96,77.91,79.98,1940245,0.0,0.0
2007-08-03 00:00:00+08:00,81.54,82.58,79.98,80.5,1264726,0.0,0.0
2007-08-06 00:00:00+08:00,78.42,79.98,76.87,79.2,538125,0.0,0.0
2007-08-07 00:00:00+08:00,81.54,81.54,77.13,77.13,836692,0.0,0.0
2007-08-08 00:00:00+08:00,78.68,81.28,77.39,81.02,954709,0.0,0.0
2007-08-09 00:00:00+08:00,83.62,86.48,83.62,86.48,2031841,0.0,0.0
2007-08-10 00:00:00+08:00,86.22,90.37,85.18,88.81,4334946,0.0,0.0
2007-08-13 00:00:00+08:00,90.37,90.89,86.48,86.73,1742081,0.0,0.0
2007-08-14 00:00:00+08:00,87.51,87.77,85.7,86.73,1166965,0.0,0.0
2007-08-15 00:00:00+08:00,85.7,89.85,85.18,86.22,1879475,0.0,0.0
2007-08-16 00:00:00+08:00,86.22,86.22,80.24,80.24,1349276,0.0,0.0
2007-08-17 00:00:00+08:00,80.24,83.1,80.24,82.06,1719182,0.0,0.0
2007-08-20 00:00:00+08:00,87.25,87.77,84.92,87.77,1733274,0.0,0.0
2007-08-21 00:00:00+08:00,88.03,88.03,84.14,84.14,982893,0.0,0.0
2007-08-22 00:00:00+08:00,84.92,86.48,83.36,86.48,582161,0.0,0.0
2007-08-23 00:00:00+08:00,88.29,88.81,86.73,87.25,770637,0.0,0.0
2007-08-24 00:00:00+08:00,86.73,89.85,86.73,87.77,1245350,0.0,0.0
2007-08-27 00:00:00+08:00,89.85,89.85,86.73,86.73,566308,0.0,0.0
2007-08-28 00:00:00+08:00,87.77,92.71,86.73,92.71,1622302,0.0,0.0
2007-08-29 00:00:00+08:00,92.71,97.38,91.93,92.97,5444664,0.0,0.0
2007-08-30 00:00:00+08:00,94.11,94.62,89.99,89.99,1538855,0.0,0.0
2007-08-31 00:00:00+08:00,91.15,95.56,91.15,94.01,1257680,0.0,0.0
2007-09-03 00:00:00+08:00,95.04,96.08,92.45,92.97,1000507,0.0,0.0
2007-09-04 00:00:00+08:00,94.53,94.53,88.81,90.37,1066562,0.0,0.0
2007-09-05 00:00:00+08:00,91.93,95.82,90.37,93.23,1659292,0.0,0.0
2007-09-06 00:00:00+08:00,93.23,94.27,91.93,92.45,1448798,0.0,0.0
2007-09-07 00:00:00+08:00,91.56,93.72,91.56,92.37,1253981,6.42,1.0
2007-09-10 00:00:00+08:00,90.47,90.47,86.68,88.58,2074563,0.0,0.0
2007-09-11 00:00:00+08:00,88.58,91.01,88.58,90.74,755179,0.0,0.0
2007-09-12 00:00:00+08:00,91.83,95.89,91.56,93.99,1929806,0.0,0.0
2007-09-13 00:00:00+08:00,94.81,95.35,93.72,93.99,859823,0.0,0.0
2007-09-14 00:00:00+08:00,95.35,97.24,94.54,94.81,2014393,0.0,0.0
2007-09-17 00:00:00+08:00,95.35,95.62,91.56,91.56,960107,0.0,0.0
2007-09-18 00:00:00+08:00,91.56,91.56,91.56,91.56,0,0.0,0.0
2007-09-19 00:00:00+08:00,93.18,93.18,88.04,90.2,1267062,0.0,0.0
2007-09-20 00:00:00+08:00,91.56,93.45,90.74,91.56,918249,0.0,0.0
2007-09-21 00:00:00+08:00,92.91,93.18,90.74,92.91,652279,0.0,0.0
2007-09-26 00:00:00+08:00,93.18,93.72,90.74,91.29,560716,0.0,0.0
2007-09-27 00:00:00+08:00,92.1,93.45,91.01,93.18,1070855,0.0,0.0
2007-09-28 00:00:00+08:00,95.35,96.43,93.99,94.27,1634187,0.0,0.0
2007-10-01 00:00:00+08:00,94.54,94.81,90.2,91.01,1395251,0.0,0.0
2007-10-02 00:00:00+08:00,91.56,92.37,90.2,90.2,822326,0.0,0.0
2007-10-03 00:00:00+08:00,90.47,91.56,89.39,89.66,717682,0.0,0.0
2007-10-04 00:00:00+08:00,89.66,91.56,89.66,91.56,454328,0.0,0.0
2007-10-05 00:00:00+08:00,92.1,92.64,89.66,89.93,826686,0.0,0.0
2007-10-08 00:00:00+08:00,91.01,91.01,89.66,89.93,347068,0.0,0.0
2007-10-09 00:00:00+08:00,90.47,91.56,84.51,88.31,908657,0.0,0.0
2007-10-11 00:00:00+08:00,89.39,90.2,87.22,88.04,418575,0.0,0.0
2007-10-12 00:00:00+08:00,88.04,88.58,86.68,86.68,374973,0.0,0.0
2007-10-15 00:00:00+08:00,87.22,87.22,85.06,86.41,507522,0.0,0.0
2007-10-16 00:00:00+08:00,86.41,87.49,85.6,85.87,531067,0.0,0.0
2007-10-17 00:00:00+08:00,86.14,86.14,83.7,84.51,673208,0.0,0.0
2007-10-18 00:00:00+08:00,85.06,87.22,84.51,85.87,2289955,0.0,0.0
2007-10-19 00:00:00+08:00,85.87,86.14,84.24,85.87,623502,0.0,0.0
2007-10-22 00:00:00+08:00,84.24,85.06,83.97,84.51,380205,0.0,0.0
2007-10-23 00:00:00+08:00,85.06,87.49,85.06,86.68,1970792,0.0,0.0
2007-10-24 00:00:00+08:00,87.22,87.49,84.78,84.78,672336,0.0,0.0
2007-10-25 00:00:00+08:00,85.06,86.68,85.06,85.06,386310,0.0,0.0
2007-10-26 00:00:00+08:00,86.14,86.14,83.97,83.97,484849,0.0,0.0
2007-10-29 00:00:00+08:00,84.24,87.22,84.24,87.22,718554,0.0,0.0
2007-10-30 00:00:00+08:00,87.22,88.31,85.06,86.14,564204,0.0,0.0
2007-10-31 00:00:00+08:00,86.14,87.49,85.06,86.14,479617,0.0,0.0
2007-11-01 00:00:00+08:00,87.22,87.22,84.78,85.6,722914,0.0,0.0
2007-11-02 00:00:00+08:00,83.7,83.97,79.64,79.91,1798129,0.0,0.0
2007-11-05 00:00:00+08:00,79.64,79.64,76.66,77.2,1322872,0.0,0.0
2007-11-06 00:00:00+08:00,77.74,78.55,75.03,75.03,1083063,0.0,0.0
2007-11-07 00:00:00+08:00,76.93,80.18,75.85,80.18,1626339,0.0,0.0
2007-11-08 00:00:00+08:00,78.01,78.28,75.3,75.85,816221,0.0,0.0
2007-11-09 00:00:00+08:00,76.39,77.47,70.7,73.14,1687381,0.0,0.0
2007-11-12 00:00:00+08:00,69.34,70.97,68.8,68.8,937434,0.0,0.0
2007-11-13 00:00:00+08:00,70.7,71.24,67.99,70.7,1242645,0.0,0.0
2007-11-14 00:00:00+08:00,73.14,75.57,72.05,75.3,723786,0.0,0.0
2007-11-15 00:00:00+08:00,73.68,75.03,73.14,73.41,347940,0.0,0.0
2007-11-16 00:00:00+08:00,71.51,73.14,71.51,73.14,261609,0.0,0.0
2007-11-19 00:00:00+08:00,74.76,75.03,72.6,73.14,203183,0.0,0.0
2007-11-20 00:00:00+08:00,70.7,73.14,70.16,73.14,494442,0.0,0.0
2007-11-21 00:00:00+08:00,72.87,74.22,70.97,70.97,292130,0.0,0.0
2007-11-22 00:00:00+08:00,72.6,72.6,70.43,70.43,392414,0.0,0.0
2007-11-23 00:00:00+08:00,70.97,71.24,68.8,68.8,421191,0.0,0.0
2007-11-26 00:00:00+08:00,70.43,70.43,68.53,69.07,353172,0.0,0.0
2007-11-27 00:00:00+08:00,65.01,69.89,65.01,69.62,423807,0.0,0.0
2007-11-28 00:00:00+08:00,69.89,70.16,67.72,67.72,283410,0.0,0.0
2007-11-29 00:00:00+08:00,69.34,70.16,67.72,67.72,577285,0.0,0.0
2007-11-30 00:00:00+08:00,68.26,70.43,68.26,69.89,487465,0.0,0.0
2007-12-03 00:00:00+08:00,69.89,71.51,69.89,69.89,459560,0.0,0.0
2007-12-04 00:00:00+08:00,69.89,71.51,69.89,71.51,219752,0.0,0.0
2007-12-05 00:00:00+08:00,71.51,72.87,70.97,72.32,422935,0.0,0.0
2007-12-06 00:00:00+08:00,73.41,73.41,70.43,70.43,435143,0.0,0.0
2007-12-07 00:00:00+08:00,71.51,72.87,71.24,71.51,725530,0.0,0.0
2007-12-10 00:00:00+08:00,71.24,72.05,70.7,70.7,194463,0.0,0.0
2007-12-11 00:00:00+08:00,71.24,71.24,69.89,69.89,185742,0.0,0.0
2007-12-12 00:00:00+08:00,69.62,70.43,68.8,70.43,212775,0.0,0.0
2007-12-13 00:00:00+08:00,70.43,70.43,68.26,68.26,331372,0.0,0.0
2007-12-14 00:00:00+08:00,68.26,68.26,65.55,66.64,380205,0.0,0.0
2007-12-17 00:00:00+08:00,65.01,66.64,62.03,62.03,464793,0.0,0.0
2007-12-18 00:00:00+08:00,59.59,63.11,57.7,59.59,1380426,0.0,0.0
2007-12-19 00:00:00+08:00,61.49,62.84,60.68,62.84,572052,0.0,0.0
2007-12-20 00:00:00+08:00,62.84,64.74,61.49,62.3,412471,0.0,0.0
2007-12-21 00:00:00+08:00,62.84,63.93,60.68,62.84,413343,0.0,0.0
2007-12-24 00:00:00+08:00,64.47,67.18,63.39,65.82,685417,0.0,0.0
2007-12-25 00:00:00+08:00,67.18,67.72,65.55,66.09,272073,0.0,0.0
2007-12-26 00:00:00+08:00,66.09,66.91,65.01,66.91,253761,0.0,0.0
2007-12-27 00:00:00+08:00,66.91,69.62,66.64,69.34,724658,0.0,0.0
2007-12-28 00:00:00+08:00,69.34,71.78,68.53,70.43,408110,0.0,0.0
2007-12-31 00:00:00+08:00,71.51,71.51,69.62,70.16,390670,0.0,0.0
2008-01-02 00:00:00+08:00,70.16,71.24,68.53,69.07,272073,0.0,0.0
2008-01-03 00:00:00+08:00,67.72,68.26,66.09,67.18,313931,0.0,0.0
2008-01-04 00:00:00+08:00,67.18,68.26,66.36,66.64,240680,0.0,0.0
2008-01-07 00:00:00+08:00,65.01,65.55,63.39,65.01,429039,0.0,0.0
2008-01-08 00:00:00+08:00,65.55,67.18,64.2,66.09,667976,0.0,0.0
2008-01-09 00:00:00+08:00,64.2,68.26,64.2,68.26,439504,0.0,0.0
2008-01-10 00:00:00+08:00,69.34,70.97,68.8,69.34,555484,0.0,0.0
2008-01-11 00:00:00+08:00,69.34,69.89,67.18,67.72,419447,0.0,0.0
2008-01-14 00:00:00+08:00,68.26,69.34,65.55,67.18,601702,0.0,0.0
2008-01-15 00:00:00+08:00,69.89,70.97,68.26,70.97,1008940,0.0,0.0
2008-01-16 00:00:00+08:00,69.34,70.97,68.8,69.07,565948,0.0,0.0
2008-01-17 00:00:00+08:00,69.34,70.43,68.8,69.34,305211,0.0,0.0
2008-01-18 00:00:00+08:00,68.8,70.97,66.64,70.43,341836,0.0,0.0
2008-01-21 00:00:00+08:00,70.7,70.7,68.53,68.8,238064,0.0,0.0
2008-01-22 00:00:00+08:00,64.2,66.09,64.2,64.2,547636,0.0,0.0
2008-01-23 00:00:00+08:00,65.28,65.28,61.49,61.49,543275,0.0,0.0
2008-01-24 00:00:00+08:00,63.39,63.39,57.43,59.59,701985,0.0,0.0
2008-01-25 00:00:00+08:00,55.53,60.95,55.53,60.13,756923,0.0,0.0
2008-01-28 00:00:00+08:00,57.43,60.13,57.16,57.43,340092,0.0,0.0
2008-01-29 00:00:00+08:00,58.24,58.78,57.43,57.7,210159,0.0,0.0
2008-01-30 00:00:00+08:00,58.51,59.59,58.24,58.51,236320,0.0,0.0
2008-01-31 00:00:00+08:00,59.59,60.13,58.24,59.32,377589,0.0,0.0
2008-02-01 00:00:00+08:00,60.68,61.49,60.13,61.22,260737,0.0,0.0
2008-02-12 00:00:00+08:00,60.13,60.13,57.16,57.16,464793,0.0,0.0
2008-02-13 00:00:00+08:00,57.16,58.51,56.07,56.88,277306,0.0,0.0
2008-02-14 00:00:00+08:00,57.43,60.13,57.43,59.86,218880,0.0,0.0
2008-02-15 00:00:00+08:00,59.05,62.03,58.24,61.76,293874,0.0,0.0
2008-02-18 00:00:00+08:00,62.3,65.82,62.3,65.82,573797,0.0,0.0
2008-02-19 00:00:00+08:00,66.64,67.18,64.47,65.55,427295,0.0,0.0
2008-02-20 00:00:00+08:00,65.55,66.09,64.2,65.01,417703,0.0,0.0
2008-02-21 00:00:00+08:00,65.55,66.91,65.55,66.91,486593,0.0,0.0
2008-02-22 00:00:00+08:00,66.09,66.64,66.09,66.09,289514,0.0,0.0
2008-02-25 00:00:00+08:00,67.72,68.26,66.91,67.18,409855,0.0,0.0
2008-02-26 00:00:00+08:00,68.26,68.26,67.45,68.26,340092,0.0,0.0
2008-02-27 00:00:00+08:00,68.8,70.43,68.26,68.8,485721,0.0,0.0
2008-02-29 00:00:00+08:00,68.53,69.07,67.99,68.8,143013,0.0,0.0
2008-03-03 00:00:00+08:00,67.18,67.72,65.28,66.09,193591,0.0,0.0
2008-03-04 00:00:00+08:00,66.09,67.72,66.09,67.72,255505,0.0,0.0
2008-03-05 00:00:00+08:00,68.8,68.8,66.64,67.18,211903,0.0,0.0
2008-03-06 00:00:00+08:00,68.8,69.89,67.18,69.62,358405,0.0,0.0
2008-03-07 00:00:00+08:00,68.8,72.6,68.53,70.97,616526,0.0,0.0
2008-03-10 00:00:00+08:00,70.97,70.97,68.8,69.34,365381,0.0,0.0
2008-03-11 00:00:00+08:00,68.26,69.62,68.26,68.8,263353,0.0,0.0
2008-03-12 00:00:00+08:00,70.43,70.43,69.07,69.89,282538,0.0,0.0
2008-03-13 00:00:00+08:00,69.34,69.89,67.72,67.72,155221,0.0,0.0
2008-03-14 00:00:00+08:00,68.26,69.62,67.72,67.72,322651,0.0,0.0
2008-03-17 00:00:00+08:00,66.91,66.91,65.28,66.64,159581,0.0,0.0
2008-03-18 00:00:00+08:00,66.64,67.45,66.36,67.18,212775,0.0,0.0
2008-03-19 00:00:00+08:00,67.45,67.99,66.64,67.18,154349,0.0,0.0
2008-03-20 00:00:00+08:00,67.18,67.72,66.36,67.45,167430,0.0,0.0
2008-03-21 00:00:00+08:00,67.72,69.07,67.72,67.99,315675,0.0,0.0
2008-03-24 00:00:00+08:00,71.51,71.51,69.34,69.34,293002,0.0,0.0
2008-03-25 00:00:00+08:00,69.89,70.7,69.34,70.16,313931,0.0,0.0
2008-03-26 00:00:00+08:00,70.43,74.76,69.89,73.95,1050798,0.0,0.0
2008-03-27 00:00:00+08:00,72.6,73.95,72.32,72.32,413343,0.0,0.0
2008-03-28 00:00:00+08:00,72.87,73.14,71.24,72.87,192719,0.0,0.0
2008-03-31 00:00:00+08:00,72.6,72.87,71.78,72.05,139525,0.0,0.0
2008-04-01 00:00:00+08:00,72.87,73.41,72.32,72.32,262481,0.0,0.0
2008-04-02 00:00:00+08:00,73.14,74.49,73.14,73.68,375845,0.0,0.0
2008-04-03 00:00:00+08:00,73.68,74.49,73.14,74.49,424679,0.0,0.0
2008-04-07 00:00:00+08:00,75.03,75.57,73.95,73.95,215391,0.0,0.0
2008-04-08 00:00:00+08:00,73.68,74.22,72.6,72.87,225856,0.0,0.0
2008-04-09 00:00:00+08:00,72.87,73.95,72.32,72.6,197079,0.0,0.0
2008-04-10 00:00:00+08:00,73.14,73.68,72.6,72.6,396774,0.0,0.0
2008-04-11 00:00:00+08:00,72.6,73.95,72.6,73.14,240680,0.0,0.0
2008-04-14 00:00:00+08:00,73.14,75.03,72.6,75.03,491826,0.0,0.0
2008-04-15 00:00:00+08:00,75.3,79.64,75.3,76.93,675824,0.0,0.0
2008-04-16 00:00:00+08:00,78.55,80.45,77.2,79.37,865055,0.0,0.0
2008-04-17 00:00:00+08:00,80.72,80.72,78.01,79.64,661872,0.0,0.0
2008-04-18 00:00:00+08:00,79.64,80.45,79.1,79.37,244168,0.0,0.0
2008-04-21 00:00:00+08:00,80.45,81.8,77.74,79.91,870287,0.0,0.0
2008-04-22 00:00:00+08:00,80.18,80.18,78.83,79.64,258993,0.0,0.0
2008-04-23 00:00:00+08:00,80.18,83.43,79.1,81.26,891216,0.0,0.0
2008-04-24 00:00:00+08:00,81.8,83.97,80.72,80.72,804013,0.0,0.0
2008-04-25 00:00:00+08:00,82.35,82.62,80.72,80.99,806629,0.0,0.0
2008-04-28 00:00:00+08:00,82.35,82.35,78.55,80.72,539787,0.0,0.0
2008-04-29 00:00:00+08:00,80.18,83.97,79.91,83.97,798781,0.0,0.0
2008-04-30 00:00:00+08:00,83.97,85.6,82.62,85.6,847615,0.0,0.0
2008-05-02 00:00:00+08:00,86.14,86.41,83.97,84.51,346196,0.0,0.0
2008-05-05 00:00:00+08:00,84.51,85.6,82.89,84.51,556356,0.0,0.0
2008-05-06 00:00:00+08:00,84.78,86.68,84.51,86.41,766516,0.0,0.0
2008-05-07 00:00:00+08:00,86.68,88.04,84.78,84.78,1233925,0.0,0.0
2008-05-08 00:00:00+08:00,84.51,85.06,83.7,83.97,308699,0.0,0.0
2008-05-09 00:00:00+08:00,83.97,83.97,81.26,81.26,524091,0.0,0.0
2008-05-12 00:00:00+08:00,81.8,82.08,80.18,81.53,547636,0.0,0.0
2008-05-13 00:00:00+08:00,81.53,82.89,81.26,82.08,454328,0.0,0.0
2008-05-14 00:00:00+08:00,82.08,85.33,81.8,85.06,797909,0.0,0.0
2008-05-15 00:00:00+08:00,85.6,86.14,85.06,85.87,525835,0.0,0.0
2008-05-16 00:00:00+08:00,86.68,86.95,85.06,85.33,542403,0.0,0.0
2008-05-19 00:00:00+08:00,85.6,86.41,84.78,86.41,227600,0.0,0.0
2008-05-20 00:00:00+08:00,86.41,86.68,85.87,85.87,451712,0.0,0.0
2008-05-21 00:00:00+08:00,85.6,85.87,84.78,84.78,129060,0.0,0.0
2008-05-22 00:00:00+08:00,82.89,85.33,82.89,84.78,335732,0.0,0.0
2008-05-23 00:00:00+08:00,85.06,85.33,83.43,84.51,320907,0.0,0.0
2008-05-26 00:00:00+08:00,84.51,84.51,81.26,82.08,402006,0.0,0.0
2008-05-27 00:00:00+08:00,81.8,82.89,80.72,82.08,374101,0.0,0.0
2008-05-28 00:00:00+08:00,84.24,84.24,81.26,81.26,282538,0.0,0.0
2008-05-29 00:00:00+08:00,81.53,82.62,81.53,81.53,140397,0.0,0.0
2008-05-30 00:00:00+08:00,82.35,82.35,81.26,82.35,218007,0.0,0.0
2008-06-02 00:00:00+08:00,82.89,83.16,82.62,82.89,74122,0.0,0.0
2008-06-03 00:00:00+08:00,82.89,82.89,80.99,81.26,158709,0.0,0.0
2008-06-04 00:00:00+08:00,81.26,82.35,81.26,81.8,87203,0.0,0.0
2008-06-05 00:00:00+08:00,82.89,83.16,81.53,83.16,183126,0.0,0.0
2008-06-06 00:00:00+08:00,83.43,83.7,81.8,81.8,172662,0.0,0.0
2008-06-09 00:00:00+08:00,79.64,80.72,79.1,80.18,345324,0.0,0.0
2008-06-10 00:00:00+08:00,80.72,81.53,79.64,80.72,326139,0.0,0.0
2008-06-11 00:00:00+08:00,80.99,81.53,80.18,80.72,250273,0.0,0.0
2008-06-12 00:00:00+08:00,80.18,80.18,79.1,79.64,309571,0.0,0.0
2008-06-13 00:00:00+08:00,80.18,80.18,79.1,79.91,118596,0.0,0.0
2008-06-16 00:00:00+08:00,80.99,81.8,80.99,81.8,260737,0.0,0.0
2008-06-17 00:00:00+08:00,81.8,82.08,80.99,81.8,99411,0.0,0.0
2008-06-18 00:00:00+08:00,81.8,85.6,81.8,85.33,393286,0.0,0.0
2008-06-19 00:00:00+08:00,85.06,85.06,83.7,84.78,156093,0.0,0.0
2008-06-20 00:00:00+08:00,85.06,85.33,83.43,84.78,289514,0.0,0.0
2008-06-23 00:00:00+08:00,83.97,83.97,82.89,82.89,119468,0.0,0.0
2008-06-24 00:00:00+08:00,82.35,83.43,79.64,79.64,223240,0.0,0.0
2008-06-25 00:00:00+08:00,79.64,80.99,76.39,80.99,422935,0.0,0.0
2008-06-26 00:00:00+08:00,80.99,80.99,78.55,78.55,109876,0.0,0.0
2008-06-27 00:00:00+08:00,73.68,75.3,73.68,73.68,178766,0.0,0.0
2008-06-30 00:00:00+08:00,75.85,78.83,75.85,78.55,916505,0.0,0.0
2008-07-01 00:00:00+08:00,77.47,78.55,75.85,76.93,246785,0.0,0.0
2008-07-02 00:00:00+08:00,77.2,79.64,76.93,77.2,307827,0.0,0.0
2008-07-03 00:00:00+08:00,75.85,76.39,73.68,75.3,681056,0.0,0.0
2008-07-04 00:00:00+08:00,75.3,75.85,74.22,74.76,175278,0.0,0.0
2008-07-07 00:00:00+08:00,74.76,76.93,73.68,76.93,220624,0.0,0.0
2008-07-08 00:00:00+08:00,76.39,78.01,74.76,74.76,247657,0.0,0.0
2008-07-09 00:00:00+08:00,75.85,77.74,75.03,75.85,292130,0.0,0.0
2008-07-10 00:00:00+08:00,75.85,76.39,75.03,75.85,386310,0.0,0.0
2008-07-11 00:00:00+08:00,75.3,75.85,74.22,75.57,235448,0.0,0.0
2008-07-14 00:00:00+08:00,75.3,75.3,74.22,74.49,164814,0.0,0.0
2008-07-15 00:00:00+08:00,73.95,74.22,69.34,69.34,483977,0.0,0.0
2008-07-16 00:00:00+08:00,70.43,73.68,69.89,72.05,572924,0.0,0.0
2008-07-17 00:00:00+08:00,74.76,76.93,72.87,76.93,424679,0.0,0.0
2008-07-18 00:00:00+08:00,77.47,77.47,75.3,75.3,132548,0.0,0.0
2008-07-21 00:00:00+08:00,77.47,80.45,76.93,79.37,401134,0.0,0.0
2008-07-22 00:00:00+08:00,79.64,80.45,78.83,80.18,201439,0.0,0.0
2008-07-23 00:00:00+08:00,81.53,82.35,80.72,81.53,477873,0.0,0.0
2008-07-24 00:00:00+08:00,81.8,82.89,81.26,82.08,197951,0.0,0.0
2008-07-25 00:00:00+08:00,80.72,81.53,80.18,81.26,237192,0.0,0.0
2008-07-28 00:00:00+08:00,82.71,82.71,82.71,82.71,0,0.0,0.0
2008-07-29 00:00:00+08:00,79.1,80.99,79.1,80.18,113364,0.0,0.0
2008-07-30 00:00:00+08:00,81.26,82.35,80.72,80.72,250273,0.0,0.0
2008-07-31 00:00:00+08:00,82.08,82.62,80.45,82.35,536299,0.0,0.0
2008-08-01 00:00:00+08:00,81.8,81.8,76.66,78.55,325267,0.0,0.0
2008-08-04 00:00:00+08:00,77.2,79.1,77.2,78.55,95923,0.0,0.0
2008-08-05 00:00:00+08:00,78.55,79.64,77.47,79.64,76738,0.0,0.0
2008-08-06 00:00:00+08:00,81.26,81.8,80.72,80.99,272945,0.0,0.0
2008-08-07 00:00:00+08:00,83.26,83.26,80.51,81.06,214171,0.0,0.0
2008-08-08 00:00:00+08:00,80.18,83.16,79.64,81.8,415959,0.0,0.0
2008-08-11 00:00:00+08:00,83.43,83.7,82.08,82.08,277306,0.0,0.0
2008-08-12 00:00:00+08:00,82.08,82.35,80.72,81.26,186614,0.0,0.0
2008-08-13 00:00:00+08:00,81.26,82.08,80.72,81.26,149989,0.0,0.0
2008-08-14 00:00:00+08:00,81.8,81.8,80.45,80.99,186614,0.0,0.0
2008-08-15 00:00:00+08:00,81.26,81.8,79.37,79.37,221496,0.0,0.0
2008-08-18 00:00:00+08:00,79.37,79.64,77.47,77.47,115980,0.0,0.0
2008-08-19 00:00:00+08:00,76.39,78.01,75.85,77.47,107259,0.0,0.0
2008-08-20 00:00:00+08:00,76.93,81.26,76.93,80.99,296490,0.0,0.0
2008-08-21 00:00:00+08:00,79.64,80.45,79.64,80.45,113364,0.0,0.0
2008-08-22 00:00:00+08:00,80.45,81.53,79.91,80.72,239808,0.0,0.0
2008-08-25 00:00:00+08:00,82.35,82.35,81.26,81.26,208415,0.0,0.0
2008-08-26 00:00:00+08:00,80.99,81.53,79.91,81.26,228472,0.0,0.0
2008-08-27 00:00:00+08:00,81.26,83.16,80.72,82.62,388054,0.0,0.0
2008-08-28 00:00:00+08:00,82.89,83.16,81.8,82.89,371485,0.0,0.0
2008-08-29 00:00:00+08:00,83.43,85.87,82.89,85.6,803141,0.0,0.0
2008-09-01 00:00:00+08:00,84.51,85.06,82.89,82.89,362765,0.0,0.0
2008-09-02 00:00:00+08:00,83.97,83.97,82.08,82.89,219752,0.0,0.0
2008-09-03 00:00:00+08:00,82.89,85.06,82.89,83.43,267713,0.0,0.0
2008-09-04 00:00:00+08:00,83.7,84.51,83.43,83.7,432527,0.0,0.0
2008-09-05 00:00:00+08:00,82.35,83.7,81.8,83.43,710706,0.0,0.0
2008-09-08 00:00:00+08:00,84.51,87.76,84.51,86.68,911273,0.0,0.0
2008-09-09 00:00:00+08:00,83.82,84.11,79.83,81.83,900535,7.42,1.0
2008-09-10 00:00:00+08:00,81.54,86.67,79.83,86.67,476601,0.0,0.0
2008-09-11 00:00:00+08:00,86.67,87.53,83.82,83.82,371265,0.0,0.0
2008-09-12 00:00:00+08:00,85.53,86.1,82.68,84.39,379899,0.0,0.0
2008-09-15 00:00:00+08:00,83.82,83.82,80.97,80.97,183906,0.0,0.0
2008-09-16 00:00:00+08:00,78.69,79.83,75.55,75.55,372992,0.0,0.0
2008-09-17 00:00:00+08:00,78.69,80.4,75.55,75.84,433431,0.0,0.0
2008-09-18 00:00:00+08:00,74.13,78.97,72.42,78.97,476601,0.0,0.0
2008-09-19 00:00:00+08:00,82.68,84.39,79.83,83.54,631152,0.0,0.0
2008-09-22 00:00:00+08:00,84.39,84.39,82.11,83.82,216715,0.0,0.0
2008-09-23 00:00:00+08:00,82.68,83.25,82.11,82.68,256432,0.0,0.0
2008-09-24 00:00:00+08:00,82.68,82.97,80.4,81.26,258159,0.0,0.0
2008-09-25 00:00:00+08:00,80.11,81.54,79.83,79.83,231393,0.0,0.0
2008-09-26 00:00:00+08:00,79.26,79.26,74.41,74.7,355724,0.0,0.0
2008-09-29 00:00:00+08:00,76.03,76.03,76.03,76.03,0,0.0,0.0
2008-09-30 00:00:00+08:00,69.57,70.14,69.57,70.14,158003,0.0,0.0
2008-10-01 00:00:00+08:00,72.42,72.99,71.28,71.28,107062,0.0,0.0
2008-10-02 00:00:00+08:00,71.28,75.55,69.0,69.57,182179,0.0,0.0
2008-10-03 00:00:00+08:00,67.29,73.27,67.29,73.27,151959,0.0,0.0
2008-10-06 00:00:00+08:00,73.27,74.13,71.28,72.13,126921,0.0,0.0
2008-10-07 00:00:00+08:00,70.14,72.7,69.85,71.28,176135,0.0,0.0
2008-10-08 00:00:00+08:00,70.71,72.99,69.57,70.14,156277,0.0,0.0
2008-10-09 00:00:00+08:00,68.43,74.13,68.43,72.99,429977,0.0,0.0
2008-10-13 00:00:00+08:00,71.28,72.42,70.71,72.42,170954,0.0,0.0
2008-10-14 00:00:00+08:00,77.26,77.26,75.27,76.98,253842,0.0,0.0
2008-10-15 00:00:00+08:00,75.84,75.84,74.41,74.41,122604,0.0,0.0
2008-10-16 00:00:00+08:00,71.85,71.85,71.85,71.85,58711,0.0,0.0
2008-10-17 00:00:00+08:00,72.7,72.7,69.57,70.14,107062,0.0,0.0
2008-10-20 00:00:00+08:00,68.43,69.85,67.86,69.57,246071,0.0,0.0
2008-10-21 00:00:00+08:00,70.14,70.99,69.28,69.57,178725,0.0,0.0
2008-10-22 00:00:00+08:00,69.57,72.13,69.28,70.71,140735,0.0,0.0
2008-10-23 00:00:00+08:00,68.71,70.71,68.71,69.85,92384,0.0,0.0
2008-10-24 00:00:00+08:00,69.0,69.57,67.57,67.57,272837,0.0,0.0
2008-10-27 00:00:00+08:00,64.72,65.0,63.01,63.01,203764,0.0,0.0
2008-10-28 00:00:00+08:00,59.02,63.86,58.73,62.72,300466,0.0,0.0
2008-10-29 00:00:00+08:00,66.71,67.0,65.0,65.57,313417,0.0,0.0
2008-10-30 00:00:00+08:00,66.14,70.14,66.14,70.14,224486,0.0,0.0
2008-10-31 00:00:00+08:00,72.42,74.98,69.85,74.98,622517,0.0,0.0
2008-11-03 00:00:00+08:00,74.98,76.12,72.13,74.7,290105,0.0,0.0
2008-11-04 00:00:00+08:00,73.56,73.84,72.42,73.27,55258,0.0,0.0
2008-11-05 00:00:00+08:00,73.27,74.13,71.85,72.42,127784,0.0,0.0
2008-11-06 00:00:00+08:00,71.28,71.28,67.57,67.57,155413,0.0,0.0
2008-11-07 00:00:00+08:00,63.29,72.13,63.29,71.56,257295,0.0,0.0
2008-11-10 00:00:00+08:00,71.28,71.28,69.0,69.57,60438,0.0,0.0
2008-11-11 00:00:00+08:00,68.43,70.14,68.43,69.28,53531,0.0,0.0
2008-11-12 00:00:00+08:00,70.99,72.13,69.28,69.57,103609,0.0,0.0
2008-11-13 00:00:00+08:00,67.86,67.86,65.29,65.86,125194,0.0,0.0
2008-11-14 00:00:00+08:00,67.86,70.42,66.43,66.43,87204,0.0,0.0
2008-11-17 00:00:00+08:00,65.0,70.99,63.29,63.86,81160,0.0,0.0
2008-11-18 00:00:00+08:00,62.72,62.72,59.59,59.59,437748,0.0,0.0
2008-11-19 00:00:00+08:00,57.31,61.01,55.42,60.44,267656808,0.0,0.0
2008-11-20 00:00:00+08:00,57.59,59.02,56.22,56.22,292695671,0.0,0.0
2008-11-21 00:00:00+08:00,54.17,58.16,53.03,57.59,286651,0.0,0.0
2008-11-24 00:00:00+08:00,55.94,56.45,55.88,55.88,85477,0.0,0.0
2008-11-25 00:00:00+08:00,56.96,59.02,56.96,57.88,102745,0.0,0.0
2008-11-26 00:00:00+08:00,57.59,59.59,57.59,59.59,95838,0.0,0.0
2008-11-27 00:00:00+08:00,60.73,63.29,60.44,63.29,158003,0.0,0.0
2008-11-28 00:00:00+08:00,61.58,63.29,61.58,61.87,55258,0.0,0.0
2008-12-01 00:00:00+08:00,61.58,62.72,61.3,61.87,96701,0.0,0.0
2008-12-02 00:00:00+08:00,59.3,59.3,58.16,58.73,102745,0.0,0.0
2008-12-03 00:00:00+08:00,59.02,61.01,58.16,58.73,107926,0.0,0.0
2008-12-04 00:00:00+08:00,61.01,61.3,59.87,60.44,172681812,0.0,0.0
2008-12-05 00:00:00+08:00,59.87,60.44,58.73,59.3,99292,0.0,0.0
2008-12-08 00:00:00+08:00,59.87,63.29,59.87,63.29,259886,0.0,0.0
2008-12-09 00:00:00+08:00,63.29,67.29,63.29,65.0,430841,0.0,0.0
2008-12-10 00:00:00+08:00,63.29,67.86,63.29,67.29,534450,0.0,0.0
2008-12-11 00:00:00+08:00,67.29,68.43,66.14,66.14,128647,0.0,0.0
2008-12-12 00:00:00+08:00,64.43,66.14,63.01,63.86,164911,0.0,0.0
2008-12-15 00:00:00+08:00,65.0,67.29,65.0,66.71,156277,0.0,0.0
2008-12-16 00:00:00+08:00,66.14,66.71,65.0,65.57,49214,0.0,0.0
2008-12-17 00:00:00+08:00,66.14,69.0,64.43,64.43,287515,0.0,0.0
2008-12-18 00:00:00+08:00,64.43,66.71,64.43,65.57,126921,0.0,0.0
2008-12-19 00:00:00+08:00,66.71,66.71,66.71,66.71,205491356,0.0,0.0
2008-12-22 00:00:00+08:00,67.0,67.86,63.58,63.58,159730,0.0,0.0
2008-12-23 00:00:00+08:00,63.58,64.43,60.44,61.87,194267,0.0,0.0
2008-12-24 00:00:00+08:00,60.44,63.01,60.44,63.01,94974,0.0,0.0
2008-12-25 00:00:00+08:00,63.29,63.58,62.15,62.15,51804,0.0,0.0
2008-12-26 00:00:00+08:00,61.58,63.01,61.58,62.72,98428,0.0,0.0
2008-12-29 00:00:00+08:00,63.29,63.29,62.15,62.44,50077,0.0,0.0
2008-12-30 00:00:00+08:00,62.72,65.57,62.72,65.57,182179,0.0,0.0
2008-12-31 00:00:00+08:00,64.43,66.43,64.43,66.43,146779,0.0,0.0
2009-01-02 00:00:00+08:00,66.43,66.43,66.43,66.43,0,0.0,0.0
2009-01-05 00:00:00+08:00,67.86,69.0,67.29,67.57,181315,0.0,0.0
2009-01-06 00:00:00+08:00,68.43,68.43,67.29,67.86,132101,0.0,0.0
2009-01-07 00:00:00+08:00,67.86,68.43,67.29,67.86,131238,0.0,0.0
2009-01-08 00:00:00+08:00,67.86,69.0,66.43,66.43,263339,0.0,0.0
2009-01-09 00:00:00+08:00,66.71,67.86,65.86,67.57,106199,0.0,0.0
2009-01-12 00:00:00+08:00,69.0,69.57,68.14,68.14,228803,0.0,0.0
2009-01-13 00:00:00+08:00,67.86,68.43,67.29,68.14,59575,0.0,0.0
2009-01-14 00:00:00+08:00,68.14,68.43,66.43,66.43,236574,0.0,0.0
2009-01-15 00:00:00+08:00,65.0,65.0,63.01,63.29,177862,0.0,0.0
2009-01-16 00:00:00+08:00,64.15,64.43,63.01,63.58,157140,0.0,0.0
2009-01-19 00:00:00+08:00,66.14,66.14,64.15,66.14,449836120,0.0,0.0
2009-01-20 00:00:00+08:00,66.14,66.14,63.86,63.86,185632,0.0,0.0
2009-01-21 00:00:00+08:00,62.72,63.86,62.72,63.29,218442,0.0,0.0
2009-02-02 00:00:00+08:00,63.86,64.72,62.44,63.86,163184,0.0,0.0
2009-02-03 00:00:00+08:00,63.86,67.86,63.86,66.14,426524,0.0,0.0
2009-02-04 00:00:00+08:00,67.57,67.57,65.57,66.14,177862,0.0,0.0
2009-02-05 00:00:00+08:00,66.14,66.71,65.29,65.57,135555,0.0,0.0
2009-02-06 00:00:00+08:00,66.43,68.71,66.43,67.86,496460,0.0,0.0
2009-02-09 00:00:00+08:00,69.0,69.57,67.29,67.86,292695,0.0,0.0
2009-02-10 00:00:00+08:00,67.0,67.86,66.71,67.86,143325,0.0,0.0
2009-02-11 00:00:00+08:00,67.0,69.0,67.0,68.43,252978,0.0,0.0
2009-02-12 00:00:00+08:00,69.0,69.0,66.71,67.29,217579,0.0,0.0
2009-02-13 00:00:00+08:00,67.29,68.43,67.29,68.14,161457,0.0,0.0
2009-02-16 00:00:00+08:00,68.14,68.14,66.71,68.14,101882,0.0,0.0
2009-02-17 00:00:00+08:00,67.57,67.57,66.14,66.71,103609,0.0,0.0
2009-02-18 00:00:00+08:00,66.14,67.57,66.14,67.57,86340,0.0,0.0
2009-02-19 00:00:00+08:00,66.14,67.57,66.14,67.29,171818,0.0,0.0
2009-02-20 00:00:00+08:00,66.14,67.29,65.29,65.57,189086,0.0,0.0
2009-02-23 00:00:00+08:00,65.57,65.57,64.43,65.57,306510,0.0,0.0
2009-02-24 00:00:00+08:00,65.29,70.14,65.0,67.29,953203,0.0,0.0
2009-02-25 00:00:00+08:00,67.86,69.0,66.71,66.71,789155,0.0,0.0
2009-02-26 00:00:00+08:00,67.29,67.86,66.43,66.71,319461,0.0,0.0
2009-02-27 00:00:00+08:00,66.71,67.86,66.43,67.86,493869,0.0,0.0
2009-03-02 00:00:00+08:00,67.29,67.57,65.86,65.86,448972,0.0,0.0
2009-03-03 00:00:00+08:00,65.0,65.57,63.86,65.29,395441,0.0,0.0
2009-03-04 00:00:00+08:00,65.57,67.57,65.0,67.29,863409,0.0,0.0
2009-03-05 00:00:00+08:00,68.14,70.14,66.71,68.43,1067173,0.0,0.0
2009-03-06 00:00:00+08:00,69.0,70.14,68.14,69.57,702814,0.0,0.0
2009-03-09 00:00:00+08:00,70.14,70.42,68.14,68.43,290105,0.0,0.0
2009-03-10 00:00:00+08:00,68.14,69.57,67.86,69.28,437748,0.0,0.0
2009-03-11 00:00:00+08:00,70.14,70.42,68.43,69.0,447245,0.0,0.0
2009-03-12 00:00:00+08:00,69.0,69.57,67.86,68.14,297876,0.0,0.0
2009-03-13 00:00:00+08:00,68.43,72.13,68.43,71.85,828872,0.0,0.0
2009-03-16 00:00:00+08:00,71.85,72.42,69.57,69.85,644103,0.0,0.0
2009-03-17 00:00:00+08:00,69.57,70.14,68.43,69.57,401485,0.0,0.0
2009-03-18 00:00:00+08:00,70.14,70.71,68.71,68.71,444655,0.0,0.0
2009-03-19 00:00:00+08:00,69.0,69.85,68.43,69.0,379036,0.0,0.0
2009-03-20 00:00:00+08:00,69.57,69.57,68.14,68.43,236574,0.0,0.0
2009-03-23 00:00:00+08:00,68.71,70.14,68.43,70.14,360904,0.0,0.0
2009-03-24 00:00:00+08:00,71.28,73.56,70.99,71.56,1041271,0.0,0.0
2009-03-25 00:00:00+08:00,71.28,72.7,71.28,72.42,592298,0.0,0.0
2009-03-26 00:00:00+08:00,72.99,74.41,71.85,72.13,930754,0.0,0.0
2009-03-27 00:00:00+08:00,72.42,72.7,70.71,70.99,542220,0.0,0.0
2009-03-30 00:00:00+08:00,70.71,74.7,70.14,71.28,1238128,0.0,0.0
2009-03-31 00:00:00+08:00,72.42,72.42,71.28,71.28,563806,0.0,0.0
2009-04-02 00:00:00+08:00,71.85,71.85,70.42,70.71,748575,0.0,0.0
2009-04-03 00:00:00+08:00,71.28,71.28,69.0,69.28,1146607,0.0,0.0
2009-04-06 00:00:00+08:00,69.85,70.42,68.43,68.71,700224,0.0,0.0
2009-04-07 00:00:00+08:00,69.0,69.57,68.43,69.0,475738,0.0,0.0
2009-04-08 00:00:00+08:00,69.0,69.0,66.71,67.29,1030910,0.0,0.0
2009-04-09 00:00:00+08:00,68.14,69.85,68.14,69.85,879813,0.0,0.0
2009-04-10 00:00:00+08:00,70.71,71.85,68.71,71.56,1261440,0.0,0.0
2009-04-13 00:00:00+08:00,71.56,71.56,70.42,70.71,848731,0.0,0.0
2009-04-14 00:00:00+08:00,71.28,75.55,70.99,75.55,4578658,0.0,0.0
2009-04-15 00:00:00+08:00,76.12,78.69,74.98,76.98,3164394,0.0,0.0
2009-04-16 00:00:00+08:00,78.69,78.97,75.27,75.84,1675013,0.0,0.0
2009-04-17 00:00:00+08:00,77.55,79.54,73.56,74.13,2699016,0.0,0.0
2009-04-20 00:00:00+08:00,74.98,75.55,72.42,75.55,704541,0.0,0.0
2009-04-21 00:00:00+08:00,74.7,75.27,73.56,74.7,530133,0.0,0.0
2009-04-22 00:00:00+08:00,74.98,76.98,73.84,74.41,1033500,0.0,0.0
2009-04-23 00:00:00+08:00,74.7,75.84,73.27,73.56,795199,0.0,0.0
2009-04-24 00:00:00+08:00,74.13,78.69,74.13,78.69,2473666,0.0,0.0
2009-04-27 00:00:00+08:00,79.83,82.4,77.55,79.83,3262822,0.0,0.0
2009-04-28 00:00:00+08:00,81.54,82.11,77.26,77.55,1520463,0.0,0.0
2009-04-29 00:00:00+08:00,78.4,78.69,72.99,73.27,1824383,0.0,0.0
2009-04-30 00:00:00+08:00,76.41,78.12,75.27,77.55,1845968,0.0,0.0
2009-05-04 00:00:00+08:00,78.69,79.26,74.41,76.12,3111726,0.0,0.0
2009-05-05 00:00:00+08:00,76.12,78.4,74.41,75.27,2433086,0.0,0.0
2009-05-06 00:00:00+08:00,75.27,80.4,75.27,80.4,3275773,0.0,0.0
2009-05-07 00:00:00+08:00,80.97,85.82,78.97,84.39,4812642,0.0,0.0
2009-05-08 00:00:00+08:00,83.54,88.67,82.68,87.53,2809533,0.0,0.0
2009-05-11 00:00:00+08:00,85.53,86.39,84.39,84.39,1504058,0.0,0.0
2009-05-12 00:00:00+08:00,83.25,83.25,79.83,80.4,1149197,0.0,0.0
2009-05-13 00:00:00+08:00,80.4,82.68,80.4,81.26,1564497,0.0,0.0
2009-05-14 00:00:00+08:00,79.83,83.25,79.83,80.97,1275255,0.0,0.0
2009-05-15 00:00:00+08:00,81.26,84.39,81.26,82.4,1393542,0.0,0.0
2009-05-18 00:00:00+08:00,82.4,82.68,79.26,79.54,1246762,0.0,0.0
2009-05-19 00:00:00+08:00,81.26,82.68,80.69,82.11,1174236,0.0,0.0
2009-05-20 00:00:00+08:00,82.68,84.39,82.11,82.68,1121568,0.0,0.0
2009-05-21 00:00:00+08:00,82.68,88.1,82.68,86.67,1946987,0.0,0.0
2009-05-22 00:00:00+08:00,85.53,88.1,85.53,87.24,1617165,0.0,0.0
2009-05-25 00:00:00+08:00,87.81,93.23,87.81,93.23,3773961,0.0,0.0
2009-05-26 00:00:00+08:00,93.8,96.94,86.96,86.96,2875152,0.0,0.0
2009-05-27 00:00:00+08:00,88.38,91.23,85.53,90.09,2187015,0.0,0.0
2009-06-01 00:00:00+08:00,90.66,92.09,84.39,90.09,2471076,0.0,0.0
2009-06-02 00:00:00+08:00,90.95,91.8,86.67,86.96,2079952,0.0,0.0
2009-06-03 00:00:00+08:00,86.67,88.38,86.1,87.24,718356,0.0,0.0
2009-06-04 00:00:00+08:00,87.24,88.38,85.53,85.82,651010,0.0,0.0
2009-06-05 00:00:00+08:00,86.39,88.95,85.53,85.53,1094802,0.0,0.0
2009-06-08 00:00:00+08:00,87.24,90.09,84.11,84.39,2062684,0.0,0.0
2009-06-09 00:00:00+08:00,84.39,84.39,78.69,78.69,2059230,0.0,0.0
2009-06-10 00:00:00+08:00,79.83,80.97,75.84,76.98,1346054,0.0,0.0
2009-06-11 00:00:00+08:00,77.55,79.26,76.98,78.97,837506,0.0,0.0
2009-06-12 00:00:00+08:00,79.26,80.11,76.98,76.98,750302,0.0,0.0
2009-06-15 00:00:00+08:00,75.27,76.41,73.27,74.13,1035227,0.0,0.0
2009-06-16 00:00:00+08:00,74.13,75.27,73.27,74.7,425660,0.0,0.0
2009-06-17 00:00:00+08:00,74.7,75.27,71.85,72.13,1523916,0.0,0.0
2009-06-18 00:00:00+08:00,72.13,72.99,67.29,67.86,2315663,0.0,0.0
2009-06-19 00:00:00+08:00,68.43,69.28,67.86,69.0,1405629,0.0,0.0
2009-06-22 00:00:00+08:00,69.0,70.71,68.43,70.14,949749,0.0,0.0
2009-06-23 00:00:00+08:00,69.0,70.71,68.71,69.28,829736,0.0,0.0
2009-06-24 00:00:00+08:00,69.85,71.28,69.28,69.85,626834,0.0,0.0
2009-06-25 00:00:00+08:00,70.42,73.27,70.14,72.13,1500604,0.0,0.0
2009-06-26 00:00:00+08:00,72.99,73.56,71.28,71.28,1254533,0.0,0.0
2009-06-29 00:00:00+08:00,71.28,72.13,70.14,70.14,621654,0.0,0.0
2009-06-30 00:00:00+08:00,70.71,71.28,69.57,69.85,455879,0.0,0.0
2009-07-01 00:00:00+08:00,70.14,72.7,70.14,72.7,1049905,0.0,0.0
2009-07-02 00:00:00+08:00,72.7,73.27,71.28,72.42,1468658,0.0,0.0
2009-07-03 00:00:00+08:00,71.28,72.42,71.28,72.13,1346918,0.0,0.0
2009-07-06 00:00:00+08:00,71.85,74.98,71.85,72.99,1739769,0.0,0.0
2009-07-07 00:00:00+08:00,73.56,77.83,73.27,77.83,5765845,0.0,0.0
2009-07-08 00:00:00+08:00,76.98,78.12,75.27,76.41,2342428,0.0,0.0
2009-07-09 00:00:00+08:00,77.83,80.69,77.83,78.4,3489036,0.0,0.0
2009-07-10 00:00:00+08:00,78.4,78.97,75.84,75.84,1108617,0.0,0.0
2009-07-13 00:00:00+08:00,75.84,76.41,73.56,75.27,1055085,0.0,0.0
2009-07-14 00:00:00+08:00,76.41,79.83,75.84,79.83,1927992,0.0,0.0
2009-07-15 00:00:00+08:00,80.4,82.4,79.26,80.97,2275082,0.0,0.0
2009-07-16 00:00:00+08:00,82.68,84.39,80.4,81.54,2035055,0.0,0.0
2009-07-17 00:00:00+08:00,82.11,83.25,79.83,83.25,1905543,0.0,0.0
2009-07-20 00:00:00+08:00,84.96,85.53,83.54,83.54,1681920,0.0,0.0
2009-07-21 00:00:00+08:00,83.82,84.11,80.97,80.97,1330513,0.0,0.0
2009-07-22 00:00:00+08:00,82.11,82.4,79.83,80.11,1605940,0.0,0.0
2009-07-23 00:00:00+08:00,80.97,81.54,79.83,80.11,1238128,0.0,0.0
2009-07-24 00:00:00+08:00,80.97,81.26,78.97,78.97,1282162,0.0,0.0
2009-07-27 00:00:00+08:00,78.97,80.4,78.97,80.11,501640,0.0,0.0
2009-07-28 00:00:00+08:00,80.4,82.97,80.4,81.83,1397859,0.0,0.0
2009-07-29 00:00:00+08:00,82.4,85.25,81.83,82.68,2319116,0.0,0.0
2009-07-30 00:00:00+08:00,83.82,83.82,81.54,82.11,1058539,0.0,0.0
2009-07-31 00:00:00+08:00,82.68,84.96,81.83,82.68,2143844,0.0,0.0
2009-08-03 00:00:00+08:00,82.97,83.82,81.26,83.82,1580038,0.0,0.0
2009-08-04 00:00:00+08:00,84.96,86.39,83.25,83.25,2683475,0.0,0.0
2009-08-05 00:00:00+08:00,83.54,83.82,80.11,80.11,1559316,0.0,0.0
2009-08-06 00:00:00+08:00,80.4,80.97,79.26,79.83,1202728,0.0,0.0
2009-08-07 00:00:00+08:00,81.25,81.25,81.25,81.25,0,0.0,0.0
2009-08-10 00:00:00+08:00,79.26,81.83,79.26,80.97,719219,0.0,0.0
2009-08-11 00:00:00+08:00,78.69,79.26,76.98,78.4,1837334,0.0,0.0
2009-08-12 00:00:00+08:00,74.13,74.98,72.99,73.56,5085479,0.0,0.0
2009-08-13 00:00:00+08:00,75.84,78.12,74.7,78.12,4829046,0.0,0.0
2009-08-14 00:00:00+08:00,78.12,78.12,75.27,76.98,1820066,0.0,0.0
2009-08-17 00:00:00+08:00,76.41,76.41,74.7,75.55,790019,0.0,0.0
2009-08-18 00:00:00+08:00,74.13,75.55,70.71,73.84,2754274,0.0,0.0
2009-08-19 00:00:00+08:00,73.84,74.13,70.99,71.85,1547229,0.0,0.0
2009-08-20 00:00:00+08:00,71.85,71.85,69.0,70.71,1336557,0.0,0.0
2009-08-21 00:00:00+08:00,71.85,72.13,69.57,69.57,1310654,0.0,0.0
2009-08-24 00:00:00+08:00,71.28,71.56,70.14,71.28,1144880,0.0,0.0
2009-08-25 00:00:00+08:00,71.28,71.56,70.42,70.99,752029,0.0,0.0
2009-08-26 00:00:00+08:00,71.56,71.56,69.28,69.57,673459,0.0,0.0
2009-08-27 00:00:00+08:00,69.57,71.56,69.57,70.71,802107,0.0,0.0
2009-08-28 00:00:00+08:00,70.99,71.85,70.71,70.99,579347,0.0,0.0
2009-08-31 00:00:00+08:00,71.85,74.98,71.56,74.41,1776032,0.0,0.0
2009-09-01 00:00:00+08:00,74.7,75.55,73.27,74.98,1340010,0.0,0.0
2009-09-02 00:00:00+08:00,74.98,76.41,74.13,76.12,1876187,0.0,0.0
2009-09-03 00:00:00+08:00,76.41,76.41,74.98,75.27,980832,0.0,0.0
2009-09-04 00:00:00+08:00,76.41,76.41,74.98,75.84,1467795,0.0,0.0
2009-09-07 00:00:00+08:00,76.41,76.41,74.41,75.27,1286479,0.0,0.0
2009-09-08 00:00:00+08:00,75.27,76.41,74.98,75.84,2536695,0.0,0.0
2009-09-09 00:00:00+08:00,76.54,77.44,75.33,75.33,1766176,7.41,1.0
2009-09-10 00:00:00+08:00,75.93,76.84,73.81,73.81,924122,0.0,0.0
2009-09-11 00:00:00+08:00,74.12,74.72,73.51,74.72,418889,0.0,0.0
2009-09-14 00:00:00+08:00,74.72,75.93,74.42,75.02,537717,0.0,0.0
2009-09-15 00:00:00+08:00,75.63,76.23,75.63,75.93,412050,0.0,0.0
2009-09-16 00:00:00+08:00,76.84,78.65,76.23,78.05,1460130,0.0,0.0
2009-09-17 00:00:00+08:00,78.65,78.65,77.14,77.14,936945,0.0,0.0
2009-09-18 00:00:00+08:00,77.14,80.47,76.84,80.17,2291926,0.0,0.0
2009-09-21 00:00:00+08:00,79.26,84.4,79.26,83.19,3129706,0.0,0.0
2009-09-22 00:00:00+08:00,82.89,85.31,82.28,83.19,2681750,0.0,0.0
2009-09-23 00:00:00+08:00,83.19,84.4,81.38,83.19,2481709,0.0,0.0
2009-09-24 00:00:00+08:00,83.49,84.4,81.98,81.98,1020723,0.0,0.0
2009-09-25 00:00:00+08:00,81.68,81.98,79.86,79.86,687321,0.0,0.0
2009-09-28 00:00:00+08:00,79.86,80.47,78.05,78.65,656545,0.0,0.0
2009-09-29 00:00:00+08:00,78.65,80.47,78.65,79.86,400937,0.0,0.0
2009-09-30 00:00:00+08:00,79.86,80.47,79.56,79.56,387259,0.0,0.0
2009-10-01 00:00:00+08:00,80.47,81.68,80.17,81.68,717242,0.0,0.0
2009-10-02 00:00:00+08:00,81.07,81.38,80.17,80.17,393243,0.0,0.0
2009-10-05 00:00:00+08:00,81.68,81.68,79.86,79.86,275270,0.0,0.0
2009-10-06 00:00:00+08:00,81.07,81.07,79.26,79.56,677917,0.0,0.0
2009-10-07 00:00:00+08:00,79.86,80.47,78.35,78.35,524894,0.0,0.0
2009-10-08 00:00:00+08:00,79.26,79.86,77.44,77.44,494974,0.0,0.0
2009-10-09 00:00:00+08:00,78.96,78.96,75.93,77.75,589865,0.0,0.0
2009-10-12 00:00:00+08:00,78.65,78.65,77.14,78.05,270141,0.0,0.0
2009-10-13 00:00:00+08:00,78.05,78.96,77.44,77.44,702709,0.0,0.0
2009-10-14 00:00:00+08:00,78.35,78.35,77.44,78.05,390678,0.0,0.0
2009-10-15 00:00:00+08:00,78.65,78.65,77.44,78.65,572767,0.0,0.0
2009-10-16 00:00:00+08:00,78.96,78.96,76.84,76.84,675353,0.0,0.0
2009-10-19 00:00:00+08:00,76.84,77.44,76.23,77.14,612947,0.0,0.0
2009-10-20 00:00:00+08:00,77.44,78.96,77.14,78.65,1034401,0.0,0.0
2009-10-21 00:00:00+08:00,78.65,79.26,77.75,78.96,574477,0.0,0.0
2009-10-22 00:00:00+08:00,79.56,80.17,78.05,78.96,748872,0.0,0.0
2009-10-23 00:00:00+08:00,78.96,79.86,78.65,79.26,589010,0.0,0.0
2009-10-26 00:00:00+08:00,79.26,80.17,77.75,78.05,640303,0.0,0.0
2009-10-27 00:00:00+08:00,77.44,78.35,76.23,78.35,371016,0.0,0.0
2009-10-28 00:00:00+08:00,78.35,80.47,78.35,80.17,975415,0.0,0.0
2009-10-29 00:00:00+08:00,79.26,79.26,76.23,77.44,564219,0.0,0.0
2009-10-30 00:00:00+08:00,77.44,78.05,76.54,76.84,339386,0.0,0.0
2009-11-02 00:00:00+08:00,76.23,77.44,75.63,77.44,344515,0.0,0.0
2009-11-03 00:00:00+08:00,77.44,77.75,76.23,77.75,343660,0.0,0.0
2009-11-04 00:00:00+08:00,77.14,79.86,77.14,79.86,557380,0.0,0.0
2009-11-05 00:00:00+08:00,79.86,79.86,77.75,78.05,265866,0.0,0.0
2009-11-06 00:00:00+08:00,78.96,83.49,77.75,82.28,3351119,0.0,0.0
2009-11-09 00:00:00+08:00,82.28,82.89,81.38,81.98,1349851,0.0,0.0
2009-11-10 00:00:00+08:00,81.07,82.28,80.47,81.07,952333,0.0,0.0
2009-11-11 00:00:00+08:00,81.07,82.89,80.77,82.89,1103646,0.0,0.0
2009-11-12 00:00:00+08:00,82.89,83.19,81.68,81.68,452230,0.0,0.0
2009-11-13 00:00:00+08:00,81.68,81.98,79.56,79.56,770244,0.0,0.0
2009-11-16 00:00:00+08:00,79.86,83.49,79.56,83.19,1156649,0.0,0.0
2009-11-17 00:00:00+08:00,83.19,83.19,81.07,81.07,631754,0.0,0.0
2009-11-18 00:00:00+08:00,81.98,83.19,81.38,82.28,695015,0.0,0.0
2009-11-19 00:00:00+08:00,82.28,84.4,81.68,82.89,1554167,0.0,0.0
2009-11-20 00:00:00+08:00,82.28,83.49,81.68,81.68,552250,0.0,0.0
2009-11-23 00:00:00+08:00,82.59,82.59,81.38,81.68,353064,0.0,0.0
2009-11-24 00:00:00+08:00,82.59,83.49,81.38,81.38,435987,0.0,0.0
2009-11-25 00:00:00+08:00,81.38,82.28,81.07,81.07,397517,0.0,0.0
2009-11-26 00:00:00+08:00,81.38,82.28,80.47,80.47,424019,0.0,0.0
2009-11-27 00:00:00+08:00,79.56,81.38,78.96,81.38,569348,0.0,0.0
2009-11-30 00:00:00+08:00,81.38,82.28,80.47,80.47,463343,0.0,0.0
2009-12-01 00:00:00+08:00,80.77,81.38,80.17,81.07,297497,0.0,0.0
2009-12-02 00:00:00+08:00,81.07,82.59,80.77,80.77,457359,0.0,0.0
2009-12-03 00:00:00+08:00,80.77,85.61,80.77,83.8,2557793,0.0,0.0
2009-12-04 00:00:00+08:00,84.1,85.61,82.89,82.89,1494325,0.0,0.0
2009-12-07 00:00:00+08:00,84.1,85.01,82.89,83.19,1176311,0.0,0.0
2009-12-08 00:00:00+08:00,84.1,84.4,82.59,83.19,377000,0.0,0.0
2009-12-09 00:00:00+08:00,82.89,84.4,81.98,83.8,1069451,0.0,0.0
2009-12-10 00:00:00+08:00,83.49,83.8,80.47,81.07,871120,0.0,0.0
2009-12-11 00:00:00+08:00,81.38,82.89,81.38,82.28,538572,0.0,0.0
2009-12-14 00:00:00+08:00,82.89,84.4,82.59,83.8,1046369,0.0,0.0
2009-12-15 00:00:00+08:00,84.4,84.4,82.59,82.89,611237,0.0,0.0
2009-12-16 00:00:00+08:00,82.89,82.89,81.68,81.68,518055,0.0,0.0
2009-12-17 00:00:00+08:00,81.98,82.59,80.77,81.98,607817,0.0,0.0
2009-12-18 00:00:00+08:00,81.68,81.98,81.38,81.38,206025,0.0,0.0
2009-12-21 00:00:00+08:00,81.68,82.28,81.07,81.38,346225,0.0,0.0
2009-12-22 00:00:00+08:00,81.98,82.59,81.38,81.68,381275,0.0,0.0
2009-12-23 00:00:00+08:00,81.68,82.28,80.77,81.38,496683,0.0,0.0
2009-12-24 00:00:00+08:00,81.38,82.89,81.38,81.68,906170,0.0,0.0
2009-12-25 00:00:00+08:00,82.28,82.59,80.77,81.07,1021578,0.0,0.0
2009-12-28 00:00:00+08:00,81.07,81.98,80.47,80.77,848038,0.0,0.0
2009-12-29 00:00:00+08:00,81.07,82.59,80.77,81.38,646287,0.0,0.0
2009-12-30 00:00:00+08:00,81.98,82.59,81.07,82.59,1092533,0.0,0.0
2009-12-31 00:00:00+08:00,82.89,83.49,81.98,82.89,984818,0.0,0.0
2010-01-04 00:00:00+08:00,82.89,83.19,81.38,81.38,600978,0.0,0.0
2010-01-05 00:00:00+08:00,82.59,82.59,80.17,81.38,820682,0.0,0.0
2010-01-06 00:00:00+08:00,81.98,84.4,81.98,82.89,2862129,0.0,0.0
2010-01-07 00:00:00+08:00,83.8,83.8,81.68,81.98,1155794,0.0,0.0
2010-01-08 00:00:00+08:00,83.8,85.31,83.49,83.49,2782625,0.0,0.0
2010-01-11 00:00:00+08:00,87.73,87.73,85.61,86.82,3264776,0.0,0.0
2010-01-12 00:00:00+08:00,86.82,87.73,85.61,87.73,1690947,0.0,0.0
2010-01-13 00:00:00+08:00,87.12,93.48,86.82,89.85,4204286,0.0,0.0
2010-01-14 00:00:00+08:00,90.45,93.78,89.85,93.78,4175221,0.0,0.0
2010-01-15 00:00:00+08:00,93.78,94.69,92.27,92.87,3371636,0.0,0.0
2010-01-18 00:00:00+08:00,98.01,99.22,96.2,99.22,5147216,0.0,0.0
2010-01-19 00:00:00+08:00,101.64,101.95,95.9,98.01,5932849,0.0,0.0
2010-01-20 00:00:00+08:00,99.22,99.22,94.99,95.59,2287651,0.0,0.0
2010-01-21 00:00:00+08:00,95.59,98.01,94.08,94.38,2340654,0.0,0.0
2010-01-22 00:00:00+08:00,93.78,96.5,93.48,93.78,2838192,0.0,0.0
2010-01-25 00:00:00+08:00,93.78,95.59,87.43,88.64,3112608,0.0,0.0
2010-01-26 00:00:00+08:00,89.54,90.15,84.4,85.01,2904873,0.0,0.0
2010-01-27 00:00:00+08:00,87.12,87.12,82.28,82.89,2252601,0.0,0.0
2010-01-28 00:00:00+08:00,84.7,88.64,84.4,88.64,2094449,0.0,0.0
2010-01-29 00:00:00+08:00,86.52,92.87,86.52,90.45,3893111,0.0,0.0
2010-02-01 00:00:00+08:00,92.27,92.27,88.33,89.24,1579813,0.0,0.0
2010-02-02 00:00:00+08:00,90.75,91.36,84.1,87.43,2360316,0.0,0.0
2010-02-03 00:00:00+08:00,88.94,89.24,86.52,87.43,1693512,0.0,0.0
2010-02-04 00:00:00+08:00,88.03,88.94,86.52,87.12,934380,0.0,0.0
2010-02-05 00:00:00+08:00,83.8,85.31,81.68,82.89,1628541,0.0,0.0
2010-02-08 00:00:00+08:00,82.28,84.1,82.28,82.59,722371,0.0,0.0
2010-02-09 00:00:00+08:00,79.86,82.28,76.84,82.28,3321198,0.0,0.0
2010-02-10 00:00:00+08:00,81.98,83.19,80.77,81.07,1501164,0.0,0.0
2010-02-22 00:00:00+08:00,82.89,82.89,81.38,81.68,567638,0.0,0.0
2010-02-23 00:00:00+08:00,82.28,84.4,81.68,83.49,944639,0.0,0.0
2010-02-24 00:00:00+08:00,83.19,84.1,82.59,82.59,440261,0.0,0.0
2010-02-25 00:00:00+08:00,83.49,83.49,81.07,81.07,721516,0.0,0.0
2010-02-26 00:00:00+08:00,81.07,82.28,80.17,81.07,541992,0.0,0.0
2010-03-01 00:00:00+08:00,83.49,86.52,82.89,86.52,1754208,0.0,0.0
2010-03-02 00:00:00+08:00,88.33,88.94,86.52,86.52,1745659,0.0,0.0
2010-03-03 00:00:00+08:00,86.82,87.43,85.61,85.61,813843,0.0,0.0
2010-03-04 00:00:00+08:00,85.91,86.52,83.8,84.1,807859,0.0,0.0
2010-03-05 00:00:00+08:00,84.7,86.22,84.7,84.7,590720,0.0,0.0
2010-03-08 00:00:00+08:00,86.22,87.73,85.31,86.52,807004,0.0,0.0
2010-03-09 00:00:00+08:00,85.31,87.43,84.7,87.43,918138,0.0,0.0
2010-03-10 00:00:00+08:00,87.43,88.33,86.52,87.12,712967,0.0,0.0
2010-03-11 00:00:00+08:00,88.03,88.33,85.91,85.91,566783,0.0,0.0
2010-03-12 00:00:00+08:00,86.52,86.82,85.31,85.31,435132,0.0,0.0
2010-03-15 00:00:00+08:00,85.31,85.91,84.1,84.1,461633,0.0,0.0
2010-03-16 00:00:00+08:00,85.01,85.01,84.1,84.1,235091,0.0,0.0
2010-03-17 00:00:00+08:00,85.01,87.73,84.7,86.82,962591,0.0,0.0
2010-03-18 00:00:00+08:00,87.12,87.73,86.22,86.82,720661,0.0,0.0
2010-03-19 00:00:00+08:00,86.82,90.75,86.82,88.94,2668927,0.0,0.0
2010-03-22 00:00:00+08:00,88.94,91.66,88.94,88.94,2157710,0.0,0.0
2010-03-23 00:00:00+08:00,90.45,90.75,88.33,88.33,1425080,0.0,0.0
2010-03-24 00:00:00+08:00,89.85,89.85,88.33,88.33,764260,0.0,0.0
2010-03-25 00:00:00+08:00,88.64,88.94,87.73,88.33,651416,0.0,0.0
2010-03-26 00:00:00+08:00,88.33,89.24,87.73,88.03,529169,0.0,0.0
2010-03-29 00:00:00+08:00,88.94,89.54,88.33,88.94,786487,0.0,0.0
2010-03-30 00:00:00+08:00,89.54,89.54,87.12,87.12,565073,0.0,0.0
2010-03-31 00:00:00+08:00,87.73,90.15,87.43,89.24,943784,0.0,0.0
2010-04-01 00:00:00+08:00,90.15,91.06,89.54,89.54,962591,0.0,0.0
2010-04-02 00:00:00+08:00,90.45,95.29,90.45,94.69,3553725,0.0,0.0
2010-04-06 00:00:00+08:00,96.2,96.5,93.78,93.78,2315007,0.0,0.0
2010-04-07 00:00:00+08:00,94.08,94.38,91.96,91.96,1251540,0.0,0.0
2010-04-08 00:00:00+08:00,92.57,93.48,91.06,92.27,1425080,0.0,0.0
2010-04-09 00:00:00+08:00,93.78,94.38,91.66,92.87,1739675,0.0,0.0
2010-04-12 00:00:00+08:00,93.78,93.78,92.27,92.27,570203,0.0,0.0
2010-04-13 00:00:00+08:00,92.27,92.57,89.54,89.54,920702,0.0,0.0
2010-04-14 00:00:00+08:00,91.36,91.36,90.15,91.06,483860,0.0,0.0
2010-04-15 00:00:00+08:00,91.96,92.57,91.36,91.96,732629,0.0,0.0
2010-04-16 00:00:00+08:00,91.96,92.27,88.94,88.94,1078000,0.0,0.0
2010-04-19 00:00:00+08:00,87.73,89.85,83.19,84.1,1566135,0.0,0.0
2010-04-20 00:00:00+08:00,84.7,87.12,84.7,87.12,1132712,0.0,0.0
2010-04-21 00:00:00+08:00,88.94,88.94,86.82,88.33,720661,0.0,0.0
2010-04-22 00:00:00+08:00,87.12,88.33,86.52,88.03,439406,0.0,0.0
2010-04-23 00:00:00+08:00,88.94,91.36,88.94,89.54,1484922,0.0,0.0
2010-04-26 00:00:00+08:00,89.54,91.06,88.94,89.24,513781,0.0,0.0
2010-04-27 00:00:00+08:00,89.85,90.15,88.03,88.33,450520,0.0,0.0
2010-04-28 00:00:00+08:00,85.91,88.94,85.61,88.94,580461,0.0,0.0
2010-04-29 00:00:00+08:00,88.94,90.45,88.64,89.54,676208,0.0,0.0
2010-04-30 00:00:00+08:00,90.45,91.06,87.73,88.03,693305,0.0,0.0
2010-05-03 00:00:00+08:00,87.73,88.33,86.22,87.73,542847,0.0,0.0
2010-05-04 00:00:00+08:00,88.94,89.85,87.43,88.33,1113905,0.0,0.0
2010-05-05 00:00:00+08:00,85.91,87.12,84.1,85.01,1455001,0.0,0.0
2010-05-06 00:00:00+08:00,85.01,85.91,84.1,84.7,651416,0.0,0.0
2010-05-07 00:00:00+08:00,81.68,85.91,81.68,85.91,1233588,0.0,0.0
2010-05-10 00:00:00+08:00,85.91,85.91,84.4,85.31,528314,0.0,0.0
2010-05-11 00:00:00+08:00,85.31,86.22,84.7,84.7,563364,0.0,0.0
2010-05-12 00:00:00+08:00,85.31,85.91,83.8,83.8,279544,0.0,0.0
2010-05-13 00:00:00+08:00,85.91,86.22,85.31,85.91,483005,0.0,0.0
2010-05-14 00:00:00+08:00,85.91,85.91,84.7,85.31,315449,0.0,0.0
2010-05-17 00:00:00+08:00,84.4,84.7,83.8,84.1,520620,0.0,0.0
2010-05-18 00:00:00+08:00,84.7,85.31,84.4,85.31,466763,0.0,0.0
2010-05-19 00:00:00+08:00,84.7,85.31,84.1,84.7,371871,0.0,0.0
2010-05-20 00:00:00+08:00,85.31,85.31,81.07,81.38,812133,0.0,0.0
2010-05-21 00:00:00+08:00,78.65,80.77,75.93,79.56,841199,0.0,0.0
2010-05-24 00:00:00+08:00,79.56,80.77,79.56,80.77,243640,0.0,0.0
2010-05-25 00:00:00+08:00,79.86,80.47,77.44,78.65,516345,0.0,0.0
2010-05-26 00:00:00+08:00,80.47,80.47,76.84,78.96,649706,0.0,0.0
2010-05-27 00:00:00+08:00,78.65,80.47,78.05,79.86,322288,0.0,0.0
2010-05-28 00:00:00+08:00,81.07,83.49,80.77,81.68,595849,0.0,0.0
2010-05-31 00:00:00+08:00,82.59,82.59,81.07,82.28,234236,0.0,0.0
2010-06-01 00:00:00+08:00,80.77,82.59,80.47,81.68,341096,0.0,0.0
2010-06-02 00:00:00+08:00,81.68,81.68,79.86,79.86,216283,0.0,0.0
2010-06-03 00:00:00+08:00,81.07,81.98,81.07,81.68,343660,0.0,0.0
2010-06-04 00:00:00+08:00,82.28,82.89,81.98,82.28,306900,0.0,0.0
2010-06-07 00:00:00+08:00,79.86,81.07,79.26,80.47,220558,0.0,0.0
2010-06-08 00:00:00+08:00,80.47,81.38,80.47,80.77,146184,0.0,0.0
2010-06-09 00:00:00+08:00,80.77,81.68,77.75,78.05,467617,0.0,0.0
2010-06-10 00:00:00+08:00,78.65,79.26,78.35,79.26,133360,0.0,0.0
2010-06-11 00:00:00+08:00,80.47,82.28,80.47,80.77,803584,0.0,0.0
2010-06-14 00:00:00+08:00,81.07,81.98,81.07,81.68,124812,0.0,0.0
2010-06-15 00:00:00+08:00,81.07,82.59,81.07,82.28,176959,0.0,0.0
2010-06-17 00:00:00+08:00,82.59,82.89,81.68,81.98,164991,0.0,0.0
2010-06-18 00:00:00+08:00,82.59,82.59,81.68,81.68,161571,0.0,0.0
2010-06-21 00:00:00+08:00,82.28,82.89,81.38,82.59,192347,0.0,0.0
2010-06-22 00:00:00+08:00,82.89,83.49,81.98,83.49,210299,0.0,0.0
2010-06-23 00:00:00+08:00,82.89,83.19,82.28,82.59,134215,0.0,0.0
2010-06-24 00:00:00+08:00,82.59,83.19,81.98,82.59,94036,0.0,0.0
2010-06-25 00:00:00+08:00,81.68,82.28,81.68,81.68,162426,0.0,0.0
2010-06-28 00:00:00+08:00,81.68,81.98,80.17,80.17,219703,0.0,0.0
2010-06-29 00:00:00+08:00,80.47,81.07,79.86,79.86,161571,0.0,0.0
2010-06-30 00:00:00+08:00,78.65,78.96,77.75,78.65,314594,0.0,0.0
2010-07-01 00:00:00+08:00,78.05,79.26,78.05,79.26,42743,0.0,0.0
2010-07-02 00:00:00+08:00,78.65,79.56,78.65,78.96,150458,0.0,0.0
2010-07-05 00:00:00+08:00,78.96,80.77,78.96,80.47,205170,0.0,0.0
2010-07-06 00:00:00+08:00,79.86,81.68,79.56,81.68,188073,0.0,0.0
2010-07-07 00:00:00+08:00,81.68,81.98,81.07,81.07,132505,0.0,0.0
2010-07-08 00:00:00+08:00,81.98,84.1,81.98,84.1,633464,0.0,0.0
2010-07-09 00:00:00+08:00,84.1,84.1,82.59,82.59,235091,0.0,0.0
2010-07-12 00:00:00+08:00,82.59,83.49,82.59,82.89,194057,0.0,0.0
2010-07-13 00:00:00+08:00,83.19,83.49,81.38,82.89,220558,0.0,0.0
2010-07-14 00:00:00+08:00,82.89,85.01,82.89,83.19,504377,0.0,0.0
2010-07-15 00:00:00+08:00,82.89,83.8,82.59,82.89,241930,0.0,0.0
2010-07-16 00:00:00+08:00,82.89,83.19,82.28,82.28,172685,0.0,0.0
2010-07-19 00:00:00+08:00,81.68,81.98,81.07,81.98,198331,0.0,0.0
2010-07-20 00:00:00+08:00,82.28,82.28,81.38,81.98,172685,0.0,0.0
2010-07-21 00:00:00+08:00,82.28,82.28,81.07,81.38,200041,0.0,0.0
2010-07-22 00:00:00+08:00,81.98,81.98,81.07,81.68,206880,0.0,0.0
2010-07-23 00:00:00+08:00,82.28,84.1,82.28,83.19,300916,0.0,0.0
2010-07-26 00:00:00+08:00,83.49,84.1,82.28,82.28,124812,0.0,0.0
2010-07-27 00:00:00+08:00,82.59,82.59,81.68,82.28,132505,0.0,0.0
2010-07-28 00:00:00+08:00,82.89,82.89,80.77,82.28,536862,0.0,0.0
2010-07-29 00:00:00+08:00,81.98,81.98,81.38,81.68,147893,0.0,0.0
2010-07-30 00:00:00+08:00,81.68,81.68,80.77,80.77,319724,0.0,0.0
2010-08-02 00:00:00+08:00,81.07,81.68,81.07,81.07,155587,0.0,0.0
2010-08-03 00:00:00+08:00,81.68,81.98,81.07,81.07,321433,0.0,0.0
2010-08-04 00:00:00+08:00,81.07,81.38,80.47,81.07,470182,0.0,0.0
2010-08-05 00:00:00+08:00,81.38,81.98,80.47,80.47,451375,0.0,0.0
2010-08-06 00:00:00+08:00,81.07,81.07,79.26,80.47,394953,0.0,0.0
2010-08-09 00:00:00+08:00,81.07,81.07,79.86,80.17,147893,0.0,0.0
2010-08-10 00:00:00+08:00,80.77,81.07,79.56,79.86,265866,0.0,0.0
2010-08-11 00:00:00+08:00,79.26,79.26,78.35,78.65,415470,0.0,0.0
2010-08-12 00:00:00+08:00,77.44,78.35,77.44,78.05,284674,0.0,0.0
2010-08-13 00:00:00+08:00,79.86,80.47,79.56,80.17,309465,0.0,0.0
2010-08-16 00:00:00+08:00,80.77,81.07,79.56,80.17,168410,0.0,0.0
2010-08-17 00:00:00+08:00,80.17,81.38,79.56,81.07,335966,0.0,0.0
2010-08-18 00:00:00+08:00,81.68,81.68,80.47,81.07,242785,0.0,0.0
2010-08-19 00:00:00+08:00,80.77,81.38,80.47,80.77,264157,0.0,0.0
2010-08-20 00:00:00+08:00,80.47,81.38,80.47,81.07,182943,0.0,0.0
2010-08-23 00:00:00+08:00,81.07,81.07,79.26,79.26,341096,0.0,0.0
2010-08-24 00:00:00+08:00,78.65,79.86,78.65,79.26,196621,0.0,0.0
2010-08-25 00:00:00+08:00,79.26,79.86,78.65,78.96,336821,0.0,0.0
2010-08-26 00:00:00+08:00,78.96,79.56,78.65,78.65,194057,0.0,0.0
2010-08-27 00:00:00+08:00,78.96,79.26,78.05,78.05,182088,0.0,0.0
2010-08-30 00:00:00+08:00,78.65,78.96,78.05,78.35,151313,0.0,0.0
2010-08-31 00:00:00+08:00,78.05,78.35,75.93,76.54,415470,0.0,0.0
2010-09-01 00:00:00+08:00,77.14,77.44,76.54,77.44,139345,0.0,0.0
2010-09-02 00:00:00+08:00,78.05,78.35,76.54,76.84,211154,0.0,0.0
2010-09-03 00:00:00+08:00,77.14,79.86,77.14,79.26,464198,0.0,0.0
2010-09-06 00:00:00+08:00,79.26,80.17,78.96,79.86,264157,0.0,0.0
2010-09-07 00:00:00+08:00,79.86,80.47,79.26,79.26,129941,0.0,0.0
2010-09-08 00:00:00+08:00,79.26,79.86,79.26,79.56,94891,0.0,0.0
2010-09-09 00:00:00+08:00,79.56,79.86,78.65,79.26,82923,0.0,0.0
2010-09-10 00:00:00+08:00,79.56,80.77,79.56,80.77,371871,0.0,0.0
2010-09-13 00:00:00+08:00,80.77,80.77,79.86,80.17,205170,0.0,0.0
2010-09-14 00:00:00+08:00,80.47,80.77,79.56,80.17,383839,0.0,0.0
2010-09-15 00:00:00+08:00,80.47,80.77,78.96,79.56,1081419,0.0,0.0
2010-09-16 00:00:00+08:00,79.81,80.45,79.18,79.81,529330,6.35,1.0
2010-09-17 00:00:00+08:00,80.13,80.45,78.86,79.18,371549,0.0,0.0
2010-09-20 00:00:00+08:00,79.18,82.36,78.22,82.36,494550,0.0,0.0
2010-09-21 00:00:00+08:00,82.68,82.68,81.4,82.04,266361,0.0,0.0
2010-09-23 00:00:00+08:00,82.68,82.68,81.72,82.04,202740,0.0,0.0
2010-09-24 00:00:00+08:00,82.68,82.68,81.72,81.72,135725,0.0,0.0
2010-09-27 00:00:00+08:00,82.68,82.68,81.72,82.68,251941,0.0,0.0
2010-09-28 00:00:00+08:00,82.68,82.68,82.04,82.68,249396,0.0,0.0
2010-09-29 00:00:00+08:00,82.68,83.95,82.68,83.63,424143,0.0,0.0
2010-09-30 00:00:00+08:00,83.63,83.63,82.68,82.68,145056,0.0,0.0
2010-10-01 00:00:00+08:00,82.68,83.31,82.36,82.68,98401,0.0,0.0
2010-10-04 00:00:00+08:00,83.31,83.63,81.4,81.4,168808,0.0,0.0
2010-10-05 00:00:00+08:00,80.77,81.4,80.45,81.4,89918,0.0,0.0
2010-10-06 00:00:00+08:00,82.04,82.36,80.77,81.4,83132,0.0,0.0
2010-10-07 00:00:00+08:00,81.4,81.72,81.09,81.4,50048,0.0,0.0
2010-10-08 00:00:00+08:00,81.72,82.04,80.77,80.77,107732,0.0,0.0
2010-10-11 00:00:00+08:00,80.77,81.4,80.45,80.77,64469,0.0,0.0
2010-10-12 00:00:00+08:00,81.4,81.4,79.81,80.13,82283,0.0,0.0
2010-10-13 00:00:00+08:00,79.5,80.77,79.5,80.13,138270,0.0,0.0
2010-10-14 00:00:00+08:00,80.77,81.09,79.81,80.13,92463,0.0,0.0
2010-10-15 00:00:00+08:00,80.13,80.13,79.18,79.18,137422,0.0,0.0
2010-10-18 00:00:00+08:00,79.18,79.18,76.63,76.95,311321,0.0,0.0
2010-10-19 00:00:00+08:00,76.63,76.63,74.73,75.68,426687,0.0,0.0
2010-10-20 00:00:00+08:00,75.04,76.63,75.04,76.63,178988,0.0,0.0
2010-10-21 00:00:00+08:00,76.63,76.63,74.41,74.73,543751,0.0,0.0
2010-10-22 00:00:00+08:00,75.04,75.68,73.14,73.77,615007,0.0,0.0
2010-10-25 00:00:00+08:00,74.09,74.41,72.82,73.14,530178,0.0,0.0
2010-10-26 00:00:00+08:00,73.14,73.77,70.91,71.87,987405,0.0,0.0
2010-10-27 00:00:00+08:00,72.18,72.82,69.96,70.59,1014550,0.0,0.0
2010-10-28 00:00:00+08:00,71.23,72.5,70.91,71.87,916149,0.0,0.0
2010-10-29 00:00:00+08:00,72.5,72.82,71.23,71.87,707470,0.0,0.0
2010-11-01 00:00:00+08:00,72.82,73.46,72.18,73.14,595496,0.0,0.0
2010-11-02 00:00:00+08:00,72.82,73.14,71.55,72.18,500488,0.0,0.0
2010-11-03 00:00:00+08:00,72.5,72.82,70.59,70.91,385121,0.0,0.0
2010-11-04 00:00:00+08:00,70.91,71.87,70.59,71.87,217161,0.0,0.0
2010-11-05 00:00:00+08:00,72.5,73.14,71.55,71.55,243458,0.0,0.0
2010-11-08 00:00:00+08:00,71.55,72.18,71.23,71.23,121304,0.0,0.0
2010-11-09 00:00:00+08:00,71.23,71.87,70.59,70.91,227340,0.0,0.0
2010-11-10 00:00:00+08:00,70.59,71.23,69.96,70.28,325741,0.0,0.0
2010-11-11 00:00:00+08:00,70.28,71.23,69.96,70.28,255334,0.0,0.0
2010-11-12 00:00:00+08:00,69.64,69.96,69.32,69.64,372397,0.0,0.0
2010-11-15 00:00:00+08:00,69.32,69.32,68.69,69.0,273148,0.0,0.0
2010-11-16 00:00:00+08:00,68.69,71.55,68.37,70.91,346949,0.0,0.0
2010-11-17 00:00:00+08:00,71.23,71.23,70.28,70.59,62773,0.0,0.0
2010-11-18 00:00:00+08:00,71.23,71.55,70.59,70.59,102642,0.0,0.0
2010-11-19 00:00:00+08:00,71.55,72.5,71.23,71.23,341859,0.0,0.0
2010-11-22 00:00:00+08:00,72.18,72.5,71.87,72.18,223947,0.0,0.0
2010-11-23 00:00:00+08:00,72.18,72.5,71.55,71.87,133180,0.0,0.0
2010-11-24 00:00:00+08:00,71.23,71.23,70.28,70.91,127242,0.0,0.0
2010-11-25 00:00:00+08:00,70.91,71.55,70.59,70.59,132332,0.0,0.0
2010-11-26 00:00:00+08:00,71.23,71.23,70.28,70.91,111125,0.0,0.0
2010-11-29 00:00:00+08:00,71.55,71.55,69.96,69.96,186622,0.0,0.0
2010-11-30 00:00:00+08:00,69.96,71.23,69.64,70.91,247699,0.0,0.0
2010-12-01 00:00:00+08:00,71.23,71.23,69.96,70.59,265513,0.0,0.0
2010-12-02 00:00:00+08:00,71.23,71.87,69.32,69.32,461467,0.0,0.0
2010-12-03 00:00:00+08:00,69.96,69.96,69.0,69.32,555627,0.0,0.0
2010-12-06 00:00:00+08:00,69.64,71.23,69.0,70.59,944142,0.0,0.0
2010-12-07 00:00:00+08:00,70.91,70.91,69.32,70.28,555627,0.0,0.0
2010-12-08 00:00:00+08:00,70.28,70.59,69.96,70.59,388515,0.0,0.0
2010-12-09 00:00:00+08:00,70.91,73.46,70.91,72.82,1017943,0.0,0.0
2010-12-10 00:00:00+08:00,72.5,72.5,71.55,72.18,421598,0.0,0.0
2010-12-13 00:00:00+08:00,72.5,73.14,72.18,72.5,373245,0.0,0.0
2010-12-14 00:00:00+08:00,72.82,72.82,70.91,71.23,582772,0.0,0.0
2010-12-15 00:00:00+08:00,71.23,72.18,70.28,71.87,419053,0.0,0.0
2010-12-16 00:00:00+08:00,71.87,72.5,71.55,72.18,200195,0.0,0.0
2010-12-17 00:00:00+08:00,72.5,74.41,72.5,73.14,899183,0.0,0.0
2010-12-20 00:00:00+08:00,73.46,73.77,72.18,72.18,293507,0.0,0.0
2010-12-21 00:00:00+08:00,73.14,73.77,72.18,73.14,391059,0.0,0.0
2010-12-22 00:00:00+08:00,73.77,73.77,72.82,73.46,333376,0.0,0.0
2010-12-23 00:00:00+08:00,73.14,73.14,72.5,72.5,370701,0.0,0.0
2010-12-24 00:00:00+08:00,72.5,72.5,71.55,71.55,225644,0.0,0.0
2010-12-27 00:00:00+08:00,71.55,71.55,70.91,71.23,191712,0.0,0.0
2010-12-28 00:00:00+08:00,71.23,71.55,70.91,70.91,304534,0.0,0.0
2010-12-29 00:00:00+08:00,71.55,71.55,70.28,70.59,185774,0.0,0.0
2010-12-30 00:00:00+08:00,70.59,70.91,69.0,69.96,716801,0.0,0.0
2010-12-31 00:00:00+08:00,69.96,70.59,69.64,69.96,236671,0.0,0.0
2011-01-03 00:00:00+08:00,70.59,71.23,69.96,70.27,182055,0.0,0.0
2011-01-04 00:00:00+08:00,70.91,71.23,70.27,70.91,189251,0.0,0.0
2011-01-05 00:00:00+08:00,71.23,71.23,69.32,69.32,304386,0.0,0.0
2011-01-06 00:00:00+08:00,69.32,69.96,69.0,69.64,170542,0.0,0.0
2011-01-07 00:00:00+08:00,69.32,69.64,67.41,67.73,413044,0.0,0.0
2011-01-10 00:00:00+08:00,67.73,68.37,66.46,67.41,322375,0.0,0.0
2011-01-11 00:00:00+08:00,67.41,68.37,67.1,67.41,328851,0.0,0.0
2011-01-12 00:00:00+08:00,67.73,70.59,67.41,70.27,759886,0.0,0.0
2011-01-13 00:00:00+08:00,70.27,70.59,69.0,69.0,252575,0.0,0.0
2011-01-14 00:00:00+08:00,68.69,69.0,67.73,68.05,250416,0.0,0.0
2011-01-17 00:00:00+08:00,68.05,68.37,66.78,67.1,213718,0.0,0.0
2011-01-18 00:00:00+08:00,67.1,67.73,66.46,66.78,260490,0.0,0.0
2011-01-19 00:00:00+08:00,67.1,67.73,66.46,66.46,792987,0.0,0.0
2011-01-20 00:00:00+08:00,66.46,66.78,64.55,65.19,749092,0.0,0.0
2011-01-21 00:00:00+08:00,64.87,64.87,63.91,64.23,517385,0.0,0.0
2011-01-24 00:00:00+08:00,64.23,64.55,63.91,64.23,280639,0.0,0.0
2011-01-25 00:00:00+08:00,64.87,65.19,64.23,65.19,272724,0.0,0.0
2011-01-26 00:00:00+08:00,65.5,65.5,64.55,64.87,266967,0.0,0.0
2011-01-27 00:00:00+08:00,65.19,65.5,64.23,64.23,259771,0.0,0.0
2011-01-28 00:00:00+08:00,64.23,64.87,64.23,64.23,280639,0.0,0.0
2011-02-08 00:00:00+08:00,64.87,64.87,62.33,62.33,492199,0.0,0.0
2011-02-09 00:00:00+08:00,61.69,63.59,60.8,63.28,641873,0.0,0.0
2011-02-10 00:00:00+08:00,63.28,63.28,62.01,62.01,389298,0.0,0.0
2011-02-11 00:00:00+08:00,62.01,62.01,59.46,59.59,627481,0.0,0.0
2011-02-14 00:00:00+08:00,59.66,59.78,57.75,57.88,765642,0.0,0.0
2011-02-15 00:00:00+08:00,57.88,58.45,56.86,57.88,584306,0.0,0.0
2011-02-16 00:00:00+08:00,57.88,58.7,57.88,58.45,342524,0.0,0.0
2011-02-17 00:00:00+08:00,58.57,58.57,57.36,57.36,254734,0.0,0.0
2011-02-18 00:00:00+08:00,61.05,61.37,60.29,61.37,528897,0.0,0.0
2011-02-21 00:00:00+08:00,62.9,62.9,61.37,61.37,982959,0.0,0.0
2011-02-22 00:00:00+08:00,61.05,61.05,59.46,60.03,615968,0.0,0.0
2011-02-23 00:00:00+08:00,59.78,60.48,58.32,58.64,456219,0.0,0.0
2011-02-24 00:00:00+08:00,58.7,59.66,58.7,58.89,212278,0.0,0.0
2011-02-25 00:00:00+08:00,59.4,59.66,58.51,59.59,246819,0.0,0.0
2011-03-01 00:00:00+08:00,60.16,60.16,59.66,60.1,242501,0.0,0.0
2011-03-02 00:00:00+08:00,60.03,60.03,59.53,59.53,177738,0.0,0.0
2011-03-03 00:00:00+08:00,59.78,60.1,59.59,59.72,203643,0.0,0.0
2011-03-04 00:00:00+08:00,60.1,60.1,59.14,59.14,230268,0.0,0.0
2011-03-07 00:00:00+08:00,59.14,59.14,58.57,58.64,209400,0.0,0.0
2011-03-08 00:00:00+08:00,58.7,60.03,58.7,58.89,241062,0.0,0.0
2011-03-09 00:00:00+08:00,59.97,59.97,58.96,59.27,213718,0.0,0.0
2011-03-10 00:00:00+08:00,59.46,62.26,59.46,61.88,870703,0.0,0.0
2011-03-11 00:00:00+08:00,61.56,61.63,60.48,61.63,354757,0.0,0.0
2011-03-14 00:00:00+08:00,61.05,61.05,59.08,59.53,329571,0.0,0.0
2011-03-15 00:00:00+08:00,59.53,60.35,55.84,58.07,752690,0.0,0.0
2011-03-16 00:00:00+08:00,58.07,59.08,57.94,58.45,344683,0.0,0.0
2011-03-17 00:00:00+08:00,57.94,58.57,56.92,58.51,236744,0.0,0.0
2011-03-18 00:00:00+08:00,58.7,59.59,58.7,59.59,177738,0.0,0.0
2011-03-21 00:00:00+08:00,59.78,59.78,59.02,59.14,210838,0.0,0.0
2011-03-22 00:00:00+08:00,59.14,59.59,58.57,58.89,207960,0.0,0.0
2011-03-23 00:00:00+08:00,58.89,59.21,58.89,58.96,210838,0.0,0.0
2011-03-24 00:00:00+08:00,59.14,61.05,59.14,59.97,590063,0.0,0.0
2011-03-25 00:00:00+08:00,60.23,60.67,59.66,59.66,171981,0.0,0.0
2011-03-28 00:00:00+08:00,59.78,59.78,58.57,58.64,228829,0.0,0.0
2011-03-29 00:00:00+08:00,58.51,58.83,58.38,58.38,210119,0.0,0.0
2011-03-30 00:00:00+08:00,58.64,59.14,56.35,56.92,1182285,0.0,0.0
2011-03-31 00:00:00+08:00,58.19,58.32,56.6,57.43,1298859,0.0,0.0
2011-04-01 00:00:00+08:00,57.81,57.81,57.11,57.24,499394,0.0,0.0
2011-04-06 00:00:00+08:00,57.24,57.56,56.73,56.86,431753,0.0,0.0
2011-04-07 00:00:00+08:00,56.86,57.43,56.86,57.17,320936,0.0,0.0
2011-04-08 00:00:00+08:00,57.24,57.24,56.86,56.98,332450,0.0,0.0
2011-04-11 00:00:00+08:00,57.17,57.36,57.05,57.24,540411,0.0,0.0
2011-04-12 00:00:00+08:00,57.24,57.24,56.47,56.67,286396,0.0,0.0
2011-04-13 00:00:00+08:00,56.86,57.05,56.6,57.05,213718,0.0,0.0
2011-04-14 00:00:00+08:00,57.05,57.3,56.92,56.98,345402,0.0,0.0
2011-04-15 00:00:00+08:00,56.98,56.98,56.16,56.22,585026,0.0,0.0
2011-04-18 00:00:00+08:00,56.22,56.22,53.3,53.55,1110326,0.0,0.0
2011-04-19 00:00:00+08:00,53.1,53.1,52.09,52.47,694403,0.0,0.0
2011-04-20 00:00:00+08:00,52.53,53.74,52.53,53.17,673535,0.0,0.0
2011-04-21 00:00:00+08:00,52.78,52.78,51.52,52.02,1755798,0.0,0.0
2011-04-22 00:00:00+08:00,52.02,53.36,52.02,52.53,814575,0.0,0.0
2011-04-25 00:00:00+08:00,52.59,52.91,52.15,52.21,433192,0.0,0.0
2011-04-26 00:00:00+08:00,52.28,52.72,51.96,52.21,463415,0.0,0.0
2011-04-27 00:00:00+08:00,52.34,53.1,52.34,52.91,471330,0.0,0.0
2011-04-28 00:00:00+08:00,53.1,53.23,52.53,52.59,393614,0.0,0.0
2011-04-29 00:00:00+08:00,52.72,52.72,51.83,51.96,285676,0.0,0.0
2011-05-03 00:00:00+08:00,51.96,52.21,51.07,51.07,374906,0.0,0.0
2011-05-04 00:00:00+08:00,51.07,52.09,50.94,51.58,277761,0.0,0.0
2011-05-05 00:00:00+08:00,51.89,52.59,51.64,52.34,329571,0.0,0.0
2011-05-06 00:00:00+08:00,52.15,52.53,51.89,52.47,246819,0.0,0.0
2011-05-09 00:00:00+08:00,52.59,53.36,52.21,52.91,365551,0.0,0.0
2011-05-10 00:00:00+08:00,52.47,52.78,52.28,52.34,276322,0.0,0.0
2011-05-11 00:00:00+08:00,52.47,52.59,51.58,51.89,228109,0.0,0.0
2011-05-12 00:00:00+08:00,51.83,53.23,51.83,52.21,323814,0.0,0.0
2011-05-13 00:00:00+08:00,52.59,53.99,52.47,53.55,623883,0.0,0.0
2011-05-16 00:00:00+08:00,53.67,55.71,53.67,54.38,895169,0.0,0.0
2011-05-17 00:00:00+08:00,54.38,54.82,53.48,53.74,527459,0.0,0.0
2011-05-18 00:00:00+08:00,53.74,53.93,53.04,53.17,367710,0.0,0.0
2011-05-19 00:00:00+08:00,53.1,53.17,52.47,52.47,572073,0.0,0.0
2011-05-20 00:00:00+08:00,52.34,52.47,51.52,51.52,478526,0.0,0.0
2011-05-23 00:00:00+08:00,51.13,51.39,51.0,51.2,356916,0.0,0.0
2011-05-24 00:00:00+08:00,51.0,52.15,51.0,52.15,202204,0.0,0.0
2011-05-25 00:00:00+08:00,52.15,52.91,52.02,52.72,270565,0.0,0.0
2011-05-26 00:00:00+08:00,52.91,52.98,52.28,52.78,228829,0.0,0.0
2011-05-27 00:00:00+08:00,52.98,54.25,52.78,53.87,528178,0.0,0.0
2011-05-30 00:00:00+08:00,54.06,54.38,53.3,53.8,293591,0.0,0.0
2011-05-31 00:00:00+08:00,54.12,54.31,53.74,53.99,269126,0.0,0.0
2011-06-01 00:00:00+08:00,54.06,54.95,54.06,54.57,629640,0.0,0.0
2011-06-02 00:00:00+08:00,54.25,54.25,53.67,53.74,266248,0.0,0.0
2011-06-03 00:00:00+08:00,54.06,54.82,53.87,54.44,274163,0.0,0.0
2011-06-07 00:00:00+08:00,54.82,56.6,54.44,56.16,900206,0.0,0.0
2011-06-08 00:00:00+08:00,56.6,57.68,55.97,55.97,1141268,0.0,0.0
2011-06-09 00:00:00+08:00,56.16,56.22,54.88,55.46,530337,0.0,0.0
2011-06-10 00:00:00+08:00,56.47,56.54,53.74,53.74,538972,0.0,0.0
2011-06-13 00:00:00+08:00,53.1,53.67,52.59,52.59,446145,0.0,0.0
2011-06-14 00:00:00+08:00,52.85,53.74,52.85,53.42,182055,0.0,0.0
2011-06-15 00:00:00+08:00,53.42,54.31,53.1,54.25,304386,0.0,0.0
2011-06-16 00:00:00+08:00,53.93,53.93,53.3,53.3,204363,0.0,0.0
2011-06-17 00:00:00+08:00,53.3,53.67,51.39,51.52,582147,0.0,0.0
2011-06-20 00:00:00+08:00,51.7,52.72,51.7,52.02,254015,0.0,0.0
2011-06-21 00:00:00+08:00,52.15,52.47,51.83,52.47,195008,0.0,0.0
2011-06-22 00:00:00+08:00,52.78,53.55,52.78,53.3,293591,0.0,0.0
2011-06-23 00:00:00+08:00,53.3,53.3,52.66,52.85,307264,0.0,0.0
2011-06-24 00:00:00+08:00,53.1,53.74,52.91,52.91,355476,0.0,0.0
2011-06-27 00:00:00+08:00,52.53,53.87,52.53,53.61,328851,0.0,0.0
2011-06-28 00:00:00+08:00,53.99,54.06,53.23,53.93,160467,0.0,0.0
2011-06-29 00:00:00+08:00,54.38,54.44,53.93,54.31,295031,0.0,0.0
2011-06-30 00:00:00+08:00,54.57,56.09,54.57,55.08,643313,0.0,0.0
2011-07-01 00:00:00+08:00,55.39,55.9,54.57,55.77,532496,0.0,0.0
2011-07-04 00:00:00+08:00,56.16,56.92,55.33,55.33,807379,0.0,0.0
2011-07-05 00:00:00+08:00,55.52,55.9,54.44,54.69,369868,0.0,0.0
2011-07-06 00:00:00+08:00,54.69,55.65,54.69,55.08,376344,0.0,0.0
2011-07-07 00:00:00+08:00,55.33,55.65,55.2,55.33,253294,0.0,0.0
2011-07-08 00:00:00+08:00,55.33,55.65,55.27,55.33,329571,0.0,0.0
2011-07-11 00:00:00+08:00,55.33,55.33,54.12,54.69,327413,0.0,0.0
2011-07-12 00:00:00+08:00,54.38,54.44,53.74,53.74,328132,0.0,0.0
2011-07-13 00:00:00+08:00,54.06,54.57,53.67,53.8,251856,0.0,0.0
2011-07-14 00:00:00+08:00,54.06,55.58,54.06,55.33,419520,0.0,0.0
2011-07-15 00:00:00+08:00,55.46,56.6,55.33,56.41,537533,0.0,0.0
2011-07-18 00:00:00+08:00,56.41,56.41,55.39,55.52,303666,0.0,0.0
2011-07-19 00:00:00+08:00,55.52,55.52,54.82,55.01,290713,0.0,0.0
2011-07-20 00:00:00+08:00,55.39,56.09,55.39,55.97,362672,0.0,0.0
2011-07-21 00:00:00+08:00,56.16,59.85,55.84,59.85,3695093,0.0,0.0
2011-07-22 00:00:00+08:00,60.42,61.94,59.91,60.42,3682859,0.0,0.0
2011-07-25 00:00:00+08:00,60.92,60.92,59.08,59.91,1008864,0.0,0.0
2011-07-26 00:00:00+08:00,59.46,63.02,59.34,62.65,2032840,0.0,0.0
2011-07-27 00:00:00+08:00,62.65,64.55,61.81,61.81,2830146,0.0,0.0
2011-07-28 00:00:00+08:00,60.42,61.63,59.46,61.37,1778106,0.0,0.0
2011-07-29 00:00:00+08:00,61.05,61.05,59.46,59.46,882216,0.0,0.0
2011-08-01 00:00:00+08:00,59.78,60.42,59.14,59.46,699440,0.0,0.0
2011-08-02 00:00:00+08:00,59.46,59.59,58.0,58.07,754849,0.0,0.0
2011-08-03 00:00:00+08:00,57.24,57.49,55.08,56.6,1116802,0.0,0.0
2011-08-04 00:00:00+08:00,56.79,57.3,55.84,55.9,517385,0.0,0.0
2011-08-05 00:00:00+08:00,52.02,52.53,52.02,52.02,1199555,0.0,0.0
2011-08-08 00:00:00+08:00,51.2,51.83,48.4,48.4,1513296,0.0,0.0
2011-08-09 00:00:00+08:00,44.35,48.49,44.35,48.49,1177248,6.99,0.0
2011-08-10 00:00:00+08:00,50.7,51.04,49.8,50.21,668498,0.0,0.0
2011-08-11 00:00:00+08:00,46.77,48.14,46.77,47.59,1227619,0.0,0.0
2011-08-12 00:00:00+08:00,48.49,48.76,45.86,46.0,962810,0.0,0.0
2011-08-15 00:00:00+08:00,46.83,46.83,44.83,45.52,1068590,0.0,0.0
2011-08-16 00:00:00+08:00,45.8,45.86,44.9,45.38,695843,0.0,0.0
2011-08-17 00:00:00+08:00,45.52,48.56,45.45,47.25,1484513,0.0,0.0
2011-08-18 00:00:00+08:00,47.25,47.59,45.52,45.86,986556,0.0,0.0
2011-08-19 00:00:00+08:00,43.8,43.86,42.69,43.31,1319007,0.0,0.0
2011-08-22 00:00:00+08:00,42.69,43.45,40.83,42.07,533935,0.0,0.0
2011-08-23 00:00:00+08:00,42.42,43.18,42.07,42.83,417361,0.0,0.0
2011-08-24 00:00:00+08:00,43.38,43.38,42.42,42.49,365551,0.0,0.0
2011-08-25 00:00:00+08:00,43.04,43.04,41.11,41.73,291433,0.0,0.0
2011-08-26 00:00:00+08:00,41.73,42.07,40.35,40.76,440388,0.0,0.0
2011-08-29 00:00:00+08:00,40.97,42.0,40.9,41.38,549765,0.0,0.0
2011-08-30 00:00:00+08:00,42.07,43.8,41.93,43.66,642592,0.0,0.0
2011-08-31 00:00:00+08:00,43.93,44.07,42.97,43.73,352598,0.0,0.0
2011-09-01 00:00:00+08:00,44.49,44.83,43.66,43.66,460537,0.0,0.0
2011-09-02 00:00:00+08:00,43.66,44.14,43.45,43.59,203643,0.0,0.0
2011-09-05 00:00:00+08:00,42.97,43.24,42.07,42.42,195727,0.0,0.0
2011-09-06 00:00:00+08:00,41.93,42.28,41.38,41.38,284237,0.0,0.0
2011-09-07 00:00:00+08:00,41.73,42.35,41.73,41.87,187092,0.0,0.0
2011-09-08 00:00:00+08:00,42.07,42.42,41.87,41.93,225231,0.0,0.0
2011-09-09 00:00:00+08:00,42.21,42.21,41.52,41.87,197886,0.0,0.0
2011-09-13 00:00:00+08:00,41.87,41.87,41.18,41.25,220193,0.0,0.0
2011-09-14 00:00:00+08:00,42.0,42.0,40.69,40.97,225231,0.0,0.0
2011-09-15 00:00:00+08:00,41.45,42.55,41.38,42.55,433911,0.0,0.0
2011-09-16 00:00:00+08:00,43.11,43.45,42.83,43.24,454780,0.0,0.0
2011-09-19 00:00:00+08:00,43.24,43.24,42.14,42.28,253294,0.0,0.0
2011-09-20 00:00:00+08:00,42.49,43.24,41.87,43.11,331730,0.0,0.0
2011-09-21 00:00:00+08:00,42.97,44.83,42.83,44.49,772119,0.0,0.0
2011-09-22 00:00:00+08:00,43.8,44.07,43.18,44.07,384980,0.0,0.0
2011-09-23 00:00:00+08:00,42.62,42.76,41.45,41.87,360514,0.0,0.0
2011-09-26 00:00:00+08:00,41.87,42.14,40.14,40.56,409446,0.0,0.0
2011-09-27 00:00:00+08:00,41.25,41.59,40.35,40.62,256893,0.0,0.0
2011-09-28 00:00:00+08:00,41.25,41.25,40.35,40.42,287116,0.0,0.0
2011-09-29 00:00:00+08:00,40.0,40.28,39.31,40.28,487881,0.0,0.0
2011-09-30 00:00:00+08:00,40.0,40.28,39.31,39.73,495796,0.0,0.0
2011-10-03 00:00:00+08:00,39.18,41.25,39.18,40.62,564157,0.0,0.0
2011-10-04 00:00:00+08:00,40.62,40.62,40.62,40.62,0,0.0,0.0
2011-10-21 00:00:00+08:00,39.19,39.25,38.19,38.47,351686,0.0,0.0
2011-10-24 00:00:00+08:00,38.91,39.46,38.64,39.3,344945,0.0,0.0
2011-10-25 00:00:00+08:00,39.3,39.74,39.19,39.69,232585,0.0,0.0
2011-10-26 00:00:00+08:00,39.46,39.74,38.97,39.63,182023,0.0,0.0
2011-10-27 00:00:00+08:00,39.85,40.18,39.85,39.91,211236,0.0,0.0
2011-10-28 00:00:00+08:00,40.29,40.29,39.3,39.35,240450,0.0,0.0
2011-10-31 00:00:00+08:00,39.74,39.74,38.91,38.91,203371,0.0,0.0
2011-11-01 00:00:00+08:00,39.14,39.63,39.14,39.41,176405,0.0,0.0
2011-11-02 00:00:00+08:00,38.97,39.02,38.58,39.02,235956,0.0,0.0
2011-11-03 00:00:00+08:00,38.91,38.97,38.25,38.25,307866,0.0,0.0
2011-11-04 00:00:00+08:00,38.64,39.02,38.42,38.64,246068,0.0,0.0
2011-11-07 00:00:00+08:00,38.36,39.02,38.36,38.64,159551,0.0,0.0
2011-11-08 00:00:00+08:00,38.69,39.02,38.64,38.64,128090,0.0,0.0
2011-11-09 00:00:00+08:00,38.91,39.3,38.64,38.69,247192,0.0,0.0
2011-11-10 00:00:00+08:00,38.64,38.64,37.53,38.08,543822,0.0,0.0
2011-11-11 00:00:00+08:00,38.19,38.25,37.59,37.81,152809,0.0,0.0
2011-11-14 00:00:00+08:00,38.25,38.97,38.25,38.58,283147,0.0,0.0
2011-11-15 00:00:00+08:00,38.97,38.97,38.19,38.25,208989,0.0,0.0
2011-11-16 00:00:00+08:00,38.53,38.64,37.81,37.81,183146,0.0,0.0
2011-11-17 00:00:00+08:00,37.81,38.03,37.64,37.81,168540,0.0,0.0
2011-11-18 00:00:00+08:00,37.81,38.08,37.64,37.81,165169,0.0,0.0
2011-11-21 00:00:00+08:00,37.81,38.03,36.43,36.98,359552,0.0,0.0
2011-11-22 00:00:00+08:00,37.15,37.15,35.88,36.43,228090,0.0,0.0
2011-11-23 00:00:00+08:00,36.15,36.43,35.88,36.43,353934,0.0,0.0
2011-11-24 00:00:00+08:00,36.43,36.43,35.94,36.43,196630,0.0,0.0
2011-11-25 00:00:00+08:00,36.81,36.81,35.88,35.94,165169,0.0,0.0
2011-11-28 00:00:00+08:00,36.43,36.6,35.99,36.26,151686,0.0,0.0
2011-11-29 00:00:00+08:00,36.43,36.76,36.37,36.49,169663,0.0,0.0
2011-11-30 00:00:00+08:00,36.43,36.43,36.21,36.32,143820,0.0,0.0
2011-12-01 00:00:00+08:00,36.81,38.8,36.81,37.81,429215,0.0,0.0
2011-12-02 00:00:00+08:00,37.81,37.87,36.98,37.04,296630,0.0,0.0
2011-12-05 00:00:00+08:00,37.04,37.26,36.21,36.32,203371,0.0,0.0
2011-12-06 00:00:00+08:00,36.32,36.54,35.88,35.88,111236,0.0,0.0
2011-12-07 00:00:00+08:00,36.04,36.32,36.04,36.15,132584,0.0,0.0
2011-12-08 00:00:00+08:00,35.88,36.1,35.05,35.88,301124,0.0,0.0
2011-12-09 00:00:00+08:00,35.27,35.44,35.05,35.16,161798,0.0,0.0
2011-12-12 00:00:00+08:00,35.54,36.04,34.94,35.33,552811,0.0,0.0
2011-12-13 00:00:00+08:00,34.99,35.33,34.88,35.33,185394,0.0,0.0
2011-12-14 00:00:00+08:00,35.33,35.33,34.94,35.22,180899,0.0,0.0
2011-12-15 00:00:00+08:00,35.05,35.16,34.77,34.77,170787,0.0,0.0
2011-12-16 00:00:00+08:00,34.77,35.05,34.39,34.88,255057,0.0,0.0
2011-12-19 00:00:00+08:00,34.88,34.88,34.0,34.5,368540,0.0,0.0
2011-12-20 00:00:00+08:00,34.55,34.61,33.95,34.55,202248,0.0,0.0
2011-12-21 00:00:00+08:00,35.05,36.32,35.05,35.65,500002,0.0,0.0
2011-12-22 00:00:00+08:00,35.33,35.49,34.72,34.72,211236,0.0,0.0
2011-12-23 00:00:00+08:00,35.1,35.6,35.05,35.27,412361,0.0,0.0
2011-12-26 00:00:00+08:00,35.54,36.26,35.38,35.49,464046,0.0,0.0
2011-12-27 00:00:00+08:00,35.49,35.49,34.94,35.05,196630,0.0,0.0
2011-12-28 00:00:00+08:00,34.99,35.27,34.99,34.99,175281,0.0,0.0
2011-12-29 00:00:00+08:00,34.99,35.27,34.55,34.83,151686,0.0,0.0
2011-12-30 00:00:00+08:00,34.94,35.1,34.83,34.88,205618,0.0,0.0
2012-01-02 00:00:00+08:00,34.88,34.88,34.88,34.88,0,0.0,0.0
2012-01-06 00:00:00+08:00,35.22,35.44,34.94,35.27,307400,0.0,0.0
2012-01-09 00:00:00+08:00,35.1,35.33,34.94,35.05,190800,0.0,0.0
2012-01-10 00:00:00+08:00,36.43,36.98,35.93,36.76,642360,0.0,0.0
2012-01-11 00:00:00+08:00,37.04,37.04,36.43,36.76,333900,0.0,0.0
2012-01-12 00:00:00+08:00,36.76,36.76,36.37,36.48,331780,0.0,0.0
2012-01-13 00:00:00+08:00,36.87,37.81,36.76,37.2,691120,0.0,0.0
2012-01-16 00:00:00+08:00,37.48,37.92,37.37,37.64,579820,0.0,0.0
2012-01-17 00:00:00+08:00,38.09,39.91,37.86,39.69,931740,0.0,0.0
2012-01-18 00:00:00+08:00,39.69,41.12,39.47,40.62,799240,0.0,0.0
2012-01-30 00:00:00+08:00,41.18,43.16,41.18,42.45,966720,0.0,0.0
2012-01-31 00:00:00+08:00,42.45,42.94,41.95,42.23,839520,0.0,0.0
2012-02-01 00:00:00+08:00,42.23,44.43,42.23,43.33,679460,0.0,0.0
2012-02-02 00:00:00+08:00,43.33,43.94,42.83,43.61,477000,0.0,0.0
2012-02-03 00:00:00+08:00,43.61,44.1,42.94,43.88,297860,0.0,0.0
2012-02-06 00:00:00+08:00,43.05,43.33,41.95,42.61,583000,0.0,0.0
2012-02-07 00:00:00+08:00,42.67,43.33,42.39,42.67,382660,0.0,0.0
2012-02-08 00:00:00+08:00,42.89,43.77,42.89,43.72,511980,0.0,0.0
2012-02-09 00:00:00+08:00,43.88,45.26,43.55,45.1,928560,0.0,0.0
2012-02-10 00:00:00+08:00,44.98,45.43,44.32,44.82,744120,0.0,0.0
2012-02-13 00:00:00+08:00,44.65,45.04,44.16,44.43,330720,0.0,0.0
2012-02-14 00:00:00+08:00,45.59,45.98,44.54,45.48,571340,0.0,0.0
2012-02-15 00:00:00+08:00,45.54,46.64,45.48,46.42,656140,0.0,0.0
2012-02-16 00:00:00+08:00,45.98,46.42,44.98,45.26,698540,0.0,0.0
2012-02-17 00:00:00+08:00,45.92,46.92,45.87,46.42,1015480,0.0,0.0
2012-02-20 00:00:00+08:00,46.81,46.86,46.25,46.36,297860,0.0,0.0
2012-02-21 00:00:00+08:00,46.31,47.47,46.2,47.47,629640,0.0,0.0
2012-02-22 00:00:00+08:00,47.41,50.23,47.19,49.84,1411920,0.0,0.0
2012-02-23 00:00:00+08:00,49.84,52.27,49.84,51.94,1435240,0.0,0.0
2012-02-24 00:00:00+08:00,51.94,52.44,50.84,51.94,1181900,0.0,0.0
2012-02-29 00:00:00+08:00,51.94,52.38,51.06,52.05,748360,0.0,0.0
2012-03-01 00:00:00+08:00,51.99,53.98,51.61,53.54,1012300,0.0,0.0
2012-03-02 00:00:00+08:00,53.65,55.03,53.65,54.92,788640,0.0,0.0
2012-03-05 00:00:00+08:00,53.98,53.98,51.99,51.99,545900,0.0,0.0
2012-03-06 00:00:00+08:00,51.83,52.77,50.5,52.66,752600,0.0,0.0
2012-03-07 00:00:00+08:00,51.77,53.43,51.33,52.44,440960,0.0,0.0
2012-03-08 00:00:00+08:00,53.26,53.26,52.33,53.04,228960,0.0,0.0
2012-03-09 00:00:00+08:00,53.43,54.92,53.1,54.04,669920,0.0,0.0
2012-03-12 00:00:00+08:00,54.09,54.2,52.77,52.82,256520,0.0,0.0
2012-03-13 00:00:00+08:00,53.04,53.37,52.55,52.55,347680,0.0,0.0
2012-03-14 00:00:00+08:00,53.54,53.82,52.44,52.49,248040,0.0,0.0
2012-03-15 00:00:00+08:00,52.6,52.88,52.33,52.49,199280,0.0,0.0
2012-03-16 00:00:00+08:00,52.49,52.82,51.94,51.94,294680,0.0,0.0
2012-03-19 00:00:00+08:00,51.94,52.44,50.61,50.67,345560,0.0,0.0
2012-03-20 00:00:00+08:00,50.78,50.95,49.79,50.28,373120,0.0,0.0
2012-03-21 00:00:00+08:00,50.28,50.95,50.28,50.61,117660,0.0,0.0
2012-03-22 00:00:00+08:00,50.61,51.33,50.28,50.45,167480,0.0,0.0
2012-03-23 00:00:00+08:00,51.61,52.66,51.44,51.94,442020,0.0,0.0
2012-03-26 00:00:00+08:00,51.94,51.94,51.0,51.11,162180,0.0,0.0
2012-03-27 00:00:00+08:00,51.66,51.66,50.89,51.17,195040,0.0,0.0
2012-03-28 00:00:00+08:00,51.33,51.55,50.5,50.61,102820,0.0,0.0
2012-03-29 00:00:00+08:00,50.61,51.0,49.01,49.68,347680,0.0,0.0
2012-03-30 00:00:00+08:00,49.68,50.56,48.9,50.56,305280,0.0,0.0
2012-04-02 00:00:00+08:00,50.45,50.45,49.62,50.23,219420,0.0,0.0
2012-04-03 00:00:00+08:00,50.23,50.23,49.12,49.18,287260,0.0,0.0
2012-04-05 00:00:00+08:00,48.57,48.85,47.74,48.57,213060,0.0,0.0
2012-04-06 00:00:00+08:00,48.68,49.57,48.68,49.4,108120,0.0,0.0
2012-04-09 00:00:00+08:00,49.07,49.12,48.68,48.85,92220,0.0,0.0
2012-04-10 00:00:00+08:00,48.96,49.79,48.96,49.46,168540,0.0,0.0
2012-04-11 00:00:00+08:00,49.12,49.35,48.57,49.01,180200,0.0,0.0
2012-04-12 00:00:00+08:00,49.07,49.4,48.68,48.68,133560,0.0,0.0
2012-04-13 00:00:00+08:00,48.85,50.61,48.85,49.4,160060,0.0,0.0
2012-04-16 00:00:00+08:00,49.01,49.73,49.01,49.4,79500,0.0,0.0
2012-04-17 00:00:00+08:00,48.9,49.12,48.3,48.3,173840,0.0,0.0
2012-04-18 00:00:00+08:00,48.46,48.85,47.19,47.47,381600,0.0,0.0
2012-04-19 00:00:00+08:00,47.47,47.74,46.97,47.47,125080,0.0,0.0
2012-04-20 00:00:00+08:00,47.74,47.91,47.47,47.47,157940,0.0,0.0
2012-04-23 00:00:00+08:00,48.3,48.3,47.14,47.14,136740,0.0,0.0
2012-04-24 00:00:00+08:00,47.19,47.41,47.03,47.03,77380,0.0,0.0
2012-04-25 00:00:00+08:00,47.19,47.47,47.14,47.14,171720,0.0,0.0
2012-04-26 00:00:00+08:00,47.19,47.47,47.14,47.25,106000,0.0,0.0
2012-04-27 00:00:00+08:00,48.02,48.68,47.25,47.3,234260,0.0,0.0
2012-04-30 00:00:00+08:00,47.3,47.91,47.3,47.69,84800,0.0,0.0
2012-05-02 00:00:00+08:00,47.74,49.79,47.74,49.62,331780,0.0,0.0
2012-05-03 00:00:00+08:00,49.95,50.01,49.24,49.24,137800,0.0,0.0
2012-05-04 00:00:00+08:00,49.12,49.95,48.96,49.73,208820,0.0,0.0
2012-05-07 00:00:00+08:00,49.12,49.24,48.57,49.18,148400,0.0,0.0
2012-05-08 00:00:00+08:00,49.18,49.68,49.18,49.35,80560,0.0,0.0
2012-05-09 00:00:00+08:00,48.68,49.29,48.68,48.79,102820,0.0,0.0
2012-05-10 00:00:00+08:00,48.79,48.96,48.3,48.46,210940,0.0,0.0
2012-05-11 00:00:00+08:00,48.46,48.52,47.8,47.97,160060,0.0,0.0
2012-05-14 00:00:00+08:00,47.97,48.3,47.74,48.02,84800,0.0,0.0
2012-05-15 00:00:00+08:00,47.03,48.52,47.03,48.52,127200,0.0,0.0
2012-05-16 00:00:00+08:00,48.46,48.68,47.86,48.3,131440,0.0,0.0
2012-05-17 00:00:00+08:00,48.57,48.74,47.91,48.63,67840,0.0,0.0
2012-05-18 00:00:00+08:00,48.3,48.46,47.74,47.8,131440,0.0,0.0
2012-05-21 00:00:00+08:00,47.86,48.19,47.47,47.47,95400,0.0,0.0
2012-05-22 00:00:00+08:00,48.02,48.3,47.74,48.3,112360,0.0,0.0
2012-05-23 00:00:00+08:00,48.02,48.13,47.47,47.47,118720,0.0,0.0
2012-05-24 00:00:00+08:00,47.47,48.19,47.47,47.52,154760,0.0,0.0
2012-05-25 00:00:00+08:00,47.47,47.63,47.19,47.19,99640,0.0,0.0
2012-05-28 00:00:00+08:00,47.19,47.25,46.97,47.19,175960,0.0,0.0
2012-05-29 00:00:00+08:00,47.25,48.02,47.03,47.69,835280,0.0,0.0
2012-05-30 00:00:00+08:00,47.69,47.69,47.25,47.36,268180,0.0,0.0
2012-05-31 00:00:00+08:00,47.14,47.14,46.7,46.97,219420,0.0,0.0
2012-06-01 00:00:00+08:00,46.7,46.92,45.87,45.87,238500,0.0,0.0
2012-06-04 00:00:00+08:00,44.65,44.98,43.88,43.88,379480,0.0,0.0
2012-06-05 00:00:00+08:00,44.16,45.21,44.1,44.16,160060,0.0,0.0
2012-06-06 00:00:00+08:00,44.6,45.15,44.43,44.98,173840,0.0,0.0
2012-06-07 00:00:00+08:00,45.81,46.09,45.04,45.1,239560,0.0,0.0
2012-06-08 00:00:00+08:00,45.1,45.81,44.98,45.21,85860,0.0,0.0
2012-06-11 00:00:00+08:00,46.09,46.59,45.65,46.31,290440,0.0,0.0
2012-06-12 00:00:00+08:00,46.2,46.7,45.81,46.42,310580,0.0,0.0
2012-06-13 00:00:00+08:00,47.19,47.19,46.36,46.59,163240,0.0,0.0
2012-06-14 00:00:00+08:00,46.92,46.92,46.09,46.25,112360,0.0,0.0
2012-06-15 00:00:00+08:00,46.64,49.46,46.48,49.46,1015480,0.0,0.0
2012-06-18 00:00:00+08:00,49.46,49.62,48.79,49.18,692180,0.0,0.0
2012-06-19 00:00:00+08:00,49.12,49.29,48.85,49.07,201400,0.0,0.0
2012-06-20 00:00:00+08:00,49.24,49.35,48.63,48.9,90100,0.0,0.0
2012-06-21 00:00:00+08:00,49.12,49.12,48.68,48.68,238500,0.0,0.0
2012-06-22 00:00:00+08:00,48.13,49.07,48.13,48.68,275600,0.0,0.0
2012-06-25 00:00:00+08:00,48.52,48.57,47.91,47.97,178080,0.0,0.0
2012-06-26 00:00:00+08:00,47.3,47.97,47.3,47.58,173840,0.0,0.0
2012-06-27 00:00:00+08:00,47.69,47.91,47.08,47.08,251220,0.0,0.0
2012-06-28 00:00:00+08:00,49.68,49.68,47.91,47.91,213060,0.0,0.0
2012-06-29 00:00:00+08:00,47.91,48.19,47.52,47.74,251220,0.0,0.0
2012-07-02 00:00:00+08:00,48.46,48.46,47.74,47.8,274540,0.0,0.0
2012-07-03 00:00:00+08:00,48.3,48.3,47.8,48.13,358280,0.0,0.0
2012-07-04 00:00:00+08:00,48.41,49.01,48.41,48.68,562860,0.0,0.0
2012-07-05 00:00:00+08:00,48.96,49.07,48.57,48.79,270300,0.0,0.0
2012-07-06 00:00:00+08:00,48.96,48.96,48.46,48.57,204580,0.0,0.0
2012-07-09 00:00:00+08:00,48.57,48.96,48.57,48.85,362520,0.0,0.0
2012-07-10 00:00:00+08:00,48.63,48.68,48.02,48.02,428240,0.0,0.0
2012-07-11 00:00:00+08:00,48.02,48.74,48.02,48.35,203520,0.0,0.0
2012-07-12 00:00:00+08:00,48.35,48.96,48.08,48.13,371000,0.0,0.0
2012-07-13 00:00:00+08:00,47.86,48.3,47.19,47.25,336020,0.0,0.0
2012-07-16 00:00:00+08:00,47.74,47.74,47.08,47.47,230020,0.0,0.0
2012-07-17 00:00:00+08:00,47.47,47.63,47.19,47.3,166420,0.0,0.0
2012-07-18 00:00:00+08:00,47.36,47.91,47.36,47.58,96460,0.0,0.0
2012-07-19 00:00:00+08:00,47.74,48.08,47.74,47.8,118720,0.0,0.0
2012-07-20 00:00:00+08:00,47.8,48.24,47.69,48.24,89040,0.0,0.0
2012-07-23 00:00:00+08:00,48.08,48.19,47.47,48.08,72080,0.0,0.0
2012-07-24 00:00:00+08:00,47.52,47.74,47.3,47.41,155820,0.0,0.0
2012-07-25 00:00:00+08:00,47.19,47.63,47.14,47.3,47700,0.0,0.0
2012-07-26 00:00:00+08:00,47.3,47.52,46.75,46.97,177020,0.0,0.0
2012-07-27 00:00:00+08:00,47.52,47.91,47.19,47.91,153700,0.0,0.0
2012-07-30 00:00:00+08:00,48.13,48.35,48.02,48.02,254400,0.0,0.0
2012-07-31 00:00:00+08:00,48.19,48.19,47.74,47.74,114480,0.0,0.0
2012-08-01 00:00:00+08:00,47.74,48.35,47.74,48.02,244860,0.0,0.0
2012-08-02 00:00:00+08:00,48.02,48.02,48.02,48.02,0,0.0,0.0
2012-08-03 00:00:00+08:00,48.02,49.12,47.91,49.07,497140,0.0,0.0
2012-08-06 00:00:00+08:00,49.35,49.79,49.29,49.79,542720,0.0,0.0
2012-08-07 00:00:00+08:00,50.23,51.06,49.95,50.5,591480,0.0,0.0
2012-08-08 00:00:00+08:00,50.78,51.72,50.5,50.89,727160,0.0,0.0
2012-08-09 00:00:00+08:00,51.06,52.99,51.0,52.66,1685400,0.0,0.0
2012-08-10 00:00:00+08:00,53.15,56.3,52.99,55.47,3034780,0.0,0.0
2012-08-13 00:00:00+08:00,55.75,56.02,54.37,54.37,942340,0.0,0.0
2012-08-14 00:00:00+08:00,54.81,57.68,54.42,57.13,2087140,0.0,0.0
2012-08-15 00:00:00+08:00,57.4,60.99,57.4,60.72,3384580,0.0,0.0
2012-08-16 00:00:00+08:00,61.85,64.52,61.85,62.74,3023120,7.0,0.0
2012-08-17 00:00:00+08:00,62.74,63.33,61.56,61.56,999580,0.0,0.0
2012-08-20 00:00:00+08:00,61.56,62.15,60.08,60.67,737760,0.0,0.0
2012-08-21 00:00:00+08:00,60.67,62.15,60.08,60.37,1019720,0.0,0.0
2012-08-22 00:00:00+08:00,60.67,61.85,60.37,61.85,682640,0.0,0.0
2012-08-23 00:00:00+08:00,61.56,66.0,61.56,65.11,2664840,0.0,0.0
2012-08-24 00:00:00+08:00,64.52,65.11,63.63,63.92,817260,0.0,0.0
2012-08-27 00:00:00+08:00,63.04,63.63,62.15,63.33,515160,0.0,0.0
2012-08-28 00:00:00+08:00,63.04,63.04,59.78,59.78,764260,0.0,0.0
2012-08-29 00:00:00+08:00,59.19,61.26,58.72,60.96,884040,0.0,0.0
2012-08-30 00:00:00+08:00,60.67,60.96,59.48,59.78,831040,0.0,0.0
2012-08-31 00:00:00+08:00,59.48,62.44,59.19,62.15,1099220,0.0,0.0
2012-09-03 00:00:00+08:00,62.44,63.33,61.26,62.74,596780,0.0,0.0
2012-09-04 00:00:00+08:00,63.33,63.92,61.56,62.15,636000,0.0,0.0
2012-09-05 00:00:00+08:00,62.15,63.04,61.85,62.44,798180,0.0,0.0
2012-09-06 00:00:00+08:00,62.15,62.44,59.07,59.78,1508380,0.0,0.0
2012-09-07 00:00:00+08:00,60.67,62.15,58.89,61.26,1279420,0.0,0.0
2012-09-10 00:00:00+08:00,62.15,62.15,61.26,61.56,570280,0.0,0.0
2012-09-11 00:00:00+08:00,61.26,62.44,60.96,62.15,535300,0.0,0.0
2012-09-12 00:00:00+08:00,61.85,62.44,61.56,61.85,844820,0.0,0.0
2012-09-13 00:00:00+08:00,62.15,63.04,62.15,62.44,586180,0.0,0.0
2012-09-14 00:00:00+08:00,62.74,63.63,61.85,61.85,911600,0.0,0.0
2012-09-17 00:00:00+08:00,61.85,61.85,59.78,60.08,785460,0.0,0.0
2012-09-18 00:00:00+08:00,60.08,61.56,59.48,60.96,496080,0.0,0.0
2012-09-19 00:00:00+08:00,60.96,61.85,60.08,60.37,260760,0.0,0.0
2012-09-20 00:00:00+08:00,61.26,61.26,59.48,60.67,507740,0.0,0.0
2012-09-21 00:00:00+08:00,60.67,60.96,60.37,60.37,295740,0.0,0.0
2012-09-24 00:00:00+08:00,60.37,60.96,59.48,60.37,226840,0.0,0.0
2012-09-25 00:00:00+08:00,60.37,62.15,60.08,60.08,540600,0.0,0.0
2012-09-26 00:00:00+08:00,59.78,60.67,59.48,60.37,275600,0.0,0.0
2012-09-27 00:00:00+08:00,60.37,61.56,60.08,60.37,389020,0.0,0.0
2012-09-28 00:00:00+08:00,60.96,60.96,60.37,60.96,220480,0.0,0.0
2012-10-01 00:00:00+08:00,61.26,62.15,60.08,60.37,555440,0.0,0.0
2012-10-02 00:00:00+08:00,60.96,61.26,60.67,60.67,235320,0.0,0.0
2012-10-03 00:00:00+08:00,60.96,60.96,60.37,60.37,79500,0.0,0.0
2012-10-04 00:00:00+08:00,60.37,60.67,59.78,60.08,312700,0.0,0.0
2012-10-05 00:00:00+08:00,60.67,61.56,60.37,60.67,339200,0.0,0.0
2012-10-08 00:00:00+08:00,60.96,60.96,60.08,60.08,223660,0.0,0.0
2012-10-09 00:00:00+08:00,60.37,60.96,60.08,60.37,205640,0.0,0.0
2012-10-11 00:00:00+08:00,60.08,61.56,59.48,60.67,422940,0.0,0.0
2012-10-12 00:00:00+08:00,60.96,61.56,60.67,61.26,413400,0.0,0.0
2012-10-15 00:00:00+08:00,61.26,62.15,61.26,62.15,656140,0.0,0.0
2012-10-16 00:00:00+08:00,62.74,66.29,62.74,63.33,2939380,0.0,0.0
2012-10-17 00:00:00+08:00,64.52,65.4,63.92,64.52,1535940,0.0,0.0
2012-10-18 00:00:00+08:00,64.52,64.81,62.74,63.92,627520,0.0,0.0
2012-10-19 00:00:00+08:00,63.92,64.22,62.15,62.15,523640,0.0,0.0
2012-10-22 00:00:00+08:00,61.26,62.15,60.96,62.15,329660,0.0,0.0
2012-10-23 00:00:00+08:00,62.44,63.33,62.15,62.15,329660,0.0,0.0
2012-10-24 00:00:00+08:00,61.56,64.52,61.56,64.52,719740,0.0,0.0
2012-10-25 00:00:00+08:00,64.52,64.52,62.15,63.04,474880,0.0,0.0
2012-10-26 00:00:00+08:00,63.63,65.4,62.74,65.4,1914360,0.0,0.0
2012-10-29 00:00:00+08:00,66.0,66.0,63.92,65.11,866020,0.0,0.0
2012-10-30 00:00:00+08:00,64.81,65.7,63.92,63.92,498200,0.0,0.0
2012-10-31 00:00:00+08:00,63.92,64.81,61.85,62.44,386900,0.0,0.0
2012-11-01 00:00:00+08:00,62.15,63.33,61.26,63.33,254400,0.0,0.0
2012-11-02 00:00:00+08:00,63.63,63.92,62.74,63.33,486540,0.0,0.0
2012-11-05 00:00:00+08:00,62.74,63.04,61.85,62.15,315880,0.0,0.0
2012-11-06 00:00:00+08:00,62.74,62.74,60.96,61.56,240620,0.0,0.0
2012-11-07 00:00:00+08:00,62.44,63.33,62.15,62.74,367820,0.0,0.0
2012-11-08 00:00:00+08:00,61.56,62.44,61.26,62.15,182320,0.0,0.0
2012-11-09 00:00:00+08:00,61.26,62.15,60.96,61.56,222600,0.0,0.0
2012-11-12 00:00:00+08:00,61.56,61.85,60.37,60.37,313760,0.0,0.0
2012-11-13 00:00:00+08:00,60.37,61.85,60.37,61.26,376300,0.0,0.0
2012-11-14 00:00:00+08:00,61.26,61.56,60.37,60.37,149460,0.0,0.0
2012-11-15 00:00:00+08:00,60.37,60.67,59.78,60.37,232140,0.0,0.0
2012-11-16 00:00:00+08:00,59.78,60.37,59.78,60.08,232140,0.0,0.0
2012-11-19 00:00:00+08:00,60.67,60.67,57.06,57.41,581940,0.0,0.0
2012-11-20 00:00:00+08:00,57.41,58.01,55.05,55.05,748360,0.0,0.0
2012-11-21 00:00:00+08:00,55.05,56.29,55.05,56.29,869200,0.0,0.0
2012-11-22 00:00:00+08:00,56.94,57.12,55.64,55.64,358280,0.0,0.0
2012-11-23 00:00:00+08:00,55.93,57.41,55.82,57.24,369940,0.0,0.0
2012-11-26 00:00:00+08:00,57.65,58.12,57.53,58.12,196100,0.0,0.0
2012-11-27 00:00:00+08:00,58.18,58.83,58.01,58.42,134620,0.0,0.0
2012-11-28 00:00:00+08:00,58.42,58.42,57.59,57.83,119780,0.0,0.0
2012-11-29 00:00:00+08:00,58.18,58.36,57.47,58.01,124020,0.0,0.0
2012-11-30 00:00:00+08:00,58.72,59.48,58.12,58.12,210940,0.0,0.0
2012-12-03 00:00:00+08:00,58.12,59.07,58.12,58.6,122960,0.0,0.0
2012-12-04 00:00:00+08:00,58.6,59.01,58.18,58.3,89040,0.0,0.0
2012-12-05 00:00:00+08:00,58.6,59.01,58.01,58.18,165360,0.0,0.0
2012-12-06 00:00:00+08:00,58.77,59.01,57.47,57.53,155820,0.0,0.0
2012-12-07 00:00:00+08:00,57.29,57.59,55.82,56.53,404920,0.0,0.0
2012-12-10 00:00:00+08:00,56.35,56.41,55.7,56.17,120840,0.0,0.0
2012-12-11 00:00:00+08:00,56.35,56.35,54.34,54.45,402800,0.0,0.0
2012-12-12 00:00:00+08:00,54.99,55.16,53.92,54.87,303160,0.0,0.0
2012-12-13 00:00:00+08:00,55.34,55.34,53.86,54.28,646600,0.0,0.0
2012-12-14 00:00:00+08:00,55.05,55.05,53.86,54.28,400680,0.0,0.0
2012-12-17 00:00:00+08:00,54.45,54.45,53.33,54.1,405980,0.0,0.0
2012-12-18 00:00:00+08:00,54.1,54.22,53.27,54.04,358280,0.0,0.0
2012-12-19 00:00:00+08:00,54.04,54.69,53.98,54.69,405980,0.0,0.0
2012-12-20 00:00:00+08:00,54.75,54.81,54.16,54.57,198220,0.0,0.0
2012-12-21 00:00:00+08:00,54.63,54.81,53.57,53.63,400680,0.0,0.0
2012-12-24 00:00:00+08:00,53.98,53.98,53.57,53.63,107060,0.0,0.0
2012-12-25 00:00:00+08:00,53.74,54.22,53.63,54.04,114480,0.0,0.0
2012-12-26 00:00:00+08:00,54.04,55.28,54.04,55.1,285140,0.0,0.0
2012-12-27 00:00:00+08:00,55.16,56.76,55.05,56.53,606320,0.0,0.0
2012-12-28 00:00:00+08:00,56.53,56.64,55.76,56.47,284080,0.0,0.0
2013-01-02 00:00:00+08:00,56.53,57.0,56.53,56.82,245920,0.0,0.0
2013-01-03 00:00:00+08:00,57.12,57.12,55.93,56.47,207760,0.0,0.0
2013-01-04 00:00:00+08:00,56.47,57.71,56.35,57.59,456860,0.0,0.0
2013-01-07 00:00:00+08:00,57.59,57.59,55.99,56.76,299980,0.0,0.0
2013-01-08 00:00:00+08:00,57.12,57.12,55.99,56.76,115540,0.0,0.0
2013-01-09 00:00:00+08:00,56.94,56.94,56.35,56.76,115540,0.0,0.0
2013-01-10 00:00:00+08:00,56.94,56.94,54.75,55.22,566040,0.0,0.0
2013-01-11 00:00:00+08:00,54.22,54.75,53.51,53.86,773800,0.0,0.0
2013-01-14 00:00:00+08:00,53.86,54.69,53.57,54.63,130380,0.0,0.0
2013-01-15 00:00:00+08:00,54.63,54.63,54.28,54.45,115540,0.0,0.0
2013-01-16 00:00:00+08:00,54.75,54.75,53.86,53.86,197160,0.0,0.0
2013-01-17 00:00:00+08:00,53.86,54.45,53.74,53.74,195040,0.0,0.0
2013-01-18 00:00:00+08:00,54.22,54.81,53.86,54.75,223660,0.0,0.0
2013-01-21 00:00:00+08:00,54.57,54.81,54.34,54.34,187620,0.0,0.0
2013-01-22 00:00:00+08:00,54.75,54.81,54.28,54.75,208820,0.0,0.0
2013-01-23 00:00:00+08:00,54.75,54.81,54.45,54.75,184440,0.0,0.0
2013-01-24 00:00:00+08:00,54.75,54.93,54.28,54.51,199280,0.0,0.0
2013-01-25 00:00:00+08:00,54.22,54.51,53.98,54.51,133560,0.0,0.0
2013-01-28 00:00:00+08:00,54.22,54.45,53.8,54.22,129320,0.0,0.0
2013-01-29 00:00:00+08:00,54.22,54.22,53.8,54.16,342380,0.0,0.0
2013-01-30 00:00:00+08:00,54.28,54.34,53.8,54.28,303160,0.0,0.0
2013-01-31 00:00:00+08:00,54.51,54.51,53.92,54.04,240620,0.0,0.0
2013-02-01 00:00:00+08:00,55.05,55.22,54.63,54.87,336020,0.0,0.0
2013-02-04 00:00:00+08:00,54.93,55.1,54.75,54.93,183380,0.0,0.0
2013-02-05 00:00:00+08:00,54.45,54.69,53.92,54.1,205640,0.0,0.0
2013-02-06 00:00:00+08:00,54.1,54.81,54.1,54.63,133560,0.0,0.0
2013-02-18 00:00:00+08:00,54.63,54.99,54.39,54.75,256520,0.0,0.0
2013-02-19 00:00:00+08:00,54.75,55.05,52.97,53.57,667800,0.0,0.0
2013-02-20 00:00:00+08:00,53.68,53.92,53.63,53.86,299980,0.0,0.0
2013-02-21 00:00:00+08:00,54.28,55.28,54.28,54.51,995340,0.0,0.0
2013-02-22 00:00:00+08:00,54.57,55.4,54.45,54.45,540600,0.0,0.0
2013-02-25 00:00:00+08:00,54.63,54.63,53.86,54.1,305280,0.0,0.0
2013-02-26 00:00:00+08:00,54.1,54.1,53.74,53.86,244860,0.0,0.0
2013-02-27 00:00:00+08:00,53.92,54.1,53.63,53.86,417640,0.0,0.0
2013-03-01 00:00:00+08:00,53.86,54.16,53.74,53.86,373120,0.0,0.0
2013-03-04 00:00:00+08:00,53.92,53.98,53.03,53.27,384780,0.0,0.0
2013-03-05 00:00:00+08:00,53.39,53.45,53.15,53.39,220480,0.0,0.0
2013-03-06 00:00:00+08:00,53.86,53.86,52.97,53.03,350860,0.0,0.0
2013-03-07 00:00:00+08:00,53.03,53.15,52.74,52.74,463220,0.0,0.0
2013-03-08 00:00:00+08:00,52.97,53.57,52.91,53.03,197160,0.0,0.0
2013-03-11 00:00:00+08:00,53.27,53.74,53.15,53.27,548020,0.0,0.0
2013-03-12 00:00:00+08:00,53.51,53.51,52.86,52.86,243800,0.0,0.0
2013-03-13 00:00:00+08:00,52.97,53.63,52.74,53.27,316940,0.0,0.0
2013-03-14 00:00:00+08:00,53.27,53.27,52.86,52.97,119780,0.0,0.0
2013-03-15 00:00:00+08:00,52.97,53.8,52.86,53.8,466400,0.0,0.0
2013-03-18 00:00:00+08:00,53.74,53.74,53.21,53.57,313760,0.0,0.0
2013-03-19 00:00:00+08:00,53.57,53.57,53.03,53.27,167480,0.0,0.0
2013-03-20 00:00:00+08:00,53.27,53.57,52.97,53.09,171720,0.0,0.0
2013-03-21 00:00:00+08:00,53.57,53.57,53.15,53.39,94340,0.0,0.0
2013-03-22 00:00:00+08:00,53.27,53.57,52.97,53.45,205640,0.0,0.0
2013-03-25 00:00:00+08:00,54.63,56.82,54.63,56.82,1138440,0.0,0.0
2013-03-26 00:00:00+08:00,56.82,56.88,55.7,56.53,846940,0.0,0.0
2013-03-27 00:00:00+08:00,56.7,56.7,56.17,56.47,526820,0.0,0.0
2013-03-28 00:00:00+08:00,56.7,57.29,56.53,56.88,517280,0.0,0.0
2013-03-29 00:00:00+08:00,57.12,57.35,56.94,57.35,501380,0.0,0.0
2013-04-01 00:00:00+08:00,57.35,57.53,57.0,57.35,581940,0.0,0.0
2013-04-02 00:00:00+08:00,57.24,57.24,56.23,56.23,495020,0.0,0.0
2013-04-03 00:00:00+08:00,56.23,57.12,56.23,57.12,294680,0.0,0.0
2013-04-08 00:00:00+08:00,56.82,56.82,55.4,55.64,452620,0.0,0.0
2013-04-09 00:00:00+08:00,55.64,55.93,55.22,55.64,213060,0.0,0.0
2013-04-10 00:00:00+08:00,55.05,55.64,54.93,55.46,365700,0.0,0.0
2013-04-11 00:00:00+08:00,55.46,55.46,55.1,55.1,284080,0.0,0.0
2013-04-12 00:00:00+08:00,55.1,55.16,54.16,54.28,331780,0.0,0.0
2013-04-15 00:00:00+08:00,54.28,54.39,53.74,53.86,363580,0.0,0.0
2013-04-16 00:00:00+08:00,53.33,54.04,53.27,54.04,299980,0.0,0.0
2013-04-17 00:00:00+08:00,54.04,54.04,53.57,53.8,314820,0.0,0.0
2013-04-18 00:00:00+08:00,53.57,54.16,53.51,54.16,166420,0.0,0.0
2013-04-19 00:00:00+08:00,54.34,54.75,54.04,54.57,359340,0.0,0.0
2013-04-22 00:00:00+08:00,54.75,54.75,54.39,54.45,217300,0.0,0.0
2013-04-23 00:00:00+08:00,54.75,54.75,54.45,54.75,185500,0.0,0.0
2013-04-24 00:00:00+08:00,55.1,56.23,55.1,55.64,382660,0.0,0.0
2013-04-25 00:00:00+08:00,55.34,55.58,54.75,55.28,250160,0.0,0.0
2013-04-26 00:00:00+08:00,56.29,56.47,55.64,55.7,1196740,0.0,0.0
2013-04-29 00:00:00+08:00,55.99,56.47,55.7,55.7,478060,0.0,0.0
2013-04-30 00:00:00+08:00,55.93,57.35,55.93,57.35,1157520,0.0,0.0
2013-05-02 00:00:00+08:00,57.35,58.83,57.35,58.83,871320,0.0,0.0
2013-05-03 00:00:00+08:00,59.19,59.48,58.12,58.48,456860,0.0,0.0
2013-05-06 00:00:00+08:00,58.72,59.13,58.18,58.3,345560,0.0,0.0
2013-05-07 00:00:00+08:00,58.24,59.13,58.01,59.01,394320,0.0,0.0
2013-05-08 00:00:00+08:00,59.78,59.78,59.13,59.78,527880,0.0,0.0
2013-05-09 00:00:00+08:00,59.78,59.78,58.66,59.78,333900,0.0,0.0
2013-05-10 00:00:00+08:00,59.48,59.78,58.01,58.89,497140,0.0,0.0
2013-05-13 00:00:00+08:00,58.89,59.48,58.66,58.72,301040,0.0,0.0
2013-05-14 00:00:00+08:00,58.89,59.19,58.72,59.19,436720,0.0,0.0
2013-05-15 00:00:00+08:00,59.19,59.48,58.48,59.07,290440,0.0,0.0
2013-05-16 00:00:00+08:00,59.19,60.37,59.13,60.37,711260,0.0,0.0
2013-05-17 00:00:00+08:00,60.08,61.26,59.78,60.67,407040,0.0,0.0
2013-05-20 00:00:00+08:00,60.96,62.15,60.37,61.85,685820,0.0,0.0
2013-05-21 00:00:00+08:00,61.56,61.85,60.67,61.26,491840,0.0,0.0
2013-05-22 00:00:00+08:00,61.26,61.56,60.67,61.26,413400,0.0,0.0
2013-05-23 00:00:00+08:00,60.96,61.26,59.78,60.08,631760,0.0,0.0
2013-05-24 00:00:00+08:00,59.78,60.67,59.78,60.08,316940,0.0,0.0
2013-05-27 00:00:00+08:00,59.78,60.08,58.89,59.19,796060,0.0,0.0
2013-05-28 00:00:00+08:00,59.07,59.78,58.95,59.78,451560,0.0,0.0
2013-05-29 00:00:00+08:00,59.78,60.37,59.78,60.08,424000,0.0,0.0
2013-05-30 00:00:00+08:00,59.78,60.08,59.07,59.07,420820,0.0,0.0
2013-05-31 00:00:00+08:00,59.19,59.78,59.07,59.78,365700,0.0,0.0
2013-06-03 00:00:00+08:00,59.19,60.08,58.95,59.78,217300,0.0,0.0
2013-06-04 00:00:00+08:00,59.78,60.08,59.19,60.08,226840,0.0,0.0
2013-06-05 00:00:00+08:00,59.48,60.37,59.48,60.37,218360,0.0,0.0
2013-06-06 00:00:00+08:00,59.78,60.08,59.48,59.48,115540,0.0,0.0
2013-06-07 00:00:00+08:00,59.48,59.48,58.89,58.89,218360,0.0,0.0
2013-06-10 00:00:00+08:00,58.89,59.13,58.6,58.6,231080,0.0,0.0
2013-06-11 00:00:00+08:00,58.89,59.19,58.06,58.3,197160,0.0,0.0
2013-06-13 00:00:00+08:00,58.3,58.3,57.71,58.12,215180,0.0,0.0
2013-06-14 00:00:00+08:00,58.3,58.3,57.24,57.95,231080,0.0,0.0
2013-06-17 00:00:00+08:00,57.24,59.48,57.24,59.19,139920,0.0,0.0
2013-06-18 00:00:00+08:00,59.19,59.19,58.36,59.13,142040,0.0,0.0
2013-06-19 00:00:00+08:00,59.13,59.78,58.36,59.13,332840,0.0,0.0
2013-06-20 00:00:00+08:00,58.54,58.54,57.89,58.01,210940,0.0,0.0
2013-06-21 00:00:00+08:00,57.41,57.59,56.23,56.82,499260,0.0,0.0
2013-06-24 00:00:00+08:00,56.76,58.3,56.76,58.3,234260,0.0,0.0
2013-06-25 00:00:00+08:00,58.06,58.3,57.29,58.24,270300,0.0,0.0
2013-06-26 00:00:00+08:00,59.13,59.78,58.24,59.78,342380,0.0,0.0
2013-06-27 00:00:00+08:00,59.78,59.78,58.6,59.78,156880,0.0,0.0
2013-06-28 00:00:00+08:00,59.78,59.78,58.6,59.19,202460,0.0,0.0
2013-07-01 00:00:00+08:00,58.6,58.6,57.95,58.54,222600,0.0,0.0
2013-07-02 00:00:00+08:00,58.54,58.54,58.01,58.24,135680,0.0,0.0
2013-07-03 00:00:00+08:00,58.3,58.95,57.89,57.95,204580,0.0,0.0
2013-07-04 00:00:00+08:00,58.01,58.66,57.65,58.06,155820,0.0,0.0
2013-07-05 00:00:00+08:00,58.06,58.24,57.71,57.83,120840,0.0,0.0
2013-07-08 00:00:00+08:00,57.83,58.06,57.12,57.41,215180,0.0,0.0
2013-07-09 00:00:00+08:00,57.89,58.3,57.53,58.01,243800,0.0,0.0
2013-07-10 00:00:00+08:00,58.01,58.18,57.29,57.77,240620,0.0,0.0
2013-07-11 00:00:00+08:00,58.06,58.12,57.53,58.01,225780,0.0,0.0
2013-07-12 00:00:00+08:00,57.95,57.95,57.53,57.77,198220,0.0,0.0
2013-07-15 00:00:00+08:00,57.77,57.77,57.24,57.77,196100,0.0,0.0
2013-07-16 00:00:00+08:00,57.95,57.95,57.47,57.77,153700,0.0,0.0
2013-07-17 00:00:00+08:00,57.71,57.83,57.29,57.41,359340,0.0,0.0
2013-07-18 00:00:00+08:00,57.47,57.53,56.82,57.29,365700,0.0,0.0
2013-07-19 00:00:00+08:00,57.29,57.41,57.0,57.29,178080,0.0,0.0
2013-07-22 00:00:00+08:00,57.29,57.35,56.88,57.24,114480,0.0,0.0
2013-07-23 00:00:00+08:00,57.29,58.3,57.18,58.3,377360,0.0,0.0
2013-07-24 00:00:00+08:00,58.3,58.48,57.47,58.12,420820,0.0,0.0
2013-07-25 00:00:00+08:00,58.36,59.48,58.01,59.48,516220,0.0,0.0
2013-07-26 00:00:00+08:00,59.78,60.67,59.07,59.48,814080,0.0,0.0
2013-07-29 00:00:00+08:00,59.48,59.48,58.6,59.01,341320,0.0,0.0
2013-07-30 00:00:00+08:00,58.42,59.07,58.42,58.6,319060,0.0,0.0
2013-07-31 00:00:00+08:00,58.89,58.89,57.77,58.01,365700,0.0,0.0
2013-08-01 00:00:00+08:00,58.01,58.06,57.77,57.77,295740,0.0,0.0
2013-08-02 00:00:00+08:00,57.83,59.78,57.83,58.54,481240,0.0,0.0
2013-08-05 00:00:00+08:00,59.01,59.48,58.6,59.48,496080,0.0,0.0
2013-08-06 00:00:00+08:00,59.48,59.48,58.77,59.07,590420,0.0,0.0
2013-08-07 00:00:00+08:00,59.07,59.07,58.48,58.48,420820,0.0,0.0
2013-08-08 00:00:00+08:00,58.6,59.48,58.48,58.89,1013360,0.0,0.0
2013-08-09 00:00:00+08:00,59.05,59.39,58.11,59.32,937000,6.6,1.0
2013-08-12 00:00:00+08:00,59.39,59.39,58.38,58.78,231000,0.0,0.0
2013-08-13 00:00:00+08:00,58.44,58.98,58.38,58.85,226000,0.0,0.0
2013-08-14 00:00:00+08:00,59.05,59.05,58.04,58.11,221000,0.0,0.0
2013-08-15 00:00:00+08:00,58.04,58.78,57.7,58.71,226000,0.0,0.0
2013-08-16 00:00:00+08:00,58.71,59.32,58.65,58.65,249000,0.0,0.0
2013-08-19 00:00:00+08:00,58.71,58.92,58.65,58.65,110000,0.0,0.0
2013-08-20 00:00:00+08:00,58.65,58.85,58.11,58.11,201000,0.0,0.0
2013-08-22 00:00:00+08:00,58.04,58.04,57.7,58.04,195000,0.0,0.0
2013-08-23 00:00:00+08:00,58.04,58.31,57.97,58.11,203000,0.0,0.0
2013-08-26 00:00:00+08:00,58.11,58.11,57.7,58.04,193000,0.0,0.0
2013-08-27 00:00:00+08:00,57.7,57.77,56.96,56.96,205000,0.0,0.0
2013-08-28 00:00:00+08:00,56.69,56.69,54.53,55.34,522000,0.0,0.0
2013-08-29 00:00:00+08:00,55.34,55.95,55.27,55.95,220000,0.0,0.0
2013-08-30 00:00:00+08:00,55.88,56.15,55.54,56.15,137000,0.0,0.0
2013-09-02 00:00:00+08:00,56.15,56.15,55.68,56.02,100000,0.0,0.0
2013-09-03 00:00:00+08:00,56.15,56.35,56.08,56.35,196000,0.0,0.0
2013-09-04 00:00:00+08:00,56.35,56.69,56.22,56.29,133000,0.0,0.0
2013-09-05 00:00:00+08:00,56.35,56.35,56.08,56.35,181000,0.0,0.0
2013-09-06 00:00:00+08:00,56.42,57.97,56.42,57.97,356000,0.0,0.0
2013-09-09 00:00:00+08:00,57.36,57.36,56.22,56.69,278000,0.0,0.0
2013-09-10 00:00:00+08:00,56.69,56.69,56.15,56.15,115000,0.0,0.0
2013-09-11 00:00:00+08:00,56.08,56.08,55.34,55.68,201000,0.0,0.0
2013-09-12 00:00:00+08:00,55.75,55.88,55.41,55.81,119000,0.0,0.0
2013-09-13 00:00:00+08:00,55.81,56.02,55.48,56.02,110000,0.0,0.0
2013-09-16 00:00:00+08:00,56.15,56.55,56.02,56.55,177000,0.0,0.0
2013-09-17 00:00:00+08:00,56.55,56.55,56.02,56.35,190000,0.0,0.0
2013-09-18 00:00:00+08:00,56.62,56.62,56.08,56.29,102000,0.0,0.0
2013-09-23 00:00:00+08:00,56.35,56.69,56.29,56.35,188000,0.0,0.0
2013-09-24 00:00:00+08:00,56.35,56.96,56.35,56.69,161000,0.0,0.0
2013-09-25 00:00:00+08:00,56.96,56.96,56.42,56.69,120000,0.0,0.0
2013-09-26 00:00:00+08:00,56.69,56.69,56.02,56.22,136000,0.0,0.0
2013-09-27 00:00:00+08:00,56.62,56.62,56.02,56.22,139000,0.0,0.0
2013-09-30 00:00:00+08:00,56.22,56.22,55.21,55.61,178000,0.0,0.0
2013-10-01 00:00:00+08:00,55.61,56.02,55.61,55.61,66000,0.0,0.0
2013-10-02 00:00:00+08:00,56.15,56.15,55.75,55.88,58000,0.0,0.0
2013-10-03 00:00:00+08:00,55.75,56.42,55.75,56.42,126000,0.0,0.0
2013-10-04 00:00:00+08:00,56.42,56.42,56.15,56.35,143000,0.0,0.0
2013-10-07 00:00:00+08:00,56.55,56.55,56.08,56.15,145000,0.0,0.0
2013-10-08 00:00:00+08:00,56.15,56.22,55.88,55.88,120000,0.0,0.0
2013-10-09 00:00:00+08:00,56.35,56.49,55.95,56.29,377000,0.0,0.0
2013-10-11 00:00:00+08:00,56.62,56.89,56.42,56.49,239000,0.0,0.0
2013-10-14 00:00:00+08:00,56.49,56.69,55.68,55.68,271000,0.0,0.0
2013-10-15 00:00:00+08:00,56.02,56.35,55.88,56.02,92000,0.0,0.0
2013-10-16 00:00:00+08:00,56.02,56.35,55.95,56.29,181000,0.0,0.0
2013-10-17 00:00:00+08:00,56.69,56.69,56.02,56.15,125000,0.0,0.0
2013-10-18 00:00:00+08:00,56.35,56.35,56.08,56.35,107000,0.0,0.0
2013-10-21 00:00:00+08:00,56.55,56.62,56.15,56.35,174000,0.0,0.0
2013-10-22 00:00:00+08:00,56.35,56.49,56.15,56.35,142000,0.0,0.0
2013-10-23 00:00:00+08:00,56.49,59.59,56.49,58.78,721000,0.0,0.0
2013-10-24 00:00:00+08:00,58.78,58.98,58.17,58.98,274000,0.0,0.0
2013-10-25 00:00:00+08:00,59.12,59.32,58.04,58.11,306000,0.0,0.0
2013-10-28 00:00:00+08:00,58.17,58.51,57.9,58.38,223000,0.0,0.0
2013-10-29 00:00:00+08:00,58.58,58.58,58.24,58.58,232000,0.0,0.0
2013-10-30 00:00:00+08:00,59.25,60.27,58.92,59.05,1204000,0.0,0.0
2013-10-31 00:00:00+08:00,59.05,59.25,57.7,57.77,677000,0.0,0.0
2013-11-01 00:00:00+08:00,57.77,57.9,56.35,56.89,609000,0.0,0.0
2013-11-04 00:00:00+08:00,56.89,56.89,54.67,55.54,915000,0.0,0.0
2013-11-05 00:00:00+08:00,55.61,55.95,55.48,55.75,416000,0.0,0.0
2013-11-06 00:00:00+08:00,55.75,56.62,55.75,56.62,243000,0.0,0.0
2013-11-07 00:00:00+08:00,56.82,56.82,56.15,56.35,162000,0.0,0.0
2013-11-08 00:00:00+08:00,56.02,56.35,55.48,56.35,195000,0.0,0.0
2013-11-11 00:00:00+08:00,56.02,56.35,55.75,56.29,171000,0.0,0.0
2013-11-12 00:00:00+08:00,56.22,56.62,56.02,56.35,145000,0.0,0.0
2013-11-13 00:00:00+08:00,56.35,56.69,56.15,56.69,181000,0.0,0.0
2013-11-14 00:00:00+08:00,56.69,57.7,56.69,57.7,334000,0.0,0.0
2013-11-15 00:00:00+08:00,57.57,57.84,56.89,57.84,184000,0.0,0.0
2013-11-18 00:00:00+08:00,57.9,58.38,57.16,57.23,311000,0.0,0.0
2013-11-19 00:00:00+08:00,57.57,58.17,57.16,57.23,147000,0.0,0.0
2013-11-20 00:00:00+08:00,57.23,57.63,56.69,56.96,100000,0.0,0.0
2013-11-21 00:00:00+08:00,56.82,56.82,55.68,55.88,360000,0.0,0.0
2013-11-22 00:00:00+08:00,56.42,56.62,55.75,56.15,137000,0.0,0.0
2013-11-25 00:00:00+08:00,56.29,56.69,56.29,56.49,63000,0.0,0.0
2013-11-26 00:00:00+08:00,57.03,57.03,56.55,56.96,110000,0.0,0.0
2013-11-27 00:00:00+08:00,57.03,57.23,56.76,57.23,101000,0.0,0.0
2013-11-28 00:00:00+08:00,57.36,57.7,57.36,57.63,252000,0.0,0.0
2013-11-29 00:00:00+08:00,57.77,58.04,57.7,57.84,241000,0.0,0.0
2013-12-02 00:00:00+08:00,58.04,58.17,57.84,58.11,172000,0.0,0.0
2013-12-03 00:00:00+08:00,58.11,58.24,57.63,58.24,147000,0.0,0.0
2013-12-04 00:00:00+08:00,58.04,58.24,57.77,57.9,218000,0.0,0.0
2013-12-05 00:00:00+08:00,57.9,58.17,57.09,57.77,193000,0.0,0.0
2013-12-06 00:00:00+08:00,57.7,58.04,57.36,57.77,215000,0.0,0.0
2013-12-09 00:00:00+08:00,56.15,56.89,56.02,56.55,484000,0.0,0.0
2013-12-10 00:00:00+08:00,56.49,57.03,55.75,56.42,389000,0.0,0.0
2013-12-11 00:00:00+08:00,56.42,56.62,55.95,56.02,178000,0.0,0.0
2013-12-12 00:00:00+08:00,56.02,56.02,55.34,55.61,323000,0.0,0.0
2013-12-13 00:00:00+08:00,55.41,56.08,55.41,55.75,185000,0.0,0.0
2013-12-16 00:00:00+08:00,55.75,56.08,55.54,56.08,108000,0.0,0.0
2013-12-17 00:00:00+08:00,56.15,56.35,55.75,55.81,228000,0.0,0.0
2013-12-18 00:00:00+08:00,55.81,56.15,55.81,55.95,111000,0.0,0.0
2013-12-19 00:00:00+08:00,56.08,56.29,55.95,56.15,77000,0.0,0.0
2013-12-20 00:00:00+08:00,56.02,56.55,56.02,56.49,96000,0.0,0.0
2013-12-23 00:00:00+08:00,56.69,56.76,56.42,56.42,87000,0.0,0.0
2013-12-24 00:00:00+08:00,56.42,56.76,56.35,56.69,120000,0.0,0.0
2013-12-25 00:00:00+08:00,56.82,56.82,56.22,56.42,133000,0.0,0.0
2013-12-26 00:00:00+08:00,56.55,56.96,56.55,56.96,156000,0.0,0.0
2013-12-27 00:00:00+08:00,57.09,57.36,57.03,57.23,202000,0.0,0.0
2013-12-30 00:00:00+08:00,57.23,57.77,57.23,57.57,217000,0.0,0.0
2013-12-31 00:00:00+08:00,57.84,57.84,57.23,57.36,208000,0.0,0.0
2014-01-02 00:00:00+08:00,57.7,57.7,57.36,57.43,117000,0.0,0.0
2014-01-03 00:00:00+08:00,57.43,57.63,57.23,57.36,137000,0.0,0.0
2014-01-06 00:00:00+08:00,57.36,57.84,57.36,57.7,211000,0.0,0.0
2014-01-07 00:00:00+08:00,57.9,59.73,57.77,59.39,604000,0.0,0.0
2014-01-08 00:00:00+08:00,59.52,59.93,59.05,59.12,445000,0.0,0.0
2014-01-09 00:00:00+08:00,59.39,59.59,58.58,58.58,372000,0.0,0.0
2014-01-10 00:00:00+08:00,58.58,58.98,58.38,58.65,256000,0.0,0.0
2014-01-13 00:00:00+08:00,59.39,59.39,58.85,59.12,256000,0.0,0.0
2014-01-14 00:00:00+08:00,59.25,60.87,59.12,59.73,883000,0.0,0.0
2014-01-15 00:00:00+08:00,60.06,60.27,59.39,59.59,258000,0.0,0.0
2014-01-16 00:00:00+08:00,59.73,60.06,59.52,59.52,269000,0.0,0.0
2014-01-17 00:00:00+08:00,59.79,59.79,59.46,59.59,194000,0.0,0.0
2014-01-20 00:00:00+08:00,59.73,60.6,59.73,60.27,274000,0.0,0.0
2014-01-21 00:00:00+08:00,60.27,60.74,60.2,60.47,352000,0.0,0.0
2014-01-22 00:00:00+08:00,60.87,61.08,60.4,60.54,323000,0.0,0.0
2014-01-23 00:00:00+08:00,60.54,60.54,59.05,59.05,395000,0.0,0.0
2014-01-24 00:00:00+08:00,59.05,59.32,58.78,59.12,183000,0.0,0.0
2014-01-27 00:00:00+08:00,58.71,59.05,58.24,58.24,355000,0.0,0.0
2014-02-05 00:00:00+08:00,57.57,59.59,57.43,58.98,305000,0.0,0.0
2014-02-06 00:00:00+08:00,58.98,59.52,58.71,58.98,153000,0.0,0.0
2014-02-07 00:00:00+08:00,58.98,59.66,58.98,59.39,240000,0.0,0.0
2014-02-10 00:00:00+08:00,59.73,61.14,59.73,60.13,483000,0.0,0.0
2014-02-11 00:00:00+08:00,59.79,60.33,59.66,59.93,176000,0.0,0.0
2014-02-12 00:00:00+08:00,60.67,60.74,60.2,60.54,291000,0.0,0.0
2014-02-13 00:00:00+08:00,60.4,60.67,59.73,60.06,272000,0.0,0.0
2014-02-14 00:00:00+08:00,60.06,60.06,58.71,59.05,1333000,0.0,0.0
2014-02-17 00:00:00+08:00,58.98,58.98,58.04,58.38,490000,0.0,0.0
2014-02-18 00:00:00+08:00,58.38,58.98,58.38,58.85,274000,0.0,0.0
2014-02-19 00:00:00+08:00,58.85,59.05,58.71,58.98,244000,0.0,0.0
2014-02-20 00:00:00+08:00,58.98,59.25,58.98,59.05,246000,0.0,0.0
2014-02-21 00:00:00+08:00,59.39,59.73,59.12,59.39,255000,0.0,0.0
2014-02-24 00:00:00+08:00,59.66,59.79,58.85,59.39,227000,0.0,0.0
2014-02-25 00:00:00+08:00,59.39,59.59,59.05,59.05,282000,0.0,0.0
2014-02-26 00:00:00+08:00,59.05,59.32,58.71,59.25,353000,0.0,0.0
2014-02-27 00:00:00+08:00,59.32,60.27,59.32,59.66,527000,0.0,0.0
2014-03-03 00:00:00+08:00,60.06,60.06,59.46,59.93,421000,0.0,0.0
2014-03-04 00:00:00+08:00,60.06,62.02,60.0,61.75,1680000,0.0,0.0
2014-03-05 00:00:00+08:00,62.63,63.3,61.41,61.89,1311000,0.0,0.0
2014-03-06 00:00:00+08:00,61.89,62.97,61.68,62.76,746000,0.0,0.0
2014-03-07 00:00:00+08:00,63.17,65.06,63.03,64.18,2466000,0.0,0.0
2014-03-10 00:00:00+08:00,62.29,63.71,61.01,63.57,1878000,0.0,0.0
2014-03-11 00:00:00+08:00,63.24,63.24,62.29,62.76,911000,0.0,0.0
2014-03-12 00:00:00+08:00,62.49,63.24,61.68,63.24,703000,0.0,0.0
2014-03-13 00:00:00+08:00,62.76,63.51,61.95,62.56,1151000,0.0,0.0
2014-03-14 00:00:00+08:00,62.09,62.76,62.09,62.56,487000,0.0,0.0
2014-03-17 00:00:00+08:00,62.56,62.76,62.16,62.29,286000,0.0,0.0
2014-03-18 00:00:00+08:00,62.56,62.9,61.68,61.89,460000,0.0,0.0
2014-03-19 00:00:00+08:00,61.89,61.89,61.14,61.28,407000,0.0,0.0
2014-03-20 00:00:00+08:00,61.28,61.41,60.74,61.08,329000,0.0,0.0
2014-03-21 00:00:00+08:00,61.41,61.95,60.81,61.82,275000,0.0,0.0
2014-03-24 00:00:00+08:00,61.82,62.43,61.35,61.41,658000,0.0,0.0
2014-03-25 00:00:00+08:00,61.82,62.09,61.41,62.02,373000,0.0,0.0
2014-03-26 00:00:00+08:00,62.36,62.36,61.82,62.02,360000,0.0,0.0
2014-03-27 00:00:00+08:00,62.02,62.29,61.89,62.22,243000,0.0,0.0
2014-03-28 00:00:00+08:00,62.22,62.7,61.82,61.82,320000,0.0,0.0
2014-03-31 00:00:00+08:00,62.43,62.49,62.02,62.49,285000,0.0,0.0
2014-04-01 00:00:00+08:00,62.43,62.63,62.02,62.02,273000,0.0,0.0
2014-04-02 00:00:00+08:00,62.09,62.49,62.09,62.09,352000,0.0,0.0
2014-04-03 00:00:00+08:00,62.43,62.43,62.09,62.29,254000,0.0,0.0
2014-04-07 00:00:00+08:00,62.29,63.24,62.16,63.03,350000,0.0,0.0
2014-04-08 00:00:00+08:00,63.03,63.64,62.7,63.17,415000,0.0,0.0
2014-04-09 00:00:00+08:00,63.3,63.64,63.1,63.37,355000,0.0,0.0
2014-04-10 00:00:00+08:00,63.57,63.57,62.29,62.56,392000,0.0,0.0
2014-04-11 00:00:00+08:00,62.43,62.56,61.82,62.56,272000,0.0,0.0
2014-04-14 00:00:00+08:00,62.43,62.56,61.95,62.02,160000,0.0,0.0
2014-04-15 00:00:00+08:00,62.43,62.43,62.09,62.09,154000,0.0,0.0
2014-04-16 00:00:00+08:00,62.43,63.1,62.02,62.76,168000,0.0,0.0
2014-04-17 00:00:00+08:00,62.9,63.51,62.76,63.1,417000,0.0,0.0
2014-04-18 00:00:00+08:00,63.1,63.37,62.9,62.9,147000,0.0,0.0
2014-04-21 00:00:00+08:00,62.9,63.03,61.89,62.43,223000,0.0,0.0
2014-04-22 00:00:00+08:00,62.43,62.9,62.43,62.9,212000,0.0,0.0
2014-04-23 00:00:00+08:00,63.24,63.3,62.16,62.36,208000,0.0,0.0
2014-04-24 00:00:00+08:00,63.03,63.24,62.36,62.76,340000,0.0,0.0
2014-04-25 00:00:00+08:00,63.44,65.46,62.63,63.44,1412000,0.0,0.0
2014-04-28 00:00:00+08:00,63.17,64.18,62.02,62.63,539000,0.0,0.0
2014-04-29 00:00:00+08:00,62.76,63.17,62.56,62.76,224000,0.0,0.0
2014-04-30 00:00:00+08:00,62.76,63.03,62.49,62.56,202000,0.0,0.0
2014-05-02 00:00:00+08:00,62.56,63.17,62.56,62.97,206000,0.0,0.0
2014-05-05 00:00:00+08:00,63.17,63.17,62.43,62.76,273000,0.0,0.0
2014-05-06 00:00:00+08:00,62.76,63.17,62.76,62.76,207000,0.0,0.0
2014-05-07 00:00:00+08:00,58.38,62.76,58.38,61.75,667000,0.0,0.0
2014-05-08 00:00:00+08:00,61.95,62.7,61.95,62.63,292000,0.0,0.0
2014-05-09 00:00:00+08:00,62.63,62.9,62.49,62.7,157000,0.0,0.0
2014-05-12 00:00:00+08:00,62.76,62.9,62.22,62.43,89000,0.0,0.0
2014-05-13 00:00:00+08:00,62.76,62.9,61.28,61.95,247000,0.0,0.0
2014-05-14 00:00:00+08:00,62.09,62.76,61.75,62.56,202000,0.0,0.0
2014-05-15 00:00:00+08:00,62.56,62.9,62.09,62.76,132000,0.0,0.0
2014-05-16 00:00:00+08:00,62.63,63.44,62.43,63.24,367000,0.0,0.0
2014-05-19 00:00:00+08:00,63.3,63.3,62.76,62.9,150000,0.0,0.0
2014-05-20 00:00:00+08:00,62.9,63.17,62.76,62.9,125000,0.0,0.0
2014-05-21 00:00:00+08:00,63.1,63.37,62.83,62.9,123000,0.0,0.0
2014-05-22 00:00:00+08:00,62.9,64.65,62.9,64.11,541000,0.0,0.0
2014-05-23 00:00:00+08:00,64.25,64.99,64.25,64.65,450000,0.0,0.0
2014-05-26 00:00:00+08:00,64.79,67.42,64.79,66.81,1558000,0.0,0.0
2014-05-27 00:00:00+08:00,66.81,67.15,65.8,66.0,439000,0.0,0.0
2014-05-28 00:00:00+08:00,66.41,66.68,64.99,65.06,698000,0.0,0.0
2014-05-29 00:00:00+08:00,65.19,66.14,64.79,66.14,520000,0.0,0.0
2014-05-30 00:00:00+08:00,66.14,67.02,66.14,66.14,645000,0.0,0.0
2014-06-03 00:00:00+08:00,66.48,66.54,65.8,66.14,175000,0.0,0.0
2014-06-04 00:00:00+08:00,66.14,66.48,65.87,66.14,251000,0.0,0.0
2014-06-05 00:00:00+08:00,66.27,68.16,66.14,67.83,1149000,0.0,0.0
2014-06-06 00:00:00+08:00,68.5,68.84,67.49,67.83,888000,0.0,0.0
2014-06-09 00:00:00+08:00,66.07,66.48,64.79,64.92,1031000,0.0,0.0
2014-06-10 00:00:00+08:00,64.79,65.87,64.65,65.13,241000,0.0,0.0
2014-06-11 00:00:00+08:00,65.13,65.4,64.99,65.26,261000,0.0,0.0
2014-06-12 00:00:00+08:00,65.26,65.46,64.99,65.13,146000,0.0,0.0
2014-06-13 00:00:00+08:00,65.13,66.07,64.86,65.87,320000,0.0,0.0
2014-06-16 00:00:00+08:00,65.87,66.14,65.33,65.33,171000,0.0,0.0
2014-06-17 00:00:00+08:00,66.14,66.14,65.33,66.0,124000,0.0,0.0
2014-06-18 00:00:00+08:00,66.0,66.14,65.4,66.07,275000,0.0,0.0
2014-06-19 00:00:00+08:00,66.21,66.81,66.07,66.27,308000,0.0,0.0
2014-06-20 00:00:00+08:00,66.27,66.48,65.19,65.33,309000,0.0,0.0
2014-06-23 00:00:00+08:00,65.6,66.0,65.19,65.46,234000,0.0,0.0
2014-06-24 00:00:00+08:00,65.13,65.73,65.13,65.73,132000,0.0,0.0
2014-06-25 00:00:00+08:00,65.73,65.8,65.19,65.46,110000,0.0,0.0
2014-06-26 00:00:00+08:00,65.13,65.8,65.13,65.67,174000,0.0,0.0
2014-06-27 00:00:00+08:00,65.67,65.94,65.4,65.67,108000,0.0,0.0
2014-06-30 00:00:00+08:00,65.67,66.81,65.53,66.81,274000,0.0,0.0
2014-07-01 00:00:00+08:00,66.81,66.95,66.54,66.54,335000,0.0,0.0
2014-07-02 00:00:00+08:00,66.81,66.88,65.67,66.14,251000,0.0,0.0
2014-07-03 00:00:00+08:00,66.34,66.54,65.8,66.54,271000,0.0,0.0
2014-07-04 00:00:00+08:00,66.75,66.81,66.14,66.61,296000,0.0,0.0
2014-07-07 00:00:00+08:00,66.61,66.81,66.14,66.27,118000,0.0,0.0
2014-07-08 00:00:00+08:00,66.14,66.14,65.33,65.46,367000,0.0,0.0
2014-07-09 00:00:00+08:00,65.46,65.53,64.72,64.92,525000,0.0,0.0
2014-07-10 00:00:00+08:00,64.72,65.33,64.65,65.19,317000,0.0,0.0
2014-07-11 00:00:00+08:00,64.86,64.86,63.98,64.11,279000,0.0,0.0
2014-07-14 00:00:00+08:00,64.45,65.33,64.11,65.26,146000,0.0,0.0
2014-07-15 00:00:00+08:00,65.26,65.6,64.52,64.59,138000,0.0,0.0
2014-07-16 00:00:00+08:00,64.59,65.13,64.25,64.25,179000,0.0,0.0
2014-07-17 00:00:00+08:00,64.32,64.99,64.32,64.45,143000,0.0,0.0
2014-07-18 00:00:00+08:00,64.45,65.46,64.18,65.13,142000,0.0,0.0
2014-07-21 00:00:00+08:00,65.6,66.0,65.6,65.94,132000,0.0,0.0
2014-07-22 00:00:00+08:00,65.94,66.14,65.6,66.07,179000,0.0,0.0
2014-07-23 00:00:00+08:00,66.07,66.07,66.07,66.07,0,0.0,0.0
2014-07-24 00:00:00+08:00,66.14,66.41,65.94,66.14,149000,0.0,0.0
2014-07-25 00:00:00+08:00,66.0,66.0,64.99,65.06,286000,0.0,0.0
2014-07-28 00:00:00+08:00,65.46,66.14,65.33,66.07,225000,0.0,0.0
2014-07-29 00:00:00+08:00,66.14,66.48,65.73,66.14,216000,0.0,0.0
2014-07-30 00:00:00+08:00,65.87,66.34,65.73,66.34,185000,0.0,0.0
2014-07-31 00:00:00+08:00,66.34,66.61,65.94,66.41,229000,0.0,0.0
2014-08-01 00:00:00+08:00,65.8,66.68,65.6,66.61,336000,0.0,0.0
2014-08-04 00:00:00+08:00,67.02,67.22,66.81,67.15,477000,0.0,0.0
2014-08-05 00:00:00+08:00,67.08,67.08,66.27,66.54,260000,0.0,0.0
2014-08-06 00:00:00+08:00,66.14,66.48,65.73,65.8,234000,0.0,0.0
2014-08-07 00:00:00+08:00,65.87,66.48,65.87,66.48,156000,0.0,0.0
2014-08-08 00:00:00+08:00,66.75,66.75,65.87,66.21,209000,0.0,0.0
2014-08-11 00:00:00+08:00,66.21,66.48,65.87,66.34,283000,0.0,0.0
2014-08-12 00:00:00+08:00,66.34,66.48,65.87,66.14,302000,0.0,0.0
2014-08-13 00:00:00+08:00,66.14,66.14,65.4,65.53,770000,0.0,0.0
2014-08-14 00:00:00+08:00,66.19,66.91,65.6,66.26,471000,7.0,0.0
2014-08-15 00:00:00+08:00,66.26,66.77,66.26,66.77,150000,0.0,0.0
2014-08-18 00:00:00+08:00,66.77,67.79,66.77,67.64,380000,0.0,0.0
2014-08-19 00:00:00+08:00,68.29,69.6,68.29,69.6,613000,0.0,0.0
2014-08-20 00:00:00+08:00,70.19,70.26,68.73,69.02,356000,0.0,0.0
2014-08-21 00:00:00+08:00,68.8,69.75,68.29,68.29,192000,0.0,0.0
2014-08-22 00:00:00+08:00,68.66,69.46,68.59,68.8,297000,0.0,0.0
2014-08-25 00:00:00+08:00,69.31,69.39,68.8,69.24,98000,0.0,0.0
2014-08-26 00:00:00+08:00,69.24,69.31,68.73,68.8,137000,0.0,0.0
2014-08-27 00:00:00+08:00,69.09,69.39,68.88,68.95,193000,0.0,0.0
2014-08-28 00:00:00+08:00,68.95,69.17,68.59,68.59,199000,0.0,0.0
2014-08-29 00:00:00+08:00,68.66,68.66,67.79,67.93,317000,0.0,0.0
2014-09-01 00:00:00+08:00,67.93,68.37,67.79,67.86,110000,0.0,0.0
2014-09-02 00:00:00+08:00,67.86,68.37,67.79,67.79,159000,0.0,0.0
2014-09-03 00:00:00+08:00,67.86,68.37,67.86,68.37,100000,0.0,0.0
2014-09-04 00:00:00+08:00,68.51,68.59,67.93,67.93,96000,0.0,0.0
2014-09-05 00:00:00+08:00,67.93,68.0,67.13,67.28,208000,0.0,0.0
2014-09-09 00:00:00+08:00,66.91,67.13,65.68,66.04,392000,0.0,0.0
2014-09-10 00:00:00+08:00,66.04,66.48,65.82,66.48,117000,0.0,0.0
2014-09-11 00:00:00+08:00,66.77,66.84,66.19,66.69,117000,0.0,0.0
2014-09-12 00:00:00+08:00,66.69,66.69,65.97,66.4,130000,0.0,0.0
2014-09-15 00:00:00+08:00,66.19,66.4,66.04,66.4,63000,0.0,0.0
2014-09-16 00:00:00+08:00,66.4,66.4,66.04,66.04,100000,0.0,0.0
2014-09-17 00:00:00+08:00,66.04,66.48,65.82,65.82,84000,0.0,0.0
2014-09-18 00:00:00+08:00,66.04,66.11,65.82,65.89,53000,0.0,0.0
2014-09-19 00:00:00+08:00,66.04,66.33,65.97,66.33,46000,0.0,0.0
2014-09-22 00:00:00+08:00,65.53,66.04,65.53,65.68,87000,0.0,0.0
2014-09-23 00:00:00+08:00,65.68,65.75,64.95,64.95,200000,0.0,0.0
2014-09-24 00:00:00+08:00,64.73,65.24,64.73,64.8,127000,0.0,0.0
2014-09-25 00:00:00+08:00,64.88,65.02,63.78,63.86,145000,0.0,0.0
2014-09-26 00:00:00+08:00,63.28,63.71,63.28,63.49,187000,0.0,0.0
2014-09-29 00:00:00+08:00,63.49,63.93,63.49,63.71,150000,0.0,0.0
2014-09-30 00:00:00+08:00,63.71,63.71,63.35,63.57,213000,0.0,0.0
2014-10-01 00:00:00+08:00,63.57,64.51,63.35,64.22,138000,0.0,0.0
2014-10-02 00:00:00+08:00,64.0,64.73,64.0,64.66,78000,0.0,0.0
2014-10-03 00:00:00+08:00,64.22,64.8,64.22,64.66,51000,0.0,0.0
2014-10-06 00:00:00+08:00,64.73,65.09,64.37,64.44,104000,0.0,0.0
2014-10-07 00:00:00+08:00,64.44,64.44,63.42,63.49,196000,0.0,0.0
2014-10-08 00:00:00+08:00,63.2,63.42,62.77,62.91,192000,0.0,0.0
2014-10-09 00:00:00+08:00,62.91,62.91,60.88,61.46,373000,0.0,0.0
2014-10-13 00:00:00+08:00,60.73,61.02,60.37,60.95,234000,0.0,0.0
2014-10-14 00:00:00+08:00,61.38,62.84,61.38,62.55,232000,0.0,0.0
2014-10-15 00:00:00+08:00,63.13,63.13,61.46,61.82,156000,0.0,0.0
2014-10-16 00:00:00+08:00,62.18,62.18,60.37,61.82,258000,0.0,0.0
2014-10-17 00:00:00+08:00,62.62,62.84,61.31,62.04,575000,0.0,0.0
2014-10-20 00:00:00+08:00,62.04,62.91,62.04,62.69,155000,0.0,0.0
2014-10-21 00:00:00+08:00,63.06,63.13,62.26,62.98,94000,0.0,0.0
2014-10-22 00:00:00+08:00,63.42,63.78,63.28,63.78,111000,0.0,0.0
2014-10-23 00:00:00+08:00,64.0,64.58,63.49,64.58,170000,0.0,0.0
2014-10-24 00:00:00+08:00,64.88,64.95,63.78,64.58,186000,0.0,0.0
2014-10-27 00:00:00+08:00,64.95,65.31,64.08,64.37,150000,0.0,0.0
2014-10-28 00:00:00+08:00,64.73,64.8,64.15,64.44,146000,0.0,0.0
2014-10-29 00:00:00+08:00,65.38,65.53,64.73,65.02,130000,0.0,0.0
2014-10-30 00:00:00+08:00,65.31,65.31,63.86,63.86,178000,0.0,0.0
2014-10-31 00:00:00+08:00,63.57,64.15,63.49,63.93,243000,0.0,0.0
2014-11-03 00:00:00+08:00,64.37,64.58,63.71,64.58,101000,0.0,0.0
2014-11-04 00:00:00+08:00,64.08,64.66,63.78,63.93,142000,0.0,0.0
2014-11-05 00:00:00+08:00,63.64,64.58,63.64,63.86,80000,0.0,0.0
2014-11-06 00:00:00+08:00,64.08,64.29,63.86,64.0,19000,0.0,0.0
2014-11-07 00:00:00+08:00,64.0,64.44,64.0,64.15,36000,0.0,0.0
2014-11-10 00:00:00+08:00,64.15,64.58,64.0,64.08,62000,0.0,0.0
2014-11-11 00:00:00+08:00,64.08,64.51,63.78,63.86,84000,0.0,0.0
2014-11-12 00:00:00+08:00,63.86,64.29,62.91,62.98,149000,0.0,0.0
2014-11-13 00:00:00+08:00,63.06,63.64,62.91,62.98,46000,0.0,0.0
2014-11-14 00:00:00+08:00,62.98,63.35,62.62,62.62,80000,0.0,0.0
2014-11-17 00:00:00+08:00,62.55,62.55,61.6,61.6,225000,0.0,0.0
2014-11-18 00:00:00+08:00,61.6,61.6,61.09,61.46,166000,0.0,0.0
2014-11-19 00:00:00+08:00,61.46,61.82,61.31,61.46,206000,0.0,0.0
2014-11-20 00:00:00+08:00,61.46,62.55,61.46,62.18,126000,0.0,0.0
2014-11-21 00:00:00+08:00,62.18,62.48,61.46,61.75,53000,0.0,0.0
2014-11-24 00:00:00+08:00,62.18,62.48,61.89,62.48,76000,0.0,0.0
2014-11-25 00:00:00+08:00,62.48,63.13,62.48,62.62,119000,0.0,0.0
2014-11-26 00:00:00+08:00,62.62,63.06,62.55,62.55,79000,0.0,0.0
2014-11-27 00:00:00+08:00,62.98,62.98,62.62,62.62,97000,0.0,0.0
2014-11-28 00:00:00+08:00,62.98,63.06,62.62,62.98,120000,0.0,0.0
2014-12-01 00:00:00+08:00,62.48,63.64,62.48,63.06,88000,0.0,0.0
2014-12-02 00:00:00+08:00,62.77,63.42,62.69,63.42,79000,0.0,0.0
2014-12-03 00:00:00+08:00,63.64,64.88,63.49,64.66,147000,0.0,0.0
2014-12-04 00:00:00+08:00,64.66,64.66,64.08,64.51,57000,0.0,0.0
2014-12-05 00:00:00+08:00,64.51,64.58,64.0,64.08,115000,0.0,0.0
2014-12-08 00:00:00+08:00,63.93,64.15,63.57,63.93,175000,0.0,0.0
2014-12-09 00:00:00+08:00,63.86,63.86,62.91,63.13,194000,0.0,0.0
2014-12-10 00:00:00+08:00,63.13,63.35,62.98,63.13,82000,0.0,0.0
2014-12-11 00:00:00+08:00,63.13,64.29,62.55,63.42,101000,0.0,0.0
2014-12-12 00:00:00+08:00,63.57,63.57,63.13,63.2,78000,0.0,0.0
2014-12-15 00:00:00+08:00,63.2,63.64,62.91,63.64,50000,0.0,0.0
2014-12-16 00:00:00+08:00,63.64,64.29,63.06,63.78,181000,0.0,0.0
2014-12-17 00:00:00+08:00,63.78,64.08,63.42,63.64,128000,0.0,0.0
2014-12-18 00:00:00+08:00,64.08,64.08,63.57,63.57,125000,0.0,0.0
2014-12-19 00:00:00+08:00,63.71,64.15,63.49,63.49,100000,0.0,0.0
2014-12-22 00:00:00+08:00,64.29,64.29,63.64,63.64,43000,0.0,0.0
2014-12-23 00:00:00+08:00,64.29,64.29,63.86,64.0,64000,0.0,0.0
2014-12-24 00:00:00+08:00,64.22,64.58,64.0,64.44,123000,0.0,0.0
2014-12-25 00:00:00+08:00,64.58,64.58,64.29,64.29,44000,0.0,0.0
2014-12-26 00:00:00+08:00,64.29,64.95,64.22,64.44,87000,0.0,0.0
2014-12-29 00:00:00+08:00,64.73,65.02,64.73,64.95,92000,0.0,0.0
2014-12-30 00:00:00+08:00,64.95,67.28,64.95,66.33,460000,0.0,0.0
2014-12-31 00:00:00+08:00,65.97,66.4,65.97,66.19,132000,0.0,0.0
2015-01-05 00:00:00+08:00,66.91,67.35,66.33,66.77,176000,0.0,0.0
2015-01-06 00:00:00+08:00,66.19,66.19,65.75,66.19,243000,0.0,0.0
2015-01-07 00:00:00+08:00,66.19,66.48,65.97,66.19,118000,0.0,0.0
2015-01-08 00:00:00+08:00,66.91,68.0,66.77,67.28,322000,0.0,0.0
2015-01-09 00:00:00+08:00,67.28,67.49,66.84,66.91,240000,0.0,0.0
2015-01-12 00:00:00+08:00,66.91,66.91,66.11,66.11,176000,0.0,0.0
2015-01-13 00:00:00+08:00,66.19,66.4,65.89,66.19,111000,0.0,0.0
2015-01-14 00:00:00+08:00,66.48,66.48,65.82,66.19,102000,0.0,0.0
2015-01-15 00:00:00+08:00,66.19,66.19,65.53,65.82,186000,0.0,0.0
2015-01-16 00:00:00+08:00,65.82,65.82,65.46,65.6,108000,0.0,0.0
2015-01-19 00:00:00+08:00,65.89,66.84,65.75,66.48,221000,0.0,0.0
2015-01-20 00:00:00+08:00,66.62,66.91,66.4,66.77,90000,0.0,0.0
2015-01-21 00:00:00+08:00,66.77,66.91,66.19,66.4,106000,0.0,0.0
2015-01-22 00:00:00+08:00,66.84,66.84,66.26,66.69,125000,0.0,0.0
2015-01-23 00:00:00+08:00,66.77,66.84,66.55,66.62,149000,0.0,0.0
2015-01-26 00:00:00+08:00,66.99,66.99,66.48,66.62,141000,0.0,0.0
2015-01-27 00:00:00+08:00,66.62,66.84,66.55,66.55,85000,0.0,0.0
2015-01-28 00:00:00+08:00,66.55,67.49,66.55,67.28,178000,0.0,0.0
2015-01-29 00:00:00+08:00,66.69,67.06,66.62,66.69,83000,0.0,0.0
2015-01-30 00:00:00+08:00,66.99,66.99,66.55,66.62,188000,0.0,0.0
2015-02-02 00:00:00+08:00,66.62,67.06,66.55,66.99,68000,0.0,0.0
2015-02-03 00:00:00+08:00,67.06,67.35,66.99,67.28,106000,0.0,0.0
2015-02-04 00:00:00+08:00,67.06,68.37,67.06,68.15,306000,0.0,0.0
2015-02-05 00:00:00+08:00,68.15,68.37,67.79,67.93,63000,0.0,0.0
2015-02-06 00:00:00+08:00,68.15,68.15,67.42,67.42,75000,0.0,0.0
2015-02-09 00:00:00+08:00,67.42,67.42,65.89,65.97,156000,0.0,0.0
2015-02-10 00:00:00+08:00,66.91,66.91,65.46,65.46,184000,0.0,0.0
2015-02-11 00:00:00+08:00,65.97,66.62,65.82,66.4,76000,0.0,0.0
2015-02-12 00:00:00+08:00,66.19,66.55,65.6,65.82,137000,0.0,0.0
2015-02-13 00:00:00+08:00,65.89,66.62,65.53,66.33,144000,0.0,0.0
2015-02-24 00:00:00+08:00,66.55,66.55,65.46,65.97,200000,0.0,0.0
2015-02-25 00:00:00+08:00,65.82,65.97,65.46,65.53,189000,0.0,0.0
2015-02-26 00:00:00+08:00,65.53,66.04,65.46,66.04,111000,0.0,0.0
2015-03-02 00:00:00+08:00,66.04,66.11,65.68,65.75,148000,0.0,0.0
2015-03-03 00:00:00+08:00,65.82,66.33,65.75,66.04,98000,0.0,0.0
2015-03-04 00:00:00+08:00,66.04,66.19,65.82,65.89,131000,0.0,0.0
2015-03-05 00:00:00+08:00,65.89,66.19,65.82,65.89,140000,0.0,0.0
2015-03-06 00:00:00+08:00,66.04,66.48,66.04,66.4,91000,0.0,0.0
2015-03-09 00:00:00+08:00,66.4,66.4,65.89,66.11,92000,0.0,0.0
2015-03-10 00:00:00+08:00,66.11,66.19,65.89,65.97,115000,0.0,0.0
2015-03-11 00:00:00+08:00,65.89,66.11,65.82,65.97,87000,0.0,0.0
2015-03-12 00:00:00+08:00,65.97,66.26,65.82,65.82,135000,0.0,0.0
2015-03-13 00:00:00+08:00,66.19,66.19,65.89,66.11,102000,0.0,0.0
2015-03-16 00:00:00+08:00,66.26,66.48,66.11,66.26,109000,0.0,0.0
2015-03-17 00:00:00+08:00,66.55,66.69,66.26,66.48,77000,0.0,0.0
2015-03-18 00:00:00+08:00,66.48,66.77,66.4,66.4,94000,0.0,0.0
2015-03-19 00:00:00+08:00,66.4,67.35,66.33,67.35,212000,0.0,0.0
2015-03-20 00:00:00+08:00,67.79,68.08,67.35,67.57,448000,0.0,0.0
2015-03-23 00:00:00+08:00,67.64,68.51,67.64,68.08,286000,0.0,0.0
2015-03-24 00:00:00+08:00,68.08,68.15,67.35,67.64,225000,0.0,0.0
2015-03-25 00:00:00+08:00,67.64,67.79,67.42,67.57,204000,0.0,0.0
2015-03-26 00:00:00+08:00,67.2,67.93,67.13,67.64,112000,0.0,0.0
2015-03-27 00:00:00+08:00,67.93,68.22,67.71,67.93,128000,0.0,0.0
2015-03-30 00:00:00+08:00,68.22,68.22,67.71,67.86,86000,0.0,0.0
2015-03-31 00:00:00+08:00,68.0,68.29,67.71,68.15,165000,0.0,0.0
2015-04-01 00:00:00+08:00,68.0,68.0,67.71,67.71,117000,0.0,0.0
2015-04-02 00:00:00+08:00,67.71,67.86,67.64,67.64,138000,0.0,0.0
2015-04-07 00:00:00+08:00,67.71,67.79,67.57,67.71,98000,0.0,0.0
2015-04-08 00:00:00+08:00,67.71,68.08,67.64,68.0,101000,0.0,0.0
2015-04-09 00:00:00+08:00,68.0,68.0,67.57,67.57,157000,0.0,0.0
2015-04-10 00:00:00+08:00,67.71,67.71,66.99,66.99,210000,0.0,0.0
2015-04-13 00:00:00+08:00,67.2,68.0,67.2,67.93,240000,0.0,0.0
2015-04-14 00:00:00+08:00,67.93,68.08,67.64,67.79,169000,0.0,0.0
2015-04-15 00:00:00+08:00,67.93,68.95,67.64,67.71,450000,0.0,0.0
2015-04-16 00:00:00+08:00,68.44,68.44,67.57,67.71,333000,0.0,0.0
2015-04-17 00:00:00+08:00,68.0,68.29,67.35,68.29,123000,0.0,0.0
2015-04-20 00:00:00+08:00,68.29,68.29,67.49,67.64,321000,0.0,0.0
2015-04-21 00:00:00+08:00,68.0,68.15,67.35,67.64,196000,0.0,0.0
2015-04-22 00:00:00+08:00,68.15,68.15,67.49,67.64,171000,0.0,0.0
2015-04-23 00:00:00+08:00,67.64,68.0,67.49,68.0,134000,0.0,0.0
2015-04-24 00:00:00+08:00,68.59,68.59,67.64,67.71,342000,0.0,0.0
2015-04-27 00:00:00+08:00,68.0,68.22,67.64,67.79,215000,0.0,0.0
2015-04-28 00:00:00+08:00,67.79,68.15,67.71,68.08,172000,0.0,0.0
2015-04-29 00:00:00+08:00,68.66,68.73,67.64,67.64,254000,0.0,0.0
2015-04-30 00:00:00+08:00,66.99,66.99,64.0,65.82,702000,0.0,0.0
2015-05-04 00:00:00+08:00,65.82,65.82,64.66,65.02,565000,0.0,0.0
2015-05-05 00:00:00+08:00,64.73,64.8,64.37,64.73,267000,0.0,0.0
2015-05-06 00:00:00+08:00,64.73,65.38,64.44,65.09,149000,0.0,0.0
2015-05-07 00:00:00+08:00,65.09,65.38,64.95,65.24,110000,0.0,0.0
2015-05-08 00:00:00+08:00,65.24,65.38,64.73,65.17,141000,0.0,0.0
2015-05-11 00:00:00+08:00,64.08,64.44,63.93,64.08,422000,0.0,0.0
2015-05-12 00:00:00+08:00,63.64,64.0,62.69,63.28,362000,0.0,0.0
2015-05-13 00:00:00+08:00,63.28,63.42,62.91,63.28,198000,0.0,0.0
2015-05-14 00:00:00+08:00,63.35,64.0,63.35,64.0,86000,0.0,0.0
2015-05-15 00:00:00+08:00,63.93,64.37,63.64,64.08,113000,0.0,0.0
2015-05-18 00:00:00+08:00,64.0,64.29,63.64,64.0,135000,0.0,0.0
2015-05-19 00:00:00+08:00,64.0,64.22,63.78,64.0,107000,0.0,0.0
2015-05-20 00:00:00+08:00,64.0,64.15,63.42,63.64,160000,0.0,0.0
2015-05-21 00:00:00+08:00,64.0,64.0,62.91,63.13,192000,0.0,0.0
2015-05-22 00:00:00+08:00,63.28,63.49,63.06,63.06,176000,0.0,0.0
2015-05-25 00:00:00+08:00,63.28,63.28,62.62,62.98,80000,0.0,0.0
2015-05-26 00:00:00+08:00,62.98,63.35,62.55,63.28,126000,0.0,0.0
2015-05-27 00:00:00+08:00,63.28,63.28,62.55,62.91,181000,0.0,0.0
2015-05-28 00:00:00+08:00,63.13,63.13,62.62,62.91,62000,0.0,0.0
2015-05-29 00:00:00+08:00,62.91,63.35,62.77,63.35,214000,0.0,0.0
2015-06-01 00:00:00+08:00,63.35,63.64,62.91,63.42,46000,0.0,0.0
2015-06-02 00:00:00+08:00,63.28,63.57,62.62,62.77,177000,0.0,0.0
2015-06-03 00:00:00+08:00,62.77,63.06,62.62,62.62,50000,0.0,0.0
2015-06-04 00:00:00+08:00,62.91,62.91,61.53,61.82,281000,0.0,0.0
2015-06-05 00:00:00+08:00,62.26,62.48,61.46,61.82,140000,0.0,0.0
2015-06-08 00:00:00+08:00,61.82,61.82,61.38,61.46,110000,0.0,0.0
2015-06-09 00:00:00+08:00,61.24,61.46,60.44,60.44,218000,0.0,0.0
2015-06-10 00:00:00+08:00,60.44,60.88,60.44,60.51,118000,0.0,0.0
2015-06-11 00:00:00+08:00,60.95,60.95,59.28,59.28,252000,0.0,0.0
2015-06-12 00:00:00+08:00,59.28,59.28,58.18,58.84,197000,0.0,0.0
2015-06-15 00:00:00+08:00,58.84,59.13,58.84,58.84,125000,0.0,0.0
2015-06-16 00:00:00+08:00,58.84,58.84,58.11,58.11,261000,0.0,0.0
2015-06-17 00:00:00+08:00,58.11,58.18,57.53,57.82,242000,0.0,0.0
2015-06-18 00:00:00+08:00,57.82,58.77,57.46,58.77,199000,0.0,0.0
2015-06-22 00:00:00+08:00,58.77,59.06,58.4,58.98,167000,0.0,0.0
2015-06-23 00:00:00+08:00,58.98,59.57,58.91,59.42,155000,0.0,0.0
2015-06-24 00:00:00+08:00,59.49,59.86,59.28,59.42,76000,0.0,0.0
2015-06-25 00:00:00+08:00,59.42,59.78,59.42,59.64,77000,0.0,0.0
2015-06-26 00:00:00+08:00,60.0,60.0,59.42,59.42,77000,0.0,0.0
2015-06-29 00:00:00+08:00,59.28,60.37,59.28,59.64,89000,0.0,0.0
2015-06-30 00:00:00+08:00,59.64,59.93,59.35,59.35,86000,0.0,0.0
2015-07-01 00:00:00+08:00,59.42,59.49,58.98,59.35,117000,0.0,0.0
2015-07-02 00:00:00+08:00,58.98,59.57,58.98,58.98,49000,0.0,0.0
2015-07-03 00:00:00+08:00,58.98,59.35,58.77,59.13,58000,0.0,0.0
2015-07-06 00:00:00+08:00,58.91,58.98,58.33,58.4,78000,0.0,0.0
2015-07-07 00:00:00+08:00,58.55,59.28,58.55,59.06,49000,0.0,0.0
2015-07-08 00:00:00+08:00,59.06,59.57,58.18,58.4,144000,0.0,0.0
2015-07-09 00:00:00+08:00,58.18,58.18,56.95,57.89,137000,0.0,0.0
2015-07-10 00:00:00+08:00,57.89,57.89,57.89,57.89,0,0.0,0.0
2015-07-13 00:00:00+08:00,58.18,58.55,57.75,57.89,140000,0.0,0.0
2015-07-14 00:00:00+08:00,57.89,58.77,57.75,57.75,133000,0.0,0.0
2015-07-15 00:00:00+08:00,57.75,58.26,57.24,57.53,124000,0.0,0.0
2015-07-16 00:00:00+08:00,57.82,57.89,57.46,57.89,57000,0.0,0.0
2015-07-17 00:00:00+08:00,57.68,58.26,57.68,57.89,104000,0.0,0.0
2015-07-20 00:00:00+08:00,58.91,58.91,57.82,57.82,56000,0.0,0.0
2015-07-21 00:00:00+08:00,58.18,58.18,57.6,57.89,39000,0.0,0.0
2015-07-22 00:00:00+08:00,57.89,58.18,57.46,57.46,72000,0.0,0.0
2015-07-23 00:00:00+08:00,57.97,57.97,56.51,56.73,183000,0.0,0.0
2015-07-24 00:00:00+08:00,57.09,57.09,56.15,56.37,65000,0.0,0.0
2015-07-27 00:00:00+08:00,56.37,56.66,54.98,54.98,142000,0.0,0.0
2015-07-28 00:00:00+08:00,54.69,54.91,53.46,53.46,269000,0.0,0.0
2015-07-29 00:00:00+08:00,53.38,53.38,52.22,52.73,211000,0.0,0.0
2015-07-30 00:00:00+08:00,53.02,53.17,52.37,52.66,268000,0.0,0.0
2015-07-31 00:00:00+08:00,52.73,52.88,51.42,51.64,193000,0.0,0.0
2015-08-03 00:00:00+08:00,51.71,51.71,48.22,48.95,442000,0.0,0.0
2015-08-04 00:00:00+08:00,49.02,49.53,48.73,49.09,301000,0.0,0.0
2015-08-05 00:00:00+08:00,49.46,50.18,49.17,49.82,333000,0.0,0.0
2015-08-06 00:00:00+08:00,50.62,50.62,49.17,49.46,248000,0.0,0.0
2015-08-07 00:00:00+08:00,49.46,49.46,49.09,49.17,240000,0.0,0.0
2015-08-10 00:00:00+08:00,49.24,49.46,49.09,49.46,326000,0.0,0.0
2015-08-11 00:00:00+08:00,49.89,50.04,49.09,49.38,397000,0.0,0.0
2015-08-12 00:00:00+08:00,49.38,49.38,48.08,48.08,641000,0.0,0.0
2015-08-13 00:00:00+08:00,49.52,49.85,48.79,48.95,379000,6.98,0.0
2015-08-14 00:00:00+08:00,49.03,49.44,48.87,49.12,287000,0.0,0.0
2015-08-17 00:00:00+08:00,49.12,49.12,48.79,48.79,211000,0.0,0.0
2015-08-18 00:00:00+08:00,48.79,48.95,48.06,48.22,152000,0.0,0.0
2015-08-19 00:00:00+08:00,47.98,48.06,46.19,46.43,342000,0.0,0.0
2015-08-20 00:00:00+08:00,46.35,46.76,46.19,46.43,252000,0.0,0.0
2015-08-21 00:00:00+08:00,46.19,46.43,45.54,45.62,253000,0.0,0.0
2015-08-24 00:00:00+08:00,45.29,45.29,41.88,42.45,447000,0.0,0.0
2015-08-25 00:00:00+08:00,41.47,44.32,41.31,43.91,216000,0.0,0.0
2015-08-26 00:00:00+08:00,47.9,48.3,45.78,48.3,497000,0.0,0.0
2015-08-27 00:00:00+08:00,49.52,50.58,49.36,50.42,552000,0.0,0.0
2015-08-28 00:00:00+08:00,50.42,51.64,50.42,51.39,386000,0.0,0.0
2015-08-31 00:00:00+08:00,51.39,51.47,50.9,51.07,244000,0.0,0.0
2015-09-01 00:00:00+08:00,50.5,51.55,50.5,51.23,145000,0.0,0.0
2015-09-02 00:00:00+08:00,50.82,53.43,50.58,52.61,263000,0.0,0.0
2015-09-03 00:00:00+08:00,53.26,53.91,52.69,53.83,406000,0.0,0.0
2015-09-04 00:00:00+08:00,54.16,54.4,53.83,54.08,351000,0.0,0.0
2015-09-07 00:00:00+08:00,54.08,54.24,53.75,54.24,267000,0.0,0.0
2015-09-08 00:00:00+08:00,54.08,54.08,52.86,53.67,218000,0.0,0.0
2015-09-09 00:00:00+08:00,54.08,54.16,53.67,54.08,151000,0.0,0.0
2015-09-10 00:00:00+08:00,54.08,54.81,54.08,54.64,125000,0.0,0.0
2015-09-11 00:00:00+08:00,54.64,55.21,54.64,54.73,83000,0.0,0.0
2015-09-14 00:00:00+08:00,54.89,55.13,54.73,54.97,164000,0.0,0.0
2015-09-15 00:00:00+08:00,54.97,55.21,54.73,54.81,271000,0.0,0.0
2015-09-16 00:00:00+08:00,55.05,55.13,54.73,54.89,332000,0.0,0.0
2015-09-17 00:00:00+08:00,55.3,55.38,54.97,54.97,343000,0.0,0.0
2015-09-18 00:00:00+08:00,53.67,55.54,53.67,54.97,150000,0.0,0.0
2015-09-21 00:00:00+08:00,55.13,55.13,54.73,54.89,104000,0.0,0.0
2015-09-22 00:00:00+08:00,54.97,55.13,54.97,54.97,106000,0.0,0.0
2015-09-23 00:00:00+08:00,54.97,55.3,54.73,55.05,137000,0.0,0.0
2015-09-24 00:00:00+08:00,55.3,55.46,55.05,55.13,111000,0.0,0.0
2015-09-25 00:00:00+08:00,55.46,56.52,55.46,56.35,163000,0.0,0.0
2015-09-29 00:00:00+08:00,56.35,56.35,56.35,56.35,0,0.0,0.0
2015-09-30 00:00:00+08:00,56.11,56.11,55.3,55.38,106000,0.0,0.0
2015-10-01 00:00:00+08:00,55.38,56.19,55.13,56.11,164000,0.0,0.0
2015-10-02 00:00:00+08:00,56.52,56.52,55.54,55.7,121000,0.0,0.0
2015-10-05 00:00:00+08:00,55.7,55.86,55.46,55.7,155000,0.0,0.0
2015-10-06 00:00:00+08:00,55.7,55.86,55.46,55.7,231000,0.0,0.0
2015-10-07 00:00:00+08:00,55.7,55.95,55.7,55.86,129000,0.0,0.0
2015-10-08 00:00:00+08:00,55.86,55.86,55.7,55.78,175000,0.0,0.0
2015-10-12 00:00:00+08:00,55.78,56.43,55.78,56.35,339000,0.0,0.0
2015-10-13 00:00:00+08:00,56.35,56.35,56.11,56.35,134000,0.0,0.0
2015-10-14 00:00:00+08:00,56.27,56.43,55.95,56.35,379000,0.0,0.0
2015-10-15 00:00:00+08:00,56.35,56.52,56.35,56.52,373000,0.0,0.0
2015-10-16 00:00:00+08:00,56.52,59.44,56.35,59.44,286000,0.0,0.0
2015-10-19 00:00:00+08:00,59.52,59.77,59.12,59.61,207000,0.0,0.0
2015-10-20 00:00:00+08:00,59.77,59.77,58.87,59.52,130000,0.0,0.0
2015-10-21 00:00:00+08:00,59.61,59.61,57.82,57.82,129000,0.0,0.0
2015-10-22 00:00:00+08:00,57.33,57.82,57.25,57.25,111000,0.0,0.0
2015-10-23 00:00:00+08:00,57.74,58.47,57.41,57.49,104000,0.0,0.0
2015-10-26 00:00:00+08:00,57.49,58.3,57.41,57.74,52000,0.0,0.0
2015-10-27 00:00:00+08:00,57.74,57.74,56.68,57.08,111000,0.0,0.0
2015-10-28 00:00:00+08:00,57.08,57.33,56.68,56.76,38000,0.0,0.0
2015-10-29 00:00:00+08:00,57.17,57.17,56.52,56.6,58000,0.0,0.0
2015-10-30 00:00:00+08:00,57.0,57.08,56.27,56.52,63000,0.0,0.0
2015-11-02 00:00:00+08:00,59.28,59.28,56.84,57.49,99000,0.0,0.0
2015-11-03 00:00:00+08:00,57.49,58.06,57.41,57.49,88000,0.0,0.0
2015-11-04 00:00:00+08:00,57.74,58.95,57.74,58.06,128000,0.0,0.0
2015-11-05 00:00:00+08:00,58.06,58.22,57.82,58.14,59000,0.0,0.0
2015-11-06 00:00:00+08:00,58.39,58.71,58.06,58.63,184000,0.0,0.0
2015-11-09 00:00:00+08:00,58.55,58.79,58.06,58.55,130000,0.0,0.0
2015-11-10 00:00:00+08:00,57.74,58.55,57.57,58.55,130000,0.0,0.0
2015-11-11 00:00:00+08:00,58.55,58.55,57.49,58.22,124000,0.0,0.0
2015-11-12 00:00:00+08:00,58.22,58.22,56.68,57.25,56000,0.0,0.0
2015-11-13 00:00:00+08:00,57.08,57.08,56.19,56.68,112000,0.0,0.0
2015-11-16 00:00:00+08:00,56.52,56.52,55.62,56.52,56000,0.0,0.0
2015-11-17 00:00:00+08:00,56.92,57.33,56.92,57.08,26000,0.0,0.0
2015-11-18 00:00:00+08:00,57.57,57.57,57.17,57.41,49000,0.0,0.0
2015-11-19 00:00:00+08:00,57.17,58.14,56.52,58.14,86000,0.0,0.0
2015-11-20 00:00:00+08:00,58.55,58.55,57.82,58.47,73000,0.0,0.0
2015-11-23 00:00:00+08:00,58.63,58.63,57.82,58.39,62000,0.0,0.0
2015-11-24 00:00:00+08:00,58.39,58.47,57.41,57.74,72000,0.0,0.0
2015-11-25 00:00:00+08:00,57.33,57.33,56.52,56.52,61000,0.0,0.0
2015-11-26 00:00:00+08:00,57.08,57.08,56.6,56.84,45000,0.0,0.0
2015-11-27 00:00:00+08:00,58.55,58.55,57.08,57.08,46000,0.0,0.0
2015-11-30 00:00:00+08:00,56.76,56.76,56.19,56.43,65000,0.0,0.0
2015-12-01 00:00:00+08:00,56.11,57.08,56.11,56.92,173000,0.0,0.0
2015-12-02 00:00:00+08:00,56.92,57.33,56.76,57.17,58000,0.0,0.0
2015-12-03 00:00:00+08:00,56.92,57.41,56.92,57.0,19000,0.0,0.0
2015-12-04 00:00:00+08:00,56.92,56.92,56.35,56.76,33000,0.0,0.0
2015-12-07 00:00:00+08:00,56.76,57.0,56.76,57.0,27000,0.0,0.0
2015-12-08 00:00:00+08:00,57.65,57.65,56.52,56.84,38000,0.0,0.0
2015-12-09 00:00:00+08:00,56.84,56.92,56.52,56.84,66000,0.0,0.0
2015-12-10 00:00:00+08:00,56.6,56.92,56.6,56.92,85000,0.0,0.0
2015-12-11 00:00:00+08:00,57.25,57.25,56.52,56.92,65000,0.0,0.0
2015-12-14 00:00:00+08:00,56.6,56.84,56.11,56.43,99000,0.0,0.0
2015-12-15 00:00:00+08:00,56.52,57.25,56.27,57.25,69000,0.0,0.0
2015-12-16 00:00:00+08:00,57.25,57.25,56.76,57.17,40000,0.0,0.0
2015-12-17 00:00:00+08:00,57.17,57.17,56.52,56.52,148000,0.0,0.0
2015-12-18 00:00:00+08:00,56.52,56.84,55.7,55.7,82000,0.0,0.0
2015-12-21 00:00:00+08:00,55.7,56.11,55.7,55.78,42000,0.0,0.0
2015-12-22 00:00:00+08:00,55.78,56.84,55.7,56.11,63000,0.0,0.0
2015-12-23 00:00:00+08:00,56.19,56.35,56.03,56.03,52000,0.0,0.0
2015-12-24 00:00:00+08:00,56.52,56.52,55.95,55.95,32000,0.0,0.0
2015-12-25 00:00:00+08:00,56.27,56.27,55.95,56.03,15000,0.0,0.0
2015-12-28 00:00:00+08:00,56.52,56.76,56.11,56.19,35000,0.0,0.0
2015-12-29 00:00:00+08:00,56.27,56.27,55.7,55.78,44000,0.0,0.0
2015-12-30 00:00:00+08:00,55.78,56.19,55.7,56.03,39000,0.0,0.0
2015-12-31 00:00:00+08:00,55.78,56.11,55.7,55.86,47000,0.0,0.0
2016-01-04 00:00:00+08:00,56.11,56.19,55.38,55.54,35000,0.0,0.0
2016-01-05 00:00:00+08:00,54.81,55.3,54.64,54.64,77000,0.0,0.0
2016-01-06 00:00:00+08:00,54.64,54.81,54.4,54.48,99000,0.0,0.0
2016-01-07 00:00:00+08:00,54.48,54.56,53.67,54.32,152000,0.0,0.0
2016-01-08 00:00:00+08:00,54.24,55.05,53.75,54.48,62000,0.0,0.0
2016-01-11 00:00:00+08:00,54.48,54.48,52.94,53.99,90000,0.0,0.0
2016-01-12 00:00:00+08:00,53.91,54.48,53.67,54.48,95000,0.0,0.0
2016-01-13 00:00:00+08:00,55.3,55.3,53.91,54.08,40000,0.0,0.0
2016-01-14 00:00:00+08:00,54.08,54.64,53.75,54.32,90000,0.0,0.0
2016-01-15 00:00:00+08:00,54.48,54.48,53.67,53.67,100000,0.0,0.0
2016-01-18 00:00:00+08:00,53.67,54.48,53.26,54.08,49000,0.0,0.0
2016-01-19 00:00:00+08:00,54.08,54.24,53.75,54.24,38000,0.0,0.0
2016-01-20 00:00:00+08:00,54.16,54.16,53.75,53.83,39000,0.0,0.0
2016-01-21 00:00:00+08:00,53.43,53.67,53.34,53.43,80000,0.0,0.0
2016-01-22 00:00:00+08:00,53.67,54.89,53.67,54.16,122000,0.0,0.0
2016-01-25 00:00:00+08:00,54.89,54.97,54.24,54.48,75000,0.0,0.0
2016-01-26 00:00:00+08:00,54.16,55.46,53.99,54.89,112000,0.0,0.0
2016-01-27 00:00:00+08:00,54.89,55.54,54.73,55.05,113000,0.0,0.0
2016-01-28 00:00:00+08:00,55.05,55.13,54.73,54.97,52000,0.0,0.0
2016-01-29 00:00:00+08:00,55.3,55.78,54.89,55.38,67000,0.0,0.0
2016-02-01 00:00:00+08:00,55.7,55.78,55.13,55.3,42000,0.0,0.0
2016-02-02 00:00:00+08:00,55.38,55.62,55.3,55.3,57000,0.0,0.0
2016-02-03 00:00:00+08:00,55.3,55.54,54.97,55.3,30000,0.0,0.0
2016-02-15 00:00:00+08:00,55.3,57.41,55.3,56.92,202000,0.0,0.0
2016-02-16 00:00:00+08:00,57.74,59.2,57.33,59.04,368000,0.0,0.0
2016-02-17 00:00:00+08:00,59.36,59.36,58.22,58.47,137000,0.0,0.0
2016-02-18 00:00:00+08:00,59.2,61.07,58.95,60.17,490000,0.0,0.0
2016-02-19 00:00:00+08:00,59.77,60.74,59.77,60.42,191000,0.0,0.0
2016-02-22 00:00:00+08:00,60.42,61.88,60.17,61.56,225000,0.0,0.0
2016-02-23 00:00:00+08:00,60.83,60.83,58.71,59.77,592000,0.0,0.0
2016-02-24 00:00:00+08:00,59.36,59.93,59.36,59.44,189000,0.0,0.0
2016-02-25 00:00:00+08:00,59.85,59.93,59.44,59.77,103000,0.0,0.0
2016-02-26 00:00:00+08:00,60.17,60.17,59.12,59.12,157000,0.0,0.0
2016-03-01 00:00:00+08:00,59.12,60.42,59.12,60.17,280000,0.0,0.0
2016-03-02 00:00:00+08:00,60.5,60.66,60.01,60.58,154000,0.0,0.0
2016-03-03 00:00:00+08:00,60.26,60.58,59.69,59.85,199000,0.0,0.0
2016-03-04 00:00:00+08:00,59.85,60.26,59.77,60.17,111000,0.0,0.0
2016-03-07 00:00:00+08:00,60.5,60.58,59.85,59.93,71000,0.0,0.0
2016-03-08 00:00:00+08:00,59.93,60.17,59.36,59.77,83000,0.0,0.0
2016-03-09 00:00:00+08:00,60.09,60.09,59.2,59.69,113000,0.0,0.0
2016-03-10 00:00:00+08:00,60.01,60.42,59.85,60.26,265000,0.0,0.0
2016-03-11 00:00:00+08:00,60.26,60.5,59.93,60.42,118000,0.0,0.0
2016-03-14 00:00:00+08:00,61.07,61.23,60.74,61.07,211000,0.0,0.0
2016-03-15 00:00:00+08:00,61.15,61.31,60.17,60.42,146000,0.0,0.0
2016-03-16 00:00:00+08:00,60.58,61.07,60.58,61.07,116000,0.0,0.0
2016-03-17 00:00:00+08:00,61.23,63.43,61.23,61.72,545000,0.0,0.0
2016-03-18 00:00:00+08:00,61.72,62.37,60.99,60.99,364000,0.0,0.0
2016-03-21 00:00:00+08:00,61.39,61.39,61.07,61.15,91000,0.0,0.0
2016-03-22 00:00:00+08:00,61.39,61.39,60.58,60.83,109000,0.0,0.0
2016-03-23 00:00:00+08:00,60.74,61.07,60.26,60.91,61000,0.0,0.0
2016-03-24 00:00:00+08:00,60.5,60.5,59.85,60.17,142000,0.0,0.0
2016-03-25 00:00:00+08:00,60.26,60.26,59.77,60.17,119000,0.0,0.0
2016-03-28 00:00:00+08:00,59.85,59.85,59.61,59.69,72000,0.0,0.0
2016-03-29 00:00:00+08:00,59.69,59.77,59.2,59.2,106000,0.0,0.0
2016-03-30 00:00:00+08:00,59.2,59.61,59.2,59.44,132000,0.0,0.0
2016-03-31 00:00:00+08:00,59.52,59.85,59.36,59.69,87000,0.0,0.0
2016-04-01 00:00:00+08:00,59.69,60.17,59.2,59.93,88000,0.0,0.0
2016-04-06 00:00:00+08:00,59.77,59.77,59.2,59.28,83000,0.0,0.0
2016-04-07 00:00:00+08:00,59.69,59.69,58.95,58.95,62000,0.0,0.0
2016-04-08 00:00:00+08:00,58.95,59.69,58.63,59.52,131000,0.0,0.0
2016-04-11 00:00:00+08:00,59.44,59.44,58.55,58.79,130000,0.0,0.0
2016-04-12 00:00:00+08:00,58.79,58.79,57.49,57.65,180000,0.0,0.0
2016-04-13 00:00:00+08:00,58.14,58.47,57.49,57.9,108000,0.0,0.0
2016-04-14 00:00:00+08:00,58.47,58.47,57.74,58.22,59000,0.0,0.0
2016-04-15 00:00:00+08:00,58.55,58.55,57.74,58.06,51000,0.0,0.0
2016-04-18 00:00:00+08:00,58.14,59.12,57.82,59.04,141000,0.0,0.0
2016-04-19 00:00:00+08:00,59.04,59.04,58.47,58.55,81000,0.0,0.0
2016-04-20 00:00:00+08:00,59.2,59.2,58.3,58.79,90000,0.0,0.0
2016-04-21 00:00:00+08:00,58.47,58.55,58.39,58.55,50000,0.0,0.0
2016-04-22 00:00:00+08:00,58.55,58.55,57.82,57.82,76000,0.0,0.0
2016-04-25 00:00:00+08:00,57.41,57.65,57.08,57.08,93000,0.0,0.0
2016-04-26 00:00:00+08:00,57.08,59.12,56.76,58.3,119000,0.0,0.0
2016-04-27 00:00:00+08:00,57.9,57.9,56.6,56.76,175000,0.0,0.0
2016-04-28 00:00:00+08:00,56.76,56.92,56.68,56.84,82000,0.0,0.0
2016-04-29 00:00:00+08:00,56.43,56.84,56.43,56.76,40000,0.0,0.0
2016-05-03 00:00:00+08:00,56.52,56.92,56.43,56.76,44000,0.0,0.0
2016-05-04 00:00:00+08:00,56.43,56.52,56.19,56.35,58000,0.0,0.0
2016-05-05 00:00:00+08:00,56.03,56.03,55.54,56.03,69000,0.0,0.0
2016-05-06 00:00:00+08:00,55.95,56.6,55.46,56.6,60000,0.0,0.0
2016-05-09 00:00:00+08:00,56.19,56.19,55.13,55.38,68000,0.0,0.0
2016-05-10 00:00:00+08:00,55.3,55.54,55.13,55.46,40000,0.0,0.0
2016-05-11 00:00:00+08:00,55.46,55.86,55.21,55.54,43000,0.0,0.0
2016-05-12 00:00:00+08:00,55.54,55.54,55.13,55.3,35000,0.0,0.0
2016-05-13 00:00:00+08:00,55.13,55.46,54.48,54.64,63000,0.0,0.0
2016-05-16 00:00:00+08:00,54.64,54.89,54.48,54.81,44000,0.0,0.0
2016-05-17 00:00:00+08:00,55.7,55.7,54.97,55.46,22000,0.0,0.0
2016-05-18 00:00:00+08:00,54.81,55.3,54.81,55.3,21000,0.0,0.0
2016-05-19 00:00:00+08:00,54.97,55.05,54.73,55.05,24000,0.0,0.0
2016-05-20 00:00:00+08:00,54.73,56.43,54.48,55.95,49000,0.0,0.0
2016-05-23 00:00:00+08:00,55.86,56.92,55.78,56.68,72000,0.0,0.0
2016-05-24 00:00:00+08:00,56.52,56.52,55.86,56.19,24000,0.0,0.0
2016-05-25 00:00:00+08:00,56.52,56.68,56.11,56.35,85000,0.0,0.0
2016-05-26 00:00:00+08:00,56.35,56.35,55.7,56.03,53000,0.0,0.0
2016-05-27 00:00:00+08:00,56.92,56.92,55.86,55.95,69000,0.0,0.0
2016-05-30 00:00:00+08:00,55.95,56.35,55.95,56.19,32000,0.0,0.0
2016-05-31 00:00:00+08:00,56.11,57.25,55.86,56.92,135000,0.0,0.0
2016-06-01 00:00:00+08:00,56.52,57.0,56.52,56.92,47000,0.0,0.0
2016-06-02 00:00:00+08:00,57.49,57.74,56.6,56.76,73000,0.0,0.0
2016-06-03 00:00:00+08:00,56.92,57.17,56.76,57.0,44000,0.0,0.0
2016-06-06 00:00:00+08:00,56.27,56.92,56.27,56.84,28000,0.0,0.0
2016-06-07 00:00:00+08:00,56.84,57.25,56.52,57.08,68000,0.0,0.0
2016-06-08 00:00:00+08:00,57.49,57.49,56.11,56.11,101000,0.0,0.0
2016-06-13 00:00:00+08:00,56.11,56.11,55.3,55.38,57000,0.0,0.0
2016-06-14 00:00:00+08:00,55.46,55.62,55.13,55.62,61000,0.0,0.0
2016-06-15 00:00:00+08:00,55.62,57.17,55.38,56.84,78000,0.0,0.0
2016-06-16 00:00:00+08:00,56.19,56.76,55.95,56.35,32000,0.0,0.0
2016-06-17 00:00:00+08:00,56.76,56.76,56.35,56.68,37000,0.0,0.0
2016-06-20 00:00:00+08:00,56.92,56.92,56.6,56.6,26000,0.0,0.0
2016-06-21 00:00:00+08:00,56.84,57.25,56.76,56.76,38000,0.0,0.0
2016-06-22 00:00:00+08:00,56.92,56.92,56.19,56.19,34000,0.0,0.0
2016-06-23 00:00:00+08:00,56.27,56.43,56.27,56.43,17000,0.0,0.0
2016-06-24 00:00:00+08:00,56.19,56.35,55.38,55.46,93000,0.0,0.0
2016-06-27 00:00:00+08:00,55.46,56.92,55.38,55.95,33000,0.0,0.0
2016-06-28 00:00:00+08:00,55.3,55.95,55.3,55.78,93000,0.0,0.0
2016-06-29 00:00:00+08:00,56.35,56.35,55.62,55.78,28000,0.0,0.0
2016-06-30 00:00:00+08:00,55.78,55.95,55.78,55.86,27000,0.0,0.0
2016-07-01 00:00:00+08:00,55.78,56.27,55.78,56.27,28000,0.0,0.0
2016-07-04 00:00:00+08:00,56.27,56.43,56.19,56.19,40000,0.0,0.0
2016-07-05 00:00:00+08:00,56.84,56.84,56.35,56.35,36000,0.0,0.0
2016-07-06 00:00:00+08:00,56.35,56.76,56.19,56.27,41000,0.0,0.0
2016-07-07 00:00:00+08:00,56.52,56.84,56.35,56.35,42000,0.0,0.0
2016-07-11 00:00:00+08:00,56.84,56.84,56.35,56.6,46000,0.0,0.0
2016-07-12 00:00:00+08:00,56.68,56.76,56.27,56.52,31000,0.0,0.0
2016-07-13 00:00:00+08:00,56.27,56.92,56.27,56.84,60000,0.0,0.0
2016-07-14 00:00:00+08:00,56.84,57.08,56.76,56.92,52000,0.0,0.0
2016-07-15 00:00:00+08:00,57.08,58.79,56.92,58.22,236000,0.0,0.0
2016-07-18 00:00:00+08:00,58.63,58.95,58.22,58.95,226000,0.0,0.0
2016-07-19 00:00:00+08:00,59.04,59.28,58.06,58.14,144000,0.0,0.0
2016-07-20 00:00:00+08:00,58.14,58.55,58.14,58.3,62000,0.0,0.0
2016-07-21 00:00:00+08:00,58.55,58.95,58.55,58.63,90000,0.0,0.0
2016-07-22 00:00:00+08:00,58.63,58.63,58.14,58.14,58000,0.0,0.0
2016-07-25 00:00:00+08:00,58.22,58.55,57.41,57.57,111000,0.0,0.0
2016-07-26 00:00:00+08:00,58.06,58.55,57.57,58.55,165000,0.0,0.0
2016-07-27 00:00:00+08:00,58.55,58.63,58.14,58.22,169000,0.0,0.0
2016-07-28 00:00:00+08:00,57.98,57.98,57.0,57.65,374000,0.0,0.0
2016-07-29 00:00:00+08:00,57.65,57.65,57.25,57.33,82000,0.0,0.0
2016-08-01 00:00:00+08:00,57.08,57.49,56.84,56.92,278000,0.0,0.0
2016-08-02 00:00:00+08:00,56.92,57.25,56.84,56.92,164000,0.0,0.0
2016-08-03 00:00:00+08:00,56.92,57.08,56.84,56.92,176000,0.0,0.0
2016-08-04 00:00:00+08:00,56.92,57.25,56.92,56.92,143000,0.0,0.0
2016-08-05 00:00:00+08:00,57.17,57.25,56.76,56.92,229000,0.0,0.0
2016-08-08 00:00:00+08:00,56.92,57.25,56.84,56.92,160000,0.0,0.0
2016-08-09 00:00:00+08:00,56.92,57.41,56.52,56.92,136000,0.0,0.0
2016-08-10 00:00:00+08:00,56.92,57.08,56.84,57.0,292000,0.0,0.0
2016-08-11 00:00:00+08:00,57.0,57.17,56.76,57.17,631000,0.0,0.0
2016-08-12 00:00:00+08:00,57.59,57.68,57.25,57.42,340000,4.0,0.0
2016-08-15 00:00:00+08:00,57.51,57.77,57.34,57.42,133000,0.0,0.0
2016-08-16 00:00:00+08:00,57.42,57.94,57.42,57.94,154000,0.0,0.0
2016-08-17 00:00:00+08:00,57.77,58.11,57.68,58.11,72000,0.0,0.0
2016-08-18 00:00:00+08:00,57.77,58.2,57.77,57.77,53000,0.0,0.0
2016-08-19 00:00:00+08:00,57.77,58.2,57.77,58.02,104000,0.0,0.0
2016-08-22 00:00:00+08:00,58.2,58.28,57.77,58.2,70000,0.0,0.0
2016-08-23 00:00:00+08:00,58.46,59.06,58.46,58.71,93000,0.0,0.0
2016-08-24 00:00:00+08:00,58.97,58.97,58.46,58.54,54000,0.0,0.0
2016-08-25 00:00:00+08:00,58.46,58.8,58.37,58.63,73000,0.0,0.0
2016-08-26 00:00:00+08:00,58.8,58.89,58.63,58.63,38000,0.0,0.0
2016-08-29 00:00:00+08:00,58.8,59.84,58.8,59.84,200000,0.0,0.0
2016-08-30 00:00:00+08:00,59.75,60.18,59.49,59.58,75000,0.0,0.0
2016-08-31 00:00:00+08:00,59.92,59.92,59.4,59.49,171000,0.0,0.0
2016-09-01 00:00:00+08:00,59.49,59.92,59.49,59.75,114000,0.0,0.0
2016-09-02 00:00:00+08:00,59.75,60.01,59.58,59.92,84000,0.0,0.0
2016-09-05 00:00:00+08:00,59.58,60.53,59.49,60.35,140000,0.0,0.0
2016-09-06 00:00:00+08:00,60.35,60.53,60.27,60.35,157000,0.0,0.0
2016-09-07 00:00:00+08:00,60.35,60.35,59.92,59.92,60000,0.0,0.0
2016-09-08 00:00:00+08:00,59.92,59.92,58.97,59.4,92000,0.0,0.0
2016-09-09 00:00:00+08:00,59.49,60.01,59.32,59.49,121000,0.0,0.0
2016-09-12 00:00:00+08:00,58.63,59.06,58.28,58.63,53000,0.0,0.0
2016-09-13 00:00:00+08:00,58.71,58.89,58.28,58.8,58000,0.0,0.0
2016-09-14 00:00:00+08:00,59.49,59.58,58.63,58.71,83000,0.0,0.0
2016-09-19 00:00:00+08:00,59.32,59.32,58.37,58.63,113000,0.0,0.0
2016-09-20 00:00:00+08:00,58.46,58.46,58.2,58.28,66000,0.0,0.0
2016-09-21 00:00:00+08:00,58.89,58.97,58.11,58.97,84000,0.0,0.0
2016-09-22 00:00:00+08:00,58.2,58.89,58.2,58.8,41000,0.0,0.0
2016-09-23 00:00:00+08:00,58.54,59.49,58.46,59.49,30000,0.0,0.0
2016-09-26 00:00:00+08:00,59.23,59.23,58.71,59.06,31000,0.0,0.0
2016-09-27 00:00:00+08:00,59.06,59.06,59.06,59.06,0,0.0,0.0
2016-09-29 00:00:00+08:00,58.71,58.71,57.85,58.37,53000,0.0,0.0
2016-09-30 00:00:00+08:00,58.11,58.54,57.85,58.46,54000,0.0,0.0
2016-10-03 00:00:00+08:00,58.8,58.8,57.94,58.02,52000,0.0,0.0
2016-10-04 00:00:00+08:00,58.46,58.46,57.77,57.94,56000,0.0,0.0
2016-10-05 00:00:00+08:00,57.77,58.54,57.77,58.46,53000,0.0,0.0
2016-10-06 00:00:00+08:00,58.2,58.71,58.11,58.71,42000,0.0,0.0
2016-10-07 00:00:00+08:00,58.54,58.54,57.77,58.02,107000,0.0,0.0
2016-10-11 00:00:00+08:00,58.02,58.11,57.34,57.59,53000,0.0,0.0
2016-10-12 00:00:00+08:00,57.16,57.51,56.73,56.9,169000,0.0,0.0
2016-10-13 00:00:00+08:00,56.9,56.9,56.73,56.73,75000,0.0,0.0
2016-10-14 00:00:00+08:00,56.21,57.08,56.21,56.56,67000,0.0,0.0
2016-10-17 00:00:00+08:00,56.9,56.9,55.96,56.13,46000,0.0,0.0
2016-10-18 00:00:00+08:00,56.04,56.04,55.27,55.61,86000,0.0,0.0
2016-10-19 00:00:00+08:00,55.61,55.61,54.32,54.92,110000,0.0,0.0
2016-10-20 00:00:00+08:00,54.66,54.92,54.58,54.92,98000,0.0,0.0
2016-10-21 00:00:00+08:00,54.92,55.52,52.33,53.89,1015000,0.0,0.0
2016-10-24 00:00:00+08:00,53.89,54.32,53.63,54.15,161000,0.0,0.0
2016-10-25 00:00:00+08:00,54.15,54.4,53.89,53.89,171000,0.0,0.0
2016-10-26 00:00:00+08:00,53.89,53.97,53.46,53.46,153000,0.0,0.0
2016-10-27 00:00:00+08:00,54.75,56.13,54.75,55.7,395000,0.0,0.0
2016-10-28 00:00:00+08:00,55.61,55.78,54.75,54.75,183000,0.0,0.0
2016-10-31 00:00:00+08:00,54.75,54.75,53.8,54.23,152000,0.0,0.0
2016-11-01 00:00:00+08:00,54.75,54.75,54.06,54.32,75000,0.0,0.0
2016-11-02 00:00:00+08:00,54.32,54.75,53.97,54.06,100000,0.0,0.0
2016-11-03 00:00:00+08:00,53.71,54.49,53.71,54.32,74000,0.0,0.0
2016-11-04 00:00:00+08:00,54.32,54.32,54.06,54.32,49000,0.0,0.0
2016-11-07 00:00:00+08:00,54.32,56.04,54.32,56.04,165000,0.0,0.0
2016-11-08 00:00:00+08:00,55.87,56.04,55.27,56.04,130000,0.0,0.0
2016-11-09 00:00:00+08:00,56.04,56.04,55.18,55.87,211000,0.0,0.0
2016-11-10 00:00:00+08:00,56.04,56.3,55.96,56.04,94000,0.0,0.0
2016-11-11 00:00:00+08:00,56.04,56.13,55.78,56.04,140000,0.0,0.0
2016-11-14 00:00:00+08:00,55.96,56.04,55.7,56.04,117000,0.0,0.0
2016-11-15 00:00:00+08:00,55.96,55.96,55.27,55.87,150000,0.0,0.0
2016-11-16 00:00:00+08:00,55.96,56.04,55.44,56.04,275000,0.0,0.0
2016-11-17 00:00:00+08:00,55.7,56.04,55.7,56.04,181000,0.0,0.0
2016-11-18 00:00:00+08:00,55.7,56.04,55.61,56.04,307000,0.0,0.0
2016-11-21 00:00:00+08:00,55.78,55.87,55.61,55.61,268000,0.0,0.0
2016-11-22 00:00:00+08:00,55.61,56.04,55.35,56.04,232000,0.0,0.0
2016-11-23 00:00:00+08:00,56.04,56.04,55.7,55.78,118000,0.0,0.0
2016-11-24 00:00:00+08:00,55.61,55.96,55.61,55.78,323000,0.0,0.0
2016-11-25 00:00:00+08:00,55.78,56.04,55.52,55.78,162000,0.0,0.0
2016-11-28 00:00:00+08:00,55.78,56.04,55.61,56.04,281000,0.0,0.0
2016-11-29 00:00:00+08:00,56.04,56.82,55.78,56.13,230000,0.0,0.0
2016-11-30 00:00:00+08:00,56.65,58.89,56.56,58.89,687000,0.0,0.0
2016-12-01 00:00:00+08:00,58.71,59.4,58.71,59.06,229000,0.0,0.0
2016-12-02 00:00:00+08:00,59.4,59.49,58.63,59.06,232000,0.0,0.0
2016-12-05 00:00:00+08:00,59.32,60.53,59.06,59.92,357000,0.0,0.0
2016-12-06 00:00:00+08:00,60.7,60.7,60.18,60.35,372000,0.0,0.0
2016-12-07 00:00:00+08:00,61.22,62.08,60.53,61.39,466000,0.0,0.0
2016-12-08 00:00:00+08:00,61.99,62.51,61.47,62.08,380000,0.0,0.0
2016-12-09 00:00:00+08:00,62.34,62.34,61.22,61.73,163000,0.0,0.0
2016-12-12 00:00:00+08:00,61.65,61.73,60.61,61.13,222000,0.0,0.0
2016-12-13 00:00:00+08:00,60.44,61.39,60.27,60.27,192000,0.0,0.0
2016-12-14 00:00:00+08:00,60.27,60.27,59.15,59.15,175000,0.0,0.0
2016-12-15 00:00:00+08:00,59.15,59.92,58.97,59.32,77000,0.0,0.0
2016-12-16 00:00:00+08:00,59.32,59.92,59.32,59.75,159000,0.0,0.0
2016-12-19 00:00:00+08:00,60.09,61.22,60.09,60.35,135000,0.0,0.0
2016-12-20 00:00:00+08:00,60.44,60.96,60.44,60.87,108000,0.0,0.0
2016-12-21 00:00:00+08:00,61.22,61.73,61.22,61.73,278000,0.0,0.0
2016-12-22 00:00:00+08:00,61.65,62.42,61.22,62.42,520000,0.0,0.0
2016-12-23 00:00:00+08:00,62.42,62.94,62.34,62.94,497000,0.0,0.0
2016-12-26 00:00:00+08:00,62.08,65.53,62.08,65.53,550000,0.0,0.0
2016-12-27 00:00:00+08:00,64.84,64.84,61.56,61.56,213000,0.0,0.0
2016-12-28 00:00:00+08:00,61.56,62.34,61.04,61.22,63000,0.0,0.0
2016-12-29 00:00:00+08:00,61.3,61.3,60.87,60.87,41000,0.0,0.0
2016-12-30 00:00:00+08:00,61.04,66.91,60.87,66.91,218000,0.0,0.0
2017-01-03 00:00:00+08:00,64.92,65.18,63.03,63.54,220000,0.0,0.0
2017-01-04 00:00:00+08:00,63.37,63.54,62.34,63.28,92000,0.0,0.0
2017-01-05 00:00:00+08:00,62.51,63.8,62.34,63.03,96000,0.0,0.0
2017-01-06 00:00:00+08:00,63.03,63.11,61.99,61.99,51000,0.0,0.0
2017-01-09 00:00:00+08:00,61.99,61.99,61.3,61.3,63000,0.0,0.0
2017-01-10 00:00:00+08:00,61.39,61.82,61.22,61.39,74000,0.0,0.0
2017-01-11 00:00:00+08:00,61.13,61.65,60.35,60.53,162000,0.0,0.0
2017-01-12 00:00:00+08:00,60.44,61.13,60.27,60.7,51000,0.0,0.0
2017-01-13 00:00:00+08:00,60.35,61.22,60.27,60.53,77000,0.0,0.0
2017-01-16 00:00:00+08:00,60.53,60.53,60.53,60.53,26000,0.0,0.0
2017-01-17 00:00:00+08:00,60.35,60.78,60.27,60.27,57000,0.0,0.0
2017-01-18 00:00:00+08:00,60.78,60.78,59.92,59.92,51000,0.0,0.0
2017-01-19 00:00:00+08:00,59.92,59.92,58.89,58.97,161000,0.0,0.0
2017-01-20 00:00:00+08:00,58.71,59.23,58.63,59.23,21000,0.0,0.0
2017-01-23 00:00:00+08:00,58.71,58.97,58.37,58.46,102000,0.0,0.0
2017-01-24 00:00:00+08:00,58.46,61.13,58.28,60.61,110000,0.0,0.0
2017-02-02 00:00:00+08:00,60.61,61.13,58.63,58.63,137000,0.0,0.0
2017-02-03 00:00:00+08:00,58.63,58.71,58.37,58.54,76000,0.0,0.0
2017-02-06 00:00:00+08:00,58.63,58.89,58.46,58.63,60000,0.0,0.0
2017-02-07 00:00:00+08:00,58.63,58.71,58.46,58.63,54000,0.0,0.0
2017-02-08 00:00:00+08:00,58.63,58.63,58.37,58.63,57000,0.0,0.0
2017-02-09 00:00:00+08:00,58.63,59.06,58.54,58.63,94000,0.0,0.0
2017-02-10 00:00:00+08:00,58.54,58.89,58.54,58.63,101000,0.0,0.0
2017-02-13 00:00:00+08:00,58.8,59.32,58.71,58.8,77000,0.0,0.0
2017-02-14 00:00:00+08:00,59.06,59.23,58.71,58.71,110000,0.0,0.0
2017-02-15 00:00:00+08:00,58.63,60.96,58.63,60.35,318000,0.0,0.0
2017-02-16 00:00:00+08:00,60.87,60.96,60.01,60.44,188000,0.0,0.0
2017-02-17 00:00:00+08:00,60.78,60.78,60.01,60.35,92000,0.0,0.0
2017-02-20 00:00:00+08:00,60.7,61.9,60.7,61.22,134000,0.0,0.0
2017-02-21 00:00:00+08:00,61.56,61.56,60.27,60.35,112000,0.0,0.0
2017-02-22 00:00:00+08:00,60.61,60.78,59.92,60.35,78000,0.0,0.0
2017-02-23 00:00:00+08:00,59.49,59.49,58.54,58.63,312000,0.0,0.0
2017-02-24 00:00:00+08:00,58.63,58.63,57.85,58.11,242000,0.0,0.0
2017-03-01 00:00:00+08:00,58.46,58.46,57.77,57.94,94000,0.0,0.0
2017-03-02 00:00:00+08:00,58.11,58.2,57.68,57.77,78000,0.0,0.0
2017-03-03 00:00:00+08:00,57.77,57.77,57.08,57.42,183000,0.0,0.0
2017-03-06 00:00:00+08:00,57.42,57.42,56.65,56.65,186000,0.0,0.0
2017-03-07 00:00:00+08:00,56.65,57.16,56.56,56.65,135000,0.0,0.0
2017-03-08 00:00:00+08:00,56.65,57.68,55.87,56.82,244000,0.0,0.0
2017-03-09 00:00:00+08:00,56.82,56.82,56.13,56.21,108000,0.0,0.0
2017-03-10 00:00:00+08:00,56.21,56.82,56.04,56.21,170000,0.0,0.0
2017-03-13 00:00:00+08:00,56.13,56.73,56.04,56.39,80000,0.0,0.0
2017-03-14 00:00:00+08:00,56.65,57.34,56.47,57.34,136000,0.0,0.0
2017-03-15 00:00:00+08:00,57.51,57.51,56.82,56.9,110000,0.0,0.0
2017-03-16 00:00:00+08:00,56.9,57.34,56.82,56.99,133000,0.0,0.0
2017-03-17 00:00:00+08:00,56.99,57.51,56.99,57.51,165000,0.0,0.0
2017-03-20 00:00:00+08:00,57.42,57.42,56.99,56.99,87000,0.0,0.0
2017-03-21 00:00:00+08:00,56.99,57.34,56.99,57.34,93000,0.0,0.0
2017-03-22 00:00:00+08:00,57.25,57.34,56.9,56.99,103000,0.0,0.0
2017-03-23 00:00:00+08:00,56.99,57.42,56.82,56.99,127000,0.0,0.0
2017-03-24 00:00:00+08:00,57.34,57.51,56.9,57.42,84000,0.0,0.0
2017-03-27 00:00:00+08:00,57.51,57.51,57.08,57.08,66000,0.0,0.0
2017-03-28 00:00:00+08:00,57.08,57.51,56.73,57.08,94000,0.0,0.0
2017-03-29 00:00:00+08:00,57.08,57.16,56.73,56.99,80000,0.0,0.0
2017-03-30 00:00:00+08:00,56.99,57.16,56.9,56.99,57000,0.0,0.0
2017-03-31 00:00:00+08:00,56.9,56.99,56.65,56.99,59000,0.0,0.0
2017-04-05 00:00:00+08:00,56.39,56.39,53.46,54.32,430000,0.0,0.0
2017-04-06 00:00:00+08:00,54.15,54.15,52.68,52.94,404000,0.0,0.0
2017-04-07 00:00:00+08:00,52.59,52.59,51.3,51.64,594000,0.0,0.0
2017-04-10 00:00:00+08:00,53.63,54.32,53.11,54.32,637000,0.0,0.0
2017-04-11 00:00:00+08:00,54.32,55.09,54.06,55.09,399000,0.0,0.0
2017-04-12 00:00:00+08:00,55.09,56.3,55.09,56.21,486000,0.0,0.0
2017-04-13 00:00:00+08:00,56.13,58.02,55.96,57.77,627000,0.0,0.0
2017-04-14 00:00:00+08:00,58.11,58.11,56.73,57.68,385000,0.0,0.0
2017-04-17 00:00:00+08:00,57.68,58.02,56.73,56.9,195000,0.0,0.0
2017-04-18 00:00:00+08:00,56.9,57.34,56.9,57.34,102000,0.0,0.0
2017-04-19 00:00:00+08:00,57.25,58.11,56.99,57.34,113000,0.0,0.0
2017-04-20 00:00:00+08:00,57.34,57.34,56.9,57.08,51000,0.0,0.0
2017-04-21 00:00:00+08:00,56.82,57.77,56.73,57.59,132000,0.0,0.0
2017-04-24 00:00:00+08:00,57.68,57.85,57.34,57.34,83000,0.0,0.0
2017-04-25 00:00:00+08:00,57.34,57.94,57.34,57.85,140000,0.0,0.0
2017-04-26 00:00:00+08:00,57.85,57.94,57.51,57.77,128000,0.0,0.0
2017-04-27 00:00:00+08:00,57.25,58.2,57.25,57.68,169000,0.0,0.0
2017-04-28 00:00:00+08:00,57.25,57.94,57.25,57.77,124000,0.0,0.0
2017-05-02 00:00:00+08:00,57.25,58.71,57.25,58.71,258000,0.0,0.0
2017-05-03 00:00:00+08:00,58.71,59.49,58.63,59.15,352000,0.0,0.0
2017-05-04 00:00:00+08:00,59.06,59.58,58.97,59.49,110000,0.0,0.0
2017-05-05 00:00:00+08:00,59.49,60.35,59.23,59.92,306000,0.0,0.0
2017-05-08 00:00:00+08:00,59.84,59.92,57.77,57.77,102000,0.0,0.0
2017-05-09 00:00:00+08:00,57.51,58.2,57.51,57.94,53000,0.0,0.0
2017-05-10 00:00:00+08:00,57.94,57.94,57.16,57.68,58000,0.0,0.0
2017-05-11 00:00:00+08:00,57.59,58.37,57.59,58.02,73000,0.0,0.0
2017-05-12 00:00:00+08:00,58.02,58.8,58.02,58.63,94000,0.0,0.0
2017-05-15 00:00:00+08:00,58.63,62.08,58.63,60.78,659000,0.0,0.0
2017-05-16 00:00:00+08:00,60.87,61.13,59.75,59.75,154000,0.0,0.0
2017-05-17 00:00:00+08:00,59.49,60.87,59.49,60.35,300000,0.0,0.0
2017-05-18 00:00:00+08:00,60.01,61.3,60.01,61.13,394000,0.0,0.0
2017-05-19 00:00:00+08:00,61.22,61.47,60.78,61.3,143000,0.0,0.0
2017-05-22 00:00:00+08:00,61.04,61.65,60.87,61.56,190000,0.0,0.0
2017-05-23 00:00:00+08:00,61.56,62.25,61.3,61.99,336000,0.0,0.0
2017-05-24 00:00:00+08:00,61.99,62.08,61.39,61.82,290000,0.0,0.0
2017-05-25 00:00:00+08:00,61.82,62.16,61.56,61.82,197000,0.0,0.0
2017-05-26 00:00:00+08:00,61.73,62.08,61.73,61.9,274000,0.0,0.0
2017-05-31 00:00:00+08:00,61.9,62.08,61.56,61.82,255000,0.0,0.0
2017-06-01 00:00:00+08:00,61.73,62.34,61.73,62.25,245000,0.0,0.0
2017-06-02 00:00:00+08:00,62.08,62.25,61.82,61.9,154000,0.0,0.0
2017-06-05 00:00:00+08:00,61.73,62.16,61.73,62.08,328000,0.0,0.0
2017-06-06 00:00:00+08:00,62.08,62.16,61.82,62.08,304000,0.0,0.0
2017-06-07 00:00:00+08:00,62.08,62.16,61.73,61.99,394000,0.0,0.0
2017-06-08 00:00:00+08:00,61.73,62.16,61.73,62.08,342000,0.0,0.0
2017-06-09 00:00:00+08:00,61.99,62.42,61.9,62.08,432000,0.0,0.0
2017-06-12 00:00:00+08:00,61.56,61.65,60.35,60.35,80000,0.0,0.0
2017-06-13 00:00:00+08:00,59.92,59.92,59.06,59.23,84000,0.0,0.0
2017-06-14 00:00:00+08:00,59.23,59.23,57.94,58.11,56000,0.0,0.0
2017-06-15 00:00:00+08:00,57.94,58.02,57.42,57.68,44000,0.0,0.0
2017-06-16 00:00:00+08:00,57.68,58.37,57.16,58.37,68000,0.0,0.0
2017-06-19 00:00:00+08:00,58.28,58.28,57.51,57.59,51000,0.0,0.0
2017-06-20 00:00:00+08:00,58.46,58.46,57.34,57.42,55000,0.0,0.0
2017-06-21 00:00:00+08:00,57.42,58.2,57.34,58.2,52000,0.0,0.0
2017-06-22 00:00:00+08:00,57.77,57.77,56.9,57.16,104000,0.0,0.0
2017-06-23 00:00:00+08:00,57.16,57.16,56.82,56.9,68000,0.0,0.0
2017-06-26 00:00:00+08:00,56.9,57.51,56.56,57.16,32000,0.0,0.0
2017-06-27 00:00:00+08:00,57.16,57.16,56.47,56.56,74000,0.0,0.0
2017-06-28 00:00:00+08:00,56.56,56.56,55.18,55.78,155000,0.0,0.0
2017-06-29 00:00:00+08:00,55.78,56.39,55.78,56.04,16000,0.0,0.0
2017-06-30 00:00:00+08:00,56.04,56.3,55.27,55.44,58000,0.0,0.0
2017-07-03 00:00:00+08:00,55.44,55.61,55.27,55.52,26000,0.0,0.0
2017-07-04 00:00:00+08:00,55.44,55.52,55.01,55.18,76000,0.0,0.0
2017-07-05 00:00:00+08:00,55.18,55.18,54.75,54.75,51000,0.0,0.0
2017-07-06 00:00:00+08:00,54.92,55.01,54.58,54.66,62000,0.0,0.0
2017-07-07 00:00:00+08:00,54.49,54.49,53.97,54.23,51000,0.0,0.0
2017-07-10 00:00:00+08:00,54.23,54.23,54.06,54.23,35000,0.0,0.0
2017-07-11 00:00:00+08:00,54.23,54.75,54.06,54.4,29000,0.0,0.0
2017-07-12 00:00:00+08:00,54.75,55.61,54.58,55.27,45000,0.0,0.0
2017-07-13 00:00:00+08:00,55.35,55.35,54.75,55.35,39000,0.0,0.0
2017-07-14 00:00:00+08:00,55.35,55.61,55.09,55.18,33000,0.0,0.0
2017-07-17 00:00:00+08:00,55.35,55.35,55.01,55.01,72000,0.0,0.0
2017-07-18 00:00:00+08:00,55.01,55.18,54.75,55.01,15000,0.0,0.0
2017-07-19 00:00:00+08:00,55.44,55.44,54.75,54.75,43000,0.0,0.0
2017-07-20 00:00:00+08:00,54.83,55.18,54.83,54.83,39000,0.0,0.0
2017-07-21 00:00:00+08:00,55.52,55.52,55.01,55.09,26000,0.0,0.0
2017-07-24 00:00:00+08:00,55.44,56.13,55.44,56.04,93000,0.0,0.0
2017-07-25 00:00:00+08:00,56.21,56.21,56.04,56.04,37000,0.0,0.0
2017-07-26 00:00:00+08:00,56.13,56.3,55.96,56.04,46000,0.0,0.0
2017-07-27 00:00:00+08:00,56.04,56.21,56.04,56.13,36000,0.0,0.0
2017-07-28 00:00:00+08:00,56.13,56.13,54.32,54.66,129000,0.0,0.0
2017-07-31 00:00:00+08:00,55.44,55.52,54.58,54.75,53000,0.0,0.0
2017-08-01 00:00:00+08:00,54.49,55.09,54.49,54.83,93000,0.0,0.0
2017-08-02 00:00:00+08:00,54.75,56.04,54.75,55.61,141000,0.0,0.0
2017-08-03 00:00:00+08:00,55.61,55.61,55.01,55.01,33000,0.0,0.0
2017-08-04 00:00:00+08:00,55.01,55.35,54.92,55.35,27000,0.0,0.0
2017-08-07 00:00:00+08:00,55.18,55.52,55.18,55.44,22000,0.0,0.0
2017-08-08 00:00:00+08:00,55.09,55.44,55.01,55.18,78000,0.0,0.0
2017-08-09 00:00:00+08:00,55.18,55.61,55.09,55.27,47000,0.0,0.0
2017-08-10 00:00:00+08:00,55.09,55.27,54.58,54.58,248000,0.0,0.0
2017-08-11 00:00:00+08:00,54.75,55.11,54.75,54.93,48000,1.7,0.0
2017-08-14 00:00:00+08:00,54.93,55.37,54.75,54.93,174000,0.0,0.0
2017-08-15 00:00:00+08:00,55.37,55.37,54.13,54.13,40000,0.0,0.0
2017-08-16 00:00:00+08:00,54.22,54.67,54.22,54.31,40000,0.0,0.0
2017-08-17 00:00:00+08:00,54.31,54.49,54.31,54.4,79000,0.0,0.0
2017-08-18 00:00:00+08:00,54.4,54.93,54.4,54.49,267000,0.0,0.0
2017-08-21 00:00:00+08:00,54.4,54.75,54.31,54.49,38606,0.0,0.0
2017-08-22 00:00:00+08:00,54.49,54.58,54.4,54.4,53698,0.0,0.0
2017-08-23 00:00:00+08:00,54.49,54.49,54.22,54.31,17102,0.0,0.0
2017-08-24 00:00:00+08:00,54.13,54.31,54.13,54.31,57599,0.0,0.0
2017-08-25 00:00:00+08:00,54.4,54.58,54.31,54.31,125934,0.0,0.0
2017-08-28 00:00:00+08:00,54.31,54.75,54.22,54.4,69270,0.0,0.0
2017-08-29 00:00:00+08:00,54.49,54.49,54.4,54.4,56072,0.0,0.0
2017-08-30 00:00:00+08:00,54.4,54.67,54.4,54.58,77326,0.0,0.0
2017-08-31 00:00:00+08:00,55.11,55.11,54.49,54.67,135197,0.0,0.0
2017-09-01 00:00:00+08:00,54.67,54.93,54.58,54.67,97408,0.0,0.0
2017-09-04 00:00:00+08:00,54.67,54.93,54.49,54.75,93192,0.0,0.0
2017-09-05 00:00:00+08:00,54.75,54.84,54.67,54.84,73711,0.0,0.0
2017-09-06 00:00:00+08:00,54.67,54.75,54.58,54.75,88735,0.0,0.0
2017-09-07 00:00:00+08:00,54.75,54.75,54.49,54.67,123562,0.0,0.0
2017-09-08 00:00:00+08:00,54.58,54.93,54.58,54.67,92526,0.0,0.0
2017-09-11 00:00:00+08:00,54.75,54.75,54.31,54.49,124499,0.0,0.0
2017-09-12 00:00:00+08:00,54.58,54.75,54.49,54.75,74499,0.0,0.0
2017-09-13 00:00:00+08:00,54.58,54.67,54.49,54.67,79924,0.0,0.0
2017-09-14 00:00:00+08:00,54.67,55.11,54.67,54.93,46015,0.0,0.0
2017-09-15 00:00:00+08:00,54.93,55.11,54.75,55.11,104095,0.0,0.0
2017-09-18 00:00:00+08:00,55.11,55.29,54.93,55.2,36132,0.0,0.0
2017-09-19 00:00:00+08:00,55.29,55.29,55.02,55.11,67105,0.0,0.0
2017-09-20 00:00:00+08:00,55.2,55.91,55.2,55.55,126876,0.0,0.0
2017-09-21 00:00:00+08:00,55.64,55.82,55.64,55.73,45506,0.0,0.0
2017-09-22 00:00:00+08:00,55.37,55.82,55.2,55.29,67643,0.0,0.0
2017-09-25 00:00:00+08:00,55.29,55.37,54.84,54.84,90439,0.0,0.0
2017-09-26 00:00:00+08:00,54.67,54.67,54.49,54.67,59436,0.0,0.0
2017-09-27 00:00:00+08:00,54.67,56.26,54.67,55.46,124205,0.0,0.0
2017-09-28 00:00:00+08:00,55.64,55.64,55.29,55.46,14856,0.0,0.0
2017-09-29 00:00:00+08:00,55.02,55.46,55.02,55.29,8018,0.0,0.0
2017-10-02 00:00:00+08:00,55.73,56.53,55.29,56.26,108987,0.0,0.0
2017-10-03 00:00:00+08:00,56.7,56.7,55.99,56.35,51712,0.0,0.0
2017-10-05 00:00:00+08:00,56.53,56.88,56.08,56.61,68449,0.0,0.0
2017-10-06 00:00:00+08:00,56.7,56.88,56.53,56.53,68518,0.0,0.0
2017-10-11 00:00:00+08:00,56.53,56.61,56.26,56.61,82417,0.0,0.0
2017-10-12 00:00:00+08:00,56.61,56.7,56.53,56.7,54495,0.0,0.0
2017-10-13 00:00:00+08:00,56.35,56.7,55.99,56.7,40401,0.0,0.0
2017-10-16 00:00:00+08:00,56.53,56.7,56.35,56.61,24648,0.0,0.0
2017-10-17 00:00:00+08:00,56.35,56.35,55.82,56.08,40210,0.0,0.0
2017-10-18 00:00:00+08:00,55.91,56.26,55.91,55.91,54630,0.0,0.0
2017-10-19 00:00:00+08:00,57.15,57.32,56.79,57.15,208099,0.0,0.0
2017-10-20 00:00:00+08:00,57.15,57.59,56.97,57.06,33999,0.0,0.0
2017-10-23 00:00:00+08:00,56.79,57.5,56.79,57.15,58030,0.0,0.0
2017-10-24 00:00:00+08:00,57.32,57.32,56.79,56.79,42888,0.0,0.0
2017-10-25 00:00:00+08:00,56.79,60.78,56.79,58.47,278819,0.0,0.0
2017-10-26 00:00:00+08:00,59.89,59.89,58.47,58.56,159348,0.0,0.0
2017-10-27 00:00:00+08:00,59.36,59.36,58.56,58.56,85285,0.0,0.0
2017-10-30 00:00:00+08:00,58.74,59.72,58.65,59.09,82290,0.0,0.0
2017-10-31 00:00:00+08:00,59.63,59.63,58.65,59.09,48519,0.0,0.0
2017-11-01 00:00:00+08:00,59.01,59.01,56.7,57.23,96625,0.0,0.0
2017-11-02 00:00:00+08:00,57.23,57.23,56.7,57.23,47913,0.0,0.0
2017-11-03 00:00:00+08:00,57.23,57.23,56.35,56.53,76759,0.0,0.0
2017-11-06 00:00:00+08:00,56.35,56.44,55.91,56.44,104249,0.0,0.0
2017-11-07 00:00:00+08:00,56.44,56.44,55.82,55.91,37636,0.0,0.0
2017-11-08 00:00:00+08:00,55.99,56.26,55.91,55.91,49156,0.0,0.0
2017-11-09 00:00:00+08:00,57.06,57.06,55.37,55.37,55243,0.0,0.0
2017-11-10 00:00:00+08:00,55.73,55.73,55.2,55.37,17456,0.0,0.0
2017-11-13 00:00:00+08:00,55.37,55.82,55.37,55.37,26704,0.0,0.0
2017-11-14 00:00:00+08:00,55.37,55.37,54.93,55.2,34732,0.0,0.0
2017-11-15 00:00:00+08:00,54.93,55.37,54.93,55.29,26317,0.0,0.0
2017-11-16 00:00:00+08:00,55.11,55.11,54.75,54.75,32697,0.0,0.0
2017-11-17 00:00:00+08:00,54.75,55.55,54.67,55.11,80110,0.0,0.0
2017-11-20 00:00:00+08:00,55.11,55.11,54.49,54.49,60636,0.0,0.0
2017-11-21 00:00:00+08:00,55.46,55.46,54.67,54.67,31937,0.0,0.0
2017-11-22 00:00:00+08:00,55.11,55.11,54.75,54.84,24769,0.0,0.0
2017-11-23 00:00:00+08:00,54.84,55.29,54.75,55.29,39037,0.0,0.0
2017-11-24 00:00:00+08:00,55.11,55.29,54.93,55.02,42658,0.0,0.0
2017-11-27 00:00:00+08:00,54.93,54.93,54.67,54.75,21554,0.0,0.0
2017-11-28 00:00:00+08:00,54.75,54.75,54.13,54.22,73395,0.0,0.0
2017-11-29 00:00:00+08:00,54.31,54.31,54.22,54.22,18857,0.0,0.0
2017-11-30 00:00:00+08:00,54.22,54.22,54.04,54.04,42854,0.0,0.0
2017-12-01 00:00:00+08:00,54.04,54.04,53.34,53.34,80787,0.0,0.0
2017-12-04 00:00:00+08:00,53.42,54.75,53.42,54.58,61107,0.0,0.0
2017-12-05 00:00:00+08:00,54.58,54.93,53.87,54.93,39379,0.0,0.0
2017-12-06 00:00:00+08:00,54.93,54.93,53.96,54.31,24918,0.0,0.0
2017-12-07 00:00:00+08:00,54.31,54.31,53.87,53.87,10893,0.0,0.0
2017-12-08 00:00:00+08:00,53.78,54.04,53.78,53.78,20544,0.0,0.0
2017-12-11 00:00:00+08:00,53.6,53.6,53.07,53.16,77297,0.0,0.0
2017-12-12 00:00:00+08:00,53.16,53.51,52.98,53.25,28082,0.0,0.0
2017-12-13 00:00:00+08:00,56.44,58.03,56.44,57.32,439494,0.0,0.0
2017-12-14 00:00:00+08:00,56.7,57.06,56.7,56.88,105444,0.0,0.0
2017-12-15 00:00:00+08:00,56.97,57.68,56.97,57.68,175456,0.0,0.0
2017-12-18 00:00:00+08:00,57.68,58.92,57.5,58.47,162514,0.0,0.0
2017-12-19 00:00:00+08:00,58.39,58.83,58.21,58.47,105252,0.0,0.0
2017-12-20 00:00:00+08:00,58.47,58.92,58.47,58.47,80099,0.0,0.0
2017-12-21 00:00:00+08:00,58.47,59.09,58.47,59.01,64165,0.0,0.0
2017-12-22 00:00:00+08:00,59.01,59.18,58.56,58.92,92848,0.0,0.0
2017-12-25 00:00:00+08:00,59.18,59.45,58.92,59.09,70669,0.0,0.0
2017-12-26 00:00:00+08:00,58.74,59.63,58.74,58.92,221570,0.0,0.0
2017-12-27 00:00:00+08:00,59.01,59.09,58.83,58.92,21447,0.0,0.0
2017-12-28 00:00:00+08:00,58.92,59.45,58.65,58.92,97221,0.0,0.0
2017-12-29 00:00:00+08:00,59.36,60.42,59.18,59.18,190226,0.0,0.0
2018-01-02 00:00:00+08:00,59.27,59.72,59.27,59.27,52645,0.0,0.0
2018-01-03 00:00:00+08:00,59.27,59.36,59.18,59.18,61383,0.0,0.0
2018-01-04 00:00:00+08:00,59.36,59.54,59.09,59.36,101252,0.0,0.0
2018-01-05 00:00:00+08:00,59.36,60.25,59.36,59.98,106639,0.0,0.0
2018-01-08 00:00:00+08:00,59.98,60.34,59.36,59.8,111204,0.0,0.0
2018-01-09 00:00:00+08:00,59.36,59.36,58.47,58.65,188071,0.0,0.0
2018-01-10 00:00:00+08:00,58.92,58.92,58.3,58.3,47007,0.0,0.0
2018-01-11 00:00:00+08:00,58.3,58.47,58.3,58.39,13088,0.0,0.0
2018-01-12 00:00:00+08:00,58.03,59.18,58.03,59.01,51498,0.0,0.0
2018-01-15 00:00:00+08:00,59.27,59.45,58.65,59.36,123753,0.0,0.0
2018-01-16 00:00:00+08:00,59.27,59.89,59.27,59.63,101454,0.0,0.0
2018-01-17 00:00:00+08:00,59.54,60.25,59.54,60.25,207597,0.0,0.0
2018-01-18 00:00:00+08:00,60.25,60.25,59.36,59.8,162367,0.0,0.0
2018-01-19 00:00:00+08:00,59.8,60.25,59.8,60.16,191500,0.0,0.0
2018-01-22 00:00:00+08:00,59.45,60.25,59.45,59.89,154098,0.0,0.0
2018-01-23 00:00:00+08:00,59.8,59.89,59.36,59.54,55564,0.0,0.0
2018-01-24 00:00:00+08:00,59.36,59.8,59.36,59.36,58536,0.0,0.0
2018-01-25 00:00:00+08:00,59.36,59.63,59.27,59.36,47936,0.0,0.0
2018-01-26 00:00:00+08:00,58.92,59.01,58.92,58.92,70357,0.0,0.0
2018-01-29 00:00:00+08:00,58.65,58.74,58.56,58.74,90648,0.0,0.0
2018-01-30 00:00:00+08:00,58.3,58.56,58.03,58.03,108705,0.0,0.0
2018-01-31 00:00:00+08:00,58.03,58.03,57.59,57.59,106158,0.0,0.0
2018-02-01 00:00:00+08:00,57.77,58.47,56.88,58.03,63863,0.0,0.0
2018-02-02 00:00:00+08:00,58.74,58.74,57.77,58.39,46520,0.0,0.0
2018-02-05 00:00:00+08:00,57.59,58.21,57.41,58.21,50036,0.0,0.0
2018-02-06 00:00:00+08:00,57.59,57.77,55.82,57.77,322180,0.0,0.0
2018-02-07 00:00:00+08:00,57.68,58.12,56.79,57.85,130240,0.0,0.0
2018-02-08 00:00:00+08:00,57.85,57.85,56.53,57.06,203755,0.0,0.0
2018-02-09 00:00:00+08:00,56.79,57.06,56.26,57.06,371506,0.0,0.0
2018-02-12 00:00:00+08:00,56.7,57.59,56.26,57.59,388601,0.0,0.0
2018-02-21 00:00:00+08:00,57.41,57.41,55.2,55.46,135857,0.0,0.0
2018-02-22 00:00:00+08:00,55.46,56.08,55.46,56.08,20853,0.0,0.0
2018-02-23 00:00:00+08:00,56.17,56.53,55.82,55.99,34242,0.0,0.0
2018-02-26 00:00:00+08:00,56.35,56.35,55.2,55.99,50970,0.0,0.0
2018-02-27 00:00:00+08:00,56.08,56.88,56.08,56.44,178507,0.0,0.0
2018-03-01 00:00:00+08:00,56.53,56.53,55.91,56.26,76327,0.0,0.0
2018-03-02 00:00:00+08:00,56.08,56.26,55.64,55.82,83027,0.0,0.0
2018-03-05 00:00:00+08:00,56.08,56.17,55.46,55.82,85848,0.0,0.0
2018-03-06 00:00:00+08:00,55.82,55.82,54.93,55.29,171371,0.0,0.0
2018-03-07 00:00:00+08:00,55.29,55.29,55.02,55.29,67400,0.0,0.0
2018-03-08 00:00:00+08:00,55.29,55.29,54.84,55.2,93492,0.0,0.0
2018-03-09 00:00:00+08:00,55.2,55.2,54.4,54.58,103098,0.0,0.0
2018-03-12 00:00:00+08:00,54.67,55.2,54.58,54.75,51970,0.0,0.0
2018-03-13 00:00:00+08:00,55.11,55.11,54.22,54.31,150469,0.0,0.0
2018-03-14 00:00:00+08:00,54.31,54.84,54.31,54.84,108000,0.0,0.0
2018-03-15 00:00:00+08:00,54.84,54.84,54.22,54.4,85152,0.0,0.0
2018-03-16 00:00:00+08:00,54.49,54.58,54.22,54.31,319572,0.0,0.0
2018-03-19 00:00:00+08:00,54.84,55.11,54.04,54.22,392627,0.0,0.0
2018-03-20 00:00:00+08:00,54.04,54.4,53.87,54.31,59120,0.0,0.0
2018-03-21 00:00:00+08:00,54.13,54.67,54.13,54.67,92876,0.0,0.0
2018-03-22 00:00:00+08:00,54.67,55.2,54.67,54.93,106643,0.0,0.0
2018-03-23 00:00:00+08:00,54.13,54.84,54.04,54.49,54491,0.0,0.0
2018-03-26 00:00:00+08:00,54.49,54.67,54.13,54.31,85414,0.0,0.0
2018-03-27 00:00:00+08:00,54.4,54.93,54.22,54.31,83491,0.0,0.0
2018-03-28 00:00:00+08:00,54.31,54.4,54.04,54.04,62614,0.0,0.0
2018-03-29 00:00:00+08:00,54.04,55.55,53.96,55.02,131088,0.0,0.0
2018-03-30 00:00:00+08:00,55.82,56.08,55.37,55.37,136736,0.0,0.0
2018-04-02 00:00:00+08:00,55.29,55.82,55.2,55.55,33498,0.0,0.0
2018-04-03 00:00:00+08:00,55.46,55.99,54.84,55.73,179352,0.0,0.0
2018-04-09 00:00:00+08:00,55.82,56.17,55.46,55.91,62401,0.0,0.0
2018-04-10 00:00:00+08:00,55.99,55.99,55.2,55.2,40557,0.0,0.0
2018-04-11 00:00:00+08:00,55.2,55.46,55.2,55.2,12357,0.0,0.0
2018-04-12 00:00:00+08:00,55.29,56.7,55.29,56.44,147338,0.0,0.0
2018-04-13 00:00:00+08:00,56.35,57.15,56.26,56.7,141575,0.0,0.0
2018-04-16 00:00:00+08:00,56.7,59.18,56.7,58.03,255623,0.0,0.0
2018-04-17 00:00:00+08:00,58.03,58.65,57.59,57.77,110239,0.0,0.0
2018-04-18 00:00:00+08:00,57.77,58.03,56.44,56.7,337441,0.0,0.0
2018-04-19 00:00:00+08:00,56.79,57.5,56.79,57.5,36147,0.0,0.0
2018-04-20 00:00:00+08:00,57.23,58.56,57.15,58.56,129701,0.0,0.0
2018-04-23 00:00:00+08:00,58.56,59.18,58.56,58.56,112100,0.0,0.0
2018-04-24 00:00:00+08:00,58.12,58.12,56.88,57.23,335115,0.0,0.0
2018-04-25 00:00:00+08:00,57.23,57.77,57.15,57.59,108453,0.0,0.0
2018-04-26 00:00:00+08:00,58.3,58.3,57.41,57.41,116836,0.0,0.0
2018-04-27 00:00:00+08:00,57.23,57.5,56.88,57.5,116148,0.0,0.0
2018-04-30 00:00:00+08:00,57.06,57.32,56.7,57.15,65095,0.0,0.0
2018-05-02 00:00:00+08:00,57.15,57.15,56.88,56.97,23274,0.0,0.0
2018-05-03 00:00:00+08:00,57.5,57.5,56.88,56.88,27117,0.0,0.0
2018-05-04 00:00:00+08:00,56.97,56.97,56.61,56.61,42363,0.0,0.0
2018-05-07 00:00:00+08:00,56.26,56.53,55.99,56.53,65033,0.0,0.0
2018-05-08 00:00:00+08:00,56.53,57.15,55.99,56.35,231050,0.0,0.0
2018-05-09 00:00:00+08:00,56.35,56.61,55.82,55.91,197120,0.0,0.0
2018-05-10 00:00:00+08:00,56.35,57.06,56.35,56.88,55620,0.0,0.0
2018-05-11 00:00:00+08:00,56.44,57.5,56.44,57.23,44881,0.0,0.0
2018-05-14 00:00:00+08:00,57.5,58.03,56.88,57.68,176041,0.0,0.0
2018-05-15 00:00:00+08:00,57.94,59.8,57.94,59.27,368078,0.0,0.0
2018-05-16 00:00:00+08:00,59.72,62.02,59.18,61.4,569331,0.0,0.0
2018-05-17 00:00:00+08:00,62.02,67.51,62.02,67.51,1274535,0.0,0.0
2018-05-18 00:00:00+08:00,73.36,74.25,69.37,70.52,2498681,0.0,0.0
2018-05-21 00:00:00+08:00,70.88,75.31,70.17,70.88,1730100,0.0,0.0
2018-05-22 00:00:00+08:00,72.65,72.65,66.98,68.22,853530,0.0,0.0
2018-05-23 00:00:00+08:00,68.4,68.4,65.65,66.71,706767,0.0,0.0
2018-05-24 00:00:00+08:00,66.8,68.84,66.71,66.8,617686,0.0,0.0
2018-05-25 00:00:00+08:00,67.33,68.22,66.09,66.63,354140,0.0,0.0
2018-05-28 00:00:00+08:00,67.51,73.18,66.63,70.17,1097050,0.0,0.0
2018-05-29 00:00:00+08:00,70.17,72.12,68.22,68.22,1042060,0.0,0.0
2018-05-30 00:00:00+08:00,67.95,67.95,66.8,67.25,358653,0.0,0.0
2018-05-31 00:00:00+08:00,67.95,67.95,66.18,66.18,377930,0.0,0.0
2018-06-01 00:00:00+08:00,66.54,67.78,66.54,67.25,225822,0.0,0.0
2018-06-04 00:00:00+08:00,66.54,67.42,66.27,66.71,228387,0.0,0.0
2018-06-05 00:00:00+08:00,66.71,67.95,66.71,67.69,203470,0.0,0.0
2018-06-06 00:00:00+08:00,67.69,68.93,66.63,67.33,448010,0.0,0.0
2018-06-07 00:00:00+08:00,67.33,67.42,66.8,67.07,250536,0.0,0.0
2018-06-08 00:00:00+08:00,66.71,67.69,66.71,66.71,168500,0.0,0.0
2018-06-11 00:00:00+08:00,66.01,66.01,62.9,63.17,426601,0.0,0.0
2018-06-12 00:00:00+08:00,62.9,64.06,61.75,62.11,258853,0.0,0.0
2018-06-13 00:00:00+08:00,62.73,62.73,61.58,61.58,162877,0.0,0.0
2018-06-14 00:00:00+08:00,62.02,62.73,61.58,62.73,210359,0.0,0.0
2018-06-15 00:00:00+08:00,62.9,63.52,61.58,63.52,146237,0.0,0.0
2018-06-19 00:00:00+08:00,62.9,62.9,61.66,61.66,148152,0.0,0.0
2018-06-20 00:00:00+08:00,61.49,61.49,59.54,59.98,234363,0.0,0.0
2018-06-21 00:00:00+08:00,59.98,60.16,58.83,59.01,190437,0.0,0.0
2018-06-22 00:00:00+08:00,59.18,60.96,58.74,59.36,220999,0.0,0.0
2018-06-25 00:00:00+08:00,59.36,59.63,58.03,58.3,153004,0.0,0.0
2018-06-26 00:00:00+08:00,58.3,59.63,57.15,59.27,280716,0.0,0.0
2018-06-27 00:00:00+08:00,59.36,59.36,57.15,57.85,227959,0.0,0.0
2018-06-28 00:00:00+08:00,57.94,57.94,56.79,56.88,150125,0.0,0.0
2018-06-29 00:00:00+08:00,57.15,57.41,56.44,56.97,111514,0.0,0.0
2018-07-02 00:00:00+08:00,57.23,57.23,55.91,55.91,182201,0.0,0.0
2018-07-03 00:00:00+08:00,55.99,56.7,55.37,56.44,219848,0.0,0.0
2018-07-04 00:00:00+08:00,56.26,56.26,54.58,54.93,219193,0.0,0.0
2018-07-05 00:00:00+08:00,54.93,55.37,54.58,54.58,127855,0.0,0.0
2018-07-06 00:00:00+08:00,54.84,56.35,54.75,55.64,194502,0.0,0.0
2018-07-09 00:00:00+08:00,55.64,57.15,55.46,56.61,76741,0.0,0.0
2018-07-10 00:00:00+08:00,56.53,56.53,55.64,55.64,55061,0.0,0.0
2018-07-11 00:00:00+08:00,56.08,57.32,56.08,56.79,100469,0.0,0.0
2018-07-12 00:00:00+08:00,56.44,58.03,56.44,57.59,82271,0.0,0.0
2018-07-13 00:00:00+08:00,58.12,58.12,56.97,57.06,76100,0.0,0.0
2018-07-16 00:00:00+08:00,57.15,58.56,56.26,58.21,214240,0.0,0.0
2018-07-17 00:00:00+08:00,58.03,58.39,57.59,57.59,32000,0.0,0.0
2018-07-18 00:00:00+08:00,57.77,59.54,57.59,58.12,222176,0.0,0.0
2018-07-19 00:00:00+08:00,58.12,58.56,57.68,58.3,150450,0.0,0.0
2018-07-20 00:00:00+08:00,58.47,58.47,58.12,58.39,24005,0.0,0.0
2018-07-23 00:00:00+08:00,58.03,59.36,58.03,58.74,137054,0.0,0.0
2018-07-24 00:00:00+08:00,58.92,59.01,58.3,58.3,35251,0.0,0.0
2018-07-25 00:00:00+08:00,58.47,59.18,58.21,59.09,303865,0.0,0.0
2018-07-26 00:00:00+08:00,62.9,64.94,62.9,64.94,820050,0.0,0.0
2018-07-27 00:00:00+08:00,64.68,66.18,63.35,65.47,698136,0.0,0.0
2018-07-30 00:00:00+08:00,68.22,68.84,66.45,66.71,449492,0.0,0.0
2018-07-31 00:00:00+08:00,66.71,67.78,66.71,67.16,198308,0.0,0.0
2018-08-01 00:00:00+08:00,67.78,68.84,67.6,68.31,300346,0.0,0.0
2018-08-02 00:00:00+08:00,68.31,68.31,65.03,65.56,241199,0.0,0.0
2018-08-03 00:00:00+08:00,65.12,66.18,65.12,65.83,231951,0.0,0.0
2018-08-06 00:00:00+08:00,65.83,65.83,65.21,65.56,129288,0.0,0.0
2018-08-07 00:00:00+08:00,65.83,65.83,65.21,65.47,123953,0.0,0.0
2018-08-08 00:00:00+08:00,65.3,67.33,65.3,66.27,186262,0.0,0.0
2018-08-09 00:00:00+08:00,66.45,66.54,65.56,66.18,149696,0.0,0.0
2018-08-10 00:00:00+08:00,66.18,66.18,65.56,66.01,222770,0.0,0.0
2018-08-13 00:00:00+08:00,66.36,66.36,64.18,64.82,176873,1.69,0.0
2018-08-14 00:00:00+08:00,65.27,65.27,64.37,64.64,50261,0.0,0.0
2018-08-15 00:00:00+08:00,64.82,64.82,63.91,64.82,105686,0.0,0.0
2018-08-16 00:00:00+08:00,64.82,65.18,64.18,65.18,72019,0.0,0.0
2018-08-17 00:00:00+08:00,65.91,66.09,65.73,66.09,66581,0.0,0.0
2018-08-20 00:00:00+08:00,66.09,66.18,65.18,65.64,46035,0.0,0.0
2018-08-21 00:00:00+08:00,66.18,66.18,65.36,66.09,48783,0.0,0.0
2018-08-22 00:00:00+08:00,66.18,66.18,65.73,65.91,19779,0.0,0.0
2018-08-23 00:00:00+08:00,66.54,66.54,65.73,66.54,64335,0.0,0.0
2018-08-24 00:00:00+08:00,66.45,66.45,65.82,65.91,28442,0.0,0.0
2018-08-27 00:00:00+08:00,66.45,66.72,65.82,66.0,80070,0.0,0.0
2018-08-28 00:00:00+08:00,66.54,67.54,66.09,67.45,124310,0.0,0.0
2018-08-29 00:00:00+08:00,67.45,67.54,66.81,67.18,42012,0.0,0.0
2018-08-30 00:00:00+08:00,67.45,67.45,66.72,67.18,46764,0.0,0.0
2018-08-31 00:00:00+08:00,66.63,67.63,66.63,67.27,80305,0.0,0.0
2018-09-03 00:00:00+08:00,67.36,67.36,66.63,66.9,93249,0.0,0.0
2018-09-04 00:00:00+08:00,66.72,67.09,66.63,67.09,62905,0.0,0.0
2018-09-05 00:00:00+08:00,67.45,67.45,66.9,67.18,75715,0.0,0.0
2018-09-06 00:00:00+08:00,68.17,72.43,68.17,69.62,521779,0.0,0.0
2018-09-07 00:00:00+08:00,69.81,69.81,66.72,67.54,219827,0.0,0.0
2018-09-10 00:00:00+08:00,67.54,67.54,64.91,66.63,98510,0.0,0.0
2018-09-11 00:00:00+08:00,67.54,67.54,65.0,65.18,103410,0.0,0.0
2018-09-12 00:00:00+08:00,65.27,65.54,64.91,64.91,78174,0.0,0.0
2018-09-13 00:00:00+08:00,65.64,65.91,65.36,65.64,55451,0.0,0.0
2018-09-14 00:00:00+08:00,65.64,66.18,65.54,66.18,56854,0.0,0.0
2018-09-17 00:00:00+08:00,66.18,66.18,65.27,65.36,33016,0.0,0.0
2018-09-18 00:00:00+08:00,65.73,67.09,65.73,66.63,93721,0.0,0.0
2018-09-19 00:00:00+08:00,66.63,66.63,66.18,66.27,40304,0.0,0.0
2018-09-20 00:00:00+08:00,66.72,67.36,65.91,66.45,27001,0.0,0.0
2018-09-21 00:00:00+08:00,67.09,67.09,65.45,66.09,82983,0.0,0.0
2018-09-25 00:00:00+08:00,65.82,66.18,65.64,66.18,38365,0.0,0.0
2018-09-26 00:00:00+08:00,66.18,66.18,65.09,65.82,48522,0.0,0.0
2018-09-27 00:00:00+08:00,66.18,66.18,65.0,65.0,30910,0.0,0.0
2018-09-28 00:00:00+08:00,65.0,65.64,64.82,65.18,50042,0.0,0.0
2018-10-01 00:00:00+08:00,65.27,65.27,64.73,65.0,170220,0.0,0.0
2018-10-02 00:00:00+08:00,65.0,65.0,64.18,64.37,36688,0.0,0.0
2018-10-03 00:00:00+08:00,64.0,64.0,62.46,62.55,113252,0.0,0.0
2018-10-04 00:00:00+08:00,62.55,62.55,61.92,62.01,46234,0.0,0.0
2018-10-05 00:00:00+08:00,62.1,62.1,60.2,60.47,108199,0.0,0.0
2018-10-08 00:00:00+08:00,60.92,60.92,59.65,59.65,51206,0.0,0.0
2018-10-09 00:00:00+08:00,59.83,60.47,59.29,59.56,93150,0.0,0.0
2018-10-11 00:00:00+08:00,57.48,57.48,56.21,56.48,179123,0.0,0.0
2018-10-12 00:00:00+08:00,56.21,57.02,55.93,56.48,174281,0.0,0.0
2018-10-15 00:00:00+08:00,56.66,56.66,56.21,56.57,91266,0.0,0.0
2018-10-16 00:00:00+08:00,56.75,57.57,56.48,57.57,85005,0.0,0.0
2018-10-17 00:00:00+08:00,58.02,58.38,57.75,57.93,56947,0.0,0.0
2018-10-18 00:00:00+08:00,58.11,58.11,57.93,58.11,61008,0.0,0.0
2018-10-19 00:00:00+08:00,57.66,57.75,56.93,57.75,46100,0.0,0.0
2018-10-22 00:00:00+08:00,58.65,59.2,58.02,58.93,91003,0.0,0.0
2018-10-23 00:00:00+08:00,58.93,59.11,58.75,59.11,38010,0.0,0.0
2018-10-24 00:00:00+08:00,58.93,58.93,58.02,58.2,62000,0.0,0.0
2018-10-25 00:00:00+08:00,57.93,58.02,57.11,57.39,95149,0.0,0.0
2018-10-26 00:00:00+08:00,56.84,57.39,56.3,56.66,114785,0.0,0.0
2018-10-29 00:00:00+08:00,56.84,56.84,56.21,56.21,65835,0.0,0.0
2018-10-30 00:00:00+08:00,56.21,56.3,55.75,56.21,132300,0.0,0.0
2018-10-31 00:00:00+08:00,56.39,56.66,56.3,56.39,66080,0.0,0.0
2018-11-01 00:00:00+08:00,56.39,57.02,56.39,56.39,140510,0.0,0.0
2018-11-02 00:00:00+08:00,56.39,57.02,56.39,56.84,133355,0.0,0.0
2018-11-05 00:00:00+08:00,56.84,56.84,56.3,56.48,46846,0.0,0.0
2018-11-06 00:00:00+08:00,56.57,57.02,56.48,56.84,166250,0.0,0.0
2018-11-07 00:00:00+08:00,59.47,60.29,59.02,59.56,304213,0.0,0.0
2018-11-08 00:00:00+08:00,60.38,60.38,59.65,59.83,123006,0.0,0.0
2018-11-09 00:00:00+08:00,59.83,59.83,59.2,59.74,48254,0.0,0.0
2018-11-12 00:00:00+08:00,59.47,59.74,59.02,59.74,86653,0.0,0.0
2018-11-13 00:00:00+08:00,59.65,59.74,58.93,59.74,91101,0.0,0.0
2018-11-14 00:00:00+08:00,59.29,60.01,59.29,59.83,68804,0.0,0.0
2018-11-15 00:00:00+08:00,59.83,59.83,59.74,59.83,36502,0.0,0.0
2018-11-16 00:00:00+08:00,60.11,60.38,59.83,60.01,30251,0.0,0.0
2018-11-19 00:00:00+08:00,60.83,60.92,60.29,60.83,22581,0.0,0.0
2018-11-20 00:00:00+08:00,61.83,62.01,60.56,60.56,53060,0.0,0.0
2018-11-21 00:00:00+08:00,60.29,60.56,60.01,60.56,61002,0.0,0.0
2018-11-22 00:00:00+08:00,60.11,60.74,60.11,60.56,33017,0.0,0.0
2018-11-23 00:00:00+08:00,60.29,60.47,60.29,60.29,35000,0.0,0.0
2018-11-26 00:00:00+08:00,60.01,61.19,60.01,61.19,41138,0.0,0.0
2018-11-27 00:00:00+08:00,61.28,61.92,60.92,60.92,63166,0.0,0.0
2018-11-28 00:00:00+08:00,60.56,61.28,60.56,61.19,57002,0.0,0.0
2018-11-29 00:00:00+08:00,61.46,62.55,61.46,61.65,40049,0.0,0.0
2018-11-30 00:00:00+08:00,62.46,62.46,61.65,62.1,51200,0.0,0.0
2018-12-03 00:00:00+08:00,62.73,62.82,62.19,62.46,167176,0.0,0.0
2018-12-04 00:00:00+08:00,63.01,63.01,62.37,62.46,56148,0.0,0.0
2018-12-05 00:00:00+08:00,62.01,62.37,61.1,62.37,53000,0.0,0.0
2018-12-06 00:00:00+08:00,62.82,62.92,62.19,62.19,87450,0.0,0.0
2018-12-07 00:00:00+08:00,62.46,62.73,62.19,62.28,48000,0.0,0.0
2018-12-10 00:00:00+08:00,62.46,62.46,61.83,61.92,30025,0.0,0.0
2018-12-11 00:00:00+08:00,61.92,61.92,61.65,61.92,49000,0.0,0.0
2018-12-12 00:00:00+08:00,61.74,62.37,61.74,62.37,23361,0.0,0.0
2018-12-13 00:00:00+08:00,62.19,62.55,61.65,62.1,59505,0.0,0.0
2018-12-14 00:00:00+08:00,62.46,62.64,61.92,62.64,44300,0.0,0.0
2018-12-17 00:00:00+08:00,62.19,62.64,62.1,62.55,40883,0.0,0.0
2018-12-18 00:00:00+08:00,62.28,64.28,62.28,62.82,271252,0.0,0.0
2018-12-19 00:00:00+08:00,63.73,63.73,62.55,62.82,136163,0.0,0.0
2018-12-20 00:00:00+08:00,63.46,64.64,62.82,64.46,234906,0.0,0.0
2018-12-21 00:00:00+08:00,63.55,64.28,62.82,63.28,114576,0.0,0.0
2018-12-24 00:00:00+08:00,62.92,63.73,62.92,63.64,34000,0.0,0.0
2018-12-25 00:00:00+08:00,63.19,63.55,62.92,63.28,68555,0.0,0.0
2018-12-26 00:00:00+08:00,62.73,63.73,62.73,63.01,63001,0.0,0.0
2018-12-27 00:00:00+08:00,63.73,63.73,63.19,63.46,43662,0.0,0.0
2018-12-28 00:00:00+08:00,63.46,63.73,63.28,63.46,39038,0.0,0.0
2019-01-02 00:00:00+08:00,63.64,63.64,63.01,63.1,53470,0.0,0.0
2019-01-03 00:00:00+08:00,62.82,63.82,62.82,63.28,136064,0.0,0.0
2019-01-04 00:00:00+08:00,63.46,63.91,62.92,63.46,240252,0.0,0.0
2019-01-07 00:00:00+08:00,63.73,63.73,62.55,62.64,70504,0.0,0.0
2019-01-08 00:00:00+08:00,62.64,62.64,61.83,62.19,81218,0.0,0.0
2019-01-09 00:00:00+08:00,62.01,62.01,61.65,61.74,65902,0.0,0.0
2019-01-10 00:00:00+08:00,61.65,62.37,60.92,61.28,75130,0.0,0.0
2019-01-11 00:00:00+08:00,61.28,61.28,60.74,60.83,88746,0.0,0.0
2019-01-14 00:00:00+08:00,60.83,61.92,60.83,61.01,53198,0.0,0.0
2019-01-15 00:00:00+08:00,61.01,61.65,61.01,61.65,53880,0.0,0.0
2019-01-16 00:00:00+08:00,61.74,61.74,61.01,61.1,60000,0.0,0.0
2019-01-17 00:00:00+08:00,61.19,61.65,61.19,61.28,37080,0.0,0.0
2019-01-18 00:00:00+08:00,61.46,62.19,61.46,61.92,35506,0.0,0.0
2019-01-21 00:00:00+08:00,61.92,63.19,61.92,62.82,69043,0.0,0.0
2019-01-22 00:00:00+08:00,62.37,64.18,62.37,63.37,69448,0.0,0.0
2019-01-23 00:00:00+08:00,63.37,63.82,62.82,63.64,36117,0.0,0.0
2019-01-24 00:00:00+08:00,64.0,64.0,63.01,63.55,44127,0.0,0.0
2019-01-25 00:00:00+08:00,63.19,63.73,63.01,63.46,45001,0.0,0.0
2019-01-28 00:00:00+08:00,63.19,64.0,63.19,63.64,33051,0.0,0.0
2019-01-29 00:00:00+08:00,63.64,64.09,63.19,63.19,41002,0.0,0.0
2019-01-30 00:00:00+08:00,62.92,63.37,62.92,63.01,22738,0.0,0.0
2019-02-11 00:00:00+08:00,63.19,63.82,63.19,63.82,56460,0.0,0.0
2019-02-12 00:00:00+08:00,64.0,64.0,63.46,63.73,45861,0.0,0.0
2019-02-13 00:00:00+08:00,63.73,63.91,63.64,63.91,62337,0.0,0.0
2019-02-14 00:00:00+08:00,63.82,63.82,63.55,63.73,61205,0.0,0.0
2019-02-15 00:00:00+08:00,63.1,64.73,63.1,64.46,122001,0.0,0.0
2019-02-18 00:00:00+08:00,64.0,66.18,64.0,66.18,183615,0.0,0.0
2019-02-19 00:00:00+08:00,66.09,67.72,66.09,66.45,132650,0.0,0.0
2019-02-20 00:00:00+08:00,66.36,66.99,65.91,66.27,101853,0.0,0.0
2019-02-21 00:00:00+08:00,66.27,66.27,65.91,66.0,80209,0.0,0.0
2019-02-22 00:00:00+08:00,65.64,66.36,65.64,65.73,47262,0.0,0.0
2019-02-25 00:00:00+08:00,66.09,67.27,65.54,65.82,64365,0.0,0.0
2019-02-26 00:00:00+08:00,66.09,66.45,65.73,65.73,72207,0.0,0.0
2019-02-27 00:00:00+08:00,65.91,65.91,63.55,63.73,274379,0.0,0.0
2019-03-04 00:00:00+08:00,63.82,63.82,62.73,63.19,111083,0.0,0.0
2019-03-05 00:00:00+08:00,63.46,64.37,63.46,63.55,65054,0.0,0.0
2019-03-06 00:00:00+08:00,64.0,64.82,64.0,64.37,53009,0.0,0.0
2019-03-07 00:00:00+08:00,64.18,64.64,63.64,63.73,30133,0.0,0.0
2019-03-08 00:00:00+08:00,63.55,64.0,63.55,63.91,26018,0.0,0.0
2019-03-11 00:00:00+08:00,63.73,63.91,63.64,63.64,46054,0.0,0.0
2019-03-12 00:00:00+08:00,63.64,64.18,63.64,63.73,29011,0.0,0.0
2019-03-13 00:00:00+08:00,63.64,64.09,63.64,63.73,8526,0.0,0.0
2019-03-14 00:00:00+08:00,63.73,64.91,63.73,63.82,79771,0.0,0.0
2019-03-15 00:00:00+08:00,63.82,64.28,63.82,64.0,26275,0.0,0.0
2019-03-18 00:00:00+08:00,64.28,64.37,63.64,63.82,59085,0.0,0.0
2019-03-19 00:00:00+08:00,63.82,64.55,63.73,64.09,83876,0.0,0.0
2019-03-20 00:00:00+08:00,63.91,64.55,63.91,64.28,44439,0.0,0.0
2019-03-21 00:00:00+08:00,64.28,65.0,64.28,64.46,74074,0.0,0.0
2019-03-22 00:00:00+08:00,64.55,67.09,64.55,65.54,206998,0.0,0.0
2019-03-25 00:00:00+08:00,66.09,66.09,64.91,65.09,135711,0.0,0.0
2019-03-26 00:00:00+08:00,65.0,65.64,65.0,65.27,49728,0.0,0.0
2019-03-27 00:00:00+08:00,65.36,65.54,64.64,64.64,105699,0.0,0.0
2019-03-28 00:00:00+08:00,64.64,64.82,63.91,64.0,104898,0.0,0.0
2019-03-29 00:00:00+08:00,64.09,64.28,64.0,64.0,76433,0.0,0.0
2019-04-01 00:00:00+08:00,64.28,64.28,63.73,63.82,105762,0.0,0.0
2019-04-02 00:00:00+08:00,63.82,64.37,63.64,64.0,70141,0.0,0.0
2019-04-03 00:00:00+08:00,64.0,65.54,64.0,65.27,81952,0.0,0.0
2019-04-08 00:00:00+08:00,65.27,65.64,64.55,64.82,83719,0.0,0.0
2019-04-09 00:00:00+08:00,66.63,66.63,65.36,65.45,51448,0.0,0.0
2019-04-10 00:00:00+08:00,65.45,65.54,65.18,65.36,31764,0.0,0.0
2019-04-11 00:00:00+08:00,64.91,66.0,64.91,65.36,45356,0.0,0.0
2019-04-12 00:00:00+08:00,65.27,65.45,64.82,65.36,31520,0.0,0.0
2019-04-15 00:00:00+08:00,66.09,66.09,65.36,65.45,24137,0.0,0.0
2019-04-16 00:00:00+08:00,66.0,66.0,65.54,65.82,32244,0.0,0.0
2019-04-17 00:00:00+08:00,66.0,66.18,65.82,66.09,54948,0.0,0.0
2019-04-18 00:00:00+08:00,66.18,66.18,64.91,65.45,85556,0.0,0.0
2019-04-19 00:00:00+08:00,65.45,66.09,65.36,65.54,53275,0.0,0.0
2019-04-22 00:00:00+08:00,65.64,65.91,65.64,65.91,40066,0.0,0.0
2019-04-23 00:00:00+08:00,65.91,68.08,65.73,67.45,303228,0.0,0.0
2019-04-24 00:00:00+08:00,67.09,70.62,67.09,68.35,451256,0.0,0.0
2019-04-25 00:00:00+08:00,69.35,70.17,67.9,67.9,392448,0.0,0.0
2019-04-26 00:00:00+08:00,68.17,68.17,67.18,67.18,126222,0.0,0.0
2019-04-29 00:00:00+08:00,67.9,68.72,67.27,67.72,134505,0.0,0.0
2019-04-30 00:00:00+08:00,67.72,68.17,67.45,67.99,84845,0.0,0.0
2019-05-02 00:00:00+08:00,67.99,68.63,67.99,68.35,107060,0.0,0.0
2019-05-03 00:00:00+08:00,68.45,69.17,68.45,68.81,178704,0.0,0.0
2019-05-06 00:00:00+08:00,68.81,69.35,68.26,68.35,178558,0.0,0.0
2019-05-07 00:00:00+08:00,69.26,69.71,68.72,68.9,94126,0.0,0.0
2019-05-08 00:00:00+08:00,68.63,69.26,68.54,69.17,75875,0.0,0.0
2019-05-09 00:00:00+08:00,68.99,69.26,68.35,68.35,108886,0.0,0.0
2019-05-10 00:00:00+08:00,68.08,68.35,67.54,67.63,136513,0.0,0.0
2019-05-13 00:00:00+08:00,67.99,67.99,66.0,66.54,113002,0.0,0.0
2019-05-14 00:00:00+08:00,65.73,66.18,65.09,66.0,136557,0.0,0.0
2019-05-15 00:00:00+08:00,66.72,66.72,66.09,66.36,49747,0.0,0.0
2019-05-16 00:00:00+08:00,65.54,66.72,65.54,65.73,87010,0.0,0.0
2019-05-17 00:00:00+08:00,65.91,66.0,64.82,65.27,108034,0.0,0.0
2019-05-20 00:00:00+08:00,65.27,65.36,65.09,65.27,54852,0.0,0.0
2019-05-21 00:00:00+08:00,65.64,65.64,65.09,65.36,42000,0.0,0.0
2019-05-22 00:00:00+08:00,65.27,66.0,65.09,65.64,96565,0.0,0.0
2019-05-23 00:00:00+08:00,66.36,66.36,65.09,65.27,73080,0.0,0.0
2019-05-24 00:00:00+08:00,65.09,65.45,64.82,65.36,61150,0.0,0.0
2019-05-27 00:00:00+08:00,65.18,65.45,65.09,65.45,44093,0.0,0.0
2019-05-28 00:00:00+08:00,65.45,65.54,65.18,65.36,39007,0.0,0.0
2019-05-29 00:00:00+08:00,65.27,65.36,64.82,65.18,78099,0.0,0.0
2019-05-30 00:00:00+08:00,65.18,65.54,65.09,65.27,61500,0.0,0.0
2019-05-31 00:00:00+08:00,65.27,65.45,64.82,65.36,104200,0.0,0.0
2019-06-03 00:00:00+08:00,65.91,65.91,64.28,64.82,128007,0.0,0.0
2019-06-04 00:00:00+08:00,65.0,65.09,64.82,64.91,38420,0.0,0.0
2019-06-05 00:00:00+08:00,65.18,65.18,65.0,65.0,25536,0.0,0.0
2019-06-06 00:00:00+08:00,65.0,65.18,65.0,65.18,137200,0.0,0.0
2019-06-10 00:00:00+08:00,65.18,65.27,65.09,65.09,50601,0.0,0.0
2019-06-11 00:00:00+08:00,65.27,65.27,64.28,64.73,128191,0.0,0.0
2019-06-12 00:00:00+08:00,64.91,65.09,64.55,65.09,71286,0.0,0.0
2019-06-13 00:00:00+08:00,65.54,66.27,65.27,66.18,104655,0.0,0.0
2019-06-14 00:00:00+08:00,66.18,66.63,65.64,65.73,132476,0.0,0.0
2019-06-17 00:00:00+08:00,67.09,67.09,66.45,66.81,157557,0.0,0.0
2019-06-18 00:00:00+08:00,66.99,66.99,65.54,65.91,96001,0.0,0.0
2019-06-19 00:00:00+08:00,66.18,66.72,66.18,66.45,32381,0.0,0.0
2019-06-20 00:00:00+08:00,66.45,67.18,66.36,66.81,51823,0.0,0.0
2019-06-21 00:00:00+08:00,66.81,68.45,66.81,68.08,219200,0.0,0.0
2019-06-24 00:00:00+08:00,68.45,69.35,67.99,69.35,192400,0.0,0.0
2019-06-25 00:00:00+08:00,69.35,70.08,68.45,68.72,207001,0.0,0.0
2019-06-26 00:00:00+08:00,69.26,69.71,68.72,69.53,132399,0.0,0.0
2019-06-27 00:00:00+08:00,69.53,70.71,69.53,70.08,262539,0.0,0.0
2019-06-28 00:00:00+08:00,70.08,71.07,70.08,70.44,174267,0.0,0.0
2019-07-01 00:00:00+08:00,70.62,71.17,70.44,70.89,138999,0.0,0.0
2019-07-02 00:00:00+08:00,70.71,72.07,69.35,71.71,262608,0.0,0.0
2019-07-03 00:00:00+08:00,71.71,74.34,71.71,73.88,394548,0.0,0.0
2019-07-04 00:00:00+08:00,74.25,74.25,72.8,73.16,176323,0.0,0.0
2019-07-05 00:00:00+08:00,73.25,73.43,72.89,73.25,31175,0.0,0.0
2019-07-08 00:00:00+08:00,73.88,74.7,73.25,74.34,149259,0.0,0.0
2019-07-09 00:00:00+08:00,74.16,75.43,73.43,73.98,175791,0.0,0.0
2019-07-10 00:00:00+08:00,72.98,73.7,71.89,72.34,343978,0.0,0.0
2019-07-11 00:00:00+08:00,72.52,73.34,72.25,73.07,70633,0.0,0.0
2019-07-12 00:00:00+08:00,72.52,73.43,72.52,72.89,90499,0.0,0.0
2019-07-15 00:00:00+08:00,72.89,74.16,72.89,73.79,72782,0.0,0.0
2019-07-16 00:00:00+08:00,73.16,73.88,72.8,72.98,88407,0.0,0.0
2019-07-17 00:00:00+08:00,72.71,73.25,72.34,72.98,115125,0.0,0.0
2019-07-18 00:00:00+08:00,72.89,72.89,72.16,72.43,53987,0.0,0.0
2019-07-19 00:00:00+08:00,72.43,73.52,72.43,73.43,161141,0.0,0.0
2019-07-22 00:00:00+08:00,72.98,75.24,72.98,74.34,135549,0.0,0.0
2019-07-23 00:00:00+08:00,74.34,74.34,72.8,72.89,67201,0.0,0.0
2019-07-24 00:00:00+08:00,72.98,73.61,72.98,72.98,35655,0.0,0.0
2019-07-25 00:00:00+08:00,73.25,73.61,72.98,73.16,49549,0.0,0.0
2019-07-26 00:00:00+08:00,74.34,74.97,73.7,74.25,153542,0.0,0.0
2019-07-29 00:00:00+08:00,74.25,74.34,74.07,74.34,33236,0.0,0.0
2019-07-30 00:00:00+08:00,74.88,75.15,73.7,73.7,66282,0.0,0.0
2019-07-31 00:00:00+08:00,75.24,80.05,75.24,77.51,1221380,0.0,0.0
2019-08-01 00:00:00+08:00,77.87,78.05,76.88,76.97,492737,0.0,0.0
2019-08-02 00:00:00+08:00,77.06,77.06,74.52,75.43,276448,0.0,0.0
2019-08-05 00:00:00+08:00,74.79,77.69,74.52,76.51,218450,0.0,0.0
2019-08-06 00:00:00+08:00,75.97,76.24,75.06,75.79,98111,0.0,0.0
2019-08-07 00:00:00+08:00,76.06,77.15,76.06,76.6,86168,0.0,0.0
2019-08-08 00:00:00+08:00,76.7,77.69,76.7,77.69,166335,0.0,0.0
2019-08-12 00:00:00+08:00,77.96,79.6,77.87,78.15,269597,0.0,0.0
2019-08-13 00:00:00+08:00,77.87,77.87,77.06,77.06,430243,0.0,0.0
2019-08-14 00:00:00+08:00,77.71,80.06,77.61,79.12,179010,2.99,0.0
2019-08-15 00:00:00+08:00,78.74,80.06,77.99,80.06,113420,0.0,0.0
2019-08-16 00:00:00+08:00,80.53,80.53,79.87,79.96,107099,0.0,0.0
2019-08-19 00:00:00+08:00,80.99,80.99,79.4,79.87,111001,0.0,0.0
2019-08-20 00:00:00+08:00,79.96,80.24,79.3,79.96,98199,0.0,0.0
2019-08-21 00:00:00+08:00,80.15,80.62,79.77,80.53,79527,0.0,0.0
2019-08-22 00:00:00+08:00,80.34,80.71,79.87,80.43,96099,0.0,0.0
2019-08-23 00:00:00+08:00,80.24,81.56,80.06,81.28,97960,0.0,0.0
2019-08-26 00:00:00+08:00,80.15,82.12,80.06,82.12,139386,0.0,0.0
2019-08-27 00:00:00+08:00,82.59,89.73,82.59,87.57,828543,0.0,0.0
2019-08-28 00:00:00+08:00,87.48,91.61,86.44,86.44,654346,0.0,0.0
2019-08-29 00:00:00+08:00,86.26,87.76,85.97,86.73,135147,0.0,0.0
2019-08-30 00:00:00+08:00,87.01,88.04,86.91,87.1,129504,0.0,0.0
2019-09-02 00:00:00+08:00,87.1,92.08,87.1,90.77,625700,0.0,0.0
2019-09-03 00:00:00+08:00,93.4,98.19,92.27,96.31,2144950,0.0,0.0
2019-09-04 00:00:00+08:00,97.72,98.66,94.9,95.84,1254278,0.0,0.0
2019-09-05 00:00:00+08:00,94.9,97.25,93.87,96.78,893396,0.0,0.0
2019-09-06 00:00:00+08:00,98.66,98.66,92.08,92.08,855211,0.0,0.0
2019-09-10 00:00:00+08:00,93.21,95.37,90.95,92.08,421471,0.0,0.0
2019-09-11 00:00:00+08:00,93.02,93.68,91.05,93.59,160537,0.0,0.0
2019-09-12 00:00:00+08:00,93.96,93.96,90.67,90.67,445828,0.0,0.0
2019-09-16 00:00:00+08:00,90.67,92.08,89.64,91.14,450109,0.0,0.0
2019-09-17 00:00:00+08:00,91.14,91.14,89.92,90.2,277350,0.0,0.0
2019-09-18 00:00:00+08:00,90.2,91.05,89.92,90.39,168195,0.0,0.0
2019-09-19 00:00:00+08:00,90.49,90.58,89.64,90.2,165350,0.0,0.0
2019-09-20 00:00:00+08:00,95.37,98.19,92.36,97.72,2513984,0.0,0.0
2019-09-23 00:00:00+08:00,96.78,97.72,93.77,94.43,999421,0.0,0.0
2019-09-24 00:00:00+08:00,95.84,96.31,91.52,91.61,923513,0.0,0.0
2019-09-25 00:00:00+08:00,91.14,91.99,90.2,90.58,305509,0.0,0.0
2019-09-26 00:00:00+08:00,90.49,92.08,88.98,88.98,494724,0.0,0.0
2019-09-27 00:00:00+08:00,89.26,89.83,87.48,87.57,264712,0.0,0.0
2019-10-01 00:00:00+08:00,89.36,89.36,87.48,87.67,232721,0.0,0.0
2019-10-02 00:00:00+08:00,87.48,88.51,86.91,87.38,173764,0.0,0.0
2019-10-03 00:00:00+08:00,87.01,88.04,86.54,87.29,149605,0.0,0.0
2019-10-04 00:00:00+08:00,87.85,88.7,87.38,87.48,227150,0.0,0.0
2019-10-07 00:00:00+08:00,87.67,88.79,87.67,88.23,95315,0.0,0.0
2019-10-08 00:00:00+08:00,88.32,90.2,88.32,89.73,192355,0.0,0.0
2019-10-09 00:00:00+08:00,91.61,93.96,89.36,89.36,1079238,0.0,0.0
2019-10-14 00:00:00+08:00,92.18,92.18,90.39,90.77,508149,0.0,0.0
2019-10-15 00:00:00+08:00,90.77,91.8,90.49,91.33,285666,0.0,0.0
2019-10-16 00:00:00+08:00,91.14,92.27,91.14,91.52,406391,0.0,0.0
2019-10-17 00:00:00+08:00,91.24,91.52,90.67,90.86,222200,0.0,0.0
2019-10-18 00:00:00+08:00,90.86,91.24,90.49,90.77,283403,0.0,0.0
2019-10-21 00:00:00+08:00,90.77,93.21,90.77,91.8,253799,0.0,0.0
2019-10-22 00:00:00+08:00,92.08,93.02,91.52,93.02,282919,0.0,0.0
2019-10-23 00:00:00+08:00,93.12,94.9,91.24,91.42,565820,0.0,0.0
2019-10-24 00:00:00+08:00,91.42,91.99,89.36,90.39,731399,0.0,0.0
2019-10-25 00:00:00+08:00,90.86,91.71,90.2,90.77,253474,0.0,0.0
2019-10-28 00:00:00+08:00,91.14,93.59,91.14,93.12,666329,0.0,0.0
2019-10-29 00:00:00+08:00,93.96,93.96,89.92,90.2,1593909,0.0,0.0
2019-10-30 00:00:00+08:00,90.2,92.27,89.92,91.52,641108,0.0,0.0
2019-10-31 00:00:00+08:00,92.55,95.84,92.18,92.93,2178900,0.0,0.0
2019-11-01 00:00:00+08:00,93.02,95.84,92.36,95.84,602279,0.0,0.0
2019-11-04 00:00:00+08:00,97.25,105.24,97.25,105.24,2627535,0.0,0.0
2019-11-05 00:00:00+08:00,104.3,109.47,102.89,108.06,3381067,0.0,0.0
2019-11-06 00:00:00+08:00,108.53,118.86,108.53,118.86,4722187,0.0,0.0
2019-11-07 00:00:00+08:00,118.86,123.56,113.69,115.57,3758921,0.0,0.0
2019-11-08 00:00:00+08:00,116.04,117.92,107.12,107.12,3063545,0.0,0.0
2019-11-11 00:00:00+08:00,107.59,109.47,104.3,105.24,2129442,0.0,0.0
2019-11-12 00:00:00+08:00,106.65,107.12,104.77,107.12,845096,0.0,0.0
2019-11-13 00:00:00+08:00,107.12,107.12,101.48,103.36,1164937,0.0,0.0
2019-11-14 00:00:00+08:00,102.89,104.77,101.48,103.36,888959,0.0,0.0
2019-11-15 00:00:00+08:00,104.3,109.94,103.36,104.77,2305570,0.0,0.0
2019-11-18 00:00:00+08:00,105.24,105.24,101.48,103.36,732673,0.0,0.0
2019-11-19 00:00:00+08:00,105.24,106.65,104.3,104.3,744493,0.0,0.0
2019-11-20 00:00:00+08:00,103.83,105.71,102.42,105.24,371868,0.0,0.0
2019-11-21 00:00:00+08:00,104.77,109.0,102.89,108.06,1009433,0.0,0.0
2019-11-22 00:00:00+08:00,108.53,108.53,105.24,105.24,658641,0.0,0.0
2019-11-25 00:00:00+08:00,105.24,107.12,104.3,105.71,394200,0.0,0.0
2019-11-26 00:00:00+08:00,107.59,107.59,104.77,107.59,458374,0.0,0.0
2019-11-27 00:00:00+08:00,107.59,108.06,106.18,108.06,317048,0.0,0.0
2019-11-28 00:00:00+08:00,108.06,109.94,104.3,104.3,762520,0.0,0.0
2019-11-29 00:00:00+08:00,104.3,105.71,101.95,101.95,650804,0.0,0.0
2019-12-02 00:00:00+08:00,101.95,106.18,98.66,104.77,1245227,0.0,0.0
2019-12-03 00:00:00+08:00,103.83,105.71,102.42,103.83,503066,0.0,0.0
2019-12-04 00:00:00+08:00,103.36,106.18,103.36,105.24,331262,0.0,0.0
2019-12-05 00:00:00+08:00,105.24,106.65,104.3,105.24,263708,0.0,0.0
2019-12-06 00:00:00+08:00,105.24,107.12,105.24,106.18,342422,0.0,0.0
2019-12-09 00:00:00+08:00,106.18,106.65,103.36,104.77,477948,0.0,0.0
2019-12-10 00:00:00+08:00,102.42,104.3,101.01,104.3,498444,0.0,0.0
2019-12-11 00:00:00+08:00,103.83,109.0,103.83,106.65,725707,0.0,0.0
2019-12-12 00:00:00+08:00,107.59,109.47,106.65,107.59,615009,0.0,0.0
2019-12-13 00:00:00+08:00,108.06,112.28,106.65,110.87,1555370,0.0,0.0
2019-12-16 00:00:00+08:00,110.87,113.22,109.47,110.41,3128,0.0,0.0
2019-12-17 00:00:00+08:00,109.47,111.34,109.0,110.87,507478,0.0,0.0
2019-12-18 00:00:00+08:00,115.57,115.57,106.18,106.18,1547026,0.0,0.0
2019-12-19 00:00:00+08:00,106.18,107.12,103.83,105.71,498197,0.0,0.0
2019-12-20 00:00:00+08:00,106.18,107.59,104.77,104.77,247040,0.0,0.0
2019-12-23 00:00:00+08:00,105.71,105.71,104.77,104.77,167064,0.0,0.0
2019-12-24 00:00:00+08:00,105.24,105.71,104.77,105.24,125429,0.0,0.0
2019-12-25 00:00:00+08:00,105.24,106.65,105.24,105.71,195148,0.0,0.0
2019-12-26 00:00:00+08:00,106.18,107.59,106.18,106.65,141593,0.0,0.0
2019-12-27 00:00:00+08:00,107.12,109.0,107.12,107.59,207002,0.0,0.0
2019-12-30 00:00:00+08:00,107.59,108.06,105.24,106.18,199681,0.0,0.0
2019-12-31 00:00:00+08:00,106.65,106.65,104.3,105.24,270487,0.0,0.0
2020-01-02 00:00:00+08:00,105.24,107.59,105.24,106.65,256306,0.0,0.0
2020-01-03 00:00:00+08:00,106.65,107.12,102.89,104.3,627592,0.0,0.0
2020-01-06 00:00:00+08:00,104.3,104.3,101.95,101.95,233641,0.0,0.0
2020-01-07 00:00:00+08:00,103.36,104.77,101.48,103.36,331180,0.0,0.0
2020-01-08 00:00:00+08:00,102.42,102.89,99.6,99.6,344762,0.0,0.0
2020-01-09 00:00:00+08:00,101.01,101.95,100.54,100.54,173524,0.0,0.0
2020-01-10 00:00:00+08:00,101.48,101.95,99.6,101.01,208056,0.0,0.0
2020-01-13 00:00:00+08:00,101.95,102.42,101.01,101.95,124093,0.0,0.0
2020-01-14 00:00:00+08:00,101.95,101.95,99.6,100.54,218200,0.0,0.0
2020-01-15 00:00:00+08:00,100.07,102.42,99.6,100.07,223500,0.0,0.0
2020-01-16 00:00:00+08:00,101.48,105.71,101.48,105.71,571332,0.0,0.0
2020-01-17 00:00:00+08:00,107.12,107.12,104.3,105.24,385051,0.0,0.0
2020-01-20 00:00:00+08:00,105.24,106.18,104.3,105.24,258942,0.0,0.0
2020-01-30 00:00:00+08:00,98.19,100.07,94.9,94.9,893365,0.0,0.0
2020-01-31 00:00:00+08:00,94.43,97.25,93.12,94.9,551206,0.0,0.0
2020-02-03 00:00:00+08:00,93.02,93.68,90.86,92.65,381903,0.0,0.0
2020-02-04 00:00:00+08:00,110.87,112.28,96.31,96.31,310716,0.0,0.0
2020-02-05 00:00:00+08:00,96.31,97.72,95.37,96.78,297211,0.0,0.0
2020-02-06 00:00:00+08:00,98.19,99.13,97.25,98.66,381435,0.0,0.0
2020-02-07 00:00:00+08:00,99.6,102.89,98.66,98.66,575650,0.0,0.0
2020-02-10 00:00:00+08:00,100.07,108.06,100.07,106.18,1268419,0.0,0.0
2020-02-11 00:00:00+08:00,106.18,108.06,104.77,106.18,942759,0.0,0.0
2020-02-12 00:00:00+08:00,105.24,109.0,104.77,105.24,777958,0.0,0.0
2020-02-13 00:00:00+08:00,106.18,107.59,105.24,106.18,526893,0.0,0.0
2020-02-14 00:00:00+08:00,107.59,108.53,105.24,105.71,997669,0.0,0.0
2020-02-17 00:00:00+08:00,104.77,109.94,104.3,109.94,672995,0.0,0.0
2020-02-18 00:00:00+08:00,108.53,109.94,107.12,107.59,650614,0.0,0.0
2020-02-19 00:00:00+08:00,107.59,110.41,107.12,109.94,460482,0.0,0.0
2020-02-20 00:00:00+08:00,110.41,110.41,107.59,108.06,471382,0.0,0.0
2020-02-21 00:00:00+08:00,109.0,111.81,107.59,108.53,1046700,0.0,0.0
2020-02-24 00:00:00+08:00,108.53,112.75,108.53,111.34,1427418,0.0,0.0
2020-02-25 00:00:00+08:00,109.94,114.16,108.06,111.81,1623301,0.0,0.0
2020-02-26 00:00:00+08:00,110.87,122.62,109.94,119.8,6922354,0.0,0.0
2020-02-27 00:00:00+08:00,122.62,123.56,108.06,110.87,4730849,0.0,0.0
2020-03-02 00:00:00+08:00,109.0,119.33,108.53,116.04,2214211,0.0,0.0
2020-03-03 00:00:00+08:00,120.74,124.5,117.92,118.86,3017463,0.0,0.0
2020-03-04 00:00:00+08:00,118.39,119.8,115.1,116.04,984360,0.0,0.0
2020-03-05 00:00:00+08:00,116.98,119.33,115.57,116.51,995318,0.0,0.0
2020-03-06 00:00:00+08:00,117.45,123.09,117.45,119.8,2832968,0.0,0.0
2020-03-09 00:00:00+08:00,117.45,123.09,115.57,115.57,2109540,0.0,0.0
2020-03-10 00:00:00+08:00,114.63,114.63,109.0,113.69,1692079,0.0,0.0
2020-03-11 00:00:00+08:00,114.63,116.98,109.94,109.94,1153385,0.0,0.0
2020-03-12 00:00:00+08:00,108.06,109.0,101.48,102.89,2261192,0.0,0.0
2020-03-13 00:00:00+08:00,94.43,101.01,93.59,100.07,2064497,0.0,0.0
2020-03-16 00:00:00+08:00,99.6,102.42,93.02,93.59,2015805,0.0,0.0
2020-03-17 00:00:00+08:00,90.2,93.21,84.75,88.61,2567048,0.0,0.0
2020-03-18 00:00:00+08:00,89.64,91.33,84.57,84.66,1510060,0.0,0.0
2020-03-19 00:00:00+08:00,79.87,79.96,76.2,76.2,2130598,0.0,0.0
2020-03-20 00:00:00+08:00,78.46,83.81,78.46,82.4,1124593,0.0,0.0
2020-03-23 00:00:00+08:00,79.4,80.43,76.86,79.49,579257,0.0,0.0
2020-03-24 00:00:00+08:00,82.69,86.44,82.22,85.04,858607,0.0,0.0
2020-03-25 00:00:00+08:00,89.55,93.49,89.55,93.49,1261553,0.0,0.0
2020-03-26 00:00:00+08:00,94.43,94.43,90.2,92.55,862814,0.0,0.0
2020-03-27 00:00:00+08:00,93.96,94.9,90.2,90.2,776929,0.0,0.0
2020-03-30 00:00:00+08:00,89.55,94.9,88.89,93.87,687562,0.0,0.0
2020-03-31 00:00:00+08:00,94.43,94.9,92.55,94.9,840331,0.0,0.0
2020-04-01 00:00:00+08:00,93.96,94.43,93.12,94.43,310325,0.0,0.0
2020-04-06 00:00:00+08:00,94.43,99.6,93.59,97.72,997923,0.0,0.0
2020-04-07 00:00:00+08:00,99.13,99.6,97.25,99.13,565010,0.0,0.0
2020-04-08 00:00:00+08:00,96.78,97.72,95.37,96.31,680629,0.0,0.0
2020-04-09 00:00:00+08:00,97.25,104.77,96.78,97.72,2782080,0.0,0.0
2020-04-10 00:00:00+08:00,97.72,100.07,96.78,97.72,588450,0.0,0.0
2020-04-13 00:00:00+08:00,97.72,97.72,94.9,97.25,429576,0.0,0.0
2020-04-14 00:00:00+08:00,97.72,100.07,97.72,99.6,460350,0.0,0.0
2020-04-15 00:00:00+08:00,100.07,101.01,99.13,99.13,370606,0.0,0.0
2020-04-16 00:00:00+08:00,98.19,109.0,98.19,105.71,2097736,0.0,0.0
2020-04-17 00:00:00+08:00,107.59,110.41,104.3,105.24,1493091,0.0,0.0
2020-04-20 00:00:00+08:00,107.59,110.87,104.77,105.71,1585213,0.0,0.0
2020-04-21 00:00:00+08:00,103.83,106.18,100.07,100.54,777251,0.0,0.0
2020-04-22 00:00:00+08:00,101.01,103.83,100.54,101.01,796401,0.0,0.0
2020-04-23 00:00:00+08:00,102.42,102.89,99.6,100.54,597754,0.0,0.0
2020-04-24 00:00:00+08:00,100.07,108.53,100.07,107.12,1565592,0.0,0.0
2020-04-27 00:00:00+08:00,108.06,115.1,108.06,113.22,3220533,0.0,0.0
2020-04-28 00:00:00+08:00,114.63,115.57,110.41,111.34,1690468,0.0,0.0
2020-04-29 00:00:00+08:00,112.28,113.69,109.0,110.41,1246358,0.0,0.0
2020-04-30 00:00:00+08:00,111.81,111.81,108.06,108.53,1359432,0.0,0.0
2020-05-04 00:00:00+08:00,106.18,109.47,105.24,109.47,700999,0.0,0.0
2020-05-05 00:00:00+08:00,109.47,110.87,107.12,107.59,588387,0.0,0.0
2020-05-06 00:00:00+08:00,108.06,111.81,107.59,110.41,1188541,0.0,0.0
2020-05-07 00:00:00+08:00,112.75,115.57,111.34,113.69,1891427,0.0,0.0
2020-05-08 00:00:00+08:00,115.1,115.1,109.94,110.41,879265,0.0,0.0
2020-05-11 00:00:00+08:00,110.87,111.34,109.0,109.94,342420,0.0,0.0
2020-05-12 00:00:00+08:00,110.41,112.75,109.47,109.47,576276,0.0,0.0
2020-05-13 00:00:00+08:00,109.47,110.87,107.59,110.41,435581,0.0,0.0
2020-05-14 00:00:00+08:00,109.94,109.94,104.77,105.24,619747,0.0,0.0
2020-05-15 00:00:00+08:00,107.59,110.87,107.12,108.06,873331,0.0,0.0
2020-05-18 00:00:00+08:00,109.47,112.28,108.06,109.0,688634,0.0,0.0
2020-05-19 00:00:00+08:00,110.41,114.63,109.0,112.75,1441914,0.0,0.0
2020-05-20 00:00:00+08:00,112.75,113.22,110.41,111.34,506810,0.0,0.0
2020-05-21 00:00:00+08:00,113.22,116.51,110.41,111.81,1505022,0.0,0.0
2020-05-22 00:00:00+08:00,110.41,110.87,108.06,108.53,656903,0.0,0.0
2020-05-25 00:00:00+08:00,108.53,110.41,107.12,109.47,432414,0.0,0.0
2020-05-26 00:00:00+08:00,112.75,112.75,109.47,109.94,594248,0.0,0.0
2020-05-27 00:00:00+08:00,110.41,110.41,109.0,109.47,221330,0.0,0.0
2020-05-28 00:00:00+08:00,109.47,110.41,105.71,106.18,680500,0.0,0.0
2020-05-29 00:00:00+08:00,106.65,107.59,106.18,106.18,244436,0.0,0.0
2020-06-01 00:00:00+08:00,107.12,108.53,106.18,107.59,484293,0.0,0.0
2020-06-02 00:00:00+08:00,108.06,108.53,106.18,106.18,400921,0.0,0.0
2020-06-03 00:00:00+08:00,107.12,107.59,106.65,106.65,253416,0.0,0.0
2020-06-04 00:00:00+08:00,107.59,109.0,107.12,108.53,430213,0.0,0.0
2020-06-05 00:00:00+08:00,109.94,109.94,107.12,107.59,442756,0.0,0.0
2020-06-08 00:00:00+08:00,108.06,108.06,106.18,107.12,277029,0.0,0.0
2020-06-09 00:00:00+08:00,107.59,108.53,107.12,107.12,207238,0.0,0.0
2020-06-10 00:00:00+08:00,107.12,107.59,104.77,105.71,656030,0.0,0.0
2020-06-11 00:00:00+08:00,105.71,105.71,100.54,101.48,984095,0.0,0.0
2020-06-12 00:00:00+08:00,97.72,100.54,97.25,99.6,646759,0.0,0.0
2020-06-15 00:00:00+08:00,99.6,101.01,98.66,99.6,250802,0.0,0.0
2020-06-16 00:00:00+08:00,100.07,101.01,99.13,99.6,316999,0.0,0.0
2020-06-17 00:00:00+08:00,100.54,100.54,98.66,100.54,462136,0.0,0.0
2020-06-18 00:00:00+08:00,101.01,103.36,99.6,103.36,297952,0.0,0.0
2020-06-19 00:00:00+08:00,103.36,103.83,101.48,102.42,265355,0.0,0.0
2020-06-22 00:00:00+08:00,101.48,101.48,99.6,100.54,297300,0.0,0.0
2020-06-23 00:00:00+08:00,101.01,101.95,99.13,100.07,416465,0.0,0.0
2020-06-24 00:00:00+08:00,100.54,102.42,100.07,101.95,251132,0.0,0.0
2020-06-29 00:00:00+08:00,101.48,101.48,97.72,98.66,532156,0.0,0.0
2020-06-30 00:00:00+08:00,99.6,101.01,98.66,99.13,308237,0.0,0.0
2020-07-01 00:00:00+08:00,99.6,101.95,99.13,100.07,475060,0.0,0.0
2020-07-02 00:00:00+08:00,100.54,104.77,100.54,104.3,554360,0.0,0.0
2020-07-03 00:00:00+08:00,105.71,105.71,101.48,102.42,415739,0.0,0.0
2020-07-06 00:00:00+08:00,102.89,104.77,102.89,104.3,407281,0.0,0.0
2020-07-07 00:00:00+08:00,102.42,106.65,102.42,105.24,783495,0.0,0.0
2020-07-08 00:00:00+08:00,105.71,105.71,102.42,103.83,403154,0.0,0.0
2020-07-09 00:00:00+08:00,104.77,110.41,104.77,107.12,1195260,0.0,0.0
2020-07-10 00:00:00+08:00,107.12,109.47,104.77,104.77,581145,0.0,0.0
2020-07-13 00:00:00+08:00,106.18,106.65,104.77,106.65,280613,0.0,0.0
2020-07-14 00:00:00+08:00,106.18,106.18,104.77,106.18,262516,0.0,0.0
2020-07-15 00:00:00+08:00,107.12,107.59,105.24,106.65,385921,0.0,0.0
2020-07-16 00:00:00+08:00,107.12,109.0,106.65,107.12,404573,0.0,0.0
2020-07-17 00:00:00+08:00,107.12,108.53,105.24,106.65,329248,0.0,0.0
2020-07-20 00:00:00+08:00,107.59,111.34,106.65,111.34,864617,0.0,0.0
2020-07-21 00:00:00+08:00,112.28,114.63,109.94,112.28,1204439,0.0,0.0
2020-07-22 00:00:00+08:00,114.16,123.09,113.22,123.09,2810581,0.0,0.0
2020-07-23 00:00:00+08:00,123.56,123.56,114.63,115.57,3547495,0.0,0.0
2020-07-24 00:00:00+08:00,116.51,118.39,110.41,111.34,1970934,0.0,0.0
2020-07-27 00:00:00+08:00,114.63,116.98,111.81,116.51,1072509,0.0,0.0
2020-07-28 00:00:00+08:00,116.98,118.39,113.69,115.1,1224545,0.0,0.0
2020-07-29 00:00:00+08:00,108.53,108.53,103.83,104.3,2562066,0.0,0.0
2020-07-30 00:00:00+08:00,104.3,105.71,99.6,101.01,1651695,0.0,0.0
2020-07-31 00:00:00+08:00,101.01,102.42,98.66,101.48,1269930,0.0,0.0
2020-08-03 00:00:00+08:00,101.48,103.83,101.01,101.01,830999,0.0,0.0
2020-08-04 00:00:00+08:00,101.95,102.89,100.54,101.95,552709,0.0,0.0
2020-08-05 00:00:00+08:00,102.42,104.3,101.95,102.42,550895,0.0,0.0
2020-08-06 00:00:00+08:00,103.36,103.83,101.48,101.95,364060,0.0,0.0
2020-08-07 00:00:00+08:00,104.77,107.12,103.83,103.83,1089117,0.0,0.0
2020-08-10 00:00:00+08:00,105.24,110.41,104.77,107.12,1250294,0.0,0.0
2020-08-11 00:00:00+08:00,107.59,108.06,105.24,106.65,933193,0.0,0.0
2020-08-12 00:00:00+08:00,106.78,106.78,103.87,105.81,542111,3.64,0.0
2020-08-13 00:00:00+08:00,110.66,113.09,108.72,111.15,1205959,0.0,0.0
2020-08-14 00:00:00+08:00,110.66,111.15,109.21,111.15,407189,0.0,0.0
2020-08-17 00:00:00+08:00,111.15,115.03,110.66,113.58,879860,0.0,0.0
2020-08-18 00:00:00+08:00,112.61,115.52,112.61,114.55,553575,0.0,0.0
2020-08-19 00:00:00+08:00,115.52,115.52,111.15,113.09,721712,0.0,0.0
2020-08-20 00:00:00+08:00,112.61,113.09,104.84,106.3,1345264,0.0,0.0
2020-08-21 00:00:00+08:00,108.24,110.66,107.75,109.69,434500,0.0,0.0
2020-08-24 00:00:00+08:00,109.69,116.0,109.69,113.58,1045012,0.0,0.0
2020-08-25 00:00:00+08:00,116.0,118.92,114.55,116.97,1568382,0.0,0.0
2020-08-26 00:00:00+08:00,116.97,118.43,115.52,116.49,410666,0.0,0.0
2020-08-27 00:00:00+08:00,117.46,119.89,114.55,117.46,899789,0.0,0.0
2020-08-28 00:00:00+08:00,118.43,119.89,116.49,116.97,551653,0.0,0.0
2020-08-31 00:00:00+08:00,116.97,117.94,115.52,116.0,210910,0.0,0.0
2020-09-01 00:00:00+08:00,116.97,118.92,115.03,115.03,676340,0.0,0.0
2020-09-02 00:00:00+08:00,117.94,123.28,116.49,117.46,1544784,0.0,0.0
2020-09-03 00:00:00+08:00,118.43,118.43,115.52,116.0,434394,0.0,0.0
2020-09-04 00:00:00+08:00,113.58,116.49,112.61,114.55,451734,0.0,0.0
2020-09-07 00:00:00+08:00,114.55,116.49,111.15,111.63,487673,0.0,0.0
2020-09-08 00:00:00+08:00,112.61,115.52,111.15,114.55,418585,0.0,0.0
2020-09-09 00:00:00+08:00,113.09,115.03,112.12,113.09,289322,0.0,0.0
2020-09-10 00:00:00+08:00,114.06,114.06,112.61,112.61,141103,0.0,0.0
2020-09-11 00:00:00+08:00,112.61,112.61,110.66,111.63,271049,0.0,0.0
2020-09-14 00:00:00+08:00,112.12,112.12,110.18,111.15,211314,0.0,0.0
2020-09-15 00:00:00+08:00,111.63,116.0,111.63,112.61,419221,0.0,0.0
2020-09-16 00:00:00+08:00,114.06,114.06,112.12,112.12,149973,0.0,0.0
2020-09-17 00:00:00+08:00,112.61,113.09,111.63,112.61,109676,0.0,0.0
2020-09-18 00:00:00+08:00,112.61,113.58,111.15,112.12,280241,0.0,0.0
2020-09-21 00:00:00+08:00,112.12,112.61,110.66,111.15,249750,0.0,0.0
2020-09-22 00:00:00+08:00,111.15,111.15,109.21,110.18,210501,0.0,0.0
2020-09-23 00:00:00+08:00,110.66,110.66,108.24,108.72,270375,0.0,0.0
2020-09-24 00:00:00+08:00,107.75,109.21,107.27,108.72,303789,0.0,0.0
2020-09-25 00:00:00+08:00,108.72,110.66,106.78,107.75,436327,0.0,0.0
2020-09-28 00:00:00+08:00,108.72,109.21,107.27,107.75,120300,0.0,0.0
2020-09-29 00:00:00+08:00,108.72,111.15,108.24,110.66,149165,0.0,0.0
2020-09-30 00:00:00+08:00,110.66,110.66,109.69,110.18,46832,0.0,0.0
2020-10-05 00:00:00+08:00,109.21,113.58,109.21,112.61,272405,0.0,0.0
2020-10-06 00:00:00+08:00,113.58,114.06,112.12,113.09,200576,0.0,0.0
2020-10-07 00:00:00+08:00,113.09,113.58,112.12,113.09,145089,0.0,0.0
2020-10-08 00:00:00+08:00,109.69,110.18,108.24,109.21,496311,0.0,0.0
2020-10-12 00:00:00+08:00,109.21,109.21,106.3,106.78,372027,0.0,0.0
2020-10-13 00:00:00+08:00,107.75,108.24,104.84,107.27,209361,0.0,0.0
2020-10-14 00:00:00+08:00,112.12,113.58,109.69,110.18,650331,0.0,0.0
2020-10-15 00:00:00+08:00,111.15,111.15,109.21,110.18,117100,0.0,0.0
2020-10-16 00:00:00+08:00,110.18,110.66,108.72,108.72,183650,0.0,0.0
2020-10-19 00:00:00+08:00,109.69,111.63,108.72,111.15,220361,0.0,0.0
2020-10-20 00:00:00+08:00,111.15,111.63,110.18,110.18,128150,0.0,0.0
2020-10-21 00:00:00+08:00,110.66,111.63,109.69,111.15,109300,0.0,0.0
2020-10-22 00:00:00+08:00,110.18,111.15,108.72,109.69,192010,0.0,0.0
2020-10-23 00:00:00+08:00,109.69,111.15,109.21,110.66,118795,0.0,0.0
2020-10-26 00:00:00+08:00,111.15,111.15,110.18,110.66,113051,0.0,0.0
2020-10-27 00:00:00+08:00,109.69,110.18,109.69,109.69,66871,0.0,0.0
2020-10-28 00:00:00+08:00,110.18,110.18,108.72,109.21,165891,0.0,0.0
2020-10-29 00:00:00+08:00,108.72,108.72,107.27,107.75,239100,0.0,0.0
2020-10-30 00:00:00+08:00,105.32,105.32,96.98,98.53,2368019,0.0,0.0
2020-11-02 00:00:00+08:00,98.04,98.04,95.71,97.07,699466,0.0,0.0
2020-11-03 00:00:00+08:00,96.78,99.02,96.69,98.53,318148,0.0,0.0
2020-11-04 00:00:00+08:00,98.53,100.47,98.04,100.47,200002,0.0,0.0
2020-11-05 00:00:00+08:00,99.99,100.47,99.02,99.99,127311,0.0,0.0
2020-11-06 00:00:00+08:00,99.99,100.47,97.56,99.02,257020,0.0,0.0
2020-11-09 00:00:00+08:00,100.47,100.47,97.07,99.02,382345,0.0,0.0
2020-11-10 00:00:00+08:00,98.04,99.5,97.07,99.02,284022,0.0,0.0
2020-11-11 00:00:00+08:00,98.04,99.99,98.04,99.99,184028,0.0,0.0
2020-11-12 00:00:00+08:00,100.47,100.47,99.5,99.99,95211,0.0,0.0
2020-11-13 00:00:00+08:00,99.5,101.44,99.5,101.44,154740,0.0,0.0
2020-11-16 00:00:00+08:00,101.44,101.93,99.99,100.47,125425,0.0,0.0
2020-11-17 00:00:00+08:00,100.96,101.44,100.96,101.44,140000,0.0,0.0
2020-11-18 00:00:00+08:00,100.96,103.87,99.5,103.87,546366,0.0,0.0
2020-11-19 00:00:00+08:00,102.41,103.38,100.47,101.44,302038,0.0,0.0
2020-11-20 00:00:00+08:00,101.44,101.44,100.47,100.47,133276,0.0,0.0
2020-11-23 00:00:00+08:00,100.47,100.47,99.5,99.99,210607,0.0,0.0
2020-11-24 00:00:00+08:00,100.47,100.47,98.53,99.5,233400,0.0,0.0
2020-11-25 00:00:00+08:00,99.02,99.99,98.53,99.99,215878,0.0,0.0
2020-11-26 00:00:00+08:00,99.99,100.96,99.5,100.96,224000,0.0,0.0
2020-11-27 00:00:00+08:00,100.96,100.96,99.5,100.47,239958,0.0,0.0
2020-11-30 00:00:00+08:00,99.5,101.93,99.5,101.93,332075,0.0,0.0
2020-12-01 00:00:00+08:00,101.44,101.93,100.96,101.93,190123,0.0,0.0
2020-12-02 00:00:00+08:00,101.93,103.87,101.93,103.87,380851,0.0,0.0
2020-12-03 00:00:00+08:00,103.87,103.87,101.44,101.93,202441,0.0,0.0
2020-12-04 00:00:00+08:00,101.44,101.93,100.96,101.44,130808,0.0,0.0
2020-12-07 00:00:00+08:00,102.41,102.41,98.53,98.53,432207,0.0,0.0
2020-12-08 00:00:00+08:00,99.02,99.99,98.04,99.99,284908,0.0,0.0
2020-12-09 00:00:00+08:00,100.47,100.47,99.02,99.02,119989,0.0,0.0
2020-12-10 00:00:00+08:00,98.53,99.02,98.04,98.04,135000,0.0,0.0
2020-12-11 00:00:00+08:00,98.53,98.53,96.78,96.78,314942,0.0,0.0
2020-12-14 00:00:00+08:00,98.04,98.53,97.56,97.56,196607,0.0,0.0
2020-12-15 00:00:00+08:00,97.56,98.04,96.59,96.78,202810,0.0,0.0
2020-12-16 00:00:00+08:00,97.07,99.02,97.07,98.53,151170,0.0,0.0
2020-12-17 00:00:00+08:00,99.02,99.02,97.07,97.56,90110,0.0,0.0
2020-12-18 00:00:00+08:00,97.56,98.04,97.07,97.07,109272,0.0,0.0
2020-12-21 00:00:00+08:00,97.56,97.56,95.91,96.2,235852,0.0,0.0
2020-12-22 00:00:00+08:00,96.1,97.56,96.1,96.69,66220,0.0,0.0
2020-12-23 00:00:00+08:00,96.78,97.56,96.2,96.3,101095,0.0,0.0
2020-12-24 00:00:00+08:00,96.3,96.88,96.1,96.3,126191,0.0,0.0
2020-12-25 00:00:00+08:00,96.49,96.78,96.01,96.1,116682,0.0,0.0
2020-12-28 00:00:00+08:00,100.47,100.47,98.04,99.02,447088,0.0,0.0
2020-12-29 00:00:00+08:00,99.02,99.99,99.02,99.99,193049,0.0,0.0
2020-12-30 00:00:00+08:00,100.47,101.44,100.47,100.96,308057,0.0,0.0
2020-12-31 00:00:00+08:00,100.96,101.44,100.47,100.96,184077,0.0,0.0
2021-01-04 00:00:00+08:00,101.44,102.41,100.47,101.44,264347,0.0,0.0
2021-01-05 00:00:00+08:00,100.96,101.44,100.47,101.44,131348,0.0,0.0
2021-01-06 00:00:00+08:00,101.44,102.9,99.5,99.99,422168,0.0,0.0
2021-01-07 00:00:00+08:00,101.93,109.69,101.44,109.69,1865822,0.0,0.0
2021-01-08 00:00:00+08:00,109.69,109.69,105.81,108.24,824655,0.0,0.0
2021-01-11 00:00:00+08:00,106.3,106.78,103.87,104.84,465017,0.0,0.0
2021-01-12 00:00:00+08:00,104.84,104.84,101.44,101.93,450350,0.0,0.0
2021-01-13 00:00:00+08:00,102.41,103.87,102.41,103.38,131631,0.0,0.0
2021-01-14 00:00:00+08:00,103.38,103.38,101.93,103.38,175075,0.0,0.0
2021-01-15 00:00:00+08:00,103.38,103.87,102.41,102.41,118645,0.0,0.0
2021-01-18 00:00:00+08:00,102.41,102.9,101.93,102.9,97110,0.0,0.0
2021-01-19 00:00:00+08:00,102.9,103.87,102.9,103.38,112082,0.0,0.0
2021-01-20 00:00:00+08:00,103.38,103.38,100.96,100.96,278056,0.0,0.0
2021-01-21 00:00:00+08:00,100.47,101.93,99.99,100.47,229037,0.0,0.0
2021-01-22 00:00:00+08:00,100.47,100.47,99.02,99.5,260003,0.0,0.0
2021-01-25 00:00:00+08:00,99.5,102.9,98.53,100.47,223352,0.0,0.0
2021-01-26 00:00:00+08:00,99.5,101.44,99.02,99.99,162878,0.0,0.0
2021-01-27 00:00:00+08:00,100.96,102.41,100.96,101.44,117275,0.0,0.0
2021-01-28 00:00:00+08:00,100.47,101.44,99.5,99.5,127927,0.0,0.0
2021-01-29 00:00:00+08:00,99.99,100.96,99.5,99.99,193172,0.0,0.0
2021-02-01 00:00:00+08:00,100.47,100.47,99.5,99.99,91084,0.0,0.0
2021-02-02 00:00:00+08:00,100.96,102.41,99.99,101.93,219163,0.0,0.0
2021-02-03 00:00:00+08:00,101.93,102.9,100.96,101.93,105098,0.0,0.0
2021-02-04 00:00:00+08:00,101.44,103.87,101.44,103.38,134681,0.0,0.0
2021-02-05 00:00:00+08:00,102.9,102.9,100.96,101.44,205105,0.0,0.0
2021-02-17 00:00:00+08:00,102.41,102.41,99.99,100.96,211050,0.0,0.0
2021-02-18 00:00:00+08:00,100.96,100.96,99.02,99.5,222759,0.0,0.0
2021-02-19 00:00:00+08:00,99.02,100.96,99.02,100.47,172167,0.0,0.0
2021-02-22 00:00:00+08:00,100.47,102.9,100.47,102.41,240997,0.0,0.0
2021-02-23 00:00:00+08:00,100.96,104.84,99.99,103.87,341624,0.0,0.0
2021-02-24 00:00:00+08:00,103.87,104.84,102.41,103.87,341007,0.0,0.0
2021-02-25 00:00:00+08:00,100.47,101.93,99.99,100.96,763107,0.0,0.0
2021-02-26 00:00:00+08:00,99.99,100.47,98.53,99.99,469365,0.0,0.0
2021-03-02 00:00:00+08:00,99.99,100.96,97.07,97.07,431326,0.0,0.0
2021-03-03 00:00:00+08:00,97.56,97.56,95.23,96.1,379295,0.0,0.0
2021-03-04 00:00:00+08:00,96.2,97.56,96.2,96.59,156678,0.0,0.0
2021-03-05 00:00:00+08:00,96.1,96.3,95.33,95.52,282352,0.0,0.0
2021-03-08 00:00:00+08:00,95.62,96.01,94.74,94.94,172999,0.0,0.0
2021-03-09 00:00:00+08:00,94.36,94.84,93.58,94.26,148133,0.0,0.0
2021-03-10 00:00:00+08:00,95.13,96.01,95.13,95.33,89550,0.0,0.0
2021-03-11 00:00:00+08:00,96.01,96.59,95.81,96.39,95251,0.0,0.0
2021-03-12 00:00:00+08:00,96.3,96.39,95.62,96.1,103001,0.0,0.0
2021-03-15 00:00:00+08:00,96.2,96.59,95.42,96.49,83148,0.0,0.0
2021-03-16 00:00:00+08:00,96.49,98.04,96.39,97.56,124257,0.0,0.0
2021-03-17 00:00:00+08:00,97.56,97.56,96.69,96.78,80294,0.0,0.0
2021-03-18 00:00:00+08:00,97.07,97.56,96.59,96.78,69930,0.0,0.0
2021-03-19 00:00:00+08:00,96.59,96.88,95.81,96.78,91409,0.0,0.0
2021-03-22 00:00:00+08:00,95.91,97.07,95.81,96.1,81370,0.0,0.0
2021-03-23 00:00:00+08:00,96.01,96.78,95.42,95.71,166091,0.0,0.0
2021-03-24 00:00:00+08:00,96.78,96.88,95.71,96.49,93058,0.0,0.0
2021-03-25 00:00:00+08:00,96.78,98.53,96.39,98.04,157413,0.0,0.0
2021-03-26 00:00:00+08:00,98.53,99.99,97.56,98.53,121853,0.0,0.0
2021-03-29 00:00:00+08:00,98.53,100.47,98.04,99.99,209868,0.0,0.0
2021-03-30 00:00:00+08:00,99.99,100.47,98.53,98.53,93575,0.0,0.0
2021-03-31 00:00:00+08:00,99.5,99.5,97.07,97.56,140734,0.0,0.0
2021-04-01 00:00:00+08:00,98.53,98.53,97.07,97.56,79129,0.0,0.0
2021-04-07 00:00:00+08:00,98.04,99.5,98.04,99.5,101741,0.0,0.0
2021-04-08 00:00:00+08:00,99.5,99.99,98.04,99.5,204163,0.0,0.0
2021-04-09 00:00:00+08:00,99.99,99.99,99.02,99.02,96212,0.0,0.0
2021-04-12 00:00:00+08:00,99.02,99.5,97.07,98.04,222570,0.0,0.0
2021-04-13 00:00:00+08:00,98.04,98.04,97.07,97.07,78020,0.0,0.0
2021-04-14 00:00:00+08:00,97.07,97.07,96.1,96.39,215340,0.0,0.0
2021-04-15 00:00:00+08:00,96.2,96.59,96.2,96.3,61201,0.0,0.0
2021-04-16 00:00:00+08:00,96.59,96.78,96.3,96.39,41135,0.0,0.0
2021-04-19 00:00:00+08:00,97.07,97.07,96.2,96.3,135017,0.0,0.0
2021-04-20 00:00:00+08:00,96.3,96.69,96.3,96.49,100349,0.0,0.0
2021-04-21 00:00:00+08:00,96.3,96.39,95.13,95.13,224316,0.0,0.0
2021-04-22 00:00:00+08:00,95.42,95.52,94.26,94.26,158798,0.0,0.0
2021-04-23 00:00:00+08:00,94.26,94.65,93.38,93.68,211033,0.0,0.0
2021-04-26 00:00:00+08:00,93.77,94.16,93.19,93.19,218917,0.0,0.0
2021-04-27 00:00:00+08:00,93.58,94.06,93.09,93.48,157616,0.0,0.0
2021-04-28 00:00:00+08:00,90.28,90.86,87.07,87.85,843674,0.0,0.0
2021-04-29 00:00:00+08:00,88.05,88.34,87.07,87.07,338851,0.0,0.0
2021-05-03 00:00:00+08:00,86.98,86.98,82.51,83.09,482325,0.0,0.0
2021-05-04 00:00:00+08:00,82.61,83.48,78.73,81.25,430035,0.0,0.0
2021-05-05 00:00:00+08:00,81.35,83.48,81.25,81.54,244033,0.0,0.0
2021-05-06 00:00:00+08:00,84.84,88.14,82.03,83.58,438136,0.0,0.0
2021-05-07 00:00:00+08:00,84.45,86.78,83.77,86.1,130019,0.0,0.0
2021-05-10 00:00:00+08:00,85.42,85.42,83.58,83.68,145063,0.0,0.0
2021-05-11 00:00:00+08:00,83.48,83.48,79.41,79.6,311278,0.0,0.0
2021-05-12 00:00:00+08:00,79.6,82.51,73.97,79.99,534000,0.0,0.0
2021-05-13 00:00:00+08:00,76.69,79.02,76.3,77.76,444010,0.0,0.0
2021-05-14 00:00:00+08:00,78.24,80.28,77.27,78.82,393994,0.0,0.0
2021-05-17 00:00:00+08:00,74.84,79.11,74.84,77.17,230000,0.0,0.0
2021-05-18 00:00:00+08:00,77.17,81.93,77.17,80.28,314000,0.0,0.0
2021-05-19 00:00:00+08:00,80.09,82.32,79.79,82.32,136654,0.0,0.0
2021-05-20 00:00:00+08:00,81.06,82.42,79.6,79.89,137001,0.0,0.0
2021-05-21 00:00:00+08:00,80.67,83.48,80.67,82.8,215000,0.0,0.0
2021-05-24 00:00:00+08:00,81.15,82.32,79.5,80.18,262141,0.0,0.0
2021-05-25 00:00:00+08:00,80.86,80.96,79.21,79.31,300002,0.0,0.0
2021-05-26 00:00:00+08:00,80.18,80.38,79.21,79.6,250300,0.0,0.0
2021-05-27 00:00:00+08:00,79.6,80.47,78.92,80.38,184056,0.0,0.0
2021-05-28 00:00:00+08:00,80.67,81.74,80.38,81.44,159365,0.0,0.0
2021-05-31 00:00:00+08:00,81.54,81.74,80.67,81.06,87980,0.0,0.0
2021-06-01 00:00:00+08:00,81.35,82.71,80.86,82.22,79000,0.0,0.0
2021-06-02 00:00:00+08:00,83.0,83.29,82.32,82.51,127372,0.0,0.0
2021-06-03 00:00:00+08:00,82.51,83.0,82.22,82.22,89000,0.0,0.0
2021-06-04 00:00:00+08:00,83.39,87.17,82.9,85.91,322849,0.0,0.0
2021-06-07 00:00:00+08:00,83.48,84.16,80.09,80.47,521600,0.0,0.0
2021-06-08 00:00:00+08:00,80.57,81.25,79.5,79.5,249248,0.0,0.0
2021-06-09 00:00:00+08:00,79.5,80.47,79.41,79.5,78199,0.0,0.0
2021-06-10 00:00:00+08:00,80.47,80.47,78.92,79.89,232040,0.0,0.0
2021-06-11 00:00:00+08:00,80.57,80.57,79.21,79.5,53000,0.0,0.0
2021-06-15 00:00:00+08:00,80.47,81.35,79.02,80.67,176000,0.0,0.0
2021-06-16 00:00:00+08:00,81.83,81.83,79.41,79.6,237500,0.0,0.0
2021-06-17 00:00:00+08:00,79.6,80.38,79.31,80.38,158060,0.0,0.0
2021-06-18 00:00:00+08:00,80.38,80.38,79.21,80.38,169940,0.0,0.0
2021-06-21 00:00:00+08:00,79.5,79.7,78.14,78.63,217716,0.0,0.0
2021-06-22 00:00:00+08:00,79.31,79.31,78.14,78.34,161636,0.0,0.0
2021-06-23 00:00:00+08:00,79.21,79.21,78.34,78.34,113003,0.0,0.0
2021-06-24 00:00:00+08:00,79.6,82.71,79.6,81.64,565304,0.0,0.0
2021-06-25 00:00:00+08:00,82.8,82.9,80.47,80.86,200015,0.0,0.0
2021-06-28 00:00:00+08:00,81.06,81.06,79.02,79.11,290550,0.0,0.0
2021-06-29 00:00:00+08:00,79.79,79.79,78.44,78.73,229249,0.0,0.0
2021-06-30 00:00:00+08:00,78.63,79.6,78.63,79.31,81091,0.0,0.0
2021-07-01 00:00:00+08:00,79.21,79.31,78.82,79.11,78482,0.0,0.0
2021-07-02 00:00:00+08:00,79.11,79.7,78.82,79.11,115482,0.0,0.0
2021-07-05 00:00:00+08:00,79.41,80.09,79.21,79.89,122817,0.0,0.0
2021-07-06 00:00:00+08:00,80.09,80.28,79.6,80.28,120005,0.0,0.0
2021-07-07 00:00:00+08:00,80.38,81.54,80.18,80.86,236001,0.0,0.0
2021-07-08 00:00:00+08:00,80.28,80.28,78.44,78.92,300669,0.0,0.0
2021-07-09 00:00:00+08:00,80.28,82.32,80.18,81.44,514000,0.0,0.0
2021-07-12 00:00:00+08:00,81.06,81.64,81.06,81.06,147300,0.0,0.0
2021-07-13 00:00:00+08:00,81.35,81.35,79.6,79.6,303015,0.0,0.0
2021-07-14 00:00:00+08:00,80.38,80.47,78.92,78.92,274077,0.0,0.0
2021-07-15 00:00:00+08:00,78.92,79.21,78.63,78.92,272919,0.0,0.0
2021-07-16 00:00:00+08:00,78.73,79.79,78.63,79.31,140330,0.0,0.0
2021-07-19 00:00:00+08:00,79.79,79.79,78.63,79.02,225348,0.0,0.0
2021-07-20 00:00:00+08:00,78.63,79.11,78.24,78.73,138225,0.0,0.0
2021-07-21 00:00:00+08:00,78.73,79.11,78.53,78.92,115063,0.0,0.0
2021-07-22 00:00:00+08:00,78.82,80.47,78.82,80.09,133000,0.0,0.0
2021-07-23 00:00:00+08:00,80.47,82.12,80.28,81.93,227275,0.0,0.0
2021-07-26 00:00:00+08:00,81.93,83.68,81.93,82.71,295004,0.0,0.0
2021-07-27 00:00:00+08:00,82.71,83.39,81.06,81.35,164147,0.0,0.0
2021-07-28 00:00:00+08:00,78.34,78.34,74.36,76.3,633201,0.0,0.0
2021-07-29 00:00:00+08:00,76.3,76.3,74.75,75.04,357854,0.0,0.0
2021-07-30 00:00:00+08:00,74.94,76.3,74.84,75.52,246000,0.0,0.0
2021-08-02 00:00:00+08:00,75.23,76.3,74.84,75.72,153356,0.0,0.0
2021-08-03 00:00:00+08:00,76.01,76.01,75.43,75.72,83050,0.0,0.0
2021-08-04 00:00:00+08:00,76.11,76.59,75.72,76.59,48020,0.0,0.0
2021-08-05 00:00:00+08:00,76.88,77.17,76.11,76.88,74003,0.0,0.0
2021-08-06 00:00:00+08:00,76.88,76.98,76.49,76.88,36188,0.0,0.0
2021-08-09 00:00:00+08:00,76.2,77.56,75.62,76.69,71081,0.0,0.0
2021-08-10 00:00:00+08:00,75.43,76.88,75.43,75.72,74456,0.0,0.0
2021-08-11 00:00:00+08:00,76.49,76.49,74.26,75.04,130000,0.0,0.0
2021-08-12 00:00:00+08:00,76.6,77.1,75.5,77.0,143120,2.26,0.0
2021-08-13 00:00:00+08:00,77.3,78.1,76.8,77.7,224001,0.0,0.0
2021-08-16 00:00:00+08:00,77.5,77.6,76.5,76.8,179046,0.0,0.0
2021-08-17 00:00:00+08:00,76.8,76.8,76.8,76.8,0,0.0,0.0
2021-08-18 00:00:00+08:00,77.0,77.5,76.5,77.0,128000,0.0,0.0
2021-08-19 00:00:00+08:00,76.0,76.7,74.0,75.7,175145,0.0,0.0
2021-08-20 00:00:00+08:00,76.1,76.1,75.5,76.0,131000,0.0,0.0
2021-08-23 00:00:00+08:00,76.6,77.9,76.6,77.7,116867,0.0,0.0
2021-08-24 00:00:00+08:00,77.1,79.3,77.0,79.1,198000,0.0,0.0
2021-08-25 00:00:00+08:00,80.0,81.5,80.0,81.5,138050,0.0,0.0
2021-08-26 00:00:00+08:00,80.5,81.9,80.4,81.8,53004,0.0,0.0
2021-08-27 00:00:00+08:00,82.3,83.7,81.4,83.0,203000,0.0,0.0
2021-08-30 00:00:00+08:00,83.6,84.2,83.0,83.6,148020,0.0,0.0
2021-08-31 00:00:00+08:00,84.0,84.3,83.0,83.5,144152,0.0,0.0
2021-09-01 00:00:00+08:00,83.6,84.6,83.6,84.2,173436,0.0,0.0
2021-09-02 00:00:00+08:00,84.3,84.6,83.0,83.1,158305,0.0,0.0
2021-09-03 00:00:00+08:00,83.5,83.6,83.0,83.4,120663,0.0,0.0
2021-09-06 00:00:00+08:00,83.6,83.6,82.3,82.8,137607,0.0,0.0
2021-09-07 00:00:00+08:00,82.8,82.8,81.8,82.0,116000,0.0,0.0
2021-09-08 00:00:00+08:00,81.5,81.5,79.2,80.9,307030,0.0,0.0
2021-09-09 00:00:00+08:00,80.8,82.8,80.8,82.0,84000,0.0,0.0
2021-09-10 00:00:00+08:00,82.0,82.2,80.9,81.5,16059,0.0,0.0
2021-09-13 00:00:00+08:00,80.9,81.5,80.7,80.9,37015,0.0,0.0
2021-09-14 00:00:00+08:00,80.9,80.9,80.3,80.3,19181,0.0,0.0
2021-09-15 00:00:00+08:00,80.5,81.2,79.8,80.9,89369,0.0,0.0
2021-09-16 00:00:00+08:00,80.8,80.8,80.0,80.1,34147,0.0,0.0
2021-09-17 00:00:00+08:00,79.7,80.6,79.7,79.9,22002,0.0,0.0
2021-09-22 00:00:00+08:00,78.8,79.4,77.4,78.4,110000,0.0,0.0
2021-09-23 00:00:00+08:00,79.0,80.8,78.6,80.1,86000,0.0,0.0
2021-09-24 00:00:00+08:00,81.3,81.7,81.0,81.2,40073,0.0,0.0
2021-09-27 00:00:00+08:00,81.7,82.8,81.7,82.3,53025,0.0,0.0
2021-09-28 00:00:00+08:00,82.0,83.6,82.0,83.5,106000,0.0,0.0
2021-09-29 00:00:00+08:00,83.4,83.5,82.0,83.0,94059,0.0,0.0
2021-09-30 00:00:00+08:00,83.4,83.6,82.6,83.5,45001,0.0,0.0
2021-10-01 00:00:00+08:00,83.4,83.9,82.1,82.1,83000,0.0,0.0
2021-10-04 00:00:00+08:00,83.0,83.0,81.6,81.6,78255,0.0,0.0
2021-10-05 00:00:00+08:00,82.6,82.6,81.6,82.4,61014,0.0,0.0
2021-10-06 00:00:00+08:00,82.4,83.3,81.7,81.7,71065,0.0,0.0
2021-10-07 00:00:00+08:00,82.6,85.6,82.0,85.4,309335,0.0,0.0
2021-10-08 00:00:00+08:00,86.0,92.9,85.7,90.6,872341,0.0,0.0
2021-10-12 00:00:00+08:00,89.3,91.7,88.2,88.3,202171,0.0,0.0
2021-10-13 00:00:00+08:00,88.3,88.3,86.1,86.1,103292,0.0,0.0
2021-10-14 00:00:00+08:00,86.6,86.6,85.1,85.6,60000,0.0,0.0
2021-10-15 00:00:00+08:00,86.4,86.9,85.3,85.8,61102,0.0,0.0
2021-10-18 00:00:00+08:00,85.8,86.4,85.8,86.0,48002,0.0,0.0
2021-10-19 00:00:00+08:00,86.8,88.8,86.6,88.4,55340,0.0,0.0
2021-10-20 00:00:00+08:00,89.1,89.1,87.1,87.8,74000,0.0,0.0
2021-10-21 00:00:00+08:00,87.5,87.8,86.6,86.6,87000,0.0,0.0
2021-10-22 00:00:00+08:00,86.2,86.9,86.1,86.9,37001,0.0,0.0
2021-10-25 00:00:00+08:00,87.0,88.0,85.6,87.5,34000,0.0,0.0
2021-10-26 00:00:00+08:00,87.8,96.0,87.1,91.1,563194,0.0,0.0
2021-10-27 00:00:00+08:00,92.5,92.5,88.7,90.3,285550,0.0,0.0
2021-10-28 00:00:00+08:00,91.0,91.0,87.9,89.1,386000,0.0,0.0
2021-10-29 00:00:00+08:00,90.0,91.5,88.8,90.5,120100,0.0,0.0
2021-11-01 00:00:00+08:00,91.9,96.0,91.6,95.2,552200,0.0,0.0
2021-11-02 00:00:00+08:00,96.2,97.8,92.0,92.9,310579,0.0,0.0
2021-11-03 00:00:00+08:00,92.1,94.5,92.1,93.8,103300,0.0,0.0
2021-11-04 00:00:00+08:00,94.0,95.0,93.4,93.5,95321,0.0,0.0
2021-11-05 00:00:00+08:00,93.2,94.0,92.8,93.5,48282,0.0,0.0
2021-11-08 00:00:00+08:00,93.6,93.6,92.7,92.8,77000,0.0,0.0
2021-11-09 00:00:00+08:00,93.5,95.0,93.1,93.4,80853,0.0,0.0
2021-11-10 00:00:00+08:00,94.8,94.8,93.1,93.8,56052,0.0,0.0
2021-11-11 00:00:00+08:00,94.3,94.8,93.6,93.7,159003,0.0,0.0
2021-11-12 00:00:00+08:00,94.9,94.9,93.7,94.0,84024,0.0,0.0
2021-11-15 00:00:00+08:00,94.9,94.9,92.0,92.5,174430,0.0,0.0
2021-11-16 00:00:00+08:00,93.9,94.2,92.2,92.6,67308,0.0,0.0
2021-11-17 00:00:00+08:00,92.7,92.7,92.0,92.2,55105,0.0,0.0
2021-11-18 00:00:00+08:00,92.4,92.5,91.7,92.0,51000,0.0,0.0
2021-11-19 00:00:00+08:00,91.7,94.4,91.2,91.3,84093,0.0,0.0
2021-11-22 00:00:00+08:00,91.3,92.7,89.3,89.6,88255,0.0,0.0
2021-11-23 00:00:00+08:00,91.2,91.2,89.7,89.9,77000,0.0,0.0
2021-11-24 00:00:00+08:00,91.4,92.1,90.5,91.7,108285,0.0,0.0
2021-11-25 00:00:00+08:00,92.2,92.2,91.6,91.9,48000,0.0,0.0
2021-11-26 00:00:00+08:00,91.9,91.9,88.6,89.1,148017,0.0,0.0
2021-11-29 00:00:00+08:00,88.7,90.4,87.6,89.8,82010,0.0,0.0
2021-11-30 00:00:00+08:00,90.0,91.3,89.8,90.0,64066,0.0,0.0
2021-12-01 00:00:00+08:00,90.1,91.2,90.1,90.9,101100,0.0,0.0
2021-12-02 00:00:00+08:00,91.2,91.3,90.1,90.3,64033,0.0,0.0
2021-12-03 00:00:00+08:00,91.1,91.8,91.0,91.5,77100,0.0,0.0
2021-12-06 00:00:00+08:00,91.5,93.3,91.5,93.3,65200,0.0,0.0
2021-12-07 00:00:00+08:00,92.0,92.7,91.2,91.8,62056,0.0,0.0
2021-12-08 00:00:00+08:00,92.0,92.0,90.1,90.8,110101,0.0,0.0
2021-12-09 00:00:00+08:00,90.4,91.2,90.4,90.9,56105,0.0,0.0
2021-12-10 00:00:00+08:00,90.7,91.1,90.7,90.9,41143,0.0,0.0
2021-12-13 00:00:00+08:00,91.3,91.3,90.0,90.5,56696,0.0,0.0
2021-12-14 00:00:00+08:00,90.0,90.3,89.8,90.3,36065,0.0,0.0
2021-12-15 00:00:00+08:00,89.7,90.7,89.7,89.9,19343,0.0,0.0
2021-12-16 00:00:00+08:00,91.0,91.5,90.1,90.6,43050,0.0,0.0
2021-12-17 00:00:00+08:00,90.8,90.8,89.2,89.2,68200,0.0,0.0
2021-12-20 00:00:00+08:00,90.4,90.4,88.8,89.3,37090,0.0,0.0
2021-12-21 00:00:00+08:00,89.0,90.0,88.6,89.6,39000,0.0,0.0
2021-12-22 00:00:00+08:00,90.0,90.6,90.0,90.6,35775,0.0,0.0
2021-12-23 00:00:00+08:00,90.2,90.2,89.5,89.7,37000,0.0,0.0
2021-12-24 00:00:00+08:00,89.9,89.9,88.0,89.2,71753,0.0,0.0
2021-12-27 00:00:00+08:00,89.2,89.2,88.0,88.5,51000,0.0,0.0
2021-12-28 00:00:00+08:00,88.5,89.0,88.0,89.0,53301,0.0,0.0
2021-12-29 00:00:00+08:00,89.2,89.5,88.5,89.1,65040,0.0,0.0
2021-12-30 00:00:00+08:00,89.3,89.3,88.9,89.0,43051,0.0,0.0
2022-01-03 00:00:00+08:00,89.1,89.1,88.5,88.5,73100,0.0,0.0
2022-01-04 00:00:00+08:00,88.5,88.7,88.0,88.5,77098,0.0,0.0
2022-01-05 00:00:00+08:00,88.7,89.5,88.1,88.2,96007,0.0,0.0
2022-01-06 00:00:00+08:00,88.2,88.5,87.6,87.9,76393,0.0,0.0
2022-01-07 00:00:00+08:00,88.9,88.9,87.7,88.0,58000,0.0,0.0
2022-01-10 00:00:00+08:00,88.0,88.0,87.1,87.2,94000,0.0,0.0
2022-01-11 00:00:00+08:00,87.4,87.4,86.5,86.5,64056,0.0,0.0
2022-01-12 00:00:00+08:00,86.5,86.6,85.5,85.7,71058,0.0,0.0
2022-01-13 00:00:00+08:00,86.4,86.4,85.8,85.9,39210,0.0,0.0
2022-01-14 00:00:00+08:00,85.1,86.0,83.5,85.6,138208,0.0,0.0
2022-01-17 00:00:00+08:00,86.0,86.2,85.3,85.5,73002,0.0,0.0
2022-01-18 00:00:00+08:00,85.6,86.5,85.6,86.3,28094,0.0,0.0
2022-01-19 00:00:00+08:00,85.1,86.5,85.1,86.2,65060,0.0,0.0
2022-01-20 00:00:00+08:00,86.6,86.7,86.0,86.3,31001,0.0,0.0
2022-01-21 00:00:00+08:00,86.8,87.4,85.8,85.8,58007,0.0,0.0
2022-01-24 00:00:00+08:00,85.8,86.7,84.7,86.5,64273,0.0,0.0
2022-01-25 00:00:00+08:00,86.5,86.5,85.6,85.8,48100,0.0,0.0
2022-01-26 00:00:00+08:00,85.8,86.1,85.3,85.3,50000,0.0,0.0
2022-02-07 00:00:00+08:00,87.6,87.6,85.6,86.3,73853,0.0,0.0
2022-02-08 00:00:00+08:00,87.5,88.4,87.0,88.0,43044,0.0,0.0
2022-02-09 00:00:00+08:00,88.0,89.0,87.9,89.0,59502,0.0,0.0
2022-02-10 00:00:00+08:00,89.0,89.1,88.0,88.4,34002,0.0,0.0
2022-02-11 00:00:00+08:00,88.0,88.4,87.6,88.3,19001,0.0,0.0
2022-02-14 00:00:00+08:00,87.5,87.9,86.6,87.3,92001,0.0,0.0
2022-02-15 00:00:00+08:00,87.3,87.7,87.2,87.7,16140,0.0,0.0
2022-02-16 00:00:00+08:00,88.5,88.5,87.8,87.9,32003,0.0,0.0
2022-02-17 00:00:00+08:00,87.8,87.8,87.2,87.2,225186,0.0,0.0
2022-02-18 00:00:00+08:00,87.6,87.7,86.9,87.1,35013,0.0,0.0
2022-02-21 00:00:00+08:00,87.0,87.4,87.0,87.4,38004,0.0,0.0
2022-02-22 00:00:00+08:00,87.0,87.0,85.7,85.8,67006,0.0,0.0
2022-02-23 00:00:00+08:00,86.5,86.5,85.3,85.5,20011,0.0,0.0
2022-02-24 00:00:00+08:00,85.0,85.0,82.0,82.4,109001,0.0,0.0
2022-02-25 00:00:00+08:00,83.0,83.6,82.6,82.8,80200,0.0,0.0
2022-03-01 00:00:00+08:00,82.6,84.7,82.5,84.2,49002,0.0,0.0
2022-03-02 00:00:00+08:00,84.9,87.8,84.0,87.8,96033,0.0,0.0
2022-03-03 00:00:00+08:00,88.2,95.0,88.2,94.0,583370,0.0,0.0
2022-03-04 00:00:00+08:00,103.0,103.0,103.0,103.0,440631,0.0,0.0
2022-03-07 00:00:00+08:00,113.0,113.0,113.0,113.0,1989792,0.0,0.0
2022-03-08 00:00:00+08:00,111.0,112.0,102.0,105.0,3101248,0.0,0.0
2022-03-09 00:00:00+08:00,108.0,115.5,106.0,109.5,3370849,0.0,0.0
2022-03-10 00:00:00+08:00,109.5,110.5,104.5,105.0,1406716,0.0,0.0
2022-03-11 00:00:00+08:00,104.5,109.5,102.0,104.5,1207385,0.0,0.0
2022-03-14 00:00:00+08:00,102.5,102.5,97.9,98.5,944191,0.0,0.0
2022-03-15 00:00:00+08:00,98.0,98.2,94.0,94.1,415080,0.0,0.0
2022-03-16 00:00:00+08:00,95.4,96.2,92.7,93.7,357170,0.0,0.0
2022-03-17 00:00:00+08:00,97.5,97.9,94.7,94.7,533013,0.0,0.0
2022-03-18 00:00:00+08:00,95.0,95.6,94.1,94.2,244546,0.0,0.0
2022-03-21 00:00:00+08:00,94.9,95.4,93.6,94.0,173336,0.0,0.0
2022-03-22 00:00:00+08:00,94.9,94.9,92.6,92.9,157246,0.0,0.0
2022-03-23 00:00:00+08:00,94.0,94.3,92.2,93.1,226028,0.0,0.0
2022-03-24 00:00:00+08:00,93.7,93.7,90.8,91.3,304799,0.0,0.0
2022-03-25 00:00:00+08:00,92.2,92.7,91.2,91.2,223292,0.0,0.0
2022-03-28 00:00:00+08:00,91.0,91.2,89.1,89.9,262741,0.0,0.0
2022-03-29 00:00:00+08:00,91.5,92.9,90.2,91.0,248017,0.0,0.0
2022-03-30 00:00:00+08:00,91.7,91.7,90.2,90.5,158001,0.0,0.0
2022-03-31 00:00:00+08:00,91.3,91.3,90.2,90.2,88001,0.0,0.0
2022-04-01 00:00:00+08:00,90.0,90.0,89.0,89.4,233021,0.0,0.0
2022-04-06 00:00:00+08:00,89.4,90.5,88.8,89.8,150299,0.0,0.0
2022-04-07 00:00:00+08:00,89.8,89.8,86.6,86.9,332318,0.0,0.0
2022-04-08 00:00:00+08:00,87.7,88.2,86.2,87.3,311147,0.0,0.0
2022-04-11 00:00:00+08:00,88.2,88.6,86.8,87.0,168134,0.0,0.0
2022-04-12 00:00:00+08:00,86.9,88.8,86.9,88.1,159416,0.0,0.0
2022-04-13 00:00:00+08:00,88.5,88.8,87.6,88.1,216026,0.0,0.0
2022-04-14 00:00:00+08:00,88.4,94.0,88.4,91.1,732392,0.0,0.0
2022-04-15 00:00:00+08:00,90.1,90.7,88.6,88.7,296484,0.0,0.0
2022-04-18 00:00:00+08:00,88.8,89.1,87.8,87.9,120007,0.0,0.0
2022-04-19 00:00:00+08:00,88.2,89.2,87.8,88.0,72001,0.0,0.0
2022-04-20 00:00:00+08:00,88.0,88.7,88.0,88.4,92001,0.0,0.0
2022-04-21 00:00:00+08:00,90.4,90.4,88.0,89.2,275001,0.0,0.0
2022-04-22 00:00:00+08:00,88.2,88.5,87.6,88.2,107008,0.0,0.0
2022-04-25 00:00:00+08:00,87.4,88.1,86.6,87.6,132001,0.0,0.0
2022-04-26 00:00:00+08:00,87.6,89.1,87.4,88.1,94393,0.0,0.0
2022-04-27 00:00:00+08:00,86.1,86.3,83.6,84.0,322042,0.0,0.0
2022-04-28 00:00:00+08:00,84.1,84.7,83.7,84.1,74000,0.0,0.0
2022-04-29 00:00:00+08:00,84.6,84.6,82.4,82.9,247250,0.0,0.0
2022-05-03 00:00:00+08:00,83.0,85.1,81.9,84.6,223106,0.0,0.0
2022-05-04 00:00:00+08:00,85.1,87.0,83.8,86.7,276050,0.0,0.0
2022-05-05 00:00:00+08:00,87.2,88.5,86.0,88.0,274757,0.0,0.0
2022-05-06 00:00:00+08:00,86.5,87.1,86.1,86.3,149004,0.0,0.0
2022-05-09 00:00:00+08:00,85.7,88.0,85.7,87.4,184070,0.0,0.0
2022-05-10 00:00:00+08:00,86.1,87.0,86.1,86.5,42000,0.0,0.0
2022-05-11 00:00:00+08:00,87.2,87.6,83.7,83.7,128001,0.0,0.0
2022-05-12 00:00:00+08:00,83.8,85.1,81.0,81.3,188054,0.0,0.0
2022-05-13 00:00:00+08:00,82.9,83.4,81.7,83.2,86151,0.0,0.0
2022-05-16 00:00:00+08:00,84.8,86.1,84.8,85.8,155300,0.0,0.0
2022-05-17 00:00:00+08:00,86.5,86.5,85.0,85.5,63024,0.0,0.0
2022-05-18 00:00:00+08:00,85.3,87.1,85.3,86.5,139077,0.0,0.0
2022-05-19 00:00:00+08:00,84.2,85.8,84.2,84.7,28002,0.0,0.0
2022-05-20 00:00:00+08:00,85.6,85.6,84.2,84.7,38001,0.0,0.0
2022-05-23 00:00:00+08:00,84.7,84.9,83.7,84.7,37109,0.0,0.0
2022-05-24 00:00:00+08:00,85.0,86.0,83.6,83.6,80366,0.0,0.0
2022-05-25 00:00:00+08:00,83.5,85.5,83.5,85.4,60050,0.0,0.0
2022-05-26 00:00:00+08:00,85.4,86.0,84.5,84.5,29000,0.0,0.0
2022-05-27 00:00:00+08:00,86.5,86.5,84.6,85.2,26000,0.0,0.0
2022-05-30 00:00:00+08:00,85.3,86.5,85.2,86.0,117001,0.0,0.0
2022-05-31 00:00:00+08:00,86.3,87.3,85.8,86.5,147000,0.0,0.0
2022-06-01 00:00:00+08:00,86.0,86.2,85.1,85.9,46180,0.0,0.0
2022-06-02 00:00:00+08:00,85.3,86.1,85.3,85.6,21000,0.0,0.0
2022-06-06 00:00:00+08:00,86.9,86.9,85.5,85.9,16000,0.0,0.0
2022-06-07 00:00:00+08:00,85.5,86.1,85.5,86.1,19001,0.0,0.0
2022-06-08 00:00:00+08:00,86.1,86.5,85.5,86.0,73005,0.0,0.0
2022-06-09 00:00:00+08:00,85.5,86.8,85.5,86.8,19250,0.0,0.0
2022-06-10 00:00:00+08:00,85.7,87.1,85.7,87.0,45023,0.0,0.0
2022-06-13 00:00:00+08:00,86.1,86.1,85.3,85.5,41023,0.0,0.0
2022-06-14 00:00:00+08:00,85.0,85.4,84.7,85.0,26001,0.0,0.0
2022-06-15 00:00:00+08:00,85.1,86.6,84.9,86.2,48028,0.0,0.0
2022-06-16 00:00:00+08:00,86.2,86.6,85.0,85.1,60181,0.0,0.0
2022-06-17 00:00:00+08:00,85.3,85.7,84.5,85.3,44000,0.0,0.0
2022-06-20 00:00:00+08:00,84.8,85.0,83.8,83.8,76242,0.0,0.0
2022-06-21 00:00:00+08:00,85.9,86.2,85.5,86.1,41000,0.0,0.0
2022-06-22 00:00:00+08:00,84.5,86.1,84.5,84.9,31000,0.0,0.0
2022-06-23 00:00:00+08:00,86.0,86.7,84.8,85.0,68504,0.0,0.0
2022-06-24 00:00:00+08:00,86.9,91.3,86.5,90.5,408234,0.0,0.0
2022-06-27 00:00:00+08:00,93.5,93.5,88.9,89.2,217031,0.0,0.0
2022-06-28 00:00:00+08:00,88.9,89.3,87.6,87.8,81000,0.0,0.0
2022-06-29 00:00:00+08:00,87.2,87.2,86.5,86.7,52150,0.0,0.0
2022-06-30 00:00:00+08:00,86.3,86.8,85.4,85.7,106012,0.0,0.0
2022-07-01 00:00:00+08:00,85.7,85.8,82.0,82.0,180300,0.0,0.0
2022-07-04 00:00:00+08:00,84.1,84.1,81.7,81.8,71214,0.0,0.0
2022-07-05 00:00:00+08:00,83.4,83.5,81.9,82.6,67075,0.0,0.0
2022-07-06 00:00:00+08:00,82.8,82.8,81.0,81.5,74000,0.0,0.0
2022-07-07 00:00:00+08:00,81.8,82.5,81.0,81.9,63537,0.0,0.0
2022-07-08 00:00:00+08:00,82.2,83.5,81.8,82.0,70724,0.0,0.0
2022-07-11 00:00:00+08:00,81.2,82.5,81.0,82.1,26000,0.0,0.0
2022-07-12 00:00:00+08:00,82.1,82.1,80.0,80.1,46000,0.0,0.0
2022-07-13 00:00:00+08:00,80.9,82.6,80.9,82.2,37000,0.0,0.0
2022-07-14 00:00:00+08:00,81.7,84.3,81.7,83.7,83010,0.0,0.0
2022-07-15 00:00:00+08:00,84.0,84.0,82.5,82.9,81001,0.0,0.0
2022-07-18 00:00:00+08:00,83.3,84.0,83.1,83.8,15001,0.0,0.0
2022-07-19 00:00:00+08:00,83.6,84.0,83.3,83.3,31331,0.0,0.0
2022-07-20 00:00:00+08:00,84.1,84.1,83.0,83.0,35000,0.0,0.0
2022-07-21 00:00:00+08:00,83.8,85.0,83.8,84.7,40000,0.0,0.0
2022-07-22 00:00:00+08:00,86.8,90.2,86.8,88.4,311120,0.0,0.0
2022-07-25 00:00:00+08:00,89.7,91.5,89.0,90.3,378114,0.0,0.0
2022-07-26 00:00:00+08:00,90.1,90.2,88.7,89.5,98001,0.0,0.0
2022-07-27 00:00:00+08:00,89.4,90.8,88.5,89.7,181000,0.0,0.0
2022-07-28 00:00:00+08:00,90.7,90.7,88.9,89.0,75017,0.0,0.0
2022-07-29 00:00:00+08:00,89.9,90.3,89.5,89.8,166001,0.0,0.0
2022-08-01 00:00:00+08:00,90.3,91.2,90.3,90.7,116000,0.0,0.0
2022-08-02 00:00:00+08:00,89.6,90.1,88.9,89.4,112000,0.0,0.0
2022-08-03 00:00:00+08:00,89.4,89.9,89.0,89.1,20000,0.0,0.0
2022-08-04 00:00:00+08:00,88.8,89.9,87.0,88.4,56050,0.0,0.0
2022-08-05 00:00:00+08:00,89.0,89.1,88.5,89.1,32050,0.0,0.0
2022-08-08 00:00:00+08:00,89.1,91.6,89.1,90.5,257613,0.0,0.0
2022-08-09 00:00:00+08:00,90.6,90.8,89.8,90.3,60000,0.0,0.0
2022-08-10 00:00:00+08:00,89.3,90.8,89.3,90.4,72001,0.0,0.0
2022-08-11 00:00:00+08:00,89.6,91.0,89.6,90.8,124022,0.0,0.0
2022-08-12 00:00:00+08:00,91.4,93.8,91.4,93.0,261215,0.0,0.0
2022-08-15 00:00:00+08:00,93.4,93.4,92.1,92.2,112000,0.0,0.0
2022-08-16 00:00:00+08:00,93.0,101.0,93.0,98.1,1281315,0.0,0.0
2022-08-17 00:00:00+08:00,97.6,98.5,94.3,95.2,406023,0.0,0.0
2022-08-18 00:00:00+08:00,95.2,96.8,94.2,95.1,211001,0.0,0.0
2022-08-19 00:00:00+08:00,95.6,96.3,95.0,96.0,103000,0.0,0.0
2022-08-22 00:00:00+08:00,95.9,96.5,94.9,95.3,92000,0.0,0.0
2022-08-23 00:00:00+08:00,94.1,95.5,94.1,95.4,61127,0.0,0.0
2022-08-24 00:00:00+08:00,95.0,96.6,95.0,95.5,83153,0.0,0.0
2022-08-25 00:00:00+08:00,96.3,104.0,96.3,102.0,1283521,0.0,0.0
2022-08-26 00:00:00+08:00,99.8,101.0,98.1,98.1,422555,0.0,0.0
2022-08-29 00:00:00+08:00,96.3,96.3,94.8,95.4,242010,0.0,0.0
2022-08-30 00:00:00+08:00,95.2,95.8,94.5,95.3,232000,0.0,0.0
2022-08-31 00:00:00+08:00,94.9,98.3,94.8,97.2,174000,0.0,0.0
2022-09-01 00:00:00+08:00,96.0,97.5,96.0,96.2,124482,0.0,0.0
2022-09-02 00:00:00+08:00,97.1,100.5,97.0,98.6,379000,0.0,0.0
2022-09-05 00:00:00+08:00,99.6,99.7,96.7,96.8,129106,0.0,0.0
2022-09-06 00:00:00+08:00,96.8,97.5,92.9,93.3,389853,0.0,0.0
2022-09-07 00:00:00+08:00,93.5,94.3,91.7,93.2,166000,0.0,0.0
2022-09-08 00:00:00+08:00,93.4,94.6,93.4,94.2,78120,0.0,0.0
2022-09-12 00:00:00+08:00,95.0,96.0,94.7,95.2,69002,0.0,0.0
2022-09-13 00:00:00+08:00,95.2,96.0,94.4,95.3,94213,0.0,0.0
2022-09-14 00:00:00+08:00,92.9,95.0,92.9,94.9,70000,0.0,0.0
2022-09-15 00:00:00+08:00,94.0,95.4,94.0,94.7,51000,0.0,0.0
2022-09-16 00:00:00+08:00,93.9,94.2,92.3,92.5,127000,0.0,0.0
2022-09-19 00:00:00+08:00,92.5,92.6,90.9,91.8,151000,0.0,0.0
2022-09-20 00:00:00+08:00,91.8,93.6,91.2,91.8,142066,0.0,0.0
2022-09-21 00:00:00+08:00,92.1,92.3,90.7,90.8,160182,0.0,0.0
2022-09-22 00:00:00+08:00,89.4,91.2,88.6,90.5,257000,0.0,0.0
2022-09-23 00:00:00+08:00,91.9,92.2,87.5,88.2,296000,0.0,0.0
2022-09-26 00:00:00+08:00,86.0,87.9,85.0,86.6,229000,0.0,0.0
2022-09-27 00:00:00+08:00,88.0,88.4,85.6,88.4,203000,0.0,0.0
2022-09-28 00:00:00+08:00,88.8,89.2,86.0,87.0,258001,0.0,0.0
2022-09-29 00:00:00+08:00,88.6,89.2,87.5,89.0,130940,0.0,0.0
2022-09-30 00:00:00+08:00,88.6,88.6,86.8,87.9,84000,0.0,0.0
2022-10-03 00:00:00+08:00,96.6,96.6,88.0,88.2,1771223,0.0,0.0
2022-10-04 00:00:00+08:00,88.8,90.0,87.6,89.7,344000,0.0,0.0
2022-10-05 00:00:00+08:00,89.9,91.8,89.8,90.0,132000,0.0,0.0
2022-10-06 00:00:00+08:00,90.7,90.9,89.2,90.7,108050,0.0,0.0
2022-10-07 00:00:00+08:00,90.1,91.1,89.7,90.1,71013,0.0,0.0
2022-10-11 00:00:00+08:00,88.3,89.7,85.8,86.0,242000,0.0,0.0
2022-10-12 00:00:00+08:00,85.6,85.7,83.9,85.3,187000,0.0,0.0
2022-10-13 00:00:00+08:00,85.8,85.8,82.0,82.1,165233,0.0,0.0
2022-10-14 00:00:00+08:00,84.5,85.9,83.9,85.1,96233,0.0,0.0
2022-10-17 00:00:00+08:00,85.4,86.8,83.4,86.8,82001,0.0,0.0
2022-10-18 00:00:00+08:00,86.8,87.7,85.2,86.1,102000,0.0,0.0
2022-10-19 00:00:00+08:00,85.4,87.1,85.2,85.8,94000,0.0,0.0
2022-10-20 00:00:00+08:00,85.8,86.9,84.7,86.3,86102,0.0,0.0
2022-10-21 00:00:00+08:00,86.0,86.7,85.0,85.4,81000,0.0,0.0
2022-10-24 00:00:00+08:00,86.9,89.8,86.8,89.0,176005,0.0,0.0
2022-10-25 00:00:00+08:00,89.0,91.6,89.0,89.9,309108,0.0,0.0
2022-10-26 00:00:00+08:00,90.4,91.0,87.0,88.5,469001,0.0,0.0
2022-10-27 00:00:00+08:00,89.2,89.2,87.5,88.1,244119,0.0,0.0
2022-10-28 00:00:00+08:00,88.4,88.8,87.4,88.7,188020,0.0,0.0
2022-10-31 00:00:00+08:00,91.0,92.3,90.0,90.2,264000,0.0,0.0
2022-11-01 00:00:00+08:00,89.7,90.0,87.2,87.2,330173,0.0,0.0
2022-11-02 00:00:00+08:00,87.2,87.2,85.3,85.8,232000,0.0,0.0
2022-11-03 00:00:00+08:00,85.8,85.8,84.8,85.3,191001,0.0,0.0
2022-11-04 00:00:00+08:00,85.4,85.7,82.1,83.5,342241,0.0,0.0
2022-11-07 00:00:00+08:00,82.9,85.1,82.9,84.6,210045,0.0,0.0
2022-11-08 00:00:00+08:00,84.6,85.0,84.0,84.6,92000,0.0,0.0
2022-11-09 00:00:00+08:00,84.6,84.7,83.5,84.0,188250,0.0,0.0
2022-11-10 00:00:00+08:00,84.0,84.0,83.3,83.8,140000,0.0,0.0
2022-11-11 00:00:00+08:00,84.8,85.0,83.3,83.8,184000,0.0,0.0
2022-11-14 00:00:00+08:00,83.1,84.6,83.1,84.0,155015,0.0,0.0
2022-11-15 00:00:00+08:00,85.0,85.0,83.6,83.9,96016,0.0,0.0
2022-11-16 00:00:00+08:00,85.0,86.3,84.5,84.5,250000,0.0,0.0
2022-11-17 00:00:00+08:00,84.2,85.3,84.2,85.3,137082,0.0,0.0
2022-11-18 00:00:00+08:00,85.5,86.8,85.3,85.3,222241,0.0,0.0
2022-11-21 00:00:00+08:00,85.5,85.7,84.0,84.7,114050,0.0,0.0
2022-11-22 00:00:00+08:00,84.7,84.7,83.8,83.8,115000,0.0,0.0
2022-11-23 00:00:00+08:00,83.4,83.7,82.5,82.9,294089,0.0,0.0
2022-11-24 00:00:00+08:00,83.4,83.5,83.0,83.3,39169,0.0,0.0
2022-11-25 00:00:00+08:00,84.5,85.7,84.0,84.9,272259,0.0,0.0
2022-11-28 00:00:00+08:00,84.1,84.6,84.0,84.1,99050,0.0,0.0
2022-11-29 00:00:00+08:00,83.9,85.8,83.8,85.7,156092,0.0,0.0
2022-11-30 00:00:00+08:00,85.5,87.0,85.5,86.6,204000,0.0,0.0
2022-12-01 00:00:00+08:00,86.9,86.9,86.0,86.4,142101,0.0,0.0
2022-12-02 00:00:00+08:00,85.6,86.6,85.6,86.2,78282,0.0,0.0
2022-12-05 00:00:00+08:00,86.2,86.4,85.8,86.2,177133,0.0,0.0
2022-12-06 00:00:00+08:00,86.1,86.1,84.4,84.6,195030,0.0,0.0
2022-12-07 00:00:00+08:00,84.3,84.5,83.4,83.9,109200,0.0,0.0
2022-12-08 00:00:00+08:00,83.8,84.2,83.8,84.2,35144,0.0,0.0
2022-12-09 00:00:00+08:00,84.4,86.0,84.4,85.0,142100,0.0,0.0
2022-12-12 00:00:00+08:00,85.0,87.0,85.0,86.2,181028,0.0,0.0
2022-12-13 00:00:00+08:00,86.2,86.2,84.6,84.9,81019,0.0,0.0
2022-12-14 00:00:00+08:00,85.1,85.7,85.0,85.2,62000,0.0,0.0
2022-12-15 00:00:00+08:00,85.8,87.8,85.7,87.1,324200,0.0,0.0
2022-12-16 00:00:00+08:00,85.7,86.1,84.3,84.3,158031,0.0,0.0
2022-12-19 00:00:00+08:00,84.4,84.4,83.3,83.5,129002,0.0,0.0
2022-12-20 00:00:00+08:00,83.5,83.8,82.3,82.5,181000,0.0,0.0
2022-12-21 00:00:00+08:00,82.6,83.3,82.5,82.7,61103,0.0,0.0
2022-12-22 00:00:00+08:00,83.9,83.9,83.3,83.5,38001,0.0,0.0
2022-12-23 00:00:00+08:00,83.5,83.5,82.6,83.0,51010,0.0,0.0
2022-12-26 00:00:00+08:00,83.0,83.5,82.9,83.2,14002,0.0,0.0
2022-12-27 00:00:00+08:00,83.3,84.0,83.1,83.3,36041,0.0,0.0
2022-12-28 00:00:00+08:00,83.0,83.5,82.3,82.8,78167,0.0,0.0
2022-12-29 00:00:00+08:00,82.4,83.0,82.0,83.0,53003,0.0,0.0
2022-12-30 00:00:00+08:00,83.5,83.6,82.8,82.9,41000,0.0,0.0
2023-01-03 00:00:00+08:00,83.4,83.4,82.9,83.1,21242,0.0,0.0
2023-01-04 00:00:00+08:00,83.3,83.3,82.7,83.0,66002,0.0,0.0
2023-01-05 00:00:00+08:00,83.0,85.2,83.0,84.8,170020,0.0,0.0
2023-01-06 00:00:00+08:00,84.0,84.6,84.0,84.3,43094,0.0,0.0
2023-01-09 00:00:00+08:00,85.0,85.0,84.3,84.3,88040,0.0,0.0
2023-01-10 00:00:00+08:00,84.2,84.2,83.4,83.7,107002,0.0,0.0
2023-01-11 00:00:00+08:00,83.6,84.4,83.6,84.0,57150,0.0,0.0
2023-01-12 00:00:00+08:00,83.9,84.4,83.0,83.0,76300,0.0,0.0
2023-01-13 00:00:00+08:00,83.2,84.0,82.9,83.1,146000,0.0,0.0
2023-01-16 00:00:00+08:00,83.1,83.2,82.5,82.7,110000,0.0,0.0
2023-01-17 00:00:00+08:00,82.8,83.7,82.6,83.5,65000,0.0,0.0
2023-01-30 00:00:00+08:00,84.0,84.4,83.7,83.8,84001,0.0,0.0
2023-01-31 00:00:00+08:00,83.7,84.7,83.6,84.5,113001,0.0,0.0
2023-02-01 00:00:00+08:00,84.8,84.8,83.7,84.2,104001,0.0,0.0
2023-02-02 00:00:00+08:00,84.5,86.5,84.4,86.2,270001,0.0,0.0
2023-02-03 00:00:00+08:00,85.8,86.8,85.5,86.2,109115,0.0,0.0
2023-02-06 00:00:00+08:00,86.2,86.9,85.6,86.9,56001,0.0,0.0
2023-02-07 00:00:00+08:00,86.2,87.3,86.0,87.3,149000,0.0,0.0
2023-02-08 00:00:00+08:00,88.2,95.3,88.2,93.0,2120439,0.0,0.0
2023-02-09 00:00:00+08:00,98.6,102.0,95.2,96.4,11312778,0.0,0.0
2023-02-10 00:00:00+08:00,97.0,97.8,93.5,95.6,4898886,0.0,0.0
2023-02-13 00:00:00+08:00,94.9,96.9,92.7,93.7,4426103,0.0,0.0
2023-02-14 00:00:00+08:00,94.8,96.1,92.8,93.1,2530116,0.0,0.0
2023-02-15 00:00:00+08:00,93.2,93.6,90.9,91.0,1310000,0.0,0.0
2023-02-16 00:00:00+08:00,92.5,92.7,91.5,92.3,586718,0.0,0.0
2023-02-17 00:00:00+08:00,91.7,93.9,91.1,93.6,936782,0.0,0.0
2023-02-20 00:00:00+08:00,93.7,94.8,92.5,92.8,886639,0.0,0.0
2023-02-21 00:00:00+08:00,93.0,93.1,91.6,91.6,488272,0.0,0.0
2023-02-22 00:00:00+08:00,91.0,93.0,90.8,93.0,536312,0.0,0.0
2023-02-23 00:00:00+08:00,93.2,93.6,92.2,93.0,665100,0.0,0.0
2023-02-24 00:00:00+08:00,93.5,93.5,91.3,91.5,473235,0.0,0.0
2023-03-01 00:00:00+08:00,91.6,93.8,91.3,93.6,1063241,0.0,0.0
2023-03-02 00:00:00+08:00,93.6,94.4,93.0,94.0,702001,0.0,0.0
2023-03-03 00:00:00+08:00,95.1,95.1,93.7,94.7,754601,0.0,0.0
2023-03-06 00:00:00+08:00,95.6,95.6,94.2,94.6,886083,0.0,0.0
2023-03-07 00:00:00+08:00,94.7,95.5,93.9,95.2,1212220,0.0,0.0
2023-03-08 00:00:00+08:00,93.7,93.8,90.2,90.8,2531002,0.0,0.0
2023-03-09 00:00:00+08:00,91.4,93.0,91.0,91.4,857045,0.0,0.0
2023-03-10 00:00:00+08:00,91.1,91.2,88.0,89.2,966722,0.0,0.0
2023-03-13 00:00:00+08:00,88.6,90.9,88.3,90.4,533156,0.0,0.0
2023-03-14 00:00:00+08:00,89.9,91.2,89.5,89.8,209000,0.0,0.0
2023-03-15 00:00:00+08:00,91.7,91.8,90.4,90.7,365074,0.0,0.0
2023-03-16 00:00:00+08:00,91.5,92.4,89.4,90.2,499015,0.0,0.0
2023-03-17 00:00:00+08:00,91.0,98.5,91.0,97.9,4096938,0.0,0.0
2023-03-20 00:00:00+08:00,98.7,99.5,96.3,96.5,2519077,0.0,0.0
2023-03-21 00:00:00+08:00,97.5,101.0,97.3,99.0,3114165,0.0,0.0
2023-03-22 00:00:00+08:00,99.2,104.0,98.8,103.5,3709396,0.0,0.0
2023-03-23 00:00:00+08:00,105.0,113.5,105.0,113.5,7154194,0.0,0.0
2023-03-24 00:00:00+08:00,115.5,118.0,113.0,114.0,8926453,0.0,0.0
2023-03-27 00:00:00+08:00,117.5,118.5,111.0,112.0,3389560,0.0,0.0
2023-03-28 00:00:00+08:00,112.0,112.0,105.5,107.0,2486007,0.0,0.0
2023-03-29 00:00:00+08:00,108.0,108.5,104.0,105.5,1603282,0.0,0.0
2023-03-30 00:00:00+08:00,107.5,108.0,102.5,103.5,1778137,0.0,0.0
2023-03-31 00:00:00+08:00,104.0,106.0,102.0,104.0,1651182,0.0,0.0
2023-04-06 00:00:00+08:00,103.0,105.0,102.0,104.5,880078,0.0,0.0
2023-04-07 00:00:00+08:00,105.0,105.5,101.5,102.0,1024890,0.0,0.0
2023-04-10 00:00:00+08:00,102.0,103.5,101.0,101.0,909039,0.0,0.0
2023-04-11 00:00:00+08:00,103.0,103.0,101.0,102.5,734686,0.0,0.0
2023-04-12 00:00:00+08:00,103.5,104.5,101.5,103.0,1525591,0.0,0.0
2023-04-13 00:00:00+08:00,103.5,104.0,98.8,98.9,1902499,0.0,0.0
2023-04-14 00:00:00+08:00,99.5,102.0,98.3,101.5,1231575,0.0,0.0
2023-04-17 00:00:00+08:00,101.5,106.5,101.5,105.0,2218879,0.0,0.0
2023-04-18 00:00:00+08:00,106.0,106.5,101.5,101.5,1037086,0.0,0.0
2023-04-19 00:00:00+08:00,102.0,105.0,102.0,103.0,851398,0.0,0.0
2023-04-20 00:00:00+08:00,103.0,103.5,99.5,100.0,934253,0.0,0.0
2023-04-21 00:00:00+08:00,101.0,101.5,96.8,97.0,977504,0.0,0.0
2023-04-24 00:00:00+08:00,97.4,99.8,96.9,99.0,397152,0.0,0.0
2023-04-25 00:00:00+08:00,98.5,98.5,94.0,94.8,768254,0.0,0.0
2023-04-26 00:00:00+08:00,94.8,96.0,92.6,94.7,424378,0.0,0.0
2023-04-27 00:00:00+08:00,95.8,96.7,94.3,94.9,447022,0.0,0.0
2023-04-28 00:00:00+08:00,96.4,97.3,95.2,97.0,538021,0.0,0.0
2023-05-02 00:00:00+08:00,96.4,96.5,94.0,95.3,699774,0.0,0.0
2023-05-03 00:00:00+08:00,93.3,94.4,92.6,93.6,622106,0.0,0.0
2023-05-04 00:00:00+08:00,93.5,94.7,93.1,94.5,321030,0.0,0.0
2023-05-05 00:00:00+08:00,95.4,95.7,94.5,94.7,318000,0.0,0.0
2023-05-08 00:00:00+08:00,94.8,95.2,93.5,93.8,306108,0.0,0.0
2023-05-09 00:00:00+08:00,93.8,94.0,92.5,93.6,324147,0.0,0.0
2023-05-10 00:00:00+08:00,93.1,94.6,93.1,93.7,224060,0.0,0.0
2023-05-11 00:00:00+08:00,93.7,94.0,91.5,91.6,448000,0.0,0.0
2023-05-12 00:00:00+08:00,91.1,94.2,91.1,94.0,371001,0.0,0.0
2023-05-15 00:00:00+08:00,93.2,93.7,91.7,91.9,236100,0.0,0.0
2023-05-16 00:00:00+08:00,92.4,93.5,92.3,92.8,211000,0.0,0.0
2023-05-17 00:00:00+08:00,92.8,94.4,92.8,94.0,171000,0.0,0.0
2023-05-18 00:00:00+08:00,94.7,96.0,93.9,94.2,483062,0.0,0.0
2023-05-19 00:00:00+08:00,94.5,95.1,92.1,92.1,404001,0.0,0.0
2023-05-22 00:00:00+08:00,92.1,94.8,92.1,94.6,376100,0.0,0.0
2023-05-23 00:00:00+08:00,95.0,95.0,93.8,93.8,248896,0.0,0.0
2023-05-24 00:00:00+08:00,93.8,93.8,92.6,92.8,228303,0.0,0.0
2023-05-25 00:00:00+08:00,93.2,93.6,92.3,92.3,233001,0.0,0.0
2023-05-26 00:00:00+08:00,92.6,93.2,91.2,91.4,359036,0.0,0.0
2023-05-29 00:00:00+08:00,92.0,95.3,92.0,94.0,440006,0.0,0.0
2023-05-30 00:00:00+08:00,94.9,95.0,92.0,92.8,232001,0.0,0.0
2023-05-31 00:00:00+08:00,93.0,94.9,92.9,94.0,301001,0.0,0.0
2023-06-01 00:00:00+08:00,94.0,94.5,93.7,94.5,153147,0.0,0.0
2023-06-02 00:00:00+08:00,94.8,98.5,94.8,96.1,869007,0.0,0.0
2023-06-05 00:00:00+08:00,96.6,98.8,96.5,97.6,492016,0.0,0.0
2023-06-06 00:00:00+08:00,98.0,98.1,95.1,95.3,294080,0.0,0.0
2023-06-07 00:00:00+08:00,95.6,95.9,95.2,95.6,164212,0.0,0.0
2023-06-08 00:00:00+08:00,95.1,95.2,94.3,94.6,198000,0.0,0.0
2023-06-09 00:00:00+08:00,95.2,95.2,93.2,93.7,324382,0.0,0.0
2023-06-12 00:00:00+08:00,94.7,94.7,92.8,93.2,252300,0.0,0.0
2023-06-13 00:00:00+08:00,94.2,94.9,93.7,94.8,202010,0.0,0.0
2023-06-14 00:00:00+08:00,94.8,95.7,93.8,94.0,237036,0.0,0.0
2023-06-15 00:00:00+08:00,94.8,96.4,94.2,96.0,365050,0.0,0.0
2023-06-16 00:00:00+08:00,96.0,96.6,95.0,95.1,208131,0.0,0.0
2023-06-19 00:00:00+08:00,95.0,95.0,92.9,93.4,469022,0.0,0.0
2023-06-20 00:00:00+08:00,93.7,93.7,92.1,92.7,568209,0.0,0.0
2023-06-21 00:00:00+08:00,93.0,93.0,91.5,92.7,429107,0.0,0.0
2023-06-26 00:00:00+08:00,92.8,93.8,92.2,92.2,271050,0.0,0.0
2023-06-27 00:00:00+08:00,92.8,93.8,91.9,92.4,222184,0.0,0.0
2023-06-28 00:00:00+08:00,92.4,93.0,92.0,92.0,192100,0.0,0.0
2023-06-29 00:00:00+08:00,92.0,92.9,92.0,92.5,79020,0.0,0.0
2023-06-30 00:00:00+08:00,92.0,92.2,91.5,91.9,251010,0.0,0.0
2023-07-03 00:00:00+08:00,92.1,92.7,91.6,92.2,180294,0.0,0.0
2023-07-04 00:00:00+08:00,92.2,92.5,91.1,92.2,332002,0.0,0.0
2023-07-05 00:00:00+08:00,92.7,93.5,92.5,92.6,183045,0.0,0.0
2023-07-06 00:00:00+08:00,92.5,93.7,92.4,93.1,242003,0.0,0.0
2023-07-07 00:00:00+08:00,92.6,92.9,91.7,92.5,197001,0.0,0.0
2023-07-10 00:00:00+08:00,92.1,93.0,92.0,92.2,94000,0.0,0.0
2023-07-11 00:00:00+08:00,93.0,93.9,92.7,93.5,314061,0.0,0.0
2023-07-12 00:00:00+08:00,93.9,93.9,92.5,92.9,222043,0.0,0.0
2023-07-13 00:00:00+08:00,93.4,94.3,93.0,93.0,272010,0.0,0.0
2023-07-14 00:00:00+08:00,94.2,97.6,94.0,97.0,1024690,0.0,0.0
2023-07-17 00:00:00+08:00,97.1,99.4,96.3,98.2,810685,0.0,0.0
2023-07-18 00:00:00+08:00,99.0,103.0,97.2,100.5,1609420,0.0,0.0
2023-07-19 00:00:00+08:00,102.0,102.0,98.9,99.9,745108,0.0,0.0
2023-07-20 00:00:00+08:00,100.0,101.5,99.7,100.0,337150,0.0,0.0
2023-07-21 00:00:00+08:00,99.5,103.0,99.2,101.0,607300,0.0,0.0
2023-07-24 00:00:00+08:00,102.0,102.0,97.6,97.8,659200,0.0,0.0
2023-07-25 00:00:00+08:00,97.0,98.8,95.5,98.3,537083,0.0,0.0
2023-07-26 00:00:00+08:00,98.9,108.0,98.9,106.5,4481528,0.0,0.0
2023-07-27 00:00:00+08:00,108.0,112.0,99.9,101.0,4908833,0.0,0.0
2023-07-28 00:00:00+08:00,101.0,101.0,98.5,98.7,987068,0.0,0.0
2023-07-31 00:00:00+08:00,100.0,108.0,99.7,103.5,3320633,0.0,0.0
2023-08-01 00:00:00+08:00,107.0,113.5,105.5,110.0,5406804,0.0,0.0
2023-08-02 00:00:00+08:00,108.0,108.5,103.0,104.0,2543150,0.0,0.0
2023-08-04 00:00:00+08:00,105.0,108.0,102.0,107.5,1156607,0.0,0.0
2023-08-07 00:00:00+08:00,107.5,109.0,105.5,108.0,1063597,0.0,0.0
2023-08-08 00:00:00+08:00,110.0,110.0,103.0,104.0,1252050,0.0,0.0
2023-08-09 00:00:00+08:00,105.0,107.5,104.0,106.0,886711,0.0,0.0
2023-08-10 00:00:00+08:00,106.0,106.5,103.0,104.0,942744,0.0,0.0
2023-08-11 00:00:00+08:00,102.0,102.0,97.3,97.9,1300000,0.0,0.0
2023-08-14 00:00:00+08:00,98.0,98.0,93.0,93.2,1023254,0.0,0.0
2023-08-15 00:00:00+08:00,94.2,94.6,93.4,93.9,329000,0.0,0.0
2023-08-16 00:00:00+08:00,93.0,94.8,91.6,94.0,403059,0.0,0.0
2023-08-17 00:00:00+08:00,93.9,96.5,92.3,94.7,331020,0.0,0.0
2023-08-18 00:00:00+08:00,94.5,94.6,92.5,92.7,485000,0.0,0.0
2023-08-21 00:00:00+08:00,93.8,93.8,92.7,93.4,207000,0.0,0.0
2023-08-22 00:00:00+08:00,93.7,94.0,91.7,92.3,442001,0.0,0.0
2023-08-23 00:00:00+08:00,92.2,93.4,92.1,92.7,203180,0.0,0.0
2023-08-24 00:00:00+08:00,93.6,94.9,93.1,93.5,247000,0.0,0.0
2023-08-25 00:00:00+08:00,93.0,93.1,92.0,92.1,281001,0.0,0.0
2023-08-28 00:00:00+08:00,92.2,92.3,91.6,91.8,252106,0.0,0.0
2023-08-29 00:00:00+08:00,92.5,92.5,91.6,91.9,195147,0.0,0.0
2023-08-30 00:00:00+08:00,92.5,92.8,91.8,92.4,228000,0.0,0.0
2023-08-31 00:00:00+08:00,92.2,92.9,92.2,92.8,173880,0.0,0.0
2023-09-01 00:00:00+08:00,93.1,94.2,93.1,93.5,208001,0.0,0.0
2023-09-04 00:00:00+08:00,93.0,93.1,92.6,93.0,154050,0.0,0.0
2023-09-05 00:00:00+08:00,93.1,94.8,93.1,94.3,241000,0.0,0.0
2023-09-06 00:00:00+08:00,94.3,94.6,93.5,93.8,205075,0.0,0.0
2023-09-07 00:00:00+08:00,93.8,96.2,93.8,94.8,443100,0.0,0.0
2023-09-08 00:00:00+08:00,94.8,94.8,91.9,92.0,657050,0.0,0.0
2023-09-11 00:00:00+08:00,92.2,92.2,88.9,89.0,732175,0.0,0.0
2023-09-12 00:00:00+08:00,89.3,89.8,88.6,89.2,164053,0.0,0.0
2023-09-13 00:00:00+08:00,88.7,89.5,88.3,89.5,195044,0.0,0.0
2023-09-14 00:00:00+08:00,89.6,91.3,89.5,91.0,187000,0.0,0.0
2023-09-15 00:00:00+08:00,91.0,91.0,90.2,91.0,93000,0.0,0.0
2023-09-18 00:00:00+08:00,89.9,92.2,89.9,91.0,182166,0.0,0.0
2023-09-19 00:00:00+08:00,91.2,91.9,89.0,89.5,415000,0.0,0.0
2023-09-20 00:00:00+08:00,89.5,90.4,88.6,88.6,239462,0.0,0.0
2023-09-21 00:00:00+08:00,88.5,88.5,86.7,87.5,421010,0.0,0.0
2023-09-22 00:00:00+08:00,86.5,88.2,86.5,87.8,188337,0.0,0.0
2023-09-25 00:00:00+08:00,87.9,88.5,87.4,88.1,119082,0.0,0.0
2023-09-26 00:00:00+08:00,87.5,88.2,87.0,87.0,157100,0.0,0.0
2023-09-27 00:00:00+08:00,87.0,87.5,86.5,87.1,76065,0.0,0.0
2023-09-28 00:00:00+08:00,87.1,88.0,87.1,87.1,162387,0.0,0.0
2023-10-02 00:00:00+08:00,87.3,88.2,87.3,87.8,121000,0.0,0.0
2023-10-03 00:00:00+08:00,87.9,88.4,87.4,87.4,81012,0.0,0.0
2023-10-04 00:00:00+08:00,87.0,87.5,86.6,87.3,64243,0.0,0.0
2023-10-05 00:00:00+08:00,87.3,88.0,87.3,87.4,86759,0.0,0.0
2023-10-06 00:00:00+08:00,87.4,89.0,87.4,88.3,136121,0.0,0.0
2023-10-11 00:00:00+08:00,91.4,91.6,88.9,88.9,292000,0.0,0.0
2023-10-12 00:00:00+08:00,89.0,90.6,89.0,90.6,141050,0.0,0.0
2023-10-13 00:00:00+08:00,90.4,90.6,89.8,89.8,206500,0.0,0.0
2023-10-16 00:00:00+08:00,89.8,90.3,89.5,89.9,63044,0.0,0.0
2023-10-17 00:00:00+08:00,90.4,91.3,90.0,90.0,238007,0.0,0.0
2023-10-18 00:00:00+08:00,90.0,91.5,89.0,91.5,451050,0.0,0.0
2023-10-19 00:00:00+08:00,91.8,92.2,91.0,91.6,257000,0.0,0.0
2023-10-20 00:00:00+08:00,91.0,91.8,90.3,90.8,133222,0.0,0.0
2023-10-23 00:00:00+08:00,91.4,96.0,91.4,93.5,801500,0.0,0.0
2023-10-24 00:00:00+08:00,94.4,95.9,93.3,94.5,272208,0.0,0.0
2023-10-25 00:00:00+08:00,94.6,95.7,94.3,95.6,343425,0.0,0.0
2023-10-26 00:00:00+08:00,92.2,93.8,90.5,90.7,674026,0.0,0.0
2023-10-27 00:00:00+08:00,91.0,93.7,90.5,92.2,511041,0.0,0.0
2023-10-30 00:00:00+08:00,92.6,94.6,90.9,90.9,392000,0.0,0.0
2023-10-31 00:00:00+08:00,90.9,91.3,88.1,88.8,460200,0.0,0.0
2023-11-01 00:00:00+08:00,89.4,90.8,87.1,90.8,409805,0.0,0.0
2023-11-02 00:00:00+08:00,91.2,93.0,90.8,91.0,352074,0.0,0.0
2023-11-03 00:00:00+08:00,92.1,92.2,91.0,91.9,171982,0.0,0.0
2023-11-06 00:00:00+08:00,92.0,93.5,91.5,93.3,446101,0.0,0.0
2023-11-07 00:00:00+08:00,93.5,93.9,92.2,92.2,253000,0.0,0.0
2023-11-08 00:00:00+08:00,93.3,97.9,93.3,95.7,849100,0.0,0.0
2023-11-09 00:00:00+08:00,95.5,99.0,95.5,98.3,1029249,0.0,0.0
2023-11-10 00:00:00+08:00,98.3,98.3,96.0,96.0,371030,0.0,0.0
2023-11-13 00:00:00+08:00,96.7,96.7,94.4,95.8,293021,0.0,0.0
2023-11-14 00:00:00+08:00,95.8,96.6,94.9,96.3,192031,0.0,0.0
2023-11-15 00:00:00+08:00,96.8,97.0,95.6,96.0,205005,0.0,0.0
2023-11-16 00:00:00+08:00,96.0,96.9,95.5,96.0,144012,0.0,0.0
2023-11-17 00:00:00+08:00,96.5,97.0,96.1,96.8,127007,0.0,0.0
2023-11-20 00:00:00+08:00,97.9,99.8,97.0,97.1,421010,0.0,0.0
2023-11-21 00:00:00+08:00,98.0,99.6,97.0,97.4,333149,0.0,0.0
2023-11-22 00:00:00+08:00,96.7,98.7,96.7,98.4,252058,0.0,0.0
2023-11-23 00:00:00+08:00,98.1,98.6,97.5,97.9,193010,0.0,0.0
2023-11-24 00:00:00+08:00,97.9,97.9,96.8,96.8,117250,0.0,0.0
2023-11-27 00:00:00+08:00,97.1,97.1,93.7,94.1,274052,0.0,0.0
2023-11-28 00:00:00+08:00,94.6,95.8,94.4,95.8,148050,0.0,0.0
2023-11-29 00:00:00+08:00,95.8,96.5,95.3,95.6,89062,0.0,0.0
2023-11-30 00:00:00+08:00,95.7,95.8,94.7,94.8,197807,0.0,0.0
2023-12-01 00:00:00+08:00,94.9,96.1,94.8,95.5,95000,0.0,0.0
2023-12-04 00:00:00+08:00,96.2,96.4,95.0,95.1,120445,0.0,0.0
2023-12-05 00:00:00+08:00,95.0,95.0,93.9,94.1,120201,0.0,0.0
2023-12-06 00:00:00+08:00,94.2,95.5,94.2,94.8,93004,0.0,0.0
2023-12-07 00:00:00+08:00,94.4,94.7,93.4,93.5,199636,0.0,0.0
2023-12-08 00:00:00+08:00,93.8,94.3,92.8,93.0,170000,0.0,0.0
2023-12-11 00:00:00+08:00,93.3,93.8,92.8,92.9,88000,0.0,0.0
2023-12-12 00:00:00+08:00,93.3,94.0,92.2,92.9,306000,0.0,0.0
2023-12-13 00:00:00+08:00,93.8,93.8,92.7,92.7,105001,0.0,0.0
2023-12-14 00:00:00+08:00,96.7,96.7,94.2,94.5,318100,0.0,0.0
2023-12-15 00:00:00+08:00,95.4,95.4,93.8,93.9,127021,0.0,0.0
2023-12-18 00:00:00+08:00,94.7,94.7,92.9,93.3,75040,0.0,0.0
2023-12-19 00:00:00+08:00,93.3,93.3,92.3,92.5,115004,0.0,0.0
2023-12-20 00:00:00+08:00,92.4,93.3,92.4,93.1,94030,0.0,0.0
2023-12-21 00:00:00+08:00,92.5,93.9,92.5,93.9,97122,0.0,0.0
2023-12-22 00:00:00+08:00,94.2,94.9,93.7,93.7,189208,0.0,0.0
2023-12-25 00:00:00+08:00,93.4,100.5,93.4,99.8,1269341,0.0,0.0
2023-12-26 00:00:00+08:00,101.5,102.0,99.0,100.0,2003632,0.0,0.0
2023-12-27 00:00:00+08:00,101.0,102.5,99.1,99.1,773509,0.0,0.0
2023-12-28 00:00:00+08:00,100.5,100.5,98.4,98.8,405145,0.0,0.0
2023-12-29 00:00:00+08:00,98.9,99.2,96.9,98.0,450251,0.0,0.0
2024-01-02 00:00:00+08:00,98.0,98.0,96.2,96.4,217078,0.0,0.0
2024-01-03 00:00:00+08:00,96.2,96.2,94.4,94.4,327025,0.0,0.0
2024-01-04 00:00:00+08:00,94.3,94.7,93.6,93.6,215043,0.0,0.0
2024-01-05 00:00:00+08:00,93.7,94.0,93.0,93.1,243046,0.0,0.0
2024-01-08 00:00:00+08:00,93.2,93.6,92.4,92.6,183025,0.0,0.0
2024-01-09 00:00:00+08:00,93.6,94.3,92.6,92.9,214044,0.0,0.0
2024-01-10 00:00:00+08:00,92.9,93.2,92.4,92.5,285019,0.0,0.0
2024-01-11 00:00:00+08:00,92.6,93.6,92.6,93.2,132216,0.0,0.0
2024-01-12 00:00:00+08:00,93.2,93.2,92.4,92.6,152030,0.0,0.0
2024-01-15 00:00:00+08:00,93.0,93.3,93.0,93.2,97001,0.0,0.0
2024-01-16 00:00:00+08:00,93.2,93.2,90.9,91.1,333029,0.0,0.0
2024-01-17 00:00:00+08:00,90.8,91.2,89.9,90.0,282410,0.0,0.0
2024-01-18 00:00:00+08:00,90.8,91.8,90.2,91.1,115033,0.0,0.0
2024-01-19 00:00:00+08:00,91.4,92.0,91.4,91.6,110015,0.0,0.0
2024-01-22 00:00:00+08:00,92.0,93.8,91.8,92.7,273076,0.0,0.0
2024-01-23 00:00:00+08:00,92.7,93.3,92.0,92.2,111001,0.0,0.0
2024-01-24 00:00:00+08:00,92.7,92.7,91.6,91.6,72037,0.0,0.0
2024-01-25 00:00:00+08:00,91.7,91.9,91.2,91.2,109001,0.0,0.0
2024-01-26 00:00:00+08:00,93.0,98.0,92.9,93.2,1250071,0.0,0.0
2024-01-29 00:00:00+08:00,93.2,93.5,92.3,92.5,195120,0.0,0.0
2024-01-30 00:00:00+08:00,92.5,92.5,91.5,91.8,161061,0.0,0.0
2024-01-31 00:00:00+08:00,91.7,92.3,91.3,92.2,110009,0.0,0.0
2024-02-01 00:00:00+08:00,92.2,93.2,91.9,91.9,158131,0.0,0.0
2024-02-02 00:00:00+08:00,92.2,92.7,91.7,91.8,118000,0.0,0.0
2024-02-05 00:00:00+08:00,91.4,92.6,90.7,92.6,292032,0.0,0.0
2024-02-15 00:00:00+08:00,92.6,92.6,90.1,91.8,500043,0.0,0.0
2024-02-16 00:00:00+08:00,91.5,92.4,90.4,92.4,207345,0.0,0.0
2024-02-19 00:00:00+08:00,92.0,93.6,91.8,92.8,436002,0.0,0.0
2024-02-20 00:00:00+08:00,92.9,92.9,91.5,92.3,258002,0.0,0.0
2024-02-21 00:00:00+08:00,92.7,93.9,91.5,91.6,358010,0.0,0.0
2024-02-22 00:00:00+08:00,91.9,92.3,91.2,91.4,277466,0.0,0.0
2024-02-23 00:00:00+08:00,91.6,92.1,91.1,91.1,231174,0.0,0.0
2024-02-26 00:00:00+08:00,91.2,91.9,90.9,91.0,264341,0.0,0.0
2024-02-27 00:00:00+08:00,90.8,91.8,89.9,91.0,352002,0.0,0.0
2024-02-29 00:00:00+08:00,90.7,92.4,90.7,92.4,301126,0.0,0.0
2024-03-01 00:00:00+08:00,91.1,91.4,88.6,89.1,1075382,0.0,0.0
2024-03-04 00:00:00+08:00,89.1,89.3,87.1,87.3,811009,0.0,0.0
2024-03-05 00:00:00+08:00,87.8,88.5,87.3,88.0,477367,0.0,0.0
2024-03-06 00:00:00+08:00,88.0,88.3,87.1,87.1,410223,0.0,0.0
2024-03-07 00:00:00+08:00,87.2,87.3,85.9,86.0,583200,0.0,0.0
2024-03-08 00:00:00+08:00,86.0,86.0,84.0,84.5,535050,0.0,0.0
2024-03-11 00:00:00+08:00,85.0,86.8,85.0,86.3,276337,0.0,0.0
2024-03-12 00:00:00+08:00,86.3,87.9,86.3,87.1,298004,0.0,0.0
2024-03-13 00:00:00+08:00,87.5,88.0,86.5,86.5,134029,0.0,0.0
2024-03-14 00:00:00+08:00,86.1,87.6,85.7,87.6,173064,0.0,0.0
2024-03-15 00:00:00+08:00,87.5,87.6,86.6,86.6,114162,0.0,0.0
2024-03-18 00:00:00+08:00,87.5,87.5,85.8,86.5,107007,0.0,0.0
2024-03-19 00:00:00+08:00,87.3,88.7,87.3,87.6,304511,0.0,0.0
2024-03-20 00:00:00+08:00,88.0,88.3,87.4,87.8,206100,0.0,0.0
2024-03-21 00:00:00+08:00,88.7,88.7,87.5,87.7,127625,0.0,0.0
2024-03-22 00:00:00+08:00,88.4,88.4,87.2,87.4,124708,0.0,0.0
2024-03-25 00:00:00+08:00,87.6,88.5,87.6,88.3,144200,0.0,0.0
2024-03-26 00:00:00+08:00,88.5,89.9,87.3,87.5,339000,0.0,0.0
2024-03-27 00:00:00+08:00,87.9,91.0,87.1,89.4,459071,0.0,0.0
2024-03-28 00:00:00+08:00,90.2,90.2,87.4,88.0,467309,0.0,0.0
2024-03-29 00:00:00+08:00,88.0,89.0,88.0,88.2,129000,0.0,0.0
2024-04-01 00:00:00+08:00,88.2,89.0,88.2,88.2,83030,0.0,0.0
2024-04-02 00:00:00+08:00,88.5,88.8,88.2,88.4,106001,0.0,0.0
2024-04-03 00:00:00+08:00,88.1,88.4,87.7,87.9,72071,0.0,0.0
2024-04-08 00:00:00+08:00,87.6,87.8,87.1,87.2,149300,0.0,0.0
2024-04-09 00:00:00+08:00,87.2,87.6,86.9,87.3,93000,0.0,0.0
2024-04-10 00:00:00+08:00,87.4,88.6,87.4,87.8,145246,0.0,0.0
2024-04-11 00:00:00+08:00,87.8,87.8,86.9,87.1,100001,0.0,0.0
2024-04-12 00:00:00+08:00,87.1,87.7,87.1,87.3,56041,0.0,0.0
2024-04-15 00:00:00+08:00,87.3,87.4,86.7,86.7,146000,0.0,0.0
2024-04-16 00:00:00+08:00,86.4,86.4,84.3,84.5,227016,0.0,0.0
2024-04-17 00:00:00+08:00,84.7,85.7,84.6,85.7,90062,0.0,0.0
2024-04-18 00:00:00+08:00,85.0,86.7,85.0,85.4,88070,0.0,0.0
2024-04-19 00:00:00+08:00,85.5,85.5,82.9,84.0,232010,0.0,0.0
2024-04-22 00:00:00+08:00,84.2,84.9,83.1,84.4,130376,0.0,0.0
2024-04-23 00:00:00+08:00,85.3,85.8,84.4,85.0,80529,0.0,0.0
2024-04-24 00:00:00+08:00,85.0,85.8,85.0,85.8,124023,0.0,0.0
2024-04-25 00:00:00+08:00,87.0,89.0,86.8,86.8,373988,0.0,0.0
2024-04-26 00:00:00+08:00,88.3,89.5,87.1,88.3,427058,0.0,0.0
2024-04-29 00:00:00+08:00,88.3,90.7,88.3,90.0,568111,0.0,0.0
2024-04-30 00:00:00+08:00,90.0,90.1,89.0,89.1,153050,0.0,0.0
2024-05-02 00:00:00+08:00,89.1,90.4,88.5,90.3,217120,0.0,0.0
2024-05-03 00:00:00+08:00,91.1,91.9,90.3,90.5,191033,0.0,0.0
2024-05-06 00:00:00+08:00,91.0,91.0,89.4,89.7,145181,0.0,0.0
2024-05-07 00:00:00+08:00,90.6,91.8,90.6,91.1,411639,0.0,0.0
2024-05-08 00:00:00+08:00,91.1,91.8,90.4,91.7,265129,0.0,0.0
2024-05-09 00:00:00+08:00,91.8,92.7,91.2,91.2,252032,0.0,0.0
2024-05-10 00:00:00+08:00,91.0,91.7,90.5,91.7,166016,0.0,0.0
2024-05-13 00:00:00+08:00,91.3,92.2,91.3,91.9,174100,0.0,0.0
2024-05-14 00:00:00+08:00,91.9,92.0,91.3,92.0,144013,0.0,0.0
2024-05-15 00:00:00+08:00,92.3,92.7,91.7,92.3,222123,0.0,0.0
2024-05-16 00:00:00+08:00,92.0,92.3,91.7,92.0,141300,0.0,0.0
2024-05-17 00:00:00+08:00,92.0,92.4,91.7,92.1,139000,0.0,0.0
2024-05-20 00:00:00+08:00,92.4,93.3,92.1,93.1,375023,0.0,0.0
2024-05-21 00:00:00+08:00,93.2,94.5,92.4,94.0,422271,0.0,0.0
2024-05-22 00:00:00+08:00,94.9,96.2,93.8,95.5,408032,0.0,0.0
2024-05-23 00:00:00+08:00,95.5,95.5,93.9,94.1,312453,0.0,0.0
2024-05-24 00:00:00+08:00,93.8,97.7,93.5,95.8,856207,0.0,0.0
2024-05-27 00:00:00+08:00,97.5,98.4,96.1,96.8,468433,0.0,0.0
2024-05-28 00:00:00+08:00,97.4,101.0,96.2,99.5,1009751,0.0,0.0
2024-05-29 00:00:00+08:00,100.0,101.5,98.5,98.6,592556,0.0,0.0
2024-05-30 00:00:00+08:00,98.8,105.0,98.7,104.0,1657403,0.0,0.0
2024-05-31 00:00:00+08:00,105.0,105.0,100.0,100.5,1342227,0.0,0.0
2024-06-03 00:00:00+08:00,102.0,103.5,100.5,101.0,472106,0.0,0.0
2024-06-04 00:00:00+08:00,101.0,101.0,99.2,99.4,446006,0.0,0.0
2024-06-05 00:00:00+08:00,101.5,103.0,100.0,100.0,563220,0.0,0.0
2024-06-06 00:00:00+08:00,101.0,102.0,99.6,100.5,343062,0.0,0.0
2024-06-07 00:00:00+08:00,102.5,107.5,102.5,104.5,1373254,0.0,0.0
2024-06-11 00:00:00+08:00,105.5,106.0,101.0,101.5,414225,0.0,0.0
2024-06-12 00:00:00+08:00,102.0,102.5,101.0,102.0,299172,0.0,0.0
2024-06-13 00:00:00+08:00,103.5,103.5,102.0,102.5,190176,0.0,0.0
2024-06-14 00:00:00+08:00,102.5,105.0,102.5,104.5,333342,0.0,0.0
2024-06-17 00:00:00+08:00,106.0,109.5,105.0,108.0,968744,0.0,0.0
2024-06-18 00:00:00+08:00,109.0,110.0,106.0,106.0,411571,0.0,0.0
2024-06-19 00:00:00+08:00,105.5,108.0,104.5,106.5,404100,0.0,0.0
2024-06-20 00:00:00+08:00,107.5,108.0,106.0,106.5,487300,0.0,0.0
2024-06-21 00:00:00+08:00,107.5,107.5,104.0,104.5,319694,0.0,0.0
2024-06-24 00:00:00+08:00,104.5,107.0,104.5,106.0,303420,0.0,0.0
2024-06-25 00:00:00+08:00,106.0,106.0,102.5,104.5,202401,0.0,0.0
2024-06-26 00:00:00+08:00,105.0,107.0,105.0,105.5,235254,0.0,0.0
2024-06-27 00:00:00+08:00,105.5,106.0,104.0,105.5,211426,0.0,0.0
2024-06-28 00:00:00+08:00,105.5,107.0,105.5,107.0,336401,0.0,0.0
2024-07-01 00:00:00+08:00,107.0,107.0,102.0,102.0,500452,0.0,0.0
2024-07-02 00:00:00+08:00,102.5,106.0,101.5,105.0,421738,0.0,0.0
2024-07-03 00:00:00+08:00,106.0,106.5,105.0,105.5,187315,0.0,0.0
2024-07-04 00:00:00+08:00,105.5,106.0,104.5,106.0,272207,0.0,0.0
2024-07-05 00:00:00+08:00,106.5,111.0,106.5,110.0,913457,0.0,0.0
2024-07-08 00:00:00+08:00,111.5,113.0,107.0,107.5,674519,0.0,0.0
2024-07-09 00:00:00+08:00,109.0,109.0,104.0,107.5,474400,0.0,0.0
2024-07-10 00:00:00+08:00,108.0,109.0,107.0,108.5,205134,0.0,0.0
2024-07-11 00:00:00+08:00,108.5,109.5,106.5,107.0,309877,0.0,0.0
2024-07-12 00:00:00+08:00,105.5,108.5,105.5,107.5,197009,0.0,0.0
2024-07-15 00:00:00+08:00,108.5,108.5,105.0,107.0,221099,0.0,0.0
2024-07-16 00:00:00+08:00,107.5,112.5,107.5,111.0,642172,0.0,0.0
2024-07-17 00:00:00+08:00,111.0,115.0,110.0,112.5,658813,0.0,0.0
2024-07-18 00:00:00+08:00,110.5,113.0,109.5,110.5,339092,0.0,0.0
2024-07-19 00:00:00+08:00,112.5,112.5,107.5,108.0,317255,0.0,0.0
2024-07-22 00:00:00+08:00,107.5,109.5,102.5,103.0,531203,0.0,0.0
2024-07-23 00:00:00+08:00,105.0,107.5,105.0,106.5,255287,0.0,0.0
2024-07-25 00:00:00+08:00,106.5,106.5,106.5,106.5,0,0.0,0.0
2024-07-26 00:00:00+08:00,103.5,105.5,99.9,100.5,734369,0.0,0.0
2024-07-29 00:00:00+08:00,102.5,102.5,97.9,97.9,607034,0.0,0.0
2024-07-30 00:00:00+08:00,97.9,100.0,96.1,99.6,268208,0.0,0.0
2024-07-31 00:00:00+08:00,99.8,101.0,98.7,100.0,132002,0.0,0.0
2024-08-01 00:00:00+08:00,102.0,105.5,101.5,104.0,455015,0.0,0.0
2024-08-02 00:00:00+08:00,102.5,103.0,101.0,101.5,225360,0.0,0.0
2024-08-05 00:00:00+08:00,98.0,98.0,91.7,92.1,624459,0.0,0.0
2024-08-06 00:00:00+08:00,94.8,94.9,87.0,92.0,425006,0.0,0.0
2024-08-07 00:00:00+08:00,91.2,95.0,91.0,94.2,304954,0.0,0.0
2024-08-08 00:00:00+08:00,92.8,93.8,91.8,92.8,129923,0.0,0.0
2024-08-09 00:00:00+08:00,94.8,96.5,94.2,96.1,279226,0.0,0.0
