Date,Open,High,Low,Close,Volume,Dividends,Stock Splits
2007-12-31 00:00:00+08:00,25.92,26.54,25.86,26.2,8268776,0.0,0.0
2008-01-02 00:00:00+08:00,26.2,27.17,25.92,26.2,14001919,0.0,0.0
2008-01-03 00:00:00+08:00,25.75,26.0,24.72,25.06,7681479,0.0,0.0
2008-01-04 00:00:00+08:00,24.16,24.81,23.93,24.13,8903850,0.0,0.0
2008-01-07 00:00:00+08:00,23.13,23.3,22.45,22.45,9894332,0.0,0.0
2008-01-08 00:00:00+08:00,22.39,22.9,21.71,22.08,9678756,0.0,0.0
2008-01-09 00:00:00+08:00,21.48,22.9,20.55,22.9,12178267,0.0,0.0
2008-01-10 00:00:00+08:00,23.59,23.7,22.51,22.73,7563786,0.0,0.0
2008-01-11 00:00:00+08:00,23.42,24.16,23.19,23.59,10682056,0.0,0.0
2008-01-14 00:00:00+08:00,24.16,24.27,22.85,23.16,4659926,0.0,0.0
2008-01-15 00:00:00+08:00,23.47,24.16,23.19,23.3,7430945,0.0,0.0
2008-01-16 00:00:00+08:00,22.51,22.73,21.74,21.77,5708671,0.0,0.0
2008-01-17 00:00:00+08:00,21.94,22.85,21.14,22.73,7963475,0.0,0.0
2008-01-18 00:00:00+08:00,21.94,23.02,21.94,22.96,6181772,0.0,0.0
2008-01-21 00:00:00+08:00,22.85,23.3,22.17,22.17,4446681,0.0,0.0
2008-01-22 00:00:00+08:00,20.63,21.0,20.63,20.63,7244501,0.0,0.0
2008-01-23 00:00:00+08:00,20.06,20.75,19.21,19.21,8059027,0.0,0.0
2008-01-24 00:00:00+08:00,19.21,19.72,17.87,17.87,7828303,0.0,0.0
2008-01-25 00:00:00+08:00,17.33,19.13,17.33,19.13,13644180,0.0,0.0
2008-01-28 00:00:00+08:00,19.04,19.04,17.79,17.79,7652347,0.0,0.0
2008-01-29 00:00:00+08:00,19.01,19.01,18.61,19.01,16401216,0.0,0.0
2008-01-30 00:00:00+08:00,18.93,19.21,18.47,18.67,9305869,0.0,0.0
2008-01-31 00:00:00+08:00,18.67,19.01,17.45,17.65,7796841,0.0,0.0
2008-02-01 00:00:00+08:00,18.13,18.24,17.53,17.96,6418323,0.0,0.0
2008-02-12 00:00:00+08:00,17.36,17.85,16.71,16.71,4989698,0.0,0.0
2008-02-13 00:00:00+08:00,16.48,17.56,16.48,16.6,8944634,0.0,0.0
2008-02-14 00:00:00+08:00,17.39,17.73,17.22,17.73,6003486,0.0,0.0
2008-02-15 00:00:00+08:00,17.05,18.47,17.05,18.19,9272076,0.0,0.0
2008-02-18 00:00:00+08:00,18.64,18.64,17.96,18.02,6075732,0.0,0.0
2008-02-19 00:00:00+08:00,18.3,19.27,18.02,19.27,11426666,0.0,0.0
2008-02-20 00:00:00+08:00,19.21,19.67,18.59,18.59,10675065,0.0,0.0
2008-02-21 00:00:00+08:00,19.04,19.86,18.93,19.86,8759356,0.0,0.0
2008-02-22 00:00:00+08:00,19.61,21.2,19.49,21.03,19458892,0.0,0.0
2008-02-25 00:00:00+08:00,22.17,22.48,21.65,21.74,17944037,0.0,0.0
2008-02-26 00:00:00+08:00,21.94,22.34,21.03,21.2,11840338,0.0,0.0
2008-02-27 00:00:00+08:00,21.6,22.05,21.17,21.31,8068349,0.0,0.0
2008-02-29 00:00:00+08:00,21.14,21.88,21.03,21.6,7471729,0.0,0.0
2008-03-03 00:00:00+08:00,20.97,21.03,20.18,20.46,5261207,0.0,0.0
2008-03-04 00:00:00+08:00,19.92,21.26,19.92,21.14,5563012,0.0,0.0
2008-03-05 00:00:00+08:00,21.03,21.28,20.06,20.06,14159231,0.0,0.0
2008-03-06 00:00:00+08:00,20.18,20.89,20.18,20.35,17834501,0.0,0.0
2008-03-07 00:00:00+08:00,20.32,21.17,20.06,20.52,14162726,0.0,0.0
2008-03-10 00:00:00+08:00,20.69,20.8,20.29,20.29,5576996,0.0,0.0
2008-03-11 00:00:00+08:00,20.29,20.8,20.29,20.6,6258680,0.0,0.0
2008-03-12 00:00:00+08:00,21.28,22.02,21.03,21.34,28311470,0.0,0.0
2008-03-13 00:00:00+08:00,21.48,21.8,20.46,20.46,17361401,0.0,0.0
2008-03-14 00:00:00+08:00,20.89,21.09,19.78,20.12,11423170,0.0,0.0
2008-03-17 00:00:00+08:00,19.55,19.61,18.73,18.76,7926186,0.0,0.0
2008-03-18 00:00:00+08:00,19.04,19.32,18.76,19.32,6036113,0.0,0.0
2008-03-19 00:00:00+08:00,19.89,19.89,18.93,18.93,5878801,0.0,0.0
2008-03-20 00:00:00+08:00,18.76,19.21,18.61,19.07,4418714,0.0,0.0
2008-03-21 00:00:00+08:00,19.32,19.61,19.32,19.49,5765770,0.0,0.0
2008-03-24 00:00:00+08:00,20.86,20.86,19.67,19.98,10885979,0.0,0.0
2008-03-25 00:00:00+08:00,20.06,20.57,20.03,20.26,8344519,0.0,0.0
2008-03-26 00:00:00+08:00,20.46,20.46,19.38,19.44,6334423,0.0,0.0
2008-03-27 00:00:00+08:00,19.15,19.61,19.04,19.21,4161189,0.0,0.0
2008-03-28 00:00:00+08:00,19.32,20.23,19.32,20.23,7524167,0.0,0.0
2008-03-31 00:00:00+08:00,20.23,20.94,19.89,20.49,10840533,0.0,0.0
2008-04-01 00:00:00+08:00,20.97,21.91,20.97,21.71,34656381,0.0,0.0
2008-04-02 00:00:00+08:00,22.34,23.19,22.31,22.76,35998776,0.0,0.0
2008-04-03 00:00:00+08:00,22.96,23.59,22.28,23.19,17884608,0.0,0.0
2008-04-07 00:00:00+08:00,23.47,23.47,22.54,22.9,9233622,0.0,0.0
2008-04-08 00:00:00+08:00,22.73,23.59,22.62,22.96,7482217,0.0,0.0
2008-04-09 00:00:00+08:00,23.3,23.59,22.76,22.85,8126613,0.0,0.0
2008-04-10 00:00:00+08:00,23.25,24.44,23.02,24.44,14984244,0.0,0.0
2008-04-11 00:00:00+08:00,26.14,26.14,25.69,26.14,42847084,0.0,0.0
2008-04-14 00:00:00+08:00,26.14,27.85,25.75,27.85,30791171,0.0,0.0
2008-04-15 00:00:00+08:00,27.85,28.36,26.77,26.8,28648234,0.0,0.0
2008-04-16 00:00:00+08:00,27.0,27.62,26.43,27.25,24834296,0.0,0.0
2008-04-17 00:00:00+08:00,27.62,28.02,26.71,26.71,20041528,0.0,0.0
2008-04-18 00:00:00+08:00,26.49,26.71,25.86,26.09,14391120,0.0,0.0
2008-04-21 00:00:00+08:00,26.49,27.51,26.37,26.91,20695246,0.0,0.0
2008-04-22 00:00:00+08:00,27.45,27.74,26.94,27.03,12370537,0.0,0.0
2008-04-23 00:00:00+08:00,27.28,27.62,26.91,26.97,16957051,0.0,0.0
2008-04-24 00:00:00+08:00,26.97,27.25,26.43,26.43,8219835,0.0,0.0
2008-04-25 00:00:00+08:00,26.54,27.45,26.49,26.6,14045034,0.0,0.0
2008-04-28 00:00:00+08:00,27.05,27.05,26.49,26.6,6271498,0.0,0.0
2008-04-29 00:00:00+08:00,26.6,26.97,26.14,26.29,7779361,0.0,0.0
2008-04-30 00:00:00+08:00,26.6,27.39,26.29,26.94,14983079,0.0,0.0
2008-05-02 00:00:00+08:00,27.57,28.13,27.17,27.57,23184269,0.0,0.0
2008-05-05 00:00:00+08:00,27.57,27.74,26.6,26.8,11291494,0.0,0.0
2008-05-06 00:00:00+08:00,26.8,27.11,26.6,26.94,9261589,0.0,0.0
2008-05-07 00:00:00+08:00,27.17,28.7,27.11,27.65,26597354,0.0,0.0
2008-05-08 00:00:00+08:00,27.65,27.74,26.85,27.05,12371702,0.0,0.0
2008-05-09 00:00:00+08:00,26.43,26.77,25.86,25.92,18511525,0.0,0.0
2008-05-12 00:00:00+08:00,25.58,25.8,24.92,25.18,7652347,0.0,0.0
2008-05-13 00:00:00+08:00,25.41,25.86,25.35,25.63,6915894,0.0,0.0
2008-05-14 00:00:00+08:00,26.03,26.43,25.63,25.97,8372485,0.0,0.0
2008-05-15 00:00:00+08:00,26.2,27.08,26.2,26.77,13493860,0.0,0.0
2008-05-16 00:00:00+08:00,27.39,27.57,26.83,26.97,13060378,0.0,0.0
2008-05-19 00:00:00+08:00,27.11,27.28,26.57,26.66,6076898,0.0,0.0
2008-05-20 00:00:00+08:00,26.94,27.57,26.14,27.03,16958216,0.0,0.0
2008-05-21 00:00:00+08:00,27.28,27.88,26.88,27.03,22046963,0.0,0.0
2008-05-22 00:00:00+08:00,26.83,26.88,26.26,26.51,7820146,0.0,0.0
2008-05-23 00:00:00+08:00,26.88,27.11,25.63,25.75,9559898,0.0,0.0
2008-05-26 00:00:00+08:00,25.41,25.63,23.96,23.96,12161953,0.0,0.0
2008-05-27 00:00:00+08:00,23.96,24.5,22.9,23.7,11574655,0.0,0.0
2008-05-28 00:00:00+08:00,23.73,23.84,22.93,22.96,8135935,0.0,0.0
2008-05-29 00:00:00+08:00,23.13,23.42,22.05,22.34,10732163,0.0,0.0
2008-05-30 00:00:00+08:00,22.56,23.02,22.05,22.88,10234591,0.0,0.0
2008-06-02 00:00:00+08:00,22.88,22.88,22.05,22.45,4867344,0.0,0.0
2008-06-03 00:00:00+08:00,22.17,22.39,21.6,21.6,5035144,0.0,0.0
2008-06-04 00:00:00+08:00,21.03,21.88,20.86,21.26,14624175,0.0,0.0
2008-06-05 00:00:00+08:00,21.26,22.73,21.2,22.73,14953947,0.0,0.0
2008-06-06 00:00:00+08:00,22.85,23.1,22.17,22.17,14614852,0.0,0.0
2008-06-09 00:00:00+08:00,20.63,21.65,20.63,21.46,5028152,0.0,0.0
2008-06-10 00:00:00+08:00,21.46,22.0,20.92,20.92,5538542,0.0,0.0
2008-06-11 00:00:00+08:00,20.69,20.89,19.64,19.89,11881122,0.0,0.0
2008-06-12 00:00:00+08:00,19.24,19.61,18.5,18.64,10905789,0.0,0.0
2008-06-13 00:00:00+08:00,18.93,19.24,18.22,18.87,7738577,0.0,0.0
2008-06-16 00:00:00+08:00,19.44,19.75,19.01,19.13,5299661,0.0,0.0
2008-06-17 00:00:00+08:00,19.32,19.32,18.47,19.13,3294226,0.0,0.0
2008-06-18 00:00:00+08:00,19.13,19.84,19.1,19.49,5226249,0.0,0.0
2008-06-19 00:00:00+08:00,19.32,19.86,18.98,19.49,5666722,0.0,0.0
2008-06-20 00:00:00+08:00,19.72,19.95,18.76,19.04,5295000,0.0,0.0
2008-06-23 00:00:00+08:00,18.19,18.76,18.19,18.41,4449011,0.0,0.0
2008-06-24 00:00:00+08:00,18.41,19.04,17.62,17.68,5312479,0.0,0.0
2008-06-25 00:00:00+08:00,17.73,18.9,17.65,18.9,11801884,0.0,0.0
2008-06-26 00:00:00+08:00,18.76,19.32,18.47,18.53,6949687,0.0,0.0
2008-06-27 00:00:00+08:00,17.25,17.59,17.25,17.25,8605540,0.0,0.0
2008-06-30 00:00:00+08:00,17.42,17.85,16.08,16.14,5754117,0.0,0.0
2008-07-01 00:00:00+08:00,16.48,16.68,15.37,15.46,9225465,0.0,0.0
2008-07-02 00:00:00+08:00,15.52,16.48,15.43,16.37,7943665,0.0,0.0
2008-07-03 00:00:00+08:00,15.91,17.51,15.74,17.51,10586504,0.0,0.0
2008-07-04 00:00:00+08:00,17.62,18.3,17.22,17.22,11391707,0.0,0.0
2008-07-07 00:00:00+08:00,17.22,17.9,16.94,17.73,4457168,0.0,0.0
2008-07-08 00:00:00+08:00,17.51,17.73,16.51,16.71,6024460,0.0,0.0
2008-07-09 00:00:00+08:00,17.11,17.51,16.2,16.71,6615254,0.0,0.0
2008-07-10 00:00:00+08:00,16.71,17.14,16.48,16.82,5246058,0.0,0.0
2008-07-11 00:00:00+08:00,17.31,17.79,17.22,17.62,8127778,0.0,0.0
2008-07-14 00:00:00+08:00,17.62,18.16,17.48,17.62,7506688,0.0,0.0
2008-07-15 00:00:00+08:00,17.16,17.39,16.43,16.43,4796263,0.0,0.0
2008-07-16 00:00:00+08:00,16.6,16.94,15.97,16.11,5317140,0.0,0.0
2008-07-17 00:00:00+08:00,16.94,16.99,16.54,16.82,4191486,0.0,0.0
2008-07-18 00:00:00+08:00,17.05,17.05,15.66,15.66,7186238,0.0,0.0
2008-07-21 00:00:00+08:00,15.74,16.26,15.35,15.94,5910264,0.0,0.0
2008-07-22 00:00:00+08:00,15.74,16.28,15.6,16.03,6549999,0.0,0.0
2008-07-23 00:00:00+08:00,16.31,17.14,16.14,17.14,13279450,0.0,0.0
2008-07-24 00:00:00+08:00,17.45,18.07,17.33,17.82,13800327,0.0,0.0
2008-07-25 00:00:00+08:00,17.22,18.24,17.22,18.24,7799171,0.0,0.0
2008-07-28 00:00:00+08:00,18.24,18.24,18.24,18.24,0,0.0,0.0
2008-08-15 00:00:00+08:00,18.44,18.44,18.44,18.44,0,0.3,1.0
2008-08-18 00:00:00+08:00,18.01,18.01,17.23,17.36,6007904,0.0,0.0
2008-08-19 00:00:00+08:00,17.16,18.27,17.07,18.08,10403031,0.0,0.0
2008-08-20 00:00:00+08:00,18.14,18.6,18.08,18.53,9565864,0.0,0.0
2008-08-21 00:00:00+08:00,18.53,18.89,18.31,18.34,10112690,0.0,0.0
2008-08-22 00:00:00+08:00,18.34,18.73,17.75,17.88,5166633,0.0,0.0
2008-08-25 00:00:00+08:00,18.14,18.37,17.82,17.82,4260728,0.0,0.0
2008-08-26 00:00:00+08:00,17.62,17.88,17.36,17.62,2799790,0.0,0.0
2008-08-27 00:00:00+08:00,17.75,18.83,17.62,18.83,7881271,0.0,0.0
2008-08-28 00:00:00+08:00,18.93,19.77,18.93,18.93,17829811,0.0,0.0
2008-08-29 00:00:00+08:00,19.25,19.51,18.86,19.12,9432492,0.0,0.0
2008-09-01 00:00:00+08:00,19.12,19.38,18.08,18.27,8371670,0.0,0.0
2008-09-02 00:00:00+08:00,18.8,19.15,18.14,19.06,14222606,0.0,0.0
2008-09-03 00:00:00+08:00,18.99,18.99,17.75,17.75,9751559,0.0,0.0
2008-09-04 00:00:00+08:00,17.03,17.82,16.51,16.61,7853570,0.0,0.0
2008-09-05 00:00:00+08:00,15.66,16.97,15.66,16.84,6314660,0.0,0.0
2008-09-08 00:00:00+08:00,18.01,18.01,17.62,18.01,3865741,0.0,0.0
2008-09-09 00:00:00+08:00,18.21,18.21,17.1,17.1,5676526,0.0,0.0
2008-09-10 00:00:00+08:00,17.75,17.95,17.16,17.95,4711116,0.0,0.0
2008-09-11 00:00:00+08:00,17.95,17.95,16.97,16.97,4347933,0.0,0.0
2008-09-12 00:00:00+08:00,17.36,17.49,15.79,16.35,6702466,0.0,0.0
2008-09-15 00:00:00+08:00,15.99,15.99,15.21,15.21,4514136,0.0,0.0
2008-09-16 00:00:00+08:00,14.16,14.16,14.16,14.16,1549169,0.0,0.0
2008-09-17 00:00:00+08:00,14.36,15.04,13.18,13.18,9386325,0.0,0.0
2008-09-18 00:00:00+08:00,12.27,12.27,12.27,12.27,1632270,0.0,0.0
2008-09-19 00:00:00+08:00,12.47,13.12,12.27,13.05,11159149,0.0,0.0
2008-09-22 00:00:00+08:00,13.38,13.9,13.05,13.64,11591070,0.0,0.0
2008-09-23 00:00:00+08:00,13.05,14.29,13.05,14.19,10570259,0.0,0.0
2008-09-24 00:00:00+08:00,14.19,14.88,13.77,14.29,14093337,0.0,0.0
2008-09-25 00:00:00+08:00,14.03,14.49,13.74,13.84,6871746,0.0,0.0
2008-09-26 00:00:00+08:00,13.93,14.1,12.92,13.05,6965106,0.0,0.0
2008-09-29 00:00:00+08:00,13.05,13.05,13.05,13.05,0,0.0,0.0
2008-09-30 00:00:00+08:00,12.14,12.66,12.14,12.63,6203859,0.0,0.0
2008-10-01 00:00:00+08:00,12.99,13.28,12.76,13.05,3867793,0.0,0.0
2008-10-02 00:00:00+08:00,13.05,13.48,12.92,12.95,3398939,0.0,0.0
2008-10-03 00:00:00+08:00,12.43,13.57,12.43,13.44,4002191,0.0,0.0
2008-10-06 00:00:00+08:00,12.99,13.22,12.53,12.53,3304552,0.0,0.0
2008-10-07 00:00:00+08:00,11.68,12.53,11.68,12.2,4454631,0.0,0.0
2008-10-08 00:00:00+08:00,11.75,12.07,11.36,11.36,5577009,0.0,0.0
2008-10-09 00:00:00+08:00,11.09,11.49,10.57,10.57,5638566,0.0,0.0
2008-10-13 00:00:00+08:00,10.21,10.21,10.21,10.21,617615,0.0,0.0
2008-10-14 00:00:00+08:00,10.77,10.9,10.47,10.9,5673448,0.0,0.0
2008-10-15 00:00:00+08:00,10.7,10.7,10.54,10.54,2756700,0.0,0.0
2008-10-16 00:00:00+08:00,10.18,10.18,10.18,10.18,317015,0.0,0.0
2008-10-17 00:00:00+08:00,9.85,10.18,9.85,9.85,1478379,0.0,0.0
2008-10-20 00:00:00+08:00,9.53,9.53,9.53,9.53,419609,0.0,0.0
2008-10-21 00:00:00+08:00,9.56,10.02,9.2,9.2,5738082,0.0,0.0
2008-10-22 00:00:00+08:00,8.91,9.2,8.91,8.91,4112993,0.0,0.0
2008-10-23 00:00:00+08:00,8.61,8.61,8.61,8.61,189798,0.0,0.0
2008-10-24 00:00:00+08:00,8.32,8.32,8.32,8.32,1074159,0.0,0.0
2008-10-27 00:00:00+08:00,7.77,7.77,7.77,7.77,3391757,0.0,0.0
2008-10-28 00:00:00+08:00,7.24,8.03,7.24,7.77,7748924,0.0,0.0
2008-10-29 00:00:00+08:00,8.22,8.22,7.24,7.24,7343678,0.0,0.0
2008-10-30 00:00:00+08:00,7.44,7.73,7.28,7.73,4901941,0.0,0.0
2008-10-31 00:00:00+08:00,8.03,8.26,7.96,8.26,4159160,0.0,0.0
2008-11-03 00:00:00+08:00,8.29,8.81,8.29,8.81,6267467,0.0,0.0
2008-11-04 00:00:00+08:00,8.22,8.22,8.22,8.22,2886995,0.0,0.0
2008-11-05 00:00:00+08:00,8.75,8.78,8.55,8.78,12754486,0.0,0.0
2008-11-06 00:00:00+08:00,8.22,9.23,8.19,9.14,9522775,0.0,0.0
2008-11-07 00:00:00+08:00,8.71,9.76,8.71,9.76,14587840,0.0,0.0
2008-11-10 00:00:00+08:00,9.92,9.99,9.1,9.33,13067397,0.0,0.0
2008-11-11 00:00:00+08:00,9.04,9.14,8.68,8.68,5869402,0.0,0.0
2008-11-12 00:00:00+08:00,8.71,9.27,8.71,9.27,8347047,0.0,0.0
2008-11-13 00:00:00+08:00,9.23,9.82,8.88,9.56,11484372,0.0,0.0
2008-11-14 00:00:00+08:00,10.12,10.12,8.94,8.94,8561469,0.0,0.0
2008-11-17 00:00:00+08:00,8.55,8.65,8.32,8.32,6093057,0.0,0.0
2008-11-18 00:00:00+08:00,7.77,8.09,7.77,7.77,4636222,0.0,0.0
2008-11-19 00:00:00+08:00,7.37,8.26,7.31,8.16,4939901,0.0,0.0
2008-11-20 00:00:00+08:00,7.6,7.9,7.6,7.6,3324045,0.0,0.0
2008-11-21 00:00:00+08:00,7.08,8.06,7.08,7.86,6043812,0.0,0.0
2008-11-24 00:00:00+08:00,7.86,8.03,7.37,7.37,3724162,0.0,0.0
2008-11-25 00:00:00+08:00,7.57,7.86,7.57,7.73,4222769,0.0,0.0
2008-11-26 00:00:00+08:00,7.83,8.03,7.6,7.83,3057301,0.0,0.0
2008-11-27 00:00:00+08:00,8.03,8.35,7.99,8.35,5682681,0.0,0.0
2008-11-28 00:00:00+08:00,8.35,8.78,8.26,8.52,6748633,0.0,0.0
2008-12-01 00:00:00+08:00,8.48,9.04,8.39,8.91,11123241,0.0,0.0
2008-12-02 00:00:00+08:00,8.29,8.55,8.29,8.29,4930667,0.0,0.0
2008-12-03 00:00:00+08:00,8.39,8.55,7.86,7.9,11445386,0.0,0.0
2008-12-04 00:00:00+08:00,8.16,8.35,7.7,7.83,5965841,0.0,0.0
2008-12-05 00:00:00+08:00,7.9,8.03,7.54,7.67,3465625,0.0,0.0
2008-12-08 00:00:00+08:00,7.83,8.19,7.83,8.19,7632993,0.0,0.0
2008-12-09 00:00:00+08:00,8.19,8.68,8.19,8.35,18706989,0.0,0.0
2008-12-10 00:00:00+08:00,8.42,8.91,8.42,8.91,17510743,0.0,0.0
2008-12-11 00:00:00+08:00,8.91,9.33,8.68,8.68,23368861,0.0,0.0
2008-12-12 00:00:00+08:00,8.29,8.58,8.09,8.09,11460775,0.0,0.0
2008-12-15 00:00:00+08:00,8.29,8.61,8.29,8.39,9364780,0.0,0.0
2008-12-16 00:00:00+08:00,8.29,8.94,8.26,8.94,15483486,0.0,0.0
2008-12-17 00:00:00+08:00,9.43,9.43,8.68,8.68,19147118,0.0,0.0
2008-12-18 00:00:00+08:00,8.68,8.75,8.39,8.58,6091005,0.0,0.0
2008-12-19 00:00:00+08:00,8.48,9.01,8.42,8.71,9900321,0.0,0.0
2008-12-22 00:00:00+08:00,8.91,9.23,8.68,8.75,16332964,0.0,0.0
2008-12-23 00:00:00+08:00,8.75,8.75,8.16,8.22,8407578,0.0,0.0
2008-12-24 00:00:00+08:00,7.93,8.45,7.93,8.22,5786301,0.0,0.0
2008-12-25 00:00:00+08:00,8.35,8.35,8.09,8.22,3452288,0.0,0.0
2008-12-26 00:00:00+08:00,8.78,8.78,8.78,8.78,9151384,0.0,0.0
2008-12-29 00:00:00+08:00,9.37,9.37,9.1,9.23,53983936,0.0,0.0
2008-12-30 00:00:00+08:00,9.3,9.79,9.17,9.66,40950395,0.0,0.0
2008-12-31 00:00:00+08:00,9.66,9.89,9.43,9.53,22788179,0.0,0.0
2009-01-02 00:00:00+08:00,9.53,9.53,9.53,9.53,0,0.0,0.0
2009-01-05 00:00:00+08:00,9.85,10.12,9.66,9.76,19222011,0.0,0.0
2009-01-06 00:00:00+08:00,9.79,10.41,9.53,10.41,25101673,0.0,0.0
2009-01-07 00:00:00+08:00,10.51,10.87,10.28,10.8,34704472,0.0,0.0
2009-01-08 00:00:00+08:00,10.38,10.64,10.05,10.05,14186698,0.0,0.0
2009-01-09 00:00:00+08:00,9.85,10.18,9.66,9.79,14110778,0.0,0.0
2009-01-12 00:00:00+08:00,10.18,10.25,9.79,9.79,6682973,0.0,0.0
2009-01-13 00:00:00+08:00,9.66,10.18,9.66,10.05,9125736,0.0,0.0
2009-01-14 00:00:00+08:00,10.08,10.44,9.99,10.12,14958205,0.0,0.0
2009-01-15 00:00:00+08:00,9.66,9.92,9.53,9.53,8297802,0.0,0.0
2009-01-16 00:00:00+08:00,9.72,10.02,9.85,9.85,10856497,0.0,0.0
2009-01-19 00:00:00+08:00,9.99,10.12,9.72,9.76,5121492,0.0,0.0
2009-01-20 00:00:00+08:00,9.59,9.66,9.14,9.3,7044104,0.0,0.0
2009-01-21 00:00:00+08:00,9.14,9.63,9.07,9.5,9209863,0.0,0.0
2009-02-02 00:00:00+08:00,9.76,10.08,9.56,9.79,8489653,0.0,0.0
2009-02-03 00:00:00+08:00,9.99,10.38,9.92,10.21,12245619,0.0,0.0
2009-02-04 00:00:00+08:00,10.38,10.38,10.02,10.08,7441142,0.0,0.0
2009-02-05 00:00:00+08:00,9.99,10.08,9.82,9.82,6021241,0.0,0.0
2009-02-06 00:00:00+08:00,10.05,10.44,10.05,10.18,16191385,0.0,0.0
2009-02-09 00:00:00+08:00,10.44,10.87,10.31,10.44,23482740,0.0,0.0
2009-02-10 00:00:00+08:00,10.57,11.16,10.57,11.16,23994684,0.0,0.0
2009-02-11 00:00:00+08:00,10.96,11.75,10.87,11.39,37116457,0.0,0.0
2009-02-12 00:00:00+08:00,11.39,11.39,10.61,10.61,20753740,0.0,0.0
2009-02-13 00:00:00+08:00,10.61,11.03,10.61,10.93,11275080,0.0,0.0
2009-02-16 00:00:00+08:00,11.09,11.29,10.67,11.03,13395698,0.0,0.0
2009-02-17 00:00:00+08:00,11.03,11.29,10.77,10.77,10318904,0.0,0.0
2009-02-18 00:00:00+08:00,10.51,10.7,10.18,10.54,8764605,0.0,0.0
2009-02-19 00:00:00+08:00,10.51,11.0,10.28,10.77,9907502,0.0,0.0
2009-02-20 00:00:00+08:00,10.51,10.77,10.34,10.34,6932276,0.0,0.0
2009-02-23 00:00:00+08:00,10.31,10.67,10.12,10.57,8168534,0.0,0.0
2009-02-24 00:00:00+08:00,10.38,10.9,10.25,10.77,9880828,0.0,0.0
2009-02-25 00:00:00+08:00,11.03,11.36,10.96,11.36,25015495,0.0,0.0
2009-02-26 00:00:00+08:00,11.68,11.85,11.36,11.62,28413408,0.0,0.0
2009-02-27 00:00:00+08:00,11.71,12.07,11.71,12.01,25455623,0.0,0.0
2009-03-02 00:00:00+08:00,11.88,12.33,11.78,11.78,23667409,0.0,0.0
2009-03-03 00:00:00+08:00,11.62,11.75,10.96,11.65,12589309,0.0,0.0
2009-03-04 00:00:00+08:00,11.65,12.07,11.45,11.75,13608068,0.0,0.0
2009-03-05 00:00:00+08:00,11.91,12.14,11.42,11.42,14537569,0.0,0.0
2009-03-06 00:00:00+08:00,11.42,12.01,11.29,11.94,17108575,0.0,0.0
2009-03-09 00:00:00+08:00,12.01,12.04,11.58,11.75,6547549,0.0,0.0
2009-03-10 00:00:00+08:00,11.75,12.24,11.75,12.17,15371659,0.0,0.0
2009-03-11 00:00:00+08:00,13.02,13.02,12.66,12.82,38701534,0.0,0.0
2009-03-12 00:00:00+08:00,12.82,13.25,12.73,12.82,24831851,0.0,0.0
2009-03-13 00:00:00+08:00,13.09,13.25,12.79,12.99,16310394,0.0,0.0
2009-03-16 00:00:00+08:00,13.09,13.25,12.82,12.86,19921702,0.0,0.0
2009-03-17 00:00:00+08:00,12.86,13.38,12.53,13.18,18465894,0.0,0.0
2009-03-18 00:00:00+08:00,13.18,13.44,12.92,12.92,16498141,0.0,0.0
2009-03-19 00:00:00+08:00,12.92,13.18,12.73,12.73,11462827,0.0,0.0
2009-03-20 00:00:00+08:00,12.79,12.89,12.24,12.27,9116502,0.0,0.0
2009-03-23 00:00:00+08:00,12.5,12.73,12.33,12.73,6387502,0.0,0.0
2009-03-24 00:00:00+08:00,12.95,13.02,12.63,12.63,9204733,0.0,0.0
2009-03-25 00:00:00+08:00,12.69,13.48,12.69,13.44,22513227,0.0,0.0
2009-03-26 00:00:00+08:00,13.44,13.97,13.25,13.51,22972848,0.0,0.0
2009-03-27 00:00:00+08:00,13.77,13.9,13.05,13.18,12762693,0.0,0.0
2009-03-30 00:00:00+08:00,12.86,13.05,12.5,12.5,9557657,0.0,0.0
2009-03-31 00:00:00+08:00,12.5,12.86,12.47,12.82,8438356,0.0,0.0
2009-04-02 00:00:00+08:00,13.51,13.57,12.92,13.05,11491553,0.0,0.0
2009-04-03 00:00:00+08:00,13.31,13.35,12.99,12.99,7628889,0.0,0.0
2009-04-06 00:00:00+08:00,13.05,13.64,13.05,13.25,13013022,0.0,0.0
2009-04-07 00:00:00+08:00,13.12,13.51,13.09,13.28,7999254,0.0,0.0
2009-04-08 00:00:00+08:00,13.25,13.51,13.05,13.09,7621708,0.0,0.0
2009-04-09 00:00:00+08:00,13.25,13.77,13.25,13.51,18045258,0.0,0.0
2009-04-10 00:00:00+08:00,13.71,13.71,13.25,13.28,12600595,0.0,0.0
2009-04-13 00:00:00+08:00,13.41,13.9,13.31,13.84,14849455,0.0,0.0
2009-04-14 00:00:00+08:00,13.84,14.03,13.57,13.61,10112690,0.0,0.0
2009-04-15 00:00:00+08:00,13.51,13.84,13.35,13.38,7824844,0.0,0.0
2009-04-16 00:00:00+08:00,13.57,13.97,13.57,13.71,12173804,0.0,0.0
2009-04-17 00:00:00+08:00,13.97,14.0,12.76,12.76,17854433,0.0,0.0
2009-04-20 00:00:00+08:00,12.56,12.76,11.88,12.01,12121481,0.0,0.0
2009-04-21 00:00:00+08:00,11.62,12.6,11.62,12.5,10572311,0.0,0.0
2009-04-22 00:00:00+08:00,12.53,13.25,12.4,13.05,18922437,0.0,0.0
2009-04-23 00:00:00+08:00,12.99,13.35,12.79,12.92,13000711,0.0,0.0
2009-04-24 00:00:00+08:00,13.18,13.61,12.92,12.92,17191676,0.0,0.0
2009-04-27 00:00:00+08:00,13.44,13.54,12.99,13.22,29845620,0.0,0.0
2009-04-28 00:00:00+08:00,13.51,13.57,12.92,13.05,23315512,0.0,0.0
2009-04-29 00:00:00+08:00,13.18,13.38,12.6,12.63,12316409,0.0,0.0
2009-04-30 00:00:00+08:00,13.25,13.51,13.05,13.51,16561749,0.0,0.0
2009-05-04 00:00:00+08:00,13.77,14.42,13.57,13.9,30659190,0.0,0.0
2009-05-05 00:00:00+08:00,14.03,14.85,13.44,14.85,56034790,0.0,0.0
2009-05-06 00:00:00+08:00,15.01,15.86,15.01,15.86,14503713,0.0,0.0
2009-05-07 00:00:00+08:00,16.97,16.97,16.97,16.97,6192573,0.0,0.0
2009-05-08 00:00:00+08:00,18.14,18.14,17.29,18.14,64342853,0.0,0.0
2009-05-11 00:00:00+08:00,18.47,19.38,18.27,18.6,36511152,0.0,0.0
2009-05-12 00:00:00+08:00,18.6,19.45,18.27,18.93,39685411,0.0,0.0
2009-05-13 00:00:00+08:00,19.25,19.45,18.57,18.7,23346290,0.0,0.0
2009-05-14 00:00:00+08:00,18.14,20.0,18.01,20.0,36901009,0.0,0.0
2009-05-15 00:00:00+08:00,20.79,21.37,20.36,21.37,31293221,0.0,0.0
2009-05-18 00:00:00+08:00,22.84,22.84,21.93,22.71,45312691,0.0,0.0
2009-05-19 00:00:00+08:00,24.15,24.28,22.19,22.39,35605247,0.0,0.0
2009-05-20 00:00:00+08:00,22.19,23.63,21.93,23.14,30784355,0.0,0.0
2009-05-21 00:00:00+08:00,23.1,23.95,22.58,23.17,24667701,0.0,0.0
2009-05-22 00:00:00+08:00,23.04,24.73,22.94,24.47,36151047,0.0,0.0
2009-05-25 00:00:00+08:00,25.19,26.17,25.19,26.17,34831688,0.0,0.0
2009-05-26 00:00:00+08:00,26.89,28.0,25.97,25.97,56547760,0.0,0.0
2009-05-27 00:00:00+08:00,27.48,27.74,26.5,27.74,28849432,0.0,0.0
2009-06-01 00:00:00+08:00,25.81,26.76,25.81,25.81,24503550,0.0,0.0
2009-06-02 00:00:00+08:00,27.61,27.61,24.28,24.8,32373536,0.0,0.0
2009-06-03 00:00:00+08:00,23.82,24.67,23.36,23.36,20246925,0.0,0.0
2009-06-04 00:00:00+08:00,23.36,25.0,23.36,25.0,15649688,0.0,0.0
2009-06-05 00:00:00+08:00,25.58,26.04,25.09,25.52,16846960,0.0,0.0
2009-06-08 00:00:00+08:00,25.78,26.43,25.45,25.45,14483194,0.0,0.0
2009-06-09 00:00:00+08:00,25.52,25.68,23.69,23.69,19107106,0.0,0.0
2009-06-10 00:00:00+08:00,23.69,24.15,22.06,22.22,18067829,0.0,0.0
2009-06-11 00:00:00+08:00,22.19,23.69,21.37,23.69,15376788,0.0,0.0
2009-06-12 00:00:00+08:00,23.66,24.11,22.84,23.04,11538747,0.0,0.0
2009-06-15 00:00:00+08:00,22.19,22.84,21.44,21.44,10305567,0.0,0.0
2009-06-16 00:00:00+08:00,20.88,21.21,19.97,20.23,12033250,0.0,0.0
2009-06-17 00:00:00+08:00,20.36,20.85,19.61,19.71,8165456,0.0,0.0
2009-06-18 00:00:00+08:00,19.71,20.56,19.58,20.23,7812533,0.0,0.0
2009-06-19 00:00:00+08:00,20.75,21.41,20.36,21.21,8687659,0.0,0.0
2009-06-22 00:00:00+08:00,21.21,21.96,20.88,21.93,9298094,0.0,0.0
2009-06-23 00:00:00+08:00,21.41,22.52,21.41,21.63,7123101,0.0,0.0
2009-06-24 00:00:00+08:00,21.63,22.52,21.63,21.86,6342361,0.0,0.0
2009-06-25 00:00:00+08:00,22.25,22.45,21.96,21.99,5704226,0.0,0.0
2009-06-26 00:00:00+08:00,22.25,23.53,21.93,22.94,13254118,0.0,0.0
2009-06-29 00:00:00+08:00,23.14,23.17,21.86,21.96,6905602,0.0,0.0
2009-06-30 00:00:00+08:00,22.19,22.58,21.96,22.12,5890947,0.0,0.0
2009-07-01 00:00:00+08:00,22.32,23.36,22.19,22.87,8709204,0.0,0.0
2009-07-02 00:00:00+08:00,23.17,24.47,23.17,24.15,15598391,0.0,0.0
2009-07-03 00:00:00+08:00,23.56,24.15,23.17,23.95,10115768,0.0,0.0
2009-07-06 00:00:00+08:00,24.73,24.8,23.98,23.98,9867490,0.0,0.0
2009-07-07 00:00:00+08:00,24.02,24.44,23.98,24.05,10013174,0.0,0.0
2009-07-08 00:00:00+08:00,24.47,25.71,24.28,25.65,26828331,0.0,0.0
2009-07-09 00:00:00+08:00,26.07,26.07,25.13,25.32,14763276,0.0,0.0
2009-07-10 00:00:00+08:00,25.97,25.97,25.13,25.13,7859726,0.0,0.0
2009-07-13 00:00:00+08:00,25.78,25.78,24.18,24.21,10651309,0.0,0.0
2009-07-14 00:00:00+08:00,24.47,25.75,24.47,25.55,10806226,0.0,0.0
2009-07-15 00:00:00+08:00,26.04,27.08,25.13,26.3,22706104,0.0,0.0
2009-07-16 00:00:00+08:00,27.05,27.31,26.43,26.63,16820286,0.0,0.0
2009-07-17 00:00:00+08:00,27.08,27.35,26.76,27.02,12662151,0.0,0.0
2009-07-20 00:00:00+08:00,27.21,28.88,27.21,28.45,20718858,0.0,0.0
2009-07-21 00:00:00+08:00,28.72,29.11,27.44,27.93,13477773,0.0,0.0
2009-07-22 00:00:00+08:00,27.97,28.45,27.74,27.93,9773104,0.0,0.0
2009-07-23 00:00:00+08:00,28.59,28.59,27.79,27.79,8639000,0.0,0.0
2009-07-24 00:00:00+08:00,28.79,28.86,27.92,28.12,10635000,0.0,0.0
2009-07-27 00:00:00+08:00,28.46,28.66,27.45,27.85,6578000,0.0,0.0
2009-07-28 00:00:00+08:00,27.79,28.76,27.65,28.42,9612000,0.0,0.0
2009-07-29 00:00:00+08:00,28.56,28.66,27.85,27.89,7541000,0.0,0.0
2009-07-30 00:00:00+08:00,27.72,27.72,26.45,27.12,10478000,0.0,0.0
2009-07-31 00:00:00+08:00,27.45,28.09,27.38,27.45,7718000,0.0,0.0
2009-08-03 00:00:00+08:00,27.45,28.32,27.08,28.12,8702000,0.0,0.0
2009-08-04 00:00:00+08:00,28.46,29.86,28.12,28.15,19576000,0.0,0.0
2009-08-05 00:00:00+08:00,28.46,28.72,27.42,27.45,11557000,0.0,0.0
2009-08-06 00:00:00+08:00,27.79,28.12,26.65,26.98,12558000,0.0,0.0
2009-08-10 00:00:00+08:00,26.45,26.98,25.58,25.91,9178000,0.0,0.0
2009-08-11 00:00:00+08:00,26.78,27.12,26.45,27.12,9548000,0.0,0.0
2009-08-12 00:00:00+08:00,27.12,27.72,26.72,27.05,7137000,0.0,0.0
2009-08-13 00:00:00+08:00,28.92,28.92,28.92,28.92,10659000,0.0,0.0
2009-08-14 00:00:00+08:00,29.86,29.86,28.15,28.39,19670000,0.0,0.0
2009-08-17 00:00:00+08:00,28.79,29.19,28.42,28.79,12032000,0.0,0.0
2009-08-18 00:00:00+08:00,28.15,28.46,26.82,27.32,12805000,0.0,0.0
2009-08-19 00:00:00+08:00,27.65,27.72,27.12,27.38,7176000,0.0,0.0
2009-08-20 00:00:00+08:00,27.38,27.38,26.11,26.45,9280000,0.0,0.0
2009-08-21 00:00:00+08:00,26.78,27.28,26.11,26.31,5699000,0.0,0.0
2009-08-24 00:00:00+08:00,27.12,27.45,26.45,27.45,11632000,0.0,0.0
2009-08-25 00:00:00+08:00,27.45,29.19,27.12,28.32,17136000,0.0,0.0
2009-08-26 00:00:00+08:00,28.79,29.46,27.85,28.79,19107000,0.0,0.0
2009-08-27 00:00:00+08:00,28.79,30.13,28.66,29.59,24401000,0.0,0.0
2009-08-28 00:00:00+08:00,30.0,31.64,29.8,31.64,36352000,0.0,0.0
2009-08-31 00:00:00+08:00,32.67,33.81,32.14,33.81,40911000,0.0,0.0
2009-09-01 00:00:00+08:00,33.81,34.21,32.47,33.75,34895000,0.0,0.0
2009-09-02 00:00:00+08:00,33.34,36.09,33.28,36.09,22588000,0.0,0.0
2009-09-03 00:00:00+08:00,35.96,36.69,34.15,34.75,31979000,0.0,0.0
2009-09-04 00:00:00+08:00,34.75,35.96,33.48,34.82,27377000,0.0,0.0
2009-09-07 00:00:00+08:00,34.82,34.95,34.01,34.01,14165000,0.0,0.0
2009-09-08 00:00:00+08:00,34.15,35.02,33.48,33.54,18294000,0.0,0.0
2009-09-09 00:00:00+08:00,33.54,33.54,32.47,32.94,23248000,0.0,0.0
2009-09-10 00:00:00+08:00,34.15,34.15,31.67,31.8,20955000,0.0,0.0
2009-09-11 00:00:00+08:00,31.8,32.98,31.8,32.61,10961000,0.0,0.0
2009-09-14 00:00:00+08:00,32.61,32.81,31.8,31.94,7958000,0.0,0.0
2009-09-15 00:00:00+08:00,31.94,32.74,31.94,32.74,11535000,0.0,0.0
2009-09-16 00:00:00+08:00,33.75,35.02,33.48,34.88,30358000,0.0,0.0
2009-09-17 00:00:00+08:00,35.02,35.29,33.68,33.81,20656000,0.0,0.0
2009-09-18 00:00:00+08:00,34.08,34.68,33.48,34.15,13725000,0.0,0.0
2009-09-21 00:00:00+08:00,34.15,34.82,33.54,34.48,15939000,0.0,0.0
2009-09-22 00:00:00+08:00,34.68,34.68,33.61,33.68,12497000,0.0,0.0
2009-09-23 00:00:00+08:00,33.75,34.15,32.47,32.67,16206000,0.0,0.0
2009-09-24 00:00:00+08:00,32.14,32.94,32.0,32.27,14948000,0.0,0.0
2009-09-25 00:00:00+08:00,32.14,33.04,32.0,32.81,9376000,0.0,0.0
2009-09-28 00:00:00+08:00,32.81,33.11,32.0,32.17,8254000,0.0,0.0
2009-09-29 00:00:00+08:00,32.77,33.31,32.21,33.31,12664000,0.0,0.0
2009-09-30 00:00:00+08:00,33.48,34.35,33.48,33.81,20439000,0.0,0.0
2009-10-01 00:00:00+08:00,35.15,36.16,35.02,36.16,42440000,0.0,0.0
2009-10-02 00:00:00+08:00,36.16,38.57,36.16,37.23,35541000,0.0,0.0
2009-10-05 00:00:00+08:00,37.43,38.16,36.83,37.9,13214000,0.0,0.0
2009-10-06 00:00:00+08:00,38.16,38.16,37.16,37.23,14426000,0.0,0.0
2009-10-07 00:00:00+08:00,37.76,37.9,36.83,36.83,14617000,0.0,0.0
2009-10-08 00:00:00+08:00,37.5,37.9,36.83,36.89,22616000,0.0,0.0
2009-10-09 00:00:00+08:00,37.9,38.57,36.83,38.1,19946000,0.0,0.0
2009-10-12 00:00:00+08:00,38.3,38.57,37.63,37.7,7308000,0.0,0.0
2009-10-13 00:00:00+08:00,36.83,37.63,36.49,37.03,15716000,0.0,0.0
2009-10-14 00:00:00+08:00,37.03,37.7,36.76,37.16,12086000,0.0,0.0
2009-10-15 00:00:00+08:00,37.43,37.5,36.09,36.29,14174000,0.0,0.0
2009-10-16 00:00:00+08:00,36.29,36.76,35.82,36.09,8824000,0.0,0.0
2009-10-19 00:00:00+08:00,35.82,36.96,35.82,36.76,6518000,0.0,0.0
2009-10-20 00:00:00+08:00,36.76,37.09,35.96,36.09,8671000,0.0,0.0
2009-10-21 00:00:00+08:00,36.16,36.76,36.02,36.29,8284000,0.0,0.0
2009-10-22 00:00:00+08:00,36.22,36.62,35.82,35.82,8174000,0.0,0.0
2009-10-23 00:00:00+08:00,36.69,38.1,36.69,37.5,23147000,0.0,0.0
2009-10-26 00:00:00+08:00,38.83,38.9,38.23,38.7,22862000,0.0,0.0
2009-10-27 00:00:00+08:00,38.5,38.7,37.76,38.43,11677000,0.0,0.0
2009-10-28 00:00:00+08:00,38.77,39.5,37.43,37.5,13251000,0.0,0.0
2009-10-29 00:00:00+08:00,35.49,36.83,35.49,36.69,16030000,0.0,0.0
2009-10-30 00:00:00+08:00,37.5,37.5,36.16,36.16,7411000,0.0,0.0
2009-11-02 00:00:00+08:00,35.49,36.83,35.49,36.76,5819000,0.0,0.0
2009-11-03 00:00:00+08:00,36.83,36.96,36.29,36.29,3763000,0.0,0.0
2009-11-04 00:00:00+08:00,36.83,37.36,36.69,36.96,4250000,0.0,0.0
2009-11-05 00:00:00+08:00,37.16,37.7,36.89,37.09,6576000,0.0,0.0
2009-11-06 00:00:00+08:00,37.5,37.7,36.96,36.96,4372000,0.0,0.0
2009-11-09 00:00:00+08:00,37.56,37.83,37.09,37.23,3388000,0.0,0.0
2009-11-10 00:00:00+08:00,37.56,39.44,37.5,39.17,27008000,0.0,0.0
2009-11-11 00:00:00+08:00,38.57,38.77,37.9,38.23,12145000,0.0,0.0
2009-11-12 00:00:00+08:00,38.43,39.3,38.37,38.97,13722000,0.0,0.0
2009-11-13 00:00:00+08:00,39.1,39.17,38.57,39.1,5153000,0.0,0.0
2009-11-16 00:00:00+08:00,39.24,40.11,39.1,39.77,9099000,0.0,0.0
2009-11-17 00:00:00+08:00,40.17,40.17,38.7,38.7,7233000,0.0,0.0
2009-11-18 00:00:00+08:00,39.17,39.17,38.7,38.9,3370000,0.0,0.0
2009-11-19 00:00:00+08:00,39.84,41.58,39.84,41.58,22369000,0.0,0.0
2009-11-20 00:00:00+08:00,41.45,43.92,40.78,43.19,20542000,0.0,0.0
2009-11-23 00:00:00+08:00,43.86,46.13,43.86,44.86,14844000,0.0,0.0
2009-11-24 00:00:00+08:00,44.86,45.06,43.59,44.86,9683000,0.0,0.0
2009-11-25 00:00:00+08:00,44.86,47.54,44.79,46.8,18003000,0.0,0.0
2009-11-26 00:00:00+08:00,46.74,47.54,46.2,46.2,10020000,0.0,0.0
2009-11-27 00:00:00+08:00,45.2,46.2,44.53,44.53,13425000,0.0,0.0
2009-11-30 00:00:00+08:00,45.53,47.61,45.53,47.61,15415000,0.0,0.0
2009-12-01 00:00:00+08:00,49.01,50.89,49.01,50.89,15307000,0.0,0.0
2009-12-02 00:00:00+08:00,53.7,54.44,50.22,51.76,31380000,0.0,0.0
2009-12-03 00:00:00+08:00,51.89,52.9,50.22,52.69,18267000,0.0,0.0
2009-12-04 00:00:00+08:00,53.43,56.24,53.36,55.51,17117000,0.0,0.0
2009-12-07 00:00:00+08:00,55.57,56.91,54.23,55.24,19470000,0.0,0.0
2009-12-08 00:00:00+08:00,55.24,55.24,52.43,52.76,16902000,0.0,0.0
2009-12-09 00:00:00+08:00,51.56,54.44,51.56,52.76,14834000,0.0,0.0
2009-12-10 00:00:00+08:00,53.23,53.56,50.62,51.42,17336000,0.0,0.0
2009-12-11 00:00:00+08:00,52.49,54.97,52.43,54.97,19552000,0.0,0.0
2009-12-14 00:00:00+08:00,54.84,55.57,53.7,54.57,10204000,0.0,0.0
2009-12-15 00:00:00+08:00,54.9,55.24,53.9,54.03,5067000,0.0,0.0
2009-12-16 00:00:00+08:00,53.03,54.9,53.03,54.9,7895000,0.0,0.0
2009-12-17 00:00:00+08:00,55.24,55.24,53.3,53.3,8018000,0.0,0.0
2009-12-18 00:00:00+08:00,52.09,53.3,52.09,52.63,7850000,0.0,0.0
2009-12-21 00:00:00+08:00,52.9,53.43,51.89,52.02,6854000,0.0,0.0
2009-12-22 00:00:00+08:00,52.56,53.43,52.29,52.69,5311000,0.0,0.0
2009-12-23 00:00:00+08:00,52.69,54.84,52.69,53.56,6398000,0.0,0.0
2009-12-24 00:00:00+08:00,54.84,55.71,54.3,54.3,8757000,0.0,0.0
2009-12-25 00:00:00+08:00,54.57,54.64,53.36,53.5,4728000,0.0,0.0
2009-12-28 00:00:00+08:00,56.78,56.78,54.9,54.9,9903000,0.0,0.0
2009-12-29 00:00:00+08:00,55.57,55.91,54.7,55.57,9004000,0.0,0.0
2009-12-30 00:00:00+08:00,56.24,57.31,55.84,56.44,9189000,0.0,0.0
2009-12-31 00:00:00+08:00,56.44,56.44,55.31,56.38,9226000,0.0,0.0
2010-01-04 00:00:00+08:00,56.38,56.44,54.23,54.43,13471000,0.0,0.0
2010-01-05 00:00:00+08:00,54.23,54.9,50.69,52.23,31515000,0.0,0.0
2010-01-06 00:00:00+08:00,50.95,51.76,48.61,48.88,36225000,0.0,0.0
2010-01-07 00:00:00+08:00,49.01,50.22,48.48,48.94,26832000,0.0,0.0
2010-01-08 00:00:00+08:00,48.94,49.41,46.33,47.74,21649000,0.0,0.0
2010-01-11 00:00:00+08:00,47.54,51.02,46.87,51.02,28547000,0.0,0.0
2010-01-12 00:00:00+08:00,51.02,51.69,50.22,51.02,16301000,0.0,0.0
2010-01-13 00:00:00+08:00,49.95,50.55,49.88,49.88,10630000,0.0,0.0
2010-01-14 00:00:00+08:00,50.22,51.22,50.02,50.35,8642000,0.0,0.0
2010-01-15 00:00:00+08:00,51.22,51.22,50.02,50.02,10240000,0.0,0.0
2010-01-18 00:00:00+08:00,49.88,49.88,48.94,49.15,12520000,0.0,0.0
2010-01-19 00:00:00+08:00,49.21,50.89,49.21,49.88,12258000,0.0,0.0
2010-01-20 00:00:00+08:00,50.82,51.22,49.88,50.35,14571000,0.0,0.0
2010-01-21 00:00:00+08:00,50.75,50.82,49.68,49.75,6608000,0.0,0.0
2010-01-22 00:00:00+08:00,48.28,49.21,46.87,47.54,16644000,0.0,0.0
2010-01-25 00:00:00+08:00,45.86,48.21,45.73,46.8,10157000,0.0,0.0
2010-01-26 00:00:00+08:00,46.8,47.74,43.59,45.4,14271000,0.0,0.0
2010-01-27 00:00:00+08:00,45.6,46.2,42.32,43.19,17819000,0.0,0.0
2010-01-28 00:00:00+08:00,41.65,42.99,40.17,41.45,45979000,0.0,0.0
2010-01-29 00:00:00+08:00,38.83,39.91,38.57,39.24,31207000,0.0,0.0
2010-02-01 00:00:00+08:00,39.24,40.44,38.83,39.24,24100000,0.0,0.0
2010-02-02 00:00:00+08:00,40.44,40.84,39.7,39.91,26190000,0.0,0.0
2010-02-03 00:00:00+08:00,41.04,42.65,40.58,42.65,28458000,0.0,0.0
2010-02-04 00:00:00+08:00,43.52,45.53,43.32,44.12,31286000,0.0,0.0
2010-02-05 00:00:00+08:00,42.58,44.86,42.25,44.19,28936000,0.0,0.0
2010-02-08 00:00:00+08:00,43.19,43.52,41.24,41.31,11457000,0.0,0.0
2010-02-09 00:00:00+08:00,41.31,43.05,40.84,42.25,12049000,0.0,0.0
2010-02-10 00:00:00+08:00,42.92,43.86,42.78,42.92,11083000,0.0,0.0
2010-02-22 00:00:00+08:00,44.46,45.2,43.59,44.32,12112000,0.0,0.0
2010-02-23 00:00:00+08:00,44.53,46.53,44.26,46.33,17942000,0.0,0.0
2010-02-24 00:00:00+08:00,45.53,46.07,44.79,44.79,9479000,0.0,0.0
2010-02-25 00:00:00+08:00,44.79,45.2,42.12,42.25,14746000,0.0,0.0
2010-02-26 00:00:00+08:00,42.32,42.92,41.51,42.25,8556000,0.0,0.0
2010-03-01 00:00:00+08:00,42.25,43.45,41.58,42.32,13027000,0.0,0.0
2010-03-02 00:00:00+08:00,42.85,43.05,41.85,42.12,8574000,0.0,0.0
2010-03-03 00:00:00+08:00,42.12,42.18,40.64,41.11,17339000,0.0,0.0
2010-03-04 00:00:00+08:00,41.11,43.39,41.11,42.58,28007000,0.0,0.0
2010-03-05 00:00:00+08:00,43.25,44.73,42.85,44.53,31045000,0.0,0.0
2010-03-08 00:00:00+08:00,45.2,45.6,44.12,44.19,16204000,0.0,0.0
2010-03-09 00:00:00+08:00,44.26,44.59,43.19,43.72,14514000,0.0,0.0
2010-03-10 00:00:00+08:00,43.32,43.79,42.65,42.85,9745000,0.0,0.0
2010-03-11 00:00:00+08:00,43.05,44.06,42.85,42.92,18154000,0.0,0.0
2010-03-12 00:00:00+08:00,43.05,43.39,42.58,42.92,8191000,0.0,0.0
2010-03-15 00:00:00+08:00,43.19,43.72,42.58,42.58,9338000,0.0,0.0
2010-03-16 00:00:00+08:00,42.85,43.19,42.45,42.78,6628000,0.0,0.0
2010-03-17 00:00:00+08:00,43.39,43.72,43.05,43.12,12160000,0.0,0.0
2010-03-18 00:00:00+08:00,43.25,43.66,42.72,42.78,11335000,0.0,0.0
2010-03-19 00:00:00+08:00,42.78,43.45,42.72,43.12,8277000,0.0,0.0
2010-03-22 00:00:00+08:00,43.12,43.12,43.12,43.12,0,0.0,0.0
2010-03-23 00:00:00+08:00,42.05,42.72,40.98,41.11,24431000,0.0,0.0
2010-03-24 00:00:00+08:00,41.11,41.45,39.84,39.97,26311000,0.0,0.0
2010-03-25 00:00:00+08:00,39.97,41.31,38.9,41.24,29726000,0.0,0.0
2010-03-26 00:00:00+08:00,41.04,41.51,39.91,40.17,27170000,0.0,0.0
2010-03-29 00:00:00+08:00,40.31,41.04,39.84,39.91,21535000,0.0,0.0
2010-03-30 00:00:00+08:00,39.91,39.91,37.23,37.63,36727000,0.0,0.0
2010-03-31 00:00:00+08:00,37.5,38.63,36.83,38.5,42532000,0.0,0.0
2010-04-01 00:00:00+08:00,38.83,39.91,38.7,39.5,34136000,0.0,0.0
2010-04-02 00:00:00+08:00,40.17,40.24,39.37,39.5,12464000,0.0,0.0
2010-04-06 00:00:00+08:00,39.84,39.84,37.83,38.16,22668000,0.0,0.0
2010-04-07 00:00:00+08:00,38.7,39.3,38.43,38.9,18787000,0.0,0.0
2010-04-08 00:00:00+08:00,39.1,39.77,38.57,39.1,21000000,0.0,0.0
2010-04-09 00:00:00+08:00,39.5,39.64,38.83,39.04,6860000,0.0,0.0
2010-04-12 00:00:00+08:00,39.24,39.5,38.9,39.1,11529000,0.0,0.0
2010-04-13 00:00:00+08:00,39.1,39.37,38.16,38.83,9264000,0.0,0.0
2010-04-14 00:00:00+08:00,39.17,39.91,39.04,39.64,23273000,0.0,0.0
2010-04-15 00:00:00+08:00,40.17,40.37,39.64,39.77,13515000,0.0,0.0
2010-04-16 00:00:00+08:00,39.77,39.97,38.16,38.77,16772000,0.0,0.0
2010-04-19 00:00:00+08:00,38.43,39.77,38.1,38.16,22981000,0.0,0.0
2010-04-20 00:00:00+08:00,38.57,39.17,37.7,38.57,27320000,0.0,0.0
2010-04-21 00:00:00+08:00,39.17,41.24,38.97,41.24,41754000,0.0,0.0
2010-04-22 00:00:00+08:00,42.85,42.99,41.78,42.05,69572000,0.0,0.0
2010-04-23 00:00:00+08:00,42.05,42.38,41.58,41.98,22344000,0.0,0.0
2010-04-26 00:00:00+08:00,42.32,42.78,41.85,41.98,30300000,0.0,0.0
2010-04-27 00:00:00+08:00,42.18,42.65,41.71,41.98,23116000,0.0,0.0
2010-04-28 00:00:00+08:00,40.17,41.51,40.17,41.24,13775000,0.0,0.0
2010-04-29 00:00:00+08:00,41.51,42.85,41.51,41.78,26981000,0.0,0.0
2010-04-30 00:00:00+08:00,42.52,42.58,40.91,41.04,17749000,0.0,0.0
2010-05-03 00:00:00+08:00,41.38,41.51,39.91,40.17,11980000,0.0,0.0
2010-05-04 00:00:00+08:00,40.78,40.78,39.24,39.37,11980000,0.0,0.0
2010-05-05 00:00:00+08:00,38.23,38.7,36.62,37.29,21854000,0.0,0.0
2010-05-06 00:00:00+08:00,36.96,38.03,34.82,35.55,22458000,0.0,0.0
2010-05-07 00:00:00+08:00,33.48,34.75,33.08,34.55,25469000,0.0,0.0
2010-05-10 00:00:00+08:00,34.82,35.55,34.35,35.55,19179000,0.0,0.0
2010-05-11 00:00:00+08:00,35.55,36.42,34.48,34.48,22591000,0.0,0.0
2010-05-12 00:00:00+08:00,35.15,36.83,35.15,35.82,37206000,0.0,0.0
2010-05-13 00:00:00+08:00,36.29,36.42,35.35,35.82,19174000,0.0,0.0
2010-05-14 00:00:00+08:00,35.69,35.96,35.49,35.82,5831000,0.0,0.0
2010-05-17 00:00:00+08:00,35.55,35.55,34.15,34.15,9881000,0.0,0.0
2010-05-18 00:00:00+08:00,34.28,34.68,33.54,33.81,8430000,0.0,0.0
2010-05-19 00:00:00+08:00,33.48,33.68,32.47,32.71,16069000,0.0,0.0
2010-05-20 00:00:00+08:00,32.14,33.95,32.14,32.27,20142000,0.0,0.0
2010-05-21 00:00:00+08:00,30.13,30.53,30.03,30.1,22763000,0.0,0.0
2010-05-24 00:00:00+08:00,30.67,31.8,30.0,31.13,21254000,0.0,0.0
2010-05-25 00:00:00+08:00,30.2,30.87,28.96,28.96,17372000,0.0,0.0
2010-05-26 00:00:00+08:00,29.19,30.97,29.19,30.97,26432000,0.0,0.0
2010-05-27 00:00:00+08:00,31.47,32.27,31.27,32.0,27889000,0.0,0.0
2010-05-28 00:00:00+08:00,32.54,33.34,32.27,32.27,26245000,0.0,0.0
2010-05-31 00:00:00+08:00,32.27,32.81,31.94,32.57,11153000,0.0,0.0
2010-06-01 00:00:00+08:00,32.57,32.98,32.14,32.14,13116000,0.0,0.0
2010-06-02 00:00:00+08:00,32.14,32.34,30.8,31.13,11191000,0.0,0.0
2010-06-03 00:00:00+08:00,32.14,32.54,31.74,32.07,12043000,0.0,0.0
2010-06-04 00:00:00+08:00,32.27,33.54,32.17,33.01,20778000,0.0,0.0
2010-06-07 00:00:00+08:00,31.34,32.34,31.3,32.21,7698000,0.0,0.0
2010-06-08 00:00:00+08:00,32.27,32.67,31.87,32.31,6323000,0.0,0.0
2010-06-09 00:00:00+08:00,32.34,32.41,30.06,30.06,20458000,0.0,0.0
2010-06-10 00:00:00+08:00,30.0,30.73,29.9,30.16,20933000,0.0,0.0
2010-06-11 00:00:00+08:00,30.8,31.37,30.53,30.7,14383000,0.0,0.0
2010-06-14 00:00:00+08:00,31.34,31.34,30.73,30.8,6408000,0.0,0.0
2010-06-15 00:00:00+08:00,30.8,31.13,30.53,30.57,8140000,0.0,0.0
2010-06-17 00:00:00+08:00,30.8,32.44,30.77,32.0,24203000,0.0,0.0
2010-06-18 00:00:00+08:00,32.41,32.41,31.37,31.6,8545000,0.0,0.0
2010-06-21 00:00:00+08:00,32.14,32.67,31.74,32.41,13301000,0.0,0.0
2010-06-22 00:00:00+08:00,32.07,32.21,31.77,31.8,9056000,0.0,0.0
2010-06-23 00:00:00+08:00,31.8,32.81,31.8,32.14,28061000,0.0,0.0
2010-06-24 00:00:00+08:00,32.0,32.0,31.54,31.6,12865000,0.0,0.0
2010-06-25 00:00:00+08:00,31.6,31.94,30.6,30.67,17930000,0.0,0.0
2010-06-28 00:00:00+08:00,30.67,30.67,30.67,30.67,0,0.0,0.0
2010-06-29 00:00:00+08:00,29.19,29.63,27.59,27.89,23191000,0.0,0.0
2010-06-30 00:00:00+08:00,26.78,26.82,26.21,26.48,18220000,0.0,0.0
2010-07-01 00:00:00+08:00,26.48,27.45,26.45,26.98,19442000,0.0,0.0
2010-07-02 00:00:00+08:00,27.45,27.75,26.61,26.75,11516000,0.0,0.0
2010-07-05 00:00:00+08:00,26.92,27.89,26.82,27.59,11960000,0.0,0.0
2010-07-06 00:00:00+08:00,27.42,28.02,27.22,27.72,12518000,0.0,0.0
2010-07-07 00:00:00+08:00,28.12,28.32,26.92,27.12,21159000,0.0,0.0
2010-07-08 00:00:00+08:00,27.65,27.79,27.08,27.18,19846000,0.0,0.0
2010-07-09 00:00:00+08:00,27.25,27.95,27.25,27.59,16777000,0.0,0.0
2010-07-12 00:00:00+08:00,27.79,28.32,27.69,28.02,14785000,0.0,0.0
2010-07-13 00:00:00+08:00,28.39,28.39,27.38,27.45,10556000,0.0,0.0
2010-07-14 00:00:00+08:00,27.79,27.85,27.45,27.55,9584000,0.0,0.0
2010-07-15 00:00:00+08:00,27.59,27.65,27.05,27.08,9142000,0.0,0.0
2010-07-16 00:00:00+08:00,27.25,28.22,27.22,27.35,20328000,0.0,0.0
2010-07-19 00:00:00+08:00,27.12,27.32,26.78,27.05,5415000,0.0,0.0
2010-07-20 00:00:00+08:00,27.79,28.92,27.79,28.92,39214000,0.0,0.0
2010-07-21 00:00:00+08:00,29.53,30.73,29.46,30.33,73711000,0.0,0.0
2010-07-22 00:00:00+08:00,30.73,31.0,30.4,30.7,29808000,0.0,0.0
2010-07-23 00:00:00+08:00,30.8,31.34,30.4,31.0,29330000,0.0,0.0
2010-07-26 00:00:00+08:00,31.34,31.54,30.33,30.43,14015000,0.0,0.0
2010-07-27 00:00:00+08:00,30.73,30.9,30.33,30.36,9512000,0.0,0.0
2010-07-28 00:00:00+08:00,30.36,31.94,30.16,31.77,27644000,0.0,0.0
2010-07-29 00:00:00+08:00,32.0,32.11,31.17,31.2,15118000,0.0,0.0
2010-07-30 00:00:00+08:00,31.6,32.14,30.8,31.07,25018000,0.0,0.0
2010-08-02 00:00:00+08:00,31.27,31.67,30.67,31.34,16185000,0.0,0.0
2010-08-03 00:00:00+08:00,31.47,32.07,31.27,31.34,15619000,0.0,0.0
2010-08-04 00:00:00+08:00,31.34,31.47,30.6,30.67,13189000,0.0,0.0
2010-08-05 00:00:00+08:00,30.87,31.3,29.86,29.93,26213000,0.0,0.0
2010-08-06 00:00:00+08:00,30.06,30.83,29.93,30.67,15536000,0.0,0.0
2010-08-09 00:00:00+08:00,30.8,32.14,30.8,32.14,37432000,0.0,0.0
2010-08-10 00:00:00+08:00,32.17,32.54,31.2,31.2,18078000,0.0,0.0
2010-08-11 00:00:00+08:00,31.6,32.0,31.2,31.67,29039000,0.0,0.0
2010-08-12 00:00:00+08:00,31.47,33.44,31.37,33.34,43664000,0.0,0.0
2010-08-13 00:00:00+08:00,33.75,34.75,33.68,33.95,43541000,0.0,0.0
2010-08-16 00:00:00+08:00,34.21,34.75,33.28,34.01,23577000,0.0,0.0
2010-08-17 00:00:00+08:00,34.01,34.35,33.41,33.54,16415000,0.0,0.0
2010-08-18 00:00:00+08:00,33.68,35.42,33.68,34.95,39221000,0.0,0.0
2010-08-19 00:00:00+08:00,35.42,35.42,34.55,34.62,14712000,0.0,0.0
2010-08-20 00:00:00+08:00,34.35,35.29,34.35,34.62,12274000,0.0,0.0
2010-08-23 00:00:00+08:00,34.62,34.95,33.75,33.81,14295000,0.0,0.0
2010-08-24 00:00:00+08:00,33.61,34.08,32.51,32.51,27349000,0.0,0.0
2010-08-25 00:00:00+08:00,31.2,32.11,30.33,30.57,29040000,0.0,0.0
2010-08-26 00:00:00+08:00,30.57,31.74,30.57,31.13,19412000,0.0,0.0
2010-08-27 00:00:00+08:00,31.47,31.54,30.73,31.2,8808000,0.0,0.0
2010-08-30 00:00:00+08:00,31.87,32.34,31.54,31.64,15158000,0.0,0.0
2010-08-31 00:00:00+08:00,31.64,31.97,30.8,31.77,14588000,0.0,0.0
2010-09-01 00:00:00+08:00,32.27,33.48,31.84,33.11,22048000,0.0,0.0
2010-09-02 00:00:00+08:00,33.81,34.21,33.11,33.11,21431000,0.0,0.0
2010-09-03 00:00:00+08:00,33.61,34.48,33.48,34.48,26786000,0.0,0.0
2010-09-06 00:00:00+08:00,34.95,35.35,34.62,34.68,22088000,0.0,0.0
2010-09-07 00:00:00+08:00,34.88,35.29,33.48,34.15,21177000,0.0,0.0
2010-09-08 00:00:00+08:00,34.82,36.42,34.82,35.62,49377000,0.0,0.0
2010-09-09 00:00:00+08:00,35.62,36.36,35.22,35.35,27375000,0.0,0.0
2010-09-10 00:00:00+08:00,35.49,35.82,35.08,35.22,18169000,0.0,0.0
2010-09-13 00:00:00+08:00,35.82,37.03,35.55,36.83,31421000,0.0,0.0
2010-09-14 00:00:00+08:00,37.5,39.24,37.5,38.9,51339000,0.0,0.0
2010-09-15 00:00:00+08:00,39.17,41.31,38.97,40.78,63367000,0.0,0.0
2010-09-16 00:00:00+08:00,41.51,42.18,39.64,39.97,34152000,0.0,0.0
2010-09-17 00:00:00+08:00,40.51,40.98,39.77,40.11,26093000,0.0,0.0
2010-09-20 00:00:00+08:00,40.31,41.04,39.17,40.44,22808000,0.0,0.0
2010-09-21 00:00:00+08:00,41.31,41.98,40.84,41.51,31372000,0.0,0.0
2010-09-23 00:00:00+08:00,41.51,41.98,40.84,40.84,15101000,0.0,0.0
2010-09-24 00:00:00+08:00,40.84,41.85,40.64,41.38,21044000,0.0,0.0
2010-09-27 00:00:00+08:00,42.12,43.05,41.85,42.65,27926000,0.0,0.0
2010-09-28 00:00:00+08:00,42.72,42.72,41.11,41.51,13000000,0.0,0.0
2010-09-29 00:00:00+08:00,41.85,42.18,40.24,40.37,15005000,0.0,0.0
2010-09-30 00:00:00+08:00,40.37,41.04,39.5,40.58,18943000,0.0,0.0
2010-10-01 00:00:00+08:00,40.84,40.91,39.84,39.91,8413000,0.0,0.0
2010-10-04 00:00:00+08:00,40.17,40.71,39.37,39.37,9071000,0.0,0.0
2010-10-05 00:00:00+08:00,39.17,40.17,39.1,40.17,9483000,0.0,0.0
2010-10-06 00:00:00+08:00,40.98,41.31,39.7,39.7,19376000,0.0,0.0
2010-10-07 00:00:00+08:00,39.5,40.17,39.37,39.44,8299000,0.0,0.0
2010-10-08 00:00:00+08:00,39.84,39.84,36.69,36.69,33018000,0.0,0.0
2010-10-11 00:00:00+08:00,36.69,37.56,36.69,36.89,15582000,0.0,0.0
2010-10-12 00:00:00+08:00,37.16,37.36,35.89,36.62,11729000,0.0,0.0
2010-10-13 00:00:00+08:00,36.89,36.96,35.96,35.96,11248000,0.0,0.0
2010-10-14 00:00:00+08:00,36.22,36.42,35.89,36.42,13993000,0.0,0.0
2010-10-15 00:00:00+08:00,36.42,36.42,34.95,35.15,9541000,0.0,0.0
2010-10-18 00:00:00+08:00,35.15,35.29,32.71,32.84,27052000,0.0,0.0
2010-10-19 00:00:00+08:00,32.84,34.01,32.0,33.95,15489000,0.0,0.0
2010-10-20 00:00:00+08:00,33.88,36.29,33.81,36.16,19060000,0.0,0.0
2010-10-21 00:00:00+08:00,36.09,36.09,34.48,34.88,9923000,0.0,0.0
2010-10-22 00:00:00+08:00,34.88,35.35,33.95,34.15,11910000,0.0,0.0
2010-10-25 00:00:00+08:00,34.35,35.29,34.28,35.15,10617000,0.0,0.0
2010-10-26 00:00:00+08:00,35.22,36.02,34.82,35.49,12286000,0.0,0.0
2010-10-27 00:00:00+08:00,35.69,35.89,34.62,34.62,12769000,0.0,0.0
2010-10-28 00:00:00+08:00,35.49,36.83,35.15,36.42,24814000,0.0,0.0
2010-10-29 00:00:00+08:00,36.29,36.29,35.55,35.82,9321000,0.0,0.0
2010-11-01 00:00:00+08:00,36.09,36.36,35.29,35.42,7931000,0.0,0.0
2010-11-02 00:00:00+08:00,35.42,35.82,34.48,34.48,9586000,0.0,0.0
2010-11-03 00:00:00+08:00,34.55,34.82,32.71,33.21,13703000,0.0,0.0
2010-11-04 00:00:00+08:00,33.34,34.15,33.14,33.48,11482000,0.0,0.0
2010-11-05 00:00:00+08:00,34.08,34.28,33.54,33.81,7706000,0.0,0.0
2010-11-08 00:00:00+08:00,34.15,34.42,32.41,32.88,14977,0.0,0.0
2010-11-09 00:00:00+08:00,33.34,34.68,33.14,34.21,14558000,0.0,0.0
2010-11-10 00:00:00+08:00,34.21,34.62,33.68,34.42,11665000,0.0,0.0
2010-11-11 00:00:00+08:00,35.08,35.62,34.82,35.08,18408000,0.0,0.0
2010-11-12 00:00:00+08:00,35.02,35.02,34.28,34.62,5606000,0.0,0.0
2010-11-15 00:00:00+08:00,34.82,35.35,34.35,34.55,6460000,0.0,0.0
2010-11-16 00:00:00+08:00,35.02,35.42,34.42,34.62,12828000,0.0,0.0
2010-11-17 00:00:00+08:00,34.62,35.15,34.48,35.02,7545000,0.0,0.0
2010-11-18 00:00:00+08:00,35.08,35.22,34.68,34.75,5509000,0.0,0.0
2010-11-19 00:00:00+08:00,35.02,35.29,34.95,34.95,8124000,0.0,0.0
2010-11-22 00:00:00+08:00,35.29,36.09,35.22,35.75,18015000,0.0,0.0
2010-11-23 00:00:00+08:00,35.75,35.89,35.15,35.15,11684000,0.0,0.0
2010-11-24 00:00:00+08:00,34.48,36.76,34.48,36.56,25132000,0.0,0.0
2010-11-25 00:00:00+08:00,37.96,39.1,37.96,39.1,17150000,0.0,0.0
2010-11-26 00:00:00+08:00,40.04,40.31,38.9,39.1,34640000,0.0,0.0
2010-11-29 00:00:00+08:00,40.11,40.64,39.17,39.77,25260000,0.0,0.0
2010-11-30 00:00:00+08:00,39.84,40.04,39.17,39.24,13977000,0.0,0.0
2010-12-01 00:00:00+08:00,39.57,40.44,39.37,39.64,12903000,0.0,0.0
2010-12-02 00:00:00+08:00,40.31,40.37,39.44,39.57,12747000,0.0,0.0
2010-12-03 00:00:00+08:00,39.64,39.91,38.5,38.57,12167000,0.0,0.0
2010-12-06 00:00:00+08:00,38.83,39.77,38.57,39.64,14170000,0.0,0.0
2010-12-07 00:00:00+08:00,39.84,40.17,39.5,39.84,11812000,0.0,0.0
2010-12-08 00:00:00+08:00,40.37,40.84,39.3,39.3,19108000,0.0,0.0
2010-12-09 00:00:00+08:00,39.64,39.64,38.5,38.63,17597000,0.0,0.0
2010-12-10 00:00:00+08:00,38.83,39.17,38.3,38.57,10023000,0.0,0.0
2010-12-13 00:00:00+08:00,38.83,39.44,38.63,39.04,7190000,0.0,0.0
2010-12-14 00:00:00+08:00,39.17,41.38,39.04,41.11,37876000,0.0,0.0
2010-12-15 00:00:00+08:00,41.85,41.98,40.98,41.45,41680000,0.0,0.0
2010-12-16 00:00:00+08:00,41.58,41.91,41.18,41.18,14818000,0.0,0.0
2010-12-17 00:00:00+08:00,41.31,41.38,40.24,40.91,18317000,0.0,0.0
2010-12-20 00:00:00+08:00,40.91,41.78,40.58,41.24,15990000,0.0,0.0
2010-12-21 00:00:00+08:00,41.78,41.91,40.71,40.98,11198000,0.0,0.0
2010-12-22 00:00:00+08:00,40.98,41.31,40.71,40.84,9270,0.0,0.0
2010-12-23 00:00:00+08:00,41.51,42.18,41.24,41.24,18336000,0.0,0.0
2010-12-24 00:00:00+08:00,41.24,41.24,40.44,40.44,7465000,0.0,0.0
2010-12-27 00:00:00+08:00,40.24,40.37,38.5,39.17,13105000,0.0,0.0
2010-12-28 00:00:00+08:00,39.17,39.64,38.57,38.9,7385000,0.0,0.0
2010-12-29 00:00:00+08:00,39.17,39.64,38.83,38.9,6653000,0.0,0.0
2010-12-30 00:00:00+08:00,38.97,40.04,38.83,39.84,9349000,0.0,0.0
2010-12-31 00:00:00+08:00,39.97,40.31,39.24,39.57,6093000,0.0,0.0
2011-01-03 00:00:00+08:00,39.84,40.11,39.17,39.24,5347000,0.0,0.0
2011-01-04 00:00:00+08:00,39.3,39.64,39.04,39.04,8456000,0.0,0.0
2011-01-05 00:00:00+08:00,39.04,39.5,36.42,37.43,15677000,0.0,0.0
2011-01-06 00:00:00+08:00,37.36,37.9,37.29,37.43,12428000,0.0,0.0
2011-01-07 00:00:00+08:00,37.56,38.1,37.43,37.76,7141000,0.0,0.0
2011-01-10 00:00:00+08:00,38.16,38.57,37.7,37.83,7020000,0.0,0.0
2011-01-11 00:00:00+08:00,38.23,39.17,37.83,39.04,10027000,0.0,0.0
2011-01-12 00:00:00+08:00,39.24,39.64,38.57,38.57,6628000,0.0,0.0
2011-01-13 00:00:00+08:00,39.17,39.17,38.1,38.23,6623000,0.0,0.0
2011-01-14 00:00:00+08:00,38.5,38.63,37.96,38.1,3974000,0.0,0.0
2011-01-17 00:00:00+08:00,38.16,38.63,37.83,37.9,6474000,0.0,0.0
2011-01-18 00:00:00+08:00,37.76,37.76,37.16,37.29,11479000,0.0,0.0
2011-01-19 00:00:00+08:00,37.56,37.63,36.69,36.89,10657000,0.0,0.0
2011-01-20 00:00:00+08:00,36.76,38.03,36.62,38.03,11869000,0.0,0.0
2011-01-21 00:00:00+08:00,37.56,37.83,36.89,37.29,11122000,0.0,0.0
2011-01-24 00:00:00+08:00,36.83,37.23,35.08,35.29,19258000,0.0,0.0
2011-01-25 00:00:00+08:00,35.29,35.82,34.48,34.48,12998000,0.0,0.0
2011-01-26 00:00:00+08:00,34.55,36.22,34.42,35.89,16760000,0.0,0.0
2011-01-27 00:00:00+08:00,35.75,35.75,34.95,35.15,13058000,0.0,0.0
2011-01-28 00:00:00+08:00,35.82,35.82,35.29,35.42,12321000,0.0,0.0
2011-02-08 00:00:00+08:00,35.62,36.09,34.82,34.95,7213000,0.0,0.0
2011-02-09 00:00:00+08:00,35.96,36.69,35.96,36.56,21297000,0.0,0.0
2011-02-10 00:00:00+08:00,36.49,37.16,36.02,36.42,11374000,0.0,0.0
2011-02-11 00:00:00+08:00,36.42,37.03,35.15,35.29,10930000,0.0,0.0
2011-02-14 00:00:00+08:00,35.62,36.36,35.55,36.36,8291000,0.0,0.0
2011-02-15 00:00:00+08:00,36.16,36.96,35.69,36.62,14807000,0.0,0.0
2011-02-16 00:00:00+08:00,38.77,39.17,38.16,38.63,47431000,0.0,0.0
2011-02-17 00:00:00+08:00,38.23,38.63,37.83,37.96,15425000,0.0,0.0
2011-02-18 00:00:00+08:00,38.77,38.77,37.83,37.96,9202000,0.0,0.0
2011-02-21 00:00:00+08:00,38.3,38.3,37.09,37.09,12112000,0.0,0.0
2011-02-22 00:00:00+08:00,36.22,36.76,35.55,35.69,10858000,0.0,0.0
2011-02-23 00:00:00+08:00,34.62,35.62,34.21,34.68,15184000,0.0,0.0
2011-02-24 00:00:00+08:00,34.62,35.29,34.35,34.55,9653000,0.0,0.0
2011-02-25 00:00:00+08:00,34.82,35.08,33.88,34.82,10040000,0.0,0.0
2011-03-01 00:00:00+08:00,35.02,35.75,34.82,35.15,9660000,0.0,0.0
2011-03-02 00:00:00+08:00,35.08,35.62,34.82,34.88,4603000,0.0,0.0
2011-03-03 00:00:00+08:00,35.08,35.55,34.88,35.42,6524000,0.0,0.0
2011-03-04 00:00:00+08:00,35.69,35.89,34.68,34.95,11421000,0.0,0.0
2011-03-07 00:00:00+08:00,34.15,34.35,32.54,33.01,29727000,0.0,0.0
2011-03-08 00:00:00+08:00,33.14,34.08,33.14,33.48,16671000,0.0,0.0
2011-03-09 00:00:00+08:00,34.08,34.08,32.67,32.81,16093000,0.0,0.0
2011-03-10 00:00:00+08:00,32.81,33.48,32.54,33.48,9511000,0.0,0.0
2011-03-11 00:00:00+08:00,32.81,33.21,32.74,32.81,9700000,0.0,0.0
2011-03-14 00:00:00+08:00,32.41,32.54,30.53,30.53,14337000,0.0,0.0
2011-03-15 00:00:00+08:00,30.53,30.73,28.42,28.42,28488000,0.0,0.0
2011-03-16 00:00:00+08:00,28.56,29.29,28.12,28.72,15545000,0.0,0.0
2011-03-17 00:00:00+08:00,27.79,28.12,27.12,27.79,19075000,0.0,0.0
2011-03-18 00:00:00+08:00,28.12,28.92,27.89,28.79,9595000,0.0,0.0
2011-03-21 00:00:00+08:00,29.06,30.0,28.86,29.93,12872000,0.0,0.0
2011-03-22 00:00:00+08:00,30.46,30.53,29.93,30.13,7596000,0.0,0.0
2011-03-23 00:00:00+08:00,30.26,30.8,29.93,30.4,6214000,0.0,0.0
2011-03-24 00:00:00+08:00,30.6,30.8,29.96,29.96,6109000,0.0,0.0
2011-03-25 00:00:00+08:00,30.0,30.2,29.49,29.56,9356000,0.0,0.0
2011-03-28 00:00:00+08:00,29.56,29.86,29.33,29.43,4375000,0.0,0.0
2011-03-29 00:00:00+08:00,29.43,29.86,29.36,29.49,4061000,0.0,0.0
2011-03-30 00:00:00+08:00,30.0,30.0,29.43,29.76,4557000,0.0,0.0
2011-03-31 00:00:00+08:00,30.8,31.84,30.6,31.84,26470000,0.0,0.0
2011-04-01 00:00:00+08:00,31.84,32.37,31.6,32.34,20261000,0.0,0.0
2011-04-06 00:00:00+08:00,33.48,34.15,33.28,34.08,26954000,0.0,0.0
2011-04-07 00:00:00+08:00,34.35,34.35,33.61,34.21,9736000,0.0,0.0
2011-04-08 00:00:00+08:00,34.21,34.21,33.34,33.41,8212000,0.0,0.0
2011-04-11 00:00:00+08:00,33.28,34.08,32.54,34.08,13876000,0.0,0.0
2011-04-12 00:00:00+08:00,34.08,34.08,33.48,33.81,8074000,0.0,0.0
2011-04-13 00:00:00+08:00,34.08,34.75,33.81,34.15,10516000,0.0,0.0
2011-04-14 00:00:00+08:00,34.21,34.62,33.88,34.15,13798000,0.0,0.0
2011-04-15 00:00:00+08:00,34.28,34.55,32.84,32.84,10042000,0.0,0.0
2011-04-18 00:00:00+08:00,33.08,33.54,32.57,33.48,6181000,0.0,0.0
2011-04-19 00:00:00+08:00,33.44,33.88,32.91,33.68,6076000,0.0,0.0
2011-04-20 00:00:00+08:00,33.95,34.01,33.21,33.21,4867000,0.0,0.0
2011-04-21 00:00:00+08:00,33.61,34.01,33.38,33.48,9552000,0.0,0.0
2011-04-22 00:00:00+08:00,33.95,34.42,33.61,33.81,6708000,0.0,0.0
2011-04-25 00:00:00+08:00,34.15,35.08,33.68,34.68,11535000,0.0,0.0
2011-04-26 00:00:00+08:00,34.68,35.96,34.62,35.89,23854000,0.0,0.0
2011-04-27 00:00:00+08:00,36.76,36.83,35.49,35.49,16865000,0.0,0.0
2011-04-28 00:00:00+08:00,36.42,37.36,36.22,36.49,39407000,0.0,0.0
2011-04-29 00:00:00+08:00,37.96,39.04,37.63,39.04,65909000,0.0,0.0
2011-05-03 00:00:00+08:00,39.04,39.64,37.7,39.04,29837000,0.0,0.0
2011-05-04 00:00:00+08:00,38.77,39.64,38.16,39.24,17521000,0.0,0.0
2011-05-05 00:00:00+08:00,39.24,41.78,39.04,40.84,39321000,0.0,0.0
2011-05-06 00:00:00+08:00,40.78,40.98,39.17,39.24,22073000,0.0,0.0
2011-05-09 00:00:00+08:00,38.16,38.83,36.83,37.7,22206000,0.0,0.0
2011-05-10 00:00:00+08:00,37.96,39.17,37.96,38.3,18049000,0.0,0.0
2011-05-11 00:00:00+08:00,38.43,38.63,37.76,38.1,9375000,0.0,0.0
2011-05-12 00:00:00+08:00,38.03,38.7,38.03,38.57,6818000,0.0,0.0
2011-05-13 00:00:00+08:00,38.77,39.77,38.7,38.9,11406000,0.0,0.0
2011-05-16 00:00:00+08:00,38.9,39.24,38.16,38.16,5396000,0.0,0.0
2011-05-17 00:00:00+08:00,38.16,38.63,37.9,38.3,8494000,0.0,0.0
2011-05-18 00:00:00+08:00,38.97,40.98,38.83,40.51,36843000,0.0,0.0
2011-05-19 00:00:00+08:00,40.24,41.18,39.84,40.31,27290000,0.0,0.0
2011-05-20 00:00:00+08:00,41.18,41.65,40.31,40.51,25815000,0.0,0.0
2011-05-23 00:00:00+08:00,40.51,40.91,39.97,40.24,11489000,0.0,0.0
2011-05-24 00:00:00+08:00,40.17,40.24,38.57,40.24,12563000,0.0,0.0
2011-05-25 00:00:00+08:00,39.84,41.11,39.5,39.57,16630000,0.0,0.0
2011-05-26 00:00:00+08:00,40.17,41.65,40.04,41.51,27288000,0.0,0.0
2011-05-27 00:00:00+08:00,41.45,42.05,41.04,41.24,26947000,0.0,0.0
2011-05-30 00:00:00+08:00,41.78,43.52,41.45,43.12,36947000,0.0,0.0
2011-05-31 00:00:00+08:00,43.45,43.66,42.45,43.25,35854000,0.0,0.0
2011-06-01 00:00:00+08:00,43.12,43.45,41.38,41.38,33848000,0.0,0.0
2011-06-02 00:00:00+08:00,40.71,40.98,39.91,40.44,38914000,0.0,0.0
2011-06-03 00:00:00+08:00,40.04,40.84,39.97,40.04,24403000,0.0,0.0
2011-06-07 00:00:00+08:00,40.04,41.45,39.37,41.18,23067000,0.0,0.0
2011-06-08 00:00:00+08:00,40.51,40.91,40.17,40.17,22191000,0.0,0.0
2011-06-09 00:00:00+08:00,39.5,39.91,37.36,37.43,50926000,0.0,0.0
2011-06-10 00:00:00+08:00,37.43,38.1,37.36,37.56,18874000,0.0,0.0
2011-06-13 00:00:00+08:00,37.56,38.1,37.5,38.03,11205000,0.0,0.0
2011-06-14 00:00:00+08:00,38.7,38.7,37.9,38.37,11648000,0.0,0.0
2011-06-15 00:00:00+08:00,38.63,39.37,38.43,38.57,14270000,0.0,0.0
2011-06-16 00:00:00+08:00,38.3,39.04,38.1,38.7,9572000,0.0,0.0
2011-06-17 00:00:00+08:00,38.83,39.1,37.7,37.9,10523000,0.0,0.0
2011-06-20 00:00:00+08:00,37.9,38.16,35.29,35.35,27640000,0.0,0.0
2011-06-21 00:00:00+08:00,35.96,36.36,34.75,36.02,13872000,0.0,0.0
2011-06-22 00:00:00+08:00,36.83,37.23,36.49,36.83,16176000,0.0,0.0
2011-06-23 00:00:00+08:00,36.49,36.96,36.22,36.29,7911000,0.0,0.0
2011-06-24 00:00:00+08:00,36.36,36.56,35.89,36.36,6097000,0.0,0.0
2011-06-27 00:00:00+08:00,35.96,36.56,35.82,35.89,7329000,0.0,0.0
2011-06-28 00:00:00+08:00,36.36,36.83,35.89,35.89,8392000,0.0,0.0
2011-06-29 00:00:00+08:00,36.62,37.09,36.09,36.42,12599000,0.0,0.0
2011-06-30 00:00:00+08:00,36.96,37.03,36.02,36.09,10232000,0.0,0.0
2011-07-01 00:00:00+08:00,36.56,37.09,36.29,36.83,13600000,0.0,0.0
2011-07-04 00:00:00+08:00,36.83,37.29,36.16,36.22,9754000,0.0,0.0
2011-07-05 00:00:00+08:00,36.29,36.69,35.15,35.49,11639000,0.0,0.0
2011-07-06 00:00:00+08:00,35.49,36.42,34.95,35.75,16372000,0.0,0.0
2011-07-07 00:00:00+08:00,33.48,34.75,33.41,33.54,35202000,0.0,0.0
2011-07-08 00:00:00+08:00,33.88,34.68,33.81,33.95,18306000,0.0,0.0
2011-07-11 00:00:00+08:00,34.15,34.48,33.48,34.15,7560000,0.0,0.0
2011-07-12 00:00:00+08:00,33.81,35.02,33.81,34.48,14437000,0.0,0.0
2011-07-13 00:00:00+08:00,35.49,36.56,35.35,36.56,24173000,0.0,0.0
2011-07-14 00:00:00+08:00,37.16,37.83,36.29,36.56,22575,0.0,0.0
2011-07-15 00:00:00+08:00,36.62,37.09,36.22,36.96,8655,0.0,0.0
2011-07-18 00:00:00+08:00,36.83,37.29,36.22,36.83,8080,0.0,0.0
2011-07-19 00:00:00+08:00,36.49,37.29,36.49,36.69,8679,0.0,0.0
2011-07-20 00:00:00+08:00,37.36,37.43,36.49,36.49,17243,0.0,0.0
2011-07-21 00:00:00+08:00,37.45,39.0,37.24,39.0,24127,2.66,0.0
2011-07-22 00:00:00+08:00,39.21,40.54,39.21,40.4,24268,0.0,0.0
2011-07-25 00:00:00+08:00,40.4,40.54,39.49,40.4,12592,0.0,0.0
2011-07-26 00:00:00+08:00,40.47,41.67,40.19,40.33,24420,0.0,0.0
2011-07-27 00:00:00+08:00,41.32,41.53,40.54,41.39,16535,0.0,0.0
2011-07-28 00:00:00+08:00,41.04,41.32,40.54,40.97,8922,0.0,0.0
2011-07-29 00:00:00+08:00,43.57,43.78,41.95,42.16,49028,0.0,0.0
2011-08-01 00:00:00+08:00,42.87,43.5,42.09,42.3,23323,0.0,0.0
2011-08-02 00:00:00+08:00,42.23,42.94,42.23,42.44,11843,0.0,0.0
2011-08-03 00:00:00+08:00,41.6,42.3,41.25,42.16,12693,0.0,0.0
2011-08-04 00:00:00+08:00,42.23,43.15,41.74,41.74,19432,0.0,0.0
2011-08-05 00:00:00+08:00,38.85,39.63,38.85,38.85,20342,0.0,0.0
2011-08-08 00:00:00+08:00,39.35,40.47,38.01,39.7,27386,0.0,0.0
2011-08-09 00:00:00+08:00,37.66,40.12,36.95,39.14,20394,0.0,0.0
2011-08-10 00:00:00+08:00,40.12,41.53,39.84,41.11,26837,0.0,0.0
2011-08-11 00:00:00+08:00,40.83,42.73,40.19,41.88,32115,0.0,0.0
2011-08-12 00:00:00+08:00,41.88,41.88,41.88,41.88,0,0.0,0.0
2011-08-15 00:00:00+08:00,42.16,42.94,41.88,42.16,13400,0.0,0.0
2011-08-16 00:00:00+08:00,42.51,43.71,42.51,42.73,28421,0.0,0.0
2011-08-17 00:00:00+08:00,43.29,43.99,43.01,43.5,20417,0.0,0.0
2011-08-18 00:00:00+08:00,43.85,44.56,43.36,43.99,32066,0.0,0.0
2011-08-19 00:00:00+08:00,43.64,43.85,42.16,42.23,21611,0.0,0.0
2011-08-22 00:00:00+08:00,42.94,43.22,40.12,41.18,21410,0.0,0.0
2011-08-23 00:00:00+08:00,42.87,43.99,42.09,43.99,24328,0.0,0.0
2011-08-24 00:00:00+08:00,44.34,45.75,44.34,44.63,49791,0.0,0.0
2011-08-25 00:00:00+08:00,45.19,45.26,43.29,43.99,21094,0.0,0.0
2011-08-26 00:00:00+08:00,43.99,44.84,42.87,43.64,17397,0.0,0.0
2011-08-29 00:00:00+08:00,43.99,44.56,43.78,44.13,8794,0.0,0.0
2011-08-30 00:00:00+08:00,44.7,45.75,44.13,44.49,21788,0.0,0.0
2011-08-31 00:00:00+08:00,44.49,44.63,43.64,43.92,10975,0.0,0.0
2011-09-01 00:00:00+08:00,44.34,45.68,44.27,45.61,27961,0.0,0.0
2011-09-02 00:00:00+08:00,45.75,48.78,45.75,48.22,53581000,0.0,0.0
2011-09-05 00:00:00+08:00,47.51,49.48,47.02,48.15,33674,0.0,0.0
2011-09-06 00:00:00+08:00,47.58,47.86,46.18,46.67,23057,0.0,0.0
2011-09-07 00:00:00+08:00,48.36,49.91,47.51,49.91,30909,0.0,0.0
2011-09-08 00:00:00+08:00,50.4,50.61,49.06,49.27,30661,0.0,0.0
2011-09-09 00:00:00+08:00,49.27,50.89,49.2,49.55,23441,0.0,0.0
2011-09-13 00:00:00+08:00,49.27,49.48,48.43,48.78,15591000,0.0,0.0
2011-09-14 00:00:00+08:00,49.62,50.33,47.86,48.78,26219000,0.0,0.0
2011-09-15 00:00:00+08:00,50.68,51.1,48.92,48.99,34997,0.0,0.0
2011-09-16 00:00:00+08:00,49.27,49.55,47.93,48.15,25278,0.0,0.0
2011-09-19 00:00:00+08:00,48.5,48.85,47.93,48.22,10352,0.0,0.0
2011-09-20 00:00:00+08:00,48.5,50.47,48.43,50.47,29205,0.0,0.0
2011-09-21 00:00:00+08:00,50.33,51.6,50.26,50.68,39392,0.0,0.0
2011-09-22 00:00:00+08:00,50.12,50.89,49.98,50.12,12409,0.0,0.0
2011-09-23 00:00:00+08:00,48.92,48.92,46.67,46.67,34397,0.0,0.0
2011-09-26 00:00:00+08:00,46.18,47.3,45.26,46.74,21979,0.0,0.0
2011-09-27 00:00:00+08:00,48.5,49.55,47.93,49.27,22243,0.0,0.0
2011-09-28 00:00:00+08:00,49.98,49.98,48.64,48.85,14690,0.0,0.0
2011-09-29 00:00:00+08:00,48.08,48.08,45.47,46.67,32214,0.0,0.0
2011-09-30 00:00:00+08:00,46.67,47.44,45.05,45.12,28620,0.0,0.0
2011-10-03 00:00:00+08:00,43.64,43.64,42.16,43.29,19931,0.0,0.0
2011-10-04 00:00:00+08:00,42.23,43.29,42.16,43.29,9191,0.0,0.0
2011-10-05 00:00:00+08:00,43.36,45.68,43.36,44.84,18531,0.0,0.0
2011-10-06 00:00:00+08:00,46.39,46.74,44.56,44.56,24962,0.0,0.0
2011-10-07 00:00:00+08:00,45.47,46.1,44.77,45.61,17199,0.0,0.0
2011-10-11 00:00:00+08:00,47.09,47.3,46.46,47.16,15229,0.0,0.0
2011-10-12 00:00:00+08:00,47.16,47.37,46.25,46.25,9419,0.0,0.0
2011-10-13 00:00:00+08:00,46.74,47.72,46.18,47.51,17699,0.0,0.0
2011-10-14 00:00:00+08:00,47.51,48.29,47.16,47.3,12360,0.0,0.0
2011-10-17 00:00:00+08:00,48.22,48.29,47.51,47.58,7900,0.0,0.0
2011-10-18 00:00:00+08:00,47.09,48.08,46.95,47.44,7765,0.0,0.0
2011-10-19 00:00:00+08:00,48.15,48.57,47.51,48.01,11398,0.0,0.0
2011-10-20 00:00:00+08:00,48.22,48.43,47.51,47.93,7185,0.0,0.0
2011-10-21 00:00:00+08:00,48.36,48.43,47.02,47.86,6508,0.0,0.0
2011-10-24 00:00:00+08:00,48.57,49.48,48.57,49.06,16097,0.0,0.0
2011-10-25 00:00:00+08:00,49.55,50.54,46.67,47.86,39131,0.0,0.0
2011-10-26 00:00:00+08:00,44.56,46.39,44.56,45.75,30581,0.0,0.0
2011-10-27 00:00:00+08:00,45.4,46.74,45.05,46.1,19883,0.0,0.0
2011-10-28 00:00:00+08:00,46.67,47.02,44.77,44.77,21436,0.0,0.0
2011-10-31 00:00:00+08:00,44.7,45.4,43.43,43.64,19893,0.0,0.0
2011-11-01 00:00:00+08:00,43.64,44.77,43.29,44.42,12481,0.0,0.0
2011-11-02 00:00:00+08:00,43.43,45.96,43.43,45.75,15841,0.0,0.0
2011-11-03 00:00:00+08:00,45.75,45.75,44.34,44.34,8267,0.0,0.0
2011-11-04 00:00:00+08:00,45.4,46.03,45.12,45.4,10023,0.0,0.0
2011-11-07 00:00:00+08:00,45.75,47.51,45.26,47.02,16687,0.0,0.0
2011-11-08 00:00:00+08:00,47.02,47.02,45.26,45.61,18738,0.0,0.0
2011-11-09 00:00:00+08:00,45.75,46.03,44.7,44.77,10096,0.0,0.0
2011-11-10 00:00:00+08:00,44.34,45.33,44.06,44.77,14603,0.0,0.0
2011-11-11 00:00:00+08:00,45.05,45.33,44.42,44.63,8951,0.0,0.0
2011-11-14 00:00:00+08:00,45.26,45.89,45.05,45.75,16169,0.0,0.0
2011-11-15 00:00:00+08:00,45.75,46.1,43.99,44.2,14180,0.0,0.0
2011-11-16 00:00:00+08:00,44.27,44.77,43.5,43.5,14982,0.0,0.0
2011-11-17 00:00:00+08:00,43.29,43.29,42.37,42.87,11016,0.0,0.0
2011-11-18 00:00:00+08:00,42.73,42.73,40.83,41.67,18776,0.0,0.0
2011-11-21 00:00:00+08:00,41.88,42.16,41.18,41.88,11382,0.0,0.0
2011-11-22 00:00:00+08:00,42.51,42.51,39.98,40.26,12509,0.0,0.0
2011-11-23 00:00:00+08:00,39.42,40.12,37.45,37.45,23108,0.0,0.0
2011-11-24 00:00:00+08:00,36.6,37.31,34.84,35.62,27166,0.0,0.0
2011-11-25 00:00:00+08:00,35.62,36.04,33.29,33.36,22921,0.0,0.0
2011-11-28 00:00:00+08:00,34.0,35.69,33.93,35.69,16798,0.0,0.0
2011-11-29 00:00:00+08:00,36.39,37.52,36.39,37.52,27722,0.0,0.0
2011-11-30 00:00:00+08:00,37.73,38.22,37.09,38.22,18965,0.0,0.0
2011-12-01 00:00:00+08:00,40.47,40.47,38.36,38.57,29100,0.0,0.0
2011-12-02 00:00:00+08:00,38.57,38.64,37.8,38.22,14580,0.0,0.0
2011-12-05 00:00:00+08:00,38.22,38.22,37.02,37.31,7774,0.0,0.0
2011-12-06 00:00:00+08:00,36.39,36.95,34.7,34.7,22929,0.0,0.0
2011-12-07 00:00:00+08:00,33.36,35.69,33.36,35.05,24171,0.0,0.0
2011-12-08 00:00:00+08:00,33.08,33.08,32.63,32.63,10704,0.0,0.0
2011-12-09 00:00:00+08:00,30.37,31.6,30.37,30.41,29815,0.0,0.0
2011-12-12 00:00:00+08:00,30.55,30.58,29.56,29.95,13070,0.0,0.0
2011-12-13 00:00:00+08:00,29.56,30.23,28.86,30.23,12594,0.0,0.0
2011-12-14 00:00:00+08:00,30.23,31.82,30.06,31.6,17384,0.0,0.0
2011-12-15 00:00:00+08:00,31.18,31.18,29.42,29.42,16938,0.0,0.0
2011-12-16 00:00:00+08:00,29.42,29.88,28.16,29.21,13093,0.0,0.0
2011-12-19 00:00:00+08:00,29.21,29.21,27.17,27.38,14338,0.0,0.0
2011-12-20 00:00:00+08:00,27.45,28.09,25.62,25.76,25399,0.0,0.0
2011-12-21 00:00:00+08:00,26.82,27.56,26.68,27.56,30155,0.0,0.0
2011-12-22 00:00:00+08:00,27.56,28.65,27.17,28.65,21971,0.0,0.0
2011-12-23 00:00:00+08:00,29.42,30.02,29.0,29.56,18120,0.0,0.0
2011-12-26 00:00:00+08:00,29.7,29.84,29.18,29.63,7369,0.0,0.0
2011-12-27 00:00:00+08:00,29.63,29.63,29.07,29.28,5279,0.0,0.0
2011-12-28 00:00:00+08:00,29.28,30.13,29.07,29.28,10918,0.0,0.0
2011-12-29 00:00:00+08:00,28.86,29.0,28.16,28.44,9388,0.0,0.0
2011-12-30 00:00:00+08:00,28.51,28.82,27.8,27.8,12236,0.0,0.0
2012-01-02 00:00:00+08:00,27.45,27.59,26.33,26.4,12677,0.0,0.0
2012-01-03 00:00:00+08:00,26.75,27.31,26.5,26.68,9056,0.0,0.0
2012-01-04 00:00:00+08:00,27.24,27.7,27.1,27.38,12395,0.0,0.0
2012-01-05 00:00:00+08:00,28.16,28.3,27.59,27.84,14882,0.0,0.0
2012-01-06 00:00:00+08:00,27.21,27.52,26.4,27.03,13891,0.0,0.0
2012-01-09 00:00:00+08:00,25.16,25.38,25.16,25.16,26437,0.0,0.0
2012-01-10 00:00:00+08:00,24.0,24.71,23.72,23.93,32612,0.0,0.0
2012-01-11 00:00:00+08:00,24.14,25.59,24.14,25.59,37168,0.0,0.0
2012-01-12 00:00:00+08:00,25.8,26.01,25.2,25.2,22395,0.0,0.0
2012-01-13 00:00:00+08:00,25.59,25.94,24.92,25.2,18837,0.0,0.0
2012-01-16 00:00:00+08:00,25.76,25.76,25.09,25.34,10460,0.0,0.0
2012-01-17 00:00:00+08:00,25.9,26.75,25.69,26.5,22134,0.0,0.0
2012-01-18 00:00:00+08:00,26.61,27.77,26.08,27.13,28105,0.0,0.0
2012-01-30 00:00:00+08:00,28.01,28.65,27.77,27.98,22626000,0.0,0.0
2012-01-31 00:00:00+08:00,28.33,29.77,28.16,29.56,25704000,0.0,0.0
2012-02-01 00:00:00+08:00,29.21,30.41,28.86,30.27,23908000,0.0,0.0
2012-02-02 00:00:00+08:00,31.67,31.67,29.92,30.3,23333000,0.0,0.0
2012-02-03 00:00:00+08:00,30.34,31.32,30.27,30.69,17400000,0.0,0.0
2012-02-06 00:00:00+08:00,30.76,31.29,30.41,30.51,10027000,0.0,0.0
2012-02-07 00:00:00+08:00,30.69,31.22,30.69,30.72,9457000,0.0,0.0
2012-02-08 00:00:00+08:00,30.72,31.43,30.48,31.22,19228000,0.0,0.0
2012-02-09 00:00:00+08:00,31.32,32.52,31.22,31.5,25668000,0.0,0.0
2012-02-10 00:00:00+08:00,31.32,31.89,30.41,30.44,15298000,0.0,0.0
2012-02-13 00:00:00+08:00,30.44,30.69,29.84,30.23,9505000,0.0,0.0
2012-02-14 00:00:00+08:00,28.12,29.28,28.12,28.37,29296000,0.0,0.0
2012-02-15 00:00:00+08:00,27.45,28.33,26.96,28.01,22432000,0.0,0.0
2012-02-16 00:00:00+08:00,27.8,29.28,27.56,28.33,25708000,0.0,0.0
2012-02-17 00:00:00+08:00,29.46,29.46,28.19,28.37,13801000,0.0,0.0
2012-02-20 00:00:00+08:00,29.56,30.34,29.04,30.34,25461000,0.0,0.0
2012-02-21 00:00:00+08:00,30.34,31.89,30.27,31.6,48774000,0.0,0.0
2012-02-22 00:00:00+08:00,31.82,32.31,31.08,31.53,32131000,0.0,0.0
2012-02-23 00:00:00+08:00,31.18,31.32,30.48,30.65,20735000,0.0,0.0
2012-02-24 00:00:00+08:00,30.34,31.82,30.34,31.53,35193000,0.0,0.0
2012-02-29 00:00:00+08:00,31.67,32.1,30.83,30.97,18176000,0.0,0.0
2012-03-01 00:00:00+08:00,30.62,31.25,30.34,30.55,17803000,0.0,0.0
2012-03-02 00:00:00+08:00,30.62,31.11,30.34,31.11,17293000,0.0,0.0
2012-03-05 00:00:00+08:00,31.67,32.17,31.11,31.11,17689000,0.0,0.0
2012-03-06 00:00:00+08:00,30.65,31.25,29.39,29.7,22707000,0.0,0.0
2012-03-07 00:00:00+08:00,28.3,29.84,28.3,29.84,13907000,0.0,0.0
2012-03-08 00:00:00+08:00,29.56,30.23,29.25,29.39,18354000,0.0,0.0
2012-03-09 00:00:00+08:00,29.42,30.13,29.39,29.99,11407000,0.0,0.0
2012-03-12 00:00:00+08:00,30.2,30.87,29.99,30.27,13980000,0.0,0.0
2012-03-13 00:00:00+08:00,30.41,30.62,30.02,30.02,5998000,0.0,0.0
2012-03-14 00:00:00+08:00,30.55,31.08,30.3,30.69,18048000,0.0,0.0
2012-03-15 00:00:00+08:00,30.97,31.15,30.58,30.62,8976000,0.0,0.0
2012-03-16 00:00:00+08:00,30.55,30.72,29.92,29.92,14287000,0.0,0.0
2012-03-19 00:00:00+08:00,30.27,30.58,29.95,30.34,8291000,0.0,0.0
2012-03-20 00:00:00+08:00,30.27,30.44,29.42,29.67,11340000,0.0,0.0
2012-03-21 00:00:00+08:00,29.21,29.77,29.21,29.28,8177000,0.0,0.0
2012-03-22 00:00:00+08:00,29.14,29.7,29.14,29.21,8145000,0.0,0.0
2012-03-23 00:00:00+08:00,29.21,29.49,28.61,29.0,7997000,0.0,0.0
2012-03-26 00:00:00+08:00,28.93,28.97,28.65,28.72,7803000,0.0,0.0
2012-03-27 00:00:00+08:00,28.93,29.07,28.58,28.58,7820000,0.0,0.0
2012-03-28 00:00:00+08:00,28.72,28.86,28.51,28.51,6390000,0.0,0.0
2012-03-29 00:00:00+08:00,28.37,28.37,26.54,26.61,19934000,0.0,0.0
2012-03-30 00:00:00+08:00,26.61,27.66,26.5,27.17,14118000,0.0,0.0
2012-04-02 00:00:00+08:00,27.17,27.45,26.89,27.28,6798000,0.0,0.0
2012-04-03 00:00:00+08:00,27.31,27.45,26.04,26.04,10101000,0.0,0.0
2012-04-05 00:00:00+08:00,24.64,26.04,24.64,25.55,9018000,0.0,0.0
2012-04-06 00:00:00+08:00,25.83,26.47,25.69,26.4,5366000,0.0,0.0
2012-04-09 00:00:00+08:00,25.83,27.1,25.76,26.5,7441000,0.0,0.0
2012-04-10 00:00:00+08:00,26.96,27.31,26.61,26.85,7823000,0.0,0.0
2012-04-11 00:00:00+08:00,26.68,26.82,26.47,26.75,3878000,0.0,0.0
2012-04-12 00:00:00+08:00,26.75,27.35,26.75,27.35,8651000,0.0,0.0
2012-04-13 00:00:00+08:00,28.01,28.01,27.21,27.38,4861000,0.0,0.0
2012-04-16 00:00:00+08:00,27.1,27.1,26.47,26.47,4230000,0.0,0.0
2012-04-17 00:00:00+08:00,26.47,26.68,25.83,25.9,4101000,0.0,0.0
2012-04-18 00:00:00+08:00,26.18,26.33,25.27,25.27,7278000,0.0,0.0
2012-04-19 00:00:00+08:00,25.27,25.27,24.64,24.95,4156000,0.0,0.0
2012-04-20 00:00:00+08:00,24.95,25.52,24.85,25.09,5994000,0.0,0.0
2012-04-23 00:00:00+08:00,25.09,25.55,24.78,24.81,3718000,0.0,0.0
2012-04-24 00:00:00+08:00,24.71,25.09,24.67,24.81,3113000,0.0,0.0
2012-04-25 00:00:00+08:00,24.99,25.09,24.78,24.78,4568000,0.0,0.0
2012-04-26 00:00:00+08:00,24.78,24.78,23.97,23.97,8306000,0.0,0.0
2012-04-27 00:00:00+08:00,23.23,23.23,22.31,22.31,17311000,0.0,0.0
2012-04-30 00:00:00+08:00,21.26,22.52,21.19,22.52,9343000,0.0,0.0
2012-05-02 00:00:00+08:00,22.88,23.44,22.74,23.44,11500000,0.0,0.0
2012-05-03 00:00:00+08:00,23.23,23.72,22.95,22.98,4575000,0.0,0.0
2012-05-04 00:00:00+08:00,22.98,23.19,22.67,22.98,4606000,0.0,0.0
2012-05-07 00:00:00+08:00,22.52,22.59,21.82,22.0,6469000,0.0,0.0
2012-05-08 00:00:00+08:00,22.07,22.24,21.26,21.61,5918000,0.0,0.0
2012-05-09 00:00:00+08:00,20.13,20.45,20.13,20.13,21034000,0.0,0.0
2012-05-10 00:00:00+08:00,19.5,20.52,19.5,20.38,13887000,0.0,0.0
2012-05-11 00:00:00+08:00,20.38,20.59,20.06,20.52,6287000,0.0,0.0
2012-05-14 00:00:00+08:00,20.55,20.73,20.34,20.62,4985000,0.0,0.0
2012-05-15 00:00:00+08:00,20.06,20.76,20.06,20.76,5066000,0.0,0.0
2012-05-16 00:00:00+08:00,20.76,20.87,20.41,20.41,4622000,0.0,0.0
2012-05-17 00:00:00+08:00,20.69,20.69,20.38,20.52,3152000,0.0,0.0
2012-05-18 00:00:00+08:00,20.06,20.48,19.74,19.85,4439000,0.0,0.0
2012-05-21 00:00:00+08:00,19.85,20.24,19.78,19.88,4021000,0.0,0.0
2012-05-22 00:00:00+08:00,20.2,21.26,20.2,21.26,7241000,0.0,0.0
2012-05-23 00:00:00+08:00,21.4,22.49,20.98,22.03,21165000,0.0,0.0
2012-05-24 00:00:00+08:00,22.28,22.74,21.96,22.45,14264000,0.0,0.0
2012-05-25 00:00:00+08:00,22.67,22.67,21.64,21.64,7136000,0.0,0.0
2012-05-28 00:00:00+08:00,21.64,21.64,21.12,21.4,6369000,0.0,0.0
2012-05-29 00:00:00+08:00,21.47,22.42,21.47,22.31,11896000,0.0,0.0
2012-05-30 00:00:00+08:00,22.31,22.31,21.82,21.89,5201000,0.0,0.0
2012-05-31 00:00:00+08:00,21.54,22.35,21.54,22.31,5536000,0.0,0.0
2012-06-01 00:00:00+08:00,22.17,22.17,20.84,20.84,9922000,0.0,0.0
2012-06-04 00:00:00+08:00,20.13,20.48,19.43,19.57,12060000,0.0,0.0
2012-06-05 00:00:00+08:00,19.99,20.41,19.92,19.99,5444000,0.0,0.0
2012-06-06 00:00:00+08:00,20.41,20.59,20.1,20.27,3987000,0.0,0.0
2012-06-07 00:00:00+08:00,20.84,20.84,20.1,20.13,5531000,0.0,0.0
2012-06-08 00:00:00+08:00,20.27,20.69,20.13,20.27,6119000,0.0,0.0
2012-06-11 00:00:00+08:00,20.55,20.66,20.17,20.31,4146000,0.0,0.0
2012-06-12 00:00:00+08:00,19.74,19.99,19.74,19.92,5430000,0.0,0.0
2012-06-13 00:00:00+08:00,19.99,20.38,19.85,20.1,4387000,0.0,0.0
2012-06-14 00:00:00+08:00,20.24,20.59,20.1,20.45,4812000,0.0,0.0
2012-06-15 00:00:00+08:00,20.73,20.76,20.52,20.73,9112000,0.0,0.0
2012-06-18 00:00:00+08:00,20.73,21.33,20.73,20.87,8001000,0.0,0.0
2012-06-19 00:00:00+08:00,20.62,21.22,20.62,21.05,5119000,0.0,0.0
2012-06-20 00:00:00+08:00,21.47,22.49,21.29,22.45,18745000,0.0,0.0
2012-06-21 00:00:00+08:00,22.49,23.69,22.24,23.26,29625000,0.0,0.0
2012-06-22 00:00:00+08:00,22.95,23.65,22.7,23.47,14340000,0.0,0.0
2012-06-25 00:00:00+08:00,23.55,23.93,23.09,23.09,12589000,0.0,0.0
2012-06-26 00:00:00+08:00,22.77,23.51,22.77,23.12,10140000,0.0,0.0
2012-06-27 00:00:00+08:00,23.12,23.37,22.91,22.95,7330000,0.0,0.0
2012-06-28 00:00:00+08:00,23.19,23.37,22.88,22.88,8961000,0.0,0.0
2012-06-29 00:00:00+08:00,22.84,23.3,22.59,23.05,7859000,0.0,0.0
2012-07-02 00:00:00+08:00,23.58,23.58,23.16,23.23,5197000,0.0,0.0
2012-07-03 00:00:00+08:00,22.95,23.9,22.95,23.65,11666000,0.0,0.0
2012-07-04 00:00:00+08:00,23.93,24.57,23.93,24.18,11112000,0.0,0.0
2012-07-05 00:00:00+08:00,24.46,24.46,24.0,24.0,5196000,0.0,0.0
2012-07-06 00:00:00+08:00,24.04,24.46,24.0,24.28,6153000,0.0,0.0
2012-07-09 00:00:00+08:00,23.58,23.93,22.59,22.59,12539000,0.0,0.0
2012-07-10 00:00:00+08:00,21.19,21.96,21.19,21.29,11190000,0.0,0.0
2012-07-11 00:00:00+08:00,21.29,21.64,20.84,21.12,11660000,0.0,0.0
2012-07-12 00:00:00+08:00,20.98,20.98,20.52,20.55,7159000,0.0,0.0
2012-07-13 00:00:00+08:00,21.19,21.33,20.17,20.31,13896000,0.0,0.0
2012-07-16 00:00:00+08:00,20.31,20.41,19.78,19.78,6439000,0.0,0.0
2012-07-17 00:00:00+08:00,19.78,21.15,19.78,21.08,10685000,0.0,0.0
2012-07-18 00:00:00+08:00,21.08,21.26,20.59,20.59,4513000,0.0,0.0
2012-07-19 00:00:00+08:00,21.12,21.47,20.8,21.29,7297000,0.0,0.0
2012-07-20 00:00:00+08:00,21.61,21.61,21.22,21.47,7110000,0.0,0.0
2012-07-23 00:00:00+08:00,21.12,21.26,20.76,21.22,4529000,0.0,0.0
2012-07-24 00:00:00+08:00,20.76,21.12,20.13,20.52,5842000,0.0,0.0
2012-07-25 00:00:00+08:00,20.34,20.52,20.17,20.27,4356000,0.0,0.0
2012-07-26 00:00:00+08:00,20.84,20.84,20.27,20.27,3373000,0.0,0.0
2012-07-27 00:00:00+08:00,20.69,20.69,20.48,20.59,3682000,0.0,0.0
2012-07-30 00:00:00+08:00,20.84,20.84,20.2,20.27,4345000,0.0,0.0
2012-07-31 00:00:00+08:00,20.48,20.55,20.31,20.55,3159000,0.0,0.0
2012-08-01 00:00:00+08:00,20.55,21.96,20.45,21.96,9659000,0.0,0.0
2012-08-02 00:00:00+08:00,21.96,21.96,21.96,21.96,0,0.0,0.0
2012-08-03 00:00:00+08:00,21.96,23.19,21.61,23.16,16399000,0.0,0.0
2012-08-06 00:00:00+08:00,23.51,23.51,22.03,22.17,10921000,0.0,0.0
2012-08-07 00:00:00+08:00,22.45,22.67,22.14,22.38,5215000,0.0,0.0
2012-08-08 00:00:00+08:00,21.82,22.84,21.54,22.59,11952000,0.0,0.0
2012-08-09 00:00:00+08:00,22.59,23.12,22.59,22.88,8613000,0.0,0.0
2012-08-10 00:00:00+08:00,22.95,23.23,22.56,23.23,6806000,0.0,0.0
2012-08-13 00:00:00+08:00,23.44,23.44,23.12,23.19,6361000,0.0,0.0
2012-08-14 00:00:00+08:00,23.19,23.23,22.63,22.74,5084000,0.0,0.0
2012-08-15 00:00:00+08:00,22.81,23.23,22.74,22.95,5675000,0.0,0.0
2012-08-16 00:00:00+08:00,23.19,23.44,23.02,23.37,15815000,0.0,0.0
2012-08-17 00:00:00+08:00,23.76,24.18,23.6,23.76,18073000,3.0,0.0
2012-08-20 00:00:00+08:00,23.76,24.1,23.37,23.41,6619000,0.0,0.0
2012-08-21 00:00:00+08:00,23.41,23.56,22.94,23.18,6828000,0.0,0.0
2012-08-22 00:00:00+08:00,23.06,23.76,23.06,23.41,7092000,0.0,0.0
2012-08-23 00:00:00+08:00,23.41,23.56,23.21,23.25,5156000,0.0,0.0
2012-08-24 00:00:00+08:00,23.29,24.26,23.29,24.26,11326000,0.0,0.0
2012-08-27 00:00:00+08:00,24.26,24.34,23.79,23.91,5444000,0.0,0.0
2012-08-28 00:00:00+08:00,23.91,24.14,23.68,23.76,3556000,0.0,0.0
2012-08-29 00:00:00+08:00,23.91,24.03,23.64,23.76,3223000,0.0,0.0
2012-08-30 00:00:00+08:00,23.72,23.99,23.64,23.64,4017000,0.0,0.0
2012-08-31 00:00:00+08:00,23.6,23.68,23.06,23.18,5630000,0.0,0.0
2012-09-03 00:00:00+08:00,23.21,24.26,23.18,24.07,6787000,0.0,0.0
2012-09-04 00:00:00+08:00,24.3,24.37,23.87,23.91,4082000,0.0,0.0
2012-09-05 00:00:00+08:00,23.99,24.72,23.99,24.22,12720000,0.0,0.0
2012-09-06 00:00:00+08:00,24.37,24.65,24.07,24.3,7140000,0.0,0.0
2012-09-07 00:00:00+08:00,24.8,25.07,24.45,24.53,8812000,0.0,0.0
2012-09-10 00:00:00+08:00,25.23,25.54,24.68,24.72,13515000,0.0,0.0
2012-09-11 00:00:00+08:00,24.99,24.99,24.41,24.53,4475000,0.0,0.0
2012-09-12 00:00:00+08:00,24.65,25.07,24.37,24.65,7834000,0.0,0.0
2012-09-13 00:00:00+08:00,24.8,25.5,24.68,25.07,14605000,0.0,0.0
2012-09-14 00:00:00+08:00,25.42,25.54,25.07,25.07,10105000,0.0,0.0
2012-09-17 00:00:00+08:00,25.54,25.84,25.26,25.65,12959000,0.0,0.0
2012-09-18 00:00:00+08:00,25.92,26.5,25.54,25.54,19445000,0.0,0.0
2012-09-19 00:00:00+08:00,25.61,25.77,25.3,25.42,6082000,0.0,0.0
2012-09-20 00:00:00+08:00,25.54,25.69,25.11,25.34,5946000,0.0,0.0
2012-09-21 00:00:00+08:00,25.54,25.84,25.19,25.73,7404000,0.0,0.0
2012-09-24 00:00:00+08:00,25.69,25.81,25.3,25.46,4484000,0.0,0.0
2012-09-25 00:00:00+08:00,25.57,25.69,25.34,25.38,4214000,0.0,0.0
2012-09-26 00:00:00+08:00,25.15,25.38,24.68,24.76,6455000,0.0,0.0
2012-09-27 00:00:00+08:00,24.76,25.3,24.76,25.03,5525000,0.0,0.0
2012-09-28 00:00:00+08:00,25.15,25.26,24.61,24.76,4025000,0.0,0.0
2012-10-01 00:00:00+08:00,24.76,25.23,24.49,24.92,3216000,0.0,0.0
2012-10-02 00:00:00+08:00,25.38,26.12,25.07,26.12,9242000,0.0,0.0
2012-10-03 00:00:00+08:00,26.31,26.58,25.5,25.5,9961000,0.0,0.0
2012-10-04 00:00:00+08:00,25.65,26.0,25.34,26.0,4977000,0.0,0.0
2012-10-05 00:00:00+08:00,26.27,26.46,25.84,25.84,9516000,0.0,0.0
2012-10-08 00:00:00+08:00,26.43,26.46,25.88,25.92,8748000,0.0,0.0
2012-10-09 00:00:00+08:00,26.23,26.23,25.84,25.96,8779000,0.0,0.0
2012-10-11 00:00:00+08:00,24.92,25.46,24.57,24.76,6349000,0.0,0.0
2012-10-12 00:00:00+08:00,24.84,25.07,23.06,23.37,15736000,0.0,0.0
2012-10-15 00:00:00+08:00,23.37,23.79,23.25,23.45,6949000,0.0,0.0
2012-10-16 00:00:00+08:00,23.52,23.72,23.14,23.25,6039000,0.0,0.0
2012-10-17 00:00:00+08:00,23.33,23.56,22.94,22.94,8513000,0.0,0.0
2012-10-18 00:00:00+08:00,22.98,23.18,21.94,22.21,10492000,0.0,0.0
2012-10-19 00:00:00+08:00,22.09,22.75,22.05,22.29,6026000,0.0,0.0
2012-10-22 00:00:00+08:00,21.82,22.44,21.74,22.44,3523000,0.0,0.0
2012-10-23 00:00:00+08:00,22.44,22.63,22.32,22.44,2337000,0.0,0.0
2012-10-24 00:00:00+08:00,22.29,22.56,22.05,22.29,2663000,0.0,0.0
2012-10-25 00:00:00+08:00,22.48,22.59,21.74,21.74,3372000,0.0,0.0
2012-10-26 00:00:00+08:00,21.9,22.21,20.23,20.23,11768000,0.0,0.0
2012-10-29 00:00:00+08:00,20.12,20.12,18.84,18.84,7335000,0.0,0.0
2012-10-30 00:00:00+08:00,18.96,19.58,18.96,19.31,5038000,0.0,0.0
2012-10-31 00:00:00+08:00,19.42,19.73,18.03,18.18,6762000,0.0,0.0
2012-11-01 00:00:00+08:00,18.22,19.42,18.03,19.42,10274000,0.0,0.0
2012-11-02 00:00:00+08:00,19.62,19.89,18.53,18.61,13837000,0.0,0.0
2012-11-05 00:00:00+08:00,17.8,17.8,17.33,17.33,12198000,0.0,0.0
2012-11-06 00:00:00+08:00,16.79,17.57,16.68,17.29,13236000,0.0,0.0
2012-11-07 00:00:00+08:00,17.26,17.49,16.91,17.29,6734000,0.0,0.0
2012-11-08 00:00:00+08:00,16.95,17.14,16.71,17.14,5611000,0.0,0.0
2012-11-09 00:00:00+08:00,16.87,18.07,16.79,17.8,13573000,0.0,0.0
2012-11-12 00:00:00+08:00,17.8,17.8,17.22,17.22,5468000,0.0,0.0
2012-11-13 00:00:00+08:00,17.22,17.26,16.02,16.02,12366000,0.0,0.0
2012-11-14 00:00:00+08:00,15.79,16.4,15.79,16.02,9139000,0.0,0.0
2012-11-15 00:00:00+08:00,15.86,16.37,15.86,16.1,6861000,0.0,0.0
2012-11-16 00:00:00+08:00,16.1,16.64,16.02,16.21,9580000,0.0,0.0
2012-11-19 00:00:00+08:00,16.25,16.4,15.4,15.48,9264000,0.0,0.0
2012-11-20 00:00:00+08:00,15.63,15.98,15.44,15.51,6584000,0.0,0.0
2012-11-21 00:00:00+08:00,15.51,15.63,14.59,14.74,8709000,0.0,0.0
2012-11-22 00:00:00+08:00,14.78,15.01,14.51,14.59,8110000,0.0,0.0
2012-11-23 00:00:00+08:00,14.78,15.32,14.74,15.17,11186000,0.0,0.0
2012-11-26 00:00:00+08:00,15.48,15.79,15.32,15.63,10428000,0.0,0.0
2012-11-27 00:00:00+08:00,15.63,16.17,15.48,15.79,14376000,0.0,0.0
2012-11-28 00:00:00+08:00,15.63,16.48,15.63,16.48,18883000,0.0,0.0
2012-11-29 00:00:00+08:00,16.6,16.71,16.33,16.4,20286000,0.0,0.0
2012-11-30 00:00:00+08:00,16.33,16.83,16.33,16.56,17662000,0.0,0.0
2012-12-03 00:00:00+08:00,16.64,16.95,16.37,16.56,12469000,0.0,0.0
2012-12-04 00:00:00+08:00,16.48,17.68,16.4,17.68,22933000,0.0,0.0
2012-12-05 00:00:00+08:00,17.8,18.03,17.41,17.76,19094000,0.0,0.0
2012-12-06 00:00:00+08:00,18.15,18.8,17.8,17.87,20540000,0.0,0.0
2012-12-07 00:00:00+08:00,18.26,18.49,18.03,18.26,16198000,0.0,0.0
2012-12-10 00:00:00+08:00,18.49,19.04,18.03,18.73,18869000,0.0,0.0
2012-12-11 00:00:00+08:00,18.76,18.88,18.18,18.18,10577000,0.0,0.0
2012-12-12 00:00:00+08:00,18.42,18.69,18.3,18.46,6406000,0.0,0.0
2012-12-13 00:00:00+08:00,18.49,19.07,18.34,18.76,11393000,0.0,0.0
2012-12-14 00:00:00+08:00,18.73,18.8,18.38,18.42,6913000,0.0,0.0
2012-12-17 00:00:00+08:00,18.42,18.46,17.45,17.45,9119000,0.0,0.0
2012-12-18 00:00:00+08:00,17.53,17.95,17.53,17.8,6139000,0.0,0.0
2012-12-19 00:00:00+08:00,18.18,18.18,17.57,17.6,7599000,0.0,0.0
2012-12-20 00:00:00+08:00,17.41,17.99,17.37,17.64,7117000,0.0,0.0
2012-12-21 00:00:00+08:00,17.8,17.99,17.41,17.45,4872000,0.0,0.0
2012-12-24 00:00:00+08:00,17.76,17.84,16.95,17.1,6635000,0.0,0.0
2012-12-25 00:00:00+08:00,17.1,17.22,16.56,16.95,8914000,0.0,0.0
2012-12-26 00:00:00+08:00,17.02,17.37,16.95,17.02,6363000,0.0,0.0
2012-12-27 00:00:00+08:00,17.02,17.14,16.71,16.87,7564000,0.0,0.0
2012-12-28 00:00:00+08:00,16.95,17.14,16.95,17.14,4179000,0.0,0.0
2013-01-02 00:00:00+08:00,17.33,17.95,17.26,17.95,10254000,0.0,0.0
2013-01-03 00:00:00+08:00,18.18,18.22,17.57,17.6,9945000,0.0,0.0
2013-01-04 00:00:00+08:00,17.64,17.8,17.45,17.6,4745000,0.0,0.0
2013-01-07 00:00:00+08:00,17.6,17.91,16.83,17.02,11132000,0.0,0.0
2013-01-08 00:00:00+08:00,17.02,17.29,16.87,16.95,9264000,0.0,0.0
2013-01-09 00:00:00+08:00,17.18,18.11,17.18,17.49,26864000,0.0,0.0
2013-01-10 00:00:00+08:00,17.6,17.84,17.29,17.49,10739000,0.0,0.0
2013-01-11 00:00:00+08:00,17.64,18.03,17.64,17.99,16994000,0.0,0.0
2013-01-14 00:00:00+08:00,17.99,18.03,17.57,17.68,8942000,0.0,0.0
2013-01-15 00:00:00+08:00,17.84,18.03,17.64,17.68,11824000,0.0,0.0
2013-01-16 00:00:00+08:00,17.72,17.76,17.02,17.02,9256000,0.0,0.0
2013-01-17 00:00:00+08:00,17.06,17.26,16.17,16.25,15890000,0.0,0.0
2013-01-18 00:00:00+08:00,16.48,16.64,16.17,16.64,8726000,0.0,0.0
2013-01-21 00:00:00+08:00,16.64,16.71,16.4,16.48,3593000,0.0,0.0
2013-01-22 00:00:00+08:00,16.48,16.87,16.4,16.56,6059000,0.0,0.0
2013-01-23 00:00:00+08:00,16.71,16.87,16.29,16.37,8236000,0.0,0.0
2013-01-24 00:00:00+08:00,16.25,16.33,15.75,15.75,10502000,0.0,0.0
2013-01-25 00:00:00+08:00,15.75,15.94,15.59,15.59,5241000,0.0,0.0
2013-01-28 00:00:00+08:00,15.67,15.86,15.55,15.63,4881000,0.0,0.0
2013-01-29 00:00:00+08:00,15.82,16.56,15.71,16.33,8377000,0.0,0.0
2013-01-30 00:00:00+08:00,16.71,17.18,16.48,17.18,16125000,0.0,0.0
2013-01-31 00:00:00+08:00,17.06,17.06,16.71,16.83,8641000,0.0,0.0
2013-02-01 00:00:00+08:00,16.83,17.06,16.6,16.6,6248000,0.0,0.0
2013-02-04 00:00:00+08:00,16.68,16.71,16.13,16.13,7780000,0.0,0.0
2013-02-05 00:00:00+08:00,15.86,15.98,15.67,15.9,7693000,0.0,0.0
2013-02-06 00:00:00+08:00,15.94,16.02,15.75,15.79,6758000,0.0,0.0
2013-02-18 00:00:00+08:00,16.64,16.64,16.02,16.33,8083000,0.0,0.0
2013-02-19 00:00:00+08:00,16.64,17.45,16.48,17.45,16600000,0.0,0.0
2013-02-20 00:00:00+08:00,17.64,17.91,17.33,17.6,20668000,0.0,0.0
2013-02-21 00:00:00+08:00,17.6,18.07,17.41,17.64,14522000,0.0,0.0
2013-02-22 00:00:00+08:00,17.68,17.84,17.33,17.41,6141000,0.0,0.0
2013-02-25 00:00:00+08:00,17.68,17.95,17.64,17.64,5804000,0.0,0.0
2013-02-26 00:00:00+08:00,17.33,17.53,16.95,16.98,7048000,0.0,0.0
2013-02-27 00:00:00+08:00,17.95,18.15,17.6,17.6,13944000,0.0,0.0
2013-03-01 00:00:00+08:00,17.6,17.91,17.45,17.6,10216000,0.0,0.0
2013-03-04 00:00:00+08:00,17.6,17.8,17.22,17.41,7087000,0.0,0.0
2013-03-05 00:00:00+08:00,17.57,17.72,17.37,17.37,10169000,0.0,0.0
2013-03-06 00:00:00+08:00,17.64,17.87,17.49,17.6,10829000,0.0,0.0
2013-03-07 00:00:00+08:00,17.6,18.8,17.6,18.61,36944000,0.0,0.0
2013-03-08 00:00:00+08:00,18.46,18.46,17.99,17.99,17582000,0.0,0.0
2013-03-11 00:00:00+08:00,18.18,18.8,17.91,18.34,17602000,0.0,0.0
2013-03-12 00:00:00+08:00,18.57,18.73,18.26,18.38,13407142,0.0,0.0
2013-03-13 00:00:00+08:00,18.38,18.92,18.11,18.11,18188000,0.0,0.0
2013-03-14 00:00:00+08:00,17.95,18.11,17.6,17.68,9764121,0.0,0.0
2013-03-15 00:00:00+08:00,17.87,18.11,17.64,17.64,7175770,0.0,0.0
2013-03-18 00:00:00+08:00,17.6,17.91,17.57,17.8,8163467,0.0,0.0
2013-03-19 00:00:00+08:00,18.03,18.26,17.87,17.95,6124806,0.0,0.0
2013-03-20 00:00:00+08:00,17.95,18.03,17.64,17.68,6318624,0.0,0.0
2013-03-21 00:00:00+08:00,17.87,18.46,17.76,18.15,17369000,0.0,0.0
2013-03-22 00:00:00+08:00,17.84,18.18,17.8,17.8,9552979,0.0,0.0
2013-03-25 00:00:00+08:00,17.87,18.03,17.68,17.87,9157808,0.0,0.0
2013-03-26 00:00:00+08:00,17.87,18.3,17.87,17.87,8257224,0.0,0.0
2013-03-27 00:00:00+08:00,17.87,18.15,17.84,17.84,4872713,0.0,0.0
2013-03-28 00:00:00+08:00,17.99,18.03,17.76,17.8,5833806,0.0,0.0
2013-03-29 00:00:00+08:00,17.87,18.38,17.8,18.26,10034999,0.0,0.0
2013-04-01 00:00:00+08:00,18.42,18.57,18.07,18.26,8261530,0.0,0.0
2013-04-02 00:00:00+08:00,18.26,18.49,18.18,18.26,8229430,0.0,0.0
2013-04-03 00:00:00+08:00,18.49,18.65,18.3,18.57,17900000,0.0,0.0
2013-04-08 00:00:00+08:00,18.18,18.26,17.33,17.6,13681751,0.0,0.0
2013-04-09 00:00:00+08:00,17.6,17.76,16.64,16.75,17178918,0.0,0.0
2013-04-10 00:00:00+08:00,17.1,17.45,16.95,17.41,12812433,0.0,0.0
2013-04-11 00:00:00+08:00,17.76,17.76,17.33,17.45,7190880,0.0,0.0
2013-04-12 00:00:00+08:00,17.45,17.53,17.06,17.18,4199057,0.0,0.0
2013-04-15 00:00:00+08:00,17.18,17.33,16.87,17.02,5678137,0.0,0.0
2013-04-16 00:00:00+08:00,16.4,17.02,16.33,16.95,3200915,0.0,0.0
2013-04-17 00:00:00+08:00,17.1,17.26,16.79,16.91,4850109,0.0,0.0
2013-04-18 00:00:00+08:00,16.79,16.95,16.68,16.71,5049670,0.0,0.0
2013-04-19 00:00:00+08:00,16.75,17.06,16.75,16.87,3980092,0.0,0.0
2013-04-22 00:00:00+08:00,16.95,17.14,16.87,16.87,3487220,0.0,0.0
2013-04-23 00:00:00+08:00,17.02,17.06,16.64,16.64,4973824,0.0,0.0
2013-04-24 00:00:00+08:00,16.71,17.22,16.71,17.02,9738874,0.0,0.0
2013-04-25 00:00:00+08:00,17.02,17.1,16.87,16.95,4774882,0.0,0.0
2013-04-26 00:00:00+08:00,17.02,17.6,17.02,17.26,9865400,0.0,0.0
2013-04-29 00:00:00+08:00,17.41,17.41,17.1,17.14,4582411,0.0,0.0
2013-04-30 00:00:00+08:00,17.26,17.33,16.95,16.95,6481611,0.0,0.0
2013-05-02 00:00:00+08:00,17.1,17.18,16.91,16.95,6660147,0.0,0.0
2013-05-03 00:00:00+08:00,17.1,17.22,16.91,16.95,6117582,0.0,0.0
2013-05-06 00:00:00+08:00,16.95,17.14,16.4,16.56,8634962,0.0,0.0
2013-05-07 00:00:00+08:00,16.56,16.56,16.02,16.1,10659134,0.0,0.0
2013-05-08 00:00:00+08:00,16.1,16.52,15.86,16.29,9006296,0.0,0.0
2013-05-09 00:00:00+08:00,16.4,16.48,16.25,16.29,5435989,0.0,0.0
2013-05-10 00:00:00+08:00,16.29,16.6,16.13,16.37,6178000,0.0,0.0
2013-05-13 00:00:00+08:00,16.25,16.37,16.1,16.13,3843706,0.0,0.0
2013-05-14 00:00:00+08:00,16.13,16.13,15.86,15.94,5797947,0.0,0.0
2013-05-15 00:00:00+08:00,15.86,15.94,15.67,15.75,6333154,0.0,0.0
2013-05-16 00:00:00+08:00,15.75,16.21,15.71,16.02,8686994,0.0,0.0
2013-05-17 00:00:00+08:00,15.98,16.06,15.71,15.71,6027172,0.0,0.0
2013-05-20 00:00:00+08:00,15.71,16.52,15.71,16.33,12397062,0.0,0.0
2013-05-21 00:00:00+08:00,16.33,16.56,16.17,16.21,8032582,0.0,0.0
2013-05-22 00:00:00+08:00,16.25,16.87,16.25,16.79,17880775,0.0,0.0
2013-05-23 00:00:00+08:00,16.79,16.79,16.4,16.4,8310090,0.0,0.0
2013-05-24 00:00:00+08:00,16.56,16.71,15.94,16.1,13684125,0.0,0.0
2013-05-27 00:00:00+08:00,15.98,16.48,15.86,16.13,12922777,0.0,0.0
2013-05-28 00:00:00+08:00,16.06,16.25,15.9,16.02,7518792,0.0,0.0
2013-05-29 00:00:00+08:00,16.1,16.44,16.02,16.17,11054878,0.0,0.0
2013-05-30 00:00:00+08:00,16.17,16.52,16.1,16.52,11263503,0.0,0.0
2013-05-31 00:00:00+08:00,16.71,17.64,16.48,16.6,106076378,0.0,0.0
2013-06-03 00:00:00+08:00,16.68,16.83,16.29,16.4,21226185,0.0,0.0
2013-06-04 00:00:00+08:00,16.48,16.48,15.94,16.02,17998028,0.0,0.0
2013-06-05 00:00:00+08:00,16.25,16.33,15.94,15.94,11255764,0.0,0.0
2013-06-06 00:00:00+08:00,15.94,15.98,15.71,15.9,8656814,0.0,0.0
2013-06-07 00:00:00+08:00,16.02,16.1,14.86,15.32,17001047,0.0,0.0
2013-06-10 00:00:00+08:00,15.4,15.59,15.17,15.32,7695350,0.0,0.0
2013-06-11 00:00:00+08:00,15.17,15.17,14.78,14.9,9652923,0.0,0.0
2013-06-13 00:00:00+08:00,14.62,14.86,14.62,14.66,6960280,0.0,0.0
2013-06-14 00:00:00+08:00,14.74,14.9,14.24,14.24,10041781,0.0,0.0
2013-06-17 00:00:00+08:00,14.08,14.24,14.04,14.16,5948079,0.0,0.0
2013-06-18 00:00:00+08:00,14.16,14.7,14.16,14.43,7644492,0.0,0.0
2013-06-19 00:00:00+08:00,14.55,14.66,14.32,14.32,4228461,0.0,0.0
2013-06-20 00:00:00+08:00,14.16,14.28,13.77,13.85,6036281,0.0,0.0
2013-06-21 00:00:00+08:00,13.31,13.46,13.08,13.15,10411407,0.0,0.0
2013-06-24 00:00:00+08:00,13.15,13.35,13.0,13.0,5067490,0.0,0.0
2013-06-25 00:00:00+08:00,13.0,13.12,12.54,12.54,7524708,0.0,0.0
2013-06-26 00:00:00+08:00,12.92,13.31,12.77,13.04,7515829,0.0,0.0
2013-06-27 00:00:00+08:00,13.39,13.39,13.04,13.04,5580860,0.0,0.0
2013-06-28 00:00:00+08:00,13.15,13.5,13.08,13.43,4467483,0.0,0.0
2013-07-01 00:00:00+08:00,13.43,13.97,13.23,13.77,9099319,0.0,0.0
2013-07-02 00:00:00+08:00,13.93,13.97,13.27,13.27,7423403,0.0,0.0
2013-07-03 00:00:00+08:00,13.23,13.35,13.0,13.0,5031077,0.0,0.0
2013-07-04 00:00:00+08:00,13.0,13.12,12.46,12.5,7996245,0.0,0.0
2013-07-05 00:00:00+08:00,12.54,12.77,12.46,12.57,5837844,0.0,0.0
2013-07-08 00:00:00+08:00,12.73,12.88,12.42,12.61,5230795,0.0,0.0
2013-07-09 00:00:00+08:00,12.77,12.92,12.69,12.92,4754185,0.0,0.0
2013-07-10 00:00:00+08:00,13.12,13.7,13.04,13.43,14383315,0.0,0.0
2013-07-11 00:00:00+08:00,13.77,14.35,13.7,14.32,22816569,0.0,0.0
2013-07-12 00:00:00+08:00,14.32,14.32,13.97,14.01,7502000,0.0,0.0
2013-07-15 00:00:00+08:00,14.01,14.47,14.01,14.28,8642904,0.0,0.0
2013-07-16 00:00:00+08:00,14.39,14.86,14.32,14.47,11762622,0.0,0.0
2013-07-17 00:00:00+08:00,14.47,14.55,13.97,13.97,7912590,0.0,0.0
2013-07-18 00:00:00+08:00,13.93,14.16,13.54,13.54,7679383,0.0,0.0
2013-07-19 00:00:00+08:00,13.54,13.66,12.81,12.85,13245108,0.0,0.0
2013-07-22 00:00:00+08:00,13.0,13.23,12.92,13.23,3949391,0.0,0.0
2013-07-23 00:00:00+08:00,13.43,13.5,13.23,13.23,3747765,0.0,0.0
2013-07-24 00:00:00+08:00,13.23,13.43,13.23,13.39,2806793,0.0,0.0
2013-07-25 00:00:00+08:00,13.39,13.46,13.23,13.27,3006780,0.0,0.0
2013-07-26 00:00:00+08:00,13.39,13.7,13.31,13.39,5604954,0.0,0.0
2013-07-29 00:00:00+08:00,13.27,13.5,13.23,13.23,3467166,0.0,0.0
2013-07-30 00:00:00+08:00,13.23,13.39,13.23,13.31,1920197,0.0,0.0
2013-07-31 00:00:00+08:00,13.46,13.5,13.12,13.15,5455253,0.0,0.0
2013-08-01 00:00:00+08:00,13.23,13.43,13.15,13.15,4215403,0.0,0.0
2013-08-02 00:00:00+08:00,13.23,13.31,12.85,12.88,6452019,0.0,0.0
2013-08-05 00:00:00+08:00,12.88,13.08,12.88,12.92,3940049,0.0,0.0
2013-08-06 00:00:00+08:00,12.88,13.0,12.85,12.88,3720831,0.0,0.0
2013-08-07 00:00:00+08:00,12.85,13.15,12.85,12.88,3348417,0.0,0.0
2013-08-08 00:00:00+08:00,12.88,13.08,12.81,12.81,2441096,0.0,0.0
2013-08-09 00:00:00+08:00,12.85,12.92,12.77,12.77,2366857,0.0,0.0
2013-08-12 00:00:00+08:00,12.77,12.92,12.5,12.5,4046195,0.0,0.0
2013-08-13 00:00:00+08:00,12.54,12.85,12.54,12.65,3415349,0.0,0.0
2013-08-14 00:00:00+08:00,12.73,12.77,12.54,12.61,2708603,0.0,0.0
2013-08-15 00:00:00+08:00,12.54,12.57,12.42,12.46,4874013,0.0,0.0
2013-08-16 00:00:00+08:00,12.65,13.31,12.65,13.31,19443011,0.0,0.0
2013-08-19 00:00:00+08:00,13.27,13.27,13.0,13.04,7569550,0.0,0.0
2013-08-20 00:00:00+08:00,13.04,13.31,13.0,13.15,6775644,0.0,0.0
2013-08-22 00:00:00+08:00,13.15,13.43,13.0,13.23,7586636,0.0,0.0
2013-08-23 00:00:00+08:00,13.46,13.58,13.23,13.23,9228149,0.0,0.0
2013-08-26 00:00:00+08:00,13.23,13.39,13.19,13.23,4509355,0.0,0.0
2013-08-27 00:00:00+08:00,13.23,13.31,12.96,13.0,4010994,0.0,0.0
2013-08-28 00:00:00+08:00,12.85,12.96,12.65,12.81,3854001,0.0,0.0
2013-08-29 00:00:00+08:00,12.88,13.04,12.88,13.0,2441721,0.0,0.0
2013-08-30 00:00:00+08:00,13.08,13.27,13.04,13.19,3049261,0.0,0.0
2013-09-02 00:00:00+08:00,13.19,13.43,13.12,13.35,6304635,0.0,0.0
2013-09-03 00:00:00+08:00,13.43,13.46,13.23,13.27,3694600,0.0,0.0
2013-09-04 00:00:00+08:00,13.35,14.08,13.27,13.73,16421164,0.0,0.0
2013-09-05 00:00:00+08:00,13.81,13.93,13.58,13.66,8381507,0.0,0.0
2013-09-06 00:00:00+08:00,13.93,14.12,13.81,13.81,11486437,0.0,0.0
2013-09-09 00:00:00+08:00,13.85,14.2,13.77,14.16,11572510,0.0,0.0
2013-09-10 00:00:00+08:00,14.28,14.32,13.73,13.81,9289005,0.0,0.0
2013-09-11 00:00:00+08:00,13.77,13.93,13.62,13.7,6579884,0.0,0.0
2013-09-12 00:00:00+08:00,13.81,13.93,13.62,13.66,5040412,0.0,0.0
2013-09-13 00:00:00+08:00,13.77,13.77,13.58,13.66,2937354,0.0,0.0
2013-09-16 00:00:00+08:00,13.77,13.85,13.66,13.7,3155979,0.0,0.0
2013-09-17 00:00:00+08:00,13.97,14.24,13.93,13.93,9498666,0.0,0.0
2013-09-18 00:00:00+08:00,14.08,14.08,13.81,13.85,3844905,0.0,0.0
2013-09-23 00:00:00+08:00,13.97,14.16,13.89,13.89,4981792,0.0,0.0
2013-09-24 00:00:00+08:00,13.97,14.04,13.89,13.93,3703296,0.0,0.0
2013-09-25 00:00:00+08:00,13.93,14.04,13.81,13.93,4428523,0.0,0.0
2013-09-26 00:00:00+08:00,13.93,14.08,13.81,13.85,4742427,0.0,0.0
2013-09-27 00:00:00+08:00,13.93,14.04,13.73,13.73,4402807,0.0,0.0
2013-09-30 00:00:00+08:00,13.73,13.73,13.54,13.62,3745941,0.0,0.0
2013-10-01 00:00:00+08:00,13.62,13.89,13.58,13.73,3953180,0.0,0.0
2013-10-02 00:00:00+08:00,14.08,14.2,13.93,13.93,10201062,0.0,0.0
2013-10-03 00:00:00+08:00,14.04,14.08,13.85,14.01,5051512,0.0,0.0
2013-10-04 00:00:00+08:00,14.01,14.08,13.89,13.93,2767108,0.0,0.0
2013-10-07 00:00:00+08:00,14.04,14.04,13.62,13.62,3560786,0.0,0.0
2013-10-08 00:00:00+08:00,13.62,13.81,13.62,13.81,2618373,0.0,0.0
2013-10-09 00:00:00+08:00,13.66,13.89,13.62,13.62,3539446,0.0,0.0
2013-10-11 00:00:00+08:00,13.93,13.97,13.04,13.04,6400582,0.0,0.0
2013-10-14 00:00:00+08:00,13.04,13.15,12.69,12.69,7115282,0.0,0.0
2013-10-15 00:00:00+08:00,12.96,13.12,12.85,13.08,4736960,0.0,0.0
2013-10-16 00:00:00+08:00,13.15,13.15,12.88,12.88,3093773,0.0,0.0
2013-10-17 00:00:00+08:00,13.15,13.31,13.08,13.15,4014383,0.0,0.0
2013-10-18 00:00:00+08:00,13.27,13.43,13.12,13.23,3119864,0.0,0.0
2013-10-21 00:00:00+08:00,13.31,13.31,12.96,12.96,4041722,0.0,0.0
2013-10-22 00:00:00+08:00,12.81,13.12,12.81,12.96,2114376,0.0,0.0
2013-10-23 00:00:00+08:00,13.08,13.08,12.85,12.85,1613861,0.0,0.0
2013-10-24 00:00:00+08:00,12.85,13.04,12.85,13.0,1731858,0.0,0.0
2013-10-25 00:00:00+08:00,13.04,13.12,12.88,12.96,2117598,0.0,0.0
2013-10-28 00:00:00+08:00,13.0,13.04,12.88,12.88,1661057,0.0,0.0
2013-10-29 00:00:00+08:00,12.88,13.12,12.88,12.88,3129213,0.0,0.0
2013-10-30 00:00:00+08:00,12.92,13.0,12.81,12.85,2697052,0.0,0.0
2013-10-31 00:00:00+08:00,12.85,12.88,12.73,12.81,2823503,0.0,0.0
2013-11-01 00:00:00+08:00,12.85,12.85,12.54,12.57,3816121,0.0,0.0
2013-11-04 00:00:00+08:00,12.57,12.61,12.42,12.5,3791482,0.0,0.0
2013-11-05 00:00:00+08:00,12.5,12.77,12.5,12.5,2828238,0.0,0.0
2013-11-06 00:00:00+08:00,12.54,12.61,11.65,11.65,15198210,0.0,0.0
2013-11-07 00:00:00+08:00,11.65,11.65,11.14,11.53,9682495,0.0,0.0
2013-11-08 00:00:00+08:00,11.45,11.49,11.34,11.45,3788136,0.0,0.0
2013-11-11 00:00:00+08:00,11.53,11.61,10.91,10.99,5356239,0.0,0.0
2013-11-12 00:00:00+08:00,11.03,11.22,10.33,10.79,9269779,0.0,0.0
2013-11-13 00:00:00+08:00,10.68,10.87,10.45,10.6,4264581,0.0,0.0
2013-11-14 00:00:00+08:00,11.34,11.34,11.34,11.34,5185650,0.0,0.0
2013-11-15 00:00:00+08:00,11.72,11.84,11.65,11.76,10914782,0.0,0.0
2013-11-18 00:00:00+08:00,11.92,11.92,11.49,11.49,4256880,0.0,0.0
2013-11-19 00:00:00+08:00,11.61,11.76,11.53,11.76,3319118,0.0,0.0
2013-11-20 00:00:00+08:00,11.92,12.54,11.76,12.46,11053270,0.0,0.0
2013-11-21 00:00:00+08:00,12.42,12.61,12.07,12.61,9977339,0.0,0.0
2013-11-22 00:00:00+08:00,12.69,12.73,12.3,12.3,5428418,0.0,0.0
2013-11-25 00:00:00+08:00,12.38,12.54,12.15,12.19,3816787,0.0,0.0
2013-11-26 00:00:00+08:00,12.15,12.42,12.11,12.23,4454668,0.0,0.0
2013-11-27 00:00:00+08:00,12.23,12.65,12.23,12.38,6055022,0.0,0.0
2013-11-28 00:00:00+08:00,12.46,12.57,12.26,12.26,4577264,0.0,0.0
2013-11-29 00:00:00+08:00,12.26,12.5,12.26,12.38,7342948,0.0,0.0
2013-12-02 00:00:00+08:00,12.65,12.92,12.46,12.81,14301639,0.0,0.0
2013-12-03 00:00:00+08:00,12.77,12.77,12.54,12.65,6227750,0.0,0.0
2013-12-04 00:00:00+08:00,12.69,12.77,12.54,12.54,4013330,0.0,0.0
2013-12-05 00:00:00+08:00,12.54,12.61,12.42,12.46,2884500,0.0,0.0
2013-12-06 00:00:00+08:00,12.73,12.92,12.57,12.81,11734536,0.0,0.0
2013-12-09 00:00:00+08:00,12.92,12.96,12.61,12.69,5150932,0.0,0.0
2013-12-10 00:00:00+08:00,12.69,12.81,12.57,12.65,2776405,0.0,0.0
2013-12-11 00:00:00+08:00,12.65,12.65,12.03,12.07,8739218,0.0,0.0
2013-12-12 00:00:00+08:00,11.92,11.92,11.65,11.92,5403840,0.0,0.0
2013-12-13 00:00:00+08:00,11.76,11.96,11.76,11.96,1867118,0.0,0.0
2013-12-16 00:00:00+08:00,11.92,12.03,11.68,11.68,2689133,0.0,0.0
2013-12-17 00:00:00+08:00,11.76,11.99,11.76,11.76,2651966,0.0,0.0
2013-12-18 00:00:00+08:00,11.76,12.11,11.76,11.99,5128972,0.0,0.0
2013-12-19 00:00:00+08:00,12.19,12.26,12.03,12.03,2841496,0.0,0.0
2013-12-20 00:00:00+08:00,12.07,12.11,11.88,11.88,2190059,0.0,0.0
2013-12-23 00:00:00+08:00,12.03,12.57,11.96,12.38,8876067,0.0,0.0
2013-12-24 00:00:00+08:00,12.42,12.5,12.23,12.26,2916588,0.0,0.0
2013-12-25 00:00:00+08:00,12.38,12.42,12.11,12.11,3386555,0.0,0.0
2013-12-26 00:00:00+08:00,12.26,12.54,12.19,12.26,5224422,0.0,0.0
2013-12-27 00:00:00+08:00,12.38,12.46,12.26,12.38,5012915,0.0,0.0
2013-12-30 00:00:00+08:00,12.61,12.88,12.54,12.81,14451626,0.0,0.0
2013-12-31 00:00:00+08:00,12.88,12.88,12.61,12.65,4983790,0.0,0.0
2014-01-02 00:00:00+08:00,12.73,13.04,12.65,13.0,10557586,0.0,0.0
2014-01-03 00:00:00+08:00,12.96,13.39,12.88,13.27,17553060,0.0,0.0
2014-01-06 00:00:00+08:00,13.39,13.54,13.15,13.19,6513885,0.0,0.0
2014-01-07 00:00:00+08:00,13.23,13.35,13.12,13.35,7272405,0.0,0.0
2014-01-08 00:00:00+08:00,13.5,13.93,13.35,13.7,22907509,0.0,0.0
2014-01-09 00:00:00+08:00,13.77,13.85,13.27,13.39,9812104,0.0,0.0
2014-01-10 00:00:00+08:00,13.43,13.54,13.19,13.31,4973795,0.0,0.0
2014-01-13 00:00:00+08:00,12.92,13.12,12.65,12.69,13398837,0.0,0.0
2014-01-14 00:00:00+08:00,12.57,12.81,12.57,12.61,6059116,0.0,0.0
2014-01-15 00:00:00+08:00,12.69,12.96,12.65,12.81,4834486,0.0,0.0
2014-01-16 00:00:00+08:00,12.92,12.96,12.69,12.69,3318315,0.0,0.0
2014-01-17 00:00:00+08:00,12.73,13.12,12.69,12.88,8080586,0.0,0.0
2014-01-20 00:00:00+08:00,12.88,12.96,12.81,12.88,3150025,0.0,0.0
2014-01-21 00:00:00+08:00,13.04,13.23,12.92,13.08,6600411,0.0,0.0
2014-01-22 00:00:00+08:00,13.12,13.19,12.96,13.12,4753545,0.0,0.0
2014-01-23 00:00:00+08:00,13.23,13.27,13.08,13.12,6763543,0.0,0.0
2014-01-24 00:00:00+08:00,13.08,13.08,12.77,12.77,4195241,0.0,0.0
2014-01-27 00:00:00+08:00,12.57,12.65,12.42,12.54,4228351,0.0,0.0
2014-02-05 00:00:00+08:00,12.38,12.5,12.23,12.3,5048849,0.0,0.0
2014-02-06 00:00:00+08:00,12.3,12.46,12.26,12.34,3146078,0.0,0.0
2014-02-07 00:00:00+08:00,12.38,12.73,12.38,12.54,3553885,0.0,0.0
2014-02-10 00:00:00+08:00,12.73,12.73,12.5,12.5,2337218,0.0,0.0
2014-02-11 00:00:00+08:00,12.3,12.34,12.15,12.23,5689572,0.0,0.0
2014-02-12 00:00:00+08:00,12.26,12.88,12.26,12.85,7252682,0.0,0.0
2014-02-13 00:00:00+08:00,12.85,13.08,12.69,13.0,11929222,0.0,0.0
2014-02-14 00:00:00+08:00,13.31,13.85,13.23,13.27,34094351,0.0,0.0
2014-02-17 00:00:00+08:00,13.31,13.46,13.27,13.35,7321002,0.0,0.0
2014-02-18 00:00:00+08:00,13.39,13.46,13.15,13.19,5604515,0.0,0.0
2014-02-19 00:00:00+08:00,13.19,13.19,13.04,13.04,5467028,0.0,0.0
2014-02-20 00:00:00+08:00,13.04,13.35,12.92,12.92,5751267,0.0,0.0
2014-02-21 00:00:00+08:00,13.04,13.39,13.04,13.19,6394041,0.0,0.0
2014-02-24 00:00:00+08:00,13.15,13.31,12.92,13.0,5918676,0.0,0.0
2014-02-25 00:00:00+08:00,13.08,13.19,12.77,12.77,8956945,0.0,0.0
2014-02-26 00:00:00+08:00,12.77,12.96,12.77,12.81,4249936,0.0,0.0
2014-02-27 00:00:00+08:00,12.88,13.31,12.85,13.12,11862299,0.0,0.0
2014-03-03 00:00:00+08:00,13.12,13.19,12.92,13.04,4888688,0.0,0.0
2014-03-04 00:00:00+08:00,12.92,13.12,12.88,12.88,3640354,0.0,0.0
2014-03-05 00:00:00+08:00,13.0,13.19,12.96,12.96,5508690,0.0,0.0
2014-03-06 00:00:00+08:00,13.04,13.31,13.04,13.15,7663973,0.0,0.0
2014-03-07 00:00:00+08:00,13.27,13.31,12.92,12.96,7819616,0.0,0.0
2014-03-10 00:00:00+08:00,13.04,13.04,12.88,12.88,2866463,0.0,0.0
2014-03-11 00:00:00+08:00,12.92,13.0,12.85,12.92,3453673,0.0,0.0
2014-03-12 00:00:00+08:00,12.92,13.46,12.85,13.31,14896148,0.0,0.0
2014-03-13 00:00:00+08:00,13.46,13.73,13.27,13.46,18765298,0.0,0.0
2014-03-14 00:00:00+08:00,13.31,13.66,13.23,13.58,9734671,0.0,0.0
2014-03-17 00:00:00+08:00,13.46,13.7,13.23,13.58,11155497,0.0,0.0
2014-03-18 00:00:00+08:00,13.77,14.16,13.7,13.77,15193084,0.0,0.0
2014-03-19 00:00:00+08:00,13.85,13.89,13.35,13.35,8990559,0.0,0.0
2014-03-20 00:00:00+08:00,13.19,13.31,13.08,13.12,5875602,0.0,0.0
2014-03-21 00:00:00+08:00,13.15,13.54,13.15,13.31,6078499,0.0,0.0
2014-03-24 00:00:00+08:00,13.15,13.35,13.0,13.15,3712118,0.0,0.0
2014-03-25 00:00:00+08:00,13.15,13.5,13.15,13.27,4110180,0.0,0.0
2014-03-26 00:00:00+08:00,13.46,13.46,13.23,13.27,3384168,0.0,0.0
2014-03-27 00:00:00+08:00,13.27,13.85,13.27,13.7,15192238,0.0,0.0
2014-03-28 00:00:00+08:00,13.81,13.85,13.39,13.39,7908691,0.0,0.0
2014-03-31 00:00:00+08:00,13.77,13.97,13.58,13.66,9870283,0.0,0.0
2014-04-01 00:00:00+08:00,13.77,14.08,13.7,13.77,15154872,0.0,0.0
2014-04-02 00:00:00+08:00,14.08,14.28,13.85,13.85,14365462,0.0,0.0
2014-04-03 00:00:00+08:00,13.89,14.08,13.73,13.85,10250711,0.0,0.0
2014-04-07 00:00:00+08:00,13.85,14.04,13.62,13.93,9540781,0.0,0.0
2014-04-08 00:00:00+08:00,13.93,14.04,13.77,13.85,5061363,0.0,0.0
2014-04-09 00:00:00+08:00,13.93,14.78,13.85,14.59,36469740,0.0,0.0
2014-04-10 00:00:00+08:00,14.66,14.66,14.2,14.55,20873249,0.0,0.0
2014-04-11 00:00:00+08:00,14.55,15.44,14.55,15.4,51147995,0.0,0.0
2014-04-14 00:00:00+08:00,15.17,15.24,14.35,14.35,29412969,0.0,0.0
2014-04-15 00:00:00+08:00,14.35,14.51,14.04,14.39,17045664,0.0,0.0
2014-04-16 00:00:00+08:00,14.55,15.32,14.43,14.97,24957127,0.0,0.0
2014-04-17 00:00:00+08:00,15.17,15.21,14.7,14.7,15452576,0.0,0.0
2014-04-18 00:00:00+08:00,15.01,15.71,15.01,15.67,47727045,0.0,0.0
2014-04-21 00:00:00+08:00,15.86,16.6,15.86,16.56,46279726,0.0,0.0
2014-04-22 00:00:00+08:00,16.64,16.68,16.13,16.33,30682786,0.0,0.0
2014-04-23 00:00:00+08:00,16.64,17.02,16.37,16.4,39579883,0.0,0.0
2014-04-24 00:00:00+08:00,16.6,16.71,15.67,15.75,25912864,0.0,0.0
2014-04-25 00:00:00+08:00,15.86,16.21,14.93,15.28,33648420,0.0,0.0
2014-04-28 00:00:00+08:00,14.97,16.33,14.93,16.33,32424630,0.0,0.0
2014-04-29 00:00:00+08:00,16.4,16.95,16.1,16.1,36883532,0.0,0.0
2014-04-30 00:00:00+08:00,16.25,16.29,15.51,15.51,18576766,0.0,0.0
2014-05-02 00:00:00+08:00,15.71,16.25,15.67,15.9,10915390,0.0,0.0
2014-05-05 00:00:00+08:00,16.17,16.44,16.02,16.33,19784197,0.0,0.0
2014-05-06 00:00:00+08:00,16.37,16.44,16.02,16.33,15198462,0.0,0.0
2014-05-07 00:00:00+08:00,16.25,16.33,15.9,15.9,11474135,0.0,0.0
2014-05-08 00:00:00+08:00,16.02,16.17,15.59,15.67,13219450,0.0,0.0
2014-05-09 00:00:00+08:00,15.75,16.21,15.63,15.67,10849705,0.0,0.0
2014-05-12 00:00:00+08:00,15.94,16.13,14.93,15.13,21640117,0.0,0.0
2014-05-13 00:00:00+08:00,15.24,15.4,14.43,14.47,25905716,0.0,0.0
2014-05-14 00:00:00+08:00,14.7,14.93,14.62,14.9,8495081,0.0,0.0
2014-05-15 00:00:00+08:00,14.97,15.05,14.62,14.9,7310683,0.0,0.0
2014-05-16 00:00:00+08:00,14.01,15.24,13.89,15.24,25618516,0.0,0.0
2014-05-19 00:00:00+08:00,15.32,15.51,15.01,15.05,11966595,0.0,0.0
2014-05-20 00:00:00+08:00,15.05,15.48,15.05,15.21,11128284,0.0,0.0
2014-05-21 00:00:00+08:00,15.09,15.55,15.05,15.4,13666895,0.0,0.0
2014-05-22 00:00:00+08:00,15.36,15.44,15.09,15.09,12091380,0.0,0.0
2014-05-23 00:00:00+08:00,15.09,15.24,14.86,15.05,10337991,0.0,0.0
2014-05-26 00:00:00+08:00,15.09,15.32,14.9,14.9,10178754,0.0,0.0
2014-05-27 00:00:00+08:00,14.97,15.09,14.59,14.59,9982839,0.0,0.0
2014-05-28 00:00:00+08:00,14.62,14.86,14.55,14.7,10293364,0.0,0.0
2014-05-29 00:00:00+08:00,14.74,14.82,14.59,14.62,5392735,0.0,0.0
2014-05-30 00:00:00+08:00,14.7,14.74,14.35,14.55,9589632,0.0,0.0
2014-06-03 00:00:00+08:00,14.59,14.78,14.39,14.39,8251330,0.0,0.0
2014-06-04 00:00:00+08:00,14.7,15.4,14.62,15.32,22095533,0.0,0.0
2014-06-05 00:00:00+08:00,15.32,15.55,15.01,15.01,15400049,0.0,0.0
2014-06-06 00:00:00+08:00,15.09,15.59,15.01,15.21,15621458,0.0,0.0
2014-06-09 00:00:00+08:00,15.32,15.86,15.28,15.48,17080243,0.0,0.0
2014-06-10 00:00:00+08:00,15.71,15.71,15.32,15.32,8863787,0.0,0.0
2014-06-11 00:00:00+08:00,15.32,15.48,15.17,15.17,8943784,0.0,0.0
2014-06-12 00:00:00+08:00,15.17,15.24,15.01,15.01,6811063,0.0,0.0
2014-06-13 00:00:00+08:00,15.01,15.55,14.97,15.48,14569701,0.0,0.0
2014-06-16 00:00:00+08:00,15.67,16.25,15.67,16.02,30676388,0.0,0.0
2014-06-17 00:00:00+08:00,16.1,16.37,15.82,16.13,17839655,0.0,0.0
2014-06-18 00:00:00+08:00,16.21,16.6,15.67,15.79,36061732,0.0,0.0
2014-06-19 00:00:00+08:00,15.9,16.1,15.67,15.79,10409881,0.0,0.0
2014-06-20 00:00:00+08:00,15.94,15.94,15.63,15.63,6931446,0.0,0.0
2014-06-23 00:00:00+08:00,15.63,15.75,14.7,14.82,15779104,0.0,0.0
2014-06-24 00:00:00+08:00,14.86,15.09,14.74,14.9,5857838,0.0,0.0
2014-06-25 00:00:00+08:00,15.01,15.21,14.78,14.86,7111287,0.0,0.0
2014-06-26 00:00:00+08:00,14.93,15.32,14.93,15.05,7806443,0.0,0.0
2014-06-27 00:00:00+08:00,15.05,15.24,14.93,15.09,4547303,0.0,0.0
2014-06-30 00:00:00+08:00,15.4,15.59,15.28,15.44,11923000,0.0,0.0
2014-07-01 00:00:00+08:00,15.4,15.55,15.32,15.51,9040164,0.0,0.0
2014-07-02 00:00:00+08:00,15.63,15.98,15.28,15.32,22025849,0.0,0.0
2014-07-03 00:00:00+08:00,15.4,15.48,15.24,15.28,6210052,0.0,0.0
2014-07-04 00:00:00+08:00,15.36,15.4,15.13,15.13,6705265,0.0,0.0
2014-07-07 00:00:00+08:00,15.13,15.21,14.78,14.82,9090800,0.0,0.0
2014-07-08 00:00:00+08:00,14.82,15.01,14.78,14.9,5086895,0.0,0.0
2014-07-09 00:00:00+08:00,14.93,15.17,14.93,14.97,4779126,0.0,0.0
2014-07-10 00:00:00+08:00,15.01,15.17,14.86,14.86,5150614,0.0,0.0
2014-07-11 00:00:00+08:00,15.17,15.75,15.09,15.17,19943414,0.0,0.0
2014-07-14 00:00:00+08:00,15.44,15.82,15.28,15.63,22770119,0.0,0.0
2014-07-15 00:00:00+08:00,15.79,16.06,15.59,16.02,32177167,0.0,0.0
2014-07-16 00:00:00+08:00,16.02,16.1,15.71,15.82,15113506,0.0,0.0
2014-07-17 00:00:00+08:00,15.94,16.37,15.82,15.94,25144780,0.0,0.0
2014-07-18 00:00:00+08:00,15.79,15.82,15.55,15.55,11754984,0.0,0.0
2014-07-21 00:00:00+08:00,15.86,15.86,15.48,15.51,6868229,0.0,0.0
2014-07-22 00:00:00+08:00,15.63,15.71,15.44,15.59,7209428,0.0,0.0
2014-07-23 00:00:00+08:00,15.59,15.59,15.59,15.59,0,0.0,0.0
2014-07-24 00:00:00+08:00,15.75,15.82,15.59,15.59,5915136,0.0,0.0
2014-07-25 00:00:00+08:00,15.71,15.71,15.4,15.48,5724209,0.0,0.0
2014-07-28 00:00:00+08:00,15.51,15.51,15.01,15.05,8786075,0.0,0.0
2014-07-29 00:00:00+08:00,15.05,15.24,14.51,14.7,11007059,0.0,0.0
2014-07-30 00:00:00+08:00,14.86,15.05,14.74,15.05,3051802,0.0,0.0
2014-07-31 00:00:00+08:00,15.05,15.17,14.86,14.9,3681815,0.0,0.0
2014-08-01 00:00:00+08:00,14.7,14.82,14.62,14.82,4224810,0.0,0.0
2014-08-04 00:00:00+08:00,14.9,15.17,14.86,15.09,3559788,0.0,0.0
2014-08-05 00:00:00+08:00,15.28,15.28,14.97,14.97,3827707,0.0,0.0
2014-08-06 00:00:00+08:00,15.17,15.17,13.93,14.47,13538228,0.0,0.0
2014-08-07 00:00:00+08:00,14.47,14.62,14.12,14.12,5196467,0.0,0.0
2014-08-08 00:00:00+08:00,14.08,14.12,13.15,13.23,19527986,0.0,0.0
2014-08-11 00:00:00+08:00,13.27,13.54,13.15,13.43,7076621,0.0,0.0
2014-08-12 00:00:00+08:00,13.54,13.58,13.31,13.31,3737290,0.0,0.0
2014-08-13 00:00:00+08:00,13.39,13.43,12.96,13.08,7912959,0.0,0.0
2014-08-14 00:00:00+08:00,13.31,13.62,13.19,13.43,7038663,0.0,0.0
2014-08-15 00:00:00+08:00,13.81,13.93,13.66,13.81,8952044,0.0,0.0
2014-08-18 00:00:00+08:00,13.97,14.01,13.58,13.7,5493567,0.0,0.0
2014-08-19 00:00:00+08:00,13.93,14.04,13.77,13.77,3897949,0.0,0.0
2014-08-20 00:00:00+08:00,13.93,14.2,13.85,14.08,7464662,0.0,0.0
2014-08-21 00:00:00+08:00,14.08,14.08,13.66,13.73,8350397,0.0,0.0
2014-08-22 00:00:00+08:00,13.85,13.97,13.77,13.89,3725751,0.0,0.0
2014-08-25 00:00:00+08:00,13.93,14.24,13.93,14.24,5118306,0.0,0.0
2014-08-26 00:00:00+08:00,14.32,14.39,14.08,14.12,4225103,0.0,0.0
2014-08-27 00:00:00+08:00,14.2,14.28,14.08,14.16,3920412,0.0,0.0
2014-08-28 00:00:00+08:00,14.24,14.24,13.97,14.08,2536204,0.0,0.0
2014-08-29 00:00:00+08:00,14.16,14.2,14.01,14.08,3017224,0.0,0.0
2014-09-01 00:00:00+08:00,14.32,14.43,14.16,14.28,7110041,0.0,0.0
2014-09-02 00:00:00+08:00,14.28,14.35,13.73,13.81,7028852,0.0,0.0
2014-09-03 00:00:00+08:00,13.93,14.16,13.85,14.12,6707280,0.0,0.0
2014-09-04 00:00:00+08:00,14.24,14.39,13.97,13.97,7361401,0.0,0.0
2014-09-05 00:00:00+08:00,14.01,14.04,13.89,14.04,2641518,0.0,0.0
2014-09-09 00:00:00+08:00,14.24,14.24,13.97,13.97,2154817,0.0,0.0
2014-09-10 00:00:00+08:00,13.85,14.01,13.77,13.93,3182308,0.0,0.0
2014-09-11 00:00:00+08:00,14.32,14.32,13.97,13.97,4289602,0.0,0.0
2014-09-12 00:00:00+08:00,14.08,14.16,13.85,13.85,3177553,0.0,0.0
2014-09-15 00:00:00+08:00,13.85,13.97,13.77,13.81,1367790,0.0,0.0
2014-09-16 00:00:00+08:00,13.77,13.93,13.39,13.43,4194770,0.0,0.0
2014-09-17 00:00:00+08:00,13.66,13.73,13.46,13.46,2496897,0.0,0.0
2014-09-18 00:00:00+08:00,13.54,13.7,13.5,13.5,2118641,0.0,0.0
2014-09-19 00:00:00+08:00,13.77,13.77,13.58,13.58,1804941,0.0,0.0
2014-09-22 00:00:00+08:00,13.58,13.58,13.35,13.39,2311848,0.0,0.0
2014-09-23 00:00:00+08:00,13.46,13.5,13.31,13.31,1830088,0.0,0.0
2014-09-24 00:00:00+08:00,13.31,13.5,13.27,13.39,3883737,0.0,0.0
2014-09-25 00:00:00+08:00,13.43,13.54,13.08,13.23,3488377,0.0,0.0
2014-09-26 00:00:00+08:00,13.15,13.58,13.08,13.58,4086110,0.0,0.0
2014-09-29 00:00:00+08:00,13.62,13.7,13.39,13.46,4717903,0.0,0.0
2014-09-30 00:00:00+08:00,13.5,13.58,13.0,13.31,6011528,0.0,0.0
2014-10-01 00:00:00+08:00,13.27,13.58,13.19,13.46,5585670,0.0,0.0
2014-10-02 00:00:00+08:00,13.46,13.54,13.31,13.54,4144428,0.0,0.0
2014-10-03 00:00:00+08:00,13.54,13.73,13.43,13.73,5593720,0.0,0.0
2014-10-06 00:00:00+08:00,13.7,13.85,13.5,13.5,4818799,0.0,0.0
2014-10-07 00:00:00+08:00,13.46,13.5,13.27,13.39,3430377,0.0,0.0
2014-10-08 00:00:00+08:00,13.31,13.62,13.27,13.27,5110540,0.0,0.0
2014-10-09 00:00:00+08:00,13.46,13.46,13.12,13.12,2820095,0.0,0.0
2014-10-13 00:00:00+08:00,12.69,12.81,12.23,12.23,8341359,0.0,0.0
2014-10-14 00:00:00+08:00,12.03,12.23,11.65,11.84,5439636,0.0,0.0
2014-10-15 00:00:00+08:00,11.88,11.99,11.34,11.37,4542937,0.0,0.0
2014-10-16 00:00:00+08:00,11.03,11.26,10.6,11.18,7236982,0.0,0.0
2014-10-17 00:00:00+08:00,11.53,11.68,11.18,11.22,3664005,0.0,0.0
2014-10-20 00:00:00+08:00,11.3,11.65,11.3,11.45,2729013,0.0,0.0
2014-10-21 00:00:00+08:00,11.49,11.53,11.34,11.34,1508010,0.0,0.0
2014-10-22 00:00:00+08:00,11.49,11.61,11.41,11.41,3589682,0.0,0.0
2014-10-23 00:00:00+08:00,11.57,11.61,11.37,11.49,2107113,0.0,0.0
2014-10-24 00:00:00+08:00,11.53,11.61,11.3,11.3,1732537,0.0,0.0
2014-10-27 00:00:00+08:00,11.45,11.45,10.68,10.68,3424271,0.0,0.0
2014-10-28 00:00:00+08:00,10.83,11.07,10.83,11.03,2371695,0.0,0.0
2014-10-29 00:00:00+08:00,11.14,11.45,11.1,11.26,3599604,0.0,0.0
2014-10-30 00:00:00+08:00,11.26,11.34,10.99,11.18,4400590,0.0,0.0
2014-10-31 00:00:00+08:00,11.22,11.57,11.18,11.45,12096409,0.0,0.0
2014-11-03 00:00:00+08:00,11.61,11.96,11.45,11.76,11355746,0.0,0.0
2014-11-04 00:00:00+08:00,11.76,11.88,11.68,11.88,3568371,0.0,0.0
2014-11-05 00:00:00+08:00,11.88,11.99,11.72,11.96,4676431,0.0,0.0
2014-11-06 00:00:00+08:00,12.07,12.23,11.96,11.99,9178068,0.0,0.0
2014-11-07 00:00:00+08:00,11.99,12.11,11.76,11.92,2551079,0.0,0.0
2014-11-10 00:00:00+08:00,11.99,12.07,11.96,12.03,2706119,0.0,0.0
2014-11-11 00:00:00+08:00,11.92,11.99,11.57,11.65,4648889,0.0,0.0
2014-11-12 00:00:00+08:00,11.61,11.68,11.53,11.65,2747562,0.0,0.0
2014-11-13 00:00:00+08:00,11.65,11.76,11.53,11.57,2728602,0.0,0.0
2014-11-14 00:00:00+08:00,11.57,11.61,11.49,11.53,2798885,0.0,0.0
2014-11-17 00:00:00+08:00,11.68,11.68,11.22,11.22,3586032,0.0,0.0
2014-11-18 00:00:00+08:00,11.26,11.34,10.48,10.6,10398511,0.0,0.0
2014-11-19 00:00:00+08:00,10.6,10.79,10.14,10.29,13171584,0.0,0.0
2014-11-20 00:00:00+08:00,10.29,10.45,10.29,10.33,4373373,0.0,0.0
2014-11-21 00:00:00+08:00,10.37,10.6,10.37,10.45,4258438,0.0,0.0
2014-11-24 00:00:00+08:00,10.64,10.64,10.45,10.48,2517414,0.0,0.0
2014-11-25 00:00:00+08:00,10.56,10.64,10.33,10.37,4693642,0.0,0.0
2014-11-26 00:00:00+08:00,10.37,10.48,10.18,10.25,5420646,0.0,0.0
2014-11-27 00:00:00+08:00,10.33,10.41,10.14,10.29,5276463,0.0,0.0
2014-11-28 00:00:00+08:00,10.45,10.56,10.29,10.29,7500915,0.0,0.0
2014-12-01 00:00:00+08:00,10.06,10.56,10.02,10.48,4515657,0.0,0.0
2014-12-02 00:00:00+08:00,10.37,10.37,10.37,10.37,7353342,0.0,0.0
2014-12-03 00:00:00+08:00,10.48,10.48,10.48,10.48,15223558,0.0,0.0
2014-12-04 00:00:00+08:00,10.91,10.91,10.91,10.91,25128826,0.0,0.0
2014-12-05 00:00:00+08:00,10.99,11.07,10.91,11.03,7250497,0.0,0.0
2014-12-08 00:00:00+08:00,11.03,11.1,10.79,10.83,6029536,0.0,0.0
2014-12-09 00:00:00+08:00,10.76,11.1,10.52,11.1,7392135,0.0,0.0
2014-12-10 00:00:00+08:00,11.37,11.37,10.83,10.87,9472161,0.0,0.0
2014-12-11 00:00:00+08:00,10.64,10.83,10.64,10.72,4047819,0.0,0.0
2014-12-12 00:00:00+08:00,10.72,10.91,10.64,10.68,4269687,0.0,0.0
2014-12-15 00:00:00+08:00,10.56,10.6,10.33,10.41,5874168,0.0,0.0
2014-12-16 00:00:00+08:00,10.41,10.52,10.41,10.52,3224416,0.0,0.0
2014-12-17 00:00:00+08:00,10.52,10.72,10.52,10.56,4729711,0.0,0.0
2014-12-18 00:00:00+08:00,10.64,10.95,10.64,10.76,7489201,0.0,0.0
2014-12-19 00:00:00+08:00,10.95,10.99,10.64,10.64,4231038,0.0,0.0
2014-12-22 00:00:00+08:00,10.72,10.79,10.64,10.68,6156409,0.0,0.0
2014-12-23 00:00:00+08:00,10.79,10.87,10.72,10.83,2631625,0.0,0.0
2014-12-24 00:00:00+08:00,10.83,11.18,10.83,11.14,10500074,0.0,0.0
2014-12-25 00:00:00+08:00,11.22,11.22,10.91,11.07,4240543,0.0,0.0
2014-12-26 00:00:00+08:00,11.1,11.14,10.99,11.03,2454816,0.0,0.0
2014-12-29 00:00:00+08:00,11.53,11.61,11.34,11.41,7265414,0.0,0.0
2014-12-30 00:00:00+08:00,11.45,11.49,11.18,11.22,5138059,0.0,0.0
2014-12-31 00:00:00+08:00,11.22,11.34,11.22,11.3,3330068,0.0,0.0
2015-01-05 00:00:00+08:00,11.34,11.57,11.18,11.49,8796806,0.0,0.0
2015-01-06 00:00:00+08:00,11.41,11.41,11.03,11.34,7024001,0.0,0.0
2015-01-07 00:00:00+08:00,11.18,11.37,11.14,11.26,4086471,0.0,0.0
2015-01-08 00:00:00+08:00,11.45,11.76,11.41,11.53,13501973,0.0,0.0
2015-01-09 00:00:00+08:00,11.76,11.8,11.53,11.57,8651922,0.0,0.0
2015-01-12 00:00:00+08:00,11.61,11.61,11.3,11.3,4928373,0.0,0.0
2015-01-13 00:00:00+08:00,11.3,11.45,11.26,11.34,3299484,0.0,0.0
2015-01-14 00:00:00+08:00,11.3,11.45,11.3,11.41,2409550,0.0,0.0
2015-01-15 00:00:00+08:00,11.41,11.45,11.26,11.3,2869733,0.0,0.0
2015-01-16 00:00:00+08:00,11.26,11.34,11.1,11.1,4650171,0.0,0.0
2015-01-19 00:00:00+08:00,11.14,11.3,10.91,10.99,3671627,0.0,0.0
2015-01-20 00:00:00+08:00,10.99,11.22,10.99,11.18,2680216,0.0,0.0
2015-01-21 00:00:00+08:00,11.18,11.26,10.99,10.99,2868741,0.0,0.0
2015-01-22 00:00:00+08:00,10.99,11.1,10.99,11.07,1832382,0.0,0.0
2015-01-23 00:00:00+08:00,11.14,11.22,11.07,11.1,2726652,0.0,0.0
2015-01-26 00:00:00+08:00,11.1,11.18,11.07,11.07,2356301,0.0,0.0
2015-01-27 00:00:00+08:00,11.1,11.41,11.1,11.3,4826797,0.0,0.0
2015-01-28 00:00:00+08:00,11.3,11.37,11.18,11.22,1752754,0.0,0.0
2015-01-29 00:00:00+08:00,11.22,11.26,11.14,11.18,2013722,0.0,0.0
2015-01-30 00:00:00+08:00,11.22,11.26,11.07,11.07,1662025,0.0,0.0
2015-02-02 00:00:00+08:00,10.99,11.1,10.95,10.99,2397004,0.0,0.0
2015-02-03 00:00:00+08:00,11.03,11.1,10.87,10.91,2421744,0.0,0.0
2015-02-04 00:00:00+08:00,10.99,11.07,10.87,10.91,2240602,0.0,0.0
2015-02-05 00:00:00+08:00,10.87,10.95,10.79,10.79,2709449,0.0,0.0
2015-02-06 00:00:00+08:00,10.83,10.91,10.76,10.76,2233310,0.0,0.0
2015-02-09 00:00:00+08:00,10.76,10.83,10.52,10.6,4666044,0.0,0.0
2015-02-10 00:00:00+08:00,10.56,10.68,10.52,10.52,2134962,0.0,0.0
2015-02-11 00:00:00+08:00,10.6,10.72,10.56,10.56,2159761,0.0,0.0
2015-02-12 00:00:00+08:00,10.56,10.68,10.45,10.48,2935656,0.0,0.0
2015-02-13 00:00:00+08:00,10.41,10.68,10.37,10.6,4987035,0.0,0.0
2015-02-24 00:00:00+08:00,10.79,10.79,10.45,10.52,4337544,0.0,0.0
2015-02-25 00:00:00+08:00,10.6,10.68,10.52,10.64,2525554,0.0,0.0
2015-02-26 00:00:00+08:00,10.72,10.72,10.6,10.68,1845912,0.0,0.0
2015-03-02 00:00:00+08:00,10.79,10.79,10.64,10.68,1560431,0.0,0.0
2015-03-03 00:00:00+08:00,10.76,10.76,10.52,10.52,2722284,0.0,0.0
2015-03-04 00:00:00+08:00,10.52,10.68,10.52,10.6,2142376,0.0,0.0
2015-03-05 00:00:00+08:00,10.6,10.68,10.52,10.6,1790697,0.0,0.0
2015-03-06 00:00:00+08:00,10.68,11.34,10.6,11.34,19598721,0.0,0.0
2015-03-09 00:00:00+08:00,11.53,12.11,11.41,11.99,41448474,0.0,0.0
2015-03-10 00:00:00+08:00,12.03,12.15,11.61,11.65,14399041,0.0,0.0
2015-03-11 00:00:00+08:00,11.53,12.26,11.49,12.19,18799361,0.0,0.0
2015-03-12 00:00:00+08:00,12.19,12.5,11.88,11.88,17253840,0.0,0.0
2015-03-13 00:00:00+08:00,11.96,12.15,11.84,11.84,8453026,0.0,0.0
2015-03-16 00:00:00+08:00,11.84,11.84,11.84,11.84,0,0.0,0.0
2015-03-17 00:00:00+08:00,11.92,12.07,11.72,11.76,6380402,0.0,0.0
2015-03-18 00:00:00+08:00,11.8,11.84,11.68,11.76,4577290,0.0,0.0
2015-03-19 00:00:00+08:00,11.96,11.96,11.65,11.65,4541519,0.0,0.0
2015-03-20 00:00:00+08:00,11.76,11.8,11.61,11.76,5248985,0.0,0.0
2015-03-23 00:00:00+08:00,11.84,12.15,11.8,11.88,10803132,0.0,0.0
2015-03-24 00:00:00+08:00,11.92,12.03,11.61,11.65,7857455,0.0,0.0
2015-03-25 00:00:00+08:00,11.61,11.65,11.45,11.45,5144443,0.0,0.0
2015-03-26 00:00:00+08:00,11.26,11.57,11.22,11.41,4214227,0.0,0.0
2015-03-27 00:00:00+08:00,11.41,11.53,11.3,11.41,3928885,0.0,0.0
2015-03-30 00:00:00+08:00,11.53,11.57,11.22,11.22,4057791,0.0,0.0
2015-03-31 00:00:00+08:00,11.34,11.37,11.07,11.14,3831207,0.0,0.0
2015-04-01 00:00:00+08:00,11.22,11.57,11.18,11.41,6440384,0.0,0.0
2015-04-02 00:00:00+08:00,11.49,11.61,11.34,11.34,3401794,0.0,0.0
2015-04-07 00:00:00+08:00,11.57,11.57,11.34,11.34,2857582,0.0,0.0
2015-04-08 00:00:00+08:00,11.34,11.41,11.26,11.26,1796522,0.0,0.0
2015-04-09 00:00:00+08:00,11.26,11.34,11.03,11.03,3422085,0.0,0.0
2015-04-10 00:00:00+08:00,11.1,11.14,10.72,10.83,4833035,0.0,0.0
2015-04-13 00:00:00+08:00,10.91,10.99,10.83,10.95,1712835,0.0,0.0
2015-04-14 00:00:00+08:00,11.03,11.1,10.95,10.99,1903308,0.0,0.0
2015-04-15 00:00:00+08:00,10.99,11.14,10.91,10.95,2421368,0.0,0.0
2015-04-16 00:00:00+08:00,11.03,11.03,10.83,10.87,2699887,0.0,0.0
2015-04-17 00:00:00+08:00,10.87,10.95,10.79,10.87,2394647,0.0,0.0
2015-04-20 00:00:00+08:00,10.83,10.91,10.76,10.79,1995680,0.0,0.0
2015-04-21 00:00:00+08:00,10.83,11.1,10.83,10.91,4027528,0.0,0.0
2015-04-22 00:00:00+08:00,10.95,11.03,10.79,10.79,2392518,0.0,0.0
2015-04-23 00:00:00+08:00,10.83,10.99,10.83,10.87,2382971,0.0,0.0
2015-04-24 00:00:00+08:00,10.91,10.99,10.87,10.95,1862532,0.0,0.0
2015-04-27 00:00:00+08:00,10.99,11.03,10.87,10.87,2424642,0.0,0.0
2015-04-28 00:00:00+08:00,10.87,11.03,10.87,10.91,2089272,0.0,0.0
2015-04-29 00:00:00+08:00,10.91,10.95,10.79,10.79,2606664,0.0,0.0
2015-04-30 00:00:00+08:00,10.79,10.87,10.79,10.79,1744459,0.0,0.0
2015-05-04 00:00:00+08:00,10.79,10.91,10.76,10.79,1688865,0.0,0.0
2015-05-05 00:00:00+08:00,10.79,10.91,10.76,10.79,1646489,0.0,0.0
2015-05-06 00:00:00+08:00,10.79,10.79,10.72,10.76,1897819,0.0,0.0
2015-05-07 00:00:00+08:00,10.76,10.76,10.52,10.52,3752984,0.0,0.0
2015-05-08 00:00:00+08:00,10.56,10.68,10.48,10.48,1721720,0.0,0.0
2015-05-11 00:00:00+08:00,10.52,10.56,9.79,9.79,10862550,0.0,0.0
2015-05-12 00:00:00+08:00,9.67,9.87,9.32,9.6,8787662,0.0,0.0
2015-05-13 00:00:00+08:00,9.52,9.6,9.4,9.52,3787341,0.0,0.0
2015-05-14 00:00:00+08:00,9.56,9.71,9.56,9.67,2750561,0.0,0.0
2015-05-15 00:00:00+08:00,9.67,9.67,9.52,9.52,1777269,0.0,0.0
2015-05-18 00:00:00+08:00,9.48,9.52,8.86,8.9,9740335,0.0,0.0
2015-05-19 00:00:00+08:00,8.71,9.05,8.71,8.98,7781685,0.0,0.0
2015-05-20 00:00:00+08:00,9.05,9.32,8.98,9.25,5273404,0.0,0.0
2015-05-21 00:00:00+08:00,9.13,9.21,8.98,9.01,2817100,0.0,0.0
2015-05-22 00:00:00+08:00,9.09,9.25,9.01,9.09,2863797,0.0,0.0
2015-05-25 00:00:00+08:00,9.29,9.71,9.29,9.71,9309672,0.0,0.0
2015-05-26 00:00:00+08:00,9.9,9.9,9.6,9.83,6878969,0.0,0.0
2015-05-27 00:00:00+08:00,9.98,10.48,9.9,10.48,14771261,0.0,0.0
2015-05-28 00:00:00+08:00,10.56,10.72,10.29,10.64,14652549,0.0,0.0
2015-05-29 00:00:00+08:00,10.76,10.79,10.45,10.45,8374120,0.0,0.0
2015-06-01 00:00:00+08:00,10.52,10.64,10.33,10.52,5268500,0.0,0.0
2015-06-02 00:00:00+08:00,10.48,10.72,10.37,10.6,6721155,0.0,0.0
2015-06-03 00:00:00+08:00,10.64,11.1,10.64,10.72,13506995,0.0,0.0
2015-06-04 00:00:00+08:00,10.72,10.91,9.83,10.18,14515881,0.0,0.0
2015-06-05 00:00:00+08:00,10.25,10.37,9.6,10.21,8681211,0.0,0.0
2015-06-08 00:00:00+08:00,10.21,10.37,9.94,10.33,7809136,0.0,0.0
2015-06-09 00:00:00+08:00,10.29,10.29,9.44,9.52,10656650,0.0,0.0
2015-06-10 00:00:00+08:00,9.67,10.06,9.67,10.02,4780072,0.0,0.0
2015-06-11 00:00:00+08:00,10.14,10.25,10.06,10.1,5871073,0.0,0.0
2015-06-12 00:00:00+08:00,10.21,10.52,10.06,10.37,6795086,0.0,0.0
2015-06-15 00:00:00+08:00,10.52,10.91,10.37,10.83,11128225,0.0,0.0
2015-06-16 00:00:00+08:00,10.83,10.99,10.6,10.64,5308430,0.0,0.0
2015-06-17 00:00:00+08:00,10.76,10.79,10.48,10.64,4174933,0.0,0.0
2015-06-18 00:00:00+08:00,10.64,10.72,10.48,10.64,3138093,0.0,0.0
2015-06-22 00:00:00+08:00,10.72,10.83,10.6,10.64,3924001,0.0,0.0
2015-06-23 00:00:00+08:00,10.68,11.3,10.6,11.1,18085825,0.0,0.0
2015-06-24 00:00:00+08:00,11.1,11.18,10.72,10.79,8710051,0.0,0.0
2015-06-25 00:00:00+08:00,10.87,11.14,10.83,11.1,6842534,0.0,0.0
2015-06-26 00:00:00+08:00,11.22,11.37,11.07,11.07,8209301,0.0,0.0
2015-06-29 00:00:00+08:00,10.79,10.79,10.64,10.68,4885857,0.0,0.0
2015-06-30 00:00:00+08:00,10.76,10.95,10.68,10.95,4781367,0.0,0.0
2015-07-01 00:00:00+08:00,11.03,11.07,10.79,10.79,4165901,0.0,0.0
2015-07-02 00:00:00+08:00,10.95,10.95,10.79,10.91,2636680,0.0,0.0
2015-07-03 00:00:00+08:00,10.99,10.99,10.76,10.79,2308507,0.0,0.0
2015-07-06 00:00:00+08:00,10.68,10.99,10.68,10.83,4043367,0.0,0.0
2015-07-07 00:00:00+08:00,10.83,10.99,10.72,10.83,2973098,0.0,0.0
2015-07-08 00:00:00+08:00,10.83,10.83,10.02,10.06,7802009,0.0,0.0
2015-07-09 00:00:00+08:00,9.9,10.14,9.56,10.02,3493286,0.0,0.0
2015-07-10 00:00:00+08:00,10.02,10.02,10.02,10.02,0,0.0,0.0
2015-07-13 00:00:00+08:00,10.45,10.56,10.33,10.41,3123400,0.0,0.0
2015-07-14 00:00:00+08:00,10.45,10.56,10.25,10.33,2485622,0.0,0.0
2015-07-15 00:00:00+08:00,10.41,10.6,10.33,10.37,2386812,0.0,0.0
2015-07-16 00:00:00+08:00,10.41,10.45,10.25,10.37,2818665,0.0,0.0
2015-07-17 00:00:00+08:00,10.37,10.45,10.14,10.14,1976677,0.0,0.0
2015-07-20 00:00:00+08:00,10.14,10.29,9.9,9.9,2880090,0.0,0.0
2015-07-21 00:00:00+08:00,9.9,10.02,9.79,9.87,1570010,0.0,0.0
2015-07-22 00:00:00+08:00,9.79,9.98,9.79,9.79,1256639,0.0,0.0
2015-07-23 00:00:00+08:00,9.83,9.98,9.63,9.87,2986142,0.0,0.0
2015-07-24 00:00:00+08:00,9.83,9.9,9.71,9.75,1634291,0.0,0.0
2015-07-27 00:00:00+08:00,9.75,9.75,8.98,9.01,4741385,0.0,0.0
2015-07-28 00:00:00+08:00,8.74,9.17,8.74,9.05,3687843,0.0,0.0
2015-07-29 00:00:00+08:00,9.36,9.44,9.21,9.44,4328387,0.0,0.0
2015-07-30 00:00:00+08:00,9.48,9.87,9.48,9.71,2860429,0.0,0.0
2015-07-31 00:00:00+08:00,9.75,9.75,9.52,9.56,2309672,0.0,0.0
2015-08-03 00:00:00+08:00,9.63,9.9,9.6,9.67,4374590,0.0,0.0
2015-08-04 00:00:00+08:00,9.71,9.87,9.21,9.4,3647663,0.0,0.0
2015-08-05 00:00:00+08:00,9.4,9.63,9.4,9.63,1290308,0.0,0.0
2015-08-06 00:00:00+08:00,9.71,9.79,9.25,9.36,2224532,0.0,0.0
2015-08-07 00:00:00+08:00,9.36,9.56,9.29,9.52,1365000,0.0,0.0
2015-08-10 00:00:00+08:00,9.6,9.75,9.4,9.75,1931443,0.0,0.0
2015-08-11 00:00:00+08:00,9.75,9.9,9.48,9.48,2206287,0.0,0.0
2015-08-12 00:00:00+08:00,9.44,9.48,9.29,9.29,1852120,0.0,0.0
2015-08-13 00:00:00+08:00,9.29,9.4,9.21,9.29,2185386,0.0,0.0
2015-08-14 00:00:00+08:00,9.36,9.36,9.21,9.21,1289701,0.0,0.0
2015-08-17 00:00:00+08:00,9.21,9.32,9.05,9.05,2532747,0.0,0.0
2015-08-18 00:00:00+08:00,9.13,9.21,9.01,9.05,1102116,0.0,0.0
2015-08-19 00:00:00+08:00,9.09,9.13,8.74,8.86,3718466,0.0,0.0
2015-08-20 00:00:00+08:00,8.86,9.25,8.86,9.25,2215625,0.0,0.0
2015-08-21 00:00:00+08:00,9.01,9.17,8.86,8.9,2933448,0.0,0.0
2015-08-24 00:00:00+08:00,8.9,8.9,8.01,8.01,10027233,0.0,0.0
2015-08-25 00:00:00+08:00,7.35,8.32,7.35,8.16,7943573,0.0,0.0
2015-08-26 00:00:00+08:00,8.12,8.36,7.97,8.28,2744642,0.0,0.0
2015-08-27 00:00:00+08:00,8.36,8.94,8.32,8.59,4306027,0.0,0.0
2015-08-28 00:00:00+08:00,8.86,8.94,8.71,8.9,3802066,0.0,0.0
2015-08-31 00:00:00+08:00,8.98,9.21,8.98,9.13,5464194,0.0,0.0
2015-09-01 00:00:00+08:00,9.21,9.21,9.05,9.17,3088916,0.0,0.0
2015-09-02 00:00:00+08:00,9.05,9.13,8.9,9.05,3134209,0.0,0.0
2015-09-03 00:00:00+08:00,9.13,9.75,9.05,9.63,12443499,0.0,0.0
2015-09-04 00:00:00+08:00,9.71,9.75,9.32,9.4,5112276,0.0,0.0
2015-09-07 00:00:00+08:00,9.29,9.71,9.25,9.52,4178560,0.0,0.0
2015-09-08 00:00:00+08:00,9.56,9.67,9.52,9.56,2316469,0.0,0.0
2015-09-09 00:00:00+08:00,9.75,9.79,9.63,9.67,3243031,0.0,0.0
2015-09-10 00:00:00+08:00,9.67,10.06,9.63,9.9,4100064,0.0,0.0
2015-09-11 00:00:00+08:00,10.18,10.48,10.14,10.25,9996238,0.0,0.0
2015-09-14 00:00:00+08:00,10.25,10.33,9.94,10.02,5490019,0.0,0.0
2015-09-15 00:00:00+08:00,10.06,10.21,10.02,10.1,3127401,0.0,0.0
2015-09-16 00:00:00+08:00,10.21,10.25,10.14,10.18,3010500,0.0,0.0
2015-09-17 00:00:00+08:00,10.41,10.45,10.21,10.29,4404966,0.0,0.0
2015-09-18 00:00:00+08:00,10.41,10.41,10.14,10.14,4692017,0.0,0.0
2015-09-21 00:00:00+08:00,10.14,10.25,9.79,9.94,4352961,0.0,0.0
2015-09-22 00:00:00+08:00,10.25,10.91,10.18,10.91,15436084,0.0,0.0
2015-09-23 00:00:00+08:00,11.14,11.65,10.83,11.07,35718176,0.0,0.0
2015-09-24 00:00:00+08:00,11.3,11.45,10.68,11.18,21271573,0.0,0.0
2015-09-25 00:00:00+08:00,11.3,11.34,10.99,11.26,9584478,0.0,0.0
2015-09-29 00:00:00+08:00,11.26,11.26,11.26,11.26,0,0.0,0.0
2015-09-30 00:00:00+08:00,11.14,11.99,11.14,11.99,27535682,0.0,0.0
2015-10-01 00:00:00+08:00,12.19,12.34,11.88,12.03,19575874,0.0,0.0
2015-10-02 00:00:00+08:00,12.11,12.26,11.99,12.11,10864468,0.0,0.0
2015-10-05 00:00:00+08:00,12.3,12.3,11.99,12.15,8902502,0.0,0.0
2015-10-06 00:00:00+08:00,12.3,12.3,11.61,11.61,15857482,0.0,0.0
2015-10-07 00:00:00+08:00,11.84,12.11,11.68,12.03,11628579,0.0,0.0
2015-10-08 00:00:00+08:00,12.15,12.19,11.8,11.8,6626400,0.0,0.0
2015-10-12 00:00:00+08:00,11.61,11.99,11.37,11.99,12864403,0.0,0.0
2015-10-13 00:00:00+08:00,11.99,12.96,11.99,12.96,31380916,0.0,0.0
2015-10-14 00:00:00+08:00,13.08,13.31,12.46,12.5,28044423,0.0,0.0
2015-10-15 00:00:00+08:00,12.5,12.61,12.26,12.5,11991809,0.0,0.0
2015-10-16 00:00:00+08:00,12.77,12.85,12.38,12.46,7500318,0.0,0.0
2015-10-19 00:00:00+08:00,12.61,12.61,12.42,12.54,3865301,0.0,0.0
2015-10-20 00:00:00+08:00,12.54,12.92,12.5,12.65,9753743,0.0,0.0
2015-10-21 00:00:00+08:00,12.85,13.0,12.57,12.88,9398699,0.0,0.0
2015-10-22 00:00:00+08:00,12.77,13.15,12.61,12.61,13214911,0.0,0.0
2015-10-23 00:00:00+08:00,12.69,12.77,12.42,12.54,7899280,0.0,0.0
2015-10-26 00:00:00+08:00,12.69,12.96,12.61,12.85,7570303,0.0,0.0
2015-10-27 00:00:00+08:00,13.08,13.5,12.92,12.96,19935845,0.0,0.0
2015-10-28 00:00:00+08:00,13.15,13.19,12.92,12.96,5461839,0.0,0.0
2015-10-29 00:00:00+08:00,13.08,13.08,12.61,12.65,6932902,0.0,0.0
2015-10-30 00:00:00+08:00,12.57,12.65,12.07,12.3,13914595,0.0,0.0
2015-11-02 00:00:00+08:00,12.34,12.69,12.15,12.69,8241626,0.0,0.0
2015-11-03 00:00:00+08:00,12.73,12.85,12.5,12.5,7956636,0.0,0.0
2015-11-04 00:00:00+08:00,12.61,12.69,12.5,12.57,7005255,0.0,0.0
2015-11-05 00:00:00+08:00,12.69,12.96,12.65,12.77,7298901,0.0,0.0
2015-11-06 00:00:00+08:00,12.65,12.85,12.46,12.54,5163333,0.0,0.0
2015-11-09 00:00:00+08:00,12.57,12.65,11.99,12.07,8664397,0.0,0.0
2015-11-10 00:00:00+08:00,11.99,12.5,11.84,12.46,8530428,0.0,0.0
2015-11-11 00:00:00+08:00,12.07,12.23,11.61,11.61,10983310,0.0,0.0
2015-11-12 00:00:00+08:00,11.61,11.88,11.3,11.49,10207455,0.0,0.0
2015-11-13 00:00:00+08:00,11.45,11.72,11.22,11.41,7678379,0.0,0.0
2015-11-16 00:00:00+08:00,11.14,11.72,11.14,11.72,5090754,0.0,0.0
2015-11-17 00:00:00+08:00,12.3,12.46,12.19,12.23,11617907,0.0,0.0
2015-11-18 00:00:00+08:00,12.38,12.73,12.23,12.46,10922459,0.0,0.0
2015-11-19 00:00:00+08:00,12.73,12.73,12.5,12.5,6544372,0.0,0.0
2015-11-20 00:00:00+08:00,12.61,13.23,12.57,13.04,21295124,0.0,0.0
2015-11-23 00:00:00+08:00,12.96,12.96,12.54,13.04,14630536,0.0,0.0
2015-11-24 00:00:00+08:00,12.5,12.57,11.84,11.84,15194941,0.0,0.0
2015-11-25 00:00:00+08:00,11.76,12.19,11.45,12.03,17183696,0.0,0.0
2015-11-26 00:00:00+08:00,12.07,12.46,11.96,11.99,10728742,0.0,0.0
2015-11-27 00:00:00+08:00,11.99,11.99,11.68,11.72,6032906,0.0,0.0
2015-11-30 00:00:00+08:00,11.88,11.92,11.68,11.68,4849823,0.0,0.0
2015-12-01 00:00:00+08:00,11.84,12.03,11.61,11.96,7224056,0.0,0.0
2015-12-02 00:00:00+08:00,11.84,11.99,11.65,11.68,12426949,0.0,0.0
2015-12-03 00:00:00+08:00,11.68,11.84,11.53,11.8,5952375,0.0,0.0
2015-12-04 00:00:00+08:00,11.76,11.88,11.72,11.84,6062641,0.0,0.0
2015-12-07 00:00:00+08:00,11.99,11.99,11.68,11.68,3809210,0.0,0.0
2015-12-08 00:00:00+08:00,11.8,12.23,11.72,12.19,9253985,0.0,0.0
2015-12-09 00:00:00+08:00,12.26,12.3,11.72,11.76,7176838,0.0,0.0
2015-12-10 00:00:00+08:00,11.72,11.76,11.61,11.61,4281635,0.0,0.0
2015-12-11 00:00:00+08:00,11.68,11.68,11.37,11.41,4098832,0.0,0.0
2015-12-14 00:00:00+08:00,11.3,11.37,10.91,10.91,7560008,0.0,0.0
2015-12-15 00:00:00+08:00,10.99,11.37,10.99,11.26,5177304,0.0,0.0
2015-12-16 00:00:00+08:00,11.41,11.49,11.3,11.34,3020427,0.0,0.0
2015-12-17 00:00:00+08:00,11.45,11.88,11.37,11.72,4374420,0.0,0.0
2015-12-18 00:00:00+08:00,11.61,11.65,11.41,11.53,3888700,0.0,0.0
2015-12-21 00:00:00+08:00,11.37,11.84,11.37,11.65,3591568,0.0,0.0
2015-12-22 00:00:00+08:00,11.8,11.84,11.65,11.68,2696027,0.0,0.0
2015-12-23 00:00:00+08:00,11.76,11.84,11.61,11.61,3424332,0.0,0.0
2015-12-24 00:00:00+08:00,11.76,11.8,11.61,11.61,1545714,0.0,0.0
2015-12-25 00:00:00+08:00,11.65,11.99,11.65,11.92,5690237,0.0,0.0
2015-12-28 00:00:00+08:00,11.96,12.23,11.84,12.15,6431733,0.0,0.0
2015-12-29 00:00:00+08:00,12.07,12.23,12.07,12.19,6469369,0.0,0.0
2015-12-30 00:00:00+08:00,12.23,12.3,12.03,12.03,4001597,0.0,0.0
2015-12-31 00:00:00+08:00,12.03,12.11,11.99,12.11,1982192,0.0,0.0
2016-01-04 00:00:00+08:00,12.15,12.19,11.76,11.8,4011450,0.0,0.0
2016-01-05 00:00:00+08:00,11.68,11.76,11.49,11.49,5086881,0.0,0.0
2016-01-06 00:00:00+08:00,11.65,11.76,11.41,11.61,5827005,0.0,0.0
2016-01-07 00:00:00+08:00,11.61,11.68,10.99,11.07,8236187,0.0,0.0
2016-01-08 00:00:00+08:00,11.07,11.57,11.03,11.49,4121745,0.0,0.0
2016-01-11 00:00:00+08:00,11.1,11.37,11.03,11.07,4108243,0.0,0.0
2016-01-12 00:00:00+08:00,11.3,11.3,10.95,10.99,3679163,0.0,0.0
2016-01-13 00:00:00+08:00,11.14,11.22,10.87,10.87,3257510,0.0,0.0
2016-01-14 00:00:00+08:00,10.79,10.79,10.18,10.21,7338629,0.0,0.0
2016-01-15 00:00:00+08:00,10.45,10.68,10.33,10.6,5912467,0.0,0.0
2016-01-18 00:00:00+08:00,10.41,11.3,10.41,11.3,5048621,0.0,0.0
2016-01-19 00:00:00+08:00,11.37,11.37,11.03,11.1,2938327,0.0,0.0
2016-01-20 00:00:00+08:00,11.07,11.07,10.72,10.76,2546236,0.0,0.0
2016-01-21 00:00:00+08:00,10.91,10.95,10.6,10.64,1989180,0.0,0.0
2016-01-22 00:00:00+08:00,10.76,10.87,10.68,10.72,1550197,0.0,0.0
2016-01-25 00:00:00+08:00,10.87,11.14,10.83,11.1,3418805,0.0,0.0
2016-01-26 00:00:00+08:00,10.91,11.1,10.91,11.1,2037508,0.0,0.0
2016-01-27 00:00:00+08:00,11.1,11.22,10.87,11.07,3465058,0.0,0.0
2016-01-28 00:00:00+08:00,11.07,11.18,10.99,11.03,2567237,0.0,0.0
2016-01-29 00:00:00+08:00,11.03,11.14,10.99,11.1,2209673,0.0,0.0
2016-02-01 00:00:00+08:00,11.18,11.34,11.03,11.07,2950487,0.0,0.0
2016-02-02 00:00:00+08:00,11.1,11.99,11.03,11.76,9486433,0.0,0.0
2016-02-03 00:00:00+08:00,11.45,11.92,11.41,11.76,9212649,0.0,0.0
2016-02-15 00:00:00+08:00,11.72,12.3,11.65,12.11,14174992,0.0,0.0
2016-02-16 00:00:00+08:00,12.11,12.54,12.03,12.26,11056198,0.0,0.0
2016-02-17 00:00:00+08:00,12.3,12.46,12.23,12.3,7307731,0.0,0.0
2016-02-18 00:00:00+08:00,12.38,12.65,12.34,12.42,9381481,0.0,0.0
2016-02-19 00:00:00+08:00,12.42,12.46,12.26,12.26,4188565,0.0,0.0
2016-02-22 00:00:00+08:00,12.26,12.34,11.96,12.15,4577422,0.0,0.0
2016-02-23 00:00:00+08:00,12.23,12.57,12.23,12.42,4839731,0.0,0.0
2016-02-24 00:00:00+08:00,12.46,12.57,12.38,12.54,6090766,0.0,0.0
2016-02-25 00:00:00+08:00,12.69,12.88,12.42,12.46,7425145,0.0,0.0
2016-02-26 00:00:00+08:00,12.54,12.69,12.26,12.54,7254611,0.0,0.0
2016-03-01 00:00:00+08:00,12.61,12.77,12.54,12.69,5433356,0.0,0.0
2016-03-02 00:00:00+08:00,12.88,13.46,12.77,13.31,23508806,0.0,0.0
2016-03-03 00:00:00+08:00,13.27,13.31,12.92,13.12,9599881,0.0,0.0
2016-03-04 00:00:00+08:00,13.15,13.19,12.88,12.92,6287892,0.0,0.0
2016-03-07 00:00:00+08:00,13.0,13.08,12.57,12.65,7495381,0.0,0.0
2016-03-08 00:00:00+08:00,12.77,13.31,12.65,12.88,12295538,0.0,0.0
2016-03-09 00:00:00+08:00,13.15,13.46,13.0,13.15,13781488,0.0,0.0
2016-03-10 00:00:00+08:00,13.15,13.19,12.92,13.0,4402248,0.0,0.0
2016-03-11 00:00:00+08:00,12.65,12.92,12.57,12.85,6694658,0.0,0.0
2016-03-14 00:00:00+08:00,12.92,13.08,12.73,12.96,5988910,0.0,0.0
2016-03-15 00:00:00+08:00,13.04,13.23,12.61,12.65,8516942,0.0,0.0
2016-03-16 00:00:00+08:00,12.73,13.23,12.73,13.12,10572009,0.0,0.0
2016-03-17 00:00:00+08:00,13.31,13.43,12.92,13.08,9070475,0.0,0.0
2016-03-18 00:00:00+08:00,13.27,13.35,13.08,13.19,8686167,0.0,0.0
2016-03-21 00:00:00+08:00,13.35,13.39,13.0,13.12,6786224,0.0,0.0
2016-03-22 00:00:00+08:00,13.15,13.27,13.08,13.15,3941841,0.0,0.0
2016-03-23 00:00:00+08:00,13.27,13.46,13.08,13.31,8232511,0.0,0.0
2016-03-24 00:00:00+08:00,13.27,13.35,13.12,13.15,4355279,0.0,0.0
2016-03-25 00:00:00+08:00,13.27,14.24,13.15,13.81,31061936,0.0,0.0
2016-03-28 00:00:00+08:00,13.93,14.12,13.66,13.93,13577819,0.0,0.0
2016-03-29 00:00:00+08:00,14.32,14.93,14.08,14.35,40328808,0.0,0.0
2016-03-30 00:00:00+08:00,14.66,14.78,14.51,14.74,25128689,0.0,0.0
2016-03-31 00:00:00+08:00,14.7,14.7,14.01,14.39,21627072,0.0,0.0
2016-04-01 00:00:00+08:00,14.24,14.24,13.77,13.89,17749118,0.0,0.0
2016-04-06 00:00:00+08:00,13.81,13.97,13.5,13.97,14634068,0.0,0.0
2016-04-07 00:00:00+08:00,13.93,13.97,13.54,13.54,9741629,0.0,0.0
2016-04-08 00:00:00+08:00,13.43,13.89,13.39,13.77,7880931,0.0,0.0
2016-04-11 00:00:00+08:00,13.85,14.24,13.81,13.93,11799745,0.0,0.0
2016-04-12 00:00:00+08:00,14.01,14.01,12.81,12.81,16888630,0.0,0.0
2016-04-13 00:00:00+08:00,12.96,13.08,12.81,12.92,9818497,0.0,0.0
2016-04-14 00:00:00+08:00,13.0,13.08,12.61,12.73,6382578,0.0,0.0
2016-04-15 00:00:00+08:00,13.12,13.15,12.92,13.0,6241232,0.0,0.0
2016-04-18 00:00:00+08:00,12.85,12.92,12.69,12.73,4052482,0.0,0.0
2016-04-19 00:00:00+08:00,12.85,13.04,12.69,12.69,6690067,0.0,0.0
2016-04-20 00:00:00+08:00,12.69,12.88,12.65,12.73,6325336,0.0,0.0
2016-04-21 00:00:00+08:00,12.73,12.88,12.65,12.77,3671426,0.0,0.0
2016-04-22 00:00:00+08:00,12.85,13.04,12.61,12.65,6973657,0.0,0.0
2016-04-25 00:00:00+08:00,12.65,12.96,12.61,12.88,3626599,0.0,0.0
2016-04-26 00:00:00+08:00,12.96,12.96,12.69,12.73,3066390,0.0,0.0
2016-04-27 00:00:00+08:00,12.73,12.77,12.38,12.46,5525017,0.0,0.0
2016-04-28 00:00:00+08:00,12.54,12.54,12.07,12.11,7363757,0.0,0.0
2016-04-29 00:00:00+08:00,11.92,11.96,11.45,11.61,9451387,0.0,0.0
2016-05-03 00:00:00+08:00,11.53,11.53,11.07,11.22,7055589,0.0,0.0
2016-05-04 00:00:00+08:00,11.18,11.18,10.76,10.83,16946911,0.0,0.0
2016-05-05 00:00:00+08:00,10.91,11.92,10.91,11.92,15847422,0.0,0.0
2016-05-06 00:00:00+08:00,11.84,11.84,11.3,11.34,7915010,0.0,0.0
2016-05-09 00:00:00+08:00,11.34,11.41,11.22,11.22,4110355,0.0,0.0
2016-05-10 00:00:00+08:00,11.22,11.41,11.18,11.26,2785320,0.0,0.0
2016-05-11 00:00:00+08:00,11.34,11.49,11.14,11.14,3260710,0.0,0.0
2016-05-12 00:00:00+08:00,11.07,11.41,11.07,11.14,4189262,0.0,0.0
2016-05-13 00:00:00+08:00,11.3,11.53,11.22,11.41,4565501,0.0,0.0
2016-05-16 00:00:00+08:00,11.57,11.92,11.49,11.8,6466903,0.0,0.0
2016-05-17 00:00:00+08:00,11.68,12.19,11.68,11.99,10519310,0.0,0.0
2016-05-18 00:00:00+08:00,11.88,11.92,11.49,11.49,7025294,0.0,0.0
2016-05-19 00:00:00+08:00,11.53,11.57,11.22,11.22,6468744,0.0,0.0
2016-05-20 00:00:00+08:00,11.22,11.34,10.99,11.22,3253639,0.0,0.0
2016-05-23 00:00:00+08:00,11.26,11.88,11.26,11.57,5265002,0.0,0.0
2016-05-24 00:00:00+08:00,11.61,11.72,11.45,11.68,3249907,0.0,0.0
2016-05-25 00:00:00+08:00,11.96,12.46,11.8,12.23,14644880,0.0,0.0
2016-05-26 00:00:00+08:00,12.26,12.38,12.19,12.3,6200127,0.0,0.0
2016-05-27 00:00:00+08:00,12.38,12.5,12.26,12.3,5346777,0.0,0.0
2016-05-30 00:00:00+08:00,12.38,12.38,12.19,12.38,3289512,0.0,0.0
2016-05-31 00:00:00+08:00,12.46,12.54,12.26,12.42,5653318,0.0,0.0
2016-06-01 00:00:00+08:00,12.42,12.96,12.38,12.92,12901940,0.0,0.0
2016-06-02 00:00:00+08:00,13.08,13.5,12.65,12.65,22289836,0.0,0.0
2016-06-03 00:00:00+08:00,12.77,12.96,12.65,12.96,7845902,0.0,0.0
2016-06-06 00:00:00+08:00,13.08,13.12,12.69,12.73,3819717,0.0,0.0
2016-06-07 00:00:00+08:00,12.73,12.73,12.73,12.73,0,0.0,0.0
2016-06-08 00:00:00+08:00,12.81,13.08,12.77,12.88,6089416,0.0,0.0
2016-06-13 00:00:00+08:00,13.04,13.12,12.92,13.0,7068988,0.0,0.0
2016-06-14 00:00:00+08:00,13.23,13.73,13.23,13.54,18201665,0.0,0.0
2016-06-15 00:00:00+08:00,13.54,13.73,13.43,13.46,8317849,0.0,0.0
2016-06-16 00:00:00+08:00,13.46,13.66,13.35,13.39,7768161,0.0,0.0
2016-06-17 00:00:00+08:00,13.66,13.66,13.43,13.66,8358003,0.0,0.0
2016-06-20 00:00:00+08:00,13.73,14.08,13.62,14.01,13102279,0.0,0.0
2016-06-21 00:00:00+08:00,14.01,14.04,13.77,13.97,6165145,0.0,0.0
2016-06-22 00:00:00+08:00,14.01,14.16,13.85,14.08,6818905,0.0,0.0
2016-06-23 00:00:00+08:00,14.08,14.08,13.66,13.7,6293632,0.0,0.0
2016-06-24 00:00:00+08:00,13.7,13.73,12.42,12.81,17155652,0.0,0.0
2016-06-27 00:00:00+08:00,12.77,13.23,12.77,13.15,6329192,0.0,0.0
2016-06-28 00:00:00+08:00,13.15,13.43,13.0,13.39,5075793,0.0,0.0
2016-06-29 00:00:00+08:00,13.46,13.81,13.46,13.73,9237932,0.0,0.0
2016-06-30 00:00:00+08:00,13.73,13.77,13.5,13.77,5098293,0.0,0.0
2016-07-01 00:00:00+08:00,13.85,13.85,13.62,13.66,5305908,0.0,0.0
2016-07-04 00:00:00+08:00,13.7,13.77,13.54,13.62,2261893,0.0,0.0
2016-07-05 00:00:00+08:00,13.62,14.01,13.58,13.85,6759407,0.0,0.0
2016-07-06 00:00:00+08:00,13.62,13.77,13.43,13.54,6616257,0.0,0.0
2016-07-07 00:00:00+08:00,13.62,13.81,13.62,13.7,3180383,0.0,0.0
2016-07-08 00:00:00+08:00,13.7,13.7,13.7,13.7,0,0.0,0.0
2016-07-11 00:00:00+08:00,13.89,13.97,13.81,13.85,5382423,0.0,0.0
2016-07-12 00:00:00+08:00,13.77,14.08,13.66,13.7,8607509,0.0,0.0
2016-07-13 00:00:00+08:00,13.77,14.01,13.73,13.81,5961053,0.0,0.0
2016-07-14 00:00:00+08:00,13.85,14.24,13.81,14.12,13173603,0.0,0.0
2016-07-15 00:00:00+08:00,14.24,14.28,14.01,14.16,9296191,0.0,0.0
2016-07-18 00:00:00+08:00,14.2,14.51,14.12,14.32,13018245,0.0,0.0
2016-07-19 00:00:00+08:00,14.39,14.43,14.28,14.39,5266639,0.0,0.0
2016-07-20 00:00:00+08:00,14.35,14.43,14.04,14.08,7716086,0.0,0.0
2016-07-21 00:00:00+08:00,14.12,14.16,13.93,14.12,6820880,0.0,0.0
2016-07-22 00:00:00+08:00,14.16,14.32,14.01,14.12,5882093,0.0,0.0
2016-07-25 00:00:00+08:00,14.24,14.28,14.01,14.01,4850383,0.0,0.0
2016-07-26 00:00:00+08:00,14.01,14.32,13.97,14.16,5991774,0.0,0.0
2016-07-27 00:00:00+08:00,14.24,14.47,14.16,14.43,8708907,0.0,0.0
2016-07-28 00:00:00+08:00,14.59,15.09,14.51,15.05,28073154,0.0,0.0
2016-07-29 00:00:00+08:00,15.01,15.01,14.59,14.62,13598984,0.0,0.0
2016-08-01 00:00:00+08:00,14.43,14.62,14.28,14.39,9618524,0.0,0.0
2016-08-02 00:00:00+08:00,14.47,14.66,14.39,14.43,4884678,0.0,0.0
2016-08-03 00:00:00+08:00,14.35,14.35,14.12,14.2,5646609,0.0,0.0
2016-08-04 00:00:00+08:00,14.28,14.32,14.08,14.16,3714135,0.0,0.0
2016-08-05 00:00:00+08:00,14.2,14.24,14.08,14.12,4301307,0.0,0.0
2016-08-08 00:00:00+08:00,14.28,14.59,14.08,14.59,5690625,0.0,0.0
2016-08-09 00:00:00+08:00,14.59,14.74,14.32,14.59,7021882,0.0,0.0
2016-08-10 00:00:00+08:00,14.62,15.13,14.47,14.86,12239454,0.0,0.0
2016-08-11 00:00:00+08:00,14.9,15.17,14.7,14.93,10099705,0.0,0.0
2016-08-12 00:00:00+08:00,14.97,15.05,14.74,14.9,4453322,0.0,0.0
2016-08-15 00:00:00+08:00,14.97,15.32,14.82,15.32,12538964,0.0,0.0
2016-08-16 00:00:00+08:00,15.44,15.94,15.4,15.44,28507699,0.0,0.0
2016-08-17 00:00:00+08:00,15.55,15.63,15.17,15.17,9382713,0.0,0.0
2016-08-18 00:00:00+08:00,15.24,15.82,15.24,15.75,13257312,0.0,0.0
2016-08-19 00:00:00+08:00,16.02,16.17,15.59,15.75,24265676,0.0,0.0
2016-08-22 00:00:00+08:00,16.02,16.4,15.79,16.37,24725147,0.0,0.0
2016-08-23 00:00:00+08:00,16.52,17.91,16.52,17.45,43792059,0.0,0.0
2016-08-24 00:00:00+08:00,17.68,18.65,17.18,18.26,43177381,0.0,0.0
2016-08-25 00:00:00+08:00,18.3,18.46,17.87,18.38,24664195,0.0,0.0
2016-08-26 00:00:00+08:00,18.53,19.11,18.15,18.15,26812678,0.0,0.0
2016-08-29 00:00:00+08:00,18.34,18.49,17.8,17.72,16053769,0.0,0.0
2016-08-30 00:00:00+08:00,18.34,18.93,18.06,18.49,19653633,0.48,0.0
2016-08-31 00:00:00+08:00,18.49,19.13,18.37,18.93,21654228,0.0,0.0
2016-09-01 00:00:00+08:00,18.93,18.93,18.41,18.41,12742930,0.0,0.0
2016-09-02 00:00:00+08:00,18.37,18.65,17.35,18.26,20310910,0.0,0.0
2016-09-05 00:00:00+08:00,18.41,18.65,18.14,18.34,7284872,0.0,0.0
2016-09-06 00:00:00+08:00,18.41,18.89,18.02,18.65,15333736,0.0,0.0
2016-09-07 00:00:00+08:00,18.81,19.05,18.61,18.81,11692591,0.0,0.0
2016-09-08 00:00:00+08:00,18.57,18.73,18.26,18.37,9872957,0.0,0.0
2016-09-09 00:00:00+08:00,18.22,18.3,17.82,17.94,12845729,0.0,0.0
2016-09-12 00:00:00+08:00,17.66,18.18,17.58,18.1,8633039,0.0,0.0
2016-09-13 00:00:00+08:00,18.34,18.37,17.82,17.86,7764517,0.0,0.0
2016-09-14 00:00:00+08:00,17.78,18.06,17.19,17.74,14051902,0.0,0.0
2016-09-19 00:00:00+08:00,17.82,18.06,17.7,18.02,5928857,0.0,0.0
2016-09-20 00:00:00+08:00,18.02,18.45,17.9,18.37,10816275,0.0,0.0
2016-09-21 00:00:00+08:00,18.37,18.57,18.34,18.34,8911526,0.0,0.0
2016-09-22 00:00:00+08:00,18.53,18.69,18.14,18.22,15145175,0.0,0.0
2016-09-23 00:00:00+08:00,18.14,18.57,18.06,18.57,9974667,0.0,0.0
2016-09-26 00:00:00+08:00,18.65,19.6,18.49,19.24,34742801,0.0,0.0
2016-09-27 00:00:00+08:00,19.24,19.24,19.24,19.24,0,0.0,0.0
2016-09-29 00:00:00+08:00,19.05,19.16,18.81,18.89,12329823,0.0,0.0
2016-09-30 00:00:00+08:00,18.77,19.6,18.77,19.05,14055978,0.0,0.0
2016-10-03 00:00:00+08:00,19.13,20.07,18.97,19.92,22341481,0.0,0.0
2016-10-04 00:00:00+08:00,19.68,20.23,19.56,19.72,24318504,0.0,0.0
2016-10-05 00:00:00+08:00,20.07,20.43,19.56,19.64,24780059,0.0,0.0
2016-10-06 00:00:00+08:00,19.68,19.76,19.24,19.6,12828727,0.0,0.0
2016-10-07 00:00:00+08:00,19.64,19.92,19.16,19.16,10150138,0.0,0.0
2016-10-11 00:00:00+08:00,19.36,19.48,17.62,18.61,20965332,0.0,0.0
2016-10-12 00:00:00+08:00,18.61,19.72,18.57,19.09,20354336,0.0,0.0
2016-10-13 00:00:00+08:00,19.24,19.48,19.05,19.24,9219310,0.0,0.0
2016-10-14 00:00:00+08:00,19.13,19.68,19.09,19.6,12937846,0.0,0.0
2016-10-17 00:00:00+08:00,19.96,21.54,19.92,21.38,56016820,0.0,0.0
2016-10-18 00:00:00+08:00,21.38,21.89,20.63,20.94,39110290,0.0,0.0
2016-10-19 00:00:00+08:00,20.86,21.46,20.55,21.14,26751402,0.0,0.0
2016-10-20 00:00:00+08:00,21.26,21.65,21.02,21.22,15011204,0.0,0.0
2016-10-21 00:00:00+08:00,21.22,21.34,20.67,20.79,15473451,0.0,0.0
2016-10-24 00:00:00+08:00,20.71,21.14,20.59,20.75,9114711,0.0,0.0
2016-10-25 00:00:00+08:00,20.94,21.46,20.86,21.22,13381763,0.0,0.0
2016-10-26 00:00:00+08:00,21.34,22.68,21.1,22.17,40286496,0.0,0.0
2016-10-27 00:00:00+08:00,22.41,22.44,21.81,22.05,15786320,0.0,0.0
2016-10-28 00:00:00+08:00,22.05,22.05,21.54,21.58,11164461,0.0,0.0
2016-10-31 00:00:00+08:00,21.38,21.46,20.55,21.18,14384733,0.0,0.0
2016-11-01 00:00:00+08:00,21.02,21.69,20.79,20.82,12114621,0.0,0.0
2016-11-02 00:00:00+08:00,20.59,20.98,19.52,19.64,29054096,0.0,0.0
2016-11-03 00:00:00+08:00,19.52,20.07,19.24,19.84,17011526,0.0,0.0
2016-11-04 00:00:00+08:00,19.96,20.07,19.52,19.52,8675834,0.0,0.0
2016-11-07 00:00:00+08:00,19.76,20.07,19.36,19.64,15257519,0.0,0.0
2016-11-08 00:00:00+08:00,19.76,20.39,19.56,20.39,17117007,0.0,0.0
2016-11-09 00:00:00+08:00,20.55,20.71,19.13,19.28,24425227,0.0,0.0
2016-11-10 00:00:00+08:00,20.19,20.67,19.99,20.51,14414581,0.0,0.0
2016-11-11 00:00:00+08:00,19.28,19.72,19.09,19.16,21182621,0.0,0.0
2016-11-14 00:00:00+08:00,19.01,19.13,17.98,18.69,23952677,0.0,0.0
2016-11-15 00:00:00+08:00,18.3,19.05,18.18,18.77,15092293,0.0,0.0
2016-11-16 00:00:00+08:00,18.53,18.53,16.91,16.91,57967340,0.0,0.0
2016-11-17 00:00:00+08:00,16.99,17.58,16.64,17.58,25326130,0.0,0.0
2016-11-18 00:00:00+08:00,17.43,18.1,17.27,17.78,18015403,0.0,0.0
2016-11-21 00:00:00+08:00,17.74,17.86,17.47,17.58,6703912,0.0,0.0
2016-11-22 00:00:00+08:00,17.78,18.3,17.7,18.02,12330008,0.0,0.0
2016-11-23 00:00:00+08:00,18.02,18.18,17.74,17.74,8979776,0.0,0.0
2016-11-24 00:00:00+08:00,17.98,18.06,17.47,17.47,6406850,0.0,0.0
2016-11-25 00:00:00+08:00,17.54,18.1,17.51,18.1,8465076,0.0,0.0
2016-11-28 00:00:00+08:00,17.94,18.3,17.86,17.86,6342412,0.0,0.0
2016-11-29 00:00:00+08:00,17.94,18.06,17.78,18.02,4247313,0.0,0.0
2016-11-30 00:00:00+08:00,17.98,18.02,17.66,17.98,4935048,0.0,0.0
2016-12-01 00:00:00+08:00,17.94,17.98,17.66,17.66,5918621,0.0,0.0
2016-12-02 00:00:00+08:00,17.47,17.74,17.27,17.47,8062101,0.0,0.0
2016-12-05 00:00:00+08:00,17.66,17.98,17.54,17.82,7379497,0.0,0.0
2016-12-06 00:00:00+08:00,17.74,17.9,17.51,17.7,7296430,0.0,0.0
2016-12-07 00:00:00+08:00,17.7,17.74,17.43,17.62,5512807,0.0,0.0
2016-12-08 00:00:00+08:00,17.74,18.61,17.7,18.41,20065376,0.0,0.0
2016-12-09 00:00:00+08:00,18.26,18.45,18.06,18.34,10103814,0.0,0.0
2016-12-12 00:00:00+08:00,18.49,18.93,18.45,18.65,14771457,0.0,0.0
2016-12-13 00:00:00+08:00,18.65,18.73,18.45,18.49,7882408,0.0,0.0
2016-12-14 00:00:00+08:00,18.57,18.61,18.14,18.14,6172623,0.0,0.0
2016-12-15 00:00:00+08:00,18.02,18.3,17.98,18.18,3583801,0.0,0.0
2016-12-16 00:00:00+08:00,18.18,18.3,18.02,18.18,5320972,0.0,0.0
2016-12-19 00:00:00+08:00,18.37,18.57,18.14,18.26,6363971,0.0,0.0
2016-12-20 00:00:00+08:00,18.18,18.34,17.7,17.86,5951379,0.0,0.0
2016-12-21 00:00:00+08:00,18.02,18.02,17.74,17.78,2945782,0.0,0.0
2016-12-22 00:00:00+08:00,17.78,17.86,17.47,17.54,4210595,0.0,0.0
2016-12-23 00:00:00+08:00,17.47,17.66,17.47,17.47,2203874,0.0,0.0
2016-12-26 00:00:00+08:00,17.66,18.02,17.51,18.02,3326144,0.0,0.0
2016-12-27 00:00:00+08:00,18.02,18.37,17.78,18.22,9848595,0.0,0.0
2016-12-28 00:00:00+08:00,18.22,18.26,18.02,18.1,3419171,0.0,0.0
2016-12-29 00:00:00+08:00,18.26,18.37,17.98,17.98,3077319,0.0,0.0
2016-12-30 00:00:00+08:00,18.1,18.26,18.06,18.14,3226419,0.0,0.0
2017-01-03 00:00:00+08:00,18.26,18.49,18.14,18.34,4048224,0.0,0.0
2017-01-04 00:00:00+08:00,18.34,18.53,18.1,18.1,6735643,0.0,0.0
2017-01-05 00:00:00+08:00,18.3,18.53,18.18,18.18,6544679,0.0,0.0
2017-01-06 00:00:00+08:00,18.3,18.53,18.22,18.22,5355451,0.0,0.0
2017-01-09 00:00:00+08:00,18.22,18.49,18.06,18.34,4781769,0.0,0.0
2017-01-10 00:00:00+08:00,18.34,18.37,18.02,18.02,4669112,0.0,0.0
2017-01-11 00:00:00+08:00,18.34,18.37,17.94,17.94,5266564,0.0,0.0
2017-01-12 00:00:00+08:00,18.06,18.1,17.82,17.98,3849236,0.0,0.0
2017-01-13 00:00:00+08:00,18.02,18.06,17.9,18.02,2109255,0.0,0.0
2017-01-16 00:00:00+08:00,18.02,18.3,17.86,18.14,4943429,0.0,0.0
2017-01-17 00:00:00+08:00,18.3,19.92,18.22,19.92,34075990,0.0,0.0
2017-01-18 00:00:00+08:00,19.92,20.11,19.64,19.72,27909318,0.0,0.0
2017-01-19 00:00:00+08:00,19.92,21.06,19.52,19.52,41994842,0.0,0.0
2017-01-20 00:00:00+08:00,19.76,19.99,19.2,19.36,12792861,0.0,0.0
2017-01-23 00:00:00+08:00,19.48,19.99,19.48,19.92,9754406,0.0,0.0
2017-01-24 00:00:00+08:00,19.84,19.92,19.6,19.6,6474648,0.0,0.0
2017-02-02 00:00:00+08:00,19.8,20.31,19.68,19.8,10091537,0.0,0.0
2017-02-03 00:00:00+08:00,19.8,20.15,19.64,20.03,9273943,0.0,0.0
2017-02-06 00:00:00+08:00,20.31,20.31,19.96,19.99,9847483,0.0,0.0
2017-02-07 00:00:00+08:00,19.92,19.96,19.64,19.64,7787625,0.0,0.0
2017-02-08 00:00:00+08:00,19.68,20.27,19.64,20.03,11266322,0.0,0.0
2017-02-09 00:00:00+08:00,20.03,20.15,19.84,19.92,4413500,0.0,0.0
2017-02-10 00:00:00+08:00,20.03,20.19,19.76,19.76,6050802,0.0,0.0
2017-02-13 00:00:00+08:00,19.32,19.56,19.09,19.36,9582257,0.0,0.0
2017-02-14 00:00:00+08:00,19.56,19.8,19.36,19.44,8348972,0.0,0.0
2017-02-15 00:00:00+08:00,19.56,19.96,19.48,19.96,7145093,0.0,0.0
2017-02-16 00:00:00+08:00,20.15,20.19,19.52,19.52,7855046,0.0,0.0
2017-02-17 00:00:00+08:00,19.68,19.88,19.52,19.68,6256291,0.0,0.0
2017-02-20 00:00:00+08:00,20.07,20.19,19.84,19.84,3987328,0.0,0.0
2017-02-21 00:00:00+08:00,19.96,20.15,19.72,19.84,4398032,0.0,0.0
2017-02-22 00:00:00+08:00,19.84,20.47,19.84,19.96,10997644,0.0,0.0
2017-02-23 00:00:00+08:00,20.07,20.19,19.88,19.88,6874018,0.0,0.0
2017-02-24 00:00:00+08:00,19.92,20.27,19.8,19.99,4839398,0.0,0.0
2017-03-01 00:00:00+08:00,19.99,19.99,19.99,19.99,0,0.0,0.0
2017-03-02 00:00:00+08:00,19.64,19.76,19.52,19.64,4364787,0.0,0.0
2017-03-03 00:00:00+08:00,19.68,19.68,18.97,19.13,8312817,0.0,0.0
2017-03-06 00:00:00+08:00,19.13,19.28,19.05,19.16,2389388,0.0,0.0
2017-03-07 00:00:00+08:00,19.2,19.64,19.2,19.52,3921274,0.0,0.0
2017-03-08 00:00:00+08:00,19.4,19.44,19.16,19.16,3256983,0.0,0.0
2017-03-09 00:00:00+08:00,19.09,19.32,19.05,19.16,2072904,0.0,0.0
2017-03-10 00:00:00+08:00,19.13,19.13,18.34,18.53,7662741,0.0,0.0
2017-03-13 00:00:00+08:00,18.85,19.84,18.85,19.44,9396492,0.0,0.0
2017-03-14 00:00:00+08:00,19.52,19.76,19.16,19.68,6323799,0.0,0.0
2017-03-15 00:00:00+08:00,19.84,19.84,19.52,19.56,4170521,0.0,0.0
2017-03-16 00:00:00+08:00,19.6,20.03,19.52,19.52,4546169,0.0,0.0
2017-03-17 00:00:00+08:00,19.52,19.76,19.4,19.76,2979627,0.0,0.0
2017-03-20 00:00:00+08:00,19.76,20.07,19.64,19.8,5894836,0.0,0.0
2017-03-21 00:00:00+08:00,19.8,19.88,19.44,19.56,3676742,0.0,0.0
2017-03-22 00:00:00+08:00,19.32,19.96,19.16,19.92,5719250,0.0,0.0
2017-03-23 00:00:00+08:00,20.43,21.54,20.39,20.71,33422832,0.0,0.0
2017-03-24 00:00:00+08:00,21.18,21.58,20.86,21.06,21896291,0.0,0.0
2017-03-27 00:00:00+08:00,21.02,21.06,20.23,20.31,12126790,0.0,0.0
2017-03-28 00:00:00+08:00,20.59,20.79,19.36,20.47,8663607,0.0,0.0
2017-03-29 00:00:00+08:00,20.79,20.86,20.07,20.15,8584587,0.0,0.0
2017-03-30 00:00:00+08:00,20.63,21.3,20.35,20.55,22529933,0.0,0.0
2017-03-31 00:00:00+08:00,20.63,20.94,20.31,20.82,12650556,0.0,0.0
2017-04-05 00:00:00+08:00,21.02,22.44,21.02,22.13,37008104,0.0,0.0
2017-04-06 00:00:00+08:00,22.13,22.64,21.89,21.97,21177335,0.0,0.0
2017-04-07 00:00:00+08:00,22.13,22.41,21.65,22.01,14088379,0.0,0.0
2017-04-10 00:00:00+08:00,22.29,23.51,22.09,23.24,38182702,0.0,0.0
2017-04-11 00:00:00+08:00,23.63,24.66,23.35,23.43,47321190,0.0,0.0
2017-04-12 00:00:00+08:00,23.67,24.42,23.2,24.3,25809307,0.0,0.0
2017-04-13 00:00:00+08:00,24.7,25.05,23.95,23.95,21551748,0.0,0.0
2017-04-14 00:00:00+08:00,23.95,24.46,23.08,23.27,17379128,0.0,0.0
2017-04-17 00:00:00+08:00,23.87,24.86,23.43,24.34,18744358,0.0,0.0
2017-04-18 00:00:00+08:00,24.58,24.86,24.1,24.14,16421815,0.0,0.0
2017-04-19 00:00:00+08:00,23.75,23.95,23.04,23.16,14286589,0.0,0.0
2017-04-20 00:00:00+08:00,23.51,24.06,23.12,23.51,13736813,0.0,0.0
2017-04-21 00:00:00+08:00,24.14,24.62,24.03,24.3,18793528,0.0,0.0
2017-04-24 00:00:00+08:00,24.34,24.5,23.63,23.63,11017304,0.0,0.0
2017-04-25 00:00:00+08:00,23.59,23.99,23.08,23.99,11955724,0.0,0.0
2017-04-26 00:00:00+08:00,24.3,24.34,23.79,23.91,8332956,0.0,0.0
2017-04-27 00:00:00+08:00,24.06,25.09,23.71,25.05,18401904,0.0,0.0
2017-04-28 00:00:00+08:00,25.05,25.05,24.26,24.34,17990582,0.0,0.0
2017-05-02 00:00:00+08:00,24.74,24.86,24.03,24.14,10533022,0.0,0.0
2017-05-03 00:00:00+08:00,24.38,24.62,23.71,23.75,12019042,0.0,0.0
2017-05-04 00:00:00+08:00,23.91,23.95,23.47,23.95,10682002,0.0,0.0
2017-05-05 00:00:00+08:00,24.18,24.18,23.55,23.63,7164173,0.0,0.0
2017-05-08 00:00:00+08:00,23.79,23.79,23.12,23.24,6742003,0.0,0.0
2017-05-09 00:00:00+08:00,23.27,23.75,22.96,23.35,8185962,0.0,0.0
2017-05-10 00:00:00+08:00,23.63,24.26,23.39,24.06,11023970,0.0,0.0
2017-05-11 00:00:00+08:00,24.22,24.34,23.71,23.71,7967039,0.0,0.0
2017-05-12 00:00:00+08:00,23.71,23.87,23.43,23.43,4266262,0.0,0.0
2017-05-15 00:00:00+08:00,23.55,23.63,23.31,23.31,3192474,0.0,0.0
2017-05-16 00:00:00+08:00,23.16,23.51,22.37,22.37,16788983,0.0,0.0
2017-05-17 00:00:00+08:00,22.44,22.64,21.89,22.13,10539662,0.0,0.0
2017-05-18 00:00:00+08:00,21.97,22.88,21.89,22.88,8870670,0.0,0.0
2017-05-19 00:00:00+08:00,22.72,22.88,22.56,22.6,5344101,0.0,0.0
2017-05-22 00:00:00+08:00,22.84,23.08,22.64,22.64,3956053,0.0,0.0
2017-05-23 00:00:00+08:00,22.64,23.04,22.64,22.76,4192626,0.0,0.0
2017-05-24 00:00:00+08:00,22.92,23.31,22.92,22.96,8080305,0.0,0.0
2017-05-25 00:00:00+08:00,23.0,23.12,22.68,22.8,8705852,0.0,0.0
2017-05-26 00:00:00+08:00,22.8,22.8,22.05,22.09,17075730,0.0,0.0
2017-05-31 00:00:00+08:00,22.13,22.37,21.73,21.85,16192154,0.0,0.0
2017-06-01 00:00:00+08:00,22.01,22.96,22.01,22.8,18591000,0.0,0.0
2017-06-02 00:00:00+08:00,23.12,23.63,22.68,23.2,20036991,0.0,0.0
2017-06-05 00:00:00+08:00,23.55,24.18,23.55,24.06,14119730,0.0,0.0
2017-06-06 00:00:00+08:00,24.06,24.58,23.67,24.34,11148953,0.0,0.0
2017-06-07 00:00:00+08:00,24.22,24.46,23.79,23.79,7102205,0.0,0.0
2017-06-08 00:00:00+08:00,23.79,24.26,23.79,24.14,4528708,0.0,0.0
2017-06-09 00:00:00+08:00,24.34,24.42,24.1,24.18,4203420,0.0,0.0
2017-06-12 00:00:00+08:00,23.75,23.87,23.43,23.43,6206634,0.0,0.0
2017-06-13 00:00:00+08:00,23.55,23.67,23.27,23.31,5558557,0.0,0.0
2017-06-14 00:00:00+08:00,23.55,23.59,22.84,23.0,6445222,0.0,0.0
2017-06-15 00:00:00+08:00,22.96,23.35,22.8,23.27,3177811,0.0,0.0
2017-06-16 00:00:00+08:00,23.27,23.35,23.12,23.24,2357359,0.0,0.0
2017-06-19 00:00:00+08:00,21.81,22.72,21.46,22.72,18314687,0.0,0.0
2017-06-20 00:00:00+08:00,22.72,22.96,22.01,22.17,11675546,0.0,0.0
2017-06-21 00:00:00+08:00,22.17,22.8,22.05,22.52,14080948,0.0,0.0
2017-06-22 00:00:00+08:00,22.44,22.76,22.33,22.56,5600355,0.0,0.0
2017-06-23 00:00:00+08:00,22.68,22.76,22.37,22.6,5208570,0.0,0.0
2017-06-26 00:00:00+08:00,22.6,22.76,22.52,22.52,3855178,0.0,0.0
2017-06-27 00:00:00+08:00,22.56,23.16,22.52,22.68,7241118,0.0,0.0
2017-06-28 00:00:00+08:00,22.6,22.64,22.25,22.37,6456436,0.0,0.0
2017-06-29 00:00:00+08:00,22.48,22.6,22.29,22.41,5263342,0.0,0.0
2017-06-30 00:00:00+08:00,22.29,22.44,22.17,22.37,4645665,0.0,0.0
2017-07-03 00:00:00+08:00,22.33,22.52,22.25,22.29,2237680,0.0,0.0
2017-07-04 00:00:00+08:00,22.29,22.41,21.77,21.77,8881379,0.0,0.0
2017-07-05 00:00:00+08:00,21.81,22.52,21.81,22.52,6121157,0.0,0.0
2017-07-06 00:00:00+08:00,22.48,22.68,22.29,22.44,5030160,0.0,0.0
2017-07-07 00:00:00+08:00,22.44,22.48,22.17,22.41,4078356,0.0,0.0
2017-07-10 00:00:00+08:00,22.6,22.96,22.48,22.88,7314105,0.0,0.0
2017-07-11 00:00:00+08:00,22.68,23.24,22.44,23.16,11120511,0.0,0.0
2017-07-12 00:00:00+08:00,23.39,24.06,23.39,23.71,20946592,0.0,0.0
2017-07-13 00:00:00+08:00,24.06,25.21,23.91,24.97,37709256,0.0,0.0
2017-07-14 00:00:00+08:00,24.97,25.53,24.62,25.53,29748779,0.0,0.0
2017-07-17 00:00:00+08:00,26.0,26.32,25.61,25.61,15507370,0.0,0.0
2017-07-18 00:00:00+08:00,25.61,26.87,25.37,26.87,20582353,0.0,0.0
2017-07-19 00:00:00+08:00,27.03,27.07,25.92,26.08,17579635,0.0,0.0
2017-07-20 00:00:00+08:00,25.96,26.48,25.57,26.48,13392497,0.0,0.0
2017-07-21 00:00:00+08:00,26.32,26.48,25.96,26.0,5326153,0.0,0.0
2017-07-24 00:00:00+08:00,26.0,26.99,25.84,26.63,12642212,0.0,0.0
2017-07-25 00:00:00+08:00,26.59,27.03,26.36,26.87,6011749,0.0,0.0
2017-07-26 00:00:00+08:00,26.75,26.79,26.44,26.44,4676404,0.0,0.0
2017-07-27 00:00:00+08:00,26.36,26.75,26.12,26.2,5346952,0.0,0.0
2017-07-28 00:00:00+08:00,25.88,26.04,25.13,25.33,12421740,0.0,0.0
2017-07-31 00:00:00+08:00,25.29,25.96,24.97,25.53,7256164,0.0,0.0
2017-08-01 00:00:00+08:00,25.57,25.61,25.13,25.21,8097181,0.0,0.0
2017-08-02 00:00:00+08:00,25.45,25.49,25.09,25.41,8417596,0.0,0.0
2017-08-03 00:00:00+08:00,25.41,25.41,24.97,25.09,3471402,0.0,0.0
2017-08-04 00:00:00+08:00,25.01,25.65,24.97,25.41,4843212,0.0,0.0
2017-08-07 00:00:00+08:00,25.84,26.71,25.61,26.24,10401359,0.0,0.0
2017-08-08 00:00:00+08:00,26.24,26.32,25.69,25.69,5351507,0.0,0.0
2017-08-09 00:00:00+08:00,25.41,25.61,24.34,24.58,11625511,0.0,0.0
2017-08-10 00:00:00+08:00,24.97,25.17,24.1,24.58,7919560,0.0,0.0
2017-08-11 00:00:00+08:00,24.38,25.57,24.38,25.25,16128197,0.0,0.0
2017-08-14 00:00:00+08:00,25.41,25.57,24.66,24.97,6257300,0.0,0.0
2017-08-15 00:00:00+08:00,25.92,26.63,25.84,26.51,22678201,0.0,0.0
2017-08-16 00:00:00+08:00,26.48,27.34,26.2,26.67,17396146,0.0,0.0
2017-08-17 00:00:00+08:00,26.71,26.99,26.32,26.63,6430843,0.0,0.0
2017-08-18 00:00:00+08:00,26.24,27.31,26.24,27.31,11994950,0.0,0.0
2017-08-21 00:00:00+08:00,27.66,29.44,27.66,29.32,29801070,0.0,0.0
2017-08-22 00:00:00+08:00,29.36,29.44,28.73,28.96,11329192,0.0,0.0
2017-08-23 00:00:00+08:00,29.4,30.35,29.0,29.0,16940465,0.0,0.0
2017-08-24 00:00:00+08:00,29.08,30.35,29.08,30.19,14553873,0.0,0.0
2017-08-25 00:00:00+08:00,30.74,31.93,30.51,31.77,51877666,0.0,0.0
2017-08-28 00:00:00+08:00,33.03,34.54,32.64,34.54,34616268,0.0,0.0
2017-08-29 00:00:00+08:00,33.98,34.26,32.84,33.9,19378974,0.0,0.0
2017-08-30 00:00:00+08:00,34.77,35.52,33.98,34.06,22150924,0.0,0.0
2017-08-31 00:00:00+08:00,34.3,34.85,33.67,34.38,14781708,0.0,0.0
2017-09-01 00:00:00+08:00,34.42,35.29,33.98,33.98,20060513,0.0,0.0
2017-09-04 00:00:00+08:00,33.63,34.1,33.23,33.98,13448001,0.0,0.0
2017-09-05 00:00:00+08:00,34.85,35.01,34.22,34.69,14099408,0.0,0.0
2017-09-06 00:00:00+08:00,34.26,35.09,33.67,33.86,10170184,0.0,0.0
2017-09-07 00:00:00+08:00,34.3,34.73,33.94,33.23,12363795,0.0,0.0
2017-09-08 00:00:00+08:00,35.07,35.07,34.46,34.58,8924380,1.5,0.0
2017-09-11 00:00:00+08:00,34.99,35.07,32.94,33.52,13382477,0.0,0.0
2017-09-12 00:00:00+08:00,33.72,36.83,33.6,36.83,30905930,0.0,0.0
2017-09-13 00:00:00+08:00,37.12,37.29,35.4,35.69,30865409,0.0,0.0
2017-09-14 00:00:00+08:00,35.77,35.89,34.99,35.32,7096217,0.0,0.0
2017-09-15 00:00:00+08:00,35.73,36.88,35.28,36.88,16521681,0.0,0.0
2017-09-18 00:00:00+08:00,36.96,37.24,35.85,36.02,12334120,0.0,0.0
2017-09-19 00:00:00+08:00,36.3,36.51,35.44,35.44,7935034,0.0,0.0
2017-09-20 00:00:00+08:00,35.65,35.81,34.91,34.91,7635246,0.0,0.0
2017-09-21 00:00:00+08:00,35.24,36.88,34.99,36.55,15086644,0.0,0.0
2017-09-22 00:00:00+08:00,36.55,38.11,35.89,37.37,22769090,0.0,0.0
2017-09-25 00:00:00+08:00,36.79,37.0,35.24,35.77,13830956,0.0,0.0
2017-09-26 00:00:00+08:00,34.95,35.56,32.41,32.82,24312771,0.0,0.0
2017-09-27 00:00:00+08:00,32.86,34.62,32.86,34.38,13632494,0.0,0.0
2017-09-28 00:00:00+08:00,34.29,34.62,33.64,33.76,6314388,0.0,0.0
2017-09-29 00:00:00+08:00,33.43,34.95,33.02,34.83,11656769,0.0,0.0
2017-10-02 00:00:00+08:00,36.22,36.71,35.73,35.89,10942665,0.0,0.0
2017-10-03 00:00:00+08:00,35.81,36.18,34.7,35.03,11244110,0.0,0.0
2017-10-05 00:00:00+08:00,35.24,36.38,35.16,35.69,9961306,0.0,0.0
2017-10-06 00:00:00+08:00,36.06,36.38,35.4,36.06,8057634,0.0,0.0
2017-10-11 00:00:00+08:00,36.3,37.29,35.85,35.85,17124175,0.0,0.0
2017-10-12 00:00:00+08:00,36.06,37.12,35.69,36.96,13840747,0.0,0.0
2017-10-13 00:00:00+08:00,37.74,38.19,36.51,36.51,19804537,0.0,0.0
2017-10-16 00:00:00+08:00,36.47,36.67,36.14,36.47,5102763,0.0,0.0
2017-10-17 00:00:00+08:00,36.79,37.12,35.69,35.73,7380819,0.0,0.0
2017-10-18 00:00:00+08:00,36.14,36.79,35.89,36.1,5732170,0.0,0.0
2017-10-19 00:00:00+08:00,36.3,36.55,35.85,36.1,4362591,0.0,0.0
2017-10-20 00:00:00+08:00,36.06,36.88,35.32,36.3,6952812,0.0,0.0
2017-10-23 00:00:00+08:00,36.47,37.12,36.47,36.51,7465295,0.0,0.0
2017-10-24 00:00:00+08:00,37.12,37.94,36.96,37.29,18466033,0.0,0.0
2017-10-25 00:00:00+08:00,37.29,37.33,36.06,36.06,9693257,0.0,0.0
2017-10-26 00:00:00+08:00,36.06,36.43,35.69,35.85,4880066,0.0,0.0
2017-10-27 00:00:00+08:00,36.47,36.47,34.25,34.58,12683476,0.0,0.0
2017-10-30 00:00:00+08:00,34.83,35.11,33.84,33.88,7971721,0.0,0.0
2017-10-31 00:00:00+08:00,34.01,35.4,34.01,34.5,10565076,0.0,0.0
2017-11-01 00:00:00+08:00,34.66,35.56,34.62,35.4,6751738,0.0,0.0
2017-11-02 00:00:00+08:00,35.73,36.02,35.03,35.07,5769947,0.0,0.0
2017-11-03 00:00:00+08:00,35.07,35.61,34.91,35.32,3461209,0.0,0.0
2017-11-06 00:00:00+08:00,35.56,35.73,34.46,34.75,4174285,0.0,0.0
2017-11-07 00:00:00+08:00,34.83,35.07,34.46,34.7,3303468,0.0,0.0
2017-11-08 00:00:00+08:00,34.83,36.47,34.75,35.85,15682774,0.0,0.0
2017-11-09 00:00:00+08:00,35.89,36.83,34.87,35.07,11757246,0.0,0.0
2017-11-10 00:00:00+08:00,35.16,35.65,34.01,34.58,9269193,0.0,0.0
2017-11-13 00:00:00+08:00,34.99,35.93,34.87,35.56,9435795,0.0,0.0
2017-11-14 00:00:00+08:00,35.56,36.67,35.36,36.3,12387226,0.0,0.0
2017-11-15 00:00:00+08:00,37.86,39.91,37.86,39.91,55676184,0.0,0.0
2017-11-16 00:00:00+08:00,40.4,43.76,40.4,42.2,83189233,0.0,0.0
2017-11-17 00:00:00+08:00,43.19,43.51,41.96,41.96,49271121,0.0,0.0
2017-11-20 00:00:00+08:00,42.61,44.01,42.04,44.01,33539758,0.0,0.0
2017-11-21 00:00:00+08:00,43.68,44.74,43.19,44.01,21349752,0.0,0.0
2017-11-22 00:00:00+08:00,44.91,44.99,41.87,43.6,19647931,0.0,0.0
2017-11-23 00:00:00+08:00,44.17,47.28,43.76,45.73,35435820,0.0,0.0
2017-11-24 00:00:00+08:00,45.23,45.97,44.5,45.23,14858593,0.0,0.0
2017-11-27 00:00:00+08:00,45.73,45.81,43.68,43.84,12513493,0.0,0.0
2017-11-28 00:00:00+08:00,44.09,44.99,43.1,44.99,8882363,0.0,0.0
2017-11-29 00:00:00+08:00,45.73,46.22,44.41,44.41,13989364,0.0,0.0
2017-11-30 00:00:00+08:00,43.76,44.99,43.51,43.68,11946647,0.0,0.0
2017-12-01 00:00:00+08:00,44.01,44.33,41.38,42.78,15313107,0.0,0.0
2017-12-04 00:00:00+08:00,43.02,44.25,42.78,43.35,5642167,0.0,0.0
2017-12-05 00:00:00+08:00,43.19,43.76,42.45,42.69,4925796,0.0,0.0
2017-12-06 00:00:00+08:00,42.37,43.02,41.06,41.14,10656310,0.0,0.0
2017-12-07 00:00:00+08:00,41.79,42.37,38.23,39.83,23694106,0.0,0.0
2017-12-08 00:00:00+08:00,40.65,43.27,39.91,43.19,18701910,0.0,0.0
2017-12-11 00:00:00+08:00,42.69,43.1,41.87,42.04,11198080,0.0,0.0
2017-12-12 00:00:00+08:00,39.83,40.81,39.58,40.03,15973438,0.0,0.0
2017-12-13 00:00:00+08:00,40.65,41.55,39.74,40.15,14372190,0.0,0.0
2017-12-14 00:00:00+08:00,40.32,41.55,39.99,40.89,11520341,0.0,0.0
2017-12-15 00:00:00+08:00,41.38,41.46,40.44,41.14,6971018,0.0,0.0
2017-12-18 00:00:00+08:00,41.38,41.55,40.65,40.69,5271504,0.0,0.0
2017-12-19 00:00:00+08:00,40.97,41.14,39.74,39.83,5357952,0.0,0.0
2017-12-20 00:00:00+08:00,40.15,40.65,39.74,39.74,4764452,0.0,0.0
2017-12-21 00:00:00+08:00,40.15,40.65,39.91,40.24,4413579,0.0,0.0
2017-12-22 00:00:00+08:00,40.56,42.45,40.36,42.04,14140930,0.0,0.0
2017-12-25 00:00:00+08:00,42.28,42.37,41.06,41.06,7730984,0.0,0.0
2017-12-26 00:00:00+08:00,41.38,41.38,40.03,40.11,5177392,0.0,0.0
2017-12-27 00:00:00+08:00,39.99,40.44,39.46,39.62,5453246,0.0,0.0
2017-12-28 00:00:00+08:00,39.99,40.4,39.58,39.87,5547317,0.0,0.0
2017-12-29 00:00:00+08:00,39.95,40.36,39.17,39.33,6011018,0.0,0.0
2018-01-02 00:00:00+08:00,39.33,39.58,37.29,37.33,16691293,0.0,0.0
2018-01-03 00:00:00+08:00,37.45,38.11,36.47,37.98,13370785,0.0,0.0
2018-01-04 00:00:00+08:00,37.98,38.64,37.24,37.53,13915229,0.0,0.0
2018-01-05 00:00:00+08:00,37.53,38.15,37.08,37.94,7866426,0.0,0.0
2018-01-08 00:00:00+08:00,38.31,39.17,37.78,38.92,13184281,0.0,0.0
2018-01-09 00:00:00+08:00,38.11,38.84,37.94,38.43,10599162,0.0,0.0
2018-01-10 00:00:00+08:00,38.68,40.52,38.56,40.48,18640837,0.0,0.0
2018-01-11 00:00:00+08:00,40.97,41.63,40.15,40.52,14801044,0.0,0.0
2018-01-12 00:00:00+08:00,40.97,42.04,40.56,40.93,10149191,0.0,0.0
2018-01-15 00:00:00+08:00,40.81,40.85,39.79,39.83,6289961,0.0,0.0
2018-01-16 00:00:00+08:00,39.33,39.83,39.25,39.46,4020257,0.0,0.0
2018-01-17 00:00:00+08:00,39.74,40.48,39.58,39.58,4940463,0.0,0.0
2018-01-18 00:00:00+08:00,39.91,40.24,38.27,38.8,5102930,0.0,0.0
2018-01-19 00:00:00+08:00,39.09,39.99,39.09,39.99,6563109,0.0,0.0
2018-01-22 00:00:00+08:00,40.6,43.76,40.6,43.76,28250356,0.0,0.0
2018-01-23 00:00:00+08:00,44.66,44.66,41.22,41.22,22695769,0.0,0.0
2018-01-24 00:00:00+08:00,41.22,41.96,40.73,41.96,5802844,0.0,0.0
2018-01-25 00:00:00+08:00,41.46,42.61,40.56,40.56,8637793,0.0,0.0
2018-01-26 00:00:00+08:00,40.6,41.22,40.56,40.85,4348185,0.0,0.0
2018-01-29 00:00:00+08:00,41.38,43.19,41.14,42.2,10564066,0.0,0.0
2018-01-30 00:00:00+08:00,42.61,44.66,42.37,43.51,35378422,0.0,0.0
2018-01-31 00:00:00+08:00,44.5,47.28,43.51,43.51,95921265,0.0,0.0
2018-02-01 00:00:00+08:00,44.66,45.4,41.63,42.12,36364595,0.0,0.0
2018-02-02 00:00:00+08:00,41.87,42.37,40.6,40.73,23139389,0.0,0.0
2018-02-05 00:00:00+08:00,38.56,39.99,38.56,39.74,15264827,0.0,0.0
2018-02-06 00:00:00+08:00,38.27,39.17,35.89,38.11,25799756,0.0,0.0
2018-02-07 00:00:00+08:00,39.42,40.56,39.42,40.15,18061526,0.0,0.0
2018-02-08 00:00:00+08:00,39.83,40.48,38.35,38.92,12038093,0.0,0.0
2018-02-09 00:00:00+08:00,38.92,38.92,38.92,38.92,0,0.0,0.0
2018-02-12 00:00:00+08:00,38.6,38.76,37.53,37.82,6154842,0.0,0.0
2018-02-21 00:00:00+08:00,39.25,41.38,38.84,41.38,13375867,0.0,0.0
2018-02-22 00:00:00+08:00,40.28,40.52,39.42,39.42,13381837,0.0,0.0
2018-02-23 00:00:00+08:00,39.42,39.79,39.09,39.17,7735261,0.0,0.0
2018-02-26 00:00:00+08:00,39.58,39.83,39.01,39.01,7909637,0.0,0.0
2018-02-27 00:00:00+08:00,39.38,39.58,38.72,38.72,6797627,0.0,0.0
2018-03-01 00:00:00+08:00,38.11,38.51,37.78,37.78,9844849,0.0,0.0
2018-03-02 00:00:00+08:00,36.71,36.71,35.89,36.51,18027477,0.0,0.0
2018-03-05 00:00:00+08:00,36.59,37.04,36.1,36.3,7228365,0.0,0.0
2018-03-06 00:00:00+08:00,36.83,37.53,36.18,37.29,10857202,0.0,0.0
2018-03-07 00:00:00+08:00,36.79,37.37,36.18,36.18,7405169,0.0,0.0
2018-03-08 00:00:00+08:00,36.38,37.29,36.3,36.55,5754755,0.0,0.0
2018-03-09 00:00:00+08:00,36.79,37.9,36.63,37.65,8779455,0.0,0.0
2018-03-12 00:00:00+08:00,38.19,38.39,37.37,37.37,6961052,0.0,0.0
2018-03-13 00:00:00+08:00,37.45,37.94,37.45,37.7,3520278,0.0,0.0
2018-03-14 00:00:00+08:00,37.49,37.49,36.96,37.0,4986786,0.0,0.0
2018-03-15 00:00:00+08:00,37.0,37.37,36.67,37.08,3087536,0.0,0.0
2018-03-16 00:00:00+08:00,37.49,38.6,37.37,38.6,10020857,0.0,0.0
2018-03-19 00:00:00+08:00,38.64,38.92,38.27,38.43,5035222,0.0,0.0
2018-03-20 00:00:00+08:00,38.43,39.09,38.31,39.01,4342870,0.0,0.0
2018-03-21 00:00:00+08:00,39.33,40.4,39.21,39.74,11872450,0.0,0.0
2018-03-22 00:00:00+08:00,40.07,40.36,39.5,39.79,8724805,0.0,0.0
2018-03-23 00:00:00+08:00,38.51,38.92,38.19,38.51,8724119,0.0,0.0
2018-03-26 00:00:00+08:00,38.92,40.03,38.8,39.66,8784148,0.0,0.0
2018-03-27 00:00:00+08:00,40.32,41.06,40.03,40.85,14911849,0.0,0.0
2018-03-28 00:00:00+08:00,40.32,40.65,40.03,40.07,7442721,0.0,0.0
2018-03-29 00:00:00+08:00,40.32,40.81,39.5,39.54,7522817,0.0,0.0
2018-03-30 00:00:00+08:00,38.92,42.04,38.92,40.97,23246527,0.0,0.0
2018-04-02 00:00:00+08:00,41.46,41.46,39.91,40.11,8651040,0.0,0.0
2018-04-03 00:00:00+08:00,39.33,39.33,36.71,36.88,23766567,0.0,0.0
2018-04-09 00:00:00+08:00,36.47,36.47,33.19,33.19,36082061,0.0,0.0
2018-04-10 00:00:00+08:00,32.12,32.16,31.06,31.3,32570894,0.0,0.0
2018-04-11 00:00:00+08:00,31.71,32.0,28.93,28.93,34080128,0.0,0.0
2018-04-12 00:00:00+08:00,29.09,30.4,29.01,29.66,32509893,0.0,0.0
2018-04-13 00:00:00+08:00,29.66,29.91,29.3,29.75,15861391,0.0,0.0
2018-04-16 00:00:00+08:00,30.03,30.98,29.62,30.81,15308042,0.0,0.0
2018-04-17 00:00:00+08:00,30.69,30.69,29.09,29.09,16231465,0.0,0.0
2018-04-18 00:00:00+08:00,29.5,29.75,28.35,28.44,15362875,0.0,0.0
2018-04-19 00:00:00+08:00,28.8,29.21,28.56,28.68,9962365,0.0,0.0
2018-04-20 00:00:00+08:00,28.85,29.01,28.35,28.39,11867656,0.0,0.0
2018-04-23 00:00:00+08:00,28.56,28.8,27.53,27.53,9712436,0.0,0.0
2018-04-24 00:00:00+08:00,27.57,28.76,26.3,27.86,17437443,0.0,0.0
2018-04-25 00:00:00+08:00,27.86,28.8,27.37,28.27,9818956,0.0,0.0
2018-04-26 00:00:00+08:00,28.48,28.64,26.22,26.22,12282940,0.0,0.0
2018-04-27 00:00:00+08:00,26.8,26.96,26.06,26.47,9280782,0.0,0.0
2018-04-30 00:00:00+08:00,26.67,27.49,26.3,27.08,8773850,0.0,0.0
2018-05-02 00:00:00+08:00,27.0,27.57,26.76,27.04,7509324,0.0,0.0
2018-05-03 00:00:00+08:00,27.12,27.37,27.04,27.12,4737342,0.0,0.0
2018-05-04 00:00:00+08:00,27.62,27.82,27.12,27.12,8240125,0.0,0.0
2018-05-07 00:00:00+08:00,27.49,27.62,25.57,25.57,16242120,0.0,0.0
2018-05-08 00:00:00+08:00,25.49,26.3,25.24,25.85,16893830,0.0,0.0
2018-05-09 00:00:00+08:00,26.47,26.47,25.32,25.73,12246115,0.0,0.0
2018-05-10 00:00:00+08:00,26.02,26.84,25.9,26.39,13968765,0.0,0.0
2018-05-11 00:00:00+08:00,26.26,26.55,25.61,25.81,9442224,0.0,0.0
2018-05-14 00:00:00+08:00,26.3,26.59,25.98,26.02,10418105,0.0,0.0
2018-05-15 00:00:00+08:00,26.22,26.51,26.1,26.14,6025541,0.0,0.0
2018-05-16 00:00:00+08:00,26.35,26.51,25.69,25.81,12248200,0.0,0.0
2018-05-17 00:00:00+08:00,25.94,26.18,25.03,25.28,11313728,0.0,0.0
2018-05-18 00:00:00+08:00,25.73,25.98,25.08,25.08,8510186,0.0,0.0
2018-05-21 00:00:00+08:00,25.28,26.22,25.16,26.22,14410966,0.0,0.0
2018-05-22 00:00:00+08:00,27.17,28.85,27.08,28.85,44988769,0.0,0.0
2018-05-23 00:00:00+08:00,28.35,28.48,27.7,27.9,24123361,0.0,0.0
2018-05-24 00:00:00+08:00,28.11,28.35,27.57,27.86,9585267,0.0,0.0
2018-05-25 00:00:00+08:00,27.98,28.07,27.08,27.12,10852379,0.0,0.0
2018-05-28 00:00:00+08:00,27.7,28.97,27.53,28.6,24679460,0.0,0.0
2018-05-29 00:00:00+08:00,28.6,29.91,28.44,28.85,21607402,0.0,0.0
2018-05-30 00:00:00+08:00,28.48,28.48,28.07,28.19,7973470,0.0,0.0
2018-05-31 00:00:00+08:00,28.6,28.8,28.03,28.07,7288898,0.0,0.0
2018-06-01 00:00:00+08:00,28.27,29.75,28.27,29.66,20243929,0.0,0.0
2018-06-04 00:00:00+08:00,30.24,30.57,29.75,29.75,16107433,0.0,0.0
2018-06-05 00:00:00+08:00,30.12,30.12,29.09,29.3,9800156,0.0,0.0
2018-06-06 00:00:00+08:00,29.38,30.16,29.21,29.25,18358057,0.0,0.0
2018-06-07 00:00:00+08:00,29.42,29.79,28.8,28.85,11367910,0.0,0.0
2018-06-08 00:00:00+08:00,28.76,29.58,28.68,29.38,10748516,0.0,0.0
2018-06-11 00:00:00+08:00,29.58,29.79,29.01,29.01,5677738,0.0,0.0
2018-06-12 00:00:00+08:00,29.05,29.62,28.68,29.05,11012191,0.0,0.0
2018-06-13 00:00:00+08:00,29.17,29.34,28.44,28.44,7269003,0.0,0.0
2018-06-14 00:00:00+08:00,28.93,28.97,28.52,28.56,6848127,0.0,0.0
2018-06-15 00:00:00+08:00,28.89,29.46,28.64,28.85,9522251,0.0,0.0
2018-06-19 00:00:00+08:00,28.52,28.52,27.66,27.66,9491956,0.0,0.0
2018-06-20 00:00:00+08:00,27.04,27.57,26.43,26.71,8418687,0.0,0.0
2018-06-21 00:00:00+08:00,26.88,27.66,26.88,27.45,4088424,0.0,0.0
2018-06-22 00:00:00+08:00,27.17,27.86,27.08,27.21,5281579,0.0,0.0
2018-06-25 00:00:00+08:00,27.78,28.8,27.62,27.7,9693553,0.0,0.0
2018-06-26 00:00:00+08:00,27.53,27.78,26.92,27.29,5276702,0.0,0.0
2018-06-27 00:00:00+08:00,27.49,27.86,26.96,26.96,4280824,0.0,0.0
2018-06-28 00:00:00+08:00,27.08,27.82,27.04,27.62,4454678,0.0,0.0
2018-06-29 00:00:00+08:00,28.03,28.11,27.7,27.78,4000657,0.0,0.0
2018-07-02 00:00:00+08:00,27.66,28.03,27.0,27.12,3484141,0.0,0.0
2018-07-03 00:00:00+08:00,27.41,27.41,26.3,26.3,5179380,0.0,0.0
2018-07-04 00:00:00+08:00,26.47,26.96,26.22,26.8,2463034,0.0,0.0
2018-07-05 00:00:00+08:00,26.88,27.04,26.35,26.43,2308065,0.0,0.0
2018-07-06 00:00:00+08:00,26.51,26.88,24.99,25.57,5189408,0.0,0.0
2018-07-09 00:00:00+08:00,25.9,25.98,25.44,25.61,4394005,0.0,0.0
2018-07-10 00:00:00+08:00,25.81,27.86,25.77,27.7,8783711,0.0,0.0
2018-07-11 00:00:00+08:00,29.09,30.44,28.68,30.44,45318264,0.0,0.0
2018-07-12 00:00:00+08:00,30.81,31.18,30.16,30.77,51848286,0.0,0.0
2018-07-13 00:00:00+08:00,31.18,31.47,30.36,30.36,16305595,0.0,0.0
2018-07-16 00:00:00+08:00,30.65,32.25,30.48,31.67,31079283,0.0,0.0
2018-07-17 00:00:00+08:00,31.71,31.92,31.26,31.88,12987655,0.0,0.0
2018-07-18 00:00:00+08:00,31.88,31.96,30.53,30.98,12287855,0.0,0.0
2018-07-19 00:00:00+08:00,30.98,31.34,30.16,30.44,10978463,0.0,0.0
2018-07-20 00:00:00+08:00,30.57,32.04,30.53,31.43,19496950,0.0,0.0
2018-07-23 00:00:00+08:00,31.3,31.39,30.81,30.81,6275058,0.0,0.0
2018-07-24 00:00:00+08:00,31.06,31.47,30.85,31.39,6078777,0.0,0.0
2018-07-25 00:00:00+08:00,31.71,32.29,31.06,31.06,11856815,0.0,0.0
2018-07-26 00:00:00+08:00,32.61,33.6,32.29,33.35,34182739,0.0,0.0
2018-07-27 00:00:00+08:00,33.35,33.35,32.45,32.82,14892361,0.0,0.0
2018-07-30 00:00:00+08:00,32.94,33.15,31.67,31.84,11002300,0.0,0.0
2018-07-31 00:00:00+08:00,31.84,32.37,31.75,32.16,5717403,0.0,0.0
2018-08-01 00:00:00+08:00,32.29,32.86,32.0,32.04,7158816,0.0,0.0
2018-08-02 00:00:00+08:00,31.96,32.04,30.81,30.85,9673117,0.0,0.0
2018-08-03 00:00:00+08:00,31.02,32.29,30.61,31.96,8661973,0.0,0.0
2018-08-06 00:00:00+08:00,31.59,31.96,31.3,31.43,7455188,0.0,0.0
2018-08-07 00:00:00+08:00,31.39,31.96,31.34,31.84,4744400,0.0,0.0
2018-08-08 00:00:00+08:00,32.16,32.16,31.55,31.63,3951249,0.0,0.0
2018-08-09 00:00:00+08:00,31.96,32.25,31.63,31.63,5880064,0.0,0.0
2018-08-10 00:00:00+08:00,31.43,31.84,30.73,30.77,5659776,0.0,0.0
2018-08-13 00:00:00+08:00,29.91,29.91,27.7,29.09,14513340,0.0,0.0
2018-08-14 00:00:00+08:00,29.5,30.53,29.05,30.2,5212773,0.0,0.0
2018-08-15 00:00:00+08:00,30.12,31.39,29.58,31.06,12278689,0.0,0.0
2018-08-16 00:00:00+08:00,30.53,30.81,29.95,30.03,9688579,0.0,0.0
2018-08-17 00:00:00+08:00,30.28,30.32,29.5,29.5,8284300,0.0,0.0
2018-08-20 00:00:00+08:00,29.25,29.42,28.27,28.27,10176270,0.0,0.0
2018-08-21 00:00:00+08:00,28.52,29.05,28.03,29.01,8550443,0.0,0.0
2018-08-22 00:00:00+08:00,28.68,28.93,27.53,27.66,13177426,0.0,0.0
2018-08-23 00:00:00+08:00,27.74,28.35,27.29,27.94,11589293,0.0,0.0
2018-08-24 00:00:00+08:00,27.62,28.07,27.45,27.7,6508733,0.0,0.0
2018-08-27 00:00:00+08:00,28.8,29.38,28.76,28.8,18245324,0.0,0.0
2018-08-28 00:00:00+08:00,28.72,29.38,28.48,29.09,10646785,0.0,0.0
2018-08-29 00:00:00+08:00,29.34,29.83,29.25,29.25,8928157,0.0,0.0
2018-08-30 00:00:00+08:00,29.54,29.87,29.38,29.66,7054215,0.0,0.0
2018-08-31 00:00:00+08:00,29.91,30.65,29.75,30.07,12194355,0.0,0.0
2018-09-03 00:00:00+08:00,30.36,30.48,29.25,29.34,7619489,0.0,0.0
2018-09-04 00:00:00+08:00,28.85,30.12,28.85,28.15,11972705,0.0,0.0
2018-09-05 00:00:00+08:00,29.43,29.95,29.09,29.69,12317883,1.64,0.0
2018-09-06 00:00:00+08:00,29.69,29.95,29.34,29.69,3705500,0.0,0.0
2018-09-07 00:00:00+08:00,29.3,29.65,28.36,28.66,6942999,0.0,0.0
2018-09-10 00:00:00+08:00,28.31,28.66,27.37,27.58,6841558,0.0,0.0
2018-09-11 00:00:00+08:00,26.16,27.67,26.16,27.49,11822202,0.0,0.0
2018-09-12 00:00:00+08:00,27.45,27.62,26.68,26.68,7070860,0.0,0.0
2018-09-13 00:00:00+08:00,26.81,27.62,26.81,27.24,5707549,0.0,0.0
2018-09-14 00:00:00+08:00,27.37,28.05,26.94,27.97,8103556,0.0,0.0
2018-09-17 00:00:00+08:00,27.88,27.92,27.37,27.54,5656502,0.0,0.0
2018-09-18 00:00:00+08:00,27.49,27.88,27.28,27.54,7242763,0.0,0.0
2018-09-19 00:00:00+08:00,27.71,27.71,26.94,26.94,9910931,0.0,0.0
2018-09-20 00:00:00+08:00,26.85,27.24,26.81,27.15,5625220,0.0,0.0
2018-09-21 00:00:00+08:00,27.11,27.24,26.68,26.72,6130130,0.0,0.0
2018-09-25 00:00:00+08:00,26.76,27.15,26.76,26.94,4110462,0.0,0.0
2018-09-26 00:00:00+08:00,27.15,27.92,27.15,27.58,6758000,0.0,0.0
2018-09-27 00:00:00+08:00,27.45,27.58,27.11,27.37,4646323,0.0,0.0
2018-09-28 00:00:00+08:00,27.8,27.84,26.94,26.94,4360508,0.0,0.0
2018-10-01 00:00:00+08:00,27.11,27.41,27.11,27.11,2171033,0.0,0.0
2018-10-02 00:00:00+08:00,27.19,27.32,24.44,24.91,19827931,0.0,0.0
2018-10-03 00:00:00+08:00,24.7,25.04,24.01,24.27,13534053,0.0,0.0
2018-10-04 00:00:00+08:00,24.35,24.53,23.84,24.1,8000871,0.0,0.0
2018-10-05 00:00:00+08:00,23.97,23.97,21.77,22.55,13350251,0.0,0.0
2018-10-08 00:00:00+08:00,22.5,23.23,22.37,22.93,5052906,0.0,0.0
2018-10-09 00:00:00+08:00,22.98,23.15,21.94,22.55,5407378,0.0,0.0
2018-10-11 00:00:00+08:00,20.65,20.87,20.31,20.31,11796336,0.0,0.0
2018-10-12 00:00:00+08:00,19.36,20.83,19.36,20.65,9189450,0.0,0.0
2018-10-15 00:00:00+08:00,21.08,21.38,20.7,21.08,4839874,0.0,0.0
2018-10-16 00:00:00+08:00,21.21,21.86,20.87,21.08,7060325,0.0,0.0
2018-10-17 00:00:00+08:00,21.6,21.77,20.31,20.4,9219022,0.0,0.0
2018-10-18 00:00:00+08:00,20.4,20.61,20.01,20.27,4682001,0.0,0.0
2018-10-19 00:00:00+08:00,19.88,20.57,19.62,20.57,4920720,0.0,0.0
2018-10-22 00:00:00+08:00,20.27,21.13,20.22,21.0,3576450,0.0,0.0
2018-10-23 00:00:00+08:00,20.65,21.08,20.48,20.52,2787734,0.0,0.0
2018-10-24 00:00:00+08:00,20.48,20.65,20.14,20.65,3130900,0.0,0.0
2018-10-25 00:00:00+08:00,19.84,20.01,18.59,19.32,11701449,0.0,0.0
2018-10-26 00:00:00+08:00,19.36,19.92,18.98,19.41,6947811,0.0,0.0
2018-10-29 00:00:00+08:00,19.41,19.79,19.06,19.75,3850004,0.0,0.0
2018-10-30 00:00:00+08:00,19.79,20.44,19.45,20.22,5039701,0.0,0.0
2018-10-31 00:00:00+08:00,20.57,21.04,20.4,21.0,4367217,0.0,0.0
2018-11-01 00:00:00+08:00,21.04,21.9,20.7,21.77,5663950,0.0,0.0
2018-11-02 00:00:00+08:00,22.29,23.75,22.03,22.63,10435230,0.0,0.0
2018-11-05 00:00:00+08:00,22.29,22.98,22.12,22.42,4495687,0.0,0.0
2018-11-06 00:00:00+08:00,22.29,22.37,21.26,21.47,5230701,0.0,0.0
2018-11-07 00:00:00+08:00,21.47,22.07,21.43,21.86,3965172,0.0,0.0
2018-11-08 00:00:00+08:00,24.01,24.01,23.84,24.01,16462883,0.0,0.0
2018-11-09 00:00:00+08:00,23.75,24.53,23.15,24.35,18899975,0.0,0.0
2018-11-12 00:00:00+08:00,24.27,25.3,23.97,24.27,13736722,0.0,0.0
2018-11-13 00:00:00+08:00,24.1,25.21,23.06,25.21,15940052,0.0,0.0
2018-11-14 00:00:00+08:00,25.56,26.16,25.39,26.16,17893771,0.0,0.0
2018-11-15 00:00:00+08:00,26.68,26.68,25.9,26.16,8774225,0.0,0.0
2018-11-16 00:00:00+08:00,26.25,27.92,26.07,27.54,17751292,0.0,0.0
2018-11-19 00:00:00+08:00,27.88,28.74,27.15,27.54,18891341,0.0,0.0
2018-11-20 00:00:00+08:00,27.37,27.67,26.68,27.19,8573220,0.0,0.0
2018-11-21 00:00:00+08:00,26.68,27.8,26.29,27.75,11255103,0.0,0.0
2018-11-22 00:00:00+08:00,27.62,27.88,26.63,27.11,6888885,0.0,0.0
2018-11-23 00:00:00+08:00,26.85,26.98,25.43,25.69,15620346,0.0,0.0
2018-11-26 00:00:00+08:00,25.77,27.11,25.77,27.06,9984060,0.0,0.0
2018-11-27 00:00:00+08:00,27.41,27.88,27.06,27.88,10223896,0.0,0.0
2018-11-28 00:00:00+08:00,28.05,28.18,27.06,27.37,11884200,0.0,0.0
2018-11-29 00:00:00+08:00,27.62,27.92,27.11,27.11,8789617,0.0,0.0
2018-11-30 00:00:00+08:00,27.24,27.67,27.06,27.28,6381801,0.0,0.0
2018-12-03 00:00:00+08:00,27.67,29.34,27.62,28.83,19283730,0.0,0.0
2018-12-04 00:00:00+08:00,28.91,29.43,28.48,28.79,11057617,0.0,0.0
2018-12-05 00:00:00+08:00,27.88,28.57,27.88,28.14,5726357,0.0,0.0
2018-12-06 00:00:00+08:00,27.8,28.14,26.29,27.28,7047434,0.0,0.0
2018-12-07 00:00:00+08:00,27.54,27.88,26.85,27.37,5602833,0.0,0.0
2018-12-10 00:00:00+08:00,27.11,27.28,26.33,26.42,4438160,0.0,0.0
2018-12-11 00:00:00+08:00,26.94,28.14,26.81,27.54,13509620,0.0,0.0
2018-12-12 00:00:00+08:00,27.54,28.05,27.54,28.05,5267491,0.0,0.0
2018-12-13 00:00:00+08:00,29.26,30.85,28.83,28.83,71308744,0.0,0.0
2018-12-14 00:00:00+08:00,28.83,28.83,27.28,27.41,20785893,0.0,0.0
2018-12-17 00:00:00+08:00,27.41,27.75,27.06,27.71,5083625,0.0,0.0
2018-12-18 00:00:00+08:00,27.54,27.8,27.19,27.45,5405144,0.0,0.0
2018-12-19 00:00:00+08:00,27.58,27.97,26.98,27.41,11820807,0.0,0.0
2018-12-20 00:00:00+08:00,26.85,27.06,25.43,25.56,17492100,0.0,0.0
2018-12-21 00:00:00+08:00,24.7,26.33,24.7,26.25,10331072,0.0,0.0
2018-12-24 00:00:00+08:00,26.07,26.33,25.9,26.07,1893752,0.0,0.0
2018-12-25 00:00:00+08:00,25.47,26.16,25.43,26.03,2561847,0.0,0.0
2018-12-26 00:00:00+08:00,26.16,27.06,26.03,26.03,4882441,0.0,0.0
2018-12-27 00:00:00+08:00,27.06,27.06,26.03,26.03,6018654,0.0,0.0
2018-12-28 00:00:00+08:00,26.07,26.2,25.9,25.95,3002167,0.0,0.0
2019-01-02 00:00:00+08:00,25.99,26.25,25.9,26.03,1370748,0.0,0.0
2019-01-03 00:00:00+08:00,26.2,26.68,26.03,26.07,3419000,0.0,0.0
2019-01-04 00:00:00+08:00,25.52,25.56,24.87,24.96,6711219,0.0,0.0
2019-01-07 00:00:00+08:00,25.56,25.73,25.34,25.47,2524312,0.0,0.0
2019-01-08 00:00:00+08:00,25.6,26.33,25.52,25.64,5679409,0.0,0.0
2019-01-09 00:00:00+08:00,25.64,26.5,25.6,26.29,5906332,0.0,0.0
2019-01-10 00:00:00+08:00,26.07,26.98,26.03,26.42,8735519,0.0,0.0
2019-01-11 00:00:00+08:00,26.63,26.68,25.26,25.43,8231160,0.0,0.0
2019-01-14 00:00:00+08:00,25.69,25.9,25.52,25.77,2219187,0.0,0.0
2019-01-15 00:00:00+08:00,25.9,26.2,25.82,26.07,2457509,0.0,0.0
2019-01-16 00:00:00+08:00,25.86,25.95,25.47,25.69,5234201,0.0,0.0
2019-01-17 00:00:00+08:00,25.99,26.03,25.13,25.13,5063073,0.0,0.0
2019-01-18 00:00:00+08:00,25.39,25.43,24.74,25.43,6879591,0.0,0.0
2019-01-21 00:00:00+08:00,25.56,25.99,25.43,25.6,4276906,0.0,0.0
2019-01-22 00:00:00+08:00,25.39,25.82,25.3,25.3,2505559,0.0,0.0
2019-01-23 00:00:00+08:00,25.3,25.69,25.04,25.69,2401118,0.0,0.0
2019-01-24 00:00:00+08:00,25.82,25.95,25.69,25.73,2708835,0.0,0.0
2019-01-25 00:00:00+08:00,25.99,26.55,25.95,26.5,6842445,0.0,0.0
2019-01-28 00:00:00+08:00,27.19,28.01,27.19,27.62,16111000,0.0,0.0
2019-01-29 00:00:00+08:00,27.88,28.01,27.41,27.92,12206729,0.0,0.0
2019-01-30 00:00:00+08:00,28.18,28.18,27.58,27.67,5693763,0.0,0.0
2019-02-11 00:00:00+08:00,27.97,28.36,27.54,28.05,4767350,0.0,0.0
2019-02-12 00:00:00+08:00,28.23,28.31,27.84,27.88,4651758,0.0,0.0
2019-02-13 00:00:00+08:00,28.61,28.61,27.92,28.4,7680269,0.0,0.0
2019-02-14 00:00:00+08:00,28.4,29.04,27.97,28.36,11469238,0.0,0.0
2019-02-15 00:00:00+08:00,28.05,28.53,27.84,27.92,5537505,0.0,0.0
2019-02-18 00:00:00+08:00,27.37,27.67,27.02,27.54,5997266,0.0,0.0
2019-02-19 00:00:00+08:00,27.84,28.74,27.71,28.4,5706859,0.0,0.0
2019-02-20 00:00:00+08:00,28.79,29.13,28.48,28.48,4647371,0.0,0.0
2019-02-21 00:00:00+08:00,28.4,28.79,28.23,28.48,3642638,0.0,0.0
2019-02-22 00:00:00+08:00,28.53,28.53,28.14,28.36,2379744,0.0,0.0
2019-02-25 00:00:00+08:00,28.83,29.0,28.48,28.53,4764435,0.0,0.0
2019-02-26 00:00:00+08:00,28.48,28.79,27.71,27.71,6635995,0.0,0.0
2019-02-27 00:00:00+08:00,27.92,27.92,27.19,27.75,3578967,0.0,0.0
2019-03-04 00:00:00+08:00,28.4,28.57,28.05,28.14,5040270,0.0,0.0
2019-03-05 00:00:00+08:00,28.27,28.66,28.14,28.18,2133722,0.0,0.0
2019-03-06 00:00:00+08:00,28.23,28.27,27.97,28.05,2342832,0.0,0.0
2019-03-07 00:00:00+08:00,28.14,28.61,28.05,28.05,3430104,0.0,0.0
2019-03-08 00:00:00+08:00,28.1,28.1,27.54,27.84,3458852,0.0,0.0
2019-03-11 00:00:00+08:00,27.71,28.87,27.71,28.87,7288375,0.0,0.0
2019-03-12 00:00:00+08:00,29.56,29.9,29.0,29.86,16531344,0.0,0.0
2019-03-13 00:00:00+08:00,30.12,30.46,29.3,29.3,12850146,0.0,0.0
2019-03-14 00:00:00+08:00,29.52,29.56,28.91,28.91,5413127,0.0,0.0
2019-03-15 00:00:00+08:00,29.09,29.34,28.74,29.34,4140758,0.0,0.0
2019-03-18 00:00:00+08:00,29.78,29.99,29.34,29.34,4186670,0.0,0.0
2019-03-19 00:00:00+08:00,29.69,29.69,28.66,28.7,5633377,0.0,0.0
2019-03-20 00:00:00+08:00,28.83,29.78,28.74,29.73,8737921,0.0,0.0
2019-03-21 00:00:00+08:00,30.12,31.19,30.12,30.21,28606729,0.0,0.0
2019-03-22 00:00:00+08:00,29.95,30.21,29.09,29.09,11635202,0.0,0.0
2019-03-25 00:00:00+08:00,28.66,29.17,28.14,29.04,5239792,0.0,0.0
2019-03-26 00:00:00+08:00,29.22,29.43,28.74,28.91,6033806,0.0,0.0
2019-03-27 00:00:00+08:00,28.91,29.17,28.7,28.96,4730475,0.0,0.0
2019-03-28 00:00:00+08:00,29.0,29.9,29.0,29.78,9110437,0.0,0.0
2019-03-29 00:00:00+08:00,30.12,30.38,29.04,29.69,14720308,0.0,0.0
2019-04-01 00:00:00+08:00,29.73,29.86,29.09,29.22,9470713,0.0,0.0
2019-04-02 00:00:00+08:00,29.26,29.73,29.26,29.39,4812882,0.0,0.0
2019-04-03 00:00:00+08:00,29.6,30.03,29.3,29.69,6400083,0.0,0.0
2019-04-08 00:00:00+08:00,30.03,30.94,29.78,30.94,15196556,0.0,0.0
2019-04-09 00:00:00+08:00,31.41,32.4,31.07,32.01,29186194,0.0,0.0
2019-04-10 00:00:00+08:00,32.44,32.96,31.75,32.06,22138915,0.0,0.0
2019-04-11 00:00:00+08:00,32.18,32.4,31.15,31.15,14163149,0.0,0.0
2019-04-12 00:00:00+08:00,31.45,31.54,30.72,31.24,9420820,0.0,0.0
2019-04-15 00:00:00+08:00,31.71,32.53,31.45,31.97,12340320,0.0,0.0
2019-04-16 00:00:00+08:00,32.7,32.87,32.1,32.14,8889633,0.0,0.0
2019-04-17 00:00:00+08:00,32.44,33.17,32.27,32.27,13567470,0.0,0.0
2019-04-18 00:00:00+08:00,32.87,33.0,31.88,32.14,10133458,0.0,0.0
2019-04-19 00:00:00+08:00,32.74,33.05,32.31,33.0,11449326,0.0,0.0
2019-04-22 00:00:00+08:00,33.26,33.43,32.53,32.53,9184602,0.0,0.0
2019-04-23 00:00:00+08:00,32.83,32.83,31.84,32.53,6066399,0.0,0.0
2019-04-24 00:00:00+08:00,32.79,32.83,32.31,32.31,5172838,0.0,0.0
2019-04-25 00:00:00+08:00,32.66,33.13,32.4,32.57,6129885,0.0,0.0
2019-04-26 00:00:00+08:00,32.53,32.57,31.84,31.84,5891670,0.0,0.0
2019-04-29 00:00:00+08:00,31.84,31.88,31.02,31.19,4712071,0.0,0.0
2019-04-30 00:00:00+08:00,31.15,31.8,31.02,31.8,5007404,0.0,0.0
2019-05-02 00:00:00+08:00,31.8,32.27,31.67,32.18,4227009,0.0,0.0
2019-05-03 00:00:00+08:00,32.23,32.87,32.01,32.61,5645178,0.0,0.0
2019-05-06 00:00:00+08:00,32.01,32.18,31.5,31.58,5290889,0.0,0.0
2019-05-07 00:00:00+08:00,31.54,32.01,31.54,31.8,2062116,0.0,0.0
2019-05-08 00:00:00+08:00,31.24,31.54,30.98,31.5,3389649,0.0,0.0
2019-05-09 00:00:00+08:00,31.41,31.45,30.03,30.16,5644963,0.0,0.0
2019-05-10 00:00:00+08:00,30.29,30.72,29.04,29.22,7411448,0.0,0.0
2019-05-13 00:00:00+08:00,28.79,29.22,28.31,28.4,4248197,0.0,0.0
2019-05-14 00:00:00+08:00,27.88,28.27,26.25,28.05,10191363,0.0,0.0
2019-05-15 00:00:00+08:00,28.53,29.34,28.48,28.83,5134643,0.0,0.0
2019-05-16 00:00:00+08:00,29.26,29.65,29.13,29.3,5578572,0.0,0.0
2019-05-17 00:00:00+08:00,29.69,29.9,29.3,29.69,6079529,0.0,0.0
2019-05-20 00:00:00+08:00,29.95,30.03,28.96,28.96,5440750,0.0,0.0
2019-05-21 00:00:00+08:00,28.96,29.0,28.44,28.61,4704668,0.0,0.0
2019-05-22 00:00:00+08:00,28.66,28.83,27.41,27.58,6380533,0.0,0.0
2019-05-23 00:00:00+08:00,27.11,27.28,25.86,26.5,15242085,0.0,0.0
2019-05-24 00:00:00+08:00,26.5,26.81,25.95,26.03,5460726,0.0,0.0
2019-05-27 00:00:00+08:00,26.2,26.76,25.77,26.63,5447427,0.0,0.0
2019-05-28 00:00:00+08:00,26.89,27.19,26.72,26.76,4815633,0.0,0.0
2019-05-29 00:00:00+08:00,26.94,28.53,26.76,28.14,7608267,0.0,0.0
2019-05-30 00:00:00+08:00,28.14,28.4,27.45,27.49,7477632,0.0,0.0
2019-05-31 00:00:00+08:00,27.37,27.97,27.37,27.54,3706482,0.0,0.0
2019-06-03 00:00:00+08:00,26.98,26.98,26.38,26.72,9613675,0.0,0.0
2019-06-04 00:00:00+08:00,26.85,27.15,26.72,26.76,3906757,0.0,0.0
2019-06-05 00:00:00+08:00,27.24,27.41,26.85,26.94,3603055,0.0,0.0
2019-06-06 00:00:00+08:00,26.98,27.11,26.46,26.55,2828016,0.0,0.0
2019-06-10 00:00:00+08:00,26.68,27.19,26.68,27.15,2189888,0.0,0.0
2019-06-11 00:00:00+08:00,27.24,27.62,27.19,27.28,4231382,0.0,0.0
2019-06-12 00:00:00+08:00,27.28,27.8,27.24,27.8,4733804,0.0,0.0
2019-06-13 00:00:00+08:00,28.4,28.66,27.8,28.1,9872574,0.0,0.0
2019-06-14 00:00:00+08:00,27.88,28.23,27.62,27.71,2497774,0.0,0.0
2019-06-17 00:00:00+08:00,27.75,27.84,27.45,27.75,1732234,0.0,0.0
2019-06-18 00:00:00+08:00,27.84,27.97,27.49,27.67,2112522,0.0,0.0
2019-06-19 00:00:00+08:00,28.18,28.23,27.88,27.97,5099654,0.0,0.0
2019-06-20 00:00:00+08:00,28.18,29.09,28.05,29.0,9302041,0.0,0.0
2019-06-21 00:00:00+08:00,29.26,29.56,28.74,28.91,8402164,0.0,0.0
2019-06-24 00:00:00+08:00,29.13,29.3,28.91,29.04,3868440,0.0,0.0
2019-06-25 00:00:00+08:00,29.0,29.17,28.31,28.57,4019438,0.0,0.0
2019-06-26 00:00:00+08:00,28.48,28.57,28.18,28.53,1977398,0.0,0.0
2019-06-27 00:00:00+08:00,28.7,28.96,28.57,28.91,3482759,0.0,0.0
2019-06-28 00:00:00+08:00,28.91,29.04,28.61,28.66,1588750,0.0,0.0
2019-07-01 00:00:00+08:00,29.09,29.34,28.87,29.3,4453941,0.0,0.0
2019-07-02 00:00:00+08:00,29.47,29.47,29.13,29.22,3329280,0.0,0.0
2019-07-03 00:00:00+08:00,29.39,29.47,29.0,29.09,3033000,0.0,0.0
2019-07-04 00:00:00+08:00,29.22,29.82,29.22,29.78,6521000,0.0,0.0
2019-07-05 00:00:00+08:00,29.69,29.73,29.43,29.73,1752000,0.0,0.0
2019-07-08 00:00:00+08:00,29.78,29.78,29.47,29.52,2179000,0.0,0.0
2019-07-09 00:00:00+08:00,29.52,29.52,28.87,29.0,4167000,0.0,0.0
2019-07-10 00:00:00+08:00,28.96,29.56,28.96,29.34,2802000,0.0,0.0
2019-07-11 00:00:00+08:00,29.78,30.21,29.69,29.82,7051773,0.0,0.0
2019-07-12 00:00:00+08:00,30.12,30.68,30.08,30.33,5434940,0.0,0.0
2019-07-15 00:00:00+08:00,30.81,30.85,30.38,30.42,3861346,0.0,0.0
2019-07-16 00:00:00+08:00,30.25,30.59,30.16,30.29,3357800,0.0,0.0
2019-07-17 00:00:00+08:00,30.38,30.51,30.16,30.16,2037099,0.0,0.0
2019-07-18 00:00:00+08:00,30.03,30.12,29.73,29.78,2597703,0.0,0.0
2019-07-19 00:00:00+08:00,29.99,30.29,29.86,29.86,2511635,0.0,0.0
2019-07-22 00:00:00+08:00,29.86,30.21,29.6,29.95,2771767,0.0,0.0
2019-07-23 00:00:00+08:00,29.95,30.08,29.78,29.9,2900445,0.0,0.0
2019-07-24 00:00:00+08:00,30.12,30.42,29.82,30.42,4000690,0.0,0.0
2019-07-25 00:00:00+08:00,30.46,30.64,29.95,29.99,3712938,0.0,0.0
2019-07-26 00:00:00+08:00,29.99,30.12,29.82,29.9,2562774,0.0,0.0
2019-07-29 00:00:00+08:00,29.82,30.03,29.69,29.69,2039114,0.0,0.0
2019-07-30 00:00:00+08:00,29.73,29.9,28.91,29.26,3306852,0.0,0.0
2019-07-31 00:00:00+08:00,29.3,29.65,29.26,29.6,1407750,0.0,0.0
2019-08-01 00:00:00+08:00,29.0,29.52,29.0,29.17,1658138,0.0,0.0
2019-08-02 00:00:00+08:00,28.74,28.83,28.14,28.23,4664639,0.0,0.0
2019-08-05 00:00:00+08:00,28.05,28.05,27.75,27.75,2338707,0.0,0.0
2019-08-06 00:00:00+08:00,26.85,27.97,26.68,27.54,3399853,0.0,0.0
2019-08-07 00:00:00+08:00,27.67,27.92,27.19,27.19,3836143,0.0,0.0
2019-08-08 00:00:00+08:00,27.15,27.62,27.15,27.54,3349003,0.0,0.0
2019-08-12 00:00:00+08:00,27.58,27.92,27.58,27.75,2945375,0.0,0.0
2019-08-13 00:00:00+08:00,26.85,27.88,26.85,27.84,3773282,0.0,0.0
2019-08-14 00:00:00+08:00,28.14,28.66,28.1,28.14,2917943,0.0,0.0
2019-08-15 00:00:00+08:00,27.8,28.66,27.71,27.97,5083271,0.0,0.0
2019-08-16 00:00:00+08:00,28.14,28.44,28.01,28.23,2603513,0.0,0.0
2019-08-19 00:00:00+08:00,28.83,29.3,28.79,29.13,5705142,0.0,0.0
2019-08-20 00:00:00+08:00,29.04,29.22,28.91,28.91,4106756,0.0,0.0
2019-08-21 00:00:00+08:00,28.83,29.34,28.83,29.26,5141906,0.0,0.0
2019-08-22 00:00:00+08:00,27.54,28.01,26.33,26.5,25844666,0.0,0.0
2019-08-23 00:00:00+08:00,26.38,26.59,25.82,26.07,17173548,0.0,0.0
2019-08-26 00:00:00+08:00,24.73,26.25,24.73,25.98,11841880,2.09,0.0
2019-08-27 00:00:00+08:00,26.34,26.58,25.88,25.88,6759522,0.0,0.0
2019-08-28 00:00:00+08:00,25.88,26.25,25.88,25.93,4444913,0.0,0.0
2019-08-29 00:00:00+08:00,26.07,26.11,25.65,25.79,4673213,0.0,0.0
2019-08-30 00:00:00+08:00,26.07,26.25,25.74,25.79,5437732,0.0,0.0
2019-09-02 00:00:00+08:00,26.07,26.21,25.93,26.11,2956863,0.0,0.0
2019-09-03 00:00:00+08:00,26.21,26.95,26.21,26.76,5713118,0.0,0.0
2019-09-04 00:00:00+08:00,26.71,27.13,26.67,27.13,3708883,0.0,0.0
2019-09-05 00:00:00+08:00,27.36,27.5,26.9,26.99,5872300,0.0,0.0
2019-09-06 00:00:00+08:00,27.04,27.32,26.9,27.18,3877312,0.0,0.0
2019-09-10 00:00:00+08:00,26.3,26.85,25.74,26.81,9001241,0.0,0.0
2019-09-11 00:00:00+08:00,26.62,26.81,26.53,26.58,3650266,0.0,0.0
2019-09-12 00:00:00+08:00,26.34,26.85,26.34,26.81,3144791,0.0,0.0
2019-09-16 00:00:00+08:00,26.62,26.81,26.53,26.71,1745433,0.0,0.0
2019-09-17 00:00:00+08:00,26.71,26.81,26.39,26.39,2028665,0.0,0.0
2019-09-18 00:00:00+08:00,26.44,26.67,26.25,26.34,2400700,0.0,0.0
2019-09-19 00:00:00+08:00,26.39,26.58,26.11,26.21,2810758,0.0,0.0
2019-09-20 00:00:00+08:00,26.3,26.39,26.11,26.16,3019360,0.0,0.0
2019-09-23 00:00:00+08:00,26.21,26.58,26.16,26.48,2296769,0.0,0.0
2019-09-24 00:00:00+08:00,26.58,26.81,26.58,26.81,2024799,0.0,0.0
2019-09-25 00:00:00+08:00,26.95,26.95,26.44,26.71,1630342,0.0,0.0
2019-09-26 00:00:00+08:00,26.85,26.9,26.53,26.71,1727994,0.0,0.0
2019-09-27 00:00:00+08:00,26.76,26.85,26.02,26.02,3503211,0.0,0.0
2019-10-01 00:00:00+08:00,26.11,26.3,25.84,25.93,2572181,0.0,0.0
2019-10-02 00:00:00+08:00,25.88,27.18,25.7,27.18,5734805,0.0,0.0
2019-10-03 00:00:00+08:00,27.22,28.19,26.81,27.82,18265682,0.0,0.0
2019-10-04 00:00:00+08:00,27.82,28.01,27.36,27.55,5583208,0.0,0.0
2019-10-07 00:00:00+08:00,27.82,28.56,27.73,28.56,9747352,0.0,0.0
2019-10-08 00:00:00+08:00,28.66,28.84,28.01,28.38,8537861,0.0,0.0
2019-10-09 00:00:00+08:00,28.15,28.38,27.82,28.38,5315584,0.0,0.0
2019-10-14 00:00:00+08:00,28.61,28.98,27.55,28.66,20967732,0.0,0.0
2019-10-15 00:00:00+08:00,29.21,29.49,28.56,28.56,19900553,0.0,0.0
2019-10-16 00:00:00+08:00,29.03,29.07,28.42,28.52,5413385,0.0,0.0
2019-10-17 00:00:00+08:00,28.66,29.03,28.42,28.98,3575437,0.0,0.0
2019-10-18 00:00:00+08:00,28.98,29.12,28.79,28.98,3817773,0.0,0.0
2019-10-21 00:00:00+08:00,29.16,29.63,28.84,29.63,7894789,0.0,0.0
2019-10-22 00:00:00+08:00,29.77,29.95,29.49,29.58,6798884,0.0,0.0
2019-10-23 00:00:00+08:00,29.67,29.77,29.12,29.12,4592748,0.0,0.0
2019-10-24 00:00:00+08:00,29.21,29.44,29.12,29.35,2183490,0.0,0.0
2019-10-25 00:00:00+08:00,29.53,29.63,29.07,29.16,2875751,0.0,0.0
2019-10-28 00:00:00+08:00,29.21,29.3,28.98,29.03,2274426,0.0,0.0
2019-10-29 00:00:00+08:00,29.12,29.16,28.01,28.19,7616132,0.0,0.0
2019-10-30 00:00:00+08:00,27.73,28.01,27.55,27.73,5885340,0.0,0.0
2019-10-31 00:00:00+08:00,27.82,27.96,27.64,27.69,3499403,0.0,0.0
2019-11-01 00:00:00+08:00,27.59,27.82,27.32,27.45,4496090,0.0,0.0
2019-11-04 00:00:00+08:00,27.73,29.72,27.69,29.63,16438000,0.0,0.0
2019-11-05 00:00:00+08:00,29.63,30.32,29.49,30.27,17368000,0.0,0.0
2019-11-06 00:00:00+08:00,30.23,30.23,29.26,29.72,8501000,0.0,0.0
2019-11-07 00:00:00+08:00,29.86,29.86,29.21,29.35,4142000,0.0,0.0
2019-11-08 00:00:00+08:00,30.13,30.64,29.86,30.37,21989860,0.0,0.0
2019-11-11 00:00:00+08:00,30.5,30.69,29.86,30.09,12468000,0.0,0.0
2019-11-12 00:00:00+08:00,30.41,30.41,29.86,30.09,6306000,0.0,0.0
2019-11-13 00:00:00+08:00,29.95,30.09,29.3,29.4,5545000,0.0,0.0
2019-11-14 00:00:00+08:00,29.58,29.72,29.26,29.44,2871000,0.0,0.0
2019-11-15 00:00:00+08:00,29.72,30.09,29.4,29.44,4956520,0.0,0.0
2019-11-18 00:00:00+08:00,29.58,29.67,29.26,29.63,2981000,0.0,0.0
2019-11-19 00:00:00+08:00,29.9,30.04,29.58,29.58,4247000,0.0,0.0
2019-11-20 00:00:00+08:00,29.58,29.72,29.12,29.12,3503000,0.0,0.0
2019-11-21 00:00:00+08:00,28.98,29.63,28.7,29.63,4248000,0.0,0.0
2019-11-22 00:00:00+08:00,30.41,31.01,29.72,30.09,28896862,0.0,0.0
2019-11-25 00:00:00+08:00,30.69,30.83,30.13,30.13,16127000,0.0,0.0
2019-11-26 00:00:00+08:00,30.5,30.69,30.0,30.13,8579000,0.0,0.0
2019-11-27 00:00:00+08:00,30.37,30.69,30.09,30.64,8506000,0.0,0.0
2019-11-28 00:00:00+08:00,30.64,30.74,30.09,30.23,8318000,0.0,0.0
2019-11-29 00:00:00+08:00,30.23,30.32,29.72,29.86,5405907,0.0,0.0
2019-12-02 00:00:00+08:00,30.04,30.23,28.93,28.93,8875000,0.0,0.0
2019-12-03 00:00:00+08:00,28.89,29.53,28.75,29.26,4043000,0.0,0.0
2019-12-04 00:00:00+08:00,29.12,29.49,29.12,29.49,3303000,0.0,0.0
2019-12-05 00:00:00+08:00,29.77,29.86,29.3,29.49,6601000,0.0,0.0
2019-12-06 00:00:00+08:00,29.49,29.58,29.26,29.35,3177176,0.0,0.0
2019-12-09 00:00:00+08:00,29.4,29.49,28.93,28.98,6089000,0.0,0.0
2019-12-10 00:00:00+08:00,29.07,29.49,28.98,29.07,6844000,0.0,0.0
2019-12-11 00:00:00+08:00,28.84,28.84,28.33,28.47,10518000,0.0,0.0
2019-12-12 00:00:00+08:00,28.56,28.61,27.92,27.92,10060000,0.0,0.0
2019-12-13 00:00:00+08:00,28.29,28.47,27.92,27.92,9022977,0.0,0.0
2019-12-16 00:00:00+08:00,28.1,28.66,28.1,28.66,6009000,0.0,0.0
2019-12-17 00:00:00+08:00,28.75,28.79,28.42,28.61,4746000,0.0,0.0
2019-12-18 00:00:00+08:00,28.66,29.07,28.42,28.75,5493000,0.0,0.0
2019-12-19 00:00:00+08:00,28.75,28.89,28.47,28.84,3740000,0.0,0.0
2019-12-20 00:00:00+08:00,28.93,29.07,28.7,28.7,3534622,0.0,0.0
2019-12-23 00:00:00+08:00,28.93,28.93,28.42,28.42,2870000,0.0,0.0
2019-12-24 00:00:00+08:00,28.47,28.61,28.38,28.42,1871000,0.0,0.0
2019-12-25 00:00:00+08:00,28.42,28.61,28.42,28.42,1731000,0.0,0.0
2019-12-26 00:00:00+08:00,28.42,28.75,28.42,28.56,2304000,0.0,0.0
2019-12-27 00:00:00+08:00,28.7,29.07,28.61,28.79,5881227,0.0,0.0
2019-12-30 00:00:00+08:00,28.75,29.03,28.66,28.7,3331000,0.0,0.0
2019-12-31 00:00:00+08:00,28.7,28.89,28.66,28.89,2383682,0.0,0.0
2020-01-02 00:00:00+08:00,29.07,29.72,28.98,29.49,6934000,0.0,0.0
2020-01-03 00:00:00+08:00,29.72,29.77,29.03,29.3,6106773,0.0,0.0
2020-01-06 00:00:00+08:00,29.21,29.53,29.12,29.26,4698000,0.0,0.0
2020-01-07 00:00:00+08:00,29.4,29.4,28.66,28.75,3480000,0.0,0.0
2020-01-08 00:00:00+08:00,28.33,28.38,28.01,28.24,4672000,0.0,0.0
2020-01-09 00:00:00+08:00,28.47,28.52,28.24,28.29,2511000,0.0,0.0
2020-01-10 00:00:00+08:00,28.29,28.38,28.01,28.19,2559000,0.0,0.0
2020-01-13 00:00:00+08:00,28.38,28.56,28.19,28.42,1731000,0.0,0.0
2020-01-14 00:00:00+08:00,28.66,29.26,28.47,29.03,4945000,0.0,0.0
2020-01-15 00:00:00+08:00,29.03,29.26,28.79,28.84,2954000,0.0,0.0
2020-01-16 00:00:00+08:00,29.03,29.35,28.89,29.21,3407000,0.0,0.0
2020-01-17 00:00:00+08:00,29.44,29.44,29.03,29.03,2134229,0.0,0.0
2020-01-20 00:00:00+08:00,29.16,29.26,29.03,29.12,2639943,0.0,0.0
2020-01-30 00:00:00+08:00,26.44,27.69,26.44,26.81,9439000,0.0,0.0
2020-01-31 00:00:00+08:00,27.27,27.73,26.99,27.5,5473292,0.0,0.0
2020-02-03 00:00:00+08:00,26.81,27.13,26.07,27.13,5597000,0.0,0.0
2020-02-04 00:00:00+08:00,27.36,27.41,27.13,27.32,2868000,0.0,0.0
2020-02-05 00:00:00+08:00,27.41,27.5,27.04,27.13,2578000,0.0,0.0
2020-02-06 00:00:00+08:00,27.32,27.5,27.27,27.41,2653000,0.0,0.0
2020-02-07 00:00:00+08:00,27.36,27.41,27.08,27.08,1997721,0.0,0.0
2020-02-10 00:00:00+08:00,26.71,27.18,26.34,26.95,3155288,0.0,0.0
2020-02-11 00:00:00+08:00,27.18,27.22,26.9,26.95,2848000,0.0,0.0
2020-02-12 00:00:00+08:00,27.08,27.69,27.08,27.55,4168000,0.0,0.0
2020-02-13 00:00:00+08:00,27.73,28.29,27.64,27.87,4481000,0.0,0.0
2020-02-14 00:00:00+08:00,28.06,28.24,27.96,28.01,2707163,0.0,0.0
2020-02-17 00:00:00+08:00,27.92,28.15,27.78,28.06,2024000,0.0,0.0
2020-02-18 00:00:00+08:00,28.15,28.7,28.15,28.52,4522000,0.0,0.0
2020-02-19 00:00:00+08:00,28.61,28.89,28.52,28.7,3872000,0.0,0.0
2020-02-20 00:00:00+08:00,28.84,29.03,28.7,28.7,3303000,0.0,0.0
2020-02-21 00:00:00+08:00,28.75,28.93,28.7,28.84,2783730,0.0,0.0
2020-02-24 00:00:00+08:00,28.61,28.66,28.24,28.33,2434000,0.0,0.0
2020-02-25 00:00:00+08:00,27.92,28.75,27.87,28.75,3798000,0.0,0.0
2020-02-26 00:00:00+08:00,28.52,28.84,28.42,28.7,2931000,0.0,0.0
2020-02-27 00:00:00+08:00,28.93,29.44,28.29,28.56,7596000,0.0,0.0
2020-03-02 00:00:00+08:00,28.06,28.66,28.06,28.29,3478000,0.0,0.0
2020-03-03 00:00:00+08:00,28.75,28.79,28.19,28.24,3797000,0.0,0.0
2020-03-04 00:00:00+08:00,28.29,28.29,27.82,28.01,1996000,0.0,0.0
2020-03-05 00:00:00+08:00,28.29,28.52,28.29,28.29,2828000,0.0,0.0
2020-03-06 00:00:00+08:00,28.33,28.33,27.96,28.01,2140000,0.0,0.0
2020-03-09 00:00:00+08:00,27.5,27.55,26.81,26.81,6400000,0.0,0.0
2020-03-10 00:00:00+08:00,26.25,26.34,25.74,26.25,9850000,0.0,0.0
2020-03-11 00:00:00+08:00,26.07,26.34,25.98,26.11,4525000,0.0,0.0
2020-03-12 00:00:00+08:00,25.7,25.74,24.03,24.17,7190000,0.0,0.0
2020-03-13 00:00:00+08:00,24.17,24.17,24.17,24.17,0,0.0,0.0
2020-03-16 00:00:00+08:00,23.29,23.39,21.26,21.91,7563000,0.0,0.0
2020-03-17 00:00:00+08:00,20.34,21.45,20.15,20.34,8761000,0.0,0.0
2020-03-18 00:00:00+08:00,20.34,20.34,20.34,20.34,0,0.0,0.0
2020-03-19 00:00:00+08:00,21.26,21.35,19.04,19.41,12952000,0.0,0.0
2020-03-20 00:00:00+08:00,20.38,21.31,20.38,20.89,9735000,0.0,0.0
2020-03-23 00:00:00+08:00,20.06,20.2,19.69,19.97,4611000,0.0,0.0
2020-03-24 00:00:00+08:00,21.45,21.95,21.45,21.95,11846000,0.0,0.0
2020-03-25 00:00:00+08:00,22.65,23.57,22.46,22.46,18344000,0.0,0.0
2020-03-26 00:00:00+08:00,22.51,22.65,21.91,22.23,8854000,0.0,0.0
2020-03-27 00:00:00+08:00,22.92,22.97,22.55,22.74,10398000,0.0,0.0
2020-03-30 00:00:00+08:00,22.42,23.39,22.23,23.2,7715000,0.0,0.0
2020-03-31 00:00:00+08:00,23.53,23.53,22.79,22.83,6588000,0.0,0.0
2020-04-01 00:00:00+08:00,22.97,23.11,22.69,23.06,3258000,0.0,0.0
2020-04-06 00:00:00+08:00,23.39,23.43,22.92,23.29,4332000,0.0,0.0
2020-04-07 00:00:00+08:00,23.85,23.99,23.62,23.94,6183000,0.0,0.0
2020-04-08 00:00:00+08:00,24.03,24.91,23.9,24.77,8509000,0.0,0.0
2020-04-09 00:00:00+08:00,25.37,26.25,25.33,25.51,13674000,0.0,0.0
2020-04-10 00:00:00+08:00,25.7,25.98,25.51,25.7,5309000,0.0,0.0
2020-04-13 00:00:00+08:00,25.7,25.79,25.42,25.42,3871000,0.0,0.0
2020-04-14 00:00:00+08:00,25.7,25.84,25.61,25.79,3552000,0.0,0.0
2020-04-15 00:00:00+08:00,26.07,26.25,25.88,26.02,4643000,0.0,0.0
2020-04-16 00:00:00+08:00,25.93,27.18,25.79,26.9,10567000,0.0,0.0
2020-04-17 00:00:00+08:00,27.64,27.92,26.58,26.58,8382000,0.0,0.0
2020-04-20 00:00:00+08:00,26.81,26.9,26.53,26.67,2653000,0.0,0.0
2020-04-21 00:00:00+08:00,26.67,26.71,25.65,25.7,6102000,0.0,0.0
2020-04-22 00:00:00+08:00,25.47,25.98,25.05,25.98,5797000,0.0,0.0
2020-04-23 00:00:00+08:00,26.25,26.34,25.98,26.21,582000,0.0,0.0
2020-04-24 00:00:00+08:00,26.07,26.99,26.02,26.76,5161000,0.0,0.0
2020-04-27 00:00:00+08:00,27.41,28.66,27.32,28.47,15756000,0.0,0.0
2020-04-28 00:00:00+08:00,28.66,28.98,28.47,28.61,12741000,0.0,0.0
2020-04-29 00:00:00+08:00,28.84,28.98,28.19,28.42,7327000,0.0,0.0
2020-04-30 00:00:00+08:00,28.66,28.84,28.38,28.66,6658000,0.0,0.0
2020-05-04 00:00:00+08:00,28.06,28.42,27.78,28.24,4081000,0.0,0.0
2020-05-05 00:00:00+08:00,28.66,28.84,28.29,28.29,7980000,0.0,0.0
2020-05-06 00:00:00+08:00,28.47,29.21,28.42,28.89,9284000,0.0,0.0
2020-05-07 00:00:00+08:00,29.21,29.58,28.98,29.53,9101000,0.0,0.0
2020-05-08 00:00:00+08:00,30.78,31.66,30.18,30.5,34744000,0.0,0.0
2020-05-11 00:00:00+08:00,31.24,32.82,30.83,32.26,27373000,0.0,0.0
2020-05-12 00:00:00+08:00,32.35,34.11,32.17,33.14,29711000,0.0,0.0
2020-05-13 00:00:00+08:00,33.28,34.62,33.05,34.62,27260000,0.0,0.0
2020-05-14 00:00:00+08:00,34.62,34.8,33.46,33.74,23341000,0.0,0.0
2020-05-15 00:00:00+08:00,34.29,34.57,32.03,33.09,22196000,0.0,0.0
2020-05-18 00:00:00+08:00,33.19,33.6,32.49,33.37,11282000,0.0,0.0
2020-05-19 00:00:00+08:00,34.57,34.62,33.56,33.56,16297000,0.0,0.0
2020-05-20 00:00:00+08:00,33.65,36.33,33.37,36.1,39391000,0.0,0.0
2020-05-21 00:00:00+08:00,35.87,36.88,35.17,35.91,30843000,0.0,0.0
2020-05-22 00:00:00+08:00,36.56,37.58,35.96,36.79,50969000,0.0,0.0
2020-05-25 00:00:00+08:00,37.53,39.75,37.11,39.1,47997000,0.0,0.0
2020-05-26 00:00:00+08:00,39.56,39.7,38.41,38.55,24189000,0.0,0.0
2020-05-27 00:00:00+08:00,38.87,39.42,38.27,38.45,18585000,0.0,0.0
2020-05-28 00:00:00+08:00,38.45,39.1,37.44,37.48,23868000,0.0,0.0
2020-05-29 00:00:00+08:00,37.9,38.22,37.53,37.53,13316000,0.0,0.0
2020-06-01 00:00:00+08:00,37.99,39.19,37.58,38.69,20140000,0.0,0.0
2020-06-02 00:00:00+08:00,38.64,38.69,37.81,37.9,14694000,0.0,0.0
2020-06-03 00:00:00+08:00,38.36,39.01,37.81,37.99,16113000,0.0,0.0
2020-06-04 00:00:00+08:00,38.18,38.27,37.11,37.3,15292000,0.0,0.0
2020-06-05 00:00:00+08:00,37.39,37.81,37.16,37.71,9361000,0.0,0.0
2020-06-08 00:00:00+08:00,38.13,38.18,36.65,37.48,16287000,0.0,0.0
2020-06-09 00:00:00+08:00,36.47,36.61,34.02,34.53,47873000,0.0,0.0
2020-06-10 00:00:00+08:00,34.02,35.54,33.69,35.17,23367000,0.0,0.0
2020-06-11 00:00:00+08:00,35.03,35.96,34.85,35.31,14587000,0.0,0.0
2020-06-12 00:00:00+08:00,34.48,35.54,34.48,35.08,13861000,0.0,0.0
2020-06-15 00:00:00+08:00,35.22,35.45,34.66,34.85,6888000,0.0,0.0
2020-06-16 00:00:00+08:00,35.31,35.91,34.94,35.82,13407000,0.0,0.0
2020-06-17 00:00:00+08:00,35.73,35.87,35.13,35.5,13603000,0.0,0.0
2020-06-18 00:00:00+08:00,36.1,37.53,35.77,37.53,30372000,0.0,0.0
2020-06-19 00:00:00+08:00,38.22,38.32,37.3,37.44,29314000,0.0,0.0
2020-06-22 00:00:00+08:00,37.21,38.08,37.21,37.48,10757000,0.0,0.0
2020-06-23 00:00:00+08:00,38.04,38.13,37.44,37.58,9408000,0.0,0.0
2020-06-24 00:00:00+08:00,37.85,37.9,37.25,37.44,6203000,0.0,0.0
2020-06-29 00:00:00+08:00,37.44,38.13,37.16,37.58,10198000,0.0,0.0
2020-06-30 00:00:00+08:00,37.95,38.04,37.48,37.53,5755000,0.0,0.0
2020-07-01 00:00:00+08:00,37.81,39.1,37.76,38.78,21427000,0.0,0.0
2020-07-02 00:00:00+08:00,39.01,40.77,38.27,40.63,23607000,0.0,0.0
2020-07-03 00:00:00+08:00,40.4,40.58,39.56,39.75,14998000,0.0,0.0
2020-07-06 00:00:00+08:00,40.07,41.83,40.03,40.67,19202000,0.0,0.0
2020-07-07 00:00:00+08:00,41.37,41.64,39.33,40.21,13682000,0.0,0.0
2020-07-08 00:00:00+08:00,40.49,40.63,39.89,40.53,8440000,0.0,0.0
2020-07-09 00:00:00+08:00,38.82,39.19,37.44,38.78,20382000,0.0,0.0
2020-07-10 00:00:00+08:00,39.1,40.03,38.45,39.29,16050000,0.0,0.0
2020-07-13 00:00:00+08:00,40.53,41.14,39.89,41.14,14281000,0.0,0.0
2020-07-14 00:00:00+08:00,40.4,40.63,39.29,39.29,15625000,0.0,0.0
2020-07-15 00:00:00+08:00,39.79,39.84,38.73,39.29,10987000,0.0,0.0
2020-07-16 00:00:00+08:00,39.75,40.21,39.42,39.98,15285000,0.0,0.0
2020-07-17 00:00:00+08:00,40.17,40.37,38.09,38.62,18220000,2.0,0.0
2020-07-20 00:00:00+08:00,38.91,38.91,37.6,38.43,5970000,0.0,0.0
2020-07-21 00:00:00+08:00,39.01,40.46,38.86,40.22,11665000,0.0,0.0
2020-07-22 00:00:00+08:00,40.22,41.53,39.83,41.48,12428000,0.0,0.0
2020-07-23 00:00:00+08:00,41.24,41.34,40.42,40.71,6935000,0.0,0.0
2020-07-24 00:00:00+08:00,40.46,41.38,39.88,40.03,7471000,0.0,0.0
2020-07-27 00:00:00+08:00,40.22,40.51,39.3,39.3,5071000,0.0,0.0
2020-07-28 00:00:00+08:00,39.74,39.79,37.94,38.23,10626000,0.0,0.0
2020-07-29 00:00:00+08:00,38.38,39.64,38.33,39.64,5679000,0.0,0.0
2020-07-30 00:00:00+08:00,39.69,40.46,39.69,40.12,4447000,0.0,0.0
2020-07-31 00:00:00+08:00,39.93,40.03,39.3,39.59,3134000,0.0,0.0
2020-08-03 00:00:00+08:00,39.74,39.98,39.45,39.93,3544000,0.0,0.0
2020-08-04 00:00:00+08:00,40.51,41.19,39.59,40.22,9182000,0.0,0.0
2020-08-05 00:00:00+08:00,40.37,40.61,40.03,40.12,3813000,0.0,0.0
2020-08-06 00:00:00+08:00,40.17,41.0,39.64,39.83,6613000,0.0,0.0
2020-08-07 00:00:00+08:00,39.88,39.88,38.86,38.96,5258000,0.0,0.0
2020-08-10 00:00:00+08:00,39.79,41.14,39.35,39.35,13324000,0.0,0.0
2020-08-11 00:00:00+08:00,39.88,40.08,39.16,40.03,9222000,0.0,0.0
2020-08-12 00:00:00+08:00,39.93,40.17,39.4,39.64,8260000,0.0,0.0
2020-08-13 00:00:00+08:00,40.22,43.52,39.93,42.64,38607000,0.0,0.0
2020-08-14 00:00:00+08:00,42.84,43.03,41.38,42.21,17311000,0.0,0.0
2020-08-17 00:00:00+08:00,42.64,43.23,41.77,42.16,11012000,0.0,0.0
2020-08-18 00:00:00+08:00,42.4,42.4,39.74,39.93,19202000,0.0,0.0
2020-08-19 00:00:00+08:00,40.22,40.42,38.77,38.86,16076000,0.0,0.0
2020-08-20 00:00:00+08:00,38.77,38.77,35.52,37.31,19162000,0.0,0.0
2020-08-21 00:00:00+08:00,37.7,38.19,36.83,37.31,11036000,0.0,0.0
2020-08-24 00:00:00+08:00,37.36,37.8,36.93,37.75,7504000,0.0,0.0
2020-08-25 00:00:00+08:00,37.75,38.96,37.7,38.86,8231000,0.0,0.0
2020-08-26 00:00:00+08:00,38.48,39.01,38.38,38.57,4847000,0.0,0.0
2020-08-27 00:00:00+08:00,38.77,39.01,38.53,38.82,4548000,0.0,0.0
2020-08-28 00:00:00+08:00,40.03,41.0,39.64,40.12,25921000,0.0,0.0
2020-08-31 00:00:00+08:00,40.56,40.9,39.69,39.93,10124000,0.0,0.0
2020-09-01 00:00:00+08:00,40.17,40.22,39.06,39.35,9312000,0.0,0.0
2020-09-02 00:00:00+08:00,39.74,40.61,39.59,39.88,11863000,0.0,0.0
2020-09-03 00:00:00+08:00,40.42,40.56,39.74,39.74,8284000,0.0,0.0
2020-09-04 00:00:00+08:00,38.91,39.49,38.77,39.4,4637000,0.0,0.0
2020-09-07 00:00:00+08:00,39.64,39.83,38.82,38.86,4372000,0.0,0.0
2020-09-08 00:00:00+08:00,39.06,39.16,38.62,38.77,3756000,0.0,0.0
2020-09-09 00:00:00+08:00,39.59,40.32,39.01,39.88,13457000,0.0,0.0
2020-09-10 00:00:00+08:00,40.85,41.58,39.4,39.54,20079000,0.0,0.0
2020-09-11 00:00:00+08:00,39.54,39.88,39.16,39.83,5955000,0.0,0.0
2020-09-14 00:00:00+08:00,40.51,40.8,40.03,40.42,8311000,0.0,0.0
2020-09-15 00:00:00+08:00,40.75,41.19,40.37,40.37,8050000,0.0,0.0
2020-09-16 00:00:00+08:00,40.61,40.61,40.03,40.03,5397000,0.0,0.0
2020-09-17 00:00:00+08:00,39.98,40.51,39.45,39.59,6208000,0.0,0.0
2020-09-18 00:00:00+08:00,39.74,39.79,39.2,39.45,6409000,0.0,0.0
2020-09-21 00:00:00+08:00,39.3,39.45,38.91,38.96,4245000,0.0,0.0
2020-09-22 00:00:00+08:00,38.77,39.16,37.99,38.82,4877000,0.0,0.0
2020-09-23 00:00:00+08:00,39.06,39.25,38.28,38.33,4522000,0.0,0.0
2020-09-24 00:00:00+08:00,37.85,38.04,37.31,37.36,6300000,0.0,0.0
2020-09-25 00:00:00+08:00,37.65,37.7,35.86,36.44,9103000,0.0,0.0
2020-09-28 00:00:00+08:00,36.83,36.98,36.44,36.73,3771000,0.0,0.0
2020-09-29 00:00:00+08:00,36.78,36.93,36.54,36.59,2963000,0.0,0.0
2020-09-30 00:00:00+08:00,36.59,36.98,36.05,36.93,2827000,0.0,0.0
2020-10-05 00:00:00+08:00,36.88,37.36,36.64,37.36,2424000,0.0,0.0
2020-10-06 00:00:00+08:00,37.75,38.14,37.46,37.85,4176000,0.0,0.0
2020-10-07 00:00:00+08:00,37.8,37.8,37.36,37.51,2450000,0.0,0.0
2020-10-08 00:00:00+08:00,37.9,37.9,36.93,37.17,3265000,0.0,0.0
2020-10-12 00:00:00+08:00,37.51,37.51,36.3,36.35,5351000,0.0,0.0
2020-10-13 00:00:00+08:00,36.25,37.02,35.47,36.93,9936000,0.0,0.0
2020-10-14 00:00:00+08:00,37.7,38.67,37.31,38.43,9869000,0.0,0.0
2020-10-15 00:00:00+08:00,38.14,38.57,37.85,38.28,5454000,0.0,0.0
2020-10-16 00:00:00+08:00,38.09,38.43,37.41,37.41,3453000,0.0,0.0
2020-10-19 00:00:00+08:00,37.51,37.9,37.27,37.65,2772000,0.0,0.0
2020-10-20 00:00:00+08:00,37.6,37.65,37.17,37.31,1731000,0.0,0.0
2020-10-21 00:00:00+08:00,37.41,37.85,37.22,37.27,1767000,0.0,0.0
2020-10-22 00:00:00+08:00,37.31,37.9,37.02,37.9,2464000,0.0,0.0
2020-10-23 00:00:00+08:00,37.9,37.99,37.41,37.65,1791000,0.0,0.0
2020-10-26 00:00:00+08:00,37.75,38.38,37.7,37.9,4191000,0.0,0.0
2020-10-27 00:00:00+08:00,37.7,38.23,37.56,37.94,3387000,0.0,0.0
2020-10-28 00:00:00+08:00,38.23,38.33,37.99,37.99,4051000,0.0,0.0
2020-10-29 00:00:00+08:00,37.27,37.9,37.12,37.85,4328000,0.0,0.0
2020-10-30 00:00:00+08:00,37.8,37.85,36.93,37.07,3797000,0.0,0.0
2020-11-02 00:00:00+08:00,36.98,37.51,36.59,37.41,3043000,0.0,0.0
2020-11-03 00:00:00+08:00,37.41,37.9,37.31,37.8,2579000,0.0,0.0
2020-11-04 00:00:00+08:00,37.9,38.23,37.56,38.23,2352000,0.0,0.0
2020-11-05 00:00:00+08:00,38.43,39.25,38.09,38.09,13596000,0.0,0.0
2020-11-06 00:00:00+08:00,38.28,38.86,38.09,38.09,6187000,0.0,0.0
2020-11-09 00:00:00+08:00,38.67,38.91,38.48,38.57,4828000,0.0,0.0
2020-11-10 00:00:00+08:00,38.62,38.67,37.99,38.19,2349000,0.0,0.0
2020-11-11 00:00:00+08:00,38.28,38.77,38.28,38.62,2283000,0.0,0.0
2020-11-12 00:00:00+08:00,38.72,38.91,38.09,38.14,2385000,0.0,0.0
2020-11-13 00:00:00+08:00,38.19,38.28,38.04,38.14,1407000,0.0,0.0
2020-11-16 00:00:00+08:00,38.38,38.38,37.9,38.14,1605000,0.0,0.0
2020-11-17 00:00:00+08:00,38.28,38.28,37.7,37.7,3131000,0.0,0.0
2020-11-18 00:00:00+08:00,37.8,38.82,37.8,38.72,6256000,0.0,0.0
2020-11-19 00:00:00+08:00,38.72,39.74,38.33,39.45,11803000,0.0,0.0
2020-11-20 00:00:00+08:00,39.54,40.8,39.35,40.61,25733000,0.0,0.0
2020-11-23 00:00:00+08:00,41.68,42.06,41.0,41.48,14956000,0.0,0.0
2020-11-24 00:00:00+08:00,41.87,41.87,40.71,40.8,11750000,0.0,0.0
2020-11-25 00:00:00+08:00,40.85,41.14,39.93,40.61,8249000,0.0,0.0
2020-11-26 00:00:00+08:00,40.85,41.24,40.51,40.66,5574000,0.0,0.0
2020-11-27 00:00:00+08:00,40.66,40.75,40.27,40.46,2685000,0.0,0.0
2020-11-30 00:00:00+08:00,40.75,40.75,39.74,39.74,4792000,0.0,0.0
2020-12-01 00:00:00+08:00,40.22,41.19,40.12,41.19,8551000,0.0,0.0
2020-12-02 00:00:00+08:00,41.19,42.01,41.0,41.24,7881000,0.0,0.0
2020-12-03 00:00:00+08:00,41.43,42.01,41.24,41.43,9997000,0.0,0.0
2020-12-04 00:00:00+08:00,41.77,42.45,41.24,41.72,12619000,0.0,0.0
2020-12-07 00:00:00+08:00,41.92,42.06,41.38,41.58,6722000,0.0,0.0
2020-12-08 00:00:00+08:00,41.72,41.87,41.48,41.53,4108000,0.0,0.0
2020-12-09 00:00:00+08:00,41.58,41.58,40.56,40.9,9970000,0.0,0.0
2020-12-10 00:00:00+08:00,40.71,42.26,40.71,42.11,16316000,0.0,0.0
2020-12-11 00:00:00+08:00,43.42,45.26,42.21,44.0,38997000,0.0,0.0
2020-12-14 00:00:00+08:00,44.05,44.73,42.69,44.58,13861000,0.0,0.0
2020-12-15 00:00:00+08:00,44.58,44.97,42.11,42.45,18345000,0.0,0.0
2020-12-16 00:00:00+08:00,43.81,45.94,43.42,45.46,31183000,0.0,0.0
2020-12-17 00:00:00+08:00,45.07,45.46,44.1,44.87,13407000,0.0,0.0
2020-12-18 00:00:00+08:00,45.07,47.35,44.58,44.68,35291000,0.0,0.0
2020-12-21 00:00:00+08:00,45.02,46.76,43.9,46.72,17267000,0.0,0.0
2020-12-22 00:00:00+08:00,46.52,47.35,43.71,44.1,19690000,0.0,0.0
2020-12-23 00:00:00+08:00,45.07,45.89,44.2,44.44,14594000,0.0,0.0
2020-12-24 00:00:00+08:00,44.53,45.16,43.9,44.05,6692000,0.0,0.0
2020-12-25 00:00:00+08:00,44.1,44.53,43.47,43.9,5838000,0.0,0.0
2020-12-28 00:00:00+08:00,44.2,45.46,44.05,45.21,7750000,0.0,0.0
2020-12-29 00:00:00+08:00,44.87,45.6,44.1,44.24,6737000,0.0,0.0
2020-12-30 00:00:00+08:00,44.24,45.41,44.1,44.53,8651000,0.0,0.0
2020-12-31 00:00:00+08:00,45.12,45.12,44.15,44.39,7166000,0.0,0.0
2021-01-04 00:00:00+08:00,44.68,47.93,44.53,47.01,27145000,0.0,0.0
2021-01-05 00:00:00+08:00,47.49,49.04,46.72,47.49,26868000,0.0,0.0
2021-01-06 00:00:00+08:00,48.12,48.31,45.6,45.6,14312000,0.0,0.0
2021-01-07 00:00:00+08:00,47.25,47.44,46.18,46.67,10248000,0.0,0.0
2021-01-08 00:00:00+08:00,47.15,47.3,45.7,45.99,10640000,0.0,0.0
2021-01-11 00:00:00+08:00,45.84,46.38,45.7,46.33,4428000,0.0,0.0
2021-01-12 00:00:00+08:00,45.75,46.33,44.44,44.87,9971000,0.0,0.0
2021-01-13 00:00:00+08:00,44.87,45.21,44.29,44.63,8418000,0.0,0.0
2021-01-14 00:00:00+08:00,44.87,45.07,43.81,43.86,10444000,0.0,0.0
2021-01-15 00:00:00+08:00,44.15,44.53,42.45,42.94,12552000,0.0,0.0
2021-01-18 00:00:00+08:00,42.98,43.42,41.87,43.42,7563000,0.0,0.0
2021-01-19 00:00:00+08:00,43.42,43.76,42.69,43.18,7302000,0.0,0.0
2021-01-20 00:00:00+08:00,43.23,43.37,42.01,42.01,7319000,0.0,0.0
2021-01-21 00:00:00+08:00,42.45,44.1,42.45,43.95,10442000,0.0,0.0
2021-01-22 00:00:00+08:00,44.58,46.62,44.29,46.62,21271000,0.0,0.0
2021-01-25 00:00:00+08:00,46.04,47.64,45.7,47.1,20377000,0.0,0.0
2021-01-26 00:00:00+08:00,47.1,48.46,46.67,47.73,19421000,0.0,0.0
2021-01-27 00:00:00+08:00,47.78,49.14,47.49,48.02,17625000,0.0,0.0
2021-01-28 00:00:00+08:00,47.25,48.22,45.75,45.75,13431000,0.0,0.0
2021-01-29 00:00:00+08:00,47.1,48.36,46.52,47.59,20353000,0.0,0.0
2021-02-01 00:00:00+08:00,47.78,49.24,46.86,48.94,29986000,0.0,0.0
2021-02-02 00:00:00+08:00,48.75,49.04,47.83,48.07,14919000,0.0,0.0
2021-02-03 00:00:00+08:00,48.17,48.46,47.25,48.36,10972000,0.0,0.0
2021-02-04 00:00:00+08:00,48.36,48.36,46.62,47.01,9774000,0.0,0.0
2021-02-05 00:00:00+08:00,47.01,47.25,46.23,46.57,7345000,0.0,0.0
2021-02-17 00:00:00+08:00,47.98,48.65,47.35,47.83,11902000,0.0,0.0
2021-02-18 00:00:00+08:00,47.98,51.17,47.83,50.98,24588000,0.0,0.0
2021-02-19 00:00:00+08:00,49.82,51.95,49.24,50.98,17259000,0.0,0.0
2021-02-22 00:00:00+08:00,51.56,52.92,51.27,51.37,13990000,0.0,0.0
2021-02-23 00:00:00+08:00,50.98,51.08,49.72,49.82,8042000,0.0,0.0
2021-02-24 00:00:00+08:00,49.43,50.11,48.17,48.17,15025000,0.0,0.0
2021-02-25 00:00:00+08:00,49.14,49.82,48.56,49.53,8784000,0.0,0.0
2021-02-26 00:00:00+08:00,48.94,49.04,48.27,48.94,6824000,0.0,0.0
2021-03-02 00:00:00+08:00,50.11,50.98,49.14,49.24,10570000,0.0,0.0
2021-03-03 00:00:00+08:00,49.53,49.53,48.36,49.33,6083000,0.0,0.0
2021-03-04 00:00:00+08:00,49.62,50.01,48.46,48.65,7569000,0.0,0.0
2021-03-05 00:00:00+08:00,48.46,48.94,47.25,47.49,8254000,0.0,0.0
2021-03-08 00:00:00+08:00,48.27,48.75,46.72,47.68,8054000,0.0,0.0
2021-03-09 00:00:00+08:00,49.04,49.04,47.2,47.88,6120000,0.0,0.0
2021-03-10 00:00:00+08:00,48.46,48.56,47.39,47.68,3413000,0.0,0.0
2021-03-11 00:00:00+08:00,48.17,49.62,47.78,49.53,7503000,0.0,0.0
2021-03-12 00:00:00+08:00,49.43,49.43,47.83,48.85,10951000,0.0,0.0
2021-03-15 00:00:00+08:00,48.94,50.59,48.31,50.5,11932000,0.0,0.0
2021-03-16 00:00:00+08:00,50.88,52.24,50.11,51.85,19116000,0.0,0.0
2021-03-17 00:00:00+08:00,51.85,52.72,50.4,50.98,14780000,0.0,0.0
2021-03-18 00:00:00+08:00,52.14,52.63,51.46,52.24,16381000,0.0,0.0
2021-03-19 00:00:00+08:00,52.14,53.21,51.27,53.11,22576000,0.0,0.0
2021-03-22 00:00:00+08:00,53.21,53.5,52.43,53.02,11670000,0.0,0.0
2021-03-23 00:00:00+08:00,53.31,53.5,51.66,51.76,11870000,0.0,0.0
2021-03-24 00:00:00+08:00,52.14,53.11,51.76,52.63,7842000,0.0,0.0
2021-03-25 00:00:00+08:00,52.63,52.72,51.46,51.66,6592000,0.0,0.0
2021-03-26 00:00:00+08:00,52.05,53.11,51.76,52.82,7805000,0.0,0.0
2021-03-29 00:00:00+08:00,53.31,53.6,52.14,52.53,11225000,0.0,0.0
2021-03-30 00:00:00+08:00,52.53,53.11,52.14,52.53,5708000,0.0,0.0
2021-03-31 00:00:00+08:00,52.82,53.5,52.63,53.4,10070000,0.0,0.0
2021-04-01 00:00:00+08:00,53.69,53.89,52.92,53.31,7805000,0.0,0.0
2021-04-07 00:00:00+08:00,53.6,55.24,53.11,54.95,13025000,0.0,0.0
2021-04-08 00:00:00+08:00,54.76,55.73,54.18,55.24,11155000,0.0,0.0
2021-04-09 00:00:00+08:00,55.05,55.24,53.21,53.6,14997000,0.0,0.0
2021-04-12 00:00:00+08:00,53.79,54.18,52.63,52.92,7913000,0.0,0.0
2021-04-13 00:00:00+08:00,52.92,53.69,52.14,52.34,5560000,0.0,0.0
2021-04-14 00:00:00+08:00,52.43,52.82,49.82,51.27,12792000,0.0,0.0
2021-04-15 00:00:00+08:00,51.76,54.76,51.56,54.28,14272000,0.0,0.0
2021-04-16 00:00:00+08:00,54.76,54.95,53.4,53.5,9763000,0.0,0.0
2021-04-19 00:00:00+08:00,53.5,54.18,53.5,53.89,4229000,0.0,0.0
2021-04-20 00:00:00+08:00,53.89,55.83,53.89,55.63,11859000,0.0,0.0
2021-04-21 00:00:00+08:00,55.54,56.99,54.95,55.54,12163000,0.0,0.0
2021-04-22 00:00:00+08:00,56.41,56.99,54.08,54.18,9518000,0.0,0.0
2021-04-23 00:00:00+08:00,54.86,59.51,54.86,59.51,20388000,0.0,0.0
2021-04-26 00:00:00+08:00,61.16,62.51,59.22,60.87,30902000,0.0,0.0
2021-04-27 00:00:00+08:00,61.06,61.64,60.09,60.38,10348000,0.0,0.0
2021-04-28 00:00:00+08:00,60.96,65.42,60.87,63.68,18317000,0.0,0.0
2021-04-29 00:00:00+08:00,64.65,69.49,64.06,64.35,27534000,0.0,0.0
2021-05-03 00:00:00+08:00,65.03,65.61,61.06,61.06,15632000,0.0,0.0
2021-05-04 00:00:00+08:00,62.13,63.48,55.63,58.64,18428000,0.0,0.0
2021-05-05 00:00:00+08:00,58.73,60.28,56.7,57.09,8096000,0.0,0.0
2021-05-06 00:00:00+08:00,58.15,59.9,56.21,57.18,8308000,0.0,0.0
2021-05-07 00:00:00+08:00,58.64,60.09,57.86,59.51,5838000,0.0,0.0
2021-05-10 00:00:00+08:00,59.12,60.09,57.38,58.06,8118000,0.0,0.0
2021-05-11 00:00:00+08:00,56.7,57.47,52.82,53.6,13754000,0.0,0.0
2021-05-12 00:00:00+08:00,53.89,55.92,49.43,52.82,20722000,0.0,0.0
2021-05-13 00:00:00+08:00,51.76,55.92,51.76,53.5,15269000,0.0,0.0
2021-05-14 00:00:00+08:00,53.5,56.99,53.5,55.05,13370000,0.0,0.0
2021-05-17 00:00:00+08:00,51.37,54.57,49.91,50.59,15258000,0.0,0.0
2021-05-18 00:00:00+08:00,52.05,54.66,51.76,54.08,11276000,0.0,0.0
2021-05-19 00:00:00+08:00,53.98,55.92,52.82,55.05,8022000,0.0,0.0
2021-05-20 00:00:00+08:00,56.31,58.44,55.15,55.73,22202000,0.0,0.0
2021-05-21 00:00:00+08:00,56.31,56.89,55.44,55.83,8696000,0.0,0.0
2021-05-24 00:00:00+08:00,55.15,56.6,54.08,55.92,5827000,0.0,0.0
2021-05-25 00:00:00+08:00,56.41,60.67,56.02,60.19,14239000,0.0,0.0
2021-05-26 00:00:00+08:00,59.41,60.96,58.35,60.09,12554000,0.0,0.0
2021-05-27 00:00:00+08:00,59.41,59.8,58.93,58.93,5913000,0.0,0.0
2021-05-28 00:00:00+08:00,59.41,60.38,59.22,59.61,5578000,0.0,0.0
2021-05-31 00:00:00+08:00,59.7,60.67,59.32,59.9,5287000,0.0,0.0
2021-06-01 00:00:00+08:00,60.19,62.51,59.9,62.03,10356000,0.0,0.0
2021-06-02 00:00:00+08:00,62.51,64.26,61.25,62.32,14147000,0.0,0.0
2021-06-03 00:00:00+08:00,62.51,64.26,62.51,63.77,7878000,0.0,0.0
2021-06-04 00:00:00+08:00,63.19,63.68,62.13,62.32,5251000,0.0,0.0
2021-06-07 00:00:00+08:00,62.32,63.48,58.83,62.13,8803000,0.0,0.0
2021-06-08 00:00:00+08:00,62.51,64.45,62.32,62.8,7709000,0.0,0.0
2021-06-09 00:00:00+08:00,61.54,63.87,61.35,63.0,8102000,0.0,0.0
2021-06-10 00:00:00+08:00,62.8,63.48,61.74,62.03,5246000,0.0,0.0
2021-06-11 00:00:00+08:00,62.13,63.0,61.25,61.64,5901000,0.0,0.0
2021-06-15 00:00:00+08:00,62.22,67.36,62.13,65.71,22663000,0.0,0.0
2021-06-16 00:00:00+08:00,65.32,69.1,65.23,67.17,22684000,0.0,0.0
2021-06-17 00:00:00+08:00,66.58,69.78,66.58,69.01,18467000,0.0,0.0
2021-06-18 00:00:00+08:00,69.01,69.98,67.65,68.43,10225000,0.0,0.0
2021-06-21 00:00:00+08:00,67.65,69.39,67.07,68.23,11244000,0.0,0.0
2021-06-22 00:00:00+08:00,69.3,73.56,69.01,70.17,27902000,0.0,0.0
2021-06-23 00:00:00+08:00,70.95,74.43,70.65,72.5,22765000,0.0,0.0
2021-06-24 00:00:00+08:00,72.69,73.47,70.17,71.24,11718000,0.0,0.0
2021-06-25 00:00:00+08:00,71.43,71.82,70.07,71.14,9527000,0.0,0.0
2021-06-28 00:00:00+08:00,72.11,73.85,71.14,73.27,11438000,0.0,0.0
2021-06-29 00:00:00+08:00,73.08,73.76,71.43,71.82,8940000,0.0,0.0
2021-06-30 00:00:00+08:00,72.21,73.27,70.46,72.3,15039000,0.0,0.0
2021-07-01 00:00:00+08:00,72.3,74.14,71.91,71.91,12650000,0.0,0.0
2021-07-02 00:00:00+08:00,71.53,72.79,71.53,71.91,6296000,0.0,0.0
2021-07-05 00:00:00+08:00,72.69,75.11,72.21,75.11,11836000,0.0,0.0
2021-07-06 00:00:00+08:00,75.6,81.9,74.24,77.63,25638000,0.0,0.0
2021-07-07 00:00:00+08:00,78.02,80.73,77.54,79.09,17893000,0.0,0.0
2021-07-08 00:00:00+08:00,79.57,80.64,77.92,79.57,11799000,0.0,0.0
2021-07-09 00:00:00+08:00,78.99,81.03,78.21,80.64,10668000,0.0,0.0
2021-07-12 00:00:00+08:00,81.51,82.77,79.86,81.61,12673000,0.0,0.0
2021-07-13 00:00:00+08:00,82.38,85.19,81.9,83.16,17216000,0.0,0.0
2021-07-14 00:00:00+08:00,83.55,83.74,81.99,82.48,11638000,0.0,0.0
2021-07-15 00:00:00+08:00,82.77,83.35,80.06,81.22,11577000,0.0,0.0
2021-07-16 00:00:00+08:00,79.96,81.7,79.96,80.44,8600000,0.0,0.0
2021-07-19 00:00:00+08:00,80.44,86.84,80.25,86.84,24062000,0.0,0.0
2021-07-20 00:00:00+08:00,85.77,91.4,84.03,88.88,35657000,0.0,0.0
2021-07-21 00:00:00+08:00,90.14,91.01,81.7,82.09,26676000,0.0,0.0
2021-07-22 00:00:00+08:00,83.84,86.74,82.67,84.03,16930000,0.0,0.0
2021-07-23 00:00:00+08:00,85.29,85.77,83.06,84.51,10393000,0.0,0.0
2021-07-26 00:00:00+08:00,86.8,92.0,86.1,89.7,21377000,2.69,0.0
2021-07-27 00:00:00+08:00,89.5,90.4,84.5,85.1,15929000,0.0,0.0
2021-07-28 00:00:00+08:00,81.6,84.0,77.0,82.2,22034000,0.0,0.0
2021-07-29 00:00:00+08:00,83.1,83.4,80.2,83.1,8914000,0.0,0.0
2021-07-30 00:00:00+08:00,82.5,82.6,80.5,80.6,11803000,0.0,0.0
2021-08-02 00:00:00+08:00,81.9,84.5,81.1,83.1,12905000,0.0,0.0
2021-08-03 00:00:00+08:00,84.0,88.5,83.7,87.8,17007000,0.0,0.0
2021-08-04 00:00:00+08:00,88.8,90.0,87.5,88.2,13567000,0.0,0.0
2021-08-05 00:00:00+08:00,88.0,89.3,87.1,88.3,6355000,0.0,0.0
2021-08-06 00:00:00+08:00,89.0,89.0,86.1,87.3,8559000,0.0,0.0
2021-08-09 00:00:00+08:00,86.9,87.0,80.5,80.9,23167000,0.0,0.0
2021-08-10 00:00:00+08:00,80.9,82.9,80.4,82.8,7908000,0.0,0.0
2021-08-11 00:00:00+08:00,82.1,82.1,76.7,77.2,22058000,0.0,0.0
2021-08-12 00:00:00+08:00,77.0,79.0,76.2,78.8,7548000,0.0,0.0
2021-08-13 00:00:00+08:00,78.8,79.6,76.0,76.0,8627000,0.0,0.0
2021-08-16 00:00:00+08:00,75.6,76.8,71.0,76.2,16733000,0.0,0.0
2021-08-17 00:00:00+08:00,76.2,76.2,76.2,76.2,0,0.0,0.0
2021-08-18 00:00:00+08:00,70.3,77.1,70.3,77.1,13693000,0.0,0.0
2021-08-19 00:00:00+08:00,76.5,77.8,73.0,73.0,11473000,0.0,0.0
2021-08-20 00:00:00+08:00,75.0,78.5,74.1,77.2,23557000,0.0,0.0
2021-08-23 00:00:00+08:00,78.0,78.8,76.5,77.5,13348000,0.0,0.0
2021-08-24 00:00:00+08:00,78.4,79.2,74.9,76.0,12350000,0.0,0.0
2021-08-25 00:00:00+08:00,75.8,77.5,75.2,77.0,7406000,0.0,0.0
2021-08-26 00:00:00+08:00,77.9,80.6,76.8,80.3,13665000,0.0,0.0
2021-08-27 00:00:00+08:00,79.7,84.5,79.6,82.4,28974000,0.0,0.0
2021-08-30 00:00:00+08:00,82.0,82.8,80.0,80.5,12988000,0.0,0.0
2021-08-31 00:00:00+08:00,80.2,80.2,76.8,78.3,15725000,0.0,0.0
2021-09-01 00:00:00+08:00,78.3,79.5,77.9,78.5,8729000,0.0,0.0
2021-09-02 00:00:00+08:00,78.3,79.6,75.8,75.8,10723000,0.0,0.0
2021-09-03 00:00:00+08:00,76.1,77.3,75.0,75.8,7524000,0.0,0.0
2021-09-06 00:00:00+08:00,75.9,77.8,74.9,75.2,5688000,0.0,0.0
2021-09-07 00:00:00+08:00,75.2,75.9,72.9,75.2,7907000,0.0,0.0
2021-09-08 00:00:00+08:00,75.2,78.3,74.1,76.3,17050000,0.0,0.0
2021-09-09 00:00:00+08:00,75.8,78.2,75.3,77.3,7998000,0.0,0.0
2021-09-10 00:00:00+08:00,77.3,79.5,77.2,78.9,10387000,0.0,0.0
2021-09-13 00:00:00+08:00,78.8,80.3,77.5,77.5,9957000,0.0,0.0
2021-09-14 00:00:00+08:00,78.1,79.4,77.5,78.1,6570000,0.0,0.0
2021-09-15 00:00:00+08:00,78.1,78.1,76.0,76.2,5606000,0.0,0.0
2021-09-16 00:00:00+08:00,76.4,77.3,75.5,76.5,4025000,0.0,0.0
2021-09-17 00:00:00+08:00,76.8,76.9,75.3,75.7,5419000,0.0,0.0
2021-09-22 00:00:00+08:00,73.7,76.6,73.5,75.7,4673000,0.0,0.0
2021-09-23 00:00:00+08:00,76.4,78.9,76.2,78.8,7728000,0.0,0.0
2021-09-24 00:00:00+08:00,79.4,83.5,78.3,82.5,28263000,0.0,0.0
2021-09-27 00:00:00+08:00,82.1,83.6,81.0,82.4,15329000,0.0,0.0
2021-09-28 00:00:00+08:00,82.8,82.9,78.6,78.7,15406000,0.0,0.0
2021-09-29 00:00:00+08:00,75.0,76.7,73.0,73.1,20636000,0.0,0.0
2021-09-30 00:00:00+08:00,73.6,75.0,72.6,73.8,8459000,0.0,0.0
2021-10-01 00:00:00+08:00,73.0,74.7,72.0,72.5,7384000,0.0,0.0
2021-10-04 00:00:00+08:00,73.1,74.0,69.0,69.0,13223000,0.0,0.0
2021-10-05 00:00:00+08:00,66.5,71.5,64.2,70.6,16647000,0.0,0.0
2021-10-06 00:00:00+08:00,70.3,73.6,70.3,70.7,14710000,0.0,0.0
2021-10-07 00:00:00+08:00,71.6,73.0,71.2,72.6,6570000,0.0,0.0
2021-10-08 00:00:00+08:00,73.0,74.6,72.1,74.0,7181000,0.0,0.0
2021-10-12 00:00:00+08:00,76.4,80.2,76.3,78.9,28735000,0.0,0.0
2021-10-13 00:00:00+08:00,78.9,79.6,76.3,77.3,15569000,0.0,0.0
2021-10-14 00:00:00+08:00,78.0,78.4,73.9,74.5,10356000,0.0,0.0
2021-10-15 00:00:00+08:00,76.4,79.4,75.5,79.0,14239000,0.0,0.0
2021-10-18 00:00:00+08:00,80.3,81.0,77.9,80.5,13904000,0.0,0.0
2021-10-19 00:00:00+08:00,80.0,82.3,79.7,82.0,14683000,0.0,0.0
2021-10-20 00:00:00+08:00,82.1,82.9,80.7,81.1,7709000,0.0,0.0
2021-10-21 00:00:00+08:00,81.6,82.8,80.8,81.1,8742000,0.0,0.0
2021-10-22 00:00:00+08:00,81.7,87.7,81.5,86.6,34218000,0.0,0.0
2021-10-25 00:00:00+08:00,86.6,87.5,85.0,87.1,18152000,0.0,0.0
2021-10-26 00:00:00+08:00,88.0,91.5,87.1,88.3,29682000,0.0,0.0
2021-10-27 00:00:00+08:00,88.8,89.7,87.3,88.2,11639000,0.0,0.0
2021-10-28 00:00:00+08:00,88.2,94.0,88.1,90.9,29910000,0.0,0.0
2021-10-29 00:00:00+08:00,91.8,92.9,90.2,91.9,18078000,0.0,0.0
2021-11-01 00:00:00+08:00,93.4,97.7,93.3,95.6,30892000,0.0,0.0
2021-11-02 00:00:00+08:00,97.2,99.8,91.5,93.1,35476000,0.0,0.0
2021-11-03 00:00:00+08:00,94.4,95.5,92.0,93.7,13207000,0.0,0.0
2021-11-04 00:00:00+08:00,94.5,95.5,90.6,90.6,17547000,0.0,0.0
2021-11-05 00:00:00+08:00,90.2,93.4,87.3,93.4,22737000,0.0,0.0
2021-11-08 00:00:00+08:00,92.3,92.9,88.2,88.3,15791000,0.0,0.0
2021-11-09 00:00:00+08:00,92.1,93.9,90.4,90.4,20255000,0.0,0.0
2021-11-10 00:00:00+08:00,91.5,92.0,89.3,90.4,9547000,0.0,0.0
2021-11-11 00:00:00+08:00,89.8,92.8,89.6,91.3,8182000,0.0,0.0
2021-11-12 00:00:00+08:00,92.1,95.4,92.1,94.0,18789000,0.0,0.0
2021-11-15 00:00:00+08:00,94.6,94.8,92.2,92.9,12237000,0.0,0.0
2021-11-16 00:00:00+08:00,93.0,94.4,91.1,93.0,9133000,0.0,0.0
2021-11-17 00:00:00+08:00,94.0,97.0,93.1,97.0,18811000,0.0,0.0
2021-11-18 00:00:00+08:00,104.0,106.5,101.5,106.5,18596000,0.0,0.0
2021-11-19 00:00:00+08:00,117.0,117.0,110.5,117.0,103081000,0.0,0.0
2021-11-22 00:00:00+08:00,120.0,122.5,116.5,121.0,68825000,0.0,0.0
2021-11-23 00:00:00+08:00,117.0,122.0,117.0,122.0,30084000,0.0,0.0
2021-11-24 00:00:00+08:00,125.0,131.0,117.0,121.5,67450000,0.0,0.0
2021-11-25 00:00:00+08:00,121.0,125.0,119.0,124.0,19055000,0.0,0.0
2021-11-26 00:00:00+08:00,123.0,123.0,115.0,116.5,23151000,0.0,0.0
2021-11-29 00:00:00+08:00,115.0,124.0,114.0,123.0,34848000,0.0,0.0
2021-11-30 00:00:00+08:00,124.5,129.0,121.5,125.5,33451000,0.0,0.0
2021-12-01 00:00:00+08:00,122.0,124.0,118.5,122.0,21525000,0.0,0.0
2021-12-02 00:00:00+08:00,120.0,125.0,118.0,118.0,17268000,0.0,0.0
2021-12-03 00:00:00+08:00,122.0,127.0,119.5,127.0,26344000,0.0,0.0
2021-12-06 00:00:00+08:00,124.5,125.0,119.0,123.0,19437000,0.0,0.0
2021-12-07 00:00:00+08:00,123.5,129.0,122.5,129.0,22052000,0.0,0.0
2021-12-08 00:00:00+08:00,132.0,134.0,127.0,133.0,34815000,0.0,0.0
2021-12-09 00:00:00+08:00,132.0,138.0,130.0,131.5,36872000,0.0,0.0
2021-12-10 00:00:00+08:00,130.5,136.5,128.5,136.0,24425000,0.0,0.0
2021-12-13 00:00:00+08:00,138.5,140.5,134.0,135.0,27470000,0.0,0.0
2021-12-14 00:00:00+08:00,133.0,136.5,129.0,135.0,22399000,0.0,0.0
2021-12-15 00:00:00+08:00,133.5,136.0,132.0,135.0,18293000,0.0,0.0
2021-12-16 00:00:00+08:00,137.0,146.0,136.0,143.0,45781000,0.0,0.0
2021-12-17 00:00:00+08:00,140.5,145.0,139.0,143.0,19209000,0.0,0.0
2021-12-20 00:00:00+08:00,143.5,145.5,133.5,134.0,29208000,0.0,0.0
2021-12-21 00:00:00+08:00,134.0,138.5,132.5,136.5,18153000,0.0,0.0
2021-12-22 00:00:00+08:00,136.5,140.0,135.0,138.0,12951000,0.0,0.0
2021-12-23 00:00:00+08:00,138.5,144.0,138.0,142.5,15846000,0.0,0.0
2021-12-24 00:00:00+08:00,144.5,153.0,144.5,148.0,54531000,0.0,0.0
2021-12-27 00:00:00+08:00,149.0,151.0,145.0,146.5,23028000,0.0,0.0
2021-12-28 00:00:00+08:00,148.0,151.5,146.5,148.5,15300000,0.0,0.0
2021-12-29 00:00:00+08:00,149.0,149.5,145.5,146.0,10221000,0.0,0.0
2021-12-30 00:00:00+08:00,147.0,151.0,144.0,151.0,15196000,0.0,0.0
2022-01-03 00:00:00+08:00,153.0,161.5,152.0,155.0,42199000,0.0,0.0
2022-01-04 00:00:00+08:00,159.5,160.0,154.0,156.5,24688000,0.0,0.0
2022-01-05 00:00:00+08:00,159.0,161.0,152.0,152.0,30196000,0.0,0.0
2022-01-06 00:00:00+08:00,149.0,159.5,148.0,158.5,34163000,0.0,0.0
2022-01-07 00:00:00+08:00,161.0,161.5,148.0,150.0,56612000,0.0,0.0
2022-01-10 00:00:00+08:00,146.0,153.0,143.5,147.0,34071000,0.0,0.0
2022-01-11 00:00:00+08:00,148.0,152.0,147.0,148.0,27554000,0.0,0.0
2022-01-12 00:00:00+08:00,150.0,151.5,142.0,146.0,30819000,0.0,0.0
2022-01-13 00:00:00+08:00,145.5,146.0,136.5,145.5,39200000,0.0,0.0
2022-01-14 00:00:00+08:00,141.5,149.5,139.0,149.5,26797000,0.0,0.0
2022-01-17 00:00:00+08:00,147.5,153.0,146.5,153.0,20534000,0.0,0.0
2022-01-18 00:00:00+08:00,152.0,160.0,151.5,157.5,32817000,0.0,0.0
2022-01-19 00:00:00+08:00,154.5,160.0,154.0,160.0,27183000,0.0,0.0
2022-01-20 00:00:00+08:00,158.0,160.0,154.5,155.5,26116000,0.0,0.0
2022-01-21 00:00:00+08:00,152.5,157.5,150.0,153.0,25980000,0.0,0.0
2022-01-24 00:00:00+08:00,152.0,154.5,146.0,154.5,26171000,0.0,0.0
2022-01-25 00:00:00+08:00,151.5,153.5,147.5,147.5,19352000,0.0,0.0
2022-01-26 00:00:00+08:00,147.5,149.5,143.5,146.5,16059000,0.0,0.0
2022-02-07 00:00:00+08:00,150.0,158.0,148.5,157.5,29474000,0.0,0.0
2022-02-08 00:00:00+08:00,155.0,158.5,153.0,154.0,22013000,0.0,0.0
2022-02-09 00:00:00+08:00,156.5,160.0,155.0,156.5,25008000,0.0,0.0
2022-02-10 00:00:00+08:00,161.0,163.5,152.0,152.0,38834000,0.0,0.0
2022-02-11 00:00:00+08:00,149.0,151.0,147.5,148.5,22578000,0.0,0.0
2022-02-14 00:00:00+08:00,145.0,145.5,140.5,141.5,22511000,0.0,0.0
2022-02-15 00:00:00+08:00,142.0,144.5,137.5,138.0,23196000,0.0,0.0
2022-02-16 00:00:00+08:00,142.5,143.0,138.5,140.5,21421000,0.0,0.0
2022-02-17 00:00:00+08:00,141.5,147.5,141.0,146.0,25314000,0.0,0.0
2022-02-18 00:00:00+08:00,143.5,148.0,143.5,146.0,14464000,0.0,0.0
2022-02-21 00:00:00+08:00,145.5,150.0,145.0,149.0,14910000,0.0,0.0
2022-02-22 00:00:00+08:00,148.5,150.5,144.0,146.0,17524000,0.0,0.0
2022-02-23 00:00:00+08:00,147.5,154.5,147.5,152.5,25263000,0.0,0.0
2022-02-24 00:00:00+08:00,150.0,154.5,144.5,147.0,29080000,0.0,0.0
2022-02-25 00:00:00+08:00,152.0,154.0,147.5,147.5,92613000,0.0,0.0
2022-03-01 00:00:00+08:00,151.5,152.5,147.5,150.0,22031000,0.0,0.0
2022-03-02 00:00:00+08:00,152.0,152.0,146.0,146.5,15574000,0.0,0.0
2022-03-03 00:00:00+08:00,148.0,151.0,145.0,146.5,12376000,0.0,0.0
2022-03-04 00:00:00+08:00,146.0,149.5,143.0,147.0,11654000,0.0,0.0
2022-03-07 00:00:00+08:00,145.0,145.0,135.5,138.0,22981000,0.0,0.0
2022-03-08 00:00:00+08:00,133.0,138.5,130.0,130.0,24414000,0.0,0.0
2022-03-09 00:00:00+08:00,134.0,135.5,128.5,134.5,27374000,0.0,0.0
2022-03-10 00:00:00+08:00,137.0,138.0,131.0,131.0,23833000,0.0,0.0
2022-03-11 00:00:00+08:00,131.5,133.5,127.5,132.0,20802000,0.0,0.0
2022-03-14 00:00:00+08:00,131.0,136.0,129.5,136.0,16666000,0.0,0.0
2022-03-15 00:00:00+08:00,135.0,135.5,126.5,126.5,18985000,0.0,0.0
2022-03-16 00:00:00+08:00,130.5,132.0,128.0,130.0,14994000,0.0,0.0
2022-03-17 00:00:00+08:00,136.0,142.0,134.0,140.0,28667000,0.0,0.0
2022-03-18 00:00:00+08:00,140.5,146.0,139.0,145.5,35546000,0.0,0.0
2022-03-21 00:00:00+08:00,147.0,147.5,143.5,144.5,10566000,0.0,0.0
2022-03-22 00:00:00+08:00,143.5,153.0,143.5,153.0,31909000,0.0,0.0
2022-03-23 00:00:00+08:00,154.0,158.0,152.0,157.0,31219000,0.0,0.0
2022-03-24 00:00:00+08:00,157.5,172.5,156.5,172.5,60876000,0.0,0.0
2022-03-25 00:00:00+08:00,177.5,181.5,172.5,177.0,72498000,0.0,0.0
2022-03-28 00:00:00+08:00,172.5,181.5,170.0,181.5,40275000,0.0,0.0
2022-03-29 00:00:00+08:00,181.0,181.0,174.5,179.5,29874000,0.0,0.0
2022-03-30 00:00:00+08:00,178.0,183.0,176.0,179.5,32821000,0.0,0.0
2022-03-31 00:00:00+08:00,179.5,196.0,178.0,185.0,49879000,0.0,0.0
2022-04-01 00:00:00+08:00,181.5,182.5,177.0,180.5,33053000,0.0,0.0
2022-04-06 00:00:00+08:00,178.0,182.0,172.5,176.5,32297000,0.0,0.0
2022-04-07 00:00:00+08:00,175.5,177.0,168.0,168.0,25155000,0.0,0.0
2022-04-08 00:00:00+08:00,170.0,176.5,168.5,174.5,24629000,0.0,0.0
2022-04-11 00:00:00+08:00,173.5,174.0,164.0,168.0,25666000,0.0,0.0
2022-04-12 00:00:00+08:00,165.5,172.5,165.0,169.5,18536000,0.0,0.0
2022-04-13 00:00:00+08:00,171.0,174.5,169.0,173.0,18714000,0.0,0.0
2022-04-14 00:00:00+08:00,173.5,180.5,171.5,179.5,26778000,0.0,0.0
2022-04-15 00:00:00+08:00,178.5,179.0,170.0,170.5,22624000,0.0,0.0
2022-04-18 00:00:00+08:00,169.0,177.0,165.5,169.5,13587000,0.0,0.0
2022-04-19 00:00:00+08:00,173.0,180.0,173.0,177.0,22285000,0.0,0.0
2022-04-20 00:00:00+08:00,183.0,187.0,178.5,179.0,30300000,0.0,0.0
2022-04-21 00:00:00+08:00,182.5,187.5,181.5,185.0,25642000,0.0,0.0
2022-04-22 00:00:00+08:00,183.0,186.5,178.5,180.5,19133000,0.0,0.0
2022-04-25 00:00:00+08:00,173.0,174.5,168.0,169.5,20332000,0.0,0.0
2022-04-26 00:00:00+08:00,173.0,175.5,170.0,175.0,18281000,0.0,0.0
2022-04-27 00:00:00+08:00,167.0,177.5,165.5,175.0,19539000,0.0,0.0
2022-04-28 00:00:00+08:00,175.0,176.5,169.0,169.5,18751000,0.0,0.0
2022-04-29 00:00:00+08:00,173.5,180.5,173.5,174.0,30635000,0.0,0.0
2022-05-03 00:00:00+08:00,173.5,176.5,169.0,171.5,18325000,0.0,0.0
2022-05-04 00:00:00+08:00,170.5,172.5,166.5,167.0,17436000,0.0,0.0
2022-05-05 00:00:00+08:00,171.5,173.5,168.0,173.5,19386000,0.0,0.0
2022-05-06 00:00:00+08:00,168.5,172.5,163.5,172.5,25573000,0.0,0.0
2022-05-09 00:00:00+08:00,171.0,173.5,168.0,170.0,19467000,0.0,0.0
2022-05-10 00:00:00+08:00,166.5,173.0,166.5,173.0,14288000,0.0,0.0
2022-05-11 00:00:00+08:00,173.5,179.5,172.5,173.0,38738000,0.0,0.0
2022-05-12 00:00:00+08:00,171.5,172.0,164.5,165.5,23689000,0.0,0.0
2022-05-13 00:00:00+08:00,167.5,169.0,161.5,169.0,31718000,0.0,0.0
2022-05-16 00:00:00+08:00,172.0,178.5,171.5,178.5,36555000,0.0,0.0
2022-05-17 00:00:00+08:00,180.0,186.5,177.0,186.5,42772000,0.0,0.0
2022-05-18 00:00:00+08:00,190.0,193.5,185.5,193.5,41266000,0.0,0.0
2022-05-19 00:00:00+08:00,186.0,200.5,184.0,200.5,55517000,0.0,0.0
2022-05-20 00:00:00+08:00,200.5,204.5,196.0,200.5,36004000,0.0,0.0
2022-05-23 00:00:00+08:00,200.5,203.5,192.5,194.5,26080000,0.0,0.0
2022-05-24 00:00:00+08:00,194.5,197.0,191.0,191.0,21272000,0.0,0.0
2022-05-25 00:00:00+08:00,192.0,198.5,188.5,195.0,28846000,0.0,0.0
2022-05-26 00:00:00+08:00,197.0,202.5,195.0,198.0,31741000,0.0,0.0
2022-05-27 00:00:00+08:00,202.0,215.0,199.0,212.5,47182000,0.0,0.0
2022-05-30 00:00:00+08:00,214.5,217.5,205.0,207.0,45144000,0.0,0.0
2022-05-31 00:00:00+08:00,206.5,210.5,202.0,203.0,37967000,0.0,0.0
2022-06-01 00:00:00+08:00,206.0,214.0,205.5,209.5,30597000,0.0,0.0
2022-06-02 00:00:00+08:00,209.5,212.5,207.0,209.0,14414000,0.0,0.0
2022-06-06 00:00:00+08:00,209.5,212.0,199.5,202.5,27206000,0.0,0.0
2022-06-07 00:00:00+08:00,200.0,204.0,196.0,200.5,18890000,0.0,0.0
2022-06-08 00:00:00+08:00,202.0,206.5,198.0,206.5,21031000,0.0,0.0
2022-06-09 00:00:00+08:00,207.5,213.5,204.5,212.0,25451000,0.0,0.0
2022-06-10 00:00:00+08:00,209.0,219.0,208.5,219.0,28949000,0.0,0.0
2022-06-13 00:00:00+08:00,214.0,217.0,208.0,208.5,23132000,0.0,0.0
2022-06-14 00:00:00+08:00,206.5,213.0,199.5,211.0,24249000,0.0,0.0
2022-06-15 00:00:00+08:00,209.0,212.0,202.0,203.5,22149000,0.0,0.0
2022-06-16 00:00:00+08:00,208.5,211.5,201.0,201.0,24411000,0.0,0.0
2022-06-17 00:00:00+08:00,197.5,204.5,193.0,204.5,31729000,0.0,0.0
2022-06-20 00:00:00+08:00,203.0,203.0,192.0,192.5,21734000,0.0,0.0
2022-06-21 00:00:00+08:00,195.0,199.5,189.0,199.0,26423000,0.0,0.0
2022-06-22 00:00:00+08:00,198.0,198.5,186.5,188.5,21437000,0.0,0.0
2022-06-23 00:00:00+08:00,196.0,201.5,191.0,197.0,46477000,0.0,0.0
2022-06-24 00:00:00+08:00,198.0,200.0,192.5,196.0,28702000,0.0,0.0
2022-06-27 00:00:00+08:00,200.0,206.5,199.0,204.0,22145000,0.0,0.0
2022-06-28 00:00:00+08:00,203.5,207.0,201.0,205.0,15441000,0.0,0.0
2022-06-29 00:00:00+08:00,201.5,209.0,200.0,209.0,22878000,0.0,0.0
2022-06-30 00:00:00+08:00,207.0,207.0,188.5,188.5,36432000,0.0,0.0
2022-07-01 00:00:00+08:00,182.0,184.5,170.0,170.0,39082000,0.0,0.0
2022-07-04 00:00:00+08:00,165.0,172.0,161.0,170.0,42590000,0.0,0.0
2022-07-05 00:00:00+08:00,174.0,174.5,155.5,162.0,66319000,0.0,0.0
2022-07-06 00:00:00+08:00,161.5,165.0,158.0,160.5,41991000,0.0,0.0
2022-07-07 00:00:00+08:00,162.5,170.5,149.5,168.0,76747000,0.0,0.0
2022-07-08 00:00:00+08:00,170.5,174.0,165.5,170.5,45160000,0.0,0.0
2022-07-11 00:00:00+08:00,169.5,173.0,164.0,166.5,32620000,0.0,0.0
2022-07-12 00:00:00+08:00,162.0,169.0,159.0,168.5,37636000,0.0,0.0
2022-07-13 00:00:00+08:00,175.5,177.0,166.0,166.0,37663000,0.0,0.0
2022-07-14 00:00:00+08:00,164.0,176.0,162.0,175.5,46003000,0.0,0.0
2022-07-15 00:00:00+08:00,175.0,178.0,171.0,176.5,41694000,0.0,0.0
2022-07-18 00:00:00+08:00,176.5,180.5,175.0,176.0,23490000,0.0,0.0
2022-07-19 00:00:00+08:00,177.5,179.0,174.5,174.5,16303000,0.0,0.0
2022-07-20 00:00:00+08:00,178.0,186.0,177.5,180.5,19314000,0.0,0.0
2022-07-21 00:00:00+08:00,183.5,186.5,183.0,186.0,13016000,0.0,0.0
2022-07-22 00:00:00+08:00,187.5,194.0,186.0,188.0,18840000,0.0,0.0
2022-07-25 00:00:00+08:00,185.0,189.5,183.0,185.5,15079000,0.0,0.0
2022-07-26 00:00:00+08:00,186.5,190.0,185.5,186.5,13442000,0.0,0.0
2022-07-27 00:00:00+08:00,188.0,188.0,181.5,187.0,16404000,0.0,0.0
2022-07-28 00:00:00+08:00,190.5,194.5,188.5,191.0,23713000,0.0,0.0
2022-07-29 00:00:00+08:00,193.0,195.5,191.0,195.5,18115000,0.0,0.0
2022-08-01 00:00:00+08:00,194.0,194.5,188.5,189.5,15139000,0.0,0.0
2022-08-02 00:00:00+08:00,185.5,187.5,182.0,186.0,15255000,0.0,0.0
2022-08-03 00:00:00+08:00,185.0,186.0,179.0,181.0,13287000,0.0,0.0
2022-08-04 00:00:00+08:00,178.5,188.5,178.5,188.0,20701000,0.0,0.0
2022-08-05 00:00:00+08:00,189.0,195.0,188.0,195.0,20010000,0.0,0.0
2022-08-08 00:00:00+08:00,197.0,205.0,194.5,205.0,26382000,0.0,0.0
2022-08-09 00:00:00+08:00,199.0,201.5,192.0,201.0,36576000,0.0,0.0
2022-08-10 00:00:00+08:00,196.0,198.0,194.0,196.5,16529000,0.0,0.0
2022-08-11 00:00:00+08:00,201.0,203.5,196.0,197.0,14172000,0.0,0.0
2022-08-12 00:00:00+08:00,198.0,199.0,193.5,198.0,14965000,0.0,0.0
2022-08-15 00:00:00+08:00,198.5,211.5,197.0,211.5,26499000,0.0,0.0
2022-08-16 00:00:00+08:00,211.5,220.5,210.0,217.0,26656000,0.0,0.0
2022-08-17 00:00:00+08:00,218.0,220.0,213.0,216.5,21209000,0.0,0.0
2022-08-18 00:00:00+08:00,217.5,238.0,216.5,238.0,41935000,0.0,0.0
2022-08-19 00:00:00+08:00,248.0,255.0,239.5,241.5,49843000,0.0,0.0
2022-08-22 00:00:00+08:00,240.0,249.0,239.0,246.0,14828000,0.0,0.0
2022-08-23 00:00:00+08:00,242.0,245.0,236.0,243.5,19426000,0.0,0.0
2022-08-24 00:00:00+08:00,247.0,247.0,241.0,241.0,13670000,0.0,0.0
2022-08-25 00:00:00+08:00,247.5,252.0,242.0,244.0,19365000,0.0,0.0
2022-08-26 00:00:00+08:00,244.0,247.0,239.5,240.0,16006000,0.0,0.0
2022-08-29 00:00:00+08:00,231.0,242.0,229.5,240.5,14731000,0.0,0.0
2022-08-30 00:00:00+08:00,240.5,247.0,237.5,247.0,16748000,0.0,0.0
2022-08-31 00:00:00+08:00,245.5,248.5,239.5,239.5,19726000,0.0,0.0
2022-09-01 00:00:00+08:00,238.0,241.5,231.0,233.5,15028000,0.0,0.0
2022-09-02 00:00:00+08:00,236.0,246.0,235.5,242.0,17253000,0.0,0.0
2022-09-05 00:00:00+08:00,242.0,247.5,239.0,243.0,15945000,0.0,0.0
2022-09-06 00:00:00+08:00,244.0,245.0,232.0,232.5,19360000,0.0,0.0
2022-09-07 00:00:00+08:00,229.0,231.5,222.5,228.5,21871000,0.0,0.0
2022-09-08 00:00:00+08:00,232.0,241.0,231.5,240.5,20975000,0.0,0.0
2022-09-12 00:00:00+08:00,246.0,251.5,237.0,237.5,23390000,0.0,0.0
2022-09-13 00:00:00+08:00,240.0,250.5,239.0,248.5,25607000,0.0,0.0
2022-09-14 00:00:00+08:00,242.0,244.5,239.0,242.5,19013000,0.0,0.0
2022-09-15 00:00:00+08:00,243.0,248.5,239.0,240.0,17572000,0.0,0.0
2022-09-16 00:00:00+08:00,238.0,240.0,232.5,234.5,13075000,0.0,0.0
2022-09-19 00:00:00+08:00,234.0,236.0,231.0,234.0,10161000,0.0,0.0
2022-09-20 00:00:00+08:00,235.0,238.5,232.5,235.5,11185000,0.0,0.0
2022-09-21 00:00:00+08:00,235.5,236.0,230.5,234.5,8928000,0.0,0.0
2022-09-22 00:00:00+08:00,230.0,240.0,229.5,238.5,13744000,0.0,0.0
2022-09-23 00:00:00+08:00,237.5,239.5,224.5,227.0,19950000,0.0,0.0
2022-09-26 00:00:00+08:00,218.5,222.5,211.5,215.5,26576000,0.0,0.0
2022-09-27 00:00:00+08:00,217.5,220.5,213.5,219.0,12303000,0.0,0.0
2022-09-28 00:00:00+08:00,219.0,219.0,203.5,205.5,22308000,0.0,0.0
2022-09-29 00:00:00+08:00,211.0,214.0,200.0,206.5,22599000,0.0,0.0
2022-09-30 00:00:00+08:00,204.5,212.0,201.5,212.0,21724000,0.0,0.0
2022-10-03 00:00:00+08:00,207.5,212.5,202.5,209.0,17572000,0.0,0.0
2022-10-04 00:00:00+08:00,216.0,218.5,211.0,218.5,16629000,0.0,0.0
2022-10-05 00:00:00+08:00,221.5,224.0,217.0,219.0,18714000,0.0,0.0
2022-10-06 00:00:00+08:00,221.0,223.0,212.0,218.0,15756000,0.0,0.0
2022-10-07 00:00:00+08:00,215.0,223.0,215.0,221.0,17170000,0.0,0.0
2022-10-11 00:00:00+08:00,215.0,217.0,199.0,201.0,26845000,0.0,0.0
2022-10-12 00:00:00+08:00,201.5,207.5,196.5,207.0,25579000,0.0,0.0
2022-10-13 00:00:00+08:00,205.0,209.0,198.0,200.0,22611000,0.0,0.0
2022-10-14 00:00:00+08:00,208.0,217.0,204.5,206.5,30916000,0.0,0.0
2022-10-17 00:00:00+08:00,203.0,205.5,193.5,205.0,20142000,0.0,0.0
2022-10-18 00:00:00+08:00,210.5,212.5,202.0,205.0,17117000,0.0,0.0
2022-10-19 00:00:00+08:00,205.5,208.5,201.0,201.0,16331000,0.0,0.0
2022-10-20 00:00:00+08:00,197.5,201.0,192.5,200.5,18258000,0.0,0.0
2022-10-21 00:00:00+08:00,198.0,198.5,182.0,183.5,31581000,0.0,0.0
2022-10-24 00:00:00+08:00,188.0,190.0,183.0,185.0,25439000,0.0,0.0
2022-10-25 00:00:00+08:00,185.0,186.5,179.0,182.5,21352000,0.0,0.0
2022-10-26 00:00:00+08:00,181.0,186.5,180.0,186.0,14881000,0.0,0.0
2022-10-27 00:00:00+08:00,185.5,196.0,185.0,196.0,23937000,0.0,0.0
2022-10-28 00:00:00+08:00,196.0,207.0,194.5,207.0,29726000,0.0,0.0
2022-10-31 00:00:00+08:00,210.0,211.0,203.0,205.5,19511000,0.0,0.0
2022-11-01 00:00:00+08:00,205.5,207.5,200.5,202.0,20852000,0.0,0.0
2022-11-02 00:00:00+08:00,200.5,203.5,195.5,200.5,18087000,0.0,0.0
2022-11-03 00:00:00+08:00,197.5,215.0,196.0,212.5,35619000,0.0,0.0
2022-11-04 00:00:00+08:00,211.0,217.0,206.5,217.0,30481000,0.0,0.0
2022-11-07 00:00:00+08:00,210.0,213.5,207.5,208.0,32084000,0.0,0.0
2022-11-08 00:00:00+08:00,209.0,213.0,202.5,203.0,24594000,0.0,0.0
2022-11-09 00:00:00+08:00,201.0,203.0,195.0,195.0,37598000,0.0,0.0
2022-11-10 00:00:00+08:00,191.0,196.5,183.0,185.0,36896000,0.0,0.0
2022-11-11 00:00:00+08:00,196.0,198.5,185.0,189.5,37383000,0.0,0.0
2022-11-14 00:00:00+08:00,192.5,196.5,188.5,193.5,22148000,0.0,0.0
2022-11-15 00:00:00+08:00,187.0,190.0,178.0,178.5,51398000,0.0,0.0
2022-11-16 00:00:00+08:00,175.0,183.5,173.0,182.5,35737000,0.0,0.0
2022-11-17 00:00:00+08:00,181.5,191.0,181.0,188.5,26053000,0.0,0.0
2022-11-18 00:00:00+08:00,181.0,184.0,170.0,170.0,63739000,0.0,0.0
2022-11-21 00:00:00+08:00,166.0,169.0,158.0,164.0,56500000,0.0,0.0
2022-11-22 00:00:00+08:00,164.0,169.0,161.5,163.5,35742000,0.0,0.0
2022-11-23 00:00:00+08:00,165.0,170.0,164.0,169.0,31332000,0.0,0.0
2022-11-24 00:00:00+08:00,173.0,178.0,172.0,178.0,36718000,0.0,0.0
2022-11-25 00:00:00+08:00,181.0,182.0,175.5,177.5,35041000,0.0,0.0
2022-11-28 00:00:00+08:00,179.0,184.0,177.5,184.0,25809000,0.0,0.0
2022-11-29 00:00:00+08:00,182.5,185.0,176.5,177.0,30724000,0.0,0.0
2022-11-30 00:00:00+08:00,176.0,181.0,173.5,181.0,25711000,0.0,0.0
2022-12-01 00:00:00+08:00,182.0,184.0,177.0,177.5,25996000,0.0,0.0
2022-12-02 00:00:00+08:00,178.0,181.0,176.5,181.0,16236000,0.0,0.0
2022-12-05 00:00:00+08:00,181.0,187.5,180.5,186.0,23315000,0.0,0.0
2022-12-06 00:00:00+08:00,188.5,189.5,180.5,181.5,28123000,0.0,0.0
2022-12-07 00:00:00+08:00,181.0,181.5,171.0,172.0,35534000,0.0,0.0
2022-12-08 00:00:00+08:00,174.0,174.0,168.0,169.5,27616000,0.0,0.0
2022-12-09 00:00:00+08:00,172.0,175.5,166.5,170.0,29547000,0.0,0.0
2022-12-12 00:00:00+08:00,168.0,173.5,165.5,171.0,21910000,0.0,0.0
2022-12-13 00:00:00+08:00,171.0,171.5,165.0,165.0,26378000,0.0,0.0
2022-12-14 00:00:00+08:00,168.5,178.5,168.0,178.5,45312000,0.0,0.0
2022-12-15 00:00:00+08:00,176.0,179.5,174.5,177.0,19273000,0.0,0.0
2022-12-16 00:00:00+08:00,174.0,174.5,168.0,168.0,23008000,0.0,0.0
2022-12-19 00:00:00+08:00,170.0,172.5,167.5,169.5,13885000,0.0,0.0
2022-12-20 00:00:00+08:00,167.0,171.5,163.0,164.0,18343000,0.0,0.0
2022-12-21 00:00:00+08:00,166.0,167.0,163.5,164.0,9671000,0.0,0.0
2022-12-22 00:00:00+08:00,168.0,171.0,163.0,169.5,18843000,0.0,0.0
2022-12-23 00:00:00+08:00,165.0,168.5,164.0,167.0,11535000,0.0,0.0
2022-12-26 00:00:00+08:00,168.0,170.5,166.0,166.0,6928000,0.0,0.0
2022-12-27 00:00:00+08:00,168.0,170.5,166.5,168.0,8436000,0.0,0.0
2022-12-28 00:00:00+08:00,166.5,167.5,161.0,161.0,13777000,0.0,0.0
2022-12-29 00:00:00+08:00,158.5,164.0,155.5,164.0,17119000,0.0,0.0
2022-12-30 00:00:00+08:00,163.0,166.0,161.0,161.0,16175000,0.0,0.0
2023-01-03 00:00:00+08:00,162.0,171.0,161.5,170.5,20209000,0.0,0.0
2023-01-04 00:00:00+08:00,170.5,176.0,169.0,170.0,26314000,0.0,0.0
2023-01-05 00:00:00+08:00,172.5,173.5,165.0,165.0,21959000,0.0,0.0
2023-01-06 00:00:00+08:00,166.5,172.0,165.5,172.0,22516000,0.0,0.0
2023-01-09 00:00:00+08:00,176.5,178.0,172.0,172.5,36077000,0.0,0.0
2023-01-10 00:00:00+08:00,173.5,178.0,172.5,173.5,31280000,0.0,0.0
2023-01-11 00:00:00+08:00,175.0,176.5,172.5,174.0,14273000,0.0,0.0
2023-01-12 00:00:00+08:00,175.5,177.0,171.5,172.0,17635000,0.0,0.0
2023-01-13 00:00:00+08:00,175.0,175.0,171.0,173.0,11843000,0.0,0.0
2023-01-16 00:00:00+08:00,175.0,177.5,173.0,176.5,19099000,0.0,0.0
2023-01-17 00:00:00+08:00,176.5,178.0,174.5,176.0,17711000,0.0,0.0
2023-01-30 00:00:00+08:00,180.5,181.0,173.0,173.5,30665000,0.0,0.0
2023-01-31 00:00:00+08:00,173.0,175.5,172.5,172.5,15467000,0.0,0.0
2023-02-01 00:00:00+08:00,174.5,179.0,174.0,179.0,21769000,0.0,0.0
2023-02-02 00:00:00+08:00,180.5,193.5,179.0,190.5,51491000,0.0,0.0
2023-02-03 00:00:00+08:00,192.0,195.0,188.0,190.5,31165000,0.0,0.0
2023-02-06 00:00:00+08:00,190.0,196.0,189.5,191.5,19464000,0.0,0.0
2023-02-07 00:00:00+08:00,191.5,193.5,189.0,193.0,13236000,0.0,0.0
2023-02-08 00:00:00+08:00,196.0,198.0,192.5,193.0,18584000,0.0,0.0
2023-02-09 00:00:00+08:00,193.0,199.5,192.5,196.5,20633000,0.0,0.0
2023-02-10 00:00:00+08:00,197.5,199.0,192.0,193.0,16004000,0.0,0.0
2023-02-13 00:00:00+08:00,193.5,197.0,191.5,196.5,12013000,0.0,0.0
2023-02-14 00:00:00+08:00,198.5,201.5,193.5,194.0,22309000,0.0,0.0
2023-02-15 00:00:00+08:00,194.5,196.0,189.5,191.0,11646000,0.0,0.0
2023-02-16 00:00:00+08:00,195.0,209.0,194.5,206.0,47172000,0.0,0.0
2023-02-17 00:00:00+08:00,204.0,207.5,203.5,206.0,17762000,0.0,0.0
2023-02-20 00:00:00+08:00,206.0,206.0,202.0,203.5,10929000,0.0,0.0
2023-02-21 00:00:00+08:00,205.0,212.0,204.0,210.0,20886000,0.0,0.0
2023-02-22 00:00:00+08:00,208.0,209.0,200.5,202.0,21813000,0.0,0.0
2023-02-23 00:00:00+08:00,202.0,203.5,198.0,202.0,15963000,0.0,0.0
2023-02-24 00:00:00+08:00,199.5,200.5,191.5,194.5,33185000,0.0,0.0
2023-03-01 00:00:00+08:00,194.0,196.0,191.0,193.0,13929000,0.0,0.0
2023-03-02 00:00:00+08:00,195.0,196.5,193.5,194.5,11124000,0.0,0.0
2023-03-03 00:00:00+08:00,196.5,197.5,192.5,192.5,11917000,0.0,0.0
2023-03-06 00:00:00+08:00,196.0,208.5,195.5,207.5,30047000,0.0,0.0
2023-03-07 00:00:00+08:00,208.0,211.0,204.0,205.0,22231000,0.0,0.0
2023-03-08 00:00:00+08:00,200.0,202.5,198.0,201.0,18216000,0.0,0.0
2023-03-09 00:00:00+08:00,202.0,206.0,198.5,199.5,20537000,0.0,0.0
2023-03-10 00:00:00+08:00,180.0,185.5,180.0,180.0,48597000,0.0,0.0
2023-03-13 00:00:00+08:00,176.0,179.0,172.5,176.0,26723000,0.0,0.0
2023-03-14 00:00:00+08:00,174.0,179.5,173.0,174.0,20635000,0.0,0.0
2023-03-15 00:00:00+08:00,177.0,179.0,174.0,174.0,14456000,0.0,0.0
2023-03-16 00:00:00+08:00,173.0,176.0,172.0,173.5,13541000,0.0,0.0
2023-03-17 00:00:00+08:00,177.0,178.0,175.5,175.5,10932000,0.0,0.0
2023-03-20 00:00:00+08:00,178.0,178.5,176.0,177.0,6883000,0.0,0.0
2023-03-21 00:00:00+08:00,178.5,179.5,177.5,178.5,6201000,0.0,0.0
2023-03-22 00:00:00+08:00,180.5,185.0,179.5,182.5,15536000,0.0,0.0
2023-03-23 00:00:00+08:00,182.5,184.0,179.0,181.0,10587000,0.0,0.0
2023-03-24 00:00:00+08:00,182.0,185.5,181.5,184.0,13784000,0.0,0.0
2023-03-27 00:00:00+08:00,184.0,186.0,182.5,185.0,9563000,0.0,0.0
2023-03-28 00:00:00+08:00,185.0,185.0,180.5,182.0,7571000,0.0,0.0
2023-03-29 00:00:00+08:00,181.0,184.0,179.5,179.5,7334000,0.0,0.0
2023-03-30 00:00:00+08:00,180.5,184.5,180.5,184.5,10393000,0.0,0.0
2023-03-31 00:00:00+08:00,185.5,186.0,183.5,184.5,6937000,0.0,0.0
2023-04-06 00:00:00+08:00,185.0,185.0,171.0,171.0,31278000,0.0,0.0
2023-04-07 00:00:00+08:00,171.0,174.0,168.5,172.0,21606000,0.0,0.0
2023-04-10 00:00:00+08:00,180.0,182.0,176.0,178.0,25772000,0.0,0.0
2023-04-11 00:00:00+08:00,179.0,182.0,177.5,178.5,11173000,0.0,0.0
2023-04-12 00:00:00+08:00,179.0,179.0,173.5,175.0,12352000,0.0,0.0
2023-04-13 00:00:00+08:00,174.0,177.0,173.5,173.5,7126000,0.0,0.0
2023-04-14 00:00:00+08:00,174.5,176.0,171.0,173.5,14530000,0.0,0.0
2023-04-17 00:00:00+08:00,173.5,175.0,171.5,172.0,11418000,0.0,0.0
2023-04-18 00:00:00+08:00,173.5,174.0,169.5,171.5,10368000,0.0,0.0
2023-04-19 00:00:00+08:00,170.0,172.5,170.0,171.0,10748000,0.0,0.0
2023-04-20 00:00:00+08:00,170.5,171.0,167.0,167.0,11424000,0.0,0.0
2023-04-21 00:00:00+08:00,168.5,174.5,168.5,172.0,17561000,0.0,0.0
2023-04-24 00:00:00+08:00,172.0,178.0,171.5,173.5,12880000,0.0,0.0
2023-04-25 00:00:00+08:00,176.5,177.0,170.0,170.0,10054000,0.0,0.0
2023-04-26 00:00:00+08:00,171.0,176.0,170.0,175.5,8878000,0.0,0.0
2023-04-27 00:00:00+08:00,176.0,178.5,172.0,173.5,8505000,0.0,0.0
2023-04-28 00:00:00+08:00,190.5,190.5,190.5,190.5,18092000,0.0,0.0
2023-05-02 00:00:00+08:00,192.0,198.0,187.0,197.5,47334000,0.0,0.0
2023-05-03 00:00:00+08:00,197.0,203.0,195.0,197.0,28414000,0.0,0.0
2023-05-04 00:00:00+08:00,197.5,200.0,194.5,196.5,16655000,0.0,0.0
2023-05-05 00:00:00+08:00,197.0,202.0,196.5,198.0,12916000,0.0,0.0
2023-05-08 00:00:00+08:00,199.0,200.5,190.5,192.5,24114000,0.0,0.0
2023-05-09 00:00:00+08:00,192.5,195.0,190.5,192.0,8855000,0.0,0.0
2023-05-10 00:00:00+08:00,192.0,193.0,189.0,191.0,5668000,0.0,0.0
2023-05-11 00:00:00+08:00,191.0,192.5,187.5,189.0,5441000,0.0,0.0
2023-05-12 00:00:00+08:00,188.5,193.5,186.5,193.0,6259000,0.0,0.0
2023-05-15 00:00:00+08:00,192.0,193.5,189.0,191.0,4296000,0.0,0.0
2023-05-16 00:00:00+08:00,193.5,199.0,192.0,198.0,14231000,0.0,0.0
2023-05-17 00:00:00+08:00,204.5,206.5,201.0,204.0,28094000,0.0,0.0
2023-05-18 00:00:00+08:00,202.0,203.5,198.0,198.5,25989000,0.0,0.0
2023-05-19 00:00:00+08:00,198.0,199.5,193.0,198.0,16221000,0.0,0.0
2023-05-22 00:00:00+08:00,196.0,199.5,196.0,196.0,10662000,0.0,0.0
2023-05-23 00:00:00+08:00,197.0,201.0,195.0,200.5,8784000,0.0,0.0
2023-05-24 00:00:00+08:00,202.0,204.0,200.5,203.5,8934000,0.0,0.0
2023-05-25 00:00:00+08:00,200.0,204.0,199.0,204.0,8722000,0.0,0.0
2023-05-26 00:00:00+08:00,204.0,213.0,202.5,211.0,21707000,0.0,0.0
2023-05-29 00:00:00+08:00,213.5,216.0,205.0,205.0,15551000,0.0,0.0
2023-05-30 00:00:00+08:00,206.0,209.5,205.0,205.5,8334000,0.0,0.0
2023-05-31 00:00:00+08:00,207.0,209.0,206.5,207.0,7460000,0.0,0.0
2023-06-01 00:00:00+08:00,208.0,209.5,205.0,209.0,4669000,0.0,0.0
2023-06-02 00:00:00+08:00,213.0,220.0,212.0,218.0,20843000,0.0,0.0
2023-06-05 00:00:00+08:00,220.0,225.0,217.5,222.5,12589000,0.0,0.0
2023-06-06 00:00:00+08:00,223.5,227.0,221.5,224.5,11039000,0.0,0.0
2023-06-07 00:00:00+08:00,224.0,227.0,222.5,226.5,6797000,0.0,0.0
2023-06-08 00:00:00+08:00,225.5,226.0,215.5,216.0,10413000,0.0,0.0
2023-06-09 00:00:00+08:00,226.0,229.0,221.5,227.0,17199000,0.0,0.0
2023-06-12 00:00:00+08:00,226.5,232.0,224.5,226.5,9637000,0.0,0.0
2023-06-13 00:00:00+08:00,233.0,241.0,230.5,241.0,15798000,0.0,0.0
2023-06-14 00:00:00+08:00,235.0,237.5,231.5,235.0,12090000,0.0,0.0
2023-06-15 00:00:00+08:00,237.0,238.5,229.0,231.0,9654000,0.0,0.0
2023-06-16 00:00:00+08:00,232.5,234.5,228.5,228.5,8078000,0.0,0.0
2023-06-19 00:00:00+08:00,229.0,231.0,226.0,227.5,5471000,0.0,0.0
2023-06-20 00:00:00+08:00,228.0,228.0,222.0,227.0,8573000,0.0,0.0
2023-06-21 00:00:00+08:00,225.0,226.5,222.0,222.0,6274000,0.0,0.0
2023-06-26 00:00:00+08:00,200.0,212.0,200.0,207.5,37879000,0.0,0.0
2023-06-27 00:00:00+08:00,210.0,215.0,209.5,211.5,13028000,0.0,0.0
2023-06-28 00:00:00+08:00,214.0,216.0,209.5,215.0,11506000,0.0,0.0
2023-06-29 00:00:00+08:00,215.0,220.5,214.5,220.5,10027000,0.0,0.0
2023-06-30 00:00:00+08:00,220.5,226.5,217.0,225.0,10496000,0.0,0.0
2023-07-03 00:00:00+08:00,225.0,227.5,223.0,224.5,6471000,0.0,0.0
2023-07-04 00:00:00+08:00,225.0,227.0,222.5,224.5,5767000,0.0,0.0
2023-07-05 00:00:00+08:00,225.5,229.0,222.0,223.5,4883000,0.0,0.0
2023-07-06 00:00:00+08:00,221.0,222.5,216.0,216.5,7296000,0.0,0.0
2023-07-07 00:00:00+08:00,214.0,216.0,210.5,212.5,6475000,0.0,0.0
2023-07-10 00:00:00+08:00,212.5,215.5,211.0,212.0,4556000,0.0,0.0
2023-07-11 00:00:00+08:00,213.0,222.0,213.0,222.0,6475000,0.0,0.0
2023-07-12 00:00:00+08:00,223.5,225.0,220.0,221.5,6446000,0.0,0.0
2023-07-13 00:00:00+08:00,224.0,226.5,220.5,221.0,7541000,0.0,0.0
2023-07-14 00:00:00+08:00,225.5,225.5,217.0,220.5,5001000,0.0,0.0
2023-07-17 00:00:00+08:00,220.0,222.0,217.5,218.5,3437000,0.0,0.0
2023-07-18 00:00:00+08:00,221.0,223.5,217.0,222.0,6241000,0.0,0.0
2023-07-19 00:00:00+08:00,224.5,226.0,218.0,219.0,6534000,0.0,0.0
2023-07-20 00:00:00+08:00,220.0,221.0,212.5,213.0,6984000,0.0,0.0
2023-07-21 00:00:00+08:00,210.5,217.0,210.0,215.0,6326000,0.0,0.0
2023-07-24 00:00:00+08:00,212.0,212.0,207.0,208.5,4865000,0.0,0.0
2023-07-25 00:00:00+08:00,212.0,212.0,205.5,208.0,5491000,0.0,0.0
2023-07-26 00:00:00+08:00,210.0,211.0,206.5,208.5,4645000,0.0,0.0
2023-07-27 00:00:00+08:00,210.0,213.0,205.0,213.0,6363000,0.0,0.0
2023-07-28 00:00:00+08:00,212.0,223.0,212.0,221.5,9743000,0.0,0.0
2023-07-31 00:00:00+08:00,223.5,230.0,222.0,225.0,12065000,0.0,0.0
2023-08-01 00:00:00+08:00,226.0,228.0,221.5,222.5,7233000,0.0,0.0
2023-08-02 00:00:00+08:00,222.0,227.5,218.0,220.5,8025000,0.0,0.0
2023-08-04 00:00:00+08:00,217.5,219.0,216.0,217.5,7718000,0.0,0.0
2023-08-07 00:00:00+08:00,217.5,228.5,217.5,228.0,9078000,0.0,0.0
2023-08-08 00:00:00+08:00,229.0,229.5,223.5,225.5,5670000,0.0,0.0
2023-08-09 00:00:00+08:00,225.0,225.5,217.5,218.0,4723000,0.0,0.0
2023-08-10 00:00:00+08:00,216.0,216.0,208.0,208.5,7362000,0.0,0.0
2023-08-11 00:00:00+08:00,210.0,210.0,202.0,204.5,6875000,0.0,0.0
2023-08-14 00:00:00+08:00,204.5,206.0,197.0,201.0,11526000,0.0,0.0
2023-08-15 00:00:00+08:00,205.5,210.5,199.0,202.5,15379000,0.0,0.0
2023-08-16 00:00:00+08:00,199.5,202.0,189.5,191.0,20220000,0.0,0.0
2023-08-17 00:00:00+08:00,180.0,184.0,174.0,183.5,39626000,0.0,0.0
2023-08-18 00:00:00+08:00,182.5,183.5,179.0,181.0,11689000,0.0,0.0
2023-08-21 00:00:00+08:00,181.0,183.5,179.5,179.5,5799000,0.0,0.0
2023-08-22 00:00:00+08:00,182.0,183.5,178.5,181.0,7773000,0.0,0.0
2023-08-23 00:00:00+08:00,181.0,181.5,178.0,180.0,8203000,0.0,0.0
2023-08-24 00:00:00+08:00,183.0,187.5,181.0,185.0,7782000,0.0,0.0
2023-08-25 00:00:00+08:00,183.0,184.0,180.0,181.0,4953000,0.0,0.0
2023-08-28 00:00:00+08:00,181.5,182.5,180.0,181.5,2669000,0.0,0.0
2023-08-29 00:00:00+08:00,182.0,185.0,181.0,184.5,3079000,0.0,0.0
2023-08-30 00:00:00+08:00,186.0,186.5,181.0,182.5,6212000,0.0,0.0
2023-08-31 00:00:00+08:00,183.0,183.5,181.0,182.5,4578000,0.0,0.0
2023-09-01 00:00:00+08:00,183.5,190.5,183.0,188.0,7040000,0.0,0.0
2023-09-04 00:00:00+08:00,186.5,187.0,183.0,184.0,5076000,0.0,0.0
2023-09-05 00:00:00+08:00,183.0,187.0,182.5,185.0,3394000,0.0,0.0
2023-09-06 00:00:00+08:00,187.0,188.0,185.0,186.5,4217000,0.0,0.0
2023-09-07 00:00:00+08:00,187.0,187.5,183.0,183.5,3530000,0.0,0.0
2023-09-08 00:00:00+08:00,182.0,182.0,178.5,179.5,6384000,0.0,0.0
2023-09-11 00:00:00+08:00,179.0,180.5,176.5,178.5,5972000,0.0,0.0
2023-09-12 00:00:00+08:00,179.0,179.0,171.0,172.0,14327000,0.0,0.0
2023-09-13 00:00:00+08:00,179.0,179.0,174.0,174.0,6972000,0.0,0.0
2023-09-14 00:00:00+08:00,178.0,183.5,178.0,182.5,7293000,0.0,0.0
2023-09-15 00:00:00+08:00,183.0,183.0,180.0,180.0,5397000,0.0,0.0
2023-09-18 00:00:00+08:00,179.5,181.5,177.5,178.5,3835000,0.0,0.0
2023-09-19 00:00:00+08:00,180.5,186.0,180.5,181.0,7039000,0.0,0.0
2023-09-20 00:00:00+08:00,182.5,185.0,180.0,180.0,6864000,0.0,0.0
2023-09-21 00:00:00+08:00,180.0,183.0,178.0,178.0,6432000,0.0,0.0
2023-09-22 00:00:00+08:00,177.0,179.5,173.5,179.5,4623000,0.0,0.0
2023-09-25 00:00:00+08:00,180.0,184.5,179.0,182.0,3527000,0.0,0.0
2023-09-26 00:00:00+08:00,181.0,181.5,177.5,177.5,3593000,0.0,0.0
2023-09-27 00:00:00+08:00,177.0,179.5,176.0,178.5,3941000,0.0,0.0
2023-09-28 00:00:00+08:00,178.0,181.0,178.0,179.5,2733000,0.0,0.0
2023-10-02 00:00:00+08:00,179.0,184.0,179.0,181.5,3946000,0.0,0.0
2023-10-03 00:00:00+08:00,180.0,182.5,179.0,179.5,5628000,0.0,0.0
2023-10-04 00:00:00+08:00,179.0,179.5,177.0,178.0,3517000,0.0,0.0
2023-10-05 00:00:00+08:00,180.0,184.0,178.0,182.5,5705000,0.0,0.0
2023-10-06 00:00:00+08:00,184.5,187.0,181.5,182.0,9111000,0.0,0.0
2023-10-11 00:00:00+08:00,184.0,184.5,177.0,181.0,9426000,0.0,0.0
2023-10-12 00:00:00+08:00,181.0,186.0,180.0,185.0,5729000,0.0,0.0
2023-10-13 00:00:00+08:00,184.0,185.0,182.0,183.5,4670000,0.0,0.0
2023-10-16 00:00:00+08:00,182.0,183.0,179.0,179.0,3739000,0.0,0.0
2023-10-17 00:00:00+08:00,180.0,181.5,178.0,178.5,4037000,0.0,0.0
2023-10-18 00:00:00+08:00,179.5,181.0,178.0,180.0,3333000,0.0,0.0
2023-10-19 00:00:00+08:00,179.5,181.0,177.0,178.5,6792000,0.0,0.0
2023-10-20 00:00:00+08:00,177.0,178.5,171.5,173.0,9320000,0.0,0.0
2023-10-23 00:00:00+08:00,171.5,174.0,165.5,168.0,11614000,0.0,0.0
2023-10-24 00:00:00+08:00,168.0,170.0,166.0,170.0,6724000,0.0,0.0
2023-10-25 00:00:00+08:00,170.0,173.0,170.0,173.0,3697000,0.0,0.0
2023-10-26 00:00:00+08:00,170.0,170.5,167.0,167.0,4730000,0.0,0.0
2023-10-27 00:00:00+08:00,165.5,170.5,165.5,169.5,3419000,0.0,0.0
2023-10-30 00:00:00+08:00,170.0,170.0,168.0,169.0,3235000,0.0,0.0
2023-10-31 00:00:00+08:00,169.0,171.5,166.5,168.0,2738000,0.0,0.0
2023-11-01 00:00:00+08:00,169.0,171.0,168.0,169.0,2071000,0.0,0.0
2023-11-02 00:00:00+08:00,171.0,174.0,171.0,172.0,2180000,0.0,0.0
2023-11-03 00:00:00+08:00,173.0,175.5,172.0,173.5,3655000,0.0,0.0
2023-11-06 00:00:00+08:00,176.5,182.0,172.5,173.0,8578000,0.0,0.0
2023-11-07 00:00:00+08:00,174.0,174.5,167.5,168.5,8321000,0.0,0.0
2023-11-08 00:00:00+08:00,170.0,172.0,168.5,171.0,5707000,0.0,0.0
2023-11-09 00:00:00+08:00,168.0,174.5,168.0,172.5,6111000,0.0,0.0
2023-11-10 00:00:00+08:00,171.5,175.0,170.5,173.5,3419000,0.0,0.0
2023-11-13 00:00:00+08:00,175.0,177.0,174.0,174.5,3402000,0.0,0.0
2023-11-14 00:00:00+08:00,176.0,176.5,174.5,175.0,2861000,0.0,0.0
2023-11-15 00:00:00+08:00,178.5,182.0,178.0,180.0,7485000,0.0,0.0
2023-11-16 00:00:00+08:00,176.5,183.0,175.0,180.5,11913000,0.0,0.0
2023-11-17 00:00:00+08:00,180.0,181.0,178.0,181.0,5379000,0.0,0.0
2023-11-20 00:00:00+08:00,181.5,182.0,177.0,177.5,5928000,0.0,0.0
2023-11-21 00:00:00+08:00,177.0,179.0,176.0,176.0,5066000,0.0,0.0
2023-11-22 00:00:00+08:00,175.5,178.0,175.0,177.5,2415000,0.0,0.0
2023-11-23 00:00:00+08:00,178.0,179.0,176.5,178.0,2719000,0.0,0.0
2023-11-24 00:00:00+08:00,178.5,179.0,175.0,175.5,3259000,0.0,0.0
2023-11-27 00:00:00+08:00,175.5,176.5,173.0,173.5,3278000,0.0,0.0
2023-11-28 00:00:00+08:00,174.5,176.0,173.5,175.5,2802000,0.0,0.0
2023-11-29 00:00:00+08:00,176.5,179.5,176.0,178.5,3440000,0.0,0.0
2023-11-30 00:00:00+08:00,178.5,183.0,177.5,183.0,7999000,0.0,0.0
2023-12-01 00:00:00+08:00,183.0,184.5,179.5,180.5,4190000,0.0,0.0
2023-12-04 00:00:00+08:00,182.5,184.0,181.0,181.0,3071000,0.0,0.0
2023-12-05 00:00:00+08:00,179.5,182.5,178.5,179.0,3109000,0.0,0.0
2023-12-06 00:00:00+08:00,180.5,182.5,176.0,178.0,3542000,0.0,0.0
2023-12-07 00:00:00+08:00,179.0,181.5,177.5,180.5,3108000,0.0,0.0
2023-12-08 00:00:00+08:00,182.0,183.0,178.5,178.5,2440000,0.0,0.0
2023-12-11 00:00:00+08:00,176.5,178.5,176.0,176.0,4324000,0.0,0.0
2023-12-12 00:00:00+08:00,177.0,177.5,174.5,174.5,4977000,0.0,0.0
2023-12-13 00:00:00+08:00,176.0,177.0,175.5,176.5,2292000,0.0,0.0
2023-12-14 00:00:00+08:00,178.5,182.0,176.5,181.0,7280000,0.0,0.0
2023-12-15 00:00:00+08:00,182.0,183.0,180.0,180.0,11723000,0.0,0.0
2023-12-18 00:00:00+08:00,180.0,180.0,177.5,178.5,3001000,0.0,0.0
2023-12-19 00:00:00+08:00,178.5,180.0,177.0,177.0,3319000,0.0,0.0
2023-12-20 00:00:00+08:00,178.5,181.5,178.0,181.0,3259000,0.0,0.0
2023-12-21 00:00:00+08:00,179.5,183.0,179.0,182.0,3770000,0.0,0.0
2023-12-22 00:00:00+08:00,183.5,199.0,183.0,197.0,22329000,0.0,0.0
2023-12-25 00:00:00+08:00,198.5,201.5,196.5,197.0,9392000,0.0,0.0
2023-12-26 00:00:00+08:00,198.5,199.0,193.0,193.5,5324000,0.0,0.0
2023-12-27 00:00:00+08:00,195.5,203.0,195.5,203.0,14061000,0.0,0.0
2023-12-28 00:00:00+08:00,202.0,202.5,199.5,201.5,5630000,0.0,0.0
2023-12-29 00:00:00+08:00,201.5,201.5,196.0,197.0,4814000,0.0,0.0
2024-01-02 00:00:00+08:00,197.5,199.0,193.5,195.0,3551000,0.0,0.0
2024-01-03 00:00:00+08:00,193.5,194.0,187.5,189.5,4994000,0.0,0.0
2024-01-04 00:00:00+08:00,189.0,190.5,187.0,188.0,2286000,0.0,0.0
2024-01-05 00:00:00+08:00,189.5,191.0,188.5,189.5,2182000,0.0,0.0
2024-01-08 00:00:00+08:00,190.0,198.0,190.0,192.0,5755000,0.0,0.0
2024-01-09 00:00:00+08:00,195.0,195.5,189.5,190.0,3855000,0.0,0.0
2024-01-10 00:00:00+08:00,189.5,190.0,183.0,187.0,5538000,0.0,0.0
2024-01-11 00:00:00+08:00,186.5,188.5,185.5,187.0,2143000,0.0,0.0
2024-01-12 00:00:00+08:00,187.5,189.0,185.5,187.5,2711000,0.0,0.0
2024-01-15 00:00:00+08:00,189.0,189.0,185.5,187.0,2352496,0.0,0.0
2024-01-16 00:00:00+08:00,186.0,187.0,183.0,186.0,3148000,0.0,0.0
2024-01-17 00:00:00+08:00,184.5,187.5,180.0,182.5,5502000,0.0,0.0
2024-01-18 00:00:00+08:00,183.5,187.5,183.0,185.0,4866000,0.0,0.0
2024-01-19 00:00:00+08:00,188.0,192.0,186.0,187.0,7320000,0.0,0.0
2024-01-22 00:00:00+08:00,188.5,191.0,186.0,187.5,3853000,0.0,0.0
2024-01-23 00:00:00+08:00,188.5,197.0,188.0,195.5,7850000,0.0,0.0
2024-01-24 00:00:00+08:00,195.5,200.0,193.5,193.5,6089000,0.0,0.0
2024-01-25 00:00:00+08:00,195.5,201.0,195.5,200.5,11216000,0.0,0.0
2024-01-26 00:00:00+08:00,207.0,220.0,206.0,217.0,33281000,0.0,0.0
2024-01-29 00:00:00+08:00,218.5,218.5,211.0,216.0,14870000,0.0,0.0
2024-01-30 00:00:00+08:00,214.5,216.5,210.5,212.0,8471000,0.0,0.0
2024-01-31 00:00:00+08:00,217.0,219.5,208.0,208.0,12262000,0.0,0.0
2024-02-01 00:00:00+08:00,209.0,217.0,208.0,213.5,12745000,0.0,0.0
2024-02-02 00:00:00+08:00,216.0,217.0,213.0,214.0,9376000,0.0,0.0
2024-02-05 00:00:00+08:00,213.0,219.0,212.0,217.0,6740000,0.0,0.0
2024-02-15 00:00:00+08:00,229.0,230.0,224.5,229.0,15574000,0.0,0.0
2024-02-16 00:00:00+08:00,230.0,232.0,226.0,226.0,8576000,0.0,0.0
2024-02-19 00:00:00+08:00,224.0,226.5,221.0,223.0,5027000,0.0,0.0
2024-02-20 00:00:00+08:00,221.5,228.5,221.0,228.5,6530000,0.0,0.0
2024-02-21 00:00:00+08:00,227.0,233.5,225.0,232.0,7947000,0.0,0.0
2024-02-22 00:00:00+08:00,230.0,234.0,228.0,233.0,6446000,0.0,0.0
2024-02-23 00:00:00+08:00,232.0,236.0,230.5,231.5,5491000,0.0,0.0
2024-02-26 00:00:00+08:00,228.0,228.0,221.0,223.5,7474000,0.0,0.0
2024-02-27 00:00:00+08:00,225.0,233.0,221.5,230.0,7192000,0.0,0.0
2024-02-29 00:00:00+08:00,234.5,246.0,233.0,246.0,20238000,0.0,0.0
2024-03-01 00:00:00+08:00,248.0,253.5,243.0,253.0,12895000,0.0,0.0
2024-03-04 00:00:00+08:00,254.0,258.0,246.0,246.5,7744000,0.0,0.0
2024-03-05 00:00:00+08:00,247.0,247.0,239.0,241.0,7521000,0.0,0.0
2024-03-06 00:00:00+08:00,238.5,247.0,238.5,241.0,8279000,0.0,0.0
2024-03-07 00:00:00+08:00,242.0,243.5,234.0,240.0,7226000,0.0,0.0
2024-03-08 00:00:00+08:00,241.0,243.5,218.5,222.5,22374000,0.0,0.0
2024-03-11 00:00:00+08:00,220.0,230.0,218.5,229.5,8297000,0.0,0.0
2024-03-12 00:00:00+08:00,228.0,240.5,228.0,236.0,7804000,0.0,0.0
2024-03-13 00:00:00+08:00,237.0,239.5,228.5,230.5,6250000,0.0,0.0
2024-03-14 00:00:00+08:00,233.0,237.5,230.5,235.5,5699000,0.0,0.0
2024-03-15 00:00:00+08:00,236.0,239.5,233.5,234.0,5138000,0.0,0.0
2024-03-18 00:00:00+08:00,234.0,234.0,234.0,234.0,0,0.0,0.0
2024-03-19 00:00:00+08:00,242.5,243.0,239.0,239.5,3934000,0.0,0.0
2024-03-20 00:00:00+08:00,239.5,239.5,239.5,239.5,0,0.0,0.0
2024-03-21 00:00:00+08:00,240.5,244.0,236.0,236.5,4026000,0.0,0.0
2024-03-22 00:00:00+08:00,236.5,238.5,232.5,236.5,7349000,0.0,0.0
2024-03-25 00:00:00+08:00,236.5,236.5,236.5,236.5,0,0.0,0.0
2024-03-27 00:00:00+08:00,229.0,231.5,227.0,228.0,3671000,0.0,0.0
2024-03-28 00:00:00+08:00,228.5,231.0,226.5,227.0,4379000,0.0,0.0
2024-03-29 00:00:00+08:00,226.5,236.0,226.5,227.5,4138000,0.0,0.0
2024-04-01 00:00:00+08:00,228.5,233.5,228.0,231.5,2454000,0.0,0.0
2024-04-02 00:00:00+08:00,231.5,232.5,226.5,230.0,3087000,0.0,0.0
2024-04-03 00:00:00+08:00,228.0,228.5,224.0,227.0,6185000,0.0,0.0
2024-04-08 00:00:00+08:00,226.0,236.0,226.0,232.0,5668000,0.0,0.0
2024-04-09 00:00:00+08:00,229.5,232.0,226.0,231.0,4127000,0.0,0.0
2024-04-10 00:00:00+08:00,231.5,241.0,231.5,240.0,7000000,0.0,0.0
2024-04-11 00:00:00+08:00,236.5,242.5,235.0,242.0,4683000,0.0,0.0
2024-04-12 00:00:00+08:00,240.0,245.0,239.0,245.0,5299000,0.0,0.0
2024-04-15 00:00:00+08:00,244.5,245.0,240.0,241.0,4735000,0.0,0.0
2024-04-16 00:00:00+08:00,239.0,242.0,235.5,237.0,5869000,0.0,0.0
2024-04-17 00:00:00+08:00,236.5,237.0,227.0,229.0,9958000,0.0,0.0
2024-04-18 00:00:00+08:00,229.0,235.0,225.0,225.5,9417000,0.0,0.0
2024-04-19 00:00:00+08:00,224.0,225.5,213.0,215.0,8673000,0.0,0.0
2024-04-22 00:00:00+08:00,214.5,216.0,203.5,207.0,7751000,0.0,0.0
2024-04-23 00:00:00+08:00,210.0,213.5,207.0,208.0,4660000,0.0,0.0
2024-04-24 00:00:00+08:00,212.0,214.5,208.5,209.0,5244000,0.0,0.0
2024-04-25 00:00:00+08:00,209.5,222.5,208.5,216.5,11456000,0.0,0.0
2024-04-26 00:00:00+08:00,226.5,232.5,223.5,227.5,12596000,0.0,0.0
2024-04-29 00:00:00+08:00,230.0,230.5,220.0,220.5,8421000,0.0,0.0
2024-04-30 00:00:00+08:00,214.5,217.5,209.5,210.0,9828000,0.0,0.0
2024-05-02 00:00:00+08:00,212.0,221.0,211.5,216.0,8114000,0.0,0.0
2024-05-03 00:00:00+08:00,219.5,222.0,216.0,217.5,5322000,0.0,0.0
2024-05-06 00:00:00+08:00,219.0,221.0,216.0,218.0,4607000,0.0,0.0
2024-05-07 00:00:00+08:00,220.0,222.0,212.5,217.0,3417000,0.0,0.0
2024-05-08 00:00:00+08:00,215.0,215.0,208.5,209.5,6653000,0.0,0.0
2024-05-09 00:00:00+08:00,212.0,215.0,208.0,208.0,3243000,0.0,0.0
2024-05-10 00:00:00+08:00,209.0,211.0,207.0,210.5,2764000,0.0,0.0
2024-05-13 00:00:00+08:00,209.5,221.5,209.0,219.0,13621000,0.0,0.0
2024-05-14 00:00:00+08:00,217.0,218.0,211.5,214.0,7519000,0.0,0.0
2024-05-15 00:00:00+08:00,218.0,221.0,215.0,217.0,5068000,0.0,0.0
2024-05-16 00:00:00+08:00,219.0,220.5,210.0,210.5,7522000,0.0,0.0
2024-05-17 00:00:00+08:00,211.0,211.5,208.0,209.0,3331000,0.0,0.0
2024-05-20 00:00:00+08:00,209.0,213.0,209.0,212.5,2278000,0.0,0.0
2024-05-21 00:00:00+08:00,213.0,213.5,209.5,210.5,2273000,0.0,0.0
2024-05-22 00:00:00+08:00,213.0,219.5,212.5,216.5,6745000,0.0,0.0
2024-05-23 00:00:00+08:00,220.0,228.0,217.0,225.5,11599000,0.0,0.0
2024-05-24 00:00:00+08:00,221.0,228.5,219.5,227.0,3987000,0.0,0.0
2024-05-27 00:00:00+08:00,225.5,229.0,223.5,226.0,4519000,0.0,0.0
2024-05-28 00:00:00+08:00,227.0,231.5,226.0,229.5,3993000,0.0,0.0
2024-05-29 00:00:00+08:00,240.5,240.5,227.0,227.0,8636000,0.0,0.0
2024-05-30 00:00:00+08:00,227.5,228.5,219.0,220.0,3964000,0.0,0.0
2024-05-31 00:00:00+08:00,220.5,224.0,218.5,219.5,7995000,0.0,0.0
2024-06-03 00:00:00+08:00,223.0,223.0,217.5,221.5,2759000,0.0,0.0
2024-06-04 00:00:00+08:00,218.5,223.0,218.5,218.5,2344000,0.0,0.0
2024-06-05 00:00:00+08:00,218.0,220.0,214.0,215.5,3112000,0.0,0.0
2024-06-06 00:00:00+08:00,216.0,221.5,214.0,215.0,3535000,0.0,0.0
2024-06-07 00:00:00+08:00,214.5,216.5,211.5,215.0,4094000,0.0,0.0
2024-06-11 00:00:00+08:00,225.0,233.5,224.0,232.5,12614000,0.0,0.0
2024-06-12 00:00:00+08:00,232.5,245.0,232.0,243.0,15046000,0.0,0.0
2024-06-13 00:00:00+08:00,249.0,253.5,243.5,246.5,10493000,0.0,0.0
2024-06-14 00:00:00+08:00,247.0,250.5,243.5,250.0,6327000,0.0,0.0
2024-06-17 00:00:00+08:00,247.0,249.5,243.0,246.0,3925000,0.0,0.0
2024-06-18 00:00:00+08:00,248.0,248.0,237.0,239.0,6955000,0.0,0.0
2024-06-19 00:00:00+08:00,241.5,244.0,236.5,238.5,3459000,0.0,0.0
2024-06-20 00:00:00+08:00,240.0,242.5,237.5,241.5,2311000,0.0,0.0
2024-06-21 00:00:00+08:00,243.0,248.5,239.0,239.5,6175000,0.0,0.0
2024-06-24 00:00:00+08:00,238.5,239.0,232.5,234.0,3521000,0.0,0.0
2024-06-25 00:00:00+08:00,232.5,240.0,229.5,234.0,4308000,0.0,0.0
2024-06-26 00:00:00+08:00,233.5,242.5,233.5,239.5,3652000,0.0,0.0
2024-06-27 00:00:00+08:00,242.0,254.0,241.0,250.5,9537000,0.0,0.0
2024-06-28 00:00:00+08:00,247.5,257.0,247.0,252.0,8154000,0.0,0.0
2024-07-01 00:00:00+08:00,249.0,254.0,245.5,249.5,4199000,0.0,0.0
2024-07-02 00:00:00+08:00,259.0,269.0,255.0,261.5,15779000,0.0,0.0
2024-07-03 00:00:00+08:00,261.5,275.0,260.0,275.0,13655000,0.0,0.0
2024-07-04 00:00:00+08:00,270.0,276.5,270.0,275.0,5917000,0.0,0.0
2024-07-05 00:00:00+08:00,274.5,280.5,268.5,271.0,6202000,0.0,0.0
2024-07-08 00:00:00+08:00,267.0,268.0,257.0,263.0,6710000,0.0,0.0
2024-07-09 00:00:00+08:00,263.0,271.5,258.0,270.0,4251000,0.0,0.0
2024-07-10 00:00:00+08:00,270.0,276.0,263.5,266.5,3775000,0.0,0.0
2024-07-11 00:00:00+08:00,270.0,286.0,267.5,279.0,8806000,0.0,0.0
2024-07-12 00:00:00+08:00,272.0,275.0,268.0,270.5,4642000,0.0,0.0
2024-07-15 00:00:00+08:00,270.5,272.5,262.0,268.0,3349000,0.0,0.0
2024-07-16 00:00:00+08:00,270.5,272.0,266.0,272.0,3128000,0.0,0.0
2024-07-17 00:00:00+08:00,272.0,278.5,269.5,274.5,3890000,0.0,0.0
2024-07-18 00:00:00+08:00,270.0,270.0,263.5,264.5,3588000,0.0,0.0
2024-07-19 00:00:00+08:00,264.5,267.0,261.0,262.0,2215000,0.0,0.0
2024-07-22 00:00:00+08:00,262.0,262.0,239.5,245.0,7198000,0.0,0.0
2024-07-23 00:00:00+08:00,250.0,256.0,246.0,254.5,3133000,0.0,0.0
2024-07-26 00:00:00+08:00,243.0,269.5,243.0,263.0,11275000,0.0,0.0
2024-07-29 00:00:00+08:00,266.5,272.5,264.0,266.5,8660000,0.0,0.0
2024-07-30 00:00:00+08:00,260.0,268.5,253.0,268.0,7415000,0.0,0.0
2024-07-31 00:00:00+08:00,260.0,272.5,260.0,269.5,5959000,0.0,0.0
2024-08-01 00:00:00+08:00,273.5,274.5,266.5,272.0,4510000,0.0,0.0
2024-08-02 00:00:00+08:00,266.0,279.0,265.0,268.0,9097000,0.0,0.0
2024-08-05 00:00:00+08:00,259.0,259.0,241.5,241.5,6387444,0.0,0.0
2024-08-06 00:00:00+08:00,250.0,250.5,222.0,239.5,7925104,0.0,0.0
2024-08-07 00:00:00+08:00,246.0,262.0,242.0,258.5,7790305,0.0,0.0
2024-08-08 00:00:00+08:00,254.0,265.0,253.0,260.5,5396669,0.0,0.0
2024-08-09 00:00:00+08:00,272.0,284.0,270.5,280.0,9032055,0.0,0.0
